ISO-10303-21;
HEADER;
FILE_DESCRIPTION( ( 'STEP AP203' ), '1' );
FILE_NAME( 'p:/temp/worker_1038/temp/exporttempdir_2840_566_FVnvD/format_0/5013310607.stp', '2020-08-20T15:12:48', ( 'License CC BY-ND 4.0' ), ( 'CADENAS' ), ' ', 'PARTsolutions', ' ' );
FILE_SCHEMA( ( 'CONFIG_CONTROL_DESIGN' ) );
ENDSEC;
DATA;
#1 = DESIGN_CONTEXT( '', #55, 'design' );
#2 = APPLICATION_PROTOCOL_DEFINITION( 'international standard', 'config_control_design', 1994, #55 );
#3 = PRODUCT_CATEGORY_RELATIONSHIP( 'NONE', 'NONE', #56, #57 );
#4 = DATE_AND_TIME( #58, #59 );
#5 = DATE_TIME_ROLE( 'creation_date' );
#6 = DATE_TIME_ROLE( 'classification_date' );
#7 = PERSON_AND_ORGANIZATION_ROLE( 'creator' );
#8 = PERSON_AND_ORGANIZATION_ROLE( 'design_supplier' );
#9 = PERSON_AND_ORGANIZATION_ROLE( 'classification_officer' );
#10 = PERSON_AND_ORGANIZATION_ROLE( 'design_owner' );
#11 = APPROVAL_PERSON_ORGANIZATION( #60, #61, #62 );
#12 = APPROVAL_DATE_TIME( #4, #61 );
#13 = CC_DESIGN_APPROVAL( #61, ( #63, #64, #65 ) );
#14 = CC_DESIGN_DATE_AND_TIME_ASSIGNMENT( #4, #5, ( #65 ) );
#15 = CC_DESIGN_DATE_AND_TIME_ASSIGNMENT( #4, #6, ( #63 ) );
#16 = CC_DESIGN_PERSON_AND_ORGANIZATION_ASSIGNMENT( #60, #10, ( #66 ) );
#17 = CC_DESIGN_PERSON_AND_ORGANIZATION_ASSIGNMENT( #60, #7, ( #65 ) );
#18 = CC_DESIGN_PERSON_AND_ORGANIZATION_ASSIGNMENT( #60, #7, ( #64 ) );
#19 = CC_DESIGN_PERSON_AND_ORGANIZATION_ASSIGNMENT( #60, #8, ( #64 ) );
#20 = CC_DESIGN_SECURITY_CLASSIFICATION( #63, ( #64 ) );
#21 = CC_DESIGN_PERSON_AND_ORGANIZATION_ASSIGNMENT( #60, #9, ( #63 ) );
#22 = SHAPE_DEFINITION_REPRESENTATION( #67, #68 );
#23 = PRODUCT_CATEGORY_RELATIONSHIP( 'NONE', 'NONE', #56, #69 );
#24 = DATE_AND_TIME( #70, #71 );
#25 = APPROVAL_DATE_TIME( #24, #61 );
#26 = CC_DESIGN_APPROVAL( #61, ( #63, #72, #73 ) );
#27 = CC_DESIGN_DATE_AND_TIME_ASSIGNMENT( #24, #5, ( #73 ) );
#28 = CC_DESIGN_DATE_AND_TIME_ASSIGNMENT( #24, #6, ( #63 ) );
#29 = CC_DESIGN_PERSON_AND_ORGANIZATION_ASSIGNMENT( #60, #10, ( #74 ) );
#30 = CC_DESIGN_PERSON_AND_ORGANIZATION_ASSIGNMENT( #60, #7, ( #73 ) );
#31 = CC_DESIGN_PERSON_AND_ORGANIZATION_ASSIGNMENT( #60, #7, ( #72 ) );
#32 = CC_DESIGN_PERSON_AND_ORGANIZATION_ASSIGNMENT( #60, #8, ( #72 ) );
#33 = CC_DESIGN_SECURITY_CLASSIFICATION( #63, ( #72 ) );
#34 = CONTEXT_DEPENDENT_SHAPE_REPRESENTATION( #75, #76 );
#35 = SHAPE_DEFINITION_REPRESENTATION( #77, #78 );
#36 = SHAPE_REPRESENTATION_RELATIONSHIP( 'NONE', 'NONE', #78, #79 );
#37 = PRODUCT_CATEGORY_RELATIONSHIP( 'NONE', 'NONE', #56, #80 );
#38 = DATE_AND_TIME( #81, #82 );
#39 = APPROVAL_DATE_TIME( #38, #61 );
#40 = CC_DESIGN_APPROVAL( #61, ( #63, #83, #84 ) );
#41 = CC_DESIGN_DATE_AND_TIME_ASSIGNMENT( #38, #5, ( #84 ) );
#42 = CC_DESIGN_DATE_AND_TIME_ASSIGNMENT( #38, #6, ( #63 ) );
#43 = CC_DESIGN_PERSON_AND_ORGANIZATION_ASSIGNMENT( #60, #10, ( #85 ) );
#44 = CC_DESIGN_PERSON_AND_ORGANIZATION_ASSIGNMENT( #60, #7, ( #84 ) );
#45 = CC_DESIGN_PERSON_AND_ORGANIZATION_ASSIGNMENT( #60, #7, ( #83 ) );
#46 = CC_DESIGN_PERSON_AND_ORGANIZATION_ASSIGNMENT( #60, #8, ( #83 ) );
#47 = CC_DESIGN_SECURITY_CLASSIFICATION( #63, ( #83 ) );
#48 = CONTEXT_DEPENDENT_SHAPE_REPRESENTATION( #86, #87 );
#49 = SHAPE_DEFINITION_REPRESENTATION( #88, #89 );
#50 = SHAPE_REPRESENTATION_RELATIONSHIP( 'NONE', 'NONE', #89, #90 );
#51 =  ( GEOMETRIC_REPRESENTATION_CONTEXT( 3 )GLOBAL_UNCERTAINTY_ASSIGNED_CONTEXT( ( #93 ) )GLOBAL_UNIT_ASSIGNED_CONTEXT( ( #95, #96, #97 ) )REPRESENTATION_CONTEXT( 'NONE', 'WORKSPACE' ) );
#55 = APPLICATION_CONTEXT( 'configuration controlled 3D designs of mechanical parts and assemblies' );
#56 = PRODUCT_CATEGORY( 'part', 'NONE' );
#57 = PRODUCT_RELATED_PRODUCT_CATEGORY( 'detail', ' ', ( #66 ) );
#58 = CALENDAR_DATE( 2020, 20, 7 );
#59 = LOCAL_TIME( 17, 12, 48.0000000000000, #99 );
#60 = PERSON_AND_ORGANIZATION( #100, #101 );
#61 = APPROVAL( #102, 'SOLID MODEL' );
#62 = APPROVAL_ROLE( 'APPROVED' );
#63 = SECURITY_CLASSIFICATION( '', '', #103 );
#64 = PRODUCT_DEFINITION_FORMATION_WITH_SPECIFIED_SOURCE( ' ', 'NONE', #66, .NOT_KNOWN. );
#65 = PRODUCT_DEFINITION( 'NONE', 'NONE', #64, #1 );
#66 = PRODUCT( '5013310607', '5013310607', 'PART-5013310607-DESC', ( #104 ) );
#67 = PRODUCT_DEFINITION_SHAPE( 'NONE', 'NONE', #65 );
#68 = SHAPE_REPRESENTATION( '5013310607', ( #105, #106, #107 ), #108 );
#69 = PRODUCT_RELATED_PRODUCT_CATEGORY( 'detail', ' ', ( #74 ) );
#70 = CALENDAR_DATE( 2020, 20, 7 );
#71 = LOCAL_TIME( 17, 12, 48.0000000000000, #109 );
#72 = PRODUCT_DEFINITION_FORMATION_WITH_SPECIFIED_SOURCE( ' ', 'NONE', #74, .NOT_KNOWN. );
#73 = PRODUCT_DEFINITION( '1', '1', #72, #1 );
#74 = PRODUCT( '1', '1', 'PART-1-DESC', ( #104 ) );
#75 = ( REPRESENTATION_RELATIONSHIP( '', '', #78, #68 )REPRESENTATION_RELATIONSHIP_WITH_TRANSFORMATION( #112 )SHAPE_REPRESENTATION_RELATIONSHIP(  ) );
#76 = PRODUCT_DEFINITION_SHAPE( 'NAUO-PROD-DEF', 'NAUO-PROD-DEF', #114 );
#77 = PRODUCT_DEFINITION_SHAPE( 'NONE', 'NONE', #73 );
#78 = SHAPE_REPRESENTATION( '1', ( #105 ), #108 );
#79 = ADVANCED_BREP_SHAPE_REPRESENTATION( '1', ( #115 ), #51 );
#80 = PRODUCT_RELATED_PRODUCT_CATEGORY( 'detail', ' ', ( #85 ) );
#81 = CALENDAR_DATE( 2020, 20, 7 );
#82 = LOCAL_TIME( 17, 12, 48.0000000000000, #116 );
#83 = PRODUCT_DEFINITION_FORMATION_WITH_SPECIFIED_SOURCE( ' ', 'NONE', #85, .NOT_KNOWN. );
#84 = PRODUCT_DEFINITION( '1', '1', #83, #1 );
#85 = PRODUCT( '1', '1', 'PART-1-DESC', ( #104 ) );
#86 = ( REPRESENTATION_RELATIONSHIP( '', '', #89, #68 )REPRESENTATION_RELATIONSHIP_WITH_TRANSFORMATION( #119 )SHAPE_REPRESENTATION_RELATIONSHIP(  ) );
#87 = PRODUCT_DEFINITION_SHAPE( 'NAUO-PROD-DEF', 'NAUO-PROD-DEF', #121 );
#88 = PRODUCT_DEFINITION_SHAPE( 'NONE', 'NONE', #84 );
#89 = SHAPE_REPRESENTATION( '1', ( #105 ), #108 );
#90 = ADVANCED_BREP_SHAPE_REPRESENTATION( '1', ( #122 ), #51 );
#93 = UNCERTAINTY_MEASURE_WITH_UNIT( LENGTH_MEASURE( 0.00100000000000000 ), #95, '', '' );
#95 =  ( CONVERSION_BASED_UNIT( 'MILLIMETRE', #125 )LENGTH_UNIT(  )NAMED_UNIT( #128 ) );
#96 =  ( NAMED_UNIT( #130 )PLANE_ANGLE_UNIT(  )SI_UNIT( $, .RADIAN. ) );
#97 =  ( NAMED_UNIT( #130 )SI_UNIT( $, .STERADIAN. )SOLID_ANGLE_UNIT(  ) );
#99 = COORDINATED_UNIVERSAL_TIME_OFFSET( 1, 0, .AHEAD. );
#100 = PERSON( '', 'UNSPECIFIED', $, $, $, $ );
#101 = ORGANIZATION( 'UNSPECIFIED', 'UNSPECIFIED', 'UNSPECIFIED' );
#102 = APPROVAL_STATUS( 'approved' );
#103 = SECURITY_CLASSIFICATION_LEVEL( 'unclassified' );
#104 = MECHANICAL_CONTEXT( '', #55, 'mechanical' );
#105 = AXIS2_PLACEMENT_3D( '', #136, #137, #138 );
#106 = AXIS2_PLACEMENT_3D( '', #139, #140, #141 );
#107 = AXIS2_PLACEMENT_3D( '', #142, #143, #144 );
#108 =  ( GEOMETRIC_REPRESENTATION_CONTEXT( 3 )GLOBAL_UNCERTAINTY_ASSIGNED_CONTEXT( ( #147 ) )GLOBAL_UNIT_ASSIGNED_CONTEXT( ( #149, #150, #151 ) )REPRESENTATION_CONTEXT( 'NONE', 'WORKSPACE' ) );
#109 = COORDINATED_UNIVERSAL_TIME_OFFSET( 1, 0, .AHEAD. );
#112 = ITEM_DEFINED_TRANSFORMATION( '', '', #105, #106 );
#114 = NEXT_ASSEMBLY_USAGE_OCCURRENCE( 'NAUO1', '1', '1', #65, #73, $ );
#115 = MANIFOLD_SOLID_BREP( '1', #153 );
#116 = COORDINATED_UNIVERSAL_TIME_OFFSET( 1, 0, .AHEAD. );
#119 = ITEM_DEFINED_TRANSFORMATION( '', '', #105, #107 );
#121 = NEXT_ASSEMBLY_USAGE_OCCURRENCE( 'NAUO2', '1', '1', #65, #84, $ );
#122 = MANIFOLD_SOLID_BREP( '1', #154 );
#125 = LENGTH_MEASURE_WITH_UNIT( LENGTH_MEASURE( 1.00000000000000 ), #155 );
#128 = DIMENSIONAL_EXPONENTS( 1.00000000000000, 0.000000000000000, 0.000000000000000, 0.000000000000000, 0.000000000000000, 0.000000000000000, 0.000000000000000 );
#130 = DIMENSIONAL_EXPONENTS( 0.000000000000000, 0.000000000000000, 0.000000000000000, 0.000000000000000, 0.000000000000000, 0.000000000000000, 0.000000000000000 );
#136 = CARTESIAN_POINT( '', ( 0.000000000000000, 0.000000000000000, 0.000000000000000 ) );
#137 = DIRECTION( '', ( 0.000000000000000, 0.000000000000000, 1.00000000000000 ) );
#138 = DIRECTION( '', ( 1.00000000000000, 0.000000000000000, 0.000000000000000 ) );
#139 = CARTESIAN_POINT( '', ( 0.000000000000000, 0.000000000000000, 0.000000000000000 ) );
#140 = DIRECTION( '', ( 0.000000000000000, 0.000000000000000, 1.00000000000000 ) );
#141 = DIRECTION( '', ( 1.00000000000000, 0.000000000000000, 0.000000000000000 ) );
#142 = CARTESIAN_POINT( '', ( 0.000000000000000, 0.000000000000000, 0.000000000000000 ) );
#143 = DIRECTION( '', ( 0.000000000000000, 0.000000000000000, 1.00000000000000 ) );
#144 = DIRECTION( '', ( 1.00000000000000, 0.000000000000000, 0.000000000000000 ) );
#147 = UNCERTAINTY_MEASURE_WITH_UNIT( LENGTH_MEASURE( 0.00100000000000000 ), #149, '', '' );
#149 =  ( CONVERSION_BASED_UNIT( 'MILLIMETRE', #158 )LENGTH_UNIT(  )NAMED_UNIT( #161 ) );
#150 =  ( NAMED_UNIT( #163 )PLANE_ANGLE_UNIT(  )SI_UNIT( $, .RADIAN. ) );
#151 =  ( NAMED_UNIT( #163 )SI_UNIT( $, .STERADIAN. )SOLID_ANGLE_UNIT(  ) );
#153 = CLOSED_SHELL( '', ( #169, #170, #171, #172, #173, #174, #175, #176, #177, #178, #179, #180, #181, #182, #183, #184, #185, #186, #187, #188, #189, #190, #191, #192, #193, #194, #195, #196, #197, #198, #199, #200, #201, #202, #203, #204, #205, #206, #207, #208, #209, #210, #211, #212, #213, #214, #215, #216, #217, #218, #219, #220, #221, #222, #223, #224, #225, #226, #227, #228, #229, #230, #231, #232, #233, #234, #235, #236, #237, #238, #239, #240, #241, #242, #243, #244, #245, #246, #247, #248, #249, #250, #251, #252, #253, #254, #255, #256, #257, #258, #259, #260, #261, #262, #263, #264, #265, #266, #267, #268, #269, #270, #271, #272, #273, #274, #275, #276, #277, #278, #279, #280, #281, #282, #283, #284, #285, #286, #287, #288, #289, #290, #291, #292, #293, #294, #295, #296, #297, #298, #299, #300, #301, #302, #303, #304, #305, #306, #307, #308, #309, #310, #311, #312, #313, #314, #315, #316, #317, #318, #319, #320, #321, #322, #323, #324, #325, #326, #327, #328, #329, #330, #331, #332, #333, #334, #335, #336, #337, #338, #339, #340, #341, #342, #343, #344, #345, #346, #347, #348, #349, #350, #351, #352, #353, #354, #355, #356, #357, #358, #359, #360, #361, #362, #363, #364, #365, #366, #367, #368, #369, #370, #371, #372, #373, #374, #375, #376, #377, #378, #379, #380, #381, #382, #383, #384, #385, #386, #387, #388, #389, #390, #391, #392, #393, #394, #395, #396, #397, #398, #399, #400, #401, #402, #403, #404, #405, #406, #407, #408, #409, #410, #411, #412, #413, #414, #415, #416, #417, #418, #419, #420, #421, #422, #423, #424, #425, #426, #427, #428, #429, #430, #431, #432, #433, #434, #435, #436, #437, #438, #439, #440, #441, #442, #443, #444, #445, #446, #447, #448, #449, #450, #451, #452, #453, #454, #455, #456, #457, #458, #459, #460, #461, #462, #463, #464, #465, #466, #467, #468, #469, #470, #471, #472, #473, #474 ) );
#154 = CLOSED_SHELL( '', ( #475, #476, #477, #478, #479, #480 ) );
#155 =  ( LENGTH_UNIT(  )NAMED_UNIT( #128 )SI_UNIT( .MILLI., .METRE. ) );
#158 = LENGTH_MEASURE_WITH_UNIT( LENGTH_MEASURE( 1.00000000000000 ), #482 );
#161 = DIMENSIONAL_EXPONENTS( 1.00000000000000, 0.000000000000000, 0.000000000000000, 0.000000000000000, 0.000000000000000, 0.000000000000000, 0.000000000000000 );
#163 = DIMENSIONAL_EXPONENTS( 0.000000000000000, 0.000000000000000, 0.000000000000000, 0.000000000000000, 0.000000000000000, 0.000000000000000, 0.000000000000000 );
#169 = ADVANCED_FACE( '', ( #483 ), #484, .T. );
#170 = ADVANCED_FACE( '', ( #485 ), #486, .F. );
#171 = ADVANCED_FACE( '', ( #487 ), #488, .T. );
#172 = ADVANCED_FACE( '', ( #489 ), #490, .T. );
#173 = ADVANCED_FACE( '', ( #491 ), #492, .T. );
#174 = ADVANCED_FACE( '', ( #493 ), #494, .T. );
#175 = ADVANCED_FACE( '', ( #495 ), #496, .T. );
#176 = ADVANCED_FACE( '', ( #497 ), #498, .F. );
#177 = ADVANCED_FACE( '', ( #499 ), #500, .T. );
#178 = ADVANCED_FACE( '', ( #501 ), #502, .F. );
#179 = ADVANCED_FACE( '', ( #503 ), #504, .F. );
#180 = ADVANCED_FACE( '', ( #505 ), #506, .T. );
#181 = ADVANCED_FACE( '', ( #507 ), #508, .T. );
#182 = ADVANCED_FACE( '', ( #509 ), #510, .F. );
#183 = ADVANCED_FACE( '', ( #511 ), #512, .T. );
#184 = ADVANCED_FACE( '', ( #513 ), #514, .T. );
#185 = ADVANCED_FACE( '', ( #515 ), #516, .T. );
#186 = ADVANCED_FACE( '', ( #517 ), #518, .T. );
#187 = ADVANCED_FACE( '', ( #519 ), #520, .T. );
#188 = ADVANCED_FACE( '', ( #521 ), #522, .F. );
#189 = ADVANCED_FACE( '', ( #523 ), #524, .F. );
#190 = ADVANCED_FACE( '', ( #525 ), #526, .F. );
#191 = ADVANCED_FACE( '', ( #527 ), #528, .T. );
#192 = ADVANCED_FACE( '', ( #529 ), #530, .T. );
#193 = ADVANCED_FACE( '', ( #531 ), #532, .T. );
#194 = ADVANCED_FACE( '', ( #533 ), #534, .T. );
#195 = ADVANCED_FACE( '', ( #535 ), #536, .F. );
#196 = ADVANCED_FACE( '', ( #537 ), #538, .T. );
#197 = ADVANCED_FACE( '', ( #539 ), #540, .T. );
#198 = ADVANCED_FACE( '', ( #541 ), #542, .T. );
#199 = ADVANCED_FACE( '', ( #543 ), #544, .F. );
#200 = ADVANCED_FACE( '', ( #545 ), #546, .F. );
#201 = ADVANCED_FACE( '', ( #547 ), #548, .T. );
#202 = ADVANCED_FACE( '', ( #549 ), #550, .F. );
#203 = ADVANCED_FACE( '', ( #551 ), #552, .T. );
#204 = ADVANCED_FACE( '', ( #553 ), #554, .F. );
#205 = ADVANCED_FACE( '', ( #555 ), #556, .T. );
#206 = ADVANCED_FACE( '', ( #557 ), #558, .T. );
#207 = ADVANCED_FACE( '', ( #559 ), #560, .F. );
#208 = ADVANCED_FACE( '', ( #561 ), #562, .T. );
#209 = ADVANCED_FACE( '', ( #563 ), #564, .F. );
#210 = ADVANCED_FACE( '', ( #565 ), #566, .F. );
#211 = ADVANCED_FACE( '', ( #567 ), #568, .T. );
#212 = ADVANCED_FACE( '', ( #569 ), #570, .T. );
#213 = ADVANCED_FACE( '', ( #571 ), #572, .F. );
#214 = ADVANCED_FACE( '', ( #573 ), #574, .T. );
#215 = ADVANCED_FACE( '', ( #575 ), #576, .T. );
#216 = ADVANCED_FACE( '', ( #577 ), #578, .F. );
#217 = ADVANCED_FACE( '', ( #579 ), #580, .F. );
#218 = ADVANCED_FACE( '', ( #581 ), #582, .T. );
#219 = ADVANCED_FACE( '', ( #583, #584, #585, #586, #587, #588, #589 ), #590, .T. );
#220 = ADVANCED_FACE( '', ( #591 ), #592, .F. );
#221 = ADVANCED_FACE( '', ( #593 ), #594, .F. );
#222 = ADVANCED_FACE( '', ( #595 ), #596, .F. );
#223 = ADVANCED_FACE( '', ( #597 ), #598, .F. );
#224 = ADVANCED_FACE( '', ( #599 ), #600, .F. );
#225 = ADVANCED_FACE( '', ( #601 ), #602, .F. );
#226 = ADVANCED_FACE( '', ( #603 ), #604, .F. );
#227 = ADVANCED_FACE( '', ( #605 ), #606, .F. );
#228 = ADVANCED_FACE( '', ( #607 ), #608, .F. );
#229 = ADVANCED_FACE( '', ( #609 ), #610, .F. );
#230 = ADVANCED_FACE( '', ( #611 ), #612, .F. );
#231 = ADVANCED_FACE( '', ( #613 ), #614, .F. );
#232 = ADVANCED_FACE( '', ( #615 ), #616, .F. );
#233 = ADVANCED_FACE( '', ( #617 ), #618, .F. );
#234 = ADVANCED_FACE( '', ( #619 ), #620, .F. );
#235 = ADVANCED_FACE( '', ( #621 ), #622, .T. );
#236 = ADVANCED_FACE( '', ( #623 ), #624, .T. );
#237 = ADVANCED_FACE( '', ( #625 ), #626, .T. );
#238 = ADVANCED_FACE( '', ( #627 ), #628, .T. );
#239 = ADVANCED_FACE( '', ( #629 ), #630, .T. );
#240 = ADVANCED_FACE( '', ( #631 ), #632, .T. );
#241 = ADVANCED_FACE( '', ( #633 ), #634, .F. );
#242 = ADVANCED_FACE( '', ( #635 ), #636, .T. );
#243 = ADVANCED_FACE( '', ( #637 ), #638, .T. );
#244 = ADVANCED_FACE( '', ( #639 ), #640, .T. );
#245 = ADVANCED_FACE( '', ( #641 ), #642, .T. );
#246 = ADVANCED_FACE( '', ( #643 ), #644, .T. );
#247 = ADVANCED_FACE( '', ( #645 ), #646, .T. );
#248 = ADVANCED_FACE( '', ( #647 ), #648, .F. );
#249 = ADVANCED_FACE( '', ( #649 ), #650, .T. );
#250 = ADVANCED_FACE( '', ( #651 ), #652, .F. );
#251 = ADVANCED_FACE( '', ( #653 ), #654, .T. );
#252 = ADVANCED_FACE( '', ( #655 ), #656, .F. );
#253 = ADVANCED_FACE( '', ( #657 ), #658, .T. );
#254 = ADVANCED_FACE( '', ( #659 ), #660, .T. );
#255 = ADVANCED_FACE( '', ( #661 ), #662, .T. );
#256 = ADVANCED_FACE( '', ( #663 ), #664, .F. );
#257 = ADVANCED_FACE( '', ( #665 ), #666, .T. );
#258 = ADVANCED_FACE( '', ( #667 ), #668, .T. );
#259 = ADVANCED_FACE( '', ( #669 ), #670, .T. );
#260 = ADVANCED_FACE( '', ( #671 ), #672, .T. );
#261 = ADVANCED_FACE( '', ( #673 ), #674, .T. );
#262 = ADVANCED_FACE( '', ( #675 ), #676, .F. );
#263 = ADVANCED_FACE( '', ( #677 ), #678, .T. );
#264 = ADVANCED_FACE( '', ( #679 ), #680, .T. );
#265 = ADVANCED_FACE( '', ( #681 ), #682, .F. );
#266 = ADVANCED_FACE( '', ( #683 ), #684, .T. );
#267 = ADVANCED_FACE( '', ( #685 ), #686, .T. );
#268 = ADVANCED_FACE( '', ( #687 ), #688, .T. );
#269 = ADVANCED_FACE( '', ( #689 ), #690, .T. );
#270 = ADVANCED_FACE( '', ( #691 ), #692, .T. );
#271 = ADVANCED_FACE( '', ( #693 ), #694, .T. );
#272 = ADVANCED_FACE( '', ( #695 ), #696, .T. );
#273 = ADVANCED_FACE( '', ( #697 ), #698, .T. );
#274 = ADVANCED_FACE( '', ( #699 ), #700, .F. );
#275 = ADVANCED_FACE( '', ( #701 ), #702, .F. );
#276 = ADVANCED_FACE( '', ( #703 ), #704, .F. );
#277 = ADVANCED_FACE( '', ( #705 ), #706, .T. );
#278 = ADVANCED_FACE( '', ( #707 ), #708, .T. );
#279 = ADVANCED_FACE( '', ( #709 ), #710, .T. );
#280 = ADVANCED_FACE( '', ( #711 ), #712, .F. );
#281 = ADVANCED_FACE( '', ( #713 ), #714, .T. );
#282 = ADVANCED_FACE( '', ( #715 ), #716, .T. );
#283 = ADVANCED_FACE( '', ( #717 ), #718, .T. );
#284 = ADVANCED_FACE( '', ( #719 ), #720, .F. );
#285 = ADVANCED_FACE( '', ( #721 ), #722, .T. );
#286 = ADVANCED_FACE( '', ( #723 ), #724, .F. );
#287 = ADVANCED_FACE( '', ( #725 ), #726, .T. );
#288 = ADVANCED_FACE( '', ( #727 ), #728, .T. );
#289 = ADVANCED_FACE( '', ( #729 ), #730, .T. );
#290 = ADVANCED_FACE( '', ( #731 ), #732, .T. );
#291 = ADVANCED_FACE( '', ( #733 ), #734, .T. );
#292 = ADVANCED_FACE( '', ( #735 ), #736, .T. );
#293 = ADVANCED_FACE( '', ( #737 ), #738, .T. );
#294 = ADVANCED_FACE( '', ( #739 ), #740, .T. );
#295 = ADVANCED_FACE( '', ( #741 ), #742, .F. );
#296 = ADVANCED_FACE( '', ( #743 ), #744, .T. );
#297 = ADVANCED_FACE( '', ( #745 ), #746, .T. );
#298 = ADVANCED_FACE( '', ( #747 ), #748, .T. );
#299 = ADVANCED_FACE( '', ( #749 ), #750, .F. );
#300 = ADVANCED_FACE( '', ( #751 ), #752, .F. );
#301 = ADVANCED_FACE( '', ( #753 ), #754, .T. );
#302 = ADVANCED_FACE( '', ( #755 ), #756, .T. );
#303 = ADVANCED_FACE( '', ( #757 ), #758, .T. );
#304 = ADVANCED_FACE( '', ( #759 ), #760, .T. );
#305 = ADVANCED_FACE( '', ( #761 ), #762, .T. );
#306 = ADVANCED_FACE( '', ( #763 ), #764, .F. );
#307 = ADVANCED_FACE( '', ( #765 ), #766, .F. );
#308 = ADVANCED_FACE( '', ( #767 ), #768, .F. );
#309 = ADVANCED_FACE( '', ( #769 ), #770, .T. );
#310 = ADVANCED_FACE( '', ( #771 ), #772, .T. );
#311 = ADVANCED_FACE( '', ( #773 ), #774, .T. );
#312 = ADVANCED_FACE( '', ( #775 ), #776, .F. );
#313 = ADVANCED_FACE( '', ( #777 ), #778, .T. );
#314 = ADVANCED_FACE( '', ( #779 ), #780, .T. );
#315 = ADVANCED_FACE( '', ( #781 ), #782, .T. );
#316 = ADVANCED_FACE( '', ( #783 ), #784, .T. );
#317 = ADVANCED_FACE( '', ( #785 ), #786, .F. );
#318 = ADVANCED_FACE( '', ( #787 ), #788, .T. );
#319 = ADVANCED_FACE( '', ( #789 ), #790, .T. );
#320 = ADVANCED_FACE( '', ( #791 ), #792, .T. );
#321 = ADVANCED_FACE( '', ( #793 ), #794, .F. );
#322 = ADVANCED_FACE( '', ( #795 ), #796, .F. );
#323 = ADVANCED_FACE( '', ( #797 ), #798, .T. );
#324 = ADVANCED_FACE( '', ( #799 ), #800, .T. );
#325 = ADVANCED_FACE( '', ( #801 ), #802, .F. );
#326 = ADVANCED_FACE( '', ( #803 ), #804, .F. );
#327 = ADVANCED_FACE( '', ( #805 ), #806, .F. );
#328 = ADVANCED_FACE( '', ( #807 ), #808, .T. );
#329 = ADVANCED_FACE( '', ( #809, #810 ), #811, .T. );
#330 = ADVANCED_FACE( '', ( #812 ), #813, .T. );
#331 = ADVANCED_FACE( '', ( #814 ), #815, .F. );
#332 = ADVANCED_FACE( '', ( #816 ), #817, .F. );
#333 = ADVANCED_FACE( '', ( #818 ), #819, .T. );
#334 = ADVANCED_FACE( '', ( #820 ), #821, .T. );
#335 = ADVANCED_FACE( '', ( #822 ), #823, .T. );
#336 = ADVANCED_FACE( '', ( #824 ), #825, .T. );
#337 = ADVANCED_FACE( '', ( #826 ), #827, .T. );
#338 = ADVANCED_FACE( '', ( #828 ), #829, .T. );
#339 = ADVANCED_FACE( '', ( #830 ), #831, .T. );
#340 = ADVANCED_FACE( '', ( #832 ), #833, .F. );
#341 = ADVANCED_FACE( '', ( #834 ), #835, .T. );
#342 = ADVANCED_FACE( '', ( #836 ), #837, .T. );
#343 = ADVANCED_FACE( '', ( #838 ), #839, .T. );
#344 = ADVANCED_FACE( '', ( #840 ), #841, .T. );
#345 = ADVANCED_FACE( '', ( #842 ), #843, .T. );
#346 = ADVANCED_FACE( '', ( #844 ), #845, .T. );
#347 = ADVANCED_FACE( '', ( #846 ), #847, .T. );
#348 = ADVANCED_FACE( '', ( #848 ), #849, .T. );
#349 = ADVANCED_FACE( '', ( #850 ), #851, .T. );
#350 = ADVANCED_FACE( '', ( #852 ), #853, .F. );
#351 = ADVANCED_FACE( '', ( #854 ), #855, .F. );
#352 = ADVANCED_FACE( '', ( #856, #857 ), #858, .F. );
#353 = ADVANCED_FACE( '', ( #859 ), #860, .F. );
#354 = ADVANCED_FACE( '', ( #861 ), #862, .T. );
#355 = ADVANCED_FACE( '', ( #863 ), #864, .F. );
#356 = ADVANCED_FACE( '', ( #865 ), #866, .T. );
#357 = ADVANCED_FACE( '', ( #867 ), #868, .T. );
#358 = ADVANCED_FACE( '', ( #869 ), #870, .T. );
#359 = ADVANCED_FACE( '', ( #871 ), #872, .T. );
#360 = ADVANCED_FACE( '', ( #873 ), #874, .F. );
#361 = ADVANCED_FACE( '', ( #875 ), #876, .T. );
#362 = ADVANCED_FACE( '', ( #877 ), #878, .T. );
#363 = ADVANCED_FACE( '', ( #879 ), #880, .T. );
#364 = ADVANCED_FACE( '', ( #881 ), #882, .T. );
#365 = ADVANCED_FACE( '', ( #883 ), #884, .T. );
#366 = ADVANCED_FACE( '', ( #885 ), #886, .T. );
#367 = ADVANCED_FACE( '', ( #887 ), #888, .F. );
#368 = ADVANCED_FACE( '', ( #889 ), #890, .F. );
#369 = ADVANCED_FACE( '', ( #891 ), #892, .T. );
#370 = ADVANCED_FACE( '', ( #893, #894, #895, #896, #897, #898, #899, #900, #901, #902, #903, #904 ), #905, .F. );
#371 = ADVANCED_FACE( '', ( #906 ), #907, .T. );
#372 = ADVANCED_FACE( '', ( #908 ), #909, .T. );
#373 = ADVANCED_FACE( '', ( #910 ), #911, .F. );
#374 = ADVANCED_FACE( '', ( #912 ), #913, .T. );
#375 = ADVANCED_FACE( '', ( #914 ), #915, .T. );
#376 = ADVANCED_FACE( '', ( #916 ), #917, .F. );
#377 = ADVANCED_FACE( '', ( #918 ), #919, .F. );
#378 = ADVANCED_FACE( '', ( #920 ), #921, .T. );
#379 = ADVANCED_FACE( '', ( #922 ), #923, .T. );
#380 = ADVANCED_FACE( '', ( #924 ), #925, .T. );
#381 = ADVANCED_FACE( '', ( #926 ), #927, .T. );
#382 = ADVANCED_FACE( '', ( #928 ), #929, .T. );
#383 = ADVANCED_FACE( '', ( #930 ), #931, .T. );
#384 = ADVANCED_FACE( '', ( #932 ), #933, .T. );
#385 = ADVANCED_FACE( '', ( #934 ), #935, .T. );
#386 = ADVANCED_FACE( '', ( #936 ), #937, .T. );
#387 = ADVANCED_FACE( '', ( #938 ), #939, .T. );
#388 = ADVANCED_FACE( '', ( #940 ), #941, .T. );
#389 = ADVANCED_FACE( '', ( #942 ), #943, .T. );
#390 = ADVANCED_FACE( '', ( #944 ), #945, .T. );
#391 = ADVANCED_FACE( '', ( #946 ), #947, .T. );
#392 = ADVANCED_FACE( '', ( #948 ), #949, .F. );
#393 = ADVANCED_FACE( '', ( #950 ), #951, .T. );
#394 = ADVANCED_FACE( '', ( #952 ), #953, .T. );
#395 = ADVANCED_FACE( '', ( #954 ), #955, .T. );
#396 = ADVANCED_FACE( '', ( #956 ), #957, .T. );
#397 = ADVANCED_FACE( '', ( #958 ), #959, .T. );
#398 = ADVANCED_FACE( '', ( #960 ), #961, .T. );
#399 = ADVANCED_FACE( '', ( #962 ), #963, .T. );
#400 = ADVANCED_FACE( '', ( #964 ), #965, .T. );
#401 = ADVANCED_FACE( '', ( #966 ), #967, .T. );
#402 = ADVANCED_FACE( '', ( #968 ), #969, .T. );
#403 = ADVANCED_FACE( '', ( #970 ), #971, .F. );
#404 = ADVANCED_FACE( '', ( #972 ), #973, .T. );
#405 = ADVANCED_FACE( '', ( #974 ), #975, .T. );
#406 = ADVANCED_FACE( '', ( #976 ), #977, .F. );
#407 = ADVANCED_FACE( '', ( #978 ), #979, .T. );
#408 = ADVANCED_FACE( '', ( #980 ), #981, .F. );
#409 = ADVANCED_FACE( '', ( #982 ), #983, .T. );
#410 = ADVANCED_FACE( '', ( #984 ), #985, .T. );
#411 = ADVANCED_FACE( '', ( #986 ), #987, .F. );
#412 = ADVANCED_FACE( '', ( #988 ), #989, .T. );
#413 = ADVANCED_FACE( '', ( #990 ), #991, .F. );
#414 = ADVANCED_FACE( '', ( #992 ), #993, .F. );
#415 = ADVANCED_FACE( '', ( #994 ), #995, .T. );
#416 = ADVANCED_FACE( '', ( #996 ), #997, .F. );
#417 = ADVANCED_FACE( '', ( #998 ), #999, .T. );
#418 = ADVANCED_FACE( '', ( #1000 ), #1001, .F. );
#419 = ADVANCED_FACE( '', ( #1002 ), #1003, .T. );
#420 = ADVANCED_FACE( '', ( #1004 ), #1005, .T. );
#421 = ADVANCED_FACE( '', ( #1006 ), #1007, .T. );
#422 = ADVANCED_FACE( '', ( #1008 ), #1009, .T. );
#423 = ADVANCED_FACE( '', ( #1010 ), #1011, .F. );
#424 = ADVANCED_FACE( '', ( #1012 ), #1013, .T. );
#425 = ADVANCED_FACE( '', ( #1014 ), #1015, .T. );
#426 = ADVANCED_FACE( '', ( #1016 ), #1017, .F. );
#427 = ADVANCED_FACE( '', ( #1018 ), #1019, .F. );
#428 = ADVANCED_FACE( '', ( #1020 ), #1021, .F. );
#429 = ADVANCED_FACE( '', ( #1022 ), #1023, .F. );
#430 = ADVANCED_FACE( '', ( #1024 ), #1025, .F. );
#431 = ADVANCED_FACE( '', ( #1026 ), #1027, .F. );
#432 = ADVANCED_FACE( '', ( #1028 ), #1029, .F. );
#433 = ADVANCED_FACE( '', ( #1030 ), #1031, .T. );
#434 = ADVANCED_FACE( '', ( #1032 ), #1033, .F. );
#435 = ADVANCED_FACE( '', ( #1034 ), #1035, .T. );
#436 = ADVANCED_FACE( '', ( #1036 ), #1037, .F. );
#437 = ADVANCED_FACE( '', ( #1038 ), #1039, .F. );
#438 = ADVANCED_FACE( '', ( #1040 ), #1041, .T. );
#439 = ADVANCED_FACE( '', ( #1042 ), #1043, .F. );
#440 = ADVANCED_FACE( '', ( #1044 ), #1045, .T. );
#441 = ADVANCED_FACE( '', ( #1046 ), #1047, .T. );
#442 = ADVANCED_FACE( '', ( #1048 ), #1049, .T. );
#443 = ADVANCED_FACE( '', ( #1050 ), #1051, .F. );
#444 = ADVANCED_FACE( '', ( #1052 ), #1053, .T. );
#445 = ADVANCED_FACE( '', ( #1054 ), #1055, .F. );
#446 = ADVANCED_FACE( '', ( #1056 ), #1057, .F. );
#447 = ADVANCED_FACE( '', ( #1058 ), #1059, .F. );
#448 = ADVANCED_FACE( '', ( #1060 ), #1061, .F. );
#449 = ADVANCED_FACE( '', ( #1062 ), #1063, .T. );
#450 = ADVANCED_FACE( '', ( #1064 ), #1065, .T. );
#451 = ADVANCED_FACE( '', ( #1066 ), #1067, .T. );
#452 = ADVANCED_FACE( '', ( #1068 ), #1069, .T. );
#453 = ADVANCED_FACE( '', ( #1070 ), #1071, .F. );
#454 = ADVANCED_FACE( '', ( #1072 ), #1073, .F. );
#455 = ADVANCED_FACE( '', ( #1074 ), #1075, .F. );
#456 = ADVANCED_FACE( '', ( #1076 ), #1077, .F. );
#457 = ADVANCED_FACE( '', ( #1078 ), #1079, .F. );
#458 = ADVANCED_FACE( '', ( #1080 ), #1081, .F. );
#459 = ADVANCED_FACE( '', ( #1082 ), #1083, .F. );
#460 = ADVANCED_FACE( '', ( #1084 ), #1085, .T. );
#461 = ADVANCED_FACE( '', ( #1086 ), #1087, .F. );
#462 = ADVANCED_FACE( '', ( #1088 ), #1089, .T. );
#463 = ADVANCED_FACE( '', ( #1090 ), #1091, .F. );
#464 = ADVANCED_FACE( '', ( #1092 ), #1093, .F. );
#465 = ADVANCED_FACE( '', ( #1094 ), #1095, .F. );
#466 = ADVANCED_FACE( '', ( #1096 ), #1097, .T. );
#467 = ADVANCED_FACE( '', ( #1098 ), #1099, .T. );
#468 = ADVANCED_FACE( '', ( #1100 ), #1101, .T. );
#469 = ADVANCED_FACE( '', ( #1102 ), #1103, .T. );
#470 = ADVANCED_FACE( '', ( #1104 ), #1105, .T. );
#471 = ADVANCED_FACE( '', ( #1106 ), #1107, .T. );
#472 = ADVANCED_FACE( '', ( #1108 ), #1109, .F. );
#473 = ADVANCED_FACE( '', ( #1110 ), #1111, .F. );
#474 = ADVANCED_FACE( '', ( #1112 ), #1113, .T. );
#475 = ADVANCED_FACE( '', ( #1114 ), #1115, .T. );
#476 = ADVANCED_FACE( '', ( #1116 ), #1117, .T. );
#477 = ADVANCED_FACE( '', ( #1118 ), #1119, .F. );
#478 = ADVANCED_FACE( '', ( #1120 ), #1121, .T. );
#479 = ADVANCED_FACE( '', ( #1122 ), #1123, .T. );
#480 = ADVANCED_FACE( '', ( #1124 ), #1125, .T. );
#482 =  ( LENGTH_UNIT(  )NAMED_UNIT( #161 )SI_UNIT( .MILLI., .METRE. ) );
#483 = FACE_OUTER_BOUND( '', #1127, .T. );
#484 = CYLINDRICAL_SURFACE( '', #1128, 0.200000000000000 );
#485 = FACE_OUTER_BOUND( '', #1129, .T. );
#486 = PLANE( '', #1130 );
#487 = FACE_OUTER_BOUND( '', #1131, .T. );
#488 = PLANE( '', #1132 );
#489 = FACE_OUTER_BOUND( '', #1133, .T. );
#490 = PLANE( '', #1134 );
#491 = FACE_OUTER_BOUND( '', #1135, .T. );
#492 = PLANE( '', #1136 );
#493 = FACE_OUTER_BOUND( '', #1137, .T. );
#494 = CYLINDRICAL_SURFACE( '', #1138, 0.200000000000000 );
#495 = FACE_OUTER_BOUND( '', #1139, .T. );
#496 = CYLINDRICAL_SURFACE( '', #1140, 0.200000000000000 );
#497 = FACE_OUTER_BOUND( '', #1141, .T. );
#498 = PLANE( '', #1142 );
#499 = FACE_OUTER_BOUND( '', #1143, .T. );
#500 = PLANE( '', #1144 );
#501 = FACE_OUTER_BOUND( '', #1145, .T. );
#502 = PLANE( '', #1146 );
#503 = FACE_OUTER_BOUND( '', #1147, .T. );
#504 = PLANE( '', #1148 );
#505 = FACE_OUTER_BOUND( '', #1149, .T. );
#506 = PLANE( '', #1150 );
#507 = FACE_OUTER_BOUND( '', #1151, .T. );
#508 = PLANE( '', #1152 );
#509 = FACE_OUTER_BOUND( '', #1153, .T. );
#510 = PLANE( '', #1154 );
#511 = FACE_OUTER_BOUND( '', #1155, .T. );
#512 = PLANE( '', #1156 );
#513 = FACE_OUTER_BOUND( '', #1157, .T. );
#514 = PLANE( '', #1158 );
#515 = FACE_OUTER_BOUND( '', #1159, .T. );
#516 = PLANE( '', #1160 );
#517 = FACE_OUTER_BOUND( '', #1161, .T. );
#518 = CYLINDRICAL_SURFACE( '', #1162, 0.100000000000000 );
#519 = FACE_OUTER_BOUND( '', #1163, .T. );
#520 = PLANE( '', #1164 );
#521 = FACE_OUTER_BOUND( '', #1165, .T. );
#522 = PLANE( '', #1166 );
#523 = FACE_OUTER_BOUND( '', #1167, .T. );
#524 = PLANE( '', #1168 );
#525 = FACE_OUTER_BOUND( '', #1169, .T. );
#526 = PLANE( '', #1170 );
#527 = FACE_OUTER_BOUND( '', #1171, .T. );
#528 = PLANE( '', #1172 );
#529 = FACE_OUTER_BOUND( '', #1173, .T. );
#530 = CYLINDRICAL_SURFACE( '', #1174, 0.100000000000000 );
#531 = FACE_OUTER_BOUND( '', #1175, .T. );
#532 = PLANE( '', #1176 );
#533 = FACE_OUTER_BOUND( '', #1177, .T. );
#534 = PLANE( '', #1178 );
#535 = FACE_OUTER_BOUND( '', #1179, .T. );
#536 = PLANE( '', #1180 );
#537 = FACE_OUTER_BOUND( '', #1181, .T. );
#538 = PLANE( '', #1182 );
#539 = FACE_OUTER_BOUND( '', #1183, .T. );
#540 = PLANE( '', #1184 );
#541 = FACE_OUTER_BOUND( '', #1185, .T. );
#542 = CYLINDRICAL_SURFACE( '', #1186, 0.200000000000000 );
#543 = FACE_OUTER_BOUND( '', #1187, .T. );
#544 = PLANE( '', #1188 );
#545 = FACE_OUTER_BOUND( '', #1189, .T. );
#546 = PLANE( '', #1190 );
#547 = FACE_OUTER_BOUND( '', #1191, .T. );
#548 = PLANE( '', #1192 );
#549 = FACE_OUTER_BOUND( '', #1193, .T. );
#550 = PLANE( '', #1194 );
#551 = FACE_OUTER_BOUND( '', #1195, .T. );
#552 = PLANE( '', #1196 );
#553 = FACE_OUTER_BOUND( '', #1197, .T. );
#554 = PLANE( '', #1198 );
#555 = FACE_OUTER_BOUND( '', #1199, .T. );
#556 = PLANE( '', #1200 );
#557 = FACE_OUTER_BOUND( '', #1201, .T. );
#558 = PLANE( '', #1202 );
#559 = FACE_OUTER_BOUND( '', #1203, .T. );
#560 = PLANE( '', #1204 );
#561 = FACE_OUTER_BOUND( '', #1205, .T. );
#562 = PLANE( '', #1206 );
#563 = FACE_OUTER_BOUND( '', #1207, .T. );
#564 = PLANE( '', #1208 );
#565 = FACE_OUTER_BOUND( '', #1209, .T. );
#566 = CYLINDRICAL_SURFACE( '', #1210, 0.700000000000000 );
#567 = FACE_OUTER_BOUND( '', #1211, .T. );
#568 = PLANE( '', #1212 );
#569 = FACE_OUTER_BOUND( '', #1213, .T. );
#570 = PLANE( '', #1214 );
#571 = FACE_OUTER_BOUND( '', #1215, .T. );
#572 = PLANE( '', #1216 );
#573 = FACE_OUTER_BOUND( '', #1217, .T. );
#574 = PLANE( '', #1218 );
#575 = FACE_OUTER_BOUND( '', #1219, .T. );
#576 = CYLINDRICAL_SURFACE( '', #1220, 0.200000000000000 );
#577 = FACE_OUTER_BOUND( '', #1221, .T. );
#578 = PLANE( '', #1222 );
#579 = FACE_OUTER_BOUND( '', #1223, .T. );
#580 = CYLINDRICAL_SURFACE( '', #1224, 0.150000000000000 );
#581 = FACE_OUTER_BOUND( '', #1225, .T. );
#582 = PLANE( '', #1226 );
#583 = FACE_OUTER_BOUND( '', #1227, .T. );
#584 = FACE_BOUND( '', #1228, .T. );
#585 = FACE_BOUND( '', #1229, .T. );
#586 = FACE_BOUND( '', #1230, .T. );
#587 = FACE_BOUND( '', #1231, .T. );
#588 = FACE_BOUND( '', #1232, .T. );
#589 = FACE_BOUND( '', #1233, .T. );
#590 = PLANE( '', #1234 );
#591 = FACE_OUTER_BOUND( '', #1235, .T. );
#592 = PLANE( '', #1236 );
#593 = FACE_OUTER_BOUND( '', #1237, .T. );
#594 = PLANE( '', #1238 );
#595 = FACE_OUTER_BOUND( '', #1239, .T. );
#596 = PLANE( '', #1240 );
#597 = FACE_OUTER_BOUND( '', #1241, .T. );
#598 = PLANE( '', #1242 );
#599 = FACE_OUTER_BOUND( '', #1243, .T. );
#600 = PLANE( '', #1244 );
#601 = FACE_OUTER_BOUND( '', #1245, .T. );
#602 = PLANE( '', #1246 );
#603 = FACE_OUTER_BOUND( '', #1247, .T. );
#604 = PLANE( '', #1248 );
#605 = FACE_OUTER_BOUND( '', #1249, .T. );
#606 = PLANE( '', #1250 );
#607 = FACE_OUTER_BOUND( '', #1251, .T. );
#608 = PLANE( '', #1252 );
#609 = FACE_OUTER_BOUND( '', #1253, .T. );
#610 = PLANE( '', #1254 );
#611 = FACE_OUTER_BOUND( '', #1255, .T. );
#612 = PLANE( '', #1256 );
#613 = FACE_OUTER_BOUND( '', #1257, .T. );
#614 = PLANE( '', #1258 );
#615 = FACE_OUTER_BOUND( '', #1259, .T. );
#616 = PLANE( '', #1260 );
#617 = FACE_OUTER_BOUND( '', #1261, .T. );
#618 = PLANE( '', #1262 );
#619 = FACE_OUTER_BOUND( '', #1263, .T. );
#620 = PLANE( '', #1264 );
#621 = FACE_OUTER_BOUND( '', #1265, .T. );
#622 = PLANE( '', #1266 );
#623 = FACE_OUTER_BOUND( '', #1267, .T. );
#624 = PLANE( '', #1268 );
#625 = FACE_OUTER_BOUND( '', #1269, .T. );
#626 = CYLINDRICAL_SURFACE( '', #1270, 0.100000000000000 );
#627 = FACE_OUTER_BOUND( '', #1271, .T. );
#628 = PLANE( '', #1272 );
#629 = FACE_OUTER_BOUND( '', #1273, .T. );
#630 = PLANE( '', #1274 );
#631 = FACE_OUTER_BOUND( '', #1275, .T. );
#632 = PLANE( '', #1276 );
#633 = FACE_OUTER_BOUND( '', #1277, .T. );
#634 = CYLINDRICAL_SURFACE( '', #1278, 0.100000000000000 );
#635 = FACE_OUTER_BOUND( '', #1279, .T. );
#636 = PLANE( '', #1280 );
#637 = FACE_OUTER_BOUND( '', #1281, .T. );
#638 = PLANE( '', #1282 );
#639 = FACE_OUTER_BOUND( '', #1283, .T. );
#640 = PLANE( '', #1284 );
#641 = FACE_OUTER_BOUND( '', #1285, .T. );
#642 = PLANE( '', #1286 );
#643 = FACE_OUTER_BOUND( '', #1287, .T. );
#644 = PLANE( '', #1288 );
#645 = FACE_OUTER_BOUND( '', #1289, .T. );
#646 = PLANE( '', #1290 );
#647 = FACE_OUTER_BOUND( '', #1291, .T. );
#648 = PLANE( '', #1292 );
#649 = FACE_OUTER_BOUND( '', #1293, .T. );
#650 = PLANE( '', #1294 );
#651 = FACE_OUTER_BOUND( '', #1295, .T. );
#652 = PLANE( '', #1296 );
#653 = FACE_OUTER_BOUND( '', #1297, .T. );
#654 = PLANE( '', #1298 );
#655 = FACE_OUTER_BOUND( '', #1299, .T. );
#656 = PLANE( '', #1300 );
#657 = FACE_OUTER_BOUND( '', #1301, .T. );
#658 = PLANE( '', #1302 );
#659 = FACE_OUTER_BOUND( '', #1303, .T. );
#660 = PLANE( '', #1304 );
#661 = FACE_OUTER_BOUND( '', #1305, .T. );
#662 = PLANE( '', #1306 );
#663 = FACE_OUTER_BOUND( '', #1307, .T. );
#664 = CONICAL_SURFACE( '', #1308, 0.712468600000000, 0.610860776300000 );
#665 = FACE_OUTER_BOUND( '', #1309, .T. );
#666 = PLANE( '', #1310 );
#667 = FACE_OUTER_BOUND( '', #1311, .T. );
#668 = PLANE( '', #1312 );
#669 = FACE_OUTER_BOUND( '', #1313, .T. );
#670 = PLANE( '', #1314 );
#671 = FACE_OUTER_BOUND( '', #1315, .T. );
#672 = PLANE( '', #1316 );
#673 = FACE_OUTER_BOUND( '', #1317, .T. );
#674 = PLANE( '', #1318 );
#675 = FACE_OUTER_BOUND( '', #1319, .T. );
#676 = PLANE( '', #1320 );
#677 = FACE_OUTER_BOUND( '', #1321, .T. );
#678 = PLANE( '', #1322 );
#679 = FACE_OUTER_BOUND( '', #1323, .T. );
#680 = PLANE( '', #1324 );
#681 = FACE_OUTER_BOUND( '', #1325, .T. );
#682 = PLANE( '', #1326 );
#683 = FACE_OUTER_BOUND( '', #1327, .T. );
#684 = CYLINDRICAL_SURFACE( '', #1328, 0.100000000000000 );
#685 = FACE_OUTER_BOUND( '', #1329, .T. );
#686 = PLANE( '', #1330 );
#687 = FACE_OUTER_BOUND( '', #1331, .T. );
#688 = PLANE( '', #1332 );
#689 = FACE_OUTER_BOUND( '', #1333, .T. );
#690 = PLANE( '', #1334 );
#691 = FACE_OUTER_BOUND( '', #1335, .T. );
#692 = PLANE( '', #1336 );
#693 = FACE_OUTER_BOUND( '', #1337, .T. );
#694 = PLANE( '', #1338 );
#695 = FACE_OUTER_BOUND( '', #1339, .T. );
#696 = PLANE( '', #1340 );
#697 = FACE_OUTER_BOUND( '', #1341, .T. );
#698 = PLANE( '', #1342 );
#699 = FACE_OUTER_BOUND( '', #1343, .T. );
#700 = PLANE( '', #1344 );
#701 = FACE_OUTER_BOUND( '', #1345, .T. );
#702 = PLANE( '', #1346 );
#703 = FACE_OUTER_BOUND( '', #1347, .T. );
#704 = PLANE( '', #1348 );
#705 = FACE_OUTER_BOUND( '', #1349, .T. );
#706 = PLANE( '', #1350 );
#707 = FACE_OUTER_BOUND( '', #1351, .T. );
#708 = PLANE( '', #1352 );
#709 = FACE_OUTER_BOUND( '', #1353, .T. );
#710 = PLANE( '', #1354 );
#711 = FACE_OUTER_BOUND( '', #1355, .T. );
#712 = PLANE( '', #1356 );
#713 = FACE_OUTER_BOUND( '', #1357, .T. );
#714 = PLANE( '', #1358 );
#715 = FACE_OUTER_BOUND( '', #1359, .T. );
#716 = PLANE( '', #1360 );
#717 = FACE_OUTER_BOUND( '', #1361, .T. );
#718 = PLANE( '', #1362 );
#719 = FACE_OUTER_BOUND( '', #1363, .T. );
#720 = PLANE( '', #1364 );
#721 = FACE_OUTER_BOUND( '', #1365, .T. );
#722 = PLANE( '', #1366 );
#723 = FACE_OUTER_BOUND( '', #1367, .T. );
#724 = PLANE( '', #1368 );
#725 = FACE_OUTER_BOUND( '', #1369, .T. );
#726 = PLANE( '', #1370 );
#727 = FACE_OUTER_BOUND( '', #1371, .T. );
#728 = PLANE( '', #1372 );
#729 = FACE_OUTER_BOUND( '', #1373, .T. );
#730 = PLANE( '', #1374 );
#731 = FACE_OUTER_BOUND( '', #1375, .T. );
#732 = PLANE( '', #1376 );
#733 = FACE_OUTER_BOUND( '', #1377, .T. );
#734 = PLANE( '', #1378 );
#735 = FACE_OUTER_BOUND( '', #1379, .T. );
#736 = PLANE( '', #1380 );
#737 = FACE_OUTER_BOUND( '', #1381, .T. );
#738 = PLANE( '', #1382 );
#739 = FACE_OUTER_BOUND( '', #1383, .T. );
#740 = PLANE( '', #1384 );
#741 = FACE_OUTER_BOUND( '', #1385, .T. );
#742 = CYLINDRICAL_SURFACE( '', #1386, 0.200000000000000 );
#743 = FACE_OUTER_BOUND( '', #1387, .T. );
#744 = PLANE( '', #1388 );
#745 = FACE_OUTER_BOUND( '', #1389, .T. );
#746 = PLANE( '', #1390 );
#747 = FACE_OUTER_BOUND( '', #1391, .T. );
#748 = CYLINDRICAL_SURFACE( '', #1392, 0.100000000000000 );
#749 = FACE_OUTER_BOUND( '', #1393, .T. );
#750 = PLANE( '', #1394 );
#751 = FACE_OUTER_BOUND( '', #1395, .T. );
#752 = PLANE( '', #1396 );
#753 = FACE_OUTER_BOUND( '', #1397, .T. );
#754 = PLANE( '', #1398 );
#755 = FACE_OUTER_BOUND( '', #1399, .T. );
#756 = PLANE( '', #1400 );
#757 = FACE_OUTER_BOUND( '', #1401, .T. );
#758 = PLANE( '', #1402 );
#759 = FACE_OUTER_BOUND( '', #1403, .T. );
#760 = PLANE( '', #1404 );
#761 = FACE_OUTER_BOUND( '', #1405, .T. );
#762 = CYLINDRICAL_SURFACE( '', #1406, 0.100000000000000 );
#763 = FACE_OUTER_BOUND( '', #1407, .T. );
#764 = PLANE( '', #1408 );
#765 = FACE_OUTER_BOUND( '', #1409, .T. );
#766 = PLANE( '', #1410 );
#767 = FACE_OUTER_BOUND( '', #1411, .T. );
#768 = PLANE( '', #1412 );
#769 = FACE_OUTER_BOUND( '', #1413, .T. );
#770 = CYLINDRICAL_SURFACE( '', #1414, 0.100000000000000 );
#771 = FACE_OUTER_BOUND( '', #1415, .T. );
#772 = PLANE( '', #1416 );
#773 = FACE_OUTER_BOUND( '', #1417, .T. );
#774 = PLANE( '', #1418 );
#775 = FACE_OUTER_BOUND( '', #1419, .T. );
#776 = PLANE( '', #1420 );
#777 = FACE_OUTER_BOUND( '', #1421, .T. );
#778 = PLANE( '', #1422 );
#779 = FACE_OUTER_BOUND( '', #1423, .T. );
#780 = PLANE( '', #1424 );
#781 = FACE_OUTER_BOUND( '', #1425, .T. );
#782 = PLANE( '', #1426 );
#783 = FACE_OUTER_BOUND( '', #1427, .T. );
#784 = PLANE( '', #1428 );
#785 = FACE_OUTER_BOUND( '', #1429, .T. );
#786 = CYLINDRICAL_SURFACE( '', #1430, 0.100000000000000 );
#787 = FACE_OUTER_BOUND( '', #1431, .T. );
#788 = PLANE( '', #1432 );
#789 = FACE_OUTER_BOUND( '', #1433, .T. );
#790 = PLANE( '', #1434 );
#791 = FACE_OUTER_BOUND( '', #1435, .T. );
#792 = PLANE( '', #1436 );
#793 = FACE_OUTER_BOUND( '', #1437, .T. );
#794 = PLANE( '', #1438 );
#795 = FACE_OUTER_BOUND( '', #1439, .T. );
#796 = PLANE( '', #1440 );
#797 = FACE_OUTER_BOUND( '', #1441, .T. );
#798 = PLANE( '', #1442 );
#799 = FACE_OUTER_BOUND( '', #1443, .T. );
#800 = PLANE( '', #1444 );
#801 = FACE_OUTER_BOUND( '', #1445, .T. );
#802 = PLANE( '', #1446 );
#803 = FACE_OUTER_BOUND( '', #1447, .T. );
#804 = PLANE( '', #1448 );
#805 = FACE_OUTER_BOUND( '', #1449, .T. );
#806 = PLANE( '', #1450 );
#807 = FACE_OUTER_BOUND( '', #1451, .T. );
#808 = PLANE( '', #1452 );
#809 = FACE_OUTER_BOUND( '', #1453, .T. );
#810 = FACE_BOUND( '', #1454, .T. );
#811 = PLANE( '', #1455 );
#812 = FACE_OUTER_BOUND( '', #1456, .T. );
#813 = PLANE( '', #1457 );
#814 = FACE_OUTER_BOUND( '', #1458, .T. );
#815 = PLANE( '', #1459 );
#816 = FACE_OUTER_BOUND( '', #1460, .T. );
#817 = PLANE( '', #1461 );
#818 = FACE_OUTER_BOUND( '', #1462, .T. );
#819 = PLANE( '', #1463 );
#820 = FACE_OUTER_BOUND( '', #1464, .T. );
#821 = PLANE( '', #1465 );
#822 = FACE_OUTER_BOUND( '', #1466, .T. );
#823 = PLANE( '', #1467 );
#824 = FACE_OUTER_BOUND( '', #1468, .T. );
#825 = PLANE( '', #1469 );
#826 = FACE_OUTER_BOUND( '', #1470, .T. );
#827 = PLANE( '', #1471 );
#828 = FACE_OUTER_BOUND( '', #1472, .T. );
#829 = PLANE( '', #1473 );
#830 = FACE_OUTER_BOUND( '', #1474, .T. );
#831 = PLANE( '', #1475 );
#832 = FACE_OUTER_BOUND( '', #1476, .T. );
#833 = PLANE( '', #1477 );
#834 = FACE_OUTER_BOUND( '', #1478, .T. );
#835 = PLANE( '', #1479 );
#836 = FACE_OUTER_BOUND( '', #1480, .T. );
#837 = PLANE( '', #1481 );
#838 = FACE_OUTER_BOUND( '', #1482, .T. );
#839 = PLANE( '', #1483 );
#840 = FACE_OUTER_BOUND( '', #1484, .T. );
#841 = PLANE( '', #1485 );
#842 = FACE_OUTER_BOUND( '', #1486, .T. );
#843 = CYLINDRICAL_SURFACE( '', #1487, 0.200000000000000 );
#844 = FACE_OUTER_BOUND( '', #1488, .T. );
#845 = CYLINDRICAL_SURFACE( '', #1489, 0.100000000000000 );
#846 = FACE_OUTER_BOUND( '', #1490, .T. );
#847 = PLANE( '', #1491 );
#848 = FACE_OUTER_BOUND( '', #1492, .T. );
#849 = PLANE( '', #1493 );
#850 = FACE_OUTER_BOUND( '', #1494, .T. );
#851 = PLANE( '', #1495 );
#852 = FACE_OUTER_BOUND( '', #1496, .T. );
#853 = CYLINDRICAL_SURFACE( '', #1497, 0.300000000000000 );
#854 = FACE_OUTER_BOUND( '', #1498, .T. );
#855 = PLANE( '', #1499 );
#856 = FACE_OUTER_BOUND( '', #1500, .T. );
#857 = FACE_BOUND( '', #1501, .T. );
#858 = PLANE( '', #1502 );
#859 = FACE_OUTER_BOUND( '', #1503, .T. );
#860 = PLANE( '', #1504 );
#861 = FACE_OUTER_BOUND( '', #1505, .T. );
#862 = PLANE( '', #1506 );
#863 = FACE_OUTER_BOUND( '', #1507, .T. );
#864 = PLANE( '', #1508 );
#865 = FACE_OUTER_BOUND( '', #1509, .T. );
#866 = PLANE( '', #1510 );
#867 = FACE_OUTER_BOUND( '', #1511, .T. );
#868 = PLANE( '', #1512 );
#869 = FACE_OUTER_BOUND( '', #1513, .T. );
#870 = CYLINDRICAL_SURFACE( '', #1514, 0.100000000000000 );
#871 = FACE_OUTER_BOUND( '', #1515, .T. );
#872 = CYLINDRICAL_SURFACE( '', #1516, 0.100000000000000 );
#873 = FACE_OUTER_BOUND( '', #1517, .T. );
#874 = PLANE( '', #1518 );
#875 = FACE_OUTER_BOUND( '', #1519, .T. );
#876 = PLANE( '', #1520 );
#877 = FACE_OUTER_BOUND( '', #1521, .T. );
#878 = PLANE( '', #1522 );
#879 = FACE_OUTER_BOUND( '', #1523, .T. );
#880 = PLANE( '', #1524 );
#881 = FACE_OUTER_BOUND( '', #1525, .T. );
#882 = PLANE( '', #1526 );
#883 = FACE_OUTER_BOUND( '', #1527, .T. );
#884 = PLANE( '', #1528 );
#885 = FACE_OUTER_BOUND( '', #1529, .T. );
#886 = PLANE( '', #1530 );
#887 = FACE_OUTER_BOUND( '', #1531, .T. );
#888 = CYLINDRICAL_SURFACE( '', #1532, 0.300000000000000 );
#889 = FACE_OUTER_BOUND( '', #1533, .T. );
#890 = PLANE( '', #1534 );
#891 = FACE_OUTER_BOUND( '', #1535, .T. );
#892 = PLANE( '', #1536 );
#893 = FACE_OUTER_BOUND( '', #1537, .T. );
#894 = FACE_BOUND( '', #1538, .T. );
#895 = FACE_BOUND( '', #1539, .T. );
#896 = FACE_BOUND( '', #1540, .T. );
#897 = FACE_BOUND( '', #1541, .T. );
#898 = FACE_BOUND( '', #1542, .T. );
#899 = FACE_BOUND( '', #1543, .T. );
#900 = FACE_BOUND( '', #1544, .T. );
#901 = FACE_BOUND( '', #1545, .T. );
#902 = FACE_BOUND( '', #1546, .T. );
#903 = FACE_BOUND( '', #1547, .T. );
#904 = FACE_BOUND( '', #1548, .T. );
#905 = PLANE( '', #1549 );
#906 = FACE_OUTER_BOUND( '', #1550, .T. );
#907 = PLANE( '', #1551 );
#908 = FACE_OUTER_BOUND( '', #1552, .T. );
#909 = PLANE( '', #1553 );
#910 = FACE_OUTER_BOUND( '', #1554, .T. );
#911 = PLANE( '', #1555 );
#912 = FACE_OUTER_BOUND( '', #1556, .T. );
#913 = PLANE( '', #1557 );
#914 = FACE_OUTER_BOUND( '', #1558, .T. );
#915 = PLANE( '', #1559 );
#916 = FACE_OUTER_BOUND( '', #1560, .T. );
#917 = PLANE( '', #1561 );
#918 = FACE_OUTER_BOUND( '', #1562, .T. );
#919 = PLANE( '', #1563 );
#920 = FACE_OUTER_BOUND( '', #1564, .T. );
#921 = CYLINDRICAL_SURFACE( '', #1565, 0.100000000000000 );
#922 = FACE_OUTER_BOUND( '', #1566, .T. );
#923 = PLANE( '', #1567 );
#924 = FACE_OUTER_BOUND( '', #1568, .T. );
#925 = PLANE( '', #1569 );
#926 = FACE_OUTER_BOUND( '', #1570, .T. );
#927 = CYLINDRICAL_SURFACE( '', #1571, 0.200000000000000 );
#928 = FACE_OUTER_BOUND( '', #1572, .T. );
#929 = PLANE( '', #1573 );
#930 = FACE_OUTER_BOUND( '', #1574, .T. );
#931 = PLANE( '', #1575 );
#932 = FACE_OUTER_BOUND( '', #1576, .T. );
#933 = CYLINDRICAL_SURFACE( '', #1577, 0.100000000000000 );
#934 = FACE_OUTER_BOUND( '', #1578, .T. );
#935 = PLANE( '', #1579 );
#936 = FACE_OUTER_BOUND( '', #1580, .T. );
#937 = PLANE( '', #1581 );
#938 = FACE_OUTER_BOUND( '', #1582, .T. );
#939 = PLANE( '', #1583 );
#940 = FACE_OUTER_BOUND( '', #1584, .T. );
#941 = PLANE( '', #1585 );
#942 = FACE_OUTER_BOUND( '', #1586, .T. );
#943 = PLANE( '', #1587 );
#944 = FACE_OUTER_BOUND( '', #1588, .T. );
#945 = PLANE( '', #1589 );
#946 = FACE_OUTER_BOUND( '', #1590, .T. );
#947 = PLANE( '', #1591 );
#948 = FACE_OUTER_BOUND( '', #1592, .T. );
#949 = PLANE( '', #1593 );
#950 = FACE_OUTER_BOUND( '', #1594, .T. );
#951 = CYLINDRICAL_SURFACE( '', #1595, 0.200000000000000 );
#952 = FACE_OUTER_BOUND( '', #1596, .T. );
#953 = CYLINDRICAL_SURFACE( '', #1597, 0.200000000000000 );
#954 = FACE_OUTER_BOUND( '', #1598, .T. );
#955 = PLANE( '', #1599 );
#956 = FACE_OUTER_BOUND( '', #1600, .T. );
#957 = PLANE( '', #1601 );
#958 = FACE_OUTER_BOUND( '', #1602, .T. );
#959 = PLANE( '', #1603 );
#960 = FACE_OUTER_BOUND( '', #1604, .T. );
#961 = PLANE( '', #1605 );
#962 = FACE_OUTER_BOUND( '', #1606, .T. );
#963 = PLANE( '', #1607 );
#964 = FACE_OUTER_BOUND( '', #1608, .T. );
#965 = PLANE( '', #1609 );
#966 = FACE_OUTER_BOUND( '', #1610, .T. );
#967 = PLANE( '', #1611 );
#968 = FACE_OUTER_BOUND( '', #1612, .T. );
#969 = PLANE( '', #1613 );
#970 = FACE_OUTER_BOUND( '', #1614, .T. );
#971 = PLANE( '', #1615 );
#972 = FACE_OUTER_BOUND( '', #1616, .T. );
#973 = PLANE( '', #1617 );
#974 = FACE_OUTER_BOUND( '', #1618, .T. );
#975 = PLANE( '', #1619 );
#976 = FACE_OUTER_BOUND( '', #1620, .T. );
#977 = CYLINDRICAL_SURFACE( '', #1621, 0.200000000000000 );
#978 = FACE_OUTER_BOUND( '', #1622, .T. );
#979 = PLANE( '', #1623 );
#980 = FACE_OUTER_BOUND( '', #1624, .T. );
#981 = PLANE( '', #1625 );
#982 = FACE_OUTER_BOUND( '', #1626, .T. );
#983 = PLANE( '', #1627 );
#984 = FACE_OUTER_BOUND( '', #1628, .T. );
#985 = CONICAL_SURFACE( '', #1629, 0.124999900000000, 0.785395823600000 );
#986 = FACE_OUTER_BOUND( '', #1630, .T. );
#987 = PLANE( '', #1631 );
#988 = FACE_OUTER_BOUND( '', #1632, .T. );
#989 = PLANE( '', #1633 );
#990 = FACE_OUTER_BOUND( '', #1634, .T. );
#991 = PLANE( '', #1635 );
#992 = FACE_OUTER_BOUND( '', #1636, .T. );
#993 = PLANE( '', #1637 );
#994 = FACE_OUTER_BOUND( '', #1638, .T. );
#995 = PLANE( '', #1639 );
#996 = FACE_OUTER_BOUND( '', #1640, .T. );
#997 = PLANE( '', #1641 );
#998 = FACE_OUTER_BOUND( '', #1642, .T. );
#999 = CYLINDRICAL_SURFACE( '', #1643, 0.200000000000000 );
#1000 = FACE_OUTER_BOUND( '', #1644, .T. );
#1001 = PLANE( '', #1645 );
#1002 = FACE_OUTER_BOUND( '', #1646, .T. );
#1003 = PLANE( '', #1647 );
#1004 = FACE_OUTER_BOUND( '', #1648, .T. );
#1005 = PLANE( '', #1649 );
#1006 = FACE_OUTER_BOUND( '', #1650, .T. );
#1007 = PLANE( '', #1651 );
#1008 = FACE_OUTER_BOUND( '', #1652, .T. );
#1009 = PLANE( '', #1653 );
#1010 = FACE_OUTER_BOUND( '', #1654, .T. );
#1011 = PLANE( '', #1655 );
#1012 = FACE_OUTER_BOUND( '', #1656, .T. );
#1013 = PLANE( '', #1657 );
#1014 = FACE_OUTER_BOUND( '', #1658, .T. );
#1015 = CYLINDRICAL_SURFACE( '', #1659, 0.200000000000000 );
#1016 = FACE_OUTER_BOUND( '', #1660, .T. );
#1017 = PLANE( '', #1661 );
#1018 = FACE_OUTER_BOUND( '', #1662, .T. );
#1019 = CONICAL_SURFACE( '', #1663, 0.275005400000000, 0.785408115500000 );
#1020 = FACE_OUTER_BOUND( '', #1664, .T. );
#1021 = PLANE( '', #1665 );
#1022 = FACE_OUTER_BOUND( '', #1666, .T. );
#1023 = PLANE( '', #1667 );
#1024 = FACE_OUTER_BOUND( '', #1668, .T. );
#1025 = PLANE( '', #1669 );
#1026 = FACE_OUTER_BOUND( '', #1670, .T. );
#1027 = PLANE( '', #1671 );
#1028 = FACE_OUTER_BOUND( '', #1672, .T. );
#1029 = PLANE( '', #1673 );
#1030 = FACE_OUTER_BOUND( '', #1674, .T. );
#1031 = PLANE( '', #1675 );
#1032 = FACE_OUTER_BOUND( '', #1676, .T. );
#1033 = CYLINDRICAL_SURFACE( '', #1677, 0.150000000000000 );
#1034 = FACE_OUTER_BOUND( '', #1678, .T. );
#1035 = PLANE( '', #1679 );
#1036 = FACE_OUTER_BOUND( '', #1680, .T. );
#1037 = CONICAL_SURFACE( '', #1681, 0.412467000000000, 0.610855208000000 );
#1038 = FACE_OUTER_BOUND( '', #1682, .T. );
#1039 = PLANE( '', #1683 );
#1040 = FACE_OUTER_BOUND( '', #1684, .T. );
#1041 = PLANE( '', #1685 );
#1042 = FACE_OUTER_BOUND( '', #1686, .T. );
#1043 = CONICAL_SURFACE( '', #1687, 0.275005400000000, 0.785408115500000 );
#1044 = FACE_OUTER_BOUND( '', #1688, .T. );
#1045 = PLANE( '', #1689 );
#1046 = FACE_OUTER_BOUND( '', #1690, .T. );
#1047 = PLANE( '', #1691 );
#1048 = FACE_OUTER_BOUND( '', #1692, .T. );
#1049 = CONICAL_SURFACE( '', #1693, 0.124999900000000, 0.785395823600000 );
#1050 = FACE_OUTER_BOUND( '', #1694, .T. );
#1051 = PLANE( '', #1695 );
#1052 = FACE_OUTER_BOUND( '', #1696, .T. );
#1053 = PLANE( '', #1697 );
#1054 = FACE_OUTER_BOUND( '', #1698, .T. );
#1055 = PLANE( '', #1699 );
#1056 = FACE_OUTER_BOUND( '', #1700, .T. );
#1057 = PLANE( '', #1701 );
#1058 = FACE_OUTER_BOUND( '', #1702, .T. );
#1059 = PLANE( '', #1703 );
#1060 = FACE_OUTER_BOUND( '', #1704, .T. );
#1061 = PLANE( '', #1705 );
#1062 = FACE_OUTER_BOUND( '', #1706, .T. );
#1063 = PLANE( '', #1707 );
#1064 = FACE_OUTER_BOUND( '', #1708, .T. );
#1065 = PLANE( '', #1709 );
#1066 = FACE_OUTER_BOUND( '', #1710, .T. );
#1067 = PLANE( '', #1711 );
#1068 = FACE_OUTER_BOUND( '', #1712, .T. );
#1069 = PLANE( '', #1713 );
#1070 = FACE_OUTER_BOUND( '', #1714, .T. );
#1071 = PLANE( '', #1715 );
#1072 = FACE_OUTER_BOUND( '', #1716, .T. );
#1073 = PLANE( '', #1717 );
#1074 = FACE_OUTER_BOUND( '', #1718, .T. );
#1075 = PLANE( '', #1719 );
#1076 = FACE_OUTER_BOUND( '', #1720, .T. );
#1077 = PLANE( '', #1721 );
#1078 = FACE_OUTER_BOUND( '', #1722, .T. );
#1079 = PLANE( '', #1723 );
#1080 = FACE_OUTER_BOUND( '', #1724, .T. );
#1081 = PLANE( '', #1725 );
#1082 = FACE_OUTER_BOUND( '', #1726, .T. );
#1083 = PLANE( '', #1727 );
#1084 = FACE_OUTER_BOUND( '', #1728, .T. );
#1085 = PLANE( '', #1729 );
#1086 = FACE_OUTER_BOUND( '', #1730, .T. );
#1087 = PLANE( '', #1731 );
#1088 = FACE_OUTER_BOUND( '', #1732, .T. );
#1089 = PLANE( '', #1733 );
#1090 = FACE_OUTER_BOUND( '', #1734, .T. );
#1091 = PLANE( '', #1735 );
#1092 = FACE_OUTER_BOUND( '', #1736, .T. );
#1093 = PLANE( '', #1737 );
#1094 = FACE_OUTER_BOUND( '', #1738, .T. );
#1095 = PLANE( '', #1739 );
#1096 = FACE_OUTER_BOUND( '', #1740, .T. );
#1097 = PLANE( '', #1741 );
#1098 = FACE_OUTER_BOUND( '', #1742, .T. );
#1099 = PLANE( '', #1743 );
#1100 = FACE_OUTER_BOUND( '', #1744, .T. );
#1101 = PLANE( '', #1745 );
#1102 = FACE_OUTER_BOUND( '', #1746, .T. );
#1103 = PLANE( '', #1747 );
#1104 = FACE_OUTER_BOUND( '', #1748, .T. );
#1105 = CYLINDRICAL_SURFACE( '', #1749, 0.200000000000000 );
#1106 = FACE_OUTER_BOUND( '', #1750, .T. );
#1107 = PLANE( '', #1751 );
#1108 = FACE_OUTER_BOUND( '', #1752, .T. );
#1109 = PLANE( '', #1753 );
#1110 = FACE_OUTER_BOUND( '', #1754, .T. );
#1111 = PLANE( '', #1755 );
#1112 = FACE_OUTER_BOUND( '', #1756, .T. );
#1113 = PLANE( '', #1757 );
#1114 = FACE_OUTER_BOUND( '', #1758, .T. );
#1115 = PLANE( '', #1759 );
#1116 = FACE_OUTER_BOUND( '', #1760, .T. );
#1117 = PLANE( '', #1761 );
#1118 = FACE_OUTER_BOUND( '', #1762, .T. );
#1119 = PLANE( '', #1763 );
#1120 = FACE_OUTER_BOUND( '', #1764, .T. );
#1121 = PLANE( '', #1765 );
#1122 = FACE_OUTER_BOUND( '', #1766, .T. );
#1123 = PLANE( '', #1767 );
#1124 = FACE_OUTER_BOUND( '', #1768, .T. );
#1125 = PLANE( '', #1769 );
#1127 = EDGE_LOOP( '', ( #1770, #1771, #1772, #1773, #1774, #1775 ) );
#1128 = AXIS2_PLACEMENT_3D( '', #1776, #1777, #1778 );
#1129 = EDGE_LOOP( '', ( #1779, #1780, #1781, #1782, #1783, #1784 ) );
#1130 = AXIS2_PLACEMENT_3D( '', #1785, #1786, #1787 );
#1131 = EDGE_LOOP( '', ( #1788, #1789, #1790, #1791 ) );
#1132 = AXIS2_PLACEMENT_3D( '', #1792, #1793, #1794 );
#1133 = EDGE_LOOP( '', ( #1795, #1796, #1797, #1798 ) );
#1134 = AXIS2_PLACEMENT_3D( '', #1799, #1800, #1801 );
#1135 = EDGE_LOOP( '', ( #1802, #1803, #1804, #1805, #1806 ) );
#1136 = AXIS2_PLACEMENT_3D( '', #1807, #1808, #1809 );
#1137 = EDGE_LOOP( '', ( #1810, #1811, #1812, #1813 ) );
#1138 = AXIS2_PLACEMENT_3D( '', #1814, #1815, #1816 );
#1139 = EDGE_LOOP( '', ( #1817, #1818, #1819, #1820, #1821, #1822 ) );
#1140 = AXIS2_PLACEMENT_3D( '', #1823, #1824, #1825 );
#1141 = EDGE_LOOP( '', ( #1826, #1827, #1828, #1829 ) );
#1142 = AXIS2_PLACEMENT_3D( '', #1830, #1831, #1832 );
#1143 = EDGE_LOOP( '', ( #1833, #1834, #1835, #1836 ) );
#1144 = AXIS2_PLACEMENT_3D( '', #1837, #1838, #1839 );
#1145 = EDGE_LOOP( '', ( #1840, #1841, #1842, #1843 ) );
#1146 = AXIS2_PLACEMENT_3D( '', #1844, #1845, #1846 );
#1147 = EDGE_LOOP( '', ( #1847, #1848, #1849, #1850, #1851, #1852, #1853 ) );
#1148 = AXIS2_PLACEMENT_3D( '', #1854, #1855, #1856 );
#1149 = EDGE_LOOP( '', ( #1857, #1858, #1859, #1860 ) );
#1150 = AXIS2_PLACEMENT_3D( '', #1861, #1862, #1863 );
#1151 = EDGE_LOOP( '', ( #1864, #1865, #1866, #1867 ) );
#1152 = AXIS2_PLACEMENT_3D( '', #1868, #1869, #1870 );
#1153 = EDGE_LOOP( '', ( #1871, #1872, #1873, #1874 ) );
#1154 = AXIS2_PLACEMENT_3D( '', #1875, #1876, #1877 );
#1155 = EDGE_LOOP( '', ( #1878, #1879, #1880, #1881 ) );
#1156 = AXIS2_PLACEMENT_3D( '', #1882, #1883, #1884 );
#1157 = EDGE_LOOP( '', ( #1885, #1886, #1887, #1888 ) );
#1158 = AXIS2_PLACEMENT_3D( '', #1889, #1890, #1891 );
#1159 = EDGE_LOOP( '', ( #1892, #1893, #1894, #1895 ) );
#1160 = AXIS2_PLACEMENT_3D( '', #1896, #1897, #1898 );
#1161 = EDGE_LOOP( '', ( #1899, #1900, #1901, #1902 ) );
#1162 = AXIS2_PLACEMENT_3D( '', #1903, #1904, #1905 );
#1163 = EDGE_LOOP( '', ( #1906, #1907, #1908, #1909 ) );
#1164 = AXIS2_PLACEMENT_3D( '', #1910, #1911, #1912 );
#1165 = EDGE_LOOP( '', ( #1913, #1914, #1915, #1916, #1917 ) );
#1166 = AXIS2_PLACEMENT_3D( '', #1918, #1919, #1920 );
#1167 = EDGE_LOOP( '', ( #1921, #1922, #1923, #1924, #1925, #1926 ) );
#1168 = AXIS2_PLACEMENT_3D( '', #1927, #1928, #1929 );
#1169 = EDGE_LOOP( '', ( #1930, #1931, #1932, #1933 ) );
#1170 = AXIS2_PLACEMENT_3D( '', #1934, #1935, #1936 );
#1171 = EDGE_LOOP( '', ( #1937, #1938, #1939, #1940 ) );
#1172 = AXIS2_PLACEMENT_3D( '', #1941, #1942, #1943 );
#1173 = EDGE_LOOP( '', ( #1944, #1945, #1946, #1947 ) );
#1174 = AXIS2_PLACEMENT_3D( '', #1948, #1949, #1950 );
#1175 = EDGE_LOOP( '', ( #1951, #1952, #1953, #1954, #1955, #1956, #1957, #1958, #1959 ) );
#1176 = AXIS2_PLACEMENT_3D( '', #1960, #1961, #1962 );
#1177 = EDGE_LOOP( '', ( #1963, #1964, #1965, #1966 ) );
#1178 = AXIS2_PLACEMENT_3D( '', #1967, #1968, #1969 );
#1179 = EDGE_LOOP( '', ( #1970, #1971, #1972, #1973, #1974, #1975, #1976, #1977, #1978, #1979 ) );
#1180 = AXIS2_PLACEMENT_3D( '', #1980, #1981, #1982 );
#1181 = EDGE_LOOP( '', ( #1983, #1984, #1985, #1986 ) );
#1182 = AXIS2_PLACEMENT_3D( '', #1987, #1988, #1989 );
#1183 = EDGE_LOOP( '', ( #1990, #1991, #1992, #1993, #1994, #1995, #1996, #1997 ) );
#1184 = AXIS2_PLACEMENT_3D( '', #1998, #1999, #2000 );
#1185 = EDGE_LOOP( '', ( #2001, #2002, #2003, #2004 ) );
#1186 = AXIS2_PLACEMENT_3D( '', #2005, #2006, #2007 );
#1187 = EDGE_LOOP( '', ( #2008, #2009, #2010, #2011, #2012, #2013, #2014, #2015 ) );
#1188 = AXIS2_PLACEMENT_3D( '', #2016, #2017, #2018 );
#1189 = EDGE_LOOP( '', ( #2019, #2020, #2021, #2022, #2023, #2024 ) );
#1190 = AXIS2_PLACEMENT_3D( '', #2025, #2026, #2027 );
#1191 = EDGE_LOOP( '', ( #2028, #2029, #2030, #2031, #2032, #2033 ) );
#1192 = AXIS2_PLACEMENT_3D( '', #2034, #2035, #2036 );
#1193 = EDGE_LOOP( '', ( #2037, #2038, #2039, #2040 ) );
#1194 = AXIS2_PLACEMENT_3D( '', #2041, #2042, #2043 );
#1195 = EDGE_LOOP( '', ( #2044, #2045, #2046, #2047 ) );
#1196 = AXIS2_PLACEMENT_3D( '', #2048, #2049, #2050 );
#1197 = EDGE_LOOP( '', ( #2051, #2052, #2053, #2054 ) );
#1198 = AXIS2_PLACEMENT_3D( '', #2055, #2056, #2057 );
#1199 = EDGE_LOOP( '', ( #2058, #2059, #2060, #2061 ) );
#1200 = AXIS2_PLACEMENT_3D( '', #2062, #2063, #2064 );
#1201 = EDGE_LOOP( '', ( #2065, #2066, #2067, #2068 ) );
#1202 = AXIS2_PLACEMENT_3D( '', #2069, #2070, #2071 );
#1203 = EDGE_LOOP( '', ( #2072, #2073, #2074, #2075, #2076 ) );
#1204 = AXIS2_PLACEMENT_3D( '', #2077, #2078, #2079 );
#1205 = EDGE_LOOP( '', ( #2080, #2081, #2082, #2083 ) );
#1206 = AXIS2_PLACEMENT_3D( '', #2084, #2085, #2086 );
#1207 = EDGE_LOOP( '', ( #2087, #2088, #2089, #2090, #2091 ) );
#1208 = AXIS2_PLACEMENT_3D( '', #2092, #2093, #2094 );
#1209 = EDGE_LOOP( '', ( #2095, #2096, #2097, #2098 ) );
#1210 = AXIS2_PLACEMENT_3D( '', #2099, #2100, #2101 );
#1211 = EDGE_LOOP( '', ( #2102, #2103, #2104, #2105, #2106, #2107, #2108, #2109, #2110, #2111, #2112, #2113, #2114, #2115, #2116, #2117, #2118, #2119, #2120, #2121, #2122, #2123, #2124, #2125 ) );
#1212 = AXIS2_PLACEMENT_3D( '', #2126, #2127, #2128 );
#1213 = EDGE_LOOP( '', ( #2129, #2130, #2131, #2132 ) );
#1214 = AXIS2_PLACEMENT_3D( '', #2133, #2134, #2135 );
#1215 = EDGE_LOOP( '', ( #2136, #2137, #2138, #2139, #2140, #2141 ) );
#1216 = AXIS2_PLACEMENT_3D( '', #2142, #2143, #2144 );
#1217 = EDGE_LOOP( '', ( #2145, #2146, #2147, #2148 ) );
#1218 = AXIS2_PLACEMENT_3D( '', #2149, #2150, #2151 );
#1219 = EDGE_LOOP( '', ( #2152, #2153, #2154, #2155 ) );
#1220 = AXIS2_PLACEMENT_3D( '', #2156, #2157, #2158 );
#1221 = EDGE_LOOP( '', ( #2159, #2160, #2161, #2162, #2163, #2164, #2165, #2166 ) );
#1222 = AXIS2_PLACEMENT_3D( '', #2167, #2168, #2169 );
#1223 = EDGE_LOOP( '', ( #2170, #2171, #2172, #2173 ) );
#1224 = AXIS2_PLACEMENT_3D( '', #2174, #2175, #2176 );
#1225 = EDGE_LOOP( '', ( #2177, #2178, #2179, #2180, #2181 ) );
#1226 = AXIS2_PLACEMENT_3D( '', #2182, #2183, #2184 );
#1227 = EDGE_LOOP( '', ( #2185, #2186, #2187, #2188, #2189, #2190, #2191, #2192, #2193, #2194, #2195, #2196, #2197, #2198, #2199, #2200, #2201, #2202 ) );
#1228 = EDGE_LOOP( '', ( #2203, #2204, #2205, #2206 ) );
#1229 = EDGE_LOOP( '', ( #2207, #2208, #2209, #2210 ) );
#1230 = EDGE_LOOP( '', ( #2211, #2212, #2213, #2214 ) );
#1231 = EDGE_LOOP( '', ( #2215, #2216, #2217, #2218 ) );
#1232 = EDGE_LOOP( '', ( #2219, #2220, #2221, #2222 ) );
#1233 = EDGE_LOOP( '', ( #2223, #2224, #2225, #2226 ) );
#1234 = AXIS2_PLACEMENT_3D( '', #2227, #2228, #2229 );
#1235 = EDGE_LOOP( '', ( #2230, #2231, #2232, #2233 ) );
#1236 = AXIS2_PLACEMENT_3D( '', #2234, #2235, #2236 );
#1237 = EDGE_LOOP( '', ( #2237, #2238, #2239, #2240 ) );
#1238 = AXIS2_PLACEMENT_3D( '', #2241, #2242, #2243 );
#1239 = EDGE_LOOP( '', ( #2244, #2245, #2246, #2247 ) );
#1240 = AXIS2_PLACEMENT_3D( '', #2248, #2249, #2250 );
#1241 = EDGE_LOOP( '', ( #2251, #2252, #2253, #2254 ) );
#1242 = AXIS2_PLACEMENT_3D( '', #2255, #2256, #2257 );
#1243 = EDGE_LOOP( '', ( #2258, #2259, #2260, #2261 ) );
#1244 = AXIS2_PLACEMENT_3D( '', #2262, #2263, #2264 );
#1245 = EDGE_LOOP( '', ( #2265, #2266, #2267, #2268, #2269, #2270, #2271, #2272 ) );
#1246 = AXIS2_PLACEMENT_3D( '', #2273, #2274, #2275 );
#1247 = EDGE_LOOP( '', ( #2276, #2277, #2278, #2279, #2280, #2281, #2282, #2283 ) );
#1248 = AXIS2_PLACEMENT_3D( '', #2284, #2285, #2286 );
#1249 = EDGE_LOOP( '', ( #2287, #2288, #2289, #2290 ) );
#1250 = AXIS2_PLACEMENT_3D( '', #2291, #2292, #2293 );
#1251 = EDGE_LOOP( '', ( #2294, #2295, #2296, #2297 ) );
#1252 = AXIS2_PLACEMENT_3D( '', #2298, #2299, #2300 );
#1253 = EDGE_LOOP( '', ( #2301, #2302, #2303, #2304 ) );
#1254 = AXIS2_PLACEMENT_3D( '', #2305, #2306, #2307 );
#1255 = EDGE_LOOP( '', ( #2308, #2309, #2310, #2311 ) );
#1256 = AXIS2_PLACEMENT_3D( '', #2312, #2313, #2314 );
#1257 = EDGE_LOOP( '', ( #2315, #2316, #2317, #2318, #2319, #2320 ) );
#1258 = AXIS2_PLACEMENT_3D( '', #2321, #2322, #2323 );
#1259 = EDGE_LOOP( '', ( #2324, #2325, #2326, #2327, #2328, #2329 ) );
#1260 = AXIS2_PLACEMENT_3D( '', #2330, #2331, #2332 );
#1261 = EDGE_LOOP( '', ( #2333, #2334, #2335, #2336 ) );
#1262 = AXIS2_PLACEMENT_3D( '', #2337, #2338, #2339 );
#1263 = EDGE_LOOP( '', ( #2340, #2341, #2342, #2343 ) );
#1264 = AXIS2_PLACEMENT_3D( '', #2344, #2345, #2346 );
#1265 = EDGE_LOOP( '', ( #2347, #2348, #2349, #2350 ) );
#1266 = AXIS2_PLACEMENT_3D( '', #2351, #2352, #2353 );
#1267 = EDGE_LOOP( '', ( #2354, #2355, #2356, #2357 ) );
#1268 = AXIS2_PLACEMENT_3D( '', #2358, #2359, #2360 );
#1269 = EDGE_LOOP( '', ( #2361, #2362, #2363, #2364 ) );
#1270 = AXIS2_PLACEMENT_3D( '', #2365, #2366, #2367 );
#1271 = EDGE_LOOP( '', ( #2368, #2369, #2370, #2371 ) );
#1272 = AXIS2_PLACEMENT_3D( '', #2372, #2373, #2374 );
#1273 = EDGE_LOOP( '', ( #2375, #2376, #2377, #2378 ) );
#1274 = AXIS2_PLACEMENT_3D( '', #2379, #2380, #2381 );
#1275 = EDGE_LOOP( '', ( #2382, #2383, #2384, #2385, #2386, #2387, #2388, #2389, #2390, #2391 ) );
#1276 = AXIS2_PLACEMENT_3D( '', #2392, #2393, #2394 );
#1277 = EDGE_LOOP( '', ( #2395, #2396, #2397, #2398 ) );
#1278 = AXIS2_PLACEMENT_3D( '', #2399, #2400, #2401 );
#1279 = EDGE_LOOP( '', ( #2402, #2403, #2404, #2405, #2406, #2407, #2408 ) );
#1280 = AXIS2_PLACEMENT_3D( '', #2409, #2410, #2411 );
#1281 = EDGE_LOOP( '', ( #2412, #2413, #2414, #2415 ) );
#1282 = AXIS2_PLACEMENT_3D( '', #2416, #2417, #2418 );
#1283 = EDGE_LOOP( '', ( #2419, #2420, #2421, #2422 ) );
#1284 = AXIS2_PLACEMENT_3D( '', #2423, #2424, #2425 );
#1285 = EDGE_LOOP( '', ( #2426, #2427, #2428, #2429 ) );
#1286 = AXIS2_PLACEMENT_3D( '', #2430, #2431, #2432 );
#1287 = EDGE_LOOP( '', ( #2433, #2434, #2435, #2436 ) );
#1288 = AXIS2_PLACEMENT_3D( '', #2437, #2438, #2439 );
#1289 = EDGE_LOOP( '', ( #2440, #2441, #2442, #2443 ) );
#1290 = AXIS2_PLACEMENT_3D( '', #2444, #2445, #2446 );
#1291 = EDGE_LOOP( '', ( #2447, #2448, #2449, #2450, #2451, #2452 ) );
#1292 = AXIS2_PLACEMENT_3D( '', #2453, #2454, #2455 );
#1293 = EDGE_LOOP( '', ( #2456, #2457, #2458, #2459 ) );
#1294 = AXIS2_PLACEMENT_3D( '', #2460, #2461, #2462 );
#1295 = EDGE_LOOP( '', ( #2463, #2464, #2465, #2466, #2467, #2468 ) );
#1296 = AXIS2_PLACEMENT_3D( '', #2469, #2470, #2471 );
#1297 = EDGE_LOOP( '', ( #2472, #2473, #2474, #2475 ) );
#1298 = AXIS2_PLACEMENT_3D( '', #2476, #2477, #2478 );
#1299 = EDGE_LOOP( '', ( #2479, #2480, #2481, #2482, #2483 ) );
#1300 = AXIS2_PLACEMENT_3D( '', #2484, #2485, #2486 );
#1301 = EDGE_LOOP( '', ( #2487, #2488, #2489, #2490, #2491, #2492, #2493, #2494 ) );
#1302 = AXIS2_PLACEMENT_3D( '', #2495, #2496, #2497 );
#1303 = EDGE_LOOP( '', ( #2498, #2499, #2500, #2501 ) );
#1304 = AXIS2_PLACEMENT_3D( '', #2502, #2503, #2504 );
#1305 = EDGE_LOOP( '', ( #2505, #2506, #2507, #2508 ) );
#1306 = AXIS2_PLACEMENT_3D( '', #2509, #2510, #2511 );
#1307 = EDGE_LOOP( '', ( #2512, #2513, #2514, #2515 ) );
#1308 = AXIS2_PLACEMENT_3D( '', #2516, #2517, #2518 );
#1309 = EDGE_LOOP( '', ( #2519, #2520, #2521, #2522 ) );
#1310 = AXIS2_PLACEMENT_3D( '', #2523, #2524, #2525 );
#1311 = EDGE_LOOP( '', ( #2526, #2527, #2528, #2529, #2530, #2531, #2532, #2533 ) );
#1312 = AXIS2_PLACEMENT_3D( '', #2534, #2535, #2536 );
#1313 = EDGE_LOOP( '', ( #2537, #2538, #2539, #2540 ) );
#1314 = AXIS2_PLACEMENT_3D( '', #2541, #2542, #2543 );
#1315 = EDGE_LOOP( '', ( #2544, #2545, #2546, #2547 ) );
#1316 = AXIS2_PLACEMENT_3D( '', #2548, #2549, #2550 );
#1317 = EDGE_LOOP( '', ( #2551, #2552, #2553, #2554, #2555, #2556, #2557, #2558, #2559, #2560 ) );
#1318 = AXIS2_PLACEMENT_3D( '', #2561, #2562, #2563 );
#1319 = EDGE_LOOP( '', ( #2564, #2565, #2566, #2567 ) );
#1320 = AXIS2_PLACEMENT_3D( '', #2568, #2569, #2570 );
#1321 = EDGE_LOOP( '', ( #2571, #2572, #2573, #2574 ) );
#1322 = AXIS2_PLACEMENT_3D( '', #2575, #2576, #2577 );
#1323 = EDGE_LOOP( '', ( #2578, #2579, #2580, #2581 ) );
#1324 = AXIS2_PLACEMENT_3D( '', #2582, #2583, #2584 );
#1325 = EDGE_LOOP( '', ( #2585, #2586, #2587, #2588 ) );
#1326 = AXIS2_PLACEMENT_3D( '', #2589, #2590, #2591 );
#1327 = EDGE_LOOP( '', ( #2592, #2593, #2594, #2595 ) );
#1328 = AXIS2_PLACEMENT_3D( '', #2596, #2597, #2598 );
#1329 = EDGE_LOOP( '', ( #2599, #2600, #2601, #2602 ) );
#1330 = AXIS2_PLACEMENT_3D( '', #2603, #2604, #2605 );
#1331 = EDGE_LOOP( '', ( #2606, #2607, #2608, #2609 ) );
#1332 = AXIS2_PLACEMENT_3D( '', #2610, #2611, #2612 );
#1333 = EDGE_LOOP( '', ( #2613, #2614, #2615, #2616 ) );
#1334 = AXIS2_PLACEMENT_3D( '', #2617, #2618, #2619 );
#1335 = EDGE_LOOP( '', ( #2620, #2621, #2622, #2623 ) );
#1336 = AXIS2_PLACEMENT_3D( '', #2624, #2625, #2626 );
#1337 = EDGE_LOOP( '', ( #2627, #2628, #2629, #2630 ) );
#1338 = AXIS2_PLACEMENT_3D( '', #2631, #2632, #2633 );
#1339 = EDGE_LOOP( '', ( #2634, #2635, #2636, #2637, #2638, #2639 ) );
#1340 = AXIS2_PLACEMENT_3D( '', #2640, #2641, #2642 );
#1341 = EDGE_LOOP( '', ( #2643, #2644, #2645, #2646 ) );
#1342 = AXIS2_PLACEMENT_3D( '', #2647, #2648, #2649 );
#1343 = EDGE_LOOP( '', ( #2650, #2651, #2652, #2653, #2654, #2655, #2656, #2657 ) );
#1344 = AXIS2_PLACEMENT_3D( '', #2658, #2659, #2660 );
#1345 = EDGE_LOOP( '', ( #2661, #2662, #2663, #2664, #2665, #2666, #2667, #2668, #2669, #2670 ) );
#1346 = AXIS2_PLACEMENT_3D( '', #2671, #2672, #2673 );
#1347 = EDGE_LOOP( '', ( #2674, #2675, #2676, #2677, #2678, #2679, #2680, #2681, #2682, #2683 ) );
#1348 = AXIS2_PLACEMENT_3D( '', #2684, #2685, #2686 );
#1349 = EDGE_LOOP( '', ( #2687, #2688, #2689, #2690 ) );
#1350 = AXIS2_PLACEMENT_3D( '', #2691, #2692, #2693 );
#1351 = EDGE_LOOP( '', ( #2694, #2695, #2696, #2697 ) );
#1352 = AXIS2_PLACEMENT_3D( '', #2698, #2699, #2700 );
#1353 = EDGE_LOOP( '', ( #2701, #2702, #2703, #2704 ) );
#1354 = AXIS2_PLACEMENT_3D( '', #2705, #2706, #2707 );
#1355 = EDGE_LOOP( '', ( #2708, #2709, #2710, #2711, #2712, #2713 ) );
#1356 = AXIS2_PLACEMENT_3D( '', #2714, #2715, #2716 );
#1357 = EDGE_LOOP( '', ( #2717, #2718, #2719, #2720 ) );
#1358 = AXIS2_PLACEMENT_3D( '', #2721, #2722, #2723 );
#1359 = EDGE_LOOP( '', ( #2724, #2725, #2726, #2727, #2728, #2729 ) );
#1360 = AXIS2_PLACEMENT_3D( '', #2730, #2731, #2732 );
#1361 = EDGE_LOOP( '', ( #2733, #2734, #2735, #2736, #2737, #2738 ) );
#1362 = AXIS2_PLACEMENT_3D( '', #2739, #2740, #2741 );
#1363 = EDGE_LOOP( '', ( #2742, #2743, #2744, #2745 ) );
#1364 = AXIS2_PLACEMENT_3D( '', #2746, #2747, #2748 );
#1365 = EDGE_LOOP( '', ( #2749, #2750, #2751, #2752, #2753, #2754, #2755, #2756, #2757 ) );
#1366 = AXIS2_PLACEMENT_3D( '', #2758, #2759, #2760 );
#1367 = EDGE_LOOP( '', ( #2761, #2762, #2763, #2764 ) );
#1368 = AXIS2_PLACEMENT_3D( '', #2765, #2766, #2767 );
#1369 = EDGE_LOOP( '', ( #2768, #2769, #2770, #2771, #2772, #2773 ) );
#1370 = AXIS2_PLACEMENT_3D( '', #2774, #2775, #2776 );
#1371 = EDGE_LOOP( '', ( #2777, #2778, #2779, #2780 ) );
#1372 = AXIS2_PLACEMENT_3D( '', #2781, #2782, #2783 );
#1373 = EDGE_LOOP( '', ( #2784, #2785, #2786, #2787 ) );
#1374 = AXIS2_PLACEMENT_3D( '', #2788, #2789, #2790 );
#1375 = EDGE_LOOP( '', ( #2791, #2792, #2793, #2794 ) );
#1376 = AXIS2_PLACEMENT_3D( '', #2795, #2796, #2797 );
#1377 = EDGE_LOOP( '', ( #2798, #2799, #2800, #2801, #2802 ) );
#1378 = AXIS2_PLACEMENT_3D( '', #2803, #2804, #2805 );
#1379 = EDGE_LOOP( '', ( #2806, #2807, #2808, #2809 ) );
#1380 = AXIS2_PLACEMENT_3D( '', #2810, #2811, #2812 );
#1381 = EDGE_LOOP( '', ( #2813, #2814, #2815, #2816 ) );
#1382 = AXIS2_PLACEMENT_3D( '', #2817, #2818, #2819 );
#1383 = EDGE_LOOP( '', ( #2820, #2821, #2822, #2823 ) );
#1384 = AXIS2_PLACEMENT_3D( '', #2824, #2825, #2826 );
#1385 = EDGE_LOOP( '', ( #2827, #2828, #2829, #2830 ) );
#1386 = AXIS2_PLACEMENT_3D( '', #2831, #2832, #2833 );
#1387 = EDGE_LOOP( '', ( #2834, #2835, #2836, #2837 ) );
#1388 = AXIS2_PLACEMENT_3D( '', #2838, #2839, #2840 );
#1389 = EDGE_LOOP( '', ( #2841, #2842, #2843, #2844 ) );
#1390 = AXIS2_PLACEMENT_3D( '', #2845, #2846, #2847 );
#1391 = EDGE_LOOP( '', ( #2848, #2849, #2850, #2851 ) );
#1392 = AXIS2_PLACEMENT_3D( '', #2852, #2853, #2854 );
#1393 = EDGE_LOOP( '', ( #2855, #2856, #2857, #2858, #2859, #2860 ) );
#1394 = AXIS2_PLACEMENT_3D( '', #2861, #2862, #2863 );
#1395 = EDGE_LOOP( '', ( #2864, #2865, #2866, #2867, #2868 ) );
#1396 = AXIS2_PLACEMENT_3D( '', #2869, #2870, #2871 );
#1397 = EDGE_LOOP( '', ( #2872, #2873, #2874, #2875 ) );
#1398 = AXIS2_PLACEMENT_3D( '', #2876, #2877, #2878 );
#1399 = EDGE_LOOP( '', ( #2879, #2880, #2881, #2882 ) );
#1400 = AXIS2_PLACEMENT_3D( '', #2883, #2884, #2885 );
#1401 = EDGE_LOOP( '', ( #2886, #2887, #2888, #2889 ) );
#1402 = AXIS2_PLACEMENT_3D( '', #2890, #2891, #2892 );
#1403 = EDGE_LOOP( '', ( #2893, #2894, #2895, #2896 ) );
#1404 = AXIS2_PLACEMENT_3D( '', #2897, #2898, #2899 );
#1405 = EDGE_LOOP( '', ( #2900, #2901, #2902, #2903 ) );
#1406 = AXIS2_PLACEMENT_3D( '', #2904, #2905, #2906 );
#1407 = EDGE_LOOP( '', ( #2907, #2908, #2909, #2910 ) );
#1408 = AXIS2_PLACEMENT_3D( '', #2911, #2912, #2913 );
#1409 = EDGE_LOOP( '', ( #2914, #2915, #2916, #2917 ) );
#1410 = AXIS2_PLACEMENT_3D( '', #2918, #2919, #2920 );
#1411 = EDGE_LOOP( '', ( #2921, #2922, #2923, #2924, #2925, #2926 ) );
#1412 = AXIS2_PLACEMENT_3D( '', #2927, #2928, #2929 );
#1413 = EDGE_LOOP( '', ( #2930, #2931, #2932, #2933 ) );
#1414 = AXIS2_PLACEMENT_3D( '', #2934, #2935, #2936 );
#1415 = EDGE_LOOP( '', ( #2937, #2938, #2939, #2940 ) );
#1416 = AXIS2_PLACEMENT_3D( '', #2941, #2942, #2943 );
#1417 = EDGE_LOOP( '', ( #2944, #2945, #2946, #2947 ) );
#1418 = AXIS2_PLACEMENT_3D( '', #2948, #2949, #2950 );
#1419 = EDGE_LOOP( '', ( #2951, #2952, #2953, #2954, #2955, #2956 ) );
#1420 = AXIS2_PLACEMENT_3D( '', #2957, #2958, #2959 );
#1421 = EDGE_LOOP( '', ( #2960, #2961, #2962, #2963 ) );
#1422 = AXIS2_PLACEMENT_3D( '', #2964, #2965, #2966 );
#1423 = EDGE_LOOP( '', ( #2967, #2968, #2969, #2970 ) );
#1424 = AXIS2_PLACEMENT_3D( '', #2971, #2972, #2973 );
#1425 = EDGE_LOOP( '', ( #2974, #2975, #2976, #2977 ) );
#1426 = AXIS2_PLACEMENT_3D( '', #2978, #2979, #2980 );
#1427 = EDGE_LOOP( '', ( #2981, #2982, #2983, #2984 ) );
#1428 = AXIS2_PLACEMENT_3D( '', #2985, #2986, #2987 );
#1429 = EDGE_LOOP( '', ( #2988, #2989, #2990, #2991 ) );
#1430 = AXIS2_PLACEMENT_3D( '', #2992, #2993, #2994 );
#1431 = EDGE_LOOP( '', ( #2995, #2996, #2997, #2998, #2999 ) );
#1432 = AXIS2_PLACEMENT_3D( '', #3000, #3001, #3002 );
#1433 = EDGE_LOOP( '', ( #3003, #3004, #3005, #3006 ) );
#1434 = AXIS2_PLACEMENT_3D( '', #3007, #3008, #3009 );
#1435 = EDGE_LOOP( '', ( #3010, #3011, #3012, #3013 ) );
#1436 = AXIS2_PLACEMENT_3D( '', #3014, #3015, #3016 );
#1437 = EDGE_LOOP( '', ( #3017, #3018, #3019, #3020, #3021, #3022, #3023 ) );
#1438 = AXIS2_PLACEMENT_3D( '', #3024, #3025, #3026 );
#1439 = EDGE_LOOP( '', ( #3027, #3028, #3029, #3030, #3031, #3032, #3033, #3034, #3035 ) );
#1440 = AXIS2_PLACEMENT_3D( '', #3036, #3037, #3038 );
#1441 = EDGE_LOOP( '', ( #3039, #3040, #3041, #3042 ) );
#1442 = AXIS2_PLACEMENT_3D( '', #3043, #3044, #3045 );
#1443 = EDGE_LOOP( '', ( #3046, #3047, #3048, #3049 ) );
#1444 = AXIS2_PLACEMENT_3D( '', #3050, #3051, #3052 );
#1445 = EDGE_LOOP( '', ( #3053, #3054, #3055, #3056, #3057, #3058, #3059, #3060, #3061 ) );
#1446 = AXIS2_PLACEMENT_3D( '', #3062, #3063, #3064 );
#1447 = EDGE_LOOP( '', ( #3065, #3066, #3067, #3068, #3069, #3070, #3071, #3072, #3073, #3074, #3075, #3076, #3077, #3078, #3079, #3080 ) );
#1448 = AXIS2_PLACEMENT_3D( '', #3081, #3082, #3083 );
#1449 = EDGE_LOOP( '', ( #3084, #3085, #3086, #3087, #3088, #3089, #3090, #3091, #3092, #3093 ) );
#1450 = AXIS2_PLACEMENT_3D( '', #3094, #3095, #3096 );
#1451 = EDGE_LOOP( '', ( #3097, #3098, #3099, #3100, #3101, #3102, #3103, #3104 ) );
#1452 = AXIS2_PLACEMENT_3D( '', #3105, #3106, #3107 );
#1453 = EDGE_LOOP( '', ( #3108, #3109, #3110, #3111, #3112, #3113, #3114, #3115, #3116, #3117 ) );
#1454 = EDGE_LOOP( '', ( #3118, #3119, #3120, #3121, #3122, #3123, #3124, #3125 ) );
#1455 = AXIS2_PLACEMENT_3D( '', #3126, #3127, #3128 );
#1456 = EDGE_LOOP( '', ( #3129, #3130, #3131, #3132, #3133, #3134, #3135, #3136, #3137, #3138 ) );
#1457 = AXIS2_PLACEMENT_3D( '', #3139, #3140, #3141 );
#1458 = EDGE_LOOP( '', ( #3142, #3143, #3144, #3145, #3146, #3147, #3148, #3149, #3150, #3151, #3152, #3153, #3154, #3155, #3156, #3157 ) );
#1459 = AXIS2_PLACEMENT_3D( '', #3158, #3159, #3160 );
#1460 = EDGE_LOOP( '', ( #3161, #3162, #3163, #3164, #3165 ) );
#1461 = AXIS2_PLACEMENT_3D( '', #3166, #3167, #3168 );
#1462 = EDGE_LOOP( '', ( #3169, #3170, #3171, #3172 ) );
#1463 = AXIS2_PLACEMENT_3D( '', #3173, #3174, #3175 );
#1464 = EDGE_LOOP( '', ( #3176, #3177, #3178, #3179 ) );
#1465 = AXIS2_PLACEMENT_3D( '', #3180, #3181, #3182 );
#1466 = EDGE_LOOP( '', ( #3183, #3184, #3185, #3186 ) );
#1467 = AXIS2_PLACEMENT_3D( '', #3187, #3188, #3189 );
#1468 = EDGE_LOOP( '', ( #3190, #3191, #3192, #3193 ) );
#1469 = AXIS2_PLACEMENT_3D( '', #3194, #3195, #3196 );
#1470 = EDGE_LOOP( '', ( #3197, #3198, #3199, #3200 ) );
#1471 = AXIS2_PLACEMENT_3D( '', #3201, #3202, #3203 );
#1472 = EDGE_LOOP( '', ( #3204, #3205, #3206, #3207 ) );
#1473 = AXIS2_PLACEMENT_3D( '', #3208, #3209, #3210 );
#1474 = EDGE_LOOP( '', ( #3211, #3212, #3213, #3214 ) );
#1475 = AXIS2_PLACEMENT_3D( '', #3215, #3216, #3217 );
#1476 = EDGE_LOOP( '', ( #3218, #3219, #3220, #3221, #3222 ) );
#1477 = AXIS2_PLACEMENT_3D( '', #3223, #3224, #3225 );
#1478 = EDGE_LOOP( '', ( #3226, #3227, #3228, #3229 ) );
#1479 = AXIS2_PLACEMENT_3D( '', #3230, #3231, #3232 );
#1480 = EDGE_LOOP( '', ( #3233, #3234, #3235, #3236 ) );
#1481 = AXIS2_PLACEMENT_3D( '', #3237, #3238, #3239 );
#1482 = EDGE_LOOP( '', ( #3240, #3241, #3242, #3243 ) );
#1483 = AXIS2_PLACEMENT_3D( '', #3244, #3245, #3246 );
#1484 = EDGE_LOOP( '', ( #3247, #3248, #3249, #3250 ) );
#1485 = AXIS2_PLACEMENT_3D( '', #3251, #3252, #3253 );
#1486 = EDGE_LOOP( '', ( #3254, #3255, #3256, #3257 ) );
#1487 = AXIS2_PLACEMENT_3D( '', #3258, #3259, #3260 );
#1488 = EDGE_LOOP( '', ( #3261, #3262, #3263, #3264 ) );
#1489 = AXIS2_PLACEMENT_3D( '', #3265, #3266, #3267 );
#1490 = EDGE_LOOP( '', ( #3268, #3269, #3270, #3271 ) );
#1491 = AXIS2_PLACEMENT_3D( '', #3272, #3273, #3274 );
#1492 = EDGE_LOOP( '', ( #3275, #3276, #3277, #3278 ) );
#1493 = AXIS2_PLACEMENT_3D( '', #3279, #3280, #3281 );
#1494 = EDGE_LOOP( '', ( #3282, #3283, #3284, #3285, #3286, #3287 ) );
#1495 = AXIS2_PLACEMENT_3D( '', #3288, #3289, #3290 );
#1496 = EDGE_LOOP( '', ( #3291, #3292, #3293, #3294 ) );
#1497 = AXIS2_PLACEMENT_3D( '', #3295, #3296, #3297 );
#1498 = EDGE_LOOP( '', ( #3298, #3299, #3300, #3301 ) );
#1499 = AXIS2_PLACEMENT_3D( '', #3302, #3303, #3304 );
#1500 = EDGE_LOOP( '', ( #3305, #3306, #3307, #3308, #3309, #3310, #3311, #3312, #3313, #3314, #3315, #3316 ) );
#1501 = EDGE_LOOP( '', ( #3317, #3318, #3319, #3320, #3321, #3322, #3323, #3324 ) );
#1502 = AXIS2_PLACEMENT_3D( '', #3325, #3326, #3327 );
#1503 = EDGE_LOOP( '', ( #3328, #3329, #3330, #3331 ) );
#1504 = AXIS2_PLACEMENT_3D( '', #3332, #3333, #3334 );
#1505 = EDGE_LOOP( '', ( #3335, #3336, #3337, #3338, #3339 ) );
#1506 = AXIS2_PLACEMENT_3D( '', #3340, #3341, #3342 );
#1507 = EDGE_LOOP( '', ( #3343, #3344, #3345, #3346 ) );
#1508 = AXIS2_PLACEMENT_3D( '', #3347, #3348, #3349 );
#1509 = EDGE_LOOP( '', ( #3350, #3351, #3352, #3353 ) );
#1510 = AXIS2_PLACEMENT_3D( '', #3354, #3355, #3356 );
#1511 = EDGE_LOOP( '', ( #3357, #3358, #3359, #3360, #3361, #3362, #3363, #3364 ) );
#1512 = AXIS2_PLACEMENT_3D( '', #3365, #3366, #3367 );
#1513 = EDGE_LOOP( '', ( #3368, #3369, #3370, #3371 ) );
#1514 = AXIS2_PLACEMENT_3D( '', #3372, #3373, #3374 );
#1515 = EDGE_LOOP( '', ( #3375, #3376, #3377, #3378 ) );
#1516 = AXIS2_PLACEMENT_3D( '', #3379, #3380, #3381 );
#1517 = EDGE_LOOP( '', ( #3382, #3383, #3384, #3385, #3386, #3387 ) );
#1518 = AXIS2_PLACEMENT_3D( '', #3388, #3389, #3390 );
#1519 = EDGE_LOOP( '', ( #3391, #3392, #3393, #3394 ) );
#1520 = AXIS2_PLACEMENT_3D( '', #3395, #3396, #3397 );
#1521 = EDGE_LOOP( '', ( #3398, #3399, #3400, #3401 ) );
#1522 = AXIS2_PLACEMENT_3D( '', #3402, #3403, #3404 );
#1523 = EDGE_LOOP( '', ( #3405, #3406, #3407, #3408 ) );
#1524 = AXIS2_PLACEMENT_3D( '', #3409, #3410, #3411 );
#1525 = EDGE_LOOP( '', ( #3412, #3413, #3414, #3415, #3416 ) );
#1526 = AXIS2_PLACEMENT_3D( '', #3417, #3418, #3419 );
#1527 = EDGE_LOOP( '', ( #3420, #3421, #3422, #3423 ) );
#1528 = AXIS2_PLACEMENT_3D( '', #3424, #3425, #3426 );
#1529 = EDGE_LOOP( '', ( #3427, #3428, #3429, #3430 ) );
#1530 = AXIS2_PLACEMENT_3D( '', #3431, #3432, #3433 );
#1531 = EDGE_LOOP( '', ( #3434, #3435, #3436, #3437 ) );
#1532 = AXIS2_PLACEMENT_3D( '', #3438, #3439, #3440 );
#1533 = EDGE_LOOP( '', ( #3441, #3442, #3443, #3444, #3445, #3446, #3447, #3448, #3449, #3450 ) );
#1534 = AXIS2_PLACEMENT_3D( '', #3451, #3452, #3453 );
#1535 = EDGE_LOOP( '', ( #3454, #3455, #3456, #3457 ) );
#1536 = AXIS2_PLACEMENT_3D( '', #3458, #3459, #3460 );
#1537 = EDGE_LOOP( '', ( #3461, #3462, #3463, #3464, #3465, #3466, #3467, #3468, #3469, #3470, #3471, #3472, #3473, #3474 ) );
#1538 = EDGE_LOOP( '', ( #3475, #3476, #3477, #3478 ) );
#1539 = EDGE_LOOP( '', ( #3479, #3480, #3481, #3482 ) );
#1540 = EDGE_LOOP( '', ( #3483, #3484, #3485, #3486 ) );
#1541 = EDGE_LOOP( '', ( #3487, #3488, #3489, #3490 ) );
#1542 = EDGE_LOOP( '', ( #3491, #3492, #3493, #3494 ) );
#1543 = EDGE_LOOP( '', ( #3495, #3496, #3497, #3498 ) );
#1544 = EDGE_LOOP( '', ( #3499, #3500, #3501, #3502 ) );
#1545 = EDGE_LOOP( '', ( #3503, #3504, #3505, #3506 ) );
#1546 = EDGE_LOOP( '', ( #3507, #3508, #3509, #3510 ) );
#1547 = EDGE_LOOP( '', ( #3511, #3512, #3513, #3514 ) );
#1548 = EDGE_LOOP( '', ( #3515, #3516, #3517, #3518 ) );
#1549 = AXIS2_PLACEMENT_3D( '', #3519, #3520, #3521 );
#1550 = EDGE_LOOP( '', ( #3522, #3523, #3524, #3525 ) );
#1551 = AXIS2_PLACEMENT_3D( '', #3526, #3527, #3528 );
#1552 = EDGE_LOOP( '', ( #3529, #3530, #3531, #3532, #3533, #3534, #3535, #3536, #3537, #3538 ) );
#1553 = AXIS2_PLACEMENT_3D( '', #3539, #3540, #3541 );
#1554 = EDGE_LOOP( '', ( #3542, #3543, #3544, #3545, #3546, #3547 ) );
#1555 = AXIS2_PLACEMENT_3D( '', #3548, #3549, #3550 );
#1556 = EDGE_LOOP( '', ( #3551, #3552, #3553, #3554 ) );
#1557 = AXIS2_PLACEMENT_3D( '', #3555, #3556, #3557 );
#1558 = EDGE_LOOP( '', ( #3558, #3559, #3560, #3561 ) );
#1559 = AXIS2_PLACEMENT_3D( '', #3562, #3563, #3564 );
#1560 = EDGE_LOOP( '', ( #3565, #3566, #3567, #3568, #3569, #3570 ) );
#1561 = AXIS2_PLACEMENT_3D( '', #3571, #3572, #3573 );
#1562 = EDGE_LOOP( '', ( #3574, #3575, #3576, #3577, #3578, #3579 ) );
#1563 = AXIS2_PLACEMENT_3D( '', #3580, #3581, #3582 );
#1564 = EDGE_LOOP( '', ( #3583, #3584, #3585, #3586 ) );
#1565 = AXIS2_PLACEMENT_3D( '', #3587, #3588, #3589 );
#1566 = EDGE_LOOP( '', ( #3590, #3591, #3592, #3593 ) );
#1567 = AXIS2_PLACEMENT_3D( '', #3594, #3595, #3596 );
#1568 = EDGE_LOOP( '', ( #3597, #3598, #3599, #3600 ) );
#1569 = AXIS2_PLACEMENT_3D( '', #3601, #3602, #3603 );
#1570 = EDGE_LOOP( '', ( #3604, #3605, #3606, #3607 ) );
#1571 = AXIS2_PLACEMENT_3D( '', #3608, #3609, #3610 );
#1572 = EDGE_LOOP( '', ( #3611, #3612, #3613, #3614, #3615 ) );
#1573 = AXIS2_PLACEMENT_3D( '', #3616, #3617, #3618 );
#1574 = EDGE_LOOP( '', ( #3619, #3620, #3621, #3622 ) );
#1575 = AXIS2_PLACEMENT_3D( '', #3623, #3624, #3625 );
#1576 = EDGE_LOOP( '', ( #3626, #3627, #3628, #3629 ) );
#1577 = AXIS2_PLACEMENT_3D( '', #3630, #3631, #3632 );
#1578 = EDGE_LOOP( '', ( #3633, #3634, #3635, #3636 ) );
#1579 = AXIS2_PLACEMENT_3D( '', #3637, #3638, #3639 );
#1580 = EDGE_LOOP( '', ( #3640, #3641, #3642, #3643, #3644, #3645, #3646, #3647, #3648 ) );
#1581 = AXIS2_PLACEMENT_3D( '', #3649, #3650, #3651 );
#1582 = EDGE_LOOP( '', ( #3652, #3653, #3654, #3655 ) );
#1583 = AXIS2_PLACEMENT_3D( '', #3656, #3657, #3658 );
#1584 = EDGE_LOOP( '', ( #3659, #3660, #3661, #3662 ) );
#1585 = AXIS2_PLACEMENT_3D( '', #3663, #3664, #3665 );
#1586 = EDGE_LOOP( '', ( #3666, #3667, #3668, #3669 ) );
#1587 = AXIS2_PLACEMENT_3D( '', #3670, #3671, #3672 );
#1588 = EDGE_LOOP( '', ( #3673, #3674, #3675, #3676 ) );
#1589 = AXIS2_PLACEMENT_3D( '', #3677, #3678, #3679 );
#1590 = EDGE_LOOP( '', ( #3680, #3681, #3682, #3683 ) );
#1591 = AXIS2_PLACEMENT_3D( '', #3684, #3685, #3686 );
#1592 = EDGE_LOOP( '', ( #3687, #3688, #3689, #3690, #3691, #3692, #3693, #3694 ) );
#1593 = AXIS2_PLACEMENT_3D( '', #3695, #3696, #3697 );
#1594 = EDGE_LOOP( '', ( #3698, #3699, #3700, #3701 ) );
#1595 = AXIS2_PLACEMENT_3D( '', #3702, #3703, #3704 );
#1596 = EDGE_LOOP( '', ( #3705, #3706, #3707, #3708 ) );
#1597 = AXIS2_PLACEMENT_3D( '', #3709, #3710, #3711 );
#1598 = EDGE_LOOP( '', ( #3712, #3713, #3714, #3715, #3716 ) );
#1599 = AXIS2_PLACEMENT_3D( '', #3717, #3718, #3719 );
#1600 = EDGE_LOOP( '', ( #3720, #3721, #3722, #3723 ) );
#1601 = AXIS2_PLACEMENT_3D( '', #3724, #3725, #3726 );
#1602 = EDGE_LOOP( '', ( #3727, #3728, #3729, #3730 ) );
#1603 = AXIS2_PLACEMENT_3D( '', #3731, #3732, #3733 );
#1604 = EDGE_LOOP( '', ( #3734, #3735, #3736, #3737 ) );
#1605 = AXIS2_PLACEMENT_3D( '', #3738, #3739, #3740 );
#1606 = EDGE_LOOP( '', ( #3741, #3742, #3743, #3744 ) );
#1607 = AXIS2_PLACEMENT_3D( '', #3745, #3746, #3747 );
#1608 = EDGE_LOOP( '', ( #3748, #3749, #3750, #3751, #3752, #3753, #3754, #3755 ) );
#1609 = AXIS2_PLACEMENT_3D( '', #3756, #3757, #3758 );
#1610 = EDGE_LOOP( '', ( #3759, #3760, #3761, #3762 ) );
#1611 = AXIS2_PLACEMENT_3D( '', #3763, #3764, #3765 );
#1612 = EDGE_LOOP( '', ( #3766, #3767, #3768, #3769 ) );
#1613 = AXIS2_PLACEMENT_3D( '', #3770, #3771, #3772 );
#1614 = EDGE_LOOP( '', ( #3773, #3774, #3775, #3776, #3777 ) );
#1615 = AXIS2_PLACEMENT_3D( '', #3778, #3779, #3780 );
#1616 = EDGE_LOOP( '', ( #3781, #3782, #3783, #3784 ) );
#1617 = AXIS2_PLACEMENT_3D( '', #3785, #3786, #3787 );
#1618 = EDGE_LOOP( '', ( #3788, #3789, #3790, #3791, #3792 ) );
#1619 = AXIS2_PLACEMENT_3D( '', #3793, #3794, #3795 );
#1620 = EDGE_LOOP( '', ( #3796, #3797, #3798, #3799 ) );
#1621 = AXIS2_PLACEMENT_3D( '', #3800, #3801, #3802 );
#1622 = EDGE_LOOP( '', ( #3803, #3804, #3805, #3806 ) );
#1623 = AXIS2_PLACEMENT_3D( '', #3807, #3808, #3809 );
#1624 = EDGE_LOOP( '', ( #3810, #3811, #3812, #3813 ) );
#1625 = AXIS2_PLACEMENT_3D( '', #3814, #3815, #3816 );
#1626 = EDGE_LOOP( '', ( #3817, #3818, #3819, #3820 ) );
#1627 = AXIS2_PLACEMENT_3D( '', #3821, #3822, #3823 );
#1628 = EDGE_LOOP( '', ( #3824, #3825, #3826, #3827 ) );
#1629 = AXIS2_PLACEMENT_3D( '', #3828, #3829, #3830 );
#1630 = EDGE_LOOP( '', ( #3831, #3832, #3833, #3834, #3835 ) );
#1631 = AXIS2_PLACEMENT_3D( '', #3836, #3837, #3838 );
#1632 = EDGE_LOOP( '', ( #3839, #3840, #3841, #3842 ) );
#1633 = AXIS2_PLACEMENT_3D( '', #3843, #3844, #3845 );
#1634 = EDGE_LOOP( '', ( #3846, #3847, #3848, #3849, #3850, #3851, #3852, #3853, #3854, #3855 ) );
#1635 = AXIS2_PLACEMENT_3D( '', #3856, #3857, #3858 );
#1636 = EDGE_LOOP( '', ( #3859, #3860, #3861, #3862, #3863, #3864, #3865, #3866 ) );
#1637 = AXIS2_PLACEMENT_3D( '', #3867, #3868, #3869 );
#1638 = EDGE_LOOP( '', ( #3870, #3871, #3872, #3873, #3874, #3875, #3876, #3877 ) );
#1639 = AXIS2_PLACEMENT_3D( '', #3878, #3879, #3880 );
#1640 = EDGE_LOOP( '', ( #3881, #3882, #3883, #3884 ) );
#1641 = AXIS2_PLACEMENT_3D( '', #3885, #3886, #3887 );
#1642 = EDGE_LOOP( '', ( #3888, #3889, #3890, #3891 ) );
#1643 = AXIS2_PLACEMENT_3D( '', #3892, #3893, #3894 );
#1644 = EDGE_LOOP( '', ( #3895, #3896, #3897, #3898, #3899, #3900, #3901, #3902 ) );
#1645 = AXIS2_PLACEMENT_3D( '', #3903, #3904, #3905 );
#1646 = EDGE_LOOP( '', ( #3906, #3907, #3908, #3909 ) );
#1647 = AXIS2_PLACEMENT_3D( '', #3910, #3911, #3912 );
#1648 = EDGE_LOOP( '', ( #3913, #3914, #3915, #3916 ) );
#1649 = AXIS2_PLACEMENT_3D( '', #3917, #3918, #3919 );
#1650 = EDGE_LOOP( '', ( #3920, #3921, #3922, #3923 ) );
#1651 = AXIS2_PLACEMENT_3D( '', #3924, #3925, #3926 );
#1652 = EDGE_LOOP( '', ( #3927, #3928, #3929, #3930, #3931, #3932, #3933, #3934 ) );
#1653 = AXIS2_PLACEMENT_3D( '', #3935, #3936, #3937 );
#1654 = EDGE_LOOP( '', ( #3938, #3939, #3940, #3941 ) );
#1655 = AXIS2_PLACEMENT_3D( '', #3942, #3943, #3944 );
#1656 = EDGE_LOOP( '', ( #3945, #3946, #3947, #3948 ) );
#1657 = AXIS2_PLACEMENT_3D( '', #3949, #3950, #3951 );
#1658 = EDGE_LOOP( '', ( #3952, #3953, #3954, #3955 ) );
#1659 = AXIS2_PLACEMENT_3D( '', #3956, #3957, #3958 );
#1660 = EDGE_LOOP( '', ( #3959, #3960, #3961, #3962 ) );
#1661 = AXIS2_PLACEMENT_3D( '', #3963, #3964, #3965 );
#1662 = EDGE_LOOP( '', ( #3966, #3967, #3968, #3969 ) );
#1663 = AXIS2_PLACEMENT_3D( '', #3970, #3971, #3972 );
#1664 = EDGE_LOOP( '', ( #3973, #3974, #3975, #3976 ) );
#1665 = AXIS2_PLACEMENT_3D( '', #3977, #3978, #3979 );
#1666 = EDGE_LOOP( '', ( #3980, #3981, #3982, #3983 ) );
#1667 = AXIS2_PLACEMENT_3D( '', #3984, #3985, #3986 );
#1668 = EDGE_LOOP( '', ( #3987, #3988, #3989, #3990 ) );
#1669 = AXIS2_PLACEMENT_3D( '', #3991, #3992, #3993 );
#1670 = EDGE_LOOP( '', ( #3994, #3995, #3996, #3997, #3998, #3999 ) );
#1671 = AXIS2_PLACEMENT_3D( '', #4000, #4001, #4002 );
#1672 = EDGE_LOOP( '', ( #4003, #4004, #4005, #4006, #4007, #4008 ) );
#1673 = AXIS2_PLACEMENT_3D( '', #4009, #4010, #4011 );
#1674 = EDGE_LOOP( '', ( #4012, #4013, #4014, #4015 ) );
#1675 = AXIS2_PLACEMENT_3D( '', #4016, #4017, #4018 );
#1676 = EDGE_LOOP( '', ( #4019, #4020, #4021, #4022 ) );
#1677 = AXIS2_PLACEMENT_3D( '', #4023, #4024, #4025 );
#1678 = EDGE_LOOP( '', ( #4026, #4027, #4028, #4029, #4030 ) );
#1679 = AXIS2_PLACEMENT_3D( '', #4031, #4032, #4033 );
#1680 = EDGE_LOOP( '', ( #4034, #4035, #4036, #4037 ) );
#1681 = AXIS2_PLACEMENT_3D( '', #4038, #4039, #4040 );
#1682 = EDGE_LOOP( '', ( #4041, #4042, #4043, #4044, #4045, #4046, #4047, #4048, #4049, #4050 ) );
#1683 = AXIS2_PLACEMENT_3D( '', #4051, #4052, #4053 );
#1684 = EDGE_LOOP( '', ( #4054, #4055, #4056, #4057, #4058 ) );
#1685 = AXIS2_PLACEMENT_3D( '', #4059, #4060, #4061 );
#1686 = EDGE_LOOP( '', ( #4062, #4063, #4064, #4065 ) );
#1687 = AXIS2_PLACEMENT_3D( '', #4066, #4067, #4068 );
#1688 = EDGE_LOOP( '', ( #4069, #4070, #4071, #4072 ) );
#1689 = AXIS2_PLACEMENT_3D( '', #4073, #4074, #4075 );
#1690 = EDGE_LOOP( '', ( #4076, #4077, #4078, #4079 ) );
#1691 = AXIS2_PLACEMENT_3D( '', #4080, #4081, #4082 );
#1692 = EDGE_LOOP( '', ( #4083, #4084, #4085, #4086 ) );
#1693 = AXIS2_PLACEMENT_3D( '', #4087, #4088, #4089 );
#1694 = EDGE_LOOP( '', ( #4090, #4091, #4092, #4093 ) );
#1695 = AXIS2_PLACEMENT_3D( '', #4094, #4095, #4096 );
#1696 = EDGE_LOOP( '', ( #4097, #4098, #4099, #4100, #4101, #4102, #4103, #4104, #4105, #4106, #4107, #4108, #4109, #4110, #4111, #4112, #4113, #4114, #4115, #4116 ) );
#1697 = AXIS2_PLACEMENT_3D( '', #4117, #4118, #4119 );
#1698 = EDGE_LOOP( '', ( #4120, #4121, #4122, #4123 ) );
#1699 = AXIS2_PLACEMENT_3D( '', #4124, #4125, #4126 );
#1700 = EDGE_LOOP( '', ( #4127, #4128, #4129, #4130, #4131 ) );
#1701 = AXIS2_PLACEMENT_3D( '', #4132, #4133, #4134 );
#1702 = EDGE_LOOP( '', ( #4135, #4136, #4137, #4138 ) );
#1703 = AXIS2_PLACEMENT_3D( '', #4139, #4140, #4141 );
#1704 = EDGE_LOOP( '', ( #4142, #4143, #4144, #4145 ) );
#1705 = AXIS2_PLACEMENT_3D( '', #4146, #4147, #4148 );
#1706 = EDGE_LOOP( '', ( #4149, #4150, #4151, #4152 ) );
#1707 = AXIS2_PLACEMENT_3D( '', #4153, #4154, #4155 );
#1708 = EDGE_LOOP( '', ( #4156, #4157, #4158, #4159 ) );
#1709 = AXIS2_PLACEMENT_3D( '', #4160, #4161, #4162 );
#1710 = EDGE_LOOP( '', ( #4163, #4164, #4165, #4166 ) );
#1711 = AXIS2_PLACEMENT_3D( '', #4167, #4168, #4169 );
#1712 = EDGE_LOOP( '', ( #4170, #4171, #4172, #4173 ) );
#1713 = AXIS2_PLACEMENT_3D( '', #4174, #4175, #4176 );
#1714 = EDGE_LOOP( '', ( #4177, #4178, #4179, #4180 ) );
#1715 = AXIS2_PLACEMENT_3D( '', #4181, #4182, #4183 );
#1716 = EDGE_LOOP( '', ( #4184, #4185, #4186, #4187 ) );
#1717 = AXIS2_PLACEMENT_3D( '', #4188, #4189, #4190 );
#1718 = EDGE_LOOP( '', ( #4191, #4192, #4193, #4194 ) );
#1719 = AXIS2_PLACEMENT_3D( '', #4195, #4196, #4197 );
#1720 = EDGE_LOOP( '', ( #4198, #4199, #4200, #4201 ) );
#1721 = AXIS2_PLACEMENT_3D( '', #4202, #4203, #4204 );
#1722 = EDGE_LOOP( '', ( #4205, #4206, #4207, #4208 ) );
#1723 = AXIS2_PLACEMENT_3D( '', #4209, #4210, #4211 );
#1724 = EDGE_LOOP( '', ( #4212, #4213, #4214, #4215, #4216, #4217 ) );
#1725 = AXIS2_PLACEMENT_3D( '', #4218, #4219, #4220 );
#1726 = EDGE_LOOP( '', ( #4221, #4222, #4223, #4224 ) );
#1727 = AXIS2_PLACEMENT_3D( '', #4225, #4226, #4227 );
#1728 = EDGE_LOOP( '', ( #4228, #4229, #4230, #4231, #4232, #4233, #4234, #4235, #4236, #4237 ) );
#1729 = AXIS2_PLACEMENT_3D( '', #4238, #4239, #4240 );
#1730 = EDGE_LOOP( '', ( #4241, #4242, #4243, #4244, #4245, #4246, #4247, #4248, #4249, #4250 ) );
#1731 = AXIS2_PLACEMENT_3D( '', #4251, #4252, #4253 );
#1732 = EDGE_LOOP( '', ( #4254, #4255, #4256, #4257, #4258, #4259, #4260, #4261, #4262 ) );
#1733 = AXIS2_PLACEMENT_3D( '', #4263, #4264, #4265 );
#1734 = EDGE_LOOP( '', ( #4266, #4267, #4268, #4269 ) );
#1735 = AXIS2_PLACEMENT_3D( '', #4270, #4271, #4272 );
#1736 = EDGE_LOOP( '', ( #4273, #4274, #4275, #4276 ) );
#1737 = AXIS2_PLACEMENT_3D( '', #4277, #4278, #4279 );
#1738 = EDGE_LOOP( '', ( #4280, #4281, #4282, #4283 ) );
#1739 = AXIS2_PLACEMENT_3D( '', #4284, #4285, #4286 );
#1740 = EDGE_LOOP( '', ( #4287, #4288, #4289, #4290 ) );
#1741 = AXIS2_PLACEMENT_3D( '', #4291, #4292, #4293 );
#1742 = EDGE_LOOP( '', ( #4294, #4295, #4296, #4297 ) );
#1743 = AXIS2_PLACEMENT_3D( '', #4298, #4299, #4300 );
#1744 = EDGE_LOOP( '', ( #4301, #4302, #4303, #4304, #4305 ) );
#1745 = AXIS2_PLACEMENT_3D( '', #4306, #4307, #4308 );
#1746 = EDGE_LOOP( '', ( #4309, #4310, #4311, #4312 ) );
#1747 = AXIS2_PLACEMENT_3D( '', #4313, #4314, #4315 );
#1748 = EDGE_LOOP( '', ( #4316, #4317, #4318, #4319 ) );
#1749 = AXIS2_PLACEMENT_3D( '', #4320, #4321, #4322 );
#1750 = EDGE_LOOP( '', ( #4323, #4324, #4325, #4326, #4327, #4328, #4329, #4330, #4331, #4332 ) );
#1751 = AXIS2_PLACEMENT_3D( '', #4333, #4334, #4335 );
#1752 = EDGE_LOOP( '', ( #4336, #4337, #4338, #4339, #4340, #4341, #4342, #4343, #4344, #4345 ) );
#1753 = AXIS2_PLACEMENT_3D( '', #4346, #4347, #4348 );
#1754 = EDGE_LOOP( '', ( #4349, #4350, #4351, #4352, #4353, #4354, #4355 ) );
#1755 = AXIS2_PLACEMENT_3D( '', #4356, #4357, #4358 );
#1756 = EDGE_LOOP( '', ( #4359, #4360, #4361, #4362, #4363, #4364, #4365, #4366 ) );
#1757 = AXIS2_PLACEMENT_3D( '', #4367, #4368, #4369 );
#1758 = EDGE_LOOP( '', ( #4370, #4371, #4372, #4373 ) );
#1759 = AXIS2_PLACEMENT_3D( '', #4374, #4375, #4376 );
#1760 = EDGE_LOOP( '', ( #4377, #4378, #4379, #4380 ) );
#1761 = AXIS2_PLACEMENT_3D( '', #4381, #4382, #4383 );
#1762 = EDGE_LOOP( '', ( #4384, #4385, #4386, #4387 ) );
#1763 = AXIS2_PLACEMENT_3D( '', #4388, #4389, #4390 );
#1764 = EDGE_LOOP( '', ( #4391, #4392, #4393, #4394 ) );
#1765 = AXIS2_PLACEMENT_3D( '', #4395, #4396, #4397 );
#1766 = EDGE_LOOP( '', ( #4398, #4399, #4400, #4401 ) );
#1767 = AXIS2_PLACEMENT_3D( '', #4402, #4403, #4404 );
#1768 = EDGE_LOOP( '', ( #4405, #4406, #4407, #4408 ) );
#1769 = AXIS2_PLACEMENT_3D( '', #4409, #4410, #4411 );
#1770 = ORIENTED_EDGE( '', *, *, #4412, .F. );
#1771 = ORIENTED_EDGE( '', *, *, #4413, .T. );
#1772 = ORIENTED_EDGE( '', *, *, #4414, .T. );
#1773 = ORIENTED_EDGE( '', *, *, #4415, .F. );
#1774 = ORIENTED_EDGE( '', *, *, #4416, .F. );
#1775 = ORIENTED_EDGE( '', *, *, #4417, .T. );
#1776 = CARTESIAN_POINT( '', ( 3.80000000000000, -2.67500000000000, 1.29000000000000 ) );
#1777 = DIRECTION( '', ( -0.000000000000000, 1.00000000000000, 0.000000000000000 ) );
#1778 = DIRECTION( '', ( 1.00000000000000, 0.000000000000000, 0.000000000000000 ) );
#1779 = ORIENTED_EDGE( '', *, *, #4418, .T. );
#1780 = ORIENTED_EDGE( '', *, *, #4419, .T. );
#1781 = ORIENTED_EDGE( '', *, *, #4420, .F. );
#1782 = ORIENTED_EDGE( '', *, *, #4421, .T. );
#1783 = ORIENTED_EDGE( '', *, *, #4422, .T. );
#1784 = ORIENTED_EDGE( '', *, *, #4423, .T. );
#1785 = CARTESIAN_POINT( '', ( -2.82500000000000, -2.12500000000000, 1.49000000000000 ) );
#1786 = DIRECTION( '', ( -1.00000000000000, 0.000000000000000, 0.000000000000000 ) );
#1787 = DIRECTION( '', ( 0.000000000000000, 0.000000000000000, 1.00000000000000 ) );
#1788 = ORIENTED_EDGE( '', *, *, #4424, .T. );
#1789 = ORIENTED_EDGE( '', *, *, #4425, .F. );
#1790 = ORIENTED_EDGE( '', *, *, #4426, .F. );
#1791 = ORIENTED_EDGE( '', *, *, #4427, .T. );
#1792 = CARTESIAN_POINT( '', ( 3.80000000000000, -2.67500000000000, -1.51000000000000 ) );
#1793 = DIRECTION( '', ( 0.000000000000000, 0.000000000000000, -1.00000000000000 ) );
#1794 = DIRECTION( '', ( 0.000000000000000, -1.00000000000000, 0.000000000000000 ) );
#1795 = ORIENTED_EDGE( '', *, *, #4428, .T. );
#1796 = ORIENTED_EDGE( '', *, *, #4429, .F. );
#1797 = ORIENTED_EDGE( '', *, *, #4430, .T. );
#1798 = ORIENTED_EDGE( '', *, *, #4431, .F. );
#1799 = CARTESIAN_POINT( '', ( 4.07000000000000, -2.52500000000000, 1.49000000000000 ) );
#1800 = DIRECTION( '', ( 0.000000000000000, 1.00000000000000, 0.000000000000000 ) );
#1801 = DIRECTION( '', ( 1.00000000000000, 0.000000000000000, -0.000000000000000 ) );
#1802 = ORIENTED_EDGE( '', *, *, #4432, .F. );
#1803 = ORIENTED_EDGE( '', *, *, #4433, .F. );
#1804 = ORIENTED_EDGE( '', *, *, #4434, .F. );
#1805 = ORIENTED_EDGE( '', *, *, #4435, .F. );
#1806 = ORIENTED_EDGE( '', *, *, #4436, .T. );
#1807 = CARTESIAN_POINT( '', ( -0.712474057723800, -1.70000000000000, 2.61000000000000 ) );
#1808 = DIRECTION( '', ( 0.819152044289016, -0.573576436351011, 0.000000000000000 ) );
#1809 = DIRECTION( '', ( 0.000000000000000, 0.000000000000000, -1.00000000000000 ) );
#1810 = ORIENTED_EDGE( '', *, *, #4437, .T. );
#1811 = ORIENTED_EDGE( '', *, *, #4433, .T. );
#1812 = ORIENTED_EDGE( '', *, *, #4438, .F. );
#1813 = ORIENTED_EDGE( '', *, *, #4439, .T. );
#1814 = CARTESIAN_POINT( '', ( 2.25000000000000, -1.62500000000000, 2.76000000000000 ) );
#1815 = DIRECTION( '', ( 1.00000000000000, 0.000000000000000, 0.000000000000000 ) );
#1816 = DIRECTION( '', ( 0.000000000000000, 0.000000000000000, -1.00000000000000 ) );
#1817 = ORIENTED_EDGE( '', *, *, #4440, .T. );
#1818 = ORIENTED_EDGE( '', *, *, #4441, .F. );
#1819 = ORIENTED_EDGE( '', *, *, #4442, .F. );
#1820 = ORIENTED_EDGE( '', *, *, #4443, .T. );
#1821 = ORIENTED_EDGE( '', *, *, #4444, .T. );
#1822 = ORIENTED_EDGE( '', *, *, #4445, .T. );
#1823 = CARTESIAN_POINT( '', ( -3.80000000000000, -2.67500000000000, 1.29000000000000 ) );
#1824 = DIRECTION( '', ( -0.000000000000000, 1.00000000000000, 0.000000000000000 ) );
#1825 = DIRECTION( '', ( 1.00000000000000, 0.000000000000000, 0.000000000000000 ) );
#1826 = ORIENTED_EDGE( '', *, *, #4446, .T. );
#1827 = ORIENTED_EDGE( '', *, *, #4447, .T. );
#1828 = ORIENTED_EDGE( '', *, *, #4448, .F. );
#1829 = ORIENTED_EDGE( '', *, *, #4449, .F. );
#1830 = CARTESIAN_POINT( '', ( -3.10000000000000, -2.42500000000000, 1.49000000000000 ) );
#1831 = DIRECTION( '', ( -1.00000000000000, 0.000000000000000, 0.000000000000000 ) );
#1832 = DIRECTION( '', ( 0.000000000000000, 0.000000000000000, 1.00000000000000 ) );
#1833 = ORIENTED_EDGE( '', *, *, #4450, .F. );
#1834 = ORIENTED_EDGE( '', *, *, #4451, .T. );
#1835 = ORIENTED_EDGE( '', *, *, #4452, .T. );
#1836 = ORIENTED_EDGE( '', *, *, #4453, .F. );
#1837 = CARTESIAN_POINT( '', ( 2.63500000000000, 1.57500000000000, -1.18000000000000 ) );
#1838 = DIRECTION( '', ( 0.000000000000000, 1.00000000000000, 0.000000000000000 ) );
#1839 = DIRECTION( '', ( 1.00000000000000, 0.000000000000000, -0.000000000000000 ) );
#1840 = ORIENTED_EDGE( '', *, *, #4454, .T. );
#1841 = ORIENTED_EDGE( '', *, *, #4455, .F. );
#1842 = ORIENTED_EDGE( '', *, *, #4456, .F. );
#1843 = ORIENTED_EDGE( '', *, *, #4457, .T. );
#1844 = CARTESIAN_POINT( '', ( 0.800000000000000, 1.62500000000000, 2.96000000000000 ) );
#1845 = DIRECTION( '', ( 0.000000000000000, 1.00000000000000, 0.000000000000000 ) );
#1846 = DIRECTION( '', ( 1.00000000000000, 0.000000000000000, -0.000000000000000 ) );
#1847 = ORIENTED_EDGE( '', *, *, #4458, .F. );
#1848 = ORIENTED_EDGE( '', *, *, #4459, .T. );
#1849 = ORIENTED_EDGE( '', *, *, #4460, .F. );
#1850 = ORIENTED_EDGE( '', *, *, #4461, .F. );
#1851 = ORIENTED_EDGE( '', *, *, #4462, .F. );
#1852 = ORIENTED_EDGE( '', *, *, #4463, .F. );
#1853 = ORIENTED_EDGE( '', *, *, #4464, .F. );
#1854 = CARTESIAN_POINT( '', ( -0.750000000000000, 0.00500000000000000, 0.000000000000000 ) );
#1855 = DIRECTION( '', ( 1.00000000000000, 0.000000000000000, 0.000000000000000 ) );
#1856 = DIRECTION( '', ( 0.000000000000000, 1.00000000000000, -0.000000000000000 ) );
#1857 = ORIENTED_EDGE( '', *, *, #4465, .T. );
#1858 = ORIENTED_EDGE( '', *, *, #4466, .F. );
#1859 = ORIENTED_EDGE( '', *, *, #4467, .F. );
#1860 = ORIENTED_EDGE( '', *, *, #4468, .T. );
#1861 = CARTESIAN_POINT( '', ( -2.62500000000000, -2.52500000000000, -1.06437039865200 ) );
#1862 = DIRECTION( '', ( 0.000000000000000, -0.819152044289016, 0.573576436351011 ) );
#1863 = DIRECTION( '', ( -1.00000000000000, 0.000000000000000, 0.000000000000000 ) );
#1864 = ORIENTED_EDGE( '', *, *, #4469, .T. );
#1865 = ORIENTED_EDGE( '', *, *, #4470, .T. );
#1866 = ORIENTED_EDGE( '', *, *, #4471, .F. );
#1867 = ORIENTED_EDGE( '', *, *, #4472, .F. );
#1868 = CARTESIAN_POINT( '', ( -2.62500000000000, -2.12500000000000, 1.02000000000000 ) );
#1869 = DIRECTION( '', ( 0.000000000000000, 0.000000000000000, 1.00000000000000 ) );
#1870 = DIRECTION( '', ( 1.00000000000000, -0.000000000000000, 0.000000000000000 ) );
#1871 = ORIENTED_EDGE( '', *, *, #4473, .T. );
#1872 = ORIENTED_EDGE( '', *, *, #4474, .F. );
#1873 = ORIENTED_EDGE( '', *, *, #4475, .T. );
#1874 = ORIENTED_EDGE( '', *, *, #4476, .F. );
#1875 = CARTESIAN_POINT( '', ( -3.51000000000000, -2.67500000000000, 1.49000000000000 ) );
#1876 = DIRECTION( '', ( 1.00000000000000, 0.000000000000000, 0.000000000000000 ) );
#1877 = DIRECTION( '', ( 0.000000000000000, 1.00000000000000, -0.000000000000000 ) );
#1878 = ORIENTED_EDGE( '', *, *, #4477, .T. );
#1879 = ORIENTED_EDGE( '', *, *, #4478, .F. );
#1880 = ORIENTED_EDGE( '', *, *, #4479, .F. );
#1881 = ORIENTED_EDGE( '', *, *, #4480, .T. );
#1882 = CARTESIAN_POINT( '', ( 1.37500000000000, -2.72500000000000, -1.35000000000000 ) );
#1883 = DIRECTION( '', ( 0.000000000000000, -1.00000000000000, 0.000000000000000 ) );
#1884 = DIRECTION( '', ( 0.000000000000000, 0.000000000000000, -1.00000000000000 ) );
#1885 = ORIENTED_EDGE( '', *, *, #4481, .F. );
#1886 = ORIENTED_EDGE( '', *, *, #4482, .T. );
#1887 = ORIENTED_EDGE( '', *, *, #4483, .F. );
#1888 = ORIENTED_EDGE( '', *, *, #4484, .F. );
#1889 = CARTESIAN_POINT( '', ( -3.76750000000000, -1.81500000000000, 1.37750000000000 ) );
#1890 = DIRECTION( '', ( 0.707106781186548, 0.000000000000000, 0.707106781186548 ) );
#1891 = DIRECTION( '', ( 0.000000000000000, -1.00000000000000, 0.000000000000000 ) );
#1892 = ORIENTED_EDGE( '', *, *, #4485, .F. );
#1893 = ORIENTED_EDGE( '', *, *, #4486, .F. );
#1894 = ORIENTED_EDGE( '', *, *, #4487, .F. );
#1895 = ORIENTED_EDGE( '', *, *, #4488, .F. );
#1896 = CARTESIAN_POINT( '', ( 2.25000000000000, -1.32500000000000, 0.000000000000000 ) );
#1897 = DIRECTION( '', ( 0.000000000000000, -1.00000000000000, 0.000000000000000 ) );
#1898 = DIRECTION( '', ( 0.000000000000000, 0.000000000000000, -1.00000000000000 ) );
#1899 = ORIENTED_EDGE( '', *, *, #4489, .T. );
#1900 = ORIENTED_EDGE( '', *, *, #4490, .F. );
#1901 = ORIENTED_EDGE( '', *, *, #4491, .F. );
#1902 = ORIENTED_EDGE( '', *, *, #4492, .T. );
#1903 = CARTESIAN_POINT( '', ( 2.37500000000000, 0.475000000000000, 0.292448360330500 ) );
#1904 = DIRECTION( '', ( 1.00000000000000, -0.000000000000000, -0.000000000000000 ) );
#1905 = DIRECTION( '', ( 0.000000000000000, 1.00000000000000, 0.000000000000000 ) );
#1906 = ORIENTED_EDGE( '', *, *, #4493, .F. );
#1907 = ORIENTED_EDGE( '', *, *, #4494, .F. );
#1908 = ORIENTED_EDGE( '', *, *, #4495, .T. );
#1909 = ORIENTED_EDGE( '', *, *, #4496, .F. );
#1910 = CARTESIAN_POINT( '', ( -2.80000000000000, 2.07500000000000, 1.49000000000000 ) );
#1911 = DIRECTION( '', ( 1.00000000000000, 0.000000000000000, 0.000000000000000 ) );
#1912 = DIRECTION( '', ( 0.000000000000000, 1.00000000000000, -0.000000000000000 ) );
#1913 = ORIENTED_EDGE( '', *, *, #4497, .T. );
#1914 = ORIENTED_EDGE( '', *, *, #4498, .F. );
#1915 = ORIENTED_EDGE( '', *, *, #4499, .F. );
#1916 = ORIENTED_EDGE( '', *, *, #4500, .T. );
#1917 = ORIENTED_EDGE( '', *, *, #4501, .F. );
#1918 = CARTESIAN_POINT( '', ( 3.57500000000000, 2.68500000000000, 1.16000000000000 ) );
#1919 = DIRECTION( '', ( 1.00000000000000, 0.000000000000000, 0.000000000000000 ) );
#1920 = DIRECTION( '', ( 0.000000000000000, 1.00000000000000, -0.000000000000000 ) );
#1921 = ORIENTED_EDGE( '', *, *, #4502, .T. );
#1922 = ORIENTED_EDGE( '', *, *, #4503, .F. );
#1923 = ORIENTED_EDGE( '', *, *, #4504, .F. );
#1924 = ORIENTED_EDGE( '', *, *, #4505, .T. );
#1925 = ORIENTED_EDGE( '', *, *, #4506, .F. );
#1926 = ORIENTED_EDGE( '', *, *, #4507, .F. );
#1927 = CARTESIAN_POINT( '', ( 3.22500000000000, 2.68500000000000, 1.16000000000000 ) );
#1928 = DIRECTION( '', ( 1.00000000000000, 0.000000000000000, 0.000000000000000 ) );
#1929 = DIRECTION( '', ( 0.000000000000000, 1.00000000000000, -0.000000000000000 ) );
#1930 = ORIENTED_EDGE( '', *, *, #4508, .T. );
#1931 = ORIENTED_EDGE( '', *, *, #4509, .F. );
#1932 = ORIENTED_EDGE( '', *, *, #4510, .F. );
#1933 = ORIENTED_EDGE( '', *, *, #4511, .T. );
#1934 = CARTESIAN_POINT( '', ( -0.950000000000000, 1.47500000000000, 2.96000000000000 ) );
#1935 = DIRECTION( '', ( -1.00000000000000, 0.000000000000000, 0.000000000000000 ) );
#1936 = DIRECTION( '', ( 0.000000000000000, 0.000000000000000, 1.00000000000000 ) );
#1937 = ORIENTED_EDGE( '', *, *, #4512, .T. );
#1938 = ORIENTED_EDGE( '', *, *, #4513, .F. );
#1939 = ORIENTED_EDGE( '', *, *, #4514, .F. );
#1940 = ORIENTED_EDGE( '', *, *, #4515, .T. );
#1941 = CARTESIAN_POINT( '', ( 2.37500000000000, -2.62500000000000, -2.11000000000000 ) );
#1942 = DIRECTION( '', ( 0.000000000000000, 0.000000000000000, -1.00000000000000 ) );
#1943 = DIRECTION( '', ( 0.000000000000000, -1.00000000000000, 0.000000000000000 ) );
#1944 = ORIENTED_EDGE( '', *, *, #4516, .T. );
#1945 = ORIENTED_EDGE( '', *, *, #4517, .F. );
#1946 = ORIENTED_EDGE( '', *, *, #4518, .F. );
#1947 = ORIENTED_EDGE( '', *, *, #4519, .T. );
#1948 = CARTESIAN_POINT( '', ( 2.37500000000000, 0.475000000000000, 0.147551639669500 ) );
#1949 = DIRECTION( '', ( 1.00000000000000, -0.000000000000000, -0.000000000000000 ) );
#1950 = DIRECTION( '', ( 0.000000000000000, 1.00000000000000, 0.000000000000000 ) );
#1951 = ORIENTED_EDGE( '', *, *, #4520, .F. );
#1952 = ORIENTED_EDGE( '', *, *, #4521, .T. );
#1953 = ORIENTED_EDGE( '', *, *, #4522, .T. );
#1954 = ORIENTED_EDGE( '', *, *, #4523, .T. );
#1955 = ORIENTED_EDGE( '', *, *, #4524, .F. );
#1956 = ORIENTED_EDGE( '', *, *, #4525, .T. );
#1957 = ORIENTED_EDGE( '', *, *, #4526, .F. );
#1958 = ORIENTED_EDGE( '', *, *, #4414, .F. );
#1959 = ORIENTED_EDGE( '', *, *, #4527, .T. );
#1960 = CARTESIAN_POINT( '', ( 4.00000000000000, -2.67500000000000, 1.29000000000000 ) );
#1961 = DIRECTION( '', ( 1.00000000000000, 0.000000000000000, 0.000000000000000 ) );
#1962 = DIRECTION( '', ( 0.000000000000000, 1.00000000000000, -0.000000000000000 ) );
#1963 = ORIENTED_EDGE( '', *, *, #4528, .T. );
#1964 = ORIENTED_EDGE( '', *, *, #4529, .F. );
#1965 = ORIENTED_EDGE( '', *, *, #4530, .F. );
#1966 = ORIENTED_EDGE( '', *, *, #4531, .T. );
#1967 = CARTESIAN_POINT( '', ( 0.375000000000000, -2.52500000000000, -1.06437039865200 ) );
#1968 = DIRECTION( '', ( 0.000000000000000, -0.819152044289016, 0.573576436351011 ) );
#1969 = DIRECTION( '', ( -1.00000000000000, 0.000000000000000, 0.000000000000000 ) );
#1970 = ORIENTED_EDGE( '', *, *, #4532, .T. );
#1971 = ORIENTED_EDGE( '', *, *, #4533, .T. );
#1972 = ORIENTED_EDGE( '', *, *, #4534, .T. );
#1973 = ORIENTED_EDGE( '', *, *, #4535, .T. );
#1974 = ORIENTED_EDGE( '', *, *, #4536, .F. );
#1975 = ORIENTED_EDGE( '', *, *, #4537, .F. );
#1976 = ORIENTED_EDGE( '', *, *, #4538, .F. );
#1977 = ORIENTED_EDGE( '', *, *, #4539, .F. );
#1978 = ORIENTED_EDGE( '', *, *, #4540, .T. );
#1979 = ORIENTED_EDGE( '', *, *, #4541, .T. );
#1980 = CARTESIAN_POINT( '', ( -3.22500000000000, 2.68500000000000, 1.16000000000000 ) );
#1981 = DIRECTION( '', ( 0.000000000000000, 0.000000000000000, 1.00000000000000 ) );
#1982 = DIRECTION( '', ( 1.00000000000000, -0.000000000000000, 0.000000000000000 ) );
#1983 = ORIENTED_EDGE( '', *, *, #4542, .T. );
#1984 = ORIENTED_EDGE( '', *, *, #4543, .F. );
#1985 = ORIENTED_EDGE( '', *, *, #4544, .F. );
#1986 = ORIENTED_EDGE( '', *, *, #4545, .T. );
#1987 = CARTESIAN_POINT( '', ( 0.375000000000000, 0.575000000000000, 0.147551639669500 ) );
#1988 = DIRECTION( '', ( 0.000000000000000, 1.00000000000000, 0.000000000000000 ) );
#1989 = DIRECTION( '', ( 1.00000000000000, 0.000000000000000, -0.000000000000000 ) );
#1990 = ORIENTED_EDGE( '', *, *, #4546, .F. );
#1991 = ORIENTED_EDGE( '', *, *, #4547, .F. );
#1992 = ORIENTED_EDGE( '', *, *, #4548, .F. );
#1993 = ORIENTED_EDGE( '', *, *, #4549, .T. );
#1994 = ORIENTED_EDGE( '', *, *, #4550, .T. );
#1995 = ORIENTED_EDGE( '', *, *, #4551, .T. );
#1996 = ORIENTED_EDGE( '', *, *, #4552, .F. );
#1997 = ORIENTED_EDGE( '', *, *, #4553, .T. );
#1998 = CARTESIAN_POINT( '', ( 0.000000000000000, -2.67500000000000, 0.890000000000000 ) );
#1999 = DIRECTION( '', ( 0.000000000000000, 0.000000000000000, 1.00000000000000 ) );
#2000 = DIRECTION( '', ( 1.00000000000000, -0.000000000000000, 0.000000000000000 ) );
#2001 = ORIENTED_EDGE( '', *, *, #4426, .T. );
#2002 = ORIENTED_EDGE( '', *, *, #4554, .F. );
#2003 = ORIENTED_EDGE( '', *, *, #4525, .F. );
#2004 = ORIENTED_EDGE( '', *, *, #4555, .T. );
#2005 = CARTESIAN_POINT( '', ( 3.80000000000000, -2.67500000000000, -1.31000000000000 ) );
#2006 = DIRECTION( '', ( -0.000000000000000, 1.00000000000000, 0.000000000000000 ) );
#2007 = DIRECTION( '', ( 1.00000000000000, 0.000000000000000, 0.000000000000000 ) );
#2008 = ORIENTED_EDGE( '', *, *, #4556, .T. );
#2009 = ORIENTED_EDGE( '', *, *, #4557, .T. );
#2010 = ORIENTED_EDGE( '', *, *, #4558, .F. );
#2011 = ORIENTED_EDGE( '', *, *, #4559, .F. );
#2012 = ORIENTED_EDGE( '', *, *, #4560, .T. );
#2013 = ORIENTED_EDGE( '', *, *, #4561, .T. );
#2014 = ORIENTED_EDGE( '', *, *, #4562, .F. );
#2015 = ORIENTED_EDGE( '', *, *, #4563, .T. );
#2016 = CARTESIAN_POINT( '', ( 2.25000000000000, 1.87500000000000, 1.92500000000000 ) );
#2017 = DIRECTION( '', ( 0.000000000000000, -0.700467716482396, 0.713684088491496 ) );
#2018 = DIRECTION( '', ( -1.00000000000000, 0.000000000000000, 0.000000000000000 ) );
#2019 = ORIENTED_EDGE( '', *, *, #4564, .F. );
#2020 = ORIENTED_EDGE( '', *, *, #4565, .F. );
#2021 = ORIENTED_EDGE( '', *, *, #4566, .T. );
#2022 = ORIENTED_EDGE( '', *, *, #4567, .F. );
#2023 = ORIENTED_EDGE( '', *, *, #4568, .F. );
#2024 = ORIENTED_EDGE( '', *, *, #4569, .F. );
#2025 = CARTESIAN_POINT( '', ( -1.17500000000000, -2.67500000000000, 1.49000000000000 ) );
#2026 = DIRECTION( '', ( 1.00000000000000, 0.000000000000000, 0.000000000000000 ) );
#2027 = DIRECTION( '', ( 0.000000000000000, 1.00000000000000, -0.000000000000000 ) );
#2028 = ORIENTED_EDGE( '', *, *, #4570, .F. );
#2029 = ORIENTED_EDGE( '', *, *, #4571, .T. );
#2030 = ORIENTED_EDGE( '', *, *, #4572, .F. );
#2031 = ORIENTED_EDGE( '', *, *, #4561, .F. );
#2032 = ORIENTED_EDGE( '', *, *, #4573, .F. );
#2033 = ORIENTED_EDGE( '', *, *, #4574, .T. );
#2034 = CARTESIAN_POINT( '', ( 2.25000000000000, 0.00500000000000000, 0.000000000000000 ) );
#2035 = DIRECTION( '', ( 1.00000000000000, 0.000000000000000, 0.000000000000000 ) );
#2036 = DIRECTION( '', ( 0.000000000000000, 1.00000000000000, -0.000000000000000 ) );
#2037 = ORIENTED_EDGE( '', *, *, #4575, .T. );
#2038 = ORIENTED_EDGE( '', *, *, #4576, .F. );
#2039 = ORIENTED_EDGE( '', *, *, #4577, .F. );
#2040 = ORIENTED_EDGE( '', *, *, #4578, .T. );
#2041 = CARTESIAN_POINT( '', ( 0.000000000000000, -2.67500000000000, 0.000000000000000 ) );
#2042 = DIRECTION( '', ( 0.000000000000000, 1.00000000000000, 0.000000000000000 ) );
#2043 = DIRECTION( '', ( 1.00000000000000, 0.000000000000000, -0.000000000000000 ) );
#2044 = ORIENTED_EDGE( '', *, *, #4579, .T. );
#2045 = ORIENTED_EDGE( '', *, *, #4580, .F. );
#2046 = ORIENTED_EDGE( '', *, *, #4581, .F. );
#2047 = ORIENTED_EDGE( '', *, *, #4582, .T. );
#2048 = CARTESIAN_POINT( '', ( 2.37500000000000, -2.52500000000000, -1.06437039865200 ) );
#2049 = DIRECTION( '', ( 0.000000000000000, -0.819152044289016, 0.573576436351011 ) );
#2050 = DIRECTION( '', ( -1.00000000000000, 0.000000000000000, 0.000000000000000 ) );
#2051 = ORIENTED_EDGE( '', *, *, #4583, .T. );
#2052 = ORIENTED_EDGE( '', *, *, #4584, .F. );
#2053 = ORIENTED_EDGE( '', *, *, #4585, .F. );
#2054 = ORIENTED_EDGE( '', *, *, #4586, .T. );
#2055 = CARTESIAN_POINT( '', ( -4.00000000000000, -2.47500000000000, 1.34000000000000 ) );
#2056 = DIRECTION( '', ( 0.000000000000000, 0.707106781186548, -0.707106781186548 ) );
#2057 = DIRECTION( '', ( -1.00000000000000, 0.000000000000000, 0.000000000000000 ) );
#2058 = ORIENTED_EDGE( '', *, *, #4587, .T. );
#2059 = ORIENTED_EDGE( '', *, *, #4588, .T. );
#2060 = ORIENTED_EDGE( '', *, *, #4589, .F. );
#2061 = ORIENTED_EDGE( '', *, *, #4590, .F. );
#2062 = CARTESIAN_POINT( '', ( -2.62500000000000, -2.12500000000000, -0.0200000000000000 ) );
#2063 = DIRECTION( '', ( 0.000000000000000, 0.000000000000000, -1.00000000000000 ) );
#2064 = DIRECTION( '', ( 0.000000000000000, -1.00000000000000, 0.000000000000000 ) );
#2065 = ORIENTED_EDGE( '', *, *, #4530, .T. );
#2066 = ORIENTED_EDGE( '', *, *, #4591, .F. );
#2067 = ORIENTED_EDGE( '', *, *, #4592, .F. );
#2068 = ORIENTED_EDGE( '', *, *, #4593, .T. );
#2069 = CARTESIAN_POINT( '', ( 0.375000000000000, -2.52500000000000, 1.02000000000000 ) );
#2070 = DIRECTION( '', ( 0.000000000000000, -1.00000000000000, 0.000000000000000 ) );
#2071 = DIRECTION( '', ( 0.000000000000000, 0.000000000000000, -1.00000000000000 ) );
#2072 = ORIENTED_EDGE( '', *, *, #4585, .T. );
#2073 = ORIENTED_EDGE( '', *, *, #4594, .F. );
#2074 = ORIENTED_EDGE( '', *, *, #4595, .T. );
#2075 = ORIENTED_EDGE( '', *, *, #4596, .F. );
#2076 = ORIENTED_EDGE( '', *, *, #4597, .T. );
#2077 = CARTESIAN_POINT( '', ( -4.00000000000000, -2.42500000000000, 1.34000000000000 ) );
#2078 = DIRECTION( '', ( 0.000000000000000, 0.000000000000000, -1.00000000000000 ) );
#2079 = DIRECTION( '', ( 0.000000000000000, -1.00000000000000, 0.000000000000000 ) );
#2080 = ORIENTED_EDGE( '', *, *, #4598, .T. );
#2081 = ORIENTED_EDGE( '', *, *, #4599, .F. );
#2082 = ORIENTED_EDGE( '', *, *, #4600, .F. );
#2083 = ORIENTED_EDGE( '', *, *, #4601, .T. );
#2084 = CARTESIAN_POINT( '', ( -0.625000000000000, -0.0250000000000000, -0.0200000000000000 ) );
#2085 = DIRECTION( '', ( 0.000000000000000, 0.132163720091005, -0.991227900682636 ) );
#2086 = DIRECTION( '', ( -1.00000000000000, 0.000000000000000, 0.000000000000000 ) );
#2087 = ORIENTED_EDGE( '', *, *, #4602, .T. );
#2088 = ORIENTED_EDGE( '', *, *, #4550, .F. );
#2089 = ORIENTED_EDGE( '', *, *, #4603, .F. );
#2090 = ORIENTED_EDGE( '', *, *, #4604, .T. );
#2091 = ORIENTED_EDGE( '', *, *, #4605, .F. );
#2092 = CARTESIAN_POINT( '', ( 3.73000000000000, -1.20500000000000, 1.49000000000000 ) );
#2093 = DIRECTION( '', ( 0.000000000000000, 1.00000000000000, 0.000000000000000 ) );
#2094 = DIRECTION( '', ( 1.00000000000000, 0.000000000000000, -0.000000000000000 ) );
#2095 = ORIENTED_EDGE( '', *, *, #4606, .T. );
#2096 = ORIENTED_EDGE( '', *, *, #4607, .F. );
#2097 = ORIENTED_EDGE( '', *, *, #4608, .F. );
#2098 = ORIENTED_EDGE( '', *, *, #4461, .T. );
#2099 = CARTESIAN_POINT( '', ( -0.750000000000000, -0.525000000000000, 1.64263768190000 ) );
#2100 = DIRECTION( '', ( 1.00000000000000, 0.000000000000000, 0.000000000000000 ) );
#2101 = DIRECTION( '', ( 0.000000000000000, 0.000000000000000, -1.00000000000000 ) );
#2102 = ORIENTED_EDGE( '', *, *, #4609, .F. );
#2103 = ORIENTED_EDGE( '', *, *, #4610, .T. );
#2104 = ORIENTED_EDGE( '', *, *, #4611, .T. );
#2105 = ORIENTED_EDGE( '', *, *, #4494, .T. );
#2106 = ORIENTED_EDGE( '', *, *, #4612, .F. );
#2107 = ORIENTED_EDGE( '', *, *, #4613, .F. );
#2108 = ORIENTED_EDGE( '', *, *, #4440, .F. );
#2109 = ORIENTED_EDGE( '', *, *, #4614, .F. );
#2110 = ORIENTED_EDGE( '', *, *, #4615, .T. );
#2111 = ORIENTED_EDGE( '', *, *, #4616, .T. );
#2112 = ORIENTED_EDGE( '', *, *, #4449, .T. );
#2113 = ORIENTED_EDGE( '', *, *, #4617, .F. );
#2114 = ORIENTED_EDGE( '', *, *, #4618, .F. );
#2115 = ORIENTED_EDGE( '', *, *, #4619, .T. );
#2116 = ORIENTED_EDGE( '', *, *, #4620, .T. );
#2117 = ORIENTED_EDGE( '', *, *, #4621, .F. );
#2118 = ORIENTED_EDGE( '', *, *, #4416, .T. );
#2119 = ORIENTED_EDGE( '', *, *, #4622, .F. );
#2120 = ORIENTED_EDGE( '', *, *, #4623, .F. );
#2121 = ORIENTED_EDGE( '', *, *, #4624, .T. );
#2122 = ORIENTED_EDGE( '', *, *, #4625, .T. );
#2123 = ORIENTED_EDGE( '', *, *, #4626, .T. );
#2124 = ORIENTED_EDGE( '', *, *, #4627, .F. );
#2125 = ORIENTED_EDGE( '', *, *, #4628, .T. );
#2126 = CARTESIAN_POINT( '', ( -3.80000000000000, -2.67500000000000, 1.49000000000000 ) );
#2127 = DIRECTION( '', ( 0.000000000000000, 0.000000000000000, 1.00000000000000 ) );
#2128 = DIRECTION( '', ( 1.00000000000000, -0.000000000000000, 0.000000000000000 ) );
#2129 = ORIENTED_EDGE( '', *, *, #4629, .T. );
#2130 = ORIENTED_EDGE( '', *, *, #4496, .T. );
#2131 = ORIENTED_EDGE( '', *, *, #4630, .F. );
#2132 = ORIENTED_EDGE( '', *, *, #4532, .F. );
#2133 = CARTESIAN_POINT( '', ( -2.87500000000000, 2.28000000000000, 1.23500000000000 ) );
#2134 = DIRECTION( '', ( 0.707106781186548, 0.000000000000000, -0.707106781186548 ) );
#2135 = DIRECTION( '', ( 0.000000000000000, -1.00000000000000, 0.000000000000000 ) );
#2136 = ORIENTED_EDGE( '', *, *, #4631, .F. );
#2137 = ORIENTED_EDGE( '', *, *, #4632, .F. );
#2138 = ORIENTED_EDGE( '', *, *, #4633, .F. );
#2139 = ORIENTED_EDGE( '', *, *, #4634, .F. );
#2140 = ORIENTED_EDGE( '', *, *, #4635, .F. );
#2141 = ORIENTED_EDGE( '', *, *, #4636, .F. );
#2142 = CARTESIAN_POINT( '', ( 1.85000000000000, 0.00500000000000000, 0.000000000000000 ) );
#2143 = DIRECTION( '', ( 1.00000000000000, 0.000000000000000, 0.000000000000000 ) );
#2144 = DIRECTION( '', ( 0.000000000000000, 1.00000000000000, -0.000000000000000 ) );
#2145 = ORIENTED_EDGE( '', *, *, #4637, .T. );
#2146 = ORIENTED_EDGE( '', *, *, #4638, .F. );
#2147 = ORIENTED_EDGE( '', *, *, #4639, .F. );
#2148 = ORIENTED_EDGE( '', *, *, #4640, .T. );
#2149 = CARTESIAN_POINT( '', ( 1.37500000000000, -2.62500000000000, -2.11000000000000 ) );
#2150 = DIRECTION( '', ( 0.000000000000000, 0.000000000000000, -1.00000000000000 ) );
#2151 = DIRECTION( '', ( 0.000000000000000, -1.00000000000000, 0.000000000000000 ) );
#2152 = ORIENTED_EDGE( '', *, *, #4641, .T. );
#2153 = ORIENTED_EDGE( '', *, *, #4642, .T. );
#2154 = ORIENTED_EDGE( '', *, *, #4643, .F. );
#2155 = ORIENTED_EDGE( '', *, *, #4644, .F. );
#2156 = CARTESIAN_POINT( '', ( -3.72000000000000, -2.52500000000000, 1.49000000000000 ) );
#2157 = DIRECTION( '', ( -0.000000000000000, -0.000000000000000, 1.00000000000000 ) );
#2158 = DIRECTION( '', ( 1.00000000000000, 0.000000000000000, 0.000000000000000 ) );
#2159 = ORIENTED_EDGE( '', *, *, #4645, .F. );
#2160 = ORIENTED_EDGE( '', *, *, #4646, .F. );
#2161 = ORIENTED_EDGE( '', *, *, #4647, .F. );
#2162 = ORIENTED_EDGE( '', *, *, #4648, .F. );
#2163 = ORIENTED_EDGE( '', *, *, #4649, .F. );
#2164 = ORIENTED_EDGE( '', *, *, #4601, .F. );
#2165 = ORIENTED_EDGE( '', *, *, #4650, .F. );
#2166 = ORIENTED_EDGE( '', *, *, #4651, .T. );
#2167 = CARTESIAN_POINT( '', ( -0.625000000000000, -2.67500000000000, 1.49000000000000 ) );
#2168 = DIRECTION( '', ( 1.00000000000000, 0.000000000000000, 0.000000000000000 ) );
#2169 = DIRECTION( '', ( 0.000000000000000, 1.00000000000000, -0.000000000000000 ) );
#2170 = ORIENTED_EDGE( '', *, *, #4510, .T. );
#2171 = ORIENTED_EDGE( '', *, *, #4652, .F. );
#2172 = ORIENTED_EDGE( '', *, *, #4454, .F. );
#2173 = ORIENTED_EDGE( '', *, *, #4653, .T. );
#2174 = CARTESIAN_POINT( '', ( -0.800000000000000, 1.47500000000000, 2.96000000000000 ) );
#2175 = DIRECTION( '', ( -0.000000000000000, -0.000000000000000, 1.00000000000000 ) );
#2176 = DIRECTION( '', ( 1.00000000000000, 0.000000000000000, 0.000000000000000 ) );
#2177 = ORIENTED_EDGE( '', *, *, #4614, .T. );
#2178 = ORIENTED_EDGE( '', *, *, #4445, .F. );
#2179 = ORIENTED_EDGE( '', *, *, #4654, .F. );
#2180 = ORIENTED_EDGE( '', *, *, #4655, .T. );
#2181 = ORIENTED_EDGE( '', *, *, #4656, .F. );
#2182 = CARTESIAN_POINT( '', ( -3.65500000000000, -1.16750000000000, 1.45250000000000 ) );
#2183 = DIRECTION( '', ( 0.000000000000000, -0.707106781186548, 0.707106781186548 ) );
#2184 = DIRECTION( '', ( -1.00000000000000, 0.000000000000000, 0.000000000000000 ) );
#2185 = ORIENTED_EDGE( '', *, *, #4657, .T. );
#2186 = ORIENTED_EDGE( '', *, *, #4464, .T. );
#2187 = ORIENTED_EDGE( '', *, *, #4658, .F. );
#2188 = ORIENTED_EDGE( '', *, *, #4659, .F. );
#2189 = ORIENTED_EDGE( '', *, *, #4660, .T. );
#2190 = ORIENTED_EDGE( '', *, *, #4632, .T. );
#2191 = ORIENTED_EDGE( '', *, *, #4661, .T. );
#2192 = ORIENTED_EDGE( '', *, *, #4662, .T. );
#2193 = ORIENTED_EDGE( '', *, *, #4503, .T. );
#2194 = ORIENTED_EDGE( '', *, *, #4663, .T. );
#2195 = ORIENTED_EDGE( '', *, *, #4664, .T. );
#2196 = ORIENTED_EDGE( '', *, *, #4665, .T. );
#2197 = ORIENTED_EDGE( '', *, *, #4666, .F. );
#2198 = ORIENTED_EDGE( '', *, *, #4667, .T. );
#2199 = ORIENTED_EDGE( '', *, *, #4668, .T. );
#2200 = ORIENTED_EDGE( '', *, *, #4536, .T. );
#2201 = ORIENTED_EDGE( '', *, *, #4669, .T. );
#2202 = ORIENTED_EDGE( '', *, *, #4670, .F. );
#2203 = ORIENTED_EDGE( '', *, *, #4671, .T. );
#2204 = ORIENTED_EDGE( '', *, *, #4672, .T. );
#2205 = ORIENTED_EDGE( '', *, *, #4673, .F. );
#2206 = ORIENTED_EDGE( '', *, *, #4674, .F. );
#2207 = ORIENTED_EDGE( '', *, *, #4675, .T. );
#2208 = ORIENTED_EDGE( '', *, *, #4676, .T. );
#2209 = ORIENTED_EDGE( '', *, *, #4677, .F. );
#2210 = ORIENTED_EDGE( '', *, *, #4678, .F. );
#2211 = ORIENTED_EDGE( '', *, *, #4679, .T. );
#2212 = ORIENTED_EDGE( '', *, *, #4680, .T. );
#2213 = ORIENTED_EDGE( '', *, *, #4681, .F. );
#2214 = ORIENTED_EDGE( '', *, *, #4651, .F. );
#2215 = ORIENTED_EDGE( '', *, *, #4682, .T. );
#2216 = ORIENTED_EDGE( '', *, *, #4683, .T. );
#2217 = ORIENTED_EDGE( '', *, *, #4684, .F. );
#2218 = ORIENTED_EDGE( '', *, *, #4685, .F. );
#2219 = ORIENTED_EDGE( '', *, *, #4590, .T. );
#2220 = ORIENTED_EDGE( '', *, *, #4686, .T. );
#2221 = ORIENTED_EDGE( '', *, *, #4687, .F. );
#2222 = ORIENTED_EDGE( '', *, *, #4688, .F. );
#2223 = ORIENTED_EDGE( '', *, *, #4689, .T. );
#2224 = ORIENTED_EDGE( '', *, *, #4690, .T. );
#2225 = ORIENTED_EDGE( '', *, *, #4691, .F. );
#2226 = ORIENTED_EDGE( '', *, *, #4692, .F. );
#2227 = CARTESIAN_POINT( '', ( 0.000000000000000, -1.42500000000000, 0.000000000000000 ) );
#2228 = DIRECTION( '', ( 0.000000000000000, 1.00000000000000, 0.000000000000000 ) );
#2229 = DIRECTION( '', ( 1.00000000000000, 0.000000000000000, -0.000000000000000 ) );
#2230 = ORIENTED_EDGE( '', *, *, #4693, .T. );
#2231 = ORIENTED_EDGE( '', *, *, #4694, .F. );
#2232 = ORIENTED_EDGE( '', *, *, #4695, .F. );
#2233 = ORIENTED_EDGE( '', *, *, #4696, .T. );
#2234 = CARTESIAN_POINT( '', ( -4.00000000000000, -2.47500000000000, -0.910000000000000 ) );
#2235 = DIRECTION( '', ( 0.000000000000000, 0.000000000000000, 1.00000000000000 ) );
#2236 = DIRECTION( '', ( 1.00000000000000, -0.000000000000000, 0.000000000000000 ) );
#2237 = ORIENTED_EDGE( '', *, *, #4697, .T. );
#2238 = ORIENTED_EDGE( '', *, *, #4523, .F. );
#2239 = ORIENTED_EDGE( '', *, *, #4698, .F. );
#2240 = ORIENTED_EDGE( '', *, *, #4699, .T. );
#2241 = CARTESIAN_POINT( '', ( -4.00000000000000, -2.47500000000000, -0.910000000000000 ) );
#2242 = DIRECTION( '', ( 0.000000000000000, 0.000000000000000, 1.00000000000000 ) );
#2243 = DIRECTION( '', ( 1.00000000000000, -0.000000000000000, 0.000000000000000 ) );
#2244 = ORIENTED_EDGE( '', *, *, #4700, .T. );
#2245 = ORIENTED_EDGE( '', *, *, #4701, .F. );
#2246 = ORIENTED_EDGE( '', *, *, #4702, .F. );
#2247 = ORIENTED_EDGE( '', *, *, #4567, .T. );
#2248 = CARTESIAN_POINT( '', ( -4.00000000000000, -2.47500000000000, -0.910000000000000 ) );
#2249 = DIRECTION( '', ( 0.000000000000000, 0.000000000000000, 1.00000000000000 ) );
#2250 = DIRECTION( '', ( 1.00000000000000, -0.000000000000000, 0.000000000000000 ) );
#2251 = ORIENTED_EDGE( '', *, *, #4703, .T. );
#2252 = ORIENTED_EDGE( '', *, *, #4704, .F. );
#2253 = ORIENTED_EDGE( '', *, *, #4705, .F. );
#2254 = ORIENTED_EDGE( '', *, *, #4706, .T. );
#2255 = CARTESIAN_POINT( '', ( -4.00000000000000, -2.47500000000000, -0.910000000000000 ) );
#2256 = DIRECTION( '', ( 0.000000000000000, 0.000000000000000, 1.00000000000000 ) );
#2257 = DIRECTION( '', ( 1.00000000000000, -0.000000000000000, 0.000000000000000 ) );
#2258 = ORIENTED_EDGE( '', *, *, #4707, .T. );
#2259 = ORIENTED_EDGE( '', *, *, #4708, .F. );
#2260 = ORIENTED_EDGE( '', *, *, #4709, .F. );
#2261 = ORIENTED_EDGE( '', *, *, #4710, .T. );
#2262 = CARTESIAN_POINT( '', ( -4.00000000000000, -2.47500000000000, -0.910000000000000 ) );
#2263 = DIRECTION( '', ( 0.000000000000000, 0.000000000000000, 1.00000000000000 ) );
#2264 = DIRECTION( '', ( 1.00000000000000, -0.000000000000000, 0.000000000000000 ) );
#2265 = ORIENTED_EDGE( '', *, *, #4711, .F. );
#2266 = ORIENTED_EDGE( '', *, *, #4712, .F. );
#2267 = ORIENTED_EDGE( '', *, *, #4492, .F. );
#2268 = ORIENTED_EDGE( '', *, *, #4713, .F. );
#2269 = ORIENTED_EDGE( '', *, *, #4519, .F. );
#2270 = ORIENTED_EDGE( '', *, *, #4714, .F. );
#2271 = ORIENTED_EDGE( '', *, *, #4715, .F. );
#2272 = ORIENTED_EDGE( '', *, *, #4692, .T. );
#2273 = CARTESIAN_POINT( '', ( 2.37500000000000, -2.67500000000000, 1.49000000000000 ) );
#2274 = DIRECTION( '', ( 1.00000000000000, 0.000000000000000, 0.000000000000000 ) );
#2275 = DIRECTION( '', ( 0.000000000000000, 1.00000000000000, -0.000000000000000 ) );
#2276 = ORIENTED_EDGE( '', *, *, #4716, .F. );
#2277 = ORIENTED_EDGE( '', *, *, #4717, .F. );
#2278 = ORIENTED_EDGE( '', *, *, #4718, .F. );
#2279 = ORIENTED_EDGE( '', *, *, #4719, .F. );
#2280 = ORIENTED_EDGE( '', *, *, #4720, .F. );
#2281 = ORIENTED_EDGE( '', *, *, #4721, .F. );
#2282 = ORIENTED_EDGE( '', *, *, #4587, .F. );
#2283 = ORIENTED_EDGE( '', *, *, #4688, .T. );
#2284 = CARTESIAN_POINT( '', ( -2.62500000000000, -2.67500000000000, 1.49000000000000 ) );
#2285 = DIRECTION( '', ( 1.00000000000000, 0.000000000000000, 0.000000000000000 ) );
#2286 = DIRECTION( '', ( 0.000000000000000, 1.00000000000000, -0.000000000000000 ) );
#2287 = ORIENTED_EDGE( '', *, *, #4722, .T. );
#2288 = ORIENTED_EDGE( '', *, *, #4723, .F. );
#2289 = ORIENTED_EDGE( '', *, *, #4724, .F. );
#2290 = ORIENTED_EDGE( '', *, *, #4725, .T. );
#2291 = CARTESIAN_POINT( '', ( -4.00000000000000, -2.47500000000000, -0.910000000000000 ) );
#2292 = DIRECTION( '', ( 0.000000000000000, 0.000000000000000, 1.00000000000000 ) );
#2293 = DIRECTION( '', ( 1.00000000000000, -0.000000000000000, 0.000000000000000 ) );
#2294 = ORIENTED_EDGE( '', *, *, #4726, .T. );
#2295 = ORIENTED_EDGE( '', *, *, #4727, .F. );
#2296 = ORIENTED_EDGE( '', *, *, #4728, .F. );
#2297 = ORIENTED_EDGE( '', *, *, #4729, .T. );
#2298 = CARTESIAN_POINT( '', ( -4.00000000000000, -2.42500000000000, 1.34000000000000 ) );
#2299 = DIRECTION( '', ( 0.000000000000000, 0.000000000000000, -1.00000000000000 ) );
#2300 = DIRECTION( '', ( 0.000000000000000, -1.00000000000000, 0.000000000000000 ) );
#2301 = ORIENTED_EDGE( '', *, *, #4730, .T. );
#2302 = ORIENTED_EDGE( '', *, *, #4731, .F. );
#2303 = ORIENTED_EDGE( '', *, *, #4732, .F. );
#2304 = ORIENTED_EDGE( '', *, *, #4733, .T. );
#2305 = CARTESIAN_POINT( '', ( 0.000000000000000, -2.67500000000000, 0.000000000000000 ) );
#2306 = DIRECTION( '', ( 0.000000000000000, 1.00000000000000, 0.000000000000000 ) );
#2307 = DIRECTION( '', ( 1.00000000000000, 0.000000000000000, -0.000000000000000 ) );
#2308 = ORIENTED_EDGE( '', *, *, #4734, .T. );
#2309 = ORIENTED_EDGE( '', *, *, #4735, .F. );
#2310 = ORIENTED_EDGE( '', *, *, #4736, .F. );
#2311 = ORIENTED_EDGE( '', *, *, #4569, .T. );
#2312 = CARTESIAN_POINT( '', ( 0.000000000000000, -2.67500000000000, 0.000000000000000 ) );
#2313 = DIRECTION( '', ( 0.000000000000000, 1.00000000000000, 0.000000000000000 ) );
#2314 = DIRECTION( '', ( 1.00000000000000, 0.000000000000000, -0.000000000000000 ) );
#2315 = ORIENTED_EDGE( '', *, *, #4586, .F. );
#2316 = ORIENTED_EDGE( '', *, *, #4597, .F. );
#2317 = ORIENTED_EDGE( '', *, *, #4737, .T. );
#2318 = ORIENTED_EDGE( '', *, *, #4699, .F. );
#2319 = ORIENTED_EDGE( '', *, *, #4738, .F. );
#2320 = ORIENTED_EDGE( '', *, *, #4739, .F. );
#2321 = CARTESIAN_POINT( '', ( 2.82500000000000, -2.67500000000000, 1.49000000000000 ) );
#2322 = DIRECTION( '', ( 1.00000000000000, 0.000000000000000, 0.000000000000000 ) );
#2323 = DIRECTION( '', ( 0.000000000000000, 1.00000000000000, -0.000000000000000 ) );
#2324 = ORIENTED_EDGE( '', *, *, #4740, .F. );
#2325 = ORIENTED_EDGE( '', *, *, #4741, .T. );
#2326 = ORIENTED_EDGE( '', *, *, #4742, .F. );
#2327 = ORIENTED_EDGE( '', *, *, #4743, .F. );
#2328 = ORIENTED_EDGE( '', *, *, #4744, .T. );
#2329 = ORIENTED_EDGE( '', *, *, #4423, .F. );
#2330 = CARTESIAN_POINT( '', ( 0.000000000000000, -2.67500000000000, 0.000000000000000 ) );
#2331 = DIRECTION( '', ( 0.000000000000000, 1.00000000000000, 0.000000000000000 ) );
#2332 = DIRECTION( '', ( 1.00000000000000, 0.000000000000000, -0.000000000000000 ) );
#2333 = ORIENTED_EDGE( '', *, *, #4745, .T. );
#2334 = ORIENTED_EDGE( '', *, *, #4746, .F. );
#2335 = ORIENTED_EDGE( '', *, *, #4747, .F. );
#2336 = ORIENTED_EDGE( '', *, *, #4748, .T. );
#2337 = CARTESIAN_POINT( '', ( 0.000000000000000, -2.67500000000000, 0.000000000000000 ) );
#2338 = DIRECTION( '', ( 0.000000000000000, 1.00000000000000, 0.000000000000000 ) );
#2339 = DIRECTION( '', ( 1.00000000000000, 0.000000000000000, -0.000000000000000 ) );
#2340 = ORIENTED_EDGE( '', *, *, #4749, .F. );
#2341 = ORIENTED_EDGE( '', *, *, #4750, .T. );
#2342 = ORIENTED_EDGE( '', *, *, #4751, .T. );
#2343 = ORIENTED_EDGE( '', *, *, #4419, .F. );
#2344 = CARTESIAN_POINT( '', ( -4.00000000000000, -2.47500000000000, -0.910000000000000 ) );
#2345 = DIRECTION( '', ( 0.000000000000000, 0.000000000000000, 1.00000000000000 ) );
#2346 = DIRECTION( '', ( 1.00000000000000, -0.000000000000000, 0.000000000000000 ) );
#2347 = ORIENTED_EDGE( '', *, *, #4752, .T. );
#2348 = ORIENTED_EDGE( '', *, *, #4753, .F. );
#2349 = ORIENTED_EDGE( '', *, *, #4754, .F. );
#2350 = ORIENTED_EDGE( '', *, *, #4755, .T. );
#2351 = CARTESIAN_POINT( '', ( 2.37500000000000, -2.12500000000000, 1.02000000000000 ) );
#2352 = DIRECTION( '', ( 0.000000000000000, 0.000000000000000, 1.00000000000000 ) );
#2353 = DIRECTION( '', ( 1.00000000000000, -0.000000000000000, 0.000000000000000 ) );
#2354 = ORIENTED_EDGE( '', *, *, #4756, .T. );
#2355 = ORIENTED_EDGE( '', *, *, #4757, .T. );
#2356 = ORIENTED_EDGE( '', *, *, #4758, .F. );
#2357 = ORIENTED_EDGE( '', *, *, #4759, .F. );
#2358 = CARTESIAN_POINT( '', ( -4.12000000000000, -2.67500000000000, 1.49000000000000 ) );
#2359 = DIRECTION( '', ( -0.707106781186548, -0.707106781186548, 0.000000000000000 ) );
#2360 = DIRECTION( '', ( -0.707106781186547, 0.707106781186547, 0.000000000000000 ) );
#2361 = ORIENTED_EDGE( '', *, *, #4760, .T. );
#2362 = ORIENTED_EDGE( '', *, *, #4761, .F. );
#2363 = ORIENTED_EDGE( '', *, *, #4762, .F. );
#2364 = ORIENTED_EDGE( '', *, *, #4763, .T. );
#2365 = CARTESIAN_POINT( '', ( 1.37500000000000, 0.475000000000000, 0.292448360330500 ) );
#2366 = DIRECTION( '', ( 1.00000000000000, -0.000000000000000, -0.000000000000000 ) );
#2367 = DIRECTION( '', ( 0.000000000000000, 1.00000000000000, 0.000000000000000 ) );
#2368 = ORIENTED_EDGE( '', *, *, #4764, .T. );
#2369 = ORIENTED_EDGE( '', *, *, #4765, .F. );
#2370 = ORIENTED_EDGE( '', *, *, #4760, .F. );
#2371 = ORIENTED_EDGE( '', *, *, #4766, .T. );
#2372 = CARTESIAN_POINT( '', ( 1.37500000000000, 0.488216372009100, 0.391571150398800 ) );
#2373 = DIRECTION( '', ( 0.000000000000000, 0.132163720091005, 0.991227900682636 ) );
#2374 = DIRECTION( '', ( 1.00000000000000, -0.000000000000000, 0.000000000000000 ) );
#2375 = ORIENTED_EDGE( '', *, *, #4767, .T. );
#2376 = ORIENTED_EDGE( '', *, *, #4768, .F. );
#2377 = ORIENTED_EDGE( '', *, *, #4769, .F. );
#2378 = ORIENTED_EDGE( '', *, *, #4770, .T. );
#2379 = CARTESIAN_POINT( '', ( -0.625000000000000, -2.72500000000000, -1.35000000000000 ) );
#2380 = DIRECTION( '', ( 0.000000000000000, -1.00000000000000, 0.000000000000000 ) );
#2381 = DIRECTION( '', ( 0.000000000000000, 0.000000000000000, -1.00000000000000 ) );
#2382 = ORIENTED_EDGE( '', *, *, #4771, .T. );
#2383 = ORIENTED_EDGE( '', *, *, #4580, .T. );
#2384 = ORIENTED_EDGE( '', *, *, #4772, .T. );
#2385 = ORIENTED_EDGE( '', *, *, #4773, .T. );
#2386 = ORIENTED_EDGE( '', *, *, #4513, .T. );
#2387 = ORIENTED_EDGE( '', *, *, #4774, .T. );
#2388 = ORIENTED_EDGE( '', *, *, #4775, .T. );
#2389 = ORIENTED_EDGE( '', *, *, #4776, .T. );
#2390 = ORIENTED_EDGE( '', *, *, #4777, .T. );
#2391 = ORIENTED_EDGE( '', *, *, #4753, .T. );
#2392 = CARTESIAN_POINT( '', ( 2.62500000000000, -2.67500000000000, 1.49000000000000 ) );
#2393 = DIRECTION( '', ( 1.00000000000000, 0.000000000000000, 0.000000000000000 ) );
#2394 = DIRECTION( '', ( 0.000000000000000, 1.00000000000000, -0.000000000000000 ) );
#2395 = ORIENTED_EDGE( '', *, *, #4609, .T. );
#2396 = ORIENTED_EDGE( '', *, *, #4778, .F. );
#2397 = ORIENTED_EDGE( '', *, *, #4779, .F. );
#2398 = ORIENTED_EDGE( '', *, *, #4780, .F. );
#2399 = CARTESIAN_POINT( '', ( -2.35000000000000, 2.71028271308600, 1.59000000000000 ) );
#2400 = DIRECTION( '', ( 0.000000000000000, -1.00000000000000, -0.000000000000000 ) );
#2401 = DIRECTION( '', ( 0.000000000000000, 0.000000000000000, -1.00000000000000 ) );
#2402 = ORIENTED_EDGE( '', *, *, #4781, .T. );
#2403 = ORIENTED_EDGE( '', *, *, #4782, .T. );
#2404 = ORIENTED_EDGE( '', *, *, #4607, .T. );
#2405 = ORIENTED_EDGE( '', *, *, #4783, .T. );
#2406 = ORIENTED_EDGE( '', *, *, #4784, .F. );
#2407 = ORIENTED_EDGE( '', *, *, #4785, .T. );
#2408 = ORIENTED_EDGE( '', *, *, #4659, .T. );
#2409 = CARTESIAN_POINT( '', ( 0.750000000000000, 0.00500000000000000, 0.000000000000000 ) );
#2410 = DIRECTION( '', ( 1.00000000000000, 0.000000000000000, 0.000000000000000 ) );
#2411 = DIRECTION( '', ( 0.000000000000000, 1.00000000000000, -0.000000000000000 ) );
#2412 = ORIENTED_EDGE( '', *, *, #4786, .T. );
#2413 = ORIENTED_EDGE( '', *, *, #4500, .F. );
#2414 = ORIENTED_EDGE( '', *, *, #4787, .F. );
#2415 = ORIENTED_EDGE( '', *, *, #4788, .T. );
#2416 = CARTESIAN_POINT( '', ( 0.000000000000000, 2.61000000000000, 1.23500000000000 ) );
#2417 = DIRECTION( '', ( 0.000000000000000, 0.707106781186548, -0.707106781186548 ) );
#2418 = DIRECTION( '', ( -1.00000000000000, 0.000000000000000, 0.000000000000000 ) );
#2419 = ORIENTED_EDGE( '', *, *, #4789, .T. );
#2420 = ORIENTED_EDGE( '', *, *, #4790, .F. );
#2421 = ORIENTED_EDGE( '', *, *, #4791, .F. );
#2422 = ORIENTED_EDGE( '', *, *, #4792, .T. );
#2423 = CARTESIAN_POINT( '', ( -1.62500000000000, -2.37500000000000, -2.01000000000000 ) );
#2424 = DIRECTION( '', ( 0.000000000000000, 1.00000000000000, 0.000000000000000 ) );
#2425 = DIRECTION( '', ( 1.00000000000000, 0.000000000000000, -0.000000000000000 ) );
#2426 = ORIENTED_EDGE( '', *, *, #4793, .T. );
#2427 = ORIENTED_EDGE( '', *, *, #4794, .F. );
#2428 = ORIENTED_EDGE( '', *, *, #4795, .F. );
#2429 = ORIENTED_EDGE( '', *, *, #4796, .F. );
#2430 = CARTESIAN_POINT( '', ( -3.30000000000000, 2.61000000000000, -0.310000000000000 ) );
#2431 = DIRECTION( '', ( 0.707106781186548, 0.707106781186548, 0.000000000000000 ) );
#2432 = DIRECTION( '', ( 0.000000000000000, 0.000000000000000, -1.00000000000000 ) );
#2433 = ORIENTED_EDGE( '', *, *, #4797, .T. );
#2434 = ORIENTED_EDGE( '', *, *, #4798, .F. );
#2435 = ORIENTED_EDGE( '', *, *, #4799, .F. );
#2436 = ORIENTED_EDGE( '', *, *, #4800, .T. );
#2437 = CARTESIAN_POINT( '', ( -0.625000000000000, -2.52500000000000, 1.02000000000000 ) );
#2438 = DIRECTION( '', ( 0.000000000000000, -1.00000000000000, 0.000000000000000 ) );
#2439 = DIRECTION( '', ( 0.000000000000000, 0.000000000000000, -1.00000000000000 ) );
#2440 = ORIENTED_EDGE( '', *, *, #4801, .F. );
#2441 = ORIENTED_EDGE( '', *, *, #4802, .F. );
#2442 = ORIENTED_EDGE( '', *, *, #4803, .F. );
#2443 = ORIENTED_EDGE( '', *, *, #4488, .T. );
#2444 = CARTESIAN_POINT( '', ( -0.412474057723800, -1.45000000000000, 2.71000000000000 ) );
#2445 = DIRECTION( '', ( 0.819152044289016, -0.573576436351011, 0.000000000000000 ) );
#2446 = DIRECTION( '', ( 0.000000000000000, 0.000000000000000, -1.00000000000000 ) );
#2447 = ORIENTED_EDGE( '', *, *, #4804, .T. );
#2448 = ORIENTED_EDGE( '', *, *, #4805, .T. );
#2449 = ORIENTED_EDGE( '', *, *, #4573, .T. );
#2450 = ORIENTED_EDGE( '', *, *, #4560, .F. );
#2451 = ORIENTED_EDGE( '', *, *, #4806, .F. );
#2452 = ORIENTED_EDGE( '', *, *, #4807, .T. );
#2453 = CARTESIAN_POINT( '', ( 2.25000000000000, 2.68500000000000, 2.72000000000000 ) );
#2454 = DIRECTION( '', ( 0.000000000000000, -1.00000000000000, 0.000000000000000 ) );
#2455 = DIRECTION( '', ( 0.000000000000000, 0.000000000000000, -1.00000000000000 ) );
#2456 = ORIENTED_EDGE( '', *, *, #4808, .F. );
#2457 = ORIENTED_EDGE( '', *, *, #4809, .F. );
#2458 = ORIENTED_EDGE( '', *, *, #4810, .T. );
#2459 = ORIENTED_EDGE( '', *, *, #4811, .T. );
#2460 = CARTESIAN_POINT( '', ( 0.375000000000000, -2.37500000000000, -1.46035457610800 ) );
#2461 = DIRECTION( '', ( 0.000000000000000, 0.819152044289016, -0.573576436351011 ) );
#2462 = DIRECTION( '', ( -1.00000000000000, 0.000000000000000, 0.000000000000000 ) );
#2463 = ORIENTED_EDGE( '', *, *, #4812, .T. );
#2464 = ORIENTED_EDGE( '', *, *, #4813, .F. );
#2465 = ORIENTED_EDGE( '', *, *, #4537, .T. );
#2466 = ORIENTED_EDGE( '', *, *, #4668, .F. );
#2467 = ORIENTED_EDGE( '', *, *, #4814, .F. );
#2468 = ORIENTED_EDGE( '', *, *, #4793, .F. );
#2469 = CARTESIAN_POINT( '', ( -3.22500000000000, 2.68500000000000, -1.18000000000000 ) );
#2470 = DIRECTION( '', ( -1.00000000000000, 0.000000000000000, 0.000000000000000 ) );
#2471 = DIRECTION( '', ( 0.000000000000000, 0.000000000000000, 1.00000000000000 ) );
#2472 = ORIENTED_EDGE( '', *, *, #4815, .F. );
#2473 = ORIENTED_EDGE( '', *, *, #4624, .F. );
#2474 = ORIENTED_EDGE( '', *, *, #4816, .T. );
#2475 = ORIENTED_EDGE( '', *, *, #4817, .F. );
#2476 = CARTESIAN_POINT( '', ( 2.80000000000000, 2.48500000000000, 1.49000000000000 ) );
#2477 = DIRECTION( '', ( -1.00000000000000, 0.000000000000000, 0.000000000000000 ) );
#2478 = DIRECTION( '', ( 0.000000000000000, 0.000000000000000, 1.00000000000000 ) );
#2479 = ORIENTED_EDGE( '', *, *, #4818, .F. );
#2480 = ORIENTED_EDGE( '', *, *, #4819, .F. );
#2481 = ORIENTED_EDGE( '', *, *, #4741, .F. );
#2482 = ORIENTED_EDGE( '', *, *, #4820, .F. );
#2483 = ORIENTED_EDGE( '', *, *, #4821, .F. );
#2484 = CARTESIAN_POINT( '', ( -3.10000000000000, -2.67500000000000, -0.170000000000000 ) );
#2485 = DIRECTION( '', ( 1.00000000000000, 0.000000000000000, 0.000000000000000 ) );
#2486 = DIRECTION( '', ( 0.000000000000000, 1.00000000000000, -0.000000000000000 ) );
#2487 = ORIENTED_EDGE( '', *, *, #4822, .T. );
#2488 = ORIENTED_EDGE( '', *, *, #4823, .T. );
#2489 = ORIENTED_EDGE( '', *, *, #4824, .T. );
#2490 = ORIENTED_EDGE( '', *, *, #4825, .T. );
#2491 = ORIENTED_EDGE( '', *, *, #4761, .T. );
#2492 = ORIENTED_EDGE( '', *, *, #4765, .T. );
#2493 = ORIENTED_EDGE( '', *, *, #4826, .T. );
#2494 = ORIENTED_EDGE( '', *, *, #4672, .F. );
#2495 = CARTESIAN_POINT( '', ( 1.62500000000000, -2.67500000000000, 1.49000000000000 ) );
#2496 = DIRECTION( '', ( 1.00000000000000, 0.000000000000000, 0.000000000000000 ) );
#2497 = DIRECTION( '', ( 0.000000000000000, 1.00000000000000, -0.000000000000000 ) );
#2498 = ORIENTED_EDGE( '', *, *, #4827, .T. );
#2499 = ORIENTED_EDGE( '', *, *, #4828, .F. );
#2500 = ORIENTED_EDGE( '', *, *, #4829, .F. );
#2501 = ORIENTED_EDGE( '', *, *, #4830, .T. );
#2502 = CARTESIAN_POINT( '', ( -1.62500000000000, -2.52500000000000, 1.02000000000000 ) );
#2503 = DIRECTION( '', ( 0.000000000000000, -1.00000000000000, 0.000000000000000 ) );
#2504 = DIRECTION( '', ( 0.000000000000000, 0.000000000000000, -1.00000000000000 ) );
#2505 = ORIENTED_EDGE( '', *, *, #4831, .T. );
#2506 = ORIENTED_EDGE( '', *, *, #4832, .F. );
#2507 = ORIENTED_EDGE( '', *, *, #4833, .F. );
#2508 = ORIENTED_EDGE( '', *, *, #4646, .T. );
#2509 = CARTESIAN_POINT( '', ( -0.625000000000000, 0.488216372009100, 0.391571150398800 ) );
#2510 = DIRECTION( '', ( 0.000000000000000, 0.132163720091005, 0.991227900682636 ) );
#2511 = DIRECTION( '', ( 1.00000000000000, -0.000000000000000, 0.000000000000000 ) );
#2512 = ORIENTED_EDGE( '', *, *, #4435, .T. );
#2513 = ORIENTED_EDGE( '', *, *, #4834, .F. );
#2514 = ORIENTED_EDGE( '', *, *, #4835, .F. );
#2515 = ORIENTED_EDGE( '', *, *, #4836, .T. );
#2516 = CARTESIAN_POINT( '', ( 0.000000000000000, -1.70000187111600, 2.46000000000000 ) );
#2517 = DIRECTION( '', ( 0.000000000000000, -1.00000000000000, -0.000000000000000 ) );
#2518 = DIRECTION( '', ( 0.000000000000000, 0.000000000000000, -1.00000000000000 ) );
#2519 = ORIENTED_EDGE( '', *, *, #4837, .T. );
#2520 = ORIENTED_EDGE( '', *, *, #4838, .F. );
#2521 = ORIENTED_EDGE( '', *, *, #4839, .F. );
#2522 = ORIENTED_EDGE( '', *, *, #4840, .T. );
#2523 = CARTESIAN_POINT( '', ( -2.62500000000000, -2.47500000000000, -2.11000000000000 ) );
#2524 = DIRECTION( '', ( 0.000000000000000, 0.707106781186598, -0.707106781186498 ) );
#2525 = DIRECTION( '', ( -1.00000000000000, 0.000000000000000, 0.000000000000000 ) );
#2526 = ORIENTED_EDGE( '', *, *, #4841, .T. );
#2527 = ORIENTED_EDGE( '', *, *, #4599, .T. );
#2528 = ORIENTED_EDGE( '', *, *, #4842, .T. );
#2529 = ORIENTED_EDGE( '', *, *, #4843, .T. );
#2530 = ORIENTED_EDGE( '', *, *, #4844, .T. );
#2531 = ORIENTED_EDGE( '', *, *, #4832, .T. );
#2532 = ORIENTED_EDGE( '', *, *, #4845, .T. );
#2533 = ORIENTED_EDGE( '', *, *, #4680, .F. );
#2534 = CARTESIAN_POINT( '', ( -0.375000000000000, -2.67500000000000, 1.49000000000000 ) );
#2535 = DIRECTION( '', ( 1.00000000000000, 0.000000000000000, 0.000000000000000 ) );
#2536 = DIRECTION( '', ( 0.000000000000000, 1.00000000000000, -0.000000000000000 ) );
#2537 = ORIENTED_EDGE( '', *, *, #4846, .T. );
#2538 = ORIENTED_EDGE( '', *, *, #4847, .T. );
#2539 = ORIENTED_EDGE( '', *, *, #4848, .F. );
#2540 = ORIENTED_EDGE( '', *, *, #4682, .F. );
#2541 = CARTESIAN_POINT( '', ( -1.62500000000000, -2.12500000000000, -0.0200000000000000 ) );
#2542 = DIRECTION( '', ( 0.000000000000000, 0.000000000000000, -1.00000000000000 ) );
#2543 = DIRECTION( '', ( 0.000000000000000, -1.00000000000000, 0.000000000000000 ) );
#2544 = ORIENTED_EDGE( '', *, *, #4849, .T. );
#2545 = ORIENTED_EDGE( '', *, *, #4823, .F. );
#2546 = ORIENTED_EDGE( '', *, *, #4850, .F. );
#2547 = ORIENTED_EDGE( '', *, *, #4851, .T. );
#2548 = CARTESIAN_POINT( '', ( 1.37500000000000, -0.0250000000000000, -0.0200000000000000 ) );
#2549 = DIRECTION( '', ( 0.000000000000000, 0.132163720091005, -0.991227900682636 ) );
#2550 = DIRECTION( '', ( -1.00000000000000, 0.000000000000000, 0.000000000000000 ) );
#2551 = ORIENTED_EDGE( '', *, *, #4852, .T. );
#2552 = ORIENTED_EDGE( '', *, *, #4828, .T. );
#2553 = ORIENTED_EDGE( '', *, *, #4853, .T. );
#2554 = ORIENTED_EDGE( '', *, *, #4854, .T. );
#2555 = ORIENTED_EDGE( '', *, *, #4855, .T. );
#2556 = ORIENTED_EDGE( '', *, *, #4856, .T. );
#2557 = ORIENTED_EDGE( '', *, *, #4857, .T. );
#2558 = ORIENTED_EDGE( '', *, *, #4790, .T. );
#2559 = ORIENTED_EDGE( '', *, *, #4858, .T. );
#2560 = ORIENTED_EDGE( '', *, *, #4859, .T. );
#2561 = CARTESIAN_POINT( '', ( -1.37500000000000, -2.67500000000000, 1.49000000000000 ) );
#2562 = DIRECTION( '', ( 1.00000000000000, 0.000000000000000, 0.000000000000000 ) );
#2563 = DIRECTION( '', ( 0.000000000000000, 1.00000000000000, -0.000000000000000 ) );
#2564 = ORIENTED_EDGE( '', *, *, #4860, .T. );
#2565 = ORIENTED_EDGE( '', *, *, #4861, .F. );
#2566 = ORIENTED_EDGE( '', *, *, #4862, .F. );
#2567 = ORIENTED_EDGE( '', *, *, #4484, .T. );
#2568 = CARTESIAN_POINT( '', ( -3.73000000000000, -1.20500000000000, 1.49000000000000 ) );
#2569 = DIRECTION( '', ( -1.00000000000000, 0.000000000000000, 0.000000000000000 ) );
#2570 = DIRECTION( '', ( 0.000000000000000, 0.000000000000000, 1.00000000000000 ) );
#2571 = ORIENTED_EDGE( '', *, *, #4863, .F. );
#2572 = ORIENTED_EDGE( '', *, *, #4864, .F. );
#2573 = ORIENTED_EDGE( '', *, *, #4865, .T. );
#2574 = ORIENTED_EDGE( '', *, *, #4677, .T. );
#2575 = CARTESIAN_POINT( '', ( 0.375000000000000, -0.0250000000000000, 0.460000000000000 ) );
#2576 = DIRECTION( '', ( 0.000000000000000, 0.000000000000000, 1.00000000000000 ) );
#2577 = DIRECTION( '', ( 1.00000000000000, -0.000000000000000, 0.000000000000000 ) );
#2578 = ORIENTED_EDGE( '', *, *, #4866, .T. );
#2579 = ORIENTED_EDGE( '', *, *, #4592, .T. );
#2580 = ORIENTED_EDGE( '', *, *, #4867, .F. );
#2581 = ORIENTED_EDGE( '', *, *, #4868, .F. );
#2582 = CARTESIAN_POINT( '', ( 0.375000000000000, -2.12500000000000, 1.02000000000000 ) );
#2583 = DIRECTION( '', ( 0.000000000000000, 0.000000000000000, 1.00000000000000 ) );
#2584 = DIRECTION( '', ( 1.00000000000000, -0.000000000000000, 0.000000000000000 ) );
#2585 = ORIENTED_EDGE( '', *, *, #4869, .T. );
#2586 = ORIENTED_EDGE( '', *, *, #4870, .F. );
#2587 = ORIENTED_EDGE( '', *, *, #4871, .F. );
#2588 = ORIENTED_EDGE( '', *, *, #4872, .T. );
#2589 = CARTESIAN_POINT( '', ( -0.650000000000000, 0.125000000000000, 2.96000000000000 ) );
#2590 = DIRECTION( '', ( 0.000000000000000, -1.00000000000000, 0.000000000000000 ) );
#2591 = DIRECTION( '', ( 0.000000000000000, 0.000000000000000, -1.00000000000000 ) );
#2592 = ORIENTED_EDGE( '', *, *, #4873, .T. );
#2593 = ORIENTED_EDGE( '', *, *, #4874, .F. );
#2594 = ORIENTED_EDGE( '', *, *, #4875, .F. );
#2595 = ORIENTED_EDGE( '', *, *, #4876, .T. );
#2596 = CARTESIAN_POINT( '', ( -1.62500000000000, 0.475000000000000, 0.147551639669500 ) );
#2597 = DIRECTION( '', ( 1.00000000000000, -0.000000000000000, -0.000000000000000 ) );
#2598 = DIRECTION( '', ( 0.000000000000000, 1.00000000000000, 0.000000000000000 ) );
#2599 = ORIENTED_EDGE( '', *, *, #4877, .T. );
#2600 = ORIENTED_EDGE( '', *, *, #4850, .T. );
#2601 = ORIENTED_EDGE( '', *, *, #4822, .F. );
#2602 = ORIENTED_EDGE( '', *, *, #4671, .F. );
#2603 = CARTESIAN_POINT( '', ( 1.37500000000000, -2.12500000000000, -0.0200000000000000 ) );
#2604 = DIRECTION( '', ( 0.000000000000000, 0.000000000000000, -1.00000000000000 ) );
#2605 = DIRECTION( '', ( 0.000000000000000, -1.00000000000000, 0.000000000000000 ) );
#2606 = ORIENTED_EDGE( '', *, *, #4878, .T. );
#2607 = ORIENTED_EDGE( '', *, *, #4879, .F. );
#2608 = ORIENTED_EDGE( '', *, *, #4880, .F. );
#2609 = ORIENTED_EDGE( '', *, *, #4881, .T. );
#2610 = CARTESIAN_POINT( '', ( 1.37500000000000, -2.37500000000000, -2.01000000000000 ) );
#2611 = DIRECTION( '', ( 0.000000000000000, 1.00000000000000, 0.000000000000000 ) );
#2612 = DIRECTION( '', ( 1.00000000000000, 0.000000000000000, -0.000000000000000 ) );
#2613 = ORIENTED_EDGE( '', *, *, #4882, .T. );
#2614 = ORIENTED_EDGE( '', *, *, #4853, .F. );
#2615 = ORIENTED_EDGE( '', *, *, #4827, .F. );
#2616 = ORIENTED_EDGE( '', *, *, #4883, .T. );
#2617 = CARTESIAN_POINT( '', ( -1.62500000000000, -2.52500000000000, -1.06437039865200 ) );
#2618 = DIRECTION( '', ( 0.000000000000000, -0.819152044289016, 0.573576436351011 ) );
#2619 = DIRECTION( '', ( -1.00000000000000, 0.000000000000000, 0.000000000000000 ) );
#2620 = ORIENTED_EDGE( '', *, *, #4884, .T. );
#2621 = ORIENTED_EDGE( '', *, *, #4855, .F. );
#2622 = ORIENTED_EDGE( '', *, *, #4885, .F. );
#2623 = ORIENTED_EDGE( '', *, *, #4886, .T. );
#2624 = CARTESIAN_POINT( '', ( -1.62500000000000, -2.72500000000000, -2.01000000000000 ) );
#2625 = DIRECTION( '', ( 0.000000000000000, -0.707106781186548, -0.707106781186548 ) );
#2626 = DIRECTION( '', ( 0.000000000000000, -0.707106781186547, 0.707106781186547 ) );
#2627 = ORIENTED_EDGE( '', *, *, #4887, .T. );
#2628 = ORIENTED_EDGE( '', *, *, #4888, .T. );
#2629 = ORIENTED_EDGE( '', *, *, #4889, .F. );
#2630 = ORIENTED_EDGE( '', *, *, #4890, .F. );
#2631 = CARTESIAN_POINT( '', ( 4.07000000000000, -2.72500000000000, 1.49000000000000 ) );
#2632 = DIRECTION( '', ( 0.707106781186548, -0.707106781186548, 0.000000000000000 ) );
#2633 = DIRECTION( '', ( 0.000000000000000, 0.000000000000000, -1.00000000000000 ) );
#2634 = ORIENTED_EDGE( '', *, *, #4891, .T. );
#2635 = ORIENTED_EDGE( '', *, *, #4553, .F. );
#2636 = ORIENTED_EDGE( '', *, *, #4892, .T. );
#2637 = ORIENTED_EDGE( '', *, *, #4893, .F. );
#2638 = ORIENTED_EDGE( '', *, *, #4894, .F. );
#2639 = ORIENTED_EDGE( '', *, *, #4895, .F. );
#2640 = CARTESIAN_POINT( '', ( 3.52000000000000, -1.22500000000000, 1.49000000000000 ) );
#2641 = DIRECTION( '', ( -1.00000000000000, 0.000000000000000, 0.000000000000000 ) );
#2642 = DIRECTION( '', ( 0.000000000000000, 0.000000000000000, 1.00000000000000 ) );
#2643 = ORIENTED_EDGE( '', *, *, #4896, .T. );
#2644 = ORIENTED_EDGE( '', *, *, #4897, .T. );
#2645 = ORIENTED_EDGE( '', *, *, #4898, .F. );
#2646 = ORIENTED_EDGE( '', *, *, #4899, .F. );
#2647 = CARTESIAN_POINT( '', ( 1.37500000000000, -2.12500000000000, 1.02000000000000 ) );
#2648 = DIRECTION( '', ( 0.000000000000000, 0.000000000000000, 1.00000000000000 ) );
#2649 = DIRECTION( '', ( 1.00000000000000, -0.000000000000000, 0.000000000000000 ) );
#2650 = ORIENTED_EDGE( '', *, *, #4865, .F. );
#2651 = ORIENTED_EDGE( '', *, *, #4900, .F. );
#2652 = ORIENTED_EDGE( '', *, *, #4901, .F. );
#2653 = ORIENTED_EDGE( '', *, *, #4545, .F. );
#2654 = ORIENTED_EDGE( '', *, *, #4902, .F. );
#2655 = ORIENTED_EDGE( '', *, *, #4903, .F. );
#2656 = ORIENTED_EDGE( '', *, *, #4904, .F. );
#2657 = ORIENTED_EDGE( '', *, *, #4678, .T. );
#2658 = CARTESIAN_POINT( '', ( 0.375000000000000, -2.67500000000000, 1.49000000000000 ) );
#2659 = DIRECTION( '', ( 1.00000000000000, 0.000000000000000, 0.000000000000000 ) );
#2660 = DIRECTION( '', ( 0.000000000000000, 1.00000000000000, -0.000000000000000 ) );
#2661 = ORIENTED_EDGE( '', *, *, #4905, .F. );
#2662 = ORIENTED_EDGE( '', *, *, #4881, .F. );
#2663 = ORIENTED_EDGE( '', *, *, #4906, .F. );
#2664 = ORIENTED_EDGE( '', *, *, #4640, .F. );
#2665 = ORIENTED_EDGE( '', *, *, #4907, .F. );
#2666 = ORIENTED_EDGE( '', *, *, #4480, .F. );
#2667 = ORIENTED_EDGE( '', *, *, #4908, .F. );
#2668 = ORIENTED_EDGE( '', *, *, #4909, .F. );
#2669 = ORIENTED_EDGE( '', *, *, #4896, .F. );
#2670 = ORIENTED_EDGE( '', *, *, #4910, .T. );
#2671 = CARTESIAN_POINT( '', ( 1.37500000000000, -2.67500000000000, 1.49000000000000 ) );
#2672 = DIRECTION( '', ( 1.00000000000000, 0.000000000000000, 0.000000000000000 ) );
#2673 = DIRECTION( '', ( 0.000000000000000, 1.00000000000000, -0.000000000000000 ) );
#2674 = ORIENTED_EDGE( '', *, *, #4911, .F. );
#2675 = ORIENTED_EDGE( '', *, *, #4912, .T. );
#2676 = ORIENTED_EDGE( '', *, *, #4834, .T. );
#2677 = ORIENTED_EDGE( '', *, *, #4434, .T. );
#2678 = ORIENTED_EDGE( '', *, *, #4437, .F. );
#2679 = ORIENTED_EDGE( '', *, *, #4913, .F. );
#2680 = ORIENTED_EDGE( '', *, *, #4778, .T. );
#2681 = ORIENTED_EDGE( '', *, *, #4628, .F. );
#2682 = ORIENTED_EDGE( '', *, *, #4914, .T. );
#2683 = ORIENTED_EDGE( '', *, *, #4570, .T. );
#2684 = CARTESIAN_POINT( '', ( 2.25000000000000, -1.82500000000000, 2.76000000000000 ) );
#2685 = DIRECTION( '', ( 0.000000000000000, 1.00000000000000, 0.000000000000000 ) );
#2686 = DIRECTION( '', ( 1.00000000000000, 0.000000000000000, -0.000000000000000 ) );
#2687 = ORIENTED_EDGE( '', *, *, #4915, .F. );
#2688 = ORIENTED_EDGE( '', *, *, #4486, .T. );
#2689 = ORIENTED_EDGE( '', *, *, #4916, .T. );
#2690 = ORIENTED_EDGE( '', *, *, #4917, .F. );
#2691 = CARTESIAN_POINT( '', ( 0.412474057723800, -1.45000000000000, 2.71000000000000 ) );
#2692 = DIRECTION( '', ( -0.819152044289016, -0.573576436351011, 0.000000000000000 ) );
#2693 = DIRECTION( '', ( -0.573576436351011, 0.819152044289016, 0.000000000000000 ) );
#2694 = ORIENTED_EDGE( '', *, *, #4491, .T. );
#2695 = ORIENTED_EDGE( '', *, *, #4918, .F. );
#2696 = ORIENTED_EDGE( '', *, *, #4516, .F. );
#2697 = ORIENTED_EDGE( '', *, *, #4713, .T. );
#2698 = CARTESIAN_POINT( '', ( 2.37500000000000, 0.575000000000000, 0.147551639669500 ) );
#2699 = DIRECTION( '', ( 0.000000000000000, 1.00000000000000, 0.000000000000000 ) );
#2700 = DIRECTION( '', ( 1.00000000000000, 0.000000000000000, -0.000000000000000 ) );
#2701 = ORIENTED_EDGE( '', *, *, #4794, .T. );
#2702 = ORIENTED_EDGE( '', *, *, #4919, .T. );
#2703 = ORIENTED_EDGE( '', *, *, #4920, .F. );
#2704 = ORIENTED_EDGE( '', *, *, #4921, .F. );
#2705 = CARTESIAN_POINT( '', ( 0.000000000000000, 2.61000000000000, -1.25500000000000 ) );
#2706 = DIRECTION( '', ( 0.000000000000000, 0.707106781186548, 0.707106781186548 ) );
#2707 = DIRECTION( '', ( 1.00000000000000, 0.000000000000000, -0.000000000000000 ) );
#2708 = ORIENTED_EDGE( '', *, *, #4922, .T. );
#2709 = ORIENTED_EDGE( '', *, *, #4723, .T. );
#2710 = ORIENTED_EDGE( '', *, *, #4923, .F. );
#2711 = ORIENTED_EDGE( '', *, *, #4924, .T. );
#2712 = ORIENTED_EDGE( '', *, *, #4925, .T. );
#2713 = ORIENTED_EDGE( '', *, *, #4731, .T. );
#2714 = CARTESIAN_POINT( '', ( 0.175000000000000, -2.12500000000000, 1.49000000000000 ) );
#2715 = DIRECTION( '', ( -1.00000000000000, 0.000000000000000, 0.000000000000000 ) );
#2716 = DIRECTION( '', ( 0.000000000000000, 0.000000000000000, 1.00000000000000 ) );
#2717 = ORIENTED_EDGE( '', *, *, #4926, .T. );
#2718 = ORIENTED_EDGE( '', *, *, #4927, .F. );
#2719 = ORIENTED_EDGE( '', *, *, #4928, .F. );
#2720 = ORIENTED_EDGE( '', *, *, #4929, .T. );
#2721 = CARTESIAN_POINT( '', ( -0.625000000000000, -2.62500000000000, -2.11000000000000 ) );
#2722 = DIRECTION( '', ( 0.000000000000000, 0.000000000000000, -1.00000000000000 ) );
#2723 = DIRECTION( '', ( 0.000000000000000, -1.00000000000000, 0.000000000000000 ) );
#2724 = ORIENTED_EDGE( '', *, *, #4430, .F. );
#2725 = ORIENTED_EDGE( '', *, *, #4930, .F. );
#2726 = ORIENTED_EDGE( '', *, *, #4931, .F. );
#2727 = ORIENTED_EDGE( '', *, *, #4547, .T. );
#2728 = ORIENTED_EDGE( '', *, *, #4932, .F. );
#2729 = ORIENTED_EDGE( '', *, *, #4933, .F. );
#2730 = CARTESIAN_POINT( '', ( 3.72000000000000, -2.52500000000000, 1.49000000000000 ) );
#2731 = DIRECTION( '', ( 1.00000000000000, 0.000000000000000, 0.000000000000000 ) );
#2732 = DIRECTION( '', ( 0.000000000000000, 1.00000000000000, -0.000000000000000 ) );
#2733 = ORIENTED_EDGE( '', *, *, #4934, .F. );
#2734 = ORIENTED_EDGE( '', *, *, #4935, .T. );
#2735 = ORIENTED_EDGE( '', *, *, #4936, .T. );
#2736 = ORIENTED_EDGE( '', *, *, #4670, .T. );
#2737 = ORIENTED_EDGE( '', *, *, #4937, .F. );
#2738 = ORIENTED_EDGE( '', *, *, #4938, .F. );
#2739 = CARTESIAN_POINT( '', ( -1.85000000000000, 0.00500000000000000, 0.000000000000000 ) );
#2740 = DIRECTION( '', ( 1.00000000000000, 0.000000000000000, 0.000000000000000 ) );
#2741 = DIRECTION( '', ( 0.000000000000000, 1.00000000000000, -0.000000000000000 ) );
#2742 = ORIENTED_EDGE( '', *, *, #4819, .T. );
#2743 = ORIENTED_EDGE( '', *, *, #4939, .F. );
#2744 = ORIENTED_EDGE( '', *, *, #4940, .F. );
#2745 = ORIENTED_EDGE( '', *, *, #4742, .T. );
#2746 = CARTESIAN_POINT( '', ( -4.00000000000000, -2.67500000000000, -0.170000000000000 ) );
#2747 = DIRECTION( '', ( 0.000000000000000, 0.000000000000000, -1.00000000000000 ) );
#2748 = DIRECTION( '', ( 0.000000000000000, -1.00000000000000, 0.000000000000000 ) );
#2749 = ORIENTED_EDGE( '', *, *, #4941, .T. );
#2750 = ORIENTED_EDGE( '', *, *, #4942, .T. );
#2751 = ORIENTED_EDGE( '', *, *, #4943, .T. );
#2752 = ORIENTED_EDGE( '', *, *, #4944, .T. );
#2753 = ORIENTED_EDGE( '', *, *, #4759, .T. );
#2754 = ORIENTED_EDGE( '', *, *, #4945, .T. );
#2755 = ORIENTED_EDGE( '', *, *, #4644, .T. );
#2756 = ORIENTED_EDGE( '', *, *, #4946, .T. );
#2757 = ORIENTED_EDGE( '', *, *, #4947, .T. );
#2758 = CARTESIAN_POINT( '', ( 0.000000000000000, 2.68500000000000, 1.39000000000000 ) );
#2759 = DIRECTION( '', ( 0.000000000000000, 0.000000000000000, 1.00000000000000 ) );
#2760 = DIRECTION( '', ( 1.00000000000000, -0.000000000000000, 0.000000000000000 ) );
#2761 = ORIENTED_EDGE( '', *, *, #4520, .T. );
#2762 = ORIENTED_EDGE( '', *, *, #4948, .F. );
#2763 = ORIENTED_EDGE( '', *, *, #4949, .F. );
#2764 = ORIENTED_EDGE( '', *, *, #4950, .F. );
#2765 = CARTESIAN_POINT( '', ( 3.10000000000000, -2.67500000000000, -0.170000000000000 ) );
#2766 = DIRECTION( '', ( 0.000000000000000, 0.000000000000000, -1.00000000000000 ) );
#2767 = DIRECTION( '', ( 0.000000000000000, -1.00000000000000, 0.000000000000000 ) );
#2768 = ORIENTED_EDGE( '', *, *, #4643, .T. );
#2769 = ORIENTED_EDGE( '', *, *, #4951, .T. );
#2770 = ORIENTED_EDGE( '', *, *, #4952, .F. );
#2771 = ORIENTED_EDGE( '', *, *, #4953, .T. );
#2772 = ORIENTED_EDGE( '', *, *, #4954, .F. );
#2773 = ORIENTED_EDGE( '', *, *, #4946, .F. );
#2774 = CARTESIAN_POINT( '', ( -3.52000000000000, -2.52500000000000, 1.49000000000000 ) );
#2775 = DIRECTION( '', ( 1.00000000000000, 0.000000000000000, 0.000000000000000 ) );
#2776 = DIRECTION( '', ( 0.000000000000000, 1.00000000000000, -0.000000000000000 ) );
#2777 = ORIENTED_EDGE( '', *, *, #4955, .F. );
#2778 = ORIENTED_EDGE( '', *, *, #4956, .F. );
#2779 = ORIENTED_EDGE( '', *, *, #4957, .T. );
#2780 = ORIENTED_EDGE( '', *, *, #4958, .T. );
#2781 = CARTESIAN_POINT( '', ( -0.625000000000000, -2.37500000000000, -1.46035457610800 ) );
#2782 = DIRECTION( '', ( 0.000000000000000, 0.819152044289016, -0.573576436351011 ) );
#2783 = DIRECTION( '', ( -1.00000000000000, 0.000000000000000, 0.000000000000000 ) );
#2784 = ORIENTED_EDGE( '', *, *, #4864, .T. );
#2785 = ORIENTED_EDGE( '', *, *, #4959, .F. );
#2786 = ORIENTED_EDGE( '', *, *, #4960, .F. );
#2787 = ORIENTED_EDGE( '', *, *, #4900, .T. );
#2788 = CARTESIAN_POINT( '', ( 0.375000000000000, 0.488216372009100, 0.391571150398800 ) );
#2789 = DIRECTION( '', ( 0.000000000000000, 0.132163720091005, 0.991227900682636 ) );
#2790 = DIRECTION( '', ( 1.00000000000000, -0.000000000000000, 0.000000000000000 ) );
#2791 = ORIENTED_EDGE( '', *, *, #4961, .F. );
#2792 = ORIENTED_EDGE( '', *, *, #4920, .T. );
#2793 = ORIENTED_EDGE( '', *, *, #4507, .T. );
#2794 = ORIENTED_EDGE( '', *, *, #4962, .F. );
#2795 = CARTESIAN_POINT( '', ( 3.30000000000000, 2.61000000000000, -0.310000000000000 ) );
#2796 = DIRECTION( '', ( -0.707106781186548, 0.707106781186548, 0.000000000000000 ) );
#2797 = DIRECTION( '', ( 0.000000000000000, 0.000000000000000, 1.00000000000000 ) );
#2798 = ORIENTED_EDGE( '', *, *, #4937, .T. );
#2799 = ORIENTED_EDGE( '', *, *, #4669, .F. );
#2800 = ORIENTED_EDGE( '', *, *, #4535, .F. );
#2801 = ORIENTED_EDGE( '', *, *, #4963, .T. );
#2802 = ORIENTED_EDGE( '', *, *, #4964, .T. );
#2803 = CARTESIAN_POINT( '', ( -1.92500000000000, 0.225000000000000, 1.23500000000000 ) );
#2804 = DIRECTION( '', ( 0.707106781186548, 0.000000000000000, -0.707106781186548 ) );
#2805 = DIRECTION( '', ( 0.000000000000000, -1.00000000000000, 0.000000000000000 ) );
#2806 = ORIENTED_EDGE( '', *, *, #4965, .T. );
#2807 = ORIENTED_EDGE( '', *, *, #4665, .F. );
#2808 = ORIENTED_EDGE( '', *, *, #4966, .T. );
#2809 = ORIENTED_EDGE( '', *, *, #4967, .T. );
#2810 = CARTESIAN_POINT( '', ( 0.000000000000000, -1.42500000000000, -0.910000000000000 ) );
#2811 = DIRECTION( '', ( 0.000000000000000, 0.000000000000000, 1.00000000000000 ) );
#2812 = DIRECTION( '', ( 1.00000000000000, -0.000000000000000, 0.000000000000000 ) );
#2813 = ORIENTED_EDGE( '', *, *, #4826, .F. );
#2814 = ORIENTED_EDGE( '', *, *, #4764, .F. );
#2815 = ORIENTED_EDGE( '', *, *, #4968, .T. );
#2816 = ORIENTED_EDGE( '', *, *, #4673, .T. );
#2817 = CARTESIAN_POINT( '', ( 1.37500000000000, -0.0250000000000000, 0.460000000000000 ) );
#2818 = DIRECTION( '', ( 0.000000000000000, 0.000000000000000, 1.00000000000000 ) );
#2819 = DIRECTION( '', ( 1.00000000000000, -0.000000000000000, 0.000000000000000 ) );
#2820 = ORIENTED_EDGE( '', *, *, #4969, .T. );
#2821 = ORIENTED_EDGE( '', *, *, #4970, .F. );
#2822 = ORIENTED_EDGE( '', *, *, #4971, .F. );
#2823 = ORIENTED_EDGE( '', *, *, #4719, .T. );
#2824 = CARTESIAN_POINT( '', ( -2.62500000000000, 0.575000000000000, 0.147551639669500 ) );
#2825 = DIRECTION( '', ( 0.000000000000000, 1.00000000000000, 0.000000000000000 ) );
#2826 = DIRECTION( '', ( 1.00000000000000, 0.000000000000000, -0.000000000000000 ) );
#2827 = ORIENTED_EDGE( '', *, *, #4972, .F. );
#2828 = ORIENTED_EDGE( '', *, *, #4625, .F. );
#2829 = ORIENTED_EDGE( '', *, *, #4815, .T. );
#2830 = ORIENTED_EDGE( '', *, *, #4973, .F. );
#2831 = CARTESIAN_POINT( '', ( 2.60000000000000, 2.07500000000000, 1.49000000000000 ) );
#2832 = DIRECTION( '', ( -0.000000000000000, 0.000000000000000, -1.00000000000000 ) );
#2833 = DIRECTION( '', ( -1.00000000000000, 0.000000000000000, 0.000000000000000 ) );
#2834 = ORIENTED_EDGE( '', *, *, #4974, .T. );
#2835 = ORIENTED_EDGE( '', *, *, #4498, .T. );
#2836 = ORIENTED_EDGE( '', *, *, #4975, .T. );
#2837 = ORIENTED_EDGE( '', *, *, #4505, .F. );
#2838 = CARTESIAN_POINT( '', ( 0.000000000000000, -0.715000000000000, 0.000000000000000 ) );
#2839 = DIRECTION( '', ( 0.000000000000000, 1.00000000000000, 0.000000000000000 ) );
#2840 = DIRECTION( '', ( 1.00000000000000, 0.000000000000000, -0.000000000000000 ) );
#2841 = ORIENTED_EDGE( '', *, *, #4976, .T. );
#2842 = ORIENTED_EDGE( '', *, *, #4977, .F. );
#2843 = ORIENTED_EDGE( '', *, *, #4528, .F. );
#2844 = ORIENTED_EDGE( '', *, *, #4978, .T. );
#2845 = CARTESIAN_POINT( '', ( 0.375000000000000, -2.72500000000000, -1.35000000000000 ) );
#2846 = DIRECTION( '', ( 0.000000000000000, -1.00000000000000, 0.000000000000000 ) );
#2847 = DIRECTION( '', ( 0.000000000000000, 0.000000000000000, -1.00000000000000 ) );
#2848 = ORIENTED_EDGE( '', *, *, #4979, .T. );
#2849 = ORIENTED_EDGE( '', *, *, #4980, .F. );
#2850 = ORIENTED_EDGE( '', *, *, #4969, .F. );
#2851 = ORIENTED_EDGE( '', *, *, #4718, .T. );
#2852 = CARTESIAN_POINT( '', ( -2.62500000000000, 0.475000000000000, 0.292448360330500 ) );
#2853 = DIRECTION( '', ( 1.00000000000000, -0.000000000000000, -0.000000000000000 ) );
#2854 = DIRECTION( '', ( 0.000000000000000, 1.00000000000000, 0.000000000000000 ) );
#2855 = ORIENTED_EDGE( '', *, *, #4981, .T. );
#2856 = ORIENTED_EDGE( '', *, *, #4701, .T. );
#2857 = ORIENTED_EDGE( '', *, *, #4982, .F. );
#2858 = ORIENTED_EDGE( '', *, *, #4983, .T. );
#2859 = ORIENTED_EDGE( '', *, *, #4984, .T. );
#2860 = ORIENTED_EDGE( '', *, *, #4735, .T. );
#2861 = CARTESIAN_POINT( '', ( -0.825000000000000, -2.12500000000000, 1.49000000000000 ) );
#2862 = DIRECTION( '', ( -1.00000000000000, 0.000000000000000, 0.000000000000000 ) );
#2863 = DIRECTION( '', ( 0.000000000000000, 0.000000000000000, 1.00000000000000 ) );
#2864 = ORIENTED_EDGE( '', *, *, #4985, .T. );
#2865 = ORIENTED_EDGE( '', *, *, #4986, .T. );
#2866 = ORIENTED_EDGE( '', *, *, #4987, .F. );
#2867 = ORIENTED_EDGE( '', *, *, #4812, .F. );
#2868 = ORIENTED_EDGE( '', *, *, #4796, .T. );
#2869 = CARTESIAN_POINT( '', ( -3.22500000000000, 2.68500000000000, 0.560000000000000 ) );
#2870 = DIRECTION( '', ( 0.000000000000000, 0.000000000000000, -1.00000000000000 ) );
#2871 = DIRECTION( '', ( 0.000000000000000, -1.00000000000000, 0.000000000000000 ) );
#2872 = ORIENTED_EDGE( '', *, *, #4476, .T. );
#2873 = ORIENTED_EDGE( '', *, *, #4988, .F. );
#2874 = ORIENTED_EDGE( '', *, *, #4615, .F. );
#2875 = ORIENTED_EDGE( '', *, *, #4656, .T. );
#2876 = CARTESIAN_POINT( '', ( -3.47250000000000, -1.81500000000000, 1.45250000000000 ) );
#2877 = DIRECTION( '', ( -0.707106781186548, 0.000000000000000, 0.707106781186548 ) );
#2878 = DIRECTION( '', ( 0.000000000000000, 1.00000000000000, 0.000000000000000 ) );
#2879 = ORIENTED_EDGE( '', *, *, #4989, .T. );
#2880 = ORIENTED_EDGE( '', *, *, #4990, .T. );
#2881 = ORIENTED_EDGE( '', *, *, #4620, .F. );
#2882 = ORIENTED_EDGE( '', *, *, #4991, .F. );
#2883 = CARTESIAN_POINT( '', ( 3.47250000000000, -1.81500000000000, 1.45250000000000 ) );
#2884 = DIRECTION( '', ( 0.707106781186548, 0.000000000000000, 0.707106781186548 ) );
#2885 = DIRECTION( '', ( 0.000000000000000, -1.00000000000000, 0.000000000000000 ) );
#2886 = ORIENTED_EDGE( '', *, *, #4992, .T. );
#2887 = ORIENTED_EDGE( '', *, *, #4799, .T. );
#2888 = ORIENTED_EDGE( '', *, *, #4993, .F. );
#2889 = ORIENTED_EDGE( '', *, *, #4994, .F. );
#2890 = CARTESIAN_POINT( '', ( -0.625000000000000, -2.12500000000000, 1.02000000000000 ) );
#2891 = DIRECTION( '', ( 0.000000000000000, 0.000000000000000, 1.00000000000000 ) );
#2892 = DIRECTION( '', ( 1.00000000000000, -0.000000000000000, 0.000000000000000 ) );
#2893 = ORIENTED_EDGE( '', *, *, #4995, .T. );
#2894 = ORIENTED_EDGE( '', *, *, #4996, .F. );
#2895 = ORIENTED_EDGE( '', *, *, #4997, .F. );
#2896 = ORIENTED_EDGE( '', *, *, #4998, .T. );
#2897 = CARTESIAN_POINT( '', ( 0.375000000000000, -2.47500000000000, -2.11000000000000 ) );
#2898 = DIRECTION( '', ( 0.000000000000000, 0.707106781186598, -0.707106781186498 ) );
#2899 = DIRECTION( '', ( -1.00000000000000, 0.000000000000000, 0.000000000000000 ) );
#2900 = ORIENTED_EDGE( '', *, *, #4971, .T. );
#2901 = ORIENTED_EDGE( '', *, *, #4999, .F. );
#2902 = ORIENTED_EDGE( '', *, *, #5000, .F. );
#2903 = ORIENTED_EDGE( '', *, *, #4720, .T. );
#2904 = CARTESIAN_POINT( '', ( -2.62500000000000, 0.475000000000000, 0.147551639669500 ) );
#2905 = DIRECTION( '', ( 1.00000000000000, -0.000000000000000, -0.000000000000000 ) );
#2906 = DIRECTION( '', ( 0.000000000000000, 1.00000000000000, 0.000000000000000 ) );
#2907 = ORIENTED_EDGE( '', *, *, #4603, .T. );
#2908 = ORIENTED_EDGE( '', *, *, #4549, .F. );
#2909 = ORIENTED_EDGE( '', *, *, #5001, .T. );
#2910 = ORIENTED_EDGE( '', *, *, #5002, .T. );
#2911 = CARTESIAN_POINT( '', ( 3.73000000000000, -2.67500000000000, 1.49000000000000 ) );
#2912 = DIRECTION( '', ( 1.00000000000000, 0.000000000000000, 0.000000000000000 ) );
#2913 = DIRECTION( '', ( 0.000000000000000, 1.00000000000000, -0.000000000000000 ) );
#2914 = ORIENTED_EDGE( '', *, *, #4463, .T. );
#2915 = ORIENTED_EDGE( '', *, *, #5003, .T. );
#2916 = ORIENTED_EDGE( '', *, *, #4781, .F. );
#2917 = ORIENTED_EDGE( '', *, *, #4658, .T. );
#2918 = CARTESIAN_POINT( '', ( -0.750000000000000, -1.42500000000000, 1.16000000000000 ) );
#2919 = DIRECTION( '', ( 0.000000000000000, -0.707106781186548, 0.707106781186548 ) );
#2920 = DIRECTION( '', ( -1.00000000000000, 0.000000000000000, 0.000000000000000 ) );
#2921 = ORIENTED_EDGE( '', *, *, #5004, .F. );
#2922 = ORIENTED_EDGE( '', *, *, #4729, .F. );
#2923 = ORIENTED_EDGE( '', *, *, #5005, .T. );
#2924 = ORIENTED_EDGE( '', *, *, #4696, .F. );
#2925 = ORIENTED_EDGE( '', *, *, #5006, .F. );
#2926 = ORIENTED_EDGE( '', *, *, #5007, .F. );
#2927 = CARTESIAN_POINT( '', ( 0.825000000000000, -2.67500000000000, 1.49000000000000 ) );
#2928 = DIRECTION( '', ( 1.00000000000000, 0.000000000000000, 0.000000000000000 ) );
#2929 = DIRECTION( '', ( 0.000000000000000, 1.00000000000000, -0.000000000000000 ) );
#2930 = ORIENTED_EDGE( '', *, *, #4833, .T. );
#2931 = ORIENTED_EDGE( '', *, *, #4844, .F. );
#2932 = ORIENTED_EDGE( '', *, *, #5008, .F. );
#2933 = ORIENTED_EDGE( '', *, *, #4647, .T. );
#2934 = CARTESIAN_POINT( '', ( -0.625000000000000, 0.475000000000000, 0.292448360330500 ) );
#2935 = DIRECTION( '', ( 1.00000000000000, -0.000000000000000, -0.000000000000000 ) );
#2936 = DIRECTION( '', ( 0.000000000000000, 1.00000000000000, 0.000000000000000 ) );
#2937 = ORIENTED_EDGE( '', *, *, #5009, .F. );
#2938 = ORIENTED_EDGE( '', *, *, #4878, .F. );
#2939 = ORIENTED_EDGE( '', *, *, #4905, .T. );
#2940 = ORIENTED_EDGE( '', *, *, #5010, .T. );
#2941 = CARTESIAN_POINT( '', ( 1.37500000000000, -2.37500000000000, -1.46035457610800 ) );
#2942 = DIRECTION( '', ( 0.000000000000000, 0.819152044289016, -0.573576436351011 ) );
#2943 = DIRECTION( '', ( -1.00000000000000, 0.000000000000000, 0.000000000000000 ) );
#2944 = ORIENTED_EDGE( '', *, *, #4514, .T. );
#2945 = ORIENTED_EDGE( '', *, *, #4773, .F. );
#2946 = ORIENTED_EDGE( '', *, *, #5011, .F. );
#2947 = ORIENTED_EDGE( '', *, *, #5012, .T. );
#2948 = CARTESIAN_POINT( '', ( 2.37500000000000, -2.72500000000000, -2.01000000000000 ) );
#2949 = DIRECTION( '', ( 0.000000000000000, -0.707106781186548, -0.707106781186548 ) );
#2950 = DIRECTION( '', ( 0.000000000000000, -0.707106781186547, 0.707106781186547 ) );
#2951 = ORIENTED_EDGE( '', *, *, #5013, .F. );
#2952 = ORIENTED_EDGE( '', *, *, #5014, .F. );
#2953 = ORIENTED_EDGE( '', *, *, #5015, .T. );
#2954 = ORIENTED_EDGE( '', *, *, #4710, .F. );
#2955 = ORIENTED_EDGE( '', *, *, #5016, .F. );
#2956 = ORIENTED_EDGE( '', *, *, #4578, .F. );
#2957 = CARTESIAN_POINT( '', ( -2.17500000000000, -2.67500000000000, 1.49000000000000 ) );
#2958 = DIRECTION( '', ( 1.00000000000000, 0.000000000000000, 0.000000000000000 ) );
#2959 = DIRECTION( '', ( 0.000000000000000, 1.00000000000000, -0.000000000000000 ) );
#2960 = ORIENTED_EDGE( '', *, *, #5000, .T. );
#2961 = ORIENTED_EDGE( '', *, *, #5017, .F. );
#2962 = ORIENTED_EDGE( '', *, *, #4588, .F. );
#2963 = ORIENTED_EDGE( '', *, *, #4721, .T. );
#2964 = CARTESIAN_POINT( '', ( -2.62500000000000, -0.0250000000000000, -0.0200000000000000 ) );
#2965 = DIRECTION( '', ( 0.000000000000000, 0.132163720091005, -0.991227900682636 ) );
#2966 = DIRECTION( '', ( -1.00000000000000, 0.000000000000000, 0.000000000000000 ) );
#2967 = ORIENTED_EDGE( '', *, *, #5018, .T. );
#2968 = ORIENTED_EDGE( '', *, *, #5019, .F. );
#2969 = ORIENTED_EDGE( '', *, *, #4837, .F. );
#2970 = ORIENTED_EDGE( '', *, *, #5020, .T. );
#2971 = CARTESIAN_POINT( '', ( -2.62500000000000, -2.37500000000000, -2.01000000000000 ) );
#2972 = DIRECTION( '', ( 0.000000000000000, 1.00000000000000, 0.000000000000000 ) );
#2973 = DIRECTION( '', ( 1.00000000000000, 0.000000000000000, -0.000000000000000 ) );
#2974 = ORIENTED_EDGE( '', *, *, #4650, .T. );
#2975 = ORIENTED_EDGE( '', *, *, #4600, .T. );
#2976 = ORIENTED_EDGE( '', *, *, #4841, .F. );
#2977 = ORIENTED_EDGE( '', *, *, #4679, .F. );
#2978 = CARTESIAN_POINT( '', ( -0.625000000000000, -2.12500000000000, -0.0200000000000000 ) );
#2979 = DIRECTION( '', ( 0.000000000000000, 0.000000000000000, -1.00000000000000 ) );
#2980 = DIRECTION( '', ( 0.000000000000000, -1.00000000000000, 0.000000000000000 ) );
#2981 = ORIENTED_EDGE( '', *, *, #4880, .T. );
#2982 = ORIENTED_EDGE( '', *, *, #5021, .F. );
#2983 = ORIENTED_EDGE( '', *, *, #4637, .F. );
#2984 = ORIENTED_EDGE( '', *, *, #4906, .T. );
#2985 = CARTESIAN_POINT( '', ( 1.37500000000000, -2.47500000000000, -2.11000000000000 ) );
#2986 = DIRECTION( '', ( 0.000000000000000, 0.707106781186598, -0.707106781186498 ) );
#2987 = DIRECTION( '', ( -1.00000000000000, 0.000000000000000, 0.000000000000000 ) );
#2988 = ORIENTED_EDGE( '', *, *, #4627, .T. );
#2989 = ORIENTED_EDGE( '', *, *, #5022, .F. );
#2990 = ORIENTED_EDGE( '', *, *, #4571, .F. );
#2991 = ORIENTED_EDGE( '', *, *, #4914, .F. );
#2992 = CARTESIAN_POINT( '', ( 2.35000000000000, -2.44763785963000, 1.59000000000000 ) );
#2993 = DIRECTION( '', ( -0.000000000000000, 1.00000000000000, 0.000000000000000 ) );
#2994 = DIRECTION( '', ( 0.000000000000000, 0.000000000000000, -1.00000000000000 ) );
#2995 = ORIENTED_EDGE( '', *, *, #5023, .F. );
#2996 = ORIENTED_EDGE( '', *, *, #4963, .F. );
#2997 = ORIENTED_EDGE( '', *, *, #4534, .F. );
#2998 = ORIENTED_EDGE( '', *, *, #5024, .T. );
#2999 = ORIENTED_EDGE( '', *, *, #5025, .T. );
#3000 = CARTESIAN_POINT( '', ( -2.22500000000000, 1.80000000000000, 1.23500000000000 ) );
#3001 = DIRECTION( '', ( 0.000000000000000, 0.707106781186548, -0.707106781186548 ) );
#3002 = DIRECTION( '', ( -1.00000000000000, 0.000000000000000, 0.000000000000000 ) );
#3003 = ORIENTED_EDGE( '', *, *, #4604, .F. );
#3004 = ORIENTED_EDGE( '', *, *, #5002, .F. );
#3005 = ORIENTED_EDGE( '', *, *, #5026, .F. );
#3006 = ORIENTED_EDGE( '', *, *, #5027, .T. );
#3007 = CARTESIAN_POINT( '', ( 3.76750000000000, -1.81500000000000, 1.37750000000000 ) );
#3008 = DIRECTION( '', ( -0.707106781186548, 0.000000000000000, 0.707106781186548 ) );
#3009 = DIRECTION( '', ( 0.000000000000000, 1.00000000000000, 0.000000000000000 ) );
#3010 = ORIENTED_EDGE( '', *, *, #5028, .F. );
#3011 = ORIENTED_EDGE( '', *, *, #5029, .F. );
#3012 = ORIENTED_EDGE( '', *, *, #5030, .T. );
#3013 = ORIENTED_EDGE( '', *, *, #4684, .T. );
#3014 = CARTESIAN_POINT( '', ( -1.62500000000000, -0.0250000000000000, 0.460000000000000 ) );
#3015 = DIRECTION( '', ( 0.000000000000000, 0.000000000000000, 1.00000000000000 ) );
#3016 = DIRECTION( '', ( 1.00000000000000, -0.000000000000000, 0.000000000000000 ) );
#3017 = ORIENTED_EDGE( '', *, *, #4972, .T. );
#3018 = ORIENTED_EDGE( '', *, *, #5031, .F. );
#3019 = ORIENTED_EDGE( '', *, *, #5032, .T. );
#3020 = ORIENTED_EDGE( '', *, *, #4562, .T. );
#3021 = ORIENTED_EDGE( '', *, *, #4572, .T. );
#3022 = ORIENTED_EDGE( '', *, *, #5022, .T. );
#3023 = ORIENTED_EDGE( '', *, *, #4626, .F. );
#3024 = CARTESIAN_POINT( '', ( 2.25000000000000, 1.87500000000000, 1.16000000000000 ) );
#3025 = DIRECTION( '', ( 0.000000000000000, -1.00000000000000, 0.000000000000000 ) );
#3026 = DIRECTION( '', ( 0.000000000000000, 0.000000000000000, -1.00000000000000 ) );
#3027 = ORIENTED_EDGE( '', *, *, #4951, .F. );
#3028 = ORIENTED_EDGE( '', *, *, #4642, .F. );
#3029 = ORIENTED_EDGE( '', *, *, #5033, .F. );
#3030 = ORIENTED_EDGE( '', *, *, #4757, .F. );
#3031 = ORIENTED_EDGE( '', *, *, #5034, .F. );
#3032 = ORIENTED_EDGE( '', *, *, #5035, .F. );
#3033 = ORIENTED_EDGE( '', *, *, #5036, .F. );
#3034 = ORIENTED_EDGE( '', *, *, #5037, .F. );
#3035 = ORIENTED_EDGE( '', *, *, #5038, .F. );
#3036 = CARTESIAN_POINT( '', ( 0.000000000000000, -2.67500000000000, 0.290000000000000 ) );
#3037 = DIRECTION( '', ( 0.000000000000000, 0.000000000000000, 1.00000000000000 ) );
#3038 = DIRECTION( '', ( 1.00000000000000, -0.000000000000000, 0.000000000000000 ) );
#3039 = ORIENTED_EDGE( '', *, *, #4762, .T. );
#3040 = ORIENTED_EDGE( '', *, *, #4825, .F. );
#3041 = ORIENTED_EDGE( '', *, *, #5039, .F. );
#3042 = ORIENTED_EDGE( '', *, *, #5040, .T. );
#3043 = CARTESIAN_POINT( '', ( 1.37500000000000, 0.575000000000000, 0.147551639669500 ) );
#3044 = DIRECTION( '', ( 0.000000000000000, 1.00000000000000, 0.000000000000000 ) );
#3045 = DIRECTION( '', ( 1.00000000000000, 0.000000000000000, -0.000000000000000 ) );
#3046 = ORIENTED_EDGE( '', *, *, #4776, .F. );
#3047 = ORIENTED_EDGE( '', *, *, #5041, .F. );
#3048 = ORIENTED_EDGE( '', *, *, #5042, .T. );
#3049 = ORIENTED_EDGE( '', *, *, #5043, .T. );
#3050 = CARTESIAN_POINT( '', ( 2.37500000000000, -2.37500000000000, -1.46035457610800 ) );
#3051 = DIRECTION( '', ( 0.000000000000000, 0.819152044289016, -0.573576436351011 ) );
#3052 = DIRECTION( '', ( -1.00000000000000, 0.000000000000000, 0.000000000000000 ) );
#3053 = ORIENTED_EDGE( '', *, *, #5044, .F. );
#3054 = ORIENTED_EDGE( '', *, *, #4930, .T. );
#3055 = ORIENTED_EDGE( '', *, *, #4429, .T. );
#3056 = ORIENTED_EDGE( '', *, *, #5045, .F. );
#3057 = ORIENTED_EDGE( '', *, *, #5046, .T. );
#3058 = ORIENTED_EDGE( '', *, *, #4888, .F. );
#3059 = ORIENTED_EDGE( '', *, *, #5047, .F. );
#3060 = ORIENTED_EDGE( '', *, *, #5048, .F. );
#3061 = ORIENTED_EDGE( '', *, *, #4893, .T. );
#3062 = CARTESIAN_POINT( '', ( 0.000000000000000, -2.67500000000000, 0.290000000000000 ) );
#3063 = DIRECTION( '', ( 0.000000000000000, 0.000000000000000, 1.00000000000000 ) );
#3064 = DIRECTION( '', ( 1.00000000000000, -0.000000000000000, 0.000000000000000 ) );
#3065 = ORIENTED_EDGE( '', *, *, #5049, .F. );
#3066 = ORIENTED_EDGE( '', *, *, #5050, .T. );
#3067 = ORIENTED_EDGE( '', *, *, #4860, .F. );
#3068 = ORIENTED_EDGE( '', *, *, #4483, .T. );
#3069 = ORIENTED_EDGE( '', *, *, #5051, .T. );
#3070 = ORIENTED_EDGE( '', *, *, #4443, .F. );
#3071 = ORIENTED_EDGE( '', *, *, #5052, .T. );
#3072 = ORIENTED_EDGE( '', *, *, #4939, .T. );
#3073 = ORIENTED_EDGE( '', *, *, #4818, .T. );
#3074 = ORIENTED_EDGE( '', *, *, #4446, .F. );
#3075 = ORIENTED_EDGE( '', *, *, #4616, .F. );
#3076 = ORIENTED_EDGE( '', *, *, #4988, .T. );
#3077 = ORIENTED_EDGE( '', *, *, #4475, .F. );
#3078 = ORIENTED_EDGE( '', *, *, #5053, .T. );
#3079 = ORIENTED_EDGE( '', *, *, #4952, .T. );
#3080 = ORIENTED_EDGE( '', *, *, #5038, .T. );
#3081 = CARTESIAN_POINT( '', ( -4.00000000000000, -2.42500000000000, 1.49000000000000 ) );
#3082 = DIRECTION( '', ( 0.000000000000000, 1.00000000000000, 0.000000000000000 ) );
#3083 = DIRECTION( '', ( 1.00000000000000, 0.000000000000000, -0.000000000000000 ) );
#3084 = ORIENTED_EDGE( '', *, *, #4957, .F. );
#3085 = ORIENTED_EDGE( '', *, *, #5054, .F. );
#3086 = ORIENTED_EDGE( '', *, *, #5055, .F. );
#3087 = ORIENTED_EDGE( '', *, *, #4929, .F. );
#3088 = ORIENTED_EDGE( '', *, *, #5056, .F. );
#3089 = ORIENTED_EDGE( '', *, *, #4770, .F. );
#3090 = ORIENTED_EDGE( '', *, *, #5057, .F. );
#3091 = ORIENTED_EDGE( '', *, *, #4800, .F. );
#3092 = ORIENTED_EDGE( '', *, *, #4992, .F. );
#3093 = ORIENTED_EDGE( '', *, *, #5058, .T. );
#3094 = CARTESIAN_POINT( '', ( -0.625000000000000, -2.67500000000000, 1.49000000000000 ) );
#3095 = DIRECTION( '', ( 1.00000000000000, 0.000000000000000, 0.000000000000000 ) );
#3096 = DIRECTION( '', ( 0.000000000000000, 1.00000000000000, -0.000000000000000 ) );
#3097 = ORIENTED_EDGE( '', *, *, #4589, .T. );
#3098 = ORIENTED_EDGE( '', *, *, #5017, .T. );
#3099 = ORIENTED_EDGE( '', *, *, #4999, .T. );
#3100 = ORIENTED_EDGE( '', *, *, #4970, .T. );
#3101 = ORIENTED_EDGE( '', *, *, #4980, .T. );
#3102 = ORIENTED_EDGE( '', *, *, #5059, .T. );
#3103 = ORIENTED_EDGE( '', *, *, #5060, .T. );
#3104 = ORIENTED_EDGE( '', *, *, #4686, .F. );
#3105 = CARTESIAN_POINT( '', ( -2.37500000000000, -2.67500000000000, 1.49000000000000 ) );
#3106 = DIRECTION( '', ( 1.00000000000000, 0.000000000000000, 0.000000000000000 ) );
#3107 = DIRECTION( '', ( 0.000000000000000, 1.00000000000000, -0.000000000000000 ) );
#3108 = ORIENTED_EDGE( '', *, *, #5061, .T. );
#3109 = ORIENTED_EDGE( '', *, *, #4634, .T. );
#3110 = ORIENTED_EDGE( '', *, *, #5062, .F. );
#3111 = ORIENTED_EDGE( '', *, *, #4784, .T. );
#3112 = ORIENTED_EDGE( '', *, *, #5063, .T. );
#3113 = ORIENTED_EDGE( '', *, *, #4459, .F. );
#3114 = ORIENTED_EDGE( '', *, *, #5064, .F. );
#3115 = ORIENTED_EDGE( '', *, *, #4935, .F. );
#3116 = ORIENTED_EDGE( '', *, *, #5065, .T. );
#3117 = ORIENTED_EDGE( '', *, *, #4556, .F. );
#3118 = ORIENTED_EDGE( '', *, *, #4509, .T. );
#3119 = ORIENTED_EDGE( '', *, *, #5066, .T. );
#3120 = ORIENTED_EDGE( '', *, *, #4870, .T. );
#3121 = ORIENTED_EDGE( '', *, *, #5067, .T. );
#3122 = ORIENTED_EDGE( '', *, *, #5068, .T. );
#3123 = ORIENTED_EDGE( '', *, *, #5069, .T. );
#3124 = ORIENTED_EDGE( '', *, *, #4455, .T. );
#3125 = ORIENTED_EDGE( '', *, *, #4652, .T. );
#3126 = CARTESIAN_POINT( '', ( -1.85000000000000, 2.68500000000000, 2.56000000000000 ) );
#3127 = DIRECTION( '', ( 0.000000000000000, 0.000000000000000, -1.00000000000000 ) );
#3128 = DIRECTION( '', ( 0.000000000000000, -1.00000000000000, 0.000000000000000 ) );
#3129 = ORIENTED_EDGE( '', *, *, #4471, .T. );
#3130 = ORIENTED_EDGE( '', *, *, #5070, .T. );
#3131 = ORIENTED_EDGE( '', *, *, #4466, .T. );
#3132 = ORIENTED_EDGE( '', *, *, #5071, .T. );
#3133 = ORIENTED_EDGE( '', *, *, #5072, .T. );
#3134 = ORIENTED_EDGE( '', *, *, #5073, .T. );
#3135 = ORIENTED_EDGE( '', *, *, #4838, .T. );
#3136 = ORIENTED_EDGE( '', *, *, #5019, .T. );
#3137 = ORIENTED_EDGE( '', *, *, #5074, .T. );
#3138 = ORIENTED_EDGE( '', *, *, #5075, .T. );
#3139 = CARTESIAN_POINT( '', ( -2.37500000000000, -2.67500000000000, 1.49000000000000 ) );
#3140 = DIRECTION( '', ( 1.00000000000000, 0.000000000000000, 0.000000000000000 ) );
#3141 = DIRECTION( '', ( 0.000000000000000, 1.00000000000000, -0.000000000000000 ) );
#3142 = ORIENTED_EDGE( '', *, *, #4892, .F. );
#3143 = ORIENTED_EDGE( '', *, *, #4552, .T. );
#3144 = ORIENTED_EDGE( '', *, *, #5076, .F. );
#3145 = ORIENTED_EDGE( '', *, *, #4991, .T. );
#3146 = ORIENTED_EDGE( '', *, *, #4619, .F. );
#3147 = ORIENTED_EDGE( '', *, *, #5077, .T. );
#3148 = ORIENTED_EDGE( '', *, *, #5078, .T. );
#3149 = ORIENTED_EDGE( '', *, *, #4948, .T. );
#3150 = ORIENTED_EDGE( '', *, *, #4527, .F. );
#3151 = ORIENTED_EDGE( '', *, *, #4413, .F. );
#3152 = ORIENTED_EDGE( '', *, *, #5079, .T. );
#3153 = ORIENTED_EDGE( '', *, *, #5026, .T. );
#3154 = ORIENTED_EDGE( '', *, *, #5001, .F. );
#3155 = ORIENTED_EDGE( '', *, *, #4548, .T. );
#3156 = ORIENTED_EDGE( '', *, *, #4931, .T. );
#3157 = ORIENTED_EDGE( '', *, *, #5044, .T. );
#3158 = CARTESIAN_POINT( '', ( -4.00000000000000, -2.42500000000000, 1.49000000000000 ) );
#3159 = DIRECTION( '', ( 0.000000000000000, 1.00000000000000, 0.000000000000000 ) );
#3160 = DIRECTION( '', ( 1.00000000000000, 0.000000000000000, -0.000000000000000 ) );
#3161 = ORIENTED_EDGE( '', *, *, #5080, .F. );
#3162 = ORIENTED_EDGE( '', *, *, #4473, .F. );
#3163 = ORIENTED_EDGE( '', *, *, #4655, .F. );
#3164 = ORIENTED_EDGE( '', *, *, #4481, .T. );
#3165 = ORIENTED_EDGE( '', *, *, #4862, .T. );
#3166 = CARTESIAN_POINT( '', ( -3.51000000000000, -1.20500000000000, 1.49000000000000 ) );
#3167 = DIRECTION( '', ( 0.000000000000000, 1.00000000000000, 0.000000000000000 ) );
#3168 = DIRECTION( '', ( 1.00000000000000, 0.000000000000000, -0.000000000000000 ) );
#3169 = ORIENTED_EDGE( '', *, *, #5081, .T. );
#3170 = ORIENTED_EDGE( '', *, *, #4829, .T. );
#3171 = ORIENTED_EDGE( '', *, *, #4852, .F. );
#3172 = ORIENTED_EDGE( '', *, *, #5082, .F. );
#3173 = CARTESIAN_POINT( '', ( -1.62500000000000, -2.12500000000000, 1.02000000000000 ) );
#3174 = DIRECTION( '', ( 0.000000000000000, 0.000000000000000, 1.00000000000000 ) );
#3175 = DIRECTION( '', ( 1.00000000000000, -0.000000000000000, 0.000000000000000 ) );
#3176 = ORIENTED_EDGE( '', *, *, #4758, .T. );
#3177 = ORIENTED_EDGE( '', *, *, #5033, .T. );
#3178 = ORIENTED_EDGE( '', *, *, #4641, .F. );
#3179 = ORIENTED_EDGE( '', *, *, #4945, .F. );
#3180 = CARTESIAN_POINT( '', ( -4.07000000000000, -2.72500000000000, 1.49000000000000 ) );
#3181 = DIRECTION( '', ( 0.000000000000000, -1.00000000000000, 0.000000000000000 ) );
#3182 = DIRECTION( '', ( 0.000000000000000, 0.000000000000000, -1.00000000000000 ) );
#3183 = ORIENTED_EDGE( '', *, *, #4858, .F. );
#3184 = ORIENTED_EDGE( '', *, *, #4789, .F. );
#3185 = ORIENTED_EDGE( '', *, *, #5083, .T. );
#3186 = ORIENTED_EDGE( '', *, *, #5084, .T. );
#3187 = CARTESIAN_POINT( '', ( -1.62500000000000, -2.37500000000000, -1.46035457610800 ) );
#3188 = DIRECTION( '', ( 0.000000000000000, 0.819152044289016, -0.573576436351011 ) );
#3189 = DIRECTION( '', ( -1.00000000000000, 0.000000000000000, 0.000000000000000 ) );
#3190 = ORIENTED_EDGE( '', *, *, #4467, .T. );
#3191 = ORIENTED_EDGE( '', *, *, #5070, .F. );
#3192 = ORIENTED_EDGE( '', *, *, #4470, .F. );
#3193 = ORIENTED_EDGE( '', *, *, #5085, .T. );
#3194 = CARTESIAN_POINT( '', ( -2.62500000000000, -2.52500000000000, 1.02000000000000 ) );
#3195 = DIRECTION( '', ( 0.000000000000000, -1.00000000000000, 0.000000000000000 ) );
#3196 = DIRECTION( '', ( 0.000000000000000, 0.000000000000000, -1.00000000000000 ) );
#3197 = ORIENTED_EDGE( '', *, *, #4769, .T. );
#3198 = ORIENTED_EDGE( '', *, *, #5086, .F. );
#3199 = ORIENTED_EDGE( '', *, *, #4797, .F. );
#3200 = ORIENTED_EDGE( '', *, *, #5057, .T. );
#3201 = CARTESIAN_POINT( '', ( -0.625000000000000, -2.52500000000000, -1.06437039865200 ) );
#3202 = DIRECTION( '', ( 0.000000000000000, -0.819152044289016, 0.573576436351011 ) );
#3203 = DIRECTION( '', ( -1.00000000000000, 0.000000000000000, 0.000000000000000 ) );
#3204 = ORIENTED_EDGE( '', *, *, #5087, .T. );
#3205 = ORIENTED_EDGE( '', *, *, #5088, .F. );
#3206 = ORIENTED_EDGE( '', *, *, #4489, .F. );
#3207 = ORIENTED_EDGE( '', *, *, #4712, .T. );
#3208 = CARTESIAN_POINT( '', ( 2.37500000000000, 0.488216372009100, 0.391571150398800 ) );
#3209 = DIRECTION( '', ( 0.000000000000000, 0.132163720091005, 0.991227900682636 ) );
#3210 = DIRECTION( '', ( 1.00000000000000, -0.000000000000000, 0.000000000000000 ) );
#3211 = ORIENTED_EDGE( '', *, *, #4954, .T. );
#3212 = ORIENTED_EDGE( '', *, *, #5089, .T. );
#3213 = ORIENTED_EDGE( '', *, *, #5090, .F. );
#3214 = ORIENTED_EDGE( '', *, *, #4947, .F. );
#3215 = CARTESIAN_POINT( '', ( -3.52000000000000, -1.22500000000000, 1.49000000000000 ) );
#3216 = DIRECTION( '', ( 0.000000000000000, 1.00000000000000, 0.000000000000000 ) );
#3217 = DIRECTION( '', ( 1.00000000000000, 0.000000000000000, -0.000000000000000 ) );
#3218 = ORIENTED_EDGE( '', *, *, #4506, .T. );
#3219 = ORIENTED_EDGE( '', *, *, #4975, .F. );
#3220 = ORIENTED_EDGE( '', *, *, #4497, .F. );
#3221 = ORIENTED_EDGE( '', *, *, #5091, .T. );
#3222 = ORIENTED_EDGE( '', *, *, #4962, .T. );
#3223 = CARTESIAN_POINT( '', ( 3.57500000000000, 2.68500000000000, 0.560000000000000 ) );
#3224 = DIRECTION( '', ( 0.000000000000000, 0.000000000000000, -1.00000000000000 ) );
#3225 = DIRECTION( '', ( 0.000000000000000, -1.00000000000000, 0.000000000000000 ) );
#3226 = ORIENTED_EDGE( '', *, *, #5092, .T. );
#3227 = ORIENTED_EDGE( '', *, *, #5071, .F. );
#3228 = ORIENTED_EDGE( '', *, *, #4465, .F. );
#3229 = ORIENTED_EDGE( '', *, *, #5093, .T. );
#3230 = CARTESIAN_POINT( '', ( -2.62500000000000, -2.72500000000000, -1.35000000000000 ) );
#3231 = DIRECTION( '', ( 0.000000000000000, -1.00000000000000, 0.000000000000000 ) );
#3232 = DIRECTION( '', ( 0.000000000000000, 0.000000000000000, -1.00000000000000 ) );
#3233 = ORIENTED_EDGE( '', *, *, #5079, .F. );
#3234 = ORIENTED_EDGE( '', *, *, #4412, .T. );
#3235 = ORIENTED_EDGE( '', *, *, #5094, .T. );
#3236 = ORIENTED_EDGE( '', *, *, #5027, .F. );
#3237 = CARTESIAN_POINT( '', ( 0.000000000000000, -2.67500000000000, 1.41500000000000 ) );
#3238 = DIRECTION( '', ( 0.000000000000000, 0.000000000000000, 1.00000000000000 ) );
#3239 = DIRECTION( '', ( 1.00000000000000, -0.000000000000000, 0.000000000000000 ) );
#3240 = ORIENTED_EDGE( '', *, *, #4904, .T. );
#3241 = ORIENTED_EDGE( '', *, *, #5095, .T. );
#3242 = ORIENTED_EDGE( '', *, *, #5096, .F. );
#3243 = ORIENTED_EDGE( '', *, *, #4675, .F. );
#3244 = CARTESIAN_POINT( '', ( 0.375000000000000, -2.12500000000000, -0.0200000000000000 ) );
#3245 = DIRECTION( '', ( 0.000000000000000, 0.000000000000000, -1.00000000000000 ) );
#3246 = DIRECTION( '', ( 0.000000000000000, -1.00000000000000, 0.000000000000000 ) );
#3247 = ORIENTED_EDGE( '', *, *, #5097, .T. );
#3248 = ORIENTED_EDGE( '', *, *, #5034, .T. );
#3249 = ORIENTED_EDGE( '', *, *, #4756, .F. );
#3250 = ORIENTED_EDGE( '', *, *, #4944, .F. );
#3251 = CARTESIAN_POINT( '', ( -4.12000000000000, -2.57500000000000, 1.49000000000000 ) );
#3252 = DIRECTION( '', ( -1.00000000000000, 0.000000000000000, 0.000000000000000 ) );
#3253 = DIRECTION( '', ( 0.000000000000000, 0.000000000000000, 1.00000000000000 ) );
#3254 = ORIENTED_EDGE( '', *, *, #5098, .F. );
#3255 = ORIENTED_EDGE( '', *, *, #4439, .F. );
#3256 = ORIENTED_EDGE( '', *, *, #5099, .T. );
#3257 = ORIENTED_EDGE( '', *, *, #4807, .F. );
#3258 = CARTESIAN_POINT( '', ( -2.05000000000000, -1.84697605963000, 2.76000000000000 ) );
#3259 = DIRECTION( '', ( 0.000000000000000, 1.00000000000000, 0.000000000000000 ) );
#3260 = DIRECTION( '', ( -1.00000000000000, 0.000000000000000, 0.000000000000000 ) );
#3261 = ORIENTED_EDGE( '', *, *, #5100, .T. );
#3262 = ORIENTED_EDGE( '', *, *, #4842, .F. );
#3263 = ORIENTED_EDGE( '', *, *, #4598, .F. );
#3264 = ORIENTED_EDGE( '', *, *, #4649, .T. );
#3265 = CARTESIAN_POINT( '', ( -0.625000000000000, 0.475000000000000, 0.147551639669500 ) );
#3266 = DIRECTION( '', ( 1.00000000000000, -0.000000000000000, -0.000000000000000 ) );
#3267 = DIRECTION( '', ( 0.000000000000000, 1.00000000000000, 0.000000000000000 ) );
#3268 = ORIENTED_EDGE( '', *, *, #5101, .T. );
#3269 = ORIENTED_EDGE( '', *, *, #5047, .T. );
#3270 = ORIENTED_EDGE( '', *, *, #4887, .F. );
#3271 = ORIENTED_EDGE( '', *, *, #5102, .F. );
#3272 = CARTESIAN_POINT( '', ( 3.72000000000000, -2.72500000000000, 1.49000000000000 ) );
#3273 = DIRECTION( '', ( 0.000000000000000, -1.00000000000000, 0.000000000000000 ) );
#3274 = DIRECTION( '', ( 0.000000000000000, 0.000000000000000, -1.00000000000000 ) );
#3275 = ORIENTED_EDGE( '', *, *, #4639, .T. );
#3276 = ORIENTED_EDGE( '', *, *, #5103, .F. );
#3277 = ORIENTED_EDGE( '', *, *, #4477, .F. );
#3278 = ORIENTED_EDGE( '', *, *, #4907, .T. );
#3279 = CARTESIAN_POINT( '', ( 1.37500000000000, -2.72500000000000, -2.01000000000000 ) );
#3280 = DIRECTION( '', ( 0.000000000000000, -0.707106781186548, -0.707106781186548 ) );
#3281 = DIRECTION( '', ( 0.000000000000000, -0.707106781186547, 0.707106781186547 ) );
#3282 = ORIENTED_EDGE( '', *, *, #5090, .T. );
#3283 = ORIENTED_EDGE( '', *, *, #5104, .F. );
#3284 = ORIENTED_EDGE( '', *, *, #5049, .T. );
#3285 = ORIENTED_EDGE( '', *, *, #5037, .T. );
#3286 = ORIENTED_EDGE( '', *, *, #5105, .F. );
#3287 = ORIENTED_EDGE( '', *, *, #4941, .F. );
#3288 = CARTESIAN_POINT( '', ( -3.72000000000000, -1.22500000000000, 1.49000000000000 ) );
#3289 = DIRECTION( '', ( -1.00000000000000, 0.000000000000000, 0.000000000000000 ) );
#3290 = DIRECTION( '', ( 0.000000000000000, 0.000000000000000, 1.00000000000000 ) );
#3291 = ORIENTED_EDGE( '', *, *, #4871, .T. );
#3292 = ORIENTED_EDGE( '', *, *, #5066, .F. );
#3293 = ORIENTED_EDGE( '', *, *, #4508, .F. );
#3294 = ORIENTED_EDGE( '', *, *, #5106, .T. );
#3295 = CARTESIAN_POINT( '', ( -0.650000000000000, 0.425000000000000, 2.96000000000000 ) );
#3296 = DIRECTION( '', ( -0.000000000000000, -0.000000000000000, 1.00000000000000 ) );
#3297 = DIRECTION( '', ( 1.00000000000000, 0.000000000000000, 0.000000000000000 ) );
#3298 = ORIENTED_EDGE( '', *, *, #5107, .T. );
#3299 = ORIENTED_EDGE( '', *, *, #5068, .F. );
#3300 = ORIENTED_EDGE( '', *, *, #5108, .F. );
#3301 = ORIENTED_EDGE( '', *, *, #5109, .T. );
#3302 = CARTESIAN_POINT( '', ( 0.950000000000000, 0.425000000000000, 2.96000000000000 ) );
#3303 = DIRECTION( '', ( 1.00000000000000, 0.000000000000000, 0.000000000000000 ) );
#3304 = DIRECTION( '', ( 0.000000000000000, 1.00000000000000, -0.000000000000000 ) );
#3305 = ORIENTED_EDGE( '', *, *, #4438, .T. );
#3306 = ORIENTED_EDGE( '', *, *, #4432, .T. );
#3307 = ORIENTED_EDGE( '', *, *, #5110, .T. );
#3308 = ORIENTED_EDGE( '', *, *, #4801, .T. );
#3309 = ORIENTED_EDGE( '', *, *, #4487, .T. );
#3310 = ORIENTED_EDGE( '', *, *, #4915, .T. );
#3311 = ORIENTED_EDGE( '', *, *, #5111, .T. );
#3312 = ORIENTED_EDGE( '', *, *, #5112, .T. );
#3313 = ORIENTED_EDGE( '', *, *, #5113, .T. );
#3314 = ORIENTED_EDGE( '', *, *, #5114, .F. );
#3315 = ORIENTED_EDGE( '', *, *, #4804, .F. );
#3316 = ORIENTED_EDGE( '', *, *, #5099, .F. );
#3317 = ORIENTED_EDGE( '', *, *, #4457, .F. );
#3318 = ORIENTED_EDGE( '', *, *, #5115, .F. );
#3319 = ORIENTED_EDGE( '', *, *, #5109, .F. );
#3320 = ORIENTED_EDGE( '', *, *, #5116, .F. );
#3321 = ORIENTED_EDGE( '', *, *, #4872, .F. );
#3322 = ORIENTED_EDGE( '', *, *, #5106, .F. );
#3323 = ORIENTED_EDGE( '', *, *, #4511, .F. );
#3324 = ORIENTED_EDGE( '', *, *, #4653, .F. );
#3325 = CARTESIAN_POINT( '', ( 2.25000000000000, 2.68500000000000, 2.96000000000000 ) );
#3326 = DIRECTION( '', ( 0.000000000000000, 0.000000000000000, -1.00000000000000 ) );
#3327 = DIRECTION( '', ( 0.000000000000000, -1.00000000000000, 0.000000000000000 ) );
#3328 = ORIENTED_EDGE( '', *, *, #4702, .T. );
#3329 = ORIENTED_EDGE( '', *, *, #4981, .F. );
#3330 = ORIENTED_EDGE( '', *, *, #4734, .F. );
#3331 = ORIENTED_EDGE( '', *, *, #4568, .T. );
#3332 = CARTESIAN_POINT( '', ( -4.00000000000000, -2.67500000000000, -0.710000000000000 ) );
#3333 = DIRECTION( '', ( 0.000000000000000, 0.707106781186548, 0.707106781186548 ) );
#3334 = DIRECTION( '', ( 1.00000000000000, 0.000000000000000, -0.000000000000000 ) );
#3335 = ORIENTED_EDGE( '', *, *, #5117, .F. );
#3336 = ORIENTED_EDGE( '', *, *, #4661, .F. );
#3337 = ORIENTED_EDGE( '', *, *, #4631, .T. );
#3338 = ORIENTED_EDGE( '', *, *, #5118, .T. );
#3339 = ORIENTED_EDGE( '', *, *, #5119, .T. );
#3340 = CARTESIAN_POINT( '', ( 1.92500000000000, 0.225000000000000, 1.23500000000000 ) );
#3341 = DIRECTION( '', ( -0.707106781186548, 0.000000000000000, -0.707106781186548 ) );
#3342 = DIRECTION( '', ( -0.707106781186547, 0.000000000000000, 0.707106781186547 ) );
#3343 = ORIENTED_EDGE( '', *, *, #5076, .T. );
#3344 = ORIENTED_EDGE( '', *, *, #4551, .F. );
#3345 = ORIENTED_EDGE( '', *, *, #4602, .F. );
#3346 = ORIENTED_EDGE( '', *, *, #4989, .F. );
#3347 = CARTESIAN_POINT( '', ( 3.51000000000000, -1.20500000000000, 1.49000000000000 ) );
#3348 = DIRECTION( '', ( -1.00000000000000, 0.000000000000000, 0.000000000000000 ) );
#3349 = DIRECTION( '', ( 0.000000000000000, 0.000000000000000, 1.00000000000000 ) );
#3350 = ORIENTED_EDGE( '', *, *, #5120, .F. );
#3351 = ORIENTED_EDGE( '', *, *, #5087, .F. );
#3352 = ORIENTED_EDGE( '', *, *, #4711, .T. );
#3353 = ORIENTED_EDGE( '', *, *, #4691, .T. );
#3354 = CARTESIAN_POINT( '', ( 2.37500000000000, -0.0250000000000000, 0.460000000000000 ) );
#3355 = DIRECTION( '', ( 0.000000000000000, 0.000000000000000, 1.00000000000000 ) );
#3356 = DIRECTION( '', ( 1.00000000000000, -0.000000000000000, 0.000000000000000 ) );
#3357 = ORIENTED_EDGE( '', *, *, #5096, .T. );
#3358 = ORIENTED_EDGE( '', *, *, #5121, .T. );
#3359 = ORIENTED_EDGE( '', *, *, #5122, .T. );
#3360 = ORIENTED_EDGE( '', *, *, #4543, .T. );
#3361 = ORIENTED_EDGE( '', *, *, #5123, .T. );
#3362 = ORIENTED_EDGE( '', *, *, #4959, .T. );
#3363 = ORIENTED_EDGE( '', *, *, #4863, .T. );
#3364 = ORIENTED_EDGE( '', *, *, #4676, .F. );
#3365 = CARTESIAN_POINT( '', ( 0.625000000000000, -2.67500000000000, 1.49000000000000 ) );
#3366 = DIRECTION( '', ( 1.00000000000000, 0.000000000000000, 0.000000000000000 ) );
#3367 = DIRECTION( '', ( 0.000000000000000, 1.00000000000000, -0.000000000000000 ) );
#3368 = ORIENTED_EDGE( '', *, *, #4544, .T. );
#3369 = ORIENTED_EDGE( '', *, *, #5122, .F. );
#3370 = ORIENTED_EDGE( '', *, *, #5124, .F. );
#3371 = ORIENTED_EDGE( '', *, *, #4902, .T. );
#3372 = CARTESIAN_POINT( '', ( 0.375000000000000, 0.475000000000000, 0.147551639669500 ) );
#3373 = DIRECTION( '', ( 1.00000000000000, -0.000000000000000, -0.000000000000000 ) );
#3374 = DIRECTION( '', ( 0.000000000000000, 1.00000000000000, 0.000000000000000 ) );
#3375 = ORIENTED_EDGE( '', *, *, #5125, .T. );
#3376 = ORIENTED_EDGE( '', *, *, #5126, .F. );
#3377 = ORIENTED_EDGE( '', *, *, #5127, .F. );
#3378 = ORIENTED_EDGE( '', *, *, #5128, .T. );
#3379 = CARTESIAN_POINT( '', ( -1.62500000000000, 0.475000000000000, 0.292448360330500 ) );
#3380 = DIRECTION( '', ( 1.00000000000000, -0.000000000000000, -0.000000000000000 ) );
#3381 = DIRECTION( '', ( 0.000000000000000, 1.00000000000000, 0.000000000000000 ) );
#3382 = ORIENTED_EDGE( '', *, *, #5129, .T. );
#3383 = ORIENTED_EDGE( '', *, *, #4694, .T. );
#3384 = ORIENTED_EDGE( '', *, *, #5130, .F. );
#3385 = ORIENTED_EDGE( '', *, *, #4727, .T. );
#3386 = ORIENTED_EDGE( '', *, *, #5131, .T. );
#3387 = ORIENTED_EDGE( '', *, *, #5132, .T. );
#3388 = CARTESIAN_POINT( '', ( 1.17500000000000, -2.12500000000000, 1.49000000000000 ) );
#3389 = DIRECTION( '', ( -1.00000000000000, 0.000000000000000, 0.000000000000000 ) );
#3390 = DIRECTION( '', ( 0.000000000000000, 0.000000000000000, 1.00000000000000 ) );
#3391 = ORIENTED_EDGE( '', *, *, #5133, .T. );
#3392 = ORIENTED_EDGE( '', *, *, #5134, .F. );
#3393 = ORIENTED_EDGE( '', *, *, #4976, .F. );
#3394 = ORIENTED_EDGE( '', *, *, #5135, .T. );
#3395 = CARTESIAN_POINT( '', ( 0.375000000000000, -2.72500000000000, -2.01000000000000 ) );
#3396 = DIRECTION( '', ( 0.000000000000000, -0.707106781186548, -0.707106781186548 ) );
#3397 = DIRECTION( '', ( 0.000000000000000, -0.707106781186547, 0.707106781186547 ) );
#3398 = ORIENTED_EDGE( '', *, *, #5136, .T. );
#3399 = ORIENTED_EDGE( '', *, *, #5045, .T. );
#3400 = ORIENTED_EDGE( '', *, *, #4428, .F. );
#3401 = ORIENTED_EDGE( '', *, *, #5137, .F. );
#3402 = CARTESIAN_POINT( '', ( 4.12000000000000, -2.57500000000000, 1.49000000000000 ) );
#3403 = DIRECTION( '', ( 0.707106781186498, 0.707106781186598, 0.000000000000000 ) );
#3404 = DIRECTION( '', ( 0.000000000000000, 0.000000000000000, -1.00000000000000 ) );
#3405 = ORIENTED_EDGE( '', *, *, #5138, .T. );
#3406 = ORIENTED_EDGE( '', *, *, #5139, .F. );
#3407 = ORIENTED_EDGE( '', *, *, #4897, .F. );
#3408 = ORIENTED_EDGE( '', *, *, #4909, .T. );
#3409 = CARTESIAN_POINT( '', ( 1.37500000000000, -2.52500000000000, 1.02000000000000 ) );
#3410 = DIRECTION( '', ( 0.000000000000000, -1.00000000000000, 0.000000000000000 ) );
#3411 = DIRECTION( '', ( 0.000000000000000, 0.000000000000000, -1.00000000000000 ) );
#3412 = ORIENTED_EDGE( '', *, *, #4452, .F. );
#3413 = ORIENTED_EDGE( '', *, *, #5140, .F. );
#3414 = ORIENTED_EDGE( '', *, *, #4666, .T. );
#3415 = ORIENTED_EDGE( '', *, *, #4965, .F. );
#3416 = ORIENTED_EDGE( '', *, *, #5141, .T. );
#3417 = CARTESIAN_POINT( '', ( -2.63500000000000, 1.57500000000000, -1.18000000000000 ) );
#3418 = DIRECTION( '', ( -1.00000000000000, 0.000000000000000, 0.000000000000000 ) );
#3419 = DIRECTION( '', ( 0.000000000000000, 0.000000000000000, 1.00000000000000 ) );
#3420 = ORIENTED_EDGE( '', *, *, #5142, .T. );
#3421 = ORIENTED_EDGE( '', *, *, #4774, .F. );
#3422 = ORIENTED_EDGE( '', *, *, #4512, .F. );
#3423 = ORIENTED_EDGE( '', *, *, #5143, .T. );
#3424 = CARTESIAN_POINT( '', ( 2.37500000000000, -2.47500000000000, -2.11000000000000 ) );
#3425 = DIRECTION( '', ( 0.000000000000000, 0.707106781186598, -0.707106781186498 ) );
#3426 = DIRECTION( '', ( -1.00000000000000, 0.000000000000000, 0.000000000000000 ) );
#3427 = ORIENTED_EDGE( '', *, *, #5011, .T. );
#3428 = ORIENTED_EDGE( '', *, *, #4772, .F. );
#3429 = ORIENTED_EDGE( '', *, *, #4579, .F. );
#3430 = ORIENTED_EDGE( '', *, *, #5144, .T. );
#3431 = CARTESIAN_POINT( '', ( 2.37500000000000, -2.72500000000000, -1.35000000000000 ) );
#3432 = DIRECTION( '', ( 0.000000000000000, -1.00000000000000, 0.000000000000000 ) );
#3433 = DIRECTION( '', ( 0.000000000000000, 0.000000000000000, -1.00000000000000 ) );
#3434 = ORIENTED_EDGE( '', *, *, #5108, .T. );
#3435 = ORIENTED_EDGE( '', *, *, #5067, .F. );
#3436 = ORIENTED_EDGE( '', *, *, #4869, .F. );
#3437 = ORIENTED_EDGE( '', *, *, #5116, .T. );
#3438 = CARTESIAN_POINT( '', ( 0.650000000000000, 0.425000000000000, 2.96000000000000 ) );
#3439 = DIRECTION( '', ( -0.000000000000000, -0.000000000000000, 1.00000000000000 ) );
#3440 = DIRECTION( '', ( 1.00000000000000, 0.000000000000000, 0.000000000000000 ) );
#3441 = ORIENTED_EDGE( '', *, *, #5145, .F. );
#3442 = ORIENTED_EDGE( '', *, *, #5020, .F. );
#3443 = ORIENTED_EDGE( '', *, *, #4840, .F. );
#3444 = ORIENTED_EDGE( '', *, *, #5146, .F. );
#3445 = ORIENTED_EDGE( '', *, *, #5147, .F. );
#3446 = ORIENTED_EDGE( '', *, *, #5093, .F. );
#3447 = ORIENTED_EDGE( '', *, *, #4468, .F. );
#3448 = ORIENTED_EDGE( '', *, *, #5085, .F. );
#3449 = ORIENTED_EDGE( '', *, *, #4469, .F. );
#3450 = ORIENTED_EDGE( '', *, *, #5148, .T. );
#3451 = CARTESIAN_POINT( '', ( -2.62500000000000, -2.67500000000000, 1.49000000000000 ) );
#3452 = DIRECTION( '', ( 1.00000000000000, 0.000000000000000, 0.000000000000000 ) );
#3453 = DIRECTION( '', ( 0.000000000000000, 1.00000000000000, -0.000000000000000 ) );
#3454 = ORIENTED_EDGE( '', *, *, #5149, .T. );
#3455 = ORIENTED_EDGE( '', *, *, #5150, .F. );
#3456 = ORIENTED_EDGE( '', *, *, #4926, .F. );
#3457 = ORIENTED_EDGE( '', *, *, #5055, .T. );
#3458 = CARTESIAN_POINT( '', ( -0.625000000000000, -2.47500000000000, -2.11000000000000 ) );
#3459 = DIRECTION( '', ( 0.000000000000000, 0.707106781186598, -0.707106781186498 ) );
#3460 = DIRECTION( '', ( -1.00000000000000, 0.000000000000000, 0.000000000000000 ) );
#3461 = ORIENTED_EDGE( '', *, *, #5151, .F. );
#3462 = ORIENTED_EDGE( '', *, *, #5152, .F. );
#3463 = ORIENTED_EDGE( '', *, *, #4427, .F. );
#3464 = ORIENTED_EDGE( '', *, *, #4555, .F. );
#3465 = ORIENTED_EDGE( '', *, *, #4524, .T. );
#3466 = ORIENTED_EDGE( '', *, *, #4697, .F. );
#3467 = ORIENTED_EDGE( '', *, *, #4737, .F. );
#3468 = ORIENTED_EDGE( '', *, *, #4596, .T. );
#3469 = ORIENTED_EDGE( '', *, *, #5153, .T. );
#3470 = ORIENTED_EDGE( '', *, *, #4617, .T. );
#3471 = ORIENTED_EDGE( '', *, *, #4448, .T. );
#3472 = ORIENTED_EDGE( '', *, *, #5154, .T. );
#3473 = ORIENTED_EDGE( '', *, *, #4420, .T. );
#3474 = ORIENTED_EDGE( '', *, *, #4751, .F. );
#3475 = ORIENTED_EDGE( '', *, *, #4982, .T. );
#3476 = ORIENTED_EDGE( '', *, *, #4700, .F. );
#3477 = ORIENTED_EDGE( '', *, *, #4566, .F. );
#3478 = ORIENTED_EDGE( '', *, *, #5155, .T. );
#3479 = ORIENTED_EDGE( '', *, *, #4923, .T. );
#3480 = ORIENTED_EDGE( '', *, *, #4722, .F. );
#3481 = ORIENTED_EDGE( '', *, *, #5156, .F. );
#3482 = ORIENTED_EDGE( '', *, *, #5157, .T. );
#3483 = ORIENTED_EDGE( '', *, *, #5130, .T. );
#3484 = ORIENTED_EDGE( '', *, *, #4693, .F. );
#3485 = ORIENTED_EDGE( '', *, *, #5005, .F. );
#3486 = ORIENTED_EDGE( '', *, *, #4728, .T. );
#3487 = ORIENTED_EDGE( '', *, *, #5158, .T. );
#3488 = ORIENTED_EDGE( '', *, *, #4703, .F. );
#3489 = ORIENTED_EDGE( '', *, *, #5159, .F. );
#3490 = ORIENTED_EDGE( '', *, *, #5160, .T. );
#3491 = ORIENTED_EDGE( '', *, *, #5161, .T. );
#3492 = ORIENTED_EDGE( '', *, *, #4707, .F. );
#3493 = ORIENTED_EDGE( '', *, *, #5015, .F. );
#3494 = ORIENTED_EDGE( '', *, *, #5162, .T. );
#3495 = ORIENTED_EDGE( '', *, *, #4754, .T. );
#3496 = ORIENTED_EDGE( '', *, *, #4777, .F. );
#3497 = ORIENTED_EDGE( '', *, *, #5043, .F. );
#3498 = ORIENTED_EDGE( '', *, *, #5163, .F. );
#3499 = ORIENTED_EDGE( '', *, *, #4899, .T. );
#3500 = ORIENTED_EDGE( '', *, *, #5164, .F. );
#3501 = ORIENTED_EDGE( '', *, *, #5010, .F. );
#3502 = ORIENTED_EDGE( '', *, *, #4910, .F. );
#3503 = ORIENTED_EDGE( '', *, *, #4868, .T. );
#3504 = ORIENTED_EDGE( '', *, *, #5165, .F. );
#3505 = ORIENTED_EDGE( '', *, *, #4811, .F. );
#3506 = ORIENTED_EDGE( '', *, *, #5166, .F. );
#3507 = ORIENTED_EDGE( '', *, *, #4994, .T. );
#3508 = ORIENTED_EDGE( '', *, *, #5167, .F. );
#3509 = ORIENTED_EDGE( '', *, *, #4958, .F. );
#3510 = ORIENTED_EDGE( '', *, *, #5058, .F. );
#3511 = ORIENTED_EDGE( '', *, *, #5082, .T. );
#3512 = ORIENTED_EDGE( '', *, *, #4859, .F. );
#3513 = ORIENTED_EDGE( '', *, *, #5084, .F. );
#3514 = ORIENTED_EDGE( '', *, *, #5168, .F. );
#3515 = ORIENTED_EDGE( '', *, *, #4472, .T. );
#3516 = ORIENTED_EDGE( '', *, *, #5075, .F. );
#3517 = ORIENTED_EDGE( '', *, *, #5169, .F. );
#3518 = ORIENTED_EDGE( '', *, *, #5148, .F. );
#3519 = CARTESIAN_POINT( '', ( -4.00000000000000, -2.12500000000000, -0.910000000000000 ) );
#3520 = DIRECTION( '', ( 0.000000000000000, 1.00000000000000, 0.000000000000000 ) );
#3521 = DIRECTION( '', ( 1.00000000000000, 0.000000000000000, -0.000000000000000 ) );
#3522 = ORIENTED_EDGE( '', *, *, #5074, .F. );
#3523 = ORIENTED_EDGE( '', *, *, #5018, .F. );
#3524 = ORIENTED_EDGE( '', *, *, #5145, .T. );
#3525 = ORIENTED_EDGE( '', *, *, #5169, .T. );
#3526 = CARTESIAN_POINT( '', ( -2.62500000000000, -2.37500000000000, -1.46035457610800 ) );
#3527 = DIRECTION( '', ( 0.000000000000000, 0.819152044289016, -0.573576436351011 ) );
#3528 = DIRECTION( '', ( -1.00000000000000, 0.000000000000000, 0.000000000000000 ) );
#3529 = ORIENTED_EDGE( '', *, *, #4867, .T. );
#3530 = ORIENTED_EDGE( '', *, *, #4591, .T. );
#3531 = ORIENTED_EDGE( '', *, *, #4529, .T. );
#3532 = ORIENTED_EDGE( '', *, *, #4977, .T. );
#3533 = ORIENTED_EDGE( '', *, *, #5134, .T. );
#3534 = ORIENTED_EDGE( '', *, *, #5170, .T. );
#3535 = ORIENTED_EDGE( '', *, *, #4996, .T. );
#3536 = ORIENTED_EDGE( '', *, *, #5171, .T. );
#3537 = ORIENTED_EDGE( '', *, *, #4808, .T. );
#3538 = ORIENTED_EDGE( '', *, *, #5165, .T. );
#3539 = CARTESIAN_POINT( '', ( 0.625000000000000, -2.67500000000000, 1.49000000000000 ) );
#3540 = DIRECTION( '', ( 1.00000000000000, 0.000000000000000, 0.000000000000000 ) );
#3541 = DIRECTION( '', ( 0.000000000000000, 1.00000000000000, -0.000000000000000 ) );
#3542 = ORIENTED_EDGE( '', *, *, #5172, .F. );
#3543 = ORIENTED_EDGE( '', *, *, #5173, .F. );
#3544 = ORIENTED_EDGE( '', *, *, #5159, .T. );
#3545 = ORIENTED_EDGE( '', *, *, #4706, .F. );
#3546 = ORIENTED_EDGE( '', *, *, #5174, .F. );
#3547 = ORIENTED_EDGE( '', *, *, #4748, .F. );
#3548 = CARTESIAN_POINT( '', ( 1.82500000000000, -2.67500000000000, 1.49000000000000 ) );
#3549 = DIRECTION( '', ( 1.00000000000000, 0.000000000000000, 0.000000000000000 ) );
#3550 = DIRECTION( '', ( 0.000000000000000, 1.00000000000000, -0.000000000000000 ) );
#3551 = ORIENTED_EDGE( '', *, *, #5060, .F. );
#3552 = ORIENTED_EDGE( '', *, *, #5175, .F. );
#3553 = ORIENTED_EDGE( '', *, *, #4716, .T. );
#3554 = ORIENTED_EDGE( '', *, *, #4687, .T. );
#3555 = CARTESIAN_POINT( '', ( -2.62500000000000, -0.0250000000000000, 0.460000000000000 ) );
#3556 = DIRECTION( '', ( 0.000000000000000, 0.000000000000000, 1.00000000000000 ) );
#3557 = DIRECTION( '', ( 1.00000000000000, -0.000000000000000, 0.000000000000000 ) );
#3558 = ORIENTED_EDGE( '', *, *, #5176, .T. );
#3559 = ORIENTED_EDGE( '', *, *, #4817, .T. );
#3560 = ORIENTED_EDGE( '', *, *, #5177, .F. );
#3561 = ORIENTED_EDGE( '', *, *, #5178, .F. );
#3562 = CARTESIAN_POINT( '', ( 2.87500000000000, 2.28000000000000, 1.23500000000000 ) );
#3563 = DIRECTION( '', ( -0.707106781186548, 0.000000000000000, -0.707106781186548 ) );
#3564 = DIRECTION( '', ( -0.707106781186547, 0.000000000000000, 0.707106781186547 ) );
#3565 = ORIENTED_EDGE( '', *, *, #5179, .T. );
#3566 = ORIENTED_EDGE( '', *, *, #4708, .T. );
#3567 = ORIENTED_EDGE( '', *, *, #5161, .F. );
#3568 = ORIENTED_EDGE( '', *, *, #5180, .T. );
#3569 = ORIENTED_EDGE( '', *, *, #5181, .T. );
#3570 = ORIENTED_EDGE( '', *, *, #4576, .T. );
#3571 = CARTESIAN_POINT( '', ( -1.82500000000000, -2.12500000000000, 1.49000000000000 ) );
#3572 = DIRECTION( '', ( -1.00000000000000, 0.000000000000000, 0.000000000000000 ) );
#3573 = DIRECTION( '', ( 0.000000000000000, 0.000000000000000, 1.00000000000000 ) );
#3574 = ORIENTED_EDGE( '', *, *, #4806, .T. );
#3575 = ORIENTED_EDGE( '', *, *, #4559, .T. );
#3576 = ORIENTED_EDGE( '', *, *, #5182, .T. );
#3577 = ORIENTED_EDGE( '', *, *, #4779, .T. );
#3578 = ORIENTED_EDGE( '', *, *, #4913, .T. );
#3579 = ORIENTED_EDGE( '', *, *, #5098, .T. );
#3580 = CARTESIAN_POINT( '', ( -2.25000000000000, 0.00500000000000000, 0.000000000000000 ) );
#3581 = DIRECTION( '', ( 1.00000000000000, 0.000000000000000, 0.000000000000000 ) );
#3582 = DIRECTION( '', ( 0.000000000000000, 1.00000000000000, -0.000000000000000 ) );
#3583 = ORIENTED_EDGE( '', *, *, #5039, .T. );
#3584 = ORIENTED_EDGE( '', *, *, #4824, .F. );
#3585 = ORIENTED_EDGE( '', *, *, #4849, .F. );
#3586 = ORIENTED_EDGE( '', *, *, #5183, .T. );
#3587 = CARTESIAN_POINT( '', ( 1.37500000000000, 0.475000000000000, 0.147551639669500 ) );
#3588 = DIRECTION( '', ( 1.00000000000000, -0.000000000000000, -0.000000000000000 ) );
#3589 = DIRECTION( '', ( 0.000000000000000, 1.00000000000000, 0.000000000000000 ) );
#3590 = ORIENTED_EDGE( '', *, *, #4967, .F. );
#3591 = ORIENTED_EDGE( '', *, *, #5184, .F. );
#3592 = ORIENTED_EDGE( '', *, *, #4453, .T. );
#3593 = ORIENTED_EDGE( '', *, *, #5141, .F. );
#3594 = CARTESIAN_POINT( '', ( 0.000000000000000, 1.52500000000000, -0.960000000000000 ) );
#3595 = DIRECTION( '', ( 0.000000000000000, 0.707106781186548, 0.707106781186548 ) );
#3596 = DIRECTION( '', ( 1.00000000000000, 0.000000000000000, -0.000000000000000 ) );
#3597 = ORIENTED_EDGE( '', *, *, #5008, .T. );
#3598 = ORIENTED_EDGE( '', *, *, #4843, .F. );
#3599 = ORIENTED_EDGE( '', *, *, #5100, .F. );
#3600 = ORIENTED_EDGE( '', *, *, #4648, .T. );
#3601 = CARTESIAN_POINT( '', ( -0.625000000000000, 0.575000000000000, 0.147551639669500 ) );
#3602 = DIRECTION( '', ( 0.000000000000000, 1.00000000000000, 0.000000000000000 ) );
#3603 = DIRECTION( '', ( 1.00000000000000, 0.000000000000000, -0.000000000000000 ) );
#3604 = ORIENTED_EDGE( '', *, *, #5185, .F. );
#3605 = ORIENTED_EDGE( '', *, *, #4612, .T. );
#3606 = ORIENTED_EDGE( '', *, *, #4493, .T. );
#3607 = ORIENTED_EDGE( '', *, *, #5186, .F. );
#3608 = CARTESIAN_POINT( '', ( -3.00000000000000, 2.48500000000000, 1.49000000000000 ) );
#3609 = DIRECTION( '', ( -0.000000000000000, 0.000000000000000, -1.00000000000000 ) );
#3610 = DIRECTION( '', ( -1.00000000000000, 0.000000000000000, 0.000000000000000 ) );
#3611 = ORIENTED_EDGE( '', *, *, #4966, .F. );
#3612 = ORIENTED_EDGE( '', *, *, #4664, .F. );
#3613 = ORIENTED_EDGE( '', *, *, #5187, .T. );
#3614 = ORIENTED_EDGE( '', *, *, #4450, .T. );
#3615 = ORIENTED_EDGE( '', *, *, #5184, .T. );
#3616 = CARTESIAN_POINT( '', ( 2.63500000000000, -1.42500000000000, -1.18000000000000 ) );
#3617 = DIRECTION( '', ( 1.00000000000000, 0.000000000000000, 0.000000000000000 ) );
#3618 = DIRECTION( '', ( 0.000000000000000, 1.00000000000000, -0.000000000000000 ) );
#3619 = ORIENTED_EDGE( '', *, *, #4987, .T. );
#3620 = ORIENTED_EDGE( '', *, *, #5188, .T. );
#3621 = ORIENTED_EDGE( '', *, *, #4538, .T. );
#3622 = ORIENTED_EDGE( '', *, *, #4813, .T. );
#3623 = CARTESIAN_POINT( '', ( 0.000000000000000, -0.715000000000000, 0.000000000000000 ) );
#3624 = DIRECTION( '', ( 0.000000000000000, 1.00000000000000, 0.000000000000000 ) );
#3625 = DIRECTION( '', ( 1.00000000000000, 0.000000000000000, -0.000000000000000 ) );
#3626 = ORIENTED_EDGE( '', *, *, #4960, .T. );
#3627 = ORIENTED_EDGE( '', *, *, #5123, .F. );
#3628 = ORIENTED_EDGE( '', *, *, #4542, .F. );
#3629 = ORIENTED_EDGE( '', *, *, #4901, .T. );
#3630 = CARTESIAN_POINT( '', ( 0.375000000000000, 0.475000000000000, 0.292448360330500 ) );
#3631 = DIRECTION( '', ( 1.00000000000000, -0.000000000000000, -0.000000000000000 ) );
#3632 = DIRECTION( '', ( 0.000000000000000, 1.00000000000000, 0.000000000000000 ) );
#3633 = ORIENTED_EDGE( '', *, *, #4885, .T. );
#3634 = ORIENTED_EDGE( '', *, *, #4854, .F. );
#3635 = ORIENTED_EDGE( '', *, *, #4882, .F. );
#3636 = ORIENTED_EDGE( '', *, *, #5189, .T. );
#3637 = CARTESIAN_POINT( '', ( -1.62500000000000, -2.72500000000000, -1.35000000000000 ) );
#3638 = DIRECTION( '', ( 0.000000000000000, -1.00000000000000, 0.000000000000000 ) );
#3639 = DIRECTION( '', ( 0.000000000000000, 0.000000000000000, -1.00000000000000 ) );
#3640 = ORIENTED_EDGE( '', *, *, #4442, .T. );
#3641 = ORIENTED_EDGE( '', *, *, #5190, .F. );
#3642 = ORIENTED_EDGE( '', *, *, #5191, .F. );
#3643 = ORIENTED_EDGE( '', *, *, #5151, .T. );
#3644 = ORIENTED_EDGE( '', *, *, #4750, .F. );
#3645 = ORIENTED_EDGE( '', *, *, #5192, .F. );
#3646 = ORIENTED_EDGE( '', *, *, #4743, .T. );
#3647 = ORIENTED_EDGE( '', *, *, #4940, .T. );
#3648 = ORIENTED_EDGE( '', *, *, #5052, .F. );
#3649 = CARTESIAN_POINT( '', ( -4.00000000000000, -2.67500000000000, -1.31000000000000 ) );
#3650 = DIRECTION( '', ( -1.00000000000000, 0.000000000000000, 0.000000000000000 ) );
#3651 = DIRECTION( '', ( 0.000000000000000, 0.000000000000000, 1.00000000000000 ) );
#3652 = ORIENTED_EDGE( '', *, *, #5124, .T. );
#3653 = ORIENTED_EDGE( '', *, *, #5121, .F. );
#3654 = ORIENTED_EDGE( '', *, *, #5095, .F. );
#3655 = ORIENTED_EDGE( '', *, *, #4903, .T. );
#3656 = CARTESIAN_POINT( '', ( 0.375000000000000, -0.0250000000000000, -0.0200000000000000 ) );
#3657 = DIRECTION( '', ( 0.000000000000000, 0.132163720091005, -0.991227900682636 ) );
#3658 = DIRECTION( '', ( -1.00000000000000, 0.000000000000000, 0.000000000000000 ) );
#3659 = ORIENTED_EDGE( '', *, *, #4875, .T. );
#3660 = ORIENTED_EDGE( '', *, *, #5193, .F. );
#3661 = ORIENTED_EDGE( '', *, *, #4847, .F. );
#3662 = ORIENTED_EDGE( '', *, *, #5194, .T. );
#3663 = CARTESIAN_POINT( '', ( -1.62500000000000, -0.0250000000000000, -0.0200000000000000 ) );
#3664 = DIRECTION( '', ( 0.000000000000000, 0.132163720091005, -0.991227900682636 ) );
#3665 = DIRECTION( '', ( -1.00000000000000, 0.000000000000000, 0.000000000000000 ) );
#3666 = ORIENTED_EDGE( '', *, *, #5195, .T. );
#3667 = ORIENTED_EDGE( '', *, *, #4856, .F. );
#3668 = ORIENTED_EDGE( '', *, *, #4884, .F. );
#3669 = ORIENTED_EDGE( '', *, *, #5196, .T. );
#3670 = CARTESIAN_POINT( '', ( -1.62500000000000, -2.62500000000000, -2.11000000000000 ) );
#3671 = DIRECTION( '', ( 0.000000000000000, 0.000000000000000, -1.00000000000000 ) );
#3672 = DIRECTION( '', ( 0.000000000000000, -1.00000000000000, 0.000000000000000 ) );
#3673 = ORIENTED_EDGE( '', *, *, #5127, .T. );
#3674 = ORIENTED_EDGE( '', *, *, #5197, .F. );
#3675 = ORIENTED_EDGE( '', *, *, #4873, .F. );
#3676 = ORIENTED_EDGE( '', *, *, #5198, .T. );
#3677 = CARTESIAN_POINT( '', ( -1.62500000000000, 0.575000000000000, 0.147551639669500 ) );
#3678 = DIRECTION( '', ( 0.000000000000000, 1.00000000000000, 0.000000000000000 ) );
#3679 = DIRECTION( '', ( 1.00000000000000, 0.000000000000000, -0.000000000000000 ) );
#3680 = ORIENTED_EDGE( '', *, *, #4839, .T. );
#3681 = ORIENTED_EDGE( '', *, *, #5073, .F. );
#3682 = ORIENTED_EDGE( '', *, *, #5199, .F. );
#3683 = ORIENTED_EDGE( '', *, *, #5146, .T. );
#3684 = CARTESIAN_POINT( '', ( -2.62500000000000, -2.62500000000000, -2.11000000000000 ) );
#3685 = DIRECTION( '', ( 0.000000000000000, 0.000000000000000, -1.00000000000000 ) );
#3686 = DIRECTION( '', ( 0.000000000000000, -1.00000000000000, 0.000000000000000 ) );
#3687 = ORIENTED_EDGE( '', *, *, #4814, .T. );
#3688 = ORIENTED_EDGE( '', *, *, #4667, .F. );
#3689 = ORIENTED_EDGE( '', *, *, #5140, .T. );
#3690 = ORIENTED_EDGE( '', *, *, #4451, .F. );
#3691 = ORIENTED_EDGE( '', *, *, #5187, .F. );
#3692 = ORIENTED_EDGE( '', *, *, #4663, .F. );
#3693 = ORIENTED_EDGE( '', *, *, #4502, .F. );
#3694 = ORIENTED_EDGE( '', *, *, #4919, .F. );
#3695 = CARTESIAN_POINT( '', ( 3.22500000000000, 2.68500000000000, -1.18000000000000 ) );
#3696 = DIRECTION( '', ( 0.000000000000000, 0.000000000000000, -1.00000000000000 ) );
#3697 = DIRECTION( '', ( 0.000000000000000, -1.00000000000000, 0.000000000000000 ) );
#3698 = ORIENTED_EDGE( '', *, *, #4894, .T. );
#3699 = ORIENTED_EDGE( '', *, *, #5048, .T. );
#3700 = ORIENTED_EDGE( '', *, *, #5101, .F. );
#3701 = ORIENTED_EDGE( '', *, *, #5200, .F. );
#3702 = CARTESIAN_POINT( '', ( 3.72000000000000, -2.52500000000000, 1.49000000000000 ) );
#3703 = DIRECTION( '', ( -0.000000000000000, -0.000000000000000, 1.00000000000000 ) );
#3704 = DIRECTION( '', ( 1.00000000000000, 0.000000000000000, 0.000000000000000 ) );
#3705 = ORIENTED_EDGE( '', *, *, #5114, .T. );
#3706 = ORIENTED_EDGE( '', *, *, #5201, .F. );
#3707 = ORIENTED_EDGE( '', *, *, #4574, .F. );
#3708 = ORIENTED_EDGE( '', *, *, #4805, .F. );
#3709 = CARTESIAN_POINT( '', ( 2.05000000000000, 2.70938691308600, 2.76000000000000 ) );
#3710 = DIRECTION( '', ( 0.000000000000000, -1.00000000000000, -0.000000000000000 ) );
#3711 = DIRECTION( '', ( 1.00000000000000, 0.000000000000000, 0.000000000000000 ) );
#3712 = ORIENTED_EDGE( '', *, *, #5202, .F. );
#3713 = ORIENTED_EDGE( '', *, *, #5112, .F. );
#3714 = ORIENTED_EDGE( '', *, *, #5203, .T. );
#3715 = ORIENTED_EDGE( '', *, *, #4835, .T. );
#3716 = ORIENTED_EDGE( '', *, *, #4912, .F. );
#3717 = CARTESIAN_POINT( '', ( 0.712474057723800, -1.70000000000000, 2.61000000000000 ) );
#3718 = DIRECTION( '', ( -0.819152044289016, -0.573576436351011, 0.000000000000000 ) );
#3719 = DIRECTION( '', ( -0.573576436351011, 0.819152044289016, 0.000000000000000 ) );
#3720 = ORIENTED_EDGE( '', *, *, #5204, .T. );
#3721 = ORIENTED_EDGE( '', *, *, #5035, .T. );
#3722 = ORIENTED_EDGE( '', *, *, #5097, .F. );
#3723 = ORIENTED_EDGE( '', *, *, #4943, .F. );
#3724 = CARTESIAN_POINT( '', ( -4.07000000000000, -2.52500000000000, 1.49000000000000 ) );
#3725 = DIRECTION( '', ( -0.707106781186498, 0.707106781186598, 0.000000000000000 ) );
#3726 = DIRECTION( '', ( 0.000000000000000, 0.000000000000000, 1.00000000000000 ) );
#3727 = ORIENTED_EDGE( '', *, *, #4997, .T. );
#3728 = ORIENTED_EDGE( '', *, *, #5170, .F. );
#3729 = ORIENTED_EDGE( '', *, *, #5133, .F. );
#3730 = ORIENTED_EDGE( '', *, *, #5205, .T. );
#3731 = CARTESIAN_POINT( '', ( 0.375000000000000, -2.62500000000000, -2.11000000000000 ) );
#3732 = DIRECTION( '', ( 0.000000000000000, 0.000000000000000, -1.00000000000000 ) );
#3733 = DIRECTION( '', ( 0.000000000000000, -1.00000000000000, 0.000000000000000 ) );
#3734 = ORIENTED_EDGE( '', *, *, #5029, .T. );
#3735 = ORIENTED_EDGE( '', *, *, #5206, .F. );
#3736 = ORIENTED_EDGE( '', *, *, #5125, .F. );
#3737 = ORIENTED_EDGE( '', *, *, #5207, .T. );
#3738 = CARTESIAN_POINT( '', ( -1.62500000000000, 0.488216372009100, 0.391571150398800 ) );
#3739 = DIRECTION( '', ( 0.000000000000000, 0.132163720091005, 0.991227900682636 ) );
#3740 = DIRECTION( '', ( 1.00000000000000, -0.000000000000000, 0.000000000000000 ) );
#3741 = ORIENTED_EDGE( '', *, *, #5105, .T. );
#3742 = ORIENTED_EDGE( '', *, *, #5036, .T. );
#3743 = ORIENTED_EDGE( '', *, *, #5204, .F. );
#3744 = ORIENTED_EDGE( '', *, *, #4942, .F. );
#3745 = CARTESIAN_POINT( '', ( -3.72000000000000, -2.52500000000000, 1.49000000000000 ) );
#3746 = DIRECTION( '', ( 0.000000000000000, 1.00000000000000, 0.000000000000000 ) );
#3747 = DIRECTION( '', ( 1.00000000000000, 0.000000000000000, -0.000000000000000 ) );
#3748 = ORIENTED_EDGE( '', *, *, #5110, .F. );
#3749 = ORIENTED_EDGE( '', *, *, #4436, .F. );
#3750 = ORIENTED_EDGE( '', *, *, #4836, .F. );
#3751 = ORIENTED_EDGE( '', *, *, #5203, .F. );
#3752 = ORIENTED_EDGE( '', *, *, #5111, .F. );
#3753 = ORIENTED_EDGE( '', *, *, #4917, .T. );
#3754 = ORIENTED_EDGE( '', *, *, #5208, .T. );
#3755 = ORIENTED_EDGE( '', *, *, #4802, .T. );
#3756 = CARTESIAN_POINT( '', ( 2.25000000000000, -1.57500000000000, 2.96000000000000 ) );
#3757 = DIRECTION( '', ( 0.000000000000000, -1.00000000000000, 0.000000000000000 ) );
#3758 = DIRECTION( '', ( 0.000000000000000, 0.000000000000000, -1.00000000000000 ) );
#3759 = ORIENTED_EDGE( '', *, *, #4791, .T. );
#3760 = ORIENTED_EDGE( '', *, *, #4857, .F. );
#3761 = ORIENTED_EDGE( '', *, *, #5195, .F. );
#3762 = ORIENTED_EDGE( '', *, *, #5209, .T. );
#3763 = CARTESIAN_POINT( '', ( -1.62500000000000, -2.47500000000000, -2.11000000000000 ) );
#3764 = DIRECTION( '', ( 0.000000000000000, 0.707106781186598, -0.707106781186498 ) );
#3765 = DIRECTION( '', ( -1.00000000000000, 0.000000000000000, 0.000000000000000 ) );
#3766 = ORIENTED_EDGE( '', *, *, #4809, .T. );
#3767 = ORIENTED_EDGE( '', *, *, #5171, .F. );
#3768 = ORIENTED_EDGE( '', *, *, #4995, .F. );
#3769 = ORIENTED_EDGE( '', *, *, #5210, .T. );
#3770 = CARTESIAN_POINT( '', ( 0.375000000000000, -2.37500000000000, -2.01000000000000 ) );
#3771 = DIRECTION( '', ( 0.000000000000000, 1.00000000000000, 0.000000000000000 ) );
#3772 = DIRECTION( '', ( 1.00000000000000, 0.000000000000000, -0.000000000000000 ) );
#3773 = ORIENTED_EDGE( '', *, *, #5188, .F. );
#3774 = ORIENTED_EDGE( '', *, *, #4986, .F. );
#3775 = ORIENTED_EDGE( '', *, *, #5211, .F. );
#3776 = ORIENTED_EDGE( '', *, *, #5212, .T. );
#3777 = ORIENTED_EDGE( '', *, *, #4539, .T. );
#3778 = CARTESIAN_POINT( '', ( -3.57500000000000, 2.68500000000000, 0.560000000000000 ) );
#3779 = DIRECTION( '', ( -1.00000000000000, 0.000000000000000, 0.000000000000000 ) );
#3780 = DIRECTION( '', ( 0.000000000000000, 0.000000000000000, 1.00000000000000 ) );
#3781 = ORIENTED_EDGE( '', *, *, #4889, .T. );
#3782 = ORIENTED_EDGE( '', *, *, #5046, .F. );
#3783 = ORIENTED_EDGE( '', *, *, #5136, .F. );
#3784 = ORIENTED_EDGE( '', *, *, #5213, .F. );
#3785 = CARTESIAN_POINT( '', ( 4.12000000000000, -2.67500000000000, 1.49000000000000 ) );
#3786 = DIRECTION( '', ( 1.00000000000000, 0.000000000000000, 0.000000000000000 ) );
#3787 = DIRECTION( '', ( 0.000000000000000, 1.00000000000000, -0.000000000000000 ) );
#3788 = ORIENTED_EDGE( '', *, *, #5032, .F. );
#3789 = ORIENTED_EDGE( '', *, *, #5214, .F. );
#3790 = ORIENTED_EDGE( '', *, *, #5118, .F. );
#3791 = ORIENTED_EDGE( '', *, *, #4636, .T. );
#3792 = ORIENTED_EDGE( '', *, *, #5215, .T. );
#3793 = CARTESIAN_POINT( '', ( 1.92500000000000, 1.80000000000000, 1.54250000000000 ) );
#3794 = DIRECTION( '', ( -0.707106781186548, 0.707106781186548, 0.000000000000000 ) );
#3795 = DIRECTION( '', ( 0.000000000000000, 0.000000000000000, 1.00000000000000 ) );
#3796 = ORIENTED_EDGE( '', *, *, #4495, .F. );
#3797 = ORIENTED_EDGE( '', *, *, #4611, .F. );
#3798 = ORIENTED_EDGE( '', *, *, #5216, .T. );
#3799 = ORIENTED_EDGE( '', *, *, #5217, .F. );
#3800 = CARTESIAN_POINT( '', ( -2.60000000000000, 2.07500000000000, 1.49000000000000 ) );
#3801 = DIRECTION( '', ( -0.000000000000000, 0.000000000000000, -1.00000000000000 ) );
#3802 = DIRECTION( '', ( -1.00000000000000, 0.000000000000000, 0.000000000000000 ) );
#3803 = ORIENTED_EDGE( '', *, *, #4479, .T. );
#3804 = ORIENTED_EDGE( '', *, *, #5218, .F. );
#3805 = ORIENTED_EDGE( '', *, *, #5138, .F. );
#3806 = ORIENTED_EDGE( '', *, *, #4908, .T. );
#3807 = CARTESIAN_POINT( '', ( 1.37500000000000, -2.52500000000000, -1.06437039865200 ) );
#3808 = DIRECTION( '', ( 0.000000000000000, -0.819152044289016, 0.573576436351011 ) );
#3809 = DIRECTION( '', ( -1.00000000000000, 0.000000000000000, 0.000000000000000 ) );
#3810 = ORIENTED_EDGE( '', *, *, #4783, .F. );
#3811 = ORIENTED_EDGE( '', *, *, #4606, .F. );
#3812 = ORIENTED_EDGE( '', *, *, #4460, .T. );
#3813 = ORIENTED_EDGE( '', *, *, #5063, .F. );
#3814 = CARTESIAN_POINT( '', ( -0.750000000000000, -0.935000000000000, 2.21000000000000 ) );
#3815 = DIRECTION( '', ( 0.000000000000000, -1.00000000000000, 0.000000000000000 ) );
#3816 = DIRECTION( '', ( 0.000000000000000, 0.000000000000000, -1.00000000000000 ) );
#3817 = ORIENTED_EDGE( '', *, *, #4845, .F. );
#3818 = ORIENTED_EDGE( '', *, *, #4831, .F. );
#3819 = ORIENTED_EDGE( '', *, *, #4645, .T. );
#3820 = ORIENTED_EDGE( '', *, *, #4681, .T. );
#3821 = CARTESIAN_POINT( '', ( -0.625000000000000, -0.0250000000000000, 0.460000000000000 ) );
#3822 = DIRECTION( '', ( 0.000000000000000, 0.000000000000000, 1.00000000000000 ) );
#3823 = DIRECTION( '', ( 1.00000000000000, -0.000000000000000, 0.000000000000000 ) );
#3824 = ORIENTED_EDGE( '', *, *, #5219, .F. );
#3825 = ORIENTED_EDGE( '', *, *, #5177, .T. );
#3826 = ORIENTED_EDGE( '', *, *, #5220, .T. );
#3827 = ORIENTED_EDGE( '', *, *, #4788, .F. );
#3828 = CARTESIAN_POINT( '', ( 3.00000000000000, 2.48500000000000, 1.23500048485300 ) );
#3829 = DIRECTION( '', ( -0.000000000000000, -0.000000000000000, 1.00000000000000 ) );
#3830 = DIRECTION( '', ( 0.000000000000000, -1.00000000000000, 0.000000000000000 ) );
#3831 = ORIENTED_EDGE( '', *, *, #4584, .T. );
#3832 = ORIENTED_EDGE( '', *, *, #5221, .T. );
#3833 = ORIENTED_EDGE( '', *, *, #4949, .T. );
#3834 = ORIENTED_EDGE( '', *, *, #5078, .F. );
#3835 = ORIENTED_EDGE( '', *, *, #4594, .T. );
#3836 = CARTESIAN_POINT( '', ( 3.10000000000000, -2.67500000000000, 1.49000000000000 ) );
#3837 = DIRECTION( '', ( -1.00000000000000, 0.000000000000000, 0.000000000000000 ) );
#3838 = DIRECTION( '', ( 0.000000000000000, 0.000000000000000, 1.00000000000000 ) );
#3839 = ORIENTED_EDGE( '', *, *, #5065, .F. );
#3840 = ORIENTED_EDGE( '', *, *, #4934, .T. );
#3841 = ORIENTED_EDGE( '', *, *, #5222, .T. );
#3842 = ORIENTED_EDGE( '', *, *, #4557, .F. );
#3843 = CARTESIAN_POINT( '', ( -1.92500000000000, 2.09141925035100, 2.24250000000000 ) );
#3844 = DIRECTION( '', ( 0.707106781186501, 0.495305472327001, -0.504650858597301 ) );
#3845 = DIRECTION( '', ( 0.000000000000000, -0.713684088491483, -0.700467716482410 ) );
#3846 = ORIENTED_EDGE( '', *, *, #5083, .F. );
#3847 = ORIENTED_EDGE( '', *, *, #4792, .F. );
#3848 = ORIENTED_EDGE( '', *, *, #5209, .F. );
#3849 = ORIENTED_EDGE( '', *, *, #5196, .F. );
#3850 = ORIENTED_EDGE( '', *, *, #4886, .F. );
#3851 = ORIENTED_EDGE( '', *, *, #5189, .F. );
#3852 = ORIENTED_EDGE( '', *, *, #4883, .F. );
#3853 = ORIENTED_EDGE( '', *, *, #4830, .F. );
#3854 = ORIENTED_EDGE( '', *, *, #5081, .F. );
#3855 = ORIENTED_EDGE( '', *, *, #5168, .T. );
#3856 = CARTESIAN_POINT( '', ( -1.62500000000000, -2.67500000000000, 1.49000000000000 ) );
#3857 = DIRECTION( '', ( 1.00000000000000, 0.000000000000000, 0.000000000000000 ) );
#3858 = DIRECTION( '', ( 0.000000000000000, 1.00000000000000, -0.000000000000000 ) );
#3859 = ORIENTED_EDGE( '', *, *, #5030, .F. );
#3860 = ORIENTED_EDGE( '', *, *, #5207, .F. );
#3861 = ORIENTED_EDGE( '', *, *, #5128, .F. );
#3862 = ORIENTED_EDGE( '', *, *, #5198, .F. );
#3863 = ORIENTED_EDGE( '', *, *, #4876, .F. );
#3864 = ORIENTED_EDGE( '', *, *, #5194, .F. );
#3865 = ORIENTED_EDGE( '', *, *, #4846, .F. );
#3866 = ORIENTED_EDGE( '', *, *, #4685, .T. );
#3867 = CARTESIAN_POINT( '', ( -1.62500000000000, -2.67500000000000, 1.49000000000000 ) );
#3868 = DIRECTION( '', ( 1.00000000000000, 0.000000000000000, 0.000000000000000 ) );
#3869 = DIRECTION( '', ( 0.000000000000000, 1.00000000000000, -0.000000000000000 ) );
#3870 = ORIENTED_EDGE( '', *, *, #4848, .T. );
#3871 = ORIENTED_EDGE( '', *, *, #5193, .T. );
#3872 = ORIENTED_EDGE( '', *, *, #4874, .T. );
#3873 = ORIENTED_EDGE( '', *, *, #5197, .T. );
#3874 = ORIENTED_EDGE( '', *, *, #5126, .T. );
#3875 = ORIENTED_EDGE( '', *, *, #5206, .T. );
#3876 = ORIENTED_EDGE( '', *, *, #5028, .T. );
#3877 = ORIENTED_EDGE( '', *, *, #4683, .F. );
#3878 = CARTESIAN_POINT( '', ( -1.37500000000000, -2.67500000000000, 1.49000000000000 ) );
#3879 = DIRECTION( '', ( 1.00000000000000, 0.000000000000000, 0.000000000000000 ) );
#3880 = DIRECTION( '', ( 0.000000000000000, 1.00000000000000, -0.000000000000000 ) );
#3881 = ORIENTED_EDGE( '', *, *, #4724, .T. );
#3882 = ORIENTED_EDGE( '', *, *, #4922, .F. );
#3883 = ORIENTED_EDGE( '', *, *, #4730, .F. );
#3884 = ORIENTED_EDGE( '', *, *, #5223, .T. );
#3885 = CARTESIAN_POINT( '', ( -4.00000000000000, -2.67500000000000, -0.710000000000000 ) );
#3886 = DIRECTION( '', ( 0.000000000000000, 0.707106781186548, 0.707106781186548 ) );
#3887 = DIRECTION( '', ( 1.00000000000000, 0.000000000000000, -0.000000000000000 ) );
#3888 = ORIENTED_EDGE( '', *, *, #5113, .F. );
#3889 = ORIENTED_EDGE( '', *, *, #5202, .T. );
#3890 = ORIENTED_EDGE( '', *, *, #4911, .T. );
#3891 = ORIENTED_EDGE( '', *, *, #5201, .T. );
#3892 = CARTESIAN_POINT( '', ( 2.25000000000000, -1.62500000000000, 2.76000000000000 ) );
#3893 = DIRECTION( '', ( 1.00000000000000, 0.000000000000000, 0.000000000000000 ) );
#3894 = DIRECTION( '', ( 0.000000000000000, 0.000000000000000, -1.00000000000000 ) );
#3895 = ORIENTED_EDGE( '', *, *, #4968, .F. );
#3896 = ORIENTED_EDGE( '', *, *, #4766, .F. );
#3897 = ORIENTED_EDGE( '', *, *, #4763, .F. );
#3898 = ORIENTED_EDGE( '', *, *, #5040, .F. );
#3899 = ORIENTED_EDGE( '', *, *, #5183, .F. );
#3900 = ORIENTED_EDGE( '', *, *, #4851, .F. );
#3901 = ORIENTED_EDGE( '', *, *, #4877, .F. );
#3902 = ORIENTED_EDGE( '', *, *, #4674, .T. );
#3903 = CARTESIAN_POINT( '', ( 1.37500000000000, -2.67500000000000, 1.49000000000000 ) );
#3904 = DIRECTION( '', ( 1.00000000000000, 0.000000000000000, 0.000000000000000 ) );
#3905 = DIRECTION( '', ( 0.000000000000000, 1.00000000000000, -0.000000000000000 ) );
#3906 = ORIENTED_EDGE( '', *, *, #4657, .F. );
#3907 = ORIENTED_EDGE( '', *, *, #4936, .F. );
#3908 = ORIENTED_EDGE( '', *, *, #5064, .T. );
#3909 = ORIENTED_EDGE( '', *, *, #4458, .T. );
#3910 = CARTESIAN_POINT( '', ( -1.85000000000000, -1.07500000000000, 2.56000000000000 ) );
#3911 = DIRECTION( '', ( 0.000000000000000, 0.707106781186548, -0.707106781186548 ) );
#3912 = DIRECTION( '', ( -1.00000000000000, 0.000000000000000, 0.000000000000000 ) );
#3913 = ORIENTED_EDGE( '', *, *, #4540, .F. );
#3914 = ORIENTED_EDGE( '', *, *, #5212, .F. );
#3915 = ORIENTED_EDGE( '', *, *, #5224, .T. );
#3916 = ORIENTED_EDGE( '', *, *, #5225, .F. );
#3917 = CARTESIAN_POINT( '', ( 0.000000000000000, 2.61000000000000, 1.23500000000000 ) );
#3918 = DIRECTION( '', ( 0.000000000000000, 0.707106781186548, -0.707106781186548 ) );
#3919 = DIRECTION( '', ( -1.00000000000000, 0.000000000000000, 0.000000000000000 ) );
#3920 = ORIENTED_EDGE( '', *, *, #4654, .T. );
#3921 = ORIENTED_EDGE( '', *, *, #4444, .F. );
#3922 = ORIENTED_EDGE( '', *, *, #5051, .F. );
#3923 = ORIENTED_EDGE( '', *, *, #4482, .F. );
#3924 = CARTESIAN_POINT( '', ( 0.000000000000000, -2.67500000000000, 1.41500000000000 ) );
#3925 = DIRECTION( '', ( 0.000000000000000, 0.000000000000000, 1.00000000000000 ) );
#3926 = DIRECTION( '', ( 1.00000000000000, -0.000000000000000, 0.000000000000000 ) );
#3927 = ORIENTED_EDGE( '', *, *, #4953, .F. );
#3928 = ORIENTED_EDGE( '', *, *, #5053, .F. );
#3929 = ORIENTED_EDGE( '', *, *, #4474, .T. );
#3930 = ORIENTED_EDGE( '', *, *, #5080, .T. );
#3931 = ORIENTED_EDGE( '', *, *, #4861, .T. );
#3932 = ORIENTED_EDGE( '', *, *, #5050, .F. );
#3933 = ORIENTED_EDGE( '', *, *, #5104, .T. );
#3934 = ORIENTED_EDGE( '', *, *, #5089, .F. );
#3935 = CARTESIAN_POINT( '', ( 0.000000000000000, -2.67500000000000, 0.890000000000000 ) );
#3936 = DIRECTION( '', ( 0.000000000000000, 0.000000000000000, 1.00000000000000 ) );
#3937 = DIRECTION( '', ( 1.00000000000000, -0.000000000000000, 0.000000000000000 ) );
#3938 = ORIENTED_EDGE( '', *, *, #5153, .F. );
#3939 = ORIENTED_EDGE( '', *, *, #4595, .F. );
#3940 = ORIENTED_EDGE( '', *, *, #5077, .F. );
#3941 = ORIENTED_EDGE( '', *, *, #4618, .T. );
#3942 = CARTESIAN_POINT( '', ( 3.10000000000000, -2.42500000000000, 1.34000000000000 ) );
#3943 = DIRECTION( '', ( 1.00000000000000, 0.000000000000000, 0.000000000000000 ) );
#3944 = DIRECTION( '', ( 0.000000000000000, 1.00000000000000, -0.000000000000000 ) );
#3945 = ORIENTED_EDGE( '', *, *, #4932, .T. );
#3946 = ORIENTED_EDGE( '', *, *, #4546, .T. );
#3947 = ORIENTED_EDGE( '', *, *, #4891, .F. );
#3948 = ORIENTED_EDGE( '', *, *, #5226, .F. );
#3949 = CARTESIAN_POINT( '', ( 3.72000000000000, -1.22500000000000, 1.49000000000000 ) );
#3950 = DIRECTION( '', ( 0.000000000000000, 1.00000000000000, 0.000000000000000 ) );
#3951 = DIRECTION( '', ( 1.00000000000000, 0.000000000000000, -0.000000000000000 ) );
#3952 = ORIENTED_EDGE( '', *, *, #5191, .T. );
#3953 = ORIENTED_EDGE( '', *, *, #5227, .F. );
#3954 = ORIENTED_EDGE( '', *, *, #4424, .F. );
#3955 = ORIENTED_EDGE( '', *, *, #5152, .T. );
#3956 = CARTESIAN_POINT( '', ( -3.80000000000000, -2.67500000000000, -1.31000000000000 ) );
#3957 = DIRECTION( '', ( -0.000000000000000, 1.00000000000000, 0.000000000000000 ) );
#3958 = DIRECTION( '', ( 1.00000000000000, 0.000000000000000, 0.000000000000000 ) );
#3959 = ORIENTED_EDGE( '', *, *, #4705, .T. );
#3960 = ORIENTED_EDGE( '', *, *, #5228, .F. );
#3961 = ORIENTED_EDGE( '', *, *, #4745, .F. );
#3962 = ORIENTED_EDGE( '', *, *, #5174, .T. );
#3963 = CARTESIAN_POINT( '', ( -4.00000000000000, -2.67500000000000, -0.710000000000000 ) );
#3964 = DIRECTION( '', ( 0.000000000000000, 0.707106781186548, 0.707106781186548 ) );
#3965 = DIRECTION( '', ( 1.00000000000000, 0.000000000000000, -0.000000000000000 ) );
#3966 = ORIENTED_EDGE( '', *, *, #5229, .T. );
#3967 = ORIENTED_EDGE( '', *, *, #4973, .T. );
#3968 = ORIENTED_EDGE( '', *, *, #5176, .F. );
#3969 = ORIENTED_EDGE( '', *, *, #5230, .F. );
#3970 = CARTESIAN_POINT( '', ( 2.60000000000000, 2.07500000000000, 1.23500002607800 ) );
#3971 = DIRECTION( '', ( -0.000000000000000, -0.000000000000000, -1.00000000000000 ) );
#3972 = DIRECTION( '', ( 0.000000000000000, -1.00000000000000, 0.000000000000000 ) );
#3973 = ORIENTED_EDGE( '', *, *, #5231, .T. );
#3974 = ORIENTED_EDGE( '', *, *, #4924, .F. );
#3975 = ORIENTED_EDGE( '', *, *, #5157, .F. );
#3976 = ORIENTED_EDGE( '', *, *, #5232, .T. );
#3977 = CARTESIAN_POINT( '', ( -4.00000000000000, -2.42500000000000, 1.34000000000000 ) );
#3978 = DIRECTION( '', ( 0.000000000000000, 0.000000000000000, -1.00000000000000 ) );
#3979 = DIRECTION( '', ( 0.000000000000000, -1.00000000000000, 0.000000000000000 ) );
#3980 = ORIENTED_EDGE( '', *, *, #5233, .T. );
#3981 = ORIENTED_EDGE( '', *, *, #4983, .F. );
#3982 = ORIENTED_EDGE( '', *, *, #5155, .F. );
#3983 = ORIENTED_EDGE( '', *, *, #4565, .T. );
#3984 = CARTESIAN_POINT( '', ( -4.00000000000000, -2.42500000000000, 1.34000000000000 ) );
#3985 = DIRECTION( '', ( 0.000000000000000, 0.000000000000000, -1.00000000000000 ) );
#3986 = DIRECTION( '', ( 0.000000000000000, -1.00000000000000, 0.000000000000000 ) );
#3987 = ORIENTED_EDGE( '', *, *, #5234, .T. );
#3988 = ORIENTED_EDGE( '', *, *, #5235, .F. );
#3989 = ORIENTED_EDGE( '', *, *, #5160, .F. );
#3990 = ORIENTED_EDGE( '', *, *, #5173, .T. );
#3991 = CARTESIAN_POINT( '', ( -4.00000000000000, -2.42500000000000, 1.34000000000000 ) );
#3992 = DIRECTION( '', ( 0.000000000000000, 0.000000000000000, -1.00000000000000 ) );
#3993 = DIRECTION( '', ( 0.000000000000000, -1.00000000000000, 0.000000000000000 ) );
#3994 = ORIENTED_EDGE( '', *, *, #5228, .T. );
#3995 = ORIENTED_EDGE( '', *, *, #4704, .T. );
#3996 = ORIENTED_EDGE( '', *, *, #5158, .F. );
#3997 = ORIENTED_EDGE( '', *, *, #5235, .T. );
#3998 = ORIENTED_EDGE( '', *, *, #5236, .T. );
#3999 = ORIENTED_EDGE( '', *, *, #4746, .T. );
#4000 = CARTESIAN_POINT( '', ( 2.17500000000000, -2.12500000000000, 1.49000000000000 ) );
#4001 = DIRECTION( '', ( -1.00000000000000, 0.000000000000000, 0.000000000000000 ) );
#4002 = DIRECTION( '', ( 0.000000000000000, 0.000000000000000, 1.00000000000000 ) );
#4003 = ORIENTED_EDGE( '', *, *, #5237, .F. );
#4004 = ORIENTED_EDGE( '', *, *, #5232, .F. );
#4005 = ORIENTED_EDGE( '', *, *, #5156, .T. );
#4006 = ORIENTED_EDGE( '', *, *, #4725, .F. );
#4007 = ORIENTED_EDGE( '', *, *, #5223, .F. );
#4008 = ORIENTED_EDGE( '', *, *, #4733, .F. );
#4009 = CARTESIAN_POINT( '', ( -0.175000000000000, -2.67500000000000, 1.49000000000000 ) );
#4010 = DIRECTION( '', ( 1.00000000000000, 0.000000000000000, 0.000000000000000 ) );
#4011 = DIRECTION( '', ( 0.000000000000000, 1.00000000000000, -0.000000000000000 ) );
#4012 = ORIENTED_EDGE( '', *, *, #4518, .T. );
#4013 = ORIENTED_EDGE( '', *, *, #5238, .F. );
#4014 = ORIENTED_EDGE( '', *, *, #5239, .F. );
#4015 = ORIENTED_EDGE( '', *, *, #4714, .T. );
#4016 = CARTESIAN_POINT( '', ( 2.37500000000000, -0.0250000000000000, -0.0200000000000000 ) );
#4017 = DIRECTION( '', ( 0.000000000000000, 0.132163720091005, -0.991227900682636 ) );
#4018 = DIRECTION( '', ( -1.00000000000000, 0.000000000000000, 0.000000000000000 ) );
#4019 = ORIENTED_EDGE( '', *, *, #4456, .T. );
#4020 = ORIENTED_EDGE( '', *, *, #5069, .F. );
#4021 = ORIENTED_EDGE( '', *, *, #5107, .F. );
#4022 = ORIENTED_EDGE( '', *, *, #5115, .T. );
#4023 = CARTESIAN_POINT( '', ( 0.800000000000000, 1.47500000000000, 2.96000000000000 ) );
#4024 = DIRECTION( '', ( -0.000000000000000, -0.000000000000000, 1.00000000000000 ) );
#4025 = DIRECTION( '', ( 1.00000000000000, 0.000000000000000, 0.000000000000000 ) );
#4026 = ORIENTED_EDGE( '', *, *, #4964, .F. );
#4027 = ORIENTED_EDGE( '', *, *, #5023, .T. );
#4028 = ORIENTED_EDGE( '', *, *, #5240, .F. );
#4029 = ORIENTED_EDGE( '', *, *, #5222, .F. );
#4030 = ORIENTED_EDGE( '', *, *, #4938, .T. );
#4031 = CARTESIAN_POINT( '', ( -1.92500000000000, 1.80000000000000, 1.54250000000000 ) );
#4032 = DIRECTION( '', ( 0.707106781186548, 0.707106781186548, 0.000000000000000 ) );
#4033 = DIRECTION( '', ( 0.000000000000000, 0.000000000000000, -1.00000000000000 ) );
#4034 = ORIENTED_EDGE( '', *, *, #4803, .T. );
#4035 = ORIENTED_EDGE( '', *, *, #5208, .F. );
#4036 = ORIENTED_EDGE( '', *, *, #4916, .F. );
#4037 = ORIENTED_EDGE( '', *, *, #4485, .T. );
#4038 = CARTESIAN_POINT( '', ( 0.000000000000000, -1.45000249036000, 2.46000000000000 ) );
#4039 = DIRECTION( '', ( 0.000000000000000, -1.00000000000000, -0.000000000000000 ) );
#4040 = DIRECTION( '', ( 0.000000000000000, 0.000000000000000, -1.00000000000000 ) );
#4041 = ORIENTED_EDGE( '', *, *, #5163, .T. );
#4042 = ORIENTED_EDGE( '', *, *, #5042, .F. );
#4043 = ORIENTED_EDGE( '', *, *, #5241, .F. );
#4044 = ORIENTED_EDGE( '', *, *, #5143, .F. );
#4045 = ORIENTED_EDGE( '', *, *, #4515, .F. );
#4046 = ORIENTED_EDGE( '', *, *, #5012, .F. );
#4047 = ORIENTED_EDGE( '', *, *, #5144, .F. );
#4048 = ORIENTED_EDGE( '', *, *, #4582, .F. );
#4049 = ORIENTED_EDGE( '', *, *, #5242, .F. );
#4050 = ORIENTED_EDGE( '', *, *, #4755, .F. );
#4051 = CARTESIAN_POINT( '', ( 2.37500000000000, -2.67500000000000, 1.49000000000000 ) );
#4052 = DIRECTION( '', ( 1.00000000000000, 0.000000000000000, 0.000000000000000 ) );
#4053 = DIRECTION( '', ( 0.000000000000000, 1.00000000000000, -0.000000000000000 ) );
#4054 = ORIENTED_EDGE( '', *, *, #5094, .F. );
#4055 = ORIENTED_EDGE( '', *, *, #4417, .F. );
#4056 = ORIENTED_EDGE( '', *, *, #4621, .T. );
#4057 = ORIENTED_EDGE( '', *, *, #4990, .F. );
#4058 = ORIENTED_EDGE( '', *, *, #4605, .T. );
#4059 = CARTESIAN_POINT( '', ( 3.65500000000000, -1.16750000000000, 1.45250000000000 ) );
#4060 = DIRECTION( '', ( 0.000000000000000, -0.707106781186548, 0.707106781186548 ) );
#4061 = DIRECTION( '', ( -1.00000000000000, 0.000000000000000, 0.000000000000000 ) );
#4062 = ORIENTED_EDGE( '', *, *, #4630, .T. );
#4063 = ORIENTED_EDGE( '', *, *, #5217, .T. );
#4064 = ORIENTED_EDGE( '', *, *, #5024, .F. );
#4065 = ORIENTED_EDGE( '', *, *, #4533, .F. );
#4066 = CARTESIAN_POINT( '', ( -2.60000000000000, 2.07500000000000, 1.23500002607800 ) );
#4067 = DIRECTION( '', ( -0.000000000000000, -0.000000000000000, -1.00000000000000 ) );
#4068 = DIRECTION( '', ( 0.000000000000000, -1.00000000000000, 0.000000000000000 ) );
#4069 = ORIENTED_EDGE( '', *, *, #5175, .T. );
#4070 = ORIENTED_EDGE( '', *, *, #5059, .F. );
#4071 = ORIENTED_EDGE( '', *, *, #4979, .F. );
#4072 = ORIENTED_EDGE( '', *, *, #4717, .T. );
#4073 = CARTESIAN_POINT( '', ( -2.62500000000000, 0.488216372009100, 0.391571150398800 ) );
#4074 = DIRECTION( '', ( 0.000000000000000, 0.132163720091005, 0.991227900682636 ) );
#4075 = DIRECTION( '', ( 1.00000000000000, -0.000000000000000, 0.000000000000000 ) );
#4076 = ORIENTED_EDGE( '', *, *, #4581, .T. );
#4077 = ORIENTED_EDGE( '', *, *, #4771, .F. );
#4078 = ORIENTED_EDGE( '', *, *, #4752, .F. );
#4079 = ORIENTED_EDGE( '', *, *, #5242, .T. );
#4080 = CARTESIAN_POINT( '', ( 2.37500000000000, -2.52500000000000, 1.02000000000000 ) );
#4081 = DIRECTION( '', ( 0.000000000000000, -1.00000000000000, 0.000000000000000 ) );
#4082 = DIRECTION( '', ( 0.000000000000000, 0.000000000000000, -1.00000000000000 ) );
#4083 = ORIENTED_EDGE( '', *, *, #5225, .T. );
#4084 = ORIENTED_EDGE( '', *, *, #5186, .T. );
#4085 = ORIENTED_EDGE( '', *, *, #4629, .F. );
#4086 = ORIENTED_EDGE( '', *, *, #4541, .F. );
#4087 = CARTESIAN_POINT( '', ( -3.00000000000000, 2.48500000000000, 1.23500048485300 ) );
#4088 = DIRECTION( '', ( -0.000000000000000, -0.000000000000000, 1.00000000000000 ) );
#4089 = DIRECTION( '', ( 0.000000000000000, -1.00000000000000, 0.000000000000000 ) );
#4090 = ORIENTED_EDGE( '', *, *, #4608, .T. );
#4091 = ORIENTED_EDGE( '', *, *, #4782, .F. );
#4092 = ORIENTED_EDGE( '', *, *, #5003, .F. );
#4093 = ORIENTED_EDGE( '', *, *, #4462, .T. );
#4094 = CARTESIAN_POINT( '', ( -0.750000000000000, -1.22500000000000, 1.36000000000000 ) );
#4095 = DIRECTION( '', ( 0.000000000000000, -1.00000000000000, 0.000000000000000 ) );
#4096 = DIRECTION( '', ( 0.000000000000000, 0.000000000000000, -1.00000000000000 ) );
#4097 = ORIENTED_EDGE( '', *, *, #4622, .T. );
#4098 = ORIENTED_EDGE( '', *, *, #4415, .T. );
#4099 = ORIENTED_EDGE( '', *, *, #4526, .T. );
#4100 = ORIENTED_EDGE( '', *, *, #4554, .T. );
#4101 = ORIENTED_EDGE( '', *, *, #4425, .T. );
#4102 = ORIENTED_EDGE( '', *, *, #5227, .T. );
#4103 = ORIENTED_EDGE( '', *, *, #5190, .T. );
#4104 = ORIENTED_EDGE( '', *, *, #4441, .T. );
#4105 = ORIENTED_EDGE( '', *, *, #4613, .T. );
#4106 = ORIENTED_EDGE( '', *, *, #5185, .T. );
#4107 = ORIENTED_EDGE( '', *, *, #5224, .F. );
#4108 = ORIENTED_EDGE( '', *, *, #5211, .T. );
#4109 = ORIENTED_EDGE( '', *, *, #4985, .F. );
#4110 = ORIENTED_EDGE( '', *, *, #4795, .T. );
#4111 = ORIENTED_EDGE( '', *, *, #4921, .T. );
#4112 = ORIENTED_EDGE( '', *, *, #4961, .T. );
#4113 = ORIENTED_EDGE( '', *, *, #5091, .F. );
#4114 = ORIENTED_EDGE( '', *, *, #4501, .T. );
#4115 = ORIENTED_EDGE( '', *, *, #4786, .F. );
#4116 = ORIENTED_EDGE( '', *, *, #5243, .F. );
#4117 = CARTESIAN_POINT( '', ( 0.000000000000000, 2.68500000000000, 0.000000000000000 ) );
#4118 = DIRECTION( '', ( 0.000000000000000, 1.00000000000000, 0.000000000000000 ) );
#4119 = DIRECTION( '', ( 1.00000000000000, 0.000000000000000, -0.000000000000000 ) );
#4120 = ORIENTED_EDGE( '', *, *, #4744, .F. );
#4121 = ORIENTED_EDGE( '', *, *, #5192, .T. );
#4122 = ORIENTED_EDGE( '', *, *, #4749, .T. );
#4123 = ORIENTED_EDGE( '', *, *, #4418, .F. );
#4124 = CARTESIAN_POINT( '', ( -4.00000000000000, -2.67500000000000, -0.710000000000000 ) );
#4125 = DIRECTION( '', ( 0.000000000000000, 0.707106781186548, 0.707106781186548 ) );
#4126 = DIRECTION( '', ( 1.00000000000000, 0.000000000000000, -0.000000000000000 ) );
#4127 = ORIENTED_EDGE( '', *, *, #5154, .F. );
#4128 = ORIENTED_EDGE( '', *, *, #4447, .F. );
#4129 = ORIENTED_EDGE( '', *, *, #4821, .T. );
#4130 = ORIENTED_EDGE( '', *, *, #5244, .T. );
#4131 = ORIENTED_EDGE( '', *, *, #4421, .F. );
#4132 = CARTESIAN_POINT( '', ( -4.00000000000000, -2.42500000000000, 1.34000000000000 ) );
#4133 = DIRECTION( '', ( 0.000000000000000, 0.000000000000000, -1.00000000000000 ) );
#4134 = DIRECTION( '', ( 0.000000000000000, -1.00000000000000, 0.000000000000000 ) );
#4135 = ORIENTED_EDGE( '', *, *, #5244, .F. );
#4136 = ORIENTED_EDGE( '', *, *, #4820, .T. );
#4137 = ORIENTED_EDGE( '', *, *, #4740, .T. );
#4138 = ORIENTED_EDGE( '', *, *, #4422, .F. );
#4139 = CARTESIAN_POINT( '', ( -4.00000000000000, -2.47500000000000, 1.34000000000000 ) );
#4140 = DIRECTION( '', ( 0.000000000000000, 0.707106781186548, -0.707106781186548 ) );
#4141 = DIRECTION( '', ( -1.00000000000000, 0.000000000000000, 0.000000000000000 ) );
#4142 = ORIENTED_EDGE( '', *, *, #4709, .T. );
#4143 = ORIENTED_EDGE( '', *, *, #5179, .F. );
#4144 = ORIENTED_EDGE( '', *, *, #4575, .F. );
#4145 = ORIENTED_EDGE( '', *, *, #5016, .T. );
#4146 = CARTESIAN_POINT( '', ( -4.00000000000000, -2.67500000000000, -0.710000000000000 ) );
#4147 = DIRECTION( '', ( 0.000000000000000, 0.707106781186548, 0.707106781186548 ) );
#4148 = DIRECTION( '', ( 1.00000000000000, 0.000000000000000, -0.000000000000000 ) );
#4149 = ORIENTED_EDGE( '', *, *, #5041, .T. );
#4150 = ORIENTED_EDGE( '', *, *, #4775, .F. );
#4151 = ORIENTED_EDGE( '', *, *, #5142, .F. );
#4152 = ORIENTED_EDGE( '', *, *, #5241, .T. );
#4153 = CARTESIAN_POINT( '', ( 2.37500000000000, -2.37500000000000, -2.01000000000000 ) );
#4154 = DIRECTION( '', ( 0.000000000000000, 1.00000000000000, 0.000000000000000 ) );
#4155 = DIRECTION( '', ( 1.00000000000000, 0.000000000000000, -0.000000000000000 ) );
#4156 = ORIENTED_EDGE( '', *, *, #4928, .T. );
#4157 = ORIENTED_EDGE( '', *, *, #5245, .F. );
#4158 = ORIENTED_EDGE( '', *, *, #4767, .F. );
#4159 = ORIENTED_EDGE( '', *, *, #5056, .T. );
#4160 = CARTESIAN_POINT( '', ( -0.625000000000000, -2.72500000000000, -2.01000000000000 ) );
#4161 = DIRECTION( '', ( 0.000000000000000, -0.707106781186548, -0.707106781186548 ) );
#4162 = DIRECTION( '', ( 0.000000000000000, -0.707106781186547, 0.707106781186547 ) );
#4163 = ORIENTED_EDGE( '', *, *, #4956, .T. );
#4164 = ORIENTED_EDGE( '', *, *, #5246, .F. );
#4165 = ORIENTED_EDGE( '', *, *, #5149, .F. );
#4166 = ORIENTED_EDGE( '', *, *, #5054, .T. );
#4167 = CARTESIAN_POINT( '', ( -0.625000000000000, -2.37500000000000, -2.01000000000000 ) );
#4168 = DIRECTION( '', ( 0.000000000000000, 1.00000000000000, 0.000000000000000 ) );
#4169 = DIRECTION( '', ( 1.00000000000000, 0.000000000000000, -0.000000000000000 ) );
#4170 = ORIENTED_EDGE( '', *, *, #5199, .T. );
#4171 = ORIENTED_EDGE( '', *, *, #5072, .F. );
#4172 = ORIENTED_EDGE( '', *, *, #5092, .F. );
#4173 = ORIENTED_EDGE( '', *, *, #5147, .T. );
#4174 = CARTESIAN_POINT( '', ( -2.62500000000000, -2.72500000000000, -2.01000000000000 ) );
#4175 = DIRECTION( '', ( 0.000000000000000, -0.707106781186548, -0.707106781186548 ) );
#4176 = DIRECTION( '', ( 0.000000000000000, -0.707106781186547, 0.707106781186547 ) );
#4177 = ORIENTED_EDGE( '', *, *, #4736, .T. );
#4178 = ORIENTED_EDGE( '', *, *, #4984, .F. );
#4179 = ORIENTED_EDGE( '', *, *, #5233, .F. );
#4180 = ORIENTED_EDGE( '', *, *, #4564, .T. );
#4181 = CARTESIAN_POINT( '', ( -4.00000000000000, -2.47500000000000, 1.34000000000000 ) );
#4182 = DIRECTION( '', ( 0.000000000000000, 0.707106781186548, -0.707106781186548 ) );
#4183 = DIRECTION( '', ( -1.00000000000000, 0.000000000000000, 0.000000000000000 ) );
#4184 = ORIENTED_EDGE( '', *, *, #5247, .T. );
#4185 = ORIENTED_EDGE( '', *, *, #5131, .F. );
#4186 = ORIENTED_EDGE( '', *, *, #4726, .F. );
#4187 = ORIENTED_EDGE( '', *, *, #5004, .T. );
#4188 = CARTESIAN_POINT( '', ( -4.00000000000000, -2.47500000000000, 1.34000000000000 ) );
#4189 = DIRECTION( '', ( 0.000000000000000, 0.707106781186548, -0.707106781186548 ) );
#4190 = DIRECTION( '', ( -1.00000000000000, 0.000000000000000, 0.000000000000000 ) );
#4191 = ORIENTED_EDGE( '', *, *, #4747, .T. );
#4192 = ORIENTED_EDGE( '', *, *, #5236, .F. );
#4193 = ORIENTED_EDGE( '', *, *, #5234, .F. );
#4194 = ORIENTED_EDGE( '', *, *, #5172, .T. );
#4195 = CARTESIAN_POINT( '', ( -4.00000000000000, -2.47500000000000, 1.34000000000000 ) );
#4196 = DIRECTION( '', ( 0.000000000000000, 0.707106781186548, -0.707106781186548 ) );
#4197 = DIRECTION( '', ( -1.00000000000000, 0.000000000000000, 0.000000000000000 ) );
#4198 = ORIENTED_EDGE( '', *, *, #4732, .T. );
#4199 = ORIENTED_EDGE( '', *, *, #4925, .F. );
#4200 = ORIENTED_EDGE( '', *, *, #5231, .F. );
#4201 = ORIENTED_EDGE( '', *, *, #5237, .T. );
#4202 = CARTESIAN_POINT( '', ( -4.00000000000000, -2.47500000000000, 1.34000000000000 ) );
#4203 = DIRECTION( '', ( 0.000000000000000, 0.707106781186548, -0.707106781186548 ) );
#4204 = DIRECTION( '', ( -1.00000000000000, 0.000000000000000, 0.000000000000000 ) );
#4205 = ORIENTED_EDGE( '', *, *, #4577, .T. );
#4206 = ORIENTED_EDGE( '', *, *, #5181, .F. );
#4207 = ORIENTED_EDGE( '', *, *, #5248, .F. );
#4208 = ORIENTED_EDGE( '', *, *, #5013, .T. );
#4209 = CARTESIAN_POINT( '', ( -4.00000000000000, -2.47500000000000, 1.34000000000000 ) );
#4210 = DIRECTION( '', ( 0.000000000000000, 0.707106781186548, -0.707106781186548 ) );
#4211 = DIRECTION( '', ( -1.00000000000000, 0.000000000000000, 0.000000000000000 ) );
#4212 = ORIENTED_EDGE( '', *, *, #5249, .T. );
#4213 = ORIENTED_EDGE( '', *, *, #4521, .F. );
#4214 = ORIENTED_EDGE( '', *, *, #4950, .T. );
#4215 = ORIENTED_EDGE( '', *, *, #5221, .F. );
#4216 = ORIENTED_EDGE( '', *, *, #4583, .F. );
#4217 = ORIENTED_EDGE( '', *, *, #4739, .T. );
#4218 = CARTESIAN_POINT( '', ( 0.000000000000000, -2.67500000000000, 0.000000000000000 ) );
#4219 = DIRECTION( '', ( 0.000000000000000, 1.00000000000000, 0.000000000000000 ) );
#4220 = DIRECTION( '', ( 1.00000000000000, 0.000000000000000, -0.000000000000000 ) );
#4221 = ORIENTED_EDGE( '', *, *, #5250, .T. );
#4222 = ORIENTED_EDGE( '', *, *, #5132, .F. );
#4223 = ORIENTED_EDGE( '', *, *, #5247, .F. );
#4224 = ORIENTED_EDGE( '', *, *, #5007, .T. );
#4225 = CARTESIAN_POINT( '', ( 0.000000000000000, -2.67500000000000, 0.000000000000000 ) );
#4226 = DIRECTION( '', ( 0.000000000000000, 1.00000000000000, 0.000000000000000 ) );
#4227 = DIRECTION( '', ( 1.00000000000000, 0.000000000000000, -0.000000000000000 ) );
#4228 = ORIENTED_EDGE( '', *, *, #4898, .T. );
#4229 = ORIENTED_EDGE( '', *, *, #5139, .T. );
#4230 = ORIENTED_EDGE( '', *, *, #5218, .T. );
#4231 = ORIENTED_EDGE( '', *, *, #4478, .T. );
#4232 = ORIENTED_EDGE( '', *, *, #5103, .T. );
#4233 = ORIENTED_EDGE( '', *, *, #4638, .T. );
#4234 = ORIENTED_EDGE( '', *, *, #5021, .T. );
#4235 = ORIENTED_EDGE( '', *, *, #4879, .T. );
#4236 = ORIENTED_EDGE( '', *, *, #5009, .T. );
#4237 = ORIENTED_EDGE( '', *, *, #5164, .T. );
#4238 = CARTESIAN_POINT( '', ( 1.62500000000000, -2.67500000000000, 1.49000000000000 ) );
#4239 = DIRECTION( '', ( 1.00000000000000, 0.000000000000000, 0.000000000000000 ) );
#4240 = DIRECTION( '', ( 0.000000000000000, 1.00000000000000, -0.000000000000000 ) );
#4241 = ORIENTED_EDGE( '', *, *, #4810, .F. );
#4242 = ORIENTED_EDGE( '', *, *, #5210, .F. );
#4243 = ORIENTED_EDGE( '', *, *, #4998, .F. );
#4244 = ORIENTED_EDGE( '', *, *, #5205, .F. );
#4245 = ORIENTED_EDGE( '', *, *, #5135, .F. );
#4246 = ORIENTED_EDGE( '', *, *, #4978, .F. );
#4247 = ORIENTED_EDGE( '', *, *, #4531, .F. );
#4248 = ORIENTED_EDGE( '', *, *, #4593, .F. );
#4249 = ORIENTED_EDGE( '', *, *, #4866, .F. );
#4250 = ORIENTED_EDGE( '', *, *, #5166, .T. );
#4251 = CARTESIAN_POINT( '', ( 0.375000000000000, -2.67500000000000, 1.49000000000000 ) );
#4252 = DIRECTION( '', ( 1.00000000000000, 0.000000000000000, 0.000000000000000 ) );
#4253 = DIRECTION( '', ( 0.000000000000000, 1.00000000000000, -0.000000000000000 ) );
#4254 = ORIENTED_EDGE( '', *, *, #5200, .T. );
#4255 = ORIENTED_EDGE( '', *, *, #5102, .T. );
#4256 = ORIENTED_EDGE( '', *, *, #4890, .T. );
#4257 = ORIENTED_EDGE( '', *, *, #5213, .T. );
#4258 = ORIENTED_EDGE( '', *, *, #5137, .T. );
#4259 = ORIENTED_EDGE( '', *, *, #4431, .T. );
#4260 = ORIENTED_EDGE( '', *, *, #4933, .T. );
#4261 = ORIENTED_EDGE( '', *, *, #5226, .T. );
#4262 = ORIENTED_EDGE( '', *, *, #4895, .T. );
#4263 = CARTESIAN_POINT( '', ( 0.000000000000000, 2.68500000000000, 1.39000000000000 ) );
#4264 = DIRECTION( '', ( 0.000000000000000, 0.000000000000000, 1.00000000000000 ) );
#4265 = DIRECTION( '', ( 1.00000000000000, -0.000000000000000, 0.000000000000000 ) );
#4266 = ORIENTED_EDGE( '', *, *, #5248, .T. );
#4267 = ORIENTED_EDGE( '', *, *, #5180, .F. );
#4268 = ORIENTED_EDGE( '', *, *, #5162, .F. );
#4269 = ORIENTED_EDGE( '', *, *, #5014, .T. );
#4270 = CARTESIAN_POINT( '', ( -4.00000000000000, -2.42500000000000, 1.34000000000000 ) );
#4271 = DIRECTION( '', ( 0.000000000000000, 0.000000000000000, -1.00000000000000 ) );
#4272 = DIRECTION( '', ( 0.000000000000000, -1.00000000000000, 0.000000000000000 ) );
#4273 = ORIENTED_EDGE( '', *, *, #4695, .T. );
#4274 = ORIENTED_EDGE( '', *, *, #5129, .F. );
#4275 = ORIENTED_EDGE( '', *, *, #5250, .F. );
#4276 = ORIENTED_EDGE( '', *, *, #5006, .T. );
#4277 = CARTESIAN_POINT( '', ( -4.00000000000000, -2.67500000000000, -0.710000000000000 ) );
#4278 = DIRECTION( '', ( 0.000000000000000, 0.707106781186548, 0.707106781186548 ) );
#4279 = DIRECTION( '', ( 1.00000000000000, 0.000000000000000, -0.000000000000000 ) );
#4280 = ORIENTED_EDGE( '', *, *, #4698, .T. );
#4281 = ORIENTED_EDGE( '', *, *, #4522, .F. );
#4282 = ORIENTED_EDGE( '', *, *, #5249, .F. );
#4283 = ORIENTED_EDGE( '', *, *, #4738, .T. );
#4284 = CARTESIAN_POINT( '', ( -4.00000000000000, -2.67500000000000, -0.710000000000000 ) );
#4285 = DIRECTION( '', ( 0.000000000000000, 0.707106781186548, 0.707106781186548 ) );
#4286 = DIRECTION( '', ( 1.00000000000000, 0.000000000000000, -0.000000000000000 ) );
#4287 = ORIENTED_EDGE( '', *, *, #5062, .T. );
#4288 = ORIENTED_EDGE( '', *, *, #4633, .T. );
#4289 = ORIENTED_EDGE( '', *, *, #4660, .F. );
#4290 = ORIENTED_EDGE( '', *, *, #4785, .F. );
#4291 = CARTESIAN_POINT( '', ( -1.85000000000000, -1.07500000000000, 2.56000000000000 ) );
#4292 = DIRECTION( '', ( 0.000000000000000, 0.707106781186548, -0.707106781186548 ) );
#4293 = DIRECTION( '', ( -1.00000000000000, 0.000000000000000, 0.000000000000000 ) );
#4294 = ORIENTED_EDGE( '', *, *, #4715, .T. );
#4295 = ORIENTED_EDGE( '', *, *, #5239, .T. );
#4296 = ORIENTED_EDGE( '', *, *, #5251, .F. );
#4297 = ORIENTED_EDGE( '', *, *, #4689, .F. );
#4298 = CARTESIAN_POINT( '', ( 2.37500000000000, -2.12500000000000, -0.0200000000000000 ) );
#4299 = DIRECTION( '', ( 0.000000000000000, 0.000000000000000, -1.00000000000000 ) );
#4300 = DIRECTION( '', ( 0.000000000000000, -1.00000000000000, 0.000000000000000 ) );
#4301 = ORIENTED_EDGE( '', *, *, #5119, .F. );
#4302 = ORIENTED_EDGE( '', *, *, #5214, .T. );
#4303 = ORIENTED_EDGE( '', *, *, #5031, .T. );
#4304 = ORIENTED_EDGE( '', *, *, #5229, .F. );
#4305 = ORIENTED_EDGE( '', *, *, #5252, .F. );
#4306 = CARTESIAN_POINT( '', ( 2.22500000000000, 1.80000000000000, 1.23500000000000 ) );
#4307 = DIRECTION( '', ( 0.000000000000000, 0.707106781186548, -0.707106781186548 ) );
#4308 = DIRECTION( '', ( -1.00000000000000, 0.000000000000000, 0.000000000000000 ) );
#4309 = ORIENTED_EDGE( '', *, *, #4635, .T. );
#4310 = ORIENTED_EDGE( '', *, *, #5061, .F. );
#4311 = ORIENTED_EDGE( '', *, *, #4563, .F. );
#4312 = ORIENTED_EDGE( '', *, *, #5215, .F. );
#4313 = CARTESIAN_POINT( '', ( 1.92500000000000, 2.09141925035100, 2.24250000000000 ) );
#4314 = DIRECTION( '', ( -0.707106781186501, 0.495305472327001, -0.504650858597301 ) );
#4315 = DIRECTION( '', ( -0.580913885202144, 0.000000000000000, 0.813965022577353 ) );
#4316 = ORIENTED_EDGE( '', *, *, #4816, .F. );
#4317 = ORIENTED_EDGE( '', *, *, #4623, .T. );
#4318 = ORIENTED_EDGE( '', *, *, #5243, .T. );
#4319 = ORIENTED_EDGE( '', *, *, #5220, .F. );
#4320 = CARTESIAN_POINT( '', ( 3.00000000000000, 2.48500000000000, 1.49000000000000 ) );
#4321 = DIRECTION( '', ( -0.000000000000000, 0.000000000000000, -1.00000000000000 ) );
#4322 = DIRECTION( '', ( -1.00000000000000, 0.000000000000000, 0.000000000000000 ) );
#4323 = ORIENTED_EDGE( '', *, *, #4993, .T. );
#4324 = ORIENTED_EDGE( '', *, *, #4798, .T. );
#4325 = ORIENTED_EDGE( '', *, *, #5086, .T. );
#4326 = ORIENTED_EDGE( '', *, *, #4768, .T. );
#4327 = ORIENTED_EDGE( '', *, *, #5245, .T. );
#4328 = ORIENTED_EDGE( '', *, *, #4927, .T. );
#4329 = ORIENTED_EDGE( '', *, *, #5150, .T. );
#4330 = ORIENTED_EDGE( '', *, *, #5246, .T. );
#4331 = ORIENTED_EDGE( '', *, *, #4955, .T. );
#4332 = ORIENTED_EDGE( '', *, *, #5167, .T. );
#4333 = CARTESIAN_POINT( '', ( -0.375000000000000, -2.67500000000000, 1.49000000000000 ) );
#4334 = DIRECTION( '', ( 1.00000000000000, 0.000000000000000, 0.000000000000000 ) );
#4335 = DIRECTION( '', ( 0.000000000000000, 1.00000000000000, -0.000000000000000 ) );
#4336 = ORIENTED_EDGE( '', *, *, #4787, .T. );
#4337 = ORIENTED_EDGE( '', *, *, #4499, .T. );
#4338 = ORIENTED_EDGE( '', *, *, #4974, .F. );
#4339 = ORIENTED_EDGE( '', *, *, #4504, .T. );
#4340 = ORIENTED_EDGE( '', *, *, #4662, .F. );
#4341 = ORIENTED_EDGE( '', *, *, #5117, .T. );
#4342 = ORIENTED_EDGE( '', *, *, #5252, .T. );
#4343 = ORIENTED_EDGE( '', *, *, #5230, .T. );
#4344 = ORIENTED_EDGE( '', *, *, #5178, .T. );
#4345 = ORIENTED_EDGE( '', *, *, #5219, .T. );
#4346 = CARTESIAN_POINT( '', ( -3.22500000000000, 2.68500000000000, 1.16000000000000 ) );
#4347 = DIRECTION( '', ( 0.000000000000000, 0.000000000000000, 1.00000000000000 ) );
#4348 = DIRECTION( '', ( 1.00000000000000, -0.000000000000000, 0.000000000000000 ) );
#4349 = ORIENTED_EDGE( '', *, *, #4558, .T. );
#4350 = ORIENTED_EDGE( '', *, *, #5240, .T. );
#4351 = ORIENTED_EDGE( '', *, *, #5025, .F. );
#4352 = ORIENTED_EDGE( '', *, *, #5216, .F. );
#4353 = ORIENTED_EDGE( '', *, *, #4610, .F. );
#4354 = ORIENTED_EDGE( '', *, *, #4780, .T. );
#4355 = ORIENTED_EDGE( '', *, *, #5182, .F. );
#4356 = CARTESIAN_POINT( '', ( 2.25000000000000, 1.87500000000000, 1.16000000000000 ) );
#4357 = DIRECTION( '', ( 0.000000000000000, -1.00000000000000, 0.000000000000000 ) );
#4358 = DIRECTION( '', ( 0.000000000000000, 0.000000000000000, -1.00000000000000 ) );
#4359 = ORIENTED_EDGE( '', *, *, #5251, .T. );
#4360 = ORIENTED_EDGE( '', *, *, #5238, .T. );
#4361 = ORIENTED_EDGE( '', *, *, #4517, .T. );
#4362 = ORIENTED_EDGE( '', *, *, #4918, .T. );
#4363 = ORIENTED_EDGE( '', *, *, #4490, .T. );
#4364 = ORIENTED_EDGE( '', *, *, #5088, .T. );
#4365 = ORIENTED_EDGE( '', *, *, #5120, .T. );
#4366 = ORIENTED_EDGE( '', *, *, #4690, .F. );
#4367 = CARTESIAN_POINT( '', ( 2.62500000000000, -2.67500000000000, 1.49000000000000 ) );
#4368 = DIRECTION( '', ( 1.00000000000000, 0.000000000000000, 0.000000000000000 ) );
#4369 = DIRECTION( '', ( 0.000000000000000, 1.00000000000000, -0.000000000000000 ) );
#4370 = ORIENTED_EDGE( '', *, *, #5253, .T. );
#4371 = ORIENTED_EDGE( '', *, *, #5254, .F. );
#4372 = ORIENTED_EDGE( '', *, *, #5255, .F. );
#4373 = ORIENTED_EDGE( '', *, *, #5256, .T. );
#4374 = CARTESIAN_POINT( '', ( -2.50000000000000, 2.68700000000000, 3.24000000000000 ) );
#4375 = DIRECTION( '', ( 0.000000000000000, 0.000000000000000, 1.00000000000000 ) );
#4376 = DIRECTION( '', ( 1.00000000000000, -0.000000000000000, 0.000000000000000 ) );
#4377 = ORIENTED_EDGE( '', *, *, #5255, .T. );
#4378 = ORIENTED_EDGE( '', *, *, #5257, .F. );
#4379 = ORIENTED_EDGE( '', *, *, #5258, .F. );
#4380 = ORIENTED_EDGE( '', *, *, #5259, .T. );
#4381 = CARTESIAN_POINT( '', ( -2.50000000000000, 2.68700000000000, -1.76000000000000 ) );
#4382 = DIRECTION( '', ( -1.00000000000000, 0.000000000000000, 0.000000000000000 ) );
#4383 = DIRECTION( '', ( 0.000000000000000, 0.000000000000000, 1.00000000000000 ) );
#4384 = ORIENTED_EDGE( '', *, *, #5260, .F. );
#4385 = ORIENTED_EDGE( '', *, *, #5261, .F. );
#4386 = ORIENTED_EDGE( '', *, *, #5256, .F. );
#4387 = ORIENTED_EDGE( '', *, *, #5259, .F. );
#4388 = CARTESIAN_POINT( '', ( 0.000000000000000, 2.68700000000000, 0.290000000000000 ) );
#4389 = DIRECTION( '', ( 0.000000000000000, 1.00000000000000, 0.000000000000000 ) );
#4390 = DIRECTION( '', ( 1.00000000000000, 0.000000000000000, -0.000000000000000 ) );
#4391 = ORIENTED_EDGE( '', *, *, #5262, .T. );
#4392 = ORIENTED_EDGE( '', *, *, #5263, .F. );
#4393 = ORIENTED_EDGE( '', *, *, #5253, .F. );
#4394 = ORIENTED_EDGE( '', *, *, #5261, .T. );
#4395 = CARTESIAN_POINT( '', ( 2.50000000000000, 2.68700000000000, 3.24000000000000 ) );
#4396 = DIRECTION( '', ( 1.00000000000000, 0.000000000000000, 0.000000000000000 ) );
#4397 = DIRECTION( '', ( 0.000000000000000, 1.00000000000000, -0.000000000000000 ) );
#4398 = ORIENTED_EDGE( '', *, *, #5254, .T. );
#4399 = ORIENTED_EDGE( '', *, *, #5263, .T. );
#4400 = ORIENTED_EDGE( '', *, *, #5264, .T. );
#4401 = ORIENTED_EDGE( '', *, *, #5257, .T. );
#4402 = CARTESIAN_POINT( '', ( 0.000000000000000, 2.81500000000000, 0.290000000000000 ) );
#4403 = DIRECTION( '', ( 0.000000000000000, 1.00000000000000, 0.000000000000000 ) );
#4404 = DIRECTION( '', ( 1.00000000000000, 0.000000000000000, -0.000000000000000 ) );
#4405 = ORIENTED_EDGE( '', *, *, #5258, .T. );
#4406 = ORIENTED_EDGE( '', *, *, #5264, .F. );
#4407 = ORIENTED_EDGE( '', *, *, #5262, .F. );
#4408 = ORIENTED_EDGE( '', *, *, #5260, .T. );
#4409 = CARTESIAN_POINT( '', ( 2.50000000000000, 2.68700000000000, -1.76000000000000 ) );
#4410 = DIRECTION( '', ( 0.000000000000000, 0.000000000000000, -1.00000000000000 ) );
#4411 = DIRECTION( '', ( 0.000000000000000, -1.00000000000000, 0.000000000000000 ) );
#4412 = EDGE_CURVE( '', #5265, #5266, #5267, .T. );
#4413 = EDGE_CURVE( '', #5265, #5268, #5269, .T. );
#4414 = EDGE_CURVE( '', #5268, #5270, #5271, .T. );
#4415 = EDGE_CURVE( '', #5272, #5270, #5273, .T. );
#4416 = EDGE_CURVE( '', #5274, #5272, #5275, .T. );
#4417 = EDGE_CURVE( '', #5274, #5266, #5276, .T. );
#4418 = EDGE_CURVE( '', #5277, #5278, #5279, .T. );
#4419 = EDGE_CURVE( '', #5278, #5280, #5281, .T. );
#4420 = EDGE_CURVE( '', #5282, #5280, #5283, .T. );
#4421 = EDGE_CURVE( '', #5282, #5284, #5285, .T. );
#4422 = EDGE_CURVE( '', #5284, #5286, #5287, .T. );
#4423 = EDGE_CURVE( '', #5286, #5277, #5288, .T. );
#4424 = EDGE_CURVE( '', #5289, #5290, #5291, .T. );
#4425 = EDGE_CURVE( '', #5292, #5290, #5293, .T. );
#4426 = EDGE_CURVE( '', #5294, #5292, #5295, .T. );
#4427 = EDGE_CURVE( '', #5294, #5289, #5296, .T. );
#4428 = EDGE_CURVE( '', #5297, #5298, #5299, .T. );
#4429 = EDGE_CURVE( '', #5300, #5298, #5301, .T. );
#4430 = EDGE_CURVE( '', #5300, #5302, #5303, .T. );
#4431 = EDGE_CURVE( '', #5297, #5302, #5304, .T. );
#4432 = EDGE_CURVE( '', #5305, #5306, #5307, .T. );
#4433 = EDGE_CURVE( '', #5308, #5305, #5309, .T. );
#4434 = EDGE_CURVE( '', #5310, #5308, #5311, .T. );
#4435 = EDGE_CURVE( '', #5312, #5310, #5313, .T. );
#4436 = EDGE_CURVE( '', #5312, #5306, #5314, .T. );
#4437 = EDGE_CURVE( '', #5315, #5308, #5316, .T. );
#4438 = EDGE_CURVE( '', #5317, #5305, #5318, .T. );
#4439 = EDGE_CURVE( '', #5317, #5315, #5319, .T. );
#4440 = EDGE_CURVE( '', #5320, #5321, #5322, .T. );
#4441 = EDGE_CURVE( '', #5323, #5321, #5324, .T. );
#4442 = EDGE_CURVE( '', #5325, #5323, #5326, .T. );
#4443 = EDGE_CURVE( '', #5325, #5327, #5328, .T. );
#4444 = EDGE_CURVE( '', #5327, #5329, #5330, .T. );
#4445 = EDGE_CURVE( '', #5329, #5320, #5331, .T. );
#4446 = EDGE_CURVE( '', #5332, #5333, #5334, .T. );
#4447 = EDGE_CURVE( '', #5333, #5335, #5336, .T. );
#4448 = EDGE_CURVE( '', #5337, #5335, #5338, .T. );
#4449 = EDGE_CURVE( '', #5332, #5337, #5339, .T. );
#4450 = EDGE_CURVE( '', #5340, #5341, #5342, .T. );
#4451 = EDGE_CURVE( '', #5340, #5343, #5344, .T. );
#4452 = EDGE_CURVE( '', #5343, #5345, #5346, .T. );
#4453 = EDGE_CURVE( '', #5341, #5345, #5347, .T. );
#4454 = EDGE_CURVE( '', #5348, #5349, #5350, .T. );
#4455 = EDGE_CURVE( '', #5351, #5349, #5352, .T. );
#4456 = EDGE_CURVE( '', #5353, #5351, #5354, .T. );
#4457 = EDGE_CURVE( '', #5353, #5348, #5355, .T. );
#4458 = EDGE_CURVE( '', #5356, #5357, #5358, .T. );
#4459 = EDGE_CURVE( '', #5356, #5359, #5360, .T. );
#4460 = EDGE_CURVE( '', #5361, #5359, #5362, .T. );
#4461 = EDGE_CURVE( '', #5363, #5361, #5364, .T. );
#4462 = EDGE_CURVE( '', #5365, #5363, #5366, .T. );
#4463 = EDGE_CURVE( '', #5367, #5365, #5368, .T. );
#4464 = EDGE_CURVE( '', #5357, #5367, #5369, .T. );
#4465 = EDGE_CURVE( '', #5370, #5371, #5372, .T. );
#4466 = EDGE_CURVE( '', #5373, #5371, #5374, .T. );
#4467 = EDGE_CURVE( '', #5375, #5373, #5376, .T. );
#4468 = EDGE_CURVE( '', #5375, #5370, #5377, .T. );
#4469 = EDGE_CURVE( '', #5378, #5379, #5380, .T. );
#4470 = EDGE_CURVE( '', #5379, #5381, #5382, .T. );
#4471 = EDGE_CURVE( '', #5383, #5381, #5384, .T. );
#4472 = EDGE_CURVE( '', #5378, #5383, #5385, .T. );
#4473 = EDGE_CURVE( '', #5386, #5387, #5388, .T. );
#4474 = EDGE_CURVE( '', #5389, #5387, #5390, .T. );
#4475 = EDGE_CURVE( '', #5389, #5391, #5392, .T. );
#4476 = EDGE_CURVE( '', #5386, #5391, #5393, .T. );
#4477 = EDGE_CURVE( '', #5394, #5395, #5396, .T. );
#4478 = EDGE_CURVE( '', #5397, #5395, #5398, .T. );
#4479 = EDGE_CURVE( '', #5399, #5397, #5400, .T. );
#4480 = EDGE_CURVE( '', #5399, #5394, #5401, .T. );
#4481 = EDGE_CURVE( '', #5402, #5403, #5404, .T. );
#4482 = EDGE_CURVE( '', #5402, #5405, #5406, .T. );
#4483 = EDGE_CURVE( '', #5407, #5405, #5408, .T. );
#4484 = EDGE_CURVE( '', #5403, #5407, #5409, .T. );
#4485 = EDGE_CURVE( '', #5410, #5411, #5412, .T. );
#4486 = EDGE_CURVE( '', #5413, #5410, #5414, .T. );
#4487 = EDGE_CURVE( '', #5415, #5413, #5416, .T. );
#4488 = EDGE_CURVE( '', #5411, #5415, #5417, .T. );
#4489 = EDGE_CURVE( '', #5418, #5419, #5420, .T. );
#4490 = EDGE_CURVE( '', #5421, #5419, #5422, .T. );
#4491 = EDGE_CURVE( '', #5423, #5421, #5424, .T. );
#4492 = EDGE_CURVE( '', #5423, #5418, #5425, .T. );
#4493 = EDGE_CURVE( '', #5426, #5427, #5428, .T. );
#4494 = EDGE_CURVE( '', #5429, #5426, #5430, .T. );
#4495 = EDGE_CURVE( '', #5429, #5431, #5432, .T. );
#4496 = EDGE_CURVE( '', #5427, #5431, #5433, .T. );
#4497 = EDGE_CURVE( '', #5434, #5435, #5436, .T. );
#4498 = EDGE_CURVE( '', #5437, #5435, #5438, .T. );
#4499 = EDGE_CURVE( '', #5439, #5437, #5440, .T. );
#4500 = EDGE_CURVE( '', #5439, #5441, #5442, .T. );
#4501 = EDGE_CURVE( '', #5434, #5441, #5443, .T. );
#4502 = EDGE_CURVE( '', #5444, #5445, #5446, .T. );
#4503 = EDGE_CURVE( '', #5447, #5445, #5448, .T. );
#4504 = EDGE_CURVE( '', #5449, #5447, #5450, .T. );
#4505 = EDGE_CURVE( '', #5449, #5451, #5452, .T. );
#4506 = EDGE_CURVE( '', #5453, #5451, #5454, .T. );
#4507 = EDGE_CURVE( '', #5444, #5453, #5455, .T. );
#4508 = EDGE_CURVE( '', #5456, #5457, #5458, .T. );
#4509 = EDGE_CURVE( '', #5459, #5457, #5460, .T. );
#4510 = EDGE_CURVE( '', #5461, #5459, #5462, .T. );
#4511 = EDGE_CURVE( '', #5461, #5456, #5463, .T. );
#4512 = EDGE_CURVE( '', #5464, #5465, #5466, .T. );
#4513 = EDGE_CURVE( '', #5467, #5465, #5468, .T. );
#4514 = EDGE_CURVE( '', #5469, #5467, #5470, .T. );
#4515 = EDGE_CURVE( '', #5469, #5464, #5471, .T. );
#4516 = EDGE_CURVE( '', #5472, #5473, #5474, .T. );
#4517 = EDGE_CURVE( '', #5475, #5473, #5476, .T. );
#4518 = EDGE_CURVE( '', #5477, #5475, #5478, .T. );
#4519 = EDGE_CURVE( '', #5477, #5472, #5479, .T. );
#4520 = EDGE_CURVE( '', #5480, #5481, #5482, .T. );
#4521 = EDGE_CURVE( '', #5480, #5483, #5484, .T. );
#4522 = EDGE_CURVE( '', #5483, #5485, #5486, .T. );
#4523 = EDGE_CURVE( '', #5485, #5487, #5488, .T. );
#4524 = EDGE_CURVE( '', #5489, #5487, #5490, .T. );
#4525 = EDGE_CURVE( '', #5489, #5491, #5492, .T. );
#4526 = EDGE_CURVE( '', #5270, #5491, #5493, .T. );
#4527 = EDGE_CURVE( '', #5268, #5481, #5494, .T. );
#4528 = EDGE_CURVE( '', #5495, #5496, #5497, .T. );
#4529 = EDGE_CURVE( '', #5498, #5496, #5499, .T. );
#4530 = EDGE_CURVE( '', #5500, #5498, #5501, .T. );
#4531 = EDGE_CURVE( '', #5500, #5495, #5502, .T. );
#4532 = EDGE_CURVE( '', #5503, #5504, #5505, .T. );
#4533 = EDGE_CURVE( '', #5504, #5506, #5507, .T. );
#4534 = EDGE_CURVE( '', #5506, #5508, #5509, .T. );
#4535 = EDGE_CURVE( '', #5508, #5510, #5511, .T. );
#4536 = EDGE_CURVE( '', #5512, #5510, #5513, .T. );
#4537 = EDGE_CURVE( '', #5514, #5512, #5515, .T. );
#4538 = EDGE_CURVE( '', #5516, #5514, #5517, .T. );
#4539 = EDGE_CURVE( '', #5518, #5516, #5519, .T. );
#4540 = EDGE_CURVE( '', #5518, #5520, #5521, .T. );
#4541 = EDGE_CURVE( '', #5520, #5503, #5522, .T. );
#4542 = EDGE_CURVE( '', #5523, #5524, #5525, .T. );
#4543 = EDGE_CURVE( '', #5526, #5524, #5527, .T. );
#4544 = EDGE_CURVE( '', #5528, #5526, #5529, .T. );
#4545 = EDGE_CURVE( '', #5528, #5523, #5530, .T. );
#4546 = EDGE_CURVE( '', #5531, #5532, #5533, .T. );
#4547 = EDGE_CURVE( '', #5534, #5531, #5535, .T. );
#4548 = EDGE_CURVE( '', #5536, #5534, #5537, .T. );
#4549 = EDGE_CURVE( '', #5536, #5538, #5539, .T. );
#4550 = EDGE_CURVE( '', #5538, #5540, #5541, .T. );
#4551 = EDGE_CURVE( '', #5540, #5542, #5543, .T. );
#4552 = EDGE_CURVE( '', #5544, #5542, #5545, .T. );
#4553 = EDGE_CURVE( '', #5544, #5532, #5546, .T. );
#4554 = EDGE_CURVE( '', #5491, #5292, #5547, .T. );
#4555 = EDGE_CURVE( '', #5489, #5294, #5548, .T. );
#4556 = EDGE_CURVE( '', #5549, #5550, #5551, .T. );
#4557 = EDGE_CURVE( '', #5550, #5552, #5553, .T. );
#4558 = EDGE_CURVE( '', #5554, #5552, #5555, .T. );
#4559 = EDGE_CURVE( '', #5556, #5554, #5557, .T. );
#4560 = EDGE_CURVE( '', #5556, #5558, #5559, .T. );
#4561 = EDGE_CURVE( '', #5558, #5560, #5561, .T. );
#4562 = EDGE_CURVE( '', #5562, #5560, #5563, .T. );
#4563 = EDGE_CURVE( '', #5562, #5549, #5564, .T. );
#4564 = EDGE_CURVE( '', #5565, #5566, #5567, .T. );
#4565 = EDGE_CURVE( '', #5568, #5565, #5569, .T. );
#4566 = EDGE_CURVE( '', #5568, #5570, #5571, .T. );
#4567 = EDGE_CURVE( '', #5572, #5570, #5573, .T. );
#4568 = EDGE_CURVE( '', #5574, #5572, #5575, .T. );
#4569 = EDGE_CURVE( '', #5566, #5574, #5576, .T. );
#4570 = EDGE_CURVE( '', #5577, #5578, #5579, .T. );
#4571 = EDGE_CURVE( '', #5577, #5580, #5581, .T. );
#4572 = EDGE_CURVE( '', #5560, #5580, #5582, .T. );
#4573 = EDGE_CURVE( '', #5583, #5558, #5584, .T. );
#4574 = EDGE_CURVE( '', #5583, #5578, #5585, .T. );
#4575 = EDGE_CURVE( '', #5586, #5587, #5588, .T. );
#4576 = EDGE_CURVE( '', #5589, #5587, #5590, .T. );
#4577 = EDGE_CURVE( '', #5591, #5589, #5592, .T. );
#4578 = EDGE_CURVE( '', #5591, #5586, #5593, .T. );
#4579 = EDGE_CURVE( '', #5594, #5595, #5596, .T. );
#4580 = EDGE_CURVE( '', #5597, #5595, #5598, .T. );
#4581 = EDGE_CURVE( '', #5599, #5597, #5600, .T. );
#4582 = EDGE_CURVE( '', #5599, #5594, #5601, .T. );
#4583 = EDGE_CURVE( '', #5602, #5603, #5604, .T. );
#4584 = EDGE_CURVE( '', #5605, #5603, #5606, .T. );
#4585 = EDGE_CURVE( '', #5607, #5605, #5608, .T. );
#4586 = EDGE_CURVE( '', #5607, #5602, #5609, .T. );
#4587 = EDGE_CURVE( '', #5610, #5611, #5612, .T. );
#4588 = EDGE_CURVE( '', #5611, #5613, #5614, .T. );
#4589 = EDGE_CURVE( '', #5615, #5613, #5616, .T. );
#4590 = EDGE_CURVE( '', #5610, #5615, #5617, .T. );
#4591 = EDGE_CURVE( '', #5618, #5498, #5619, .T. );
#4592 = EDGE_CURVE( '', #5620, #5618, #5621, .T. );
#4593 = EDGE_CURVE( '', #5620, #5500, #5622, .T. );
#4594 = EDGE_CURVE( '', #5623, #5605, #5624, .T. );
#4595 = EDGE_CURVE( '', #5623, #5625, #5626, .T. );
#4596 = EDGE_CURVE( '', #5627, #5625, #5628, .T. );
#4597 = EDGE_CURVE( '', #5627, #5607, #5629, .T. );
#4598 = EDGE_CURVE( '', #5630, #5631, #5632, .T. );
#4599 = EDGE_CURVE( '', #5633, #5631, #5634, .T. );
#4600 = EDGE_CURVE( '', #5635, #5633, #5636, .T. );
#4601 = EDGE_CURVE( '', #5635, #5630, #5637, .T. );
#4602 = EDGE_CURVE( '', #5638, #5540, #5639, .T. );
#4603 = EDGE_CURVE( '', #5640, #5538, #5641, .T. );
#4604 = EDGE_CURVE( '', #5640, #5642, #5643, .T. );
#4605 = EDGE_CURVE( '', #5638, #5642, #5644, .T. );
#4606 = EDGE_CURVE( '', #5361, #5645, #5646, .T. );
#4607 = EDGE_CURVE( '', #5647, #5645, #5648, .T. );
#4608 = EDGE_CURVE( '', #5363, #5647, #5649, .T. );
#4609 = EDGE_CURVE( '', #5650, #5651, #5652, .T. );
#4610 = EDGE_CURVE( '', #5650, #5653, #5654, .T. );
#4611 = EDGE_CURVE( '', #5653, #5429, #5655, .T. );
#4612 = EDGE_CURVE( '', #5656, #5426, #5657, .T. );
#4613 = EDGE_CURVE( '', #5321, #5656, #5658, .T. );
#4614 = EDGE_CURVE( '', #5659, #5320, #5660, .T. );
#4615 = EDGE_CURVE( '', #5659, #5661, #5662, .T. );
#4616 = EDGE_CURVE( '', #5661, #5332, #5663, .T. );
#4617 = EDGE_CURVE( '', #5664, #5337, #5665, .T. );
#4618 = EDGE_CURVE( '', #5666, #5664, #5667, .T. );
#4619 = EDGE_CURVE( '', #5666, #5668, #5669, .T. );
#4620 = EDGE_CURVE( '', #5668, #5670, #5671, .T. );
#4621 = EDGE_CURVE( '', #5274, #5670, #5672, .T. );
#4622 = EDGE_CURVE( '', #5673, #5272, #5674, .T. );
#4623 = EDGE_CURVE( '', #5675, #5673, #5676, .T. );
#4624 = EDGE_CURVE( '', #5675, #5677, #5678, .T. );
#4625 = EDGE_CURVE( '', #5677, #5679, #5680, .T. );
#4626 = EDGE_CURVE( '', #5679, #5681, #5682, .T. );
#4627 = EDGE_CURVE( '', #5683, #5681, #5684, .T. );
#4628 = EDGE_CURVE( '', #5683, #5651, #5685, .T. );
#4629 = EDGE_CURVE( '', #5503, #5427, #5686, .T. );
#4630 = EDGE_CURVE( '', #5504, #5431, #5687, .T. );
#4631 = EDGE_CURVE( '', #5688, #5689, #5690, .T. );
#4632 = EDGE_CURVE( '', #5691, #5688, #5692, .T. );
#4633 = EDGE_CURVE( '', #5693, #5691, #5694, .T. );
#4634 = EDGE_CURVE( '', #5695, #5693, #5696, .T. );
#4635 = EDGE_CURVE( '', #5697, #5695, #5698, .T. );
#4636 = EDGE_CURVE( '', #5689, #5697, #5699, .T. );
#4637 = EDGE_CURVE( '', #5700, #5701, #5702, .T. );
#4638 = EDGE_CURVE( '', #5703, #5701, #5704, .T. );
#4639 = EDGE_CURVE( '', #5705, #5703, #5706, .T. );
#4640 = EDGE_CURVE( '', #5705, #5700, #5707, .T. );
#4641 = EDGE_CURVE( '', #5708, #5709, #5710, .T. );
#4642 = EDGE_CURVE( '', #5709, #5711, #5712, .T. );
#4643 = EDGE_CURVE( '', #5713, #5711, #5714, .T. );
#4644 = EDGE_CURVE( '', #5708, #5713, #5715, .T. );
#4645 = EDGE_CURVE( '', #5716, #5717, #5718, .T. );
#4646 = EDGE_CURVE( '', #5719, #5716, #5720, .T. );
#4647 = EDGE_CURVE( '', #5721, #5719, #5722, .T. );
#4648 = EDGE_CURVE( '', #5723, #5721, #5724, .T. );
#4649 = EDGE_CURVE( '', #5630, #5723, #5725, .T. );
#4650 = EDGE_CURVE( '', #5726, #5635, #5727, .T. );
#4651 = EDGE_CURVE( '', #5726, #5717, #5728, .T. );
#4652 = EDGE_CURVE( '', #5349, #5459, #5729, .T. );
#4653 = EDGE_CURVE( '', #5348, #5461, #5730, .T. );
#4654 = EDGE_CURVE( '', #5402, #5329, #5731, .T. );
#4655 = EDGE_CURVE( '', #5402, #5386, #5732, .T. );
#4656 = EDGE_CURVE( '', #5659, #5386, #5733, .T. );
#4657 = EDGE_CURVE( '', #5734, #5357, #5735, .T. );
#4658 = EDGE_CURVE( '', #5736, #5367, #5737, .T. );
#4659 = EDGE_CURVE( '', #5738, #5736, #5739, .T. );
#4660 = EDGE_CURVE( '', #5738, #5691, #5740, .T. );
#4661 = EDGE_CURVE( '', #5688, #5741, #5742, .T. );
#4662 = EDGE_CURVE( '', #5741, #5447, #5743, .T. );
#4663 = EDGE_CURVE( '', #5445, #5744, #5745, .T. );
#4664 = EDGE_CURVE( '', #5744, #5746, #5747, .T. );
#4665 = EDGE_CURVE( '', #5746, #5748, #5749, .T. );
#4666 = EDGE_CURVE( '', #5750, #5748, #5751, .T. );
#4667 = EDGE_CURVE( '', #5750, #5752, #5753, .T. );
#4668 = EDGE_CURVE( '', #5752, #5512, #5754, .T. );
#4669 = EDGE_CURVE( '', #5510, #5755, #5756, .T. );
#4670 = EDGE_CURVE( '', #5734, #5755, #5757, .T. );
#4671 = EDGE_CURVE( '', #5758, #5759, #5760, .T. );
#4672 = EDGE_CURVE( '', #5759, #5761, #5762, .T. );
#4673 = EDGE_CURVE( '', #5763, #5761, #5764, .T. );
#4674 = EDGE_CURVE( '', #5758, #5763, #5765, .T. );
#4675 = EDGE_CURVE( '', #5766, #5767, #5768, .T. );
#4676 = EDGE_CURVE( '', #5767, #5769, #5770, .T. );
#4677 = EDGE_CURVE( '', #5771, #5769, #5772, .T. );
#4678 = EDGE_CURVE( '', #5766, #5771, #5773, .T. );
#4679 = EDGE_CURVE( '', #5726, #5774, #5775, .T. );
#4680 = EDGE_CURVE( '', #5774, #5776, #5777, .T. );
#4681 = EDGE_CURVE( '', #5717, #5776, #5778, .T. );
#4682 = EDGE_CURVE( '', #5779, #5780, #5781, .T. );
#4683 = EDGE_CURVE( '', #5780, #5782, #5783, .T. );
#4684 = EDGE_CURVE( '', #5784, #5782, #5785, .T. );
#4685 = EDGE_CURVE( '', #5779, #5784, #5786, .T. );
#4686 = EDGE_CURVE( '', #5615, #5787, #5788, .T. );
#4687 = EDGE_CURVE( '', #5789, #5787, #5790, .T. );
#4688 = EDGE_CURVE( '', #5610, #5789, #5791, .T. );
#4689 = EDGE_CURVE( '', #5792, #5793, #5794, .T. );
#4690 = EDGE_CURVE( '', #5793, #5795, #5796, .T. );
#4691 = EDGE_CURVE( '', #5797, #5795, #5798, .T. );
#4692 = EDGE_CURVE( '', #5792, #5797, #5799, .T. );
#4693 = EDGE_CURVE( '', #5800, #5801, #5802, .T. );
#4694 = EDGE_CURVE( '', #5803, #5801, #5804, .T. );
#4695 = EDGE_CURVE( '', #5805, #5803, #5806, .T. );
#4696 = EDGE_CURVE( '', #5805, #5800, #5807, .T. );
#4697 = EDGE_CURVE( '', #5808, #5487, #5809, .T. );
#4698 = EDGE_CURVE( '', #5810, #5485, #5811, .T. );
#4699 = EDGE_CURVE( '', #5810, #5808, #5812, .T. );
#4700 = EDGE_CURVE( '', #5570, #5813, #5814, .T. );
#4701 = EDGE_CURVE( '', #5815, #5813, #5816, .T. );
#4702 = EDGE_CURVE( '', #5572, #5815, #5817, .T. );
#4703 = EDGE_CURVE( '', #5818, #5819, #5820, .T. );
#4704 = EDGE_CURVE( '', #5821, #5819, #5822, .T. );
#4705 = EDGE_CURVE( '', #5823, #5821, #5824, .T. );
#4706 = EDGE_CURVE( '', #5823, #5818, #5825, .T. );
#4707 = EDGE_CURVE( '', #5826, #5827, #5828, .T. );
#4708 = EDGE_CURVE( '', #5829, #5827, #5830, .T. );
#4709 = EDGE_CURVE( '', #5831, #5829, #5832, .T. );
#4710 = EDGE_CURVE( '', #5831, #5826, #5833, .T. );
#4711 = EDGE_CURVE( '', #5834, #5797, #5835, .T. );
#4712 = EDGE_CURVE( '', #5418, #5834, #5836, .T. );
#4713 = EDGE_CURVE( '', #5472, #5423, #5837, .T. );
#4714 = EDGE_CURVE( '', #5838, #5477, #5839, .T. );
#4715 = EDGE_CURVE( '', #5792, #5838, #5840, .T. );
#4716 = EDGE_CURVE( '', #5841, #5789, #5842, .T. );
#4717 = EDGE_CURVE( '', #5843, #5841, #5844, .T. );
#4718 = EDGE_CURVE( '', #5845, #5843, #5846, .T. );
#4719 = EDGE_CURVE( '', #5847, #5845, #5848, .T. );
#4720 = EDGE_CURVE( '', #5849, #5847, #5850, .T. );
#4721 = EDGE_CURVE( '', #5611, #5849, #5851, .T. );
#4722 = EDGE_CURVE( '', #5852, #5853, #5854, .T. );
#4723 = EDGE_CURVE( '', #5855, #5853, #5856, .T. );
#4724 = EDGE_CURVE( '', #5857, #5855, #5858, .T. );
#4725 = EDGE_CURVE( '', #5857, #5852, #5859, .T. );
#4726 = EDGE_CURVE( '', #5860, #5861, #5862, .T. );
#4727 = EDGE_CURVE( '', #5863, #5861, #5864, .T. );
#4728 = EDGE_CURVE( '', #5865, #5863, #5866, .T. );
#4729 = EDGE_CURVE( '', #5865, #5860, #5867, .T. );
#4730 = EDGE_CURVE( '', #5868, #5869, #5870, .T. );
#4731 = EDGE_CURVE( '', #5871, #5869, #5872, .T. );
#4732 = EDGE_CURVE( '', #5873, #5871, #5874, .T. );
#4733 = EDGE_CURVE( '', #5873, #5868, #5875, .T. );
#4734 = EDGE_CURVE( '', #5574, #5876, #5877, .T. );
#4735 = EDGE_CURVE( '', #5878, #5876, #5879, .T. );
#4736 = EDGE_CURVE( '', #5566, #5878, #5880, .T. );
#4737 = EDGE_CURVE( '', #5627, #5808, #5881, .T. );
#4738 = EDGE_CURVE( '', #5882, #5810, #5883, .T. );
#4739 = EDGE_CURVE( '', #5602, #5882, #5884, .T. );
#4740 = EDGE_CURVE( '', #5885, #5286, #5886, .T. );
#4741 = EDGE_CURVE( '', #5885, #5887, #5888, .T. );
#4742 = EDGE_CURVE( '', #5889, #5887, #5890, .T. );
#4743 = EDGE_CURVE( '', #5891, #5889, #5892, .T. );
#4744 = EDGE_CURVE( '', #5891, #5277, #5893, .T. );
#4745 = EDGE_CURVE( '', #5894, #5895, #5896, .T. );
#4746 = EDGE_CURVE( '', #5897, #5895, #5898, .T. );
#4747 = EDGE_CURVE( '', #5899, #5897, #5900, .T. );
#4748 = EDGE_CURVE( '', #5899, #5894, #5901, .T. );
#4749 = EDGE_CURVE( '', #5902, #5278, #5903, .T. );
#4750 = EDGE_CURVE( '', #5902, #5904, #5905, .T. );
#4751 = EDGE_CURVE( '', #5904, #5280, #5906, .T. );
#4752 = EDGE_CURVE( '', #5907, #5908, #5909, .T. );
#4753 = EDGE_CURVE( '', #5910, #5908, #5911, .T. );
#4754 = EDGE_CURVE( '', #5912, #5910, #5913, .T. );
#4755 = EDGE_CURVE( '', #5912, #5907, #5914, .T. );
#4756 = EDGE_CURVE( '', #5915, #5916, #5917, .T. );
#4757 = EDGE_CURVE( '', #5916, #5918, #5919, .T. );
#4758 = EDGE_CURVE( '', #5920, #5918, #5921, .T. );
#4759 = EDGE_CURVE( '', #5915, #5920, #5922, .T. );
#4760 = EDGE_CURVE( '', #5923, #5924, #5925, .T. );
#4761 = EDGE_CURVE( '', #5926, #5924, #5927, .T. );
#4762 = EDGE_CURVE( '', #5928, #5926, #5929, .T. );
#4763 = EDGE_CURVE( '', #5928, #5923, #5930, .T. );
#4764 = EDGE_CURVE( '', #5931, #5932, #5933, .T. );
#4765 = EDGE_CURVE( '', #5924, #5932, #5934, .T. );
#4766 = EDGE_CURVE( '', #5923, #5931, #5935, .T. );
#4767 = EDGE_CURVE( '', #5936, #5937, #5938, .T. );
#4768 = EDGE_CURVE( '', #5939, #5937, #5940, .T. );
#4769 = EDGE_CURVE( '', #5941, #5939, #5942, .T. );
#4770 = EDGE_CURVE( '', #5941, #5936, #5943, .T. );
#4771 = EDGE_CURVE( '', #5908, #5597, #5944, .T. );
#4772 = EDGE_CURVE( '', #5595, #5945, #5946, .T. );
#4773 = EDGE_CURVE( '', #5945, #5467, #5947, .T. );
#4774 = EDGE_CURVE( '', #5465, #5948, #5949, .T. );
#4775 = EDGE_CURVE( '', #5948, #5950, #5951, .T. );
#4776 = EDGE_CURVE( '', #5950, #5952, #5953, .T. );
#4777 = EDGE_CURVE( '', #5952, #5910, #5954, .T. );
#4778 = EDGE_CURVE( '', #5955, #5651, #5956, .T. );
#4779 = EDGE_CURVE( '', #5957, #5955, #5958, .T. );
#4780 = EDGE_CURVE( '', #5650, #5957, #5959, .T. );
#4781 = EDGE_CURVE( '', #5736, #5960, #5961, .T. );
#4782 = EDGE_CURVE( '', #5960, #5647, #5962, .T. );
#4783 = EDGE_CURVE( '', #5645, #5963, #5964, .T. );
#4784 = EDGE_CURVE( '', #5965, #5963, #5966, .T. );
#4785 = EDGE_CURVE( '', #5965, #5738, #5967, .T. );
#4786 = EDGE_CURVE( '', #5968, #5441, #5969, .T. );
#4787 = EDGE_CURVE( '', #5970, #5439, #5971, .T. );
#4788 = EDGE_CURVE( '', #5970, #5968, #5972, .T. );
#4789 = EDGE_CURVE( '', #5973, #5974, #5975, .T. );
#4790 = EDGE_CURVE( '', #5976, #5974, #5977, .T. );
#4791 = EDGE_CURVE( '', #5978, #5976, #5979, .T. );
#4792 = EDGE_CURVE( '', #5978, #5973, #5980, .T. );
#4793 = EDGE_CURVE( '', #5981, #5982, #5983, .T. );
#4794 = EDGE_CURVE( '', #5984, #5982, #5985, .T. );
#4795 = EDGE_CURVE( '', #5986, #5984, #5987, .T. );
#4796 = EDGE_CURVE( '', #5981, #5986, #5988, .T. );
#4797 = EDGE_CURVE( '', #5989, #5990, #5991, .T. );
#4798 = EDGE_CURVE( '', #5992, #5990, #5993, .T. );
#4799 = EDGE_CURVE( '', #5994, #5992, #5995, .T. );
#4800 = EDGE_CURVE( '', #5994, #5989, #5996, .T. );
#4801 = EDGE_CURVE( '', #5997, #5415, #5998, .T. );
#4802 = EDGE_CURVE( '', #5999, #5997, #6000, .T. );
#4803 = EDGE_CURVE( '', #5411, #5999, #6001, .T. );
#4804 = EDGE_CURVE( '', #6002, #6003, #6004, .T. );
#4805 = EDGE_CURVE( '', #6003, #5583, #6005, .T. );
#4806 = EDGE_CURVE( '', #6006, #5556, #6007, .T. );
#4807 = EDGE_CURVE( '', #6006, #6002, #6008, .T. );
#4808 = EDGE_CURVE( '', #6009, #6010, #6011, .T. );
#4809 = EDGE_CURVE( '', #6012, #6009, #6013, .T. );
#4810 = EDGE_CURVE( '', #6012, #6014, #6015, .T. );
#4811 = EDGE_CURVE( '', #6014, #6010, #6016, .T. );
#4812 = EDGE_CURVE( '', #5981, #6017, #6018, .T. );
#4813 = EDGE_CURVE( '', #5514, #6017, #6019, .T. );
#4814 = EDGE_CURVE( '', #5982, #5752, #6020, .T. );
#4815 = EDGE_CURVE( '', #5677, #6021, #6022, .T. );
#4816 = EDGE_CURVE( '', #5675, #6023, #6024, .T. );
#4817 = EDGE_CURVE( '', #6021, #6023, #6025, .T. );
#4818 = EDGE_CURVE( '', #6026, #5333, #6027, .T. );
#4819 = EDGE_CURVE( '', #5887, #6026, #6028, .T. );
#4820 = EDGE_CURVE( '', #6029, #5885, #6030, .T. );
#4821 = EDGE_CURVE( '', #5333, #6029, #6031, .T. );
#4822 = EDGE_CURVE( '', #5759, #6032, #6033, .T. );
#4823 = EDGE_CURVE( '', #6032, #6034, #6035, .T. );
#4824 = EDGE_CURVE( '', #6034, #6036, #6037, .T. );
#4825 = EDGE_CURVE( '', #6036, #5926, #6038, .T. );
#4826 = EDGE_CURVE( '', #5932, #5761, #6039, .T. );
#4827 = EDGE_CURVE( '', #6040, #6041, #6042, .T. );
#4828 = EDGE_CURVE( '', #6043, #6041, #6044, .T. );
#4829 = EDGE_CURVE( '', #6045, #6043, #6046, .T. );
#4830 = EDGE_CURVE( '', #6045, #6040, #6047, .T. );
#4831 = EDGE_CURVE( '', #5716, #6048, #6049, .T. );
#4832 = EDGE_CURVE( '', #6050, #6048, #6051, .T. );
#4833 = EDGE_CURVE( '', #5719, #6050, #6052, .T. );
#4834 = EDGE_CURVE( '', #6053, #5310, #6054, .T. );
#4835 = EDGE_CURVE( '', #6055, #6053, #6056, .T. );
#4836 = EDGE_CURVE( '', #6055, #5312, #6057, .T. );
#4837 = EDGE_CURVE( '', #6058, #6059, #6060, .T. );
#4838 = EDGE_CURVE( '', #6061, #6059, #6062, .T. );
#4839 = EDGE_CURVE( '', #6063, #6061, #6064, .T. );
#4840 = EDGE_CURVE( '', #6063, #6058, #6065, .T. );
#4841 = EDGE_CURVE( '', #5774, #5633, #6066, .T. );
#4842 = EDGE_CURVE( '', #5631, #6067, #6068, .T. );
#4843 = EDGE_CURVE( '', #6067, #6069, #6070, .T. );
#4844 = EDGE_CURVE( '', #6069, #6050, #6071, .T. );
#4845 = EDGE_CURVE( '', #6048, #5776, #6072, .T. );
#4846 = EDGE_CURVE( '', #5779, #6073, #6074, .T. );
#4847 = EDGE_CURVE( '', #6073, #6075, #6076, .T. );
#4848 = EDGE_CURVE( '', #5780, #6075, #6077, .T. );
#4849 = EDGE_CURVE( '', #6078, #6034, #6079, .T. );
#4850 = EDGE_CURVE( '', #6080, #6032, #6081, .T. );
#4851 = EDGE_CURVE( '', #6080, #6078, #6082, .T. );
#4852 = EDGE_CURVE( '', #6083, #6043, #6084, .T. );
#4853 = EDGE_CURVE( '', #6041, #6085, #6086, .T. );
#4854 = EDGE_CURVE( '', #6085, #6087, #6088, .T. );
#4855 = EDGE_CURVE( '', #6087, #6089, #6090, .T. );
#4856 = EDGE_CURVE( '', #6089, #6091, #6092, .T. );
#4857 = EDGE_CURVE( '', #6091, #5976, #6093, .T. );
#4858 = EDGE_CURVE( '', #5974, #6094, #6095, .T. );
#4859 = EDGE_CURVE( '', #6094, #6083, #6096, .T. );
#4860 = EDGE_CURVE( '', #5407, #6097, #6098, .T. );
#4861 = EDGE_CURVE( '', #6099, #6097, #6100, .T. );
#4862 = EDGE_CURVE( '', #5403, #6099, #6101, .T. );
#4863 = EDGE_CURVE( '', #6102, #5769, #6103, .T. );
#4864 = EDGE_CURVE( '', #6104, #6102, #6105, .T. );
#4865 = EDGE_CURVE( '', #6104, #5771, #6106, .T. );
#4866 = EDGE_CURVE( '', #6107, #5620, #6108, .T. );
#4867 = EDGE_CURVE( '', #6109, #5618, #6110, .T. );
#4868 = EDGE_CURVE( '', #6107, #6109, #6111, .T. );
#4869 = EDGE_CURVE( '', #6112, #6113, #6114, .T. );
#4870 = EDGE_CURVE( '', #6115, #6113, #6116, .T. );
#4871 = EDGE_CURVE( '', #6117, #6115, #6118, .T. );
#4872 = EDGE_CURVE( '', #6117, #6112, #6119, .T. );
#4873 = EDGE_CURVE( '', #6120, #6121, #6122, .T. );
#4874 = EDGE_CURVE( '', #6123, #6121, #6124, .T. );
#4875 = EDGE_CURVE( '', #6125, #6123, #6126, .T. );
#4876 = EDGE_CURVE( '', #6125, #6120, #6127, .T. );
#4877 = EDGE_CURVE( '', #5758, #6080, #6128, .T. );
#4878 = EDGE_CURVE( '', #6129, #6130, #6131, .T. );
#4879 = EDGE_CURVE( '', #6132, #6130, #6133, .T. );
#4880 = EDGE_CURVE( '', #6134, #6132, #6135, .T. );
#4881 = EDGE_CURVE( '', #6134, #6129, #6136, .T. );
#4882 = EDGE_CURVE( '', #6137, #6085, #6138, .T. );
#4883 = EDGE_CURVE( '', #6040, #6137, #6139, .T. );
#4884 = EDGE_CURVE( '', #6140, #6089, #6141, .T. );
#4885 = EDGE_CURVE( '', #6142, #6087, #6143, .T. );
#4886 = EDGE_CURVE( '', #6142, #6140, #6144, .T. );
#4887 = EDGE_CURVE( '', #6145, #6146, #6147, .T. );
#4888 = EDGE_CURVE( '', #6146, #6148, #6149, .T. );
#4889 = EDGE_CURVE( '', #6150, #6148, #6151, .T. );
#4890 = EDGE_CURVE( '', #6145, #6150, #6152, .T. );
#4891 = EDGE_CURVE( '', #6153, #5532, #6154, .T. );
#4892 = EDGE_CURVE( '', #5544, #6155, #6156, .T. );
#4893 = EDGE_CURVE( '', #6157, #6155, #6158, .T. );
#4894 = EDGE_CURVE( '', #6159, #6157, #6160, .T. );
#4895 = EDGE_CURVE( '', #6153, #6159, #6161, .T. );
#4896 = EDGE_CURVE( '', #6162, #6163, #6164, .T. );
#4897 = EDGE_CURVE( '', #6163, #6165, #6166, .T. );
#4898 = EDGE_CURVE( '', #6167, #6165, #6168, .T. );
#4899 = EDGE_CURVE( '', #6162, #6167, #6169, .T. );
#4900 = EDGE_CURVE( '', #6170, #6104, #6171, .T. );
#4901 = EDGE_CURVE( '', #5523, #6170, #6172, .T. );
#4902 = EDGE_CURVE( '', #6173, #5528, #6174, .T. );
#4903 = EDGE_CURVE( '', #6175, #6173, #6176, .T. );
#4904 = EDGE_CURVE( '', #5766, #6175, #6177, .T. );
#4905 = EDGE_CURVE( '', #6129, #6178, #6179, .T. );
#4906 = EDGE_CURVE( '', #5700, #6134, #6180, .T. );
#4907 = EDGE_CURVE( '', #5394, #5705, #6181, .T. );
#4908 = EDGE_CURVE( '', #6182, #5399, #6183, .T. );
#4909 = EDGE_CURVE( '', #6163, #6182, #6184, .T. );
#4910 = EDGE_CURVE( '', #6162, #6178, #6185, .T. );
#4911 = EDGE_CURVE( '', #6186, #5578, #6187, .T. );
#4912 = EDGE_CURVE( '', #6186, #6053, #6188, .T. );
#4913 = EDGE_CURVE( '', #5955, #5315, #6189, .T. );
#4914 = EDGE_CURVE( '', #5683, #5577, #6190, .T. );
#4915 = EDGE_CURVE( '', #5413, #6191, #6192, .T. );
#4916 = EDGE_CURVE( '', #5410, #6193, #6194, .T. );
#4917 = EDGE_CURVE( '', #6191, #6193, #6195, .T. );
#4918 = EDGE_CURVE( '', #5473, #5421, #6196, .T. );
#4919 = EDGE_CURVE( '', #5982, #5444, #6197, .T. );
#4920 = EDGE_CURVE( '', #6198, #5444, #6199, .T. );
#4921 = EDGE_CURVE( '', #5984, #6198, #6200, .T. );
#4922 = EDGE_CURVE( '', #5869, #5855, #6201, .T. );
#4923 = EDGE_CURVE( '', #6202, #5853, #6203, .T. );
#4924 = EDGE_CURVE( '', #6202, #6204, #6205, .T. );
#4925 = EDGE_CURVE( '', #6204, #5871, #6206, .T. );
#4926 = EDGE_CURVE( '', #6207, #6208, #6209, .T. );
#4927 = EDGE_CURVE( '', #6210, #6208, #6211, .T. );
#4928 = EDGE_CURVE( '', #6212, #6210, #6213, .T. );
#4929 = EDGE_CURVE( '', #6212, #6207, #6214, .T. );
#4930 = EDGE_CURVE( '', #6215, #5300, #6216, .T. );
#4931 = EDGE_CURVE( '', #5534, #6215, #6217, .T. );
#4932 = EDGE_CURVE( '', #6218, #5531, #6219, .T. );
#4933 = EDGE_CURVE( '', #5302, #6218, #6220, .T. );
#4934 = EDGE_CURVE( '', #6221, #6222, #6223, .T. );
#4935 = EDGE_CURVE( '', #6221, #6224, #6225, .T. );
#4936 = EDGE_CURVE( '', #6224, #5734, #6226, .T. );
#4937 = EDGE_CURVE( '', #6227, #5755, #6228, .T. );
#4938 = EDGE_CURVE( '', #6222, #6227, #6229, .T. );
#4939 = EDGE_CURVE( '', #6230, #6026, #6231, .T. );
#4940 = EDGE_CURVE( '', #5889, #6230, #6232, .T. );
#4941 = EDGE_CURVE( '', #6233, #6234, #6235, .T. );
#4942 = EDGE_CURVE( '', #6234, #6236, #6237, .T. );
#4943 = EDGE_CURVE( '', #6236, #6238, #6239, .T. );
#4944 = EDGE_CURVE( '', #6238, #5915, #6240, .T. );
#4945 = EDGE_CURVE( '', #5920, #5708, #6241, .T. );
#4946 = EDGE_CURVE( '', #5713, #6242, #6243, .T. );
#4947 = EDGE_CURVE( '', #6242, #6233, #6244, .T. );
#4948 = EDGE_CURVE( '', #6245, #5481, #6246, .T. );
#4949 = EDGE_CURVE( '', #6247, #6245, #6248, .T. );
#4950 = EDGE_CURVE( '', #5480, #6247, #6249, .T. );
#4951 = EDGE_CURVE( '', #5711, #6250, #6251, .T. );
#4952 = EDGE_CURVE( '', #6252, #6250, #6253, .T. );
#4953 = EDGE_CURVE( '', #6252, #6254, #6255, .T. );
#4954 = EDGE_CURVE( '', #6242, #6254, #6256, .T. );
#4955 = EDGE_CURVE( '', #6257, #6258, #6259, .T. );
#4956 = EDGE_CURVE( '', #6260, #6257, #6261, .T. );
#4957 = EDGE_CURVE( '', #6260, #6262, #6263, .T. );
#4958 = EDGE_CURVE( '', #6262, #6258, #6264, .T. );
#4959 = EDGE_CURVE( '', #6265, #6102, #6266, .T. );
#4960 = EDGE_CURVE( '', #6170, #6265, #6267, .T. );
#4961 = EDGE_CURVE( '', #6198, #6268, #6269, .T. );
#4962 = EDGE_CURVE( '', #6268, #5453, #6270, .T. );
#4963 = EDGE_CURVE( '', #5508, #6271, #6272, .T. );
#4964 = EDGE_CURVE( '', #6271, #6227, #6273, .T. );
#4965 = EDGE_CURVE( '', #6274, #5748, #6275, .T. );
#4966 = EDGE_CURVE( '', #5746, #6276, #6277, .T. );
#4967 = EDGE_CURVE( '', #6276, #6274, #6278, .T. );
#4968 = EDGE_CURVE( '', #5931, #5763, #6279, .T. );
#4969 = EDGE_CURVE( '', #5845, #6280, #6281, .T. );
#4970 = EDGE_CURVE( '', #6282, #6280, #6283, .T. );
#4971 = EDGE_CURVE( '', #5847, #6282, #6284, .T. );
#4972 = EDGE_CURVE( '', #5679, #6285, #6286, .T. );
#4973 = EDGE_CURVE( '', #6285, #6021, #6287, .T. );
#4974 = EDGE_CURVE( '', #5449, #5437, #6288, .T. );
#4975 = EDGE_CURVE( '', #5435, #5451, #6289, .T. );
#4976 = EDGE_CURVE( '', #6290, #6291, #6292, .T. );
#4977 = EDGE_CURVE( '', #5496, #6291, #6293, .T. );
#4978 = EDGE_CURVE( '', #5495, #6290, #6294, .T. );
#4979 = EDGE_CURVE( '', #5843, #6295, #6296, .T. );
#4980 = EDGE_CURVE( '', #6280, #6295, #6297, .T. );
#4981 = EDGE_CURVE( '', #5876, #5815, #6298, .T. );
#4982 = EDGE_CURVE( '', #6299, #5813, #6300, .T. );
#4983 = EDGE_CURVE( '', #6299, #6301, #6302, .T. );
#4984 = EDGE_CURVE( '', #6301, #5878, #6303, .T. );
#4985 = EDGE_CURVE( '', #5986, #6304, #6305, .T. );
#4986 = EDGE_CURVE( '', #6304, #6306, #6307, .T. );
#4987 = EDGE_CURVE( '', #6017, #6306, #6308, .T. );
#4988 = EDGE_CURVE( '', #5661, #5391, #6309, .T. );
#4989 = EDGE_CURVE( '', #6310, #5638, #6311, .T. );
#4990 = EDGE_CURVE( '', #5638, #5670, #6312, .T. );
#4991 = EDGE_CURVE( '', #6310, #5668, #6313, .T. );
#4992 = EDGE_CURVE( '', #6314, #5994, #6315, .T. );
#4993 = EDGE_CURVE( '', #6316, #5992, #6317, .T. );
#4994 = EDGE_CURVE( '', #6314, #6316, #6318, .T. );
#4995 = EDGE_CURVE( '', #6319, #6320, #6321, .T. );
#4996 = EDGE_CURVE( '', #6322, #6320, #6323, .T. );
#4997 = EDGE_CURVE( '', #6324, #6322, #6325, .T. );
#4998 = EDGE_CURVE( '', #6324, #6319, #6326, .T. );
#4999 = EDGE_CURVE( '', #6327, #6282, #6328, .T. );
#5000 = EDGE_CURVE( '', #5849, #6327, #6329, .T. );
#5001 = EDGE_CURVE( '', #5536, #6330, #6331, .T. );
#5002 = EDGE_CURVE( '', #6330, #5640, #6332, .T. );
#5003 = EDGE_CURVE( '', #5365, #5960, #6333, .T. );
#5004 = EDGE_CURVE( '', #5860, #6334, #6335, .T. );
#5005 = EDGE_CURVE( '', #5865, #5800, #6336, .T. );
#5006 = EDGE_CURVE( '', #6337, #5805, #6338, .T. );
#5007 = EDGE_CURVE( '', #6334, #6337, #6339, .T. );
#5008 = EDGE_CURVE( '', #5721, #6069, #6340, .T. );
#5009 = EDGE_CURVE( '', #6130, #6341, #6342, .T. );
#5010 = EDGE_CURVE( '', #6178, #6341, #6343, .T. );
#5011 = EDGE_CURVE( '', #6344, #5945, #6345, .T. );
#5012 = EDGE_CURVE( '', #6344, #5469, #6346, .T. );
#5013 = EDGE_CURVE( '', #6347, #5591, #6348, .T. );
#5014 = EDGE_CURVE( '', #6349, #6347, #6350, .T. );
#5015 = EDGE_CURVE( '', #6349, #5826, #6351, .T. );
#5016 = EDGE_CURVE( '', #5586, #5831, #6352, .T. );
#5017 = EDGE_CURVE( '', #5613, #6327, #6353, .T. );
#5018 = EDGE_CURVE( '', #6354, #6355, #6356, .T. );
#5019 = EDGE_CURVE( '', #6059, #6355, #6357, .T. );
#5020 = EDGE_CURVE( '', #6058, #6354, #6358, .T. );
#5021 = EDGE_CURVE( '', #5701, #6132, #6359, .T. );
#5022 = EDGE_CURVE( '', #5580, #5681, #6360, .T. );
#5023 = EDGE_CURVE( '', #6271, #6361, #6362, .T. );
#5024 = EDGE_CURVE( '', #5506, #6363, #6364, .T. );
#5025 = EDGE_CURVE( '', #6363, #6361, #6365, .T. );
#5026 = EDGE_CURVE( '', #6366, #6330, #6367, .T. );
#5027 = EDGE_CURVE( '', #6366, #5642, #6368, .T. );
#5028 = EDGE_CURVE( '', #6369, #5782, #6370, .T. );
#5029 = EDGE_CURVE( '', #6371, #6369, #6372, .T. );
#5030 = EDGE_CURVE( '', #6371, #5784, #6373, .T. );
#5031 = EDGE_CURVE( '', #6374, #6285, #6375, .T. );
#5032 = EDGE_CURVE( '', #6374, #5562, #6376, .T. );
#5033 = EDGE_CURVE( '', #5918, #5709, #6377, .T. );
#5034 = EDGE_CURVE( '', #6378, #5916, #6379, .T. );
#5035 = EDGE_CURVE( '', #6380, #6378, #6381, .T. );
#5036 = EDGE_CURVE( '', #6382, #6380, #6383, .T. );
#5037 = EDGE_CURVE( '', #6384, #6382, #6385, .T. );
#5038 = EDGE_CURVE( '', #6250, #6384, #6386, .T. );
#5039 = EDGE_CURVE( '', #6387, #6036, #6388, .T. );
#5040 = EDGE_CURVE( '', #6387, #5928, #6389, .T. );
#5041 = EDGE_CURVE( '', #6390, #5950, #6391, .T. );
#5042 = EDGE_CURVE( '', #6390, #6392, #6393, .T. );
#5043 = EDGE_CURVE( '', #6392, #5952, #6394, .T. );
#5044 = EDGE_CURVE( '', #6215, #6155, #6395, .T. );
#5045 = EDGE_CURVE( '', #6396, #5298, #6397, .T. );
#5046 = EDGE_CURVE( '', #6396, #6148, #6398, .T. );
#5047 = EDGE_CURVE( '', #6399, #6146, #6400, .T. );
#5048 = EDGE_CURVE( '', #6157, #6399, #6401, .T. );
#5049 = EDGE_CURVE( '', #6402, #6384, #6403, .T. );
#5050 = EDGE_CURVE( '', #6402, #6097, #6404, .T. );
#5051 = EDGE_CURVE( '', #5405, #5327, #6405, .T. );
#5052 = EDGE_CURVE( '', #5325, #6230, #6406, .T. );
#5053 = EDGE_CURVE( '', #5389, #6252, #6407, .T. );
#5054 = EDGE_CURVE( '', #6408, #6260, #6409, .T. );
#5055 = EDGE_CURVE( '', #6207, #6408, #6410, .T. );
#5056 = EDGE_CURVE( '', #5936, #6212, #6411, .T. );
#5057 = EDGE_CURVE( '', #5989, #5941, #6412, .T. );
#5058 = EDGE_CURVE( '', #6314, #6262, #6413, .T. );
#5059 = EDGE_CURVE( '', #6295, #6414, #6415, .T. );
#5060 = EDGE_CURVE( '', #6414, #5787, #6416, .T. );
#5061 = EDGE_CURVE( '', #5549, #5695, #6417, .T. );
#5062 = EDGE_CURVE( '', #5965, #5693, #6418, .T. );
#5063 = EDGE_CURVE( '', #5963, #5359, #6419, .T. );
#5064 = EDGE_CURVE( '', #6224, #5356, #6420, .T. );
#5065 = EDGE_CURVE( '', #6221, #5550, #6421, .T. );
#5066 = EDGE_CURVE( '', #5457, #6115, #6422, .T. );
#5067 = EDGE_CURVE( '', #6113, #6423, #6424, .T. );
#5068 = EDGE_CURVE( '', #6423, #6425, #6426, .T. );
#5069 = EDGE_CURVE( '', #6425, #5351, #6427, .T. );
#5070 = EDGE_CURVE( '', #5381, #5373, #6428, .T. );
#5071 = EDGE_CURVE( '', #5371, #6429, #6430, .T. );
#5072 = EDGE_CURVE( '', #6429, #6431, #6432, .T. );
#5073 = EDGE_CURVE( '', #6431, #6061, #6433, .T. );
#5074 = EDGE_CURVE( '', #6355, #6434, #6435, .T. );
#5075 = EDGE_CURVE( '', #6434, #5383, #6436, .T. );
#5076 = EDGE_CURVE( '', #6310, #5542, #6437, .T. );
#5077 = EDGE_CURVE( '', #5666, #5623, #6438, .T. );
#5078 = EDGE_CURVE( '', #5623, #6245, #6439, .T. );
#5079 = EDGE_CURVE( '', #5265, #6366, #6440, .T. );
#5080 = EDGE_CURVE( '', #5387, #6099, #6441, .T. );
#5081 = EDGE_CURVE( '', #6442, #6045, #6443, .T. );
#5082 = EDGE_CURVE( '', #6442, #6083, #6444, .T. );
#5083 = EDGE_CURVE( '', #5973, #6445, #6446, .T. );
#5084 = EDGE_CURVE( '', #6445, #6094, #6447, .T. );
#5085 = EDGE_CURVE( '', #5379, #5375, #6448, .T. );
#5086 = EDGE_CURVE( '', #5990, #5939, #6449, .T. );
#5087 = EDGE_CURVE( '', #5834, #6450, #6451, .T. );
#5088 = EDGE_CURVE( '', #5419, #6450, #6452, .T. );
#5089 = EDGE_CURVE( '', #6254, #6453, #6454, .T. );
#5090 = EDGE_CURVE( '', #6233, #6453, #6455, .T. );
#5091 = EDGE_CURVE( '', #5434, #6268, #6456, .T. );
#5092 = EDGE_CURVE( '', #6457, #6429, #6458, .T. );
#5093 = EDGE_CURVE( '', #5370, #6457, #6459, .T. );
#5094 = EDGE_CURVE( '', #5266, #5642, #6460, .T. );
#5095 = EDGE_CURVE( '', #6175, #6461, #6462, .T. );
#5096 = EDGE_CURVE( '', #5767, #6461, #6463, .T. );
#5097 = EDGE_CURVE( '', #6238, #6378, #6464, .T. );
#5098 = EDGE_CURVE( '', #5315, #6006, #6465, .T. );
#5099 = EDGE_CURVE( '', #5317, #6002, #6466, .T. );
#5100 = EDGE_CURVE( '', #5723, #6067, #6467, .T. );
#5101 = EDGE_CURVE( '', #6468, #6399, #6469, .T. );
#5102 = EDGE_CURVE( '', #6468, #6145, #6470, .T. );
#5103 = EDGE_CURVE( '', #5395, #5703, #6471, .T. );
#5104 = EDGE_CURVE( '', #6402, #6453, #6472, .T. );
#5105 = EDGE_CURVE( '', #6234, #6382, #6473, .T. );
#5106 = EDGE_CURVE( '', #5456, #6117, #6474, .T. );
#5107 = EDGE_CURVE( '', #6475, #6425, #6476, .T. );
#5108 = EDGE_CURVE( '', #6477, #6423, #6478, .T. );
#5109 = EDGE_CURVE( '', #6477, #6475, #6479, .T. );
#5110 = EDGE_CURVE( '', #5306, #5997, #6480, .T. );
#5111 = EDGE_CURVE( '', #6191, #6481, #6482, .T. );
#5112 = EDGE_CURVE( '', #6481, #6483, #6484, .T. );
#5113 = EDGE_CURVE( '', #6483, #6485, #6486, .T. );
#5114 = EDGE_CURVE( '', #6003, #6485, #6487, .T. );
#5115 = EDGE_CURVE( '', #6475, #5353, #6488, .T. );
#5116 = EDGE_CURVE( '', #6112, #6477, #6489, .T. );
#5117 = EDGE_CURVE( '', #5741, #6490, #6491, .T. );
#5118 = EDGE_CURVE( '', #5689, #6492, #6493, .T. );
#5119 = EDGE_CURVE( '', #6492, #6490, #6494, .T. );
#5120 = EDGE_CURVE( '', #6450, #5795, #6495, .T. );
#5121 = EDGE_CURVE( '', #6461, #6496, #6497, .T. );
#5122 = EDGE_CURVE( '', #6496, #5526, #6498, .T. );
#5123 = EDGE_CURVE( '', #5524, #6265, #6499, .T. );
#5124 = EDGE_CURVE( '', #6173, #6496, #6500, .T. );
#5125 = EDGE_CURVE( '', #6501, #6502, #6503, .T. );
#5126 = EDGE_CURVE( '', #6504, #6502, #6505, .T. );
#5127 = EDGE_CURVE( '', #6506, #6504, #6507, .T. );
#5128 = EDGE_CURVE( '', #6506, #6501, #6508, .T. );
#5129 = EDGE_CURVE( '', #6509, #5803, #6510, .T. );
#5130 = EDGE_CURVE( '', #5863, #5801, #6511, .T. );
#5131 = EDGE_CURVE( '', #5861, #6512, #6513, .T. );
#5132 = EDGE_CURVE( '', #6512, #6509, #6514, .T. );
#5133 = EDGE_CURVE( '', #6515, #6516, #6517, .T. );
#5134 = EDGE_CURVE( '', #6291, #6516, #6518, .T. );
#5135 = EDGE_CURVE( '', #6290, #6515, #6519, .T. );
#5136 = EDGE_CURVE( '', #6520, #6396, #6521, .T. );
#5137 = EDGE_CURVE( '', #6520, #5297, #6522, .T. );
#5138 = EDGE_CURVE( '', #6182, #6523, #6524, .T. );
#5139 = EDGE_CURVE( '', #6165, #6523, #6525, .T. );
#5140 = EDGE_CURVE( '', #5750, #5343, #6526, .T. );
#5141 = EDGE_CURVE( '', #6274, #5345, #6527, .T. );
#5142 = EDGE_CURVE( '', #6528, #5948, #6529, .T. );
#5143 = EDGE_CURVE( '', #5464, #6528, #6530, .T. );
#5144 = EDGE_CURVE( '', #5594, #6344, #6531, .T. );
#5145 = EDGE_CURVE( '', #6354, #6532, #6533, .T. );
#5146 = EDGE_CURVE( '', #6534, #6063, #6535, .T. );
#5147 = EDGE_CURVE( '', #6457, #6534, #6536, .T. );
#5148 = EDGE_CURVE( '', #5378, #6532, #6537, .T. );
#5149 = EDGE_CURVE( '', #6408, #6538, #6539, .T. );
#5150 = EDGE_CURVE( '', #6208, #6538, #6540, .T. );
#5151 = EDGE_CURVE( '', #6541, #5904, #6542, .T. );
#5152 = EDGE_CURVE( '', #5289, #6541, #6543, .T. );
#5153 = EDGE_CURVE( '', #5625, #5664, #6544, .T. );
#5154 = EDGE_CURVE( '', #5335, #5282, #6545, .T. );
#5155 = EDGE_CURVE( '', #5568, #6299, #6546, .T. );
#5156 = EDGE_CURVE( '', #6547, #5852, #6548, .T. );
#5157 = EDGE_CURVE( '', #6547, #6202, #6549, .T. );
#5158 = EDGE_CURVE( '', #6550, #5819, #6551, .T. );
#5159 = EDGE_CURVE( '', #6552, #5818, #6553, .T. );
#5160 = EDGE_CURVE( '', #6552, #6550, #6554, .T. );
#5161 = EDGE_CURVE( '', #6555, #5827, #6556, .T. );
#5162 = EDGE_CURVE( '', #6349, #6555, #6557, .T. );
#5163 = EDGE_CURVE( '', #5912, #6392, #6558, .T. );
#5164 = EDGE_CURVE( '', #6341, #6167, #6559, .T. );
#5165 = EDGE_CURVE( '', #6010, #6109, #6560, .T. );
#5166 = EDGE_CURVE( '', #6107, #6014, #6561, .T. );
#5167 = EDGE_CURVE( '', #6258, #6316, #6562, .T. );
#5168 = EDGE_CURVE( '', #6442, #6445, #6563, .T. );
#5169 = EDGE_CURVE( '', #6532, #6434, #6564, .T. );
#5170 = EDGE_CURVE( '', #6516, #6322, #6565, .T. );
#5171 = EDGE_CURVE( '', #6320, #6009, #6566, .T. );
#5172 = EDGE_CURVE( '', #6567, #5899, #6568, .T. );
#5173 = EDGE_CURVE( '', #6552, #6567, #6569, .T. );
#5174 = EDGE_CURVE( '', #5894, #5823, #6570, .T. );
#5175 = EDGE_CURVE( '', #5841, #6414, #6571, .T. );
#5176 = EDGE_CURVE( '', #6572, #6021, #6573, .T. );
#5177 = EDGE_CURVE( '', #6574, #6023, #6575, .T. );
#5178 = EDGE_CURVE( '', #6572, #6574, #6576, .T. );
#5179 = EDGE_CURVE( '', #5587, #5829, #6577, .T. );
#5180 = EDGE_CURVE( '', #6555, #6578, #6579, .T. );
#5181 = EDGE_CURVE( '', #6578, #5589, #6580, .T. );
#5182 = EDGE_CURVE( '', #5554, #5957, #6581, .T. );
#5183 = EDGE_CURVE( '', #6078, #6387, #6582, .T. );
#5184 = EDGE_CURVE( '', #5341, #6276, #6583, .T. );
#5185 = EDGE_CURVE( '', #5656, #6584, #6585, .T. );
#5186 = EDGE_CURVE( '', #6584, #5427, #6586, .T. );
#5187 = EDGE_CURVE( '', #5744, #5340, #6587, .T. );
#5188 = EDGE_CURVE( '', #6306, #5516, #6588, .T. );
#5189 = EDGE_CURVE( '', #6137, #6142, #6589, .T. );
#5190 = EDGE_CURVE( '', #6590, #5323, #6591, .T. );
#5191 = EDGE_CURVE( '', #6541, #6590, #6592, .T. );
#5192 = EDGE_CURVE( '', #5891, #5902, #6593, .T. );
#5193 = EDGE_CURVE( '', #6075, #6123, #6594, .T. );
#5194 = EDGE_CURVE( '', #6073, #6125, #6595, .T. );
#5195 = EDGE_CURVE( '', #6596, #6091, #6597, .T. );
#5196 = EDGE_CURVE( '', #6140, #6596, #6598, .T. );
#5197 = EDGE_CURVE( '', #6121, #6504, #6599, .T. );
#5198 = EDGE_CURVE( '', #6120, #6506, #6600, .T. );
#5199 = EDGE_CURVE( '', #6534, #6431, #6601, .T. );
#5200 = EDGE_CURVE( '', #6159, #6468, #6602, .T. );
#5201 = EDGE_CURVE( '', #5578, #6485, #6603, .T. );
#5202 = EDGE_CURVE( '', #6483, #6186, #6604, .T. );
#5203 = EDGE_CURVE( '', #6481, #6055, #6605, .T. );
#5204 = EDGE_CURVE( '', #6236, #6380, #6606, .T. );
#5205 = EDGE_CURVE( '', #6515, #6324, #6607, .T. );
#5206 = EDGE_CURVE( '', #6502, #6369, #6608, .T. );
#5207 = EDGE_CURVE( '', #6501, #6371, #6609, .T. );
#5208 = EDGE_CURVE( '', #6193, #5999, #6610, .T. );
#5209 = EDGE_CURVE( '', #6596, #5978, #6611, .T. );
#5210 = EDGE_CURVE( '', #6319, #6012, #6612, .T. );
#5211 = EDGE_CURVE( '', #6613, #6304, #6614, .T. );
#5212 = EDGE_CURVE( '', #6613, #5518, #6615, .T. );
#5213 = EDGE_CURVE( '', #6150, #6520, #6616, .T. );
#5214 = EDGE_CURVE( '', #6492, #6374, #6617, .T. );
#5215 = EDGE_CURVE( '', #5697, #5562, #6618, .T. );
#5216 = EDGE_CURVE( '', #5653, #6363, #6619, .T. );
#5217 = EDGE_CURVE( '', #5431, #6363, #6620, .T. );
#5218 = EDGE_CURVE( '', #6523, #5397, #6621, .T. );
#5219 = EDGE_CURVE( '', #6574, #5970, #6622, .T. );
#5220 = EDGE_CURVE( '', #6023, #5968, #6623, .T. );
#5221 = EDGE_CURVE( '', #5603, #6247, #6624, .T. );
#5222 = EDGE_CURVE( '', #6222, #5552, #6625, .T. );
#5223 = EDGE_CURVE( '', #5868, #5857, #6626, .T. );
#5224 = EDGE_CURVE( '', #6613, #6584, #6627, .T. );
#5225 = EDGE_CURVE( '', #5520, #6584, #6628, .T. );
#5226 = EDGE_CURVE( '', #6218, #6153, #6629, .T. );
#5227 = EDGE_CURVE( '', #5290, #6590, #6630, .T. );
#5228 = EDGE_CURVE( '', #5895, #5821, #6631, .T. );
#5229 = EDGE_CURVE( '', #6632, #6285, #6633, .T. );
#5230 = EDGE_CURVE( '', #6632, #6572, #6634, .T. );
#5231 = EDGE_CURVE( '', #6635, #6204, #6636, .T. );
#5232 = EDGE_CURVE( '', #6547, #6635, #6637, .T. );
#5233 = EDGE_CURVE( '', #5565, #6301, #6638, .T. );
#5234 = EDGE_CURVE( '', #6567, #6639, #6640, .T. );
#5235 = EDGE_CURVE( '', #6550, #6639, #6641, .T. );
#5236 = EDGE_CURVE( '', #6639, #5897, #6642, .T. );
#5237 = EDGE_CURVE( '', #6635, #5873, #6643, .T. );
#5238 = EDGE_CURVE( '', #6644, #5475, #6645, .T. );
#5239 = EDGE_CURVE( '', #5838, #6644, #6646, .T. );
#5240 = EDGE_CURVE( '', #5552, #6361, #6647, .T. );
#5241 = EDGE_CURVE( '', #6528, #6390, #6648, .T. );
#5242 = EDGE_CURVE( '', #5907, #5599, #6649, .T. );
#5243 = EDGE_CURVE( '', #5673, #5968, #6650, .T. );
#5244 = EDGE_CURVE( '', #6029, #5284, #6651, .T. );
#5245 = EDGE_CURVE( '', #5937, #6210, #6652, .T. );
#5246 = EDGE_CURVE( '', #6538, #6257, #6653, .T. );
#5247 = EDGE_CURVE( '', #6334, #6512, #6654, .T. );
#5248 = EDGE_CURVE( '', #6347, #6578, #6655, .T. );
#5249 = EDGE_CURVE( '', #5882, #5483, #6656, .T. );
#5250 = EDGE_CURVE( '', #6337, #6509, #6657, .T. );
#5251 = EDGE_CURVE( '', #5793, #6644, #6658, .T. );
#5252 = EDGE_CURVE( '', #6490, #6632, #6659, .T. );
#5253 = EDGE_CURVE( '', #6660, #6661, #6662, .T. );
#5254 = EDGE_CURVE( '', #6663, #6661, #6664, .T. );
#5255 = EDGE_CURVE( '', #6665, #6663, #6666, .T. );
#5256 = EDGE_CURVE( '', #6665, #6660, #6667, .T. );
#5257 = EDGE_CURVE( '', #6668, #6663, #6669, .T. );
#5258 = EDGE_CURVE( '', #6670, #6668, #6671, .T. );
#5259 = EDGE_CURVE( '', #6670, #6665, #6672, .T. );
#5260 = EDGE_CURVE( '', #6673, #6670, #6674, .T. );
#5261 = EDGE_CURVE( '', #6660, #6673, #6675, .T. );
#5262 = EDGE_CURVE( '', #6673, #6676, #6677, .T. );
#5263 = EDGE_CURVE( '', #6661, #6676, #6678, .T. );
#5264 = EDGE_CURVE( '', #6676, #6668, #6679, .T. );
#5265 = VERTEX_POINT( '', #6680 );
#5266 = VERTEX_POINT( '', #6681 );
#5267 = LINE( '', #6682, #6683 );
#5268 = VERTEX_POINT( '', #6684 );
#5269 = CIRCLE( '', #6685, 0.200000000000000 );
#5270 = VERTEX_POINT( '', #6686 );
#5271 = LINE( '', #6687, #6688 );
#5272 = VERTEX_POINT( '', #6689 );
#5273 = CIRCLE( '', #6690, 0.200000000000000 );
#5274 = VERTEX_POINT( '', #6691 );
#5275 = LINE( '', #6692, #6693 );
#5276 = B_SPLINE_CURVE_WITH_KNOTS( '', 3, ( #6694, #6695, #6696, #6697, #6698, #6699, #6700, #6701 ), .UNSPECIFIED., .F., .F., ( 4, 1, 1, 1, 1, 4 ), ( 0.000000000000000, 0.142048079139774, 0.250093386915626, 0.500150603287349, 0.719804230768674, 1.00000000000000 ), .UNSPECIFIED. );
#5277 = VERTEX_POINT( '', #6702 );
#5278 = VERTEX_POINT( '', #6703 );
#5279 = LINE( '', #6704, #6705 );
#5280 = VERTEX_POINT( '', #6706 );
#5281 = LINE( '', #6707, #6708 );
#5282 = VERTEX_POINT( '', #6709 );
#5283 = LINE( '', #6710, #6711 );
#5284 = VERTEX_POINT( '', #6712 );
#5285 = LINE( '', #6713, #6714 );
#5286 = VERTEX_POINT( '', #6715 );
#5287 = LINE( '', #6716, #6717 );
#5288 = LINE( '', #6718, #6719 );
#5289 = VERTEX_POINT( '', #6720 );
#5290 = VERTEX_POINT( '', #6721 );
#5291 = LINE( '', #6722, #6723 );
#5292 = VERTEX_POINT( '', #6724 );
#5293 = LINE( '', #6725, #6726 );
#5294 = VERTEX_POINT( '', #6727 );
#5295 = LINE( '', #6728, #6729 );
#5296 = LINE( '', #6730, #6731 );
#5297 = VERTEX_POINT( '', #6732 );
#5298 = VERTEX_POINT( '', #6733 );
#5299 = LINE( '', #6734, #6735 );
#5300 = VERTEX_POINT( '', #6736 );
#5301 = LINE( '', #6737, #6738 );
#5302 = VERTEX_POINT( '', #6739 );
#5303 = LINE( '', #6740, #6741 );
#5304 = LINE( '', #6742, #6743 );
#5305 = VERTEX_POINT( '', #6744 );
#5306 = VERTEX_POINT( '', #6745 );
#5307 = LINE( '', #6746, #6747 );
#5308 = VERTEX_POINT( '', #6748 );
#5309 = B_SPLINE_CURVE_WITH_KNOTS( '', 3, ( #6749, #6750, #6751, #6752, #6753, #6754, #6755, #6756, #6757 ), .UNSPECIFIED., .F., .F., ( 4, 1, 1, 1, 1, 1, 4 ), ( 0.000000000000000, 0.122215878633144, 0.245207991008882, 0.370531245554545, 0.499656372017212, 0.695592496199574, 1.00000000000000 ), .UNSPECIFIED. );
#5310 = VERTEX_POINT( '', #6758 );
#5311 = LINE( '', #6759, #6760 );
#5312 = VERTEX_POINT( '', #6761 );
#5313 = LINE( '', #6762, #6763 );
#5314 = LINE( '', #6764, #6765 );
#5315 = VERTEX_POINT( '', #6766 );
#5316 = LINE( '', #6767, #6768 );
#5317 = VERTEX_POINT( '', #6769 );
#5318 = LINE( '', #6770, #6771 );
#5319 = B_SPLINE_CURVE_WITH_KNOTS( '', 3, ( #6772, #6773, #6774, #6775, #6776, #6777, #6778, #6779, #6780, #6781, #6782 ), .UNSPECIFIED., .F., .F., ( 4, 1, 1, 1, 1, 1, 1, 1, 4 ), ( 0.000000000000000, 0.169128636077043, 0.308644161799053, 0.418575230759119, 0.499014100949306, 0.635216038242818, 0.750536203931841, 0.857097620269744, 1.00000000000000 ), .UNSPECIFIED. );
#5320 = VERTEX_POINT( '', #6783 );
#5321 = VERTEX_POINT( '', #6784 );
#5322 = LINE( '', #6785, #6786 );
#5323 = VERTEX_POINT( '', #6787 );
#5324 = CIRCLE( '', #6788, 0.200000000000000 );
#5325 = VERTEX_POINT( '', #6789 );
#5326 = LINE( '', #6790, #6791 );
#5327 = VERTEX_POINT( '', #6792 );
#5328 = CIRCLE( '', #6793, 0.200000000000000 );
#5329 = VERTEX_POINT( '', #6794 );
#5330 = LINE( '', #6795, #6796 );
#5331 = B_SPLINE_CURVE_WITH_KNOTS( '', 3, ( #6797, #6798, #6799, #6800, #6801, #6802, #6803, #6804 ), .UNSPECIFIED., .F., .F., ( 4, 1, 1, 1, 1, 4 ), ( 0.000000000000000, 0.276850834063177, 0.499930629345002, 0.749071599388333, 0.852752196441963, 1.00000000000000 ), .UNSPECIFIED. );
#5332 = VERTEX_POINT( '', #6805 );
#5333 = VERTEX_POINT( '', #6806 );
#5334 = LINE( '', #6807, #6808 );
#5335 = VERTEX_POINT( '', #6809 );
#5336 = LINE( '', #6810, #6811 );
#5337 = VERTEX_POINT( '', #6812 );
#5338 = LINE( '', #6813, #6814 );
#5339 = LINE( '', #6815, #6816 );
#5340 = VERTEX_POINT( '', #6817 );
#5341 = VERTEX_POINT( '', #6818 );
#5342 = LINE( '', #6819, #6820 );
#5343 = VERTEX_POINT( '', #6821 );
#5344 = LINE( '', #6822, #6823 );
#5345 = VERTEX_POINT( '', #6824 );
#5346 = LINE( '', #6825, #6826 );
#5347 = LINE( '', #6827, #6828 );
#5348 = VERTEX_POINT( '', #6829 );
#5349 = VERTEX_POINT( '', #6830 );
#5350 = LINE( '', #6831, #6832 );
#5351 = VERTEX_POINT( '', #6833 );
#5352 = LINE( '', #6834, #6835 );
#5353 = VERTEX_POINT( '', #6836 );
#5354 = LINE( '', #6837, #6838 );
#5355 = LINE( '', #6839, #6840 );
#5356 = VERTEX_POINT( '', #6841 );
#5357 = VERTEX_POINT( '', #6842 );
#5358 = LINE( '', #6843, #6844 );
#5359 = VERTEX_POINT( '', #6845 );
#5360 = LINE( '', #6846, #6847 );
#5361 = VERTEX_POINT( '', #6848 );
#5362 = LINE( '', #6849, #6850 );
#5363 = VERTEX_POINT( '', #6851 );
#5364 = CIRCLE( '', #6852, 0.700000000000000 );
#5365 = VERTEX_POINT( '', #6853 );
#5366 = LINE( '', #6854, #6855 );
#5367 = VERTEX_POINT( '', #6856 );
#5368 = LINE( '', #6857, #6858 );
#5369 = LINE( '', #6859, #6860 );
#5370 = VERTEX_POINT( '', #6861 );
#5371 = VERTEX_POINT( '', #6862 );
#5372 = LINE( '', #6863, #6864 );
#5373 = VERTEX_POINT( '', #6865 );
#5374 = LINE( '', #6866, #6867 );
#5375 = VERTEX_POINT( '', #6868 );
#5376 = LINE( '', #6869, #6870 );
#5377 = LINE( '', #6871, #6872 );
#5378 = VERTEX_POINT( '', #6873 );
#5379 = VERTEX_POINT( '', #6874 );
#5380 = LINE( '', #6875, #6876 );
#5381 = VERTEX_POINT( '', #6877 );
#5382 = LINE( '', #6878, #6879 );
#5383 = VERTEX_POINT( '', #6880 );
#5384 = LINE( '', #6881, #6882 );
#5385 = LINE( '', #6883, #6884 );
#5386 = VERTEX_POINT( '', #6885 );
#5387 = VERTEX_POINT( '', #6886 );
#5388 = LINE( '', #6887, #6888 );
#5389 = VERTEX_POINT( '', #6889 );
#5390 = LINE( '', #6890, #6891 );
#5391 = VERTEX_POINT( '', #6892 );
#5392 = LINE( '', #6893, #6894 );
#5393 = LINE( '', #6895, #6896 );
#5394 = VERTEX_POINT( '', #6897 );
#5395 = VERTEX_POINT( '', #6898 );
#5396 = LINE( '', #6899, #6900 );
#5397 = VERTEX_POINT( '', #6901 );
#5398 = LINE( '', #6902, #6903 );
#5399 = VERTEX_POINT( '', #6904 );
#5400 = LINE( '', #6905, #6906 );
#5401 = LINE( '', #6907, #6908 );
#5402 = VERTEX_POINT( '', #6909 );
#5403 = VERTEX_POINT( '', #6910 );
#5404 = LINE( '', #6911, #6912 );
#5405 = VERTEX_POINT( '', #6913 );
#5406 = LINE( '', #6914, #6915 );
#5407 = VERTEX_POINT( '', #6916 );
#5408 = LINE( '', #6917, #6918 );
#5409 = LINE( '', #6919, #6920 );
#5410 = VERTEX_POINT( '', #6921 );
#5411 = VERTEX_POINT( '', #6922 );
#5412 = CIRCLE( '', #6923, 0.324943200000000 );
#5413 = VERTEX_POINT( '', #6924 );
#5414 = LINE( '', #6925, #6926 );
#5415 = VERTEX_POINT( '', #6927 );
#5416 = LINE( '', #6928, #6929 );
#5417 = LINE( '', #6930, #6931 );
#5418 = VERTEX_POINT( '', #6932 );
#5419 = VERTEX_POINT( '', #6933 );
#5420 = LINE( '', #6934, #6935 );
#5421 = VERTEX_POINT( '', #6936 );
#5422 = CIRCLE( '', #6937, 0.100000000000000 );
#5423 = VERTEX_POINT( '', #6938 );
#5424 = LINE( '', #6939, #6940 );
#5425 = CIRCLE( '', #6941, 0.100000000000000 );
#5426 = VERTEX_POINT( '', #6942 );
#5427 = VERTEX_POINT( '', #6943 );
#5428 = LINE( '', #6944, #6945 );
#5429 = VERTEX_POINT( '', #6946 );
#5430 = LINE( '', #6947, #6948 );
#5431 = VERTEX_POINT( '', #6949 );
#5432 = LINE( '', #6950, #6951 );
#5433 = LINE( '', #6952, #6953 );
#5434 = VERTEX_POINT( '', #6954 );
#5435 = VERTEX_POINT( '', #6955 );
#5436 = LINE( '', #6956, #6957 );
#5437 = VERTEX_POINT( '', #6958 );
#5438 = LINE( '', #6959, #6960 );
#5439 = VERTEX_POINT( '', #6961 );
#5440 = LINE( '', #6962, #6963 );
#5441 = VERTEX_POINT( '', #6964 );
#5442 = LINE( '', #6965, #6966 );
#5443 = LINE( '', #6967, #6968 );
#5444 = VERTEX_POINT( '', #6969 );
#5445 = VERTEX_POINT( '', #6970 );
#5446 = LINE( '', #6971, #6972 );
#5447 = VERTEX_POINT( '', #6973 );
#5448 = LINE( '', #6974, #6975 );
#5449 = VERTEX_POINT( '', #6976 );
#5450 = LINE( '', #6977, #6978 );
#5451 = VERTEX_POINT( '', #6979 );
#5452 = LINE( '', #6980, #6981 );
#5453 = VERTEX_POINT( '', #6982 );
#5454 = LINE( '', #6983, #6984 );
#5455 = LINE( '', #6985, #6986 );
#5456 = VERTEX_POINT( '', #6987 );
#5457 = VERTEX_POINT( '', #6988 );
#5458 = LINE( '', #6989, #6990 );
#5459 = VERTEX_POINT( '', #6991 );
#5460 = LINE( '', #6992, #6993 );
#5461 = VERTEX_POINT( '', #6994 );
#5462 = LINE( '', #6995, #6996 );
#5463 = LINE( '', #6997, #6998 );
#5464 = VERTEX_POINT( '', #6999 );
#5465 = VERTEX_POINT( '', #7000 );
#5466 = LINE( '', #7001, #7002 );
#5467 = VERTEX_POINT( '', #7003 );
#5468 = LINE( '', #7004, #7005 );
#5469 = VERTEX_POINT( '', #7006 );
#5470 = LINE( '', #7007, #7008 );
#5471 = LINE( '', #7009, #7010 );
#5472 = VERTEX_POINT( '', #7011 );
#5473 = VERTEX_POINT( '', #7012 );
#5474 = LINE( '', #7013, #7014 );
#5475 = VERTEX_POINT( '', #7015 );
#5476 = CIRCLE( '', #7016, 0.100000000000000 );
#5477 = VERTEX_POINT( '', #7017 );
#5478 = LINE( '', #7018, #7019 );
#5479 = CIRCLE( '', #7020, 0.100000000000000 );
#5480 = VERTEX_POINT( '', #7021 );
#5481 = VERTEX_POINT( '', #7022 );
#5482 = LINE( '', #7023, #7024 );
#5483 = VERTEX_POINT( '', #7025 );
#5484 = LINE( '', #7026, #7027 );
#5485 = VERTEX_POINT( '', #7028 );
#5486 = LINE( '', #7029, #7030 );
#5487 = VERTEX_POINT( '', #7031 );
#5488 = LINE( '', #7032, #7033 );
#5489 = VERTEX_POINT( '', #7034 );
#5490 = LINE( '', #7035, #7036 );
#5491 = VERTEX_POINT( '', #7037 );
#5492 = LINE( '', #7038, #7039 );
#5493 = LINE( '', #7040, #7041 );
#5494 = LINE( '', #7042, #7043 );
#5495 = VERTEX_POINT( '', #7044 );
#5496 = VERTEX_POINT( '', #7045 );
#5497 = LINE( '', #7046, #7047 );
#5498 = VERTEX_POINT( '', #7048 );
#5499 = LINE( '', #7049, #7050 );
#5500 = VERTEX_POINT( '', #7051 );
#5501 = LINE( '', #7052, #7053 );
#5502 = LINE( '', #7054, #7055 );
#5503 = VERTEX_POINT( '', #7056 );
#5504 = VERTEX_POINT( '', #7057 );
#5505 = LINE( '', #7058, #7059 );
#5506 = VERTEX_POINT( '', #7060 );
#5507 = CIRCLE( '', #7061, 0.350003200000000 );
#5508 = VERTEX_POINT( '', #7062 );
#5509 = LINE( '', #7063, #7064 );
#5510 = VERTEX_POINT( '', #7065 );
#5511 = LINE( '', #7066, #7067 );
#5512 = VERTEX_POINT( '', #7068 );
#5513 = LINE( '', #7069, #7070 );
#5514 = VERTEX_POINT( '', #7071 );
#5515 = LINE( '', #7072, #7073 );
#5516 = VERTEX_POINT( '', #7074 );
#5517 = LINE( '', #7075, #7076 );
#5518 = VERTEX_POINT( '', #7077 );
#5519 = LINE( '', #7078, #7079 );
#5520 = VERTEX_POINT( '', #7080 );
#5521 = LINE( '', #7081, #7082 );
#5522 = CIRCLE( '', #7083, 0.0499998000000000 );
#5523 = VERTEX_POINT( '', #7084 );
#5524 = VERTEX_POINT( '', #7085 );
#5525 = LINE( '', #7086, #7087 );
#5526 = VERTEX_POINT( '', #7088 );
#5527 = LINE( '', #7089, #7090 );
#5528 = VERTEX_POINT( '', #7091 );
#5529 = LINE( '', #7092, #7093 );
#5530 = LINE( '', #7094, #7095 );
#5531 = VERTEX_POINT( '', #7096 );
#5532 = VERTEX_POINT( '', #7097 );
#5533 = LINE( '', #7098, #7099 );
#5534 = VERTEX_POINT( '', #7100 );
#5535 = LINE( '', #7101, #7102 );
#5536 = VERTEX_POINT( '', #7103 );
#5537 = LINE( '', #7104, #7105 );
#5538 = VERTEX_POINT( '', #7106 );
#5539 = LINE( '', #7107, #7108 );
#5540 = VERTEX_POINT( '', #7109 );
#5541 = LINE( '', #7110, #7111 );
#5542 = VERTEX_POINT( '', #7112 );
#5543 = LINE( '', #7113, #7114 );
#5544 = VERTEX_POINT( '', #7115 );
#5545 = LINE( '', #7116, #7117 );
#5546 = LINE( '', #7118, #7119 );
#5547 = CIRCLE( '', #7120, 0.200000000000000 );
#5548 = CIRCLE( '', #7121, 0.200000000000000 );
#5549 = VERTEX_POINT( '', #7122 );
#5550 = VERTEX_POINT( '', #7123 );
#5551 = LINE( '', #7124, #7125 );
#5552 = VERTEX_POINT( '', #7126 );
#5553 = LINE( '', #7127, #7128 );
#5554 = VERTEX_POINT( '', #7129 );
#5555 = LINE( '', #7130, #7131 );
#5556 = VERTEX_POINT( '', #7132 );
#5557 = LINE( '', #7133, #7134 );
#5558 = VERTEX_POINT( '', #7135 );
#5559 = LINE( '', #7136, #7137 );
#5560 = VERTEX_POINT( '', #7138 );
#5561 = LINE( '', #7139, #7140 );
#5562 = VERTEX_POINT( '', #7141 );
#5563 = LINE( '', #7142, #7143 );
#5564 = LINE( '', #7144, #7145 );
#5565 = VERTEX_POINT( '', #7146 );
#5566 = VERTEX_POINT( '', #7147 );
#5567 = LINE( '', #7148, #7149 );
#5568 = VERTEX_POINT( '', #7150 );
#5569 = LINE( '', #7151, #7152 );
#5570 = VERTEX_POINT( '', #7153 );
#5571 = LINE( '', #7154, #7155 );
#5572 = VERTEX_POINT( '', #7156 );
#5573 = LINE( '', #7157, #7158 );
#5574 = VERTEX_POINT( '', #7159 );
#5575 = LINE( '', #7160, #7161 );
#5576 = LINE( '', #7162, #7163 );
#5577 = VERTEX_POINT( '', #7164 );
#5578 = VERTEX_POINT( '', #7165 );
#5579 = LINE( '', #7166, #7167 );
#5580 = VERTEX_POINT( '', #7168 );
#5581 = LINE( '', #7169, #7170 );
#5582 = LINE( '', #7171, #7172 );
#5583 = VERTEX_POINT( '', #7173 );
#5584 = LINE( '', #7174, #7175 );
#5585 = LINE( '', #7176, #7177 );
#5586 = VERTEX_POINT( '', #7178 );
#5587 = VERTEX_POINT( '', #7179 );
#5588 = LINE( '', #7180, #7181 );
#5589 = VERTEX_POINT( '', #7182 );
#5590 = LINE( '', #7183, #7184 );
#5591 = VERTEX_POINT( '', #7185 );
#5592 = LINE( '', #7186, #7187 );
#5593 = LINE( '', #7188, #7189 );
#5594 = VERTEX_POINT( '', #7190 );
#5595 = VERTEX_POINT( '', #7191 );
#5596 = LINE( '', #7192, #7193 );
#5597 = VERTEX_POINT( '', #7194 );
#5598 = LINE( '', #7195, #7196 );
#5599 = VERTEX_POINT( '', #7197 );
#5600 = LINE( '', #7198, #7199 );
#5601 = LINE( '', #7200, #7201 );
#5602 = VERTEX_POINT( '', #7202 );
#5603 = VERTEX_POINT( '', #7203 );
#5604 = LINE( '', #7204, #7205 );
#5605 = VERTEX_POINT( '', #7206 );
#5606 = LINE( '', #7207, #7208 );
#5607 = VERTEX_POINT( '', #7209 );
#5608 = LINE( '', #7210, #7211 );
#5609 = LINE( '', #7212, #7213 );
#5610 = VERTEX_POINT( '', #7214 );
#5611 = VERTEX_POINT( '', #7215 );
#5612 = LINE( '', #7216, #7217 );
#5613 = VERTEX_POINT( '', #7218 );
#5614 = LINE( '', #7219, #7220 );
#5615 = VERTEX_POINT( '', #7221 );
#5616 = LINE( '', #7222, #7223 );
#5617 = LINE( '', #7224, #7225 );
#5618 = VERTEX_POINT( '', #7226 );
#5619 = LINE( '', #7227, #7228 );
#5620 = VERTEX_POINT( '', #7229 );
#5621 = LINE( '', #7230, #7231 );
#5622 = LINE( '', #7232, #7233 );
#5623 = VERTEX_POINT( '', #7234 );
#5624 = LINE( '', #7235, #7236 );
#5625 = VERTEX_POINT( '', #7237 );
#5626 = LINE( '', #7238, #7239 );
#5627 = VERTEX_POINT( '', #7240 );
#5628 = LINE( '', #7241, #7242 );
#5629 = LINE( '', #7243, #7244 );
#5630 = VERTEX_POINT( '', #7245 );
#5631 = VERTEX_POINT( '', #7246 );
#5632 = LINE( '', #7247, #7248 );
#5633 = VERTEX_POINT( '', #7249 );
#5634 = LINE( '', #7250, #7251 );
#5635 = VERTEX_POINT( '', #7252 );
#5636 = LINE( '', #7253, #7254 );
#5637 = LINE( '', #7255, #7256 );
#5638 = VERTEX_POINT( '', #7257 );
#5639 = LINE( '', #7258, #7259 );
#5640 = VERTEX_POINT( '', #7260 );
#5641 = LINE( '', #7261, #7262 );
#5642 = VERTEX_POINT( '', #7263 );
#5643 = LINE( '', #7264, #7265 );
#5644 = LINE( '', #7266, #7267 );
#5645 = VERTEX_POINT( '', #7268 );
#5646 = LINE( '', #7269, #7270 );
#5647 = VERTEX_POINT( '', #7271 );
#5648 = CIRCLE( '', #7272, 0.700000000000000 );
#5649 = LINE( '', #7273, #7274 );
#5650 = VERTEX_POINT( '', #7275 );
#5651 = VERTEX_POINT( '', #7276 );
#5652 = LINE( '', #7277, #7278 );
#5653 = VERTEX_POINT( '', #7279 );
#5654 = LINE( '', #7280, #7281 );
#5655 = CIRCLE( '', #7282, 0.200000000000000 );
#5656 = VERTEX_POINT( '', #7283 );
#5657 = CIRCLE( '', #7284, 0.200000000000000 );
#5658 = LINE( '', #7285, #7286 );
#5659 = VERTEX_POINT( '', #7287 );
#5660 = LINE( '', #7288, #7289 );
#5661 = VERTEX_POINT( '', #7290 );
#5662 = LINE( '', #7291, #7292 );
#5663 = LINE( '', #7293, #7294 );
#5664 = VERTEX_POINT( '', #7295 );
#5665 = LINE( '', #7296, #7297 );
#5666 = VERTEX_POINT( '', #7298 );
#5667 = LINE( '', #7299, #7300 );
#5668 = VERTEX_POINT( '', #7301 );
#5669 = LINE( '', #7302, #7303 );
#5670 = VERTEX_POINT( '', #7304 );
#5671 = LINE( '', #7305, #7306 );
#5672 = LINE( '', #7307, #7308 );
#5673 = VERTEX_POINT( '', #7309 );
#5674 = LINE( '', #7310, #7311 );
#5675 = VERTEX_POINT( '', #7312 );
#5676 = CIRCLE( '', #7313, 0.200000000000000 );
#5677 = VERTEX_POINT( '', #7314 );
#5678 = LINE( '', #7315, #7316 );
#5679 = VERTEX_POINT( '', #7317 );
#5680 = CIRCLE( '', #7318, 0.200000000000000 );
#5681 = VERTEX_POINT( '', #7319 );
#5682 = LINE( '', #7320, #7321 );
#5683 = VERTEX_POINT( '', #7322 );
#5684 = LINE( '', #7323, #7324 );
#5685 = LINE( '', #7325, #7326 );
#5686 = LINE( '', #7327, #7328 );
#5687 = LINE( '', #7329, #7330 );
#5688 = VERTEX_POINT( '', #7331 );
#5689 = VERTEX_POINT( '', #7332 );
#5690 = LINE( '', #7333, #7334 );
#5691 = VERTEX_POINT( '', #7335 );
#5692 = LINE( '', #7336, #7337 );
#5693 = VERTEX_POINT( '', #7338 );
#5694 = LINE( '', #7339, #7340 );
#5695 = VERTEX_POINT( '', #7341 );
#5696 = LINE( '', #7342, #7343 );
#5697 = VERTEX_POINT( '', #7344 );
#5698 = LINE( '', #7345, #7346 );
#5699 = LINE( '', #7347, #7348 );
#5700 = VERTEX_POINT( '', #7349 );
#5701 = VERTEX_POINT( '', #7350 );
#5702 = LINE( '', #7351, #7352 );
#5703 = VERTEX_POINT( '', #7353 );
#5704 = LINE( '', #7354, #7355 );
#5705 = VERTEX_POINT( '', #7356 );
#5706 = LINE( '', #7357, #7358 );
#5707 = LINE( '', #7359, #7360 );
#5708 = VERTEX_POINT( '', #7361 );
#5709 = VERTEX_POINT( '', #7362 );
#5710 = LINE( '', #7363, #7364 );
#5711 = VERTEX_POINT( '', #7365 );
#5712 = CIRCLE( '', #7366, 0.200000000000000 );
#5713 = VERTEX_POINT( '', #7367 );
#5714 = LINE( '', #7368, #7369 );
#5715 = CIRCLE( '', #7370, 0.200000000000000 );
#5716 = VERTEX_POINT( '', #7371 );
#5717 = VERTEX_POINT( '', #7372 );
#5718 = LINE( '', #7373, #7374 );
#5719 = VERTEX_POINT( '', #7375 );
#5720 = LINE( '', #7376, #7377 );
#5721 = VERTEX_POINT( '', #7378 );
#5722 = CIRCLE( '', #7379, 0.100000000000000 );
#5723 = VERTEX_POINT( '', #7380 );
#5724 = LINE( '', #7381, #7382 );
#5725 = CIRCLE( '', #7383, 0.100000000000000 );
#5726 = VERTEX_POINT( '', #7384 );
#5727 = LINE( '', #7385, #7386 );
#5728 = LINE( '', #7387, #7388 );
#5729 = CIRCLE( '', #7389, 0.150000000000000 );
#5730 = CIRCLE( '', #7390, 0.150000000000000 );
#5731 = LINE( '', #7391, #7392 );
#5732 = LINE( '', #7393, #7394 );
#5733 = LINE( '', #7395, #7396 );
#5734 = VERTEX_POINT( '', #7397 );
#5735 = LINE( '', #7398, #7399 );
#5736 = VERTEX_POINT( '', #7400 );
#5737 = LINE( '', #7401, #7402 );
#5738 = VERTEX_POINT( '', #7403 );
#5739 = LINE( '', #7404, #7405 );
#5740 = LINE( '', #7406, #7407 );
#5741 = VERTEX_POINT( '', #7408 );
#5742 = LINE( '', #7409, #7410 );
#5743 = LINE( '', #7411, #7412 );
#5744 = VERTEX_POINT( '', #7413 );
#5745 = LINE( '', #7414, #7415 );
#5746 = VERTEX_POINT( '', #7416 );
#5747 = LINE( '', #7417, #7418 );
#5748 = VERTEX_POINT( '', #7419 );
#5749 = LINE( '', #7420, #7421 );
#5750 = VERTEX_POINT( '', #7422 );
#5751 = LINE( '', #7423, #7424 );
#5752 = VERTEX_POINT( '', #7425 );
#5753 = LINE( '', #7426, #7427 );
#5754 = LINE( '', #7428, #7429 );
#5755 = VERTEX_POINT( '', #7430 );
#5756 = LINE( '', #7431, #7432 );
#5757 = LINE( '', #7433, #7434 );
#5758 = VERTEX_POINT( '', #7435 );
#5759 = VERTEX_POINT( '', #7436 );
#5760 = LINE( '', #7437, #7438 );
#5761 = VERTEX_POINT( '', #7439 );
#5762 = LINE( '', #7440, #7441 );
#5763 = VERTEX_POINT( '', #7442 );
#5764 = LINE( '', #7443, #7444 );
#5765 = LINE( '', #7445, #7446 );
#5766 = VERTEX_POINT( '', #7447 );
#5767 = VERTEX_POINT( '', #7448 );
#5768 = LINE( '', #7449, #7450 );
#5769 = VERTEX_POINT( '', #7451 );
#5770 = LINE( '', #7452, #7453 );
#5771 = VERTEX_POINT( '', #7454 );
#5772 = LINE( '', #7455, #7456 );
#5773 = LINE( '', #7457, #7458 );
#5774 = VERTEX_POINT( '', #7459 );
#5775 = LINE( '', #7460, #7461 );
#5776 = VERTEX_POINT( '', #7462 );
#5777 = LINE( '', #7463, #7464 );
#5778 = LINE( '', #7465, #7466 );
#5779 = VERTEX_POINT( '', #7467 );
#5780 = VERTEX_POINT( '', #7468 );
#5781 = LINE( '', #7469, #7470 );
#5782 = VERTEX_POINT( '', #7471 );
#5783 = LINE( '', #7472, #7473 );
#5784 = VERTEX_POINT( '', #7474 );
#5785 = LINE( '', #7475, #7476 );
#5786 = LINE( '', #7477, #7478 );
#5787 = VERTEX_POINT( '', #7479 );
#5788 = LINE( '', #7480, #7481 );
#5789 = VERTEX_POINT( '', #7482 );
#5790 = LINE( '', #7483, #7484 );
#5791 = LINE( '', #7485, #7486 );
#5792 = VERTEX_POINT( '', #7487 );
#5793 = VERTEX_POINT( '', #7488 );
#5794 = LINE( '', #7489, #7490 );
#5795 = VERTEX_POINT( '', #7491 );
#5796 = LINE( '', #7492, #7493 );
#5797 = VERTEX_POINT( '', #7494 );
#5798 = LINE( '', #7495, #7496 );
#5799 = LINE( '', #7497, #7498 );
#5800 = VERTEX_POINT( '', #7499 );
#5801 = VERTEX_POINT( '', #7500 );
#5802 = LINE( '', #7501, #7502 );
#5803 = VERTEX_POINT( '', #7503 );
#5804 = LINE( '', #7504, #7505 );
#5805 = VERTEX_POINT( '', #7506 );
#5806 = LINE( '', #7507, #7508 );
#5807 = LINE( '', #7509, #7510 );
#5808 = VERTEX_POINT( '', #7511 );
#5809 = LINE( '', #7512, #7513 );
#5810 = VERTEX_POINT( '', #7514 );
#5811 = LINE( '', #7515, #7516 );
#5812 = LINE( '', #7517, #7518 );
#5813 = VERTEX_POINT( '', #7519 );
#5814 = LINE( '', #7520, #7521 );
#5815 = VERTEX_POINT( '', #7522 );
#5816 = LINE( '', #7523, #7524 );
#5817 = LINE( '', #7525, #7526 );
#5818 = VERTEX_POINT( '', #7527 );
#5819 = VERTEX_POINT( '', #7528 );
#5820 = LINE( '', #7529, #7530 );
#5821 = VERTEX_POINT( '', #7531 );
#5822 = LINE( '', #7532, #7533 );
#5823 = VERTEX_POINT( '', #7534 );
#5824 = LINE( '', #7535, #7536 );
#5825 = LINE( '', #7537, #7538 );
#5826 = VERTEX_POINT( '', #7539 );
#5827 = VERTEX_POINT( '', #7540 );
#5828 = LINE( '', #7541, #7542 );
#5829 = VERTEX_POINT( '', #7543 );
#5830 = LINE( '', #7544, #7545 );
#5831 = VERTEX_POINT( '', #7546 );
#5832 = LINE( '', #7547, #7548 );
#5833 = LINE( '', #7549, #7550 );
#5834 = VERTEX_POINT( '', #7551 );
#5835 = LINE( '', #7552, #7553 );
#5836 = LINE( '', #7554, #7555 );
#5837 = LINE( '', #7556, #7557 );
#5838 = VERTEX_POINT( '', #7558 );
#5839 = LINE( '', #7559, #7560 );
#5840 = LINE( '', #7561, #7562 );
#5841 = VERTEX_POINT( '', #7563 );
#5842 = LINE( '', #7564, #7565 );
#5843 = VERTEX_POINT( '', #7566 );
#5844 = LINE( '', #7567, #7568 );
#5845 = VERTEX_POINT( '', #7569 );
#5846 = CIRCLE( '', #7570, 0.100000000000000 );
#5847 = VERTEX_POINT( '', #7571 );
#5848 = LINE( '', #7572, #7573 );
#5849 = VERTEX_POINT( '', #7574 );
#5850 = CIRCLE( '', #7575, 0.100000000000000 );
#5851 = LINE( '', #7576, #7577 );
#5852 = VERTEX_POINT( '', #7578 );
#5853 = VERTEX_POINT( '', #7579 );
#5854 = LINE( '', #7580, #7581 );
#5855 = VERTEX_POINT( '', #7582 );
#5856 = LINE( '', #7583, #7584 );
#5857 = VERTEX_POINT( '', #7585 );
#5858 = LINE( '', #7586, #7587 );
#5859 = LINE( '', #7588, #7589 );
#5860 = VERTEX_POINT( '', #7590 );
#5861 = VERTEX_POINT( '', #7591 );
#5862 = LINE( '', #7592, #7593 );
#5863 = VERTEX_POINT( '', #7594 );
#5864 = LINE( '', #7595, #7596 );
#5865 = VERTEX_POINT( '', #7597 );
#5866 = LINE( '', #7598, #7599 );
#5867 = LINE( '', #7600, #7601 );
#5868 = VERTEX_POINT( '', #7602 );
#5869 = VERTEX_POINT( '', #7603 );
#5870 = LINE( '', #7604, #7605 );
#5871 = VERTEX_POINT( '', #7606 );
#5872 = LINE( '', #7607, #7608 );
#5873 = VERTEX_POINT( '', #7609 );
#5874 = LINE( '', #7610, #7611 );
#5875 = LINE( '', #7612, #7613 );
#5876 = VERTEX_POINT( '', #7614 );
#5877 = LINE( '', #7615, #7616 );
#5878 = VERTEX_POINT( '', #7617 );
#5879 = LINE( '', #7618, #7619 );
#5880 = LINE( '', #7620, #7621 );
#5881 = LINE( '', #7622, #7623 );
#5882 = VERTEX_POINT( '', #7624 );
#5883 = LINE( '', #7625, #7626 );
#5884 = LINE( '', #7627, #7628 );
#5885 = VERTEX_POINT( '', #7629 );
#5886 = LINE( '', #7630, #7631 );
#5887 = VERTEX_POINT( '', #7632 );
#5888 = LINE( '', #7633, #7634 );
#5889 = VERTEX_POINT( '', #7635 );
#5890 = LINE( '', #7636, #7637 );
#5891 = VERTEX_POINT( '', #7638 );
#5892 = LINE( '', #7639, #7640 );
#5893 = LINE( '', #7641, #7642 );
#5894 = VERTEX_POINT( '', #7643 );
#5895 = VERTEX_POINT( '', #7644 );
#5896 = LINE( '', #7645, #7646 );
#5897 = VERTEX_POINT( '', #7647 );
#5898 = LINE( '', #7648, #7649 );
#5899 = VERTEX_POINT( '', #7650 );
#5900 = LINE( '', #7651, #7652 );
#5901 = LINE( '', #7653, #7654 );
#5902 = VERTEX_POINT( '', #7655 );
#5903 = LINE( '', #7656, #7657 );
#5904 = VERTEX_POINT( '', #7658 );
#5905 = LINE( '', #7659, #7660 );
#5906 = LINE( '', #7661, #7662 );
#5907 = VERTEX_POINT( '', #7663 );
#5908 = VERTEX_POINT( '', #7664 );
#5909 = LINE( '', #7665, #7666 );
#5910 = VERTEX_POINT( '', #7667 );
#5911 = LINE( '', #7668, #7669 );
#5912 = VERTEX_POINT( '', #7670 );
#5913 = LINE( '', #7671, #7672 );
#5914 = LINE( '', #7673, #7674 );
#5915 = VERTEX_POINT( '', #7675 );
#5916 = VERTEX_POINT( '', #7676 );
#5917 = LINE( '', #7677, #7678 );
#5918 = VERTEX_POINT( '', #7679 );
#5919 = LINE( '', #7680, #7681 );
#5920 = VERTEX_POINT( '', #7682 );
#5921 = LINE( '', #7683, #7684 );
#5922 = LINE( '', #7685, #7686 );
#5923 = VERTEX_POINT( '', #7687 );
#5924 = VERTEX_POINT( '', #7688 );
#5925 = LINE( '', #7689, #7690 );
#5926 = VERTEX_POINT( '', #7691 );
#5927 = CIRCLE( '', #7692, 0.100000000000000 );
#5928 = VERTEX_POINT( '', #7693 );
#5929 = LINE( '', #7694, #7695 );
#5930 = CIRCLE( '', #7696, 0.100000000000000 );
#5931 = VERTEX_POINT( '', #7697 );
#5932 = VERTEX_POINT( '', #7698 );
#5933 = LINE( '', #7699, #7700 );
#5934 = LINE( '', #7701, #7702 );
#5935 = LINE( '', #7703, #7704 );
#5936 = VERTEX_POINT( '', #7705 );
#5937 = VERTEX_POINT( '', #7706 );
#5938 = LINE( '', #7707, #7708 );
#5939 = VERTEX_POINT( '', #7709 );
#5940 = LINE( '', #7710, #7711 );
#5941 = VERTEX_POINT( '', #7712 );
#5942 = LINE( '', #7713, #7714 );
#5943 = LINE( '', #7715, #7716 );
#5944 = LINE( '', #7717, #7718 );
#5945 = VERTEX_POINT( '', #7719 );
#5946 = LINE( '', #7720, #7721 );
#5947 = LINE( '', #7722, #7723 );
#5948 = VERTEX_POINT( '', #7724 );
#5949 = LINE( '', #7725, #7726 );
#5950 = VERTEX_POINT( '', #7727 );
#5951 = LINE( '', #7728, #7729 );
#5952 = VERTEX_POINT( '', #7730 );
#5953 = LINE( '', #7731, #7732 );
#5954 = LINE( '', #7733, #7734 );
#5955 = VERTEX_POINT( '', #7735 );
#5956 = CIRCLE( '', #7736, 0.100000000000000 );
#5957 = VERTEX_POINT( '', #7737 );
#5958 = LINE( '', #7738, #7739 );
#5959 = CIRCLE( '', #7740, 0.100000000000000 );
#5960 = VERTEX_POINT( '', #7741 );
#5961 = LINE( '', #7742, #7743 );
#5962 = LINE( '', #7744, #7745 );
#5963 = VERTEX_POINT( '', #7746 );
#5964 = LINE( '', #7747, #7748 );
#5965 = VERTEX_POINT( '', #7749 );
#5966 = LINE( '', #7750, #7751 );
#5967 = LINE( '', #7752, #7753 );
#5968 = VERTEX_POINT( '', #7754 );
#5969 = LINE( '', #7755, #7756 );
#5970 = VERTEX_POINT( '', #7757 );
#5971 = LINE( '', #7758, #7759 );
#5972 = LINE( '', #7760, #7761 );
#5973 = VERTEX_POINT( '', #7762 );
#5974 = VERTEX_POINT( '', #7763 );
#5975 = LINE( '', #7764, #7765 );
#5976 = VERTEX_POINT( '', #7766 );
#5977 = LINE( '', #7767, #7768 );
#5978 = VERTEX_POINT( '', #7769 );
#5979 = LINE( '', #7770, #7771 );
#5980 = LINE( '', #7772, #7773 );
#5981 = VERTEX_POINT( '', #7774 );
#5982 = VERTEX_POINT( '', #7775 );
#5983 = LINE( '', #7776, #7777 );
#5984 = VERTEX_POINT( '', #7778 );
#5985 = LINE( '', #7779, #7780 );
#5986 = VERTEX_POINT( '', #7781 );
#5987 = LINE( '', #7782, #7783 );
#5988 = LINE( '', #7784, #7785 );
#5989 = VERTEX_POINT( '', #7786 );
#5990 = VERTEX_POINT( '', #7787 );
#5991 = LINE( '', #7788, #7789 );
#5992 = VERTEX_POINT( '', #7790 );
#5993 = LINE( '', #7791, #7792 );
#5994 = VERTEX_POINT( '', #7793 );
#5995 = LINE( '', #7794, #7795 );
#5996 = LINE( '', #7796, #7797 );
#5997 = VERTEX_POINT( '', #7798 );
#5998 = LINE( '', #7799, #7800 );
#5999 = VERTEX_POINT( '', #7801 );
#6000 = LINE( '', #7802, #7803 );
#6001 = LINE( '', #7804, #7805 );
#6002 = VERTEX_POINT( '', #7806 );
#6003 = VERTEX_POINT( '', #7807 );
#6004 = LINE( '', #7808, #7809 );
#6005 = CIRCLE( '', #7810, 0.200000000000000 );
#6006 = VERTEX_POINT( '', #7811 );
#6007 = LINE( '', #7812, #7813 );
#6008 = CIRCLE( '', #7814, 0.200000000000000 );
#6009 = VERTEX_POINT( '', #7815 );
#6010 = VERTEX_POINT( '', #7816 );
#6011 = LINE( '', #7817, #7818 );
#6012 = VERTEX_POINT( '', #7819 );
#6013 = LINE( '', #7820, #7821 );
#6014 = VERTEX_POINT( '', #7822 );
#6015 = LINE( '', #7823, #7824 );
#6016 = LINE( '', #7825, #7826 );
#6017 = VERTEX_POINT( '', #7827 );
#6018 = LINE( '', #7828, #7829 );
#6019 = LINE( '', #7830, #7831 );
#6020 = LINE( '', #7832, #7833 );
#6021 = VERTEX_POINT( '', #7834 );
#6022 = LINE( '', #7835, #7836 );
#6023 = VERTEX_POINT( '', #7837 );
#6024 = LINE( '', #7838, #7839 );
#6025 = LINE( '', #7840, #7841 );
#6026 = VERTEX_POINT( '', #7842 );
#6027 = LINE( '', #7843, #7844 );
#6028 = LINE( '', #7845, #7846 );
#6029 = VERTEX_POINT( '', #7847 );
#6030 = LINE( '', #7848, #7849 );
#6031 = LINE( '', #7850, #7851 );
#6032 = VERTEX_POINT( '', #7852 );
#6033 = LINE( '', #7853, #7854 );
#6034 = VERTEX_POINT( '', #7855 );
#6035 = LINE( '', #7856, #7857 );
#6036 = VERTEX_POINT( '', #7858 );
#6037 = CIRCLE( '', #7859, 0.100000000000000 );
#6038 = LINE( '', #7860, #7861 );
#6039 = LINE( '', #7862, #7863 );
#6040 = VERTEX_POINT( '', #7864 );
#6041 = VERTEX_POINT( '', #7865 );
#6042 = LINE( '', #7866, #7867 );
#6043 = VERTEX_POINT( '', #7868 );
#6044 = LINE( '', #7869, #7870 );
#6045 = VERTEX_POINT( '', #7871 );
#6046 = LINE( '', #7872, #7873 );
#6047 = LINE( '', #7874, #7875 );
#6048 = VERTEX_POINT( '', #7876 );
#6049 = LINE( '', #7877, #7878 );
#6050 = VERTEX_POINT( '', #7879 );
#6051 = LINE( '', #7880, #7881 );
#6052 = LINE( '', #7882, #7883 );
#6053 = VERTEX_POINT( '', #7884 );
#6054 = CIRCLE( '', #7885, 0.799992400000000 );
#6055 = VERTEX_POINT( '', #7886 );
#6056 = LINE( '', #7887, #7888 );
#6057 = CIRCLE( '', #7889, 0.624943900000000 );
#6058 = VERTEX_POINT( '', #7890 );
#6059 = VERTEX_POINT( '', #7891 );
#6060 = LINE( '', #7892, #7893 );
#6061 = VERTEX_POINT( '', #7894 );
#6062 = LINE( '', #7895, #7896 );
#6063 = VERTEX_POINT( '', #7897 );
#6064 = LINE( '', #7898, #7899 );
#6065 = LINE( '', #7900, #7901 );
#6066 = LINE( '', #7902, #7903 );
#6067 = VERTEX_POINT( '', #7904 );
#6068 = CIRCLE( '', #7905, 0.100000000000000 );
#6069 = VERTEX_POINT( '', #7906 );
#6070 = LINE( '', #7907, #7908 );
#6071 = CIRCLE( '', #7909, 0.100000000000000 );
#6072 = LINE( '', #7910, #7911 );
#6073 = VERTEX_POINT( '', #7912 );
#6074 = LINE( '', #7913, #7914 );
#6075 = VERTEX_POINT( '', #7915 );
#6076 = LINE( '', #7916, #7917 );
#6077 = LINE( '', #7918, #7919 );
#6078 = VERTEX_POINT( '', #7920 );
#6079 = LINE( '', #7921, #7922 );
#6080 = VERTEX_POINT( '', #7923 );
#6081 = LINE( '', #7924, #7925 );
#6082 = LINE( '', #7926, #7927 );
#6083 = VERTEX_POINT( '', #7928 );
#6084 = LINE( '', #7929, #7930 );
#6085 = VERTEX_POINT( '', #7931 );
#6086 = LINE( '', #7932, #7933 );
#6087 = VERTEX_POINT( '', #7934 );
#6088 = LINE( '', #7935, #7936 );
#6089 = VERTEX_POINT( '', #7937 );
#6090 = LINE( '', #7938, #7939 );
#6091 = VERTEX_POINT( '', #7940 );
#6092 = LINE( '', #7941, #7942 );
#6093 = LINE( '', #7943, #7944 );
#6094 = VERTEX_POINT( '', #7945 );
#6095 = LINE( '', #7946, #7947 );
#6096 = LINE( '', #7948, #7949 );
#6097 = VERTEX_POINT( '', #7950 );
#6098 = LINE( '', #7951, #7952 );
#6099 = VERTEX_POINT( '', #7953 );
#6100 = LINE( '', #7954, #7955 );
#6101 = LINE( '', #7956, #7957 );
#6102 = VERTEX_POINT( '', #7958 );
#6103 = LINE( '', #7959, #7960 );
#6104 = VERTEX_POINT( '', #7961 );
#6105 = LINE( '', #7962, #7963 );
#6106 = LINE( '', #7964, #7965 );
#6107 = VERTEX_POINT( '', #7966 );
#6108 = LINE( '', #7967, #7968 );
#6109 = VERTEX_POINT( '', #7969 );
#6110 = LINE( '', #7970, #7971 );
#6111 = LINE( '', #7972, #7973 );
#6112 = VERTEX_POINT( '', #7974 );
#6113 = VERTEX_POINT( '', #7975 );
#6114 = LINE( '', #7976, #7977 );
#6115 = VERTEX_POINT( '', #7978 );
#6116 = LINE( '', #7979, #7980 );
#6117 = VERTEX_POINT( '', #7981 );
#6118 = LINE( '', #7982, #7983 );
#6119 = LINE( '', #7984, #7985 );
#6120 = VERTEX_POINT( '', #7986 );
#6121 = VERTEX_POINT( '', #7987 );
#6122 = LINE( '', #7988, #7989 );
#6123 = VERTEX_POINT( '', #7990 );
#6124 = CIRCLE( '', #7991, 0.100000000000000 );
#6125 = VERTEX_POINT( '', #7992 );
#6126 = LINE( '', #7993, #7994 );
#6127 = CIRCLE( '', #7995, 0.100000000000000 );
#6128 = LINE( '', #7996, #7997 );
#6129 = VERTEX_POINT( '', #7998 );
#6130 = VERTEX_POINT( '', #7999 );
#6131 = LINE( '', #8000, #8001 );
#6132 = VERTEX_POINT( '', #8002 );
#6133 = LINE( '', #8003, #8004 );
#6134 = VERTEX_POINT( '', #8005 );
#6135 = LINE( '', #8006, #8007 );
#6136 = LINE( '', #8008, #8009 );
#6137 = VERTEX_POINT( '', #8010 );
#6138 = LINE( '', #8011, #8012 );
#6139 = LINE( '', #8013, #8014 );
#6140 = VERTEX_POINT( '', #8015 );
#6141 = LINE( '', #8016, #8017 );
#6142 = VERTEX_POINT( '', #8018 );
#6143 = LINE( '', #8019, #8020 );
#6144 = LINE( '', #8021, #8022 );
#6145 = VERTEX_POINT( '', #8023 );
#6146 = VERTEX_POINT( '', #8024 );
#6147 = LINE( '', #8025, #8026 );
#6148 = VERTEX_POINT( '', #8027 );
#6149 = LINE( '', #8028, #8029 );
#6150 = VERTEX_POINT( '', #8030 );
#6151 = LINE( '', #8031, #8032 );
#6152 = LINE( '', #8033, #8034 );
#6153 = VERTEX_POINT( '', #8035 );
#6154 = LINE( '', #8036, #8037 );
#6155 = VERTEX_POINT( '', #8038 );
#6156 = LINE( '', #8039, #8040 );
#6157 = VERTEX_POINT( '', #8041 );
#6158 = LINE( '', #8042, #8043 );
#6159 = VERTEX_POINT( '', #8044 );
#6160 = LINE( '', #8045, #8046 );
#6161 = LINE( '', #8047, #8048 );
#6162 = VERTEX_POINT( '', #8049 );
#6163 = VERTEX_POINT( '', #8050 );
#6164 = LINE( '', #8051, #8052 );
#6165 = VERTEX_POINT( '', #8053 );
#6166 = LINE( '', #8054, #8055 );
#6167 = VERTEX_POINT( '', #8056 );
#6168 = LINE( '', #8057, #8058 );
#6169 = LINE( '', #8059, #8060 );
#6170 = VERTEX_POINT( '', #8061 );
#6171 = LINE( '', #8062, #8063 );
#6172 = CIRCLE( '', #8064, 0.100000000000000 );
#6173 = VERTEX_POINT( '', #8065 );
#6174 = CIRCLE( '', #8066, 0.100000000000000 );
#6175 = VERTEX_POINT( '', #8067 );
#6176 = LINE( '', #8068, #8069 );
#6177 = LINE( '', #8070, #8071 );
#6178 = VERTEX_POINT( '', #8072 );
#6179 = LINE( '', #8073, #8074 );
#6180 = LINE( '', #8075, #8076 );
#6181 = LINE( '', #8077, #8078 );
#6182 = VERTEX_POINT( '', #8079 );
#6183 = LINE( '', #8080, #8081 );
#6184 = LINE( '', #8082, #8083 );
#6185 = LINE( '', #8084, #8085 );
#6186 = VERTEX_POINT( '', #8086 );
#6187 = LINE( '', #8087, #8088 );
#6188 = LINE( '', #8089, #8090 );
#6189 = LINE( '', #8091, #8092 );
#6190 = CIRCLE( '', #8093, 0.100000000000000 );
#6191 = VERTEX_POINT( '', #8094 );
#6192 = LINE( '', #8095, #8096 );
#6193 = VERTEX_POINT( '', #8097 );
#6194 = LINE( '', #8098, #8099 );
#6195 = LINE( '', #8100, #8101 );
#6196 = LINE( '', #8102, #8103 );
#6197 = LINE( '', #8104, #8105 );
#6198 = VERTEX_POINT( '', #8106 );
#6199 = LINE( '', #8107, #8108 );
#6200 = LINE( '', #8109, #8110 );
#6201 = LINE( '', #8111, #8112 );
#6202 = VERTEX_POINT( '', #8113 );
#6203 = LINE( '', #8114, #8115 );
#6204 = VERTEX_POINT( '', #8116 );
#6205 = LINE( '', #8117, #8118 );
#6206 = LINE( '', #8119, #8120 );
#6207 = VERTEX_POINT( '', #8121 );
#6208 = VERTEX_POINT( '', #8122 );
#6209 = LINE( '', #8123, #8124 );
#6210 = VERTEX_POINT( '', #8125 );
#6211 = LINE( '', #8126, #8127 );
#6212 = VERTEX_POINT( '', #8128 );
#6213 = LINE( '', #8129, #8130 );
#6214 = LINE( '', #8131, #8132 );
#6215 = VERTEX_POINT( '', #8133 );
#6216 = LINE( '', #8134, #8135 );
#6217 = LINE( '', #8136, #8137 );
#6218 = VERTEX_POINT( '', #8138 );
#6219 = LINE( '', #8139, #8140 );
#6220 = LINE( '', #8141, #8142 );
#6221 = VERTEX_POINT( '', #8143 );
#6222 = VERTEX_POINT( '', #8144 );
#6223 = LINE( '', #8145, #8146 );
#6224 = VERTEX_POINT( '', #8147 );
#6225 = LINE( '', #8148, #8149 );
#6226 = LINE( '', #8150, #8151 );
#6227 = VERTEX_POINT( '', #8152 );
#6228 = LINE( '', #8153, #8154 );
#6229 = LINE( '', #8155, #8156 );
#6230 = VERTEX_POINT( '', #8157 );
#6231 = LINE( '', #8158, #8159 );
#6232 = LINE( '', #8160, #8161 );
#6233 = VERTEX_POINT( '', #8162 );
#6234 = VERTEX_POINT( '', #8163 );
#6235 = LINE( '', #8164, #8165 );
#6236 = VERTEX_POINT( '', #8166 );
#6237 = LINE( '', #8167, #8168 );
#6238 = VERTEX_POINT( '', #8169 );
#6239 = LINE( '', #8170, #8171 );
#6240 = LINE( '', #8172, #8173 );
#6241 = LINE( '', #8174, #8175 );
#6242 = VERTEX_POINT( '', #8176 );
#6243 = LINE( '', #8177, #8178 );
#6244 = LINE( '', #8179, #8180 );
#6245 = VERTEX_POINT( '', #8181 );
#6246 = LINE( '', #8182, #8183 );
#6247 = VERTEX_POINT( '', #8184 );
#6248 = LINE( '', #8185, #8186 );
#6249 = LINE( '', #8187, #8188 );
#6250 = VERTEX_POINT( '', #8189 );
#6251 = LINE( '', #8190, #8191 );
#6252 = VERTEX_POINT( '', #8192 );
#6253 = LINE( '', #8193, #8194 );
#6254 = VERTEX_POINT( '', #8195 );
#6255 = LINE( '', #8196, #8197 );
#6256 = LINE( '', #8198, #8199 );
#6257 = VERTEX_POINT( '', #8200 );
#6258 = VERTEX_POINT( '', #8201 );
#6259 = LINE( '', #8202, #8203 );
#6260 = VERTEX_POINT( '', #8204 );
#6261 = LINE( '', #8205, #8206 );
#6262 = VERTEX_POINT( '', #8207 );
#6263 = LINE( '', #8208, #8209 );
#6264 = LINE( '', #8210, #8211 );
#6265 = VERTEX_POINT( '', #8212 );
#6266 = LINE( '', #8213, #8214 );
#6267 = LINE( '', #8215, #8216 );
#6268 = VERTEX_POINT( '', #8217 );
#6269 = LINE( '', #8218, #8219 );
#6270 = LINE( '', #8220, #8221 );
#6271 = VERTEX_POINT( '', #8222 );
#6272 = LINE( '', #8223, #8224 );
#6273 = LINE( '', #8225, #8226 );
#6274 = VERTEX_POINT( '', #8227 );
#6275 = LINE( '', #8228, #8229 );
#6276 = VERTEX_POINT( '', #8230 );
#6277 = LINE( '', #8231, #8232 );
#6278 = LINE( '', #8233, #8234 );
#6279 = LINE( '', #8235, #8236 );
#6280 = VERTEX_POINT( '', #8237 );
#6281 = LINE( '', #8238, #8239 );
#6282 = VERTEX_POINT( '', #8240 );
#6283 = LINE( '', #8241, #8242 );
#6284 = LINE( '', #8243, #8244 );
#6285 = VERTEX_POINT( '', #8245 );
#6286 = LINE( '', #8246, #8247 );
#6287 = CIRCLE( '', #8248, 0.200002200000000 );
#6288 = LINE( '', #8249, #8250 );
#6289 = LINE( '', #8251, #8252 );
#6290 = VERTEX_POINT( '', #8253 );
#6291 = VERTEX_POINT( '', #8254 );
#6292 = LINE( '', #8255, #8256 );
#6293 = LINE( '', #8257, #8258 );
#6294 = LINE( '', #8259, #8260 );
#6295 = VERTEX_POINT( '', #8261 );
#6296 = LINE( '', #8262, #8263 );
#6297 = CIRCLE( '', #8264, 0.100000000000000 );
#6298 = LINE( '', #8265, #8266 );
#6299 = VERTEX_POINT( '', #8267 );
#6300 = LINE( '', #8268, #8269 );
#6301 = VERTEX_POINT( '', #8270 );
#6302 = LINE( '', #8271, #8272 );
#6303 = LINE( '', #8273, #8274 );
#6304 = VERTEX_POINT( '', #8275 );
#6305 = LINE( '', #8276, #8277 );
#6306 = VERTEX_POINT( '', #8278 );
#6307 = LINE( '', #8279, #8280 );
#6308 = LINE( '', #8281, #8282 );
#6309 = LINE( '', #8283, #8284 );
#6310 = VERTEX_POINT( '', #8285 );
#6311 = LINE( '', #8286, #8287 );
#6312 = LINE( '', #8288, #8289 );
#6313 = LINE( '', #8290, #8291 );
#6314 = VERTEX_POINT( '', #8292 );
#6315 = LINE( '', #8293, #8294 );
#6316 = VERTEX_POINT( '', #8295 );
#6317 = LINE( '', #8296, #8297 );
#6318 = LINE( '', #8298, #8299 );
#6319 = VERTEX_POINT( '', #8300 );
#6320 = VERTEX_POINT( '', #8301 );
#6321 = LINE( '', #8302, #8303 );
#6322 = VERTEX_POINT( '', #8304 );
#6323 = LINE( '', #8305, #8306 );
#6324 = VERTEX_POINT( '', #8307 );
#6325 = LINE( '', #8308, #8309 );
#6326 = LINE( '', #8310, #8311 );
#6327 = VERTEX_POINT( '', #8312 );
#6328 = CIRCLE( '', #8313, 0.100000000000000 );
#6329 = LINE( '', #8314, #8315 );
#6330 = VERTEX_POINT( '', #8316 );
#6331 = LINE( '', #8317, #8318 );
#6332 = LINE( '', #8319, #8320 );
#6333 = LINE( '', #8321, #8322 );
#6334 = VERTEX_POINT( '', #8323 );
#6335 = LINE( '', #8324, #8325 );
#6336 = LINE( '', #8326, #8327 );
#6337 = VERTEX_POINT( '', #8328 );
#6338 = LINE( '', #8329, #8330 );
#6339 = LINE( '', #8331, #8332 );
#6340 = LINE( '', #8333, #8334 );
#6341 = VERTEX_POINT( '', #8335 );
#6342 = LINE( '', #8336, #8337 );
#6343 = LINE( '', #8338, #8339 );
#6344 = VERTEX_POINT( '', #8340 );
#6345 = LINE( '', #8341, #8342 );
#6346 = LINE( '', #8343, #8344 );
#6347 = VERTEX_POINT( '', #8345 );
#6348 = LINE( '', #8346, #8347 );
#6349 = VERTEX_POINT( '', #8348 );
#6350 = LINE( '', #8349, #8350 );
#6351 = LINE( '', #8351, #8352 );
#6352 = LINE( '', #8353, #8354 );
#6353 = LINE( '', #8355, #8356 );
#6354 = VERTEX_POINT( '', #8357 );
#6355 = VERTEX_POINT( '', #8358 );
#6356 = LINE( '', #8359, #8360 );
#6357 = LINE( '', #8361, #8362 );
#6358 = LINE( '', #8363, #8364 );
#6359 = LINE( '', #8365, #8366 );
#6360 = CIRCLE( '', #8367, 0.100000000000000 );
#6361 = VERTEX_POINT( '', #8368 );
#6362 = LINE( '', #8369, #8370 );
#6363 = VERTEX_POINT( '', #8371 );
#6364 = LINE( '', #8372, #8373 );
#6365 = LINE( '', #8374, #8375 );
#6366 = VERTEX_POINT( '', #8376 );
#6367 = LINE( '', #8377, #8378 );
#6368 = LINE( '', #8379, #8380 );
#6369 = VERTEX_POINT( '', #8381 );
#6370 = LINE( '', #8382, #8383 );
#6371 = VERTEX_POINT( '', #8384 );
#6372 = LINE( '', #8385, #8386 );
#6373 = LINE( '', #8387, #8388 );
#6374 = VERTEX_POINT( '', #8389 );
#6375 = LINE( '', #8390, #8391 );
#6376 = LINE( '', #8392, #8393 );
#6377 = LINE( '', #8394, #8395 );
#6378 = VERTEX_POINT( '', #8396 );
#6379 = LINE( '', #8397, #8398 );
#6380 = VERTEX_POINT( '', #8399 );
#6381 = LINE( '', #8400, #8401 );
#6382 = VERTEX_POINT( '', #8402 );
#6383 = LINE( '', #8403, #8404 );
#6384 = VERTEX_POINT( '', #8405 );
#6385 = LINE( '', #8406, #8407 );
#6386 = LINE( '', #8408, #8409 );
#6387 = VERTEX_POINT( '', #8410 );
#6388 = LINE( '', #8411, #8412 );
#6389 = LINE( '', #8413, #8414 );
#6390 = VERTEX_POINT( '', #8415 );
#6391 = LINE( '', #8416, #8417 );
#6392 = VERTEX_POINT( '', #8418 );
#6393 = LINE( '', #8419, #8420 );
#6394 = LINE( '', #8421, #8422 );
#6395 = LINE( '', #8423, #8424 );
#6396 = VERTEX_POINT( '', #8425 );
#6397 = LINE( '', #8426, #8427 );
#6398 = LINE( '', #8428, #8429 );
#6399 = VERTEX_POINT( '', #8430 );
#6400 = LINE( '', #8431, #8432 );
#6401 = CIRCLE( '', #8433, 0.200000000000000 );
#6402 = VERTEX_POINT( '', #8434 );
#6403 = LINE( '', #8435, #8436 );
#6404 = LINE( '', #8437, #8438 );
#6405 = LINE( '', #8439, #8440 );
#6406 = LINE( '', #8441, #8442 );
#6407 = LINE( '', #8443, #8444 );
#6408 = VERTEX_POINT( '', #8445 );
#6409 = LINE( '', #8446, #8447 );
#6410 = LINE( '', #8448, #8449 );
#6411 = LINE( '', #8450, #8451 );
#6412 = LINE( '', #8452, #8453 );
#6413 = LINE( '', #8454, #8455 );
#6414 = VERTEX_POINT( '', #8456 );
#6415 = LINE( '', #8457, #8458 );
#6416 = LINE( '', #8459, #8460 );
#6417 = LINE( '', #8461, #8462 );
#6418 = LINE( '', #8463, #8464 );
#6419 = LINE( '', #8465, #8466 );
#6420 = LINE( '', #8467, #8468 );
#6421 = LINE( '', #8469, #8470 );
#6422 = CIRCLE( '', #8471, 0.300000000000000 );
#6423 = VERTEX_POINT( '', #8472 );
#6424 = CIRCLE( '', #8473, 0.300000000000000 );
#6425 = VERTEX_POINT( '', #8474 );
#6426 = LINE( '', #8475, #8476 );
#6427 = CIRCLE( '', #8477, 0.150000000000000 );
#6428 = LINE( '', #8478, #8479 );
#6429 = VERTEX_POINT( '', #8480 );
#6430 = LINE( '', #8481, #8482 );
#6431 = VERTEX_POINT( '', #8483 );
#6432 = LINE( '', #8484, #8485 );
#6433 = LINE( '', #8486, #8487 );
#6434 = VERTEX_POINT( '', #8488 );
#6435 = LINE( '', #8489, #8490 );
#6436 = LINE( '', #8491, #8492 );
#6437 = LINE( '', #8493, #8494 );
#6438 = LINE( '', #8495, #8496 );
#6439 = LINE( '', #8497, #8498 );
#6440 = LINE( '', #8499, #8500 );
#6441 = LINE( '', #8501, #8502 );
#6442 = VERTEX_POINT( '', #8503 );
#6443 = LINE( '', #8504, #8505 );
#6444 = LINE( '', #8506, #8507 );
#6445 = VERTEX_POINT( '', #8508 );
#6446 = LINE( '', #8509, #8510 );
#6447 = LINE( '', #8511, #8512 );
#6448 = LINE( '', #8513, #8514 );
#6449 = LINE( '', #8515, #8516 );
#6450 = VERTEX_POINT( '', #8517 );
#6451 = LINE( '', #8518, #8519 );
#6452 = LINE( '', #8520, #8521 );
#6453 = VERTEX_POINT( '', #8522 );
#6454 = LINE( '', #8523, #8524 );
#6455 = LINE( '', #8525, #8526 );
#6456 = LINE( '', #8527, #8528 );
#6457 = VERTEX_POINT( '', #8529 );
#6458 = LINE( '', #8530, #8531 );
#6459 = LINE( '', #8532, #8533 );
#6460 = LINE( '', #8534, #8535 );
#6461 = VERTEX_POINT( '', #8536 );
#6462 = LINE( '', #8537, #8538 );
#6463 = LINE( '', #8539, #8540 );
#6464 = LINE( '', #8541, #8542 );
#6465 = LINE( '', #8543, #8544 );
#6466 = LINE( '', #8545, #8546 );
#6467 = LINE( '', #8547, #8548 );
#6468 = VERTEX_POINT( '', #8549 );
#6469 = LINE( '', #8550, #8551 );
#6470 = LINE( '', #8552, #8553 );
#6471 = LINE( '', #8554, #8555 );
#6472 = LINE( '', #8556, #8557 );
#6473 = LINE( '', #8558, #8559 );
#6474 = CIRCLE( '', #8560, 0.300000000000000 );
#6475 = VERTEX_POINT( '', #8561 );
#6476 = LINE( '', #8562, #8563 );
#6477 = VERTEX_POINT( '', #8564 );
#6478 = LINE( '', #8565, #8566 );
#6479 = LINE( '', #8567, #8568 );
#6480 = LINE( '', #8569, #8570 );
#6481 = VERTEX_POINT( '', #8571 );
#6482 = LINE( '', #8572, #8573 );
#6483 = VERTEX_POINT( '', #8574 );
#6484 = LINE( '', #8575, #8576 );
#6485 = VERTEX_POINT( '', #8577 );
#6486 = LINE( '', #8578, #8579 );
#6487 = LINE( '', #8580, #8581 );
#6488 = CIRCLE( '', #8582, 0.150000000000000 );
#6489 = CIRCLE( '', #8583, 0.300000000000000 );
#6490 = VERTEX_POINT( '', #8584 );
#6491 = LINE( '', #8585, #8586 );
#6492 = VERTEX_POINT( '', #8587 );
#6493 = LINE( '', #8588, #8589 );
#6494 = LINE( '', #8590, #8591 );
#6495 = LINE( '', #8592, #8593 );
#6496 = VERTEX_POINT( '', #8594 );
#6497 = LINE( '', #8595, #8596 );
#6498 = CIRCLE( '', #8597, 0.100000000000000 );
#6499 = CIRCLE( '', #8598, 0.100000000000000 );
#6500 = LINE( '', #8599, #8600 );
#6501 = VERTEX_POINT( '', #8601 );
#6502 = VERTEX_POINT( '', #8602 );
#6503 = LINE( '', #8603, #8604 );
#6504 = VERTEX_POINT( '', #8605 );
#6505 = CIRCLE( '', #8606, 0.100000000000000 );
#6506 = VERTEX_POINT( '', #8607 );
#6507 = LINE( '', #8608, #8609 );
#6508 = CIRCLE( '', #8610, 0.100000000000000 );
#6509 = VERTEX_POINT( '', #8611 );
#6510 = LINE( '', #8612, #8613 );
#6511 = LINE( '', #8614, #8615 );
#6512 = VERTEX_POINT( '', #8616 );
#6513 = LINE( '', #8617, #8618 );
#6514 = LINE( '', #8619, #8620 );
#6515 = VERTEX_POINT( '', #8621 );
#6516 = VERTEX_POINT( '', #8622 );
#6517 = LINE( '', #8623, #8624 );
#6518 = LINE( '', #8625, #8626 );
#6519 = LINE( '', #8627, #8628 );
#6520 = VERTEX_POINT( '', #8629 );
#6521 = LINE( '', #8630, #8631 );
#6522 = LINE( '', #8632, #8633 );
#6523 = VERTEX_POINT( '', #8634 );
#6524 = LINE( '', #8635, #8636 );
#6525 = LINE( '', #8637, #8638 );
#6526 = LINE( '', #8639, #8640 );
#6527 = LINE( '', #8641, #8642 );
#6528 = VERTEX_POINT( '', #8643 );
#6529 = LINE( '', #8644, #8645 );
#6530 = LINE( '', #8646, #8647 );
#6531 = LINE( '', #8648, #8649 );
#6532 = VERTEX_POINT( '', #8650 );
#6533 = LINE( '', #8651, #8652 );
#6534 = VERTEX_POINT( '', #8653 );
#6535 = LINE( '', #8654, #8655 );
#6536 = LINE( '', #8656, #8657 );
#6537 = LINE( '', #8658, #8659 );
#6538 = VERTEX_POINT( '', #8660 );
#6539 = LINE( '', #8661, #8662 );
#6540 = LINE( '', #8663, #8664 );
#6541 = VERTEX_POINT( '', #8665 );
#6542 = LINE( '', #8666, #8667 );
#6543 = CIRCLE( '', #8668, 0.200000000000000 );
#6544 = LINE( '', #8669, #8670 );
#6545 = LINE( '', #8671, #8672 );
#6546 = LINE( '', #8673, #8674 );
#6547 = VERTEX_POINT( '', #8675 );
#6548 = LINE( '', #8676, #8677 );
#6549 = LINE( '', #8678, #8679 );
#6550 = VERTEX_POINT( '', #8680 );
#6551 = LINE( '', #8681, #8682 );
#6552 = VERTEX_POINT( '', #8683 );
#6553 = LINE( '', #8684, #8685 );
#6554 = LINE( '', #8686, #8687 );
#6555 = VERTEX_POINT( '', #8688 );
#6556 = LINE( '', #8689, #8690 );
#6557 = LINE( '', #8691, #8692 );
#6558 = LINE( '', #8693, #8694 );
#6559 = LINE( '', #8695, #8696 );
#6560 = LINE( '', #8697, #8698 );
#6561 = LINE( '', #8699, #8700 );
#6562 = LINE( '', #8701, #8702 );
#6563 = LINE( '', #8703, #8704 );
#6564 = LINE( '', #8705, #8706 );
#6565 = LINE( '', #8707, #8708 );
#6566 = LINE( '', #8709, #8710 );
#6567 = VERTEX_POINT( '', #8711 );
#6568 = LINE( '', #8712, #8713 );
#6569 = LINE( '', #8714, #8715 );
#6570 = LINE( '', #8716, #8717 );
#6571 = LINE( '', #8718, #8719 );
#6572 = VERTEX_POINT( '', #8720 );
#6573 = LINE( '', #8721, #8722 );
#6574 = VERTEX_POINT( '', #8723 );
#6575 = LINE( '', #8724, #8725 );
#6576 = LINE( '', #8726, #8727 );
#6577 = LINE( '', #8728, #8729 );
#6578 = VERTEX_POINT( '', #8730 );
#6579 = LINE( '', #8731, #8732 );
#6580 = LINE( '', #8733, #8734 );
#6581 = LINE( '', #8735, #8736 );
#6582 = CIRCLE( '', #8737, 0.100000000000000 );
#6583 = LINE( '', #8738, #8739 );
#6584 = VERTEX_POINT( '', #8740 );
#6585 = LINE( '', #8741, #8742 );
#6586 = CIRCLE( '', #8743, 0.200000000000000 );
#6587 = LINE( '', #8744, #8745 );
#6588 = LINE( '', #8746, #8747 );
#6589 = LINE( '', #8748, #8749 );
#6590 = VERTEX_POINT( '', #8750 );
#6591 = LINE( '', #8751, #8752 );
#6592 = LINE( '', #8753, #8754 );
#6593 = LINE( '', #8755, #8756 );
#6594 = LINE( '', #8757, #8758 );
#6595 = LINE( '', #8759, #8760 );
#6596 = VERTEX_POINT( '', #8761 );
#6597 = LINE( '', #8762, #8763 );
#6598 = LINE( '', #8764, #8765 );
#6599 = LINE( '', #8766, #8767 );
#6600 = LINE( '', #8768, #8769 );
#6601 = LINE( '', #8770, #8771 );
#6602 = CIRCLE( '', #8772, 0.200000000000000 );
#6603 = B_SPLINE_CURVE_WITH_KNOTS( '', 3, ( #8773, #8774, #8775, #8776, #8777, #8778, #8779, #8780, #8781, #8782 ), .UNSPECIFIED., .F., .F., ( 4, 1, 1, 1, 1, 1, 1, 4 ), ( 0.000000000000000, 0.0923175962862096, 0.186918685642989, 0.285451328908532, 0.389376713839236, 0.499942430245803, 0.690796898315215, 1.00000000000000 ), .UNSPECIFIED. );
#6604 = B_SPLINE_CURVE_WITH_KNOTS( '', 3, ( #8783, #8784, #8785, #8786, #8787, #8788, #8789, #8790, #8791 ), .UNSPECIFIED., .F., .F., ( 4, 1, 1, 1, 1, 1, 4 ), ( 0.000000000000000, 0.160280478963883, 0.297116780292389, 0.410554541016362, 0.500695460655631, 0.739843526636319, 1.00000000000000 ), .UNSPECIFIED. );
#6605 = LINE( '', #8792, #8793 );
#6606 = LINE( '', #8794, #8795 );
#6607 = LINE( '', #8796, #8797 );
#6608 = LINE( '', #8798, #8799 );
#6609 = LINE( '', #8800, #8801 );
#6610 = CIRCLE( '', #8802, 0.499989300000000 );
#6611 = LINE( '', #8803, #8804 );
#6612 = LINE( '', #8805, #8806 );
#6613 = VERTEX_POINT( '', #8807 );
#6614 = LINE( '', #8808, #8809 );
#6615 = LINE( '', #8810, #8811 );
#6616 = LINE( '', #8812, #8813 );
#6617 = LINE( '', #8814, #8815 );
#6618 = LINE( '', #8816, #8817 );
#6619 = LINE( '', #8818, #8819 );
#6620 = CIRCLE( '', #8820, 0.200002200000000 );
#6621 = LINE( '', #8821, #8822 );
#6622 = CIRCLE( '', #8823, 0.0499998000000000 );
#6623 = CIRCLE( '', #8824, 0.200000000000000 );
#6624 = LINE( '', #8825, #8826 );
#6625 = LINE( '', #8827, #8828 );
#6626 = LINE( '', #8829, #8830 );
#6627 = LINE( '', #8831, #8832 );
#6628 = LINE( '', #8833, #8834 );
#6629 = LINE( '', #8835, #8836 );
#6630 = CIRCLE( '', #8837, 0.200000000000000 );
#6631 = LINE( '', #8838, #8839 );
#6632 = VERTEX_POINT( '', #8840 );
#6633 = LINE( '', #8841, #8842 );
#6634 = CIRCLE( '', #8843, 0.350003200000000 );
#6635 = VERTEX_POINT( '', #8844 );
#6636 = LINE( '', #8845, #8846 );
#6637 = LINE( '', #8847, #8848 );
#6638 = LINE( '', #8849, #8850 );
#6639 = VERTEX_POINT( '', #8851 );
#6640 = LINE( '', #8852, #8853 );
#6641 = LINE( '', #8854, #8855 );
#6642 = LINE( '', #8856, #8857 );
#6643 = LINE( '', #8858, #8859 );
#6644 = VERTEX_POINT( '', #8860 );
#6645 = LINE( '', #8861, #8862 );
#6646 = LINE( '', #8863, #8864 );
#6647 = LINE( '', #8865, #8866 );
#6648 = LINE( '', #8867, #8868 );
#6649 = LINE( '', #8869, #8870 );
#6650 = LINE( '', #8871, #8872 );
#6651 = LINE( '', #8873, #8874 );
#6652 = LINE( '', #8875, #8876 );
#6653 = LINE( '', #8877, #8878 );
#6654 = LINE( '', #8879, #8880 );
#6655 = LINE( '', #8881, #8882 );
#6656 = LINE( '', #8883, #8884 );
#6657 = LINE( '', #8885, #8886 );
#6658 = LINE( '', #8887, #8888 );
#6659 = LINE( '', #8889, #8890 );
#6660 = VERTEX_POINT( '', #8891 );
#6661 = VERTEX_POINT( '', #8892 );
#6662 = LINE( '', #8893, #8894 );
#6663 = VERTEX_POINT( '', #8895 );
#6664 = LINE( '', #8896, #8897 );
#6665 = VERTEX_POINT( '', #8898 );
#6666 = LINE( '', #8899, #8900 );
#6667 = LINE( '', #8901, #8902 );
#6668 = VERTEX_POINT( '', #8903 );
#6669 = LINE( '', #8904, #8905 );
#6670 = VERTEX_POINT( '', #8906 );
#6671 = LINE( '', #8907, #8908 );
#6672 = LINE( '', #8909, #8910 );
#6673 = VERTEX_POINT( '', #8911 );
#6674 = LINE( '', #8912, #8913 );
#6675 = LINE( '', #8914, #8915 );
#6676 = VERTEX_POINT( '', #8916 );
#6677 = LINE( '', #8917, #8918 );
#6678 = LINE( '', #8919, #8920 );
#6679 = LINE( '', #8921, #8922 );
#6680 = CARTESIAN_POINT( '', ( 3.95612494996000, -2.42500000000000, 1.41500000000000 ) );
#6681 = CARTESIAN_POINT( '', ( 3.95612494996000, -1.20500000000000, 1.41500000000000 ) );
#6682 = CARTESIAN_POINT( '', ( 3.95612494997000, -2.42500000001000, 1.41500000001000 ) );
#6683 = VECTOR( '', #8923, 1000.00000000000 );
#6684 = CARTESIAN_POINT( '', ( 4.00000000000000, -2.42500000000000, 1.29000000000000 ) );
#6685 = AXIS2_PLACEMENT_3D( '', #8924, #8925, #8926 );
#6686 = CARTESIAN_POINT( '', ( 4.00000000000000, 2.68500000000000, 1.29000000000000 ) );
#6687 = CARTESIAN_POINT( '', ( 4.00000000001000, -2.42500000001000, 1.29000000001000 ) );
#6688 = VECTOR( '', #8927, 1000.00000000000 );
#6689 = CARTESIAN_POINT( '', ( 3.80000000000000, 2.68500000000000, 1.49000000000000 ) );
#6690 = AXIS2_PLACEMENT_3D( '', #8928, #8929, #8930 );
#6691 = CARTESIAN_POINT( '', ( 3.80000000000000, -1.13000000000000, 1.49000000000000 ) );
#6692 = CARTESIAN_POINT( '', ( 3.80000000001000, -1.13000000001000, 1.49000000001000 ) );
#6693 = VECTOR( '', #8931, 1000.00000000000 );
#6694 = CARTESIAN_POINT( '', ( 3.80000000001000, -1.13000000001000, 1.49000000000000 ) );
#6695 = CARTESIAN_POINT( '', ( 3.80934050881340, -1.13059096669132, 1.48962514345380 ) );
#6696 = CARTESIAN_POINT( '', ( 3.82578564130870, -1.13163143735295, 1.48896516167992 ) );
#6697 = CARTESIAN_POINT( '', ( 3.85776609108086, -1.13706909669617, 1.48251539426587 ) );
#6698 = CARTESIAN_POINT( '', ( 3.89151237578305, -1.15058618906799, 1.46943306152378 ) );
#6699 = CARTESIAN_POINT( '', ( 3.92807950497155, -1.17477291345097, 1.44590167629709 ) );
#6700 = CARTESIAN_POINT( '', ( 3.94605089864149, -1.19414229312353, 1.42610002258744 ) );
#6701 = CARTESIAN_POINT( '', ( 3.95612494995900, -1.20500000001000, 1.41500000000120 ) );
#6702 = CARTESIAN_POINT( '', ( -2.82500000000000, -2.67500000000000, -0.710000000000000 ) );
#6703 = CARTESIAN_POINT( '', ( -2.82500000000000, -2.47500000000000, -0.910000000000000 ) );
#6704 = CARTESIAN_POINT( '', ( -2.82500000001000, -2.67500000001000, -0.710000000010000 ) );
#6705 = VECTOR( '', #8932, 1000.00000000000 );
#6706 = CARTESIAN_POINT( '', ( -2.82500000000000, -2.12500000000000, -0.910000000000000 ) );
#6707 = CARTESIAN_POINT( '', ( -2.82500000001000, -2.47500000001000, -0.910000000010000 ) );
#6708 = VECTOR( '', #8933, 1000.00000000000 );
#6709 = CARTESIAN_POINT( '', ( -2.82500000000000, -2.12500000000000, 1.34000000000000 ) );
#6710 = CARTESIAN_POINT( '', ( -2.82500000001000, -2.12500000001000, 1.34000000001000 ) );
#6711 = VECTOR( '', #8934, 1000.00000000000 );
#6712 = CARTESIAN_POINT( '', ( -2.82500000000000, -2.47500000000000, 1.34000000000000 ) );
#6713 = CARTESIAN_POINT( '', ( -2.82500000001000, -2.12500000001000, 1.34000000001000 ) );
#6714 = VECTOR( '', #8935, 1000.00000000000 );
#6715 = CARTESIAN_POINT( '', ( -2.82500000000000, -2.67500000000000, 1.14000000000000 ) );
#6716 = CARTESIAN_POINT( '', ( -2.82500000001000, -2.47500000001000, 1.34000000001000 ) );
#6717 = VECTOR( '', #8936, 1000.00000000000 );
#6718 = CARTESIAN_POINT( '', ( -2.82500000001000, -2.67500000001000, 1.14000000001000 ) );
#6719 = VECTOR( '', #8937, 1000.00000000000 );
#6720 = CARTESIAN_POINT( '', ( -3.80000000000000, -2.12500000000000, -1.51000000000000 ) );
#6721 = CARTESIAN_POINT( '', ( -3.80000000000000, 2.68500000000000, -1.51000000000000 ) );
#6722 = CARTESIAN_POINT( '', ( -3.80000000001000, -2.12500000001000, -1.51000000001000 ) );
#6723 = VECTOR( '', #8938, 1000.00000000000 );
#6724 = CARTESIAN_POINT( '', ( 3.80000000000000, 2.68500000000000, -1.51000000000000 ) );
#6725 = CARTESIAN_POINT( '', ( 3.80000000001000, 2.68500000001000, -1.51000000001000 ) );
#6726 = VECTOR( '', #8939, 1000.00000000000 );
#6727 = CARTESIAN_POINT( '', ( 3.80000000000000, -2.12500000000000, -1.51000000000000 ) );
#6728 = CARTESIAN_POINT( '', ( 3.80000000001000, -2.12500000001000, -1.51000000001000 ) );
#6729 = VECTOR( '', #8940, 1000.00000000000 );
#6730 = CARTESIAN_POINT( '', ( 3.80000000001000, -2.12500000001000, -1.51000000001000 ) );
#6731 = VECTOR( '', #8941, 1000.00000000000 );
#6732 = CARTESIAN_POINT( '', ( 4.07000000000000, -2.52500000000000, 1.39000000000000 ) );
#6733 = CARTESIAN_POINT( '', ( 4.07000000000000, -2.52500000000000, 0.290000000000000 ) );
#6734 = CARTESIAN_POINT( '', ( 4.07000000001000, -2.52500000001000, 1.39000000001000 ) );
#6735 = VECTOR( '', #8942, 1000.00000000000 );
#6736 = CARTESIAN_POINT( '', ( 3.72000000000000, -2.52500000000000, 0.290000000000000 ) );
#6737 = CARTESIAN_POINT( '', ( 3.72000000001000, -2.52500000001000, 0.290000000010000 ) );
#6738 = VECTOR( '', #8943, 1000.00000000000 );
#6739 = CARTESIAN_POINT( '', ( 3.72000000000000, -2.52500000000000, 1.39000000000000 ) );
#6740 = CARTESIAN_POINT( '', ( 3.72000000001000, -2.52500000001000, 0.290000000010000 ) );
#6741 = VECTOR( '', #8944, 1000.00000000000 );
#6742 = CARTESIAN_POINT( '', ( 4.07000000001000, -2.52500000001000, 1.39000000001000 ) );
#6743 = VECTOR( '', #8945, 1000.00000000000 );
#6744 = CARTESIAN_POINT( '', ( -0.659958492358100, -1.62500000000000, 2.96000000000000 ) );
#6745 = CARTESIAN_POINT( '', ( -0.624948115447600, -1.57500000000000, 2.96000000000000 ) );
#6746 = CARTESIAN_POINT( '', ( -0.659958492368100, -1.62500000001000, 2.96000000001000 ) );
#6747 = VECTOR( '', #8946, 1000.00000000000 );
#6748 = CARTESIAN_POINT( '', ( -0.800000000000000, -1.82500000000000, 2.76000000000000 ) );
#6749 = CARTESIAN_POINT( '', ( -0.800000000010000, -1.82500000000000, 2.76000000001000 ) );
#6750 = CARTESIAN_POINT( '', ( -0.798926648452248, -1.82411873728331, 2.77418456454461 ) );
#6751 = CARTESIAN_POINT( '', ( -0.796773128123580, -1.82235061465696, 2.80264378450659 ) );
#6752 = CARTESIAN_POINT( '', ( -0.787346169673195, -1.80850056424442, 2.84289526312065 ) );
#6753 = CARTESIAN_POINT( '', ( -0.773385985683066, -1.78750819907106, 2.87909837634157 ) );
#6754 = CARTESIAN_POINT( '', ( -0.751507206808024, -1.75526846511484, 2.91440696735453 ) );
#6755 = CARTESIAN_POINT( '', ( -0.712819080646682, -1.70269408046267, 2.95032940228704 ) );
#6756 = CARTESIAN_POINT( '', ( -0.679953692240201, -1.65438878886235, 2.95634197158128 ) );
#6757 = CARTESIAN_POINT( '', ( -0.659958492368100, -1.62500000001000, 2.96000000000000 ) );
#6758 = CARTESIAN_POINT( '', ( -0.799995351789964, -1.82500000001000, 2.45999773623766 ) );
#6759 = CARTESIAN_POINT( '', ( -0.799998300705900, -1.82500118975700, 2.46000000395000 ) );
#6760 = VECTOR( '', #8947, 1000.00000000000 );
#6761 = CARTESIAN_POINT( '', ( -0.624946787976400, -1.57500092941300, 2.46000000307800 ) );
#6762 = CARTESIAN_POINT( '', ( -0.624946787986400, -1.57500092942300, 2.46000000308800 ) );
#6763 = VECTOR( '', #8948, 1000.00000000000 );
#6764 = CARTESIAN_POINT( '', ( -0.624946787986400, -1.57500092942300, 2.46000000308800 ) );
#6765 = VECTOR( '', #8949, 1000.00000000000 );
#6766 = CARTESIAN_POINT( '', ( -2.25000000000000, -1.82500000000000, 2.76000000000000 ) );
#6767 = CARTESIAN_POINT( '', ( -2.25000000001000, -1.82500000001000, 2.76000000001000 ) );
#6768 = VECTOR( '', #8950, 1000.00000000000 );
#6769 = CARTESIAN_POINT( '', ( -2.05000000000000, -1.62500000000000, 2.96000000000000 ) );
#6770 = CARTESIAN_POINT( '', ( -2.05000000001000, -1.62500000001000, 2.96000000001000 ) );
#6771 = VECTOR( '', #8951, 1000.00000000000 );
#6772 = CARTESIAN_POINT( '', ( -2.05000000001000, -1.62500000001000, 2.96000000000000 ) );
#6773 = CARTESIAN_POINT( '', ( -2.06502378459202, -1.64038844489044, 2.95899293147394 ) );
#6774 = CARTESIAN_POINT( '', ( -2.09244080578324, -1.66847093749298, 2.95715512429765 ) );
#6775 = CARTESIAN_POINT( '', ( -2.12891699542752, -1.70532248596782, 2.94420605220231 ) );
#6776 = CARTESIAN_POINT( '', ( -2.15704218277285, -1.73267259957412, 2.92930228539493 ) );
#6777 = CARTESIAN_POINT( '', ( -2.18355783370974, -1.75836122107106, 2.91024209902063 ) );
#6778 = CARTESIAN_POINT( '', ( -2.20758854591730, -1.78278065597912, 2.88519321238400 ) );
#6779 = CARTESIAN_POINT( '', ( -2.23016633025915, -1.80415960078282, 2.85148861911305 ) );
#6780 = CARTESIAN_POINT( '', ( -2.24344930620123, -1.82114721996268, 2.80959932786977 ) );
#6781 = CARTESIAN_POINT( '', ( -2.24761419360798, -1.82359679179840, 2.77806440622381 ) );
#6782 = CARTESIAN_POINT( '', ( -2.25000000001000, -1.82500000000000, 2.76000000001000 ) );
#6783 = CARTESIAN_POINT( '', ( -3.80000000000000, -1.13000000000000, 1.49000000000000 ) );
#6784 = CARTESIAN_POINT( '', ( -3.80000000000000, 2.68500000000000, 1.49000000000000 ) );
#6785 = CARTESIAN_POINT( '', ( -3.80000000001000, -1.13000000001000, 1.49000000001000 ) );
#6786 = VECTOR( '', #8952, 1000.00000000000 );
#6787 = CARTESIAN_POINT( '', ( -4.00000000000000, 2.68500000000000, 1.29000000000000 ) );
#6788 = AXIS2_PLACEMENT_3D( '', #8953, #8954, #8955 );
#6789 = CARTESIAN_POINT( '', ( -4.00000000000000, -2.42500000000000, 1.29000000000000 ) );
#6790 = CARTESIAN_POINT( '', ( -4.00000000001000, -2.42500000001000, 1.29000000001000 ) );
#6791 = VECTOR( '', #8956, 1000.00000000000 );
#6792 = CARTESIAN_POINT( '', ( -3.95612494996000, -2.42500000000000, 1.41500000000000 ) );
#6793 = AXIS2_PLACEMENT_3D( '', #8957, #8958, #8959 );
#6794 = CARTESIAN_POINT( '', ( -3.95612494996000, -1.20500000000000, 1.41500000000000 ) );
#6795 = CARTESIAN_POINT( '', ( -3.95612494997000, -2.42500000001000, 1.41500000001000 ) );
#6796 = VECTOR( '', #8960, 1000.00000000000 );
#6797 = CARTESIAN_POINT( '', ( -3.95612494995900, -1.20500000001000, 1.41500000000120 ) );
#6798 = CARTESIAN_POINT( '', ( -3.94618040314014, -1.19427960423464, 1.42596792005648 ) );
#6799 = CARTESIAN_POINT( '', ( -3.92822277781266, -1.17492096937649, 1.44577352835236 ) );
#6800 = CARTESIAN_POINT( '', ( -3.89184100346766, -1.15059127066501, 1.46928216855236 ) );
#6801 = CARTESIAN_POINT( '', ( -3.85812319244218, -1.13721630025119, 1.48238814799660 ) );
#6802 = CARTESIAN_POINT( '', ( -3.82610359623512, -1.13239681168838, 1.48892546536714 ) );
#6803 = CARTESIAN_POINT( '', ( -3.80965325695721, -1.13088635447189, 1.48960263103903 ) );
#6804 = CARTESIAN_POINT( '', ( -3.80000000001000, -1.13000000001000, 1.49000000000000 ) );
#6805 = CARTESIAN_POINT( '', ( -3.10000000000000, -2.42500000000000, 1.49000000000000 ) );
#6806 = CARTESIAN_POINT( '', ( -3.10000000000000, -2.42500000000000, 1.34000000000000 ) );
#6807 = CARTESIAN_POINT( '', ( -3.10000000001000, -2.42500000001000, 1.49000000001000 ) );
#6808 = VECTOR( '', #8961, 1000.00000000000 );
#6809 = CARTESIAN_POINT( '', ( -3.10000000000000, -2.12500000000000, 1.34000000000000 ) );
#6810 = CARTESIAN_POINT( '', ( -3.10000000001000, -2.42500000001000, 1.34000000001000 ) );
#6811 = VECTOR( '', #8962, 1000.00000000000 );
#6812 = CARTESIAN_POINT( '', ( -3.10000000000000, -2.12500000000000, 1.49000000000000 ) );
#6813 = CARTESIAN_POINT( '', ( -3.10000000001000, -2.12500000001000, 1.49000000001000 ) );
#6814 = VECTOR( '', #8963, 1000.00000000000 );
#6815 = CARTESIAN_POINT( '', ( -3.10000000001000, -2.42500000001000, 1.49000000001000 ) );
#6816 = VECTOR( '', #8964, 1000.00000000000 );
#6817 = CARTESIAN_POINT( '', ( 2.63500000000000, 1.57500000000000, -1.18000000000000 ) );
#6818 = CARTESIAN_POINT( '', ( 2.63500000000000, 1.57500000000000, -1.01000000000000 ) );
#6819 = CARTESIAN_POINT( '', ( 2.63500000001000, 1.57500000001000, -1.18000000001000 ) );
#6820 = VECTOR( '', #8965, 1000.00000000000 );
#6821 = CARTESIAN_POINT( '', ( -2.63500000000000, 1.57500000000000, -1.18000000000000 ) );
#6822 = CARTESIAN_POINT( '', ( 2.63500000001000, 1.57500000001000, -1.18000000001000 ) );
#6823 = VECTOR( '', #8966, 1000.00000000000 );
#6824 = CARTESIAN_POINT( '', ( -2.63500000000000, 1.57500000000000, -1.01000000000000 ) );
#6825 = CARTESIAN_POINT( '', ( -2.63500000001000, 1.57500000001000, -1.18000000001000 ) );
#6826 = VECTOR( '', #8967, 1000.00000000000 );
#6827 = CARTESIAN_POINT( '', ( 2.63500000001000, 1.57500000001000, -1.01000000001000 ) );
#6828 = VECTOR( '', #8968, 1000.00000000000 );
#6829 = CARTESIAN_POINT( '', ( -0.800000000000000, 1.62500000000000, 2.96000000000000 ) );
#6830 = CARTESIAN_POINT( '', ( -0.800000000000000, 1.62500000000000, 2.56000000000000 ) );
#6831 = CARTESIAN_POINT( '', ( -0.800000000010000, 1.62500000001000, 2.96000000001000 ) );
#6832 = VECTOR( '', #8969, 1000.00000000000 );
#6833 = CARTESIAN_POINT( '', ( 0.800000000000000, 1.62500000000000, 2.56000000000000 ) );
#6834 = CARTESIAN_POINT( '', ( 0.800000000010000, 1.62500000001000, 2.56000000001000 ) );
#6835 = VECTOR( '', #8970, 1000.00000000000 );
#6836 = CARTESIAN_POINT( '', ( 0.800000000000000, 1.62500000000000, 2.96000000000000 ) );
#6837 = CARTESIAN_POINT( '', ( 0.800000000010000, 1.62500000001000, 2.96000000001000 ) );
#6838 = VECTOR( '', #8971, 1000.00000000000 );
#6839 = CARTESIAN_POINT( '', ( 0.800000000010000, 1.62500000001000, 2.96000000001000 ) );
#6840 = VECTOR( '', #8972, 1000.00000000000 );
#6841 = CARTESIAN_POINT( '', ( -0.750000000000000, -1.07500000000000, 2.56000000000000 ) );
#6842 = CARTESIAN_POINT( '', ( -0.750000000000000, -1.42500000000000, 2.21000000000000 ) );
#6843 = CARTESIAN_POINT( '', ( -0.750000000010000, -1.07500000001000, 2.56000000001000 ) );
#6844 = VECTOR( '', #8973, 1000.00000000000 );
#6845 = CARTESIAN_POINT( '', ( -0.750000000000000, -0.935000000000000, 2.56000000000000 ) );
#6846 = CARTESIAN_POINT( '', ( -0.750000000010000, -1.07500000001000, 2.56000000001000 ) );
#6847 = VECTOR( '', #8974, 1000.00000000000 );
#6848 = CARTESIAN_POINT( '', ( -0.750000000000000, -0.935000000000000, 2.21000000000000 ) );
#6849 = CARTESIAN_POINT( '', ( -0.750000000010000, -0.935000000010000, 2.21000000001000 ) );
#6850 = VECTOR( '', #8975, 1000.00000000000 );
#6851 = CARTESIAN_POINT( '', ( -0.750000000000000, -1.22500000000000, 1.64263768190000 ) );
#6852 = AXIS2_PLACEMENT_3D( '', #8976, #8977, #8978 );
#6853 = CARTESIAN_POINT( '', ( -0.750000000000000, -1.22500000000000, 1.36000000000000 ) );
#6854 = CARTESIAN_POINT( '', ( -0.750000000010000, -1.22500000001000, 1.36000000001000 ) );
#6855 = VECTOR( '', #8979, 1000.00000000000 );
#6856 = CARTESIAN_POINT( '', ( -0.750000000000000, -1.42500000000000, 1.16000000000000 ) );
#6857 = CARTESIAN_POINT( '', ( -0.750000000010000, -1.42500000001000, 1.16000000001000 ) );
#6858 = VECTOR( '', #8980, 1000.00000000000 );
#6859 = CARTESIAN_POINT( '', ( -0.750000000010000, -1.42500000001000, 2.21000000001000 ) );
#6860 = VECTOR( '', #8981, 1000.00000000000 );
#6861 = CARTESIAN_POINT( '', ( -2.62500000000000, -2.72500000000000, -1.35000000000000 ) );
#6862 = CARTESIAN_POINT( '', ( -2.37500000000000, -2.72500000000000, -1.35000000000000 ) );
#6863 = CARTESIAN_POINT( '', ( -2.62500000001000, -2.72500000001000, -1.35000000001000 ) );
#6864 = VECTOR( '', #8982, 1000.00000000000 );
#6865 = CARTESIAN_POINT( '', ( -2.37500000000000, -2.52500000000000, -1.06437039865200 ) );
#6866 = CARTESIAN_POINT( '', ( -2.37500000001000, -2.52500000001000, -1.06437039866200 ) );
#6867 = VECTOR( '', #8983, 1000.00000000000 );
#6868 = CARTESIAN_POINT( '', ( -2.62500000000000, -2.52500000000000, -1.06437039865200 ) );
#6869 = CARTESIAN_POINT( '', ( -2.62500000001000, -2.52500000001000, -1.06437039866200 ) );
#6870 = VECTOR( '', #8984, 1000.00000000000 );
#6871 = CARTESIAN_POINT( '', ( -2.62500000001000, -2.52500000001000, -1.06437039866200 ) );
#6872 = VECTOR( '', #8985, 1000.00000000000 );
#6873 = CARTESIAN_POINT( '', ( -2.62500000000000, -2.12500000000000, 1.02000000000000 ) );
#6874 = CARTESIAN_POINT( '', ( -2.62500000000000, -2.52500000000000, 1.02000000000000 ) );
#6875 = CARTESIAN_POINT( '', ( -2.62500000001000, -2.12500000001000, 1.02000000001000 ) );
#6876 = VECTOR( '', #8986, 1000.00000000000 );
#6877 = CARTESIAN_POINT( '', ( -2.37500000000000, -2.52500000000000, 1.02000000000000 ) );
#6878 = CARTESIAN_POINT( '', ( -2.62500000001000, -2.52500000001000, 1.02000000001000 ) );
#6879 = VECTOR( '', #8987, 1000.00000000000 );
#6880 = CARTESIAN_POINT( '', ( -2.37500000000000, -2.12500000000000, 1.02000000000000 ) );
#6881 = CARTESIAN_POINT( '', ( -2.37500000001000, -2.12500000001000, 1.02000000001000 ) );
#6882 = VECTOR( '', #8988, 1000.00000000000 );
#6883 = CARTESIAN_POINT( '', ( -2.62500000001000, -2.12500000001000, 1.02000000001000 ) );
#6884 = VECTOR( '', #8989, 1000.00000000000 );
#6885 = CARTESIAN_POINT( '', ( -3.51000000000000, -1.20500000000000, 1.41500000000000 ) );
#6886 = CARTESIAN_POINT( '', ( -3.51000000000000, -1.20500000000000, 0.890000000000000 ) );
#6887 = CARTESIAN_POINT( '', ( -3.51000000001000, -1.20500000001000, 1.41500000001000 ) );
#6888 = VECTOR( '', #8990, 1000.00000000000 );
#6889 = CARTESIAN_POINT( '', ( -3.51000000000000, -2.42500000000000, 0.890000000000000 ) );
#6890 = CARTESIAN_POINT( '', ( -3.51000000001000, -2.42500000001000, 0.890000000010000 ) );
#6891 = VECTOR( '', #8991, 1000.00000000000 );
#6892 = CARTESIAN_POINT( '', ( -3.51000000000000, -2.42500000000000, 1.41500000000000 ) );
#6893 = CARTESIAN_POINT( '', ( -3.51000000001000, -2.42500000001000, 0.890000000010000 ) );
#6894 = VECTOR( '', #8992, 1000.00000000000 );
#6895 = CARTESIAN_POINT( '', ( -3.51000000001000, -1.20500000001000, 1.41500000001000 ) );
#6896 = VECTOR( '', #8993, 1000.00000000000 );
#6897 = CARTESIAN_POINT( '', ( 1.37500000000000, -2.72500000000000, -2.01000000000000 ) );
#6898 = CARTESIAN_POINT( '', ( 1.62500000000000, -2.72500000000000, -2.01000000000000 ) );
#6899 = CARTESIAN_POINT( '', ( 1.37500000001000, -2.72500000001000, -2.01000000001000 ) );
#6900 = VECTOR( '', #8994, 1000.00000000000 );
#6901 = CARTESIAN_POINT( '', ( 1.62500000000000, -2.72500000000000, -1.35000000000000 ) );
#6902 = CARTESIAN_POINT( '', ( 1.62500000001000, -2.72500000001000, -1.35000000001000 ) );
#6903 = VECTOR( '', #8995, 1000.00000000000 );
#6904 = CARTESIAN_POINT( '', ( 1.37500000000000, -2.72500000000000, -1.35000000000000 ) );
#6905 = CARTESIAN_POINT( '', ( 1.37500000001000, -2.72500000001000, -1.35000000001000 ) );
#6906 = VECTOR( '', #8996, 1000.00000000000 );
#6907 = CARTESIAN_POINT( '', ( 1.37500000001000, -2.72500000001000, -1.35000000001000 ) );
#6908 = VECTOR( '', #8997, 1000.00000000000 );
#6909 = CARTESIAN_POINT( '', ( -3.80500000000000, -1.20500000000000, 1.41500000000000 ) );
#6910 = CARTESIAN_POINT( '', ( -3.73000000000000, -1.20500000000000, 1.34000000000000 ) );
#6911 = CARTESIAN_POINT( '', ( -3.80500000001000, -1.20500000001000, 1.41500000001000 ) );
#6912 = VECTOR( '', #8998, 1000.00000000000 );
#6913 = CARTESIAN_POINT( '', ( -3.80500000000000, -2.42500000000000, 1.41500000000000 ) );
#6914 = CARTESIAN_POINT( '', ( -3.80500000001000, -1.20500000001000, 1.41500000001000 ) );
#6915 = VECTOR( '', #8999, 1000.00000000000 );
#6916 = CARTESIAN_POINT( '', ( -3.73000000000000, -2.42500000000000, 1.34000000000000 ) );
#6917 = CARTESIAN_POINT( '', ( -3.73000000001000, -2.42500000001000, 1.34000000001000 ) );
#6918 = VECTOR( '', #9000, 1000.00000000000 );
#6919 = CARTESIAN_POINT( '', ( -3.73000000001000, -1.20500000001000, 1.34000000001000 ) );
#6920 = VECTOR( '', #9001, 1000.00000000000 );
#6921 = CARTESIAN_POINT( '', ( 0.324945655805304, -1.32500143684428, 2.45999690694322 ) );
#6922 = CARTESIAN_POINT( '', ( -0.324945341829094, -1.32500165285086, 2.45999664528467 ) );
#6923 = AXIS2_PLACEMENT_3D( '', #9002, #9003, #9004 );
#6924 = CARTESIAN_POINT( '', ( 0.324948115447600, -1.32500000000000, 2.96000000000000 ) );
#6925 = CARTESIAN_POINT( '', ( 0.324948115457600, -1.32500000001000, 2.96000000001000 ) );
#6926 = VECTOR( '', #9005, 1000.00000000000 );
#6927 = CARTESIAN_POINT( '', ( -0.324948115447600, -1.32500000000000, 2.96000000000000 ) );
#6928 = CARTESIAN_POINT( '', ( -0.324948115457600, -1.32500000001000, 2.96000000001000 ) );
#6929 = VECTOR( '', #9006, 1000.00000000000 );
#6930 = CARTESIAN_POINT( '', ( -0.324946563782600, -1.32500108632600, 2.46000000294400 ) );
#6931 = VECTOR( '', #9007, 1000.00000000000 );
#6932 = CARTESIAN_POINT( '', ( 2.37500000000000, 0.488216372009100, 0.391571150398800 ) );
#6933 = CARTESIAN_POINT( '', ( 2.62500000000000, 0.488216372009100, 0.391571150398800 ) );
#6934 = CARTESIAN_POINT( '', ( 2.37500000001000, 0.488216372019100, 0.391571150408800 ) );
#6935 = VECTOR( '', #9008, 1000.00000000000 );
#6936 = CARTESIAN_POINT( '', ( 2.62500000000000, 0.575000000000000, 0.292448360330500 ) );
#6937 = AXIS2_PLACEMENT_3D( '', #9009, #9010, #9011 );
#6938 = CARTESIAN_POINT( '', ( 2.37500000000000, 0.575000000000000, 0.292448360330500 ) );
#6939 = CARTESIAN_POINT( '', ( 2.37500000001000, 0.575000000010000, 0.292448360340500 ) );
#6940 = VECTOR( '', #9012, 1000.00000000000 );
#6941 = AXIS2_PLACEMENT_3D( '', #9013, #9014, #9015 );
#6942 = CARTESIAN_POINT( '', ( -2.80000000000000, 2.48500000000000, 1.49000000000000 ) );
#6943 = CARTESIAN_POINT( '', ( -2.80000000000000, 2.48500000000000, 1.31000093591000 ) );
#6944 = CARTESIAN_POINT( '', ( -2.80000000001000, 2.48500000001000, 1.49000000001000 ) );
#6945 = VECTOR( '', #9016, 1000.00000000000 );
#6946 = CARTESIAN_POINT( '', ( -2.80000000000000, 2.07500000000000, 1.49000000000000 ) );
#6947 = CARTESIAN_POINT( '', ( -2.80000000001000, 2.07500000001000, 1.49000000001000 ) );
#6948 = VECTOR( '', #9017, 1000.00000000000 );
#6949 = CARTESIAN_POINT( '', ( -2.80000049743200, 2.07499999792100, 1.31000049778100 ) );
#6950 = CARTESIAN_POINT( '', ( -2.80000000001000, 2.07500000001000, 1.49000000001000 ) );
#6951 = VECTOR( '', #9018, 1000.00000000000 );
#6952 = CARTESIAN_POINT( '', ( -2.80000011699900, 2.48500000125000, 1.31000011699800 ) );
#6953 = VECTOR( '', #9019, 1000.00000000000 );
#6954 = CARTESIAN_POINT( '', ( 3.57500000000000, 2.68500000000000, 0.560000000000000 ) );
#6955 = CARTESIAN_POINT( '', ( 3.57500000000000, -0.715000000000000, 0.560000000000000 ) );
#6956 = CARTESIAN_POINT( '', ( 3.57500000001000, 2.68500000001000, 0.560000000010000 ) );
#6957 = VECTOR( '', #9020, 1000.00000000000 );
#6958 = CARTESIAN_POINT( '', ( 3.57500000000000, -0.715000000000000, 1.16000000000000 ) );
#6959 = CARTESIAN_POINT( '', ( 3.57500000001000, -0.715000000010000, 1.16000000001000 ) );
#6960 = VECTOR( '', #9021, 1000.00000000000 );
#6961 = CARTESIAN_POINT( '', ( 3.57500000000000, 2.53500000000000, 1.16000000000000 ) );
#6962 = CARTESIAN_POINT( '', ( 3.57500000001000, 2.53500000001000, 1.16000000001000 ) );
#6963 = VECTOR( '', #9022, 1000.00000000000 );
#6964 = CARTESIAN_POINT( '', ( 3.57500000000000, 2.68500000000000, 1.31000000000000 ) );
#6965 = CARTESIAN_POINT( '', ( 3.57500000001000, 2.53500000001000, 1.16000000001000 ) );
#6966 = VECTOR( '', #9023, 1000.00000000000 );
#6967 = CARTESIAN_POINT( '', ( 3.57500000001000, 2.68500000001000, 0.560000000010000 ) );
#6968 = VECTOR( '', #9024, 1000.00000000000 );
#6969 = CARTESIAN_POINT( '', ( 3.22500000000000, 2.53500000000000, -1.18000000000000 ) );
#6970 = CARTESIAN_POINT( '', ( 3.22500000000000, -1.42500000000000, -1.18000000000000 ) );
#6971 = CARTESIAN_POINT( '', ( 3.22500000001000, 2.53500000001000, -1.18000000001000 ) );
#6972 = VECTOR( '', #9025, 1000.00000000000 );
#6973 = CARTESIAN_POINT( '', ( 3.22500000000000, -1.42500000000000, 1.16000000000000 ) );
#6974 = CARTESIAN_POINT( '', ( 3.22500000001000, -1.42500000001000, 1.16000000001000 ) );
#6975 = VECTOR( '', #9026, 1000.00000000000 );
#6976 = CARTESIAN_POINT( '', ( 3.22500000000000, -0.715000000000000, 1.16000000000000 ) );
#6977 = CARTESIAN_POINT( '', ( 3.22500000001000, -0.715000000010000, 1.16000000001000 ) );
#6978 = VECTOR( '', #9027, 1000.00000000000 );
#6979 = CARTESIAN_POINT( '', ( 3.22500000000000, -0.715000000000000, 0.560000000000000 ) );
#6980 = CARTESIAN_POINT( '', ( 3.22500000001000, -0.715000000010000, 1.16000000001000 ) );
#6981 = VECTOR( '', #9028, 1000.00000000000 );
#6982 = CARTESIAN_POINT( '', ( 3.22500000000000, 2.53500000000000, 0.560000000000000 ) );
#6983 = CARTESIAN_POINT( '', ( 3.22500000001000, 2.53500000001000, 0.560000000010000 ) );
#6984 = VECTOR( '', #9029, 1000.00000000000 );
#6985 = CARTESIAN_POINT( '', ( 3.22500000001000, 2.53500000001000, -1.18000000001000 ) );
#6986 = VECTOR( '', #9030, 1000.00000000000 );
#6987 = CARTESIAN_POINT( '', ( -0.950000000000000, 0.425000000000000, 2.96000000000000 ) );
#6988 = CARTESIAN_POINT( '', ( -0.950000000000000, 0.425000000000000, 2.56000000000000 ) );
#6989 = CARTESIAN_POINT( '', ( -0.950000000010000, 0.425000000010000, 2.96000000001000 ) );
#6990 = VECTOR( '', #9031, 1000.00000000000 );
#6991 = CARTESIAN_POINT( '', ( -0.950000000000000, 1.47500000000000, 2.56000000000000 ) );
#6992 = CARTESIAN_POINT( '', ( -0.950000000010000, 1.47500000001000, 2.56000000001000 ) );
#6993 = VECTOR( '', #9032, 1000.00000000000 );
#6994 = CARTESIAN_POINT( '', ( -0.950000000000000, 1.47500000000000, 2.96000000000000 ) );
#6995 = CARTESIAN_POINT( '', ( -0.950000000010000, 1.47500000001000, 2.96000000001000 ) );
#6996 = VECTOR( '', #9033, 1000.00000000000 );
#6997 = CARTESIAN_POINT( '', ( -0.950000000010000, 1.47500000001000, 2.96000000001000 ) );
#6998 = VECTOR( '', #9034, 1000.00000000000 );
#6999 = CARTESIAN_POINT( '', ( 2.37500000000000, -2.47500000000000, -2.11000000000000 ) );
#7000 = CARTESIAN_POINT( '', ( 2.62500000000000, -2.47500000000000, -2.11000000000000 ) );
#7001 = CARTESIAN_POINT( '', ( 2.37500000001000, -2.47500000001000, -2.11000000001000 ) );
#7002 = VECTOR( '', #9035, 1000.00000000000 );
#7003 = CARTESIAN_POINT( '', ( 2.62500000000000, -2.62500000000000, -2.11000000000000 ) );
#7004 = CARTESIAN_POINT( '', ( 2.62500000001000, -2.62500000001000, -2.11000000001000 ) );
#7005 = VECTOR( '', #9036, 1000.00000000000 );
#7006 = CARTESIAN_POINT( '', ( 2.37500000000000, -2.62500000000000, -2.11000000000000 ) );
#7007 = CARTESIAN_POINT( '', ( 2.37500000001000, -2.62500000001000, -2.11000000001000 ) );
#7008 = VECTOR( '', #9037, 1000.00000000000 );
#7009 = CARTESIAN_POINT( '', ( 2.37500000001000, -2.62500000001000, -2.11000000001000 ) );
#7010 = VECTOR( '', #9038, 1000.00000000000 );
#7011 = CARTESIAN_POINT( '', ( 2.37500000000000, 0.575000000000000, 0.147551639669500 ) );
#7012 = CARTESIAN_POINT( '', ( 2.62500000000000, 0.575000000000000, 0.147551639669500 ) );
#7013 = CARTESIAN_POINT( '', ( 2.37500000001000, 0.575000000010000, 0.147551639679500 ) );
#7014 = VECTOR( '', #9039, 1000.00000000000 );
#7015 = CARTESIAN_POINT( '', ( 2.62500000000000, 0.488216372009100, 0.0484288496012100 ) );
#7016 = AXIS2_PLACEMENT_3D( '', #9040, #9041, #9042 );
#7017 = CARTESIAN_POINT( '', ( 2.37500000000000, 0.488216372009100, 0.0484288496012100 ) );
#7018 = CARTESIAN_POINT( '', ( 2.37500000001000, 0.488216372019100, 0.0484288496112100 ) );
#7019 = VECTOR( '', #9043, 1000.00000000000 );
#7020 = AXIS2_PLACEMENT_3D( '', #9044, #9045, #9046 );
#7021 = CARTESIAN_POINT( '', ( 4.00000000000000, -2.67500000000000, -0.170000000000000 ) );
#7022 = CARTESIAN_POINT( '', ( 4.00000000000000, -2.42500000000000, -0.170000000000000 ) );
#7023 = CARTESIAN_POINT( '', ( 4.00000000001000, -2.67500000001000, -0.170000000010000 ) );
#7024 = VECTOR( '', #9047, 1000.00000000000 );
#7025 = CARTESIAN_POINT( '', ( 4.00000000000000, -2.67500000000000, -0.710000000000000 ) );
#7026 = CARTESIAN_POINT( '', ( 4.00000000001000, -2.67500000001000, -0.170000000010000 ) );
#7027 = VECTOR( '', #9048, 1000.00000000000 );
#7028 = CARTESIAN_POINT( '', ( 4.00000000000000, -2.47500000000000, -0.910000000000000 ) );
#7029 = CARTESIAN_POINT( '', ( 4.00000000001000, -2.67500000001000, -0.710000000010000 ) );
#7030 = VECTOR( '', #9049, 1000.00000000000 );
#7031 = CARTESIAN_POINT( '', ( 4.00000000000000, -2.12500000000000, -0.910000000000000 ) );
#7032 = CARTESIAN_POINT( '', ( 4.00000000001000, -2.47500000001000, -0.910000000010000 ) );
#7033 = VECTOR( '', #9050, 1000.00000000000 );
#7034 = CARTESIAN_POINT( '', ( 4.00000000000000, -2.12500000000000, -1.31000000000000 ) );
#7035 = CARTESIAN_POINT( '', ( 4.00000000001000, -2.12500000001000, -1.31000000001000 ) );
#7036 = VECTOR( '', #9051, 1000.00000000000 );
#7037 = CARTESIAN_POINT( '', ( 4.00000000000000, 2.68500000000000, -1.31000000000000 ) );
#7038 = CARTESIAN_POINT( '', ( 4.00000000001000, -2.12500000001000, -1.31000000001000 ) );
#7039 = VECTOR( '', #9052, 1000.00000000000 );
#7040 = CARTESIAN_POINT( '', ( 4.00000000001000, 2.68500000001000, 1.29000000001000 ) );
#7041 = VECTOR( '', #9053, 1000.00000000000 );
#7042 = CARTESIAN_POINT( '', ( 4.00000000001000, -2.42500000001000, 1.29000000001000 ) );
#7043 = VECTOR( '', #9054, 1000.00000000000 );
#7044 = CARTESIAN_POINT( '', ( 0.375000000000000, -2.72500000000000, -1.35000000000000 ) );
#7045 = CARTESIAN_POINT( '', ( 0.625000000000000, -2.72500000000000, -1.35000000000000 ) );
#7046 = CARTESIAN_POINT( '', ( 0.375000000010000, -2.72500000001000, -1.35000000001000 ) );
#7047 = VECTOR( '', #9055, 1000.00000000000 );
#7048 = CARTESIAN_POINT( '', ( 0.625000000000000, -2.52500000000000, -1.06437039865200 ) );
#7049 = CARTESIAN_POINT( '', ( 0.625000000010000, -2.52500000001000, -1.06437039866200 ) );
#7050 = VECTOR( '', #9056, 1000.00000000000 );
#7051 = CARTESIAN_POINT( '', ( 0.375000000000000, -2.52500000000000, -1.06437039865200 ) );
#7052 = CARTESIAN_POINT( '', ( 0.375000000010000, -2.52500000001000, -1.06437039866200 ) );
#7053 = VECTOR( '', #9057, 1000.00000000000 );
#7054 = CARTESIAN_POINT( '', ( 0.375000000010000, -2.52500000001000, -1.06437039866200 ) );
#7055 = VECTOR( '', #9058, 1000.00000000000 );
#7056 = CARTESIAN_POINT( '', ( -2.95000023397600, 2.48500000000000, 1.16000000000000 ) );
#7057 = CARTESIAN_POINT( '', ( -2.95000116067400, 2.07499999514800, 1.16000116148900 ) );
#7058 = CARTESIAN_POINT( '', ( -2.95000003900600, 2.48500000042300, 1.16000003900600 ) );
#7059 = VECTOR( '', #9059, 1000.00000000000 );
#7060 = CARTESIAN_POINT( '', ( -2.60000000000000, 1.72499682869900, 1.16000379518100 ) );
#7061 = AXIS2_PLACEMENT_3D( '', #9060, #9061, #9062 );
#7062 = CARTESIAN_POINT( '', ( -2.00000000000000, 1.72500000000000, 1.16000000000000 ) );
#7063 = CARTESIAN_POINT( '', ( -2.60000000101500, 1.72499883912500, 1.16000116128800 ) );
#7064 = VECTOR( '', #9063, 1000.00000000000 );
#7065 = CARTESIAN_POINT( '', ( -2.00000000000000, -1.42500000000000, 1.16000000000000 ) );
#7066 = CARTESIAN_POINT( '', ( -2.00000000001000, 1.72500000001000, 1.16000000001000 ) );
#7067 = VECTOR( '', #9064, 1000.00000000000 );
#7068 = CARTESIAN_POINT( '', ( -3.22500000000000, -1.42500000000000, 1.16000000000000 ) );
#7069 = CARTESIAN_POINT( '', ( -3.22500000001000, -1.42500000001000, 1.16000000001000 ) );
#7070 = VECTOR( '', #9065, 1000.00000000000 );
#7071 = CARTESIAN_POINT( '', ( -3.22500000000000, -0.715000000000000, 1.16000000000000 ) );
#7072 = CARTESIAN_POINT( '', ( -3.22500000001000, -0.715000000010000, 1.16000000001000 ) );
#7073 = VECTOR( '', #9066, 1000.00000000000 );
#7074 = CARTESIAN_POINT( '', ( -3.57500000000000, -0.715000000000000, 1.16000000000000 ) );
#7075 = CARTESIAN_POINT( '', ( -3.57500000001000, -0.715000000010000, 1.16000000001000 ) );
#7076 = VECTOR( '', #9067, 1000.00000000000 );
#7077 = CARTESIAN_POINT( '', ( -3.57500000000000, 2.53500000000000, 1.16000000000000 ) );
#7078 = CARTESIAN_POINT( '', ( -3.57500000001000, 2.53500000001000, 1.16000000001000 ) );
#7079 = VECTOR( '', #9068, 1000.00000000000 );
#7080 = CARTESIAN_POINT( '', ( -3.00001844078770, 2.53499993155629, 1.16000000954988 ) );
#7081 = CARTESIAN_POINT( '', ( -3.57500000001000, 2.53500000001000, 1.16000000001000 ) );
#7082 = VECTOR( '', #9069, 1000.00000000000 );
#7083 = AXIS2_PLACEMENT_3D( '', #9070, #9071, #9072 );
#7084 = CARTESIAN_POINT( '', ( 0.375000000000000, 0.575000000000000, 0.292448360330500 ) );
#7085 = CARTESIAN_POINT( '', ( 0.625000000000000, 0.575000000000000, 0.292448360330500 ) );
#7086 = CARTESIAN_POINT( '', ( 0.375000000010000, 0.575000000010000, 0.292448360340500 ) );
#7087 = VECTOR( '', #9073, 1000.00000000000 );
#7088 = CARTESIAN_POINT( '', ( 0.625000000000000, 0.575000000000000, 0.147551639669500 ) );
#7089 = CARTESIAN_POINT( '', ( 0.625000000010000, 0.575000000010000, 0.147551639679500 ) );
#7090 = VECTOR( '', #9074, 1000.00000000000 );
#7091 = CARTESIAN_POINT( '', ( 0.375000000000000, 0.575000000000000, 0.147551639669500 ) );
#7092 = CARTESIAN_POINT( '', ( 0.375000000010000, 0.575000000010000, 0.147551639679500 ) );
#7093 = VECTOR( '', #9075, 1000.00000000000 );
#7094 = CARTESIAN_POINT( '', ( 0.375000000010000, 0.575000000010000, 0.147551639679500 ) );
#7095 = VECTOR( '', #9076, 1000.00000000000 );
#7096 = CARTESIAN_POINT( '', ( 3.72000000000000, -1.22500000000000, 0.890000000000000 ) );
#7097 = CARTESIAN_POINT( '', ( 3.52000000000000, -1.22500000000000, 0.890000000000000 ) );
#7098 = CARTESIAN_POINT( '', ( 3.72000000001000, -1.22500000001000, 0.890000000010000 ) );
#7099 = VECTOR( '', #9077, 1000.00000000000 );
#7100 = CARTESIAN_POINT( '', ( 3.72000000000000, -2.42500000000000, 0.890000000000000 ) );
#7101 = CARTESIAN_POINT( '', ( 3.72000000001000, -2.42500000001000, 0.890000000010000 ) );
#7102 = VECTOR( '', #9078, 1000.00000000000 );
#7103 = CARTESIAN_POINT( '', ( 3.73000000000000, -2.42500000000000, 0.890000000000000 ) );
#7104 = CARTESIAN_POINT( '', ( 3.73000000001000, -2.42500000001000, 0.890000000010000 ) );
#7105 = VECTOR( '', #9079, 1000.00000000000 );
#7106 = CARTESIAN_POINT( '', ( 3.73000000000000, -1.20500000000000, 0.890000000000000 ) );
#7107 = CARTESIAN_POINT( '', ( 3.73000000001000, -2.42500000001000, 0.890000000010000 ) );
#7108 = VECTOR( '', #9080, 1000.00000000000 );
#7109 = CARTESIAN_POINT( '', ( 3.51000000000000, -1.20500000000000, 0.890000000000000 ) );
#7110 = CARTESIAN_POINT( '', ( 3.73000000001000, -1.20500000001000, 0.890000000010000 ) );
#7111 = VECTOR( '', #9081, 1000.00000000000 );
#7112 = CARTESIAN_POINT( '', ( 3.51000000000000, -2.42500000000000, 0.890000000000000 ) );
#7113 = CARTESIAN_POINT( '', ( 3.51000000001000, -1.20500000001000, 0.890000000010000 ) );
#7114 = VECTOR( '', #9082, 1000.00000000000 );
#7115 = CARTESIAN_POINT( '', ( 3.52000000000000, -2.42500000000000, 0.890000000000000 ) );
#7116 = CARTESIAN_POINT( '', ( 3.52000000001000, -2.42500000001000, 0.890000000010000 ) );
#7117 = VECTOR( '', #9083, 1000.00000000000 );
#7118 = CARTESIAN_POINT( '', ( 3.52000000001000, -2.42500000001000, 0.890000000010000 ) );
#7119 = VECTOR( '', #9084, 1000.00000000000 );
#7120 = AXIS2_PLACEMENT_3D( '', #9085, #9086, #9087 );
#7121 = AXIS2_PLACEMENT_3D( '', #9088, #9089, #9090 );
#7122 = CARTESIAN_POINT( '', ( 2.00000000000000, 2.52198113207500, 2.56000000000000 ) );
#7123 = CARTESIAN_POINT( '', ( -2.00000000000000, 2.52198113207500, 2.56000000000000 ) );
#7124 = CARTESIAN_POINT( '', ( 2.00000000001000, 2.52198113208500, 2.56000000001000 ) );
#7125 = VECTOR( '', #9091, 1000.00000000000 );
#7126 = CARTESIAN_POINT( '', ( -2.00000000000000, 1.87500000000000, 1.92500000000000 ) );
#7127 = CARTESIAN_POINT( '', ( -2.00000000001000, 2.52198113208500, 2.56000000001000 ) );
#7128 = VECTOR( '', #9092, 1000.00000000000 );
#7129 = CARTESIAN_POINT( '', ( -2.25000000000000, 1.87500000000000, 1.92500000000000 ) );
#7130 = CARTESIAN_POINT( '', ( -2.25000000001000, 1.87500000001000, 1.92500000001000 ) );
#7131 = VECTOR( '', #9093, 1000.00000000000 );
#7132 = CARTESIAN_POINT( '', ( -2.25000000000000, 2.68500000000000, 2.72000000000000 ) );
#7133 = CARTESIAN_POINT( '', ( -2.25000000001000, 2.68500000001000, 2.72000000001000 ) );
#7134 = VECTOR( '', #9094, 1000.00000000000 );
#7135 = CARTESIAN_POINT( '', ( 2.25000000000000, 2.68500000000000, 2.72000000000000 ) );
#7136 = CARTESIAN_POINT( '', ( -2.25000000001000, 2.68500000001000, 2.72000000001000 ) );
#7137 = VECTOR( '', #9095, 1000.00000000000 );
#7138 = CARTESIAN_POINT( '', ( 2.25000000000000, 1.87500000000000, 1.92500000000000 ) );
#7139 = CARTESIAN_POINT( '', ( 2.25000000001000, 2.68500000001000, 2.72000000001000 ) );
#7140 = VECTOR( '', #9096, 1000.00000000000 );
#7141 = CARTESIAN_POINT( '', ( 2.00000000000000, 1.87500000000000, 1.92500000000000 ) );
#7142 = CARTESIAN_POINT( '', ( 2.00000000001000, 1.87500000001000, 1.92500000001000 ) );
#7143 = VECTOR( '', #9097, 1000.00000000000 );
#7144 = CARTESIAN_POINT( '', ( 2.00000000001000, 1.87500000001000, 1.92500000001000 ) );
#7145 = VECTOR( '', #9098, 1000.00000000000 );
#7146 = CARTESIAN_POINT( '', ( -1.17500000000000, -2.47500000000000, 1.34000000000000 ) );
#7147 = CARTESIAN_POINT( '', ( -1.17500000000000, -2.67500000000000, 1.14000000000000 ) );
#7148 = CARTESIAN_POINT( '', ( -1.17500000001000, -2.47500000001000, 1.34000000001000 ) );
#7149 = VECTOR( '', #9099, 1000.00000000000 );
#7150 = CARTESIAN_POINT( '', ( -1.17500000000000, -2.12500000000000, 1.34000000000000 ) );
#7151 = CARTESIAN_POINT( '', ( -1.17500000001000, -2.12500000001000, 1.34000000001000 ) );
#7152 = VECTOR( '', #9100, 1000.00000000000 );
#7153 = CARTESIAN_POINT( '', ( -1.17500000000000, -2.12500000000000, -0.910000000000000 ) );
#7154 = CARTESIAN_POINT( '', ( -1.17500000001000, -2.12500000001000, 1.34000000001000 ) );
#7155 = VECTOR( '', #9101, 1000.00000000000 );
#7156 = CARTESIAN_POINT( '', ( -1.17500000000000, -2.47500000000000, -0.910000000000000 ) );
#7157 = CARTESIAN_POINT( '', ( -1.17500000001000, -2.47500000001000, -0.910000000010000 ) );
#7158 = VECTOR( '', #9102, 1000.00000000000 );
#7159 = CARTESIAN_POINT( '', ( -1.17500000000000, -2.67500000000000, -0.710000000000000 ) );
#7160 = CARTESIAN_POINT( '', ( -1.17500000001000, -2.67500000001000, -0.710000000010000 ) );
#7161 = VECTOR( '', #9103, 1000.00000000000 );
#7162 = CARTESIAN_POINT( '', ( -1.17500000001000, -2.67500000001000, 1.14000000001000 ) );
#7163 = VECTOR( '', #9104, 1000.00000000000 );
#7164 = CARTESIAN_POINT( '', ( 2.25000000000000, -1.82500000000000, 1.59000000000000 ) );
#7165 = CARTESIAN_POINT( '', ( 2.25000000000000, -1.82500000000000, 2.76000000000000 ) );
#7166 = CARTESIAN_POINT( '', ( 2.25000000001000, -1.82500000001000, 1.59000000001000 ) );
#7167 = VECTOR( '', #9105, 1000.00000000000 );
#7168 = CARTESIAN_POINT( '', ( 2.25000000000000, 1.87500000000000, 1.59000000000000 ) );
#7169 = CARTESIAN_POINT( '', ( 2.25000000001000, -1.82500000001000, 1.59000000001000 ) );
#7170 = VECTOR( '', #9106, 1000.00000000000 );
#7171 = CARTESIAN_POINT( '', ( 2.25000000001000, 1.87500000001000, 1.92500000001000 ) );
#7172 = VECTOR( '', #9107, 1000.00000000000 );
#7173 = CARTESIAN_POINT( '', ( 2.25000000000000, 2.68500000000000, 2.76000000000000 ) );
#7174 = CARTESIAN_POINT( '', ( 2.25000000001000, 2.68500000001000, 2.76000000001000 ) );
#7175 = VECTOR( '', #9108, 1000.00000000000 );
#7176 = CARTESIAN_POINT( '', ( 2.25000000001000, 2.68500000001000, 2.76000000001000 ) );
#7177 = VECTOR( '', #9109, 1000.00000000000 );
#7178 = CARTESIAN_POINT( '', ( -2.17500000000000, -2.67500000000000, -0.710000000000000 ) );
#7179 = CARTESIAN_POINT( '', ( -1.82500000000000, -2.67500000000000, -0.710000000000000 ) );
#7180 = CARTESIAN_POINT( '', ( -2.17500000001000, -2.67500000001000, -0.710000000010000 ) );
#7181 = VECTOR( '', #9110, 1000.00000000000 );
#7182 = CARTESIAN_POINT( '', ( -1.82500000000000, -2.67500000000000, 1.14000000000000 ) );
#7183 = CARTESIAN_POINT( '', ( -1.82500000001000, -2.67500000001000, 1.14000000001000 ) );
#7184 = VECTOR( '', #9111, 1000.00000000000 );
#7185 = CARTESIAN_POINT( '', ( -2.17500000000000, -2.67500000000000, 1.14000000000000 ) );
#7186 = CARTESIAN_POINT( '', ( -2.17500000001000, -2.67500000001000, 1.14000000001000 ) );
#7187 = VECTOR( '', #9112, 1000.00000000000 );
#7188 = CARTESIAN_POINT( '', ( -2.17500000001000, -2.67500000001000, 1.14000000001000 ) );
#7189 = VECTOR( '', #9113, 1000.00000000000 );
#7190 = CARTESIAN_POINT( '', ( 2.37500000000000, -2.72500000000000, -1.35000000000000 ) );
#7191 = CARTESIAN_POINT( '', ( 2.62500000000000, -2.72500000000000, -1.35000000000000 ) );
#7192 = CARTESIAN_POINT( '', ( 2.37500000001000, -2.72500000001000, -1.35000000001000 ) );
#7193 = VECTOR( '', #9114, 1000.00000000000 );
#7194 = CARTESIAN_POINT( '', ( 2.62500000000000, -2.52500000000000, -1.06437039865200 ) );
#7195 = CARTESIAN_POINT( '', ( 2.62500000001000, -2.52500000001000, -1.06437039866200 ) );
#7196 = VECTOR( '', #9115, 1000.00000000000 );
#7197 = CARTESIAN_POINT( '', ( 2.37500000000000, -2.52500000000000, -1.06437039865200 ) );
#7198 = CARTESIAN_POINT( '', ( 2.37500000001000, -2.52500000001000, -1.06437039866200 ) );
#7199 = VECTOR( '', #9116, 1000.00000000000 );
#7200 = CARTESIAN_POINT( '', ( 2.37500000001000, -2.52500000001000, -1.06437039866200 ) );
#7201 = VECTOR( '', #9117, 1000.00000000000 );
#7202 = CARTESIAN_POINT( '', ( 2.82500000000000, -2.67500000000000, 1.14000000000000 ) );
#7203 = CARTESIAN_POINT( '', ( 3.10000000000000, -2.67500000000000, 1.14000000000000 ) );
#7204 = CARTESIAN_POINT( '', ( 2.82500000001000, -2.67500000001000, 1.14000000001000 ) );
#7205 = VECTOR( '', #9118, 1000.00000000000 );
#7206 = CARTESIAN_POINT( '', ( 3.10000000000000, -2.47500000000000, 1.34000000000000 ) );
#7207 = CARTESIAN_POINT( '', ( 3.10000000001000, -2.47500000001000, 1.34000000001000 ) );
#7208 = VECTOR( '', #9119, 1000.00000000000 );
#7209 = CARTESIAN_POINT( '', ( 2.82500000000000, -2.47500000000000, 1.34000000000000 ) );
#7210 = CARTESIAN_POINT( '', ( 2.82500000001000, -2.47500000001000, 1.34000000001000 ) );
#7211 = VECTOR( '', #9120, 1000.00000000000 );
#7212 = CARTESIAN_POINT( '', ( 2.82500000001000, -2.47500000001000, 1.34000000001000 ) );
#7213 = VECTOR( '', #9121, 1000.00000000000 );
#7214 = CARTESIAN_POINT( '', ( -2.62500000000000, -1.42500000000000, -0.0200000000000000 ) );
#7215 = CARTESIAN_POINT( '', ( -2.62500000000000, -0.0250000000000000, -0.0200000000000000 ) );
#7216 = CARTESIAN_POINT( '', ( -2.62500000001000, -1.42500000001000, -0.0200000000100000 ) );
#7217 = VECTOR( '', #9122, 1000.00000000000 );
#7218 = CARTESIAN_POINT( '', ( -2.37500000000000, -0.0250000000000000, -0.0200000000000000 ) );
#7219 = CARTESIAN_POINT( '', ( -2.62500000001000, -0.0250000000100000, -0.0200000000100000 ) );
#7220 = VECTOR( '', #9123, 1000.00000000000 );
#7221 = CARTESIAN_POINT( '', ( -2.37500000000000, -1.42500000000000, -0.0200000000000000 ) );
#7222 = CARTESIAN_POINT( '', ( -2.37500000001000, -1.42500000001000, -0.0200000000100000 ) );
#7223 = VECTOR( '', #9124, 1000.00000000000 );
#7224 = CARTESIAN_POINT( '', ( -2.62500000001000, -1.42500000001000, -0.0200000000100000 ) );
#7225 = VECTOR( '', #9125, 1000.00000000000 );
#7226 = CARTESIAN_POINT( '', ( 0.625000000000000, -2.52500000000000, 1.02000000000000 ) );
#7227 = CARTESIAN_POINT( '', ( 0.625000000010000, -2.52500000001000, 1.02000000001000 ) );
#7228 = VECTOR( '', #9126, 1000.00000000000 );
#7229 = CARTESIAN_POINT( '', ( 0.375000000000000, -2.52500000000000, 1.02000000000000 ) );
#7230 = CARTESIAN_POINT( '', ( 0.375000000010000, -2.52500000001000, 1.02000000001000 ) );
#7231 = VECTOR( '', #9127, 1000.00000000000 );
#7232 = CARTESIAN_POINT( '', ( 0.375000000010000, -2.52500000001000, 1.02000000001000 ) );
#7233 = VECTOR( '', #9128, 1000.00000000000 );
#7234 = CARTESIAN_POINT( '', ( 3.10000000000000, -2.42500000000000, 1.34000000000000 ) );
#7235 = CARTESIAN_POINT( '', ( 3.10000000001000, -2.42500000001000, 1.34000000001000 ) );
#7236 = VECTOR( '', #9129, 1000.00000000000 );
#7237 = CARTESIAN_POINT( '', ( 3.10000000000000, -2.12500000000000, 1.34000000000000 ) );
#7238 = CARTESIAN_POINT( '', ( 3.10000000001000, -2.42500000001000, 1.34000000001000 ) );
#7239 = VECTOR( '', #9130, 1000.00000000000 );
#7240 = CARTESIAN_POINT( '', ( 2.82500000000000, -2.12500000000000, 1.34000000000000 ) );
#7241 = CARTESIAN_POINT( '', ( 2.82500000001000, -2.12500000001000, 1.34000000001000 ) );
#7242 = VECTOR( '', #9131, 1000.00000000000 );
#7243 = CARTESIAN_POINT( '', ( 2.82500000001000, -2.12500000001000, 1.34000000001000 ) );
#7244 = VECTOR( '', #9132, 1000.00000000000 );
#7245 = CARTESIAN_POINT( '', ( -0.625000000000000, 0.488216372009100, 0.0484288496012100 ) );
#7246 = CARTESIAN_POINT( '', ( -0.375000000000000, 0.488216372009100, 0.0484288496012100 ) );
#7247 = CARTESIAN_POINT( '', ( -0.625000000010000, 0.488216372019100, 0.0484288496112100 ) );
#7248 = VECTOR( '', #9133, 1000.00000000000 );
#7249 = CARTESIAN_POINT( '', ( -0.375000000000000, -0.0250000000000000, -0.0200000000000000 ) );
#7250 = CARTESIAN_POINT( '', ( -0.375000000010000, -0.0250000000100000, -0.0200000000100000 ) );
#7251 = VECTOR( '', #9134, 1000.00000000000 );
#7252 = CARTESIAN_POINT( '', ( -0.625000000000000, -0.0250000000000000, -0.0200000000000000 ) );
#7253 = CARTESIAN_POINT( '', ( -0.625000000010000, -0.0250000000100000, -0.0200000000100000 ) );
#7254 = VECTOR( '', #9135, 1000.00000000000 );
#7255 = CARTESIAN_POINT( '', ( -0.625000000010000, -0.0250000000100000, -0.0200000000100000 ) );
#7256 = VECTOR( '', #9136, 1000.00000000000 );
#7257 = CARTESIAN_POINT( '', ( 3.51000000000000, -1.20500000000000, 1.41500000000000 ) );
#7258 = CARTESIAN_POINT( '', ( 3.51000000001000, -1.20500000001000, 1.41500000001000 ) );
#7259 = VECTOR( '', #9137, 1000.00000000000 );
#7260 = CARTESIAN_POINT( '', ( 3.73000000000000, -1.20500000000000, 1.34000000000000 ) );
#7261 = CARTESIAN_POINT( '', ( 3.73000000001000, -1.20500000001000, 1.34000000001000 ) );
#7262 = VECTOR( '', #9138, 1000.00000000000 );
#7263 = CARTESIAN_POINT( '', ( 3.80500000000000, -1.20500000000000, 1.41500000000000 ) );
#7264 = CARTESIAN_POINT( '', ( 3.73000000001000, -1.20500000001000, 1.34000000001000 ) );
#7265 = VECTOR( '', #9139, 1000.00000000000 );
#7266 = CARTESIAN_POINT( '', ( 3.51000000001000, -1.20500000001000, 1.41500000001000 ) );
#7267 = VECTOR( '', #9140, 1000.00000000000 );
#7268 = CARTESIAN_POINT( '', ( 0.750000000000000, -0.935000000000000, 2.21000000000000 ) );
#7269 = CARTESIAN_POINT( '', ( -0.750000000010000, -0.935000000010000, 2.21000000001000 ) );
#7270 = VECTOR( '', #9141, 1000.00000000000 );
#7271 = CARTESIAN_POINT( '', ( 0.750000000000000, -1.22500000000000, 1.64263768190000 ) );
#7272 = AXIS2_PLACEMENT_3D( '', #9142, #9143, #9144 );
#7273 = CARTESIAN_POINT( '', ( -0.750000000010000, -1.22500000001000, 1.64263768191000 ) );
#7274 = VECTOR( '', #9145, 1000.00000000000 );
#7275 = CARTESIAN_POINT( '', ( -2.35000000000000, 1.87500000000000, 1.49000000000000 ) );
#7276 = CARTESIAN_POINT( '', ( -2.35000000000000, -1.82500000000000, 1.49000000000000 ) );
#7277 = CARTESIAN_POINT( '', ( -2.35000000001000, 1.87500000001000, 1.49000000001000 ) );
#7278 = VECTOR( '', #9146, 1000.00000000000 );
#7279 = CARTESIAN_POINT( '', ( -2.60000000000000, 1.87500000000000, 1.49000000000000 ) );
#7280 = CARTESIAN_POINT( '', ( -2.35000000001000, 1.87500000001000, 1.49000000001000 ) );
#7281 = VECTOR( '', #9147, 1000.00000000000 );
#7282 = AXIS2_PLACEMENT_3D( '', #9148, #9149, #9150 );
#7283 = CARTESIAN_POINT( '', ( -3.00000000000000, 2.68500000000000, 1.49000000000000 ) );
#7284 = AXIS2_PLACEMENT_3D( '', #9151, #9152, #9153 );
#7285 = CARTESIAN_POINT( '', ( -3.80000000001000, 2.68500000001000, 1.49000000001000 ) );
#7286 = VECTOR( '', #9154, 1000.00000000000 );
#7287 = CARTESIAN_POINT( '', ( -3.43500000000000, -1.13000000000000, 1.49000000000000 ) );
#7288 = CARTESIAN_POINT( '', ( -3.43500000001000, -1.13000000001000, 1.49000000001000 ) );
#7289 = VECTOR( '', #9155, 1000.00000000000 );
#7290 = CARTESIAN_POINT( '', ( -3.43500000000000, -2.42500000000000, 1.49000000000000 ) );
#7291 = CARTESIAN_POINT( '', ( -3.43500000001000, -1.13000000001000, 1.49000000001000 ) );
#7292 = VECTOR( '', #9156, 1000.00000000000 );
#7293 = CARTESIAN_POINT( '', ( -3.43500000001000, -2.42500000001000, 1.49000000001000 ) );
#7294 = VECTOR( '', #9157, 1000.00000000000 );
#7295 = CARTESIAN_POINT( '', ( 3.10000000000000, -2.12500000000000, 1.49000000000000 ) );
#7296 = CARTESIAN_POINT( '', ( 3.10000000001000, -2.12500000001000, 1.49000000001000 ) );
#7297 = VECTOR( '', #9158, 1000.00000000000 );
#7298 = CARTESIAN_POINT( '', ( 3.10000000000000, -2.42500000000000, 1.49000000000000 ) );
#7299 = CARTESIAN_POINT( '', ( 3.10000000001000, -2.42500000001000, 1.49000000001000 ) );
#7300 = VECTOR( '', #9159, 1000.00000000000 );
#7301 = CARTESIAN_POINT( '', ( 3.43500000000000, -2.42500000000000, 1.49000000000000 ) );
#7302 = CARTESIAN_POINT( '', ( 3.10000000001000, -2.42500000001000, 1.49000000001000 ) );
#7303 = VECTOR( '', #9160, 1000.00000000000 );
#7304 = CARTESIAN_POINT( '', ( 3.43500000000000, -1.13000000000000, 1.49000000000000 ) );
#7305 = CARTESIAN_POINT( '', ( 3.43500000001000, -2.42500000001000, 1.49000000001000 ) );
#7306 = VECTOR( '', #9161, 1000.00000000000 );
#7307 = CARTESIAN_POINT( '', ( 3.80000000001000, -1.13000000001000, 1.49000000001000 ) );
#7308 = VECTOR( '', #9162, 1000.00000000000 );
#7309 = CARTESIAN_POINT( '', ( 3.00000000000000, 2.68500000000000, 1.49000000000000 ) );
#7310 = CARTESIAN_POINT( '', ( 3.00000000001000, 2.68500000001000, 1.49000000001000 ) );
#7311 = VECTOR( '', #9163, 1000.00000000000 );
#7312 = CARTESIAN_POINT( '', ( 2.80000000000000, 2.48500000000000, 1.49000000000000 ) );
#7313 = AXIS2_PLACEMENT_3D( '', #9164, #9165, #9166 );
#7314 = CARTESIAN_POINT( '', ( 2.80000000000000, 2.07500000000000, 1.49000000000000 ) );
#7315 = CARTESIAN_POINT( '', ( 2.80000000001000, 2.48500000001000, 1.49000000001000 ) );
#7316 = VECTOR( '', #9167, 1000.00000000000 );
#7317 = CARTESIAN_POINT( '', ( 2.60000000000000, 1.87500000000000, 1.49000000000000 ) );
#7318 = AXIS2_PLACEMENT_3D( '', #9168, #9169, #9170 );
#7319 = CARTESIAN_POINT( '', ( 2.35000000000000, 1.87500000000000, 1.49000000000000 ) );
#7320 = CARTESIAN_POINT( '', ( 2.60000000001000, 1.87500000001000, 1.49000000001000 ) );
#7321 = VECTOR( '', #9171, 1000.00000000000 );
#7322 = CARTESIAN_POINT( '', ( 2.35000000000000, -1.82500000000000, 1.49000000000000 ) );
#7323 = CARTESIAN_POINT( '', ( 2.35000000001000, -1.82500000001000, 1.49000000001000 ) );
#7324 = VECTOR( '', #9172, 1000.00000000000 );
#7325 = CARTESIAN_POINT( '', ( 2.35000000001000, -1.82500000001000, 1.49000000001000 ) );
#7326 = VECTOR( '', #9173, 1000.00000000000 );
#7327 = CARTESIAN_POINT( '', ( -2.95000003900600, 2.48500000042300, 1.16000003900600 ) );
#7328 = VECTOR( '', #9174, 1000.00000000000 );
#7329 = CARTESIAN_POINT( '', ( -2.95000116068400, 2.07499999515800, 1.16000116149900 ) );
#7330 = VECTOR( '', #9175, 1000.00000000000 );
#7331 = CARTESIAN_POINT( '', ( 1.85000000000000, -1.42500000000000, 1.31000000000000 ) );
#7332 = CARTESIAN_POINT( '', ( 1.85000000000000, 1.72500000000000, 1.31000000000000 ) );
#7333 = CARTESIAN_POINT( '', ( 1.85000000001000, -1.42500000001000, 1.31000000001000 ) );
#7334 = VECTOR( '', #9176, 1000.00000000000 );
#7335 = CARTESIAN_POINT( '', ( 1.85000000000000, -1.42500000000000, 2.21000000000000 ) );
#7336 = CARTESIAN_POINT( '', ( 1.85000000001000, -1.42500000001000, 2.21000000001000 ) );
#7337 = VECTOR( '', #9177, 1000.00000000000 );
#7338 = CARTESIAN_POINT( '', ( 1.85000000000000, -1.07500000000000, 2.56000000000000 ) );
#7339 = CARTESIAN_POINT( '', ( 1.85000000001000, -1.07500000001000, 2.56000000001000 ) );
#7340 = VECTOR( '', #9178, 1000.00000000000 );
#7341 = CARTESIAN_POINT( '', ( 1.85000000000000, 2.30783850070200, 2.56000000000000 ) );
#7342 = CARTESIAN_POINT( '', ( 1.85000000001000, 2.30783850071200, 2.56000000001000 ) );
#7343 = VECTOR( '', #9179, 1000.00000000000 );
#7344 = CARTESIAN_POINT( '', ( 1.85000000000000, 1.72500000000000, 1.98795480486700 ) );
#7345 = CARTESIAN_POINT( '', ( 1.85000000001000, 1.72500000001000, 1.98795480487700 ) );
#7346 = VECTOR( '', #9180, 1000.00000000000 );
#7347 = CARTESIAN_POINT( '', ( 1.85000000001000, 1.72500000001000, 1.31000000001000 ) );
#7348 = VECTOR( '', #9181, 1000.00000000000 );
#7349 = CARTESIAN_POINT( '', ( 1.37500000000000, -2.47500000000000, -2.11000000000000 ) );
#7350 = CARTESIAN_POINT( '', ( 1.62500000000000, -2.47500000000000, -2.11000000000000 ) );
#7351 = CARTESIAN_POINT( '', ( 1.37500000001000, -2.47500000001000, -2.11000000001000 ) );
#7352 = VECTOR( '', #9182, 1000.00000000000 );
#7353 = CARTESIAN_POINT( '', ( 1.62500000000000, -2.62500000000000, -2.11000000000000 ) );
#7354 = CARTESIAN_POINT( '', ( 1.62500000001000, -2.62500000001000, -2.11000000001000 ) );
#7355 = VECTOR( '', #9183, 1000.00000000000 );
#7356 = CARTESIAN_POINT( '', ( 1.37500000000000, -2.62500000000000, -2.11000000000000 ) );
#7357 = CARTESIAN_POINT( '', ( 1.37500000001000, -2.62500000001000, -2.11000000001000 ) );
#7358 = VECTOR( '', #9184, 1000.00000000000 );
#7359 = CARTESIAN_POINT( '', ( 1.37500000001000, -2.62500000001000, -2.11000000001000 ) );
#7360 = VECTOR( '', #9185, 1000.00000000000 );
#7361 = CARTESIAN_POINT( '', ( -3.72000000000000, -2.72500000000000, 1.39000000000000 ) );
#7362 = CARTESIAN_POINT( '', ( -3.72000000000000, -2.72500000000000, 0.290000000000000 ) );
#7363 = CARTESIAN_POINT( '', ( -3.72000000001000, -2.72500000001000, 1.39000000001000 ) );
#7364 = VECTOR( '', #9186, 1000.00000000000 );
#7365 = CARTESIAN_POINT( '', ( -3.52000000000000, -2.52500000000000, 0.290000000000000 ) );
#7366 = AXIS2_PLACEMENT_3D( '', #9187, #9188, #9189 );
#7367 = CARTESIAN_POINT( '', ( -3.52000000000000, -2.52500000000000, 1.39000000000000 ) );
#7368 = CARTESIAN_POINT( '', ( -3.52000000001000, -2.52500000001000, 1.39000000001000 ) );
#7369 = VECTOR( '', #9190, 1000.00000000000 );
#7370 = AXIS2_PLACEMENT_3D( '', #9191, #9192, #9193 );
#7371 = CARTESIAN_POINT( '', ( -0.625000000000000, -0.0250000000000000, 0.460000000000000 ) );
#7372 = CARTESIAN_POINT( '', ( -0.625000000000000, -1.42500000000000, 0.460000000000000 ) );
#7373 = CARTESIAN_POINT( '', ( -0.625000000010000, -0.0250000000100000, 0.460000000010000 ) );
#7374 = VECTOR( '', #9194, 1000.00000000000 );
#7375 = CARTESIAN_POINT( '', ( -0.625000000000000, 0.488216372009100, 0.391571150398800 ) );
#7376 = CARTESIAN_POINT( '', ( -0.625000000010000, 0.488216372019100, 0.391571150408800 ) );
#7377 = VECTOR( '', #9195, 1000.00000000000 );
#7378 = CARTESIAN_POINT( '', ( -0.625000000000000, 0.575000000000000, 0.292448360330500 ) );
#7379 = AXIS2_PLACEMENT_3D( '', #9196, #9197, #9198 );
#7380 = CARTESIAN_POINT( '', ( -0.625000000000000, 0.575000000000000, 0.147551639669500 ) );
#7381 = CARTESIAN_POINT( '', ( -0.625000000010000, 0.575000000010000, 0.147551639679500 ) );
#7382 = VECTOR( '', #9199, 1000.00000000000 );
#7383 = AXIS2_PLACEMENT_3D( '', #9200, #9201, #9202 );
#7384 = CARTESIAN_POINT( '', ( -0.625000000000000, -1.42500000000000, -0.0200000000000000 ) );
#7385 = CARTESIAN_POINT( '', ( -0.625000000010000, -1.42500000001000, -0.0200000000100000 ) );
#7386 = VECTOR( '', #9203, 1000.00000000000 );
#7387 = CARTESIAN_POINT( '', ( -0.625000000010000, -1.42500000001000, -0.0200000000100000 ) );
#7388 = VECTOR( '', #9204, 1000.00000000000 );
#7389 = AXIS2_PLACEMENT_3D( '', #9205, #9206, #9207 );
#7390 = AXIS2_PLACEMENT_3D( '', #9208, #9209, #9210 );
#7391 = CARTESIAN_POINT( '', ( -3.80500000001000, -1.20500000001000, 1.41500000001000 ) );
#7392 = VECTOR( '', #9211, 1000.00000000000 );
#7393 = CARTESIAN_POINT( '', ( -3.80500000001000, -1.20500000001000, 1.41500000001000 ) );
#7394 = VECTOR( '', #9212, 1000.00000000000 );
#7395 = CARTESIAN_POINT( '', ( -3.43500000001000, -1.13000000001000, 1.49000000001000 ) );
#7396 = VECTOR( '', #9213, 1000.00000000000 );
#7397 = CARTESIAN_POINT( '', ( -1.85000000000000, -1.42500000000000, 2.21000000000000 ) );
#7398 = CARTESIAN_POINT( '', ( -1.85000000001000, -1.42500000001000, 2.21000000001000 ) );
#7399 = VECTOR( '', #9214, 1000.00000000000 );
#7400 = CARTESIAN_POINT( '', ( 0.750000000000000, -1.42500000000000, 1.16000000000000 ) );
#7401 = CARTESIAN_POINT( '', ( 0.750000000010000, -1.42500000001000, 1.16000000001000 ) );
#7402 = VECTOR( '', #9215, 1000.00000000000 );
#7403 = CARTESIAN_POINT( '', ( 0.750000000000000, -1.42500000000000, 2.21000000000000 ) );
#7404 = CARTESIAN_POINT( '', ( 0.750000000010000, -1.42500000001000, 2.21000000001000 ) );
#7405 = VECTOR( '', #9216, 1000.00000000000 );
#7406 = CARTESIAN_POINT( '', ( 0.750000000010000, -1.42500000001000, 2.21000000001000 ) );
#7407 = VECTOR( '', #9217, 1000.00000000000 );
#7408 = CARTESIAN_POINT( '', ( 2.00000000000000, -1.42500000000000, 1.16000000000000 ) );
#7409 = CARTESIAN_POINT( '', ( 1.85000000001000, -1.42500000001000, 1.31000000001000 ) );
#7410 = VECTOR( '', #9218, 1000.00000000000 );
#7411 = CARTESIAN_POINT( '', ( 2.00000000001000, -1.42500000001000, 1.16000000001000 ) );
#7412 = VECTOR( '', #9219, 1000.00000000000 );
#7413 = CARTESIAN_POINT( '', ( 2.63500000000000, -1.42500000000000, -1.18000000000000 ) );
#7414 = CARTESIAN_POINT( '', ( 3.22500000001000, -1.42500000001000, -1.18000000001000 ) );
#7415 = VECTOR( '', #9220, 1000.00000000000 );
#7416 = CARTESIAN_POINT( '', ( 2.63500000000000, -1.42500000000000, -0.910000000000000 ) );
#7417 = CARTESIAN_POINT( '', ( 2.63500000001000, -1.42500000001000, -1.18000000001000 ) );
#7418 = VECTOR( '', #9221, 1000.00000000000 );
#7419 = CARTESIAN_POINT( '', ( -2.63500000000000, -1.42500000000000, -0.910000000000000 ) );
#7420 = CARTESIAN_POINT( '', ( 2.63500000001000, -1.42500000001000, -0.910000000010000 ) );
#7421 = VECTOR( '', #9222, 1000.00000000000 );
#7422 = CARTESIAN_POINT( '', ( -2.63500000000000, -1.42500000000000, -1.18000000000000 ) );
#7423 = CARTESIAN_POINT( '', ( -2.63500000001000, -1.42500000001000, -1.18000000001000 ) );
#7424 = VECTOR( '', #9223, 1000.00000000000 );
#7425 = CARTESIAN_POINT( '', ( -3.22500000000000, -1.42500000000000, -1.18000000000000 ) );
#7426 = CARTESIAN_POINT( '', ( -2.63500000001000, -1.42500000001000, -1.18000000001000 ) );
#7427 = VECTOR( '', #9224, 1000.00000000000 );
#7428 = CARTESIAN_POINT( '', ( -3.22500000001000, -1.42500000001000, -1.18000000001000 ) );
#7429 = VECTOR( '', #9225, 1000.00000000000 );
#7430 = CARTESIAN_POINT( '', ( -1.85000000000000, -1.42500000000000, 1.31000000000000 ) );
#7431 = CARTESIAN_POINT( '', ( -2.00000000001000, -1.42500000001000, 1.16000000001000 ) );
#7432 = VECTOR( '', #9226, 1000.00000000000 );
#7433 = CARTESIAN_POINT( '', ( -1.85000000001000, -1.42500000001000, 2.21000000001000 ) );
#7434 = VECTOR( '', #9227, 1000.00000000000 );
#7435 = CARTESIAN_POINT( '', ( 1.37500000000000, -1.42500000000000, -0.0200000000000000 ) );
#7436 = CARTESIAN_POINT( '', ( 1.62500000000000, -1.42500000000000, -0.0200000000000000 ) );
#7437 = CARTESIAN_POINT( '', ( 1.37500000001000, -1.42500000001000, -0.0200000000100000 ) );
#7438 = VECTOR( '', #9228, 1000.00000000000 );
#7439 = CARTESIAN_POINT( '', ( 1.62500000000000, -1.42500000000000, 0.460000000000000 ) );
#7440 = CARTESIAN_POINT( '', ( 1.62500000001000, -1.42500000001000, -0.0200000000100000 ) );
#7441 = VECTOR( '', #9229, 1000.00000000000 );
#7442 = CARTESIAN_POINT( '', ( 1.37500000000000, -1.42500000000000, 0.460000000000000 ) );
#7443 = CARTESIAN_POINT( '', ( 1.37500000001000, -1.42500000001000, 0.460000000010000 ) );
#7444 = VECTOR( '', #9230, 1000.00000000000 );
#7445 = CARTESIAN_POINT( '', ( 1.37500000001000, -1.42500000001000, -0.0200000000100000 ) );
#7446 = VECTOR( '', #9231, 1000.00000000000 );
#7447 = CARTESIAN_POINT( '', ( 0.375000000000000, -1.42500000000000, -0.0200000000000000 ) );
#7448 = CARTESIAN_POINT( '', ( 0.625000000000000, -1.42500000000000, -0.0200000000000000 ) );
#7449 = CARTESIAN_POINT( '', ( 0.375000000010000, -1.42500000001000, -0.0200000000100000 ) );
#7450 = VECTOR( '', #9232, 1000.00000000000 );
#7451 = CARTESIAN_POINT( '', ( 0.625000000000000, -1.42500000000000, 0.460000000000000 ) );
#7452 = CARTESIAN_POINT( '', ( 0.625000000010000, -1.42500000001000, -0.0200000000100000 ) );
#7453 = VECTOR( '', #9233, 1000.00000000000 );
#7454 = CARTESIAN_POINT( '', ( 0.375000000000000, -1.42500000000000, 0.460000000000000 ) );
#7455 = CARTESIAN_POINT( '', ( 0.375000000010000, -1.42500000001000, 0.460000000010000 ) );
#7456 = VECTOR( '', #9234, 1000.00000000000 );
#7457 = CARTESIAN_POINT( '', ( 0.375000000010000, -1.42500000001000, -0.0200000000100000 ) );
#7458 = VECTOR( '', #9235, 1000.00000000000 );
#7459 = CARTESIAN_POINT( '', ( -0.375000000000000, -1.42500000000000, -0.0200000000000000 ) );
#7460 = CARTESIAN_POINT( '', ( -0.625000000010000, -1.42500000001000, -0.0200000000100000 ) );
#7461 = VECTOR( '', #9236, 1000.00000000000 );
#7462 = CARTESIAN_POINT( '', ( -0.375000000000000, -1.42500000000000, 0.460000000000000 ) );
#7463 = CARTESIAN_POINT( '', ( -0.375000000010000, -1.42500000001000, -0.0200000000100000 ) );
#7464 = VECTOR( '', #9237, 1000.00000000000 );
#7465 = CARTESIAN_POINT( '', ( -0.625000000010000, -1.42500000001000, 0.460000000010000 ) );
#7466 = VECTOR( '', #9238, 1000.00000000000 );
#7467 = CARTESIAN_POINT( '', ( -1.62500000000000, -1.42500000000000, -0.0200000000000000 ) );
#7468 = CARTESIAN_POINT( '', ( -1.37500000000000, -1.42500000000000, -0.0200000000000000 ) );
#7469 = CARTESIAN_POINT( '', ( -1.62500000001000, -1.42500000001000, -0.0200000000100000 ) );
#7470 = VECTOR( '', #9239, 1000.00000000000 );
#7471 = CARTESIAN_POINT( '', ( -1.37500000000000, -1.42500000000000, 0.460000000000000 ) );
#7472 = CARTESIAN_POINT( '', ( -1.37500000001000, -1.42500000001000, -0.0200000000100000 ) );
#7473 = VECTOR( '', #9240, 1000.00000000000 );
#7474 = CARTESIAN_POINT( '', ( -1.62500000000000, -1.42500000000000, 0.460000000000000 ) );
#7475 = CARTESIAN_POINT( '', ( -1.62500000001000, -1.42500000001000, 0.460000000010000 ) );
#7476 = VECTOR( '', #9241, 1000.00000000000 );
#7477 = CARTESIAN_POINT( '', ( -1.62500000001000, -1.42500000001000, -0.0200000000100000 ) );
#7478 = VECTOR( '', #9242, 1000.00000000000 );
#7479 = CARTESIAN_POINT( '', ( -2.37500000000000, -1.42500000000000, 0.460000000000000 ) );
#7480 = CARTESIAN_POINT( '', ( -2.37500000001000, -1.42500000001000, -0.0200000000100000 ) );
#7481 = VECTOR( '', #9243, 1000.00000000000 );
#7482 = CARTESIAN_POINT( '', ( -2.62500000000000, -1.42500000000000, 0.460000000000000 ) );
#7483 = CARTESIAN_POINT( '', ( -2.62500000001000, -1.42500000001000, 0.460000000010000 ) );
#7484 = VECTOR( '', #9244, 1000.00000000000 );
#7485 = CARTESIAN_POINT( '', ( -2.62500000001000, -1.42500000001000, -0.0200000000100000 ) );
#7486 = VECTOR( '', #9245, 1000.00000000000 );
#7487 = CARTESIAN_POINT( '', ( 2.37500000000000, -1.42500000000000, -0.0200000000000000 ) );
#7488 = CARTESIAN_POINT( '', ( 2.62500000000000, -1.42500000000000, -0.0200000000000000 ) );
#7489 = CARTESIAN_POINT( '', ( 2.37500000001000, -1.42500000001000, -0.0200000000100000 ) );
#7490 = VECTOR( '', #9246, 1000.00000000000 );
#7491 = CARTESIAN_POINT( '', ( 2.62500000000000, -1.42500000000000, 0.460000000000000 ) );
#7492 = CARTESIAN_POINT( '', ( 2.62500000001000, -1.42500000001000, -0.0200000000100000 ) );
#7493 = VECTOR( '', #9247, 1000.00000000000 );
#7494 = CARTESIAN_POINT( '', ( 2.37500000000000, -1.42500000000000, 0.460000000000000 ) );
#7495 = CARTESIAN_POINT( '', ( 2.37500000001000, -1.42500000001000, 0.460000000010000 ) );
#7496 = VECTOR( '', #9248, 1000.00000000000 );
#7497 = CARTESIAN_POINT( '', ( 2.37500000001000, -1.42500000001000, -0.0200000000100000 ) );
#7498 = VECTOR( '', #9249, 1000.00000000000 );
#7499 = CARTESIAN_POINT( '', ( 0.825000000000000, -2.12500000000000, -0.910000000000000 ) );
#7500 = CARTESIAN_POINT( '', ( 1.17500000000000, -2.12500000000000, -0.910000000000000 ) );
#7501 = CARTESIAN_POINT( '', ( 0.825000000010000, -2.12500000001000, -0.910000000010000 ) );
#7502 = VECTOR( '', #9250, 1000.00000000000 );
#7503 = CARTESIAN_POINT( '', ( 1.17500000000000, -2.47500000000000, -0.910000000000000 ) );
#7504 = CARTESIAN_POINT( '', ( 1.17500000001000, -2.47500000001000, -0.910000000010000 ) );
#7505 = VECTOR( '', #9251, 1000.00000000000 );
#7506 = CARTESIAN_POINT( '', ( 0.825000000000000, -2.47500000000000, -0.910000000000000 ) );
#7507 = CARTESIAN_POINT( '', ( 0.825000000010000, -2.47500000001000, -0.910000000010000 ) );
#7508 = VECTOR( '', #9252, 1000.00000000000 );
#7509 = CARTESIAN_POINT( '', ( 0.825000000010000, -2.47500000001000, -0.910000000010000 ) );
#7510 = VECTOR( '', #9253, 1000.00000000000 );
#7511 = CARTESIAN_POINT( '', ( 2.82500000000000, -2.12500000000000, -0.910000000000000 ) );
#7512 = CARTESIAN_POINT( '', ( 2.82500000001000, -2.12500000001000, -0.910000000010000 ) );
#7513 = VECTOR( '', #9254, 1000.00000000000 );
#7514 = CARTESIAN_POINT( '', ( 2.82500000000000, -2.47500000000000, -0.910000000000000 ) );
#7515 = CARTESIAN_POINT( '', ( 2.82500000001000, -2.47500000001000, -0.910000000010000 ) );
#7516 = VECTOR( '', #9255, 1000.00000000000 );
#7517 = CARTESIAN_POINT( '', ( 2.82500000001000, -2.47500000001000, -0.910000000010000 ) );
#7518 = VECTOR( '', #9256, 1000.00000000000 );
#7519 = CARTESIAN_POINT( '', ( -0.825000000000000, -2.12500000000000, -0.910000000000000 ) );
#7520 = CARTESIAN_POINT( '', ( -1.17500000001000, -2.12500000001000, -0.910000000010000 ) );
#7521 = VECTOR( '', #9257, 1000.00000000000 );
#7522 = CARTESIAN_POINT( '', ( -0.825000000000000, -2.47500000000000, -0.910000000000000 ) );
#7523 = CARTESIAN_POINT( '', ( -0.825000000010000, -2.47500000001000, -0.910000000010000 ) );
#7524 = VECTOR( '', #9258, 1000.00000000000 );
#7525 = CARTESIAN_POINT( '', ( -1.17500000001000, -2.47500000001000, -0.910000000010000 ) );
#7526 = VECTOR( '', #9259, 1000.00000000000 );
#7527 = CARTESIAN_POINT( '', ( 1.82500000000000, -2.12500000000000, -0.910000000000000 ) );
#7528 = CARTESIAN_POINT( '', ( 2.17500000000000, -2.12500000000000, -0.910000000000000 ) );
#7529 = CARTESIAN_POINT( '', ( 1.82500000001000, -2.12500000001000, -0.910000000010000 ) );
#7530 = VECTOR( '', #9260, 1000.00000000000 );
#7531 = CARTESIAN_POINT( '', ( 2.17500000000000, -2.47500000000000, -0.910000000000000 ) );
#7532 = CARTESIAN_POINT( '', ( 2.17500000001000, -2.47500000001000, -0.910000000010000 ) );
#7533 = VECTOR( '', #9261, 1000.00000000000 );
#7534 = CARTESIAN_POINT( '', ( 1.82500000000000, -2.47500000000000, -0.910000000000000 ) );
#7535 = CARTESIAN_POINT( '', ( 1.82500000001000, -2.47500000001000, -0.910000000010000 ) );
#7536 = VECTOR( '', #9262, 1000.00000000000 );
#7537 = CARTESIAN_POINT( '', ( 1.82500000001000, -2.47500000001000, -0.910000000010000 ) );
#7538 = VECTOR( '', #9263, 1000.00000000000 );
#7539 = CARTESIAN_POINT( '', ( -2.17500000000000, -2.12500000000000, -0.910000000000000 ) );
#7540 = CARTESIAN_POINT( '', ( -1.82500000000000, -2.12500000000000, -0.910000000000000 ) );
#7541 = CARTESIAN_POINT( '', ( -2.17500000001000, -2.12500000001000, -0.910000000010000 ) );
#7542 = VECTOR( '', #9264, 1000.00000000000 );
#7543 = CARTESIAN_POINT( '', ( -1.82500000000000, -2.47500000000000, -0.910000000000000 ) );
#7544 = CARTESIAN_POINT( '', ( -1.82500000001000, -2.47500000001000, -0.910000000010000 ) );
#7545 = VECTOR( '', #9265, 1000.00000000000 );
#7546 = CARTESIAN_POINT( '', ( -2.17500000000000, -2.47500000000000, -0.910000000000000 ) );
#7547 = CARTESIAN_POINT( '', ( -2.17500000001000, -2.47500000001000, -0.910000000010000 ) );
#7548 = VECTOR( '', #9266, 1000.00000000000 );
#7549 = CARTESIAN_POINT( '', ( -2.17500000001000, -2.47500000001000, -0.910000000010000 ) );
#7550 = VECTOR( '', #9267, 1000.00000000000 );
#7551 = CARTESIAN_POINT( '', ( 2.37500000000000, -0.0250000000000000, 0.460000000000000 ) );
#7552 = CARTESIAN_POINT( '', ( 2.37500000001000, -0.0250000000100000, 0.460000000010000 ) );
#7553 = VECTOR( '', #9268, 1000.00000000000 );
#7554 = CARTESIAN_POINT( '', ( 2.37500000001000, 0.488216372019100, 0.391571150408800 ) );
#7555 = VECTOR( '', #9269, 1000.00000000000 );
#7556 = CARTESIAN_POINT( '', ( 2.37500000001000, 0.575000000010000, 0.147551639679500 ) );
#7557 = VECTOR( '', #9270, 1000.00000000000 );
#7558 = CARTESIAN_POINT( '', ( 2.37500000000000, -0.0250000000000000, -0.0200000000000000 ) );
#7559 = CARTESIAN_POINT( '', ( 2.37500000001000, -0.0250000000100000, -0.0200000000100000 ) );
#7560 = VECTOR( '', #9271, 1000.00000000000 );
#7561 = CARTESIAN_POINT( '', ( 2.37500000001000, -1.42500000001000, -0.0200000000100000 ) );
#7562 = VECTOR( '', #9272, 1000.00000000000 );
#7563 = CARTESIAN_POINT( '', ( -2.62500000000000, -0.0250000000000000, 0.460000000000000 ) );
#7564 = CARTESIAN_POINT( '', ( -2.62500000001000, -0.0250000000100000, 0.460000000010000 ) );
#7565 = VECTOR( '', #9273, 1000.00000000000 );
#7566 = CARTESIAN_POINT( '', ( -2.62500000000000, 0.488216372009100, 0.391571150398800 ) );
#7567 = CARTESIAN_POINT( '', ( -2.62500000001000, 0.488216372019100, 0.391571150408800 ) );
#7568 = VECTOR( '', #9274, 1000.00000000000 );
#7569 = CARTESIAN_POINT( '', ( -2.62500000000000, 0.575000000000000, 0.292448360330500 ) );
#7570 = AXIS2_PLACEMENT_3D( '', #9275, #9276, #9277 );
#7571 = CARTESIAN_POINT( '', ( -2.62500000000000, 0.575000000000000, 0.147551639669500 ) );
#7572 = CARTESIAN_POINT( '', ( -2.62500000001000, 0.575000000010000, 0.147551639679500 ) );
#7573 = VECTOR( '', #9278, 1000.00000000000 );
#7574 = CARTESIAN_POINT( '', ( -2.62500000000000, 0.488216372009100, 0.0484288496012100 ) );
#7575 = AXIS2_PLACEMENT_3D( '', #9279, #9280, #9281 );
#7576 = CARTESIAN_POINT( '', ( -2.62500000001000, -0.0250000000100000, -0.0200000000100000 ) );
#7577 = VECTOR( '', #9282, 1000.00000000000 );
#7578 = CARTESIAN_POINT( '', ( -0.175000000000000, -2.12500000000000, -0.910000000000000 ) );
#7579 = CARTESIAN_POINT( '', ( 0.175000000000000, -2.12500000000000, -0.910000000000000 ) );
#7580 = CARTESIAN_POINT( '', ( -0.175000000010000, -2.12500000001000, -0.910000000010000 ) );
#7581 = VECTOR( '', #9283, 1000.00000000000 );
#7582 = CARTESIAN_POINT( '', ( 0.175000000000000, -2.47500000000000, -0.910000000000000 ) );
#7583 = CARTESIAN_POINT( '', ( 0.175000000010000, -2.47500000001000, -0.910000000010000 ) );
#7584 = VECTOR( '', #9284, 1000.00000000000 );
#7585 = CARTESIAN_POINT( '', ( -0.175000000000000, -2.47500000000000, -0.910000000000000 ) );
#7586 = CARTESIAN_POINT( '', ( -0.175000000010000, -2.47500000001000, -0.910000000010000 ) );
#7587 = VECTOR( '', #9285, 1000.00000000000 );
#7588 = CARTESIAN_POINT( '', ( -0.175000000010000, -2.47500000001000, -0.910000000010000 ) );
#7589 = VECTOR( '', #9286, 1000.00000000000 );
#7590 = CARTESIAN_POINT( '', ( 0.825000000000000, -2.47500000000000, 1.34000000000000 ) );
#7591 = CARTESIAN_POINT( '', ( 1.17500000000000, -2.47500000000000, 1.34000000000000 ) );
#7592 = CARTESIAN_POINT( '', ( 0.825000000010000, -2.47500000001000, 1.34000000001000 ) );
#7593 = VECTOR( '', #9287, 1000.00000000000 );
#7594 = CARTESIAN_POINT( '', ( 1.17500000000000, -2.12500000000000, 1.34000000000000 ) );
#7595 = CARTESIAN_POINT( '', ( 1.17500000001000, -2.12500000001000, 1.34000000001000 ) );
#7596 = VECTOR( '', #9288, 1000.00000000000 );
#7597 = CARTESIAN_POINT( '', ( 0.825000000000000, -2.12500000000000, 1.34000000000000 ) );
#7598 = CARTESIAN_POINT( '', ( 0.825000000010000, -2.12500000001000, 1.34000000001000 ) );
#7599 = VECTOR( '', #9289, 1000.00000000000 );
#7600 = CARTESIAN_POINT( '', ( 0.825000000010000, -2.12500000001000, 1.34000000001000 ) );
#7601 = VECTOR( '', #9290, 1000.00000000000 );
#7602 = CARTESIAN_POINT( '', ( -0.175000000000000, -2.67500000000000, -0.710000000000000 ) );
#7603 = CARTESIAN_POINT( '', ( 0.175000000000000, -2.67500000000000, -0.710000000000000 ) );
#7604 = CARTESIAN_POINT( '', ( -0.175000000010000, -2.67500000001000, -0.710000000010000 ) );
#7605 = VECTOR( '', #9291, 1000.00000000000 );
#7606 = CARTESIAN_POINT( '', ( 0.175000000000000, -2.67500000000000, 1.14000000000000 ) );
#7607 = CARTESIAN_POINT( '', ( 0.175000000010000, -2.67500000001000, 1.14000000001000 ) );
#7608 = VECTOR( '', #9292, 1000.00000000000 );
#7609 = CARTESIAN_POINT( '', ( -0.175000000000000, -2.67500000000000, 1.14000000000000 ) );
#7610 = CARTESIAN_POINT( '', ( -0.175000000010000, -2.67500000001000, 1.14000000001000 ) );
#7611 = VECTOR( '', #9293, 1000.00000000000 );
#7612 = CARTESIAN_POINT( '', ( -0.175000000010000, -2.67500000001000, 1.14000000001000 ) );
#7613 = VECTOR( '', #9294, 1000.00000000000 );
#7614 = CARTESIAN_POINT( '', ( -0.825000000000000, -2.67500000000000, -0.710000000000000 ) );
#7615 = CARTESIAN_POINT( '', ( -1.17500000001000, -2.67500000001000, -0.710000000010000 ) );
#7616 = VECTOR( '', #9295, 1000.00000000000 );
#7617 = CARTESIAN_POINT( '', ( -0.825000000000000, -2.67500000000000, 1.14000000000000 ) );
#7618 = CARTESIAN_POINT( '', ( -0.825000000010000, -2.67500000001000, 1.14000000001000 ) );
#7619 = VECTOR( '', #9296, 1000.00000000000 );
#7620 = CARTESIAN_POINT( '', ( -1.17500000001000, -2.67500000001000, 1.14000000001000 ) );
#7621 = VECTOR( '', #9297, 1000.00000000000 );
#7622 = CARTESIAN_POINT( '', ( 2.82500000001000, -2.12500000001000, 1.34000000001000 ) );
#7623 = VECTOR( '', #9298, 1000.00000000000 );
#7624 = CARTESIAN_POINT( '', ( 2.82500000000000, -2.67500000000000, -0.710000000000000 ) );
#7625 = CARTESIAN_POINT( '', ( 2.82500000001000, -2.67500000001000, -0.710000000010000 ) );
#7626 = VECTOR( '', #9299, 1000.00000000000 );
#7627 = CARTESIAN_POINT( '', ( 2.82500000001000, -2.67500000001000, 1.14000000001000 ) );
#7628 = VECTOR( '', #9300, 1000.00000000000 );
#7629 = CARTESIAN_POINT( '', ( -3.10000000000000, -2.67500000000000, 1.14000000000000 ) );
#7630 = CARTESIAN_POINT( '', ( -3.10000000001000, -2.67500000001000, 1.14000000001000 ) );
#7631 = VECTOR( '', #9301, 1000.00000000000 );
#7632 = CARTESIAN_POINT( '', ( -3.10000000000000, -2.67500000000000, -0.170000000000000 ) );
#7633 = CARTESIAN_POINT( '', ( -3.10000000001000, -2.67500000001000, 1.14000000001000 ) );
#7634 = VECTOR( '', #9302, 1000.00000000000 );
#7635 = CARTESIAN_POINT( '', ( -4.00000000000000, -2.67500000000000, -0.170000000000000 ) );
#7636 = CARTESIAN_POINT( '', ( -4.00000000001000, -2.67500000001000, -0.170000000010000 ) );
#7637 = VECTOR( '', #9303, 1000.00000000000 );
#7638 = CARTESIAN_POINT( '', ( -4.00000000000000, -2.67500000000000, -0.710000000000000 ) );
#7639 = CARTESIAN_POINT( '', ( -4.00000000001000, -2.67500000001000, -0.710000000010000 ) );
#7640 = VECTOR( '', #9304, 1000.00000000000 );
#7641 = CARTESIAN_POINT( '', ( -4.00000000001000, -2.67500000001000, -0.710000000010000 ) );
#7642 = VECTOR( '', #9305, 1000.00000000000 );
#7643 = CARTESIAN_POINT( '', ( 1.82500000000000, -2.67500000000000, -0.710000000000000 ) );
#7644 = CARTESIAN_POINT( '', ( 2.17500000000000, -2.67500000000000, -0.710000000000000 ) );
#7645 = CARTESIAN_POINT( '', ( 1.82500000001000, -2.67500000001000, -0.710000000010000 ) );
#7646 = VECTOR( '', #9306, 1000.00000000000 );
#7647 = CARTESIAN_POINT( '', ( 2.17500000000000, -2.67500000000000, 1.14000000000000 ) );
#7648 = CARTESIAN_POINT( '', ( 2.17500000001000, -2.67500000001000, 1.14000000001000 ) );
#7649 = VECTOR( '', #9307, 1000.00000000000 );
#7650 = CARTESIAN_POINT( '', ( 1.82500000000000, -2.67500000000000, 1.14000000000000 ) );
#7651 = CARTESIAN_POINT( '', ( 1.82500000001000, -2.67500000001000, 1.14000000001000 ) );
#7652 = VECTOR( '', #9308, 1000.00000000000 );
#7653 = CARTESIAN_POINT( '', ( 1.82500000001000, -2.67500000001000, 1.14000000001000 ) );
#7654 = VECTOR( '', #9309, 1000.00000000000 );
#7655 = CARTESIAN_POINT( '', ( -4.00000000000000, -2.47500000000000, -0.910000000000000 ) );
#7656 = CARTESIAN_POINT( '', ( -4.00000000001000, -2.47500000001000, -0.910000000010000 ) );
#7657 = VECTOR( '', #9310, 1000.00000000000 );
#7658 = CARTESIAN_POINT( '', ( -4.00000000000000, -2.12500000000000, -0.910000000000000 ) );
#7659 = CARTESIAN_POINT( '', ( -4.00000000001000, -2.47500000001000, -0.910000000010000 ) );
#7660 = VECTOR( '', #9311, 1000.00000000000 );
#7661 = CARTESIAN_POINT( '', ( -4.00000000001000, -2.12500000001000, -0.910000000010000 ) );
#7662 = VECTOR( '', #9312, 1000.00000000000 );
#7663 = CARTESIAN_POINT( '', ( 2.37500000000000, -2.52500000000000, 1.02000000000000 ) );
#7664 = CARTESIAN_POINT( '', ( 2.62500000000000, -2.52500000000000, 1.02000000000000 ) );
#7665 = CARTESIAN_POINT( '', ( 2.37500000001000, -2.52500000001000, 1.02000000001000 ) );
#7666 = VECTOR( '', #9313, 1000.00000000000 );
#7667 = CARTESIAN_POINT( '', ( 2.62500000000000, -2.12500000000000, 1.02000000000000 ) );
#7668 = CARTESIAN_POINT( '', ( 2.62500000001000, -2.12500000001000, 1.02000000001000 ) );
#7669 = VECTOR( '', #9314, 1000.00000000000 );
#7670 = CARTESIAN_POINT( '', ( 2.37500000000000, -2.12500000000000, 1.02000000000000 ) );
#7671 = CARTESIAN_POINT( '', ( 2.37500000001000, -2.12500000001000, 1.02000000001000 ) );
#7672 = VECTOR( '', #9315, 1000.00000000000 );
#7673 = CARTESIAN_POINT( '', ( 2.37500000001000, -2.12500000001000, 1.02000000001000 ) );
#7674 = VECTOR( '', #9316, 1000.00000000000 );
#7675 = CARTESIAN_POINT( '', ( -4.12000000000000, -2.67500000000000, 1.39000000000000 ) );
#7676 = CARTESIAN_POINT( '', ( -4.12000000000000, -2.67500000000000, 0.290000000000000 ) );
#7677 = CARTESIAN_POINT( '', ( -4.12000000001000, -2.67500000001000, 1.39000000001000 ) );
#7678 = VECTOR( '', #9317, 1000.00000000000 );
#7679 = CARTESIAN_POINT( '', ( -4.07000000000000, -2.72500000000000, 0.290000000000000 ) );
#7680 = CARTESIAN_POINT( '', ( -4.12000000001000, -2.67500000001000, 0.290000000010000 ) );
#7681 = VECTOR( '', #9318, 1000.00000000000 );
#7682 = CARTESIAN_POINT( '', ( -4.07000000000000, -2.72500000000000, 1.39000000000000 ) );
#7683 = CARTESIAN_POINT( '', ( -4.07000000001000, -2.72500000001000, 1.39000000001000 ) );
#7684 = VECTOR( '', #9319, 1000.00000000000 );
#7685 = CARTESIAN_POINT( '', ( -4.12000000001000, -2.67500000001000, 1.39000000001000 ) );
#7686 = VECTOR( '', #9320, 1000.00000000000 );
#7687 = CARTESIAN_POINT( '', ( 1.37500000000000, 0.488216372009100, 0.391571150398800 ) );
#7688 = CARTESIAN_POINT( '', ( 1.62500000000000, 0.488216372009100, 0.391571150398800 ) );
#7689 = CARTESIAN_POINT( '', ( 1.37500000001000, 0.488216372019100, 0.391571150408800 ) );
#7690 = VECTOR( '', #9321, 1000.00000000000 );
#7691 = CARTESIAN_POINT( '', ( 1.62500000000000, 0.575000000000000, 0.292448360330500 ) );
#7692 = AXIS2_PLACEMENT_3D( '', #9322, #9323, #9324 );
#7693 = CARTESIAN_POINT( '', ( 1.37500000000000, 0.575000000000000, 0.292448360330500 ) );
#7694 = CARTESIAN_POINT( '', ( 1.37500000001000, 0.575000000010000, 0.292448360340500 ) );
#7695 = VECTOR( '', #9325, 1000.00000000000 );
#7696 = AXIS2_PLACEMENT_3D( '', #9326, #9327, #9328 );
#7697 = CARTESIAN_POINT( '', ( 1.37500000000000, -0.0250000000000000, 0.460000000000000 ) );
#7698 = CARTESIAN_POINT( '', ( 1.62500000000000, -0.0250000000000000, 0.460000000000000 ) );
#7699 = CARTESIAN_POINT( '', ( 1.37500000001000, -0.0250000000100000, 0.460000000010000 ) );
#7700 = VECTOR( '', #9329, 1000.00000000000 );
#7701 = CARTESIAN_POINT( '', ( 1.62500000001000, 0.488216372019100, 0.391571150408800 ) );
#7702 = VECTOR( '', #9330, 1000.00000000000 );
#7703 = CARTESIAN_POINT( '', ( 1.37500000001000, 0.488216372019100, 0.391571150408800 ) );
#7704 = VECTOR( '', #9331, 1000.00000000000 );
#7705 = CARTESIAN_POINT( '', ( -0.625000000000000, -2.72500000000000, -2.01000000000000 ) );
#7706 = CARTESIAN_POINT( '', ( -0.375000000000000, -2.72500000000000, -2.01000000000000 ) );
#7707 = CARTESIAN_POINT( '', ( -0.625000000010000, -2.72500000001000, -2.01000000001000 ) );
#7708 = VECTOR( '', #9332, 1000.00000000000 );
#7709 = CARTESIAN_POINT( '', ( -0.375000000000000, -2.72500000000000, -1.35000000000000 ) );
#7710 = CARTESIAN_POINT( '', ( -0.375000000010000, -2.72500000001000, -1.35000000001000 ) );
#7711 = VECTOR( '', #9333, 1000.00000000000 );
#7712 = CARTESIAN_POINT( '', ( -0.625000000000000, -2.72500000000000, -1.35000000000000 ) );
#7713 = CARTESIAN_POINT( '', ( -0.625000000010000, -2.72500000001000, -1.35000000001000 ) );
#7714 = VECTOR( '', #9334, 1000.00000000000 );
#7715 = CARTESIAN_POINT( '', ( -0.625000000010000, -2.72500000001000, -1.35000000001000 ) );
#7716 = VECTOR( '', #9335, 1000.00000000000 );
#7717 = CARTESIAN_POINT( '', ( 2.62500000001000, -2.52500000001000, 1.02000000001000 ) );
#7718 = VECTOR( '', #9336, 1000.00000000000 );
#7719 = CARTESIAN_POINT( '', ( 2.62500000000000, -2.72500000000000, -2.01000000000000 ) );
#7720 = CARTESIAN_POINT( '', ( 2.62500000001000, -2.72500000001000, -1.35000000001000 ) );
#7721 = VECTOR( '', #9337, 1000.00000000000 );
#7722 = CARTESIAN_POINT( '', ( 2.62500000001000, -2.72500000001000, -2.01000000001000 ) );
#7723 = VECTOR( '', #9338, 1000.00000000000 );
#7724 = CARTESIAN_POINT( '', ( 2.62500000000000, -2.37500000000000, -2.01000000000000 ) );
#7725 = CARTESIAN_POINT( '', ( 2.62500000001000, -2.47500000001000, -2.11000000001000 ) );
#7726 = VECTOR( '', #9339, 1000.00000000000 );
#7727 = CARTESIAN_POINT( '', ( 2.62500000000000, -2.37500000000000, -1.46035457610800 ) );
#7728 = CARTESIAN_POINT( '', ( 2.62500000001000, -2.37500000001000, -2.01000000001000 ) );
#7729 = VECTOR( '', #9340, 1000.00000000000 );
#7730 = CARTESIAN_POINT( '', ( 2.62500000000000, -2.12500000000000, -1.10331757442200 ) );
#7731 = CARTESIAN_POINT( '', ( 2.62500000001000, -2.37500000001000, -1.46035457611800 ) );
#7732 = VECTOR( '', #9341, 1000.00000000000 );
#7733 = CARTESIAN_POINT( '', ( 2.62500000001000, -2.12500000001000, -1.10331757443200 ) );
#7734 = VECTOR( '', #9342, 1000.00000000000 );
#7735 = CARTESIAN_POINT( '', ( -2.25000000000000, -1.82500000000000, 1.59000000000000 ) );
#7736 = AXIS2_PLACEMENT_3D( '', #9343, #9344, #9345 );
#7737 = CARTESIAN_POINT( '', ( -2.25000000000000, 1.87500000000000, 1.59000000000000 ) );
#7738 = CARTESIAN_POINT( '', ( -2.25000000001000, 1.87500000001000, 1.59000000001000 ) );
#7739 = VECTOR( '', #9346, 1000.00000000000 );
#7740 = AXIS2_PLACEMENT_3D( '', #9347, #9348, #9349 );
#7741 = CARTESIAN_POINT( '', ( 0.750000000000000, -1.22500000000000, 1.36000000000000 ) );
#7742 = CARTESIAN_POINT( '', ( 0.750000000010000, -1.42500000001000, 1.16000000001000 ) );
#7743 = VECTOR( '', #9350, 1000.00000000000 );
#7744 = CARTESIAN_POINT( '', ( 0.750000000010000, -1.22500000001000, 1.36000000001000 ) );
#7745 = VECTOR( '', #9351, 1000.00000000000 );
#7746 = CARTESIAN_POINT( '', ( 0.750000000000000, -0.935000000000000, 2.56000000000000 ) );
#7747 = CARTESIAN_POINT( '', ( 0.750000000010000, -0.935000000010000, 2.21000000001000 ) );
#7748 = VECTOR( '', #9352, 1000.00000000000 );
#7749 = CARTESIAN_POINT( '', ( 0.750000000000000, -1.07500000000000, 2.56000000000000 ) );
#7750 = CARTESIAN_POINT( '', ( 0.750000000010000, -1.07500000001000, 2.56000000001000 ) );
#7751 = VECTOR( '', #9353, 1000.00000000000 );
#7752 = CARTESIAN_POINT( '', ( 0.750000000010000, -1.07500000001000, 2.56000000001000 ) );
#7753 = VECTOR( '', #9354, 1000.00000000000 );
#7754 = CARTESIAN_POINT( '', ( 3.00000000000000, 2.68499995703200, 1.31000033905200 ) );
#7755 = CARTESIAN_POINT( '', ( 3.00000000001000, 2.68499995704200, 1.31000033906200 ) );
#7756 = VECTOR( '', #9355, 1000.00000000000 );
#7757 = CARTESIAN_POINT( '', ( 3.00001274260200, 2.53499993643800, 1.16000001443000 ) );
#7758 = CARTESIAN_POINT( '', ( 3.00001274261200, 2.53499993644800, 1.16000001444000 ) );
#7759 = VECTOR( '', #9356, 1000.00000000000 );
#7760 = CARTESIAN_POINT( '', ( 3.00001274261200, 2.53499993644800, 1.16000001444000 ) );
#7761 = VECTOR( '', #9357, 1000.00000000000 );
#7762 = CARTESIAN_POINT( '', ( -1.62500000000000, -2.37500000000000, -1.46035457610800 ) );
#7763 = CARTESIAN_POINT( '', ( -1.37500000000000, -2.37500000000000, -1.46035457610800 ) );
#7764 = CARTESIAN_POINT( '', ( -1.62500000001000, -2.37500000001000, -1.46035457611800 ) );
#7765 = VECTOR( '', #9358, 1000.00000000000 );
#7766 = CARTESIAN_POINT( '', ( -1.37500000000000, -2.37500000000000, -2.01000000000000 ) );
#7767 = CARTESIAN_POINT( '', ( -1.37500000001000, -2.37500000001000, -2.01000000001000 ) );
#7768 = VECTOR( '', #9359, 1000.00000000000 );
#7769 = CARTESIAN_POINT( '', ( -1.62500000000000, -2.37500000000000, -2.01000000000000 ) );
#7770 = CARTESIAN_POINT( '', ( -1.62500000001000, -2.37500000001000, -2.01000000001000 ) );
#7771 = VECTOR( '', #9360, 1000.00000000000 );
#7772 = CARTESIAN_POINT( '', ( -1.62500000001000, -2.37500000001000, -2.01000000001000 ) );
#7773 = VECTOR( '', #9361, 1000.00000000000 );
#7774 = CARTESIAN_POINT( '', ( -3.22500000000000, 2.53500000000000, 0.560000000000000 ) );
#7775 = CARTESIAN_POINT( '', ( -3.22500000000000, 2.53500000000000, -1.18000000000000 ) );
#7776 = CARTESIAN_POINT( '', ( -3.22500000001000, 2.53500000001000, 0.560000000010000 ) );
#7777 = VECTOR( '', #9362, 1000.00000000000 );
#7778 = CARTESIAN_POINT( '', ( -3.37500000000000, 2.68500000000000, -1.33000000000000 ) );
#7779 = CARTESIAN_POINT( '', ( -3.37500000001000, 2.68500000001000, -1.33000000001000 ) );
#7780 = VECTOR( '', #9363, 1000.00000000000 );
#7781 = CARTESIAN_POINT( '', ( -3.37500000000000, 2.68500000000000, 0.560000000000000 ) );
#7782 = CARTESIAN_POINT( '', ( -3.37500000001000, 2.68500000001000, 0.560000000010000 ) );
#7783 = VECTOR( '', #9364, 1000.00000000000 );
#7784 = CARTESIAN_POINT( '', ( -3.22500000001000, 2.53500000001000, 0.560000000010000 ) );
#7785 = VECTOR( '', #9365, 1000.00000000000 );
#7786 = CARTESIAN_POINT( '', ( -0.625000000000000, -2.52500000000000, -1.06437039865200 ) );
#7787 = CARTESIAN_POINT( '', ( -0.375000000000000, -2.52500000000000, -1.06437039865200 ) );
#7788 = CARTESIAN_POINT( '', ( -0.625000000010000, -2.52500000001000, -1.06437039866200 ) );
#7789 = VECTOR( '', #9366, 1000.00000000000 );
#7790 = CARTESIAN_POINT( '', ( -0.375000000000000, -2.52500000000000, 1.02000000000000 ) );
#7791 = CARTESIAN_POINT( '', ( -0.375000000010000, -2.52500000001000, 1.02000000001000 ) );
#7792 = VECTOR( '', #9367, 1000.00000000000 );
#7793 = CARTESIAN_POINT( '', ( -0.625000000000000, -2.52500000000000, 1.02000000000000 ) );
#7794 = CARTESIAN_POINT( '', ( -0.625000000010000, -2.52500000001000, 1.02000000001000 ) );
#7795 = VECTOR( '', #9368, 1000.00000000000 );
#7796 = CARTESIAN_POINT( '', ( -0.625000000010000, -2.52500000001000, 1.02000000001000 ) );
#7797 = VECTOR( '', #9369, 1000.00000000000 );
#7798 = CARTESIAN_POINT( '', ( -0.500000000000000, -1.57500000000000, 2.96000000000000 ) );
#7799 = CARTESIAN_POINT( '', ( -0.500000000010000, -1.57500000001000, 2.96000000001000 ) );
#7800 = VECTOR( '', #9370, 1000.00000000000 );
#7801 = CARTESIAN_POINT( '', ( -0.499997612426500, -1.57500167152200, 2.46000000451500 ) );
#7802 = CARTESIAN_POINT( '', ( -0.499997612436500, -1.57500167153200, 2.46000000452500 ) );
#7803 = VECTOR( '', #9371, 1000.00000000000 );
#7804 = CARTESIAN_POINT( '', ( -0.324946563782600, -1.32500108632600, 2.46000000294400 ) );
#7805 = VECTOR( '', #9372, 1000.00000000000 );
#7806 = CARTESIAN_POINT( '', ( -2.05000000000000, 2.68500000000000, 2.96000000000000 ) );
#7807 = CARTESIAN_POINT( '', ( 2.05000000000000, 2.68500000000000, 2.96000000000000 ) );
#7808 = CARTESIAN_POINT( '', ( -2.05000000001000, 2.68500000001000, 2.96000000001000 ) );
#7809 = VECTOR( '', #9373, 1000.00000000000 );
#7810 = AXIS2_PLACEMENT_3D( '', #9374, #9375, #9376 );
#7811 = CARTESIAN_POINT( '', ( -2.25000000000000, 2.68500000000000, 2.76000000000000 ) );
#7812 = CARTESIAN_POINT( '', ( -2.25000000001000, 2.68500000001000, 2.76000000001000 ) );
#7813 = VECTOR( '', #9377, 1000.00000000000 );
#7814 = AXIS2_PLACEMENT_3D( '', #9378, #9379, #9380 );
#7815 = CARTESIAN_POINT( '', ( 0.625000000000000, -2.37500000000000, -1.46035457610800 ) );
#7816 = CARTESIAN_POINT( '', ( 0.625000000000000, -2.12500000000000, -1.10331757442200 ) );
#7817 = CARTESIAN_POINT( '', ( 0.625000000010000, -2.37500000001000, -1.46035457611800 ) );
#7818 = VECTOR( '', #9381, 1000.00000000000 );
#7819 = CARTESIAN_POINT( '', ( 0.375000000000000, -2.37500000000000, -1.46035457610800 ) );
#7820 = CARTESIAN_POINT( '', ( 0.375000000010000, -2.37500000001000, -1.46035457611800 ) );
#7821 = VECTOR( '', #9382, 1000.00000000000 );
#7822 = CARTESIAN_POINT( '', ( 0.375000000000000, -2.12500000000000, -1.10331757442200 ) );
#7823 = CARTESIAN_POINT( '', ( 0.375000000010000, -2.37500000001000, -1.46035457611800 ) );
#7824 = VECTOR( '', #9383, 1000.00000000000 );
#7825 = CARTESIAN_POINT( '', ( 0.375000000010000, -2.12500000001000, -1.10331757443200 ) );
#7826 = VECTOR( '', #9384, 1000.00000000000 );
#7827 = CARTESIAN_POINT( '', ( -3.22500000000000, -0.715000000000000, 0.560000000000000 ) );
#7828 = CARTESIAN_POINT( '', ( -3.22500000001000, 2.53500000001000, 0.560000000010000 ) );
#7829 = VECTOR( '', #9385, 1000.00000000000 );
#7830 = CARTESIAN_POINT( '', ( -3.22500000001000, -0.715000000010000, 1.16000000001000 ) );
#7831 = VECTOR( '', #9386, 1000.00000000000 );
#7832 = CARTESIAN_POINT( '', ( -3.22500000001000, 2.53500000001000, -1.18000000001000 ) );
#7833 = VECTOR( '', #9387, 1000.00000000000 );
#7834 = CARTESIAN_POINT( '', ( 2.80000049752200, 2.07499999956900, 1.31000049769100 ) );
#7835 = CARTESIAN_POINT( '', ( 2.80000000001000, 2.07500000001000, 1.49000000001000 ) );
#7836 = VECTOR( '', #9388, 1000.00000000000 );
#7837 = CARTESIAN_POINT( '', ( 2.80000000000000, 2.48500000000000, 1.31000093591000 ) );
#7838 = CARTESIAN_POINT( '', ( 2.80000000001000, 2.48500000001000, 1.49000000001000 ) );
#7839 = VECTOR( '', #9389, 1000.00000000000 );
#7840 = CARTESIAN_POINT( '', ( 2.80000049753200, 2.07499999957900, 1.31000049770100 ) );
#7841 = VECTOR( '', #9390, 1000.00000000000 );
#7842 = CARTESIAN_POINT( '', ( -3.10000000000000, -2.42500000000000, -0.170000000000000 ) );
#7843 = CARTESIAN_POINT( '', ( -3.10000000001000, -2.42500000001000, -0.170000000010000 ) );
#7844 = VECTOR( '', #9391, 1000.00000000000 );
#7845 = CARTESIAN_POINT( '', ( -3.10000000001000, -2.67500000001000, -0.170000000010000 ) );
#7846 = VECTOR( '', #9392, 1000.00000000000 );
#7847 = CARTESIAN_POINT( '', ( -3.10000000000000, -2.47500000000000, 1.34000000000000 ) );
#7848 = CARTESIAN_POINT( '', ( -3.10000000001000, -2.47500000001000, 1.34000000001000 ) );
#7849 = VECTOR( '', #9393, 1000.00000000000 );
#7850 = CARTESIAN_POINT( '', ( -3.10000000001000, -2.42500000001000, 1.34000000001000 ) );
#7851 = VECTOR( '', #9394, 1000.00000000000 );
#7852 = CARTESIAN_POINT( '', ( 1.62500000000000, -0.0250000000000000, -0.0200000000000000 ) );
#7853 = CARTESIAN_POINT( '', ( 1.62500000001000, -1.42500000001000, -0.0200000000100000 ) );
#7854 = VECTOR( '', #9395, 1000.00000000000 );
#7855 = CARTESIAN_POINT( '', ( 1.62500000000000, 0.488216372009100, 0.0484288496012100 ) );
#7856 = CARTESIAN_POINT( '', ( 1.62500000001000, -0.0250000000100000, -0.0200000000100000 ) );
#7857 = VECTOR( '', #9396, 1000.00000000000 );
#7858 = CARTESIAN_POINT( '', ( 1.62500000000000, 0.575000000000000, 0.147551639669500 ) );
#7859 = AXIS2_PLACEMENT_3D( '', #9397, #9398, #9399 );
#7860 = CARTESIAN_POINT( '', ( 1.62500000001000, 0.575000000010000, 0.147551639679500 ) );
#7861 = VECTOR( '', #9400, 1000.00000000000 );
#7862 = CARTESIAN_POINT( '', ( 1.62500000001000, -0.0250000000100000, 0.460000000010000 ) );
#7863 = VECTOR( '', #9401, 1000.00000000000 );
#7864 = CARTESIAN_POINT( '', ( -1.62500000000000, -2.52500000000000, -1.06437039865200 ) );
#7865 = CARTESIAN_POINT( '', ( -1.37500000000000, -2.52500000000000, -1.06437039865200 ) );
#7866 = CARTESIAN_POINT( '', ( -1.62500000001000, -2.52500000001000, -1.06437039866200 ) );
#7867 = VECTOR( '', #9402, 1000.00000000000 );
#7868 = CARTESIAN_POINT( '', ( -1.37500000000000, -2.52500000000000, 1.02000000000000 ) );
#7869 = CARTESIAN_POINT( '', ( -1.37500000001000, -2.52500000001000, 1.02000000001000 ) );
#7870 = VECTOR( '', #9403, 1000.00000000000 );
#7871 = CARTESIAN_POINT( '', ( -1.62500000000000, -2.52500000000000, 1.02000000000000 ) );
#7872 = CARTESIAN_POINT( '', ( -1.62500000001000, -2.52500000001000, 1.02000000001000 ) );
#7873 = VECTOR( '', #9404, 1000.00000000000 );
#7874 = CARTESIAN_POINT( '', ( -1.62500000001000, -2.52500000001000, 1.02000000001000 ) );
#7875 = VECTOR( '', #9405, 1000.00000000000 );
#7876 = CARTESIAN_POINT( '', ( -0.375000000000000, -0.0250000000000000, 0.460000000000000 ) );
#7877 = CARTESIAN_POINT( '', ( -0.625000000010000, -0.0250000000100000, 0.460000000010000 ) );
#7878 = VECTOR( '', #9406, 1000.00000000000 );
#7879 = CARTESIAN_POINT( '', ( -0.375000000000000, 0.488216372009100, 0.391571150398800 ) );
#7880 = CARTESIAN_POINT( '', ( -0.375000000010000, 0.488216372019100, 0.391571150408800 ) );
#7881 = VECTOR( '', #9407, 1000.00000000000 );
#7882 = CARTESIAN_POINT( '', ( -0.625000000010000, 0.488216372019100, 0.391571150408800 ) );
#7883 = VECTOR( '', #9408, 1000.00000000000 );
#7884 = CARTESIAN_POINT( '', ( 0.799995351771051, -1.82500000001000, 2.45999773618785 ) );
#7885 = AXIS2_PLACEMENT_3D( '', #9409, #9410, #9411 );
#7886 = CARTESIAN_POINT( '', ( 0.624943908004300, -1.57500246685900, 2.46000000000000 ) );
#7887 = CARTESIAN_POINT( '', ( 0.624946787964700, -1.57500092939200, 2.46000000306800 ) );
#7888 = VECTOR( '', #9412, 1000.00000000000 );
#7889 = AXIS2_PLACEMENT_3D( '', #9413, #9414, #9415 );
#7890 = CARTESIAN_POINT( '', ( -2.62500000000000, -2.37500000000000, -2.01000000000000 ) );
#7891 = CARTESIAN_POINT( '', ( -2.37500000000000, -2.37500000000000, -2.01000000000000 ) );
#7892 = CARTESIAN_POINT( '', ( -2.62500000001000, -2.37500000001000, -2.01000000001000 ) );
#7893 = VECTOR( '', #9416, 1000.00000000000 );
#7894 = CARTESIAN_POINT( '', ( -2.37500000000000, -2.47500000000000, -2.11000000000000 ) );
#7895 = CARTESIAN_POINT( '', ( -2.37500000001000, -2.47500000001000, -2.11000000001000 ) );
#7896 = VECTOR( '', #9417, 1000.00000000000 );
#7897 = CARTESIAN_POINT( '', ( -2.62500000000000, -2.47500000000000, -2.11000000000000 ) );
#7898 = CARTESIAN_POINT( '', ( -2.62500000001000, -2.47500000001000, -2.11000000001000 ) );
#7899 = VECTOR( '', #9418, 1000.00000000000 );
#7900 = CARTESIAN_POINT( '', ( -2.62500000001000, -2.47500000001000, -2.11000000001000 ) );
#7901 = VECTOR( '', #9419, 1000.00000000000 );
#7902 = CARTESIAN_POINT( '', ( -0.375000000010000, -1.42500000001000, -0.0200000000100000 ) );
#7903 = VECTOR( '', #9420, 1000.00000000000 );
#7904 = CARTESIAN_POINT( '', ( -0.375000000000000, 0.575000000000000, 0.147551639669500 ) );
#7905 = AXIS2_PLACEMENT_3D( '', #9421, #9422, #9423 );
#7906 = CARTESIAN_POINT( '', ( -0.375000000000000, 0.575000000000000, 0.292448360330500 ) );
#7907 = CARTESIAN_POINT( '', ( -0.375000000010000, 0.575000000010000, 0.147551639679500 ) );
#7908 = VECTOR( '', #9424, 1000.00000000000 );
#7909 = AXIS2_PLACEMENT_3D( '', #9425, #9426, #9427 );
#7910 = CARTESIAN_POINT( '', ( -0.375000000010000, -0.0250000000100000, 0.460000000010000 ) );
#7911 = VECTOR( '', #9428, 1000.00000000000 );
#7912 = CARTESIAN_POINT( '', ( -1.62500000000000, -0.0250000000000000, -0.0200000000000000 ) );
#7913 = CARTESIAN_POINT( '', ( -1.62500000001000, -1.42500000001000, -0.0200000000100000 ) );
#7914 = VECTOR( '', #9429, 1000.00000000000 );
#7915 = CARTESIAN_POINT( '', ( -1.37500000000000, -0.0250000000000000, -0.0200000000000000 ) );
#7916 = CARTESIAN_POINT( '', ( -1.62500000001000, -0.0250000000100000, -0.0200000000100000 ) );
#7917 = VECTOR( '', #9430, 1000.00000000000 );
#7918 = CARTESIAN_POINT( '', ( -1.37500000001000, -1.42500000001000, -0.0200000000100000 ) );
#7919 = VECTOR( '', #9431, 1000.00000000000 );
#7920 = CARTESIAN_POINT( '', ( 1.37500000000000, 0.488216372009100, 0.0484288496012100 ) );
#7921 = CARTESIAN_POINT( '', ( 1.37500000001000, 0.488216372019100, 0.0484288496112100 ) );
#7922 = VECTOR( '', #9432, 1000.00000000000 );
#7923 = CARTESIAN_POINT( '', ( 1.37500000000000, -0.0250000000000000, -0.0200000000000000 ) );
#7924 = CARTESIAN_POINT( '', ( 1.37500000001000, -0.0250000000100000, -0.0200000000100000 ) );
#7925 = VECTOR( '', #9433, 1000.00000000000 );
#7926 = CARTESIAN_POINT( '', ( 1.37500000001000, -0.0250000000100000, -0.0200000000100000 ) );
#7927 = VECTOR( '', #9434, 1000.00000000000 );
#7928 = CARTESIAN_POINT( '', ( -1.37500000000000, -2.12500000000000, 1.02000000000000 ) );
#7929 = CARTESIAN_POINT( '', ( -1.37500000001000, -2.12500000001000, 1.02000000001000 ) );
#7930 = VECTOR( '', #9435, 1000.00000000000 );
#7931 = CARTESIAN_POINT( '', ( -1.37500000000000, -2.72500000000000, -1.35000000000000 ) );
#7932 = CARTESIAN_POINT( '', ( -1.37500000001000, -2.52500000001000, -1.06437039866200 ) );
#7933 = VECTOR( '', #9436, 1000.00000000000 );
#7934 = CARTESIAN_POINT( '', ( -1.37500000000000, -2.72500000000000, -2.01000000000000 ) );
#7935 = CARTESIAN_POINT( '', ( -1.37500000001000, -2.72500000001000, -1.35000000001000 ) );
#7936 = VECTOR( '', #9437, 1000.00000000000 );
#7937 = CARTESIAN_POINT( '', ( -1.37500000000000, -2.62500000000000, -2.11000000000000 ) );
#7938 = CARTESIAN_POINT( '', ( -1.37500000001000, -2.72500000001000, -2.01000000001000 ) );
#7939 = VECTOR( '', #9438, 1000.00000000000 );
#7940 = CARTESIAN_POINT( '', ( -1.37500000000000, -2.47500000000000, -2.11000000000000 ) );
#7941 = CARTESIAN_POINT( '', ( -1.37500000001000, -2.62500000001000, -2.11000000001000 ) );
#7942 = VECTOR( '', #9439, 1000.00000000000 );
#7943 = CARTESIAN_POINT( '', ( -1.37500000001000, -2.47500000001000, -2.11000000001000 ) );
#7944 = VECTOR( '', #9440, 1000.00000000000 );
#7945 = CARTESIAN_POINT( '', ( -1.37500000000000, -2.12500000000000, -1.10331757442200 ) );
#7946 = CARTESIAN_POINT( '', ( -1.37500000001000, -2.37500000001000, -1.46035457611800 ) );
#7947 = VECTOR( '', #9441, 1000.00000000000 );
#7948 = CARTESIAN_POINT( '', ( -1.37500000001000, -2.12500000001000, -1.10331757443200 ) );
#7949 = VECTOR( '', #9442, 1000.00000000000 );
#7950 = CARTESIAN_POINT( '', ( -3.73000000000000, -2.42500000000000, 0.890000000000000 ) );
#7951 = CARTESIAN_POINT( '', ( -3.73000000001000, -2.42500000001000, 1.34000000001000 ) );
#7952 = VECTOR( '', #9443, 1000.00000000000 );
#7953 = CARTESIAN_POINT( '', ( -3.73000000000000, -1.20500000000000, 0.890000000000000 ) );
#7954 = CARTESIAN_POINT( '', ( -3.73000000001000, -1.20500000001000, 0.890000000010000 ) );
#7955 = VECTOR( '', #9444, 1000.00000000000 );
#7956 = CARTESIAN_POINT( '', ( -3.73000000001000, -1.20500000001000, 1.34000000001000 ) );
#7957 = VECTOR( '', #9445, 1000.00000000000 );
#7958 = CARTESIAN_POINT( '', ( 0.625000000000000, -0.0250000000000000, 0.460000000000000 ) );
#7959 = CARTESIAN_POINT( '', ( 0.625000000010000, -0.0250000000100000, 0.460000000010000 ) );
#7960 = VECTOR( '', #9446, 1000.00000000000 );
#7961 = CARTESIAN_POINT( '', ( 0.375000000000000, -0.0250000000000000, 0.460000000000000 ) );
#7962 = CARTESIAN_POINT( '', ( 0.375000000010000, -0.0250000000100000, 0.460000000010000 ) );
#7963 = VECTOR( '', #9447, 1000.00000000000 );
#7964 = CARTESIAN_POINT( '', ( 0.375000000010000, -0.0250000000100000, 0.460000000010000 ) );
#7965 = VECTOR( '', #9448, 1000.00000000000 );
#7966 = CARTESIAN_POINT( '', ( 0.375000000000000, -2.12500000000000, 1.02000000000000 ) );
#7967 = CARTESIAN_POINT( '', ( 0.375000000010000, -2.12500000001000, 1.02000000001000 ) );
#7968 = VECTOR( '', #9449, 1000.00000000000 );
#7969 = CARTESIAN_POINT( '', ( 0.625000000000000, -2.12500000000000, 1.02000000000000 ) );
#7970 = CARTESIAN_POINT( '', ( 0.625000000010000, -2.12500000001000, 1.02000000001000 ) );
#7971 = VECTOR( '', #9450, 1000.00000000000 );
#7972 = CARTESIAN_POINT( '', ( 0.375000000010000, -2.12500000001000, 1.02000000001000 ) );
#7973 = VECTOR( '', #9451, 1000.00000000000 );
#7974 = CARTESIAN_POINT( '', ( 0.650000000000000, 0.125000000000000, 2.96000000000000 ) );
#7975 = CARTESIAN_POINT( '', ( 0.650000000000000, 0.125000000000000, 2.56000000000000 ) );
#7976 = CARTESIAN_POINT( '', ( 0.650000000010000, 0.125000000010000, 2.96000000001000 ) );
#7977 = VECTOR( '', #9452, 1000.00000000000 );
#7978 = CARTESIAN_POINT( '', ( -0.650000000000000, 0.125000000000000, 2.56000000000000 ) );
#7979 = CARTESIAN_POINT( '', ( -0.650000000010000, 0.125000000010000, 2.56000000001000 ) );
#7980 = VECTOR( '', #9453, 1000.00000000000 );
#7981 = CARTESIAN_POINT( '', ( -0.650000000000000, 0.125000000000000, 2.96000000000000 ) );
#7982 = CARTESIAN_POINT( '', ( -0.650000000010000, 0.125000000010000, 2.96000000001000 ) );
#7983 = VECTOR( '', #9454, 1000.00000000000 );
#7984 = CARTESIAN_POINT( '', ( -0.650000000010000, 0.125000000010000, 2.96000000001000 ) );
#7985 = VECTOR( '', #9455, 1000.00000000000 );
#7986 = CARTESIAN_POINT( '', ( -1.62500000000000, 0.575000000000000, 0.147551639669500 ) );
#7987 = CARTESIAN_POINT( '', ( -1.37500000000000, 0.575000000000000, 0.147551639669500 ) );
#7988 = CARTESIAN_POINT( '', ( -1.62500000001000, 0.575000000010000, 0.147551639679500 ) );
#7989 = VECTOR( '', #9456, 1000.00000000000 );
#7990 = CARTESIAN_POINT( '', ( -1.37500000000000, 0.488216372009100, 0.0484288496012100 ) );
#7991 = AXIS2_PLACEMENT_3D( '', #9457, #9458, #9459 );
#7992 = CARTESIAN_POINT( '', ( -1.62500000000000, 0.488216372009100, 0.0484288496012100 ) );
#7993 = CARTESIAN_POINT( '', ( -1.62500000001000, 0.488216372019100, 0.0484288496112100 ) );
#7994 = VECTOR( '', #9460, 1000.00000000000 );
#7995 = AXIS2_PLACEMENT_3D( '', #9461, #9462, #9463 );
#7996 = CARTESIAN_POINT( '', ( 1.37500000001000, -1.42500000001000, -0.0200000000100000 ) );
#7997 = VECTOR( '', #9464, 1000.00000000000 );
#7998 = CARTESIAN_POINT( '', ( 1.37500000000000, -2.37500000000000, -1.46035457610800 ) );
#7999 = CARTESIAN_POINT( '', ( 1.62500000000000, -2.37500000000000, -1.46035457610800 ) );
#8000 = CARTESIAN_POINT( '', ( 1.37500000001000, -2.37500000001000, -1.46035457611800 ) );
#8001 = VECTOR( '', #9465, 1000.00000000000 );
#8002 = CARTESIAN_POINT( '', ( 1.62500000000000, -2.37500000000000, -2.01000000000000 ) );
#8003 = CARTESIAN_POINT( '', ( 1.62500000001000, -2.37500000001000, -2.01000000001000 ) );
#8004 = VECTOR( '', #9466, 1000.00000000000 );
#8005 = CARTESIAN_POINT( '', ( 1.37500000000000, -2.37500000000000, -2.01000000000000 ) );
#8006 = CARTESIAN_POINT( '', ( 1.37500000001000, -2.37500000001000, -2.01000000001000 ) );
#8007 = VECTOR( '', #9467, 1000.00000000000 );
#8008 = CARTESIAN_POINT( '', ( 1.37500000001000, -2.37500000001000, -2.01000000001000 ) );
#8009 = VECTOR( '', #9468, 1000.00000000000 );
#8010 = CARTESIAN_POINT( '', ( -1.62500000000000, -2.72500000000000, -1.35000000000000 ) );
#8011 = CARTESIAN_POINT( '', ( -1.62500000001000, -2.72500000001000, -1.35000000001000 ) );
#8012 = VECTOR( '', #9469, 1000.00000000000 );
#8013 = CARTESIAN_POINT( '', ( -1.62500000001000, -2.52500000001000, -1.06437039866200 ) );
#8014 = VECTOR( '', #9470, 1000.00000000000 );
#8015 = CARTESIAN_POINT( '', ( -1.62500000000000, -2.62500000000000, -2.11000000000000 ) );
#8016 = CARTESIAN_POINT( '', ( -1.62500000001000, -2.62500000001000, -2.11000000001000 ) );
#8017 = VECTOR( '', #9471, 1000.00000000000 );
#8018 = CARTESIAN_POINT( '', ( -1.62500000000000, -2.72500000000000, -2.01000000000000 ) );
#8019 = CARTESIAN_POINT( '', ( -1.62500000001000, -2.72500000001000, -2.01000000001000 ) );
#8020 = VECTOR( '', #9472, 1000.00000000000 );
#8021 = CARTESIAN_POINT( '', ( -1.62500000001000, -2.72500000001000, -2.01000000001000 ) );
#8022 = VECTOR( '', #9473, 1000.00000000000 );
#8023 = CARTESIAN_POINT( '', ( 4.07000000000000, -2.72500000000000, 1.39000000000000 ) );
#8024 = CARTESIAN_POINT( '', ( 4.07000000000000, -2.72500000000000, 0.290000000000000 ) );
#8025 = CARTESIAN_POINT( '', ( 4.07000000001000, -2.72500000001000, 1.39000000001000 ) );
#8026 = VECTOR( '', #9474, 1000.00000000000 );
#8027 = CARTESIAN_POINT( '', ( 4.12000000000000, -2.67500000000000, 0.290000000000000 ) );
#8028 = CARTESIAN_POINT( '', ( 4.07000000001000, -2.72500000001000, 0.290000000010000 ) );
#8029 = VECTOR( '', #9475, 1000.00000000000 );
#8030 = CARTESIAN_POINT( '', ( 4.12000000000000, -2.67500000000000, 1.39000000000000 ) );
#8031 = CARTESIAN_POINT( '', ( 4.12000000001000, -2.67500000001000, 1.39000000001000 ) );
#8032 = VECTOR( '', #9476, 1000.00000000000 );
#8033 = CARTESIAN_POINT( '', ( 4.07000000001000, -2.72500000001000, 1.39000000001000 ) );
#8034 = VECTOR( '', #9477, 1000.00000000000 );
#8035 = CARTESIAN_POINT( '', ( 3.52000000000000, -1.22500000000000, 1.39000000000000 ) );
#8036 = CARTESIAN_POINT( '', ( 3.52000000001000, -1.22500000001000, 1.39000000001000 ) );
#8037 = VECTOR( '', #9478, 1000.00000000000 );
#8038 = CARTESIAN_POINT( '', ( 3.52000000000000, -2.42500000000000, 0.290000000000000 ) );
#8039 = CARTESIAN_POINT( '', ( 3.52000000001000, -2.42500000001000, 0.890000000010000 ) );
#8040 = VECTOR( '', #9479, 1000.00000000000 );
#8041 = CARTESIAN_POINT( '', ( 3.52000000000000, -2.52500000000000, 0.290000000000000 ) );
#8042 = CARTESIAN_POINT( '', ( 3.52000000001000, -2.52500000001000, 0.290000000010000 ) );
#8043 = VECTOR( '', #9480, 1000.00000000000 );
#8044 = CARTESIAN_POINT( '', ( 3.52000000000000, -2.52500000000000, 1.39000000000000 ) );
#8045 = CARTESIAN_POINT( '', ( 3.52000000001000, -2.52500000001000, 1.39000000001000 ) );
#8046 = VECTOR( '', #9481, 1000.00000000000 );
#8047 = CARTESIAN_POINT( '', ( 3.52000000001000, -1.22500000001000, 1.39000000001000 ) );
#8048 = VECTOR( '', #9482, 1000.00000000000 );
#8049 = CARTESIAN_POINT( '', ( 1.37500000000000, -2.12500000000000, 1.02000000000000 ) );
#8050 = CARTESIAN_POINT( '', ( 1.37500000000000, -2.52500000000000, 1.02000000000000 ) );
#8051 = CARTESIAN_POINT( '', ( 1.37500000001000, -2.12500000001000, 1.02000000001000 ) );
#8052 = VECTOR( '', #9483, 1000.00000000000 );
#8053 = CARTESIAN_POINT( '', ( 1.62500000000000, -2.52500000000000, 1.02000000000000 ) );
#8054 = CARTESIAN_POINT( '', ( 1.37500000001000, -2.52500000001000, 1.02000000001000 ) );
#8055 = VECTOR( '', #9484, 1000.00000000000 );
#8056 = CARTESIAN_POINT( '', ( 1.62500000000000, -2.12500000000000, 1.02000000000000 ) );
#8057 = CARTESIAN_POINT( '', ( 1.62500000001000, -2.12500000001000, 1.02000000001000 ) );
#8058 = VECTOR( '', #9485, 1000.00000000000 );
#8059 = CARTESIAN_POINT( '', ( 1.37500000001000, -2.12500000001000, 1.02000000001000 ) );
#8060 = VECTOR( '', #9486, 1000.00000000000 );
#8061 = CARTESIAN_POINT( '', ( 0.375000000000000, 0.488216372009100, 0.391571150398800 ) );
#8062 = CARTESIAN_POINT( '', ( 0.375000000010000, 0.488216372019100, 0.391571150408800 ) );
#8063 = VECTOR( '', #9487, 1000.00000000000 );
#8064 = AXIS2_PLACEMENT_3D( '', #9488, #9489, #9490 );
#8065 = CARTESIAN_POINT( '', ( 0.375000000000000, 0.488216372009100, 0.0484288496012100 ) );
#8066 = AXIS2_PLACEMENT_3D( '', #9491, #9492, #9493 );
#8067 = CARTESIAN_POINT( '', ( 0.375000000000000, -0.0250000000000000, -0.0200000000000000 ) );
#8068 = CARTESIAN_POINT( '', ( 0.375000000010000, -0.0250000000100000, -0.0200000000100000 ) );
#8069 = VECTOR( '', #9494, 1000.00000000000 );
#8070 = CARTESIAN_POINT( '', ( 0.375000000010000, -1.42500000001000, -0.0200000000100000 ) );
#8071 = VECTOR( '', #9495, 1000.00000000000 );
#8072 = CARTESIAN_POINT( '', ( 1.37500000000000, -2.12500000000000, -1.10331757442200 ) );
#8073 = CARTESIAN_POINT( '', ( 1.37500000001000, -2.37500000001000, -1.46035457611800 ) );
#8074 = VECTOR( '', #9496, 1000.00000000000 );
#8075 = CARTESIAN_POINT( '', ( 1.37500000001000, -2.47500000001000, -2.11000000001000 ) );
#8076 = VECTOR( '', #9497, 1000.00000000000 );
#8077 = CARTESIAN_POINT( '', ( 1.37500000001000, -2.72500000001000, -2.01000000001000 ) );
#8078 = VECTOR( '', #9498, 1000.00000000000 );
#8079 = CARTESIAN_POINT( '', ( 1.37500000000000, -2.52500000000000, -1.06437039865200 ) );
#8080 = CARTESIAN_POINT( '', ( 1.37500000001000, -2.52500000001000, -1.06437039866200 ) );
#8081 = VECTOR( '', #9499, 1000.00000000000 );
#8082 = CARTESIAN_POINT( '', ( 1.37500000001000, -2.52500000001000, 1.02000000001000 ) );
#8083 = VECTOR( '', #9500, 1000.00000000000 );
#8084 = CARTESIAN_POINT( '', ( 1.37500000001000, -2.12500000001000, 1.02000000001000 ) );
#8085 = VECTOR( '', #9501, 1000.00000000000 );
#8086 = CARTESIAN_POINT( '', ( 0.800000000000000, -1.82500000000000, 2.76000000000000 ) );
#8087 = CARTESIAN_POINT( '', ( 0.800000000010000, -1.82500000001000, 2.76000000001000 ) );
#8088 = VECTOR( '', #9502, 1000.00000000000 );
#8089 = CARTESIAN_POINT( '', ( 0.800000000010000, -1.82500000001000, 2.76000000001000 ) );
#8090 = VECTOR( '', #9503, 1000.00000000000 );
#8091 = CARTESIAN_POINT( '', ( -2.25000000001000, -1.82500000001000, 1.59000000001000 ) );
#8092 = VECTOR( '', #9504, 1000.00000000000 );
#8093 = AXIS2_PLACEMENT_3D( '', #9505, #9506, #9507 );
#8094 = CARTESIAN_POINT( '', ( 0.500000000000000, -1.57500000000000, 2.96000000000000 ) );
#8095 = CARTESIAN_POINT( '', ( 0.324948115457600, -1.32500000001000, 2.96000000001000 ) );
#8096 = VECTOR( '', #9508, 1000.00000000000 );
#8097 = CARTESIAN_POINT( '', ( 0.499989326116800, -1.57500000000000, 2.46000000000000 ) );
#8098 = CARTESIAN_POINT( '', ( 0.324946563751400, -1.32500108628200, 2.46000000237200 ) );
#8099 = VECTOR( '', #9509, 1000.00000000000 );
#8100 = CARTESIAN_POINT( '', ( 0.500000000010000, -1.57500000001000, 2.96000000001000 ) );
#8101 = VECTOR( '', #9510, 1000.00000000000 );
#8102 = CARTESIAN_POINT( '', ( 2.62500000001000, 0.575000000010000, 0.147551639679500 ) );
#8103 = VECTOR( '', #9511, 1000.00000000000 );
#8104 = CARTESIAN_POINT( '', ( -3.22500000001000, 2.53500000001000, -1.18000000001000 ) );
#8105 = VECTOR( '', #9512, 1000.00000000000 );
#8106 = CARTESIAN_POINT( '', ( 3.37500000000000, 2.68500000000000, -1.33000000000000 ) );
#8107 = CARTESIAN_POINT( '', ( 3.37500000001000, 2.68500000001000, -1.33000000001000 ) );
#8108 = VECTOR( '', #9513, 1000.00000000000 );
#8109 = CARTESIAN_POINT( '', ( -3.37500000001000, 2.68500000001000, -1.33000000001000 ) );
#8110 = VECTOR( '', #9514, 1000.00000000000 );
#8111 = CARTESIAN_POINT( '', ( 0.175000000010000, -2.67500000001000, -0.710000000010000 ) );
#8112 = VECTOR( '', #9515, 1000.00000000000 );
#8113 = CARTESIAN_POINT( '', ( 0.175000000000000, -2.12500000000000, 1.34000000000000 ) );
#8114 = CARTESIAN_POINT( '', ( 0.175000000010000, -2.12500000001000, 1.34000000001000 ) );
#8115 = VECTOR( '', #9516, 1000.00000000000 );
#8116 = CARTESIAN_POINT( '', ( 0.175000000000000, -2.47500000000000, 1.34000000000000 ) );
#8117 = CARTESIAN_POINT( '', ( 0.175000000010000, -2.12500000001000, 1.34000000001000 ) );
#8118 = VECTOR( '', #9517, 1000.00000000000 );
#8119 = CARTESIAN_POINT( '', ( 0.175000000010000, -2.47500000001000, 1.34000000001000 ) );
#8120 = VECTOR( '', #9518, 1000.00000000000 );
#8121 = CARTESIAN_POINT( '', ( -0.625000000000000, -2.47500000000000, -2.11000000000000 ) );
#8122 = CARTESIAN_POINT( '', ( -0.375000000000000, -2.47500000000000, -2.11000000000000 ) );
#8123 = CARTESIAN_POINT( '', ( -0.625000000010000, -2.47500000001000, -2.11000000001000 ) );
#8124 = VECTOR( '', #9519, 1000.00000000000 );
#8125 = CARTESIAN_POINT( '', ( -0.375000000000000, -2.62500000000000, -2.11000000000000 ) );
#8126 = CARTESIAN_POINT( '', ( -0.375000000010000, -2.62500000001000, -2.11000000001000 ) );
#8127 = VECTOR( '', #9520, 1000.00000000000 );
#8128 = CARTESIAN_POINT( '', ( -0.625000000000000, -2.62500000000000, -2.11000000000000 ) );
#8129 = CARTESIAN_POINT( '', ( -0.625000000010000, -2.62500000001000, -2.11000000001000 ) );
#8130 = VECTOR( '', #9521, 1000.00000000000 );
#8131 = CARTESIAN_POINT( '', ( -0.625000000010000, -2.62500000001000, -2.11000000001000 ) );
#8132 = VECTOR( '', #9522, 1000.00000000000 );
#8133 = CARTESIAN_POINT( '', ( 3.72000000000000, -2.42500000000000, 0.290000000000000 ) );
#8134 = CARTESIAN_POINT( '', ( 3.72000000001000, -2.42500000001000, 0.290000000010000 ) );
#8135 = VECTOR( '', #9523, 1000.00000000000 );
#8136 = CARTESIAN_POINT( '', ( 3.72000000001000, -2.42500000001000, 0.890000000010000 ) );
#8137 = VECTOR( '', #9524, 1000.00000000000 );
#8138 = CARTESIAN_POINT( '', ( 3.72000000000000, -1.22500000000000, 1.39000000000000 ) );
#8139 = CARTESIAN_POINT( '', ( 3.72000000001000, -1.22500000001000, 1.39000000001000 ) );
#8140 = VECTOR( '', #9525, 1000.00000000000 );
#8141 = CARTESIAN_POINT( '', ( 3.72000000001000, -2.52500000001000, 1.39000000001000 ) );
#8142 = VECTOR( '', #9526, 1000.00000000000 );
#8143 = CARTESIAN_POINT( '', ( -1.85000000000000, 2.30783850070200, 2.56000000000000 ) );
#8144 = CARTESIAN_POINT( '', ( -1.85000000000000, 1.72500000000000, 1.98795480486700 ) );
#8145 = CARTESIAN_POINT( '', ( -1.85000000001000, 2.30783850071200, 2.56000000001000 ) );
#8146 = VECTOR( '', #9527, 1000.00000000000 );
#8147 = CARTESIAN_POINT( '', ( -1.85000000000000, -1.07500000000000, 2.56000000000000 ) );
#8148 = CARTESIAN_POINT( '', ( -1.85000000001000, 2.30783850071200, 2.56000000001000 ) );
#8149 = VECTOR( '', #9528, 1000.00000000000 );
#8150 = CARTESIAN_POINT( '', ( -1.85000000001000, -1.07500000001000, 2.56000000001000 ) );
#8151 = VECTOR( '', #9529, 1000.00000000000 );
#8152 = CARTESIAN_POINT( '', ( -1.85000000000000, 1.72500000000000, 1.31000000000000 ) );
#8153 = CARTESIAN_POINT( '', ( -1.85000000001000, 1.72500000001000, 1.31000000001000 ) );
#8154 = VECTOR( '', #9530, 1000.00000000000 );
#8155 = CARTESIAN_POINT( '', ( -1.85000000001000, 1.72500000001000, 1.98795480487700 ) );
#8156 = VECTOR( '', #9531, 1000.00000000000 );
#8157 = CARTESIAN_POINT( '', ( -4.00000000000000, -2.42500000000000, -0.170000000000000 ) );
#8158 = CARTESIAN_POINT( '', ( -4.00000000001000, -2.42500000001000, -0.170000000010000 ) );
#8159 = VECTOR( '', #9532, 1000.00000000000 );
#8160 = CARTESIAN_POINT( '', ( -4.00000000001000, -2.67500000001000, -0.170000000010000 ) );
#8161 = VECTOR( '', #9533, 1000.00000000000 );
#8162 = CARTESIAN_POINT( '', ( -3.72000000000000, -1.22500000000000, 1.39000000000000 ) );
#8163 = CARTESIAN_POINT( '', ( -3.72000000000000, -2.52500000000000, 1.39000000000000 ) );
#8164 = CARTESIAN_POINT( '', ( -3.72000000001000, -1.22500000001000, 1.39000000001000 ) );
#8165 = VECTOR( '', #9534, 1000.00000000000 );
#8166 = CARTESIAN_POINT( '', ( -4.07000000000000, -2.52500000000000, 1.39000000000000 ) );
#8167 = CARTESIAN_POINT( '', ( -3.72000000001000, -2.52500000001000, 1.39000000001000 ) );
#8168 = VECTOR( '', #9535, 1000.00000000000 );
#8169 = CARTESIAN_POINT( '', ( -4.12000000000000, -2.57500000000000, 1.39000000000000 ) );
#8170 = CARTESIAN_POINT( '', ( -4.07000000001000, -2.52500000001000, 1.39000000001000 ) );
#8171 = VECTOR( '', #9536, 1000.00000000000 );
#8172 = CARTESIAN_POINT( '', ( -4.12000000001000, -2.57500000001000, 1.39000000001000 ) );
#8173 = VECTOR( '', #9537, 1000.00000000000 );
#8174 = CARTESIAN_POINT( '', ( -4.07000000001000, -2.72500000001000, 1.39000000001000 ) );
#8175 = VECTOR( '', #9538, 1000.00000000000 );
#8176 = CARTESIAN_POINT( '', ( -3.52000000000000, -1.22500000000000, 1.39000000000000 ) );
#8177 = CARTESIAN_POINT( '', ( -3.52000000001000, -2.52500000001000, 1.39000000001000 ) );
#8178 = VECTOR( '', #9539, 1000.00000000000 );
#8179 = CARTESIAN_POINT( '', ( -3.52000000001000, -1.22500000001000, 1.39000000001000 ) );
#8180 = VECTOR( '', #9540, 1000.00000000000 );
#8181 = CARTESIAN_POINT( '', ( 3.10000000000000, -2.42500000000000, -0.170000000000000 ) );
#8182 = CARTESIAN_POINT( '', ( 3.10000000001000, -2.42500000001000, -0.170000000010000 ) );
#8183 = VECTOR( '', #9541, 1000.00000000000 );
#8184 = CARTESIAN_POINT( '', ( 3.10000000000000, -2.67500000000000, -0.170000000000000 ) );
#8185 = CARTESIAN_POINT( '', ( 3.10000000001000, -2.67500000001000, -0.170000000010000 ) );
#8186 = VECTOR( '', #9542, 1000.00000000000 );
#8187 = CARTESIAN_POINT( '', ( 4.00000000001000, -2.67500000001000, -0.170000000010000 ) );
#8188 = VECTOR( '', #9543, 1000.00000000000 );
#8189 = CARTESIAN_POINT( '', ( -3.52000000000000, -2.42500000000000, 0.290000000000000 ) );
#8190 = CARTESIAN_POINT( '', ( -3.52000000001000, -2.52500000001000, 0.290000000010000 ) );
#8191 = VECTOR( '', #9544, 1000.00000000000 );
#8192 = CARTESIAN_POINT( '', ( -3.52000000000000, -2.42500000000000, 0.890000000000000 ) );
#8193 = CARTESIAN_POINT( '', ( -3.52000000001000, -2.42500000001000, 0.890000000010000 ) );
#8194 = VECTOR( '', #9545, 1000.00000000000 );
#8195 = CARTESIAN_POINT( '', ( -3.52000000000000, -1.22500000000000, 0.890000000000000 ) );
#8196 = CARTESIAN_POINT( '', ( -3.52000000001000, -2.42500000001000, 0.890000000010000 ) );
#8197 = VECTOR( '', #9546, 1000.00000000000 );
#8198 = CARTESIAN_POINT( '', ( -3.52000000001000, -1.22500000001000, 1.39000000001000 ) );
#8199 = VECTOR( '', #9547, 1000.00000000000 );
#8200 = CARTESIAN_POINT( '', ( -0.375000000000000, -2.37500000000000, -1.46035457610800 ) );
#8201 = CARTESIAN_POINT( '', ( -0.375000000000000, -2.12500000000000, -1.10331757442200 ) );
#8202 = CARTESIAN_POINT( '', ( -0.375000000010000, -2.37500000001000, -1.46035457611800 ) );
#8203 = VECTOR( '', #9548, 1000.00000000000 );
#8204 = CARTESIAN_POINT( '', ( -0.625000000000000, -2.37500000000000, -1.46035457610800 ) );
#8205 = CARTESIAN_POINT( '', ( -0.625000000010000, -2.37500000001000, -1.46035457611800 ) );
#8206 = VECTOR( '', #9549, 1000.00000000000 );
#8207 = CARTESIAN_POINT( '', ( -0.625000000000000, -2.12500000000000, -1.10331757442200 ) );
#8208 = CARTESIAN_POINT( '', ( -0.625000000010000, -2.37500000001000, -1.46035457611800 ) );
#8209 = VECTOR( '', #9550, 1000.00000000000 );
#8210 = CARTESIAN_POINT( '', ( -0.625000000010000, -2.12500000001000, -1.10331757443200 ) );
#8211 = VECTOR( '', #9551, 1000.00000000000 );
#8212 = CARTESIAN_POINT( '', ( 0.625000000000000, 0.488216372009100, 0.391571150398800 ) );
#8213 = CARTESIAN_POINT( '', ( 0.625000000010000, 0.488216372019100, 0.391571150408800 ) );
#8214 = VECTOR( '', #9552, 1000.00000000000 );
#8215 = CARTESIAN_POINT( '', ( 0.375000000010000, 0.488216372019100, 0.391571150408800 ) );
#8216 = VECTOR( '', #9553, 1000.00000000000 );
#8217 = CARTESIAN_POINT( '', ( 3.37500000000000, 2.68500000000000, 0.560000000000000 ) );
#8218 = CARTESIAN_POINT( '', ( 3.37500000001000, 2.68500000001000, -1.33000000001000 ) );
#8219 = VECTOR( '', #9554, 1000.00000000000 );
#8220 = CARTESIAN_POINT( '', ( 3.37500000001000, 2.68500000001000, 0.560000000010000 ) );
#8221 = VECTOR( '', #9555, 1000.00000000000 );
#8222 = CARTESIAN_POINT( '', ( -1.92500000000000, 1.80000000000000, 1.23500000000000 ) );
#8223 = CARTESIAN_POINT( '', ( -2.00000000001000, 1.72500000001000, 1.16000000001000 ) );
#8224 = VECTOR( '', #9556, 1000.00000000000 );
#8225 = CARTESIAN_POINT( '', ( -1.92500000001000, 1.80000000001000, 1.23500000001000 ) );
#8226 = VECTOR( '', #9557, 1000.00000000000 );
#8227 = CARTESIAN_POINT( '', ( -2.63500000000000, 1.47500000000000, -0.910000000000000 ) );
#8228 = CARTESIAN_POINT( '', ( -2.63500000001000, 1.47500000001000, -0.910000000010000 ) );
#8229 = VECTOR( '', #9558, 1000.00000000000 );
#8230 = CARTESIAN_POINT( '', ( 2.63500000000000, 1.47500000000000, -0.910000000000000 ) );
#8231 = CARTESIAN_POINT( '', ( 2.63500000001000, -1.42500000001000, -0.910000000010000 ) );
#8232 = VECTOR( '', #9559, 1000.00000000000 );
#8233 = CARTESIAN_POINT( '', ( 2.63500000001000, 1.47500000001000, -0.910000000010000 ) );
#8234 = VECTOR( '', #9560, 1000.00000000000 );
#8235 = CARTESIAN_POINT( '', ( 1.37500000001000, -0.0250000000100000, 0.460000000010000 ) );
#8236 = VECTOR( '', #9561, 1000.00000000000 );
#8237 = CARTESIAN_POINT( '', ( -2.37500000000000, 0.575000000000000, 0.292448360330500 ) );
#8238 = CARTESIAN_POINT( '', ( -2.62500000001000, 0.575000000010000, 0.292448360340500 ) );
#8239 = VECTOR( '', #9562, 1000.00000000000 );
#8240 = CARTESIAN_POINT( '', ( -2.37500000000000, 0.575000000000000, 0.147551639669500 ) );
#8241 = CARTESIAN_POINT( '', ( -2.37500000001000, 0.575000000010000, 0.147551639679500 ) );
#8242 = VECTOR( '', #9563, 1000.00000000000 );
#8243 = CARTESIAN_POINT( '', ( -2.62500000001000, 0.575000000010000, 0.147551639679500 ) );
#8244 = VECTOR( '', #9564, 1000.00000000000 );
#8245 = CARTESIAN_POINT( '', ( 2.60000000000000, 1.87499782952200, 1.31000181037600 ) );
#8246 = CARTESIAN_POINT( '', ( 2.60000000001000, 1.87500000001000, 1.49000000001000 ) );
#8247 = VECTOR( '', #9565, 1000.00000000000 );
#8248 = AXIS2_PLACEMENT_3D( '', #9566, #9567, #9568 );
#8249 = CARTESIAN_POINT( '', ( 3.22500000001000, -0.715000000010000, 1.16000000001000 ) );
#8250 = VECTOR( '', #9569, 1000.00000000000 );
#8251 = CARTESIAN_POINT( '', ( 3.57500000001000, -0.715000000010000, 0.560000000010000 ) );
#8252 = VECTOR( '', #9570, 1000.00000000000 );
#8253 = CARTESIAN_POINT( '', ( 0.375000000000000, -2.72500000000000, -2.01000000000000 ) );
#8254 = CARTESIAN_POINT( '', ( 0.625000000000000, -2.72500000000000, -2.01000000000000 ) );
#8255 = CARTESIAN_POINT( '', ( 0.375000000010000, -2.72500000001000, -2.01000000001000 ) );
#8256 = VECTOR( '', #9571, 1000.00000000000 );
#8257 = CARTESIAN_POINT( '', ( 0.625000000010000, -2.72500000001000, -1.35000000001000 ) );
#8258 = VECTOR( '', #9572, 1000.00000000000 );
#8259 = CARTESIAN_POINT( '', ( 0.375000000010000, -2.72500000001000, -1.35000000001000 ) );
#8260 = VECTOR( '', #9573, 1000.00000000000 );
#8261 = CARTESIAN_POINT( '', ( -2.37500000000000, 0.488216372009100, 0.391571150398800 ) );
#8262 = CARTESIAN_POINT( '', ( -2.62500000001000, 0.488216372019100, 0.391571150408800 ) );
#8263 = VECTOR( '', #9574, 1000.00000000000 );
#8264 = AXIS2_PLACEMENT_3D( '', #9575, #9576, #9577 );
#8265 = CARTESIAN_POINT( '', ( -0.825000000010000, -2.67500000001000, -0.710000000010000 ) );
#8266 = VECTOR( '', #9578, 1000.00000000000 );
#8267 = CARTESIAN_POINT( '', ( -0.825000000000000, -2.12500000000000, 1.34000000000000 ) );
#8268 = CARTESIAN_POINT( '', ( -0.825000000010000, -2.12500000001000, 1.34000000001000 ) );
#8269 = VECTOR( '', #9579, 1000.00000000000 );
#8270 = CARTESIAN_POINT( '', ( -0.825000000000000, -2.47500000000000, 1.34000000000000 ) );
#8271 = CARTESIAN_POINT( '', ( -0.825000000010000, -2.12500000001000, 1.34000000001000 ) );
#8272 = VECTOR( '', #9580, 1000.00000000000 );
#8273 = CARTESIAN_POINT( '', ( -0.825000000010000, -2.47500000001000, 1.34000000001000 ) );
#8274 = VECTOR( '', #9581, 1000.00000000000 );
#8275 = CARTESIAN_POINT( '', ( -3.57500000000000, 2.68500000000000, 0.560000000000000 ) );
#8276 = CARTESIAN_POINT( '', ( -3.37500000001000, 2.68500000001000, 0.560000000010000 ) );
#8277 = VECTOR( '', #9582, 1000.00000000000 );
#8278 = CARTESIAN_POINT( '', ( -3.57500000000000, -0.715000000000000, 0.560000000000000 ) );
#8279 = CARTESIAN_POINT( '', ( -3.57500000001000, 2.68500000001000, 0.560000000010000 ) );
#8280 = VECTOR( '', #9583, 1000.00000000000 );
#8281 = CARTESIAN_POINT( '', ( -3.22500000001000, -0.715000000010000, 0.560000000010000 ) );
#8282 = VECTOR( '', #9584, 1000.00000000000 );
#8283 = CARTESIAN_POINT( '', ( -3.43500000001000, -2.42500000001000, 1.49000000001000 ) );
#8284 = VECTOR( '', #9585, 1000.00000000000 );
#8285 = CARTESIAN_POINT( '', ( 3.51000000000000, -2.42500000000000, 1.41500000000000 ) );
#8286 = CARTESIAN_POINT( '', ( 3.51000000001000, -2.42500000001000, 1.41500000001000 ) );
#8287 = VECTOR( '', #9586, 1000.00000000000 );
#8288 = CARTESIAN_POINT( '', ( 3.51000000001000, -1.20500000001000, 1.41500000001000 ) );
#8289 = VECTOR( '', #9587, 1000.00000000000 );
#8290 = CARTESIAN_POINT( '', ( 3.51000000001000, -2.42500000001000, 1.41500000001000 ) );
#8291 = VECTOR( '', #9588, 1000.00000000000 );
#8292 = CARTESIAN_POINT( '', ( -0.625000000000000, -2.12500000000000, 1.02000000000000 ) );
#8293 = CARTESIAN_POINT( '', ( -0.625000000010000, -2.12500000001000, 1.02000000001000 ) );
#8294 = VECTOR( '', #9589, 1000.00000000000 );
#8295 = CARTESIAN_POINT( '', ( -0.375000000000000, -2.12500000000000, 1.02000000000000 ) );
#8296 = CARTESIAN_POINT( '', ( -0.375000000010000, -2.12500000001000, 1.02000000001000 ) );
#8297 = VECTOR( '', #9590, 1000.00000000000 );
#8298 = CARTESIAN_POINT( '', ( -0.625000000010000, -2.12500000001000, 1.02000000001000 ) );
#8299 = VECTOR( '', #9591, 1000.00000000000 );
#8300 = CARTESIAN_POINT( '', ( 0.375000000000000, -2.37500000000000, -2.01000000000000 ) );
#8301 = CARTESIAN_POINT( '', ( 0.625000000000000, -2.37500000000000, -2.01000000000000 ) );
#8302 = CARTESIAN_POINT( '', ( 0.375000000010000, -2.37500000001000, -2.01000000001000 ) );
#8303 = VECTOR( '', #9592, 1000.00000000000 );
#8304 = CARTESIAN_POINT( '', ( 0.625000000000000, -2.47500000000000, -2.11000000000000 ) );
#8305 = CARTESIAN_POINT( '', ( 0.625000000010000, -2.47500000001000, -2.11000000001000 ) );
#8306 = VECTOR( '', #9593, 1000.00000000000 );
#8307 = CARTESIAN_POINT( '', ( 0.375000000000000, -2.47500000000000, -2.11000000000000 ) );
#8308 = CARTESIAN_POINT( '', ( 0.375000000010000, -2.47500000001000, -2.11000000001000 ) );
#8309 = VECTOR( '', #9594, 1000.00000000000 );
#8310 = CARTESIAN_POINT( '', ( 0.375000000010000, -2.47500000001000, -2.11000000001000 ) );
#8311 = VECTOR( '', #9595, 1000.00000000000 );
#8312 = CARTESIAN_POINT( '', ( -2.37500000000000, 0.488216372009100, 0.0484288496012100 ) );
#8313 = AXIS2_PLACEMENT_3D( '', #9596, #9597, #9598 );
#8314 = CARTESIAN_POINT( '', ( -2.62500000001000, 0.488216372019100, 0.0484288496112100 ) );
#8315 = VECTOR( '', #9599, 1000.00000000000 );
#8316 = CARTESIAN_POINT( '', ( 3.73000000000000, -2.42500000000000, 1.34000000000000 ) );
#8317 = CARTESIAN_POINT( '', ( 3.73000000001000, -2.42500000001000, 0.890000000010000 ) );
#8318 = VECTOR( '', #9600, 1000.00000000000 );
#8319 = CARTESIAN_POINT( '', ( 3.73000000001000, -2.42500000001000, 1.34000000001000 ) );
#8320 = VECTOR( '', #9601, 1000.00000000000 );
#8321 = CARTESIAN_POINT( '', ( -0.750000000010000, -1.22500000001000, 1.36000000001000 ) );
#8322 = VECTOR( '', #9602, 1000.00000000000 );
#8323 = CARTESIAN_POINT( '', ( 0.825000000000000, -2.67500000000000, 1.14000000000000 ) );
#8324 = CARTESIAN_POINT( '', ( 0.825000000010000, -2.47500000001000, 1.34000000001000 ) );
#8325 = VECTOR( '', #9603, 1000.00000000000 );
#8326 = CARTESIAN_POINT( '', ( 0.825000000010000, -2.12500000001000, 1.34000000001000 ) );
#8327 = VECTOR( '', #9604, 1000.00000000000 );
#8328 = CARTESIAN_POINT( '', ( 0.825000000000000, -2.67500000000000, -0.710000000000000 ) );
#8329 = CARTESIAN_POINT( '', ( 0.825000000010000, -2.67500000001000, -0.710000000010000 ) );
#8330 = VECTOR( '', #9605, 1000.00000000000 );
#8331 = CARTESIAN_POINT( '', ( 0.825000000010000, -2.67500000001000, 1.14000000001000 ) );
#8332 = VECTOR( '', #9606, 1000.00000000000 );
#8333 = CARTESIAN_POINT( '', ( -0.625000000010000, 0.575000000010000, 0.292448360340500 ) );
#8334 = VECTOR( '', #9607, 1000.00000000000 );
#8335 = CARTESIAN_POINT( '', ( 1.62500000000000, -2.12500000000000, -1.10331757442200 ) );
#8336 = CARTESIAN_POINT( '', ( 1.62500000001000, -2.37500000001000, -1.46035457611800 ) );
#8337 = VECTOR( '', #9608, 1000.00000000000 );
#8338 = CARTESIAN_POINT( '', ( 1.37500000001000, -2.12500000001000, -1.10331757443200 ) );
#8339 = VECTOR( '', #9609, 1000.00000000000 );
#8340 = CARTESIAN_POINT( '', ( 2.37500000000000, -2.72500000000000, -2.01000000000000 ) );
#8341 = CARTESIAN_POINT( '', ( 2.37500000001000, -2.72500000001000, -2.01000000001000 ) );
#8342 = VECTOR( '', #9610, 1000.00000000000 );
#8343 = CARTESIAN_POINT( '', ( 2.37500000001000, -2.72500000001000, -2.01000000001000 ) );
#8344 = VECTOR( '', #9611, 1000.00000000000 );
#8345 = CARTESIAN_POINT( '', ( -2.17500000000000, -2.47500000000000, 1.34000000000000 ) );
#8346 = CARTESIAN_POINT( '', ( -2.17500000001000, -2.47500000001000, 1.34000000001000 ) );
#8347 = VECTOR( '', #9612, 1000.00000000000 );
#8348 = CARTESIAN_POINT( '', ( -2.17500000000000, -2.12500000000000, 1.34000000000000 ) );
#8349 = CARTESIAN_POINT( '', ( -2.17500000001000, -2.12500000001000, 1.34000000001000 ) );
#8350 = VECTOR( '', #9613, 1000.00000000000 );
#8351 = CARTESIAN_POINT( '', ( -2.17500000001000, -2.12500000001000, 1.34000000001000 ) );
#8352 = VECTOR( '', #9614, 1000.00000000000 );
#8353 = CARTESIAN_POINT( '', ( -2.17500000001000, -2.67500000001000, -0.710000000010000 ) );
#8354 = VECTOR( '', #9615, 1000.00000000000 );
#8355 = CARTESIAN_POINT( '', ( -2.37500000001000, -0.0250000000100000, -0.0200000000100000 ) );
#8356 = VECTOR( '', #9616, 1000.00000000000 );
#8357 = CARTESIAN_POINT( '', ( -2.62500000000000, -2.37500000000000, -1.46035457610800 ) );
#8358 = CARTESIAN_POINT( '', ( -2.37500000000000, -2.37500000000000, -1.46035457610800 ) );
#8359 = CARTESIAN_POINT( '', ( -2.62500000001000, -2.37500000001000, -1.46035457611800 ) );
#8360 = VECTOR( '', #9617, 1000.00000000000 );
#8361 = CARTESIAN_POINT( '', ( -2.37500000001000, -2.37500000001000, -2.01000000001000 ) );
#8362 = VECTOR( '', #9618, 1000.00000000000 );
#8363 = CARTESIAN_POINT( '', ( -2.62500000001000, -2.37500000001000, -2.01000000001000 ) );
#8364 = VECTOR( '', #9619, 1000.00000000000 );
#8365 = CARTESIAN_POINT( '', ( 1.62500000001000, -2.47500000001000, -2.11000000001000 ) );
#8366 = VECTOR( '', #9620, 1000.00000000000 );
#8367 = AXIS2_PLACEMENT_3D( '', #9621, #9622, #9623 );
#8368 = CARTESIAN_POINT( '', ( -2.00000000000000, 1.87500000000000, 1.31000000000000 ) );
#8369 = CARTESIAN_POINT( '', ( -1.92500000001000, 1.80000000001000, 1.23500000001000 ) );
#8370 = VECTOR( '', #9624, 1000.00000000000 );
#8371 = CARTESIAN_POINT( '', ( -2.60000000000000, 1.87499782952200, 1.31000181037600 ) );
#8372 = CARTESIAN_POINT( '', ( -2.60000000101500, 1.72499883912500, 1.16000116128800 ) );
#8373 = VECTOR( '', #9625, 1000.00000000000 );
#8374 = CARTESIAN_POINT( '', ( -2.60000000044100, 1.87499950248800, 1.31000049770100 ) );
#8375 = VECTOR( '', #9626, 1000.00000000000 );
#8376 = CARTESIAN_POINT( '', ( 3.80500000000000, -2.42500000000000, 1.41500000000000 ) );
#8377 = CARTESIAN_POINT( '', ( 3.80500000001000, -2.42500000001000, 1.41500000001000 ) );
#8378 = VECTOR( '', #9627, 1000.00000000000 );
#8379 = CARTESIAN_POINT( '', ( 3.80500000001000, -2.42500000001000, 1.41500000001000 ) );
#8380 = VECTOR( '', #9628, 1000.00000000000 );
#8381 = CARTESIAN_POINT( '', ( -1.37500000000000, -0.0250000000000000, 0.460000000000000 ) );
#8382 = CARTESIAN_POINT( '', ( -1.37500000001000, -0.0250000000100000, 0.460000000010000 ) );
#8383 = VECTOR( '', #9629, 1000.00000000000 );
#8384 = CARTESIAN_POINT( '', ( -1.62500000000000, -0.0250000000000000, 0.460000000000000 ) );
#8385 = CARTESIAN_POINT( '', ( -1.62500000001000, -0.0250000000100000, 0.460000000010000 ) );
#8386 = VECTOR( '', #9630, 1000.00000000000 );
#8387 = CARTESIAN_POINT( '', ( -1.62500000001000, -0.0250000000100000, 0.460000000010000 ) );
#8388 = VECTOR( '', #9631, 1000.00000000000 );
#8389 = CARTESIAN_POINT( '', ( 2.00000000000000, 1.87500000000000, 1.31000000000000 ) );
#8390 = CARTESIAN_POINT( '', ( 2.00000000001000, 1.87500000001000, 1.31000000001000 ) );
#8391 = VECTOR( '', #9632, 1000.00000000000 );
#8392 = CARTESIAN_POINT( '', ( 2.00000000001000, 1.87500000001000, 1.31000000001000 ) );
#8393 = VECTOR( '', #9633, 1000.00000000000 );
#8394 = CARTESIAN_POINT( '', ( -4.07000000001000, -2.72500000001000, 0.290000000010000 ) );
#8395 = VECTOR( '', #9634, 1000.00000000000 );
#8396 = CARTESIAN_POINT( '', ( -4.12000000000000, -2.57500000000000, 0.290000000000000 ) );
#8397 = CARTESIAN_POINT( '', ( -4.12000000001000, -2.57500000001000, 0.290000000010000 ) );
#8398 = VECTOR( '', #9635, 1000.00000000000 );
#8399 = CARTESIAN_POINT( '', ( -4.07000000000000, -2.52500000000000, 0.290000000000000 ) );
#8400 = CARTESIAN_POINT( '', ( -4.07000000001000, -2.52500000001000, 0.290000000010000 ) );
#8401 = VECTOR( '', #9636, 1000.00000000000 );
#8402 = CARTESIAN_POINT( '', ( -3.72000000000000, -2.52500000000000, 0.290000000000000 ) );
#8403 = CARTESIAN_POINT( '', ( -3.72000000001000, -2.52500000001000, 0.290000000010000 ) );
#8404 = VECTOR( '', #9637, 1000.00000000000 );
#8405 = CARTESIAN_POINT( '', ( -3.72000000000000, -2.42500000000000, 0.290000000000000 ) );
#8406 = CARTESIAN_POINT( '', ( -3.72000000001000, -2.42500000001000, 0.290000000010000 ) );
#8407 = VECTOR( '', #9638, 1000.00000000000 );
#8408 = CARTESIAN_POINT( '', ( -3.52000000001000, -2.42500000001000, 0.290000000010000 ) );
#8409 = VECTOR( '', #9639, 1000.00000000000 );
#8410 = CARTESIAN_POINT( '', ( 1.37500000000000, 0.575000000000000, 0.147551639669500 ) );
#8411 = CARTESIAN_POINT( '', ( 1.37500000001000, 0.575000000010000, 0.147551639679500 ) );
#8412 = VECTOR( '', #9640, 1000.00000000000 );
#8413 = CARTESIAN_POINT( '', ( 1.37500000001000, 0.575000000010000, 0.147551639679500 ) );
#8414 = VECTOR( '', #9641, 1000.00000000000 );
#8415 = CARTESIAN_POINT( '', ( 2.37500000000000, -2.37500000000000, -1.46035457610800 ) );
#8416 = CARTESIAN_POINT( '', ( 2.37500000001000, -2.37500000001000, -1.46035457611800 ) );
#8417 = VECTOR( '', #9642, 1000.00000000000 );
#8418 = CARTESIAN_POINT( '', ( 2.37500000000000, -2.12500000000000, -1.10331757442200 ) );
#8419 = CARTESIAN_POINT( '', ( 2.37500000001000, -2.37500000001000, -1.46035457611800 ) );
#8420 = VECTOR( '', #9643, 1000.00000000000 );
#8421 = CARTESIAN_POINT( '', ( 2.37500000001000, -2.12500000001000, -1.10331757443200 ) );
#8422 = VECTOR( '', #9644, 1000.00000000000 );
#8423 = CARTESIAN_POINT( '', ( 3.72000000001000, -2.42500000001000, 0.290000000010000 ) );
#8424 = VECTOR( '', #9645, 1000.00000000000 );
#8425 = CARTESIAN_POINT( '', ( 4.12000000000000, -2.57500000000000, 0.290000000000000 ) );
#8426 = CARTESIAN_POINT( '', ( 4.12000000001000, -2.57500000001000, 0.290000000010000 ) );
#8427 = VECTOR( '', #9646, 1000.00000000000 );
#8428 = CARTESIAN_POINT( '', ( 4.12000000001000, -2.57500000001000, 0.290000000010000 ) );
#8429 = VECTOR( '', #9647, 1000.00000000000 );
#8430 = CARTESIAN_POINT( '', ( 3.72000000000000, -2.72500000000000, 0.290000000000000 ) );
#8431 = CARTESIAN_POINT( '', ( 3.72000000001000, -2.72500000001000, 0.290000000010000 ) );
#8432 = VECTOR( '', #9648, 1000.00000000000 );
#8433 = AXIS2_PLACEMENT_3D( '', #9649, #9650, #9651 );
#8434 = CARTESIAN_POINT( '', ( -3.72000000000000, -2.42500000000000, 0.890000000000000 ) );
#8435 = CARTESIAN_POINT( '', ( -3.72000000001000, -2.42500000001000, 0.890000000010000 ) );
#8436 = VECTOR( '', #9652, 1000.00000000000 );
#8437 = CARTESIAN_POINT( '', ( -3.72000000001000, -2.42500000001000, 0.890000000010000 ) );
#8438 = VECTOR( '', #9653, 1000.00000000000 );
#8439 = CARTESIAN_POINT( '', ( -3.80500000001000, -2.42500000001000, 1.41500000001000 ) );
#8440 = VECTOR( '', #9654, 1000.00000000000 );
#8441 = CARTESIAN_POINT( '', ( -4.00000000001000, -2.42500000001000, 1.29000000001000 ) );
#8442 = VECTOR( '', #9655, 1000.00000000000 );
#8443 = CARTESIAN_POINT( '', ( -3.51000000001000, -2.42500000001000, 0.890000000010000 ) );
#8444 = VECTOR( '', #9656, 1000.00000000000 );
#8445 = CARTESIAN_POINT( '', ( -0.625000000000000, -2.37500000000000, -2.01000000000000 ) );
#8446 = CARTESIAN_POINT( '', ( -0.625000000010000, -2.37500000001000, -2.01000000001000 ) );
#8447 = VECTOR( '', #9657, 1000.00000000000 );
#8448 = CARTESIAN_POINT( '', ( -0.625000000010000, -2.47500000001000, -2.11000000001000 ) );
#8449 = VECTOR( '', #9658, 1000.00000000000 );
#8450 = CARTESIAN_POINT( '', ( -0.625000000010000, -2.72500000001000, -2.01000000001000 ) );
#8451 = VECTOR( '', #9659, 1000.00000000000 );
#8452 = CARTESIAN_POINT( '', ( -0.625000000010000, -2.52500000001000, -1.06437039866200 ) );
#8453 = VECTOR( '', #9660, 1000.00000000000 );
#8454 = CARTESIAN_POINT( '', ( -0.625000000010000, -2.12500000001000, 1.02000000001000 ) );
#8455 = VECTOR( '', #9661, 1000.00000000000 );
#8456 = CARTESIAN_POINT( '', ( -2.37500000000000, -0.0250000000000000, 0.460000000000000 ) );
#8457 = CARTESIAN_POINT( '', ( -2.37500000001000, 0.488216372019100, 0.391571150408800 ) );
#8458 = VECTOR( '', #9662, 1000.00000000000 );
#8459 = CARTESIAN_POINT( '', ( -2.37500000001000, -0.0250000000100000, 0.460000000010000 ) );
#8460 = VECTOR( '', #9663, 1000.00000000000 );
#8461 = CARTESIAN_POINT( '', ( 2.00000000001000, 2.52198113208500, 2.56000000001000 ) );
#8462 = VECTOR( '', #9664, 1000.00000000000 );
#8463 = CARTESIAN_POINT( '', ( 0.750000000010000, -1.07500000001000, 2.56000000001000 ) );
#8464 = VECTOR( '', #9665, 1000.00000000000 );
#8465 = CARTESIAN_POINT( '', ( 0.750000000010000, -0.935000000010000, 2.56000000001000 ) );
#8466 = VECTOR( '', #9666, 1000.00000000000 );
#8467 = CARTESIAN_POINT( '', ( -1.85000000001000, -1.07500000001000, 2.56000000001000 ) );
#8468 = VECTOR( '', #9667, 1000.00000000000 );
#8469 = CARTESIAN_POINT( '', ( -1.85000000001000, 2.30783850071200, 2.56000000001000 ) );
#8470 = VECTOR( '', #9668, 1000.00000000000 );
#8471 = AXIS2_PLACEMENT_3D( '', #9669, #9670, #9671 );
#8472 = CARTESIAN_POINT( '', ( 0.950000000000000, 0.425000000000000, 2.56000000000000 ) );
#8473 = AXIS2_PLACEMENT_3D( '', #9672, #9673, #9674 );
#8474 = CARTESIAN_POINT( '', ( 0.950000000000000, 1.47500000000000, 2.56000000000000 ) );
#8475 = CARTESIAN_POINT( '', ( 0.950000000010000, 0.425000000010000, 2.56000000001000 ) );
#8476 = VECTOR( '', #9675, 1000.00000000000 );
#8477 = AXIS2_PLACEMENT_3D( '', #9676, #9677, #9678 );
#8478 = CARTESIAN_POINT( '', ( -2.37500000001000, -2.52500000001000, 1.02000000001000 ) );
#8479 = VECTOR( '', #9679, 1000.00000000000 );
#8480 = CARTESIAN_POINT( '', ( -2.37500000000000, -2.72500000000000, -2.01000000000000 ) );
#8481 = CARTESIAN_POINT( '', ( -2.37500000001000, -2.72500000001000, -1.35000000001000 ) );
#8482 = VECTOR( '', #9680, 1000.00000000000 );
#8483 = CARTESIAN_POINT( '', ( -2.37500000000000, -2.62500000000000, -2.11000000000000 ) );
#8484 = CARTESIAN_POINT( '', ( -2.37500000001000, -2.72500000001000, -2.01000000001000 ) );
#8485 = VECTOR( '', #9681, 1000.00000000000 );
#8486 = CARTESIAN_POINT( '', ( -2.37500000001000, -2.62500000001000, -2.11000000001000 ) );
#8487 = VECTOR( '', #9682, 1000.00000000000 );
#8488 = CARTESIAN_POINT( '', ( -2.37500000000000, -2.12500000000000, -1.10331757442200 ) );
#8489 = CARTESIAN_POINT( '', ( -2.37500000001000, -2.37500000001000, -1.46035457611800 ) );
#8490 = VECTOR( '', #9683, 1000.00000000000 );
#8491 = CARTESIAN_POINT( '', ( -2.37500000001000, -2.12500000001000, -1.10331757443200 ) );
#8492 = VECTOR( '', #9684, 1000.00000000000 );
#8493 = CARTESIAN_POINT( '', ( 3.51000000001000, -2.42500000001000, 1.41500000001000 ) );
#8494 = VECTOR( '', #9685, 1000.00000000000 );
#8495 = CARTESIAN_POINT( '', ( 3.10000000001000, -2.42500000001000, 1.49000000001000 ) );
#8496 = VECTOR( '', #9686, 1000.00000000000 );
#8497 = CARTESIAN_POINT( '', ( 3.10000000001000, -2.42500000001000, 1.34000000001000 ) );
#8498 = VECTOR( '', #9687, 1000.00000000000 );
#8499 = CARTESIAN_POINT( '', ( 3.95612494997000, -2.42500000001000, 1.41500000001000 ) );
#8500 = VECTOR( '', #9688, 1000.00000000000 );
#8501 = CARTESIAN_POINT( '', ( -3.51000000001000, -1.20500000001000, 0.890000000010000 ) );
#8502 = VECTOR( '', #9689, 1000.00000000000 );
#8503 = CARTESIAN_POINT( '', ( -1.62500000000000, -2.12500000000000, 1.02000000000000 ) );
#8504 = CARTESIAN_POINT( '', ( -1.62500000001000, -2.12500000001000, 1.02000000001000 ) );
#8505 = VECTOR( '', #9690, 1000.00000000000 );
#8506 = CARTESIAN_POINT( '', ( -1.62500000001000, -2.12500000001000, 1.02000000001000 ) );
#8507 = VECTOR( '', #9691, 1000.00000000000 );
#8508 = CARTESIAN_POINT( '', ( -1.62500000000000, -2.12500000000000, -1.10331757442200 ) );
#8509 = CARTESIAN_POINT( '', ( -1.62500000001000, -2.37500000001000, -1.46035457611800 ) );
#8510 = VECTOR( '', #9692, 1000.00000000000 );
#8511 = CARTESIAN_POINT( '', ( -1.62500000001000, -2.12500000001000, -1.10331757443200 ) );
#8512 = VECTOR( '', #9693, 1000.00000000000 );
#8513 = CARTESIAN_POINT( '', ( -2.62500000001000, -2.52500000001000, 1.02000000001000 ) );
#8514 = VECTOR( '', #9694, 1000.00000000000 );
#8515 = CARTESIAN_POINT( '', ( -0.375000000010000, -2.52500000001000, -1.06437039866200 ) );
#8516 = VECTOR( '', #9695, 1000.00000000000 );
#8517 = CARTESIAN_POINT( '', ( 2.62500000000000, -0.0250000000000000, 0.460000000000000 ) );
#8518 = CARTESIAN_POINT( '', ( 2.37500000001000, -0.0250000000100000, 0.460000000010000 ) );
#8519 = VECTOR( '', #9696, 1000.00000000000 );
#8520 = CARTESIAN_POINT( '', ( 2.62500000001000, 0.488216372019100, 0.391571150408800 ) );
#8521 = VECTOR( '', #9697, 1000.00000000000 );
#8522 = CARTESIAN_POINT( '', ( -3.72000000000000, -1.22500000000000, 0.890000000000000 ) );
#8523 = CARTESIAN_POINT( '', ( -3.52000000001000, -1.22500000001000, 0.890000000010000 ) );
#8524 = VECTOR( '', #9698, 1000.00000000000 );
#8525 = CARTESIAN_POINT( '', ( -3.72000000001000, -1.22500000001000, 1.39000000001000 ) );
#8526 = VECTOR( '', #9699, 1000.00000000000 );
#8527 = CARTESIAN_POINT( '', ( 3.57500000001000, 2.68500000001000, 0.560000000010000 ) );
#8528 = VECTOR( '', #9700, 1000.00000000000 );
#8529 = CARTESIAN_POINT( '', ( -2.62500000000000, -2.72500000000000, -2.01000000000000 ) );
#8530 = CARTESIAN_POINT( '', ( -2.62500000001000, -2.72500000001000, -2.01000000001000 ) );
#8531 = VECTOR( '', #9701, 1000.00000000000 );
#8532 = CARTESIAN_POINT( '', ( -2.62500000001000, -2.72500000001000, -1.35000000001000 ) );
#8533 = VECTOR( '', #9702, 1000.00000000000 );
#8534 = CARTESIAN_POINT( '', ( 3.95612494997000, -1.20500000001000, 1.41500000001000 ) );
#8535 = VECTOR( '', #9703, 1000.00000000000 );
#8536 = CARTESIAN_POINT( '', ( 0.625000000000000, -0.0250000000000000, -0.0200000000000000 ) );
#8537 = CARTESIAN_POINT( '', ( 0.375000000010000, -0.0250000000100000, -0.0200000000100000 ) );
#8538 = VECTOR( '', #9704, 1000.00000000000 );
#8539 = CARTESIAN_POINT( '', ( 0.625000000010000, -1.42500000001000, -0.0200000000100000 ) );
#8540 = VECTOR( '', #9705, 1000.00000000000 );
#8541 = CARTESIAN_POINT( '', ( -4.12000000001000, -2.57500000001000, 1.39000000001000 ) );
#8542 = VECTOR( '', #9706, 1000.00000000000 );
#8543 = CARTESIAN_POINT( '', ( -2.25000000001000, -1.82500000001000, 2.76000000001000 ) );
#8544 = VECTOR( '', #9707, 1000.00000000000 );
#8545 = CARTESIAN_POINT( '', ( -2.05000000001000, -1.62500000001000, 2.96000000001000 ) );
#8546 = VECTOR( '', #9708, 1000.00000000000 );
#8547 = CARTESIAN_POINT( '', ( -0.625000000010000, 0.575000000010000, 0.147551639679500 ) );
#8548 = VECTOR( '', #9709, 1000.00000000000 );
#8549 = CARTESIAN_POINT( '', ( 3.72000000000000, -2.72500000000000, 1.39000000000000 ) );
#8550 = CARTESIAN_POINT( '', ( 3.72000000001000, -2.72500000001000, 1.39000000001000 ) );
#8551 = VECTOR( '', #9710, 1000.00000000000 );
#8552 = CARTESIAN_POINT( '', ( 3.72000000001000, -2.72500000001000, 1.39000000001000 ) );
#8553 = VECTOR( '', #9711, 1000.00000000000 );
#8554 = CARTESIAN_POINT( '', ( 1.62500000001000, -2.72500000001000, -2.01000000001000 ) );
#8555 = VECTOR( '', #9712, 1000.00000000000 );
#8556 = CARTESIAN_POINT( '', ( -3.72000000001000, -2.42500000001000, 0.890000000010000 ) );
#8557 = VECTOR( '', #9713, 1000.00000000000 );
#8558 = CARTESIAN_POINT( '', ( -3.72000000001000, -2.52500000001000, 1.39000000001000 ) );
#8559 = VECTOR( '', #9714, 1000.00000000000 );
#8560 = AXIS2_PLACEMENT_3D( '', #9715, #9716, #9717 );
#8561 = CARTESIAN_POINT( '', ( 0.950000000000000, 1.47500000000000, 2.96000000000000 ) );
#8562 = CARTESIAN_POINT( '', ( 0.950000000010000, 1.47500000001000, 2.96000000001000 ) );
#8563 = VECTOR( '', #9718, 1000.00000000000 );
#8564 = CARTESIAN_POINT( '', ( 0.950000000000000, 0.425000000000000, 2.96000000000000 ) );
#8565 = CARTESIAN_POINT( '', ( 0.950000000010000, 0.425000000010000, 2.96000000001000 ) );
#8566 = VECTOR( '', #9719, 1000.00000000000 );
#8567 = CARTESIAN_POINT( '', ( 0.950000000010000, 0.425000000010000, 2.96000000001000 ) );
#8568 = VECTOR( '', #9720, 1000.00000000000 );
#8569 = CARTESIAN_POINT( '', ( -0.624948115457600, -1.57500000001000, 2.96000000001000 ) );
#8570 = VECTOR( '', #9721, 1000.00000000000 );
#8571 = CARTESIAN_POINT( '', ( 0.624948115447600, -1.57500000000000, 2.96000000000000 ) );
#8572 = CARTESIAN_POINT( '', ( 0.500000000010000, -1.57500000001000, 2.96000000001000 ) );
#8573 = VECTOR( '', #9722, 1000.00000000000 );
#8574 = CARTESIAN_POINT( '', ( 0.659958492358100, -1.62500000000000, 2.96000000000000 ) );
#8575 = CARTESIAN_POINT( '', ( 0.624948115457600, -1.57500000001000, 2.96000000001000 ) );
#8576 = VECTOR( '', #9723, 1000.00000000000 );
#8577 = CARTESIAN_POINT( '', ( 2.05000000000000, -1.62500000000000, 2.96000000000000 ) );
#8578 = CARTESIAN_POINT( '', ( 0.659958492368100, -1.62500000001000, 2.96000000001000 ) );
#8579 = VECTOR( '', #9724, 1000.00000000000 );
#8580 = CARTESIAN_POINT( '', ( 2.05000000001000, 2.68500000001000, 2.96000000001000 ) );
#8581 = VECTOR( '', #9725, 1000.00000000000 );
#8582 = AXIS2_PLACEMENT_3D( '', #9726, #9727, #9728 );
#8583 = AXIS2_PLACEMENT_3D( '', #9729, #9730, #9731 );
#8584 = CARTESIAN_POINT( '', ( 2.00000000000000, 1.72500000000000, 1.16000000000000 ) );
#8585 = CARTESIAN_POINT( '', ( 2.00000000001000, -1.42500000001000, 1.16000000001000 ) );
#8586 = VECTOR( '', #9732, 1000.00000000000 );
#8587 = CARTESIAN_POINT( '', ( 1.92500000000000, 1.80000000000000, 1.23500000000000 ) );
#8588 = CARTESIAN_POINT( '', ( 1.85000000001000, 1.72500000001000, 1.31000000001000 ) );
#8589 = VECTOR( '', #9733, 1000.00000000000 );
#8590 = CARTESIAN_POINT( '', ( 1.92500000001000, 1.80000000001000, 1.23500000001000 ) );
#8591 = VECTOR( '', #9734, 1000.00000000000 );
#8592 = CARTESIAN_POINT( '', ( 2.62500000001000, -0.0250000000100000, 0.460000000010000 ) );
#8593 = VECTOR( '', #9735, 1000.00000000000 );
#8594 = CARTESIAN_POINT( '', ( 0.625000000000000, 0.488216372009100, 0.0484288496012100 ) );
#8595 = CARTESIAN_POINT( '', ( 0.625000000010000, -0.0250000000100000, -0.0200000000100000 ) );
#8596 = VECTOR( '', #9736, 1000.00000000000 );
#8597 = AXIS2_PLACEMENT_3D( '', #9737, #9738, #9739 );
#8598 = AXIS2_PLACEMENT_3D( '', #9740, #9741, #9742 );
#8599 = CARTESIAN_POINT( '', ( 0.375000000010000, 0.488216372019100, 0.0484288496112100 ) );
#8600 = VECTOR( '', #9743, 1000.00000000000 );
#8601 = CARTESIAN_POINT( '', ( -1.62500000000000, 0.488216372009100, 0.391571150398800 ) );
#8602 = CARTESIAN_POINT( '', ( -1.37500000000000, 0.488216372009100, 0.391571150398800 ) );
#8603 = CARTESIAN_POINT( '', ( -1.62500000001000, 0.488216372019100, 0.391571150408800 ) );
#8604 = VECTOR( '', #9744, 1000.00000000000 );
#8605 = CARTESIAN_POINT( '', ( -1.37500000000000, 0.575000000000000, 0.292448360330500 ) );
#8606 = AXIS2_PLACEMENT_3D( '', #9745, #9746, #9747 );
#8607 = CARTESIAN_POINT( '', ( -1.62500000000000, 0.575000000000000, 0.292448360330500 ) );
#8608 = CARTESIAN_POINT( '', ( -1.62500000001000, 0.575000000010000, 0.292448360340500 ) );
#8609 = VECTOR( '', #9748, 1000.00000000000 );
#8610 = AXIS2_PLACEMENT_3D( '', #9749, #9750, #9751 );
#8611 = CARTESIAN_POINT( '', ( 1.17500000000000, -2.67500000000000, -0.710000000000000 ) );
#8612 = CARTESIAN_POINT( '', ( 1.17500000001000, -2.67500000001000, -0.710000000010000 ) );
#8613 = VECTOR( '', #9752, 1000.00000000000 );
#8614 = CARTESIAN_POINT( '', ( 1.17500000001000, -2.12500000001000, 1.34000000001000 ) );
#8615 = VECTOR( '', #9753, 1000.00000000000 );
#8616 = CARTESIAN_POINT( '', ( 1.17500000000000, -2.67500000000000, 1.14000000000000 ) );
#8617 = CARTESIAN_POINT( '', ( 1.17500000001000, -2.47500000001000, 1.34000000001000 ) );
#8618 = VECTOR( '', #9754, 1000.00000000000 );
#8619 = CARTESIAN_POINT( '', ( 1.17500000001000, -2.67500000001000, 1.14000000001000 ) );
#8620 = VECTOR( '', #9755, 1000.00000000000 );
#8621 = CARTESIAN_POINT( '', ( 0.375000000000000, -2.62500000000000, -2.11000000000000 ) );
#8622 = CARTESIAN_POINT( '', ( 0.625000000000000, -2.62500000000000, -2.11000000000000 ) );
#8623 = CARTESIAN_POINT( '', ( 0.375000000010000, -2.62500000001000, -2.11000000001000 ) );
#8624 = VECTOR( '', #9756, 1000.00000000000 );
#8625 = CARTESIAN_POINT( '', ( 0.625000000010000, -2.72500000001000, -2.01000000001000 ) );
#8626 = VECTOR( '', #9757, 1000.00000000000 );
#8627 = CARTESIAN_POINT( '', ( 0.375000000010000, -2.72500000001000, -2.01000000001000 ) );
#8628 = VECTOR( '', #9758, 1000.00000000000 );
#8629 = CARTESIAN_POINT( '', ( 4.12000000000000, -2.57500000000000, 1.39000000000000 ) );
#8630 = CARTESIAN_POINT( '', ( 4.12000000001000, -2.57500000001000, 1.39000000001000 ) );
#8631 = VECTOR( '', #9759, 1000.00000000000 );
#8632 = CARTESIAN_POINT( '', ( 4.12000000001000, -2.57500000001000, 1.39000000001000 ) );
#8633 = VECTOR( '', #9760, 1000.00000000000 );
#8634 = CARTESIAN_POINT( '', ( 1.62500000000000, -2.52500000000000, -1.06437039865200 ) );
#8635 = CARTESIAN_POINT( '', ( 1.37500000001000, -2.52500000001000, -1.06437039866200 ) );
#8636 = VECTOR( '', #9761, 1000.00000000000 );
#8637 = CARTESIAN_POINT( '', ( 1.62500000001000, -2.52500000001000, 1.02000000001000 ) );
#8638 = VECTOR( '', #9762, 1000.00000000000 );
#8639 = CARTESIAN_POINT( '', ( -2.63500000001000, -1.42500000001000, -1.18000000001000 ) );
#8640 = VECTOR( '', #9763, 1000.00000000000 );
#8641 = CARTESIAN_POINT( '', ( -2.63500000001000, 1.47500000001000, -0.910000000010000 ) );
#8642 = VECTOR( '', #9764, 1000.00000000000 );
#8643 = CARTESIAN_POINT( '', ( 2.37500000000000, -2.37500000000000, -2.01000000000000 ) );
#8644 = CARTESIAN_POINT( '', ( 2.37500000001000, -2.37500000001000, -2.01000000001000 ) );
#8645 = VECTOR( '', #9765, 1000.00000000000 );
#8646 = CARTESIAN_POINT( '', ( 2.37500000001000, -2.47500000001000, -2.11000000001000 ) );
#8647 = VECTOR( '', #9766, 1000.00000000000 );
#8648 = CARTESIAN_POINT( '', ( 2.37500000001000, -2.72500000001000, -1.35000000001000 ) );
#8649 = VECTOR( '', #9767, 1000.00000000000 );
#8650 = CARTESIAN_POINT( '', ( -2.62500000000000, -2.12500000000000, -1.10331757442200 ) );
#8651 = CARTESIAN_POINT( '', ( -2.62500000001000, -2.37500000001000, -1.46035457611800 ) );
#8652 = VECTOR( '', #9768, 1000.00000000000 );
#8653 = CARTESIAN_POINT( '', ( -2.62500000000000, -2.62500000000000, -2.11000000000000 ) );
#8654 = CARTESIAN_POINT( '', ( -2.62500000001000, -2.62500000001000, -2.11000000001000 ) );
#8655 = VECTOR( '', #9769, 1000.00000000000 );
#8656 = CARTESIAN_POINT( '', ( -2.62500000001000, -2.72500000001000, -2.01000000001000 ) );
#8657 = VECTOR( '', #9770, 1000.00000000000 );
#8658 = CARTESIAN_POINT( '', ( -2.62500000001000, -2.12500000001000, 1.02000000001000 ) );
#8659 = VECTOR( '', #9771, 1000.00000000000 );
#8660 = CARTESIAN_POINT( '', ( -0.375000000000000, -2.37500000000000, -2.01000000000000 ) );
#8661 = CARTESIAN_POINT( '', ( -0.625000000010000, -2.37500000001000, -2.01000000001000 ) );
#8662 = VECTOR( '', #9772, 1000.00000000000 );
#8663 = CARTESIAN_POINT( '', ( -0.375000000010000, -2.47500000001000, -2.11000000001000 ) );
#8664 = VECTOR( '', #9773, 1000.00000000000 );
#8665 = CARTESIAN_POINT( '', ( -4.00000000000000, -2.12500000000000, -1.31000000000000 ) );
#8666 = CARTESIAN_POINT( '', ( -4.00000000001000, -2.12500000001000, -1.31000000001000 ) );
#8667 = VECTOR( '', #9774, 1000.00000000000 );
#8668 = AXIS2_PLACEMENT_3D( '', #9775, #9776, #9777 );
#8669 = CARTESIAN_POINT( '', ( 3.10000000001000, -2.12500000001000, 1.34000000001000 ) );
#8670 = VECTOR( '', #9778, 1000.00000000000 );
#8671 = CARTESIAN_POINT( '', ( -3.10000000001000, -2.12500000001000, 1.34000000001000 ) );
#8672 = VECTOR( '', #9779, 1000.00000000000 );
#8673 = CARTESIAN_POINT( '', ( -1.17500000001000, -2.12500000001000, 1.34000000001000 ) );
#8674 = VECTOR( '', #9780, 1000.00000000000 );
#8675 = CARTESIAN_POINT( '', ( -0.175000000000000, -2.12500000000000, 1.34000000000000 ) );
#8676 = CARTESIAN_POINT( '', ( -0.175000000010000, -2.12500000001000, 1.34000000001000 ) );
#8677 = VECTOR( '', #9781, 1000.00000000000 );
#8678 = CARTESIAN_POINT( '', ( -0.175000000010000, -2.12500000001000, 1.34000000001000 ) );
#8679 = VECTOR( '', #9782, 1000.00000000000 );
#8680 = CARTESIAN_POINT( '', ( 2.17500000000000, -2.12500000000000, 1.34000000000000 ) );
#8681 = CARTESIAN_POINT( '', ( 2.17500000001000, -2.12500000001000, 1.34000000001000 ) );
#8682 = VECTOR( '', #9783, 1000.00000000000 );
#8683 = CARTESIAN_POINT( '', ( 1.82500000000000, -2.12500000000000, 1.34000000000000 ) );
#8684 = CARTESIAN_POINT( '', ( 1.82500000001000, -2.12500000001000, 1.34000000001000 ) );
#8685 = VECTOR( '', #9784, 1000.00000000000 );
#8686 = CARTESIAN_POINT( '', ( 1.82500000001000, -2.12500000001000, 1.34000000001000 ) );
#8687 = VECTOR( '', #9785, 1000.00000000000 );
#8688 = CARTESIAN_POINT( '', ( -1.82500000000000, -2.12500000000000, 1.34000000000000 ) );
#8689 = CARTESIAN_POINT( '', ( -1.82500000001000, -2.12500000001000, 1.34000000001000 ) );
#8690 = VECTOR( '', #9786, 1000.00000000000 );
#8691 = CARTESIAN_POINT( '', ( -2.17500000001000, -2.12500000001000, 1.34000000001000 ) );
#8692 = VECTOR( '', #9787, 1000.00000000000 );
#8693 = CARTESIAN_POINT( '', ( 2.37500000001000, -2.12500000001000, 1.02000000001000 ) );
#8694 = VECTOR( '', #9788, 1000.00000000000 );
#8695 = CARTESIAN_POINT( '', ( 1.62500000001000, -2.12500000001000, -1.10331757443200 ) );
#8696 = VECTOR( '', #9789, 1000.00000000000 );
#8697 = CARTESIAN_POINT( '', ( 0.625000000010000, -2.12500000001000, -1.10331757443200 ) );
#8698 = VECTOR( '', #9790, 1000.00000000000 );
#8699 = CARTESIAN_POINT( '', ( 0.375000000010000, -2.12500000001000, 1.02000000001000 ) );
#8700 = VECTOR( '', #9791, 1000.00000000000 );
#8701 = CARTESIAN_POINT( '', ( -0.375000000010000, -2.12500000001000, -1.10331757443200 ) );
#8702 = VECTOR( '', #9792, 1000.00000000000 );
#8703 = CARTESIAN_POINT( '', ( -1.62500000001000, -2.12500000001000, 1.02000000001000 ) );
#8704 = VECTOR( '', #9793, 1000.00000000000 );
#8705 = CARTESIAN_POINT( '', ( -2.62500000001000, -2.12500000001000, -1.10331757443200 ) );
#8706 = VECTOR( '', #9794, 1000.00000000000 );
#8707 = CARTESIAN_POINT( '', ( 0.625000000010000, -2.62500000001000, -2.11000000001000 ) );
#8708 = VECTOR( '', #9795, 1000.00000000000 );
#8709 = CARTESIAN_POINT( '', ( 0.625000000010000, -2.37500000001000, -2.01000000001000 ) );
#8710 = VECTOR( '', #9796, 1000.00000000000 );
#8711 = CARTESIAN_POINT( '', ( 1.82500000000000, -2.47500000000000, 1.34000000000000 ) );
#8712 = CARTESIAN_POINT( '', ( 1.82500000001000, -2.47500000001000, 1.34000000001000 ) );
#8713 = VECTOR( '', #9797, 1000.00000000000 );
#8714 = CARTESIAN_POINT( '', ( 1.82500000001000, -2.12500000001000, 1.34000000001000 ) );
#8715 = VECTOR( '', #9798, 1000.00000000000 );
#8716 = CARTESIAN_POINT( '', ( 1.82500000001000, -2.67500000001000, -0.710000000010000 ) );
#8717 = VECTOR( '', #9799, 1000.00000000000 );
#8718 = CARTESIAN_POINT( '', ( -2.62500000001000, -0.0250000000100000, 0.460000000010000 ) );
#8719 = VECTOR( '', #9800, 1000.00000000000 );
#8720 = CARTESIAN_POINT( '', ( 2.95000116088500, 2.07499999899500, 1.16000116127800 ) );
#8721 = CARTESIAN_POINT( '', ( 2.95000116089500, 2.07499999900500, 1.16000116128800 ) );
#8722 = VECTOR( '', #9801, 1000.00000000000 );
#8723 = CARTESIAN_POINT( '', ( 2.95000023397600, 2.48500000000000, 1.16000000000000 ) );
#8724 = CARTESIAN_POINT( '', ( 2.95000003900600, 2.48499999987700, 1.16000003900600 ) );
#8725 = VECTOR( '', #9802, 1000.00000000000 );
#8726 = CARTESIAN_POINT( '', ( 2.95000116089500, 2.07499999900500, 1.16000116128800 ) );
#8727 = VECTOR( '', #9803, 1000.00000000000 );
#8728 = CARTESIAN_POINT( '', ( -1.82500000001000, -2.67500000001000, -0.710000000010000 ) );
#8729 = VECTOR( '', #9804, 1000.00000000000 );
#8730 = CARTESIAN_POINT( '', ( -1.82500000000000, -2.47500000000000, 1.34000000000000 ) );
#8731 = CARTESIAN_POINT( '', ( -1.82500000001000, -2.12500000001000, 1.34000000001000 ) );
#8732 = VECTOR( '', #9805, 1000.00000000000 );
#8733 = CARTESIAN_POINT( '', ( -1.82500000001000, -2.47500000001000, 1.34000000001000 ) );
#8734 = VECTOR( '', #9806, 1000.00000000000 );
#8735 = CARTESIAN_POINT( '', ( -2.25000000001000, 1.87500000001000, 1.92500000001000 ) );
#8736 = VECTOR( '', #9807, 1000.00000000000 );
#8737 = AXIS2_PLACEMENT_3D( '', #9808, #9809, #9810 );
#8738 = CARTESIAN_POINT( '', ( 2.63500000001000, 1.57500000001000, -1.01000000001000 ) );
#8739 = VECTOR( '', #9811, 1000.00000000000 );
#8740 = CARTESIAN_POINT( '', ( -3.00000000000000, 2.68500000000000, 1.31000093591000 ) );
#8741 = CARTESIAN_POINT( '', ( -3.00000000001000, 2.68500000001000, 1.49000000001000 ) );
#8742 = VECTOR( '', #9812, 1000.00000000000 );
#8743 = AXIS2_PLACEMENT_3D( '', #9813, #9814, #9815 );
#8744 = CARTESIAN_POINT( '', ( 2.63500000001000, -1.42500000001000, -1.18000000001000 ) );
#8745 = VECTOR( '', #9816, 1000.00000000000 );
#8746 = CARTESIAN_POINT( '', ( -3.57500000001000, -0.715000000010000, 0.560000000010000 ) );
#8747 = VECTOR( '', #9817, 1000.00000000000 );
#8748 = CARTESIAN_POINT( '', ( -1.62500000001000, -2.72500000001000, -1.35000000001000 ) );
#8749 = VECTOR( '', #9818, 1000.00000000000 );
#8750 = CARTESIAN_POINT( '', ( -4.00000000000000, 2.68500000000000, -1.31000000000000 ) );
#8751 = CARTESIAN_POINT( '', ( -4.00000000001000, 2.68500000001000, -1.31000000001000 ) );
#8752 = VECTOR( '', #9819, 1000.00000000000 );
#8753 = CARTESIAN_POINT( '', ( -4.00000000001000, -2.12500000001000, -1.31000000001000 ) );
#8754 = VECTOR( '', #9820, 1000.00000000000 );
#8755 = CARTESIAN_POINT( '', ( -4.00000000001000, -2.67500000001000, -0.710000000010000 ) );
#8756 = VECTOR( '', #9821, 1000.00000000000 );
#8757 = CARTESIAN_POINT( '', ( -1.37500000001000, -0.0250000000100000, -0.0200000000100000 ) );
#8758 = VECTOR( '', #9822, 1000.00000000000 );
#8759 = CARTESIAN_POINT( '', ( -1.62500000001000, -0.0250000000100000, -0.0200000000100000 ) );
#8760 = VECTOR( '', #9823, 1000.00000000000 );
#8761 = CARTESIAN_POINT( '', ( -1.62500000000000, -2.47500000000000, -2.11000000000000 ) );
#8762 = CARTESIAN_POINT( '', ( -1.62500000001000, -2.47500000001000, -2.11000000001000 ) );
#8763 = VECTOR( '', #9824, 1000.00000000000 );
#8764 = CARTESIAN_POINT( '', ( -1.62500000001000, -2.62500000001000, -2.11000000001000 ) );
#8765 = VECTOR( '', #9825, 1000.00000000000 );
#8766 = CARTESIAN_POINT( '', ( -1.37500000001000, 0.575000000010000, 0.147551639679500 ) );
#8767 = VECTOR( '', #9826, 1000.00000000000 );
#8768 = CARTESIAN_POINT( '', ( -1.62500000001000, 0.575000000010000, 0.147551639679500 ) );
#8769 = VECTOR( '', #9827, 1000.00000000000 );
#8770 = CARTESIAN_POINT( '', ( -2.62500000001000, -2.62500000001000, -2.11000000001000 ) );
#8771 = VECTOR( '', #9828, 1000.00000000000 );
#8772 = AXIS2_PLACEMENT_3D( '', #9829, #9830, #9831 );
#8773 = CARTESIAN_POINT( '', ( 2.25000000001000, -1.82500000000000, 2.76000000001000 ) );
#8774 = CARTESIAN_POINT( '', ( 2.24887831801752, -1.82439928885957, 2.77168569624866 ) );
#8775 = CARTESIAN_POINT( '', ( 2.24660720901795, -1.82318300787590, 2.79534613661564 ) );
#8776 = CARTESIAN_POINT( '', ( 2.23688571090246, -1.81360072790675, 2.82934253480594 ) );
#8777 = CARTESIAN_POINT( '', ( 2.22258966327704, -1.79875958733660, 2.86109591248979 ) );
#8778 = CARTESIAN_POINT( '', ( 2.20325294426350, -1.77859691548016, 2.88968293556484 ) );
#8779 = CARTESIAN_POINT( '', ( 2.17381741504772, -1.74848400594339, 2.91946116789939 ) );
#8780 = CARTESIAN_POINT( '', ( 2.12175225081114, -1.69895596721590, 2.95119648094396 ) );
#8781 = CARTESIAN_POINT( '', ( 2.07741516953891, -1.65325716763869, 2.95663634290663 ) );
#8782 = CARTESIAN_POINT( '', ( 2.05000000001000, -1.62500000001000, 2.96000000000000 ) );
#8783 = CARTESIAN_POINT( '', ( 0.659958492368100, -1.62500000001000, 2.96000000000000 ) );
#8784 = CARTESIAN_POINT( '', ( 0.670501003714534, -1.64031355813913, 2.95899794393527 ) );
#8785 = CARTESIAN_POINT( '', ( 0.690043976431470, -1.66870076483804, 2.95714040224616 ) );
#8786 = CARTESIAN_POINT( '', ( 0.716200040155328, -1.70651483270333, 2.94378656100382 ) );
#8787 = CARTESIAN_POINT( '', ( 0.737057085598294, -1.73587488992081, 2.92740366154575 ) );
#8788 = CARTESIAN_POINT( '', ( 0.762617840214025, -1.77079504408013, 2.90002171174876 ) );
#8789 = CARTESIAN_POINT( '', ( 0.788310482814357, -1.81316695450126, 2.84809230819728 ) );
#8790 = CARTESIAN_POINT( '', ( 0.795995708126604, -1.82094654190986, 2.79017638015985 ) );
#8791 = CARTESIAN_POINT( '', ( 0.800000000010000, -1.82500000000000, 2.76000000001000 ) );
#8792 = CARTESIAN_POINT( '', ( 0.624948115457600, -1.57500000001000, 2.96000000001000 ) );
#8793 = VECTOR( '', #9832, 1000.00000000000 );
#8794 = CARTESIAN_POINT( '', ( -4.07000000001000, -2.52500000001000, 1.39000000001000 ) );
#8795 = VECTOR( '', #9833, 1000.00000000000 );
#8796 = CARTESIAN_POINT( '', ( 0.375000000010000, -2.62500000001000, -2.11000000001000 ) );
#8797 = VECTOR( '', #9834, 1000.00000000000 );
#8798 = CARTESIAN_POINT( '', ( -1.37500000001000, 0.488216372019100, 0.391571150408800 ) );
#8799 = VECTOR( '', #9835, 1000.00000000000 );
#8800 = CARTESIAN_POINT( '', ( -1.62500000001000, 0.488216372019100, 0.391571150408800 ) );
#8801 = VECTOR( '', #9836, 1000.00000000000 );
#8802 = AXIS2_PLACEMENT_3D( '', #9837, #9838, #9839 );
#8803 = CARTESIAN_POINT( '', ( -1.62500000001000, -2.47500000001000, -2.11000000001000 ) );
#8804 = VECTOR( '', #9840, 1000.00000000000 );
#8805 = CARTESIAN_POINT( '', ( 0.375000000010000, -2.37500000001000, -2.01000000001000 ) );
#8806 = VECTOR( '', #9841, 1000.00000000000 );
#8807 = CARTESIAN_POINT( '', ( -3.57500000000000, 2.68500000000000, 1.31000000000000 ) );
#8808 = CARTESIAN_POINT( '', ( -3.57500000001000, 2.68500000001000, 1.31000000001000 ) );
#8809 = VECTOR( '', #9842, 1000.00000000000 );
#8810 = CARTESIAN_POINT( '', ( -3.57500000001000, 2.68500000001000, 1.31000000001000 ) );
#8811 = VECTOR( '', #9843, 1000.00000000000 );
#8812 = CARTESIAN_POINT( '', ( 4.12000000001000, -2.67500000001000, 1.39000000001000 ) );
#8813 = VECTOR( '', #9844, 1000.00000000000 );
#8814 = CARTESIAN_POINT( '', ( 1.92500000001000, 1.80000000001000, 1.23500000001000 ) );
#8815 = VECTOR( '', #9845, 1000.00000000000 );
#8816 = CARTESIAN_POINT( '', ( 1.85000000001000, 1.72500000001000, 1.98795480487700 ) );
#8817 = VECTOR( '', #9846, 1000.00000000000 );
#8818 = CARTESIAN_POINT( '', ( -2.60000000001000, 1.87500000001000, 1.49000000001000 ) );
#8819 = VECTOR( '', #9847, 1000.00000000000 );
#8820 = AXIS2_PLACEMENT_3D( '', #9848, #9849, #9850 );
#8821 = CARTESIAN_POINT( '', ( 1.62500000001000, -2.52500000001000, -1.06437039866200 ) );
#8822 = VECTOR( '', #9851, 1000.00000000000 );
#8823 = AXIS2_PLACEMENT_3D( '', #9852, #9853, #9854 );
#8824 = AXIS2_PLACEMENT_3D( '', #9855, #9856, #9857 );
#8825 = CARTESIAN_POINT( '', ( 3.10000000001000, -2.67500000001000, 1.14000000001000 ) );
#8826 = VECTOR( '', #9858, 1000.00000000000 );
#8827 = CARTESIAN_POINT( '', ( -1.85000000001000, 1.72500000001000, 1.98795480487700 ) );
#8828 = VECTOR( '', #9859, 1000.00000000000 );
#8829 = CARTESIAN_POINT( '', ( -0.175000000010000, -2.67500000001000, -0.710000000010000 ) );
#8830 = VECTOR( '', #9860, 1000.00000000000 );
#8831 = CARTESIAN_POINT( '', ( -3.57500000001000, 2.68500000001000, 1.31000000001000 ) );
#8832 = VECTOR( '', #9861, 1000.00000000000 );
#8833 = CARTESIAN_POINT( '', ( -3.00001536734400, 2.53499994235500, 1.16000002034700 ) );
#8834 = VECTOR( '', #9862, 1000.00000000000 );
#8835 = CARTESIAN_POINT( '', ( 3.72000000001000, -1.22500000001000, 1.39000000001000 ) );
#8836 = VECTOR( '', #9863, 1000.00000000000 );
#8837 = AXIS2_PLACEMENT_3D( '', #9864, #9865, #9866 );
#8838 = CARTESIAN_POINT( '', ( 2.17500000001000, -2.67500000001000, -0.710000000010000 ) );
#8839 = VECTOR( '', #9867, 1000.00000000000 );
#8840 = CARTESIAN_POINT( '', ( 2.60000000000000, 1.72499682869900, 1.16000379518100 ) );
#8841 = CARTESIAN_POINT( '', ( 2.60000000486200, 1.72499883933600, 1.16000116149900 ) );
#8842 = VECTOR( '', #9868, 1000.00000000000 );
#8843 = AXIS2_PLACEMENT_3D( '', #9869, #9870, #9871 );
#8844 = CARTESIAN_POINT( '', ( -0.175000000000000, -2.47500000000000, 1.34000000000000 ) );
#8845 = CARTESIAN_POINT( '', ( -0.175000000010000, -2.47500000001000, 1.34000000001000 ) );
#8846 = VECTOR( '', #9872, 1000.00000000000 );
#8847 = CARTESIAN_POINT( '', ( -0.175000000010000, -2.12500000001000, 1.34000000001000 ) );
#8848 = VECTOR( '', #9873, 1000.00000000000 );
#8849 = CARTESIAN_POINT( '', ( -1.17500000001000, -2.47500000001000, 1.34000000001000 ) );
#8850 = VECTOR( '', #9874, 1000.00000000000 );
#8851 = CARTESIAN_POINT( '', ( 2.17500000000000, -2.47500000000000, 1.34000000000000 ) );
#8852 = CARTESIAN_POINT( '', ( 1.82500000001000, -2.47500000001000, 1.34000000001000 ) );
#8853 = VECTOR( '', #9875, 1000.00000000000 );
#8854 = CARTESIAN_POINT( '', ( 2.17500000001000, -2.12500000001000, 1.34000000001000 ) );
#8855 = VECTOR( '', #9876, 1000.00000000000 );
#8856 = CARTESIAN_POINT( '', ( 2.17500000001000, -2.47500000001000, 1.34000000001000 ) );
#8857 = VECTOR( '', #9877, 1000.00000000000 );
#8858 = CARTESIAN_POINT( '', ( -0.175000000010000, -2.47500000001000, 1.34000000001000 ) );
#8859 = VECTOR( '', #9878, 1000.00000000000 );
#8860 = CARTESIAN_POINT( '', ( 2.62500000000000, -0.0250000000000000, -0.0200000000000000 ) );
#8861 = CARTESIAN_POINT( '', ( 2.62500000001000, -0.0250000000100000, -0.0200000000100000 ) );
#8862 = VECTOR( '', #9879, 1000.00000000000 );
#8863 = CARTESIAN_POINT( '', ( 2.37500000001000, -0.0250000000100000, -0.0200000000100000 ) );
#8864 = VECTOR( '', #9880, 1000.00000000000 );
#8865 = CARTESIAN_POINT( '', ( -2.00000000001000, 1.87500000001000, 1.92500000001000 ) );
#8866 = VECTOR( '', #9881, 1000.00000000000 );
#8867 = CARTESIAN_POINT( '', ( 2.37500000001000, -2.37500000001000, -2.01000000001000 ) );
#8868 = VECTOR( '', #9882, 1000.00000000000 );
#8869 = CARTESIAN_POINT( '', ( 2.37500000001000, -2.52500000001000, 1.02000000001000 ) );
#8870 = VECTOR( '', #9883, 1000.00000000000 );
#8871 = CARTESIAN_POINT( '', ( 3.00000000001000, 2.68500000001000, 1.49000000001000 ) );
#8872 = VECTOR( '', #9884, 1000.00000000000 );
#8873 = CARTESIAN_POINT( '', ( -3.10000000001000, -2.47500000001000, 1.34000000001000 ) );
#8874 = VECTOR( '', #9885, 1000.00000000000 );
#8875 = CARTESIAN_POINT( '', ( -0.375000000010000, -2.72500000001000, -2.01000000001000 ) );
#8876 = VECTOR( '', #9886, 1000.00000000000 );
#8877 = CARTESIAN_POINT( '', ( -0.375000000010000, -2.37500000001000, -2.01000000001000 ) );
#8878 = VECTOR( '', #9887, 1000.00000000000 );
#8879 = CARTESIAN_POINT( '', ( 0.825000000010000, -2.67500000001000, 1.14000000001000 ) );
#8880 = VECTOR( '', #9888, 1000.00000000000 );
#8881 = CARTESIAN_POINT( '', ( -2.17500000001000, -2.47500000001000, 1.34000000001000 ) );
#8882 = VECTOR( '', #9889, 1000.00000000000 );
#8883 = CARTESIAN_POINT( '', ( 2.82500000001000, -2.67500000001000, -0.710000000010000 ) );
#8884 = VECTOR( '', #9890, 1000.00000000000 );
#8885 = CARTESIAN_POINT( '', ( 0.825000000010000, -2.67500000001000, -0.710000000010000 ) );
#8886 = VECTOR( '', #9891, 1000.00000000000 );
#8887 = CARTESIAN_POINT( '', ( 2.62500000001000, -1.42500000001000, -0.0200000000100000 ) );
#8888 = VECTOR( '', #9892, 1000.00000000000 );
#8889 = CARTESIAN_POINT( '', ( 2.00000000001000, 1.72500000001000, 1.16000000001000 ) );
#8890 = VECTOR( '', #9893, 1000.00000000000 );
#8891 = CARTESIAN_POINT( '', ( 2.50000000000000, 2.68700000000000, 3.24000000000000 ) );
#8892 = CARTESIAN_POINT( '', ( 2.50000000000000, 2.81500000000000, 3.24000000000000 ) );
#8893 = CARTESIAN_POINT( '', ( 2.50000000001000, 2.68700000001000, 3.24000000001000 ) );
#8894 = VECTOR( '', #9894, 1000.00000000000 );
#8895 = CARTESIAN_POINT( '', ( -2.50000000000000, 2.81500000000000, 3.24000000000000 ) );
#8896 = CARTESIAN_POINT( '', ( -2.50000000001000, 2.81500000001000, 3.24000000001000 ) );
#8897 = VECTOR( '', #9895, 1000.00000000000 );
#8898 = CARTESIAN_POINT( '', ( -2.50000000000000, 2.68700000000000, 3.24000000000000 ) );
#8899 = CARTESIAN_POINT( '', ( -2.50000000001000, 2.68700000001000, 3.24000000001000 ) );
#8900 = VECTOR( '', #9896, 1000.00000000000 );
#8901 = CARTESIAN_POINT( '', ( -2.50000000001000, 2.68700000001000, 3.24000000001000 ) );
#8902 = VECTOR( '', #9897, 1000.00000000000 );
#8903 = CARTESIAN_POINT( '', ( -2.50000000000000, 2.81500000000000, -1.76000000000000 ) );
#8904 = CARTESIAN_POINT( '', ( -2.50000000001000, 2.81500000001000, -1.76000000001000 ) );
#8905 = VECTOR( '', #9898, 1000.00000000000 );
#8906 = CARTESIAN_POINT( '', ( -2.50000000000000, 2.68700000000000, -1.76000000000000 ) );
#8907 = CARTESIAN_POINT( '', ( -2.50000000001000, 2.68700000001000, -1.76000000001000 ) );
#8908 = VECTOR( '', #9899, 1000.00000000000 );
#8909 = CARTESIAN_POINT( '', ( -2.50000000001000, 2.68700000001000, -1.76000000001000 ) );
#8910 = VECTOR( '', #9900, 1000.00000000000 );
#8911 = CARTESIAN_POINT( '', ( 2.50000000000000, 2.68700000000000, -1.76000000000000 ) );
#8912 = CARTESIAN_POINT( '', ( 2.50000000001000, 2.68700000001000, -1.76000000001000 ) );
#8913 = VECTOR( '', #9901, 1000.00000000000 );
#8914 = CARTESIAN_POINT( '', ( 2.50000000001000, 2.68700000001000, 3.24000000001000 ) );
#8915 = VECTOR( '', #9902, 1000.00000000000 );
#8916 = CARTESIAN_POINT( '', ( 2.50000000000000, 2.81500000000000, -1.76000000000000 ) );
#8917 = CARTESIAN_POINT( '', ( 2.50000000001000, 2.68700000001000, -1.76000000001000 ) );
#8918 = VECTOR( '', #9903, 1000.00000000000 );
#8919 = CARTESIAN_POINT( '', ( 2.50000000001000, 2.81500000001000, 3.24000000001000 ) );
#8920 = VECTOR( '', #9904, 1000.00000000000 );
#8921 = CARTESIAN_POINT( '', ( 2.50000000001000, 2.81500000001000, -1.76000000001000 ) );
#8922 = VECTOR( '', #9905, 1000.00000000000 );
#8923 = DIRECTION( '', ( 0.000000000000000, 1.00000000000000, 0.000000000000000 ) );
#8924 = CARTESIAN_POINT( '', ( 3.80000000001000, -2.42500000001000, 1.29000000001000 ) );
#8925 = DIRECTION( '', ( -0.000000000000000, 1.00000000000000, 0.000000000000000 ) );
#8926 = DIRECTION( '', ( 0.780624749794937, 0.000000000000000, 0.625000000006074 ) );
#8927 = DIRECTION( '', ( 0.000000000000000, 1.00000000000000, 0.000000000000000 ) );
#8928 = CARTESIAN_POINT( '', ( 3.80000000001000, 2.68500000001000, 1.29000000001000 ) );
#8929 = DIRECTION( '', ( 0.000000000000000, 1.00000000000000, 0.000000000000000 ) );
#8930 = DIRECTION( '', ( 0.000000000000000, 0.000000000000000, 1.00000000000000 ) );
#8931 = DIRECTION( '', ( 0.000000000000000, 1.00000000000000, 0.000000000000000 ) );
#8932 = DIRECTION( '', ( 0.000000000000000, 0.707106781186547, -0.707106781186547 ) );
#8933 = DIRECTION( '', ( 0.000000000000000, 1.00000000000000, 0.000000000000000 ) );
#8934 = DIRECTION( '', ( 0.000000000000000, 0.000000000000000, -1.00000000000000 ) );
#8935 = DIRECTION( '', ( 0.000000000000000, -1.00000000000000, 0.000000000000000 ) );
#8936 = DIRECTION( '', ( 0.000000000000000, -0.707106781186547, -0.707106781186547 ) );
#8937 = DIRECTION( '', ( 0.000000000000000, 0.000000000000000, -1.00000000000000 ) );
#8938 = DIRECTION( '', ( 0.000000000000000, 1.00000000000000, 0.000000000000000 ) );
#8939 = DIRECTION( '', ( -1.00000000000000, 0.000000000000000, 0.000000000000000 ) );
#8940 = DIRECTION( '', ( 0.000000000000000, 1.00000000000000, 0.000000000000000 ) );
#8941 = DIRECTION( '', ( -1.00000000000000, 0.000000000000000, 0.000000000000000 ) );
#8942 = DIRECTION( '', ( 0.000000000000000, 0.000000000000000, -1.00000000000000 ) );
#8943 = DIRECTION( '', ( 1.00000000000000, 0.000000000000000, 0.000000000000000 ) );
#8944 = DIRECTION( '', ( 0.000000000000000, 0.000000000000000, 1.00000000000000 ) );
#8945 = DIRECTION( '', ( -1.00000000000000, 0.000000000000000, 0.000000000000000 ) );
#8946 = DIRECTION( '', ( 0.573576436383968, 0.819152044265940, 0.000000000000000 ) );
#8947 = DIRECTION( '', ( -5.66438047989692E-06, 3.96585608061455E-06, 0.999999999976093 ) );
#8948 = DIRECTION( '', ( -0.573575218046010, -0.819152897354012, 0.000000000000000 ) );
#8949 = DIRECTION( '', ( -2.65496228719415E-06, 1.85884507682104E-06, 0.999999999994748 ) );
#8950 = DIRECTION( '', ( 1.00000000000000, 0.000000000000000, 0.000000000000000 ) );
#8951 = DIRECTION( '', ( 1.00000000000000, 0.000000000000000, 0.000000000000000 ) );
#8952 = DIRECTION( '', ( 0.000000000000000, 1.00000000000000, 0.000000000000000 ) );
#8953 = CARTESIAN_POINT( '', ( -3.80000000001000, 2.68500000001000, 1.29000000001000 ) );
#8954 = DIRECTION( '', ( 0.000000000000000, 1.00000000000000, -0.000000000000000 ) );
#8955 = DIRECTION( '', ( -1.00000000000000, 0.000000000000000, 0.000000000000000 ) );
#8956 = DIRECTION( '', ( 0.000000000000000, 1.00000000000000, 0.000000000000000 ) );
#8957 = CARTESIAN_POINT( '', ( -3.80000000001000, -2.42500000001000, 1.29000000001000 ) );
#8958 = DIRECTION( '', ( 0.000000000000000, 1.00000000000000, -0.000000000000000 ) );
#8959 = DIRECTION( '', ( -1.00000000000000, 0.000000000000000, 0.000000000000000 ) );
#8960 = DIRECTION( '', ( 0.000000000000000, 1.00000000000000, 0.000000000000000 ) );
#8961 = DIRECTION( '', ( 0.000000000000000, 0.000000000000000, -1.00000000000000 ) );
#8962 = DIRECTION( '', ( 0.000000000000000, 1.00000000000000, 0.000000000000000 ) );
#8963 = DIRECTION( '', ( 0.000000000000000, 0.000000000000000, -1.00000000000000 ) );
#8964 = DIRECTION( '', ( 0.000000000000000, 1.00000000000000, 0.000000000000000 ) );
#8965 = DIRECTION( '', ( 0.000000000000000, 0.000000000000000, 1.00000000000000 ) );
#8966 = DIRECTION( '', ( -1.00000000000000, 0.000000000000000, 0.000000000000000 ) );
#8967 = DIRECTION( '', ( 0.000000000000000, 0.000000000000000, 1.00000000000000 ) );
#8968 = DIRECTION( '', ( -1.00000000000000, 0.000000000000000, 0.000000000000000 ) );
#8969 = DIRECTION( '', ( 0.000000000000000, 0.000000000000000, -1.00000000000000 ) );
#8970 = DIRECTION( '', ( -1.00000000000000, 0.000000000000000, 0.000000000000000 ) );
#8971 = DIRECTION( '', ( 0.000000000000000, 0.000000000000000, -1.00000000000000 ) );
#8972 = DIRECTION( '', ( -1.00000000000000, 0.000000000000000, 0.000000000000000 ) );
#8973 = DIRECTION( '', ( 0.000000000000000, -0.707106781186547, -0.707106781186547 ) );
#8974 = DIRECTION( '', ( 0.000000000000000, 1.00000000000000, 0.000000000000000 ) );
#8975 = DIRECTION( '', ( 0.000000000000000, 0.000000000000000, 1.00000000000000 ) );
#8976 = CARTESIAN_POINT( '', ( -0.750000000010000, -0.525000000010000, 1.64263768191000 ) );
#8977 = DIRECTION( '', ( -1.00000000000000, 0.000000000000000, 0.000000000000000 ) );
#8978 = DIRECTION( '', ( 0.000000000000000, -1.00000000000000, 0.000000000000000 ) );
#8979 = DIRECTION( '', ( 0.000000000000000, 0.000000000000000, 1.00000000000000 ) );
#8980 = DIRECTION( '', ( 0.000000000000000, 0.707106781186547, 0.707106781186547 ) );
#8981 = DIRECTION( '', ( 0.000000000000000, 0.000000000000000, -1.00000000000000 ) );
#8982 = DIRECTION( '', ( 1.00000000000000, 0.000000000000000, 0.000000000000000 ) );
#8983 = DIRECTION( '', ( 0.000000000000000, -0.573576436356780, -0.819152044284977 ) );
#8984 = DIRECTION( '', ( 1.00000000000000, 0.000000000000000, 0.000000000000000 ) );
#8985 = DIRECTION( '', ( 0.000000000000000, -0.573576436356780, -0.819152044284977 ) );
#8986 = DIRECTION( '', ( 0.000000000000000, -1.00000000000000, 0.000000000000000 ) );
#8987 = DIRECTION( '', ( 1.00000000000000, 0.000000000000000, 0.000000000000000 ) );
#8988 = DIRECTION( '', ( 0.000000000000000, -1.00000000000000, 0.000000000000000 ) );
#8989 = DIRECTION( '', ( 1.00000000000000, 0.000000000000000, 0.000000000000000 ) );
#8990 = DIRECTION( '', ( 0.000000000000000, 0.000000000000000, -1.00000000000000 ) );
#8991 = DIRECTION( '', ( 0.000000000000000, 1.00000000000000, 0.000000000000000 ) );
#8992 = DIRECTION( '', ( 0.000000000000000, 0.000000000000000, 1.00000000000000 ) );
#8993 = DIRECTION( '', ( 0.000000000000000, -1.00000000000000, 0.000000000000000 ) );
#8994 = DIRECTION( '', ( 1.00000000000000, 0.000000000000000, 0.000000000000000 ) );
#8995 = DIRECTION( '', ( 0.000000000000000, 0.000000000000000, -1.00000000000000 ) );
#8996 = DIRECTION( '', ( 1.00000000000000, 0.000000000000000, 0.000000000000000 ) );
#8997 = DIRECTION( '', ( 0.000000000000000, 0.000000000000000, -1.00000000000000 ) );
#8998 = DIRECTION( '', ( 0.707106781186547, 0.000000000000000, -0.707106781186547 ) );
#8999 = DIRECTION( '', ( 0.000000000000000, -1.00000000000000, 0.000000000000000 ) );
#9000 = DIRECTION( '', ( -0.707106781186547, 0.000000000000000, 0.707106781186547 ) );
#9001 = DIRECTION( '', ( 0.000000000000000, -1.00000000000000, 0.000000000000000 ) );
#9002 = CARTESIAN_POINT( '', ( 0.000000000000000, -1.32500287121900, 2.46000000001000 ) );
#9003 = DIRECTION( '', ( -0.000000000000000, 1.00000000000000, 0.000000000000000 ) );
#9004 = DIRECTION( '', ( 1.00000000000000, 0.000000000000000, 0.000000000000000 ) );
#9005 = DIRECTION( '', ( -3.10343242729710E-06, -2.17256309608170E-06, -0.999999999992824 ) );
#9006 = DIRECTION( '', ( 1.00000000000000, 0.000000000000000, 0.000000000000000 ) );
#9007 = DIRECTION( '', ( -3.10337001766213E-06, 2.17265223659872E-06, 0.999999999992824 ) );
#9008 = DIRECTION( '', ( 1.00000000000000, 0.000000000000000, 0.000000000000000 ) );
#9009 = CARTESIAN_POINT( '', ( 2.62500000001000, 0.475000000010000, 0.292448360340500 ) );
#9010 = DIRECTION( '', ( 1.00000000000000, 0.000000000000000, 0.000000000000000 ) );
#9011 = DIRECTION( '', ( 0.000000000000000, 1.00000000000000, 0.000000000000000 ) );
#9012 = DIRECTION( '', ( 1.00000000000000, 0.000000000000000, 0.000000000000000 ) );
#9013 = CARTESIAN_POINT( '', ( 2.37500000001000, 0.475000000010000, 0.292448360340500 ) );
#9014 = DIRECTION( '', ( 1.00000000000000, 0.000000000000000, 0.000000000000000 ) );
#9015 = DIRECTION( '', ( 0.000000000000000, 1.00000000000000, 0.000000000000000 ) );
#9016 = DIRECTION( '', ( 0.000000000000000, 0.000000000000000, -1.00000000000000 ) );
#9017 = DIRECTION( '', ( 0.000000000000000, 1.00000000000000, 0.000000000000000 ) );
#9018 = DIRECTION( '', ( -2.76357285852661E-06, 0.000000000000000, -0.999999999996181 ) );
#9019 = DIRECTION( '', ( 0.000000000000000, -1.00000000000000, 0.000000000000000 ) );
#9020 = DIRECTION( '', ( 0.000000000000000, -1.00000000000000, 0.000000000000000 ) );
#9021 = DIRECTION( '', ( 0.000000000000000, 0.000000000000000, -1.00000000000000 ) );
#9022 = DIRECTION( '', ( 0.000000000000000, -1.00000000000000, 0.000000000000000 ) );
#9023 = DIRECTION( '', ( 0.000000000000000, 0.707106781186547, 0.707106781186547 ) );
#9024 = DIRECTION( '', ( 0.000000000000000, 0.000000000000000, 1.00000000000000 ) );
#9025 = DIRECTION( '', ( 0.000000000000000, -1.00000000000000, 0.000000000000000 ) );
#9026 = DIRECTION( '', ( 0.000000000000000, 0.000000000000000, -1.00000000000000 ) );
#9027 = DIRECTION( '', ( 0.000000000000000, -1.00000000000000, 0.000000000000000 ) );
#9028 = DIRECTION( '', ( 0.000000000000000, 0.000000000000000, -1.00000000000000 ) );
#9029 = DIRECTION( '', ( 0.000000000000000, -1.00000000000000, 0.000000000000000 ) );
#9030 = DIRECTION( '', ( 0.000000000000000, 0.000000000000000, 1.00000000000000 ) );
#9031 = DIRECTION( '', ( 0.000000000000000, 0.000000000000000, -1.00000000000000 ) );
#9032 = DIRECTION( '', ( 0.000000000000000, -1.00000000000000, 0.000000000000000 ) );
#9033 = DIRECTION( '', ( 0.000000000000000, 0.000000000000000, -1.00000000000000 ) );
#9034 = DIRECTION( '', ( 0.000000000000000, -1.00000000000000, 0.000000000000000 ) );
#9035 = DIRECTION( '', ( 1.00000000000000, 0.000000000000000, 0.000000000000000 ) );
#9036 = DIRECTION( '', ( 0.000000000000000, 1.00000000000000, 0.000000000000000 ) );
#9037 = DIRECTION( '', ( 1.00000000000000, 0.000000000000000, 0.000000000000000 ) );
#9038 = DIRECTION( '', ( 0.000000000000000, 1.00000000000000, 0.000000000000000 ) );
#9039 = DIRECTION( '', ( 1.00000000000000, 0.000000000000000, 0.000000000000000 ) );
#9040 = CARTESIAN_POINT( '', ( 2.62500000001000, 0.475000000010000, 0.147551639679500 ) );
#9041 = DIRECTION( '', ( 1.00000000000000, -0.000000000000000, 0.000000000000000 ) );
#9042 = DIRECTION( '', ( 0.000000000000000, 0.132163720176158, -0.991227900671283 ) );
#9043 = DIRECTION( '', ( 1.00000000000000, 0.000000000000000, 0.000000000000000 ) );
#9044 = CARTESIAN_POINT( '', ( 2.37500000001000, 0.475000000010000, 0.147551639679500 ) );
#9045 = DIRECTION( '', ( 1.00000000000000, -0.000000000000000, 0.000000000000000 ) );
#9046 = DIRECTION( '', ( 0.000000000000000, 0.132163720176158, -0.991227900671283 ) );
#9047 = DIRECTION( '', ( 0.000000000000000, 1.00000000000000, 0.000000000000000 ) );
#9048 = DIRECTION( '', ( 0.000000000000000, 0.000000000000000, -1.00000000000000 ) );
#9049 = DIRECTION( '', ( 0.000000000000000, 0.707106781186547, -0.707106781186547 ) );
#9050 = DIRECTION( '', ( 0.000000000000000, 1.00000000000000, 0.000000000000000 ) );
#9051 = DIRECTION( '', ( 0.000000000000000, 0.000000000000000, 1.00000000000000 ) );
#9052 = DIRECTION( '', ( 0.000000000000000, 1.00000000000000, 0.000000000000000 ) );
#9053 = DIRECTION( '', ( 0.000000000000000, 0.000000000000000, -1.00000000000000 ) );
#9054 = DIRECTION( '', ( 0.000000000000000, 0.000000000000000, -1.00000000000000 ) );
#9055 = DIRECTION( '', ( 1.00000000000000, 0.000000000000000, 0.000000000000000 ) );
#9056 = DIRECTION( '', ( 0.000000000000000, -0.573576436356780, -0.819152044284977 ) );
#9057 = DIRECTION( '', ( 1.00000000000000, 0.000000000000000, 0.000000000000000 ) );
#9058 = DIRECTION( '', ( 0.000000000000000, -0.573576436356780, -0.819152044284977 ) );
#9059 = DIRECTION( '', ( -2.73582389207089E-06, -0.999999999992510, 2.73781138514284E-06 ) );
#9060 = CARTESIAN_POINT( '', ( -2.60000000001000, 2.07500000001000, 1.16000379519100 ) );
#9061 = DIRECTION( '', ( 0.000000000000000, 0.000000000000000, 1.00000000000000 ) );
#9062 = DIRECTION( '', ( -1.00000000000000, 0.000000000000000, 0.000000000000000 ) );
#9063 = DIRECTION( '', ( 0.999999999996255, 1.93482481078531E-06, -1.93547984532929E-06 ) );
#9064 = DIRECTION( '', ( 0.000000000000000, -1.00000000000000, 0.000000000000000 ) );
#9065 = DIRECTION( '', ( 1.00000000000000, 0.000000000000000, 0.000000000000000 ) );
#9066 = DIRECTION( '', ( 0.000000000000000, -1.00000000000000, 0.000000000000000 ) );
#9067 = DIRECTION( '', ( 1.00000000000000, 0.000000000000000, 0.000000000000000 ) );
#9068 = DIRECTION( '', ( 0.000000000000000, -1.00000000000000, 0.000000000000000 ) );
#9069 = DIRECTION( '', ( 1.00000000000000, 0.000000000000000, 0.000000000000000 ) );
#9070 = CARTESIAN_POINT( '', ( -3.00000000001000, 2.48500000001000, 1.16000000001000 ) );
#9071 = DIRECTION( '', ( 0.000000000000000, 0.000000000000000, -1.00000000000000 ) );
#9072 = DIRECTION( '', ( -0.000922039905275257, 0.999999574921116, 0.000000000000000 ) );
#9073 = DIRECTION( '', ( 1.00000000000000, 0.000000000000000, 0.000000000000000 ) );
#9074 = DIRECTION( '', ( 0.000000000000000, 0.000000000000000, 1.00000000000000 ) );
#9075 = DIRECTION( '', ( 1.00000000000000, 0.000000000000000, 0.000000000000000 ) );
#9076 = DIRECTION( '', ( 0.000000000000000, 0.000000000000000, 1.00000000000000 ) );
#9077 = DIRECTION( '', ( -1.00000000000000, 0.000000000000000, 0.000000000000000 ) );
#9078 = DIRECTION( '', ( 0.000000000000000, 1.00000000000000, 0.000000000000000 ) );
#9079 = DIRECTION( '', ( -1.00000000000000, 0.000000000000000, 0.000000000000000 ) );
#9080 = DIRECTION( '', ( 0.000000000000000, 1.00000000000000, 0.000000000000000 ) );
#9081 = DIRECTION( '', ( -1.00000000000000, 0.000000000000000, 0.000000000000000 ) );
#9082 = DIRECTION( '', ( 0.000000000000000, -1.00000000000000, 0.000000000000000 ) );
#9083 = DIRECTION( '', ( -1.00000000000000, 0.000000000000000, 0.000000000000000 ) );
#9084 = DIRECTION( '', ( 0.000000000000000, 1.00000000000000, 0.000000000000000 ) );
#9085 = CARTESIAN_POINT( '', ( 3.80000000001000, 2.68500000001000, -1.31000000001000 ) );
#9086 = DIRECTION( '', ( -0.000000000000000, 1.00000000000000, 0.000000000000000 ) );
#9087 = DIRECTION( '', ( 1.00000000000000, 0.000000000000000, 0.000000000000000 ) );
#9088 = CARTESIAN_POINT( '', ( 3.80000000001000, -2.12500000001000, -1.31000000001000 ) );
#9089 = DIRECTION( '', ( -0.000000000000000, 1.00000000000000, 0.000000000000000 ) );
#9090 = DIRECTION( '', ( 1.00000000000000, 0.000000000000000, 0.000000000000000 ) );
#9091 = DIRECTION( '', ( -1.00000000000000, 0.000000000000000, 0.000000000000000 ) );
#9092 = DIRECTION( '', ( 0.000000000000000, -0.713684088491394, -0.700467716482500 ) );
#9093 = DIRECTION( '', ( 1.00000000000000, 0.000000000000000, 0.000000000000000 ) );
#9094 = DIRECTION( '', ( 0.000000000000000, -0.713684088491415, -0.700467716482479 ) );
#9095 = DIRECTION( '', ( 1.00000000000000, 0.000000000000000, 0.000000000000000 ) );
#9096 = DIRECTION( '', ( 0.000000000000000, -0.713684088491415, -0.700467716482479 ) );
#9097 = DIRECTION( '', ( 1.00000000000000, 0.000000000000000, 0.000000000000000 ) );
#9098 = DIRECTION( '', ( 0.000000000000000, 0.713684088491394, 0.700467716482500 ) );
#9099 = DIRECTION( '', ( 0.000000000000000, -0.707106781186547, -0.707106781186547 ) );
#9100 = DIRECTION( '', ( 0.000000000000000, -1.00000000000000, 0.000000000000000 ) );
#9101 = DIRECTION( '', ( 0.000000000000000, 0.000000000000000, -1.00000000000000 ) );
#9102 = DIRECTION( '', ( 0.000000000000000, 1.00000000000000, 0.000000000000000 ) );
#9103 = DIRECTION( '', ( 0.000000000000000, 0.707106781186547, -0.707106781186547 ) );
#9104 = DIRECTION( '', ( 0.000000000000000, 0.000000000000000, -1.00000000000000 ) );
#9105 = DIRECTION( '', ( 0.000000000000000, 0.000000000000000, 1.00000000000000 ) );
#9106 = DIRECTION( '', ( 0.000000000000000, 1.00000000000000, 0.000000000000000 ) );
#9107 = DIRECTION( '', ( 0.000000000000000, 0.000000000000000, -1.00000000000000 ) );
#9108 = DIRECTION( '', ( 0.000000000000000, 0.000000000000000, -1.00000000000000 ) );
#9109 = DIRECTION( '', ( 0.000000000000000, -1.00000000000000, 0.000000000000000 ) );
#9110 = DIRECTION( '', ( 1.00000000000000, 0.000000000000000, 0.000000000000000 ) );
#9111 = DIRECTION( '', ( 0.000000000000000, 0.000000000000000, -1.00000000000000 ) );
#9112 = DIRECTION( '', ( 1.00000000000000, 0.000000000000000, 0.000000000000000 ) );
#9113 = DIRECTION( '', ( 0.000000000000000, 0.000000000000000, -1.00000000000000 ) );
#9114 = DIRECTION( '', ( 1.00000000000000, 0.000000000000000, 0.000000000000000 ) );
#9115 = DIRECTION( '', ( 0.000000000000000, -0.573576436356780, -0.819152044284977 ) );
#9116 = DIRECTION( '', ( 1.00000000000000, 0.000000000000000, 0.000000000000000 ) );
#9117 = DIRECTION( '', ( 0.000000000000000, -0.573576436356780, -0.819152044284977 ) );
#9118 = DIRECTION( '', ( 1.00000000000000, 0.000000000000000, 0.000000000000000 ) );
#9119 = DIRECTION( '', ( 0.000000000000000, -0.707106781186547, -0.707106781186547 ) );
#9120 = DIRECTION( '', ( 1.00000000000000, 0.000000000000000, 0.000000000000000 ) );
#9121 = DIRECTION( '', ( 0.000000000000000, -0.707106781186547, -0.707106781186547 ) );
#9122 = DIRECTION( '', ( 0.000000000000000, 1.00000000000000, 0.000000000000000 ) );
#9123 = DIRECTION( '', ( 1.00000000000000, 0.000000000000000, 0.000000000000000 ) );
#9124 = DIRECTION( '', ( 0.000000000000000, 1.00000000000000, 0.000000000000000 ) );
#9125 = DIRECTION( '', ( 1.00000000000000, 0.000000000000000, 0.000000000000000 ) );
#9126 = DIRECTION( '', ( 0.000000000000000, 0.000000000000000, -1.00000000000000 ) );
#9127 = DIRECTION( '', ( 1.00000000000000, 0.000000000000000, 0.000000000000000 ) );
#9128 = DIRECTION( '', ( 0.000000000000000, 0.000000000000000, -1.00000000000000 ) );
#9129 = DIRECTION( '', ( 0.000000000000000, -1.00000000000000, 0.000000000000000 ) );
#9130 = DIRECTION( '', ( 0.000000000000000, 1.00000000000000, 0.000000000000000 ) );
#9131 = DIRECTION( '', ( 1.00000000000000, 0.000000000000000, 0.000000000000000 ) );
#9132 = DIRECTION( '', ( 0.000000000000000, -1.00000000000000, 0.000000000000000 ) );
#9133 = DIRECTION( '', ( 1.00000000000000, 0.000000000000000, 0.000000000000000 ) );
#9134 = DIRECTION( '', ( 0.000000000000000, 0.991227900680444, 0.132163720107451 ) );
#9135 = DIRECTION( '', ( 1.00000000000000, 0.000000000000000, 0.000000000000000 ) );
#9136 = DIRECTION( '', ( 0.000000000000000, 0.991227900680444, 0.132163720107451 ) );
#9137 = DIRECTION( '', ( 0.000000000000000, 0.000000000000000, -1.00000000000000 ) );
#9138 = DIRECTION( '', ( 0.000000000000000, 0.000000000000000, -1.00000000000000 ) );
#9139 = DIRECTION( '', ( 0.707106781186547, 0.000000000000000, 0.707106781186547 ) );
#9140 = DIRECTION( '', ( 1.00000000000000, 0.000000000000000, 0.000000000000000 ) );
#9141 = DIRECTION( '', ( 1.00000000000000, 0.000000000000000, 0.000000000000000 ) );
#9142 = CARTESIAN_POINT( '', ( 0.750000000010000, -0.525000000010000, 1.64263768191000 ) );
#9143 = DIRECTION( '', ( -1.00000000000000, 0.000000000000000, 0.000000000000000 ) );
#9144 = DIRECTION( '', ( 0.000000000000000, -1.00000000000000, 0.000000000000000 ) );
#9145 = DIRECTION( '', ( 1.00000000000000, 0.000000000000000, 0.000000000000000 ) );
#9146 = DIRECTION( '', ( 0.000000000000000, -1.00000000000000, 0.000000000000000 ) );
#9147 = DIRECTION( '', ( -1.00000000000000, 0.000000000000000, 0.000000000000000 ) );
#9148 = CARTESIAN_POINT( '', ( -2.60000000001000, 2.07500000001000, 1.49000000001000 ) );
#9149 = DIRECTION( '', ( -0.000000000000000, -0.000000000000000, -1.00000000000000 ) );
#9150 = DIRECTION( '', ( 0.000000000000000, -1.00000000000000, 0.000000000000000 ) );
#9151 = CARTESIAN_POINT( '', ( -3.00000000001000, 2.48500000001000, 1.49000000001000 ) );
#9152 = DIRECTION( '', ( 0.000000000000000, 0.000000000000000, -1.00000000000000 ) );
#9153 = DIRECTION( '', ( 0.000000000000000, 1.00000000000000, 0.000000000000000 ) );
#9154 = DIRECTION( '', ( 1.00000000000000, 0.000000000000000, 0.000000000000000 ) );
#9155 = DIRECTION( '', ( -1.00000000000000, 0.000000000000000, 0.000000000000000 ) );
#9156 = DIRECTION( '', ( 0.000000000000000, -1.00000000000000, 0.000000000000000 ) );
#9157 = DIRECTION( '', ( 1.00000000000000, 0.000000000000000, 0.000000000000000 ) );
#9158 = DIRECTION( '', ( -1.00000000000000, 0.000000000000000, 0.000000000000000 ) );
#9159 = DIRECTION( '', ( 0.000000000000000, 1.00000000000000, 0.000000000000000 ) );
#9160 = DIRECTION( '', ( 1.00000000000000, 0.000000000000000, 0.000000000000000 ) );
#9161 = DIRECTION( '', ( 0.000000000000000, 1.00000000000000, 0.000000000000000 ) );
#9162 = DIRECTION( '', ( -1.00000000000000, 0.000000000000000, 0.000000000000000 ) );
#9163 = DIRECTION( '', ( 1.00000000000000, 0.000000000000000, 0.000000000000000 ) );
#9164 = CARTESIAN_POINT( '', ( 3.00000000001000, 2.48500000001000, 1.49000000001000 ) );
#9165 = DIRECTION( '', ( 0.000000000000000, 0.000000000000000, -1.00000000000000 ) );
#9166 = DIRECTION( '', ( -1.00000000000000, 0.000000000000000, 0.000000000000000 ) );
#9167 = DIRECTION( '', ( 0.000000000000000, -1.00000000000000, 0.000000000000000 ) );
#9168 = CARTESIAN_POINT( '', ( 2.60000000001000, 2.07500000001000, 1.49000000001000 ) );
#9169 = DIRECTION( '', ( 0.000000000000000, 0.000000000000000, -1.00000000000000 ) );
#9170 = DIRECTION( '', ( 1.00000000000000, 0.000000000000000, 0.000000000000000 ) );
#9171 = DIRECTION( '', ( -1.00000000000000, 0.000000000000000, 0.000000000000000 ) );
#9172 = DIRECTION( '', ( 0.000000000000000, 1.00000000000000, 0.000000000000000 ) );
#9173 = DIRECTION( '', ( -1.00000000000000, 0.000000000000000, 0.000000000000000 ) );
#9174 = DIRECTION( '', ( 0.707106413527202, 0.000000000000000, 0.707107148845702 ) );
#9175 = DIRECTION( '', ( 0.707109908831180, 0.000000000000000, 0.707103653528081 ) );
#9176 = DIRECTION( '', ( 0.000000000000000, 1.00000000000000, 0.000000000000000 ) );
#9177 = DIRECTION( '', ( 0.000000000000000, 0.000000000000000, -1.00000000000000 ) );
#9178 = DIRECTION( '', ( 0.000000000000000, -0.707106781186547, -0.707106781186547 ) );
#9179 = DIRECTION( '', ( 0.000000000000000, -1.00000000000000, 0.000000000000000 ) );
#9180 = DIRECTION( '', ( 0.000000000000000, 0.713684088491383, 0.700467716482512 ) );
#9181 = DIRECTION( '', ( 0.000000000000000, 0.000000000000000, 1.00000000000000 ) );
#9182 = DIRECTION( '', ( 1.00000000000000, 0.000000000000000, 0.000000000000000 ) );
#9183 = DIRECTION( '', ( 0.000000000000000, 1.00000000000000, 0.000000000000000 ) );
#9184 = DIRECTION( '', ( 1.00000000000000, 0.000000000000000, 0.000000000000000 ) );
#9185 = DIRECTION( '', ( 0.000000000000000, 1.00000000000000, 0.000000000000000 ) );
#9186 = DIRECTION( '', ( 0.000000000000000, 0.000000000000000, -1.00000000000000 ) );
#9187 = CARTESIAN_POINT( '', ( -3.72000000001000, -2.52500000001000, 0.290000000010000 ) );
#9188 = DIRECTION( '', ( -0.000000000000000, 0.000000000000000, 1.00000000000000 ) );
#9189 = DIRECTION( '', ( 0.000000000000000, -1.00000000000000, 0.000000000000000 ) );
#9190 = DIRECTION( '', ( 0.000000000000000, 0.000000000000000, -1.00000000000000 ) );
#9191 = CARTESIAN_POINT( '', ( -3.72000000001000, -2.52500000001000, 1.39000000001000 ) );
#9192 = DIRECTION( '', ( -0.000000000000000, 0.000000000000000, 1.00000000000000 ) );
#9193 = DIRECTION( '', ( 0.000000000000000, -1.00000000000000, 0.000000000000000 ) );
#9194 = DIRECTION( '', ( 0.000000000000000, -1.00000000000000, 0.000000000000000 ) );
#9195 = DIRECTION( '', ( 0.000000000000000, -0.991227900680444, 0.132163720107451 ) );
#9196 = CARTESIAN_POINT( '', ( -0.625000000010000, 0.475000000010000, 0.292448360340500 ) );
#9197 = DIRECTION( '', ( 1.00000000000000, 0.000000000000000, 0.000000000000000 ) );
#9198 = DIRECTION( '', ( 0.000000000000000, 1.00000000000000, 0.000000000000000 ) );
#9199 = DIRECTION( '', ( 0.000000000000000, 0.000000000000000, 1.00000000000000 ) );
#9200 = CARTESIAN_POINT( '', ( -0.625000000010000, 0.475000000010000, 0.147551639679500 ) );
#9201 = DIRECTION( '', ( 1.00000000000000, -0.000000000000000, 0.000000000000000 ) );
#9202 = DIRECTION( '', ( 0.000000000000000, 0.132163720176158, -0.991227900671283 ) );
#9203 = DIRECTION( '', ( 0.000000000000000, 1.00000000000000, 0.000000000000000 ) );
#9204 = DIRECTION( '', ( 0.000000000000000, 0.000000000000000, 1.00000000000000 ) );
#9205 = CARTESIAN_POINT( '', ( -0.800000000010000, 1.47500000001000, 2.56000000001000 ) );
#9206 = DIRECTION( '', ( 0.000000000000000, -0.000000000000000, 1.00000000000000 ) );
#9207 = DIRECTION( '', ( 0.000000000000000, 1.00000000000000, 0.000000000000000 ) );
#9208 = CARTESIAN_POINT( '', ( -0.800000000010000, 1.47500000001000, 2.96000000001000 ) );
#9209 = DIRECTION( '', ( 0.000000000000000, -0.000000000000000, 1.00000000000000 ) );
#9210 = DIRECTION( '', ( 0.000000000000000, 1.00000000000000, 0.000000000000000 ) );
#9211 = DIRECTION( '', ( -1.00000000000000, 0.000000000000000, 0.000000000000000 ) );
#9212 = DIRECTION( '', ( 1.00000000000000, 0.000000000000000, 0.000000000000000 ) );
#9213 = DIRECTION( '', ( -0.577350269189626, -0.577350269189626, -0.577350269189626 ) );
#9214 = DIRECTION( '', ( 1.00000000000000, 0.000000000000000, 0.000000000000000 ) );
#9215 = DIRECTION( '', ( -1.00000000000000, 0.000000000000000, 0.000000000000000 ) );
#9216 = DIRECTION( '', ( 0.000000000000000, 0.000000000000000, -1.00000000000000 ) );
#9217 = DIRECTION( '', ( 1.00000000000000, 0.000000000000000, 0.000000000000000 ) );
#9218 = DIRECTION( '', ( 0.707106781186547, 0.000000000000000, -0.707106781186547 ) );
#9219 = DIRECTION( '', ( 1.00000000000000, 0.000000000000000, 0.000000000000000 ) );
#9220 = DIRECTION( '', ( -1.00000000000000, 0.000000000000000, 0.000000000000000 ) );
#9221 = DIRECTION( '', ( 0.000000000000000, 0.000000000000000, 1.00000000000000 ) );
#9222 = DIRECTION( '', ( -1.00000000000000, 0.000000000000000, 0.000000000000000 ) );
#9223 = DIRECTION( '', ( 0.000000000000000, 0.000000000000000, 1.00000000000000 ) );
#9224 = DIRECTION( '', ( -1.00000000000000, 0.000000000000000, 0.000000000000000 ) );
#9225 = DIRECTION( '', ( 0.000000000000000, 0.000000000000000, 1.00000000000000 ) );
#9226 = DIRECTION( '', ( 0.707106781186547, 0.000000000000000, 0.707106781186547 ) );
#9227 = DIRECTION( '', ( 0.000000000000000, 0.000000000000000, -1.00000000000000 ) );
#9228 = DIRECTION( '', ( 1.00000000000000, 0.000000000000000, 0.000000000000000 ) );
#9229 = DIRECTION( '', ( 0.000000000000000, 0.000000000000000, 1.00000000000000 ) );
#9230 = DIRECTION( '', ( 1.00000000000000, 0.000000000000000, 0.000000000000000 ) );
#9231 = DIRECTION( '', ( 0.000000000000000, 0.000000000000000, 1.00000000000000 ) );
#9232 = DIRECTION( '', ( 1.00000000000000, 0.000000000000000, 0.000000000000000 ) );
#9233 = DIRECTION( '', ( 0.000000000000000, 0.000000000000000, 1.00000000000000 ) );
#9234 = DIRECTION( '', ( 1.00000000000000, 0.000000000000000, 0.000000000000000 ) );
#9235 = DIRECTION( '', ( 0.000000000000000, 0.000000000000000, 1.00000000000000 ) );
#9236 = DIRECTION( '', ( 1.00000000000000, 0.000000000000000, 0.000000000000000 ) );
#9237 = DIRECTION( '', ( 0.000000000000000, 0.000000000000000, 1.00000000000000 ) );
#9238 = DIRECTION( '', ( 1.00000000000000, 0.000000000000000, 0.000000000000000 ) );
#9239 = DIRECTION( '', ( 1.00000000000000, 0.000000000000000, 0.000000000000000 ) );
#9240 = DIRECTION( '', ( 0.000000000000000, 0.000000000000000, 1.00000000000000 ) );
#9241 = DIRECTION( '', ( 1.00000000000000, 0.000000000000000, 0.000000000000000 ) );
#9242 = DIRECTION( '', ( 0.000000000000000, 0.000000000000000, 1.00000000000000 ) );
#9243 = DIRECTION( '', ( 0.000000000000000, 0.000000000000000, 1.00000000000000 ) );
#9244 = DIRECTION( '', ( 1.00000000000000, 0.000000000000000, 0.000000000000000 ) );
#9245 = DIRECTION( '', ( 0.000000000000000, 0.000000000000000, 1.00000000000000 ) );
#9246 = DIRECTION( '', ( 1.00000000000000, 0.000000000000000, 0.000000000000000 ) );
#9247 = DIRECTION( '', ( 0.000000000000000, 0.000000000000000, 1.00000000000000 ) );
#9248 = DIRECTION( '', ( 1.00000000000000, 0.000000000000000, 0.000000000000000 ) );
#9249 = DIRECTION( '', ( 0.000000000000000, 0.000000000000000, 1.00000000000000 ) );
#9250 = DIRECTION( '', ( 1.00000000000000, 0.000000000000000, 0.000000000000000 ) );
#9251 = DIRECTION( '', ( 0.000000000000000, 1.00000000000000, 0.000000000000000 ) );
#9252 = DIRECTION( '', ( 1.00000000000000, 0.000000000000000, 0.000000000000000 ) );
#9253 = DIRECTION( '', ( 0.000000000000000, 1.00000000000000, 0.000000000000000 ) );
#9254 = DIRECTION( '', ( 1.00000000000000, 0.000000000000000, 0.000000000000000 ) );
#9255 = DIRECTION( '', ( 1.00000000000000, 0.000000000000000, 0.000000000000000 ) );
#9256 = DIRECTION( '', ( 0.000000000000000, 1.00000000000000, 0.000000000000000 ) );
#9257 = DIRECTION( '', ( 1.00000000000000, 0.000000000000000, 0.000000000000000 ) );
#9258 = DIRECTION( '', ( 0.000000000000000, 1.00000000000000, 0.000000000000000 ) );
#9259 = DIRECTION( '', ( 1.00000000000000, 0.000000000000000, 0.000000000000000 ) );
#9260 = DIRECTION( '', ( 1.00000000000000, 0.000000000000000, 0.000000000000000 ) );
#9261 = DIRECTION( '', ( 0.000000000000000, 1.00000000000000, 0.000000000000000 ) );
#9262 = DIRECTION( '', ( 1.00000000000000, 0.000000000000000, 0.000000000000000 ) );
#9263 = DIRECTION( '', ( 0.000000000000000, 1.00000000000000, 0.000000000000000 ) );
#9264 = DIRECTION( '', ( 1.00000000000000, 0.000000000000000, 0.000000000000000 ) );
#9265 = DIRECTION( '', ( 0.000000000000000, 1.00000000000000, 0.000000000000000 ) );
#9266 = DIRECTION( '', ( 1.00000000000000, 0.000000000000000, 0.000000000000000 ) );
#9267 = DIRECTION( '', ( 0.000000000000000, 1.00000000000000, 0.000000000000000 ) );
#9268 = DIRECTION( '', ( 0.000000000000000, -1.00000000000000, 0.000000000000000 ) );
#9269 = DIRECTION( '', ( 0.000000000000000, -0.991227900680444, 0.132163720107451 ) );
#9270 = DIRECTION( '', ( 0.000000000000000, 0.000000000000000, 1.00000000000000 ) );
#9271 = DIRECTION( '', ( 0.000000000000000, 0.991227900680444, 0.132163720107451 ) );
#9272 = DIRECTION( '', ( 0.000000000000000, 1.00000000000000, 0.000000000000000 ) );
#9273 = DIRECTION( '', ( 0.000000000000000, -1.00000000000000, 0.000000000000000 ) );
#9274 = DIRECTION( '', ( 0.000000000000000, -0.991227900680444, 0.132163720107451 ) );
#9275 = CARTESIAN_POINT( '', ( -2.62500000001000, 0.475000000010000, 0.292448360340500 ) );
#9276 = DIRECTION( '', ( 1.00000000000000, 0.000000000000000, 0.000000000000000 ) );
#9277 = DIRECTION( '', ( 0.000000000000000, 1.00000000000000, 0.000000000000000 ) );
#9278 = DIRECTION( '', ( 0.000000000000000, 0.000000000000000, 1.00000000000000 ) );
#9279 = CARTESIAN_POINT( '', ( -2.62500000001000, 0.475000000010000, 0.147551639679500 ) );
#9280 = DIRECTION( '', ( 1.00000000000000, -0.000000000000000, 0.000000000000000 ) );
#9281 = DIRECTION( '', ( 0.000000000000000, 0.132163720176158, -0.991227900671283 ) );
#9282 = DIRECTION( '', ( 0.000000000000000, 0.991227900680444, 0.132163720107451 ) );
#9283 = DIRECTION( '', ( 1.00000000000000, 0.000000000000000, 0.000000000000000 ) );
#9284 = DIRECTION( '', ( 0.000000000000000, 1.00000000000000, 0.000000000000000 ) );
#9285 = DIRECTION( '', ( 1.00000000000000, 0.000000000000000, 0.000000000000000 ) );
#9286 = DIRECTION( '', ( 0.000000000000000, 1.00000000000000, 0.000000000000000 ) );
#9287 = DIRECTION( '', ( 1.00000000000000, 0.000000000000000, 0.000000000000000 ) );
#9288 = DIRECTION( '', ( 0.000000000000000, -1.00000000000000, 0.000000000000000 ) );
#9289 = DIRECTION( '', ( 1.00000000000000, 0.000000000000000, 0.000000000000000 ) );
#9290 = DIRECTION( '', ( 0.000000000000000, -1.00000000000000, 0.000000000000000 ) );
#9291 = DIRECTION( '', ( 1.00000000000000, 0.000000000000000, 0.000000000000000 ) );
#9292 = DIRECTION( '', ( 0.000000000000000, 0.000000000000000, -1.00000000000000 ) );
#9293 = DIRECTION( '', ( 1.00000000000000, 0.000000000000000, 0.000000000000000 ) );
#9294 = DIRECTION( '', ( 0.000000000000000, 0.000000000000000, -1.00000000000000 ) );
#9295 = DIRECTION( '', ( 1.00000000000000, 0.000000000000000, 0.000000000000000 ) );
#9296 = DIRECTION( '', ( 0.000000000000000, 0.000000000000000, -1.00000000000000 ) );
#9297 = DIRECTION( '', ( 1.00000000000000, 0.000000000000000, 0.000000000000000 ) );
#9298 = DIRECTION( '', ( 0.000000000000000, 0.000000000000000, -1.00000000000000 ) );
#9299 = DIRECTION( '', ( 0.000000000000000, 0.707106781186547, -0.707106781186547 ) );
#9300 = DIRECTION( '', ( 0.000000000000000, 0.000000000000000, -1.00000000000000 ) );
#9301 = DIRECTION( '', ( 1.00000000000000, 0.000000000000000, 0.000000000000000 ) );
#9302 = DIRECTION( '', ( 0.000000000000000, 0.000000000000000, -1.00000000000000 ) );
#9303 = DIRECTION( '', ( 1.00000000000000, 0.000000000000000, 0.000000000000000 ) );
#9304 = DIRECTION( '', ( 0.000000000000000, 0.000000000000000, 1.00000000000000 ) );
#9305 = DIRECTION( '', ( 1.00000000000000, 0.000000000000000, 0.000000000000000 ) );
#9306 = DIRECTION( '', ( 1.00000000000000, 0.000000000000000, 0.000000000000000 ) );
#9307 = DIRECTION( '', ( 0.000000000000000, 0.000000000000000, -1.00000000000000 ) );
#9308 = DIRECTION( '', ( 1.00000000000000, 0.000000000000000, 0.000000000000000 ) );
#9309 = DIRECTION( '', ( 0.000000000000000, 0.000000000000000, -1.00000000000000 ) );
#9310 = DIRECTION( '', ( 1.00000000000000, 0.000000000000000, 0.000000000000000 ) );
#9311 = DIRECTION( '', ( 0.000000000000000, 1.00000000000000, 0.000000000000000 ) );
#9312 = DIRECTION( '', ( 1.00000000000000, 0.000000000000000, 0.000000000000000 ) );
#9313 = DIRECTION( '', ( 1.00000000000000, 0.000000000000000, 0.000000000000000 ) );
#9314 = DIRECTION( '', ( 0.000000000000000, -1.00000000000000, 0.000000000000000 ) );
#9315 = DIRECTION( '', ( 1.00000000000000, 0.000000000000000, 0.000000000000000 ) );
#9316 = DIRECTION( '', ( 0.000000000000000, -1.00000000000000, 0.000000000000000 ) );
#9317 = DIRECTION( '', ( 0.000000000000000, 0.000000000000000, -1.00000000000000 ) );
#9318 = DIRECTION( '', ( 0.707106781186498, -0.707106781186598, 0.000000000000000 ) );
#9319 = DIRECTION( '', ( 0.000000000000000, 0.000000000000000, -1.00000000000000 ) );
#9320 = DIRECTION( '', ( 0.707106781186498, -0.707106781186598, 0.000000000000000 ) );
#9321 = DIRECTION( '', ( 1.00000000000000, 0.000000000000000, 0.000000000000000 ) );
#9322 = CARTESIAN_POINT( '', ( 1.62500000001000, 0.475000000010000, 0.292448360340500 ) );
#9323 = DIRECTION( '', ( 1.00000000000000, 0.000000000000000, 0.000000000000000 ) );
#9324 = DIRECTION( '', ( 0.000000000000000, 1.00000000000000, 0.000000000000000 ) );
#9325 = DIRECTION( '', ( 1.00000000000000, 0.000000000000000, 0.000000000000000 ) );
#9326 = CARTESIAN_POINT( '', ( 1.37500000001000, 0.475000000010000, 0.292448360340500 ) );
#9327 = DIRECTION( '', ( 1.00000000000000, 0.000000000000000, 0.000000000000000 ) );
#9328 = DIRECTION( '', ( 0.000000000000000, 1.00000000000000, 0.000000000000000 ) );
#9329 = DIRECTION( '', ( 1.00000000000000, 0.000000000000000, 0.000000000000000 ) );
#9330 = DIRECTION( '', ( 0.000000000000000, -0.991227900680444, 0.132163720107451 ) );
#9331 = DIRECTION( '', ( 0.000000000000000, -0.991227900680444, 0.132163720107451 ) );
#9332 = DIRECTION( '', ( 1.00000000000000, 0.000000000000000, 0.000000000000000 ) );
#9333 = DIRECTION( '', ( 0.000000000000000, 0.000000000000000, -1.00000000000000 ) );
#9334 = DIRECTION( '', ( 1.00000000000000, 0.000000000000000, 0.000000000000000 ) );
#9335 = DIRECTION( '', ( 0.000000000000000, 0.000000000000000, -1.00000000000000 ) );
#9336 = DIRECTION( '', ( 0.000000000000000, 0.000000000000000, -1.00000000000000 ) );
#9337 = DIRECTION( '', ( 0.000000000000000, 0.000000000000000, -1.00000000000000 ) );
#9338 = DIRECTION( '', ( 0.000000000000000, 0.707106781186498, -0.707106781186598 ) );
#9339 = DIRECTION( '', ( 0.000000000000000, 0.707106781186498, 0.707106781186598 ) );
#9340 = DIRECTION( '', ( 0.000000000000000, 0.000000000000000, 1.00000000000000 ) );
#9341 = DIRECTION( '', ( 0.000000000000000, 0.573576436355627, 0.819152044285784 ) );
#9342 = DIRECTION( '', ( 0.000000000000000, 0.000000000000000, 1.00000000000000 ) );
#9343 = CARTESIAN_POINT( '', ( -2.35000000001000, -1.82500000001000, 1.59000000001000 ) );
#9344 = DIRECTION( '', ( -0.000000000000000, 1.00000000000000, 0.000000000000000 ) );
#9345 = DIRECTION( '', ( 1.00000000000000, 0.000000000000000, 0.000000000000000 ) );
#9346 = DIRECTION( '', ( 0.000000000000000, -1.00000000000000, 0.000000000000000 ) );
#9347 = CARTESIAN_POINT( '', ( -2.35000000001000, 1.87500000001000, 1.59000000001000 ) );
#9348 = DIRECTION( '', ( 0.000000000000000, -1.00000000000000, 0.000000000000000 ) );
#9349 = DIRECTION( '', ( 0.000000000000000, 0.000000000000000, -1.00000000000000 ) );
#9350 = DIRECTION( '', ( 0.000000000000000, 0.707106781186547, 0.707106781186547 ) );
#9351 = DIRECTION( '', ( 0.000000000000000, 0.000000000000000, 1.00000000000000 ) );
#9352 = DIRECTION( '', ( 0.000000000000000, 0.000000000000000, 1.00000000000000 ) );
#9353 = DIRECTION( '', ( 0.000000000000000, 1.00000000000000, 0.000000000000000 ) );
#9354 = DIRECTION( '', ( 0.000000000000000, -0.707106781186547, -0.707106781186547 ) );
#9355 = DIRECTION( '', ( 1.00000000000000, 0.000000000000000, 0.000000000000000 ) );
#9356 = DIRECTION( '', ( 1.00000000000000, 0.000000000000000, 0.000000000000000 ) );
#9357 = DIRECTION( '', ( -6.00691774769636E-05, 0.707106063311806, 0.707107496509106 ) );
#9358 = DIRECTION( '', ( 1.00000000000000, 0.000000000000000, 0.000000000000000 ) );
#9359 = DIRECTION( '', ( 0.000000000000000, 0.000000000000000, 1.00000000000000 ) );
#9360 = DIRECTION( '', ( 1.00000000000000, 0.000000000000000, 0.000000000000000 ) );
#9361 = DIRECTION( '', ( 0.000000000000000, 0.000000000000000, 1.00000000000000 ) );
#9362 = DIRECTION( '', ( 0.000000000000000, 0.000000000000000, -1.00000000000000 ) );
#9363 = DIRECTION( '', ( 0.577350269189626, -0.577350269189626, 0.577350269189626 ) );
#9364 = DIRECTION( '', ( 0.000000000000000, 0.000000000000000, -1.00000000000000 ) );
#9365 = DIRECTION( '', ( -0.707106781186498, 0.707106781186597, 0.000000000000000 ) );
#9366 = DIRECTION( '', ( 1.00000000000000, 0.000000000000000, 0.000000000000000 ) );
#9367 = DIRECTION( '', ( 0.000000000000000, 0.000000000000000, -1.00000000000000 ) );
#9368 = DIRECTION( '', ( 1.00000000000000, 0.000000000000000, 0.000000000000000 ) );
#9369 = DIRECTION( '', ( 0.000000000000000, 0.000000000000000, -1.00000000000000 ) );
#9370 = DIRECTION( '', ( 0.573576436357603, 0.819152044284401, 0.000000000000000 ) );
#9371 = DIRECTION( '', ( -4.77516698480373E-06, 3.34306484304036E-06, 0.999999999983011 ) );
#9372 = DIRECTION( '', ( -0.573573697590592, -0.819153961982884, 0.000000000000000 ) );
#9373 = DIRECTION( '', ( 1.00000000000000, 0.000000000000000, 0.000000000000000 ) );
#9374 = CARTESIAN_POINT( '', ( 2.05000000001000, 2.68500000001000, 2.76000000001000 ) );
#9375 = DIRECTION( '', ( 0.000000000000000, 1.00000000000000, 0.000000000000000 ) );
#9376 = DIRECTION( '', ( 0.000000000000000, 0.000000000000000, 1.00000000000000 ) );
#9377 = DIRECTION( '', ( 0.000000000000000, 0.000000000000000, -1.00000000000000 ) );
#9378 = CARTESIAN_POINT( '', ( -2.05000000001000, 2.68500000001000, 2.76000000001000 ) );
#9379 = DIRECTION( '', ( 0.000000000000000, 1.00000000000000, -0.000000000000000 ) );
#9380 = DIRECTION( '', ( -1.00000000000000, 0.000000000000000, 0.000000000000000 ) );
#9381 = DIRECTION( '', ( 0.000000000000000, 0.573576436355627, 0.819152044285784 ) );
#9382 = DIRECTION( '', ( 1.00000000000000, 0.000000000000000, 0.000000000000000 ) );
#9383 = DIRECTION( '', ( 0.000000000000000, 0.573576436355627, 0.819152044285784 ) );
#9384 = DIRECTION( '', ( 1.00000000000000, 0.000000000000000, 0.000000000000000 ) );
#9385 = DIRECTION( '', ( 0.000000000000000, -1.00000000000000, 0.000000000000000 ) );
#9386 = DIRECTION( '', ( 0.000000000000000, 0.000000000000000, -1.00000000000000 ) );
#9387 = DIRECTION( '', ( 0.000000000000000, -1.00000000000000, 0.000000000000000 ) );
#9388 = DIRECTION( '', ( 2.76407483723255E-06, 0.000000000000000, -0.999999999996180 ) );
#9389 = DIRECTION( '', ( 0.000000000000000, 0.000000000000000, -1.00000000000000 ) );
#9390 = DIRECTION( '', ( 0.000000000000000, 1.00000000000000, 0.000000000000000 ) );
#9391 = DIRECTION( '', ( 0.000000000000000, 0.000000000000000, 1.00000000000000 ) );
#9392 = DIRECTION( '', ( 0.000000000000000, 1.00000000000000, 0.000000000000000 ) );
#9393 = DIRECTION( '', ( 0.000000000000000, -0.707106781186547, -0.707106781186547 ) );
#9394 = DIRECTION( '', ( 0.000000000000000, -1.00000000000000, 0.000000000000000 ) );
#9395 = DIRECTION( '', ( 0.000000000000000, 1.00000000000000, 0.000000000000000 ) );
#9396 = DIRECTION( '', ( 0.000000000000000, 0.991227900680444, 0.132163720107451 ) );
#9397 = CARTESIAN_POINT( '', ( 1.62500000001000, 0.475000000010000, 0.147551639679500 ) );
#9398 = DIRECTION( '', ( 1.00000000000000, -0.000000000000000, 0.000000000000000 ) );
#9399 = DIRECTION( '', ( 0.000000000000000, 0.132163720176158, -0.991227900671283 ) );
#9400 = DIRECTION( '', ( 0.000000000000000, 0.000000000000000, 1.00000000000000 ) );
#9401 = DIRECTION( '', ( 0.000000000000000, -1.00000000000000, 0.000000000000000 ) );
#9402 = DIRECTION( '', ( 1.00000000000000, 0.000000000000000, 0.000000000000000 ) );
#9403 = DIRECTION( '', ( 0.000000000000000, 0.000000000000000, -1.00000000000000 ) );
#9404 = DIRECTION( '', ( 1.00000000000000, 0.000000000000000, 0.000000000000000 ) );
#9405 = DIRECTION( '', ( 0.000000000000000, 0.000000000000000, -1.00000000000000 ) );
#9406 = DIRECTION( '', ( 1.00000000000000, 0.000000000000000, 0.000000000000000 ) );
#9407 = DIRECTION( '', ( 0.000000000000000, -0.991227900680444, 0.132163720107451 ) );
#9408 = DIRECTION( '', ( 1.00000000000000, 0.000000000000000, 0.000000000000000 ) );
#9409 = CARTESIAN_POINT( '', ( 0.000000000000000, -1.82500000001000, 2.46000000001000 ) );
#9410 = DIRECTION( '', ( -0.000000000000000, 1.00000000000000, 0.000000000000000 ) );
#9411 = DIRECTION( '', ( 1.00000000000000, 0.000000000000000, 0.000000000000000 ) );
#9412 = DIRECTION( '', ( 0.573575218046010, -0.819152897354012, 0.000000000000000 ) );
#9413 = CARTESIAN_POINT( '', ( 0.000000000000000, -1.57500246686900, 2.46000000001000 ) );
#9414 = DIRECTION( '', ( -0.000000000000000, 1.00000000000000, 0.000000000000000 ) );
#9415 = DIRECTION( '', ( 1.00000000000000, 0.000000000000000, 0.000000000000000 ) );
#9416 = DIRECTION( '', ( 1.00000000000000, 0.000000000000000, 0.000000000000000 ) );
#9417 = DIRECTION( '', ( 0.000000000000000, 0.707106781186498, 0.707106781186598 ) );
#9418 = DIRECTION( '', ( 1.00000000000000, 0.000000000000000, 0.000000000000000 ) );
#9419 = DIRECTION( '', ( 0.000000000000000, 0.707106781186498, 0.707106781186598 ) );
#9420 = DIRECTION( '', ( 0.000000000000000, 1.00000000000000, 0.000000000000000 ) );
#9421 = CARTESIAN_POINT( '', ( -0.375000000010000, 0.475000000010000, 0.147551639679500 ) );
#9422 = DIRECTION( '', ( 1.00000000000000, -0.000000000000000, 0.000000000000000 ) );
#9423 = DIRECTION( '', ( 0.000000000000000, 0.132163720176158, -0.991227900671283 ) );
#9424 = DIRECTION( '', ( 0.000000000000000, 0.000000000000000, 1.00000000000000 ) );
#9425 = CARTESIAN_POINT( '', ( -0.375000000010000, 0.475000000010000, 0.292448360340500 ) );
#9426 = DIRECTION( '', ( 1.00000000000000, 0.000000000000000, 0.000000000000000 ) );
#9427 = DIRECTION( '', ( 0.000000000000000, 1.00000000000000, 0.000000000000000 ) );
#9428 = DIRECTION( '', ( 0.000000000000000, -1.00000000000000, 0.000000000000000 ) );
#9429 = DIRECTION( '', ( 0.000000000000000, 1.00000000000000, 0.000000000000000 ) );
#9430 = DIRECTION( '', ( 1.00000000000000, 0.000000000000000, 0.000000000000000 ) );
#9431 = DIRECTION( '', ( 0.000000000000000, 1.00000000000000, 0.000000000000000 ) );
#9432 = DIRECTION( '', ( 1.00000000000000, 0.000000000000000, 0.000000000000000 ) );
#9433 = DIRECTION( '', ( 1.00000000000000, 0.000000000000000, 0.000000000000000 ) );
#9434 = DIRECTION( '', ( 0.000000000000000, 0.991227900680444, 0.132163720107451 ) );
#9435 = DIRECTION( '', ( 0.000000000000000, -1.00000000000000, 0.000000000000000 ) );
#9436 = DIRECTION( '', ( 0.000000000000000, -0.573576436356780, -0.819152044284977 ) );
#9437 = DIRECTION( '', ( 0.000000000000000, 0.000000000000000, -1.00000000000000 ) );
#9438 = DIRECTION( '', ( 0.000000000000000, 0.707106781186498, -0.707106781186598 ) );
#9439 = DIRECTION( '', ( 0.000000000000000, 1.00000000000000, 0.000000000000000 ) );
#9440 = DIRECTION( '', ( 0.000000000000000, 0.707106781186498, 0.707106781186598 ) );
#9441 = DIRECTION( '', ( 0.000000000000000, 0.573576436355627, 0.819152044285784 ) );
#9442 = DIRECTION( '', ( 0.000000000000000, 0.000000000000000, 1.00000000000000 ) );
#9443 = DIRECTION( '', ( 0.000000000000000, 0.000000000000000, -1.00000000000000 ) );
#9444 = DIRECTION( '', ( 0.000000000000000, -1.00000000000000, 0.000000000000000 ) );
#9445 = DIRECTION( '', ( 0.000000000000000, 0.000000000000000, -1.00000000000000 ) );
#9446 = DIRECTION( '', ( 0.000000000000000, -1.00000000000000, 0.000000000000000 ) );
#9447 = DIRECTION( '', ( 1.00000000000000, 0.000000000000000, 0.000000000000000 ) );
#9448 = DIRECTION( '', ( 0.000000000000000, -1.00000000000000, 0.000000000000000 ) );
#9449 = DIRECTION( '', ( 0.000000000000000, -1.00000000000000, 0.000000000000000 ) );
#9450 = DIRECTION( '', ( 0.000000000000000, -1.00000000000000, 0.000000000000000 ) );
#9451 = DIRECTION( '', ( 1.00000000000000, 0.000000000000000, 0.000000000000000 ) );
#9452 = DIRECTION( '', ( 0.000000000000000, 0.000000000000000, -1.00000000000000 ) );
#9453 = DIRECTION( '', ( 1.00000000000000, 0.000000000000000, 0.000000000000000 ) );
#9454 = DIRECTION( '', ( 0.000000000000000, 0.000000000000000, -1.00000000000000 ) );
#9455 = DIRECTION( '', ( 1.00000000000000, 0.000000000000000, 0.000000000000000 ) );
#9456 = DIRECTION( '', ( 1.00000000000000, 0.000000000000000, 0.000000000000000 ) );
#9457 = CARTESIAN_POINT( '', ( -1.37500000001000, 0.475000000010000, 0.147551639679500 ) );
#9458 = DIRECTION( '', ( 1.00000000000000, -0.000000000000000, 0.000000000000000 ) );
#9459 = DIRECTION( '', ( 0.000000000000000, 0.132163720176158, -0.991227900671283 ) );
#9460 = DIRECTION( '', ( 1.00000000000000, 0.000000000000000, 0.000000000000000 ) );
#9461 = CARTESIAN_POINT( '', ( -1.62500000001000, 0.475000000010000, 0.147551639679500 ) );
#9462 = DIRECTION( '', ( 1.00000000000000, -0.000000000000000, 0.000000000000000 ) );
#9463 = DIRECTION( '', ( 0.000000000000000, 0.132163720176158, -0.991227900671283 ) );
#9464 = DIRECTION( '', ( 0.000000000000000, 1.00000000000000, 0.000000000000000 ) );
#9465 = DIRECTION( '', ( 1.00000000000000, 0.000000000000000, 0.000000000000000 ) );
#9466 = DIRECTION( '', ( 0.000000000000000, 0.000000000000000, 1.00000000000000 ) );
#9467 = DIRECTION( '', ( 1.00000000000000, 0.000000000000000, 0.000000000000000 ) );
#9468 = DIRECTION( '', ( 0.000000000000000, 0.000000000000000, 1.00000000000000 ) );
#9469 = DIRECTION( '', ( 1.00000000000000, 0.000000000000000, 0.000000000000000 ) );
#9470 = DIRECTION( '', ( 0.000000000000000, -0.573576436356780, -0.819152044284977 ) );
#9471 = DIRECTION( '', ( 1.00000000000000, 0.000000000000000, 0.000000000000000 ) );
#9472 = DIRECTION( '', ( 1.00000000000000, 0.000000000000000, 0.000000000000000 ) );
#9473 = DIRECTION( '', ( 0.000000000000000, 0.707106781186498, -0.707106781186598 ) );
#9474 = DIRECTION( '', ( 0.000000000000000, 0.000000000000000, -1.00000000000000 ) );
#9475 = DIRECTION( '', ( 0.707106781186547, 0.707106781186547, 0.000000000000000 ) );
#9476 = DIRECTION( '', ( 0.000000000000000, 0.000000000000000, -1.00000000000000 ) );
#9477 = DIRECTION( '', ( 0.707106781186498, 0.707106781186598, 0.000000000000000 ) );
#9478 = DIRECTION( '', ( 0.000000000000000, 0.000000000000000, -1.00000000000000 ) );
#9479 = DIRECTION( '', ( 0.000000000000000, 0.000000000000000, -1.00000000000000 ) );
#9480 = DIRECTION( '', ( 0.000000000000000, 1.00000000000000, 0.000000000000000 ) );
#9481 = DIRECTION( '', ( 0.000000000000000, 0.000000000000000, -1.00000000000000 ) );
#9482 = DIRECTION( '', ( 0.000000000000000, -1.00000000000000, 0.000000000000000 ) );
#9483 = DIRECTION( '', ( 0.000000000000000, -1.00000000000000, 0.000000000000000 ) );
#9484 = DIRECTION( '', ( 1.00000000000000, 0.000000000000000, 0.000000000000000 ) );
#9485 = DIRECTION( '', ( 0.000000000000000, -1.00000000000000, 0.000000000000000 ) );
#9486 = DIRECTION( '', ( 1.00000000000000, 0.000000000000000, 0.000000000000000 ) );
#9487 = DIRECTION( '', ( 0.000000000000000, -0.991227900680444, 0.132163720107451 ) );
#9488 = CARTESIAN_POINT( '', ( 0.375000000010000, 0.475000000010000, 0.292448360340500 ) );
#9489 = DIRECTION( '', ( 1.00000000000000, 0.000000000000000, 0.000000000000000 ) );
#9490 = DIRECTION( '', ( 0.000000000000000, 1.00000000000000, 0.000000000000000 ) );
#9491 = CARTESIAN_POINT( '', ( 0.375000000010000, 0.475000000010000, 0.147551639679500 ) );
#9492 = DIRECTION( '', ( 1.00000000000000, -0.000000000000000, 0.000000000000000 ) );
#9493 = DIRECTION( '', ( 0.000000000000000, 0.132163720176158, -0.991227900671283 ) );
#9494 = DIRECTION( '', ( 0.000000000000000, 0.991227900680444, 0.132163720107451 ) );
#9495 = DIRECTION( '', ( 0.000000000000000, 1.00000000000000, 0.000000000000000 ) );
#9496 = DIRECTION( '', ( 0.000000000000000, 0.573576436355627, 0.819152044285784 ) );
#9497 = DIRECTION( '', ( 0.000000000000000, 0.707106781186498, 0.707106781186598 ) );
#9498 = DIRECTION( '', ( 0.000000000000000, 0.707106781186498, -0.707106781186598 ) );
#9499 = DIRECTION( '', ( 0.000000000000000, -0.573576436356780, -0.819152044284977 ) );
#9500 = DIRECTION( '', ( 0.000000000000000, 0.000000000000000, -1.00000000000000 ) );
#9501 = DIRECTION( '', ( 0.000000000000000, 0.000000000000000, -1.00000000000000 ) );
#9502 = DIRECTION( '', ( 1.00000000000000, 0.000000000000000, 0.000000000000000 ) );
#9503 = DIRECTION( '', ( -5.66447315677292E-06, -3.96572372097255E-06, -0.999999999976093 ) );
#9504 = DIRECTION( '', ( 0.000000000000000, 0.000000000000000, 1.00000000000000 ) );
#9505 = CARTESIAN_POINT( '', ( 2.35000000001000, -1.82500000001000, 1.59000000001000 ) );
#9506 = DIRECTION( '', ( 0.000000000000000, 1.00000000000000, 0.000000000000000 ) );
#9507 = DIRECTION( '', ( 0.000000000000000, 0.000000000000000, -1.00000000000000 ) );
#9508 = DIRECTION( '', ( 0.573576436357603, -0.819152044284401, 0.000000000000000 ) );
#9509 = DIRECTION( '', ( 0.573573697590591, -0.819153961982884, 0.000000000000000 ) );
#9510 = DIRECTION( '', ( -4.77526301224369E-06, -3.34292768020132E-06, -0.999999999983011 ) );
#9511 = DIRECTION( '', ( 0.000000000000000, 0.000000000000000, 1.00000000000000 ) );
#9512 = DIRECTION( '', ( 1.00000000000000, 0.000000000000000, 0.000000000000000 ) );
#9513 = DIRECTION( '', ( -0.577350269189626, -0.577350269189626, 0.577350269189626 ) );
#9514 = DIRECTION( '', ( 1.00000000000000, 0.000000000000000, 0.000000000000000 ) );
#9515 = DIRECTION( '', ( 0.000000000000000, 0.707106781186547, -0.707106781186547 ) );
#9516 = DIRECTION( '', ( 0.000000000000000, 0.000000000000000, -1.00000000000000 ) );
#9517 = DIRECTION( '', ( 0.000000000000000, -1.00000000000000, 0.000000000000000 ) );
#9518 = DIRECTION( '', ( 0.000000000000000, -0.707106781186547, -0.707106781186547 ) );
#9519 = DIRECTION( '', ( 1.00000000000000, 0.000000000000000, 0.000000000000000 ) );
#9520 = DIRECTION( '', ( 0.000000000000000, 1.00000000000000, 0.000000000000000 ) );
#9521 = DIRECTION( '', ( 1.00000000000000, 0.000000000000000, 0.000000000000000 ) );
#9522 = DIRECTION( '', ( 0.000000000000000, 1.00000000000000, 0.000000000000000 ) );
#9523 = DIRECTION( '', ( 0.000000000000000, -1.00000000000000, 0.000000000000000 ) );
#9524 = DIRECTION( '', ( 0.000000000000000, 0.000000000000000, -1.00000000000000 ) );
#9525 = DIRECTION( '', ( 0.000000000000000, 0.000000000000000, -1.00000000000000 ) );
#9526 = DIRECTION( '', ( 0.000000000000000, 1.00000000000000, 0.000000000000000 ) );
#9527 = DIRECTION( '', ( 0.000000000000000, -0.713684088491383, -0.700467716482512 ) );
#9528 = DIRECTION( '', ( 0.000000000000000, -1.00000000000000, 0.000000000000000 ) );
#9529 = DIRECTION( '', ( 0.000000000000000, -0.707106781186547, -0.707106781186547 ) );
#9530 = DIRECTION( '', ( 0.000000000000000, -1.00000000000000, 0.000000000000000 ) );
#9531 = DIRECTION( '', ( 0.000000000000000, 0.000000000000000, -1.00000000000000 ) );
#9532 = DIRECTION( '', ( 1.00000000000000, 0.000000000000000, 0.000000000000000 ) );
#9533 = DIRECTION( '', ( 0.000000000000000, 1.00000000000000, 0.000000000000000 ) );
#9534 = DIRECTION( '', ( 0.000000000000000, -1.00000000000000, 0.000000000000000 ) );
#9535 = DIRECTION( '', ( -1.00000000000000, 0.000000000000000, 0.000000000000000 ) );
#9536 = DIRECTION( '', ( -0.707106781186598, -0.707106781186498, 0.000000000000000 ) );
#9537 = DIRECTION( '', ( 0.000000000000000, -1.00000000000000, 0.000000000000000 ) );
#9538 = DIRECTION( '', ( 1.00000000000000, 0.000000000000000, 0.000000000000000 ) );
#9539 = DIRECTION( '', ( 0.000000000000000, 1.00000000000000, 0.000000000000000 ) );
#9540 = DIRECTION( '', ( -1.00000000000000, 0.000000000000000, 0.000000000000000 ) );
#9541 = DIRECTION( '', ( 1.00000000000000, 0.000000000000000, 0.000000000000000 ) );
#9542 = DIRECTION( '', ( 0.000000000000000, 1.00000000000000, 0.000000000000000 ) );
#9543 = DIRECTION( '', ( -1.00000000000000, 0.000000000000000, 0.000000000000000 ) );
#9544 = DIRECTION( '', ( 0.000000000000000, 1.00000000000000, 0.000000000000000 ) );
#9545 = DIRECTION( '', ( 0.000000000000000, 0.000000000000000, -1.00000000000000 ) );
#9546 = DIRECTION( '', ( 0.000000000000000, 1.00000000000000, 0.000000000000000 ) );
#9547 = DIRECTION( '', ( 0.000000000000000, 0.000000000000000, -1.00000000000000 ) );
#9548 = DIRECTION( '', ( 0.000000000000000, 0.573576436355627, 0.819152044285784 ) );
#9549 = DIRECTION( '', ( 1.00000000000000, 0.000000000000000, 0.000000000000000 ) );
#9550 = DIRECTION( '', ( 0.000000000000000, 0.573576436355627, 0.819152044285784 ) );
#9551 = DIRECTION( '', ( 1.00000000000000, 0.000000000000000, 0.000000000000000 ) );
#9552 = DIRECTION( '', ( 0.000000000000000, -0.991227900680444, 0.132163720107451 ) );
#9553 = DIRECTION( '', ( 1.00000000000000, 0.000000000000000, 0.000000000000000 ) );
#9554 = DIRECTION( '', ( 0.000000000000000, 0.000000000000000, 1.00000000000000 ) );
#9555 = DIRECTION( '', ( -0.707106781186547, -0.707106781186547, 0.000000000000000 ) );
#9556 = DIRECTION( '', ( 0.577350269189626, 0.577350269189626, 0.577350269189626 ) );
#9557 = DIRECTION( '', ( 0.577350269189626, -0.577350269189626, 0.577350269189626 ) );
#9558 = DIRECTION( '', ( 0.000000000000000, -1.00000000000000, 0.000000000000000 ) );
#9559 = DIRECTION( '', ( 0.000000000000000, 1.00000000000000, 0.000000000000000 ) );
#9560 = DIRECTION( '', ( -1.00000000000000, 0.000000000000000, 0.000000000000000 ) );
#9561 = DIRECTION( '', ( 0.000000000000000, -1.00000000000000, 0.000000000000000 ) );
#9562 = DIRECTION( '', ( 1.00000000000000, 0.000000000000000, 0.000000000000000 ) );
#9563 = DIRECTION( '', ( 0.000000000000000, 0.000000000000000, 1.00000000000000 ) );
#9564 = DIRECTION( '', ( 1.00000000000000, 0.000000000000000, 0.000000000000000 ) );
#9565 = DIRECTION( '', ( 0.000000000000000, -2.76357285605961E-06, -0.999999999996181 ) );
#9566 = CARTESIAN_POINT( '', ( 2.60000000001000, 2.07500000001000, 1.31000181038600 ) );
#9567 = DIRECTION( '', ( -0.000000000000000, 0.000000000000000, 1.00000000000000 ) );
#9568 = DIRECTION( '', ( 0.000000000000000, -1.00000000000000, 0.000000000000000 ) );
#9569 = DIRECTION( '', ( 1.00000000000000, 0.000000000000000, 0.000000000000000 ) );
#9570 = DIRECTION( '', ( -1.00000000000000, 0.000000000000000, 0.000000000000000 ) );
#9571 = DIRECTION( '', ( 1.00000000000000, 0.000000000000000, 0.000000000000000 ) );
#9572 = DIRECTION( '', ( 0.000000000000000, 0.000000000000000, -1.00000000000000 ) );
#9573 = DIRECTION( '', ( 0.000000000000000, 0.000000000000000, -1.00000000000000 ) );
#9574 = DIRECTION( '', ( 1.00000000000000, 0.000000000000000, 0.000000000000000 ) );
#9575 = CARTESIAN_POINT( '', ( -2.37500000001000, 0.475000000010000, 0.292448360340500 ) );
#9576 = DIRECTION( '', ( 1.00000000000000, 0.000000000000000, 0.000000000000000 ) );
#9577 = DIRECTION( '', ( 0.000000000000000, 1.00000000000000, 0.000000000000000 ) );
#9578 = DIRECTION( '', ( 0.000000000000000, 0.707106781186547, -0.707106781186547 ) );
#9579 = DIRECTION( '', ( 0.000000000000000, 0.000000000000000, -1.00000000000000 ) );
#9580 = DIRECTION( '', ( 0.000000000000000, -1.00000000000000, 0.000000000000000 ) );
#9581 = DIRECTION( '', ( 0.000000000000000, -0.707106781186547, -0.707106781186547 ) );
#9582 = DIRECTION( '', ( -1.00000000000000, 0.000000000000000, 0.000000000000000 ) );
#9583 = DIRECTION( '', ( 0.000000000000000, -1.00000000000000, 0.000000000000000 ) );
#9584 = DIRECTION( '', ( -1.00000000000000, 0.000000000000000, 0.000000000000000 ) );
#9585 = DIRECTION( '', ( -0.707106781186547, 0.000000000000000, -0.707106781186547 ) );
#9586 = DIRECTION( '', ( 0.000000000000000, 1.00000000000000, 0.000000000000000 ) );
#9587 = DIRECTION( '', ( -0.577350269189626, 0.577350269189626, 0.577350269189626 ) );
#9588 = DIRECTION( '', ( -0.707106781186547, 0.000000000000000, 0.707106781186547 ) );
#9589 = DIRECTION( '', ( 0.000000000000000, -1.00000000000000, 0.000000000000000 ) );
#9590 = DIRECTION( '', ( 0.000000000000000, -1.00000000000000, 0.000000000000000 ) );
#9591 = DIRECTION( '', ( 1.00000000000000, 0.000000000000000, 0.000000000000000 ) );
#9592 = DIRECTION( '', ( 1.00000000000000, 0.000000000000000, 0.000000000000000 ) );
#9593 = DIRECTION( '', ( 0.000000000000000, 0.707106781186498, 0.707106781186598 ) );
#9594 = DIRECTION( '', ( 1.00000000000000, 0.000000000000000, 0.000000000000000 ) );
#9595 = DIRECTION( '', ( 0.000000000000000, 0.707106781186498, 0.707106781186598 ) );
#9596 = CARTESIAN_POINT( '', ( -2.37500000001000, 0.475000000010000, 0.147551639679500 ) );
#9597 = DIRECTION( '', ( 1.00000000000000, -0.000000000000000, 0.000000000000000 ) );
#9598 = DIRECTION( '', ( 0.000000000000000, 0.132163720176158, -0.991227900671283 ) );
#9599 = DIRECTION( '', ( 1.00000000000000, 0.000000000000000, 0.000000000000000 ) );
#9600 = DIRECTION( '', ( 0.000000000000000, 0.000000000000000, 1.00000000000000 ) );
#9601 = DIRECTION( '', ( 0.000000000000000, 1.00000000000000, 0.000000000000000 ) );
#9602 = DIRECTION( '', ( 1.00000000000000, 0.000000000000000, 0.000000000000000 ) );
#9603 = DIRECTION( '', ( 0.000000000000000, -0.707106781186547, -0.707106781186547 ) );
#9604 = DIRECTION( '', ( 0.000000000000000, 0.000000000000000, -1.00000000000000 ) );
#9605 = DIRECTION( '', ( 0.000000000000000, 0.707106781186547, -0.707106781186547 ) );
#9606 = DIRECTION( '', ( 0.000000000000000, 0.000000000000000, -1.00000000000000 ) );
#9607 = DIRECTION( '', ( 1.00000000000000, 0.000000000000000, 0.000000000000000 ) );
#9608 = DIRECTION( '', ( 0.000000000000000, 0.573576436355627, 0.819152044285784 ) );
#9609 = DIRECTION( '', ( 1.00000000000000, 0.000000000000000, 0.000000000000000 ) );
#9610 = DIRECTION( '', ( 1.00000000000000, 0.000000000000000, 0.000000000000000 ) );
#9611 = DIRECTION( '', ( 0.000000000000000, 0.707106781186498, -0.707106781186598 ) );
#9612 = DIRECTION( '', ( 0.000000000000000, -0.707106781186547, -0.707106781186547 ) );
#9613 = DIRECTION( '', ( 0.000000000000000, -1.00000000000000, 0.000000000000000 ) );
#9614 = DIRECTION( '', ( 0.000000000000000, 0.000000000000000, -1.00000000000000 ) );
#9615 = DIRECTION( '', ( 0.000000000000000, 0.707106781186547, -0.707106781186547 ) );
#9616 = DIRECTION( '', ( 0.000000000000000, 0.991227900680444, 0.132163720107451 ) );
#9617 = DIRECTION( '', ( 1.00000000000000, 0.000000000000000, 0.000000000000000 ) );
#9618 = DIRECTION( '', ( 0.000000000000000, 0.000000000000000, 1.00000000000000 ) );
#9619 = DIRECTION( '', ( 0.000000000000000, 0.000000000000000, 1.00000000000000 ) );
#9620 = DIRECTION( '', ( 0.000000000000000, 0.707106781186498, 0.707106781186598 ) );
#9621 = CARTESIAN_POINT( '', ( 2.35000000001000, 1.87500000001000, 1.59000000001000 ) );
#9622 = DIRECTION( '', ( -0.000000000000000, -1.00000000000000, -0.000000000000000 ) );
#9623 = DIRECTION( '', ( -1.00000000000000, 0.000000000000000, 0.000000000000000 ) );
#9624 = DIRECTION( '', ( -0.577350269189626, 0.577350269189626, 0.577350269189626 ) );
#9625 = DIRECTION( '', ( 0.000000000000000, 0.707109908831180, 0.707103653528081 ) );
#9626 = DIRECTION( '', ( 1.00000000000000, 0.000000000000000, 0.000000000000000 ) );
#9627 = DIRECTION( '', ( -0.707106781186547, 0.000000000000000, -0.707106781186547 ) );
#9628 = DIRECTION( '', ( 0.000000000000000, 1.00000000000000, 0.000000000000000 ) );
#9629 = DIRECTION( '', ( 0.000000000000000, -1.00000000000000, 0.000000000000000 ) );
#9630 = DIRECTION( '', ( 1.00000000000000, 0.000000000000000, 0.000000000000000 ) );
#9631 = DIRECTION( '', ( 0.000000000000000, -1.00000000000000, 0.000000000000000 ) );
#9632 = DIRECTION( '', ( 1.00000000000000, 0.000000000000000, 0.000000000000000 ) );
#9633 = DIRECTION( '', ( 0.000000000000000, 0.000000000000000, 1.00000000000000 ) );
#9634 = DIRECTION( '', ( 1.00000000000000, 0.000000000000000, 0.000000000000000 ) );
#9635 = DIRECTION( '', ( 0.000000000000000, -1.00000000000000, 0.000000000000000 ) );
#9636 = DIRECTION( '', ( -0.707106781186598, -0.707106781186498, 0.000000000000000 ) );
#9637 = DIRECTION( '', ( -1.00000000000000, 0.000000000000000, 0.000000000000000 ) );
#9638 = DIRECTION( '', ( 0.000000000000000, -1.00000000000000, 0.000000000000000 ) );
#9639 = DIRECTION( '', ( -1.00000000000000, 0.000000000000000, 0.000000000000000 ) );
#9640 = DIRECTION( '', ( 1.00000000000000, 0.000000000000000, 0.000000000000000 ) );
#9641 = DIRECTION( '', ( 0.000000000000000, 0.000000000000000, 1.00000000000000 ) );
#9642 = DIRECTION( '', ( 1.00000000000000, 0.000000000000000, 0.000000000000000 ) );
#9643 = DIRECTION( '', ( 0.000000000000000, 0.573576436355627, 0.819152044285784 ) );
#9644 = DIRECTION( '', ( 1.00000000000000, 0.000000000000000, 0.000000000000000 ) );
#9645 = DIRECTION( '', ( -1.00000000000000, 0.000000000000000, 0.000000000000000 ) );
#9646 = DIRECTION( '', ( -0.707106781186598, 0.707106781186498, 0.000000000000000 ) );
#9647 = DIRECTION( '', ( 0.000000000000000, -1.00000000000000, 0.000000000000000 ) );
#9648 = DIRECTION( '', ( 1.00000000000000, 0.000000000000000, 0.000000000000000 ) );
#9649 = CARTESIAN_POINT( '', ( 3.72000000001000, -2.52500000001000, 0.290000000010000 ) );
#9650 = DIRECTION( '', ( 0.000000000000000, 0.000000000000000, 1.00000000000000 ) );
#9651 = DIRECTION( '', ( -1.00000000000000, 0.000000000000000, 0.000000000000000 ) );
#9652 = DIRECTION( '', ( 0.000000000000000, 0.000000000000000, -1.00000000000000 ) );
#9653 = DIRECTION( '', ( -1.00000000000000, 0.000000000000000, 0.000000000000000 ) );
#9654 = DIRECTION( '', ( -1.00000000000000, 0.000000000000000, 0.000000000000000 ) );
#9655 = DIRECTION( '', ( 0.000000000000000, 0.000000000000000, -1.00000000000000 ) );
#9656 = DIRECTION( '', ( -1.00000000000000, 0.000000000000000, 0.000000000000000 ) );
#9657 = DIRECTION( '', ( 0.000000000000000, 0.000000000000000, 1.00000000000000 ) );
#9658 = DIRECTION( '', ( 0.000000000000000, 0.707106781186498, 0.707106781186598 ) );
#9659 = DIRECTION( '', ( 0.000000000000000, 0.707106781186498, -0.707106781186598 ) );
#9660 = DIRECTION( '', ( 0.000000000000000, -0.573576436356780, -0.819152044284977 ) );
#9661 = DIRECTION( '', ( 0.000000000000000, 0.000000000000000, -1.00000000000000 ) );
#9662 = DIRECTION( '', ( 0.000000000000000, -0.991227900680444, 0.132163720107451 ) );
#9663 = DIRECTION( '', ( 0.000000000000000, -1.00000000000000, 0.000000000000000 ) );
#9664 = DIRECTION( '', ( -0.573719419537767, -0.819051907784389, 0.000000000000000 ) );
#9665 = DIRECTION( '', ( 1.00000000000000, 0.000000000000000, 0.000000000000000 ) );
#9666 = DIRECTION( '', ( -1.00000000000000, 0.000000000000000, 0.000000000000000 ) );
#9667 = DIRECTION( '', ( 1.00000000000000, 0.000000000000000, 0.000000000000000 ) );
#9668 = DIRECTION( '', ( -0.573719419537767, 0.819051907784389, 0.000000000000000 ) );
#9669 = CARTESIAN_POINT( '', ( -0.650000000010000, 0.425000000010000, 2.56000000001000 ) );
#9670 = DIRECTION( '', ( 0.000000000000000, 0.000000000000000, 1.00000000000000 ) );
#9671 = DIRECTION( '', ( -1.00000000000000, 0.000000000000000, 0.000000000000000 ) );
#9672 = CARTESIAN_POINT( '', ( 0.650000000010000, 0.425000000010000, 2.56000000001000 ) );
#9673 = DIRECTION( '', ( -0.000000000000000, 0.000000000000000, 1.00000000000000 ) );
#9674 = DIRECTION( '', ( 0.000000000000000, -1.00000000000000, 0.000000000000000 ) );
#9675 = DIRECTION( '', ( 0.000000000000000, 1.00000000000000, 0.000000000000000 ) );
#9676 = CARTESIAN_POINT( '', ( 0.800000000010000, 1.47500000001000, 2.56000000001000 ) );
#9677 = DIRECTION( '', ( 0.000000000000000, 0.000000000000000, 1.00000000000000 ) );
#9678 = DIRECTION( '', ( 1.00000000000000, 0.000000000000000, 0.000000000000000 ) );
#9679 = DIRECTION( '', ( 0.000000000000000, 0.000000000000000, -1.00000000000000 ) );
#9680 = DIRECTION( '', ( 0.000000000000000, 0.000000000000000, -1.00000000000000 ) );
#9681 = DIRECTION( '', ( 0.000000000000000, 0.707106781186498, -0.707106781186598 ) );
#9682 = DIRECTION( '', ( 0.000000000000000, 1.00000000000000, 0.000000000000000 ) );
#9683 = DIRECTION( '', ( 0.000000000000000, 0.573576436355627, 0.819152044285784 ) );
#9684 = DIRECTION( '', ( 0.000000000000000, 0.000000000000000, 1.00000000000000 ) );
#9685 = DIRECTION( '', ( 0.000000000000000, 0.000000000000000, -1.00000000000000 ) );
#9686 = DIRECTION( '', ( 0.000000000000000, 0.000000000000000, -1.00000000000000 ) );
#9687 = DIRECTION( '', ( 0.000000000000000, 0.000000000000000, -1.00000000000000 ) );
#9688 = DIRECTION( '', ( -1.00000000000000, 0.000000000000000, 0.000000000000000 ) );
#9689 = DIRECTION( '', ( -1.00000000000000, 0.000000000000000, 0.000000000000000 ) );
#9690 = DIRECTION( '', ( 0.000000000000000, -1.00000000000000, 0.000000000000000 ) );
#9691 = DIRECTION( '', ( 1.00000000000000, 0.000000000000000, 0.000000000000000 ) );
#9692 = DIRECTION( '', ( 0.000000000000000, 0.573576436355627, 0.819152044285784 ) );
#9693 = DIRECTION( '', ( 1.00000000000000, 0.000000000000000, 0.000000000000000 ) );
#9694 = DIRECTION( '', ( 0.000000000000000, 0.000000000000000, -1.00000000000000 ) );
#9695 = DIRECTION( '', ( 0.000000000000000, -0.573576436356780, -0.819152044284977 ) );
#9696 = DIRECTION( '', ( 1.00000000000000, 0.000000000000000, 0.000000000000000 ) );
#9697 = DIRECTION( '', ( 0.000000000000000, -0.991227900680444, 0.132163720107451 ) );
#9698 = DIRECTION( '', ( -1.00000000000000, 0.000000000000000, 0.000000000000000 ) );
#9699 = DIRECTION( '', ( 0.000000000000000, 0.000000000000000, -1.00000000000000 ) );
#9700 = DIRECTION( '', ( -1.00000000000000, 0.000000000000000, 0.000000000000000 ) );
#9701 = DIRECTION( '', ( 1.00000000000000, 0.000000000000000, 0.000000000000000 ) );
#9702 = DIRECTION( '', ( 0.000000000000000, 0.000000000000000, -1.00000000000000 ) );
#9703 = DIRECTION( '', ( -1.00000000000000, 0.000000000000000, 0.000000000000000 ) );
#9704 = DIRECTION( '', ( 1.00000000000000, 0.000000000000000, 0.000000000000000 ) );
#9705 = DIRECTION( '', ( 0.000000000000000, 1.00000000000000, 0.000000000000000 ) );
#9706 = DIRECTION( '', ( 0.000000000000000, 0.000000000000000, -1.00000000000000 ) );
#9707 = DIRECTION( '', ( 0.000000000000000, 1.00000000000000, 0.000000000000000 ) );
#9708 = DIRECTION( '', ( 0.000000000000000, 1.00000000000000, 0.000000000000000 ) );
#9709 = DIRECTION( '', ( 1.00000000000000, 0.000000000000000, 0.000000000000000 ) );
#9710 = DIRECTION( '', ( 0.000000000000000, 0.000000000000000, -1.00000000000000 ) );
#9711 = DIRECTION( '', ( 1.00000000000000, 0.000000000000000, 0.000000000000000 ) );
#9712 = DIRECTION( '', ( 0.000000000000000, 0.707106781186498, -0.707106781186598 ) );
#9713 = DIRECTION( '', ( 0.000000000000000, 1.00000000000000, 0.000000000000000 ) );
#9714 = DIRECTION( '', ( 0.000000000000000, 0.000000000000000, -1.00000000000000 ) );
#9715 = CARTESIAN_POINT( '', ( -0.650000000010000, 0.425000000010000, 2.96000000001000 ) );
#9716 = DIRECTION( '', ( 0.000000000000000, 0.000000000000000, 1.00000000000000 ) );
#9717 = DIRECTION( '', ( -1.00000000000000, 0.000000000000000, 0.000000000000000 ) );
#9718 = DIRECTION( '', ( 0.000000000000000, 0.000000000000000, -1.00000000000000 ) );
#9719 = DIRECTION( '', ( 0.000000000000000, 0.000000000000000, -1.00000000000000 ) );
#9720 = DIRECTION( '', ( 0.000000000000000, 1.00000000000000, 0.000000000000000 ) );
#9721 = DIRECTION( '', ( 1.00000000000000, 0.000000000000000, 0.000000000000000 ) );
#9722 = DIRECTION( '', ( 1.00000000000000, 0.000000000000000, 0.000000000000000 ) );
#9723 = DIRECTION( '', ( 0.573576436383968, -0.819152044265940, 0.000000000000000 ) );
#9724 = DIRECTION( '', ( 1.00000000000000, 0.000000000000000, 0.000000000000000 ) );
#9725 = DIRECTION( '', ( 0.000000000000000, -1.00000000000000, 0.000000000000000 ) );
#9726 = CARTESIAN_POINT( '', ( 0.800000000010000, 1.47500000001000, 2.96000000001000 ) );
#9727 = DIRECTION( '', ( 0.000000000000000, 0.000000000000000, 1.00000000000000 ) );
#9728 = DIRECTION( '', ( 1.00000000000000, 0.000000000000000, 0.000000000000000 ) );
#9729 = CARTESIAN_POINT( '', ( 0.650000000010000, 0.425000000010000, 2.96000000001000 ) );
#9730 = DIRECTION( '', ( -0.000000000000000, 0.000000000000000, 1.00000000000000 ) );
#9731 = DIRECTION( '', ( 0.000000000000000, -1.00000000000000, 0.000000000000000 ) );
#9732 = DIRECTION( '', ( 0.000000000000000, 1.00000000000000, 0.000000000000000 ) );
#9733 = DIRECTION( '', ( 0.577350269189626, 0.577350269189626, -0.577350269189626 ) );
#9734 = DIRECTION( '', ( 0.577350269189626, -0.577350269189626, -0.577350269189626 ) );
#9735 = DIRECTION( '', ( 0.000000000000000, -1.00000000000000, 0.000000000000000 ) );
#9736 = DIRECTION( '', ( 0.000000000000000, 0.991227900680444, 0.132163720107451 ) );
#9737 = CARTESIAN_POINT( '', ( 0.625000000010000, 0.475000000010000, 0.147551639679500 ) );
#9738 = DIRECTION( '', ( 1.00000000000000, -0.000000000000000, 0.000000000000000 ) );
#9739 = DIRECTION( '', ( 0.000000000000000, 0.132163720176158, -0.991227900671283 ) );
#9740 = CARTESIAN_POINT( '', ( 0.625000000010000, 0.475000000010000, 0.292448360340500 ) );
#9741 = DIRECTION( '', ( 1.00000000000000, 0.000000000000000, 0.000000000000000 ) );
#9742 = DIRECTION( '', ( 0.000000000000000, 1.00000000000000, 0.000000000000000 ) );
#9743 = DIRECTION( '', ( 1.00000000000000, 0.000000000000000, 0.000000000000000 ) );
#9744 = DIRECTION( '', ( 1.00000000000000, 0.000000000000000, 0.000000000000000 ) );
#9745 = CARTESIAN_POINT( '', ( -1.37500000001000, 0.475000000010000, 0.292448360340500 ) );
#9746 = DIRECTION( '', ( 1.00000000000000, 0.000000000000000, 0.000000000000000 ) );
#9747 = DIRECTION( '', ( 0.000000000000000, 1.00000000000000, 0.000000000000000 ) );
#9748 = DIRECTION( '', ( 1.00000000000000, 0.000000000000000, 0.000000000000000 ) );
#9749 = CARTESIAN_POINT( '', ( -1.62500000001000, 0.475000000010000, 0.292448360340500 ) );
#9750 = DIRECTION( '', ( 1.00000000000000, 0.000000000000000, 0.000000000000000 ) );
#9751 = DIRECTION( '', ( 0.000000000000000, 1.00000000000000, 0.000000000000000 ) );
#9752 = DIRECTION( '', ( 0.000000000000000, 0.707106781186547, -0.707106781186547 ) );
#9753 = DIRECTION( '', ( 0.000000000000000, 0.000000000000000, -1.00000000000000 ) );
#9754 = DIRECTION( '', ( 0.000000000000000, -0.707106781186547, -0.707106781186547 ) );
#9755 = DIRECTION( '', ( 0.000000000000000, 0.000000000000000, -1.00000000000000 ) );
#9756 = DIRECTION( '', ( 1.00000000000000, 0.000000000000000, 0.000000000000000 ) );
#9757 = DIRECTION( '', ( 0.000000000000000, 0.707106781186498, -0.707106781186598 ) );
#9758 = DIRECTION( '', ( 0.000000000000000, 0.707106781186498, -0.707106781186598 ) );
#9759 = DIRECTION( '', ( 0.000000000000000, 0.000000000000000, -1.00000000000000 ) );
#9760 = DIRECTION( '', ( -0.707106781186598, 0.707106781186498, 0.000000000000000 ) );
#9761 = DIRECTION( '', ( 1.00000000000000, 0.000000000000000, 0.000000000000000 ) );
#9762 = DIRECTION( '', ( 0.000000000000000, 0.000000000000000, -1.00000000000000 ) );
#9763 = DIRECTION( '', ( 0.000000000000000, 1.00000000000000, 0.000000000000000 ) );
#9764 = DIRECTION( '', ( 0.000000000000000, 0.707106781186547, -0.707106781186547 ) );
#9765 = DIRECTION( '', ( 1.00000000000000, 0.000000000000000, 0.000000000000000 ) );
#9766 = DIRECTION( '', ( 0.000000000000000, 0.707106781186498, 0.707106781186598 ) );
#9767 = DIRECTION( '', ( 0.000000000000000, 0.000000000000000, -1.00000000000000 ) );
#9768 = DIRECTION( '', ( 0.000000000000000, 0.573576436355627, 0.819152044285784 ) );
#9769 = DIRECTION( '', ( 0.000000000000000, 1.00000000000000, 0.000000000000000 ) );
#9770 = DIRECTION( '', ( 0.000000000000000, 0.707106781186498, -0.707106781186598 ) );
#9771 = DIRECTION( '', ( 0.000000000000000, 0.000000000000000, -1.00000000000000 ) );
#9772 = DIRECTION( '', ( 1.00000000000000, 0.000000000000000, 0.000000000000000 ) );
#9773 = DIRECTION( '', ( 0.000000000000000, 0.707106781186498, 0.707106781186598 ) );
#9774 = DIRECTION( '', ( 0.000000000000000, 0.000000000000000, 1.00000000000000 ) );
#9775 = CARTESIAN_POINT( '', ( -3.80000000001000, -2.12500000001000, -1.31000000001000 ) );
#9776 = DIRECTION( '', ( 0.000000000000000, 1.00000000000000, 0.000000000000000 ) );
#9777 = DIRECTION( '', ( 0.000000000000000, 0.000000000000000, -1.00000000000000 ) );
#9778 = DIRECTION( '', ( 0.000000000000000, 0.000000000000000, 1.00000000000000 ) );
#9779 = DIRECTION( '', ( 1.00000000000000, 0.000000000000000, 0.000000000000000 ) );
#9780 = DIRECTION( '', ( 1.00000000000000, 0.000000000000000, 0.000000000000000 ) );
#9781 = DIRECTION( '', ( 0.000000000000000, 0.000000000000000, -1.00000000000000 ) );
#9782 = DIRECTION( '', ( 1.00000000000000, 0.000000000000000, 0.000000000000000 ) );
#9783 = DIRECTION( '', ( 0.000000000000000, 0.000000000000000, -1.00000000000000 ) );
#9784 = DIRECTION( '', ( 0.000000000000000, 0.000000000000000, -1.00000000000000 ) );
#9785 = DIRECTION( '', ( 1.00000000000000, 0.000000000000000, 0.000000000000000 ) );
#9786 = DIRECTION( '', ( 0.000000000000000, 0.000000000000000, -1.00000000000000 ) );
#9787 = DIRECTION( '', ( 1.00000000000000, 0.000000000000000, 0.000000000000000 ) );
#9788 = DIRECTION( '', ( 0.000000000000000, 0.000000000000000, -1.00000000000000 ) );
#9789 = DIRECTION( '', ( 0.000000000000000, 0.000000000000000, 1.00000000000000 ) );
#9790 = DIRECTION( '', ( 0.000000000000000, 0.000000000000000, 1.00000000000000 ) );
#9791 = DIRECTION( '', ( 0.000000000000000, 0.000000000000000, -1.00000000000000 ) );
#9792 = DIRECTION( '', ( 0.000000000000000, 0.000000000000000, 1.00000000000000 ) );
#9793 = DIRECTION( '', ( 0.000000000000000, 0.000000000000000, -1.00000000000000 ) );
#9794 = DIRECTION( '', ( 1.00000000000000, 0.000000000000000, 0.000000000000000 ) );
#9795 = DIRECTION( '', ( 0.000000000000000, 1.00000000000000, 0.000000000000000 ) );
#9796 = DIRECTION( '', ( 0.000000000000000, 0.000000000000000, 1.00000000000000 ) );
#9797 = DIRECTION( '', ( 0.000000000000000, -0.707106781186547, -0.707106781186547 ) );
#9798 = DIRECTION( '', ( 0.000000000000000, -1.00000000000000, 0.000000000000000 ) );
#9799 = DIRECTION( '', ( 0.000000000000000, 0.707106781186547, -0.707106781186547 ) );
#9800 = DIRECTION( '', ( 1.00000000000000, 0.000000000000000, 0.000000000000000 ) );
#9801 = DIRECTION( '', ( -0.707109908831180, 0.000000000000000, 0.707103653528081 ) );
#9802 = DIRECTION( '', ( -0.707106413527202, 0.000000000000000, 0.707107148845702 ) );
#9803 = DIRECTION( '', ( -2.73633816044214E-06, 0.999999999992510, -2.73729718733611E-06 ) );
#9804 = DIRECTION( '', ( 0.000000000000000, 0.707106781186547, -0.707106781186547 ) );
#9805 = DIRECTION( '', ( 0.000000000000000, -1.00000000000000, 0.000000000000000 ) );
#9806 = DIRECTION( '', ( 0.000000000000000, -0.707106781186547, -0.707106781186547 ) );
#9807 = DIRECTION( '', ( 0.000000000000000, 0.000000000000000, -1.00000000000000 ) );
#9808 = CARTESIAN_POINT( '', ( 1.37500000001000, 0.475000000010000, 0.147551639679500 ) );
#9809 = DIRECTION( '', ( 1.00000000000000, -0.000000000000000, 0.000000000000000 ) );
#9810 = DIRECTION( '', ( 0.000000000000000, 0.132163720176158, -0.991227900671283 ) );
#9811 = DIRECTION( '', ( 0.000000000000000, -0.707106781186547, 0.707106781186547 ) );
#9812 = DIRECTION( '', ( 0.000000000000000, 0.000000000000000, -1.00000000000000 ) );
#9813 = CARTESIAN_POINT( '', ( -3.00000000001000, 2.48500000001000, 1.31000093592000 ) );
#9814 = DIRECTION( '', ( 0.000000000000000, 0.000000000000000, -1.00000000000000 ) );
#9815 = DIRECTION( '', ( 0.000000000000000, 1.00000000000000, 0.000000000000000 ) );
#9816 = DIRECTION( '', ( 0.000000000000000, 1.00000000000000, 0.000000000000000 ) );
#9817 = DIRECTION( '', ( 0.000000000000000, 0.000000000000000, 1.00000000000000 ) );
#9818 = DIRECTION( '', ( 0.000000000000000, 0.000000000000000, -1.00000000000000 ) );
#9819 = DIRECTION( '', ( 0.000000000000000, 0.000000000000000, 1.00000000000000 ) );
#9820 = DIRECTION( '', ( 0.000000000000000, 1.00000000000000, 0.000000000000000 ) );
#9821 = DIRECTION( '', ( 0.000000000000000, 0.707106781186547, -0.707106781186547 ) );
#9822 = DIRECTION( '', ( 0.000000000000000, 0.991227900680444, 0.132163720107451 ) );
#9823 = DIRECTION( '', ( 0.000000000000000, 0.991227900680444, 0.132163720107451 ) );
#9824 = DIRECTION( '', ( 1.00000000000000, 0.000000000000000, 0.000000000000000 ) );
#9825 = DIRECTION( '', ( 0.000000000000000, 1.00000000000000, 0.000000000000000 ) );
#9826 = DIRECTION( '', ( 0.000000000000000, 0.000000000000000, 1.00000000000000 ) );
#9827 = DIRECTION( '', ( 0.000000000000000, 0.000000000000000, 1.00000000000000 ) );
#9828 = DIRECTION( '', ( 1.00000000000000, 0.000000000000000, 0.000000000000000 ) );
#9829 = CARTESIAN_POINT( '', ( 3.72000000001000, -2.52500000001000, 1.39000000001000 ) );
#9830 = DIRECTION( '', ( 0.000000000000000, 0.000000000000000, 1.00000000000000 ) );
#9831 = DIRECTION( '', ( -1.00000000000000, 0.000000000000000, 0.000000000000000 ) );
#9832 = DIRECTION( '', ( -2.65500572634315E-06, -1.85878303748604E-06, -0.999999999994748 ) );
#9833 = DIRECTION( '', ( 0.000000000000000, 0.000000000000000, -1.00000000000000 ) );
#9834 = DIRECTION( '', ( 0.000000000000000, 1.00000000000000, 0.000000000000000 ) );
#9835 = DIRECTION( '', ( 0.000000000000000, -0.991227900680444, 0.132163720107451 ) );
#9836 = DIRECTION( '', ( 0.000000000000000, -0.991227900680444, 0.132163720107451 ) );
#9837 = CARTESIAN_POINT( '', ( 0.000000000000000, -1.57500000001000, 2.46000000001000 ) );
#9838 = DIRECTION( '', ( -0.000000000000000, 1.00000000000000, 0.000000000000000 ) );
#9839 = DIRECTION( '', ( 1.00000000000000, 0.000000000000000, 0.000000000000000 ) );
#9840 = DIRECTION( '', ( 0.000000000000000, 0.707106781186498, 0.707106781186598 ) );
#9841 = DIRECTION( '', ( 0.000000000000000, 0.000000000000000, 1.00000000000000 ) );
#9842 = DIRECTION( '', ( 0.000000000000000, 0.000000000000000, -1.00000000000000 ) );
#9843 = DIRECTION( '', ( 0.000000000000000, -0.707106781186547, -0.707106781186547 ) );
#9844 = DIRECTION( '', ( 0.000000000000000, 1.00000000000000, 0.000000000000000 ) );
#9845 = DIRECTION( '', ( 0.577350269189626, 0.577350269189626, 0.577350269189626 ) );
#9846 = DIRECTION( '', ( 0.677884784067524, 0.677884784067524, -0.284507362047895 ) );
#9847 = DIRECTION( '', ( 0.000000000000000, -2.76407483723255E-06, -0.999999999996180 ) );
#9848 = CARTESIAN_POINT( '', ( -2.60000000001000, 2.07500000001000, 1.31000181038600 ) );
#9849 = DIRECTION( '', ( 0.000000000000000, 0.000000000000000, 1.00000000000000 ) );
#9850 = DIRECTION( '', ( -1.00000000000000, 0.000000000000000, 0.000000000000000 ) );
#9851 = DIRECTION( '', ( 0.000000000000000, -0.573576436356780, -0.819152044284977 ) );
#9852 = CARTESIAN_POINT( '', ( 3.00000000001000, 2.48500000001000, 1.16000000001000 ) );
#9853 = DIRECTION( '', ( 0.000000000000000, 0.000000000000000, -1.00000000000000 ) );
#9854 = DIRECTION( '', ( -1.00000000000000, 0.000000000000000, 0.000000000000000 ) );
#9855 = CARTESIAN_POINT( '', ( 3.00000000001000, 2.48500000001000, 1.31000093592000 ) );
#9856 = DIRECTION( '', ( 0.000000000000000, 0.000000000000000, -1.00000000000000 ) );
#9857 = DIRECTION( '', ( -1.00000000000000, 0.000000000000000, 0.000000000000000 ) );
#9858 = DIRECTION( '', ( 0.000000000000000, 0.000000000000000, -1.00000000000000 ) );
#9859 = DIRECTION( '', ( -0.677884784067524, 0.677884784067524, -0.284507362047895 ) );
#9860 = DIRECTION( '', ( 0.000000000000000, 0.707106781186547, -0.707106781186547 ) );
#9861 = DIRECTION( '', ( 1.00000000000000, 0.000000000000000, 0.000000000000000 ) );
#9862 = DIRECTION( '', ( 7.24422833178720E-05, 0.707106146295407, 0.707107412366307 ) );
#9863 = DIRECTION( '', ( -1.00000000000000, 0.000000000000000, 0.000000000000000 ) );
#9864 = CARTESIAN_POINT( '', ( -3.80000000001000, 2.68500000001000, -1.31000000001000 ) );
#9865 = DIRECTION( '', ( 0.000000000000000, 1.00000000000000, 0.000000000000000 ) );
#9866 = DIRECTION( '', ( 0.000000000000000, 0.000000000000000, -1.00000000000000 ) );
#9867 = DIRECTION( '', ( 0.000000000000000, 0.707106781186547, -0.707106781186547 ) );
#9868 = DIRECTION( '', ( 0.000000000000000, 0.707109908831180, 0.707103653528081 ) );
#9869 = CARTESIAN_POINT( '', ( 2.60000000001000, 2.07500000001000, 1.16000379519100 ) );
#9870 = DIRECTION( '', ( -0.000000000000000, 0.000000000000000, 1.00000000000000 ) );
#9871 = DIRECTION( '', ( 0.000000000000000, -1.00000000000000, 0.000000000000000 ) );
#9872 = DIRECTION( '', ( 1.00000000000000, 0.000000000000000, 0.000000000000000 ) );
#9873 = DIRECTION( '', ( 0.000000000000000, -1.00000000000000, 0.000000000000000 ) );
#9874 = DIRECTION( '', ( 1.00000000000000, 0.000000000000000, 0.000000000000000 ) );
#9875 = DIRECTION( '', ( 1.00000000000000, 0.000000000000000, 0.000000000000000 ) );
#9876 = DIRECTION( '', ( 0.000000000000000, -1.00000000000000, 0.000000000000000 ) );
#9877 = DIRECTION( '', ( 0.000000000000000, -0.707106781186547, -0.707106781186547 ) );
#9878 = DIRECTION( '', ( 0.000000000000000, -0.707106781186547, -0.707106781186547 ) );
#9879 = DIRECTION( '', ( 0.000000000000000, 0.991227900680444, 0.132163720107451 ) );
#9880 = DIRECTION( '', ( 1.00000000000000, 0.000000000000000, 0.000000000000000 ) );
#9881 = DIRECTION( '', ( 0.000000000000000, 0.000000000000000, -1.00000000000000 ) );
#9882 = DIRECTION( '', ( 0.000000000000000, 0.000000000000000, 1.00000000000000 ) );
#9883 = DIRECTION( '', ( 0.000000000000000, 0.000000000000000, -1.00000000000000 ) );
#9884 = DIRECTION( '', ( 0.000000000000000, 0.000000000000000, -1.00000000000000 ) );
#9885 = DIRECTION( '', ( 1.00000000000000, 0.000000000000000, 0.000000000000000 ) );
#9886 = DIRECTION( '', ( 0.000000000000000, 0.707106781186498, -0.707106781186598 ) );
#9887 = DIRECTION( '', ( 0.000000000000000, 0.000000000000000, 1.00000000000000 ) );
#9888 = DIRECTION( '', ( 1.00000000000000, 0.000000000000000, 0.000000000000000 ) );
#9889 = DIRECTION( '', ( 1.00000000000000, 0.000000000000000, 0.000000000000000 ) );
#9890 = DIRECTION( '', ( 1.00000000000000, 0.000000000000000, 0.000000000000000 ) );
#9891 = DIRECTION( '', ( 1.00000000000000, 0.000000000000000, 0.000000000000000 ) );
#9892 = DIRECTION( '', ( 0.000000000000000, 1.00000000000000, 0.000000000000000 ) );
#9893 = DIRECTION( '', ( 0.999999999996255, -1.93447341131720E-06, 1.93583121295518E-06 ) );
#9894 = DIRECTION( '', ( 0.000000000000000, 1.00000000000000, 0.000000000000000 ) );
#9895 = DIRECTION( '', ( 1.00000000000000, 0.000000000000000, 0.000000000000000 ) );
#9896 = DIRECTION( '', ( 0.000000000000000, 1.00000000000000, 0.000000000000000 ) );
#9897 = DIRECTION( '', ( 1.00000000000000, 0.000000000000000, 0.000000000000000 ) );
#9898 = DIRECTION( '', ( 0.000000000000000, 0.000000000000000, 1.00000000000000 ) );
#9899 = DIRECTION( '', ( 0.000000000000000, 1.00000000000000, 0.000000000000000 ) );
#9900 = DIRECTION( '', ( 0.000000000000000, 0.000000000000000, 1.00000000000000 ) );
#9901 = DIRECTION( '', ( -1.00000000000000, 0.000000000000000, 0.000000000000000 ) );
#9902 = DIRECTION( '', ( 0.000000000000000, 0.000000000000000, -1.00000000000000 ) );
#9903 = DIRECTION( '', ( 0.000000000000000, 1.00000000000000, 0.000000000000000 ) );
#9904 = DIRECTION( '', ( 0.000000000000000, 0.000000000000000, -1.00000000000000 ) );
#9905 = DIRECTION( '', ( -1.00000000000000, 0.000000000000000, 0.000000000000000 ) );
ENDSEC;
END-ISO-10303-21;
