ISO-10303-21;
HEADER;
FILE_DESCRIPTION (( 'STEP AP214' ),
    '1' );
FILE_NAME ('532610871.STEP',
    '2021-09-15T00:27:39',
    ( '' ),
    ( '' ),
    'SwSTEP 2.0',
    'SolidWorks 2017',
    '' );
FILE_SCHEMA (( 'AUTOMOTIVE_DESIGN' ));
ENDSEC;

DATA;
#1 = CARTESIAN_POINT ( 'NONE',  ( 0.0000000000000000000, 0.0000000000000000000, -1.800000000000000300 ) ) ;
#2 = CARTESIAN_POINT ( 'NONE',  ( -6.450000000000000200, -2.225000000000000100, -0.6450000000000000200 ) ) ;
#3 = VERTEX_POINT ( 'NONE', #6413 ) ;
#4 = CARTESIAN_POINT ( 'NONE',  ( -5.875000000000000000, -3.125000000000000000, -1.800000000000000300 ) ) ;
#5 = CARTESIAN_POINT ( 'NONE',  ( -6.110000000000004800, -2.225000000000000100, -0.5619337613708009800 ) ) ;
#6 = DIRECTION ( 'NONE',  ( -0.0000000000000000000, 0.0000000000000000000, 1.000000000000000000 ) ) ;
#8 = EDGE_CURVE ( 'NONE', #4011, #3896, #7854, .T. ) ;
#7 = ORIENTED_EDGE ( 'NONE', *, *, #2174, .T. ) ;
#9 = EDGE_LOOP ( 'NONE', ( #10122, #242, #2135, #12253 ) ) ;
#10 = LINE ( 'NONE', #11509, #2506 ) ;
#11 = VECTOR ( 'NONE', #12549, 1000.000000000000000 ) ;
#12 = CARTESIAN_POINT ( 'NONE',  ( -2.125000000000000000, -2.625000000000000000, 1.600000000000000100 ) ) ;
#13 = ORIENTED_EDGE ( 'NONE', *, *, #6977, .T. ) ;
#14 = ORIENTED_EDGE ( 'NONE', *, *, #1367, .T. ) ;
#15 = EDGE_CURVE ( 'NONE', #6510, #10957, #8924, .T. ) ;
#16 = EDGE_LOOP ( 'NONE', ( #10398, #12704, #9108, #6052, #6224 ) ) ;
#17 = DIRECTION ( 'NONE',  ( -1.000000000000000000, -0.0000000000000000000, -0.0000000000000000000 ) ) ;
#18 = DIRECTION ( 'NONE',  ( 0.0000000000000000000, 0.0000000000000000000, -1.000000000000000000 ) ) ;
#19 = CARTESIAN_POINT ( 'NONE',  ( -3.284999999999998800, -4.208005078473780400, -0.1000000000000000100 ) ) ;
#20 = ORIENTED_EDGE ( 'NONE', *, *, #11367, .T. ) ;
#21 = ORIENTED_EDGE ( 'NONE', *, *, #4874, .T. ) ;
#22 = LINE ( 'NONE', #1123, #1427 ) ;
#23 = LINE ( 'NONE', #6420, #7298 ) ;
#24 = AXIS2_PLACEMENT_3D ( 'NONE', #4670, #11577, #2583 ) ;
#25 = ADVANCED_FACE ( 'NONE', ( #5070 ), #7565, .T. ) ;
#26 = VERTEX_POINT ( 'NONE', #8575 ) ;
#27 = EDGE_CURVE ( 'NONE', #3896, #8952, #2134, .T. ) ;
#28 = EDGE_CURVE ( 'NONE', #6657, #946, #7397, .T. ) ;
#29 = ORIENTED_EDGE ( 'NONE', *, *, #978, .F. ) ;
#30 = LINE ( 'NONE', #716, #8694 ) ;
#31 = VECTOR ( 'NONE', #3067, 1000.000000000000100 ) ;
#32 = VERTEX_POINT ( 'NONE', #10705 ) ;
#33 = CARTESIAN_POINT ( 'NONE',  ( -7.375000000000000900, 0.5749999999999999600, -1.000000000000000000 ) ) ;
#34 = ORIENTED_EDGE ( 'NONE', *, *, #8447, .F. ) ;
#35 = CARTESIAN_POINT ( 'NONE',  ( -4.534999999999999300, -3.125000000000000000, -0.8499999999999999800 ) ) ;
#36 = CARTESIAN_POINT ( 'NONE',  ( 0.7850000000000000300, -3.225000000000000100, -0.9250000000000000400 ) ) ;
#37 = CARTESIAN_POINT ( 'NONE',  ( -4.215000000000005200, -0.2250000000000010900, -0.8500000000000002000 ) ) ;
#38 = AXIS2_PLACEMENT_3D ( 'NONE', #792, #7703, #3876 ) ;
#39 = DIRECTION ( 'NONE',  ( 1.000000000000000000, 0.0000000000000000000, 0.0000000000000000000 ) ) ;
#40 = ORIENTED_EDGE ( 'NONE', *, *, #3510, .F. ) ;
#41 = DIRECTION ( 'NONE',  ( 0.0000000000000000000, 0.0000000000000000000, 1.000000000000000000 ) ) ;
#43 = EDGE_CURVE ( 'NONE', #6916, #8926, #4770, .T. ) ;
#42 = ORIENTED_EDGE ( 'NONE', *, *, #7748, .T. ) ;
#44 = FACE_OUTER_BOUND ( 'NONE', #9462, .T. ) ;
#45 = DIRECTION ( 'NONE',  ( 0.0000000000000000000, 0.0000000000000000000, -1.000000000000000000 ) ) ;
#46 = VECTOR ( 'NONE', #4643, 1000.000000000000000 ) ;
#47 = FILL_AREA_STYLE_COLOUR ( '', #342 ) ;
#48 = DIRECTION ( 'NONE',  ( 1.000000000000000000, 0.0000000000000000000, -0.0000000000000000000 ) ) ;
#49 = EDGE_CURVE ( 'NONE', #8682, #659, #6000, .T. ) ;
#50 = DIRECTION ( 'NONE',  ( -0.7071067811865474600, 0.0000000000000000000, 0.7071067811865474600 ) ) ;
#51 = VECTOR ( 'NONE', #11006, 1000.000000000000000 ) ;
#52 = VERTEX_POINT ( 'NONE', #5708 ) ;
#53 = LINE ( 'NONE', #558, #7639 ) ;
#54 = DIRECTION ( 'NONE',  ( -1.000000000000000000, 0.0000000000000000000, -0.0000000000000000000 ) ) ;
#55 = VECTOR ( 'NONE', #11028, 1000.000000000000000 ) ;
#56 = AXIS2_PLACEMENT_3D ( 'NONE', #5545, #1612, #4566 ) ;
#57 = EDGE_CURVE ( 'NONE', #8430, #10918, #2456, .T. ) ;
#58 = DIRECTION ( 'NONE',  ( 0.0000000000000000000, 0.0000000000000000000, 1.000000000000000000 ) ) ;
#59 = ORIENTED_EDGE ( 'NONE', *, *, #149, .T. ) ;
#60 = LINE ( 'NONE', #9016, #6110 ) ;
#61 = ORIENTED_EDGE ( 'NONE', *, *, #9655, .F. ) ;
#62 = CARTESIAN_POINT ( 'NONE',  ( 0.7850000000000000300, -4.025000000000000400, -1.800000000000000300 ) ) ;
#63 = CARTESIAN_POINT ( 'NONE',  ( -1.714999999999999400, -3.125000000000000000, -0.8499999999999999800 ) ) ;
#64 = EDGE_LOOP ( 'NONE', ( #3736, #3478, #113, #2084 ) ) ;
#65 = PLANE ( 'NONE',  #12670 ) ;
#66 = CARTESIAN_POINT ( 'NONE',  ( -6.870000000000000100, -2.024999999999999900, -0.5699999999999999500 ) ) ;
#67 = CARTESIAN_POINT ( 'NONE',  ( -6.440000000000000400, -2.125000000000000000, -1.034999999999999900 ) ) ;
#68 = VECTOR ( 'NONE', #6651, 1000.000000000000000 ) ;
#69 = CARTESIAN_POINT ( 'NONE',  ( 1.715000000000002100, -1.975000000000000100, -0.8499999999999999800 ) ) ;
#70 = LINE ( 'NONE', #9801, #10132 ) ;
#71 = CARTESIAN_POINT ( 'NONE',  ( 9.090000000000001600, -3.125000000000000000, -1.300000000000000300 ) ) ;
#72 = VECTOR ( 'NONE', #7999, 1000.000000000000100 ) ;
#73 = EDGE_LOOP ( 'NONE', ( #9429, #9634, #4676, #114 ) ) ;
#74 = EDGE_CURVE ( 'NONE', #9607, #6712, #9694, .T. ) ;
#75 = CARTESIAN_POINT ( 'NONE',  ( -6.870000000000000100, -2.225000000000000100, -0.2700000000000000200 ) ) ;
#76 = EDGE_LOOP ( 'NONE', ( #12315, #4794, #11728, #2542 ) ) ;
#77 = ADVANCED_FACE ( 'NONE', ( #751 ), #11547, .T. ) ;
#78 = DIRECTION ( 'NONE',  ( 1.000000000000000000, 0.0000000000000000000, -0.0000000000000000000 ) ) ;
#79 = DIRECTION ( 'NONE',  ( 0.0000000000000000000, -0.0000000000000000000, -1.000000000000000000 ) ) ;
#80 = CARTESIAN_POINT ( 'NONE',  ( -5.910000000000000100, 0.07500000000000030300, -1.499999999999999800 ) ) ;
#81 = CARTESIAN_POINT ( 'NONE',  ( 2.035000000000000100, -3.425000000000000300, -1.600000000000000100 ) ) ;
#82 = EDGE_CURVE ( 'NONE', #6980, #2667, #1685, .T. ) ;
#83 = CARTESIAN_POINT ( 'NONE',  ( 4.924999999999999800, -0.6250000000000000000, 1.600000000000000100 ) ) ;
#84 = DIRECTION ( 'NONE',  ( 0.0000000000000000000, 1.000000000000000000, 0.0000000000000000000 ) ) ;
#85 = CARTESIAN_POINT ( 'NONE',  ( -5.575000000000000200, -1.975000000000000100, 0.3999999999999999700 ) ) ;
#86 = LINE ( 'NONE', #3996, #6897 ) ;
#87 = ORIENTED_EDGE ( 'NONE', *, *, #8339, .F. ) ;
#88 = CARTESIAN_POINT ( 'NONE',  ( 2.035000000000001000, -4.208005078473780400, -0.8499999999999999800 ) ) ;
#89 = ORIENTED_EDGE ( 'NONE', *, *, #8568, .F. ) ;
#90 = ORIENTED_EDGE ( 'NONE', *, *, #8675, .T. ) ;
#91 = PLANE ( 'NONE',  #8396 ) ;
#92 = ADVANCED_FACE ( 'NONE', ( #8182 ), #3790, .F. ) ;
#93 = EDGE_CURVE ( 'NONE', #10538, #8525, #4324, .T. ) ;
#94 = VECTOR ( 'NONE', #3129, 1000.000000000000000 ) ;
#95 = AXIS2_PLACEMENT_3D ( 'NONE', #6343, #9356, #8341 ) ;
#96 = FACE_OUTER_BOUND ( 'NONE', #708, .T. ) ;
#97 = VECTOR ( 'NONE', #1075, 1000.000000000000000 ) ;
#98 = CARTESIAN_POINT ( 'NONE',  ( -7.075000000000000200, 0.5749999999999999600, 0.3999999999999999700 ) ) ;
#99 = LINE ( 'NONE', #12252, #9534 ) ;
#100 = ORIENTED_EDGE ( 'NONE', *, *, #8982, .F. ) ;
#101 = VERTEX_POINT ( 'NONE', #9548 ) ;
#102 = ORIENTED_EDGE ( 'NONE', *, *, #2131, .F. ) ;
#103 = CARTESIAN_POINT ( 'NONE',  ( 9.090000000000001600, -3.125000000000000000, -0.9250000000000000400 ) ) ;
#104 = VECTOR ( 'NONE', #6310, 1000.000000000000000 ) ;
#105 = FACE_OUTER_BOUND ( 'NONE', #951, .T. ) ;
#106 = CARTESIAN_POINT ( 'NONE',  ( 5.575000000000000200, 0.9749999999999999800, -0.4500000000000001200 ) ) ;
#107 = LINE ( 'NONE', #9606, #5069 ) ;
#108 = DIRECTION ( 'NONE',  ( -1.000000000000000000, -0.0000000000000000000, -0.0000000000000000000 ) ) ;
#109 = DIRECTION ( 'NONE',  ( 0.0000000000000000000, 0.0000000000000000000, -1.000000000000000000 ) ) ;
#110 = ORIENTED_EDGE ( 'NONE', *, *, #4082, .T. ) ;
#111 = ORIENTED_EDGE ( 'NONE', *, *, #7549, .T. ) ;
#112 = EDGE_CURVE ( 'NONE', #3511, #9344, #11270, .T. ) ;
#113 = ORIENTED_EDGE ( 'NONE', *, *, #10748, .T. ) ;
#114 = ORIENTED_EDGE ( 'NONE', *, *, #1878, .F. ) ;
#115 = PLANE ( 'NONE',  #6619 ) ;
#116 = CARTESIAN_POINT ( 'NONE',  ( -1.715000000000000100, -3.225000000000000100, -0.9250000000000000400 ) ) ;
#117 = PLANE ( 'NONE',  #12097 ) ;
#118 = LINE ( 'NONE', #843, #12653 ) ;
#119 = EDGE_CURVE ( 'NONE', #10404, #7592, #10496, .T. ) ;
#120 = FACE_OUTER_BOUND ( 'NONE', #10614, .T. ) ;
#121 = CARTESIAN_POINT ( 'NONE',  ( -5.175000000000000700, 0.9749999999999999800, -1.600000000000000100 ) ) ;
#122 = AXIS2_PLACEMENT_3D ( 'NONE', #11842, #3005, #7092 ) ;
#123 = LINE ( 'NONE', #9075, #3240 ) ;
#124 = CARTESIAN_POINT ( 'NONE',  ( 3.284999999999994800, -0.2250000000000012000, -0.8500000000000002000 ) ) ;
#125 = CARTESIAN_POINT ( 'NONE',  ( 5.875000000000000000, 0.5749999999999999600, -1.500000000000000000 ) ) ;
#126 = DIRECTION ( 'NONE',  ( -0.6428711427642219700, 0.0000000000000000000, -0.7659743427824611300 ) ) ;
#127 = ORIENTED_EDGE ( 'NONE', *, *, #7806, .T. ) ;
#128 = ORIENTED_EDGE ( 'NONE', *, *, #9821, .F. ) ;
#129 = CARTESIAN_POINT ( 'NONE',  ( 3.285000000000000100, -3.924999999999999800, -1.300000000000000300 ) ) ;
#130 = DIRECTION ( 'NONE',  ( -0.0000000000000000000, 1.000000000000000000, -0.0000000000000000000 ) ) ;
#131 = CARTESIAN_POINT ( 'NONE',  ( 0.4650000000000000200, -3.625000000000000000, -1.800000000000000300 ) ) ;
#132 = ORIENTED_EDGE ( 'NONE', *, *, #4331, .F. ) ;
#133 = EDGE_CURVE ( 'NONE', #3831, #10640, #10943, .T. ) ;
#134 = LINE ( 'NONE', #12294, #4174 ) ;
#135 = LINE ( 'NONE', #6171, #10355 ) ;
#136 = EDGE_CURVE ( 'NONE', #5244, #1363, #10178, .T. ) ;
#137 = DIRECTION ( 'NONE',  ( -0.0000000000000000000, 0.0000000000000000000, 1.000000000000000000 ) ) ;
#138 = VERTEX_POINT ( 'NONE', #5632 ) ;
#139 = ORIENTED_EDGE ( 'NONE', *, *, #12231, .T. ) ;
#140 = ORIENTED_EDGE ( 'NONE', *, *, #4888, .F. ) ;
#141 = AXIS2_PLACEMENT_3D ( 'NONE', #7863, #7042, #1079 ) ;
#142 = CARTESIAN_POINT ( 'NONE',  ( 5.224999999999999600, -3.125000000000000000, -0.5000000000000000000 ) ) ;
#143 = ORIENTED_EDGE ( 'NONE', *, *, #1636, .T. ) ;
#144 = CARTESIAN_POINT ( 'NONE',  ( 4.924999999999999800, -0.6250000000000000000, 1.600000000000000100 ) ) ;
#145 = ADVANCED_FACE ( 'NONE', ( #12806 ), #820, .F. ) ;
#146 = ORIENTED_EDGE ( 'NONE', *, *, #12181, .F. ) ;
#147 = ORIENTED_EDGE ( 'NONE', *, *, #9153, .T. ) ;
#148 = DIRECTION ( 'NONE',  ( 0.0000000000000000000, 1.000000000000000000, -0.0000000000000000000 ) ) ;
#149 = EDGE_CURVE ( 'NONE', #7545, #6031, #4925, .T. ) ;
#150 = ORIENTED_EDGE ( 'NONE', *, *, #5321, .F. ) ;
#151 = EDGE_LOOP ( 'NONE', ( #8835, #340, #11319, #2442 ) ) ;
#152 = VECTOR ( 'NONE', #9102, 1000.000000000000000 ) ;
#153 = CARTESIAN_POINT ( 'NONE',  ( -2.964999999999999900, -3.125000000000000000, -0.4249999999999999900 ) ) ;
#154 = VECTOR ( 'NONE', #9558, 1000.000000000000000 ) ;
#155 = CARTESIAN_POINT ( 'NONE',  ( 5.875000000000000000, -3.225000000000000100, -1.300000000000000300 ) ) ;
#156 = ORIENTED_EDGE ( 'NONE', *, *, #8249, .T. ) ;
#157 = DIRECTION ( 'NONE',  ( 0.0000000000000000000, 0.0000000000000000000, -1.000000000000000000 ) ) ;
#158 = DIRECTION ( 'NONE',  ( -0.0000000000000000000, 1.000000000000000000, 0.0000000000000000000 ) ) ;
#159 = ORIENTED_EDGE ( 'NONE', *, *, #4107, .T. ) ;
#160 = ADVANCED_FACE ( 'NONE', ( #5239 ), #4686, .F. ) ;
#161 = CARTESIAN_POINT ( 'NONE',  ( 6.540000000000000000, -2.225000000000000100, -0.7699999999999999100 ) ) ;
#162 = PLANE ( 'NONE',  #6397 ) ;
#163 = ORIENTED_EDGE ( 'NONE', *, *, #4172, .F. ) ;
#164 = ORIENTED_EDGE ( 'NONE', *, *, #12382, .F. ) ;
#165 = LINE ( 'NONE', #1607, #7747 ) ;
#166 = DIRECTION ( 'NONE',  ( 1.000000000000000000, 0.0000000000000000000, -0.0000000000000000000 ) ) ;
#167 = LINE ( 'NONE', #3011, #4376 ) ;
#168 = CARTESIAN_POINT ( 'NONE',  ( -5.575000000000000200, 0.9749999999999999800, 0.4000000000000000200 ) ) ;
#169 = ORIENTED_EDGE ( 'NONE', *, *, #6521, .F. ) ;
#170 = PLANE ( 'NONE',  #5352 ) ;
#171 = CARTESIAN_POINT ( 'NONE',  ( 1.715000000000002100, -4.208005078473780400, -0.8499999999999999800 ) ) ;
#172 = DIRECTION ( 'NONE',  ( 0.0000000000000000000, -0.7071067811863974700, -0.7071067811866975600 ) ) ;
#173 = ORIENTED_EDGE ( 'NONE', *, *, #862, .T. ) ;
#174 = DIRECTION ( 'NONE',  ( -0.0000000000000000000, 0.0000000000000000000, 1.000000000000000000 ) ) ;
#175 = CARTESIAN_POINT ( 'NONE',  ( -6.450000000000000200, -2.225000000000000100, -0.6450000000000000200 ) ) ;
#176 = EDGE_CURVE ( 'NONE', #299, #7321, #3409, .T. ) ;
#177 = AXIS2_PLACEMENT_3D ( 'NONE', #2274, #3189, #10175 ) ;
#178 = CARTESIAN_POINT ( 'NONE',  ( -1.824999999999997700, 0.2750000000000006300, -0.2750000000000000200 ) ) ;
#179 = ORIENTED_EDGE ( 'NONE', *, *, #2918, .T. ) ;
#180 = ORIENTED_EDGE ( 'NONE', *, *, #4194, .T. ) ;
#181 = VECTOR ( 'NONE', #3804, 1000.000000000000000 ) ;
#182 = FACE_OUTER_BOUND ( 'NONE', #1392, .T. ) ;
#183 = ORIENTED_EDGE ( 'NONE', *, *, #10506, .T. ) ;
#184 = ORIENTED_EDGE ( 'NONE', *, *, #11534, .T. ) ;
#185 = DIRECTION ( 'NONE',  ( 1.000000000000000000, 0.0000000000000000000, 0.0000000000000000000 ) ) ;
#186 = PLANE ( 'NONE',  #3775 ) ;
#187 = CARTESIAN_POINT ( 'NONE',  ( -4.215000000000002500, -0.2250000000000005100, -0.09999999999999988100 ) ) ;
#188 = CARTESIAN_POINT ( 'NONE',  ( -5.275000000000000400, -0.3750000000000001100, 1.200000000000000000 ) ) ;
#189 = EDGE_LOOP ( 'NONE', ( #8232, #11692, #3908, #5035 ) ) ;
#190 = FACE_OUTER_BOUND ( 'NONE', #284, .T. ) ;
#191 = EDGE_CURVE ( 'NONE', #1688, #8470, #6911, .T. ) ;
#192 = CARTESIAN_POINT ( 'NONE',  ( -4.924999999999999800, -0.3750000000000001100, 1.200000000000000200 ) ) ;
#193 = ORIENTED_EDGE ( 'NONE', *, *, #7991, .T. ) ;
#194 = EDGE_CURVE ( 'NONE', #6356, #1001, #5985, .T. ) ;
#195 = CARTESIAN_POINT ( 'NONE',  ( -7.075000000000000200, -2.225000000000000500, -1.300000000000000000 ) ) ;
#196 = EDGE_LOOP ( 'NONE', ( #12176, #4078, #4967, #9573, #1202, #3094, #10556 ) ) ;
#197 = DIRECTION ( 'NONE',  ( -1.000000000000000000, 0.0000000000000000000, -0.0000000000000000000 ) ) ;
#198 = CARTESIAN_POINT ( 'NONE',  ( 5.675000000000000700, 0.9749999999999999800, -1.800000000000000300 ) ) ;
#199 = FACE_OUTER_BOUND ( 'NONE', #4498, .T. ) ;
#200 = FILL_AREA_STYLE ('',( #6990 ) ) ;
#201 = ORIENTED_EDGE ( 'NONE', *, *, #12046, .T. ) ;
#202 = LINE ( 'NONE', #972, #5159 ) ;
#203 = LINE ( 'NONE', #9205, #10720 ) ;
#204 = CARTESIAN_POINT ( 'NONE',  ( -4.535000000000000100, -4.224999999999999600, -1.300000000000000300 ) ) ;
#205 = DIRECTION ( 'NONE',  ( 0.0000000000000000000, 0.0000000000000000000, 1.000000000000000000 ) ) ;
#206 = AXIS2_PLACEMENT_3D ( 'NONE', #5627, #8650, #10582 ) ;
#207 = EDGE_CURVE ( 'NONE', #7634, #9939, #1673, .T. ) ;
#208 = ADVANCED_FACE ( 'NONE', ( #11854 ), #10744, .T. ) ;
#209 = CARTESIAN_POINT ( 'NONE',  ( 2.035000000000000100, -3.225000000000000100, -0.9250000000000000400 ) ) ;
#210 = ORIENTED_EDGE ( 'NONE', *, *, #10311, .F. ) ;
#211 = DIRECTION ( 'NONE',  ( 1.000000000000000000, 0.0000000000000000000, 0.0000000000000000000 ) ) ;
#212 = LINE ( 'NONE', #938, #4723 ) ;
#213 = PLANE ( 'NONE',  #8126 ) ;
#214 = CARTESIAN_POINT ( 'NONE',  ( -5.875000000000000000, 0.07499999999999999700, -0.2700000000000000700 ) ) ;
#215 = VECTOR ( 'NONE', #9790, 1000.000000000000000 ) ;
#216 = EDGE_LOOP ( 'NONE', ( #7505, #5146, #3757, #8062 ) ) ;
#217 = LINE ( 'NONE', #5766, #1627 ) ;
#218 = EDGE_CURVE ( 'NONE', #7686, #12561, #11570, .T. ) ;
#219 = PLANE ( 'NONE',  #11416 ) ;
#220 = CARTESIAN_POINT ( 'NONE',  ( -4.480000000000000400, 0.02500000000000000100, -0.4749999999999999800 ) ) ;
#221 = AXIS2_PLACEMENT_3D ( 'NONE', #8792, #7963, #9859 ) ;
#222 = CARTESIAN_POINT ( 'NONE',  ( -0.7850000000000000300, -4.224999999999999600, 1.600000000000000100 ) ) ;
#223 = ORIENTED_EDGE ( 'NONE', *, *, #6072, .T. ) ;
#224 = CARTESIAN_POINT ( 'NONE',  ( -0.8750000000000000000, -2.625000000000000000, 1.100000000000000100 ) ) ;
#225 = FACE_OUTER_BOUND ( 'NONE', #6817, .T. ) ;
#226 = ADVANCED_FACE ( 'NONE', ( #3054 ), #4908, .T. ) ;
#227 = DIRECTION ( 'NONE',  ( 0.0000000000000000000, -1.000000000000000000, 0.0000000000000000000 ) ) ;
#228 = DIRECTION ( 'NONE',  ( -0.8320502943378437200, -0.5547001962252291500, 0.0000000000000000000 ) ) ;
#229 = VECTOR ( 'NONE', #12323, 1000.000000000000000 ) ;
#230 = EDGE_CURVE ( 'NONE', #4204, #5136, #5840, .T. ) ;
#231 = VERTEX_POINT ( 'NONE', #7933 ) ;
#232 = CARTESIAN_POINT ( 'NONE',  ( 4.535000000000000100, -3.225000000000000100, -1.125000000000000200 ) ) ;
#233 = CARTESIAN_POINT ( 'NONE',  ( -4.299999999999999800, -0.4749999999999999200, -1.200000000000000000 ) ) ;
#234 = ORIENTED_EDGE ( 'NONE', *, *, #6170, .T. ) ;
#235 = LINE ( 'NONE', #4065, #9367 ) ;
#236 = DIRECTION ( 'NONE',  ( -0.0000000000000000000, 1.000000000000000000, 0.0000000000000000000 ) ) ;
#237 = FACE_OUTER_BOUND ( 'NONE', #12701, .T. ) ;
#238 = LINE ( 'NONE', #5858, #7518 ) ;
#239 = CARTESIAN_POINT ( 'NONE',  ( -4.215000000000000700, -0.2250000000000002000, -0.8500000000000000900 ) ) ;
#240 = ORIENTED_EDGE ( 'NONE', *, *, #6057, .T. ) ;
#241 = VERTEX_POINT ( 'NONE', #8760 ) ;
#242 = ORIENTED_EDGE ( 'NONE', *, *, #2077, .F. ) ;
#243 = DIRECTION ( 'NONE',  ( 0.7071067811865475700, -0.7071067811865475700, 0.0000000000000000000 ) ) ;
#244 = DIRECTION ( 'NONE',  ( 0.0000000000000000000, 0.7071067811866975600, -0.7071067811863974700 ) ) ;
#245 = AXIS2_PLACEMENT_3D ( 'NONE', #2692, #2773, #6666 ) ;
#246 = DIRECTION ( 'NONE',  ( 0.0000000000000000000, 0.0000000000000000000, 1.000000000000000000 ) ) ;
#247 = COLOUR_RGB ( '',0.7921568627450980000, 0.8196078431372548800, 0.9333333333333333500 ) ;
#248 = LINE ( 'NONE', #5348, #715 ) ;
#249 = EDGE_CURVE ( 'NONE', #11823, #4450, #10164, .T. ) ;
#250 = LINE ( 'NONE', #168, #7682 ) ;
#251 = VERTEX_POINT ( 'NONE', #8877 ) ;
#252 = VECTOR ( 'NONE', #11279, 1000.000000000000000 ) ;
#253 = ORIENTED_EDGE ( 'NONE', *, *, #3571, .F. ) ;
#254 = EDGE_LOOP ( 'NONE', ( #10151, #922, #12774, #4793 ) ) ;
#255 = VERTEX_POINT ( 'NONE', #3024 ) ;
#256 = DIRECTION ( 'NONE',  ( 0.0000000000000000000, -1.000000000000000000, -0.0000000000000000000 ) ) ;
#257 = PLANE ( 'NONE',  #6368 ) ;
#258 = EDGE_CURVE ( 'NONE', #1596, #1401, #10622, .T. ) ;
#259 = DIRECTION ( 'NONE',  ( 0.0000000000000000000, -1.000000000000000000, -0.0000000000000000000 ) ) ;
#260 = CARTESIAN_POINT ( 'NONE',  ( -0.7849999999999983700, -3.125000000000000000, -0.1000000000000000100 ) ) ;
#261 = VECTOR ( 'NONE', #6148, 1000.000000000000000 ) ;
#262 = LINE ( 'NONE', #11981, #8146 ) ;
#263 = CARTESIAN_POINT ( 'NONE',  ( 2.964999999999999900, -3.425000000000000300, 1.600000000000000100 ) ) ;
#264 = LINE ( 'NONE', #2320, #3563 ) ;
#265 = AXIS2_PLACEMENT_3D ( 'NONE', #2249, #1306, #8230 ) ;
#266 = LINE ( 'NONE', #5135, #3564 ) ;
#267 = VERTEX_POINT ( 'NONE', #4028 ) ;
#268 = ORIENTED_EDGE ( 'NONE', *, *, #12456, .F. ) ;
#269 = ORIENTED_EDGE ( 'NONE', *, *, #3882, .T. ) ;
#270 = CARTESIAN_POINT ( 'NONE',  ( 0.7850000000000000300, -4.224999999999999600, -1.600000000000000100 ) ) ;
#271 = EDGE_CURVE ( 'NONE', #2240, #3102, #10777, .T. ) ;
#272 = DIRECTION ( 'NONE',  ( -1.000000000000000000, 0.0000000000000000000, -0.0000000000000000000 ) ) ;
#273 = VECTOR ( 'NONE', #10562, 1000.000000000000000 ) ;
#274 = CARTESIAN_POINT ( 'NONE',  ( -4.375000000000000000, 0.2749999999999999700, -0.6749999999999999300 ) ) ;
#275 = LINE ( 'NONE', #1782, #6007 ) ;
#276 = EDGE_CURVE ( 'NONE', #12711, #3566, #8483, .T. ) ;
#277 = CARTESIAN_POINT ( 'NONE',  ( 6.110000000000001200, -2.225000000000000100, -0.2700000000000000200 ) ) ;
#278 = ADVANCED_FACE ( 'NONE', ( #8166 ), #11826, .T. ) ;
#279 = LINE ( 'NONE', #5129, #12185 ) ;
#280 = LINE ( 'NONE', #6561, #5996 ) ;
#281 = ORIENTED_EDGE ( 'NONE', *, *, #6935, .F. ) ;
#282 = ORIENTED_EDGE ( 'NONE', *, *, #6757, .T. ) ;
#283 = CARTESIAN_POINT ( 'NONE',  ( -2.125000000000000000, -3.225000000000000100, 1.100000000000000100 ) ) ;
#284 = EDGE_LOOP ( 'NONE', ( #6437, #10316, #5123, #5643 ) ) ;
#285 = PLANE ( 'NONE',  #11495 ) ;
#286 = LINE ( 'NONE', #8243, #8791 ) ;
#287 = ADVANCED_FACE ( 'NONE', ( #9238 ), #65, .F. ) ;
#288 = DIRECTION ( 'NONE',  ( -0.0000000000000000000, 1.000000000000000000, 0.0000000000000000000 ) ) ;
#289 = VECTOR ( 'NONE', #8977, 1000.000000000000000 ) ;
#290 = CARTESIAN_POINT ( 'NONE',  ( 5.875000000000000000, 0.5749999999999999600, -1.800000000000000300 ) ) ;
#291 = DIRECTION ( 'NONE',  ( 1.000000000000000000, 0.0000000000000000000, -0.0000000000000000000 ) ) ;
#292 = VECTOR ( 'NONE', #5659, 1000.000000000000000 ) ;
#293 = DIRECTION ( 'NONE',  ( -0.0000000000000000000, -0.0000000000000000000, -1.000000000000000000 ) ) ;
#294 = EDGE_CURVE ( 'NONE', #10531, #5405, #6305, .T. ) ;
#295 = CARTESIAN_POINT ( 'NONE',  ( 3.285000000000000100, -3.924999999999999800, -0.5749999999999999600 ) ) ;
#296 = EDGE_LOOP ( 'NONE', ( #5925, #2350, #3734, #2688 ) ) ;
#297 = VERTEX_POINT ( 'NONE', #9787 ) ;
#299 = VERTEX_POINT ( 'NONE', #6828 ) ;
#298 = DIRECTION ( 'NONE',  ( 1.000000000000000000, 0.0000000000000000000, -0.0000000000000000000 ) ) ;
#300 = EDGE_CURVE ( 'NONE', #1403, #4645, #11252, .T. ) ;
#301 = ORIENTED_EDGE ( 'NONE', *, *, #3893, .F. ) ;
#302 = DIRECTION ( 'NONE',  ( 0.0000000000000000000, 0.7071067811865452400, -0.7071067811865497900 ) ) ;
#303 = AXIS2_PLACEMENT_3D ( 'NONE', #9178, #8200, #7055 ) ;
#304 = CARTESIAN_POINT ( 'NONE',  ( 1.715000000000002100, -1.975000000000000100, -0.8499999999999999800 ) ) ;
#305 = ORIENTED_EDGE ( 'NONE', *, *, #230, .F. ) ;
#306 = DIRECTION ( 'NONE',  ( 0.0000000000000000000, -0.7071067811863974700, -0.7071067811866975600 ) ) ;
#307 = DIRECTION ( 'NONE',  ( -1.000000000000000000, -0.0000000000000000000, -0.0000000000000000000 ) ) ;
#308 = CARTESIAN_POINT ( 'NONE',  ( -5.875000000000000000, 0.5749999999999999600, -1.800000000000000300 ) ) ;
#309 = AXIS2_PLACEMENT_3D ( 'NONE', #7586, #2711, #1669 ) ;
#310 = DIRECTION ( 'NONE',  ( -1.000000000000000000, 0.0000000000000000000, -0.0000000000000000000 ) ) ;
#311 = DIRECTION ( 'NONE',  ( 0.9766444667050946400, 0.2148617826750988400, 0.0000000000000000000 ) ) ;
#312 = ORIENTED_EDGE ( 'NONE', *, *, #9691, .T. ) ;
#313 = ORIENTED_EDGE ( 'NONE', *, *, #218, .F. ) ;
#314 = ORIENTED_EDGE ( 'NONE', *, *, #3372, .F. ) ;
#315 = LINE ( 'NONE', #8117, #5268 ) ;
#316 = EDGE_CURVE ( 'NONE', #12106, #10863, #1524, .T. ) ;
#317 = FACE_OUTER_BOUND ( 'NONE', #11807, .T. ) ;
#318 = CARTESIAN_POINT ( 'NONE',  ( 4.125000000000000000, -2.625000000000000000, 1.600000000000000100 ) ) ;
#319 = EDGE_LOOP ( 'NONE', ( #11812, #2427, #5904, #11177, #5098, #7702 ) ) ;
#320 = ORIENTED_EDGE ( 'NONE', *, *, #5203, .F. ) ;
#321 = CARTESIAN_POINT ( 'NONE',  ( 6.450000000000000200, -2.225000000000000100, -0.5450000000000000400 ) ) ;
#322 = CARTESIAN_POINT ( 'NONE',  ( 3.899999999999999900, -0.4749999999999999800, -1.600000000000000100 ) ) ;
#323 = EDGE_CURVE ( 'NONE', #1242, #12402, #6472, .T. ) ;
#324 = CARTESIAN_POINT ( 'NONE',  ( 2.965000000000000300, -4.224999999999999600, -1.300000000000000300 ) ) ;
#325 = ORIENTED_EDGE ( 'NONE', *, *, #1786, .F. ) ;
#326 = DIRECTION ( 'NONE',  ( 0.0000000000000000000, -0.0000000000000000000, 1.000000000000000000 ) ) ;
#327 = DIRECTION ( 'NONE',  ( -0.0000000000000000000, 0.0000000000000000000, -1.000000000000000000 ) ) ;
#328 = ORIENTED_EDGE ( 'NONE', *, *, #6348, .F. ) ;
#329 = VERTEX_POINT ( 'NONE', #2899 ) ;
#330 = LINE ( 'NONE', #2946, #6970 ) ;
#331 = LINE ( 'NONE', #3209, #6676 ) ;
#332 = CARTESIAN_POINT ( 'NONE',  ( -2.034999999999998800, -1.975000000000000100, -0.8499999999999999800 ) ) ;
#333 = VERTEX_POINT ( 'NONE', #4968 ) ;
#334 = ORIENTED_EDGE ( 'NONE', *, *, #6057, .F. ) ;
#335 = DIRECTION ( 'NONE',  ( -1.000000000000000000, 0.0000000000000000000, -0.0000000000000000000 ) ) ;
#336 = ORIENTED_EDGE ( 'NONE', *, *, #3762, .T. ) ;
#337 = DIRECTION ( 'NONE',  ( -0.2148617826750988400, 0.9766444667050946400, 0.0000000000000000000 ) ) ;
#339 = EDGE_CURVE ( 'NONE', #11904, #11834, #12493, .T. ) ;
#338 = EDGE_LOOP ( 'NONE', ( #11304, #5097, #314, #1952 ) ) ;
#340 = ORIENTED_EDGE ( 'NONE', *, *, #691, .F. ) ;
#341 = DIRECTION ( 'NONE',  ( 0.8320502943378437200, -0.5547001962252291500, -0.0000000000000000000 ) ) ;
#342 = COLOUR_RGB ( '',0.7921568627450980000, 0.8196078431372548800, 0.9333333333333333500 ) ;
#343 = VECTOR ( 'NONE', #1002, 1000.000000000000000 ) ;
#344 = DIRECTION ( 'NONE',  ( 1.000000000000000000, -0.0000000000000000000, 0.0000000000000000000 ) ) ;
#345 = DIRECTION ( 'NONE',  ( 0.0000000000000000000, 0.0000000000000000000, 1.000000000000000000 ) ) ;
#346 = ORIENTED_EDGE ( 'NONE', *, *, #999, .F. ) ;
#347 = DIRECTION ( 'NONE',  ( 0.0000000000000000000, 1.000000000000000000, -0.0000000000000000000 ) ) ;
#348 = DIRECTION ( 'NONE',  ( 1.000000000000000000, 0.0000000000000000000, 0.0000000000000000000 ) ) ;
#349 = EDGE_LOOP ( 'NONE', ( #9141, #6001, #7593, #5899 ) ) ;
#350 = EDGE_CURVE ( 'NONE', #3722, #5567, #8771, .T. ) ;
#351 = CARTESIAN_POINT ( 'NONE',  ( -2.964999999999999900, -4.208005078473780400, -0.8499999999999999800 ) ) ;
#352 = ADVANCED_FACE ( 'NONE', ( #1201 ), #11095, .T. ) ;
#353 = DIRECTION ( 'NONE',  ( -0.0000000000000000000, 0.0000000000000000000, 1.000000000000000000 ) ) ;
#354 = EDGE_LOOP ( 'NONE', ( #567, #5672, #6450, #8914 ) ) ;
#355 = LINE ( 'NONE', #7003, #5308 ) ;
#356 = VECTOR ( 'NONE', #6904, 1000.000000000000000 ) ;
#357 = VERTEX_POINT ( 'NONE', #9955 ) ;
#358 = DIRECTION ( 'NONE',  ( -0.2033118901005239500, 0.9241449550023792500, -0.3234507342508327600 ) ) ;
#359 = CARTESIAN_POINT ( 'NONE',  ( -2.964999999999999900, -3.924999999999999800, 1.600000000000000100 ) ) ;
#360 = ORIENTED_EDGE ( 'NONE', *, *, #8720, .T. ) ;
#361 = PLANE ( 'NONE',  #10060 ) ;
#362 = EDGE_CURVE ( 'NONE', #4228, #11778, #8631, .T. ) ;
#363 = DIRECTION ( 'NONE',  ( 0.0000000000000000000, -0.0000000000000000000, 1.000000000000000000 ) ) ;
#364 = VERTEX_POINT ( 'NONE', #4197 ) ;
#365 = ORIENTED_EDGE ( 'NONE', *, *, #12413, .F. ) ;
#366 = VECTOR ( 'NONE', #11901, 1000.000000000000000 ) ;
#367 = CARTESIAN_POINT ( 'NONE',  ( 7.375000000000001800, -2.224999999999999600, -1.800000000000000300 ) ) ;
#369 = DIRECTION ( 'NONE',  ( -1.000000000000000000, -0.0000000000000000000, 0.0000000000000000000 ) ) ;
#368 = LINE ( 'NONE', #12362, #9175 ) ;
#370 = ADVANCED_FACE ( 'NONE', ( #5539 ), #3200, .F. ) ;
#371 = CARTESIAN_POINT ( 'NONE',  ( 2.965000000000000700, -0.2250000000000001400, -0.09999999999999996400 ) ) ;
#372 = DIRECTION ( 'NONE',  ( -0.0000000000000000000, -1.000000000000000000, 0.0000000000000000000 ) ) ;
#373 =( NAMED_UNIT ( * ) PLANE_ANGLE_UNIT ( ) SI_UNIT ( $, .RADIAN. ) );
#374 = LINE ( 'NONE', #10305, #8713 ) ;
#376 = EDGE_CURVE ( 'NONE', #2215, #9106, #3706, .T. ) ;
#375 = ORIENTED_EDGE ( 'NONE', *, *, #7914, .T. ) ;
#377 = LINE ( 'NONE', #10314, #7011 ) ;
#378 = CARTESIAN_POINT ( 'NONE',  ( 5.675000000000000700, -0.02500000000000000100, -1.800000000000000300 ) ) ;
#379 = LINE ( 'NONE', #8464, #4401 ) ;
#380 = CARTESIAN_POINT ( 'NONE',  ( -4.924999999999999800, -0.1749999999999999900, 1.399999999999999900 ) ) ;
#381 = EDGE_CURVE ( 'NONE', #6830, #3473, #2907, .T. ) ;
#382 = DIRECTION ( 'NONE',  ( 0.0000000000000000000, 0.0000000000000000000, -1.000000000000000000 ) ) ;
#383 =( GEOMETRIC_REPRESENTATION_CONTEXT ( 3 ) GLOBAL_UNCERTAINTY_ASSIGNED_CONTEXT ( ( #6883 ) ) GLOBAL_UNIT_ASSIGNED_CONTEXT ( ( #7809, #1852, #11788 ) ) REPRESENTATION_CONTEXT ( 'NONE', 'WORKASPACE' ) );
#384 = ORIENTED_EDGE ( 'NONE', *, *, #4868, .T. ) ;
#385 = CARTESIAN_POINT ( 'NONE',  ( -5.875000000000000000, -3.225000000000000100, 1.100000000000000100 ) ) ;
#386 = FACE_OUTER_BOUND ( 'NONE', #4057, .T. ) ;
#387 = DIRECTION ( 'NONE',  ( 0.0000000000000000000, 0.0000000000000000000, -1.000000000000000000 ) ) ;
#388 = VECTOR ( 'NONE', #5916, 999.9999999999998900 ) ;
#389 = VERTEX_POINT ( 'NONE', #5221 ) ;
#390 = AXIS2_PLACEMENT_3D ( 'NONE', #4215, #211, #5189 ) ;
#391 = CARTESIAN_POINT ( 'NONE',  ( 0.7850000000000010300, -3.125000000000000000, -0.1000000000000000100 ) ) ;
#392 = EDGE_CURVE ( 'NONE', #6602, #12536, #266, .T. ) ;
#393 = ORIENTED_EDGE ( 'NONE', *, *, #1679, .T. ) ;
#394 = CARTESIAN_POINT ( 'NONE',  ( -4.535000000000001000, -3.125000000000000000, -1.300000000000000300 ) ) ;
#395 = DIRECTION ( 'NONE',  ( -0.0000000000000000000, -0.0000000000000000000, 1.000000000000000000 ) ) ;
#396 = CARTESIAN_POINT ( 'NONE',  ( 6.349999999999999600, -2.225000000000000100, -0.7600000000000000100 ) ) ;
#397 = CIRCLE ( 'NONE', #11545, 0.1499999999999999700 ) ;
#398 = EDGE_CURVE ( 'NONE', #10895, #2326, #9840, .T. ) ;
#399 = DIRECTION ( 'NONE',  ( -0.0000000000000000000, -0.0000000000000000000, 1.000000000000000000 ) ) ;
#400 = VECTOR ( 'NONE', #3766, 1000.000000000000200 ) ;
#401 = FACE_OUTER_BOUND ( 'NONE', #7742, .T. ) ;
#402 = AXIS2_PLACEMENT_3D ( 'NONE', #8077, #11916, #10053 ) ;
#403 = VERTEX_POINT ( 'NONE', #11143 ) ;
#404 = ORIENTED_EDGE ( 'NONE', *, *, #8100, .F. ) ;
#405 = DIRECTION ( 'NONE',  ( -0.0000000000000000000, -0.0000000000000000000, 1.000000000000000000 ) ) ;
#406 = CARTESIAN_POINT ( 'NONE',  ( 2.965000000000002500, -3.125000000000000000, -0.8499999999999999800 ) ) ;
#407 = CARTESIAN_POINT ( 'NONE',  ( -6.009999999999999800, -2.125000000000000000, -0.8850000000000000100 ) ) ;
#408 = DIRECTION ( 'NONE',  ( -1.000000000000000000, -0.0000000000000000000, 0.0000000000000000000 ) ) ;
#409 = EDGE_CURVE ( 'NONE', #1881, #357, #7839, .T. ) ;
#410 = DIRECTION ( 'NONE',  ( -0.0000000000000000000, -0.0000000000000000000, -1.000000000000000000 ) ) ;
#411 = VECTOR ( 'NONE', #9217, 1000.000000000000000 ) ;
#412 = CARTESIAN_POINT ( 'NONE',  ( -0.7850000000000000300, -3.425000000000000300, -1.125000000000000200 ) ) ;
#413 = DIRECTION ( 'NONE',  ( -0.0000000000000000000, -0.0000000000000000000, -1.000000000000000000 ) ) ;
#414 = VECTOR ( 'NONE', #10326, 1000.000000000000000 ) ;
#415 = ORIENTED_EDGE ( 'NONE', *, *, #4406, .F. ) ;
#416 = CARTESIAN_POINT ( 'NONE',  ( -4.214999999999999900, -3.775000000000000400, -0.5749999999999999600 ) ) ;
#417 = ADVANCED_FACE ( 'NONE', ( #3226 ), #11988, .F. ) ;
#418 = CARTESIAN_POINT ( 'NONE',  ( -5.875000000000000000, -2.624999999999999600, 1.100000000000000100 ) ) ;
#419 = VERTEX_POINT ( 'NONE', #10962 ) ;
#420 = ORIENTED_EDGE ( 'NONE', *, *, #10407, .T. ) ;
#421 = EDGE_CURVE ( 'NONE', #578, #2326, #736, .T. ) ;
#422 = CARTESIAN_POINT ( 'NONE',  ( -5.575000000000000200, 0.9749999999999999800, -0.4500000000000001200 ) ) ;
#423 = LINE ( 'NONE', #1038, #5374 ) ;
#424 = VECTOR ( 'NONE', #7076, 1000.000000000000100 ) ;
#425 = DIRECTION ( 'NONE',  ( 0.0000000000000000000, -1.000000000000000000, -0.0000000000000000000 ) ) ;
#426 = LINE ( 'NONE', #12833, #5823 ) ;
#427 = DIRECTION ( 'NONE',  ( -1.000000000000000000, -0.0000000000000000000, 0.0000000000000000000 ) ) ;
#428 = DIRECTION ( 'NONE',  ( 0.0000000000000000000, 0.0000000000000000000, -1.000000000000000000 ) ) ;
#429 = VECTOR ( 'NONE', #3751, 1000.000000000000000 ) ;
#430 = VERTEX_POINT ( 'NONE', #2062 ) ;
#431 = VERTEX_POINT ( 'NONE', #7028 ) ;
#432 = ORIENTED_EDGE ( 'NONE', *, *, #3060, .T. ) ;
#433 = EDGE_CURVE ( 'NONE', #138, #4619, #11713, .T. ) ;
#434 = ADVANCED_FACE ( 'NONE', ( #887 ), #5046, .T. ) ;
#435 = EDGE_CURVE ( 'NONE', #5304, #9297, #12174, .T. ) ;
#436 = LINE ( 'NONE', #8498, #8000 ) ;
#437 = CARTESIAN_POINT ( 'NONE',  ( 9.090000000000001600, -3.125000000000000000, -1.300000000000000300 ) ) ;
#438 = AXIS2_PLACEMENT_3D ( 'NONE', #6930, #2088, #5118 ) ;
#439 = LINE ( 'NONE', #5548, #2757 ) ;
#440 = DIRECTION ( 'NONE',  ( 0.0000000000000000000, 1.000000000000000000, 0.0000000000000000000 ) ) ;
#441 = LINE ( 'NONE', #6767, #3407 ) ;
#442 = CARTESIAN_POINT ( 'NONE',  ( -6.099999999999999600, -2.035000000000000100, -0.6449999999999999100 ) ) ;
#443 = CARTESIAN_POINT ( 'NONE',  ( -5.575000000000000200, 0.9749999999999999800, -1.200000000000000000 ) ) ;
#444 = VECTOR ( 'NONE', #6581, 1000.000000000000000 ) ;
#445 = ORIENTED_EDGE ( 'NONE', *, *, #5681, .F. ) ;
#446 = ORIENTED_EDGE ( 'NONE', *, *, #7516, .F. ) ;
#447 = CARTESIAN_POINT ( 'NONE',  ( 0.0000000000000000000, -2.625000000000000000, 1.100000000000000100 ) ) ;
#448 = ORIENTED_EDGE ( 'NONE', *, *, #2109, .T. ) ;
#449 = LINE ( 'NONE', #5641, #1051 ) ;
#450 = LINE ( 'NONE', #8933, #1212 ) ;
#451 = AXIS2_PLACEMENT_3D ( 'NONE', #3907, #8876, #11009 ) ;
#452 = CIRCLE ( 'NONE', #10045, 0.2000000000000000900 ) ;
#453 = CARTESIAN_POINT ( 'NONE',  ( 2.965000000000000300, -4.224999999999999600, -1.600000000000000100 ) ) ;
#454 = CARTESIAN_POINT ( 'NONE',  ( 4.214999999999999900, -4.224999999999999600, -1.300000000000000300 ) ) ;
#455 = ORIENTED_EDGE ( 'NONE', *, *, #8109, .F. ) ;
#456 = ORIENTED_EDGE ( 'NONE', *, *, #9484, .F. ) ;
#457 = EDGE_CURVE ( 'NONE', #1325, #5131, #6776, .T. ) ;
#458 = EDGE_LOOP ( 'NONE', ( #6888, #1254, #7020, #2491, #9045, #7610, #3750, #6030 ) ) ;
#459 = FILL_AREA_STYLE_COLOUR ( '', #10749 ) ;
#460 = DIRECTION ( 'NONE',  ( -0.0000000000000000000, -1.000000000000000000, 0.0000000000000000000 ) ) ;
#461 = CARTESIAN_POINT ( 'NONE',  ( -1.715000000000000100, -4.224999999999999600, -1.600000000000000100 ) ) ;
#462 = ORIENTED_EDGE ( 'NONE', *, *, #5917, .T. ) ;
#463 = VECTOR ( 'NONE', #12476, 1000.000000000000000 ) ;
#464 = EDGE_CURVE ( 'NONE', #8369, #4130, #595, .T. ) ;
#465 = FACE_OUTER_BOUND ( 'NONE', #12824, .T. ) ;
#466 = DIRECTION ( 'NONE',  ( 0.0000000000000000000, -0.0000000000000000000, 1.000000000000000000 ) ) ;
#467 = ORIENTED_EDGE ( 'NONE', *, *, #10972, .T. ) ;
#468 = ORIENTED_EDGE ( 'NONE', *, *, #9463, .T. ) ;
#469 = ORIENTED_EDGE ( 'NONE', *, *, #5404, .T. ) ;
#470 = LINE ( 'NONE', #7559, #773 ) ;
#471 = CARTESIAN_POINT ( 'NONE',  ( 1.715000000000000100, -3.225000000000000100, -0.9250000000000000400 ) ) ;
#472 = ORIENTED_EDGE ( 'NONE', *, *, #7966, .T. ) ;
#473 = EDGE_CURVE ( 'NONE', #4047, #5803, #10482, .T. ) ;
#474 = DIRECTION ( 'NONE',  ( -1.000000000000000000, 0.0000000000000000000, -0.0000000000000000000 ) ) ;
#475 = ORIENTED_EDGE ( 'NONE', *, *, #6046, .T. ) ;
#476 = SURFACE_STYLE_USAGE ( .BOTH. , #10319 ) ;
#477 = CARTESIAN_POINT ( 'NONE',  ( 1.715000000000002100, -3.125000000000000000, -0.1000000000000000100 ) ) ;
#478 = ORIENTED_EDGE ( 'NONE', *, *, #1515, .T. ) ;
#479 = EDGE_CURVE ( 'NONE', #10076, #10404, #11422, .T. ) ;
#480 = ORIENTED_EDGE ( 'NONE', *, *, #1389, .T. ) ;
#481 = ORIENTED_EDGE ( 'NONE', *, *, #11081, .F. ) ;
#482 = VECTOR ( 'NONE', #4073, 1000.000000000000000 ) ;
#483 = DIRECTION ( 'NONE',  ( 0.0000000000000000000, 1.000000000000000000, 0.0000000000000000000 ) ) ;
#484 = VECTOR ( 'NONE', #9604, 1000.000000000000000 ) ;
#485 = ADVANCED_FACE ( 'NONE', ( #1659 ), #2333, .F. ) ;
#486 = CARTESIAN_POINT ( 'NONE',  ( 7.575000000000000200, -0.2249999999999999500, -1.550000000000000300 ) ) ;
#487 = ORIENTED_EDGE ( 'NONE', *, *, #218, .T. ) ;
#488 = CARTESIAN_POINT ( 'NONE',  ( -6.540000000000000000, -2.025000000000000400, -1.499999999999999800 ) ) ;
#489 = CARTESIAN_POINT ( 'NONE',  ( 1.715000000000000100, -0.2250000000000000600, -0.4749999999999999800 ) ) ;
#490 = DIRECTION ( 'NONE',  ( -1.000000000000000000, -0.0000000000000000000, -0.0000000000000000000 ) ) ;
#491 = VERTEX_POINT ( 'NONE', #5315 ) ;
#492 = DIRECTION ( 'NONE',  ( 0.0000000000000000000, 1.000000000000000000, -0.0000000000000000000 ) ) ;
#493 = DIRECTION ( 'NONE',  ( 0.0000000000000000000, -0.0000000000000000000, -1.000000000000000000 ) ) ;
#494 = EDGE_CURVE ( 'NONE', #11369, #1361, #4459, .T. ) ;
#495 = CARTESIAN_POINT ( 'NONE',  ( 0.7850000000000000300, -3.625000000000000000, -1.800000000000000300 ) ) ;
#496 = ORIENTED_EDGE ( 'NONE', *, *, #9817, .T. ) ;
#497 = ORIENTED_EDGE ( 'NONE', *, *, #971, .T. ) ;
#498 = PRESENTATION_STYLE_ASSIGNMENT (( #3960 ) ) ;
#499 = FACE_OUTER_BOUND ( 'NONE', #9562, .T. ) ;
#500 = ORIENTED_EDGE ( 'NONE', *, *, #12434, .F. ) ;
#501 = CARTESIAN_POINT ( 'NONE',  ( 5.275000000000000400, 0.7750000000000001300, -1.200000000000000000 ) ) ;
#502 = CARTESIAN_POINT ( 'NONE',  ( 9.090000000000001600, -3.125000000000000000, -0.4250000000000000400 ) ) ;
#503 = ADVANCED_FACE ( 'NONE', ( #11846 ), #2283, .T. ) ;
#504 = VERTEX_POINT ( 'NONE', #10185 ) ;
#505 = CARTESIAN_POINT ( 'NONE',  ( -4.924999999999999800, -0.1749999999999999900, 1.600000000000000100 ) ) ;
#506 = CARTESIAN_POINT ( 'NONE',  ( 4.535000000000000100, -3.425000000000000300, 1.600000000000000100 ) ) ;
#507 = CARTESIAN_POINT ( 'NONE',  ( -5.174999999999999800, -0.02500000000000006400, -1.600000000000000100 ) ) ;
#508 = CARTESIAN_POINT ( 'NONE',  ( 3.175000000000001200, 0.2750000000000003000, -0.6750000000000000400 ) ) ;
#509 = CARTESIAN_POINT ( 'NONE',  ( 0.3750000000000000000, -2.625000000000000000, 1.600000000000000100 ) ) ;
#510 = ORIENTED_EDGE ( 'NONE', *, *, #12231, .F. ) ;
#511 = ORIENTED_EDGE ( 'NONE', *, *, #6190, .F. ) ;
#512 = FACE_OUTER_BOUND ( 'NONE', #517, .T. ) ;
#513 = EDGE_LOOP ( 'NONE', ( #11326, #6790, #7799, #7479 ) ) ;
#514 = CARTESIAN_POINT ( 'NONE',  ( 9.090000000000001600, -3.125000000000000000, -1.300000000000000300 ) ) ;
#515 = ORIENTED_EDGE ( 'NONE', *, *, #1435, .F. ) ;
#516 = EDGE_CURVE ( 'NONE', #3242, #9607, #8471, .T. ) ;
#517 = EDGE_LOOP ( 'NONE', ( #8646, #11333, #10649, #8283 ) ) ;
#518 = ADVANCED_FACE ( 'NONE', ( #5524 ), #4286, .T. ) ;
#519 = EDGE_CURVE ( 'NONE', #4659, #7673, #1951, .T. ) ;
#520 = PLANE ( 'NONE',  #7320 ) ;
#521 = DIRECTION ( 'NONE',  ( -0.0000000000000000000, -0.0000000000000000000, -1.000000000000000000 ) ) ;
#522 = ORIENTED_EDGE ( 'NONE', *, *, #6831, .T. ) ;
#523 = LINE ( 'NONE', #507, #10084 ) ;
#524 = CYLINDRICAL_SURFACE ( 'NONE', #5860, 0.2000000000000000900 ) ;
#525 = CARTESIAN_POINT ( 'NONE',  ( 1.715000000000002100, -3.125000000000000000, -0.8499999999999999800 ) ) ;
#526 = EDGE_CURVE ( 'NONE', #11769, #946, #7532, .T. ) ;
#527 = EDGE_LOOP ( 'NONE', ( #3676, #5742, #7328, #6168 ) ) ;
#528 = CARTESIAN_POINT ( 'NONE',  ( -4.534999999999999300, -4.208005078473780400, -0.1000000000000000100 ) ) ;
#529 = EDGE_LOOP ( 'NONE', ( #10521, #10165, #12650, #10797, #4010, #87, #5116, #455, #2289 ) ) ;
#530 = DIRECTION ( 'NONE',  ( 0.0000000000000000000, 0.0000000000000000000, 1.000000000000000000 ) ) ;
#531 = VECTOR ( 'NONE', #4282, 1000.000000000000000 ) ;
#532 = ORIENTED_EDGE ( 'NONE', *, *, #3003, .F. ) ;
#533 = CARTESIAN_POINT ( 'NONE',  ( 4.269999999999999600, 0.02500000000000000100, -0.4749999999999999800 ) ) ;
#534 = LINE ( 'NONE', #4747, #2382 ) ;
#535 = VECTOR ( 'NONE', #4262, 1000.000000000000000 ) ;
#536 = EDGE_CURVE ( 'NONE', #5072, #3669, #3213, .T. ) ;
#537 = DIRECTION ( 'NONE',  ( 0.0000000000000000000, 0.0000000000000000000, 1.000000000000000000 ) ) ;
#538 = EDGE_CURVE ( 'NONE', #2520, #9344, #2895, .T. ) ;
#539 = ORIENTED_EDGE ( 'NONE', *, *, #1931, .F. ) ;
#540 = CARTESIAN_POINT ( 'NONE',  ( 0.7850000000000000300, -0.2250000000000000600, -0.4749999999999999800 ) ) ;
#541 = VECTOR ( 'NONE', #9783, 1000.000000000000000 ) ;
#542 = DIRECTION ( 'NONE',  ( -1.000000000000000000, 0.0000000000000000000, 0.0000000000000000000 ) ) ;
#543 = LINE ( 'NONE', #12780, #10730 ) ;
#544 = ORIENTED_EDGE ( 'NONE', *, *, #7223, .T. ) ;
#545 = VECTOR ( 'NONE', #3334, 1000.000000000000000 ) ;
#546 = DIRECTION ( 'NONE',  ( 0.0000000000000000000, 0.7071067811865474600, -0.7071067811865474600 ) ) ;
#547 = CARTESIAN_POINT ( 'NONE',  ( 3.125000000000000000, 0.02500000000000000100, -0.1875000000000000000 ) ) ;
#548 = ADVANCED_FACE ( 'NONE', ( #12637 ), #9981, .T. ) ;
#549 = EDGE_CURVE ( 'NONE', #1381, #12070, #10469, .T. ) ;
#550 = FACE_OUTER_BOUND ( 'NONE', #6641, .T. ) ;
#551 = PLANE ( 'NONE',  #11625 ) ;
#552 = VERTEX_POINT ( 'NONE', #8010 ) ;
#553 = LINE ( 'NONE', #394, #8444 ) ;
#554 = VECTOR ( 'NONE', #12148, 1000.000000000000000 ) ;
#555 = VERTEX_POINT ( 'NONE', #5032 ) ;
#556 = EDGE_CURVE ( 'NONE', #2355, #1818, #7988, .T. ) ;
#557 = UNCERTAINTY_MEASURE_WITH_UNIT (LENGTH_MEASURE( 1.000000000000000100E-005 ), #12396, 'distance_accuracy_value', 'NONE');
#558 = CARTESIAN_POINT ( 'NONE',  ( -4.214999999999999900, -3.225000000000000100, -0.9250000000000000400 ) ) ;
#559 = DIRECTION ( 'NONE',  ( 0.0000000000000000000, 0.0000000000000000000, 1.000000000000000000 ) ) ;
#560 = ADVANCED_FACE ( 'NONE', ( #9060 ), #11973, .T. ) ;
#561 = VECTOR ( 'NONE', #7807, 1000.000000000000000 ) ;
#562 = VECTOR ( 'NONE', #10300, 1000.000000000000000 ) ;
#563 = VECTOR ( 'NONE', #2129, 1000.000000000000000 ) ;
#564 = CARTESIAN_POINT ( 'NONE',  ( 3.285000000000000100, -4.224999999999999600, -1.300000000000000300 ) ) ;
#565 = EDGE_CURVE ( 'NONE', #1238, #5470, #2587, .T. ) ;
#566 = ORIENTED_EDGE ( 'NONE', *, *, #7065, .F. ) ;
#567 = ORIENTED_EDGE ( 'NONE', *, *, #1395, .T. ) ;
#568 = EDGE_LOOP ( 'NONE', ( #3813, #10035, #1187, #11138, #10946, #1880, #11599 ) ) ;
#569 = CARTESIAN_POINT ( 'NONE',  ( -6.450000000000000200, -2.225000000000000100, -0.6450000000000000200 ) ) ;
#570 = DIRECTION ( 'NONE',  ( 0.0000000000000000000, 0.0000000000000000000, -1.000000000000000000 ) ) ;
#571 = PLANE ( 'NONE',  #6735 ) ;
#572 = EDGE_CURVE ( 'NONE', #9535, #2502, #12327, .T. ) ;
#573 = DIRECTION ( 'NONE',  ( -0.2033118901005024100, -0.9241449550023839200, -0.3234507342508329300 ) ) ;
#574 = DIRECTION ( 'NONE',  ( 0.0000000000000000000, -1.000000000000000000, 0.0000000000000000000 ) ) ;
#575 = AXIS2_PLACEMENT_3D ( 'NONE', #12040, #5319, #1206 ) ;
#576 = ADVANCED_FACE ( 'NONE', ( #5827 ), #186, .T. ) ;
#577 = VECTOR ( 'NONE', #5557, 1000.000000000000000 ) ;
#578 = VERTEX_POINT ( 'NONE', #8101 ) ;
#579 = LINE ( 'NONE', #2050, #12481 ) ;
#580 = EDGE_LOOP ( 'NONE', ( #8459, #9738, #6294, #10658, #9592, #5083 ) ) ;
#581 = ORIENTED_EDGE ( 'NONE', *, *, #2806, .T. ) ;
#582 = DIRECTION ( 'NONE',  ( -1.000000000000000000, -0.0000000000000000000, -0.0000000000000000000 ) ) ;
#583 = EDGE_LOOP ( 'NONE', ( #1731, #2550, #6192, #5861 ) ) ;
#584 = DIRECTION ( 'NONE',  ( 1.000000000000000000, 0.0000000000000000000, 0.0000000000000000000 ) ) ;
#585 = DIRECTION ( 'NONE',  ( -0.0000000000000000000, 1.000000000000000000, 0.0000000000000000000 ) ) ;
#586 = DIRECTION ( 'NONE',  ( -0.0000000000000000000, 0.0000000000000000000, 1.000000000000000000 ) ) ;
#587 = EDGE_CURVE ( 'NONE', #6031, #6451, #6141, .T. ) ;
#588 = CARTESIAN_POINT ( 'NONE',  ( 0.7849999999999972600, -0.2250000000000005900, -0.09999999999999985300 ) ) ;
#589 = CARTESIAN_POINT ( 'NONE',  ( 0.8750000000000000000, -2.625000000000000000, 1.100000000000000100 ) ) ;
#590 = PLANE ( 'NONE',  #2780 ) ;
#591 = LINE ( 'NONE', #4169, #10772 ) ;
#592 = DIRECTION ( 'NONE',  ( 1.000000000000000000, -0.0000000000000000000, 0.0000000000000000000 ) ) ;
#593 = VECTOR ( 'NONE', #1154, 1000.000000000000000 ) ;
#594 = LINE ( 'NONE', #1411, #11711 ) ;
#595 = LINE ( 'NONE', #4105, #9400 ) ;
#596 = EDGE_LOOP ( 'NONE', ( #12544, #6686, #4127, #3536, #11937, #7129 ) ) ;
#597 = ORIENTED_EDGE ( 'NONE', *, *, #12781, .F. ) ;
#598 = CARTESIAN_POINT ( 'NONE',  ( 1.925000000000001400, 0.2750000000000002400, -0.6750000000000000400 ) ) ;
#599 = VERTEX_POINT ( 'NONE', #6976 ) ;
#600 = VECTOR ( 'NONE', #2763, 1000.000000000000000 ) ;
#601 = PLANE ( 'NONE',  #3546 ) ;
#602 = LINE ( 'NONE', #8735, #10492 ) ;
#603 = VECTOR ( 'NONE', #8002, 1000.000000000000000 ) ;
#604 = DIRECTION ( 'NONE',  ( 0.0000000000000000000, -0.0000000000000000000, -1.000000000000000000 ) ) ;
#605 = FACE_OUTER_BOUND ( 'NONE', #5200, .T. ) ;
#606 = APPLICATION_PROTOCOL_DEFINITION ( 'draft international standard', 'automotive_design', 1998, #12437 ) ;
#607 = AXIS2_PLACEMENT_3D ( 'NONE', #8354, #9156, #3255 ) ;
#608 = DIRECTION ( 'NONE',  ( 0.0000000000000000000, 1.000000000000000000, 0.0000000000000000000 ) ) ;
#609 = VERTEX_POINT ( 'NONE', #10080 ) ;
#610 = ORIENTED_EDGE ( 'NONE', *, *, #5734, .T. ) ;
#611 = EDGE_CURVE ( 'NONE', #9828, #10306, #579, .T. ) ;
#612 = ORIENTED_EDGE ( 'NONE', *, *, #11418, .T. ) ;
#613 = DIRECTION ( 'NONE',  ( -0.0000000000000000000, 1.000000000000000000, 0.0000000000000000000 ) ) ;
#614 = VECTOR ( 'NONE', #10726, 1000.000000000000000 ) ;
#615 = AXIS2_PLACEMENT_3D ( 'NONE', #4862, #2923, #8828 ) ;
#616 = ADVANCED_FACE ( 'NONE', ( #9385 ), #3049, .F. ) ;
#617 = LINE ( 'NONE', #2159, #5865 ) ;
#618 = VECTOR ( 'NONE', #732, 1000.000000000000000 ) ;
#619 = DIRECTION ( 'NONE',  ( 0.0000000000000000000, 0.7071067811865452400, -0.7071067811865497900 ) ) ;
#620 = DIRECTION ( 'NONE',  ( 1.000000000000000000, -0.0000000000000000000, 0.0000000000000000000 ) ) ;
#621 = CARTESIAN_POINT ( 'NONE',  ( 5.875000000000000000, -0.1749999999999999600, 1.200000000000000000 ) ) ;
#622 = ORIENTED_EDGE ( 'NONE', *, *, #12283, .F. ) ;
#623 = VERTEX_POINT ( 'NONE', #7015 ) ;
#624 = ORIENTED_EDGE ( 'NONE', *, *, #3965, .T. ) ;
#625 = DIRECTION ( 'NONE',  ( 1.000000000000000000, 0.0000000000000000000, -0.0000000000000000000 ) ) ;
#626 = ORIENTED_EDGE ( 'NONE', *, *, #11804, .F. ) ;
#627 = AXIS2_PLACEMENT_3D ( 'NONE', #11862, #9869, #11949 ) ;
#628 = ORIENTED_EDGE ( 'NONE', *, *, #1542, .F. ) ;
#629 = CARTESIAN_POINT ( 'NONE',  ( 0.8749999999999998900, -3.225000000000000100, 1.100000000000000100 ) ) ;
#630 = ADVANCED_FACE ( 'NONE', ( #7384 ), #2000, .T. ) ;
#631 = CARTESIAN_POINT ( 'NONE',  ( -5.174999999999999800, -3.224999999999999600, -1.600000000000000100 ) ) ;
#632 = DIRECTION ( 'NONE',  ( 0.0000000000000000000, 1.000000000000000000, 0.0000000000000000000 ) ) ;
#633 = EDGE_CURVE ( 'NONE', #10985, #333, #8150, .T. ) ;
#634 = DIRECTION ( 'NONE',  ( -1.000000000000000000, 0.0000000000000000000, -0.0000000000000000000 ) ) ;
#635 = DIRECTION ( 'NONE',  ( -1.000000000000000000, -0.0000000000000000000, -0.0000000000000000000 ) ) ;
#636 = EDGE_LOOP ( 'NONE', ( #6691, #5733, #2105, #12466 ) ) ;
#637 = ORIENTED_EDGE ( 'NONE', *, *, #5284, .F. ) ;
#638 = ORIENTED_EDGE ( 'NONE', *, *, #12809, .T. ) ;
#639 = CARTESIAN_POINT ( 'NONE',  ( 4.535000000000000100, -3.625000000000000000, -1.800000000000000300 ) ) ;
#640 = FACE_OUTER_BOUND ( 'NONE', #8635, .T. ) ;
#641 = EDGE_CURVE ( 'NONE', #12166, #650, #4604, .T. ) ;
#642 = CARTESIAN_POINT ( 'NONE',  ( -4.534999999999999300, -3.125000000000000000, -0.1000000000000000100 ) ) ;
#643 = ORIENTED_EDGE ( 'NONE', *, *, #9594, .T. ) ;
#644 = AXIS2_PLACEMENT_3D ( 'NONE', #2663, #2615, #9516 ) ;
#645 = DIRECTION ( 'NONE',  ( 0.0000000000000000000, 0.0000000000000000000, -1.000000000000000000 ) ) ;
#646 = ORIENTED_EDGE ( 'NONE', *, *, #8034, .F. ) ;
#647 = ORIENTED_EDGE ( 'NONE', *, *, #2266, .F. ) ;
#648 = AXIS2_PLACEMENT_3D ( 'NONE', #11275, #288, #6341 ) ;
#649 = ADVANCED_FACE ( 'NONE', ( #3547 ), #6332, .T. ) ;
#650 = VERTEX_POINT ( 'NONE', #7922 ) ;
#651 = ORIENTED_EDGE ( 'NONE', *, *, #7588, .F. ) ;
#652 = CARTESIAN_POINT ( 'NONE',  ( -3.284999999999998800, -3.125000000000000000, -0.8499999999999999800 ) ) ;
#653 = VECTOR ( 'NONE', #2861, 1000.000000000000000 ) ;
#654 = EDGE_CURVE ( 'NONE', #11796, #1348, #11412, .T. ) ;
#655 = FACE_OUTER_BOUND ( 'NONE', #10402, .T. ) ;
#656 = CARTESIAN_POINT ( 'NONE',  ( -0.4650000000000006900, -0.2250000000000001700, -0.8500000000000000900 ) ) ;
#657 = ORIENTED_EDGE ( 'NONE', *, *, #4438, .T. ) ;
#658 = CARTESIAN_POINT ( 'NONE',  ( 6.550000000000000700, -0.02499999999999988700, -1.800000000000000300 ) ) ;
#659 = VERTEX_POINT ( 'NONE', #5251 ) ;
#660 = ORIENTED_EDGE ( 'NONE', *, *, #10891, .F. ) ;
#661 = EDGE_CURVE ( 'NONE', #11323, #5859, #1509, .T. ) ;
#662 = DIRECTION ( 'NONE',  ( 1.000000000000000000, 0.0000000000000000000, -0.0000000000000000000 ) ) ;
#663 = AXIS2_PLACEMENT_3D ( 'NONE', #2, #8978, #6013 ) ;
#664 = ORIENTED_EDGE ( 'NONE', *, *, #10258, .F. ) ;
#665 = VERTEX_POINT ( 'NONE', #371 ) ;
#666 = LINE ( 'NONE', #8090, #12562 ) ;
#667 = PLANE ( 'NONE',  #12138 ) ;
#668 = LINE ( 'NONE', #10126, #10401 ) ;
#669 = DIRECTION ( 'NONE',  ( -0.7071067811865474600, 0.7071067811865474600, 0.0000000000000000000 ) ) ;
#670 = DIRECTION ( 'NONE',  ( -0.0000000000000000000, 0.0000000000000000000, -1.000000000000000000 ) ) ;
#671 = ORIENTED_EDGE ( 'NONE', *, *, #4740, .T. ) ;
#672 = DIRECTION ( 'NONE',  ( 0.0000000000000000000, 1.000000000000000000, -0.0000000000000000000 ) ) ;
#673 = DIRECTION ( 'NONE',  ( 0.0000000000000000000, 1.000000000000000000, -0.0000000000000000000 ) ) ;
#674 = EDGE_CURVE ( 'NONE', #9893, #8599, #7684, .T. ) ;
#675 = DIRECTION ( 'NONE',  ( -1.000000000000000000, -0.0000000000000000000, -0.0000000000000000000 ) ) ;
#676 = ORIENTED_EDGE ( 'NONE', *, *, #1063, .T. ) ;
#677 = VECTOR ( 'NONE', #4442, 1000.000000000000000 ) ;
#679 = DIRECTION ( 'NONE',  ( -0.0000000000000000000, 0.0000000000000000000, 1.000000000000000000 ) ) ;
#678 = VECTOR ( 'NONE', #6083, 1000.000000000000000 ) ;
#680 = ORIENTED_EDGE ( 'NONE', *, *, #4315, .T. ) ;
#681 = DIRECTION ( 'NONE',  ( 0.0000000000000000000, 0.0000000000000000000, 1.000000000000000000 ) ) ;
#682 = ORIENTED_EDGE ( 'NONE', *, *, #7730, .T. ) ;
#683 = CARTESIAN_POINT ( 'NONE',  ( -1.715000000000000100, -3.225000000000000100, -1.125000000000000200 ) ) ;
#684 = DIRECTION ( 'NONE',  ( 0.0000000000000000000, 0.0000000000000000000, 1.000000000000000000 ) ) ;
#685 = PLANE ( 'NONE',  #7833 ) ;
#686 = ADVANCED_FACE ( 'NONE', ( #6462 ), #9310, .F. ) ;
#687 = ORIENTED_EDGE ( 'NONE', *, *, #11176, .F. ) ;
#688 = VECTOR ( 'NONE', #1683, 1000.000000000000000 ) ;
#689 = VECTOR ( 'NONE', #8365, 1000.000000000000000 ) ;
#690 = AXIS2_PLACEMENT_3D ( 'NONE', #6070, #1093, #6933 ) ;
#691 = EDGE_CURVE ( 'NONE', #2345, #6662, #99, .T. ) ;
#692 = CARTESIAN_POINT ( 'NONE',  ( 6.349999999999999600, -2.034999999999999700, -1.034999999999999900 ) ) ;
#693 = DIRECTION ( 'NONE',  ( 0.0000000000000000000, -1.000000000000000000, 0.0000000000000000000 ) ) ;
#694 = LINE ( 'NONE', #3292, #5157 ) ;
#695 = ADVANCED_FACE ( 'NONE', ( #9226 ), #1365, .T. ) ;
#696 = ORIENTED_EDGE ( 'NONE', *, *, #4804, .F. ) ;
#697 = EDGE_CURVE ( 'NONE', #4462, #9281, #12164, .T. ) ;
#698 = LINE ( 'NONE', #3573, #10877 ) ;
#699 = LINE ( 'NONE', #7912, #5779 ) ;
#700 = DIRECTION ( 'NONE',  ( -0.0000000000000000000, 1.000000000000000000, -0.0000000000000000000 ) ) ;
#701 = ORIENTED_EDGE ( 'NONE', *, *, #11875, .F. ) ;
#702 = AXIS2_PLACEMENT_3D ( 'NONE', #10351, #1500, #12209 ) ;
#703 = VERTEX_POINT ( 'NONE', #8244 ) ;
#704 = DIRECTION ( 'NONE',  ( 0.7071067811865479100, 0.0000000000000000000, -0.7071067811865472400 ) ) ;
#705 = VECTOR ( 'NONE', #12095, 1000.000000000000000 ) ;
#706 = DIRECTION ( 'NONE',  ( -0.0000000000000000000, -0.0000000000000000000, 1.000000000000000000 ) ) ;
#707 = EDGE_CURVE ( 'NONE', #101, #4047, #5379, .T. ) ;
#708 = EDGE_LOOP ( 'NONE', ( #5434, #5340, #3072, #10842 ) ) ;
#709 = ADVANCED_FACE ( 'NONE', ( #6901 ), #1230, .T. ) ;
#710 = EDGE_CURVE ( 'NONE', #12042, #3184, #6764, .T. ) ;
#711 = CARTESIAN_POINT ( 'NONE',  ( 5.675000000000001600, -3.225000000000000100, -1.800000000000000300 ) ) ;
#712 = CARTESIAN_POINT ( 'NONE',  ( 5.299999999999998900, -3.115000000000000200, -1.100000000000000300 ) ) ;
#713 = CARTESIAN_POINT ( 'NONE',  ( 7.575000000000000200, -2.025000000000000400, -1.800000000000000300 ) ) ;
#714 = LINE ( 'NONE', #8428, #1329 ) ;
#715 = VECTOR ( 'NONE', #2545, 1000.000000000000000 ) ;
#716 = CARTESIAN_POINT ( 'NONE',  ( -0.4650000000000000200, -3.225000000000000100, -1.300000000000000300 ) ) ;
#717 = LINE ( 'NONE', #2218, #8135 ) ;
#718 = ORIENTED_EDGE ( 'NONE', *, *, #9948, .T. ) ;
#719 = AXIS2_PLACEMENT_3D ( 'NONE', #3235, #11215, #10219 ) ;
#720 = CARTESIAN_POINT ( 'NONE',  ( 0.7850000000000000300, -4.224999999999999600, -1.300000000000000300 ) ) ;
#721 = EDGE_LOOP ( 'NONE', ( #4786, #334, #7102, #10827, #2640, #2799, #4474, #11753, #8690, #4476, #10285, #180, #2286, #10204, #12617, #1032, #446, #1626 ) ) ;
#722 = EDGE_CURVE ( 'NONE', #6062, #5403, #2750, .T. ) ;
#723 = CARTESIAN_POINT ( 'NONE',  ( 5.224999999999999600, -3.125000000000000000, -1.100000000000000100 ) ) ;
#724 = VECTOR ( 'NONE', #8758, 1000.000000000000000 ) ;
#725 = EDGE_CURVE ( 'NONE', #810, #4052, #2438, .T. ) ;
#726 = LINE ( 'NONE', #4407, #2881 ) ;
#727 = LINE ( 'NONE', #3310, #9974 ) ;
#728 = ORIENTED_EDGE ( 'NONE', *, *, #9316, .F. ) ;
#729 = ORIENTED_EDGE ( 'NONE', *, *, #3436, .T. ) ;
#730 = ORIENTED_EDGE ( 'NONE', *, *, #6831, .F. ) ;
#731 = LINE ( 'NONE', #5931, #4904 ) ;
#732 = DIRECTION ( 'NONE',  ( -1.000000000000000000, -0.0000000000000000000, 0.0000000000000000000 ) ) ;
#733 = EDGE_CURVE ( 'NONE', #3425, #3070, #1186, .T. ) ;
#734 = LINE ( 'NONE', #161, #424 ) ;
#735 = LINE ( 'NONE', #9758, #10619 ) ;
#736 = LINE ( 'NONE', #4241, #8323 ) ;
#737 = VERTEX_POINT ( 'NONE', #2317 ) ;
#738 = ORIENTED_EDGE ( 'NONE', *, *, #7715, .T. ) ;
#739 = ORIENTED_EDGE ( 'NONE', *, *, #8011, .T. ) ;
#740 = DIRECTION ( 'NONE',  ( 0.2033118901005039100, 0.9241449550023836900, -0.3234507342508329800 ) ) ;
#741 = DIRECTION ( 'NONE',  ( 0.0000000000000000000, 1.000000000000000000, 0.0000000000000000000 ) ) ;
#742 = CARTESIAN_POINT ( 'NONE',  ( 2.964999999999999900, -3.775000000000000400, -0.5749999999999999600 ) ) ;
#743 = DIRECTION ( 'NONE',  ( 0.2033118901005039100, 0.9241449550023836900, -0.3234507342508329800 ) ) ;
#744 = VECTOR ( 'NONE', #8305, 1000.000000000000000 ) ;
#745 = LINE ( 'NONE', #7487, #6632 ) ;
#746 = CYLINDRICAL_SURFACE ( 'NONE', #11462, 0.2000000000000000900 ) ;
#747 = CARTESIAN_POINT ( 'NONE',  ( -0.7849999999999983700, -3.125000000000000000, -0.1000000000000000100 ) ) ;
#748 = CARTESIAN_POINT ( 'NONE',  ( 2.035000000000000100, -3.775000000000000400, -0.4249999999999999900 ) ) ;
#749 = ADVANCED_FACE ( 'NONE', ( #876 ), #3276, .F. ) ;
#750 = CARTESIAN_POINT ( 'NONE',  ( 6.550000000000000700, -0.02499999999999988700, -1.550000000000000300 ) ) ;
#751 = FACE_OUTER_BOUND ( 'NONE', #12403, .T. ) ;
#752 = EDGE_LOOP ( 'NONE', ( #9166, #7599, #8536, #2480, #10399, #6024, #5789, #8834, #11253, #8604, #1105, #12520, #12829, #6931, #1090, #10780, #5540, #1591, #6209, #10756, #6075, #7133, #5153, #11617, #5797, #11615, #2824, #12575, #1420, #11770, #11738, #769, #9653, #282, #5879, #1741, #1772, #4328, #11927, #10373 ) ) ;
#753 = ORIENTED_EDGE ( 'NONE', *, *, #10461, .T. ) ;
#754 = EDGE_LOOP ( 'NONE', ( #1056, #8623, #9370, #3273 ) ) ;
#755 = CIRCLE ( 'NONE', #10769, 0.1000000000000000500 ) ;
#756 = EDGE_CURVE ( 'NONE', #12596, #12304, #3695, .T. ) ;
#757 = LINE ( 'NONE', #9761, #2145 ) ;
#758 = LINE ( 'NONE', #11892, #895 ) ;
#759 = DIRECTION ( 'NONE',  ( 0.0000000000000000000, -0.0000000000000000000, -1.000000000000000000 ) ) ;
#760 = VERTEX_POINT ( 'NONE', #631 ) ;
#761 = ORIENTED_EDGE ( 'NONE', *, *, #11176, .T. ) ;
#762 = VERTEX_POINT ( 'NONE', #5502 ) ;
#763 = EDGE_CURVE ( 'NONE', #3364, #10101, #11087, .T. ) ;
#764 = ADVANCED_FACE ( 'NONE', ( #8902 ), #8545, .F. ) ;
#765 = ORIENTED_EDGE ( 'NONE', *, *, #12392, .F. ) ;
#766 = CARTESIAN_POINT ( 'NONE',  ( -1.715000000000000100, -3.924999999999999800, -0.5749999999999999600 ) ) ;
#767 = AXIS2_PLACEMENT_3D ( 'NONE', #8405, #12239, #1442 ) ;
#768 = EDGE_LOOP ( 'NONE', ( #4283, #7454, #4240, #10959 ) ) ;
#769 = ORIENTED_EDGE ( 'NONE', *, *, #7223, .F. ) ;
#770 = EDGE_CURVE ( 'NONE', #4429, #4555, #6293, .T. ) ;
#771 = ORIENTED_EDGE ( 'NONE', *, *, #3488, .F. ) ;
#772 = CARTESIAN_POINT ( 'NONE',  ( -5.275000000000000400, -1.975000000000000100, 0.3999999999999999700 ) ) ;
#773 = VECTOR ( 'NONE', #12689, 1000.000000000000000 ) ;
#774 = ORIENTED_EDGE ( 'NONE', *, *, #7991, .F. ) ;
#775 = CARTESIAN_POINT ( 'NONE',  ( -5.174999999999999800, 0.9749999999999999800, -1.800000000000000300 ) ) ;
#776 = DIRECTION ( 'NONE',  ( 0.0000000000000000000, 0.0000000000000000000, -1.000000000000000000 ) ) ;
#777 = ORIENTED_EDGE ( 'NONE', *, *, #3033, .T. ) ;
#778 = DIRECTION ( 'NONE',  ( 0.0000000000000000000, -0.0000000000000000000, -1.000000000000000000 ) ) ;
#779 = DIRECTION ( 'NONE',  ( 0.0000000000000000000, 1.000000000000000000, 0.0000000000000000000 ) ) ;
#780 = DIRECTION ( 'NONE',  ( 0.0000000000000000000, 1.000000000000000000, -0.0000000000000000000 ) ) ;
#781 = ORIENTED_EDGE ( 'NONE', *, *, #11930, .F. ) ;
#782 = PLANE ( 'NONE',  #5259 ) ;
#783 = ORIENTED_EDGE ( 'NONE', *, *, #49, .T. ) ;
#784 = ORIENTED_EDGE ( 'NONE', *, *, #11814, .F. ) ;
#785 = LINE ( 'NONE', #10635, #1087 ) ;
#786 = AXIS2_PLACEMENT_3D ( 'NONE', #9286, #3400, #2244 ) ;
#787 = ORIENTED_EDGE ( 'NONE', *, *, #7106, .T. ) ;
#788 = CARTESIAN_POINT ( 'NONE',  ( 6.375000000000000900, -2.225000000000000500, 0.4000000000000000800 ) ) ;
#789 = DIRECTION ( 'NONE',  ( -1.000000000000000000, -0.0000000000000000000, -0.0000000000000000000 ) ) ;
#790 = EDGE_CURVE ( 'NONE', #8352, #419, #1961, .T. ) ;
#791 = ORIENTED_EDGE ( 'NONE', *, *, #633, .F. ) ;
#792 = CARTESIAN_POINT ( 'NONE',  ( 0.0000000000000000000, 0.0000000000000000000, -1.800000000000000300 ) ) ;
#793 = PLANE ( 'NONE',  #4265 ) ;
#794 = EDGE_CURVE ( 'NONE', #8886, #6082, #1347, .T. ) ;
#795 = DIRECTION ( 'NONE',  ( 0.0000000000000000000, -0.0000000000000000000, -1.000000000000000000 ) ) ;
#796 = VERTEX_POINT ( 'NONE', #454 ) ;
#797 = ORIENTED_EDGE ( 'NONE', *, *, #3048, .F. ) ;
#798 = AXIS2_PLACEMENT_3D ( 'NONE', #11296, #2435, #12451 ) ;
#799 = CIRCLE ( 'NONE', #2178, 0.1499999999999999700 ) ;
#800 = ORIENTED_EDGE ( 'NONE', *, *, #7260, .T. ) ;
#801 = EDGE_LOOP ( 'NONE', ( #6015, #1758, #6019, #5918 ) ) ;
#802 = CARTESIAN_POINT ( 'NONE',  ( -4.125000000000000000, -3.225000000000000100, 1.600000000000000100 ) ) ;
#803 = AXIS2_PLACEMENT_3D ( 'NONE', #8131, #11205, #10068 ) ;
#804 = EDGE_CURVE ( 'NONE', #10166, #1554, #6611, .T. ) ;
#805 = CARTESIAN_POINT ( 'NONE',  ( -0.3750000000000000000, -2.625000000000000000, 1.600000000000000100 ) ) ;
#806 = ORIENTED_EDGE ( 'NONE', *, *, #11729, .F. ) ;
#807 = ORIENTED_EDGE ( 'NONE', *, *, #1497, .F. ) ;
#808 = CIRCLE ( 'NONE', #663, 0.3499999999999999200 ) ;
#809 = LINE ( 'NONE', #144, #5760 ) ;
#810 = VERTEX_POINT ( 'NONE', #9348 ) ;
#811 = ADVANCED_FACE ( 'NONE', ( #9261 ), #2445, .T. ) ;
#812 = VERTEX_POINT ( 'NONE', #5424 ) ;
#813 = EDGE_CURVE ( 'NONE', #9451, #4343, #4015, .T. ) ;
#814 = DIRECTION ( 'NONE',  ( 0.0000000000000000000, 0.0000000000000000000, -1.000000000000000000 ) ) ;
#815 = CARTESIAN_POINT ( 'NONE',  ( 2.964999999999999900, -3.225000000000000100, -1.300000000000000300 ) ) ;
#816 = VERTEX_POINT ( 'NONE', #3553 ) ;
#817 = CARTESIAN_POINT ( 'NONE',  ( -4.535000000000000100, -3.924999999999999800, -0.5749999999999999600 ) ) ;
#818 = VECTOR ( 'NONE', #10301, 1000.000000000000000 ) ;
#819 = VECTOR ( 'NONE', #7612, 1000.000000000000000 ) ;
#820 = PLANE ( 'NONE',  #2913 ) ;
#821 = CARTESIAN_POINT ( 'NONE',  ( 4.535000000000000100, -3.125000000000000000, -1.300000000000000300 ) ) ;
#823 = EDGE_CURVE ( 'NONE', #4664, #11192, #5076, .T. ) ;
#822 = ORIENTED_EDGE ( 'NONE', *, *, #4367, .T. ) ;
#824 = DIRECTION ( 'NONE',  ( 0.0000000000000000000, 0.0000000000000000000, -1.000000000000000000 ) ) ;
#825 = LINE ( 'NONE', #1382, #531 ) ;
#826 = DIRECTION ( 'NONE',  ( 0.0000000000000000000, 1.000000000000000000, -0.0000000000000000000 ) ) ;
#827 = CARTESIAN_POINT ( 'NONE',  ( 3.285000000000000100, -4.025000000000000400, -1.800000000000000300 ) ) ;
#828 = VERTEX_POINT ( 'NONE', #8376 ) ;
#829 = LINE ( 'NONE', #1294, #7937 ) ;
#830 = CARTESIAN_POINT ( 'NONE',  ( 4.535000000000001000, -1.975000000000000100, -0.8499999999999999800 ) ) ;
#831 = LINE ( 'NONE', #10019, #535 ) ;
#832 = DIRECTION ( 'NONE',  ( -1.000000000000000000, 0.0000000000000000000, -0.0000000000000000000 ) ) ;
#833 = ORIENTED_EDGE ( 'NONE', *, *, #11069, .F. ) ;
#834 = PLANE ( 'NONE',  #10869 ) ;
#835 = ORIENTED_EDGE ( 'NONE', *, *, #7065, .T. ) ;
#836 = AXIS2_PLACEMENT_3D ( 'NONE', #6246, #3370, #12066 ) ;
#837 = CYLINDRICAL_SURFACE ( 'NONE', #10981, 0.1000000000000000500 ) ;
#838 = LINE ( 'NONE', #33, #5788 ) ;
#839 = VERTEX_POINT ( 'NONE', #788 ) ;
#840 = VECTOR ( 'NONE', #6723, 1000.000000000000000 ) ;
#841 = EDGE_CURVE ( 'NONE', #4689, #2884, #9406, .T. ) ;
#842 = DIRECTION ( 'NONE',  ( 0.0000000000000000000, -0.0000000000000000000, -1.000000000000000000 ) ) ;
#843 = CARTESIAN_POINT ( 'NONE',  ( 5.875000000000000000, 0.9749999999999999800, -1.800000000000000300 ) ) ;
#844 = FACE_OUTER_BOUND ( 'NONE', #6210, .T. ) ;
#845 = ORIENTED_EDGE ( 'NONE', *, *, #2530, .F. ) ;
#846 = VECTOR ( 'NONE', #9113, 1000.000000000000000 ) ;
#847 = LINE ( 'NONE', #9341, #3675 ) ;
#848 = PLANE ( 'NONE',  #12765 ) ;
#849 = ORIENTED_EDGE ( 'NONE', *, *, #9285, .F. ) ;
#850 = CARTESIAN_POINT ( 'NONE',  ( 6.550000000000000700, -2.225000000000000100, -1.800000000000000300 ) ) ;
#851 = DIRECTION ( 'NONE',  ( 1.000000000000000000, 0.0000000000000000000, 0.0000000000000000000 ) ) ;
#852 = VERTEX_POINT ( 'NONE', #2702 ) ;
#853 = DIRECTION ( 'NONE',  ( 0.0000000000000000000, 0.7071067811865474600, 0.7071067811865474600 ) ) ;
#854 = CARTESIAN_POINT ( 'NONE',  ( -3.600000000000000500, -0.4749999999999999800, -1.600000000000000100 ) ) ;
#855 = DIRECTION ( 'NONE',  ( 0.0000000000000000000, 0.0000000000000000000, -1.000000000000000000 ) ) ;
#856 = EDGE_CURVE ( 'NONE', #2736, #3890, #1210, .T. ) ;
#857 = VECTOR ( 'NONE', #6037, 1000.000000000000000 ) ;
#858 = LINE ( 'NONE', #3469, #562 ) ;
#859 = CARTESIAN_POINT ( 'NONE',  ( -4.534999999999999300, -0.2250000000000002600, -0.8500000000000000900 ) ) ;
#860 = VECTOR ( 'NONE', #7968, 1000.000000000000000 ) ;
#861 = ORIENTED_EDGE ( 'NONE', *, *, #4133, .T. ) ;
#862 = EDGE_CURVE ( 'NONE', #10932, #737, #6642, .T. ) ;
#863 = ORIENTED_EDGE ( 'NONE', *, *, #12622, .F. ) ;
#864 = DIRECTION ( 'NONE',  ( 0.0000000000000000000, 1.000000000000000000, -0.0000000000000000000 ) ) ;
#865 = EDGE_LOOP ( 'NONE', ( #6869, #7712, #4207, #2066 ) ) ;
#866 = ADVANCED_FACE ( 'NONE', ( #4159 ), #4730, .T. ) ;
#867 = CARTESIAN_POINT ( 'NONE',  ( 6.340000000000000700, -0.02499999999999975500, -1.300000000000000000 ) ) ;
#868 = CARTESIAN_POINT ( 'NONE',  ( -4.375000000000000000, -0.2250000000000000600, -0.1000000000000000100 ) ) ;
#869 = CARTESIAN_POINT ( 'NONE',  ( 4.625000000000000000, -2.625000000000000000, 1.600000000000000100 ) ) ;
#870 = DIRECTION ( 'NONE',  ( -0.0000000000000000000, 0.3303504247281061600, 0.9438583563660174500 ) ) ;
#871 = LINE ( 'NONE', #6579, #1654 ) ;
#872 = AXIS2_PLACEMENT_3D ( 'NONE', #6432, #1327, #2410 ) ;
#873 = VECTOR ( 'NONE', #5886, 1000.000000000000000 ) ;
#874 = EDGE_CURVE ( 'NONE', #10863, #1662, #11276, .T. ) ;
#875 = VERTEX_POINT ( 'NONE', #750 ) ;
#876 = FACE_OUTER_BOUND ( 'NONE', #2011, .T. ) ;
#877 = ORIENTED_EDGE ( 'NONE', *, *, #9671, .F. ) ;
#878 = ORIENTED_EDGE ( 'NONE', *, *, #5950, .F. ) ;
#879 = ORIENTED_EDGE ( 'NONE', *, *, #258, .T. ) ;
#880 = PLANE ( 'NONE',  #10568 ) ;
#881 = EDGE_CURVE ( 'NONE', #11163, #6852, #12822, .T. ) ;
#882 = VECTOR ( 'NONE', #7221, 1000.000000000000000 ) ;
#883 = AXIS2_PLACEMENT_3D ( 'NONE', #6483, #12480, #7432 ) ;
#884 = LINE ( 'NONE', #11917, #10773 ) ;
#885 = CARTESIAN_POINT ( 'NONE',  ( -4.214999999999999900, -3.125000000000000000, -0.8499999999999999800 ) ) ;
#886 = FACE_OUTER_BOUND ( 'NONE', #12454, .T. ) ;
#887 = FACE_OUTER_BOUND ( 'NONE', #5402, .T. ) ;
#888 = ORIENTED_EDGE ( 'NONE', *, *, #6940, .F. ) ;
#889 = ORIENTED_EDGE ( 'NONE', *, *, #2009, .T. ) ;
#890 = EDGE_LOOP ( 'NONE', ( #7060, #6254, #2950, #3333 ) ) ;
#891 = EDGE_CURVE ( 'NONE', #299, #8886, #12346, .T. ) ;
#892 = VECTOR ( 'NONE', #6701, 1000.000000000000000 ) ;
#893 = FACE_OUTER_BOUND ( 'NONE', #8839, .T. ) ;
#894 = DIRECTION ( 'NONE',  ( 0.0000000000000000000, -1.000000000000000000, -0.0000000000000000000 ) ) ;
#895 = VECTOR ( 'NONE', #6021, 1000.000000000000100 ) ;
#896 = FACE_OUTER_BOUND ( 'NONE', #9819, .T. ) ;
#897 = PLANE ( 'NONE',  #12054 ) ;
#898 = ORIENTED_EDGE ( 'NONE', *, *, #8608, .T. ) ;
#899 = ORIENTED_EDGE ( 'NONE', *, *, #654, .F. ) ;
#900 = CARTESIAN_POINT ( 'NONE',  ( -2.964999999999999900, -3.924999999999999800, -0.5749999999999999600 ) ) ;
#901 = ORIENTED_EDGE ( 'NONE', *, *, #6431, .T. ) ;
#902 = LINE ( 'NONE', #6376, #7418 ) ;
#903 = LINE ( 'NONE', #3205, #7250 ) ;
#904 = DIRECTION ( 'NONE',  ( -1.000000000000000000, -0.0000000000000000000, 0.0000000000000000000 ) ) ;
#905 = LINE ( 'NONE', #8998, #10504 ) ;
#906 = CARTESIAN_POINT ( 'NONE',  ( 0.3750000000000000000, -2.625000000000000000, 1.600000000000000100 ) ) ;
#907 = AXIS2_PLACEMENT_3D ( 'NONE', #9748, #3909, #8922 ) ;
#908 = DIRECTION ( 'NONE',  ( -1.000000000000000000, 0.0000000000000000000, -0.0000000000000000000 ) ) ;
#909 = CARTESIAN_POINT ( 'NONE',  ( -1.625000000000000200, -2.625000000000000000, 1.600000000000000100 ) ) ;
#910 = ORIENTED_EDGE ( 'NONE', *, *, #9270, .T. ) ;
#911 = VERTEX_POINT ( 'NONE', #5600 ) ;
#912 = VERTEX_POINT ( 'NONE', #11674 ) ;
#913 = DIRECTION ( 'NONE',  ( 0.0000000000000000000, 0.0000000000000000000, -1.000000000000000000 ) ) ;
#914 = EDGE_CURVE ( 'NONE', #4645, #2457, #6164, .T. ) ;
#915 = VERTEX_POINT ( 'NONE', #7697 ) ;
#916 = CARTESIAN_POINT ( 'NONE',  ( -6.103349339943259900, -2.031650660056739000, -0.5891557044442917700 ) ) ;
#917 = CARTESIAN_POINT ( 'NONE',  ( -6.450000000000000200, -2.225000000000000100, -0.2950000000000000400 ) ) ;
#918 = ORIENTED_EDGE ( 'NONE', *, *, #7664, .F. ) ;
#919 = EDGE_CURVE ( 'NONE', #8310, #3070, #11589, .T. ) ;
#920 = CARTESIAN_POINT ( 'NONE',  ( 5.875000000000000000, -2.625000000000000000, 1.100000000000000100 ) ) ;
#921 = EDGE_LOOP ( 'NONE', ( #1233, #6187, #5297, #8964 ) ) ;
#922 = ORIENTED_EDGE ( 'NONE', *, *, #1646, .T. ) ;
#923 = ORIENTED_EDGE ( 'NONE', *, *, #2293, .T. ) ;
#924 = VECTOR ( 'NONE', #12487, 1000.000000000000000 ) ;
#925 = DIRECTION ( 'NONE',  ( -0.0000000000000000000, 1.000000000000000000, 0.0000000000000000000 ) ) ;
#926 = ORIENTED_EDGE ( 'NONE', *, *, #276, .T. ) ;
#927 = AXIS2_PLACEMENT_3D ( 'NONE', #8666, #1864, #8819 ) ;
#928 = ADVANCED_FACE ( 'NONE', ( #6477 ), #6592, .F. ) ;
#929 = CARTESIAN_POINT ( 'NONE',  ( -2.034999999999999300, -0.2250000000000002800, -0.8500000000000000900 ) ) ;
#930 = ORIENTED_EDGE ( 'NONE', *, *, #6358, .T. ) ;
#932 = EDGE_CURVE ( 'NONE', #6553, #9267, #11104, .T. ) ;
#931 = EDGE_LOOP ( 'NONE', ( #2324, #9842, #7627, #2148 ) ) ;
#933 = CARTESIAN_POINT ( 'NONE',  ( -5.875000000000000000, 0.07499999999999999700, -0.5699999999999999500 ) ) ;
#934 = PRESENTATION_LAYER_ASSIGNMENT (  '', '', ( #3186 ) ) ;
#935 = EDGE_LOOP ( 'NONE', ( #3651, #4032, #5381, #8056, #11175, #11868, #6355, #5660 ) ) ;
#936 = ORIENTED_EDGE ( 'NONE', *, *, #7894, .T. ) ;
#937 = LINE ( 'NONE', #8029, #4965 ) ;
#938 = CARTESIAN_POINT ( 'NONE',  ( 5.575000000000000200, -1.975000000000000100, 0.4000000000000000200 ) ) ;
#939 = LINE ( 'NONE', #2660, #484 ) ;
#940 = EDGE_CURVE ( 'NONE', #12070, #3253, #12021, .T. ) ;
#941 = SURFACE_STYLE_USAGE ( .BOTH. , #11702 ) ;
#942 = ORIENTED_EDGE ( 'NONE', *, *, #6745, .F. ) ;
#943 = CARTESIAN_POINT ( 'NONE',  ( -4.924999999999999800, -0.1749999999999999900, 1.600000000000000100 ) ) ;
#944 = CARTESIAN_POINT ( 'NONE',  ( -0.4650000000000001400, -3.125000000000000000, -1.300000000000000300 ) ) ;
#945 = CARTESIAN_POINT ( 'NONE',  ( 5.910000000000000100, -2.225000000000000100, -1.500000000000000200 ) ) ;
#946 = VERTEX_POINT ( 'NONE', #712 ) ;
#947 = ORIENTED_EDGE ( 'NONE', *, *, #5029, .F. ) ;
#948 = CARTESIAN_POINT ( 'NONE',  ( -3.600000000000000500, 0.9749999999999999800, -1.600000000000000100 ) ) ;
#949 = CARTESIAN_POINT ( 'NONE',  ( -2.964999999999999900, -3.125000000000000000, -0.4249999999999999900 ) ) ;
#950 = AXIS2_PLACEMENT_3D ( 'NONE', #3485, #9365, #9461 ) ;
#951 = EDGE_LOOP ( 'NONE', ( #2431, #12015, #12343, #10520 ) ) ;
#952 = ORIENTED_EDGE ( 'NONE', *, *, #3875, .T. ) ;
#953 = DIRECTION ( 'NONE',  ( 0.0000000000000000000, -1.000000000000000000, 0.0000000000000000000 ) ) ;
#954 = VECTOR ( 'NONE', #4233, 1000.000000000000000 ) ;
#955 = CARTESIAN_POINT ( 'NONE',  ( -2.035000000000000100, -3.225000000000000100, -0.9250000000000000400 ) ) ;
#956 = EDGE_CURVE ( 'NONE', #12249, #6215, #3236, .T. ) ;
#957 = ORIENTED_EDGE ( 'NONE', *, *, #1484, .F. ) ;
#958 = DIRECTION ( 'NONE',  ( 0.0000000000000000000, 0.0000000000000000000, 1.000000000000000000 ) ) ;
#959 = CARTESIAN_POINT ( 'NONE',  ( -5.875000000000000000, -2.225000000000000100, -1.800000000000000300 ) ) ;
#960 = EDGE_LOOP ( 'NONE', ( #9505, #2673, #1017, #8036 ) ) ;
#961 = CARTESIAN_POINT ( 'NONE',  ( 4.214999999999999900, -3.924999999999999800, -0.5749999999999999600 ) ) ;
#962 = EDGE_CURVE ( 'NONE', #1554, #3089, #449, .T. ) ;
#963 = CARTESIAN_POINT ( 'NONE',  ( 2.035000000000000100, -4.224999999999999600, -1.600000000000000100 ) ) ;
#964 = CARTESIAN_POINT ( 'NONE',  ( -1.980000000000000000, 0.02500000000000000100, -0.4749999999999999800 ) ) ;
#965 = VERTEX_POINT ( 'NONE', #2739 ) ;
#966 = VECTOR ( 'NONE', #10082, 1000.000000000000000 ) ;
#967 = LINE ( 'NONE', #10790, #4988 ) ;
#968 = ORIENTED_EDGE ( 'NONE', *, *, #3815, .F. ) ;
#969 = ORIENTED_EDGE ( 'NONE', *, *, #8636, .F. ) ;
#970 = AXIS2_PLACEMENT_3D ( 'NONE', #6414, #492, #7403 ) ;
#971 = EDGE_CURVE ( 'NONE', #3626, #8110, #3727, .T. ) ;
#972 = CARTESIAN_POINT ( 'NONE',  ( 9.090000000000001600, -3.125000000000000000, -1.300000000000000300 ) ) ;
#973 = ORIENTED_EDGE ( 'NONE', *, *, #1224, .F. ) ;
#974 = ORIENTED_EDGE ( 'NONE', *, *, #2072, .F. ) ;
#975 = DIRECTION ( 'NONE',  ( 0.0000000000000000000, 0.0000000000000000000, 1.000000000000000000 ) ) ;
#976 = LINE ( 'NONE', #7879, #9174 ) ;
#977 = VECTOR ( 'NONE', #741, 1000.000000000000000 ) ;
#978 = EDGE_CURVE ( 'NONE', #7074, #491, #11430, .T. ) ;
#979 = CARTESIAN_POINT ( 'NONE',  ( 6.349999999999999600, -2.034999999999999700, -1.310000000000000500 ) ) ;
#980 = MECHANICAL_DESIGN_GEOMETRIC_PRESENTATION_REPRESENTATION (  '', ( #9598 ), #4962 ) ;
#981 = ORIENTED_EDGE ( 'NONE', *, *, #3188, .T. ) ;
#982 = DIRECTION ( 'NONE',  ( 0.0000000000000000000, 0.9438583563660173400, 0.3303504247281061100 ) ) ;
#983 = DIRECTION ( 'NONE',  ( -1.000000000000000000, -0.0000000000000000000, 0.0000000000000000000 ) ) ;
#984 = DIRECTION ( 'NONE',  ( 0.0000000000000000000, -1.000000000000000000, -0.0000000000000000000 ) ) ;
#985 = VECTOR ( 'NONE', #2985, 1000.000000000000000 ) ;
#986 = CARTESIAN_POINT ( 'NONE',  ( 3.285000000000001500, -3.125000000000000000, -0.8499999999999999800 ) ) ;
#987 = ORIENTED_EDGE ( 'NONE', *, *, #7381, .F. ) ;
#988 = LINE ( 'NONE', #11536, #11810 ) ;
#989 = LINE ( 'NONE', #12756, #11204 ) ;
#990 = CARTESIAN_POINT ( 'NONE',  ( -6.550000000000000700, -0.02499999999999988700, -1.550000000000000300 ) ) ;
#991 = DIRECTION ( 'NONE',  ( -1.000000000000000000, -0.0000000000000000000, -0.0000000000000000000 ) ) ;
#992 = EDGE_CURVE ( 'NONE', #796, #10826, #8779, .T. ) ;
#993 = CARTESIAN_POINT ( 'NONE',  ( -7.375000000000000000, -0.02499999999999976900, -1.550000000000000300 ) ) ;
#994 = ADVANCED_FACE ( 'NONE', ( #1531 ), #1687, .T. ) ;
#995 = DIRECTION ( 'NONE',  ( 1.000000000000000000, 0.0000000000000000000, 0.0000000000000000000 ) ) ;
#996 = ORIENTED_EDGE ( 'NONE', *, *, #1389, .F. ) ;
#997 = VECTOR ( 'NONE', #2346, 1000.000000000000000 ) ;
#998 = CARTESIAN_POINT ( 'NONE',  ( 3.375000000000000000, -2.625000000000000000, 1.600000000000000100 ) ) ;
#999 = EDGE_CURVE ( 'NONE', #1596, #4649, #118, .T. ) ;
#1000 = VECTOR ( 'NONE', #9051, 1000.000000000000000 ) ;
#1001 = VERTEX_POINT ( 'NONE', #1725 ) ;
#1002 = DIRECTION ( 'NONE',  ( -1.000000000000000000, 0.0000000000000000000, -0.0000000000000000000 ) ) ;
#1003 = ORIENTED_EDGE ( 'NONE', *, *, #11102, .F. ) ;
#1004 = AXIS2_PLACEMENT_3D ( 'NONE', #8968, #7077, #11019 ) ;
#1005 = LINE ( 'NONE', #692, #11221 ) ;
#1006 = CARTESIAN_POINT ( 'NONE',  ( -6.099999999999999600, -0.02500000000000000100, -1.800000000000000300 ) ) ;
#1007 = VECTOR ( 'NONE', #8776, 1000.000000000000000 ) ;
#1008 = EDGE_CURVE ( 'NONE', #419, #9110, #10783, .T. ) ;
#1009 = LINE ( 'NONE', #486, #10451 ) ;
#1010 = VERTEX_POINT ( 'NONE', #7676 ) ;
#1011 = AXIS2_PLACEMENT_3D ( 'NONE', #351, #11235, #12235 ) ;
#1012 = ORIENTED_EDGE ( 'NONE', *, *, #1023, .F. ) ;
#1013 = SURFACE_STYLE_FILL_AREA ( #7067 ) ;
#1014 = LINE ( 'NONE', #3512, #5971 ) ;
#1015 = CARTESIAN_POINT ( 'NONE',  ( 7.070000000000001200, -2.225000000000000500, -0.7700000000000000200 ) ) ;
#1016 = EDGE_LOOP ( 'NONE', ( #1402, #7993, #7497, #11256 ) ) ;
#1017 = ORIENTED_EDGE ( 'NONE', *, *, #9936, .T. ) ;
#1018 = CARTESIAN_POINT ( 'NONE',  ( -3.200000000000000200, -1.625000000000000200, -1.600000000000000100 ) ) ;
#1019 = ORIENTED_EDGE ( 'NONE', *, *, #5597, .T. ) ;
#1020 = CARTESIAN_POINT ( 'NONE',  ( 7.375000000000000900, 0.5749999999999999600, -1.000000000000000000 ) ) ;
#1021 = CARTESIAN_POINT ( 'NONE',  ( 4.535000000000000100, -3.225000000000000100, -0.9250000000000000400 ) ) ;
#1022 = CARTESIAN_POINT ( 'NONE',  ( -5.875000000000000000, -2.225000000000000100, 0.9000000000000000200 ) ) ;
#1023 = EDGE_CURVE ( 'NONE', #11016, #9106, #11721, .T. ) ;
#1024 = DIRECTION ( 'NONE',  ( -1.000000000000000000, 0.0000000000000000000, -0.0000000000000000000 ) ) ;
#1025 = CARTESIAN_POINT ( 'NONE',  ( 0.7850000000000000300, -3.424999999999999800, -1.599999999999999900 ) ) ;
#1026 = CARTESIAN_POINT ( 'NONE',  ( 4.924999999999999800, -0.6250000000000000000, 1.200000000000000000 ) ) ;
#1027 = LINE ( 'NONE', #4695, #2903 ) ;
#1028 = EDGE_CURVE ( 'NONE', #9566, #10956, #9698, .T. ) ;
#1029 = FACE_OUTER_BOUND ( 'NONE', #4866, .T. ) ;
#1030 = LINE ( 'NONE', #1033, #97 ) ;
#1031 = VECTOR ( 'NONE', #11864, 1000.000000000000000 ) ;
#1032 = ORIENTED_EDGE ( 'NONE', *, *, #494, .F. ) ;
#1033 = CARTESIAN_POINT ( 'NONE',  ( -3.285000000000000100, -3.225000000000000100, -0.9250000000000000400 ) ) ;
#1034 = VERTEX_POINT ( 'NONE', #1761 ) ;
#1035 = ORIENTED_EDGE ( 'NONE', *, *, #3999, .T. ) ;
#1036 = DIRECTION ( 'NONE',  ( -1.000000000000000000, -0.0000000000000000000, 0.0000000000000000000 ) ) ;
#1037 = CARTESIAN_POINT ( 'NONE',  ( -4.214999999999999900, -4.208005078473780400, -0.1000000000000000100 ) ) ;
#1038 = CARTESIAN_POINT ( 'NONE',  ( -1.875000000000000000, -0.2250000000000000600, -0.8499999999999999800 ) ) ;
#1039 = CARTESIAN_POINT ( 'NONE',  ( 5.375000000000000000, -3.225000000000000100, -1.800000000000000300 ) ) ;
#1040 = CARTESIAN_POINT ( 'NONE',  ( 6.110000000000001200, -0.02500000000000000100, -1.300000000000000300 ) ) ;
#1041 = CYLINDRICAL_SURFACE ( 'NONE', #2931, 0.1499999999999999700 ) ;
#1042 = EDGE_CURVE ( 'NONE', #4960, #1034, #10338, .T. ) ;
#1043 = LINE ( 'NONE', #2733, #9249 ) ;
#1044 = LINE ( 'NONE', #1595, #8785 ) ;
#1045 = VECTOR ( 'NONE', #12540, 1000.000000000000000 ) ;
#1046 = ORIENTED_EDGE ( 'NONE', *, *, #11663, .T. ) ;
#1047 = EDGE_LOOP ( 'NONE', ( #5071, #2473, #500, #312 ) ) ;
#1048 = CARTESIAN_POINT ( 'NONE',  ( -4.299999999999999800, -1.625000000000000200, -1.600000000000000100 ) ) ;
#1049 = EDGE_LOOP ( 'NONE', ( #5128, #2498, #9584, #11885 ) ) ;
#1050 = EDGE_CURVE ( 'NONE', #4225, #1482, #3569, .T. ) ;
#1051 = VECTOR ( 'NONE', #12552, 1000.000000000000000 ) ;
#1052 = CARTESIAN_POINT ( 'NONE',  ( 0.7850000000000010300, -3.125000000000000000, -0.4250000000000000400 ) ) ;
#1053 = LINE ( 'NONE', #11760, #12347 ) ;
#1054 = ADVANCED_FACE ( 'NONE', ( #8928 ), #1921, .T. ) ;
#1055 = VECTOR ( 'NONE', #10894, 1000.000000000000000 ) ;
#1056 = ORIENTED_EDGE ( 'NONE', *, *, #8870, .F. ) ;
#1057 = VERTEX_POINT ( 'NONE', #4714 ) ;
#1058 = ORIENTED_EDGE ( 'NONE', *, *, #12570, .F. ) ;
#1059 = DIRECTION ( 'NONE',  ( 0.5773502691896276200, -0.5773502691896276200, -0.5773502691896220700 ) ) ;
#1060 = EDGE_CURVE ( 'NONE', #3696, #9183, #755, .T. ) ;
#1061 = VERTEX_POINT ( 'NONE', #2846 ) ;
#1062 = DIRECTION ( 'NONE',  ( -0.0000000000000000000, -0.0000000000000000000, -1.000000000000000000 ) ) ;
#1063 = EDGE_CURVE ( 'NONE', #2765, #912, #3416, .T. ) ;
#1064 = DIRECTION ( 'NONE',  ( 1.000000000000000000, 0.0000000000000000000, 0.0000000000000000000 ) ) ;
#1065 = CARTESIAN_POINT ( 'NONE',  ( 5.575000000000000200, 0.9749999999999999800, -0.4500000000000000700 ) ) ;
#1066 = CARTESIAN_POINT ( 'NONE',  ( 5.875000000000000000, -3.225000000000000100, 0.6999999999999998400 ) ) ;
#1067 = ADVANCED_FACE ( 'NONE', ( #7078 ), #7798, .F. ) ;
#1068 = ORIENTED_EDGE ( 'NONE', *, *, #10564, .T. ) ;
#1069 = EDGE_LOOP ( 'NONE', ( #1035, #11139, #8746, #8975 ) ) ;
#1071 = VERTEX_POINT ( 'NONE', #10779 ) ;
#1070 = CARTESIAN_POINT ( 'NONE',  ( -5.174999999999999800, -0.4749999999999999200, -1.600000000000000100 ) ) ;
#1072 = LINE ( 'NONE', #7440, #8670 ) ;
#1073 = ORIENTED_EDGE ( 'NONE', *, *, #6892, .F. ) ;
#1074 = DIRECTION ( 'NONE',  ( 0.0000000000000000000, 0.0000000000000000000, 1.000000000000000000 ) ) ;
#1075 = DIRECTION ( 'NONE',  ( 0.0000000000000000000, 1.000000000000000000, 0.0000000000000000000 ) ) ;
#1076 = ORIENTED_EDGE ( 'NONE', *, *, #11457, .F. ) ;
#1077 = PLANE ( 'NONE',  #10234 ) ;
#1078 = AXIS2_PLACEMENT_3D ( 'NONE', #6223, #9998, #6180 ) ;
#1079 = DIRECTION ( 'NONE',  ( -0.8320502943378437200, 0.5547001962252291500, 0.0000000000000000000 ) ) ;
#1080 = VERTEX_POINT ( 'NONE', #7841 ) ;
#1081 = CARTESIAN_POINT ( 'NONE',  ( -6.009999999999999800, -1.075000000000000000, -1.399999999999999900 ) ) ;
#1082 = DIRECTION ( 'NONE',  ( 0.0000000000000000000, -1.000000000000000000, -0.0000000000000000000 ) ) ;
#1083 = DIRECTION ( 'NONE',  ( 0.0000000000000000000, -0.0000000000000000000, -1.000000000000000000 ) ) ;
#1085 = EDGE_CURVE ( 'NONE', #760, #11528, #9085, .T. ) ;
#1084 = ORIENTED_EDGE ( 'NONE', *, *, #3857, .T. ) ;
#1086 = VERTEX_POINT ( 'NONE', #929 ) ;
#1087 = VECTOR ( 'NONE', #10712, 1000.000000000000000 ) ;
#1088 = AXIS2_PLACEMENT_3D ( 'NONE', #9038, #10037, #3381 ) ;
#1089 = CARTESIAN_POINT ( 'NONE',  ( 6.349999999999999600, -2.225000000000000100, -1.350000000000000100 ) ) ;
#1090 = ORIENTED_EDGE ( 'NONE', *, *, #12622, .T. ) ;
#1091 = ORIENTED_EDGE ( 'NONE', *, *, #5504, .F. ) ;
#1092 = CARTESIAN_POINT ( 'NONE',  ( 0.7850000000000000300, -4.025000000000000400, -1.800000000000000300 ) ) ;
#1093 = DIRECTION ( 'NONE',  ( -0.9766444667050946400, 0.2148617826750988400, 0.0000000000000000000 ) ) ;
#1094 = CARTESIAN_POINT ( 'NONE',  ( -0.4649999999999999700, -4.224999999999999600, -1.600000000000000100 ) ) ;
#1095 = VERTEX_POINT ( 'NONE', #4019 ) ;
#1096 = ORIENTED_EDGE ( 'NONE', *, *, #10070, .T. ) ;
#1097 = VECTOR ( 'NONE', #1228, 1000.000000000000000 ) ;
#1098 = DIRECTION ( 'NONE',  ( -0.7071067811865474600, 0.0000000000000000000, -0.7071067811865474600 ) ) ;
#1099 = PLANE ( 'NONE',  #4165 ) ;
#1100 = VERTEX_POINT ( 'NONE', #12814 ) ;
#1101 = ORIENTED_EDGE ( 'NONE', *, *, #9330, .T. ) ;
#1102 = EDGE_CURVE ( 'NONE', #965, #4602, #10008, .T. ) ;
#1103 = CARTESIAN_POINT ( 'NONE',  ( 7.070000000000000300, -2.225000000000001000, -0.06999999999999991000 ) ) ;
#1104 = EDGE_CURVE ( 'NONE', #4011, #9015, #2916, .T. ) ;
#1105 = ORIENTED_EDGE ( 'NONE', *, *, #12695, .T. ) ;
#1106 = ORIENTED_EDGE ( 'NONE', *, *, #2818, .T. ) ;
#1107 = VECTOR ( 'NONE', #11563, 1000.000000000000000 ) ;
#1108 = LINE ( 'NONE', #2146, #6222 ) ;
#1109 = DIRECTION ( 'NONE',  ( -0.0000000000000000000, 0.0000000000000000000, 1.000000000000000000 ) ) ;
#1110 = VERTEX_POINT ( 'NONE', #8995 ) ;
#1111 = DIRECTION ( 'NONE',  ( -0.5547001962252291500, 0.8320502943378437200, 0.0000000000000000000 ) ) ;
#1112 = ORIENTED_EDGE ( 'NONE', *, *, #9912, .F. ) ;
#1113 = CARTESIAN_POINT ( 'NONE',  ( 3.285000000000000100, -3.775000000000000400, -0.4249999999999999900 ) ) ;
#1114 = CARTESIAN_POINT ( 'NONE',  ( 5.299999999999999800, -3.115000000000000200, -1.100000000000000100 ) ) ;
#1115 = AXIS2_PLACEMENT_3D ( 'NONE', #3681, #2573, #3646 ) ;
#1116 = CARTESIAN_POINT ( 'NONE',  ( 4.625000000000000000, -2.625000000000000000, 1.100000000000000100 ) ) ;
#1117 = EDGE_CURVE ( 'NONE', #11796, #10345, #3583, .T. ) ;
#1118 = ADVANCED_FACE ( 'NONE', ( #10949 ), #2154, .T. ) ;
#1119 = DIRECTION ( 'NONE',  ( -0.0000000000000000000, 0.0000000000000000000, 1.000000000000000000 ) ) ;
#1120 = ORIENTED_EDGE ( 'NONE', *, *, #7024, .T. ) ;
#1121 = LINE ( 'NONE', #4430, #1611 ) ;
#1122 = DIRECTION ( 'NONE',  ( -0.7071067811865479100, 0.0000000000000000000, 0.7071067811865472400 ) ) ;
#1123 = CARTESIAN_POINT ( 'NONE',  ( -5.275000000000000400, 0.7750000000000001300, -1.200000000000000000 ) ) ;
#1124 = CARTESIAN_POINT ( 'NONE',  ( 6.550000000000000700, -2.225000000000000100, -1.350000000000000100 ) ) ;
#1125 = EDGE_LOOP ( 'NONE', ( #11666, #6307, #5413, #11632 ) ) ;
#1126 = EDGE_CURVE ( 'NONE', #1608, #4960, #10172, .T. ) ;
#1127 = CARTESIAN_POINT ( 'NONE',  ( -0.4650000000000027400, -0.2250000000000005900, -0.09999999999999985300 ) ) ;
#1128 = AXIS2_PLACEMENT_3D ( 'NONE', #6978, #58, #2929 ) ;
#1129 = CARTESIAN_POINT ( 'NONE',  ( 5.174999999999999800, -0.02500000000000006400, -1.600000000000000100 ) ) ;
#1130 = ORIENTED_EDGE ( 'NONE', *, *, #3652, .T. ) ;
#1131 = FACE_OUTER_BOUND ( 'NONE', #9878, .T. ) ;
#1132 = VERTEX_POINT ( 'NONE', #7019 ) ;
#1133 = VECTOR ( 'NONE', #11411, 1000.000000000000000 ) ;
#1134 = DIRECTION ( 'NONE',  ( 0.0000000000000000000, -0.0000000000000000000, -1.000000000000000000 ) ) ;
#1135 = LINE ( 'NONE', #2254, #3339 ) ;
#1136 = ADVANCED_FACE ( 'NONE', ( #7845 ), #1099, .T. ) ;
#1137 = DIRECTION ( 'NONE',  ( 0.0000000000000000000, 1.000000000000000000, 0.0000000000000000000 ) ) ;
#1138 = EDGE_CURVE ( 'NONE', #12443, #2736, #7097, .T. ) ;
#1139 = CARTESIAN_POINT ( 'NONE',  ( -1.714999999999999400, -3.125000000000000000, -0.8499999999999999800 ) ) ;
#1140 = PLANE ( 'NONE',  #7755 ) ;
#1141 = DIRECTION ( 'NONE',  ( -0.0000000000000000000, -0.0000000000000000000, 1.000000000000000000 ) ) ;
#1142 = ORIENTED_EDGE ( 'NONE', *, *, #3488, .T. ) ;
#1143 = VECTOR ( 'NONE', #12821, 1000.000000000000000 ) ;
#1144 = EDGE_LOOP ( 'NONE', ( #10657, #3343, #8849, #1415 ) ) ;
#1145 = LINE ( 'NONE', #4859, #4867 ) ;
#1146 = SURFACE_SIDE_STYLE ('',( #1013 ) ) ;
#1147 = CARTESIAN_POINT ( 'NONE',  ( 5.675000000000000700, 0.9749999999999999800, -1.800000000000000300 ) ) ;
#1148 = DIRECTION ( 'NONE',  ( 0.0000000000000000000, -1.000000000000000000, -0.0000000000000000000 ) ) ;
#1149 = DIRECTION ( 'NONE',  ( -0.2148617826750988400, 0.9766444667050946400, 0.0000000000000000000 ) ) ;
#1150 = VECTOR ( 'NONE', #3198, 1000.000000000000000 ) ;
#1151 = EDGE_LOOP ( 'NONE', ( #2651, #10331, #5288, #3128 ) ) ;
#1152 = AXIS2_PLACEMENT_3D ( 'NONE', #9593, #1696, #2649 ) ;
#1153 = VECTOR ( 'NONE', #634, 1000.000000000000000 ) ;
#1154 = DIRECTION ( 'NONE',  ( -0.0000000000000000000, -0.0000000000000000000, -1.000000000000000000 ) ) ;
#1155 = DIRECTION ( 'NONE',  ( 1.000000000000000000, 0.0000000000000000000, -0.0000000000000000000 ) ) ;
#1156 = VECTOR ( 'NONE', #780, 1000.000000000000000 ) ;
#1157 = ORIENTED_EDGE ( 'NONE', *, *, #2150, .F. ) ;
#1158 = EDGE_CURVE ( 'NONE', #4619, #6657, #6938, .T. ) ;
#1159 = DIRECTION ( 'NONE',  ( -0.0000000000000000000, 0.0000000000000000000, 1.000000000000000000 ) ) ;
#1160 = CARTESIAN_POINT ( 'NONE',  ( -3.899999999999999900, 0.9749999999999999800, -1.600000000000000100 ) ) ;
#1161 = DIRECTION ( 'NONE',  ( 0.0000000000000000000, 0.0000000000000000000, -1.000000000000000000 ) ) ;
#1162 = DIRECTION ( 'NONE',  ( 0.0000000000000000000, 0.0000000000000000000, 1.000000000000000000 ) ) ;
#1163 = DIRECTION ( 'NONE',  ( -0.0000000000000000000, 0.0000000000000000000, 1.000000000000000000 ) ) ;
#1164 = EDGE_CURVE ( 'NONE', #2845, #4208, #4932, .T. ) ;
#1165 = PLANE ( 'NONE',  #6240 ) ;
#1166 = VECTOR ( 'NONE', #5783, 1000.000000000000000 ) ;
#1167 = DIRECTION ( 'NONE',  ( 0.0000000000000000000, -1.000000000000000000, -0.0000000000000000000 ) ) ;
#1168 = FACE_OUTER_BOUND ( 'NONE', #5686, .T. ) ;
#1169 = CARTESIAN_POINT ( 'NONE',  ( 0.4650000000000018600, -4.208005078473780400, -0.8499999999999999800 ) ) ;
#1170 = LINE ( 'NONE', #2352, #8742 ) ;
#1171 = ORIENTED_EDGE ( 'NONE', *, *, #5657, .T. ) ;
#1172 = UNCERTAINTY_MEASURE_WITH_UNIT (LENGTH_MEASURE( 1.000000000000000100E-005 ), #5528, 'distance_accuracy_value', 'NONE');
#1173 = ORIENTED_EDGE ( 'NONE', *, *, #11764, .T. ) ;
#1174 = EDGE_LOOP ( 'NONE', ( #7725, #12532, #12240, #7762 ) ) ;
#1175 = DIRECTION ( 'NONE',  ( 0.0000000000000000000, 0.0000000000000000000, -1.000000000000000000 ) ) ;
#1176 = DIRECTION ( 'NONE',  ( 1.000000000000000000, 0.0000000000000000000, 0.0000000000000000000 ) ) ;
#1177 = EDGE_CURVE ( 'NONE', #9899, #4702, #10800, .T. ) ;
#1178 = VECTOR ( 'NONE', #8652, 1000.000000000000000 ) ;
#1179 = AXIS2_PLACEMENT_3D ( 'NONE', #2937, #5990, #8954 ) ;
#1180 = CIRCLE ( 'NONE', #786, 0.1499999999999999700 ) ;
#1181 = VECTOR ( 'NONE', #1778, 1000.000000000000000 ) ;
#1182 = ORIENTED_EDGE ( 'NONE', *, *, #12375, .F. ) ;
#1183 = EDGE_CURVE ( 'NONE', #11532, #10531, #12358, .T. ) ;
#1184 = DIRECTION ( 'NONE',  ( -0.8320502943378437200, -0.5547001962252291500, 0.0000000000000000000 ) ) ;
#1185 = ADVANCED_FACE ( 'NONE', ( #1980 ), #2205, .F. ) ;
#1186 = LINE ( 'NONE', #2264, #8755 ) ;
#1187 = ORIENTED_EDGE ( 'NONE', *, *, #7844, .F. ) ;
#1188 = ORIENTED_EDGE ( 'NONE', *, *, #433, .T. ) ;
#1189 = ORIENTED_EDGE ( 'NONE', *, *, #6109, .T. ) ;
#1190 = CARTESIAN_POINT ( 'NONE',  ( 9.090000000000001600, -3.225000000000000100, -1.300000000000000300 ) ) ;
#1191 = LINE ( 'NONE', #2170, #94 ) ;
#1192 = DIRECTION ( 'NONE',  ( -0.0000000000000000000, 1.000000000000000000, -0.0000000000000000000 ) ) ;
#1193 = AXIS2_PLACEMENT_3D ( 'NONE', #3006, #11932, #5068 ) ;
#1194 = VECTOR ( 'NONE', #11958, 1000.000000000000000 ) ;
#1195 = ADVANCED_FACE ( 'NONE', ( #9421 ), #117, .F. ) ;
#1196 = DIRECTION ( 'NONE',  ( -0.0000000000000000000, 0.0000000000000000000, -1.000000000000000000 ) ) ;
#1197 = FACE_OUTER_BOUND ( 'NONE', #9387, .T. ) ;
#1198 = DIRECTION ( 'NONE',  ( 0.0000000000000000000, 0.0000000000000000000, 1.000000000000000000 ) ) ;
#1199 = DIRECTION ( 'NONE',  ( 0.0000000000000000000, 0.0000000000000000000, -1.000000000000000000 ) ) ;
#1200 = CARTESIAN_POINT ( 'NONE',  ( 4.535000000000001000, -3.125000000000000000, -0.8499999999999999800 ) ) ;
#1201 = FACE_OUTER_BOUND ( 'NONE', #2814, .T. ) ;
#1202 = ORIENTED_EDGE ( 'NONE', *, *, #8585, .F. ) ;
#1203 = EDGE_CURVE ( 'NONE', #10306, #8552, #12199, .T. ) ;
#1204 = ORIENTED_EDGE ( 'NONE', *, *, #7243, .T. ) ;
#1205 = VERTEX_POINT ( 'NONE', #12044 ) ;
#1206 = DIRECTION ( 'NONE',  ( 0.0000000000000000000, -0.0000000000000000000, -1.000000000000000000 ) ) ;
#1207 = ADVANCED_FACE ( 'NONE', ( #2930 ), #6134, .T. ) ;
#1208 = DIRECTION ( 'NONE',  ( 0.0000000000000000000, -0.0000000000000000000, -1.000000000000000000 ) ) ;
#1209 = DIRECTION ( 'NONE',  ( 0.0000000000000000000, 0.0000000000000000000, 1.000000000000000000 ) ) ;
#1210 = LINE ( 'NONE', #3643, #1825 ) ;
#1211 = EDGE_CURVE ( 'NONE', #3119, #7489, #11445, .T. ) ;
#1212 = VECTOR ( 'NONE', #4043, 1000.000000000000000 ) ;
#1213 = DIRECTION ( 'NONE',  ( 1.000000000000000000, 0.0000000000000000000, 0.0000000000000000000 ) ) ;
#1214 = CYLINDRICAL_SURFACE ( 'NONE', #7419, 0.1499999999999999700 ) ;
#1215 = CARTESIAN_POINT ( 'NONE',  ( 4.214999999999999900, -3.125000000000000000, -0.4249999999999998800 ) ) ;
#1216 = VECTOR ( 'NONE', #9129, 1000.000000000000000 ) ;
#1217 = CARTESIAN_POINT ( 'NONE',  ( -6.349999999999998800, -0.02499999999999975500, -1.309999999999999800 ) ) ;
#1218 = DIRECTION ( 'NONE',  ( 0.0000000000000000000, 0.0000000000000000000, 1.000000000000000000 ) ) ;
#1219 = ORIENTED_EDGE ( 'NONE', *, *, #2353, .T. ) ;
#1220 = EDGE_LOOP ( 'NONE', ( #346, #879, #7885, #11920 ) ) ;
#1221 = DIRECTION ( 'NONE',  ( -1.000000000000000000, 0.0000000000000000000, -0.0000000000000000000 ) ) ;
#1222 = AXIS2_PLACEMENT_3D ( 'NONE', #1065, #157, #3153 ) ;
#1223 = ORIENTED_EDGE ( 'NONE', *, *, #6609, .T. ) ;
#1224 = EDGE_CURVE ( 'NONE', #5201, #2704, #8793, .T. ) ;
#1225 = VECTOR ( 'NONE', #12332, 1000.000000000000000 ) ;
#1226 = VECTOR ( 'NONE', #1155, 1000.000000000000000 ) ;
#1227 = LINE ( 'NONE', #103, #6182 ) ;
#1228 = DIRECTION ( 'NONE',  ( 0.0000000000000000000, 0.0000000000000000000, 1.000000000000000000 ) ) ;
#1229 = EDGE_CURVE ( 'NONE', #8736, #1348, #617, .T. ) ;
#1230 = PLANE ( 'NONE',  #1263 ) ;
#1231 = ORIENTED_EDGE ( 'NONE', *, *, #11220, .F. ) ;
#1232 = ORIENTED_EDGE ( 'NONE', *, *, #3623, .T. ) ;
#1233 = ORIENTED_EDGE ( 'NONE', *, *, #2376, .F. ) ;
#1234 = DIRECTION ( 'NONE',  ( 0.0000000000000000000, 1.000000000000000000, 0.0000000000000000000 ) ) ;
#1235 = CARTESIAN_POINT ( 'NONE',  ( -4.534999999999999300, -4.208005078473780400, -0.1000000000000000100 ) ) ;
#1236 = EDGE_LOOP ( 'NONE', ( #10623, #9124, #10662, #8937, #2827, #4500 ) ) ;
#1237 = PLANE ( 'NONE',  #177 ) ;
#1238 = VERTEX_POINT ( 'NONE', #2024 ) ;
#1239 = CARTESIAN_POINT ( 'NONE',  ( 4.535000000000000100, -4.025000000000000400, -1.800000000000000300 ) ) ;
#1240 = EDGE_CURVE ( 'NONE', #946, #2470, #10184, .T. ) ;
#1241 = ORIENTED_EDGE ( 'NONE', *, *, #5950, .T. ) ;
#1242 = VERTEX_POINT ( 'NONE', #10054 ) ;
#1243 = ORIENTED_EDGE ( 'NONE', *, *, #4844, .F. ) ;
#1244 = LINE ( 'NONE', #4467, #8813 ) ;
#1245 = CARTESIAN_POINT ( 'NONE',  ( 3.200000000000000600, 0.9749999999999999800, -1.600000000000000100 ) ) ;
#1246 = ORIENTED_EDGE ( 'NONE', *, *, #11549, .F. ) ;
#1247 = DIRECTION ( 'NONE',  ( 0.0000000000000000000, 0.7071067811865474600, 0.7071067811865474600 ) ) ;
#1248 = DIRECTION ( 'NONE',  ( 1.000000000000000000, -0.0000000000000000000, 0.0000000000000000000 ) ) ;
#1249 = CARTESIAN_POINT ( 'NONE',  ( 1.715000000000000100, -3.225000000000000100, -0.9250000000000000400 ) ) ;
#1250 = EDGE_LOOP ( 'NONE', ( #12131, #8524, #4567, #9130 ) ) ;
#1251 = CARTESIAN_POINT ( 'NONE',  ( -5.275000000000000400, 0.0000000000000000000, 1.200000000000000000 ) ) ;
#1252 = VERTEX_POINT ( 'NONE', #5011 ) ;
#1253 = DIRECTION ( 'NONE',  ( 0.0000000000000000000, -1.000000000000000000, -0.0000000000000000000 ) ) ;
#1254 = ORIENTED_EDGE ( 'NONE', *, *, #4045, .T. ) ;
#1255 = ORIENTED_EDGE ( 'NONE', *, *, #1177, .T. ) ;
#1256 = VECTOR ( 'NONE', #11017, 1000.000000000000000 ) ;
#1257 = CARTESIAN_POINT ( 'NONE',  ( -0.7850000000000000300, -3.225000000000000100, -0.9250000000000000400 ) ) ;
#1258 = LINE ( 'NONE', #3954, #9602 ) ;
#1259 = ADVANCED_FACE ( 'NONE', ( #12812 ), #162, .T. ) ;
#1260 = CARTESIAN_POINT ( 'NONE',  ( -1.715000000000000100, -3.225000000000000100, -0.9250000000000000400 ) ) ;
#1261 = ORIENTED_EDGE ( 'NONE', *, *, #3182, .T. ) ;
#1262 = DIRECTION ( 'NONE',  ( 1.000000000000000000, 0.0000000000000000000, 0.0000000000000000000 ) ) ;
#1263 = AXIS2_PLACEMENT_3D ( 'NONE', #5162, #5303, #8143 ) ;
#1264 = DIRECTION ( 'NONE',  ( -0.0000000000000000000, -0.0000000000000000000, 1.000000000000000000 ) ) ;
#1265 = ORIENTED_EDGE ( 'NONE', *, *, #4508, .T. ) ;
#1266 = ORIENTED_EDGE ( 'NONE', *, *, #1848, .T. ) ;
#1267 = EDGE_CURVE ( 'NONE', #5803, #1698, #7561, .T. ) ;
#1268 = AXIS2_PLACEMENT_3D ( 'NONE', #12759, #12640, #7788 ) ;
#1269 = DIRECTION ( 'NONE',  ( 0.0000000000000000000, 0.3303504247281061600, -0.9438583563660174500 ) ) ;
#1270 = ADVANCED_FACE ( 'NONE', ( #10024 ), #8221, .T. ) ;
#1271 = EDGE_LOOP ( 'NONE', ( #5044, #10811, #3337, #12088 ) ) ;
#1272 = ORIENTED_EDGE ( 'NONE', *, *, #362, .T. ) ;
#1273 = VECTOR ( 'NONE', #6318, 1000.000000000000100 ) ;
#1274 = LINE ( 'NONE', #8202, #8986 ) ;
#1275 = ORIENTED_EDGE ( 'NONE', *, *, #8299, .T. ) ;
#1276 = DIRECTION ( 'NONE',  ( 1.000000000000000000, 0.0000000000000000000, 0.0000000000000000000 ) ) ;
#1277 = ADVANCED_FACE ( 'NONE', ( #9860 ), #2291, .F. ) ;
#1278 = VERTEX_POINT ( 'NONE', #4205 ) ;
#1279 = FILL_AREA_STYLE ('',( #2184 ) ) ;
#1280 = DIRECTION ( 'NONE',  ( 0.0000000000000000000, 0.0000000000000000000, 1.000000000000000000 ) ) ;
#1281 = DIRECTION ( 'NONE',  ( 0.7071067811865475700, 0.0000000000000000000, -0.7071067811865475700 ) ) ;
#1282 = ORIENTED_EDGE ( 'NONE', *, *, #2547, .T. ) ;
#1283 = LINE ( 'NONE', #6114, #6394 ) ;
#1284 = FACE_OUTER_BOUND ( 'NONE', #5301, .T. ) ;
#1285 = VERTEX_POINT ( 'NONE', #12180 ) ;
#1286 = EDGE_CURVE ( 'NONE', #12045, #403, #7422, .T. ) ;
#1287 = PLANE ( 'NONE',  #3459 ) ;
#1288 = ORIENTED_EDGE ( 'NONE', *, *, #7511, .T. ) ;
#1289 = CARTESIAN_POINT ( 'NONE',  ( -4.269999999999999600, 0.02500000000000000100, -0.4749999999999999800 ) ) ;
#1290 = EDGE_CURVE ( 'NONE', #333, #6031, #4790, .T. ) ;
#1291 = ORIENTED_EDGE ( 'NONE', *, *, #12559, .T. ) ;
#1292 = MECHANICAL_DESIGN_GEOMETRIC_PRESENTATION_REPRESENTATION (  '', ( #3186 ), #11132 ) ;
#1293 = DIRECTION ( 'NONE',  ( -1.000000000000000000, -0.0000000000000000000, -0.0000000000000000000 ) ) ;
#1294 = CARTESIAN_POINT ( 'NONE',  ( -4.299999999999999800, 0.9749999999999999800, -1.600000000000000100 ) ) ;
#1295 = ORIENTED_EDGE ( 'NONE', *, *, #7835, .F. ) ;
#1296 = VECTOR ( 'NONE', #1794, 1000.000000000000000 ) ;
#1297 = VECTOR ( 'NONE', #11514, 1000.000000000000000 ) ;
#1298 = CARTESIAN_POINT ( 'NONE',  ( -2.034999999999998800, -3.125000000000000000, -0.8499999999999999800 ) ) ;
#1299 = CARTESIAN_POINT ( 'NONE',  ( -4.534999999999999300, -3.125000000000000000, -0.8499999999999999800 ) ) ;
#1300 = EDGE_CURVE ( 'NONE', #3317, #3615, #903, .T. ) ;
#1301 = ORIENTED_EDGE ( 'NONE', *, *, #6504, .T. ) ;
#1302 = DIRECTION ( 'NONE',  ( 1.000000000000000000, 0.0000000000000000000, 0.0000000000000000000 ) ) ;
#1303 = ORIENTED_EDGE ( 'NONE', *, *, #8154, .T. ) ;
#1304 = CARTESIAN_POINT ( 'NONE',  ( -3.900000000000000800, 0.9749999999999999800, -1.400000000000000100 ) ) ;
#1305 = LINE ( 'NONE', #378, #7550 ) ;
#1306 = DIRECTION ( 'NONE',  ( 0.0000000000000000000, 0.0000000000000000000, 1.000000000000000000 ) ) ;
#1307 = EDGE_LOOP ( 'NONE', ( #12398, #957, #2414, #10835, #12572, #1575 ) ) ;
#1308 = DIRECTION ( 'NONE',  ( 1.000000000000000000, -0.0000000000000000000, 0.0000000000000000000 ) ) ;
#1309 = LINE ( 'NONE', #8263, #3664 ) ;
#1310 = ORIENTED_EDGE ( 'NONE', *, *, #2452, .F. ) ;
#1311 = LINE ( 'NONE', #3516, #8727 ) ;
#1312 = EDGE_CURVE ( 'NONE', #6835, #6082, #4333, .T. ) ;
#1313 = DIRECTION ( 'NONE',  ( -1.000000000000000000, 0.0000000000000000000, 0.0000000000000000000 ) ) ;
#1314 = CARTESIAN_POINT ( 'NONE',  ( 5.275000000000000400, -1.975000000000000100, -1.800000000000000300 ) ) ;
#1315 = AXIS2_PLACEMENT_3D ( 'NONE', #7811, #4805, #4561 ) ;
#1316 = DIRECTION ( 'NONE',  ( 0.0000000000000000000, 0.0000000000000000000, 1.000000000000000000 ) ) ;
#1317 = EDGE_LOOP ( 'NONE', ( #12727, #8903, #4738, #8222 ) ) ;
#1318 = DIRECTION ( 'NONE',  ( 0.0000000000000000000, 0.0000000000000000000, -1.000000000000000000 ) ) ;
#1319 = DIRECTION ( 'NONE',  ( 0.7071067811865474600, 0.0000000000000000000, -0.7071067811865474600 ) ) ;
#1320 = LINE ( 'NONE', #8438, #3180 ) ;
#1321 = DIRECTION ( 'NONE',  ( -0.7071067811865475700, -0.7071067811865475700, 0.0000000000000000000 ) ) ;
#1322 = CARTESIAN_POINT ( 'NONE',  ( 3.899999999999999900, 0.9749999999999999800, -1.600000000000000100 ) ) ;
#1323 = CIRCLE ( 'NONE', #11878, 0.1499999999999999700 ) ;
#1324 = EDGE_CURVE ( 'NONE', #12353, #9533, #4175, .T. ) ;
#1325 = VERTEX_POINT ( 'NONE', #4382 ) ;
#1326 = PLANE ( 'NONE',  #8885 ) ;
#1327 = DIRECTION ( 'NONE',  ( 0.0000000000000000000, -1.000000000000000000, 0.0000000000000000000 ) ) ;
#1328 = ADVANCED_FACE ( 'NONE', ( #2312 ), #7348, .F. ) ;
#1329 = VECTOR ( 'NONE', #10276, 1000.000000000000000 ) ;
#1330 = CARTESIAN_POINT ( 'NONE',  ( 0.3750000000000001700, -3.225000000000000100, 1.600000000000000100 ) ) ;
#1331 = LINE ( 'NONE', #11758, #12613 ) ;
#1332 = DIRECTION ( 'NONE',  ( 1.000000000000000000, 0.0000000000000000000, 0.0000000000000000000 ) ) ;
#1333 = VECTOR ( 'NONE', #9071, 1000.000000000000000 ) ;
#1334 = CARTESIAN_POINT ( 'NONE',  ( -2.965000000000000300, -3.424999999999999800, -1.599999999999999900 ) ) ;
#1335 = ORIENTED_EDGE ( 'NONE', *, *, #176, .F. ) ;
#1336 = CARTESIAN_POINT ( 'NONE',  ( 2.965000000000002500, -3.125000000000000000, -0.8499999999999999800 ) ) ;
#1337 = ORIENTED_EDGE ( 'NONE', *, *, #5185, .T. ) ;
#1338 = CARTESIAN_POINT ( 'NONE',  ( -0.7849999999999983700, -4.208005078473780400, -0.1000000000000000100 ) ) ;
#1339 = ADVANCED_FACE ( 'NONE', ( #12517 ), #3348, .T. ) ;
#1340 = PLANE ( 'NONE',  #5671 ) ;
#1341 = VECTOR ( 'NONE', #2478, 1000.000000000000000 ) ;
#1342 = CIRCLE ( 'NONE', #950, 0.1499999999999999700 ) ;
#1343 = EDGE_CURVE ( 'NONE', #6553, #7134, #10502, .T. ) ;
#1344 = VECTOR ( 'NONE', #9014, 1000.000000000000000 ) ;
#1345 = CARTESIAN_POINT ( 'NONE',  ( -4.214999999999999900, -3.924999999999999800, -0.5749999999999999600 ) ) ;
#1346 = ORIENTED_EDGE ( 'NONE', *, *, #6120, .T. ) ;
#1347 = LINE ( 'NONE', #9515, #9853 ) ;
#1348 = VERTEX_POINT ( 'NONE', #10244 ) ;
#1349 = CARTESIAN_POINT ( 'NONE',  ( 6.870000000000000100, -2.225000000000000100, -0.5450000000000000400 ) ) ;
#1350 = ORIENTED_EDGE ( 'NONE', *, *, #7281, .F. ) ;
#1351 = CARTESIAN_POINT ( 'NONE',  ( 4.535000000000000100, -4.224999999999999600, -1.600000000000000100 ) ) ;
#1352 = EDGE_CURVE ( 'NONE', #11237, #12738, #12799, .T. ) ;
#1353 = DIRECTION ( 'NONE',  ( -0.9766444667050946400, 0.2148617826750988400, 0.0000000000000000000 ) ) ;
#1354 = DIRECTION ( 'NONE',  ( -1.000000000000000000, 0.0000000000000000000, 0.0000000000000000000 ) ) ;
#1355 = CARTESIAN_POINT ( 'NONE',  ( 4.324999999999999300, 0.2750000000000003000, -0.2749999999999999700 ) ) ;
#1356 = FACE_OUTER_BOUND ( 'NONE', #1049, .T. ) ;
#1357 = VECTOR ( 'NONE', #10967, 1000.000000000000000 ) ;
#1358 = LINE ( 'NONE', #124, #9369 ) ;
#1359 = AXIS2_PLACEMENT_3D ( 'NONE', #7374, #7462, #12379 ) ;
#1360 = VECTOR ( 'NONE', #2106, 1000.000000000000000 ) ;
#1361 = VERTEX_POINT ( 'NONE', #7256 ) ;
#1362 = ORIENTED_EDGE ( 'NONE', *, *, #11572, .F. ) ;
#1363 = VERTEX_POINT ( 'NONE', #5482 ) ;
#1364 = CARTESIAN_POINT ( 'NONE',  ( -6.440000000000000400, -1.075000000000000000, -0.6700000000000000400 ) ) ;
#1365 = PLANE ( 'NONE',  #5731 ) ;
#1366 = CARTESIAN_POINT ( 'NONE',  ( 4.299999999999999800, -0.4749999999999999800, -1.200000000000000000 ) ) ;
#1367 = EDGE_CURVE ( 'NONE', #1937, #6516, #2292, .T. ) ;
#1368 = CARTESIAN_POINT ( 'NONE',  ( -7.075000000000000200, -2.225000000000000100, -1.300000000000000300 ) ) ;
#1369 = DIRECTION ( 'NONE',  ( 0.0000000000000000000, 0.7071067811865474600, 0.7071067811865474600 ) ) ;
#1370 = DIRECTION ( 'NONE',  ( -0.0000000000000000000, -0.0000000000000000000, 1.000000000000000000 ) ) ;
#1371 = LINE ( 'NONE', #3444, #744 ) ;
#1372 = EDGE_CURVE ( 'NONE', #3608, #4702, #7548, .T. ) ;
#1373 = DIRECTION ( 'NONE',  ( -1.000000000000000000, -0.0000000000000000000, -0.0000000000000000000 ) ) ;
#1374 = LINE ( 'NONE', #11250, #3716 ) ;
#1375 = LINE ( 'NONE', #12721, #11581 ) ;
#1376 = ORIENTED_EDGE ( 'NONE', *, *, #6366, .F. ) ;
#1377 = EDGE_LOOP ( 'NONE', ( #5045, #5181, #918, #6344 ) ) ;
#1378 = ORIENTED_EDGE ( 'NONE', *, *, #1823, .T. ) ;
#1379 = ORIENTED_EDGE ( 'NONE', *, *, #8929, .F. ) ;
#1380 = DIRECTION ( 'NONE',  ( 0.0000000000000000000, 0.0000000000000000000, -1.000000000000000000 ) ) ;
#1381 = VERTEX_POINT ( 'NONE', #3037 ) ;
#1382 = CARTESIAN_POINT ( 'NONE',  ( -5.875000000000000000, -2.225000000000000100, -0.5450000000000001500 ) ) ;
#1383 = VECTOR ( 'NONE', #12768, 1000.000000000000000 ) ;
#1384 = AXIS2_PLACEMENT_3D ( 'NONE', #10032, #4181, #272 ) ;
#1385 = VECTOR ( 'NONE', #9165, 1000.000000000000000 ) ;
#1386 = CARTESIAN_POINT ( 'NONE',  ( 1.875000000000000000, -0.2250000000000000600, -0.1000000000000000100 ) ) ;
#1387 = LINE ( 'NONE', #1089, #5399 ) ;
#1388 = DIRECTION ( 'NONE',  ( -1.000000000000000000, -0.0000000000000000000, -0.0000000000000000000 ) ) ;
#1389 = EDGE_CURVE ( 'NONE', #2648, #5368, #4914, .T. ) ;
#1390 = DIRECTION ( 'NONE',  ( -1.000000000000000000, -0.0000000000000000000, -0.0000000000000000000 ) ) ;
#1391 = CARTESIAN_POINT ( 'NONE',  ( 0.0000000000000000000, 0.0000000000000000000, 1.100000000000000100 ) ) ;
#1392 = EDGE_LOOP ( 'NONE', ( #1255, #11890, #3156, #3017 ) ) ;
#1393 = VERTEX_POINT ( 'NONE', #2034 ) ;
#1394 = VERTEX_POINT ( 'NONE', #998 ) ;
#1395 = EDGE_CURVE ( 'NONE', #2326, #5961, #8509, .T. ) ;
#1396 = ORIENTED_EDGE ( 'NONE', *, *, #9059, .T. ) ;
#1397 = DIRECTION ( 'NONE',  ( 0.0000000000000000000, 0.0000000000000000000, 1.000000000000000000 ) ) ;
#1398 = ADVANCED_FACE ( 'NONE', ( #4641 ), #10978, .F. ) ;
#1399 = CARTESIAN_POINT ( 'NONE',  ( -6.870000000000000100, -0.02499999999999990100, -0.5450000000000000400 ) ) ;
#1400 = DIRECTION ( 'NONE',  ( 0.0000000000000000000, 0.0000000000000000000, -1.000000000000000000 ) ) ;
#1401 = VERTEX_POINT ( 'NONE', #12005 ) ;
#1402 = ORIENTED_EDGE ( 'NONE', *, *, #4022, .F. ) ;
#1403 = VERTEX_POINT ( 'NONE', #2125 ) ;
#1404 = EDGE_CURVE ( 'NONE', #9357, #11904, #9713, .T. ) ;
#1405 = LINE ( 'NONE', #1569, #11610 ) ;
#1406 = CARTESIAN_POINT ( 'NONE',  ( -6.450000000000000200, -2.225000000000000100, -0.5450000000000000400 ) ) ;
#1407 = ORIENTED_EDGE ( 'NONE', *, *, #7260, .F. ) ;
#1408 = ORIENTED_EDGE ( 'NONE', *, *, #6517, .F. ) ;
#1409 = ADVANCED_FACE ( 'NONE', ( #4779 ), #6097, .T. ) ;
#1410 = CARTESIAN_POINT ( 'NONE',  ( -5.875000000000000000, -2.225000000000000100, -0.7700000000000000200 ) ) ;
#1411 = CARTESIAN_POINT ( 'NONE',  ( -0.7850000000000000300, -3.225000000000000100, -0.4249999999999998200 ) ) ;
#1412 = ORIENTED_EDGE ( 'NONE', *, *, #3267, .T. ) ;
#1413 = AXIS2_PLACEMENT_3D ( 'NONE', #4418, #559, #7345 ) ;
#1414 = CARTESIAN_POINT ( 'NONE',  ( -0.7849999999999992500, -3.125000000000000000, -1.300000000000000300 ) ) ;
#1415 = ORIENTED_EDGE ( 'NONE', *, *, #8265, .F. ) ;
#1416 = ORIENTED_EDGE ( 'NONE', *, *, #3739, .F. ) ;
#1417 = LINE ( 'NONE', #7302, #11618 ) ;
#1418 = VECTOR ( 'NONE', #824, 1000.000000000000000 ) ;
#1419 = CARTESIAN_POINT ( 'NONE',  ( 0.7850000000000000300, -3.924999999999999800, -1.300000000000000300 ) ) ;
#1420 = ORIENTED_EDGE ( 'NONE', *, *, #8286, .T. ) ;
#1421 = DIRECTION ( 'NONE',  ( 0.0000000000000000000, -0.0000000000000000000, 1.000000000000000000 ) ) ;
#1422 = ORIENTED_EDGE ( 'NONE', *, *, #12762, .T. ) ;
#1424 = EDGE_CURVE ( 'NONE', #12003, #2215, #11431, .T. ) ;
#1423 = ORIENTED_EDGE ( 'NONE', *, *, #794, .T. ) ;
#1425 = ORIENTED_EDGE ( 'NONE', *, *, #300, .F. ) ;
#1426 = DIRECTION ( 'NONE',  ( -0.0000000000000000000, 1.000000000000000000, -0.0000000000000000000 ) ) ;
#1427 = VECTOR ( 'NONE', #4937, 1000.000000000000000 ) ;
#1428 = LINE ( 'NONE', #12371, #10383 ) ;
#1429 = DIRECTION ( 'NONE',  ( 1.000000000000000000, -0.0000000000000000000, 0.0000000000000000000 ) ) ;
#1430 = CARTESIAN_POINT ( 'NONE',  ( 0.7850000000000000300, -3.625000000000000000, -1.800000000000000300 ) ) ;
#1431 = ORIENTED_EDGE ( 'NONE', *, *, #4626, .T. ) ;
#1432 = APPLICATION_PROTOCOL_DEFINITION ( 'draft international standard', 'automotive_design', 1998, #10280 ) ;
#1433 = CARTESIAN_POINT ( 'NONE',  ( 0.0000000000000000000, -3.225000000000000100, 1.600000000000000100 ) ) ;
#1434 = ORIENTED_EDGE ( 'NONE', *, *, #2315, .T. ) ;
#1435 = EDGE_CURVE ( 'NONE', #4180, #9227, #4483, .T. ) ;
#1436 = CARTESIAN_POINT ( 'NONE',  ( -2.034999999999998800, -3.125000000000000000, -0.1000000000000000100 ) ) ;
#1437 = ORIENTED_EDGE ( 'NONE', *, *, #12715, .F. ) ;
#1438 = VECTOR ( 'NONE', #5801, 1000.000000000000000 ) ;
#1439 = FACE_OUTER_BOUND ( 'NONE', #9433, .T. ) ;
#1441 = ORIENTED_EDGE ( 'NONE', *, *, #4548, .T. ) ;
#1440 = AXIS2_PLACEMENT_3D ( 'NONE', #9999, #7069, #7029 ) ;
#1442 = DIRECTION ( 'NONE',  ( 0.0000000000000000000, 0.7071067811865474600, 0.7071067811865474600 ) ) ;
#1443 = ORIENTED_EDGE ( 'NONE', *, *, #2412, .T. ) ;
#1444 = CARTESIAN_POINT ( 'NONE',  ( 4.535000000000001000, -3.125000000000000000, -0.1000000000000000100 ) ) ;
#1445 = EDGE_CURVE ( 'NONE', #5393, #6405, #2465, .T. ) ;
#1446 = AXIS2_PLACEMENT_3D ( 'NONE', #4705, #9449, #4663 ) ;
#1447 = CARTESIAN_POINT ( 'NONE',  ( -5.174999999999999800, -0.02500000000000005000, -1.600000000000000100 ) ) ;
#1448 = ORIENTED_EDGE ( 'NONE', *, *, #8134, .F. ) ;
#1449 = CARTESIAN_POINT ( 'NONE',  ( 5.574999999999998400, 0.9749999999999996400, 1.200000000000000000 ) ) ;
#1451 = DIRECTION ( 'NONE',  ( 0.0000000000000000000, -0.7071067811865474600, -0.7071067811865474600 ) ) ;
#1450 = VECTOR ( 'NONE', #12621, 1000.000000000000000 ) ;
#1452 = DIRECTION ( 'NONE',  ( -1.000000000000000000, 0.0000000000000000000, -0.0000000000000000000 ) ) ;
#1453 = EDGE_LOOP ( 'NONE', ( #7048, #7519, #12681, #12794 ) ) ;
#1454 = CARTESIAN_POINT ( 'NONE',  ( -5.875000000000000000, 0.5749999999999999600, 0.9000000000000002400 ) ) ;
#1455 = CARTESIAN_POINT ( 'NONE',  ( 0.4650000000000018600, -3.125000000000000000, -0.1000000000000000100 ) ) ;
#1456 = ADVANCED_FACE ( 'NONE', ( #120 ), #1941, .T. ) ;
#1457 = ORIENTED_EDGE ( 'NONE', *, *, #7007, .F. ) ;
#1458 = FACE_OUTER_BOUND ( 'NONE', #7556, .T. ) ;
#1460 = EDGE_CURVE ( 'NONE', #5662, #12108, #8649, .T. ) ;
#1459 = ORIENTED_EDGE ( 'NONE', *, *, #11709, .F. ) ;
#1461 = FACE_OUTER_BOUND ( 'NONE', #6281, .T. ) ;
#1462 = CARTESIAN_POINT ( 'NONE',  ( -1.715000000000000100, -3.424999999999999800, -1.599999999999999900 ) ) ;
#1463 = LINE ( 'NONE', #3040, #8099 ) ;
#1464 = EDGE_CURVE ( 'NONE', #6085, #2681, #450, .T. ) ;
#1465 = DIRECTION ( 'NONE',  ( -1.000000000000000000, -0.0000000000000000000, -0.0000000000000000000 ) ) ;
#1466 = AXIS2_PLACEMENT_3D ( 'NONE', #7613, #1697, #12659 ) ;
#1467 = CARTESIAN_POINT ( 'NONE',  ( 3.200000000000000600, -0.4749999999999999200, -1.600000000000000100 ) ) ;
#1468 = VERTEX_POINT ( 'NONE', #7908 ) ;
#1469 = FACE_OUTER_BOUND ( 'NONE', #7508, .T. ) ;
#1470 = ADVANCED_FACE ( 'NONE', ( #3730 ), #10887, .T. ) ;
#1471 = CARTESIAN_POINT ( 'NONE',  ( -6.540000000000000000, -2.225000000000000100, -0.7699999999999999100 ) ) ;
#1472 = LINE ( 'NONE', #1200, #6570 ) ;
#1473 = VERTEX_POINT ( 'NONE', #5967 ) ;
#1474 = VECTOR ( 'NONE', #6643, 1000.000000000000000 ) ;
#1475 = AXIS2_PLACEMENT_3D ( 'NONE', #1751, #2792, #9683 ) ;
#1476 = DIRECTION ( 'NONE',  ( 0.0000000000000000000, 0.0000000000000000000, 1.000000000000000000 ) ) ;
#1477 = EDGE_CURVE ( 'NONE', #9724, #12692, #11106, .T. ) ;
#1478 = PLANE ( 'NONE',  #2201 ) ;
#1479 = DIRECTION ( 'NONE',  ( 0.0000000000000000000, 0.0000000000000000000, 1.000000000000000000 ) ) ;
#1480 = CARTESIAN_POINT ( 'NONE',  ( -6.339999999999999900, -2.225000000000000100, -1.500000000000000000 ) ) ;
#1481 = VECTOR ( 'NONE', #3390, 1000.000000000000000 ) ;
#1482 = VERTEX_POINT ( 'NONE', #80 ) ;
#1483 = DIRECTION ( 'NONE',  ( 0.0000000000000000000, 1.000000000000000000, 0.0000000000000000000 ) ) ;
#1484 = EDGE_CURVE ( 'NONE', #11163, #3823, #9263, .T. ) ;
#1485 = CARTESIAN_POINT ( 'NONE',  ( -5.375000000000000000, -2.625000000000000000, 1.600000000000000100 ) ) ;
#1486 = VECTOR ( 'NONE', #9518, 1000.000000000000000 ) ;
#1487 = PLANE ( 'NONE',  #798 ) ;
#1488 = VECTOR ( 'NONE', #706, 1000.000000000000000 ) ;
#1489 = AXIS2_PLACEMENT_3D ( 'NONE', #7444, #10417, #4392 ) ;
#1490 = ORIENTED_EDGE ( 'NONE', *, *, #10070, .F. ) ;
#1491 = ADVANCED_FACE ( 'NONE', ( #8014 ), #213, .T. ) ;
#1492 = CARTESIAN_POINT ( 'NONE',  ( -4.214999999999999900, -3.924999999999999800, 1.600000000000000100 ) ) ;
#1493 = DIRECTION ( 'NONE',  ( 1.000000000000000000, -0.0000000000000000000, 0.0000000000000000000 ) ) ;
#1494 = CARTESIAN_POINT ( 'NONE',  ( 4.535000000000000100, -4.224999999999999600, -1.600000000000000100 ) ) ;
#1495 = CARTESIAN_POINT ( 'NONE',  ( 2.035000000000000100, -3.225000000000000100, -1.125000000000000200 ) ) ;
#1496 = LINE ( 'NONE', #10625, #7372 ) ;
#1497 = EDGE_CURVE ( 'NONE', #3102, #11748, #5549, .T. ) ;
#1498 = CARTESIAN_POINT ( 'NONE',  ( 0.3750000000000000000, -2.625000000000000000, 1.100000000000000100 ) ) ;
#1499 = LINE ( 'NONE', #5256, #8132 ) ;
#1500 = DIRECTION ( 'NONE',  ( 0.0000000000000000000, 1.000000000000000000, -0.0000000000000000000 ) ) ;
#1501 = LINE ( 'NONE', #10931, #11983 ) ;
#1502 = ORIENTED_EDGE ( 'NONE', *, *, #8553, .F. ) ;
#1503 = VERTEX_POINT ( 'NONE', #11837 ) ;
#1504 = ORIENTED_EDGE ( 'NONE', *, *, #9024, .T. ) ;
#1505 = FACE_OUTER_BOUND ( 'NONE', #529, .T. ) ;
#1506 = LINE ( 'NONE', #12351, #5822 ) ;
#1507 = DIRECTION ( 'NONE',  ( 0.0000000000000000000, -0.0000000000000000000, 1.000000000000000000 ) ) ;
#1508 = CIRCLE ( 'NONE', #3858, 0.1499999999999999700 ) ;
#1509 = LINE ( 'NONE', #270, #4298 ) ;
#1510 = ORIENTED_EDGE ( 'NONE', *, *, #2472, .F. ) ;
#1511 = ORIENTED_EDGE ( 'NONE', *, *, #8624, .T. ) ;
#1512 = VERTEX_POINT ( 'NONE', #6233 ) ;
#1513 = DIRECTION ( 'NONE',  ( -0.0000000000000000000, 0.0000000000000000000, -1.000000000000000000 ) ) ;
#1514 = DIRECTION ( 'NONE',  ( -0.2033118901005035200, 0.9241449550023836900, 0.3234507342508327600 ) ) ;
#1515 = EDGE_CURVE ( 'NONE', #4192, #11676, #6327, .T. ) ;
#1516 = FACE_OUTER_BOUND ( 'NONE', #11883, .T. ) ;
#1517 = CARTESIAN_POINT ( 'NONE',  ( 1.715000000000000100, -3.424999999999999800, -1.599999999999999900 ) ) ;
#1518 = AXIS2_PLACEMENT_3D ( 'NONE', #5673, #864, #5962 ) ;
#1519 = ADVANCED_FACE ( 'NONE', ( #1533 ), #7220, .T. ) ;
#1520 = LINE ( 'NONE', #2819, #8320 ) ;
#1521 = VECTOR ( 'NONE', #4487, 1000.000000000000000 ) ;
#1522 = PLANE ( 'NONE',  #9055 ) ;
#1523 = DIRECTION ( 'NONE',  ( 0.5547001962252291500, 0.8320502943378437200, -0.0000000000000000000 ) ) ;
#1524 = LINE ( 'NONE', #5832, #6622 ) ;
#1525 = ORIENTED_EDGE ( 'NONE', *, *, #8394, .F. ) ;
#1526 = ORIENTED_EDGE ( 'NONE', *, *, #9784, .T. ) ;
#1527 = CARTESIAN_POINT ( 'NONE',  ( 4.214999999999999900, -3.125000000000000000, -0.9250000000000000400 ) ) ;
#1528 = ORIENTED_EDGE ( 'NONE', *, *, #5357, .F. ) ;
#1529 = CARTESIAN_POINT ( 'NONE',  ( -5.875000000000000000, -3.225000000000000100, 1.100000000000000100 ) ) ;
#1530 = DIRECTION ( 'NONE',  ( 0.0000000000000000000, -0.0000000000000000000, -1.000000000000000000 ) ) ;
#1531 = FACE_OUTER_BOUND ( 'NONE', #6534, .T. ) ;
#1532 = CARTESIAN_POINT ( 'NONE',  ( -4.535000000000000100, -3.225000000000000100, -0.9250000000000000400 ) ) ;
#1533 = FACE_OUTER_BOUND ( 'NONE', #10766, .T. ) ;
#1534 = AXIS2_PLACEMENT_3D ( 'NONE', #11631, #4799, #12657 ) ;
#1535 = VECTOR ( 'NONE', #7274, 1000.000000000000000 ) ;
#1536 = FACE_BOUND ( 'NONE', #7365, .T. ) ;
#1537 = DIRECTION ( 'NONE',  ( -0.0000000000000000000, 0.7071067811865475700, 0.7071067811865475700 ) ) ;
#1538 = ADVANCED_FACE ( 'NONE', ( #8173 ), #2302, .F. ) ;
#1539 = CARTESIAN_POINT ( 'NONE',  ( -2.964999999999999900, -4.224999999999999600, -1.600000000000000100 ) ) ;
#1540 = ORIENTED_EDGE ( 'NONE', *, *, #2009, .F. ) ;
#1541 = ORIENTED_EDGE ( 'NONE', *, *, #8233, .F. ) ;
#1542 = EDGE_CURVE ( 'NONE', #4130, #1394, #10645, .T. ) ;
#1543 = PLANE ( 'NONE',  #2643 ) ;
#1544 = CARTESIAN_POINT ( 'NONE',  ( -3.284999999999998800, -4.208005078473780400, -0.8499999999999999800 ) ) ;
#1545 = ORIENTED_EDGE ( 'NONE', *, *, #7997, .T. ) ;
#1546 = LINE ( 'NONE', #6468, #6491 ) ;
#1547 = EDGE_CURVE ( 'NONE', #703, #7884, #2919, .T. ) ;
#1548 = CARTESIAN_POINT ( 'NONE',  ( 3.285000000000000100, -3.425000000000000300, -1.125000000000000200 ) ) ;
#1549 = VECTOR ( 'NONE', #2054, 1000.000000000000000 ) ;
#1550 = AXIS2_PLACEMENT_3D ( 'NONE', #1789, #10731, #2797 ) ;
#1551 = FACE_OUTER_BOUND ( 'NONE', #3197, .T. ) ;
#1552 = DIRECTION ( 'NONE',  ( 0.0000000000000000000, 0.7071067811865474600, -0.7071067811865474600 ) ) ;
#1553 = VERTEX_POINT ( 'NONE', #6193 ) ;
#1554 = VERTEX_POINT ( 'NONE', #4166 ) ;
#1555 = ORIENTED_EDGE ( 'NONE', *, *, #11556, .F. ) ;
#1556 = AXIS2_PLACEMENT_3D ( 'NONE', #7115, #1192, #9095 ) ;
#1557 = ADVANCED_FACE ( 'NONE', ( #3570 ), #6146, .F. ) ;
#1558 = CARTESIAN_POINT ( 'NONE',  ( 9.090000000000001600, -3.125000000000000000, -1.300000000000000300 ) ) ;
#1559 = ORIENTED_EDGE ( 'NONE', *, *, #12298, .T. ) ;
#1560 = EDGE_CURVE ( 'NONE', #2516, #2620, #6644, .T. ) ;
#1561 = DIRECTION ( 'NONE',  ( 0.0000000000000000000, -1.000000000000000000, 0.0000000000000000000 ) ) ;
#1562 = ORIENTED_EDGE ( 'NONE', *, *, #2412, .F. ) ;
#1563 = DIRECTION ( 'NONE',  ( 0.0000000000000000000, 0.7071067811865452400, -0.7071067811865497900 ) ) ;
#1564 = ORIENTED_EDGE ( 'NONE', *, *, #6247, .T. ) ;
#1565 = EDGE_CURVE ( 'NONE', #4602, #8850, #10784, .T. ) ;
#1566 = ORIENTED_EDGE ( 'NONE', *, *, #12626, .T. ) ;
#1567 = EDGE_LOOP ( 'NONE', ( #7103, #3398, #7513, #8450 ) ) ;
#1568 = ORIENTED_EDGE ( 'NONE', *, *, #9808, .T. ) ;
#1569 = CARTESIAN_POINT ( 'NONE',  ( 6.110000000000000300, -1.075000000000000000, -1.299999999999999600 ) ) ;
#1570 = LINE ( 'NONE', #5054, #5270 ) ;
#1571 = EDGE_LOOP ( 'NONE', ( #11483, #11700, #10522, #336 ) ) ;
#1572 = DIRECTION ( 'NONE',  ( -0.0000000000000000000, 1.000000000000000000, -0.0000000000000000000 ) ) ;
#1573 = CARTESIAN_POINT ( 'NONE',  ( 3.375000000000000000, -2.625000000000000000, 1.600000000000000100 ) ) ;
#1574 = ORIENTED_EDGE ( 'NONE', *, *, #10660, .F. ) ;
#1575 = ORIENTED_EDGE ( 'NONE', *, *, #3159, .T. ) ;
#1576 = EDGE_CURVE ( 'NONE', #8040, #2053, #8494, .T. ) ;
#1577 = CARTESIAN_POINT ( 'NONE',  ( 6.869999999999999200, -2.225000000000000100, -0.5450000000000001500 ) ) ;
#1578 = ORIENTED_EDGE ( 'NONE', *, *, #5943, .T. ) ;
#1579 = ORIENTED_EDGE ( 'NONE', *, *, #1424, .F. ) ;
#1580 = LINE ( 'NONE', #6004, #9137 ) ;
#1581 = FACE_OUTER_BOUND ( 'NONE', #6352, .T. ) ;
#1582 = ORIENTED_EDGE ( 'NONE', *, *, #194, .F. ) ;
#1583 = CARTESIAN_POINT ( 'NONE',  ( -2.034999999999994800, -0.2250000000000012500, -0.09999999999999977000 ) ) ;
#1584 = DIRECTION ( 'NONE',  ( 0.0000000000000000000, 0.7071067811865452400, -0.7071067811865497900 ) ) ;
#1585 = EDGE_LOOP ( 'NONE', ( #8655, #432, #7547, #4182, #10358 ) ) ;
#1586 = DIRECTION ( 'NONE',  ( 0.0000000000000000000, 0.0000000000000000000, 1.000000000000000000 ) ) ;
#1587 = CARTESIAN_POINT ( 'NONE',  ( 0.7850000000000000300, -3.775000000000000400, -0.4249999999999999900 ) ) ;
#1588 = CARTESIAN_POINT ( 'NONE',  ( 5.174999999999999800, 0.9749999999999999800, -1.600000000000000100 ) ) ;
#1589 = CARTESIAN_POINT ( 'NONE',  ( 6.099999999999999600, -0.02499999999999984900, -0.6450000000000000200 ) ) ;
#1590 = ADVANCED_FACE ( 'NONE', ( #6165 ), #793, .F. ) ;
#1591 = ORIENTED_EDGE ( 'NONE', *, *, #12456, .T. ) ;
#1592 = ORIENTED_EDGE ( 'NONE', *, *, #940, .F. ) ;
#1593 = VECTOR ( 'NONE', #1264, 1000.000000000000000 ) ;
#1594 = VECTOR ( 'NONE', #6029, 1000.000000000000000 ) ;
#1595 = CARTESIAN_POINT ( 'NONE',  ( 2.035000000000001000, -1.975000000000000100, -0.8499999999999999800 ) ) ;
#1596 = VERTEX_POINT ( 'NONE', #10757 ) ;
#1597 = EDGE_CURVE ( 'NONE', #10656, #2809, #11722, .T. ) ;
#1598 = CARTESIAN_POINT ( 'NONE',  ( 3.125000000000000000, 0.2749999999999999700, -0.6749999999999999300 ) ) ;
#1599 = ORIENTED_EDGE ( 'NONE', *, *, #8223, .F. ) ;
#1600 = LINE ( 'NONE', #4318, #7471 ) ;
#1601 = VECTOR ( 'NONE', #7728, 1000.000000000000000 ) ;
#1602 = ADVANCED_FACE ( 'NONE', ( #893 ), #3836, .F. ) ;
#1603 = EDGE_CURVE ( 'NONE', #4504, #11323, #9086, .T. ) ;
#1604 = VERTEX_POINT ( 'NONE', #6721 ) ;
#1605 = PLANE ( 'NONE',  #6744 ) ;
#1606 = CARTESIAN_POINT ( 'NONE',  ( -3.284999999999998800, -3.125000000000000000, -0.8499999999999999800 ) ) ;
#1607 = CARTESIAN_POINT ( 'NONE',  ( -0.4649999999999992500, -4.208005078473780400, -0.1000000000000000100 ) ) ;
#1608 = VERTEX_POINT ( 'NONE', #4736 ) ;
#1609 = CARTESIAN_POINT ( 'NONE',  ( -3.284999999999998800, -3.125000000000000000, -0.8499999999999999800 ) ) ;
#1610 = VECTOR ( 'NONE', #8948, 1000.000000000000000 ) ;
#1611 = VECTOR ( 'NONE', #10422, 1000.000000000000000 ) ;
#1612 = DIRECTION ( 'NONE',  ( 0.0000000000000000000, -1.000000000000000000, 0.0000000000000000000 ) ) ;
#1613 = CARTESIAN_POINT ( 'NONE',  ( -3.284999999999998800, -1.975000000000000100, -0.8499999999999999800 ) ) ;
#1614 = EDGE_CURVE ( 'NONE', #12793, #3084, #12654, .T. ) ;
#1615 = AXIS2_PLACEMENT_3D ( 'NONE', #8664, #1747, #12554 ) ;
#1616 = ADVANCED_FACE ( 'NONE', ( #3238 ), #5847, .F. ) ;
#1617 = CARTESIAN_POINT ( 'NONE',  ( -2.034999999999998800, -3.125000000000000000, -0.8499999999999999800 ) ) ;
#1618 = ORIENTED_EDGE ( 'NONE', *, *, #919, .T. ) ;
#1619 = EDGE_CURVE ( 'NONE', #10231, #5455, #275, .T. ) ;
#1620 = ORIENTED_EDGE ( 'NONE', *, *, #691, .T. ) ;
#1621 = DIRECTION ( 'NONE',  ( -0.0000000000000000000, 0.0000000000000000000, -1.000000000000000000 ) ) ;
#1622 = DIRECTION ( 'NONE',  ( -0.0000000000000000000, -0.0000000000000000000, 1.000000000000000000 ) ) ;
#1623 = VECTOR ( 'NONE', #894, 1000.000000000000000 ) ;
#1624 = EDGE_LOOP ( 'NONE', ( #3057, #4398, #11456, #132 ) ) ;
#1625 = LINE ( 'NONE', #4503, #2705 ) ;
#1626 = ORIENTED_EDGE ( 'NONE', *, *, #8082, .F. ) ;
#1627 = VECTOR ( 'NONE', #10759, 1000.000000000000000 ) ;
#1628 = AXIS2_PLACEMENT_3D ( 'NONE', #2469, #10365, #4588 ) ;
#1629 = DIRECTION ( 'NONE',  ( -0.0000000000000000000, 0.0000000000000000000, 1.000000000000000000 ) ) ;
#1630 = EDGE_CURVE ( 'NONE', #9181, #5674, #602, .T. ) ;
#1631 = CARTESIAN_POINT ( 'NONE',  ( 5.875000000000000000, -3.225000000000000100, -1.300000000000000300 ) ) ;
#1632 = VERTEX_POINT ( 'NONE', #2914 ) ;
#1633 = FACE_OUTER_BOUND ( 'NONE', #1990, .T. ) ;
#1634 = VECTOR ( 'NONE', #1770, 1000.000000000000000 ) ;
#1635 = ORIENTED_EDGE ( 'NONE', *, *, #2784, .T. ) ;
#1636 = EDGE_CURVE ( 'NONE', #2007, #11016, #757, .T. ) ;
#1637 = CARTESIAN_POINT ( 'NONE',  ( 4.535000000000001000, -4.208005078473780400, -0.1000000000000000100 ) ) ;
#1638 = AXIS2_PLACEMENT_3D ( 'NONE', #1235, #12023, #4276 ) ;
#1639 = CARTESIAN_POINT ( 'NONE',  ( 5.275000000000000400, -1.975000000000000100, -1.200000000000000000 ) ) ;
#1640 = CARTESIAN_POINT ( 'NONE',  ( 5.875000000000000000, 0.9749999999999999800, 1.200000000000000000 ) ) ;
#1641 = FACE_OUTER_BOUND ( 'NONE', #4733, .T. ) ;
#1642 = AXIS2_PLACEMENT_3D ( 'NONE', #4778, #11682, #795 ) ;
#1643 = FACE_OUTER_BOUND ( 'NONE', #9731, .T. ) ;
#1644 = VECTOR ( 'NONE', #8093, 1000.000000000000000 ) ;
#1645 = DIRECTION ( 'NONE',  ( -0.7071067811865495700, 0.0000000000000000000, 0.7071067811865454600 ) ) ;
#1646 = EDGE_CURVE ( 'NONE', #364, #1926, #1053, .T. ) ;
#1647 = ORIENTED_EDGE ( 'NONE', *, *, #5185, .F. ) ;
#1648 = ADVANCED_FACE ( 'NONE', ( #10951 ), #9803, .T. ) ;
#1649 = ORIENTED_EDGE ( 'NONE', *, *, #1993, .T. ) ;
#1650 = DIRECTION ( 'NONE',  ( 0.0000000000000000000, 0.0000000000000000000, 1.000000000000000000 ) ) ;
#1651 = PLANE ( 'NONE',  #10125 ) ;
#1652 = EDGE_CURVE ( 'NONE', #10154, #9818, #11590, .T. ) ;
#1653 = DIRECTION ( 'NONE',  ( -0.7071067811865468000, 0.7071067811865483500, 0.0000000000000000000 ) ) ;
#1654 = VECTOR ( 'NONE', #6496, 1000.000000000000000 ) ;
#1655 = VECTOR ( 'NONE', #348, 1000.000000000000000 ) ;
#1656 = DIRECTION ( 'NONE',  ( -0.0000000000000000000, -1.000000000000000000, -0.0000000000000000000 ) ) ;
#1657 = VECTOR ( 'NONE', #4426, 1000.000000000000000 ) ;
#1658 = ORIENTED_EDGE ( 'NONE', *, *, #9169, .F. ) ;
#1659 = FACE_OUTER_BOUND ( 'NONE', #151, .T. ) ;
#1660 = ORIENTED_EDGE ( 'NONE', *, *, #5780, .F. ) ;
#1661 = CARTESIAN_POINT ( 'NONE',  ( -4.214999999999999900, -3.225000000000000100, -0.9250000000000000400 ) ) ;
#1662 = VERTEX_POINT ( 'NONE', #1678 ) ;
#1663 = CARTESIAN_POINT ( 'NONE',  ( -3.200000000000000200, -0.4749999999999999800, -1.200000000000000000 ) ) ;
#1664 = ADVANCED_FACE ( 'NONE', ( #5398 ), #8112, .T. ) ;
#1665 = DIRECTION ( 'NONE',  ( 0.0000000000000000000, -0.0000000000000000000, -1.000000000000000000 ) ) ;
#1666 = DIRECTION ( 'NONE',  ( 0.0000000000000000000, -0.0000000000000000000, -1.000000000000000000 ) ) ;
#1667 = CARTESIAN_POINT ( 'NONE',  ( 0.7850000000000000300, -0.2250000000000000100, -0.1000000000000000100 ) ) ;
#1668 = LINE ( 'NONE', #2214, #10160 ) ;
#1669 = DIRECTION ( 'NONE',  ( 0.0000000000000000000, 0.9438583563660173400, 0.3303504247281061100 ) ) ;
#1670 = FACE_OUTER_BOUND ( 'NONE', #8715, .T. ) ;
#1671 = EDGE_CURVE ( 'NONE', #5662, #9414, #7708, .T. ) ;
#1672 = LINE ( 'NONE', #3554, #7393 ) ;
#1673 = CIRCLE ( 'NONE', #5799, 0.2000000000000000900 ) ;
#1674 = ORIENTED_EDGE ( 'NONE', *, *, #8075, .F. ) ;
#1675 = ORIENTED_EDGE ( 'NONE', *, *, #1464, .F. ) ;
#1676 = PLANE ( 'NONE',  #4753 ) ;
#1677 = ORIENTED_EDGE ( 'NONE', *, *, #11236, .F. ) ;
#1678 = CARTESIAN_POINT ( 'NONE',  ( 6.440000000000000400, -2.125000000000000000, -0.6700000000000000400 ) ) ;
#1679 = EDGE_CURVE ( 'NONE', #3032, #10210, #9699, .T. ) ;
#1680 = ADVANCED_FACE ( 'NONE', ( #12024 ), #8346, .T. ) ;
#1681 = VECTOR ( 'NONE', #12458, 1000.000000000000000 ) ;
#1682 = VECTOR ( 'NONE', #7651, 1000.000000000000000 ) ;
#1683 = DIRECTION ( 'NONE',  ( 0.0000000000000000000, -1.000000000000000000, -0.0000000000000000000 ) ) ;
#1684 = LINE ( 'NONE', #10486, #5235 ) ;
#1685 = LINE ( 'NONE', #10585, #1045 ) ;
#1686 = ORIENTED_EDGE ( 'NONE', *, *, #5437, .T. ) ;
#1687 = PLANE ( 'NONE',  #12527 ) ;
#1688 = VERTEX_POINT ( 'NONE', #11091 ) ;
#1689 = EDGE_CURVE ( 'NONE', #9459, #9172, #6782, .T. ) ;
#1690 = ORIENTED_EDGE ( 'NONE', *, *, #1823, .F. ) ;
#1691 = FACE_OUTER_BOUND ( 'NONE', #1875, .T. ) ;
#1692 = AXIS2_PLACEMENT_3D ( 'NONE', #5173, #12077, #11004 ) ;
#1693 = VECTOR ( 'NONE', #1253, 1000.000000000000000 ) ;
#1694 = DIRECTION ( 'NONE',  ( 0.0000000000000000000, -1.000000000000000000, -0.0000000000000000000 ) ) ;
#1695 = LINE ( 'NONE', #3503, #8931 ) ;
#1696 = DIRECTION ( 'NONE',  ( -0.0000000000000000000, 0.0000000000000000000, 1.000000000000000000 ) ) ;
#1697 = DIRECTION ( 'NONE',  ( -0.0000000000000000000, 1.000000000000000000, -0.0000000000000000000 ) ) ;
#1698 = VERTEX_POINT ( 'NONE', #9275 ) ;
#1699 = ORIENTED_EDGE ( 'NONE', *, *, #191, .F. ) ;
#1700 = EDGE_LOOP ( 'NONE', ( #12778, #4200, #947, #9126 ) ) ;
#1701 = ORIENTED_EDGE ( 'NONE', *, *, #572, .F. ) ;
#1702 = AXIS2_PLACEMENT_3D ( 'NONE', #36, #2023, #3030 ) ;
#1703 = CARTESIAN_POINT ( 'NONE',  ( 6.099999999999999600, -2.225000000000000100, -1.350000000000000100 ) ) ;
#1704 = EDGE_CURVE ( 'NONE', #3311, #1393, #1828, .T. ) ;
#1705 = DIRECTION ( 'NONE',  ( -1.000000000000000000, -0.0000000000000000000, -0.0000000000000000000 ) ) ;
#1706 = DIRECTION ( 'NONE',  ( 0.0000000000000000000, 1.000000000000000000, 0.0000000000000000000 ) ) ;
#1707 = ORIENTED_EDGE ( 'NONE', *, *, #611, .F. ) ;
#1708 = VERTEX_POINT ( 'NONE', #8206 ) ;
#1709 = ORIENTED_EDGE ( 'NONE', *, *, #1790, .F. ) ;
#1710 = VECTOR ( 'NONE', #483, 1000.000000000000000 ) ;
#1711 = EDGE_CURVE ( 'NONE', #7827, #2215, #7846, .T. ) ;
#1712 = ORIENTED_EDGE ( 'NONE', *, *, #82, .F. ) ;
#1713 = CARTESIAN_POINT ( 'NONE',  ( -5.375000000000000000, -3.225000000000000100, -1.800000000000000300 ) ) ;
#1714 = ORIENTED_EDGE ( 'NONE', *, *, #565, .T. ) ;
#1715 = ORIENTED_EDGE ( 'NONE', *, *, #12039, .T. ) ;
#1716 = AXIS2_PLACEMENT_3D ( 'NONE', #9825, #4917, #2237 ) ;
#1717 = ORIENTED_EDGE ( 'NONE', *, *, #435, .T. ) ;
#1718 = EDGE_LOOP ( 'NONE', ( #7778, #6279, #3323, #973 ) ) ;
#1719 = CARTESIAN_POINT ( 'NONE',  ( 9.090000000000001600, -3.125000000000000000, -0.9250000000000000400 ) ) ;
#1720 = EDGE_CURVE ( 'NONE', #7936, #3818, #12643, .T. ) ;
#1721 = VECTOR ( 'NONE', #10403, 1000.000000000000000 ) ;
#1722 = CARTESIAN_POINT ( 'NONE',  ( 6.349999999999999600, -2.225000000000000100, -1.350000000000000100 ) ) ;
#1723 = ORIENTED_EDGE ( 'NONE', *, *, #9902, .T. ) ;
#1724 = ADVANCED_FACE ( 'NONE', ( #7693 ), #1041, .T. ) ;
#1725 = CARTESIAN_POINT ( 'NONE',  ( 6.869999999999999200, 0.07499999999999998300, -0.2700000000000000700 ) ) ;
#1726 = VERTEX_POINT ( 'NONE', #9329 ) ;
#1727 = EDGE_CURVE ( 'NONE', #11676, #10932, #8917, .T. ) ;
#1728 = CARTESIAN_POINT ( 'NONE',  ( -6.450000000000000200, -0.02499999999999984900, -0.6450000000000000200 ) ) ;
#1729 = AXIS2_PLACEMENT_3D ( 'NONE', #3630, #5878, #7773 ) ;
#1730 = ORIENTED_EDGE ( 'NONE', *, *, #10448, .T. ) ;
#1731 = ORIENTED_EDGE ( 'NONE', *, *, #8467, .F. ) ;
#1732 = LINE ( 'NONE', #6055, #11921 ) ;
#1733 = CARTESIAN_POINT ( 'NONE',  ( -0.4650000000000000200, -3.924999999999999800, -1.300000000000000300 ) ) ;
#1734 = FACE_OUTER_BOUND ( 'NONE', #10296, .T. ) ;
#1735 = DIRECTION ( 'NONE',  ( 1.000000000000000000, 0.0000000000000000000, -0.0000000000000000000 ) ) ;
#1736 = ORIENTED_EDGE ( 'NONE', *, *, #5701, .F. ) ;
#1737 = EDGE_LOOP ( 'NONE', ( #4040, #9741, #2332, #6124 ) ) ;
#1738 = EDGE_CURVE ( 'NONE', #11528, #5816, #5389, .T. ) ;
#1739 = ADVANCED_FACE ( 'NONE', ( #9554 ), #2063, .T. ) ;
#1740 = DIRECTION ( 'NONE',  ( 0.0000000000000000000, 0.0000000000000000000, 1.000000000000000000 ) ) ;
#1741 = ORIENTED_EDGE ( 'NONE', *, *, #4609, .F. ) ;
#1742 = VECTOR ( 'NONE', #2743, 1000.000000000000000 ) ;
#1743 = CARTESIAN_POINT ( 'NONE',  ( -6.375000000000000900, 0.5749999999999999600, 0.3999999999999996300 ) ) ;
#1744 = LINE ( 'NONE', #10706, #8564 ) ;
#1745 = EDGE_LOOP ( 'NONE', ( #4372, #2460, #6946, #2589 ) ) ;
#1746 = DIRECTION ( 'NONE',  ( 0.0000000000000000000, -0.0000000000000000000, -1.000000000000000000 ) ) ;
#1747 = DIRECTION ( 'NONE',  ( -0.7071067811865475700, 0.0000000000000000000, -0.7071067811865475700 ) ) ;
#1748 = EDGE_LOOP ( 'NONE', ( #7158, #8500, #4046, #6559 ) ) ;
#1749 = CARTESIAN_POINT ( 'NONE',  ( -1.715000000000000100, -4.025000000000000400, -1.800000000000000300 ) ) ;
#1750 = CARTESIAN_POINT ( 'NONE',  ( -5.174999999999999800, 0.9749999999999999800, -1.600000000000000100 ) ) ;
#1751 = CARTESIAN_POINT ( 'NONE',  ( 4.535000000000000100, -3.924999999999999800, -1.300000000000000300 ) ) ;
#1752 = VERTEX_POINT ( 'NONE', #2828 ) ;
#1753 = FACE_BOUND ( 'NONE', #9696, .T. ) ;
#1754 = LINE ( 'NONE', #9788, #11943 ) ;
#1755 = ORIENTED_EDGE ( 'NONE', *, *, #9189, .F. ) ;
#1756 = EDGE_CURVE ( 'NONE', #5652, #32, #9849, .T. ) ;
#1757 = DIRECTION ( 'NONE',  ( -1.000000000000000000, 0.0000000000000000000, -0.0000000000000000000 ) ) ;
#1758 = ORIENTED_EDGE ( 'NONE', *, *, #4756, .F. ) ;
#1759 = VECTOR ( 'NONE', #2060, 1000.000000000000000 ) ;
#1760 = ORIENTED_EDGE ( 'NONE', *, *, #8709, .F. ) ;
#1761 = CARTESIAN_POINT ( 'NONE',  ( -0.8750000000000000000, -2.625000000000000000, 1.600000000000000100 ) ) ;
#1762 = LINE ( 'NONE', #5400, #10272 ) ;
#1763 = VECTOR ( 'NONE', #10678, 1000.000000000000000 ) ;
#1764 = AXIS2_PLACEMENT_3D ( 'NONE', #1558, #12264, #1507 ) ;
#1765 = CARTESIAN_POINT ( 'NONE',  ( -0.6250000000000000000, -0.2250000000000000600, -0.8499999999999999800 ) ) ;
#1766 = ORIENTED_EDGE ( 'NONE', *, *, #398, .T. ) ;
#1767 = DIRECTION ( 'NONE',  ( 0.0000000000000000000, 1.000000000000000000, 0.0000000000000000000 ) ) ;
#1768 = CARTESIAN_POINT ( 'NONE',  ( -1.714999999999999400, -3.125000000000000000, -0.1000000000000000100 ) ) ;
#1769 = FACE_OUTER_BOUND ( 'NONE', #12510, .T. ) ;
#1770 = DIRECTION ( 'NONE',  ( 1.000000000000000000, 0.0000000000000000000, -0.0000000000000000000 ) ) ;
#1771 = EDGE_CURVE ( 'NONE', #4311, #3425, #9396, .T. ) ;
#1772 = ORIENTED_EDGE ( 'NONE', *, *, #4844, .T. ) ;
#1773 = LINE ( 'NONE', #5260, #5790 ) ;
#1774 = DIRECTION ( 'NONE',  ( 0.0000000000000000000, 0.0000000000000000000, -1.000000000000000000 ) ) ;
#1775 = EDGE_CURVE ( 'NONE', #852, #3106, #5066, .T. ) ;
#1776 = CARTESIAN_POINT ( 'NONE',  ( 1.715000000000002100, -3.125000000000000000, -0.8499999999999999800 ) ) ;
#1777 = ADVANCED_FACE ( 'NONE', ( #5231 ), #8251, .T. ) ;
#1778 = DIRECTION ( 'NONE',  ( -0.0000000000000000000, 1.000000000000000000, 0.0000000000000000000 ) ) ;
#1779 = VECTOR ( 'NONE', #2505, 1000.000000000000000 ) ;
#1780 = ORIENTED_EDGE ( 'NONE', *, *, #3104, .F. ) ;
#1781 = VECTOR ( 'NONE', #11562, 1000.000000000000000 ) ;
#1782 = CARTESIAN_POINT ( 'NONE',  ( -4.214999999999999900, -3.125000000000000000, -0.1000000000000000100 ) ) ;
#1783 = CARTESIAN_POINT ( 'NONE',  ( 5.875000000000000000, -0.1749999999999998200, -1.800000000000000300 ) ) ;
#1784 = ORIENTED_EDGE ( 'NONE', *, *, #10424, .T. ) ;
#1785 = CARTESIAN_POINT ( 'NONE',  ( 6.870000000000000100, -2.024999999999999900, -0.2699999999999999600 ) ) ;
#1786 = EDGE_CURVE ( 'NONE', #5484, #5253, #2756, .T. ) ;
#1787 = CARTESIAN_POINT ( 'NONE',  ( -5.875000000000000000, -2.225000000000000100, -0.2949999999999999300 ) ) ;
#1788 = CIRCLE ( 'NONE', #4017, 0.1499999999999999700 ) ;
#1789 = CARTESIAN_POINT ( 'NONE',  ( -6.550000000000000700, -2.225000000000000100, -1.350000000000000100 ) ) ;
#1790 = EDGE_CURVE ( 'NONE', #623, #8386, #6924, .T. ) ;
#1791 = VECTOR ( 'NONE', #11310, 1000.000000000000000 ) ;
#1792 = LINE ( 'NONE', #5964, #12624 ) ;
#1793 = ORIENTED_EDGE ( 'NONE', *, *, #10817, .F. ) ;
#1794 = DIRECTION ( 'NONE',  ( -1.000000000000000000, -0.0000000000000000000, -0.0000000000000000000 ) ) ;
#1795 = VERTEX_POINT ( 'NONE', #5721 ) ;
#1796 = VERTEX_POINT ( 'NONE', #10677 ) ;
#1797 = LINE ( 'NONE', #447, #3206 ) ;
#1798 = DIRECTION ( 'NONE',  ( 0.0000000000000000000, -1.000000000000000000, -0.0000000000000000000 ) ) ;
#1799 = EDGE_CURVE ( 'NONE', #12229, #2277, #8637, .T. ) ;
#1800 = FACE_OUTER_BOUND ( 'NONE', #1700, .T. ) ;
#1801 = LINE ( 'NONE', #5642, #11251 ) ;
#1802 = CARTESIAN_POINT ( 'NONE',  ( 6.110000000000003000, -0.02499999999999984900, -0.5619337613708084200 ) ) ;
#1803 = VECTOR ( 'NONE', #10239, 1000.000000000000000 ) ;
#1804 = EDGE_LOOP ( 'NONE', ( #6972, #2367, #8085, #10945 ) ) ;
#1805 = EDGE_LOOP ( 'NONE', ( #8389, #7868, #12810, #1699 ) ) ;
#1806 = CARTESIAN_POINT ( 'NONE',  ( 1.715000000000000100, -3.775000000000000400, -0.5749999999999999600 ) ) ;
#1807 = ORIENTED_EDGE ( 'NONE', *, *, #2875, .T. ) ;
#1808 = CARTESIAN_POINT ( 'NONE',  ( -1.875000000000000000, -0.2250000000000000600, -0.1000000000000000100 ) ) ;
#1809 = DIRECTION ( 'NONE',  ( 1.000000000000000000, 0.0000000000000000000, 0.0000000000000000000 ) ) ;
#1810 = CARTESIAN_POINT ( 'NONE',  ( 4.214999999999999900, -4.224999999999999600, -1.600000000000000100 ) ) ;
#1811 = PLANE ( 'NONE',  #7272 ) ;
#1812 = PLANE ( 'NONE',  #9223 ) ;
#1813 = LINE ( 'NONE', #10560, #2294 ) ;
#1814 = FACE_BOUND ( 'NONE', #6320, .T. ) ;
#1815 = LINE ( 'NONE', #11391, #1521 ) ;
#1816 = DIRECTION ( 'NONE',  ( 1.000000000000000000, -0.0000000000000000000, 0.0000000000000000000 ) ) ;
#1817 = DIRECTION ( 'NONE',  ( -1.000000000000000000, -0.0000000000000000000, -0.0000000000000000000 ) ) ;
#1818 = VERTEX_POINT ( 'NONE', #5529 ) ;
#1819 = ORIENTED_EDGE ( 'NONE', *, *, #10579, .T. ) ;
#1820 = ORIENTED_EDGE ( 'NONE', *, *, #2466, .F. ) ;
#1821 = ORIENTED_EDGE ( 'NONE', *, *, #4787, .F. ) ;
#1822 = CARTESIAN_POINT ( 'NONE',  ( -5.875000000000000000, -3.224999999999999600, 1.100000000000000100 ) ) ;
#1823 = EDGE_CURVE ( 'NONE', #555, #1285, #9993, .T. ) ;
#1824 = DIRECTION ( 'NONE',  ( 0.0000000000000000000, 0.7071067811865452400, -0.7071067811865497900 ) ) ;
#1825 = VECTOR ( 'NONE', #12508, 1000.000000000000000 ) ;
#1826 = CARTESIAN_POINT ( 'NONE',  ( -0.7849999999999983700, -3.125000000000000000, -0.8499999999999999800 ) ) ;
#1827 = EDGE_CURVE ( 'NONE', #6045, #4504, #4916, .T. ) ;
#1828 = LINE ( 'NONE', #8156, #9408 ) ;
#1829 = LINE ( 'NONE', #3926, #6328 ) ;
#1830 = CARTESIAN_POINT ( 'NONE',  ( 3.200000000000000200, -0.4749999999999999800, -1.600000000000000100 ) ) ;
#1831 = EDGE_LOOP ( 'NONE', ( #8979, #2387, #2877, #4327, #3886 ) ) ;
#1832 = VERTEX_POINT ( 'NONE', #418 ) ;
#1833 = EDGE_CURVE ( 'NONE', #2809, #9728, #1371, .T. ) ;
#1834 = DIRECTION ( 'NONE',  ( 0.0000000000000000000, 0.0000000000000000000, -1.000000000000000000 ) ) ;
#1835 = ORIENTED_EDGE ( 'NONE', *, *, #7947, .T. ) ;
#1836 = LINE ( 'NONE', #1494, #1225 ) ;
#1837 = DIRECTION ( 'NONE',  ( 0.0000000000000000000, 0.0000000000000000000, -1.000000000000000000 ) ) ;
#1838 = VECTOR ( 'NONE', #10923, 1000.000000000000000 ) ;
#1839 = AXIS2_PLACEMENT_3D ( 'NONE', #3218, #8127, #9114 ) ;
#1840 = ADVANCED_FACE ( 'NONE', ( #1516 ), #6531, .F. ) ;
#1841 = VECTOR ( 'NONE', #9041, 1000.000000000000000 ) ;
#1842 = VERTEX_POINT ( 'NONE', #9680 ) ;
#1843 = ORIENTED_EDGE ( 'NONE', *, *, #519, .T. ) ;
#1844 = EDGE_CURVE ( 'NONE', #10101, #12495, #2451, .T. ) ;
#1845 = ORIENTED_EDGE ( 'NONE', *, *, #1603, .T. ) ;
#1846 = CARTESIAN_POINT ( 'NONE',  ( 0.6250000000000000000, 0.2749999999999999700, -0.6749999999999999300 ) ) ;
#1847 = ORIENTED_EDGE ( 'NONE', *, *, #4524, .T. ) ;
#1848 = EDGE_CURVE ( 'NONE', #389, #9443, #3402, .T. ) ;
#1849 =( LENGTH_UNIT ( ) NAMED_UNIT ( * ) SI_UNIT ( .MILLI., .METRE. ) );
#1850 = ORIENTED_EDGE ( 'NONE', *, *, #3380, .F. ) ;
#1851 = DIRECTION ( 'NONE',  ( 0.7071067811865468000, 0.7071067811865483500, 0.0000000000000000000 ) ) ;
#1852 =( NAMED_UNIT ( * ) PLANE_ANGLE_UNIT ( ) SI_UNIT ( $, .RADIAN. ) );
#1853 = ORIENTED_EDGE ( 'NONE', *, *, #11188, .F. ) ;
#1854 = CARTESIAN_POINT ( 'NONE',  ( 4.535000000000000100, -3.775000000000000400, -0.4249999999999999900 ) ) ;
#1855 = CARTESIAN_POINT ( 'NONE',  ( -7.375000000000000900, 0.5749999999999999600, -1.800000000000000300 ) ) ;
#1856 = ORIENTED_EDGE ( 'NONE', *, *, #654, .T. ) ;
#1857 = VERTEX_POINT ( 'NONE', #6506 ) ;
#1858 = VECTOR ( 'NONE', #9158, 1000.000000000000000 ) ;
#1859 = ORIENTED_EDGE ( 'NONE', *, *, #3163, .F. ) ;
#1860 = CARTESIAN_POINT ( 'NONE',  ( -7.575000000000000200, -2.225000000000000100, -1.800000000000000300 ) ) ;
#1861 = EDGE_CURVE ( 'NONE', #3473, #5427, #2130, .T. ) ;
#1862 = ORIENTED_EDGE ( 'NONE', *, *, #8657, .T. ) ;
#1863 = DIRECTION ( 'NONE',  ( 0.0000000000000000000, 0.3303504247281061600, -0.9438583563660174500 ) ) ;
#1864 = DIRECTION ( 'NONE',  ( -1.000000000000000000, -0.0000000000000000000, -0.0000000000000000000 ) ) ;
#1865 = PLANE ( 'NONE',  #11506 ) ;
#1866 = ORIENTED_EDGE ( 'NONE', *, *, #6017, .T. ) ;
#1867 = EDGE_CURVE ( 'NONE', #2569, #760, #8332, .T. ) ;
#1868 = ORIENTED_EDGE ( 'NONE', *, *, #8059, .T. ) ;
#1869 = ORIENTED_EDGE ( 'NONE', *, *, #9936, .F. ) ;
#1870 = FACE_OUTER_BOUND ( 'NONE', #10624, .T. ) ;
#1871 = AXIS2_PLACEMENT_3D ( 'NONE', #5411, #3588, #493 ) ;
#1872 = VECTOR ( 'NONE', #1276, 1000.000000000000000 ) ;
#1873 = CARTESIAN_POINT ( 'NONE',  ( -2.964999999999999900, -3.225000000000000100, -0.9250000000000000400 ) ) ;
#1874 = DIRECTION ( 'NONE',  ( -1.000000000000000000, -0.0000000000000000000, -0.0000000000000000000 ) ) ;
#1875 = EDGE_LOOP ( 'NONE', ( #8072, #9028, #4310, #12197 ) ) ;
#1876 = ORIENTED_EDGE ( 'NONE', *, *, #7428, .F. ) ;
#1877 = DIRECTION ( 'NONE',  ( 0.0000000000000000000, 0.0000000000000000000, 1.000000000000000000 ) ) ;
#1878 = EDGE_CURVE ( 'NONE', #419, #5261, #2607, .T. ) ;
#1879 = DIRECTION ( 'NONE',  ( 1.000000000000000000, 0.0000000000000000000, 0.0000000000000000000 ) ) ;
#1880 = ORIENTED_EDGE ( 'NONE', *, *, #339, .F. ) ;
#1881 = VERTEX_POINT ( 'NONE', #629 ) ;
#1882 = FACE_OUTER_BOUND ( 'NONE', #7469, .T. ) ;
#1883 = LINE ( 'NONE', #98, #8836 ) ;
#1884 = CARTESIAN_POINT ( 'NONE',  ( -4.125000000000000000, -2.625000000000000000, 1.600000000000000100 ) ) ;
#1885 = ORIENTED_EDGE ( 'NONE', *, *, #3701, .T. ) ;
#1886 = EDGE_CURVE ( 'NONE', #6451, #10985, #4005, .T. ) ;
#1887 = CARTESIAN_POINT ( 'NONE',  ( 6.490000000000000200, -2.125000000000000000, -0.1700000000000000100 ) ) ;
#1888 = PRESENTATION_LAYER_ASSIGNMENT (  '', '', ( #9598 ) ) ;
#1889 = DIRECTION ( 'NONE',  ( -0.0000000000000000000, 0.0000000000000000000, 1.000000000000000000 ) ) ;
#1890 = VERTEX_POINT ( 'NONE', #5462 ) ;
#1891 = CARTESIAN_POINT ( 'NONE',  ( -5.174999999999999800, -2.224999999999999600, -1.600000000000000100 ) ) ;
#1892 = VECTOR ( 'NONE', #7237, 1000.000000000000000 ) ;
#1893 = VECTOR ( 'NONE', #1148, 1000.000000000000000 ) ;
#1894 = DIRECTION ( 'NONE',  ( 0.0000000000000000000, 0.0000000000000000000, -1.000000000000000000 ) ) ;
#1895 = CARTESIAN_POINT ( 'NONE',  ( -1.715000000000000100, -3.425000000000000300, -1.125000000000000200 ) ) ;
#1896 = SURFACE_STYLE_USAGE ( .BOTH. , #4880 ) ;
#1898 = EDGE_CURVE ( 'NONE', #1512, #11736, #4466, .T. ) ;
#1897 = EDGE_LOOP ( 'NONE', ( #11597, #7628, #6802, #9616 ) ) ;
#1899 = CARTESIAN_POINT ( 'NONE',  ( -3.285000000000000100, -4.025000000000000400, -1.800000000000000300 ) ) ;
#1900 = DIRECTION ( 'NONE',  ( -1.000000000000000000, 0.0000000000000000000, -0.0000000000000000000 ) ) ;
#1901 = ORIENTED_EDGE ( 'NONE', *, *, #10883, .T. ) ;
#1902 = FACE_OUTER_BOUND ( 'NONE', #2339, .T. ) ;
#1903 = ADVANCED_FACE ( 'NONE', ( #12336 ), #2661, .T. ) ;
#1904 = DIRECTION ( 'NONE',  ( 0.7071067811865474600, -0.0000000000000000000, 0.7071067811865474600 ) ) ;
#1905 = ORIENTED_EDGE ( 'NONE', *, *, #3293, .F. ) ;
#1906 = VECTOR ( 'NONE', #11978, 1000.000000000000000 ) ;
#1907 = LINE ( 'NONE', #6708, #8574 ) ;
#1908 = DIRECTION ( 'NONE',  ( 0.0000000000000000000, 1.000000000000000000, 0.0000000000000000000 ) ) ;
#1909 = CARTESIAN_POINT ( 'NONE',  ( -6.349999999999999600, -0.02499999999999984900, -1.350000000000000100 ) ) ;
#1910 = PLANE ( 'NONE',  #1642 ) ;
#1911 = DIRECTION ( 'NONE',  ( 0.0000000000000000000, 0.7071067811865452400, -0.7071067811865497900 ) ) ;
#1912 = ORIENTED_EDGE ( 'NONE', *, *, #12710, .F. ) ;
#1913 = VECTOR ( 'NONE', #9590, 1000.000000000000000 ) ;
#1914 = VERTEX_POINT ( 'NONE', #2534 ) ;
#1915 = LINE ( 'NONE', #5316, #3801 ) ;
#1916 = DIRECTION ( 'NONE',  ( -0.2148617826750988400, -0.9766444667050946400, 0.0000000000000000000 ) ) ;
#1917 = EDGE_LOOP ( 'NONE', ( #4417, #1376, #11598, #761 ) ) ;
#1918 = LINE ( 'NONE', #1589, #1474 ) ;
#1919 = EDGE_CURVE ( 'NONE', #3277, #5613, #12801, .T. ) ;
#1920 = PLANE ( 'NONE',  #9975 ) ;
#1921 = PLANE ( 'NONE',  #9852 ) ;
#1922 = ORIENTED_EDGE ( 'NONE', *, *, #1720, .F. ) ;
#1923 = FACE_OUTER_BOUND ( 'NONE', #8846, .T. ) ;
#1924 = LINE ( 'NONE', #9377, #8446 ) ;
#1925 = CARTESIAN_POINT ( 'NONE',  ( -3.600000000000000500, -0.4749999999999999800, -1.200000000000000000 ) ) ;
#1926 = VERTEX_POINT ( 'NONE', #11434 ) ;
#1927 = CARTESIAN_POINT ( 'NONE',  ( -4.125000000000000000, -3.225000000000000100, 1.600000000000000100 ) ) ;
#1928 = DIRECTION ( 'NONE',  ( 1.000000000000000000, -0.0000000000000000000, 0.0000000000000000000 ) ) ;
#1929 = VERTEX_POINT ( 'NONE', #4652 ) ;
#1930 = DIRECTION ( 'NONE',  ( 0.0000000000000000000, -0.0000000000000000000, 1.000000000000000000 ) ) ;
#1931 = EDGE_CURVE ( 'NONE', #5617, #5526, #4625, .T. ) ;
#1932 = VECTOR ( 'NONE', #2418, 999.9999999999998900 ) ;
#1933 = DIRECTION ( 'NONE',  ( 1.000000000000000000, 0.0000000000000000000, 0.0000000000000000000 ) ) ;
#1934 = LINE ( 'NONE', #506, #10599 ) ;
#1935 = CARTESIAN_POINT ( 'NONE',  ( 3.285000000000000100, -3.775000000000000400, -0.5749999999999999600 ) ) ;
#1936 = LINE ( 'NONE', #12706, #3031 ) ;
#1937 = VERTEX_POINT ( 'NONE', #9559 ) ;
#1938 = EDGE_CURVE ( 'NONE', #3089, #2008, #1813, .T. ) ;
#1939 = ORIENTED_EDGE ( 'NONE', *, *, #11781, .T. ) ;
#1940 = DIRECTION ( 'NONE',  ( -0.0000000000000000000, 1.000000000000000000, -0.0000000000000000000 ) ) ;
#1941 = PLANE ( 'NONE',  #4822 ) ;
#1942 = DIRECTION ( 'NONE',  ( -1.000000000000000000, 0.0000000000000000000, 0.0000000000000000000 ) ) ;
#1943 = DIRECTION ( 'NONE',  ( -0.7071067811865474600, 0.0000000000000000000, 0.7071067811865474600 ) ) ;
#1944 = FACE_OUTER_BOUND ( 'NONE', #12606, .T. ) ;
#1945 = DIRECTION ( 'NONE',  ( -0.8320502943378438300, 0.5547001962252290400, 0.0000000000000000000 ) ) ;
#1946 = FACE_OUTER_BOUND ( 'NONE', #10497, .T. ) ;
#1947 = LINE ( 'NONE', #209, #8898 ) ;
#1948 = EDGE_CURVE ( 'NONE', #3429, #9535, #4320, .T. ) ;
#1949 = ORIENTED_EDGE ( 'NONE', *, *, #11497, .T. ) ;
#1950 = DIRECTION ( 'NONE',  ( -0.2148617826750988400, -0.9766444667050946400, 0.0000000000000000000 ) ) ;
#1951 = LINE ( 'NONE', #4334, #12776 ) ;
#1952 = ORIENTED_EDGE ( 'NONE', *, *, #6366, .T. ) ;
#1953 = ORIENTED_EDGE ( 'NONE', *, *, #10817, .T. ) ;
#1954 = CARTESIAN_POINT ( 'NONE',  ( 0.5200000000000000200, 0.02500000000000000100, -0.4749999999999999800 ) ) ;
#1955 = EDGE_CURVE ( 'NONE', #7840, #4823, #11858, .T. ) ;
#1956 = VECTOR ( 'NONE', #3961, 1000.000000000000000 ) ;
#1957 = LINE ( 'NONE', #11871, #3052 ) ;
#1958 = CARTESIAN_POINT ( 'NONE',  ( -5.174999999999999800, -1.625000000000000000, -1.600000000000000100 ) ) ;
#1959 = VECTOR ( 'NONE', #12254, 1000.000000000000000 ) ;
#1960 = ADVANCED_FACE ( 'NONE', ( #3714 ), #10387, .T. ) ;
#1961 = LINE ( 'NONE', #11479, #3853 ) ;
#1962 = ORIENTED_EDGE ( 'NONE', *, *, #12204, .T. ) ;
#1963 = CARTESIAN_POINT ( 'NONE',  ( -5.910000000000000100, 0.5749999999999999600, -1.500000000000000000 ) ) ;
#1964 = ORIENTED_EDGE ( 'NONE', *, *, #7343, .F. ) ;
#1965 = ORIENTED_EDGE ( 'NONE', *, *, #1738, .F. ) ;
#1966 = CARTESIAN_POINT ( 'NONE',  ( -0.4649999999999992500, -1.975000000000000100, -0.8499999999999999800 ) ) ;
#1967 = EDGE_CURVE ( 'NONE', #7203, #6169, #11578, .T. ) ;
#1968 = VECTOR ( 'NONE', #2699, 1000.000000000000000 ) ;
#1969 = VECTOR ( 'NONE', #10512, 1000.000000000000000 ) ;
#1970 =( NAMED_UNIT ( * ) PLANE_ANGLE_UNIT ( ) SI_UNIT ( $, .RADIAN. ) );
#1971 = FACE_BOUND ( 'NONE', #7614, .T. ) ;
#1972 = DIRECTION ( 'NONE',  ( 0.0000000000000000000, -1.000000000000000000, -0.0000000000000000000 ) ) ;
#1973 = DIRECTION ( 'NONE',  ( 0.0000000000000000000, 0.0000000000000000000, 1.000000000000000000 ) ) ;
#1974 = VERTEX_POINT ( 'NONE', #12418 ) ;
#1975 = EDGE_LOOP ( 'NONE', ( #2429, #6023, #4631, #1953 ) ) ;
#1976 = ORIENTED_EDGE ( 'NONE', *, *, #5419, .T. ) ;
#1977 = CARTESIAN_POINT ( 'NONE',  ( -6.605000000000000400, -2.024999999999999900, -0.5699999999999997300 ) ) ;
#1978 = ORIENTED_EDGE ( 'NONE', *, *, #9916, .F. ) ;
#1979 = LINE ( 'NONE', #3428, #12514 ) ;
#1980 = FACE_OUTER_BOUND ( 'NONE', #8697, .T. ) ;
#1981 = CARTESIAN_POINT ( 'NONE',  ( -6.450000000000000200, -0.02499999999999984900, -0.2950000000000000400 ) ) ;
#1982 = VECTOR ( 'NONE', #11945, 1000.000000000000000 ) ;
#1983 = CARTESIAN_POINT ( 'NONE',  ( -5.175000000000000700, 0.9749999999999999800, -1.800000000000000300 ) ) ;
#1984 = CARTESIAN_POINT ( 'NONE',  ( 4.299999999999999800, -0.4749999999999999800, -1.600000000000000100 ) ) ;
#1985 = DIRECTION ( 'NONE',  ( 0.0000000000000000000, -0.0000000000000000000, -1.000000000000000000 ) ) ;
#1986 = EDGE_CURVE ( 'NONE', #3880, #3998, #436, .T. ) ;
#1987 = DIRECTION ( 'NONE',  ( 0.0000000000000000000, 0.0000000000000000000, 1.000000000000000000 ) ) ;
#1988 = EDGE_LOOP ( 'NONE', ( #2305, #12449, #3754, #6848 ) ) ;
#1989 = ORIENTED_EDGE ( 'NONE', *, *, #804, .F. ) ;
#1990 = EDGE_LOOP ( 'NONE', ( #5626, #9273, #6145, #923 ) ) ;
#1991 = DIRECTION ( 'NONE',  ( -0.0000000000000000000, 1.000000000000000000, -0.0000000000000000000 ) ) ;
#1992 = DIRECTION ( 'NONE',  ( 0.0000000000000000000, -1.000000000000000000, 0.0000000000000000000 ) ) ;
#1993 = EDGE_CURVE ( 'NONE', #3070, #4958, #7834, .T. ) ;
#1994 = ORIENTED_EDGE ( 'NONE', *, *, #3443, .T. ) ;
#1995 = AXIS2_PLACEMENT_3D ( 'NONE', #4210, #2117, #9011 ) ;
#1996 = CARTESIAN_POINT ( 'NONE',  ( -2.035000000000000100, -3.424999999999999800, -1.599999999999999900 ) ) ;
#1997 = ORIENTED_EDGE ( 'NONE', *, *, #4126, .T. ) ;
#1998 = EDGE_CURVE ( 'NONE', #1929, #1325, #8628, .T. ) ;
#1999 = CARTESIAN_POINT ( 'NONE',  ( 2.035000000000001000, -3.125000000000000000, -0.8499999999999999800 ) ) ;
#2000 = PLANE ( 'NONE',  #7711 ) ;
#2001 = ORIENTED_EDGE ( 'NONE', *, *, #12211, .F. ) ;
#2002 = ORIENTED_EDGE ( 'NONE', *, *, #8534, .F. ) ;
#2003 = ORIENTED_EDGE ( 'NONE', *, *, #4497, .T. ) ;
#2004 = VECTOR ( 'NONE', #8308, 1000.000000000000000 ) ;
#2005 = VERTEX_POINT ( 'NONE', #9805 ) ;
#2006 = AXIS2_PLACEMENT_3D ( 'NONE', #5501, #9117, #12696 ) ;
#2007 = VERTEX_POINT ( 'NONE', #9846 ) ;
#2009 = EDGE_CURVE ( 'NONE', #6942, #12249, #12168, .T. ) ;
#2008 = VERTEX_POINT ( 'NONE', #3004 ) ;
#2010 = DIRECTION ( 'NONE',  ( -0.0000000000000000000, 1.000000000000000000, 0.0000000000000000000 ) ) ;
#2011 = EDGE_LOOP ( 'NONE', ( #6386, #12237, #3149, #4340 ) ) ;
#2012 = ORIENTED_EDGE ( 'NONE', *, *, #5773, .T. ) ;
#2013 = LINE ( 'NONE', #5325, #9456 ) ;
#2014 = CARTESIAN_POINT ( 'NONE',  ( -4.925000000000000700, -0.6250000000000001100, 1.399999999999999900 ) ) ;
#2015 = LINE ( 'NONE', #2781, #6036 ) ;
#2016 = EDGE_CURVE ( 'NONE', #8430, #10684, #5680, .T. ) ;
#2017 = ORIENTED_EDGE ( 'NONE', *, *, #10718, .F. ) ;
#2018 = DIRECTION ( 'NONE',  ( 1.000000000000000000, 0.0000000000000000000, 0.0000000000000000000 ) ) ;
#2019 = DIRECTION ( 'NONE',  ( 0.0000000000000000000, 1.000000000000000000, 0.0000000000000000000 ) ) ;
#2020 = ORIENTED_EDGE ( 'NONE', *, *, #9983, .T. ) ;
#2021 = ORIENTED_EDGE ( 'NONE', *, *, #4548, .F. ) ;
#2022 = CARTESIAN_POINT ( 'NONE',  ( -6.870000000000000100, -2.024999999999999900, -0.2950000000000000400 ) ) ;
#2023 = DIRECTION ( 'NONE',  ( 0.0000000000000000000, 0.0000000000000000000, -1.000000000000000000 ) ) ;
#2024 = CARTESIAN_POINT ( 'NONE',  ( 1.715000000000002100, -3.125000000000000000, -0.8499999999999999800 ) ) ;
#2025 = VERTEX_POINT ( 'NONE', #6920 ) ;
#2026 = ORIENTED_EDGE ( 'NONE', *, *, #4544, .T. ) ;
#2027 = LINE ( 'NONE', #8181, #10682 ) ;
#2028 = DIRECTION ( 'NONE',  ( 0.0000000000000000000, 0.0000000000000000000, -1.000000000000000000 ) ) ;
#2029 = LINE ( 'NONE', #7368, #10683 ) ;
#2030 = ADVANCED_FACE ( 'NONE', ( #9538 ), #2036, .F. ) ;
#2031 = EDGE_CURVE ( 'NONE', #11744, #3869, #4304, .T. ) ;
#2032 = ORIENTED_EDGE ( 'NONE', *, *, #10829, .F. ) ;
#2033 = CARTESIAN_POINT ( 'NONE',  ( 1.715000000000002100, -3.125000000000000000, -0.8499999999999999800 ) ) ;
#2034 = CARTESIAN_POINT ( 'NONE',  ( -0.7850000000000000300, -3.924999999999999800, -0.5749999999999999600 ) ) ;
#2035 = ORIENTED_EDGE ( 'NONE', *, *, #8840, .T. ) ;
#2036 = PLANE ( 'NONE',  #5584 ) ;
#2037 = EDGE_CURVE ( 'NONE', #2457, #6085, #3702, .T. ) ;
#2038 = CARTESIAN_POINT ( 'NONE',  ( 9.090000000000001600, -3.125000000000000000, -1.300000000000000300 ) ) ;
#2039 = PLANE ( 'NONE',  #122 ) ;
#2040 = AXIS2_PLACEMENT_3D ( 'NONE', #3237, #11038, #5257 ) ;
#2041 = DIRECTION ( 'NONE',  ( 0.0000000000000000000, 1.000000000000000000, 0.0000000000000000000 ) ) ;
#2042 = ADVANCED_FACE ( 'NONE', ( #7678 ), #4984, .T. ) ;
#2043 = ORIENTED_EDGE ( 'NONE', *, *, #9612, .F. ) ;
#2044 = FACE_OUTER_BOUND ( 'NONE', #11054, .T. ) ;
#2045 = VECTOR ( 'NONE', #5998, 1000.000000000000000 ) ;
#2046 = ORIENTED_EDGE ( 'NONE', *, *, #9952, .F. ) ;
#2047 = ORIENTED_EDGE ( 'NONE', *, *, #10748, .F. ) ;
#2048 = DIRECTION ( 'NONE',  ( -1.000000000000000000, -0.0000000000000000000, -0.0000000000000000000 ) ) ;
#2049 = AXIS2_PLACEMENT_3D ( 'NONE', #9749, #3944, #7852 ) ;
#2050 = CARTESIAN_POINT ( 'NONE',  ( -5.575000000000000200, -1.975000000000000100, -0.4500000000000000700 ) ) ;
#2051 = EDGE_CURVE ( 'NONE', #11681, #4260, #7983, .T. ) ;
#2052 = DIRECTION ( 'NONE',  ( -0.7071067811865474600, 0.0000000000000000000, -0.7071067811865474600 ) ) ;
#2053 = VERTEX_POINT ( 'NONE', #3039 ) ;
#2054 = DIRECTION ( 'NONE',  ( -0.0000000000000000000, 0.0000000000000000000, 1.000000000000000000 ) ) ;
#2055 = VECTOR ( 'NONE', #7719, 1000.000000000000000 ) ;
#2056 = LINE ( 'NONE', #5786, #9631 ) ;
#2057 = DIRECTION ( 'NONE',  ( -0.0000000000000000000, -0.0000000000000000000, -1.000000000000000000 ) ) ;
#2058 = VERTEX_POINT ( 'NONE', #11886 ) ;
#2059 = PRODUCT_DEFINITION_FORMATION_WITH_SPECIFIED_SOURCE ( 'ANY', '', #11793, .NOT_KNOWN. ) ;
#2060 = DIRECTION ( 'NONE',  ( 0.0000000000000000000, 1.000000000000000000, 0.0000000000000000000 ) ) ;
#2061 = DIRECTION ( 'NONE',  ( 0.0000000000000000000, 0.0000000000000000000, -1.000000000000000000 ) ) ;
#2062 = CARTESIAN_POINT ( 'NONE',  ( -4.214999999999999900, -3.125000000000000000, -0.4250000000000000400 ) ) ;
#2063 = PLANE ( 'NONE',  #1440 ) ;
#2064 = CARTESIAN_POINT ( 'NONE',  ( -5.675000000000001600, 0.9749999999999999800, -1.600000000000000100 ) ) ;
#2065 = CIRCLE ( 'NONE', #7911, 0.2000000000000000900 ) ;
#2066 = ORIENTED_EDGE ( 'NONE', *, *, #12809, .F. ) ;
#2067 = VECTOR ( 'NONE', #2508, 1000.000000000000000 ) ;
#2068 = LINE ( 'NONE', #3131, #55 ) ;
#2069 = CARTESIAN_POINT ( 'NONE',  ( -2.964999999999999900, -3.125000000000000000, -0.8499999999999999800 ) ) ;
#2070 = CARTESIAN_POINT ( 'NONE',  ( -1.715000000000000100, -3.425000000000000300, 1.600000000000000100 ) ) ;
#2071 = DIRECTION ( 'NONE',  ( -0.0000000000000000000, 1.000000000000000000, 0.0000000000000000000 ) ) ;
#2072 = EDGE_CURVE ( 'NONE', #9577, #12232, #12784, .T. ) ;
#2073 = DIRECTION ( 'NONE',  ( 0.0000000000000000000, -0.7071067811865474600, -0.7071067811865474600 ) ) ;
#2074 = VERTEX_POINT ( 'NONE', #11928 ) ;
#2075 = LINE ( 'NONE', #12773, #1143 ) ;
#2076 =( NAMED_UNIT ( * ) SI_UNIT ( $, .STERADIAN. ) SOLID_ANGLE_UNIT ( ) );
#2077 = EDGE_CURVE ( 'NONE', #7571, #8392, #11247, .T. ) ;
#2078 = DIRECTION ( 'NONE',  ( -0.0000000000000000000, 1.000000000000000000, 0.0000000000000000000 ) ) ;
#2079 = LINE ( 'NONE', #7853, #4725 ) ;
#2080 = ORIENTED_EDGE ( 'NONE', *, *, #7501, .T. ) ;
#2081 = CARTESIAN_POINT ( 'NONE',  ( -5.875000000000000000, -0.1749999999999999900, 1.600000000000000100 ) ) ;
#2082 = CARTESIAN_POINT ( 'NONE',  ( -5.875000000000000000, -0.02500000000000000100, -1.800000000000000300 ) ) ;
#2083 = PLANE ( 'NONE',  #5432 ) ;
#2084 = ORIENTED_EDGE ( 'NONE', *, *, #11309, .T. ) ;
#2085 = AXIS2_PLACEMENT_3D ( 'NONE', #3539, #12496, #2560 ) ;
#2086 = LINE ( 'NONE', #12171, #12611 ) ;
#2087 = ORIENTED_EDGE ( 'NONE', *, *, #8944, .F. ) ;
#2088 = DIRECTION ( 'NONE',  ( -1.000000000000000000, 0.0000000000000000000, 0.0000000000000000000 ) ) ;
#2089 = VECTOR ( 'NONE', #2958, 1000.000000000000000 ) ;
#2090 = DIRECTION ( 'NONE',  ( 1.000000000000000000, 0.0000000000000000000, 0.0000000000000000000 ) ) ;
#2091 = EDGE_CURVE ( 'NONE', #1086, #3242, #423, .T. ) ;
#2092 = VECTOR ( 'NONE', #12282, 1000.000000000000000 ) ;
#2093 = ORIENTED_EDGE ( 'NONE', *, *, #9407, .T. ) ;
#2094 = DIRECTION ( 'NONE',  ( 0.0000000000000000000, 0.7071067811865474600, 0.7071067811865474600 ) ) ;
#2095 = VERTEX_POINT ( 'NONE', #4941 ) ;
#2096 = CARTESIAN_POINT ( 'NONE',  ( -1.715000000000000100, -3.225000000000000100, -1.800000000000000300 ) ) ;
#2097 = ADVANCED_FACE ( 'NONE', ( #2744 ), #3925, .F. ) ;
#2098 = LINE ( 'NONE', #5952, #4120 ) ;
#2099 = DIRECTION ( 'NONE',  ( -0.0000000000000000000, -0.0000000000000000000, 1.000000000000000000 ) ) ;
#2100 = LINE ( 'NONE', #1349, #4444 ) ;
#2101 = DIRECTION ( 'NONE',  ( -0.0000000000000000000, 0.0000000000000000000, 1.000000000000000000 ) ) ;
#2102 = VERTEX_POINT ( 'NONE', #961 ) ;
#2103 = VERTEX_POINT ( 'NONE', #748 ) ;
#2104 = FILL_AREA_STYLE_COLOUR ( '', #3191 ) ;
#2105 = ORIENTED_EDGE ( 'NONE', *, *, #10500, .F. ) ;
#2106 = DIRECTION ( 'NONE',  ( -0.0000000000000000000, -1.000000000000000000, 0.0000000000000000000 ) ) ;
#2107 = CARTESIAN_POINT ( 'NONE',  ( 5.174999999999999800, 0.9749999999999999800, -1.600000000000000100 ) ) ;
#2108 = DIRECTION ( 'NONE',  ( -0.0000000000000000000, 0.0000000000000000000, -1.000000000000000000 ) ) ;
#2109 = EDGE_CURVE ( 'NONE', #1914, #912, #6469, .T. ) ;
#2110 = DIRECTION ( 'NONE',  ( 0.0000000000000000000, 0.3303504247281061600, -0.9438583563660174500 ) ) ;
#2111 = CARTESIAN_POINT ( 'NONE',  ( 5.375000000000000000, -3.225000000000000100, 1.100000000000000100 ) ) ;
#2112 = DIRECTION ( 'NONE',  ( 1.000000000000000000, 0.0000000000000000000, -0.0000000000000000000 ) ) ;
#2113 = LINE ( 'NONE', #10550, #6135 ) ;
#2114 = EDGE_CURVE ( 'NONE', #2103, #6142, #5980, .T. ) ;
#2115 = FACE_OUTER_BOUND ( 'NONE', #568, .T. ) ;
#2116 = LINE ( 'NONE', #10716, #873 ) ;
#2117 = DIRECTION ( 'NONE',  ( 0.0000000000000000000, 0.7071067811865475700, -0.7071067811865475700 ) ) ;
#2118 = AXIS2_PLACEMENT_3D ( 'NONE', #11772, #3967, #1877 ) ;
#2119 = VECTOR ( 'NONE', #1137, 1000.000000000000000 ) ;
#2120 = ORIENTED_EDGE ( 'NONE', *, *, #4936, .T. ) ;
#2121 = CARTESIAN_POINT ( 'NONE',  ( -4.535000000000000100, -3.225000000000000100, -1.300000000000000300 ) ) ;
#2122 = ORIENTED_EDGE ( 'NONE', *, *, #8344, .F. ) ;
#2123 = ORIENTED_EDGE ( 'NONE', *, *, #12725, .T. ) ;
#2124 = CARTESIAN_POINT ( 'NONE',  ( -5.875000000000000000, -0.02500000000000000100, -1.800000000000000300 ) ) ;
#2125 = CARTESIAN_POINT ( 'NONE',  ( 3.600000000000000100, 0.9749999999999999800, -1.600000000000000100 ) ) ;
#2126 = CARTESIAN_POINT ( 'NONE',  ( 2.964999999999999900, -3.125000000000000000, -0.4249999999999998800 ) ) ;
#2127 = PLANE ( 'NONE',  #4907 ) ;
#2128 = AXIS2_PLACEMENT_3D ( 'NONE', #10291, #2397, #2524 ) ;
#2129 = DIRECTION ( 'NONE',  ( -1.000000000000000000, -0.0000000000000000000, 0.0000000000000000000 ) ) ;
#2130 = LINE ( 'NONE', #711, #7063 ) ;
#2131 = EDGE_CURVE ( 'NONE', #5922, #10039, #1027, .T. ) ;
#2132 = LINE ( 'NONE', #9343, #10325 ) ;
#2133 = CARTESIAN_POINT ( 'NONE',  ( -4.214999999999999900, -4.224999999999999600, -1.600000000000000100 ) ) ;
#2134 = LINE ( 'NONE', #6454, #444 ) ;
#2135 = ORIENTED_EDGE ( 'NONE', *, *, #11029, .T. ) ;
#2136 = ORIENTED_EDGE ( 'NONE', *, *, #3207, .T. ) ;
#2137 = CARTESIAN_POINT ( 'NONE',  ( -0.6250000000000000000, 0.2749999999999999700, -0.6749999999999999300 ) ) ;
#2138 = ORIENTED_EDGE ( 'NONE', *, *, #4690, .F. ) ;
#2139 = EDGE_CURVE ( 'NONE', #12304, #11736, #3850, .T. ) ;
#2140 = PLANE ( 'NONE',  #2269 ) ;
#2141 = AXIS2_PLACEMENT_3D ( 'NONE', #443, #1523, #7356 ) ;
#2142 = DIRECTION ( 'NONE',  ( -1.000000000000000000, -0.0000000000000000000, -0.0000000000000000000 ) ) ;
#2143 = VECTOR ( 'NONE', #3359, 1000.000000000000000 ) ;
#2144 = DIRECTION ( 'NONE',  ( 1.000000000000000000, 0.0000000000000000000, 0.0000000000000000000 ) ) ;
#2145 = VECTOR ( 'NONE', #2786, 1000.000000000000000 ) ;
#2146 = CARTESIAN_POINT ( 'NONE',  ( 5.575000000000000200, 0.9749999999999999800, 0.3999999999999999700 ) ) ;
#2147 = VECTOR ( 'NONE', #3244, 1000.000000000000100 ) ;
#2148 = ORIENTED_EDGE ( 'NONE', *, *, #7921, .T. ) ;
#2149 = ORIENTED_EDGE ( 'NONE', *, *, #12819, .F. ) ;
#2150 = EDGE_CURVE ( 'NONE', #10363, #6804, #731, .T. ) ;
#2151 = EDGE_LOOP ( 'NONE', ( #7108, #6818, #2762, #7258 ) ) ;
#2152 = VECTOR ( 'NONE', #1370, 1000.000000000000000 ) ;
#2153 = CARTESIAN_POINT ( 'NONE',  ( 0.7850000000000000300, -3.924999999999999800, -1.300000000000000300 ) ) ;
#2154 = CYLINDRICAL_SURFACE ( 'NONE', #9017, 0.1499999999999999700 ) ;
#2155 = VECTOR ( 'NONE', #12579, 1000.000000000000000 ) ;
#2156 = CARTESIAN_POINT ( 'NONE',  ( 6.870000000000000100, -2.225000000000000100, -0.5699999999999999500 ) ) ;
#2157 = ORIENTED_EDGE ( 'NONE', *, *, #12472, .F. ) ;
#2158 = VERTEX_POINT ( 'NONE', #3170 ) ;
#2160 = EDGE_LOOP ( 'NONE', ( #9807, #5277, #7568, #11502 ) ) ;
#2159 = CARTESIAN_POINT ( 'NONE',  ( -5.275000000000000400, 0.7750000000000001300, -1.200000000000000000 ) ) ;
#2161 = ORIENTED_EDGE ( 'NONE', *, *, #2592, .F. ) ;
#2162 = CARTESIAN_POINT ( 'NONE',  ( 7.575000000000000200, -0.2249999999999997600, -1.800000000000000300 ) ) ;
#2163 = ADVANCED_FACE ( 'NONE', ( #3558 ), #2127, .T. ) ;
#2164 = CARTESIAN_POINT ( 'NONE',  ( -2.964999999999999900, -1.975000000000000100, -0.1000000000000000100 ) ) ;
#2165 = ORIENTED_EDGE ( 'NONE', *, *, #12498, .F. ) ;
#2166 = AXIS2_PLACEMENT_3D ( 'NONE', #171, #9932, #6054 ) ;
#2167 = CARTESIAN_POINT ( 'NONE',  ( -0.3750000000000000000, -3.225000000000000100, 1.600000000000000100 ) ) ;
#2168 = CARTESIAN_POINT ( 'NONE',  ( 7.375000000000001800, -2.225000000000000100, -1.800000000000000300 ) ) ;
#2169 = ORIENTED_EDGE ( 'NONE', *, *, #7557, .F. ) ;
#2170 = CARTESIAN_POINT ( 'NONE',  ( 1.875000000000000000, 0.2750000000000000200, -0.2750000000000000200 ) ) ;
#2171 = DIRECTION ( 'NONE',  ( 0.0000000000000000000, 0.0000000000000000000, -1.000000000000000000 ) ) ;
#2172 = CARTESIAN_POINT ( 'NONE',  ( -5.675000000000000700, 0.9749999999999999800, -1.600000000000000100 ) ) ;
#2174 = EDGE_CURVE ( 'NONE', #8669, #7592, #1191, .T. ) ;
#2173 = ORIENTED_EDGE ( 'NONE', *, *, #8624, .F. ) ;
#2175 = ORIENTED_EDGE ( 'NONE', *, *, #2331, .F. ) ;
#2176 = LINE ( 'NONE', #8302, #3447 ) ;
#2177 = LINE ( 'NONE', #2162, #10822 ) ;
#2178 = AXIS2_PLACEMENT_3D ( 'NONE', #10342, #12330, #3550 ) ;
#2179 = DIRECTION ( 'NONE',  ( -1.000000000000000000, -0.0000000000000000000, -0.0000000000000000000 ) ) ;
#2180 = EDGE_LOOP ( 'NONE', ( #777, #5712, #9450, #9360 ) ) ;
#2181 = ORIENTED_EDGE ( 'NONE', *, *, #565, .F. ) ;
#2182 = CARTESIAN_POINT ( 'NONE',  ( 9.090000000000001600, -3.125000000000000000, -1.300000000000000300 ) ) ;
#2183 = ADVANCED_FACE ( 'NONE', ( #11417 ), #3263, .F. ) ;
#2184 = FILL_AREA_STYLE_COLOUR ( '', #3852 ) ;
#2185 = DIRECTION ( 'NONE',  ( -0.0000000000000000000, 0.0000000000000000000, 1.000000000000000000 ) ) ;
#2186 = ORIENTED_EDGE ( 'NONE', *, *, #457, .T. ) ;
#2187 = ORIENTED_EDGE ( 'NONE', *, *, #9417, .F. ) ;
#2188 = LINE ( 'NONE', #1854, #9894 ) ;
#2189 = VECTOR ( 'NONE', #7490, 999.9999999999998900 ) ;
#2190 = AXIS2_PLACEMENT_3D ( 'NONE', #4877, #3863, #11783 ) ;
#2191 = ORIENTED_EDGE ( 'NONE', *, *, #7973, .F. ) ;
#2192 = ORIENTED_EDGE ( 'NONE', *, *, #4458, .T. ) ;
#2193 = EDGE_CURVE ( 'NONE', #599, #12692, #5836, .T. ) ;
#2194 = CARTESIAN_POINT ( 'NONE',  ( -3.175000000000005600, 0.2750000000000012400, -0.6750000000000001600 ) ) ;
#2195 = CARTESIAN_POINT ( 'NONE',  ( -4.924999999999999800, -0.1749999999999999900, 1.600000000000000100 ) ) ;
#2196 = EDGE_CURVE ( 'NONE', #703, #5951, #10924, .T. ) ;
#2197 = ORIENTED_EDGE ( 'NONE', *, *, #4912, .T. ) ;
#2198 = EDGE_LOOP ( 'NONE', ( #2982, #9325, #10498, #5281 ) ) ;
#2199 = DIRECTION ( 'NONE',  ( 0.0000000000000000000, -0.0000000000000000000, 1.000000000000000000 ) ) ;
#2200 = LINE ( 'NONE', #11650, #2822 ) ;
#2201 = AXIS2_PLACEMENT_3D ( 'NONE', #1954, #6731, #1916 ) ;
#2202 = LINE ( 'NONE', #8215, #9757 ) ;
#2203 = ORIENTED_EDGE ( 'NONE', *, *, #12039, .F. ) ;
#2204 = DIRECTION ( 'NONE',  ( -0.0000000000000000000, 1.000000000000000000, 0.0000000000000000000 ) ) ;
#2205 = PLANE ( 'NONE',  #1004 ) ;
#2206 = PLANE ( 'NONE',  #1995 ) ;
#2207 = EDGE_CURVE ( 'NONE', #4760, #1796, #11564, .T. ) ;
#2208 = DIRECTION ( 'NONE',  ( -0.0000000000000000000, -1.000000000000000000, 0.0000000000000000000 ) ) ;
#2209 = ORIENTED_EDGE ( 'NONE', *, *, #1229, .F. ) ;
#2210 = VECTOR ( 'NONE', #460, 1000.000000000000000 ) ;
#2211 = CARTESIAN_POINT ( 'NONE',  ( -7.375000000000000900, 0.5749999999999999600, 0.1000000000000000500 ) ) ;
#2212 = VECTOR ( 'NONE', #10049, 1000.000000000000000 ) ;
#2213 = CARTESIAN_POINT ( 'NONE',  ( 3.600000000000001400, 0.9749999999999999800, -1.400000000000000100 ) ) ;
#2214 = CARTESIAN_POINT ( 'NONE',  ( -7.375000000000000900, -2.225000000000000100, -1.000000000000000000 ) ) ;
#2215 = VERTEX_POINT ( 'NONE', #5152 ) ;
#2216 = EDGE_CURVE ( 'NONE', #9297, #8796, #3386, .T. ) ;
#2217 = CARTESIAN_POINT ( 'NONE',  ( -4.625000000000000000, -2.625000000000000000, 1.600000000000000100 ) ) ;
#2218 = CARTESIAN_POINT ( 'NONE',  ( 4.425000000000006000, 0.2750000000000011900, -0.4749999999999999800 ) ) ;
#2219 = DIRECTION ( 'NONE',  ( 0.0000000000000000000, 0.0000000000000000000, -1.000000000000000000 ) ) ;
#2220 = LINE ( 'NONE', #1103, #10094 ) ;
#2221 = VERTEX_POINT ( 'NONE', #129 ) ;
#2222 = LINE ( 'NONE', #1722, #5630 ) ;
#2223 = CARTESIAN_POINT ( 'NONE',  ( -4.625000000000000000, -3.225000000000000100, 1.100000000000000100 ) ) ;
#2224 = LINE ( 'NONE', #7184, #9645 ) ;
#2225 = DIRECTION ( 'NONE',  ( 0.0000000000000000000, 0.0000000000000000000, -1.000000000000000000 ) ) ;
#2226 = EDGE_CURVE ( 'NONE', #11329, #3035, #11092, .T. ) ;
#2227 = CARTESIAN_POINT ( 'NONE',  ( 4.535000000000000100, -3.924999999999999800, -1.300000000000000300 ) ) ;
#2228 = DIRECTION ( 'NONE',  ( 0.0000000000000000000, -1.000000000000000000, -0.0000000000000000000 ) ) ;
#2229 = DIRECTION ( 'NONE',  ( 0.0000000000000000000, 0.0000000000000000000, -1.000000000000000000 ) ) ;
#2230 = ADVANCED_FACE ( 'NONE', ( #3222 ), #11164, .T. ) ;
#2231 = ORIENTED_EDGE ( 'NONE', *, *, #2616, .F. ) ;
#2232 = LINE ( 'NONE', #3749, #985 ) ;
#2233 = ORIENTED_EDGE ( 'NONE', *, *, #3701, .F. ) ;
#2234 = VECTOR ( 'NONE', #4970, 1000.000000000000000 ) ;
#2235 = EDGE_LOOP ( 'NONE', ( #610, #2381, #10295, #4713, #6789, #12625 ) ) ;
#2236 = LINE ( 'NONE', #11399, #9794 ) ;
#2237 = DIRECTION ( 'NONE',  ( -0.0000000000000000000, 0.0000000000000000000, -1.000000000000000000 ) ) ;
#2238 = CARTESIAN_POINT ( 'NONE',  ( -5.174999999999999800, -0.02500000000000000100, -1.800000000000000300 ) ) ;
#2239 = DIRECTION ( 'NONE',  ( 0.0000000000000000000, 0.0000000000000000000, -1.000000000000000000 ) ) ;
#2240 = VERTEX_POINT ( 'NONE', #12008 ) ;
#2241 = AXIS2_PLACEMENT_3D ( 'NONE', #5876, #1064, #1894 ) ;
#2242 = LINE ( 'NONE', #9422, #9802 ) ;
#2243 = ADVANCED_FACE ( 'NONE', ( #8478 ), #1165, .T. ) ;
#2244 = DIRECTION ( 'NONE',  ( 0.0000000000000000000, 0.0000000000000000000, -1.000000000000000000 ) ) ;
#2245 = LINE ( 'NONE', #6584, #1634 ) ;
#2246 = EDGE_LOOP ( 'NONE', ( #2021, #9865, #3879, #3881 ) ) ;
#2247 = EDGE_CURVE ( 'NONE', #8105, #12596, #591, .T. ) ;
#2248 = DIRECTION ( 'NONE',  ( 1.000000000000000000, 0.0000000000000000000, 0.0000000000000000000 ) ) ;
#2249 = CARTESIAN_POINT ( 'NONE',  ( 0.0000000000000000000, 0.0000000000000000000, 1.600000000000000100 ) ) ;
#2250 = DIRECTION ( 'NONE',  ( 0.0000000000000000000, 0.7071067811866975600, -0.7071067811863974700 ) ) ;
#2251 = EDGE_CURVE ( 'NONE', #6214, #11737, #2279, .T. ) ;
#2252 = DIRECTION ( 'NONE',  ( -0.2033118901005039300, -0.9241449550023836900, -0.3234507342508327600 ) ) ;
#2253 = LINE ( 'NONE', #6349, #9812 ) ;
#2254 = CARTESIAN_POINT ( 'NONE',  ( 2.875000000000000000, -2.625000000000000000, 1.100000000000000100 ) ) ;
#2255 = LINE ( 'NONE', #2617, #2089 ) ;
#2256 = CARTESIAN_POINT ( 'NONE',  ( 7.375000000000001800, 0.5749999999999999600, 0.09999999999999986700 ) ) ;
#2257 = FACE_OUTER_BOUND ( 'NONE', #2790, .T. ) ;
#2258 = ORIENTED_EDGE ( 'NONE', *, *, #3203, .F. ) ;
#2259 = CARTESIAN_POINT ( 'NONE',  ( -7.575000000000001100, -0.2249999999999998700, -1.550000000000000300 ) ) ;
#2260 = ORIENTED_EDGE ( 'NONE', *, *, #4635, .F. ) ;
#2261 = ORIENTED_EDGE ( 'NONE', *, *, #10395, .T. ) ;
#2262 = AXIS2_PLACEMENT_3D ( 'NONE', #10721, #2742, #9646 ) ;
#2263 = CARTESIAN_POINT ( 'NONE',  ( 4.214999999999999900, -3.425000000000000300, -1.125000000000000200 ) ) ;
#2264 = CARTESIAN_POINT ( 'NONE',  ( 0.6250000000000000000, -0.2250000000000000600, -0.8499999999999999800 ) ) ;
#2265 = DIRECTION ( 'NONE',  ( -0.5547001962252291500, 0.8320502943378437200, 0.0000000000000000000 ) ) ;
#2266 = EDGE_CURVE ( 'NONE', #7992, #5735, #5531, .T. ) ;
#2267 = LINE ( 'NONE', #7523, #11694 ) ;
#2268 = CARTESIAN_POINT ( 'NONE',  ( -6.550000000000000700, -2.225000000000000100, -1.550000000000000300 ) ) ;
#2269 = AXIS2_PLACEMENT_3D ( 'NONE', #1830, #9650, #7750 ) ;
#2270 = VECTOR ( 'NONE', #2511, 1000.000000000000000 ) ;
#2271 = CARTESIAN_POINT ( 'NONE',  ( 2.875000000000000000, -2.625000000000000000, 1.600000000000000100 ) ) ;
#2272 = VERTEX_POINT ( 'NONE', #5241 ) ;
#2273 = EDGE_CURVE ( 'NONE', #7284, #12817, #2593, .T. ) ;
#2274 = CARTESIAN_POINT ( 'NONE',  ( 5.375000000000000000, -3.125000000000000000, -0.9085106253624000100 ) ) ;
#2275 = VECTOR ( 'NONE', #4135, 1000.000000000000000 ) ;
#2276 = ORIENTED_EDGE ( 'NONE', *, *, #9083, .F. ) ;
#2277 = VERTEX_POINT ( 'NONE', #7043 ) ;
#2278 = CARTESIAN_POINT ( 'NONE',  ( -6.540000000000000000, 0.07500000000000030300, -0.5700000000000001700 ) ) ;
#2279 = LINE ( 'NONE', #308, #7538 ) ;
#2280 = LINE ( 'NONE', #4247, #12489 ) ;
#2281 = CARTESIAN_POINT ( 'NONE',  ( -0.4650000000000000200, -3.775000000000000400, -0.4249999999999999900 ) ) ;
#2282 = LINE ( 'NONE', #8453, #1959 ) ;
#2283 = PLANE ( 'NONE',  #11529 ) ;
#2284 = DIRECTION ( 'NONE',  ( 1.000000000000000000, 0.0000000000000000000, 0.0000000000000000000 ) ) ;
#2285 = VECTOR ( 'NONE', #1293, 1000.000000000000000 ) ;
#2286 = ORIENTED_EDGE ( 'NONE', *, *, #8041, .F. ) ;
#2287 = EDGE_CURVE ( 'NONE', #1857, #2833, #1668, .T. ) ;
#2288 = ORIENTED_EDGE ( 'NONE', *, *, #3795, .T. ) ;
#2289 = ORIENTED_EDGE ( 'NONE', *, *, #10543, .F. ) ;
#2290 = DIRECTION ( 'NONE',  ( 1.000000000000000000, 0.0000000000000000000, -0.0000000000000000000 ) ) ;
#2291 = PLANE ( 'NONE',  #5060 ) ;
#2292 = LINE ( 'NONE', #4464, #5230 ) ;
#2293 = EDGE_CURVE ( 'NONE', #9776, #6635, #12486, .T. ) ;
#2294 = VECTOR ( 'NONE', #11478, 1000.000000000000100 ) ;
#2295 = PLANE ( 'NONE',  #4994 ) ;
#2296 = AXIS2_PLACEMENT_3D ( 'NONE', #2449, #10393, #11311 ) ;
#2297 = ADVANCED_FACE ( 'NONE', ( #1356 ), #8363, .T. ) ;
#2298 = VECTOR ( 'NONE', #7452, 1000.000000000000000 ) ;
#2299 = DIRECTION ( 'NONE',  ( 0.0000000000000000000, 1.000000000000000000, 0.0000000000000000000 ) ) ;
#2300 = CIRCLE ( 'NONE', #1446, 0.1499999999999999700 ) ;
#2301 = CARTESIAN_POINT ( 'NONE',  ( 6.870000000000000100, -0.02499999999999984900, -0.2700000000000000200 ) ) ;
#2302 = PLANE ( 'NONE',  #3452 ) ;
#2303 = DIRECTION ( 'NONE',  ( 0.0000000000000000000, 1.000000000000000000, 0.0000000000000000000 ) ) ;
#2304 = VECTOR ( 'NONE', #1767, 1000.000000000000000 ) ;
#2305 = ORIENTED_EDGE ( 'NONE', *, *, #207, .T. ) ;
#2306 = CARTESIAN_POINT ( 'NONE',  ( -2.964999999999999900, -3.924999999999999800, -0.5749999999999999600 ) ) ;
#2307 = DIRECTION ( 'NONE',  ( -0.0000000000000000000, -1.000000000000000000, 0.0000000000000000000 ) ) ;
#2308 = CARTESIAN_POINT ( 'NONE',  ( -5.875000000000000000, 0.9749999999999999800, 1.100000000000000100 ) ) ;
#2309 = ORIENTED_EDGE ( 'NONE', *, *, #9510, .T. ) ;
#2310 = EDGE_CURVE ( 'NONE', #12108, #7856, #12769, .T. ) ;
#2311 = VECTOR ( 'NONE', #10223, 1000.000000000000000 ) ;
#2312 = FACE_OUTER_BOUND ( 'NONE', #12063, .T. ) ;
#2313 = LINE ( 'NONE', #4999, #5718 ) ;
#2314 = DIRECTION ( 'NONE',  ( 0.0000000000000000000, -0.7071067811865475700, 0.7071067811865475700 ) ) ;
#2315 = EDGE_CURVE ( 'NONE', #8386, #12229, #11404, .T. ) ;
#2316 = ADVANCED_FACE ( 'NONE', ( #9379 ), #3412, .T. ) ;
#2317 = CARTESIAN_POINT ( 'NONE',  ( 5.875000000000000000, -3.125000000000000000, 0.6999999999999998400 ) ) ;
#2318 = ORIENTED_EDGE ( 'NONE', *, *, #12181, .T. ) ;
#2319 = ORIENTED_EDGE ( 'NONE', *, *, #421, .F. ) ;
#2320 = CARTESIAN_POINT ( 'NONE',  ( -4.214999999999999900, -3.924999999999999800, -0.5749999999999999600 ) ) ;
#2321 = VERTEX_POINT ( 'NONE', #1399 ) ;
#2322 = DIRECTION ( 'NONE',  ( 1.000000000000000000, 0.0000000000000000000, -0.0000000000000000000 ) ) ;
#2323 =( NAMED_UNIT ( * ) SI_UNIT ( $, .STERADIAN. ) SOLID_ANGLE_UNIT ( ) );
#2324 = ORIENTED_EDGE ( 'NONE', *, *, #10799, .F. ) ;
#2325 = CARTESIAN_POINT ( 'NONE',  ( -6.339999999999999900, -0.02500000000000000100, -1.300000000000000300 ) ) ;
#2326 = VERTEX_POINT ( 'NONE', #10376 ) ;
#2327 = VERTEX_POINT ( 'NONE', #1527 ) ;
#2328 = ORIENTED_EDGE ( 'NONE', *, *, #3318, .T. ) ;
#2329 = ORIENTED_EDGE ( 'NONE', *, *, #4465, .F. ) ;
#2330 = LINE ( 'NONE', #2388, #12831 ) ;
#2331 = EDGE_CURVE ( 'NONE', #3184, #12106, #6603, .T. ) ;
#2332 = ORIENTED_EDGE ( 'NONE', *, *, #10241, .T. ) ;
#2333 = PLANE ( 'NONE',  #11283 ) ;
#2334 = DIRECTION ( 'NONE',  ( 0.0000000000000000000, -0.7071067811863974700, -0.7071067811866975600 ) ) ;
#2335 = CARTESIAN_POINT ( 'NONE',  ( -4.535000000000000100, -4.224999999999999600, 1.600000000000000100 ) ) ;
#2336 = ORIENTED_EDGE ( 'NONE', *, *, #119, .F. ) ;
#2337 = CARTESIAN_POINT ( 'NONE',  ( -2.964999999999999000, -3.125000000000000000, -1.300000000000000300 ) ) ;
#2338 = DIRECTION ( 'NONE',  ( -1.000000000000000000, -0.0000000000000000000, -0.0000000000000000000 ) ) ;
#2339 = EDGE_LOOP ( 'NONE', ( #8487, #9686, #10648, #7412 ) ) ;
#2340 = VERTEX_POINT ( 'NONE', #12320 ) ;
#2341 = EDGE_LOOP ( 'NONE', ( #2897, #2191, #5914, #7976 ) ) ;
#2342 = VECTOR ( 'NONE', #11991, 1000.000000000000000 ) ;
#2343 = CARTESIAN_POINT ( 'NONE',  ( -5.275000000000000400, -1.975000000000000100, 1.200000000000000000 ) ) ;
#2344 = VECTOR ( 'NONE', #1816, 1000.000000000000000 ) ;
#2345 = VERTEX_POINT ( 'NONE', #11374 ) ;
#2346 = DIRECTION ( 'NONE',  ( 0.0000000000000000000, -1.000000000000000000, -0.0000000000000000000 ) ) ;
#2347 = AXIS2_PLACEMENT_3D ( 'NONE', #10119, #3328, #7278 ) ;
#2348 = ORIENTED_EDGE ( 'NONE', *, *, #733, .T. ) ;
#2349 = CARTESIAN_POINT ( 'NONE',  ( 4.299999999999999800, -1.625000000000000200, -1.600000000000000100 ) ) ;
#2350 = ORIENTED_EDGE ( 'NONE', *, *, #11967, .T. ) ;
#2351 = DIRECTION ( 'NONE',  ( 0.0000000000000000000, 0.0000000000000000000, 1.000000000000000000 ) ) ;
#2352 = CARTESIAN_POINT ( 'NONE',  ( 1.625000000000000200, -2.625000000000000000, 1.600000000000000100 ) ) ;
#2353 = EDGE_CURVE ( 'NONE', #4834, #5674, #3541, .T. ) ;
#2354 = DIRECTION ( 'NONE',  ( 0.0000000000000000000, 0.0000000000000000000, -1.000000000000000000 ) ) ;
#2355 = VERTEX_POINT ( 'NONE', #9337 ) ;
#2356 = VECTOR ( 'NONE', #8891, 1000.000000000000000 ) ;
#2357 = LINE ( 'NONE', #2611, #4819 ) ;
#2358 = ORIENTED_EDGE ( 'NONE', *, *, #2963, .T. ) ;
#2359 = CARTESIAN_POINT ( 'NONE',  ( 0.4649999999999999700, -4.025000000000000400, -1.800000000000000300 ) ) ;
#2360 = DIRECTION ( 'NONE',  ( 0.0000000000000000000, 0.7071067811865452400, -0.7071067811865497900 ) ) ;
#2361 = PLANE ( 'NONE',  #11551 ) ;
#2362 = SURFACE_STYLE_USAGE ( .BOTH. , #7282 ) ;
#2363 = CARTESIAN_POINT ( 'NONE',  ( -2.965000000000000300, -4.224999999999999600, -1.600000000000000100 ) ) ;
#2364 = AXIS2_PLACEMENT_3D ( 'NONE', #71, #11993, #3161 ) ;
#2365 = DIRECTION ( 'NONE',  ( -1.000000000000000000, 0.0000000000000000000, -0.0000000000000000000 ) ) ;
#2366 = ADVANCED_FACE ( 'NONE', ( #9822 ), #6453, .T. ) ;
#2367 = ORIENTED_EDGE ( 'NONE', *, *, #3330, .F. ) ;
#2368 = VECTOR ( 'NONE', #8503, 1000.000000000000000 ) ;
#2369 = LINE ( 'NONE', #7808, #5619 ) ;
#2370 = EDGE_LOOP ( 'NONE', ( #11226, #3302, #7713, #3796 ) ) ;
#2371 = EDGE_CURVE ( 'NONE', #8873, #7634, #12157, .T. ) ;
#2372 = CARTESIAN_POINT ( 'NONE',  ( 5.575000000000000200, 0.9749999999999999800, -1.800000000000000300 ) ) ;
#2373 = ORIENTED_EDGE ( 'NONE', *, *, #5734, .F. ) ;
#2374 = DIRECTION ( 'NONE',  ( 1.000000000000000000, -0.0000000000000000000, 0.0000000000000000000 ) ) ;
#2375 = DIRECTION ( 'NONE',  ( -1.000000000000000000, -0.0000000000000000000, -0.0000000000000000000 ) ) ;
#2376 = EDGE_CURVE ( 'NONE', #10210, #6827, #1797, .T. ) ;
#2377 = CARTESIAN_POINT ( 'NONE',  ( -5.875000000000000000, -2.224999999999999600, -1.500000000000000000 ) ) ;
#2378 = AXIS2_PLACEMENT_3D ( 'NONE', #6238, #311, #8281 ) ;
#2379 = CARTESIAN_POINT ( 'NONE',  ( -5.575000000000000200, 0.9749999999999999800, 0.3999999999999999700 ) ) ;
#2380 = CARTESIAN_POINT ( 'NONE',  ( 0.4650000000000000200, -3.775000000000000400, -0.5749999999999999600 ) ) ;
#2381 = ORIENTED_EDGE ( 'NONE', *, *, #823, .F. ) ;
#2382 = VECTOR ( 'NONE', #2803, 1000.000000000000000 ) ;
#2383 = VECTOR ( 'NONE', #779, 1000.000000000000000 ) ;
#2384 = CARTESIAN_POINT ( 'NONE',  ( -1.625000000000000200, -3.225000000000000100, 1.600000000000000100 ) ) ;
#2385 = ADVANCED_FACE ( 'NONE', ( #6457 ), #10254, .T. ) ;
#2386 = CARTESIAN_POINT ( 'NONE',  ( 0.7850000000000000300, -3.225000000000000100, -1.125000000000000200 ) ) ;
#2387 = ORIENTED_EDGE ( 'NONE', *, *, #12652, .T. ) ;
#2388 = CARTESIAN_POINT ( 'NONE',  ( 4.214999999999999900, -3.924999999999999800, 1.600000000000000100 ) ) ;
#2389 = EDGE_CURVE ( 'NONE', #1080, #12232, #4598, .T. ) ;
#2390 = CARTESIAN_POINT ( 'NONE',  ( -2.964999999999999900, -4.208005078473780400, -0.1000000000000000100 ) ) ;
#2391 = LINE ( 'NONE', #380, #10416 ) ;
#2392 = VERTEX_POINT ( 'NONE', #2522 ) ;
#2393 = CARTESIAN_POINT ( 'NONE',  ( 6.540000000000000000, -1.075000000000000000, -0.5700000000000004000 ) ) ;
#2394 = FACE_OUTER_BOUND ( 'NONE', #1571, .T. ) ;
#2395 = LINE ( 'NONE', #11805, #7484 ) ;
#2396 = EDGE_CURVE ( 'NONE', #10863, #6169, #4137, .T. ) ;
#2397 = DIRECTION ( 'NONE',  ( 0.7071067811865475700, 0.7071067811865475700, -0.0000000000000000000 ) ) ;
#2398 = DIRECTION ( 'NONE',  ( 0.0000000000000000000, -1.000000000000000000, 0.0000000000000000000 ) ) ;
#2399 = AXIS2_PLACEMENT_3D ( 'NONE', #5889, #5968, #12797 ) ;
#2400 = DIRECTION ( 'NONE',  ( 0.0000000000000000000, -0.0000000000000000000, 1.000000000000000000 ) ) ;
#2401 = ORIENTED_EDGE ( 'NONE', *, *, #3380, .T. ) ;
#2402 = DIRECTION ( 'NONE',  ( -1.000000000000000000, -0.0000000000000000000, -0.0000000000000000000 ) ) ;
#2403 = VECTOR ( 'NONE', #5289, 1000.000000000000000 ) ;
#2404 = VECTOR ( 'NONE', #11866, 1000.000000000000000 ) ;
#2405 = EDGE_CURVE ( 'NONE', #12471, #9724, #3838, .T. ) ;
#2406 = ORIENTED_EDGE ( 'NONE', *, *, #4305, .T. ) ;
#2407 = DIRECTION ( 'NONE',  ( 0.0000000000000000000, 0.0000000000000000000, -1.000000000000000000 ) ) ;
#2408 = DIRECTION ( 'NONE',  ( -1.000000000000000000, 0.0000000000000000000, 0.0000000000000000000 ) ) ;
#2409 = PLANE ( 'NONE',  #11303 ) ;
#2410 = DIRECTION ( 'NONE',  ( 0.0000000000000000000, -0.0000000000000000000, -1.000000000000000000 ) ) ;
#2411 = ORIENTED_EDGE ( 'NONE', *, *, #10114, .F. ) ;
#2412 = EDGE_CURVE ( 'NONE', #8953, #9828, #6893, .T. ) ;
#2413 = LINE ( 'NONE', #7594, #9204 ) ;
#2414 = ORIENTED_EDGE ( 'NONE', *, *, #4918, .F. ) ;
#2415 = FACE_OUTER_BOUND ( 'NONE', #6228, .T. ) ;
#2416 = CIRCLE ( 'NONE', #1466, 0.1000000000000000500 ) ;
#2417 = ORIENTED_EDGE ( 'NONE', *, *, #6846, .F. ) ;
#2418 = DIRECTION ( 'NONE',  ( 0.0000000000000000000, -0.7071067811865473500, -0.7071067811865477900 ) ) ;
#2419 = EDGE_LOOP ( 'NONE', ( #6486, #2996, #9572, #5058 ) ) ;
#2420 = DIRECTION ( 'NONE',  ( 0.0000000000000000000, 0.0000000000000000000, -1.000000000000000000 ) ) ;
#2421 = CARTESIAN_POINT ( 'NONE',  ( -5.174999999999999800, -2.224999999999999600, -1.600000000000000100 ) ) ;
#2422 = DIRECTION ( 'NONE',  ( 0.0000000000000000000, 0.0000000000000000000, -1.000000000000000000 ) ) ;
#2423 = LINE ( 'NONE', #6864, #724 ) ;
#2424 = EDGE_CURVE ( 'NONE', #5652, #12106, #6286, .T. ) ;
#2425 = LINE ( 'NONE', #3259, #4745 ) ;
#2426 = DIRECTION ( 'NONE',  ( 1.000000000000000000, 0.0000000000000000000, 0.0000000000000000000 ) ) ;
#2427 = ORIENTED_EDGE ( 'NONE', *, *, #881, .T. ) ;
#2428 = ADVANCED_FACE ( 'NONE', ( #9682 ), #571, .F. ) ;
#2429 = ORIENTED_EDGE ( 'NONE', *, *, #4115, .T. ) ;
#2430 = CARTESIAN_POINT ( 'NONE',  ( 2.034999999999997900, -0.2250000000000005900, -0.09999999999999985300 ) ) ;
#2431 = ORIENTED_EDGE ( 'NONE', *, *, #9402, .T. ) ;
#2432 = PLANE ( 'NONE',  #4623 ) ;
#2433 = DIRECTION ( 'NONE',  ( -0.0000000000000000000, -0.0000000000000000000, 1.000000000000000000 ) ) ;
#2434 = CARTESIAN_POINT ( 'NONE',  ( 4.375000000000000000, 0.2749999999999999700, -0.6749999999999999300 ) ) ;
#2435 = DIRECTION ( 'NONE',  ( 0.0000000000000000000, 0.0000000000000000000, -1.000000000000000000 ) ) ;
#2436 = VECTOR ( 'NONE', #11960, 1000.000000000000000 ) ;
#2437 = AXIS2_PLACEMENT_3D ( 'NONE', #6127, #12220, #2199 ) ;
#2438 = LINE ( 'NONE', #12112, #9685 ) ;
#2439 = ORIENTED_EDGE ( 'NONE', *, *, #1267, .F. ) ;
#2440 = ORIENTED_EDGE ( 'NONE', *, *, #249, .F. ) ;
#2441 = CARTESIAN_POINT ( 'NONE',  ( 7.375000000000001800, 0.5749999999999999600, -1.800000000000000300 ) ) ;
#2442 = ORIENTED_EDGE ( 'NONE', *, *, #11992, .T. ) ;
#2443 = DIRECTION ( 'NONE',  ( -0.0000000000000000000, 1.000000000000000000, 0.0000000000000000000 ) ) ;
#2444 = ADVANCED_FACE ( 'NONE', ( #1505 ), #2602, .F. ) ;
#2445 = PLANE ( 'NONE',  #2837 ) ;
#2446 = CARTESIAN_POINT ( 'NONE',  ( 3.285000000000001500, -1.975000000000000100, -0.8499999999999999800 ) ) ;
#2447 = EDGE_CURVE ( 'NONE', #4926, #5756, #2113, .T. ) ;
#2448 = DIRECTION ( 'NONE',  ( 0.0000000000000000000, 0.7071067811865471300, -0.7071067811865479100 ) ) ;
#2449 = CARTESIAN_POINT ( 'NONE',  ( 0.0000000000000000000, 0.0000000000000000000, 1.100000000000000100 ) ) ;
#2450 = CARTESIAN_POINT ( 'NONE',  ( -0.7850000000000000300, -3.924999999999999800, -1.300000000000000300 ) ) ;
#2451 = LINE ( 'NONE', #8580, #1681 ) ;
#2452 = EDGE_CURVE ( 'NONE', #915, #4958, #2267, .T. ) ;
#2453 = CARTESIAN_POINT ( 'NONE',  ( -6.550000000000000700, -2.225000000000000100, -1.350000000000000100 ) ) ;
#2454 = LINE ( 'NONE', #495, #11579 ) ;
#2455 = LINE ( 'NONE', #713, #4767 ) ;
#2456 = LINE ( 'NONE', #10378, #10001 ) ;
#2457 = VERTEX_POINT ( 'NONE', #3587 ) ;
#2458 = EDGE_LOOP ( 'NONE', ( #6336, #833, #11915, #5602 ) ) ;
#2459 = CARTESIAN_POINT ( 'NONE',  ( 4.535000000000000100, -0.2250000000000000600, -0.4749999999999999800 ) ) ;
#2460 = ORIENTED_EDGE ( 'NONE', *, *, #4952, .F. ) ;
#2461 = VECTOR ( 'NONE', #4769, 1000.000000000000000 ) ;
#2462 =( GEOMETRIC_REPRESENTATION_CONTEXT ( 3 ) GLOBAL_UNCERTAINTY_ASSIGNED_CONTEXT ( ( #1172 ) ) GLOBAL_UNIT_ASSIGNED_CONTEXT ( ( #5528, #5401, #7473 ) ) REPRESENTATION_CONTEXT ( 'NONE', 'WORKASPACE' ) );
#2463 = ADVANCED_FACE ( 'NONE', ( #7526 ), #7609, .T. ) ;
#2464 = DIRECTION ( 'NONE',  ( 0.0000000000000000000, -0.7071067811865474600, 0.7071067811865474600 ) ) ;
#2465 = LINE ( 'NONE', #2959, #2769 ) ;
#2466 = EDGE_CURVE ( 'NONE', #5803, #9371, #11550, .T. ) ;
#2467 = VECTOR ( 'NONE', #6926, 1000.000000000000000 ) ;
#2468 = CARTESIAN_POINT ( 'NONE',  ( 5.875000000000000000, 0.2750000000000000200, -1.800000000000000300 ) ) ;
#2469 = CARTESIAN_POINT ( 'NONE',  ( -5.875000000000000000, 0.5749999999999999600, -1.800000000000000300 ) ) ;
#2470 = VERTEX_POINT ( 'NONE', #12582 ) ;
#2471 = ORIENTED_EDGE ( 'NONE', *, *, #1576, .T. ) ;
#2472 = EDGE_CURVE ( 'NONE', #7401, #3429, #4292, .T. ) ;
#2473 = ORIENTED_EDGE ( 'NONE', *, *, #7914, .F. ) ;
#2474 = LINE ( 'NONE', #6282, #9567 ) ;
#2475 = CARTESIAN_POINT ( 'NONE',  ( -3.284999999999998800, -3.125000000000000000, -0.1000000000000000100 ) ) ;
#2476 = VECTOR ( 'NONE', #5038, 1000.000000000000000 ) ;
#2477 = DIRECTION ( 'NONE',  ( -1.000000000000000000, 0.0000000000000000000, 0.0000000000000000000 ) ) ;
#2478 = DIRECTION ( 'NONE',  ( 1.000000000000000000, -0.0000000000000000000, 0.0000000000000000000 ) ) ;
#2479 = CARTESIAN_POINT ( 'NONE',  ( -1.824999999999998800, 0.2750000000000003000, -0.6750000000000000400 ) ) ;
#2480 = ORIENTED_EDGE ( 'NONE', *, *, #11361, .T. ) ;
#2481 = VERTEX_POINT ( 'NONE', #5629 ) ;
#2482 = EDGE_LOOP ( 'NONE', ( #5522, #9465, #4353, #4674 ) ) ;
#2483 = EDGE_CURVE ( 'NONE', #3112, #299, #4453, .T. ) ;
#2484 = DIRECTION ( 'NONE',  ( 0.2033118901005024100, 0.9241449550023839200, -0.3234507342508330900 ) ) ;
#2485 = ORIENTED_EDGE ( 'NONE', *, *, #2926, .F. ) ;
#2486 = ORIENTED_EDGE ( 'NONE', *, *, #10129, .T. ) ;
#2487 = DIRECTION ( 'NONE',  ( 1.000000000000000000, 0.0000000000000000000, 0.0000000000000000000 ) ) ;
#2488 = ORIENTED_EDGE ( 'NONE', *, *, #10632, .T. ) ;
#2489 = CARTESIAN_POINT ( 'NONE',  ( -6.870000000000000100, 0.07499999999999998300, -0.5699999999999999500 ) ) ;
#2490 = DIRECTION ( 'NONE',  ( 0.7071067811865479100, 0.0000000000000000000, 0.7071067811865472400 ) ) ;
#2491 = ORIENTED_EDGE ( 'NONE', *, *, #7135, .F. ) ;
#2492 = ORIENTED_EDGE ( 'NONE', *, *, #7549, .F. ) ;
#2493 = CARTESIAN_POINT ( 'NONE',  ( -6.349999999999999600, -0.02499999999999984900, -0.7600000000000000100 ) ) ;
#2494 = VECTOR ( 'NONE', #4201, 1000.000000000000000 ) ;
#2495 = VECTOR ( 'NONE', #5580, 1000.000000000000100 ) ;
#2496 = DIRECTION ( 'NONE',  ( -1.000000000000000000, -0.0000000000000000000, -0.0000000000000000000 ) ) ;
#2497 = ADVANCED_FACE ( 'NONE', ( #1944 ), #9591, .F. ) ;
#2498 = ORIENTED_EDGE ( 'NONE', *, *, #3443, .F. ) ;
#2499 = PLANE ( 'NONE',  #4096 ) ;
#2500 = ORIENTED_EDGE ( 'NONE', *, *, #1827, .F. ) ;
#2501 = EDGE_CURVE ( 'NONE', #11532, #10091, #11080, .T. ) ;
#2503 = EDGE_CURVE ( 'NONE', #1252, #12191, #3975, .T. ) ;
#2502 = VERTEX_POINT ( 'NONE', #8532 ) ;
#2504 = EDGE_LOOP ( 'NONE', ( #8406, #1243, #11555, #515 ) ) ;
#2505 = DIRECTION ( 'NONE',  ( -0.0000000000000000000, 1.000000000000000000, 0.0000000000000000000 ) ) ;
#2506 = VECTOR ( 'NONE', #12447, 1000.000000000000000 ) ;
#2507 = VECTOR ( 'NONE', #11255, 1000.000000000000000 ) ;
#2508 = DIRECTION ( 'NONE',  ( -0.0000000000000000000, -1.000000000000000000, -0.0000000000000000000 ) ) ;
#2509 = EDGE_LOOP ( 'NONE', ( #12719, #3055, #11856, #11159 ) ) ;
#2510 = ADVANCED_FACE ( 'NONE', ( #9982 ), #4519, .T. ) ;
#2511 = DIRECTION ( 'NONE',  ( 1.000000000000000000, 0.0000000000000000000, -0.0000000000000000000 ) ) ;
#2512 = VERTEX_POINT ( 'NONE', #4596 ) ;
#2513 = EDGE_CURVE ( 'NONE', #6516, #1842, #871, .T. ) ;
#2514 = CARTESIAN_POINT ( 'NONE',  ( -4.214999999999999900, -4.025000000000000400, -1.800000000000000300 ) ) ;
#2515 = EDGE_LOOP ( 'NONE', ( #6295, #765, #5628, #3832 ) ) ;
#2516 = VERTEX_POINT ( 'NONE', #10419 ) ;
#2517 = LINE ( 'NONE', #81, #4831 ) ;
#2518 = CARTESIAN_POINT ( 'NONE',  ( 1.715000000000000100, -4.224999999999999600, -1.600000000000000100 ) ) ;
#2519 = FACE_OUTER_BOUND ( 'NONE', #7317, .T. ) ;
#2520 = VERTEX_POINT ( 'NONE', #7564 ) ;
#2521 = CARTESIAN_POINT ( 'NONE',  ( 5.174999999999999800, -0.02500000000000000100, -1.800000000000000300 ) ) ;
#2522 = CARTESIAN_POINT ( 'NONE',  ( -6.870000000000000100, -2.024999999999999900, -0.5699999999999999500 ) ) ;
#2523 = ORIENTED_EDGE ( 'NONE', *, *, #12531, .F. ) ;
#2524 = DIRECTION ( 'NONE',  ( -0.7071067811865474600, 0.7071067811865474600, 0.0000000000000000000 ) ) ;
#2525 = DIRECTION ( 'NONE',  ( -1.000000000000000000, 0.0000000000000000000, -0.0000000000000000000 ) ) ;
#2526 = EDGE_CURVE ( 'NONE', #6319, #231, #8749, .T. ) ;
#2527 = AXIS2_PLACEMENT_3D ( 'NONE', #9813, #12808, #1834 ) ;
#2528 = ADVANCED_FACE ( 'NONE', ( #8893 ), #1651, .F. ) ;
#2529 = DIRECTION ( 'NONE',  ( 0.0000000000000000000, 0.0000000000000000000, -1.000000000000000000 ) ) ;
#2530 = EDGE_CURVE ( 'NONE', #11356, #11237, #9216, .T. ) ;
#2531 = ORIENTED_EDGE ( 'NONE', *, *, #2031, .T. ) ;
#2532 = LINE ( 'NONE', #12068, #8563 ) ;
#2534 = CARTESIAN_POINT ( 'NONE',  ( -5.675000000000000700, -3.224999999999999600, -1.800000000000000300 ) ) ;
#2533 = LINE ( 'NONE', #10919, #1893 ) ;
#2535 = DIRECTION ( 'NONE',  ( 0.0000000000000000000, 0.0000000000000000000, 1.000000000000000000 ) ) ;
#2536 = ORIENTED_EDGE ( 'NONE', *, *, #3013, .F. ) ;
#2537 = PLANE ( 'NONE',  #12369 ) ;
#2538 = MANIFOLD_SOLID_BREP ( 'Cut-Extrude1[7]', #9081 ) ;
#2539 = AXIS2_PLACEMENT_3D ( 'NONE', #8983, #7869, #10813 ) ;
#2540 = PLANE ( 'NONE',  #8906 ) ;
#2541 = VECTOR ( 'NONE', #9951, 1000.000000000000000 ) ;
#2543 = EDGE_CURVE ( 'NONE', #6712, #1086, #10606, .T. ) ;
#2542 = ORIENTED_EDGE ( 'NONE', *, *, #8511, .T. ) ;
#2544 = VECTOR ( 'NONE', #5694, 1000.000000000000000 ) ;
#2545 = DIRECTION ( 'NONE',  ( -0.0000000000000000000, -1.000000000000000000, -0.0000000000000000000 ) ) ;
#2546 = LINE ( 'NONE', #11611, #1763 ) ;
#2547 = EDGE_CURVE ( 'NONE', #4741, #6989, #12760, .T. ) ;
#2548 = CARTESIAN_POINT ( 'NONE',  ( -5.575000000000000200, 0.9749999999999999800, 0.4000000000000000200 ) ) ;
#2549 = CARTESIAN_POINT ( 'NONE',  ( 4.535000000000001000, -4.208005078473780400, -0.8499999999999999800 ) ) ;
#2550 = ORIENTED_EDGE ( 'NONE', *, *, #4272, .F. ) ;
#2551 =( NAMED_UNIT ( * ) PLANE_ANGLE_UNIT ( ) SI_UNIT ( $, .RADIAN. ) );
#2552 = VECTOR ( 'NONE', #3860, 1000.000000000000000 ) ;
#2553 = DIRECTION ( 'NONE',  ( -0.0000000000000000000, 0.0000000000000000000, 1.000000000000000000 ) ) ;
#2554 = LINE ( 'NONE', #10875, #2234 ) ;
#2555 = ORIENTED_EDGE ( 'NONE', *, *, #8429, .T. ) ;
#2556 = VECTOR ( 'NONE', #1629, 1000.000000000000000 ) ;
#2557 = CARTESIAN_POINT ( 'NONE',  ( 7.375000000000001800, -2.225000000000000100, 0.1000000000000000500 ) ) ;
#2558 = EDGE_CURVE ( 'NONE', #8533, #4429, #11392, .T. ) ;
#2559 = ADVANCED_FACE ( 'NONE', ( #8615 ), #9667, .T. ) ;
#2560 = DIRECTION ( 'NONE',  ( 0.0000000000000000000, 0.0000000000000000000, 1.000000000000000000 ) ) ;
#2561 = VERTEX_POINT ( 'NONE', #11743 ) ;
#2562 = EDGE_CURVE ( 'NONE', #8926, #3624, #3373, .T. ) ;
#2563 = DIRECTION ( 'NONE',  ( 1.000000000000000000, 0.0000000000000000000, -0.0000000000000000000 ) ) ;
#2564 = FACE_OUTER_BOUND ( 'NONE', #6232, .T. ) ;
#2565 = DIRECTION ( 'NONE',  ( 1.000000000000000000, 0.0000000000000000000, -0.0000000000000000000 ) ) ;
#2566 = VECTOR ( 'NONE', #1653, 1000.000000000000000 ) ;
#2567 = ORIENTED_EDGE ( 'NONE', *, *, #11995, .F. ) ;
#2568 = PLANE ( 'NONE',  #3715 ) ;
#2569 = VERTEX_POINT ( 'NONE', #1891 ) ;
#2570 = CARTESIAN_POINT ( 'NONE',  ( -3.600000000000000500, 0.9749999999999999800, -1.399999999999999900 ) ) ;
#2571 = ADVANCED_FACE ( 'NONE', ( #7810 ), #9746, .T. ) ;
#2572 = CARTESIAN_POINT ( 'NONE',  ( -6.540000000000000000, 0.5749999999999999600, -1.500000000000000000 ) ) ;
#2573 = DIRECTION ( 'NONE',  ( 0.7071067811865475700, -0.7071067811865475700, 0.0000000000000000000 ) ) ;
#2574 = VECTOR ( 'NONE', #11393, 1000.000000000000000 ) ;
#2575 = DIRECTION ( 'NONE',  ( 0.0000000000000000000, 0.0000000000000000000, -1.000000000000000000 ) ) ;
#2576 = FACE_OUTER_BOUND ( 'NONE', #5670, .T. ) ;
#2577 = ORIENTED_EDGE ( 'NONE', *, *, #10368, .F. ) ;
#2578 = ORIENTED_EDGE ( 'NONE', *, *, #2543, .T. ) ;
#2579 = EDGE_LOOP ( 'NONE', ( #5037, #3565, #1407, #8234 ) ) ;
#2580 = CARTESIAN_POINT ( 'NONE',  ( 0.7849999999999997000, -3.125000000000000000, -0.9250000000000000400 ) ) ;
#2581 = VECTOR ( 'NONE', #12193, 1000.000000000000000 ) ;
#2582 = ADVANCED_FACE ( 'NONE', ( #10747 ), #5505, .F. ) ;
#2583 = DIRECTION ( 'NONE',  ( 0.0000000000000000000, -0.9438583563660173400, 0.3303504247281061100 ) ) ;
#2584 = CYLINDRICAL_SURFACE ( 'NONE', #2626, 0.2000000000000000900 ) ;
#2585 = EDGE_LOOP ( 'NONE', ( #2138, #12162, #2720, #10968 ) ) ;
#2586 = CARTESIAN_POINT ( 'NONE',  ( 6.099999999999999600, -2.034999999999999700, -0.6449999999999999100 ) ) ;
#2587 = LINE ( 'NONE', #4992, #9988 ) ;
#2588 = ORIENTED_EDGE ( 'NONE', *, *, #7785, .F. ) ;
#2589 = ORIENTED_EDGE ( 'NONE', *, *, #1372, .T. ) ;
#2590 = AXIS2_PLACEMENT_3D ( 'NONE', #10216, #227, #8289 ) ;
#2591 = SURFACE_STYLE_USAGE ( .BOTH. , #11454 ) ;
#2592 = EDGE_CURVE ( 'NONE', #5728, #3880, #1788, .T. ) ;
#2593 = LINE ( 'NONE', #5191, #3989 ) ;
#2594 = AXIS2_PLACEMENT_3D ( 'NONE', #12431, #8596, #6518 ) ;
#2595 = LINE ( 'NONE', #12134, #12786 ) ;
#2596 = LINE ( 'NONE', #12373, #5536 ) ;
#2597 = DIRECTION ( 'NONE',  ( 0.0000000000000000000, 0.0000000000000000000, -1.000000000000000000 ) ) ;
#2598 = CARTESIAN_POINT ( 'NONE',  ( -5.675000000000000700, -0.02500000000000003300, -1.600000000000000100 ) ) ;
#2599 = VECTOR ( 'NONE', #6039, 1000.000000000000000 ) ;
#2600 = ORIENTED_EDGE ( 'NONE', *, *, #11651, .F. ) ;
#2601 = EDGE_LOOP ( 'NONE', ( #6511, #8943, #7201, #10191 ) ) ;
#2602 = PLANE ( 'NONE',  #2085 ) ;
#2603 = ORIENTED_EDGE ( 'NONE', *, *, #4371, .F. ) ;
#2604 = CARTESIAN_POINT ( 'NONE',  ( 4.214999999999999900, -3.924999999999999800, -1.300000000000000300 ) ) ;
#2605 = FACE_OUTER_BOUND ( 'NONE', #6002, .T. ) ;
#2606 = CARTESIAN_POINT ( 'NONE',  ( 2.965000000000002500, -1.975000000000000100, -0.8499999999999999800 ) ) ;
#2607 = LINE ( 'NONE', #11388, #3061 ) ;
#2608 = AXIS2_PLACEMENT_3D ( 'NONE', #3365, #4352, #2400 ) ;
#2609 = LINE ( 'NONE', #6711, #4469 ) ;
#2610 = VECTOR ( 'NONE', #4901, 1000.000000000000000 ) ;
#2611 = CARTESIAN_POINT ( 'NONE',  ( -4.534999999999999300, -3.125000000000000000, -0.1000000000000000100 ) ) ;
#2612 = CARTESIAN_POINT ( 'NONE',  ( 0.0000000000000000000, 0.8750000000000000000, -1.300000000000000300 ) ) ;
#2613 = ORIENTED_EDGE ( 'NONE', *, *, #1799, .F. ) ;
#2614 = ORIENTED_EDGE ( 'NONE', *, *, #2371, .T. ) ;
#2615 = DIRECTION ( 'NONE',  ( -1.000000000000000000, -0.0000000000000000000, -0.0000000000000000000 ) ) ;
#2616 = EDGE_CURVE ( 'NONE', #3620, #12793, #1496, .T. ) ;
#2617 = CARTESIAN_POINT ( 'NONE',  ( 3.600000000000000500, -0.4749999999999999800, -1.200000000000000000 ) ) ;
#2618 = DIRECTION ( 'NONE',  ( 0.0000000000000000000, -1.000000000000000000, -0.0000000000000000000 ) ) ;
#2619 = PLANE ( 'NONE',  #10711 ) ;
#2620 = VERTEX_POINT ( 'NONE', #817 ) ;
#2621 = VECTOR ( 'NONE', #9308, 1000.000000000000000 ) ;
#2622 = EDGE_CURVE ( 'NONE', #8515, #5961, #2423, .T. ) ;
#2623 = DIRECTION ( 'NONE',  ( -0.0000000000000000000, -1.000000000000000000, -0.0000000000000000000 ) ) ;
#2624 = ADVANCED_FACE ( 'NONE', ( #10449 ), #4719, .F. ) ;
#2625 = VECTOR ( 'NONE', #11872, 1000.000000000000000 ) ;
#2626 = AXIS2_PLACEMENT_3D ( 'NONE', #11334, #7353, #9332 ) ;
#2627 = VECTOR ( 'NONE', #2010, 1000.000000000000000 ) ;
#2628 = EDGE_LOOP ( 'NONE', ( #8252, #6061, #10762, #1859 ) ) ;
#2629 = ORIENTED_EDGE ( 'NONE', *, *, #9764, .F. ) ;
#2630 = ORIENTED_EDGE ( 'NONE', *, *, #7657, .F. ) ;
#2631 = AXIS2_PLACEMENT_3D ( 'NONE', #11488, #3560, #9524 ) ;
#2632 = PLANE ( 'NONE',  #4183 ) ;
#2633 = ORIENTED_EDGE ( 'NONE', *, *, #10686, .T. ) ;
#2634 = EDGE_CURVE ( 'NONE', #2845, #10016, #7967, .T. ) ;
#2635 = ORIENTED_EDGE ( 'NONE', *, *, #4026, .F. ) ;
#2636 = ADVANCED_FACE ( 'NONE', ( #8454 ), #2852, .F. ) ;
#2637 = CARTESIAN_POINT ( 'NONE',  ( -0.4650000000000000200, -4.025000000000000400, -1.800000000000000300 ) ) ;
#2638 = EDGE_CURVE ( 'NONE', #6989, #8873, #6118, .T. ) ;
#2639 = VERTEX_POINT ( 'NONE', #9953 ) ;
#2640 = ORIENTED_EDGE ( 'NONE', *, *, #11838, .F. ) ;
#2641 = ORIENTED_EDGE ( 'NONE', *, *, #3309, .T. ) ;
#2642 = CARTESIAN_POINT ( 'NONE',  ( 0.7850000000000010300, -4.208005078473780400, -0.8499999999999999800 ) ) ;
#2643 = AXIS2_PLACEMENT_3D ( 'NONE', #3601, #11485, #5559 ) ;
#2644 = VECTOR ( 'NONE', #302, 1000.000000000000000 ) ;
#2645 = ORIENTED_EDGE ( 'NONE', *, *, #7145, .T. ) ;
#2646 = CARTESIAN_POINT ( 'NONE',  ( 0.5749999999999946300, 0.2750000000000011900, -0.4749999999999999800 ) ) ;
#2647 = DIRECTION ( 'NONE',  ( 0.0000000000000000000, 0.0000000000000000000, 1.000000000000000000 ) ) ;
#2648 = VERTEX_POINT ( 'NONE', #2987 ) ;
#2649 = DIRECTION ( 'NONE',  ( 1.000000000000000000, 0.0000000000000000000, 0.0000000000000000000 ) ) ;
#2650 = PLANE ( 'NONE',  #7667 ) ;
#2651 = ORIENTED_EDGE ( 'NONE', *, *, #6521, .T. ) ;
#2652 = EDGE_CURVE ( 'NONE', #1929, #1554, #5809, .T. ) ;
#2653 = ADVANCED_FACE ( 'NONE', ( #2731 ), #11986, .F. ) ;
#2654 = DIRECTION ( 'NONE',  ( 0.0000000000000000000, -0.0000000000000000000, 1.000000000000000000 ) ) ;
#2655 = ORIENTED_EDGE ( 'NONE', *, *, #6914, .T. ) ;
#2656 = ORIENTED_EDGE ( 'NONE', *, *, #9139, .T. ) ;
#2657 = LINE ( 'NONE', #5956, #8225 ) ;
#2658 = LINE ( 'NONE', #1776, #2344 ) ;
#2659 = EDGE_LOOP ( 'NONE', ( #2309, #3758, #7962, #936 ) ) ;
#2660 = CARTESIAN_POINT ( 'NONE',  ( 3.375000000000000000, 0.0000000000000000000, 1.600000000000000100 ) ) ;
#2661 = PLANE ( 'NONE',  #3176 ) ;
#2662 = EDGE_LOOP ( 'NONE', ( #8140, #7666, #1096, #3761 ) ) ;
#2663 = CARTESIAN_POINT ( 'NONE',  ( 3.285000000000000100, -3.225000000000000100, -1.125000000000000200 ) ) ;
#2664 = ORIENTED_EDGE ( 'NONE', *, *, #3111, .F. ) ;
#2665 = PLANE ( 'NONE',  #10479 ) ;
#2666 = DIRECTION ( 'NONE',  ( 0.0000000000000000000, -0.0000000000000000000, 1.000000000000000000 ) ) ;
#2667 = VERTEX_POINT ( 'NONE', #5091 ) ;
#2668 = ORIENTED_EDGE ( 'NONE', *, *, #323, .F. ) ;
#2669 = LINE ( 'NONE', #11162, #10547 ) ;
#2670 = LINE ( 'NONE', #321, #5443 ) ;
#2671 = ORIENTED_EDGE ( 'NONE', *, *, #641, .F. ) ;
#2672 = EDGE_CURVE ( 'NONE', #329, #2058, #5969, .T. ) ;
#2673 = ORIENTED_EDGE ( 'NONE', *, *, #10902, .F. ) ;
#2674 = EDGE_CURVE ( 'NONE', #911, #11769, #10908, .T. ) ;
#2675 = CARTESIAN_POINT ( 'NONE',  ( -6.540000000000000000, -2.025000000000000400, -0.5700000000000001700 ) ) ;
#2676 = AXIS2_PLACEMENT_3D ( 'NONE', #9140, #5169, #8149 ) ;
#2677 = CARTESIAN_POINT ( 'NONE',  ( 0.6750000000000027100, 0.2750000000000006300, -0.2750000000000000200 ) ) ;
#2678 = VERTEX_POINT ( 'NONE', #9002 ) ;
#2679 = VECTOR ( 'NONE', #4700, 1000.000000000000000 ) ;
#2680 = VECTOR ( 'NONE', #1930, 1000.000000000000000 ) ;
#2681 = VERTEX_POINT ( 'NONE', #1018 ) ;
#2682 = DIRECTION ( 'NONE',  ( 0.0000000000000000000, 0.7071067811865452400, -0.7071067811865497900 ) ) ;
#2683 = EDGE_CURVE ( 'NONE', #4472, #5587, #11068, .T. ) ;
#2684 = ORIENTED_EDGE ( 'NONE', *, *, #6263, .F. ) ;
#2685 = ADVANCED_FACE ( 'NONE', ( #10130 ), #6948, .F. ) ;
#2686 = ORIENTED_EDGE ( 'NONE', *, *, #3027, .F. ) ;
#2687 = DIRECTION ( 'NONE',  ( 0.0000000000000000000, -1.000000000000000000, -0.0000000000000000000 ) ) ;
#2688 = ORIENTED_EDGE ( 'NONE', *, *, #7441, .F. ) ;
#2689 = CARTESIAN_POINT ( 'NONE',  ( -0.3750000000000000000, 0.0000000000000000000, 1.600000000000000100 ) ) ;
#2690 = LINE ( 'NONE', #5982, #7779 ) ;
#2691 = LINE ( 'NONE', #7485, #6707 ) ;
#2692 = CARTESIAN_POINT ( 'NONE',  ( 5.375000000000000000, -3.125000000000000000, -1.010638308524999900 ) ) ;
#2693 = DIRECTION ( 'NONE',  ( -0.0000000000000000000, 1.000000000000000000, 0.0000000000000000000 ) ) ;
#2694 = CARTESIAN_POINT ( 'NONE',  ( 4.535000000000000100, -3.125000000000000000, -0.4249999999999999900 ) ) ;
#2695 = EDGE_CURVE ( 'NONE', #241, #6308, #235, .T. ) ;
#2696 = MANIFOLD_SOLID_BREP ( 'Cut-Extrude1[6]', #10329 ) ;
#2697 = EDGE_CURVE ( 'NONE', #7840, #9843, #9971, .T. ) ;
#2698 = PRODUCT_DEFINITION_SHAPE ( 'NONE', 'NONE',  #11429 ) ;
#2699 = DIRECTION ( 'NONE',  ( 0.0000000000000000000, -1.000000000000000000, -0.0000000000000000000 ) ) ;
#2700 = VECTOR ( 'NONE', #1373, 1000.000000000000000 ) ;
#2701 = ADVANCED_FACE ( 'NONE', ( #9670 ), #7515, .F. ) ;
#2702 = CARTESIAN_POINT ( 'NONE',  ( -5.875000000000000000, -2.624999999999999600, 1.600000000000000100 ) ) ;
#2703 = DIRECTION ( 'NONE',  ( -0.0000000000000000000, -1.000000000000000000, -0.0000000000000000000 ) ) ;
#2704 = VERTEX_POINT ( 'NONE', #106 ) ;
#2705 = VECTOR ( 'NONE', #11451, 1000.000000000000000 ) ;
#2706 = CARTESIAN_POINT ( 'NONE',  ( -6.339999999999999900, 0.07500000000000013600, -1.300000000000000000 ) ) ;
#2707 = FACE_OUTER_BOUND ( 'NONE', #1125, .T. ) ;
#2708 = DIRECTION ( 'NONE',  ( -0.2033118901005035200, -0.9241449550023836900, -0.3234507342508327600 ) ) ;
#2709 = CARTESIAN_POINT ( 'NONE',  ( 4.215000000000001600, -3.125000000000000000, -0.8499999999999999800 ) ) ;
#2710 = AXIS2_PLACEMENT_3D ( 'NONE', #2876, #1269, #982 ) ;
#2711 = DIRECTION ( 'NONE',  ( 0.0000000000000000000, 0.3303504247281061600, -0.9438583563660174500 ) ) ;
#2712 = EDGE_CURVE ( 'NONE', #552, #9179, #7044, .T. ) ;
#2713 = DIRECTION ( 'NONE',  ( 0.2033118901005039100, 0.9241449550023836900, -0.3234507342508329800 ) ) ;
#2714 = ORIENTED_EDGE ( 'NONE', *, *, #9895, .F. ) ;
#2715 = VECTOR ( 'NONE', #8313, 1000.000000000000000 ) ;
#2716 = VERTEX_POINT ( 'NONE', #7932 ) ;
#2717 = EDGE_CURVE ( 'NONE', #9110, #6356, #2098, .T. ) ;
#2718 = ADVANCED_FACE ( 'NONE', ( #4439 ), #5995, .F. ) ;
#2719 = AXIS2_PLACEMENT_3D ( 'NONE', #9772, #11815, #2052 ) ;
#2720 = ORIENTED_EDGE ( 'NONE', *, *, #12007, .T. ) ;
#2721 = CARTESIAN_POINT ( 'NONE',  ( 3.200000000000000200, -1.625000000000000200, -1.600000000000000100 ) ) ;
#2722 = VECTOR ( 'NONE', #4624, 1000.000000000000000 ) ;
#2723 = FACE_OUTER_BOUND ( 'NONE', #11919, .T. ) ;
#2724 = LINE ( 'NONE', #131, #72 ) ;
#2725 = DIRECTION ( 'NONE',  ( 0.0000000000000000000, -1.000000000000000000, 0.0000000000000000000 ) ) ;
#2726 = EDGE_CURVE ( 'NONE', #3856, #1401, #9040, .T. ) ;
#2727 = ORIENTED_EDGE ( 'NONE', *, *, #4479, .F. ) ;
#2728 = ORIENTED_EDGE ( 'NONE', *, *, #7782, .F. ) ;
#2729 = DIRECTION ( 'NONE',  ( -1.000000000000000000, -0.0000000000000000000, -0.0000000000000000000 ) ) ;
#2730 = CARTESIAN_POINT ( 'NONE',  ( -6.870000000000000100, -2.225000000000000100, -0.2950000000000000400 ) ) ;
#2731 = FACE_OUTER_BOUND ( 'NONE', #3596, .T. ) ;
#2732 = FACE_OUTER_BOUND ( 'NONE', #8984, .T. ) ;
#2733 = CARTESIAN_POINT ( 'NONE',  ( 5.275000000000000400, 0.9749999999999999800, 0.3999999999999999700 ) ) ;
#2734 = LINE ( 'NONE', #2997, #6750 ) ;
#2735 = VERTEX_POINT ( 'NONE', #5219 ) ;
#2736 = VERTEX_POINT ( 'NONE', #8213 ) ;
#2737 = DIRECTION ( 'NONE',  ( -0.0000000000000000000, -0.0000000000000000000, -1.000000000000000000 ) ) ;
#2738 = VERTEX_POINT ( 'NONE', #2281 ) ;
#2739 = CARTESIAN_POINT ( 'NONE',  ( 1.715000000000000100, -3.425000000000000300, -1.125000000000000200 ) ) ;
#2740 = DIRECTION ( 'NONE',  ( -0.0000000000000000000, -0.0000000000000000000, -1.000000000000000000 ) ) ;
#2741 = DIRECTION ( 'NONE',  ( 0.0000000000000000000, 1.000000000000000000, 0.0000000000000000000 ) ) ;
#2742 = DIRECTION ( 'NONE',  ( 0.0000000000000000000, -1.000000000000000000, 0.0000000000000000000 ) ) ;
#2743 = DIRECTION ( 'NONE',  ( -1.000000000000000000, -0.0000000000000000000, -0.0000000000000000000 ) ) ;
#2744 = FACE_OUTER_BOUND ( 'NONE', #9545, .T. ) ;
#2745 = CARTESIAN_POINT ( 'NONE',  ( -5.675000000000000700, 0.9749999999999999800, -1.600000000000000100 ) ) ;
#2746 = VECTOR ( 'NONE', #10880, 1000.000000000000000 ) ;
#2747 = DIRECTION ( 'NONE',  ( 1.000000000000000000, 0.0000000000000000000, -0.0000000000000000000 ) ) ;
#2748 = EDGE_CURVE ( 'NONE', #9181, #9728, #2086, .T. ) ;
#2749 = LINE ( 'NONE', #6682, #2892 ) ;
#2750 = LINE ( 'NONE', #3233, #10315 ) ;
#2751 = ORIENTED_EDGE ( 'NONE', *, *, #2315, .F. ) ;
#2752 = EDGE_LOOP ( 'NONE', ( #4214, #6586, #1434, #10385 ) ) ;
#2753 = DIRECTION ( 'NONE',  ( -0.7071067811865468000, 0.7071067811865483500, 0.0000000000000000000 ) ) ;
#2754 = ORIENTED_EDGE ( 'NONE', *, *, #3637, .T. ) ;
#2755 = EDGE_CURVE ( 'NONE', #8953, #8736, #10896, .T. ) ;
#2756 = LINE ( 'NONE', #6206, #11707 ) ;
#2757 = VECTOR ( 'NONE', #8808, 1000.000000000000000 ) ;
#2758 = CARTESIAN_POINT ( 'NONE',  ( 9.090000000000001600, -3.225000000000000100, 0.6999999999999999600 ) ) ;
#2759 = LINE ( 'NONE', #2446, #4151 ) ;
#2760 = ADVANCED_FACE ( 'NONE', ( #11675 ), #4332, .T. ) ;
#2761 = VECTOR ( 'NONE', #9425, 999.9999999999998900 ) ;
#2762 = ORIENTED_EDGE ( 'NONE', *, *, #10829, .T. ) ;
#2763 = DIRECTION ( 'NONE',  ( 0.0000000000000000000, 0.0000000000000000000, -1.000000000000000000 ) ) ;
#2764 = ORIENTED_EDGE ( 'NONE', *, *, #5293, .T. ) ;
#2765 = VERTEX_POINT ( 'NONE', #10183 ) ;
#2766 = EDGE_CURVE ( 'NONE', #4606, #12093, #6737, .T. ) ;
#2767 = CARTESIAN_POINT ( 'NONE',  ( -5.174999999999999800, -2.225000000000000100, -1.800000000000000300 ) ) ;
#2768 = VECTOR ( 'NONE', #11817, 1000.000000000000000 ) ;
#2769 = VECTOR ( 'NONE', #9845, 1000.000000000000000 ) ;
#2770 = DIRECTION ( 'NONE',  ( -0.0000000000000000000, -0.0000000000000000000, -1.000000000000000000 ) ) ;
#2771 = VECTOR ( 'NONE', #5975, 1000.000000000000000 ) ;
#2772 = CARTESIAN_POINT ( 'NONE',  ( -2.035000000000000100, -0.2250000000000000600, -0.4749999999999999800 ) ) ;
#2773 = DIRECTION ( 'NONE',  ( 1.000000000000000000, 0.0000000000000000000, -0.0000000000000000000 ) ) ;
#2774 = CARTESIAN_POINT ( 'NONE',  ( 0.0000000000000000000, 0.0000000000000000000, -1.800000000000000300 ) ) ;
#2775 = CARTESIAN_POINT ( 'NONE',  ( -6.875000000000000000, 0.5749999999999999600, -1.500000000000000200 ) ) ;
#2776 = ORIENTED_EDGE ( 'NONE', *, *, #11779, .T. ) ;
#2777 = VERTEX_POINT ( 'NONE', #4284 ) ;
#2778 = ORIENTED_EDGE ( 'NONE', *, *, #8840, .F. ) ;
#2779 = LINE ( 'NONE', #3421, #12356 ) ;
#2780 = AXIS2_PLACEMENT_3D ( 'NONE', #12512, #2575, #10763 ) ;
#2781 = CARTESIAN_POINT ( 'NONE',  ( 3.600000000000000100, 0.9749999999999999800, -1.600000000000000100 ) ) ;
#2782 = VECTOR ( 'NONE', #2099, 1000.000000000000000 ) ;
#2783 = CARTESIAN_POINT ( 'NONE',  ( -2.964999999999999000, -3.125000000000000000, -1.300000000000000300 ) ) ;
#2784 = EDGE_CURVE ( 'NONE', #1205, #12116, #3358, .T. ) ;
#2785 = DIRECTION ( 'NONE',  ( -0.0000000000000000000, -1.000000000000000000, 0.0000000000000000000 ) ) ;
#2786 = DIRECTION ( 'NONE',  ( 1.000000000000000000, 0.0000000000000000000, 0.0000000000000000000 ) ) ;
#2787 = CARTESIAN_POINT ( 'NONE',  ( 3.285000000000000100, -3.924999999999999800, -0.5749999999999999600 ) ) ;
#2788 = ORIENTED_EDGE ( 'NONE', *, *, #4126, .F. ) ;
#2789 = EDGE_LOOP ( 'NONE', ( #8700, #1346, #6958, #12233, #3366, #7336, #11898 ) ) ;
#2790 = EDGE_LOOP ( 'NONE', ( #3545, #9705, #3627, #8960 ) ) ;
#2791 = EDGE_CURVE ( 'NONE', #3786, #10856, #3817, .T. ) ;
#2792 = DIRECTION ( 'NONE',  ( -0.0000000000000000000, 0.0000000000000000000, 1.000000000000000000 ) ) ;
#2793 = VERTEX_POINT ( 'NONE', #10138 ) ;
#2794 = AXIS2_PLACEMENT_3D ( 'NONE', #175, #10937, #11969 ) ;
#2795 = ORIENTED_EDGE ( 'NONE', *, *, #7765, .T. ) ;
#2796 = EDGE_LOOP ( 'NONE', ( #4381, #2348, #11623, #8797 ) ) ;
#2797 = DIRECTION ( 'NONE',  ( 0.0000000000000000000, 0.0000000000000000000, -1.000000000000000000 ) ) ;
#2798 = ORIENTED_EDGE ( 'NONE', *, *, #5521, .F. ) ;
#2799 = ORIENTED_EDGE ( 'NONE', *, *, #6120, .F. ) ;
#2800 = VECTOR ( 'NONE', #1390, 1000.000000000000000 ) ;
#2801 = EDGE_CURVE ( 'NONE', #2961, #11098, #4428, .T. ) ;
#2802 = VECTOR ( 'NONE', #3872, 1000.000000000000000 ) ;
#2803 = DIRECTION ( 'NONE',  ( 0.0000000000000000000, 0.0000000000000000000, -1.000000000000000000 ) ) ;
#2804 = ORIENTED_EDGE ( 'NONE', *, *, #6935, .T. ) ;
#2805 = ORIENTED_EDGE ( 'NONE', *, *, #549, .F. ) ;
#2806 = EDGE_CURVE ( 'NONE', #1662, #4834, #4732, .T. ) ;
#2807 = CARTESIAN_POINT ( 'NONE',  ( -7.375000000000000900, -0.02500000000000000100, -1.550000000000000300 ) ) ;
#2808 = MECHANICAL_DESIGN_GEOMETRIC_PRESENTATION_REPRESENTATION (  '', ( #2883 ), #10581 ) ;
#2809 = VERTEX_POINT ( 'NONE', #5177 ) ;
#2810 = ORIENTED_EDGE ( 'NONE', *, *, #8185, .T. ) ;
#2811 = LINE ( 'NONE', #10106, #4209 ) ;
#2812 = CARTESIAN_POINT ( 'NONE',  ( 2.965000000000002500, -3.125000000000000000, -0.1000000000000000100 ) ) ;
#2813 = VECTOR ( 'NONE', #1493, 1000.000000000000000 ) ;
#2814 = EDGE_LOOP ( 'NONE', ( #3684, #2329, #9742, #1717 ) ) ;
#2815 = CARTESIAN_POINT ( 'NONE',  ( 5.275000000000002100, 0.7749999999999999100, -1.200000000000000200 ) ) ;
#2816 = DIRECTION ( 'NONE',  ( 1.000000000000000000, 0.0000000000000000000, 0.0000000000000000000 ) ) ;
#2817 = ORIENTED_EDGE ( 'NONE', *, *, #6861, .T. ) ;
#2818 = EDGE_CURVE ( 'NONE', #4300, #2221, #11375, .T. ) ;
#2819 = CARTESIAN_POINT ( 'NONE',  ( 5.875000000000000000, 0.9749999999999999800, -1.399999999999999900 ) ) ;
#2820 = ORIENTED_EDGE ( 'NONE', *, *, #12674, .T. ) ;
#2821 = ORIENTED_EDGE ( 'NONE', *, *, #6247, .F. ) ;
#2822 = VECTOR ( 'NONE', #9681, 1000.000000000000000 ) ;
#2823 = VECTOR ( 'NONE', #11144, 1000.000000000000000 ) ;
#2824 = ORIENTED_EDGE ( 'NONE', *, *, #1126, .T. ) ;
#2825 = ADVANCED_FACE ( 'NONE', ( #8732 ), #5313, .F. ) ;
#2826 = CARTESIAN_POINT ( 'NONE',  ( -6.110000000000001200, 0.07499999999999999700, -1.300000000000000300 ) ) ;
#2827 = ORIENTED_EDGE ( 'NONE', *, *, #4395, .F. ) ;
#2828 = CARTESIAN_POINT ( 'NONE',  ( 5.174999999999999800, -0.02500000000000003300, -1.600000000000000100 ) ) ;
#2829 = DIRECTION ( 'NONE',  ( 0.0000000000000000000, 0.0000000000000000000, -1.000000000000000000 ) ) ;
#2830 = ORIENTED_EDGE ( 'NONE', *, *, #10965, .T. ) ;
#2831 = CARTESIAN_POINT ( 'NONE',  ( -6.349999999999999600, -2.035000000000000100, -1.310000000000000100 ) ) ;
#2832 = PLANE ( 'NONE',  #9637 ) ;
#2833 = VERTEX_POINT ( 'NONE', #195 ) ;
#2834 = VECTOR ( 'NONE', #2490, 999.9999999999998900 ) ;
#2835 = CARTESIAN_POINT ( 'NONE',  ( 3.074999999999998800, 0.2750000000000003600, -0.6750000000000000400 ) ) ;
#2836 = LINE ( 'NONE', #8923, #10085 ) ;
#2837 = AXIS2_PLACEMENT_3D ( 'NONE', #6423, #7370, #1452 ) ;
#2838 = ORIENTED_EDGE ( 'NONE', *, *, #1671, .F. ) ;
#2839 = CARTESIAN_POINT ( 'NONE',  ( -0.7850000000000000300, -4.224999999999999600, -1.600000000000000100 ) ) ;
#2840 = EDGE_CURVE ( 'NONE', #12612, #1252, #12145, .T. ) ;
#2841 = AXIS2_PLACEMENT_3D ( 'NONE', #3034, #953, #2028 ) ;
#2842 = CARTESIAN_POINT ( 'NONE',  ( 2.965000000000002500, -4.208005078473780400, -0.8499999999999999800 ) ) ;
#2843 = ORIENTED_EDGE ( 'NONE', *, *, #3977, .T. ) ;
#2844 = LINE ( 'NONE', #4329, #12428 ) ;
#2845 = VERTEX_POINT ( 'NONE', #10090 ) ;
#2846 = CARTESIAN_POINT ( 'NONE',  ( -3.285000000000000100, -3.425000000000000300, -1.125000000000000200 ) ) ;
#2847 = VECTOR ( 'NONE', #8833, 1000.000000000000000 ) ;
#2848 = FACE_OUTER_BOUND ( 'NONE', #9136, .T. ) ;
#2849 = DIRECTION ( 'NONE',  ( 0.0000000000000000000, -1.000000000000000000, 0.0000000000000000000 ) ) ;
#2850 = UNCERTAINTY_MEASURE_WITH_UNIT (LENGTH_MEASURE( 1.000000000000000100E-005 ), #5387, 'distance_accuracy_value', 'NONE');
#2851 = AXIS2_PLACEMENT_3D ( 'NONE', #1544, #11396, #5467 ) ;
#2852 = PLANE ( 'NONE',  #451 ) ;
#2853 = ORIENTED_EDGE ( 'NONE', *, *, #10722, .T. ) ;
#2854 = DIRECTION ( 'NONE',  ( -1.000000000000000000, 0.0000000000000000000, -0.0000000000000000000 ) ) ;
#2855 = CARTESIAN_POINT ( 'NONE',  ( -2.965000000000000700, -0.2250000000000001400, -0.8500000000000000900 ) ) ;
#2856 = LINE ( 'NONE', #2812, #7492 ) ;
#2857 = DIRECTION ( 'NONE',  ( 1.000000000000000000, 0.0000000000000000000, 0.0000000000000000000 ) ) ;
#2858 = EDGE_CURVE ( 'NONE', #10194, #8682, #3517, .T. ) ;
#2859 = VERTEX_POINT ( 'NONE', #11189 ) ;
#2860 = VECTOR ( 'NONE', #7665, 1000.000000000000000 ) ;
#2861 = DIRECTION ( 'NONE',  ( -1.000000000000000000, -0.0000000000000000000, -0.0000000000000000000 ) ) ;
#2862 = CARTESIAN_POINT ( 'NONE',  ( -4.534999999999999300, -4.208005078473780400, -0.8499999999999999800 ) ) ;
#2863 = EDGE_CURVE ( 'NONE', #4821, #12711, #8879, .T. ) ;
#2864 = CARTESIAN_POINT ( 'NONE',  ( -4.534999999999999300, -4.208005078473780400, -0.8499999999999999800 ) ) ;
#2865 = CARTESIAN_POINT ( 'NONE',  ( 2.964999999999999900, -3.225000000000000100, -1.800000000000000300 ) ) ;
#2866 = EDGE_LOOP ( 'NONE', ( #11558, #3897, #6768, #12032, #12246, #4252, #1084, #5394, #7716, #7433, #4884, #10260, #11171, #6522, #9881, #156 ) ) ;
#2867 = DIRECTION ( 'NONE',  ( 0.0000000000000000000, -0.0000000000000000000, -1.000000000000000000 ) ) ;
#2868 = LINE ( 'NONE', #5018, #3018 ) ;
#2869 = CARTESIAN_POINT ( 'NONE',  ( 5.224999999999999600, -3.125000000000000000, -1.100000000000000100 ) ) ;
#2870 = DIRECTION ( 'NONE',  ( -0.0000000000000000000, -0.0000000000000000000, 1.000000000000000000 ) ) ;
#2871 = LINE ( 'NONE', #11467, #229 ) ;
#2872 = VERTEX_POINT ( 'NONE', #6177 ) ;
#2873 = AXIS2_PLACEMENT_3D ( 'NONE', #2893, #6823, #8841 ) ;
#2874 = DIRECTION ( 'NONE',  ( 1.000000000000000000, -0.0000000000000000000, 0.0000000000000000000 ) ) ;
#2875 = EDGE_CURVE ( 'NONE', #6045, #4343, #9658, .T. ) ;
#2876 = CARTESIAN_POINT ( 'NONE',  ( -1.875000000000000000, 0.02500000000000000100, -0.7624999999999999600 ) ) ;
#2877 = ORIENTED_EDGE ( 'NONE', *, *, #10992, .F. ) ;
#2878 = VECTOR ( 'NONE', #1062, 1000.000000000000000 ) ;
#2879 = CARTESIAN_POINT ( 'NONE',  ( -5.875000000000000000, -0.02500000000000000100, -1.550000000000000300 ) ) ;
#2880 = EDGE_CURVE ( 'NONE', #8187, #11181, #12299, .T. ) ;
#2881 = VECTOR ( 'NONE', #2448, 1000.000000000000100 ) ;
#2882 = FACE_OUTER_BOUND ( 'NONE', #1144, .T. ) ;
#2883 = STYLED_ITEM ( 'NONE', ( #498 ), #12104 ) ;
#2884 = VERTEX_POINT ( 'NONE', #9455 ) ;
#2885 = ORIENTED_EDGE ( 'NONE', *, *, #1867, .F. ) ;
#2886 = ORIENTED_EDGE ( 'NONE', *, *, #9480, .F. ) ;
#2887 = ADVANCED_FACE ( 'NONE', ( #6107 ), #12390, .F. ) ;
#2888 = VECTOR ( 'NONE', #1928, 1000.000000000000000 ) ;
#2889 = PLANE ( 'NONE',  #7225 ) ;
#2890 = EDGE_CURVE ( 'NONE', #8470, #5436, #6885, .T. ) ;
#2891 = FACE_OUTER_BOUND ( 'NONE', #76, .T. ) ;
#2892 = VECTOR ( 'NONE', #789, 1000.000000000000000 ) ;
#2893 = CARTESIAN_POINT ( 'NONE',  ( 9.090000000000001600, -3.125000000000000000, -1.300000000000000300 ) ) ;
#2894 = EDGE_LOOP ( 'NONE', ( #9989, #3279, #7179, #2966 ) ) ;
#2895 = LINE ( 'NONE', #2379, #4899 ) ;
#2896 = ORIENTED_EDGE ( 'NONE', *, *, #4133, .F. ) ;
#2897 = ORIENTED_EDGE ( 'NONE', *, *, #6729, .T. ) ;
#2898 = ORIENTED_EDGE ( 'NONE', *, *, #8660, .F. ) ;
#2899 = CARTESIAN_POINT ( 'NONE',  ( 4.535000000000001000, -3.125000000000000000, -0.8499999999999999800 ) ) ;
#2900 = DIRECTION ( 'NONE',  ( 0.0000000000000000000, -1.000000000000000000, 0.0000000000000000000 ) ) ;
#2901 = DIRECTION ( 'NONE',  ( -1.000000000000000000, -0.0000000000000000000, -0.0000000000000000000 ) ) ;
#2902 = CARTESIAN_POINT ( 'NONE',  ( 4.214999999999999900, -4.025000000000000400, -1.800000000000000300 ) ) ;
#2903 = VECTOR ( 'NONE', #4891, 1000.000000000000000 ) ;
#2904 = FACE_OUTER_BOUND ( 'NONE', #354, .T. ) ;
#2905 = LINE ( 'NONE', #10081, #9997 ) ;
#2906 = PLANE ( 'NONE',  #6815 ) ;
#2907 = LINE ( 'NONE', #1147, #1360 ) ;
#2908 = EDGE_LOOP ( 'NONE', ( #9695, #6505, #5750, #4795 ) ) ;
#2909 = CARTESIAN_POINT ( 'NONE',  ( 4.299999999999999800, -1.625000000000000200, -1.600000000000000100 ) ) ;
#2910 = ORIENTED_EDGE ( 'NONE', *, *, #5084, .T. ) ;
#2911 = ORIENTED_EDGE ( 'NONE', *, *, #11657, .T. ) ;
#2912 = DIRECTION ( 'NONE',  ( 0.0000000000000000000, 0.9438583563660173400, 0.3303504247281061100 ) ) ;
#2913 = AXIS2_PLACEMENT_3D ( 'NONE', #9702, #6626, #8689 ) ;
#2914 = CARTESIAN_POINT ( 'NONE',  ( -5.575000000000000200, 0.9749999999999998700, -1.399999999999999700 ) ) ;
#2915 = DIRECTION ( 'NONE',  ( -0.0000000000000000000, -0.0000000000000000000, 1.000000000000000000 ) ) ;
#2916 = LINE ( 'NONE', #8951, #8012 ) ;
#2917 = CARTESIAN_POINT ( 'NONE',  ( 5.875000000000000000, 0.9749999999999999800, -1.800000000000000300 ) ) ;
#2918 = EDGE_CURVE ( 'NONE', #6974, #4208, #11539, .T. ) ;
#2919 = LINE ( 'NONE', #8089, #5704 ) ;
#2920 = FACE_BOUND ( 'NONE', #2659, .T. ) ;
#2921 = CARTESIAN_POINT ( 'NONE',  ( -0.7850000000000000300, -3.225000000000000100, -0.9250000000000000400 ) ) ;
#2923 = DIRECTION ( 'NONE',  ( 0.0000000000000000000, 0.0000000000000000000, 1.000000000000000000 ) ) ;
#2922 = VECTOR ( 'NONE', #10647, 1000.000000000000000 ) ;
#2924 = VECTOR ( 'NONE', #704, 999.9999999999998900 ) ;
#2925 = ORIENTED_EDGE ( 'NONE', *, *, #10150, .F. ) ;
#2926 = EDGE_CURVE ( 'NONE', #5455, #4541, #12460, .T. ) ;
#2927 = EDGE_LOOP ( 'NONE', ( #12708, #462, #522, #12076 ) ) ;
#2928 = VECTOR ( 'NONE', #5429, 1000.000000000000000 ) ;
#2929 = DIRECTION ( 'NONE',  ( 1.000000000000000000, 0.0000000000000000000, -0.0000000000000000000 ) ) ;
#2930 = FACE_OUTER_BOUND ( 'NONE', #1585, .T. ) ;
#2931 = AXIS2_PLACEMENT_3D ( 'NONE', #3291, #1332, #8257 ) ;
#2932 = VECTOR ( 'NONE', #1059, 1000.000000000000000 ) ;
#2933 = EDGE_LOOP ( 'NONE', ( #11626, #5573, #11984, #2120 ) ) ;
#2934 = ORIENTED_EDGE ( 'NONE', *, *, #1460, .F. ) ;
#2935 = EDGE_CURVE ( 'NONE', #5569, #3184, #2253, .T. ) ;
#2936 = ORIENTED_EDGE ( 'NONE', *, *, #5972, .F. ) ;
#2937 = CARTESIAN_POINT ( 'NONE',  ( 5.575000000000000200, 0.9749999999999999800, 0.4000000000000000200 ) ) ;
#2938 = ORIENTED_EDGE ( 'NONE', *, *, #11244, .F. ) ;
#2939 = DIRECTION ( 'NONE',  ( -0.2033118901005232200, 0.9241449550023794800, -0.3234507342508328700 ) ) ;
#2940 = EDGE_CURVE ( 'NONE', #26, #10708, #6594, .T. ) ;
#2941 = CARTESIAN_POINT ( 'NONE',  ( 4.214999999999999900, -3.625000000000000000, -1.800000000000000300 ) ) ;
#2942 = ORIENTED_EDGE ( 'NONE', *, *, #538, .T. ) ;
#2943 = DIRECTION ( 'NONE',  ( 0.0000000000000000000, 0.0000000000000000000, -1.000000000000000000 ) ) ;
#2944 = CARTESIAN_POINT ( 'NONE',  ( -2.964999999999999900, -1.975000000000000100, -0.8499999999999999800 ) ) ;
#2945 = DIRECTION ( 'NONE',  ( 0.0000000000000000000, 0.7071067811865452400, -0.7071067811865497900 ) ) ;
#2946 = CARTESIAN_POINT ( 'NONE',  ( -5.875000000000000000, -3.225000000000000100, 1.100000000000000100 ) ) ;
#2947 = DIRECTION ( 'NONE',  ( 0.0000000000000000000, -1.000000000000000000, 0.0000000000000000000 ) ) ;
#2948 = ORIENTED_EDGE ( 'NONE', *, *, #12441, .F. ) ;
#2949 = ORIENTED_EDGE ( 'NONE', *, *, #1938, .F. ) ;
#2950 = ORIENTED_EDGE ( 'NONE', *, *, #2558, .F. ) ;
#2951 = LINE ( 'NONE', #6309, #152 ) ;
#2952 = FACE_OUTER_BOUND ( 'NONE', #4191, .T. ) ;
#2953 = ORIENTED_EDGE ( 'NONE', *, *, #6235, .T. ) ;
#2954 = DIRECTION ( 'NONE',  ( 0.0000000000000000000, 0.0000000000000000000, 1.000000000000000000 ) ) ;
#2955 = ADVANCED_FACE ( 'NONE', ( #1641 ), #601, .T. ) ;
#2956 = EDGE_CURVE ( 'NONE', #6753, #2845, #4589, .T. ) ;
#2957 = ORIENTED_EDGE ( 'NONE', *, *, #5868, .F. ) ;
#2958 = DIRECTION ( 'NONE',  ( 0.0000000000000000000, 1.000000000000000000, -0.0000000000000000000 ) ) ;
#2959 = CARTESIAN_POINT ( 'NONE',  ( -6.349999999999999600, -1.075000000000000000, -1.309999999999999600 ) ) ;
#2960 = DIRECTION ( 'NONE',  ( -0.0000000000000000000, -0.0000000000000000000, -1.000000000000000000 ) ) ;
#2961 = VERTEX_POINT ( 'NONE', #9362 ) ;
#2962 = DIRECTION ( 'NONE',  ( 0.0000000000000000000, 0.7071067811865474600, 0.7071067811865474600 ) ) ;
#2963 = EDGE_CURVE ( 'NONE', #5405, #9818, #7658, .T. ) ;
#2964 = CARTESIAN_POINT ( 'NONE',  ( 5.300000000000001600, -3.125000000000000000, -0.9978723526001017600 ) ) ;
#2965 = CARTESIAN_POINT ( 'NONE',  ( -7.375000000000000900, 0.5749999999999999600, -1.000000000000000000 ) ) ;
#2966 = ORIENTED_EDGE ( 'NONE', *, *, #2766, .T. ) ;
#2967 = ORIENTED_EDGE ( 'NONE', *, *, #5414, .F. ) ;
#2968 = LINE ( 'NONE', #2521, #4818 ) ;
#2969 = VECTOR ( 'NONE', #6996, 1000.000000000000000 ) ;
#2970 = CARTESIAN_POINT ( 'NONE',  ( -3.899999999999999000, 0.9749999999999999800, -1.800000000000000300 ) ) ;
#2971 = VERTEX_POINT ( 'NONE', #8468 ) ;
#2972 = EDGE_LOOP ( 'NONE', ( #11465, #10168, #3604, #2373 ) ) ;
#2973 = VERTEX_POINT ( 'NONE', #471 ) ;
#2974 = CARTESIAN_POINT ( 'NONE',  ( 5.675000000000000700, 0.9749999999999999800, -1.800000000000000300 ) ) ;
#2975 = EDGE_CURVE ( 'NONE', #12017, #12647, #11829, .T. ) ;
#2976 = DIRECTION ( 'NONE',  ( -0.0000000000000000000, 0.0000000000000000000, 1.000000000000000000 ) ) ;
#2977 = ORIENTED_EDGE ( 'NONE', *, *, #11594, .T. ) ;
#2978 = ORIENTED_EDGE ( 'NONE', *, *, #1343, .T. ) ;
#2979 = SURFACE_STYLE_FILL_AREA ( #7950 ) ;
#2980 = VECTOR ( 'NONE', #6068, 1000.000000000000000 ) ;
#2981 = CARTESIAN_POINT ( 'NONE',  ( -2.964999999999999900, -4.025000000000000400, -1.800000000000000300 ) ) ;
#2982 = ORIENTED_EDGE ( 'NONE', *, *, #5566, .F. ) ;
#2983 = EDGE_CURVE ( 'NONE', #6699, #1393, #397, .T. ) ;
#2984 = ORIENTED_EDGE ( 'NONE', *, *, #9248, .T. ) ;
#2985 = DIRECTION ( 'NONE',  ( 1.000000000000000000, 0.0000000000000000000, 0.0000000000000000000 ) ) ;
#2986 = VERTEX_POINT ( 'NONE', #2377 ) ;
#2987 = CARTESIAN_POINT ( 'NONE',  ( -7.375000000000000900, -2.225000000000000500, 0.1000000000000000500 ) ) ;
#2988 = LINE ( 'NONE', #3726, #12404 ) ;
#2989 = LINE ( 'NONE', #944, #6851 ) ;
#2990 = CARTESIAN_POINT ( 'NONE',  ( 2.035000000000000100, -4.025000000000000400, -1.800000000000000300 ) ) ;
#2991 = VERTEX_POINT ( 'NONE', #4374 ) ;
#2992 = ORIENTED_EDGE ( 'NONE', *, *, #1603, .F. ) ;
#2993 = CARTESIAN_POINT ( 'NONE',  ( 2.035000000000000100, -4.224999999999999600, -1.600000000000000100 ) ) ;
#2994 = CARTESIAN_POINT ( 'NONE',  ( -6.870000000000000100, -0.02499999999999984900, -0.5699999999999999500 ) ) ;
#2995 = EDGE_CURVE ( 'NONE', #9991, #1071, #3680, .T. ) ;
#2996 = ORIENTED_EDGE ( 'NONE', *, *, #10193, .F. ) ;
#2997 = CARTESIAN_POINT ( 'NONE',  ( -4.214999999999999900, -3.625000000000000000, -1.800000000000000300 ) ) ;
#2998 = ORIENTED_EDGE ( 'NONE', *, *, #763, .T. ) ;
#2999 = LINE ( 'NONE', #5814, #688 ) ;
#3000 = FACE_OUTER_BOUND ( 'NONE', #7616, .T. ) ;
#3001 = CARTESIAN_POINT ( 'NONE',  ( 3.285000000000001500, -3.125000000000000000, -0.1000000000000000100 ) ) ;
#3002 =( LENGTH_UNIT ( ) NAMED_UNIT ( * ) SI_UNIT ( .MILLI., .METRE. ) );
#3003 = EDGE_CURVE ( 'NONE', #5951, #8327, #9517, .T. ) ;
#3004 = CARTESIAN_POINT ( 'NONE',  ( -0.7850000000000000300, -3.424999999999999800, -1.599999999999999900 ) ) ;
#3005 = DIRECTION ( 'NONE',  ( 0.0000000000000000000, 0.0000000000000000000, 1.000000000000000000 ) ) ;
#3006 = CARTESIAN_POINT ( 'NONE',  ( 4.625000000000000000, -3.225000000000000100, 1.600000000000000100 ) ) ;
#3007 = AXIS2_PLACEMENT_3D ( 'NONE', #9107, #1209, #11959 ) ;
#3008 = VECTOR ( 'NONE', #3340, 1000.000000000000000 ) ;
#3009 = ORIENTED_EDGE ( 'NONE', *, *, #1704, .F. ) ;
#3010 = FACE_OUTER_BOUND ( 'NONE', #7350, .T. ) ;
#3011 = CARTESIAN_POINT ( 'NONE',  ( -1.715000000000000100, -3.125000000000000000, -0.4249999999999999900 ) ) ;
#3012 = VECTOR ( 'NONE', #4893, 1000.000000000000000 ) ;
#3013 = EDGE_CURVE ( 'NONE', #4664, #12647, #714, .T. ) ;
#3014 = AXIS2_PLACEMENT_3D ( 'NONE', #10131, #4237, #5085 ) ;
#3015 = ADVANCED_FACE ( 'NONE', ( #9355 ), #520, .F. ) ;
#3016 = DIRECTION ( 'NONE',  ( 0.0000000000000000000, 0.0000000000000000000, -1.000000000000000000 ) ) ;
#3017 = ORIENTED_EDGE ( 'NONE', *, *, #5180, .T. ) ;
#3018 = VECTOR ( 'NONE', #10977, 1000.000000000000000 ) ;
#3019 = LINE ( 'NONE', #5834, #5022 ) ;
#3020 = ORIENTED_EDGE ( 'NONE', *, *, #8, .T. ) ;
#3021 = DIRECTION ( 'NONE',  ( -1.000000000000000000, -0.0000000000000000000, -0.0000000000000000000 ) ) ;
#3022 = AXIS2_PLACEMENT_3D ( 'NONE', #1391, #4339, #9244 ) ;
#3023 = CARTESIAN_POINT ( 'NONE',  ( 2.965000000000000300, -4.025000000000000400, -1.800000000000000300 ) ) ;
#3024 = CARTESIAN_POINT ( 'NONE',  ( -4.214999999999999900, -3.924999999999999800, -1.300000000000000300 ) ) ;
#3025 = DIRECTION ( 'NONE',  ( 0.0000000000000000000, 0.0000000000000000000, -1.000000000000000000 ) ) ;
#3026 = SURFACE_SIDE_STYLE ('',( #5651 ) ) ;
#3027 = EDGE_CURVE ( 'NONE', #4834, #251, #1005, .T. ) ;
#3028 = VECTOR ( 'NONE', #6480, 1000.000000000000000 ) ;
#3029 = LINE ( 'NONE', #8587, #4735 ) ;
#3030 = DIRECTION ( 'NONE',  ( -1.000000000000000000, 0.0000000000000000000, -0.0000000000000000000 ) ) ;
#3031 = VECTOR ( 'NONE', #12139, 1000.000000000000000 ) ;
#3032 = VERTEX_POINT ( 'NONE', #5653 ) ;
#3033 = EDGE_CURVE ( 'NONE', #5756, #5455, #5347, .T. ) ;
#3034 = CARTESIAN_POINT ( 'NONE',  ( -6.550000000000000700, -0.02499999999999984900, -1.350000000000000100 ) ) ;
#3035 = VERTEX_POINT ( 'NONE', #10573 ) ;
#3036 = CARTESIAN_POINT ( 'NONE',  ( -5.375000000000000000, -3.225000000000000100, 1.100000000000000100 ) ) ;
#3037 = CARTESIAN_POINT ( 'NONE',  ( 2.965000000000002500, -3.125000000000000000, -0.1000000000000000100 ) ) ;
#3038 = CARTESIAN_POINT ( 'NONE',  ( 3.285000000000000100, -4.224999999999999600, -1.600000000000000100 ) ) ;
#3039 = CARTESIAN_POINT ( 'NONE',  ( 4.535000000000001000, -3.125000000000000000, -0.4250000000000000400 ) ) ;
#3040 = CARTESIAN_POINT ( 'NONE',  ( 1.715000000000000100, -3.225000000000000100, -1.800000000000000300 ) ) ;
#3041 = CARTESIAN_POINT ( 'NONE',  ( 4.215000000000001600, -1.975000000000000100, -0.8499999999999999800 ) ) ;
#3042 = VECTOR ( 'NONE', #7261, 1000.000000000000000 ) ;
#3043 = EDGE_CURVE ( 'NONE', #7154, #8369, #5955, .T. ) ;
#3044 = VERTEX_POINT ( 'NONE', #3658 ) ;
#3045 = ORIENTED_EDGE ( 'NONE', *, *, #756, .F. ) ;
#3046 = ORIENTED_EDGE ( 'NONE', *, *, #6176, .F. ) ;
#3047 = DIRECTION ( 'NONE',  ( 0.0000000000000000000, -0.0000000000000000000, 1.000000000000000000 ) ) ;
#3048 = EDGE_CURVE ( 'NONE', #8040, #7757, #10597, .T. ) ;
#3049 = PLANE ( 'NONE',  #3527 ) ;
#3050 = VECTOR ( 'NONE', #7004, 1000.000000000000000 ) ;
#3051 = PRESENTATION_LAYER_ASSIGNMENT (  '', '', ( #2883 ) ) ;
#3052 = VECTOR ( 'NONE', #5958, 1000.000000000000000 ) ;
#3053 = VECTOR ( 'NONE', #6798, 1000.000000000000000 ) ;
#3054 = FACE_OUTER_BOUND ( 'NONE', #9697, .T. ) ;
#3055 = ORIENTED_EDGE ( 'NONE', *, *, #770, .T. ) ;
#3056 = DIRECTION ( 'NONE',  ( 1.000000000000000000, 0.0000000000000000000, -0.0000000000000000000 ) ) ;
#3057 = ORIENTED_EDGE ( 'NONE', *, *, #12642, .T. ) ;
#3058 = ORIENTED_EDGE ( 'NONE', *, *, #3476, .F. ) ;
#3059 = DIRECTION ( 'NONE',  ( -1.000000000000000000, 0.0000000000000000000, 0.0000000000000000000 ) ) ;
#3060 = EDGE_CURVE ( 'NONE', #9106, #6811, #2413, .T. ) ;
#3061 = VECTOR ( 'NONE', #584, 1000.000000000000000 ) ;
#3062 = DIRECTION ( 'NONE',  ( 1.000000000000000000, 0.0000000000000000000, -0.0000000000000000000 ) ) ;
#3063 = LINE ( 'NONE', #6672, #6925 ) ;
#3064 = DIRECTION ( 'NONE',  ( 0.0000000000000000000, 0.7071067811865474600, 0.7071067811865474600 ) ) ;
#3065 = LINE ( 'NONE', #1713, #5695 ) ;
#3066 = CARTESIAN_POINT ( 'NONE',  ( -4.924999999999999800, -0.6250000000000000000, 1.600000000000000100 ) ) ;
#3067 = DIRECTION ( 'NONE',  ( -0.2033118901005039300, 0.9241449550023836900, 0.3234507342508327600 ) ) ;
#3068 = DIRECTION ( 'NONE',  ( -1.000000000000000000, 0.0000000000000000000, -0.0000000000000000000 ) ) ;
#3069 = ORIENTED_EDGE ( 'NONE', *, *, #6854, .F. ) ;
#3070 = VERTEX_POINT ( 'NONE', #6607 ) ;
#3071 = ORIENTED_EDGE ( 'NONE', *, *, #5780, .T. ) ;
#3072 = ORIENTED_EDGE ( 'NONE', *, *, #2652, .T. ) ;
#3073 = DIRECTION ( 'NONE',  ( -0.0000000000000000000, 0.0000000000000000000, 1.000000000000000000 ) ) ;
#3074 = CARTESIAN_POINT ( 'NONE',  ( 2.035000000000000100, -3.625000000000000000, -1.800000000000000300 ) ) ;
#3075 = VECTOR ( 'NONE', #6598, 1000.000000000000000 ) ;
#3076 = VECTOR ( 'NONE', #11025, 1000.000000000000000 ) ;
#3077 = ADVANCED_FACE ( 'NONE', ( #550 ), #9576, .T. ) ;
#3078 = VECTOR ( 'NONE', #10116, 1000.000000000000000 ) ;
#3079 = DIRECTION ( 'NONE',  ( 1.000000000000000000, 0.0000000000000000000, 0.0000000000000000000 ) ) ;
#3080 = AXIS2_PLACEMENT_3D ( 'NONE', #3181, #137, #1176 ) ;
#3081 = DIRECTION ( 'NONE',  ( 0.0000000000000000000, 1.000000000000000000, 0.0000000000000000000 ) ) ;
#3082 = DIRECTION ( 'NONE',  ( -0.0000000000000000000, 1.000000000000000000, -0.0000000000000000000 ) ) ;
#3083 = ORIENTED_EDGE ( 'NONE', *, *, #5119, .F. ) ;
#3084 = VERTEX_POINT ( 'NONE', #9531 ) ;
#3085 = VERTEX_POINT ( 'NONE', #2675 ) ;
#3086 = CARTESIAN_POINT ( 'NONE',  ( -4.299999999999999800, -1.625000000000000200, -1.600000000000000100 ) ) ;
#3087 = DIRECTION ( 'NONE',  ( 1.000000000000000000, -0.0000000000000000000, 0.0000000000000000000 ) ) ;
#3088 = EDGE_CURVE ( 'NONE', #3433, #5227, #3177, .T. ) ;
#3089 = VERTEX_POINT ( 'NONE', #6564 ) ;
#3090 = CARTESIAN_POINT ( 'NONE',  ( 5.375000000000000000, -3.115000000000000200, -0.9085106253624000100 ) ) ;
#3091 = VECTOR ( 'NONE', #12030, 1000.000000000000000 ) ;
#3092 = ADVANCED_FACE ( 'NONE', ( #8441 ), #2632, .T. ) ;
#3093 = CARTESIAN_POINT ( 'NONE',  ( 0.7850000000000000300, -3.225000000000000100, -1.300000000000000300 ) ) ;
#3094 = ORIENTED_EDGE ( 'NONE', *, *, #3623, .F. ) ;
#3095 = ORIENTED_EDGE ( 'NONE', *, *, #11134, .F. ) ;
#3096 = ORIENTED_EDGE ( 'NONE', *, *, #7691, .F. ) ;
#3097 = LINE ( 'NONE', #12651, #3747 ) ;
#3098 = DIRECTION ( 'NONE',  ( -1.000000000000000000, -0.0000000000000000000, -0.0000000000000000000 ) ) ;
#3099 = ORIENTED_EDGE ( 'NONE', *, *, #3309, .F. ) ;
#3100 = CARTESIAN_POINT ( 'NONE',  ( 1.715000000000002100, -3.125000000000000000, -0.8499999999999999800 ) ) ;
#3101 = DIRECTION ( 'NONE',  ( 1.000000000000000000, 0.0000000000000000000, 0.0000000000000000000 ) ) ;
#3102 = VERTEX_POINT ( 'NONE', #8560 ) ;
#3104 = EDGE_CURVE ( 'NONE', #4975, #9110, #11443, .T. ) ;
#3103 = VERTEX_POINT ( 'NONE', #11496 ) ;
#3105 = CARTESIAN_POINT ( 'NONE',  ( 6.869999999999999200, -0.02500000000000000100, -0.2949999999999999300 ) ) ;
#3106 = VERTEX_POINT ( 'NONE', #5572 ) ;
#3107 = ORIENTED_EDGE ( 'NONE', *, *, #5935, .F. ) ;
#3108 = PRESENTATION_STYLE_ASSIGNMENT (( #476 ) ) ;
#3109 = CARTESIAN_POINT ( 'NONE',  ( 9.090000000000001600, -3.125000000000000000, -0.4250000000000000400 ) ) ;
#3110 = LINE ( 'NONE', #4812, #154 ) ;
#3111 = EDGE_CURVE ( 'NONE', #389, #8470, #5245, .T. ) ;
#3112 = VERTEX_POINT ( 'NONE', #6330 ) ;
#3113 = DIRECTION ( 'NONE',  ( 1.000000000000000000, 0.0000000000000000000, 0.0000000000000000000 ) ) ;
#3114 = DIRECTION ( 'NONE',  ( 0.0000000000000000000, -1.000000000000000000, 0.0000000000000000000 ) ) ;
#3115 = CARTESIAN_POINT ( 'NONE',  ( 9.090000000000001600, -3.125000000000000000, -1.300000000000000300 ) ) ;
#3116 = ORIENTED_EDGE ( 'NONE', *, *, #8789, .T. ) ;
#3117 = CARTESIAN_POINT ( 'NONE',  ( 3.600000000000000500, -0.4749999999999999200, -1.200000000000000000 ) ) ;
#3118 = DIRECTION ( 'NONE',  ( 0.0000000000000000000, 0.7071067811866975600, -0.7071067811863974700 ) ) ;
#3119 = VERTEX_POINT ( 'NONE', #5422 ) ;
#3120 = ORIENTED_EDGE ( 'NONE', *, *, #3188, .F. ) ;
#3121 = LINE ( 'NONE', #4518, #6536 ) ;
#3122 = CARTESIAN_POINT ( 'NONE',  ( 9.090000000000001600, -3.125000000000000000, -1.300000000000000300 ) ) ;
#3123 = EDGE_CURVE ( 'NONE', #8710, #7482, #902, .T. ) ;
#3124 = VECTOR ( 'NONE', #12287, 1000.000000000000000 ) ;
#3125 = ORIENTED_EDGE ( 'NONE', *, *, #5397, .T. ) ;
#3126 = DIRECTION ( 'NONE',  ( -1.000000000000000000, 0.0000000000000000000, -0.0000000000000000000 ) ) ;
#3127 = DIRECTION ( 'NONE',  ( 1.000000000000000000, 0.0000000000000000000, -0.0000000000000000000 ) ) ;
#3128 = ORIENTED_EDGE ( 'NONE', *, *, #11360, .F. ) ;
#3129 = DIRECTION ( 'NONE',  ( -1.000000000000000000, -0.0000000000000000000, -0.0000000000000000000 ) ) ;
#3130 = EDGE_CURVE ( 'NONE', #1881, #2025, #10501, .T. ) ;
#3131 = CARTESIAN_POINT ( 'NONE',  ( -1.715000000000000100, -3.924999999999999800, -0.5749999999999999600 ) ) ;
#3132 = DIRECTION ( 'NONE',  ( -0.0000000000000000000, 1.000000000000000000, -0.0000000000000000000 ) ) ;
#3133 = AXIS2_PLACEMENT_3D ( 'NONE', #19, #2976, #1879 ) ;
#3134 = ORIENTED_EDGE ( 'NONE', *, *, #8748, .T. ) ;
#3135 = ORIENTED_EDGE ( 'NONE', *, *, #11504, .F. ) ;
#3136 = LINE ( 'NONE', #3878, #10250 ) ;
#3137 = FACE_OUTER_BOUND ( 'NONE', #5292, .T. ) ;
#3138 = ORIENTED_EDGE ( 'NONE', *, *, #3531, .T. ) ;
#3139 = VERTEX_POINT ( 'NONE', #10265 ) ;
#3140 = CARTESIAN_POINT ( 'NONE',  ( -1.715000000000000100, -4.224999999999999600, -1.600000000000000100 ) ) ;
#3141 = DIRECTION ( 'NONE',  ( -0.2148617826750988400, 0.9766444667050946400, 0.0000000000000000000 ) ) ;
#3142 = EDGE_CURVE ( 'NONE', #11823, #6142, #7857, .T. ) ;
#3143 = CARTESIAN_POINT ( 'NONE',  ( 5.875000000000000000, -1.975000000000000100, -0.4500000000000001200 ) ) ;
#3144 = PLANE ( 'NONE',  #2676 ) ;
#3145 = ADVANCED_FACE ( 'NONE', ( #10798 ), #9346, .T. ) ;
#3146 = EDGE_LOOP ( 'NONE', ( #5449, #5689, #4405, #3268 ) ) ;
#3147 = VECTOR ( 'NONE', #6249, 1000.000000000000000 ) ;
#3148 = VECTOR ( 'NONE', #8535, 1000.000000000000000 ) ;
#3149 = ORIENTED_EDGE ( 'NONE', *, *, #8789, .F. ) ;
#3150 = CARTESIAN_POINT ( 'NONE',  ( -4.125000000000000000, 0.0000000000000000000, 1.600000000000000100 ) ) ;
#3151 = CARTESIAN_POINT ( 'NONE',  ( -4.625000000000000000, 0.0000000000000000000, 1.600000000000000100 ) ) ;
#3152 = DIRECTION ( 'NONE',  ( -1.000000000000000000, -0.0000000000000000000, -0.0000000000000000000 ) ) ;
#3153 = DIRECTION ( 'NONE',  ( -1.000000000000000000, 0.0000000000000000000, -0.0000000000000000000 ) ) ;
#3154 = LINE ( 'NONE', #6035, #8423 ) ;
#3155 =( LENGTH_UNIT ( ) NAMED_UNIT ( * ) SI_UNIT ( .MILLI., .METRE. ) );
#3156 = ORIENTED_EDGE ( 'NONE', *, *, #5611, .F. ) ;
#3157 = VECTOR ( 'NONE', #2228, 1000.000000000000000 ) ;
#3158 = FACE_OUTER_BOUND ( 'NONE', #12470, .T. ) ;
#3159 = EDGE_CURVE ( 'NONE', #1708, #7992, #2474, .T. ) ;
#3160 = ADVANCED_FACE ( 'NONE', ( #8189 ), #10298, .F. ) ;
#3161 = DIRECTION ( 'NONE',  ( 0.0000000000000000000, -0.0000000000000000000, 1.000000000000000000 ) ) ;
#3162 = DIRECTION ( 'NONE',  ( -0.0000000000000000000, -0.0000000000000000000, -1.000000000000000000 ) ) ;
#3163 = EDGE_CURVE ( 'NONE', #6142, #5893, #6794, .T. ) ;
#3164 = DIRECTION ( 'NONE',  ( -0.0000000000000000000, 1.000000000000000000, 0.0000000000000000000 ) ) ;
#3165 = CARTESIAN_POINT ( 'NONE',  ( -6.349999999999999600, -2.225000000000000100, -0.6450000000000000200 ) ) ;
#3166 = ORIENTED_EDGE ( 'NONE', *, *, #8447, .T. ) ;
#3167 = CARTESIAN_POINT ( 'NONE',  ( 2.965000000000002500, -3.125000000000000000, -0.1000000000000000100 ) ) ;
#3168 = LINE ( 'NONE', #10785, #541 ) ;
#3169 = EDGE_CURVE ( 'NONE', #9607, #3722, #286, .T. ) ;
#3170 = CARTESIAN_POINT ( 'NONE',  ( -2.035000000000000100, -3.924999999999999800, -0.5749999999999999600 ) ) ;
#3171 = FACE_OUTER_BOUND ( 'NONE', #5890, .T. ) ;
#3172 = ORIENTED_EDGE ( 'NONE', *, *, #7082, .F. ) ;
#3173 = LINE ( 'NONE', #10644, #4103 ) ;
#3174 = CARTESIAN_POINT ( 'NONE',  ( 5.875000000000000000, 0.2750000000000000200, -1.800000000000000300 ) ) ;
#3175 = CARTESIAN_POINT ( 'NONE',  ( -2.964999999999999900, -3.125000000000000000, -0.8499999999999999800 ) ) ;
#3176 = AXIS2_PLACEMENT_3D ( 'NONE', #2612, #1537, #7578 ) ;
#3177 = LINE ( 'NONE', #1719, #11053 ) ;
#3178 = ORIENTED_EDGE ( 'NONE', *, *, #3267, .F. ) ;
#3179 = CARTESIAN_POINT ( 'NONE',  ( 6.375000000000000900, 0.5749999999999999600, 0.4000000000000000200 ) ) ;
#3180 = VECTOR ( 'NONE', #1572, 1000.000000000000000 ) ;
#3181 = CARTESIAN_POINT ( 'NONE',  ( 3.285000000000000100, -3.924999999999999800, -1.300000000000000300 ) ) ;
#3182 = EDGE_CURVE ( 'NONE', #4606, #9863, #10022, .T. ) ;
#3183 = LINE ( 'NONE', #2308, #11059 ) ;
#3184 = VERTEX_POINT ( 'NONE', #9390 ) ;
#3185 = CARTESIAN_POINT ( 'NONE',  ( 4.924999999999999800, -0.1750000000000000200, 1.600000000000000100 ) ) ;
#3186 = STYLED_ITEM ( 'NONE', ( #8481 ), #9418 ) ;
#3187 = PLANE ( 'NONE',  #1638 ) ;
#3188 = EDGE_CURVE ( 'NONE', #1974, #4362, #1836, .T. ) ;
#3189 = DIRECTION ( 'NONE',  ( -0.7659743427824879900, 0.0000000000000000000, 0.6428711427641900000 ) ) ;
#3190 = VERTEX_POINT ( 'NONE', #11348 ) ;
#3191 = COLOUR_RGB ( '',0.7921568627450980000, 0.8196078431372548800, 0.9333333333333333500 ) ;
#3192 = LINE ( 'NONE', #5206, #3690 ) ;
#3193 = DIRECTION ( 'NONE',  ( 0.0000000000000000000, -0.9438583563660173400, 0.3303504247281061100 ) ) ;
#3194 = VECTOR ( 'NONE', #11811, 1000.000000000000000 ) ;
#3195 = PLANE ( 'NONE',  #8823 ) ;
#3196 = ORIENTED_EDGE ( 'NONE', *, *, #9139, .F. ) ;
#3197 = EDGE_LOOP ( 'NONE', ( #5310, #9976, #7196, #5525, #1232 ) ) ;
#3198 = DIRECTION ( 'NONE',  ( -0.0000000000000000000, 1.000000000000000000, 0.0000000000000000000 ) ) ;
#3199 = ORIENTED_EDGE ( 'NONE', *, *, #526, .T. ) ;
#3200 = PLANE ( 'NONE',  #12178 ) ;
#3201 = CARTESIAN_POINT ( 'NONE',  ( -5.875000000000000000, 0.5749999999999999600, 0.9000000000000001300 ) ) ;
#3202 = CARTESIAN_POINT ( 'NONE',  ( -5.174999999999999800, -0.02500000000000006400, -1.600000000000000100 ) ) ;
#3203 = EDGE_CURVE ( 'NONE', #4186, #8756, #12663, .T. ) ;
#3204 = CARTESIAN_POINT ( 'NONE',  ( 4.535000000000000100, -4.025000000000000400, -1.800000000000000300 ) ) ;
#3205 = CARTESIAN_POINT ( 'NONE',  ( -2.125000000000000000, -2.625000000000000000, 1.600000000000000100 ) ) ;
#3206 = VECTOR ( 'NONE', #7357, 1000.000000000000000 ) ;
#3207 = EDGE_CURVE ( 'NONE', #2859, #8873, #6936, .T. ) ;
#3208 = LINE ( 'NONE', #4852, #3991 ) ;
#3209 = CARTESIAN_POINT ( 'NONE',  ( -3.285000000000000100, -3.425000000000000300, 1.600000000000000100 ) ) ;
#3210 = AXIS2_PLACEMENT_3D ( 'NONE', #5458, #6497, #2525 ) ;
#3211 = ORIENTED_EDGE ( 'NONE', *, *, #6194, .F. ) ;
#3212 = ADVANCED_FACE ( 'NONE', ( #8023 ), #6245, .T. ) ;
#3213 = LINE ( 'NONE', #9236, #1803 ) ;
#3214 = ORIENTED_EDGE ( 'NONE', *, *, #2695, .F. ) ;
#3215 = VERTEX_POINT ( 'NONE', #8285 ) ;
#3216 = ORIENTED_EDGE ( 'NONE', *, *, #10226, .T. ) ;
#3217 = CARTESIAN_POINT ( 'NONE',  ( -0.4650000000000000200, -4.224999999999999600, 1.600000000000000100 ) ) ;
#3218 = CARTESIAN_POINT ( 'NONE',  ( 0.8750000000000000000, -3.225000000000000100, 1.600000000000000100 ) ) ;
#3219 = DIRECTION ( 'NONE',  ( -0.0000000000000000000, 1.000000000000000000, -0.0000000000000000000 ) ) ;
#3220 = AXIS2_PLACEMENT_3D ( 'NONE', #12699, #2900, #8761 ) ;
#3221 = DIRECTION ( 'NONE',  ( 1.000000000000000000, 0.0000000000000000000, -0.0000000000000000000 ) ) ;
#3222 = FACE_OUTER_BOUND ( 'NONE', #9706, .T. ) ;
#3223 = EDGE_CURVE ( 'NONE', #5735, #7605, #12811, .T. ) ;
#3224 = LINE ( 'NONE', #7897, #11852 ) ;
#3225 = DIRECTION ( 'NONE',  ( 0.0000000000000000000, 0.7071067811866975600, -0.7071067811863974700 ) ) ;
#3226 = FACE_OUTER_BOUND ( 'NONE', #1567, .T. ) ;
#3227 = ORIENTED_EDGE ( 'NONE', *, *, #11288, .T. ) ;
#3228 = VERTEX_POINT ( 'NONE', #2359 ) ;
#3229 = DIRECTION ( 'NONE',  ( -1.000000000000000000, 0.0000000000000000000, 0.0000000000000000000 ) ) ;
#3230 = ORIENTED_EDGE ( 'NONE', *, *, #5989, .T. ) ;
#3231 = EDGE_CURVE ( 'NONE', #7685, #7899, #4788, .T. ) ;
#3232 = ADVANCED_FACE ( 'NONE', ( #12198 ), #4268, .T. ) ;
#3233 = CARTESIAN_POINT ( 'NONE',  ( 4.125000000000000000, -2.625000000000000000, 1.600000000000000100 ) ) ;
#3234 = DIRECTION ( 'NONE',  ( -0.0000000000000000000, 1.000000000000000000, 0.0000000000000000000 ) ) ;
#3235 = CARTESIAN_POINT ( 'NONE',  ( -5.875000000000000000, -2.225000000000000100, -1.800000000000000300 ) ) ;
#3236 = LINE ( 'NONE', #8625, #4776 ) ;
#3237 = CARTESIAN_POINT ( 'NONE',  ( 9.090000000000001600, -3.125000000000000000, -1.300000000000000300 ) ) ;
#3238 = FACE_OUTER_BOUND ( 'NONE', #5900, .T. ) ;
#3239 = CARTESIAN_POINT ( 'NONE',  ( 4.625000000000000000, -2.625000000000000000, 1.600000000000000100 ) ) ;
#3240 = VECTOR ( 'NONE', #9170, 1000.000000000000000 ) ;
#3241 = VECTOR ( 'NONE', #10530, 1000.000000000000000 ) ;
#3242 = VERTEX_POINT ( 'NONE', #11257 ) ;
#3243 = ORIENTED_EDGE ( 'NONE', *, *, #133, .T. ) ;
#3244 = DIRECTION ( 'NONE',  ( 0.0000000000000000000, 0.7071067811865474600, 0.7071067811865474600 ) ) ;
#3245 = ORIENTED_EDGE ( 'NONE', *, *, #3207, .F. ) ;
#3246 = VECTOR ( 'NONE', #413, 1000.000000000000000 ) ;
#3247 = DIRECTION ( 'NONE',  ( -1.000000000000000000, -0.0000000000000000000, -0.0000000000000000000 ) ) ;
#3248 = VECTOR ( 'NONE', #11058, 1000.000000000000000 ) ;
#3249 = DIRECTION ( 'NONE',  ( 0.0000000000000000000, 0.0000000000000000000, -1.000000000000000000 ) ) ;
#3250 = DIRECTION ( 'NONE',  ( 0.0000000000000000000, 0.7071067811866975600, -0.7071067811863974700 ) ) ;
#3251 = LINE ( 'NONE', #10741, #618 ) ;
#3252 = DIRECTION ( 'NONE',  ( -1.000000000000000000, 0.0000000000000000000, 0.0000000000000000000 ) ) ;
#3253 = VERTEX_POINT ( 'NONE', #11218 ) ;
#3254 = ORIENTED_EDGE ( 'NONE', *, *, #5419, .F. ) ;
#3256 = ORIENTED_EDGE ( 'NONE', *, *, #5920, .F. ) ;
#3255 = DIRECTION ( 'NONE',  ( 0.0000000000000000000, 0.0000000000000000000, -1.000000000000000000 ) ) ;
#3257 = VERTEX_POINT ( 'NONE', #3023 ) ;
#3258 =( BOUNDED_CURVE ( )  B_SPLINE_CURVE ( 3, ( #7584, #916, #5854, #12464 ),
 .UNSPECIFIED., .F., .F. ) 
 B_SPLINE_CURVE_WITH_KNOTS ( ( 4, 4 ),
 ( 6.043566738550466300, 6.283185307179586200 ),
 .UNSPECIFIED. ) 
 CURVE ( )  GEOMETRIC_REPRESENTATION_ITEM ( )  RATIONAL_B_SPLINE_CURVE ( ( 1.000000000000000000, 0.9952209658626293100, 0.9952209658626293100, 1.000000000000000000 ) ) 
 REPRESENTATION_ITEM ( '' )  );
#3259 = CARTESIAN_POINT ( 'NONE',  ( -5.875000000000000000, 0.07499999999999999700, -0.2700000000000000700 ) ) ;
#3260 = ORIENTED_EDGE ( 'NONE', *, *, #6270, .F. ) ;
#3261 = AXIS2_PLACEMENT_3D ( 'NONE', #1884, #9777, #975 ) ;
#3262 = CARTESIAN_POINT ( 'NONE',  ( 0.7850000000000010300, -1.975000000000000100, -0.8499999999999999800 ) ) ;
#3263 = PLANE ( 'NONE',  #8314 ) ;
#3264 = DIRECTION ( 'NONE',  ( -0.9766444667050946400, 0.2148617826750988400, 0.0000000000000000000 ) ) ;
#3265 = PLANE ( 'NONE',  #2378 ) ;
#3267 = EDGE_CURVE ( 'NONE', #6916, #9905, #2779, .T. ) ;
#3266 = ORIENTED_EDGE ( 'NONE', *, *, #12413, .T. ) ;
#3268 = ORIENTED_EDGE ( 'NONE', *, *, #1286, .T. ) ;
#3269 = ORIENTED_EDGE ( 'NONE', *, *, #6105, .F. ) ;
#3270 = LINE ( 'NONE', #2337, #11460 ) ;
#3271 = FACE_OUTER_BOUND ( 'NONE', #5556, .T. ) ;
#3272 = PLANE ( 'NONE',  #6080 ) ;
#3273 = ORIENTED_EDGE ( 'NONE', *, *, #536, .F. ) ;
#3274 = ORIENTED_EDGE ( 'NONE', *, *, #4039, .T. ) ;
#3275 = PLANE ( 'NONE',  #4673 ) ;
#3276 = PLANE ( 'NONE',  #5898 ) ;
#3277 = VERTEX_POINT ( 'NONE', #508 ) ;
#3278 = CARTESIAN_POINT ( 'NONE',  ( -3.284999999999998800, -3.125000000000000000, -0.8499999999999999800 ) ) ;
#3279 = ORIENTED_EDGE ( 'NONE', *, *, #5180, .F. ) ;
#3280 = VERTEX_POINT ( 'NONE', #4443 ) ;
#3281 = VECTOR ( 'NONE', #9375, 1000.000000000000000 ) ;
#3282 = FACE_OUTER_BOUND ( 'NONE', #10590, .T. ) ;
#3283 = AXIS2_PLACEMENT_3D ( 'NONE', #12285, #10339, #7366 ) ;
#3284 = DIRECTION ( 'NONE',  ( -0.0000000000000000000, 1.000000000000000000, 0.0000000000000000000 ) ) ;
#3285 = ADVANCED_FACE ( 'NONE', ( #1691 ), #5388, .T. ) ;
#3286 = ORIENTED_EDGE ( 'NONE', *, *, #5142, .T. ) ;
#3287 = ORIENTED_EDGE ( 'NONE', *, *, #1560, .T. ) ;
#3288 = EDGE_CURVE ( 'NONE', #11237, #6510, #10353, .T. ) ;
#3289 = DIRECTION ( 'NONE',  ( -0.2033118901005039300, -0.9241449550023836900, -0.3234507342508327600 ) ) ;
#3290 = ORIENTED_EDGE ( 'NONE', *, *, #11029, .F. ) ;
#3291 = CARTESIAN_POINT ( 'NONE',  ( 3.285000000000000100, -3.775000000000000400, -0.5749999999999999600 ) ) ;
#3292 = CARTESIAN_POINT ( 'NONE',  ( -2.965000000000005200, -0.2250000000000012500, -0.8500000000000002000 ) ) ;
#3293 = EDGE_CURVE ( 'NONE', #4951, #7072, #5562, .T. ) ;
#3294 = ORIENTED_EDGE ( 'NONE', *, *, #15, .T. ) ;
#3295 = ORIENTED_EDGE ( 'NONE', *, *, #9912, .T. ) ;
#3296 = CARTESIAN_POINT ( 'NONE',  ( -3.125000000000000000, 0.2749999999999999700, -0.6749999999999999300 ) ) ;
#3297 = LINE ( 'NONE', #10200, #9614 ) ;
#3298 = AXIS2_PLACEMENT_3D ( 'NONE', #1260, #6227, #8228 ) ;
#3299 = LINE ( 'NONE', #10897, #11011 ) ;
#3300 = CARTESIAN_POINT ( 'NONE',  ( 2.965000000000002500, -3.125000000000000000, -0.1000000000000000100 ) ) ;
#3301 = CARTESIAN_POINT ( 'NONE',  ( -2.034999999999998800, -3.125000000000000000, -0.1000000000000000100 ) ) ;
#3302 = ORIENTED_EDGE ( 'NONE', *, *, #5657, .F. ) ;
#3303 = PLANE ( 'NONE',  #3901 ) ;
#3304 = ADVANCED_FACE ( 'NONE', ( #9711 ), #2409, .T. ) ;
#3305 = DIRECTION ( 'NONE',  ( 0.0000000000000000000, 0.0000000000000000000, 1.000000000000000000 ) ) ;
#3306 = ORIENTED_EDGE ( 'NONE', *, *, #1104, .T. ) ;
#3307 = AXIS2_PLACEMENT_3D ( 'NONE', #642, #8460, #10438 ) ;
#3308 = DIRECTION ( 'NONE',  ( 0.0000000000000000000, 0.0000000000000000000, 1.000000000000000000 ) ) ;
#3309 = EDGE_CURVE ( 'NONE', #10956, #3228, #134, .T. ) ;
#3310 = CARTESIAN_POINT ( 'NONE',  ( 5.875000000000000000, 0.9749999999999999800, 1.200000000000000000 ) ) ;
#3311 = VERTEX_POINT ( 'NONE', #6382 ) ;
#3312 = LINE ( 'NONE', #4489, #1892 ) ;
#3313 = DIRECTION ( 'NONE',  ( -1.000000000000000000, -0.0000000000000000000, 0.0000000000000000000 ) ) ;
#3314 = VECTOR ( 'NONE', #6130, 1000.000000000000000 ) ;
#3315 = ORIENTED_EDGE ( 'NONE', *, *, #12298, .F. ) ;
#3316 = DIRECTION ( 'NONE',  ( 1.000000000000000000, 0.0000000000000000000, 0.0000000000000000000 ) ) ;
#3317 = VERTEX_POINT ( 'NONE', #4490 ) ;
#3318 = EDGE_CURVE ( 'NONE', #2221, #403, #10182, .T. ) ;
#3319 = DIRECTION ( 'NONE',  ( -1.000000000000000000, 0.0000000000000000000, -0.0000000000000000000 ) ) ;
#3320 = CARTESIAN_POINT ( 'NONE',  ( -6.870000000000000100, -2.225000000000000100, -0.5450000000000000400 ) ) ;
#3321 = AXIS2_PLACEMENT_3D ( 'NONE', #948, #8728, #9708 ) ;
#3322 = DIRECTION ( 'NONE',  ( -0.0000000000000000000, 0.0000000000000000000, -1.000000000000000000 ) ) ;
#3323 = ORIENTED_EDGE ( 'NONE', *, *, #4147, .F. ) ;
#3324 = ORIENTED_EDGE ( 'NONE', *, *, #4497, .F. ) ;
#3325 = VECTOR ( 'NONE', #8640, 1000.000000000000000 ) ;
#3327 = DIRECTION ( 'NONE',  ( 0.0000000000000000000, 0.0000000000000000000, -1.000000000000000000 ) ) ;
#3326 = VECTOR ( 'NONE', #10459, 1000.000000000000000 ) ;
#3328 = DIRECTION ( 'NONE',  ( -1.000000000000000000, 0.0000000000000000000, 0.0000000000000000000 ) ) ;
#3329 = CARTESIAN_POINT ( 'NONE',  ( -5.575000000000000200, 0.9749999999999999800, 0.3999999999999999700 ) ) ;
#3330 = EDGE_CURVE ( 'NONE', #2340, #7110, #11732, .T. ) ;
#3331 = DIRECTION ( 'NONE',  ( 1.000000000000000000, 0.0000000000000000000, -0.0000000000000000000 ) ) ;
#3332 = CARTESIAN_POINT ( 'NONE',  ( -6.339999999999999900, -1.075000000000000000, -1.299999999999999800 ) ) ;
#3333 = ORIENTED_EDGE ( 'NONE', *, *, #3723, .T. ) ;
#3334 = DIRECTION ( 'NONE',  ( -0.0000000000000000000, 0.0000000000000000000, -1.000000000000000000 ) ) ;
#3335 = DIRECTION ( 'NONE',  ( 0.0000000000000000000, 1.000000000000000000, -0.0000000000000000000 ) ) ;
#3336 = VECTOR ( 'NONE', #9145, 1000.000000000000000 ) ;
#3337 = ORIENTED_EDGE ( 'NONE', *, *, #9707, .F. ) ;
#3338 = FACE_OUTER_BOUND ( 'NONE', #4177, .T. ) ;
#3339 = VECTOR ( 'NONE', #2307, 1000.000000000000000 ) ;
#3340 = DIRECTION ( 'NONE',  ( 0.0000000000000000000, -0.0000000000000000000, 1.000000000000000000 ) ) ;
#3341 = CARTESIAN_POINT ( 'NONE',  ( -3.600000000000000500, 0.9749999999999999800, -1.200000000000000000 ) ) ;
#3342 = DIRECTION ( 'NONE',  ( 0.0000000000000000000, -0.0000000000000000000, 1.000000000000000000 ) ) ;
#3343 = ORIENTED_EDGE ( 'NONE', *, *, #9555, .T. ) ;
#3344 = CARTESIAN_POINT ( 'NONE',  ( 4.215000000000001600, -1.975000000000000100, -0.1000000000000000100 ) ) ;
#3345 = EDGE_CURVE ( 'NONE', #8338, #6319, #1979, .T. ) ;
#3346 = LINE ( 'NONE', #2301, #5948 ) ;
#3347 = CARTESIAN_POINT ( 'NONE',  ( 0.5749999999999987300, 0.2750000000000003000, -0.6750000000000000400 ) ) ;
#3348 = PLANE ( 'NONE',  #10364 ) ;
#3349 = ORIENTED_EDGE ( 'NONE', *, *, #12305, .F. ) ;
#3350 = EDGE_CURVE ( 'NONE', #9148, #4047, #7560, .T. ) ;
#3351 = CARTESIAN_POINT ( 'NONE',  ( -1.715000000000000100, -4.224999999999999600, 1.600000000000000100 ) ) ;
#3352 = AXIS2_PLACEMENT_3D ( 'NONE', #6679, #11559, #4729 ) ;
#3353 = ADVANCED_FACE ( 'NONE', ( #7717 ), #3377, .T. ) ;
#3354 = PLANE ( 'NONE',  #12207 ) ;
#3355 = DIRECTION ( 'NONE',  ( 0.0000000000000000000, 0.7071067811866975600, -0.7071067811863974700 ) ) ;
#3356 = DIRECTION ( 'NONE',  ( -1.000000000000000000, -0.0000000000000000000, -0.0000000000000000000 ) ) ;
#3357 = CARTESIAN_POINT ( 'NONE',  ( 6.870000000000000100, -2.024999999999999900, -0.2700000000000000200 ) ) ;
#3358 = LINE ( 'NONE', #6301, #5655 ) ;
#3359 = DIRECTION ( 'NONE',  ( 0.0000000000000000000, 0.0000000000000000000, 1.000000000000000000 ) ) ;
#3360 = DIRECTION ( 'NONE',  ( -0.0000000000000000000, -0.0000000000000000000, -1.000000000000000000 ) ) ;
#3361 = VECTOR ( 'NONE', #9143, 1000.000000000000000 ) ;
#3362 = DIRECTION ( 'NONE',  ( 0.0000000000000000000, 0.0000000000000000000, 1.000000000000000000 ) ) ;
#3363 = LINE ( 'NONE', #12009, #4882 ) ;
#3364 = VERTEX_POINT ( 'NONE', #2363 ) ;
#3365 = CARTESIAN_POINT ( 'NONE',  ( -4.214999999999999900, -3.425000000000000300, -1.600000000000000100 ) ) ;
#3366 = ORIENTED_EDGE ( 'NONE', *, *, #8861, .F. ) ;
#3367 = CARTESIAN_POINT ( 'NONE',  ( -7.575000000000000200, -2.225000000000000100, -1.550000000000000300 ) ) ;
#3368 = CARTESIAN_POINT ( 'NONE',  ( -5.875000000000000000, -2.225000000000000100, -1.800000000000000300 ) ) ;
#3369 = ADVANCED_FACE ( 'NONE', ( #5088 ), #10394, .T. ) ;
#3370 = DIRECTION ( 'NONE',  ( -1.000000000000000000, -0.0000000000000000000, -0.0000000000000000000 ) ) ;
#3371 = DIRECTION ( 'NONE',  ( 1.000000000000000000, 0.0000000000000000000, -0.0000000000000000000 ) ) ;
#3372 = EDGE_CURVE ( 'NONE', #3280, #6980, #9096, .T. ) ;
#3373 = LINE ( 'NONE', #7687, #3689 ) ;
#3374 =( NAMED_UNIT ( * ) SI_UNIT ( $, .STERADIAN. ) SOLID_ANGLE_UNIT ( ) );
#3375 = LINE ( 'NONE', #3556, #6444 ) ;
#3376 = CARTESIAN_POINT ( 'NONE',  ( 5.875000000000000000, -3.225000000000000100, 1.100000000000000100 ) ) ;
#3377 = PLANE ( 'NONE',  #1359 ) ;
#3378 = FACE_OUTER_BOUND ( 'NONE', #7723, .T. ) ;
#3379 = VERTEX_POINT ( 'NONE', #11217 ) ;
#3380 = EDGE_CURVE ( 'NONE', #5857, #7172, #1546, .T. ) ;
#3381 = DIRECTION ( 'NONE',  ( -1.000000000000000000, 0.0000000000000000000, -0.0000000000000000000 ) ) ;
#3382 = ORIENTED_EDGE ( 'NONE', *, *, #3436, .F. ) ;
#3383 = ORIENTED_EDGE ( 'NONE', *, *, #2247, .F. ) ;
#3384 = DIRECTION ( 'NONE',  ( -0.0000000000000000000, 1.000000000000000000, 0.0000000000000000000 ) ) ;
#3385 = CARTESIAN_POINT ( 'NONE',  ( -4.214999999999999900, -3.225000000000000100, -0.9250000000000000400 ) ) ;
#3386 = LINE ( 'NONE', #4217, #11851 ) ;
#3387 = CARTESIAN_POINT ( 'NONE',  ( -4.924999999999999800, -0.6250000000000000000, 1.600000000000000100 ) ) ;
#3388 = MECHANICAL_DESIGN_GEOMETRIC_PRESENTATION_REPRESENTATION (  '', ( #9795 ), #7744 ) ;
#3389 = LINE ( 'NONE', #3829, #1357 ) ;
#3390 = DIRECTION ( 'NONE',  ( 0.0000000000000000000, -1.000000000000000000, -0.0000000000000000000 ) ) ;
#3391 = LINE ( 'NONE', #12750, #7056 ) ;
#3392 = CARTESIAN_POINT ( 'NONE',  ( -1.715000000000000100, -0.2250000000000000600, -0.4749999999999999800 ) ) ;
#3393 = DIRECTION ( 'NONE',  ( 0.0000000000000000000, 0.0000000000000000000, 1.000000000000000000 ) ) ;
#3394 = VECTOR ( 'NONE', #983, 1000.000000000000000 ) ;
#3395 = ORIENTED_EDGE ( 'NONE', *, *, #2513, .T. ) ;
#3396 = EDGE_CURVE ( 'NONE', #12353, #10137, #8506, .T. ) ;
#3397 = ORIENTED_EDGE ( 'NONE', *, *, #3043, .F. ) ;
#3398 = ORIENTED_EDGE ( 'NONE', *, *, #7424, .F. ) ;
#3399 = CARTESIAN_POINT ( 'NONE',  ( 4.125000000000000000, -3.225000000000000100, -1.800000000000000300 ) ) ;
#3400 = DIRECTION ( 'NONE',  ( 1.000000000000000000, 0.0000000000000000000, 0.0000000000000000000 ) ) ;
#3401 = EDGE_CURVE ( 'NONE', #1100, #12587, #11118, .T. ) ;
#3402 = LINE ( 'NONE', #3598, #4764 ) ;
#3403 = PLANE ( 'NONE',  #4351 ) ;
#3404 = AXIS2_PLACEMENT_3D ( 'NONE', #2468, #9458, #11499 ) ;
#3405 = FACE_BOUND ( 'NONE', #6738, .T. ) ;
#3406 = CARTESIAN_POINT ( 'NONE',  ( -4.214999999999999900, -3.625000000000000000, -1.800000000000000300 ) ) ;
#3407 = VECTOR ( 'NONE', #10727, 1000.000000000000000 ) ;
#3408 = PLANE ( 'NONE',  #3737 ) ;
#3409 = LINE ( 'NONE', #9632, #5697 ) ;
#3410 = VERTEX_POINT ( 'NONE', #461 ) ;
#3411 = ORIENTED_EDGE ( 'NONE', *, *, #11771, .T. ) ;
#3412 = PLANE ( 'NONE',  #6973 ) ;
#3413 = VERTEX_POINT ( 'NONE', #2450 ) ;
#3414 = PLANE ( 'NONE',  #5442 ) ;
#3415 = EDGE_CURVE ( 'NONE', #8802, #10016, #7095, .T. ) ;
#3416 = LINE ( 'NONE', #4957, #8343 ) ;
#3417 = DIRECTION ( 'NONE',  ( 0.0000000000000000000, 0.7071067811865474600, 0.7071067811865474600 ) ) ;
#3418 = VECTOR ( 'NONE', #12051, 1000.000000000000000 ) ;
#3419 = VECTOR ( 'NONE', #6154, 1000.000000000000000 ) ;
#3420 = CARTESIAN_POINT ( 'NONE',  ( 6.450000000000000200, -2.225000000000000100, -0.5450000000000000400 ) ) ;
#3421 = CARTESIAN_POINT ( 'NONE',  ( -1.715000000000000100, -3.625000000000000000, -1.800000000000000300 ) ) ;
#3422 = DIRECTION ( 'NONE',  ( -1.000000000000000000, -0.0000000000000000000, -0.0000000000000000000 ) ) ;
#3423 = ORIENTED_EDGE ( 'NONE', *, *, #9407, .F. ) ;
#3424 = ORIENTED_EDGE ( 'NONE', *, *, #7954, .F. ) ;
#3425 = VERTEX_POINT ( 'NONE', #8550 ) ;
#3426 = CARTESIAN_POINT ( 'NONE',  ( 3.374999999999999600, -3.225000000000000100, 1.600000000000000100 ) ) ;
#3427 = SURFACE_STYLE_USAGE ( .BOTH. , #9394 ) ;
#3428 = CARTESIAN_POINT ( 'NONE',  ( 5.275000000000000400, 0.9749999999999999800, -0.4500000000000001200 ) ) ;
#3429 = VERTEX_POINT ( 'NONE', #2493 ) ;
#3430 = ADVANCED_FACE ( 'NONE', ( #2605 ), #2537, .T. ) ;
#3431 = CARTESIAN_POINT ( 'NONE',  ( 6.607499999999999900, -2.125000000000000000, -1.399999999999999900 ) ) ;
#3432 = ORIENTED_EDGE ( 'NONE', *, *, #6772, .T. ) ;
#3433 = VERTEX_POINT ( 'NONE', #7787 ) ;
#3434 = ORIENTED_EDGE ( 'NONE', *, *, #790, .T. ) ;
#3435 = LINE ( 'NONE', #4326, #4176 ) ;
#3436 = EDGE_CURVE ( 'NONE', #6025, #11363, #7238, .T. ) ;
#3437 = VERTEX_POINT ( 'NONE', #1588 ) ;
#3438 = DIRECTION ( 'NONE',  ( 0.0000000000000000000, -0.7071067811865474600, 0.7071067811865474600 ) ) ;
#3439 = ORIENTED_EDGE ( 'NONE', *, *, #9290, .F. ) ;
#3440 = ADVANCED_FACE ( 'NONE', ( #6617 ), #12757, .F. ) ;
#3441 = CARTESIAN_POINT ( 'NONE',  ( -5.174999999999999800, -1.625000000000000000, -1.600000000000000100 ) ) ;
#3442 = EDGE_LOOP ( 'NONE', ( #4875, #12062, #2486, #6558, #12483, #8913, #2925, #10346, #7443, #910, #9751, #3432 ) ) ;
#3443 = EDGE_CURVE ( 'NONE', #11627, #4602, #6747, .T. ) ;
#3444 = CARTESIAN_POINT ( 'NONE',  ( 6.349999999999999600, -0.02500000000000000100, -1.310000000000000300 ) ) ;
#3445 = ORIENTED_EDGE ( 'NONE', *, *, #7570, .F. ) ;
#3446 = ORIENTED_EDGE ( 'NONE', *, *, #8568, .T. ) ;
#3447 = VECTOR ( 'NONE', #9284, 1000.000000000000000 ) ;
#3448 = CARTESIAN_POINT ( 'NONE',  ( -2.965000000000000300, -3.624999999999999600, -1.800000000000000300 ) ) ;
#3449 = LINE ( 'NONE', #8661, #3760 ) ;
#3450 = CARTESIAN_POINT ( 'NONE',  ( 0.6750000000000053700, 0.2750000000000011900, -0.4749999999999999800 ) ) ;
#3451 = ORIENTED_EDGE ( 'NONE', *, *, #8175, .F. ) ;
#3452 = AXIS2_PLACEMENT_3D ( 'NONE', #2167, #9066, #10065 ) ;
#3453 = CARTESIAN_POINT ( 'NONE',  ( 1.715000000000000100, -3.624999999999999600, -1.800000000000000300 ) ) ;
#3454 = CARTESIAN_POINT ( 'NONE',  ( 7.070000000000001200, -2.225000000000000100, -0.7699999999999999100 ) ) ;
#3455 = ORIENTED_EDGE ( 'NONE', *, *, #5590, .F. ) ;
#3456 = CARTESIAN_POINT ( 'NONE',  ( -0.7850000000000000300, -3.775000000000000400, -0.4249999999999999300 ) ) ;
#3457 = DIRECTION ( 'NONE',  ( 0.7071067811865455700, 0.0000000000000000000, -0.7071067811865493500 ) ) ;
#3458 = EDGE_CURVE ( 'NONE', #4741, #2859, #5026, .T. ) ;
#3459 = AXIS2_PLACEMENT_3D ( 'NONE', #1190, #8255, #335 ) ;
#3460 = ADVANCED_FACE ( 'NONE', ( #844 ), #11526, .T. ) ;
#3461 = ORIENTED_EDGE ( 'NONE', *, *, #5271, .F. ) ;
#3462 = ORIENTED_EDGE ( 'NONE', *, *, #10992, .T. ) ;
#3463 = FACE_OUTER_BOUND ( 'NONE', #890, .T. ) ;
#3464 = FACE_OUTER_BOUND ( 'NONE', #754, .T. ) ;
#3465 = ORIENTED_EDGE ( 'NONE', *, *, #276, .F. ) ;
#3466 = DIRECTION ( 'NONE',  ( 0.0000000000000000000, 0.0000000000000000000, -1.000000000000000000 ) ) ;
#3467 = ORIENTED_EDGE ( 'NONE', *, *, #10334, .T. ) ;
#3468 = CARTESIAN_POINT ( 'NONE',  ( -6.339999999999999900, -0.02499999999999983100, -0.7700000000000000200 ) ) ;
#3469 = CARTESIAN_POINT ( 'NONE',  ( -3.600000000000001000, 0.9749999999999999800, -1.800000000000000300 ) ) ;
#3470 = CARTESIAN_POINT ( 'NONE',  ( -4.535000000000000100, -3.424999999999999800, -1.599999999999999900 ) ) ;
#3471 = CARTESIAN_POINT ( 'NONE',  ( -3.284999999999998800, -3.125000000000000000, -0.1000000000000000100 ) ) ;
#3472 = ORIENTED_EDGE ( 'NONE', *, *, #6882, .T. ) ;
#3473 = VERTEX_POINT ( 'NONE', #8591 ) ;
#3474 = LINE ( 'NONE', #4991, #3629 ) ;
#3475 = ORIENTED_EDGE ( 'NONE', *, *, #11439, .F. ) ;
#3476 = EDGE_CURVE ( 'NONE', #9172, #8669, #5396, .T. ) ;
#3477 = CARTESIAN_POINT ( 'NONE',  ( -2.964999999999999400, -3.125000000000000000, -0.9250000000000000400 ) ) ;
#3478 = ORIENTED_EDGE ( 'NONE', *, *, #3163, .T. ) ;
#3479 = EDGE_CURVE ( 'NONE', #812, #5450, #3258, .T. ) ;
#3480 = CARTESIAN_POINT ( 'NONE',  ( -6.110000000000001200, -2.225000000000000100, -0.2700000000000000200 ) ) ;
#3481 = CARTESIAN_POINT ( 'NONE',  ( 6.869999999999999200, 0.07499999999999999700, -1.800000000000000300 ) ) ;
#3482 = VERTEX_POINT ( 'NONE', #8504 ) ;
#3483 = LINE ( 'NONE', #7330, #3147 ) ;
#3484 = LINE ( 'NONE', #3672, #819 ) ;
#3485 = CARTESIAN_POINT ( 'NONE',  ( -0.4650000000000000200, -3.775000000000000400, -0.5749999999999999600 ) ) ;
#3486 = EDGE_LOOP ( 'NONE', ( #3245, #12377, #1282, #9373 ) ) ;
#3487 = AXIS2_PLACEMENT_3D ( 'NONE', #5851, #6845, #913 ) ;
#3488 = EDGE_CURVE ( 'NONE', #4958, #11329, #10736, .T. ) ;
#3489 = ADVANCED_FACE ( 'NONE', ( #5361 ), #2619, .T. ) ;
#3490 = ORIENTED_EDGE ( 'NONE', *, *, #11740, .F. ) ;
#3491 = PLANE ( 'NONE',  #11887 ) ;
#3492 = VECTOR ( 'NONE', #10233, 1000.000000000000000 ) ;
#3493 = DIRECTION ( 'NONE',  ( -1.000000000000000000, 0.0000000000000000000, 0.0000000000000000000 ) ) ;
#3494 = ORIENTED_EDGE ( 'NONE', *, *, #4993, .T. ) ;
#3495 = DIRECTION ( 'NONE',  ( 0.0000000000000000000, -0.7071067811863974700, -0.7071067811866975600 ) ) ;
#3496 = LINE ( 'NONE', #3619, #7180 ) ;
#3497 = VECTOR ( 'NONE', #8280, 1000.000000000000000 ) ;
#3498 = CARTESIAN_POINT ( 'NONE',  ( 5.299999999999999800, -3.125000000000000000, -1.100000000000000100 ) ) ;
#3499 = EDGE_CURVE ( 'NONE', #6033, #10415, #8607, .T. ) ;
#3500 = CARTESIAN_POINT ( 'NONE',  ( -2.034999999999999700, -0.2250000000000001400, -0.09999999999999996400 ) ) ;
#3501 = CARTESIAN_POINT ( 'NONE',  ( -6.099999999999999600, -2.035000000000000100, -1.310000000000000500 ) ) ;
#3502 = AXIS2_PLACEMENT_3D ( 'NONE', #10375, #8439, #570 ) ;
#3503 = CARTESIAN_POINT ( 'NONE',  ( -2.034999999999998800, -4.208005078473780400, -0.1000000000000000100 ) ) ;
#3504 = ORIENTED_EDGE ( 'NONE', *, *, #5203, .T. ) ;
#3505 = DIRECTION ( 'NONE',  ( 0.0000000000000000000, 1.000000000000000000, -0.0000000000000000000 ) ) ;
#3506 = CARTESIAN_POINT ( 'NONE',  ( 4.535000000000000100, -3.425000000000000300, -1.600000000000000100 ) ) ;
#3507 = LINE ( 'NONE', #8874, #11042 ) ;
#3508 = ADVANCED_FACE ( 'NONE', ( #10478 ), #590, .F. ) ;
#3509 = PLANE ( 'NONE',  #9552 ) ;
#3510 = EDGE_CURVE ( 'NONE', #2516, #4234, #4492, .T. ) ;
#3511 = VERTEX_POINT ( 'NONE', #4861 ) ;
#3512 = CARTESIAN_POINT ( 'NONE',  ( 4.215000000000001600, -3.125000000000000000, -0.8499999999999999800 ) ) ;
#3513 = VECTOR ( 'NONE', #12383, 1000.000000000000000 ) ;
#3514 = CARTESIAN_POINT ( 'NONE',  ( 4.214999999999999900, -3.225000000000000100, -0.9250000000000000400 ) ) ;
#3515 = DIRECTION ( 'NONE',  ( -0.2033118901005024100, -0.9241449550023839200, -0.3234507342508329300 ) ) ;
#3516 = CARTESIAN_POINT ( 'NONE',  ( -4.214999999999999900, -4.208005078473780400, -0.8499999999999999800 ) ) ;
#3517 = LINE ( 'NONE', #10046, #7958 ) ;
#3518 = CARTESIAN_POINT ( 'NONE',  ( 3.899999999999999900, 0.9749999999999999800, -1.600000000000000100 ) ) ;
#3519 = EDGE_LOOP ( 'NONE', ( #7464, #7989, #9841, #11671 ) ) ;
#3520 = VECTOR ( 'NONE', #7313, 1000.000000000000000 ) ;
#3521 = VECTOR ( 'NONE', #12411, 1000.000000000000100 ) ;
#3522 = ORIENTED_EDGE ( 'NONE', *, *, #392, .F. ) ;
#3523 = ADVANCED_FACE ( 'NONE', ( #3844 ), #2832, .F. ) ;
#3524 = CARTESIAN_POINT ( 'NONE',  ( 4.924999999999999800, -0.6250000000000000000, 1.399999999999999900 ) ) ;
#3525 = CARTESIAN_POINT ( 'NONE',  ( 0.7850000000000000300, -3.225000000000000100, -0.9250000000000000400 ) ) ;
#3526 = ORIENTED_EDGE ( 'NONE', *, *, #11948, .F. ) ;
#3527 = AXIS2_PLACEMENT_3D ( 'NONE', #5979, #8991, #18 ) ;
#3528 = DIRECTION ( 'NONE',  ( -1.000000000000000000, -0.0000000000000000000, 0.0000000000000000000 ) ) ;
#3529 = VECTOR ( 'NONE', #3064, 1000.000000000000100 ) ;
#3530 = LINE ( 'NONE', #4488, #1791 ) ;
#3531 = EDGE_CURVE ( 'NONE', #10826, #4064, #3862, .T. ) ;
#3532 = FACE_OUTER_BOUND ( 'NONE', #7722, .T. ) ;
#3533 = CARTESIAN_POINT ( 'NONE',  ( -5.875000000000000000, -0.02500000000000000100, -1.550000000000000300 ) ) ;
#3534 = ORIENTED_EDGE ( 'NONE', *, *, #10972, .F. ) ;
#3535 = AXIS2_PLACEMENT_3D ( 'NONE', #10801, #10928, #11754 ) ;
#3536 = ORIENTED_EDGE ( 'NONE', *, *, #9770, .T. ) ;
#3537 = ORIENTED_EDGE ( 'NONE', *, *, #9983, .F. ) ;
#3538 = CARTESIAN_POINT ( 'NONE',  ( 3.600000000000000500, -0.4749999999999999800, -1.600000000000000100 ) ) ;
#3539 = CARTESIAN_POINT ( 'NONE',  ( -5.875000000000000000, 0.07499999999999999700, -1.800000000000000300 ) ) ;
#3540 = DIRECTION ( 'NONE',  ( -0.0000000000000000000, 0.0000000000000000000, 1.000000000000000000 ) ) ;
#3541 = LINE ( 'NONE', #396, #2581 ) ;
#3542 = LINE ( 'NONE', #10189, #7528 ) ;
#3543 = CARTESIAN_POINT ( 'NONE',  ( 6.550000000000000700, -0.02499999999999984900, -1.350000000000000100 ) ) ;
#3544 = VECTOR ( 'NONE', #12668, 1000.000000000000000 ) ;
#3545 = ORIENTED_EDGE ( 'NONE', *, *, #3350, .T. ) ;
#3546 = AXIS2_PLACEMENT_3D ( 'NONE', #11407, #8390, #2464 ) ;
#3547 = FACE_OUTER_BOUND ( 'NONE', #2585, .T. ) ;
#3548 = ORIENTED_EDGE ( 'NONE', *, *, #3665, .F. ) ;
#3549 = ORIENTED_EDGE ( 'NONE', *, *, #7281, .T. ) ;
#3550 = DIRECTION ( 'NONE',  ( 0.0000000000000000000, 0.0000000000000000000, -1.000000000000000000 ) ) ;
#3551 = VERTEX_POINT ( 'NONE', #12804 ) ;
#3552 = DIRECTION ( 'NONE',  ( 1.000000000000000000, 0.0000000000000000000, 0.0000000000000000000 ) ) ;
#3553 = CARTESIAN_POINT ( 'NONE',  ( -7.375000000000000900, -2.225000000000000100, -1.800000000000000300 ) ) ;
#3554 = CARTESIAN_POINT ( 'NONE',  ( -1.925000000000005400, 0.2750000000000011900, -0.6750000000000001600 ) ) ;
#3555 = EDGE_CURVE ( 'NONE', #5317, #9854, #9264, .T. ) ;
#3556 = CARTESIAN_POINT ( 'NONE',  ( -2.035000000000000100, -3.225000000000000100, -0.4249999999999998200 ) ) ;
#3557 = CARTESIAN_POINT ( 'NONE',  ( -1.715000000000000100, -3.775000000000000400, -0.5749999999999999600 ) ) ;
#3558 = FACE_OUTER_BOUND ( 'NONE', #5844, .T. ) ;
#3559 = EDGE_CURVE ( 'NONE', #12047, #3983, #6784, .T. ) ;
#3560 = DIRECTION ( 'NONE',  ( -1.000000000000000000, 0.0000000000000000000, 0.0000000000000000000 ) ) ;
#3561 = ADVANCED_FACE ( 'NONE', ( #9088 ), #2083, .T. ) ;
#3562 = FACE_OUTER_BOUND ( 'NONE', #4530, .T. ) ;
#3563 = VECTOR ( 'NONE', #9032, 1000.000000000000000 ) ;
#3564 = VECTOR ( 'NONE', #9004, 1000.000000000000000 ) ;
#3565 = ORIENTED_EDGE ( 'NONE', *, *, #11361, .F. ) ;
#3566 = VERTEX_POINT ( 'NONE', #2921 ) ;
#3567 = CARTESIAN_POINT ( 'NONE',  ( 4.215000000000001600, -4.208005078473780400, -0.8499999999999999800 ) ) ;
#3568 = EDGE_LOOP ( 'NONE', ( #3548, #3765, #269, #8195 ) ) ;
#3569 = LINE ( 'NONE', #1963, #1383 ) ;
#3570 = FACE_OUTER_BOUND ( 'NONE', #9687, .T. ) ;
#3571 = EDGE_CURVE ( 'NONE', #10039, #3035, #1829, .T. ) ;
#3572 = VECTOR ( 'NONE', #4051, 1000.000000000000100 ) ;
#3573 = CARTESIAN_POINT ( 'NONE',  ( -0.7850000000000000300, -0.2250000000000000600, -0.4749999999999999800 ) ) ;
#3574 = LINE ( 'NONE', #12601, #7850 ) ;
#3575 = ADVANCED_FACE ( 'NONE', ( #11108 ), #5025, .F. ) ;
#3576 = CARTESIAN_POINT ( 'NONE',  ( -4.535000000000000100, -4.224999999999999600, -1.600000000000000100 ) ) ;
#3577 = ORIENTED_EDGE ( 'NONE', *, *, #10506, .F. ) ;
#3578 = ORIENTED_EDGE ( 'NONE', *, *, #11043, .F. ) ;
#3579 = EDGE_CURVE ( 'NONE', #1752, #2345, #11280, .T. ) ;
#3580 = EDGE_LOOP ( 'NONE', ( #7367, #845, #11086, #4636 ) ) ;
#3581 = PLANE ( 'NONE',  #7878 ) ;
#3582 = VECTOR ( 'NONE', #3327, 1000.000000000000000 ) ;
#3583 = LINE ( 'NONE', #10954, #12036 ) ;
#3584 = CARTESIAN_POINT ( 'NONE',  ( -4.214999999999999900, -1.975000000000000100, -0.1000000000000000100 ) ) ;
#3585 = LINE ( 'NONE', #1966, #12200 ) ;
#3586 = DIRECTION ( 'NONE',  ( 1.000000000000000000, 0.0000000000000000000, -0.0000000000000000000 ) ) ;
#3587 = CARTESIAN_POINT ( 'NONE',  ( -3.600000000000000500, -0.4749999999999999200, -1.600000000000000100 ) ) ;
#3588 = DIRECTION ( 'NONE',  ( 0.0000000000000000000, -1.000000000000000000, 0.0000000000000000000 ) ) ;
#3589 = EDGE_LOOP ( 'NONE', ( #12566, #5170, #1408, #729 ) ) ;
#3590 = ORIENTED_EDGE ( 'NONE', *, *, #5486, .F. ) ;
#3591 = ORIENTED_EDGE ( 'NONE', *, *, #10697, .F. ) ;
#3592 = EDGE_CURVE ( 'NONE', #9906, #3, #8651, .T. ) ;
#3593 = ADVANCED_FACE ( 'NONE', ( #8783 ), #4985, .T. ) ;
#3594 = CARTESIAN_POINT ( 'NONE',  ( 1.715000000000000100, -3.924999999999999800, -1.300000000000000300 ) ) ;
#3595 = ORIENTED_EDGE ( 'NONE', *, *, #207, .F. ) ;
#3596 = EDGE_LOOP ( 'NONE', ( #9675, #1130, #164, #8019 ) ) ;
#3597 = CARTESIAN_POINT ( 'NONE',  ( 3.285000000000001500, -1.975000000000000100, -0.8499999999999999800 ) ) ;
#3598 = CARTESIAN_POINT ( 'NONE',  ( -3.284999999999998800, -4.208005078473780400, -0.1000000000000000100 ) ) ;
#3599 = DIRECTION ( 'NONE',  ( -0.0000000000000000000, 1.000000000000000000, 0.0000000000000000000 ) ) ;
#3600 = CARTESIAN_POINT ( 'NONE',  ( -0.8749999999999998900, -3.225000000000000100, 1.600000000000000100 ) ) ;
#3601 = CARTESIAN_POINT ( 'NONE',  ( 0.6250000000000000000, 0.02500000000000000100, -0.7624999999999999600 ) ) ;
#3602 = ORIENTED_EDGE ( 'NONE', *, *, #8233, .T. ) ;
#3603 = ORIENTED_EDGE ( 'NONE', *, *, #6563, .T. ) ;
#3604 = ORIENTED_EDGE ( 'NONE', *, *, #4772, .F. ) ;
#3605 = SHAPE_DEFINITION_REPRESENTATION ( #2698, #12272 ) ;
#3606 = LINE ( 'NONE', #8972, #10044 ) ;
#3607 = CARTESIAN_POINT ( 'NONE',  ( -5.875000000000000000, 0.5749999999999999600, -1.500000000000000000 ) ) ;
#3608 = VERTEX_POINT ( 'NONE', #5896 ) ;
#3609 = CARTESIAN_POINT ( 'NONE',  ( -2.964999999999999900, -3.225000000000000100, -1.125000000000000200 ) ) ;
#3610 = ORIENTED_EDGE ( 'NONE', *, *, #1689, .T. ) ;
#3611 = AXIS2_PLACEMENT_3D ( 'NONE', #10872, #7851, #5953 ) ;
#3612 = EDGE_LOOP ( 'NONE', ( #9047, #12286, #5977, #4009 ) ) ;
#3614 = EDGE_CURVE ( 'NONE', #8105, #6804, #11880, .T. ) ;
#3613 = EDGE_LOOP ( 'NONE', ( #3045, #7581, #8799, #7646 ) ) ;
#3615 = VERTEX_POINT ( 'NONE', #12 ) ;
#3616 = CARTESIAN_POINT ( 'NONE',  ( 4.215000000000001600, -4.208005078473780400, -0.1000000000000000100 ) ) ;
#3617 = FACE_OUTER_BOUND ( 'NONE', #11142, .T. ) ;
#3618 = FACE_OUTER_BOUND ( 'NONE', #6580, .T. ) ;
#3619 = CARTESIAN_POINT ( 'NONE',  ( -3.200000000000000200, -0.4749999999999999800, -1.600000000000000100 ) ) ;
#3620 = VERTEX_POINT ( 'NONE', #7008 ) ;
#3621 = CARTESIAN_POINT ( 'NONE',  ( 4.425000000000003400, 0.2750000000000006300, -0.2750000000000000200 ) ) ;
#3622 = ORIENTED_EDGE ( 'NONE', *, *, #2712, .F. ) ;
#3623 = EDGE_CURVE ( 'NONE', #9843, #5226, #758, .T. ) ;
#3624 = VERTEX_POINT ( 'NONE', #1996 ) ;
#3625 = ADVANCED_FACE ( 'NONE', ( #6482 ), #1214, .T. ) ;
#3626 = VERTEX_POINT ( 'NONE', #9977 ) ;
#3627 = ORIENTED_EDGE ( 'NONE', *, *, #3792, .T. ) ;
#3628 = DIRECTION ( 'NONE',  ( 0.0000000000000000000, 1.000000000000000000, -0.0000000000000000000 ) ) ;
#3629 = VECTOR ( 'NONE', #1134, 1000.000000000000000 ) ;
#3630 = CARTESIAN_POINT ( 'NONE',  ( 0.7850000000000000300, -3.775000000000000400, -0.5749999999999999600 ) ) ;
#3631 = DIRECTION ( 'NONE',  ( 0.7071067811865474600, 0.0000000000000000000, 0.7071067811865474600 ) ) ;
#3632 = ORIENTED_EDGE ( 'NONE', *, *, #12674, .F. ) ;
#3633 = CARTESIAN_POINT ( 'NONE',  ( -7.375000000000000900, -2.225000000000000100, -1.800000000000000300 ) ) ;
#3634 = EDGE_CURVE ( 'NONE', #8860, #4771, #8496, .T. ) ;
#3635 = AXIS2_PLACEMENT_3D ( 'NONE', #5924, #995, #8699 ) ;
#3636 = DIRECTION ( 'NONE',  ( 1.000000000000000000, -0.0000000000000000000, 0.0000000000000000000 ) ) ;
#3637 = EDGE_CURVE ( 'NONE', #2005, #10656, #1387, .T. ) ;
#3638 = ORIENTED_EDGE ( 'NONE', *, *, #6011, .T. ) ;
#3639 = PRESENTATION_STYLE_ASSIGNMENT (( #3427 ) ) ;
#3640 = FACE_OUTER_BOUND ( 'NONE', #254, .T. ) ;
#3641 = ORIENTED_EDGE ( 'NONE', *, *, #8856, .T. ) ;
#3642 = ADVANCED_FACE ( 'NONE', ( #12027 ), #10988, .T. ) ;
#3643 = CARTESIAN_POINT ( 'NONE',  ( -3.899999999999999900, -0.4749999999999999800, -1.600000000000000100 ) ) ;
#3644 = DIRECTION ( 'NONE',  ( 0.0000000000000000000, 0.0000000000000000000, -1.000000000000000000 ) ) ;
#3645 = ORIENTED_EDGE ( 'NONE', *, *, #2405, .T. ) ;
#3646 = DIRECTION ( 'NONE',  ( 0.7071067811865474600, 0.7071067811865474600, 0.0000000000000000000 ) ) ;
#3647 = CARTESIAN_POINT ( 'NONE',  ( 2.035000000000001000, -3.125000000000000000, -0.1000000000000000100 ) ) ;
#3648 = DIRECTION ( 'NONE',  ( 0.0000000000000000000, 0.7071067811865474600, 0.7071067811865474600 ) ) ;
#3649 = CARTESIAN_POINT ( 'NONE',  ( 6.539999999999999100, 0.07500000000000009400, -0.5700000000000000600 ) ) ;
#3650 = ORIENTED_EDGE ( 'NONE', *, *, #271, .T. ) ;
#3652 = EDGE_CURVE ( 'NONE', #6827, #12543, #10953, .T. ) ;
#3651 = ORIENTED_EDGE ( 'NONE', *, *, #9625, .T. ) ;
#3653 = LINE ( 'NONE', #8603, #10570 ) ;
#3654 = CARTESIAN_POINT ( 'NONE',  ( -3.284999999999998800, -3.125000000000000000, -0.1000000000000000100 ) ) ;
#3655 = VECTOR ( 'NONE', #2693, 1000.000000000000000 ) ;
#3656 = EDGE_CURVE ( 'NONE', #8552, #8403, #3732, .T. ) ;
#3657 = ADVANCED_FACE ( 'NONE', ( #9409 ), #3272, .F. ) ;
#3658 = CARTESIAN_POINT ( 'NONE',  ( 2.875000000000000000, -3.225000000000000100, 1.100000000000000100 ) ) ;
#3659 = STYLED_ITEM ( 'NONE', ( #3639 ), #11708 ) ;
#3660 = CARTESIAN_POINT ( 'NONE',  ( -7.375000000000000900, -2.225000000000000100, -1.550000000000000300 ) ) ;
#3661 = FACE_OUTER_BOUND ( 'NONE', #6417, .T. ) ;
#3662 = CARTESIAN_POINT ( 'NONE',  ( 4.535000000000000100, -3.425000000000000300, -1.600000000000000100 ) ) ;
#3663 = ORIENTED_EDGE ( 'NONE', *, *, #10170, .F. ) ;
#3664 = VECTOR ( 'NONE', #11145, 1000.000000000000000 ) ;
#3665 = EDGE_CURVE ( 'NONE', #4186, #4632, #6645, .T. ) ;
#3666 = ORIENTED_EDGE ( 'NONE', *, *, #10867, .T. ) ;
#3667 = DIRECTION ( 'NONE',  ( 1.000000000000000000, 0.0000000000000000000, -0.0000000000000000000 ) ) ;
#3668 = CARTESIAN_POINT ( 'NONE',  ( 0.0000000000000000000, 0.0000000000000000000, -1.800000000000000300 ) ) ;
#3669 = VERTEX_POINT ( 'NONE', #2259 ) ;
#3670 = CARTESIAN_POINT ( 'NONE',  ( -7.375000000000000900, 0.5749999999999999600, -1.000000000000000000 ) ) ;
#3671 = EDGE_CURVE ( 'NONE', #1381, #665, #4162, .T. ) ;
#3672 = CARTESIAN_POINT ( 'NONE',  ( -0.7849999999999983700, -4.208005078473780400, -0.1000000000000000100 ) ) ;
#3673 = FACE_OUTER_BOUND ( 'NONE', #16, .T. ) ;
#3674 = DIRECTION ( 'NONE',  ( 0.0000000000000000000, 0.0000000000000000000, -1.000000000000000000 ) ) ;
#3675 = VECTOR ( 'NONE', #3457, 1000.000000000000100 ) ;
#3676 = ORIENTED_EDGE ( 'NONE', *, *, #3728, .T. ) ;
#3677 = DIRECTION ( 'NONE',  ( 0.0000000000000000000, 0.7071067811865473500, 0.7071067811865477900 ) ) ;
#3678 = UNCERTAINTY_MEASURE_WITH_UNIT (LENGTH_MEASURE( 1.000000000000000100E-005 ), #3155, 'distance_accuracy_value', 'NONE');
#3679 = DIRECTION ( 'NONE',  ( 0.0000000000000000000, 0.0000000000000000000, 1.000000000000000000 ) ) ;
#3680 = LINE ( 'NONE', #5519, #1481 ) ;
#3681 = CARTESIAN_POINT ( 'NONE',  ( 6.009999999999999800, -2.125000000000000000, -0.8850000000000000100 ) ) ;
#3682 = LINE ( 'NONE', #6842, #12450 ) ;
#3683 = VECTOR ( 'NONE', #5934, 1000.000000000000000 ) ;
#3684 = ORIENTED_EDGE ( 'NONE', *, *, #2216, .T. ) ;
#3685 = ADVANCED_FACE ( 'NONE', ( #8348 ), #5246, .F. ) ;
#3686 = EDGE_CURVE ( 'NONE', #4555, #6743, #11432, .T. ) ;
#3687 = ORIENTED_EDGE ( 'NONE', *, *, #9232, .F. ) ;
#3688 = CARTESIAN_POINT ( 'NONE',  ( 5.275000000000000400, -0.1750000000000000200, 1.200000000000000000 ) ) ;
#3689 = VECTOR ( 'NONE', #10663, 1000.000000000000000 ) ;
#3690 = VECTOR ( 'NONE', #7054, 1000.000000000000000 ) ;
#3691 = DIRECTION ( 'NONE',  ( 0.0000000000000000000, 0.0000000000000000000, 1.000000000000000000 ) ) ;
#3692 = VECTOR ( 'NONE', #7173, 1000.000000000000000 ) ;
#3693 = EDGE_LOOP ( 'NONE', ( #9870, #8080, #6766, #2655 ) ) ;
#3694 = CARTESIAN_POINT ( 'NONE',  ( -0.7849999999999985900, -0.2250000000000002800, -0.8500000000000000900 ) ) ;
#3695 = LINE ( 'NONE', #5554, #11557 ) ;
#3696 = VERTEX_POINT ( 'NONE', #5115 ) ;
#3697 = ORIENTED_EDGE ( 'NONE', *, *, #5168, .T. ) ;
#3698 = ADVANCED_FACE ( 'NONE', ( #11724 ), #11591, .T. ) ;
#3699 = DIRECTION ( 'NONE',  ( 0.0000000000000000000, 1.000000000000000000, -0.0000000000000000000 ) ) ;
#3700 = CARTESIAN_POINT ( 'NONE',  ( 4.214999999999999900, -4.224999999999999600, 1.600000000000000100 ) ) ;
#3701 = EDGE_CURVE ( 'NONE', #2961, #9577, #5706, .T. ) ;
#3702 = LINE ( 'NONE', #12592, #1956 ) ;
#3703 = LINE ( 'NONE', #949, #11419 ) ;
#3704 = FACE_OUTER_BOUND ( 'NONE', #10693, .T. ) ;
#3705 = CARTESIAN_POINT ( 'NONE',  ( 2.125000000000000000, -3.225000000000000100, 1.600000000000000100 ) ) ;
#3706 = LINE ( 'NONE', #10048, #2599 ) ;
#3707 = ORIENTED_EDGE ( 'NONE', *, *, #7591, .F. ) ;
#3708 = ORIENTED_EDGE ( 'NONE', *, *, #11385, .F. ) ;
#3709 = ORIENTED_EDGE ( 'NONE', *, *, #5755, .T. ) ;
#3710 = CARTESIAN_POINT ( 'NONE',  ( 9.090000000000001600, -3.125000000000000000, -0.4250000000000000400 ) ) ;
#3711 = CARTESIAN_POINT ( 'NONE',  ( -6.349999999999999600, -2.225000000000000100, -1.350000000000000100 ) ) ;
#3712 = ADVANCED_FACE ( 'NONE', ( #7084 ), #9123, .T. ) ;
#3713 = CARTESIAN_POINT ( 'NONE',  ( 5.875000000000000000, -2.024999999999999900, -1.500000000000000000 ) ) ;
#3714 = FACE_OUTER_BOUND ( 'NONE', #10003, .T. ) ;
#3715 = AXIS2_PLACEMENT_3D ( 'NONE', #4648, #7529, #625 ) ;
#3716 = VECTOR ( 'NONE', #5377, 1000.000000000000000 ) ;
#3717 = FACE_OUTER_BOUND ( 'NONE', #7359, .T. ) ;
#3718 = PLANE ( 'NONE',  #1518 ) ;
#3719 = CARTESIAN_POINT ( 'NONE',  ( 3.600000000000000500, 0.7750000000000001300, -1.200000000000000000 ) ) ;
#3720 = CARTESIAN_POINT ( 'NONE',  ( -6.870000000000000100, -2.225000000000000100, -0.2950000000000000400 ) ) ;
#3721 = VECTOR ( 'NONE', #8722, 1000.000000000000000 ) ;
#3722 = VERTEX_POINT ( 'NONE', #178 ) ;
#3723 = EDGE_CURVE ( 'NONE', #8533, #5136, #123, .T. ) ;
#3724 = ORIENTED_EDGE ( 'NONE', *, *, #6704, .T. ) ;
#3725 = EDGE_LOOP ( 'NONE', ( #5314, #12751, #9401, #4646 ) ) ;
#3726 = CARTESIAN_POINT ( 'NONE',  ( -6.349999999999999600, -0.02499999999999984900, -0.6450000000000000200 ) ) ;
#3727 = LINE ( 'NONE', #3720, #2143 ) ;
#3728 = EDGE_CURVE ( 'NONE', #965, #2973, #452, .T. ) ;
#3729 = CARTESIAN_POINT ( 'NONE',  ( 0.4650000000000018600, -3.125000000000000000, -0.1000000000000000100 ) ) ;
#3730 = FACE_OUTER_BOUND ( 'NONE', #11730, .T. ) ;
#3731 = AXIS2_PLACEMENT_3D ( 'NONE', #4947, #11849, #9729 ) ;
#3732 = LINE ( 'NONE', #4307, #12656 ) ;
#3733 = CARTESIAN_POINT ( 'NONE',  ( -6.110000000000003000, -0.02499999999999984900, -0.5619337613708084200 ) ) ;
#3734 = ORIENTED_EDGE ( 'NONE', *, *, #6670, .T. ) ;
#3735 = ORIENTED_EDGE ( 'NONE', *, *, #7516, .T. ) ;
#3736 = ORIENTED_EDGE ( 'NONE', *, *, #2114, .T. ) ;
#3737 = AXIS2_PLACEMENT_3D ( 'NONE', #9252, #6317, #10288 ) ;
#3738 = ORIENTED_EDGE ( 'NONE', *, *, #6176, .T. ) ;
#3739 = EDGE_CURVE ( 'NONE', #5131, #2008, #10787, .T. ) ;
#3740 = DIRECTION ( 'NONE',  ( -0.0000000000000000000, 0.0000000000000000000, -1.000000000000000000 ) ) ;
#3741 = PLANE ( 'NONE',  #9323 ) ;
#3742 = EDGE_CURVE ( 'NONE', #5567, #8047, #5550, .T. ) ;
#3743 = ORIENTED_EDGE ( 'NONE', *, *, #526, .F. ) ;
#3744 = ORIENTED_EDGE ( 'NONE', *, *, #1211, .T. ) ;
#3745 = ORIENTED_EDGE ( 'NONE', *, *, #10738, .F. ) ;
#3746 = DIRECTION ( 'NONE',  ( 0.0000000000000000000, 0.0000000000000000000, -1.000000000000000000 ) ) ;
#3747 = VECTOR ( 'NONE', #8750, 1000.000000000000000 ) ;
#3748 = ORIENTED_EDGE ( 'NONE', *, *, #7307, .T. ) ;
#3749 = CARTESIAN_POINT ( 'NONE',  ( -5.875000000000000000, -0.02500000000000000100, -0.5450000000000001500 ) ) ;
#3750 = ORIENTED_EDGE ( 'NONE', *, *, #7819, .F. ) ;
#3751 = DIRECTION ( 'NONE',  ( -0.0000000000000000000, 1.000000000000000000, 0.0000000000000000000 ) ) ;
#3752 = CARTESIAN_POINT ( 'NONE',  ( 2.125000000000000000, -2.625000000000000000, 1.600000000000000100 ) ) ;
#3753 = DIRECTION ( 'NONE',  ( -1.000000000000000000, 0.0000000000000000000, -0.0000000000000000000 ) ) ;
#3754 = ORIENTED_EDGE ( 'NONE', *, *, #4703, .F. ) ;
#3755 = EDGE_CURVE ( 'NONE', #10154, #5082, #7709, .T. ) ;
#3756 = DIRECTION ( 'NONE',  ( 1.000000000000000000, 0.0000000000000000000, 0.0000000000000000000 ) ) ;
#3757 = ORIENTED_EDGE ( 'NONE', *, *, #12744, .T. ) ;
#3758 = ORIENTED_EDGE ( 'NONE', *, *, #6517, .T. ) ;
#3759 = LINE ( 'NONE', #2156, #482 ) ;
#3760 = VECTOR ( 'NONE', #2737, 1000.000000000000000 ) ;
#3761 = ORIENTED_EDGE ( 'NONE', *, *, #4976, .F. ) ;
#3762 = EDGE_CURVE ( 'NONE', #8685, #10166, #4335, .T. ) ;
#3763 = ADVANCED_FACE ( 'NONE', ( #7410 ), #8190, .F. ) ;
#3764 = DIRECTION ( 'NONE',  ( -0.5773502691896240700, -0.5773502691896266200, 0.5773502691896266200 ) ) ;
#3765 = ORIENTED_EDGE ( 'NONE', *, *, #8990, .F. ) ;
#3766 = DIRECTION ( 'NONE',  ( -0.7071067811865495700, 0.0000000000000000000, 0.7071067811865454600 ) ) ;
#3767 = CARTESIAN_POINT ( 'NONE',  ( -2.964999999999999900, -3.125000000000000000, -0.1000000000000000100 ) ) ;
#3768 = PLANE ( 'NONE',  #8740 ) ;
#3769 = ORIENTED_EDGE ( 'NONE', *, *, #1799, .T. ) ;
#3770 = EDGE_LOOP ( 'NONE', ( #3526, #2788, #1058, #9793 ) ) ;
#3771 = LINE ( 'NONE', #7178, #1593 ) ;
#3772 = VECTOR ( 'NONE', #4400, 1000.000000000000000 ) ;
#3773 = CARTESIAN_POINT ( 'NONE',  ( -4.125000000000000000, -2.625000000000000000, 1.600000000000000100 ) ) ;
#3774 = VERTEX_POINT ( 'NONE', #9262 ) ;
#3775 = AXIS2_PLACEMENT_3D ( 'NONE', #7101, #5944, #2090 ) ;
#3776 = ORIENTED_EDGE ( 'NONE', *, *, #5465, .T. ) ;
#3777 = EDGE_CURVE ( 'NONE', #7673, #5699, #4781, .T. ) ;
#3778 = AXIS2_PLACEMENT_3D ( 'NONE', #9901, #11938, #6022 ) ;
#3779 = CARTESIAN_POINT ( 'NONE',  ( 6.110000000000001200, 0.07500000000000013600, -1.300000000000000000 ) ) ;
#3780 = ORIENTED_EDGE ( 'NONE', *, *, #4447, .T. ) ;
#3781 = ORIENTED_EDGE ( 'NONE', *, *, #10566, .F. ) ;
#3782 = LINE ( 'NONE', #1783, #8070 ) ;
#3783 = VECTOR ( 'NONE', #10093, 1000.000000000000100 ) ;
#3784 = ORIENTED_EDGE ( 'NONE', *, *, #8378, .F. ) ;
#3785 = DIRECTION ( 'NONE',  ( 0.0000000000000000000, 0.0000000000000000000, -1.000000000000000000 ) ) ;
#3786 = VERTEX_POINT ( 'NONE', #8321 ) ;
#3787 = DIRECTION ( 'NONE',  ( 1.000000000000000000, 0.0000000000000000000, 0.0000000000000000000 ) ) ;
#3788 = ORIENTED_EDGE ( 'NONE', *, *, #11005, .F. ) ;
#3789 = VECTOR ( 'NONE', #8408, 1000.000000000000000 ) ;
#3790 = PLANE ( 'NONE',  #11759 ) ;
#3791 = CARTESIAN_POINT ( 'NONE',  ( -4.125000000000000000, -3.225000000000000100, 1.100000000000000100 ) ) ;
#3792 = EDGE_CURVE ( 'NONE', #101, #12673, #4484, .T. ) ;
#3793 = ORIENTED_EDGE ( 'NONE', *, *, #8585, .T. ) ;
#3794 = PLANE ( 'NONE',  #8579 ) ;
#3795 = EDGE_CURVE ( 'NONE', #1285, #6712, #1695, .T. ) ;
#3796 = ORIENTED_EDGE ( 'NONE', *, *, #4558, .T. ) ;
#3797 = FACE_OUTER_BOUND ( 'NONE', #12524, .T. ) ;
#3798 = CARTESIAN_POINT ( 'NONE',  ( 2.125000000000000000, -3.225000000000000100, -1.800000000000000300 ) ) ;
#3799 = CARTESIAN_POINT ( 'NONE',  ( -4.214999999999999900, -3.125000000000000000, -0.8499999999999999800 ) ) ;
#3800 = ORIENTED_EDGE ( 'NONE', *, *, #6791, .T. ) ;
#3801 = VECTOR ( 'NONE', #3393, 1000.000000000000000 ) ;
#3802 = DIRECTION ( 'NONE',  ( 0.0000000000000000000, 1.000000000000000000, 0.0000000000000000000 ) ) ;
#3803 = VECTOR ( 'NONE', #1400, 1000.000000000000000 ) ;
#3804 = DIRECTION ( 'NONE',  ( -0.0000000000000000000, 1.000000000000000000, 0.0000000000000000000 ) ) ;
#3805 = AXIS2_PLACEMENT_3D ( 'NONE', #232, #9132, #11131 ) ;
#3806 = CARTESIAN_POINT ( 'NONE',  ( 6.870000000000000100, -2.225000000000000100, -0.2950000000000000400 ) ) ;
#3807 = EDGE_CURVE ( 'NONE', #7417, #10856, #9700, .T. ) ;
#3808 = DIRECTION ( 'NONE',  ( 0.0000000000000000000, 1.000000000000000000, -0.0000000000000000000 ) ) ;
#3809 = ORIENTED_EDGE ( 'NONE', *, *, #12224, .F. ) ;
#3810 = FACE_OUTER_BOUND ( 'NONE', #12526, .T. ) ;
#3811 = LINE ( 'NONE', #8724, #2404 ) ;
#3812 = PLANE ( 'NONE',  #2118 ) ;
#3813 = ORIENTED_EDGE ( 'NONE', *, *, #6476, .F. ) ;
#3814 = LINE ( 'NONE', #720, #8865 ) ;
#3815 = EDGE_CURVE ( 'NONE', #12075, #10333, #12339, .T. ) ;
#3816 = ADVANCED_FACE ( 'NONE', ( #105 ), #9301, .T. ) ;
#3817 = LINE ( 'NONE', #3151, #1150 ) ;
#3818 = VERTEX_POINT ( 'NONE', #1532 ) ;
#3819 = LINE ( 'NONE', #12557, #9661 ) ;
#3820 = LINE ( 'NONE', #9508, #11381 ) ;
#3821 = DIRECTION ( 'NONE',  ( -0.0000000000000000000, 0.3303504247281061600, 0.9438583563660174500 ) ) ;
#3822 = EDGE_CURVE ( 'NONE', #12602, #9954, #9398, .T. ) ;
#3823 = VERTEX_POINT ( 'NONE', #8449 ) ;
#3824 = DIRECTION ( 'NONE',  ( 0.0000000000000000000, 0.0000000000000000000, 1.000000000000000000 ) ) ;
#3825 = DIRECTION ( 'NONE',  ( 0.0000000000000000000, 1.000000000000000000, 0.0000000000000000000 ) ) ;
#3826 = VECTOR ( 'NONE', #5509, 1000.000000000000000 ) ;
#3827 = CARTESIAN_POINT ( 'NONE',  ( -1.715000000000000100, -3.225000000000000100, -0.9250000000000000400 ) ) ;
#3828 = VECTOR ( 'NONE', #326, 1000.000000000000000 ) ;
#3829 = CARTESIAN_POINT ( 'NONE',  ( 0.7850000000000000300, -3.425000000000000300, -1.125000000000000200 ) ) ;
#3830 = VECTOR ( 'NONE', #5295, 1000.000000000000000 ) ;
#3831 = VERTEX_POINT ( 'NONE', #4397 ) ;
#3832 = ORIENTED_EDGE ( 'NONE', *, *, #10926, .T. ) ;
#3833 = ORIENTED_EDGE ( 'NONE', *, *, #5611, .T. ) ;
#3834 = CARTESIAN_POINT ( 'NONE',  ( -7.575000000000001100, -0.2249999999999999500, -1.800000000000000500 ) ) ;
#3835 = EDGE_CURVE ( 'NONE', #4644, #10737, #745, .T. ) ;
#3836 = PLANE ( 'NONE',  #2262 ) ;
#3837 = DIRECTION ( 'NONE',  ( 0.0000000000000000000, 1.000000000000000000, 0.0000000000000000000 ) ) ;
#3838 = LINE ( 'NONE', #359, #9528 ) ;
#3839 = CARTESIAN_POINT ( 'NONE',  ( -4.535000000000000100, -3.125000000000000000, -0.9250000000000000400 ) ) ;
#3840 = FACE_OUTER_BOUND ( 'NONE', #8667, .T. ) ;
#3841 = EDGE_CURVE ( 'NONE', #2884, #11681, #7848, .T. ) ;
#3842 = VECTOR ( 'NONE', #3599, 1000.000000000000000 ) ;
#3843 = DIRECTION ( 'NONE',  ( 1.000000000000000000, 0.0000000000000000000, -0.0000000000000000000 ) ) ;
#3844 = FACE_OUTER_BOUND ( 'NONE', #189, .T. ) ;
#3845 = ORIENTED_EDGE ( 'NONE', *, *, #11244, .T. ) ;
#3846 = ORIENTED_EDGE ( 'NONE', *, *, #4860, .F. ) ;
#3847 = CARTESIAN_POINT ( 'NONE',  ( 6.349999999999999600, -1.075000000000000000, -1.309999999999999600 ) ) ;
#3848 = ORIENTED_EDGE ( 'NONE', *, *, #5448, .F. ) ;
#3849 = EDGE_CURVE ( 'NONE', #1708, #4593, #4006, .T. ) ;
#3850 = LINE ( 'NONE', #5107, #6907 ) ;
#3851 = VECTOR ( 'NONE', #8882, 1000.000000000000000 ) ;
#3852 = COLOUR_RGB ( '',0.7921568627450980000, 0.8196078431372548800, 0.9333333333333333500 ) ;
#3853 = VECTOR ( 'NONE', #5384, 1000.000000000000000 ) ;
#3854 = ORIENTED_EDGE ( 'NONE', *, *, #1955, .T. ) ;
#3855 = ORIENTED_EDGE ( 'NONE', *, *, #362, .F. ) ;
#3856 = VERTEX_POINT ( 'NONE', #1447 ) ;
#3857 = EDGE_CURVE ( 'NONE', #10569, #255, #4919, .T. ) ;
#3858 = AXIS2_PLACEMENT_3D ( 'NONE', #8816, #11715, #7861 ) ;
#3859 = VECTOR ( 'NONE', #1824, 1000.000000000000000 ) ;
#3860 = DIRECTION ( 'NONE',  ( -0.0000000000000000000, 1.000000000000000000, 0.0000000000000000000 ) ) ;
#3861 = EDGE_CURVE ( 'NONE', #3106, #4011, #1374, .T. ) ;
#3862 = LINE ( 'NONE', #10855, #603 ) ;
#3863 = DIRECTION ( 'NONE',  ( 0.7071067811865475700, 0.0000000000000000000, 0.7071067811865475700 ) ) ;
#3864 = VECTOR ( 'NONE', #12519, 1000.000000000000000 ) ;
#3865 = CARTESIAN_POINT ( 'NONE',  ( 4.214999999999999900, -3.225000000000000100, -1.125000000000000200 ) ) ;
#3866 = ORIENTED_EDGE ( 'NONE', *, *, #10308, .F. ) ;
#3867 = ORIENTED_EDGE ( 'NONE', *, *, #12695, .F. ) ;
#3868 = DIRECTION ( 'NONE',  ( -0.0000000000000000000, 0.0000000000000000000, -1.000000000000000000 ) ) ;
#3869 = VERTEX_POINT ( 'NONE', #6369 ) ;
#3870 = VECTOR ( 'NONE', #12250, 1000.000000000000000 ) ;
#3871 = AXIS2_PLACEMENT_3D ( 'NONE', #318, #12105, #1316 ) ;
#3872 = DIRECTION ( 'NONE',  ( 0.0000000000000000000, 0.0000000000000000000, -1.000000000000000000 ) ) ;
#3873 = ADVANCED_FACE ( 'NONE', ( #8639 ), #5331, .T. ) ;
#3874 = LINE ( 'NONE', #1846, #7860 ) ;
#3875 = EDGE_CURVE ( 'NONE', #3774, #762, #10939, .T. ) ;
#3876 = DIRECTION ( 'NONE',  ( 1.000000000000000000, 0.0000000000000000000, -0.0000000000000000000 ) ) ;
#3877 = CARTESIAN_POINT ( 'NONE',  ( -4.535000000000000100, -3.775000000000000400, -0.5749999999999999600 ) ) ;
#3878 = CARTESIAN_POINT ( 'NONE',  ( 4.535000000000000100, -4.224999999999999600, 1.600000000000000100 ) ) ;
#3879 = ORIENTED_EDGE ( 'NONE', *, *, #7754, .T. ) ;
#3880 = VERTEX_POINT ( 'NONE', #12244 ) ;
#3881 = ORIENTED_EDGE ( 'NONE', *, *, #1646, .F. ) ;
#3882 = EDGE_CURVE ( 'NONE', #9287, #609, #2454, .T. ) ;
#3883 = ORIENTED_EDGE ( 'NONE', *, *, #7501, .F. ) ;
#3884 = MECHANICAL_DESIGN_GEOMETRIC_PRESENTATION_REPRESENTATION (  '', ( #4780 ), #383 ) ;
#3885 = CARTESIAN_POINT ( 'NONE',  ( -7.075000000000000200, 0.5749999999999999600, 0.4000000000000000200 ) ) ;
#3886 = ORIENTED_EDGE ( 'NONE', *, *, #6593, .T. ) ;
#3887 = DIRECTION ( 'NONE',  ( 1.000000000000000000, 0.0000000000000000000, -0.0000000000000000000 ) ) ;
#3888 = AXIS2_PLACEMENT_3D ( 'NONE', #2038, #84, #6922 ) ;
#3889 = EDGE_LOOP ( 'NONE', ( #12203, #10529, #5298, #2911, #10212, #6203, #10933, #2949, #7830, #1989, #11448, #9135, #8104, #10206, #5439, #1502 ) ) ;
#3890 = VERTEX_POINT ( 'NONE', #9553 ) ;
#3891 = ORIENTED_EDGE ( 'NONE', *, *, #674, .F. ) ;
#3892 = LINE ( 'NONE', #4156, #11751 ) ;
#3893 = EDGE_CURVE ( 'NONE', #3084, #9905, #10493, .T. ) ;
#3894 = LINE ( 'NONE', #528, #7877 ) ;
#3895 = PLANE ( 'NONE',  #221 ) ;
#3896 = VERTEX_POINT ( 'NONE', #7407 ) ;
#3897 = ORIENTED_EDGE ( 'NONE', *, *, #2466, .T. ) ;
#3898 = EDGE_CURVE ( 'NONE', #10016, #5716, #2132, .T. ) ;
#3899 = ORIENTED_EDGE ( 'NONE', *, *, #4792, .T. ) ;
#3900 = DIRECTION ( 'NONE',  ( -0.0000000000000000000, -0.0000000000000000000, -1.000000000000000000 ) ) ;
#3901 = AXIS2_PLACEMENT_3D ( 'NONE', #6131, #9155, #4290 ) ;
#3902 = VERTEX_POINT ( 'NONE', #5715 ) ;
#3903 = VERTEX_POINT ( 'NONE', #1577 ) ;
#3904 = LINE ( 'NONE', #2069, #1256 ) ;
#3905 = CARTESIAN_POINT ( 'NONE',  ( 1.715000000000000100, -3.775000000000000400, -0.4249999999999999300 ) ) ;
#3906 = LINE ( 'NONE', #3918, #5596 ) ;
#3907 = CARTESIAN_POINT ( 'NONE',  ( 5.224999999999999600, -3.125000000000000000, -0.5000000000000000000 ) ) ;
#3908 = ORIENTED_EDGE ( 'NONE', *, *, #4479, .T. ) ;
#3909 = DIRECTION ( 'NONE',  ( 0.0000000000000000000, 0.3303504247281061600, -0.9438583563660174500 ) ) ;
#3910 = CARTESIAN_POINT ( 'NONE',  ( 4.214999999999999900, -3.624999999999999600, -1.800000000000000300 ) ) ;
#3911 = ORIENTED_EDGE ( 'NONE', *, *, #2396, .T. ) ;
#3912 = EDGE_LOOP ( 'NONE', ( #8217, #2992, #2953, #7875 ) ) ;
#3913 = DIRECTION ( 'NONE',  ( 0.0000000000000000000, 0.0000000000000000000, 1.000000000000000000 ) ) ;
#3914 = CARTESIAN_POINT ( 'NONE',  ( -6.870000000000000100, -2.024999999999999900, -0.5699999999999999500 ) ) ;
#3915 = ORIENTED_EDGE ( 'NONE', *, *, #12263, .F. ) ;
#3916 = ORIENTED_EDGE ( 'NONE', *, *, #8963, .F. ) ;
#3917 = LINE ( 'NONE', #10289, #1273 ) ;
#3918 = CARTESIAN_POINT ( 'NONE',  ( 2.035000000000000100, -4.224999999999999600, 1.600000000000000100 ) ) ;
#3919 = LINE ( 'NONE', #3239, #5134 ) ;
#3920 = CARTESIAN_POINT ( 'NONE',  ( -6.550000000000000700, -2.225000000000000100, -1.800000000000000300 ) ) ;
#3921 = VERTEX_POINT ( 'NONE', #8493 ) ;
#3922 = DIRECTION ( 'NONE',  ( -0.0000000000000000000, 0.3303504247281061600, 0.9438583563660174500 ) ) ;
#3923 = DIRECTION ( 'NONE',  ( 0.0000000000000000000, 1.000000000000000000, 0.0000000000000000000 ) ) ;
#3924 = ORIENTED_EDGE ( 'NONE', *, *, #2791, .T. ) ;
#3925 = PLANE ( 'NONE',  #10942 ) ;
#3926 = CARTESIAN_POINT ( 'NONE',  ( 0.4650000000000054600, -0.2250000000000012000, -0.09999999999999977000 ) ) ;
#3927 = ORIENTED_EDGE ( 'NONE', *, *, #4246, .T. ) ;
#3928 = LINE ( 'NONE', #3514, #9326 ) ;
#3929 = CARTESIAN_POINT ( 'NONE',  ( 6.449999999999999300, -2.225000000000000100, -0.5450000000000001500 ) ) ;
#3930 = LINE ( 'NONE', #6181, #9619 ) ;
#3931 = ORIENTED_EDGE ( 'NONE', *, *, #2806, .F. ) ;
#3932 = ORIENTED_EDGE ( 'NONE', *, *, #4751, .T. ) ;
#3933 = EDGE_CURVE ( 'NONE', #2481, #5226, #5233, .T. ) ;
#3934 = AXIS2_PLACEMENT_3D ( 'NONE', #7883, #3059, #4913 ) ;
#3935 = DIRECTION ( 'NONE',  ( 1.000000000000000000, -0.0000000000000000000, 0.0000000000000000000 ) ) ;
#3936 = ORIENTED_EDGE ( 'NONE', *, *, #2543, .F. ) ;
#3937 = ADVANCED_FACE ( 'NONE', ( #7694 ), #2568, .F. ) ;
#3938 = ORIENTED_EDGE ( 'NONE', *, *, #7024, .F. ) ;
#3939 = CARTESIAN_POINT ( 'NONE',  ( -5.174999999999999800, -3.224999999999999600, -1.600000000000000100 ) ) ;
#3940 = LINE ( 'NONE', #12726, #1296 ) ;
#3941 = LINE ( 'NONE', #10628, #1450 ) ;
#3942 = CARTESIAN_POINT ( 'NONE',  ( 0.7850000000000010300, -1.975000000000000100, -0.8499999999999999800 ) ) ;
#3943 = ORIENTED_EDGE ( 'NONE', *, *, #3835, .F. ) ;
#3944 = DIRECTION ( 'NONE',  ( -0.0000000000000000000, 0.0000000000000000000, 1.000000000000000000 ) ) ;
#3945 = VECTOR ( 'NONE', #1694, 1000.000000000000000 ) ;
#3946 = PLANE ( 'NONE',  #7171 ) ;
#3948 = EDGE_CURVE ( 'NONE', #10725, #6638, #8919, .T. ) ;
#3947 = ORIENTED_EDGE ( 'NONE', *, *, #11819, .F. ) ;
#3949 = FACE_OUTER_BOUND ( 'NONE', #9597, .T. ) ;
#3950 = VERTEX_POINT ( 'NONE', #12623 ) ;
#3951 = VECTOR ( 'NONE', #12515, 1000.000000000000000 ) ;
#3952 = DIRECTION ( 'NONE',  ( 1.000000000000000000, 0.0000000000000000000, 0.0000000000000000000 ) ) ;
#3953 = EDGE_CURVE ( 'NONE', #7284, #12003, #1043, .T. ) ;
#3954 = CARTESIAN_POINT ( 'NONE',  ( -2.964999999999999900, -4.208005078473780400, -0.8499999999999999800 ) ) ;
#3955 = AXIS2_PLACEMENT_3D ( 'NONE', #5385, #11438, #5503 ) ;
#3956 = ORIENTED_EDGE ( 'NONE', *, *, #8082, .T. ) ;
#3957 = DIRECTION ( 'NONE',  ( -0.0000000000000000000, 0.0000000000000000000, -1.000000000000000000 ) ) ;
#3958 = LINE ( 'NONE', #10199, #10281 ) ;
#3959 = DIRECTION ( 'NONE',  ( -1.000000000000000000, 0.0000000000000000000, -0.0000000000000000000 ) ) ;
#3960 = SURFACE_STYLE_USAGE ( .BOTH. , #11802 ) ;
#3961 = DIRECTION ( 'NONE',  ( 1.000000000000000000, 0.0000000000000000000, -0.0000000000000000000 ) ) ;
#3962 = VECTOR ( 'NONE', #673, 1000.000000000000000 ) ;
#3963 = ORIENTED_EDGE ( 'NONE', *, *, #2840, .T. ) ;
#3964 = CARTESIAN_POINT ( 'NONE',  ( -1.625000000000000200, -2.625000000000000000, 1.100000000000000100 ) ) ;
#3965 = EDGE_CURVE ( 'NONE', #8373, #3696, #6773, .T. ) ;
#3966 = VECTOR ( 'NONE', #6220, 1000.000000000000100 ) ;
#3967 = DIRECTION ( 'NONE',  ( -1.000000000000000000, 0.0000000000000000000, 0.0000000000000000000 ) ) ;
#3968 = EDGE_CURVE ( 'NONE', #11099, #10546, #12644, .T. ) ;
#3969 = LINE ( 'NONE', #10676, #12147 ) ;
#3970 = FACE_OUTER_BOUND ( 'NONE', #7271, .T. ) ;
#3971 = AXIS2_PLACEMENT_3D ( 'NONE', #12632, #11761, #12714 ) ;
#3972 = ORIENTED_EDGE ( 'NONE', *, *, #5633, .T. ) ;
#3973 = DIRECTION ( 'NONE',  ( -0.0000000000000000000, 0.0000000000000000000, 1.000000000000000000 ) ) ;
#3974 = EDGE_LOOP ( 'NONE', ( #11344, #7038, #7109, #3125, #10253, #3107, #4830, #7520, #9665, #10554, #481, #1978, #6144, #4144, #12828, #1490 ) ) ;
#3975 = LINE ( 'NONE', #9471, #5205 ) ;
#3976 = CARTESIAN_POINT ( 'NONE',  ( 1.925000000000002700, 0.2750000000000006300, -0.2750000000000000200 ) ) ;
#3977 = EDGE_CURVE ( 'NONE', #1061, #12260, #2609, .T. ) ;
#3978 = LINE ( 'NONE', #1433, #12635 ) ;
#3979 = LINE ( 'NONE', #2879, #11554 ) ;
#3980 = DIRECTION ( 'NONE',  ( 1.000000000000000000, 0.0000000000000000000, 0.0000000000000000000 ) ) ;
#3981 = VERTEX_POINT ( 'NONE', #9636 ) ;
#3982 = VECTOR ( 'NONE', #12333, 1000.000000000000000 ) ;
#3983 = VERTEX_POINT ( 'NONE', #6587 ) ;
#3984 = ORIENTED_EDGE ( 'NONE', *, *, #3048, .T. ) ;
#3985 = CARTESIAN_POINT ( 'NONE',  ( -1.715000000000000100, -3.924999999999999800, 1.600000000000000100 ) ) ;
#3986 = CARTESIAN_POINT ( 'NONE',  ( -2.964999999999999900, -4.224999999999999600, -1.600000000000000100 ) ) ;
#3987 = DIRECTION ( 'NONE',  ( 1.000000000000000000, 0.0000000000000000000, -0.0000000000000000000 ) ) ;
#3988 = CARTESIAN_POINT ( 'NONE',  ( 5.575000000000000200, 0.9749999999999999800, -0.4500000000000000700 ) ) ;
#3989 = VECTOR ( 'NONE', #6058, 1000.000000000000000 ) ;
#3990 = VECTOR ( 'NONE', #7774, 1000.000000000000000 ) ;
#3991 = VECTOR ( 'NONE', #1904, 1000.000000000000100 ) ;
#3992 = DIRECTION ( 'NONE',  ( 0.0000000000000000000, 0.0000000000000000000, 1.000000000000000000 ) ) ;
#3993 = ADVANCED_FACE ( 'NONE', ( #7391, #11267, #4765, #10176, #7066, #2920, #1814, #3405, #12504, #8335 ), #782, .F. ) ;
#3994 = VECTOR ( 'NONE', #2943, 1000.000000000000000 ) ;
#3995 = ORIENTED_EDGE ( 'NONE', *, *, #6090, .F. ) ;
#3996 = CARTESIAN_POINT ( 'NONE',  ( 3.284999999999999700, -3.125000000000000000, -1.300000000000000300 ) ) ;
#3997 = VERTEX_POINT ( 'NONE', #11553 ) ;
#3998 = VERTEX_POINT ( 'NONE', #3594 ) ;
#3999 = EDGE_CURVE ( 'NONE', #7910, #12093, #7551, .T. ) ;
#4000 = CARTESIAN_POINT ( 'NONE',  ( 6.375000000000000900, -2.225000000000000100, 0.3999999999999999700 ) ) ;
#4001 = CARTESIAN_POINT ( 'NONE',  ( -5.675000000000000700, 0.9749999999999999800, -1.800000000000000300 ) ) ;
#4002 = DIRECTION ( 'NONE',  ( 0.0000000000000000000, 0.0000000000000000000, -1.000000000000000000 ) ) ;
#4003 = CARTESIAN_POINT ( 'NONE',  ( -0.4650000000000000200, -4.224999999999999600, -1.300000000000000300 ) ) ;
#4004 = EDGE_CURVE ( 'NONE', #5072, #2561, #12011, .T. ) ;
#4005 = LINE ( 'NONE', #7491, #9072 ) ;
#4006 = CIRCLE ( 'NONE', #10304, 0.4500000000000001200 ) ;
#4007 = CARTESIAN_POINT ( 'NONE',  ( 5.375000000000000000, -2.625000000000000000, 1.600000000000000100 ) ) ;
#4008 = LINE ( 'NONE', #5648, #4323 ) ;
#4009 = ORIENTED_EDGE ( 'NONE', *, *, #12570, .T. ) ;
#4010 = ORIENTED_EDGE ( 'NONE', *, *, #10051, .F. ) ;
#4011 = VERTEX_POINT ( 'NONE', #12455 ) ;
#4012 = ORIENTED_EDGE ( 'NONE', *, *, #11426, .F. ) ;
#4013 = CARTESIAN_POINT ( 'NONE',  ( -2.964999999999999900, -4.224999999999999600, -1.600000000000000100 ) ) ;
#4014 = ORIENTED_EDGE ( 'NONE', *, *, #258, .F. ) ;
#4015 = LINE ( 'NONE', #10388, #6781 ) ;
#4016 = VECTOR ( 'NONE', #6843, 1000.000000000000000 ) ;
#4017 = AXIS2_PLACEMENT_3D ( 'NONE', #1806, #9629, #9701 ) ;
#4018 = VECTOR ( 'NONE', #11031, 1000.000000000000000 ) ;
#4019 = CARTESIAN_POINT ( 'NONE',  ( 7.074999999999999300, 0.5749999999999999600, 0.3999999999999998600 ) ) ;
#4020 = ORIENTED_EDGE ( 'NONE', *, *, #5647, .T. ) ;
#4021 = ORIENTED_EDGE ( 'NONE', *, *, #7874, .F. ) ;
#4022 = EDGE_CURVE ( 'NONE', #9611, #12388, #4627, .T. ) ;
#4023 = ORIENTED_EDGE ( 'NONE', *, *, #1367, .F. ) ;
#4024 = PLANE ( 'NONE',  #3934 ) ;
#4025 = VERTEX_POINT ( 'NONE', #6630 ) ;
#4026 = EDGE_CURVE ( 'NONE', #665, #5304, #3063, .T. ) ;
#4027 = DIRECTION ( 'NONE',  ( 1.000000000000000000, 0.0000000000000000000, 0.0000000000000000000 ) ) ;
#4028 = CARTESIAN_POINT ( 'NONE',  ( 3.899999999999999900, -0.4749999999999999200, -1.600000000000000100 ) ) ;
#4029 = DIRECTION ( 'NONE',  ( -0.0000000000000000000, -0.0000000000000000000, -1.000000000000000000 ) ) ;
#4030 = CARTESIAN_POINT ( 'NONE',  ( 2.875000000000000000, 0.0000000000000000000, 1.600000000000000100 ) ) ;
#4031 = CARTESIAN_POINT ( 'NONE',  ( -5.875000000000000000, -2.224999999999999600, -1.800000000000000300 ) ) ;
#4032 = ORIENTED_EDGE ( 'NONE', *, *, #1786, .T. ) ;
#4033 = EDGE_LOOP ( 'NONE', ( #8209, #10752, #6419, #5649 ) ) ;
#4034 = ORIENTED_EDGE ( 'NONE', *, *, #5943, .F. ) ;
#4035 = LINE ( 'NONE', #9539, #924 ) ;
#4036 = AXIS2_PLACEMENT_3D ( 'NONE', #7124, #387, #12179 ) ;
#4037 = VERTEX_POINT ( 'NONE', #11470 ) ;
#4038 = DIRECTION ( 'NONE',  ( 1.000000000000000000, -0.0000000000000000000, 0.0000000000000000000 ) ) ;
#4039 = EDGE_CURVE ( 'NONE', #11809, #2872, #9556, .T. ) ;
#4040 = ORIENTED_EDGE ( 'NONE', *, *, #3882, .F. ) ;
#4041 = CARTESIAN_POINT ( 'NONE',  ( 7.070000000000001200, -2.225000000000000500, -0.07000000000000002100 ) ) ;
#4042 = CARTESIAN_POINT ( 'NONE',  ( -2.875000000000000000, -3.225000000000000100, -1.800000000000000300 ) ) ;
#4043 = DIRECTION ( 'NONE',  ( 0.0000000000000000000, -1.000000000000000000, -0.0000000000000000000 ) ) ;
#4044 = EDGE_LOOP ( 'NONE', ( #10242, #8368, #1073, #5976 ) ) ;
#4045 = EDGE_CURVE ( 'NONE', #4773, #703, #10633, .T. ) ;
#4046 = ORIENTED_EDGE ( 'NONE', *, *, #9229, .F. ) ;
#4047 = VERTEX_POINT ( 'NONE', #859 ) ;
#4048 = VECTOR ( 'NONE', #11101, 1000.000000000000100 ) ;
#4049 = AXIS2_PLACEMENT_3D ( 'NONE', #5476, #1561, #604 ) ;
#4050 = LINE ( 'NONE', #1743, #4672 ) ;
#4051 = DIRECTION ( 'NONE',  ( -0.6428711427641900000, -0.0000000000000000000, -0.7659743427824879900 ) ) ;
#4052 = VERTEX_POINT ( 'NONE', #6792 ) ;
#4053 = ORIENTED_EDGE ( 'NONE', *, *, #11576, .F. ) ;
#4054 = EDGE_CURVE ( 'NONE', #364, #3473, #439, .T. ) ;
#4055 = CARTESIAN_POINT ( 'NONE',  ( -5.675000000000000700, 0.9749999999999999800, -1.600000000000000100 ) ) ;
#4056 = ORIENTED_EDGE ( 'NONE', *, *, #1919, .F. ) ;
#4057 = EDGE_LOOP ( 'NONE', ( #2751, #1709, #4053, #2613 ) ) ;
#4058 = LINE ( 'NONE', #9115, #11628 ) ;
#4059 = FACE_OUTER_BOUND ( 'NONE', #11494, .T. ) ;
#4060 = ADVANCED_FACE ( 'NONE', ( #5391 ), #10840, .T. ) ;
#4061 = ORIENTED_EDGE ( 'NONE', *, *, #2638, .F. ) ;
#4062 = EDGE_LOOP ( 'NONE', ( #3780, #5000, #1112, #8815 ) ) ;
#4063 = CARTESIAN_POINT ( 'NONE',  ( 4.535000000000000100, -3.924999999999999800, -0.5749999999999999600 ) ) ;
#4064 = VERTEX_POINT ( 'NONE', #2902 ) ;
#4065 = CARTESIAN_POINT ( 'NONE',  ( 4.215000000000001600, -4.208005078473780400, -0.8499999999999999800 ) ) ;
#4066 = LINE ( 'NONE', #9647, #10557 ) ;
#4067 = VECTOR ( 'NONE', #2048, 1000.000000000000000 ) ;
#4068 = DIRECTION ( 'NONE',  ( 0.0000000000000000000, -0.0000000000000000000, -1.000000000000000000 ) ) ;
#4069 = ORIENTED_EDGE ( 'NONE', *, *, #3898, .T. ) ;
#4070 = CARTESIAN_POINT ( 'NONE',  ( 3.375000000000000000, -2.625000000000000000, 1.100000000000000100 ) ) ;
#4071 = CARTESIAN_POINT ( 'NONE',  ( -1.715000000000000100, -4.224999999999999600, -1.300000000000000300 ) ) ;
#4072 = ORIENTED_EDGE ( 'NONE', *, *, #3169, .F. ) ;
#4073 = DIRECTION ( 'NONE',  ( -0.0000000000000000000, -1.000000000000000000, -0.0000000000000000000 ) ) ;
#4074 = ADVANCED_FACE ( 'NONE', ( #10925 ), #12783, .F. ) ;
#4075 = CARTESIAN_POINT ( 'NONE',  ( -5.875000000000000000, -3.225000000000000100, 1.100000000000000100 ) ) ;
#4076 = CARTESIAN_POINT ( 'NONE',  ( -0.7849999999999983700, -3.125000000000000000, -0.8499999999999999800 ) ) ;
#4077 = EDGE_CURVE ( 'NONE', #2392, #5784, #11568, .T. ) ;
#4078 = ORIENTED_EDGE ( 'NONE', *, *, #1833, .T. ) ;
#4079 = FACE_OUTER_BOUND ( 'NONE', #4394, .T. ) ;
#4080 = CARTESIAN_POINT ( 'NONE',  ( -3.284999999999998800, -4.208005078473780400, -0.8499999999999999800 ) ) ;
#4081 = CARTESIAN_POINT ( 'NONE',  ( -4.214999999999999900, -3.125000000000000000, -0.8499999999999999800 ) ) ;
#4082 = EDGE_CURVE ( 'NONE', #5368, #3831, #8160, .T. ) ;
#4083 = DIRECTION ( 'NONE',  ( -1.000000000000000000, -0.0000000000000000000, -0.0000000000000000000 ) ) ;
#4084 = ORIENTED_EDGE ( 'NONE', *, *, #3656, .F. ) ;
#4085 = DIRECTION ( 'NONE',  ( -0.0000000000000000000, 1.000000000000000000, 0.0000000000000000000 ) ) ;
#4086 = CARTESIAN_POINT ( 'NONE',  ( -5.275000000000000400, -1.975000000000000100, -0.4500000000000001200 ) ) ;
#4087 = CARTESIAN_POINT ( 'NONE',  ( -0.4650000000000000200, -3.775000000000000400, -0.5749999999999999600 ) ) ;
#4088 = EDGE_LOOP ( 'NONE', ( #10261, #11500, #1784, #7049 ) ) ;
#4089 = AXIS2_PLACEMENT_3D ( 'NONE', #4393, #3495, #6364 ) ;
#4090 = LINE ( 'NONE', #5130, #6084 ) ;
#4091 = ORIENTED_EDGE ( 'NONE', *, *, #4147, .T. ) ;
#4092 = CYLINDRICAL_SURFACE ( 'NONE', #883, 0.2000000000000000900 ) ;
#4093 = DIRECTION ( 'NONE',  ( -0.0000000000000000000, 0.0000000000000000000, 1.000000000000000000 ) ) ;
#4094 = FACE_OUTER_BOUND ( 'NONE', #6968, .T. ) ;
#4095 = EDGE_CURVE ( 'NONE', #7895, #3482, #9074, .T. ) ;
#4096 = AXIS2_PLACEMENT_3D ( 'NONE', #6296, #3384, #1421 ) ;
#4097 = CARTESIAN_POINT ( 'NONE',  ( -0.8749999999999998900, -3.225000000000000100, -1.800000000000000300 ) ) ;
#4098 = VERTEX_POINT ( 'NONE', #4928 ) ;
#4099 = LINE ( 'NONE', #5747, #9018 ) ;
#4100 = LINE ( 'NONE', #4924, #12605 ) ;
#4101 = DIRECTION ( 'NONE',  ( 0.0000000000000000000, 1.000000000000000000, 0.0000000000000000000 ) ) ;
#4102 = ORIENTED_EDGE ( 'NONE', *, *, #3893, .T. ) ;
#4103 = VECTOR ( 'NONE', #5727, 1000.000000000000100 ) ;
#4104 = DIRECTION ( 'NONE',  ( 0.0000000000000000000, -0.0000000000000000000, -1.000000000000000000 ) ) ;
#4105 = CARTESIAN_POINT ( 'NONE',  ( 2.875000000000000000, -2.625000000000000000, 1.600000000000000100 ) ) ;
#4106 = CARTESIAN_POINT ( 'NONE',  ( 4.125000000000000000, -3.225000000000000100, 1.100000000000000100 ) ) ;
#4107 = EDGE_CURVE ( 'NONE', #2074, #8309, #5981, .T. ) ;
#4108 = VECTOR ( 'NONE', #425, 1000.000000000000000 ) ;
#4109 = EDGE_LOOP ( 'NONE', ( #7767, #6056, #5620, #8632 ) ) ;
#4110 = DIRECTION ( 'NONE',  ( -0.0000000000000000000, 0.0000000000000000000, -1.000000000000000000 ) ) ;
#4111 = VECTOR ( 'NONE', #5558, 1000.000000000000000 ) ;
#4112 = DIRECTION ( 'NONE',  ( 0.0000000000000000000, 0.7071067811866975600, -0.7071067811863974700 ) ) ;
#4113 = LINE ( 'NONE', #6709, #4737 ) ;
#4114 = ORIENTED_EDGE ( 'NONE', *, *, #8748, .F. ) ;
#4115 = EDGE_CURVE ( 'NONE', #10689, #1688, #3703, .T. ) ;
#4116 = ADVANCED_FACE ( 'NONE', ( #1670 ), #3794, .T. ) ;
#4117 = DIRECTION ( 'NONE',  ( 0.0000000000000000000, -1.000000000000000000, 0.0000000000000000000 ) ) ;
#4118 = CARTESIAN_POINT ( 'NONE',  ( -4.125000000000000000, -2.625000000000000000, 1.600000000000000100 ) ) ;
#4119 = CARTESIAN_POINT ( 'NONE',  ( -6.450000000000000200, -0.02499999999999988700, -0.5450000000000001500 ) ) ;
#4120 = VECTOR ( 'NONE', #4027, 1000.000000000000000 ) ;
#4121 = AXIS2_PLACEMENT_3D ( 'NONE', #11427, #4522, #7318 ) ;
#4122 = PLANE ( 'NONE',  #11166 ) ;
#4123 = LINE ( 'NONE', #6256, #3361 ) ;
#4124 = CARTESIAN_POINT ( 'NONE',  ( -3.200000000000000200, -1.625000000000000200, -1.600000000000000100 ) ) ;
#4125 = LINE ( 'NONE', #11292, #6445 ) ;
#4126 = EDGE_CURVE ( 'NONE', #12602, #4300, #4905, .T. ) ;
#4127 = ORIENTED_EDGE ( 'NONE', *, *, #7266, .F. ) ;
#4128 = CARTESIAN_POINT ( 'NONE',  ( 4.215000000000001600, -3.125000000000000000, -0.1000000000000000100 ) ) ;
#4129 = ADVANCED_FACE ( 'NONE', ( #1029 ), #5835, .T. ) ;
#4130 = VERTEX_POINT ( 'NONE', #7692 ) ;
#4131 = ORIENTED_EDGE ( 'NONE', *, *, #43, .F. ) ;
#4132 = CARTESIAN_POINT ( 'NONE',  ( 6.449999999999999300, -0.02499999999999988700, -0.2949999999999999800 ) ) ;
#4133 = EDGE_CURVE ( 'NONE', #267, #7534, #6153, .T. ) ;
#4134 = ADVANCED_FACE ( 'NONE', ( #9233 ), #4847, .F. ) ;
#4135 = DIRECTION ( 'NONE',  ( 0.0000000000000000000, 1.000000000000000000, 0.0000000000000000000 ) ) ;
#4136 = DIRECTION ( 'NONE',  ( 0.0000000000000000000, 0.0000000000000000000, -1.000000000000000000 ) ) ;
#4137 = LINE ( 'NONE', #2393, #7209 ) ;
#4138 = VECTOR ( 'NONE', #9623, 1000.000000000000000 ) ;
#4139 = DIRECTION ( 'NONE',  ( -1.000000000000000000, 0.0000000000000000000, 0.0000000000000000000 ) ) ;
#4140 = LINE ( 'NONE', #2572, #11697 ) ;
#4141 = CARTESIAN_POINT ( 'NONE',  ( 7.575000000000001100, -0.2249999999999999500, -1.550000000000000300 ) ) ;
#4142 = VECTOR ( 'NONE', #5204, 1000.000000000000000 ) ;
#4143 = ORIENTED_EDGE ( 'NONE', *, *, #6854, .T. ) ;
#4144 = ORIENTED_EDGE ( 'NONE', *, *, #1560, .F. ) ;
#4145 = ORIENTED_EDGE ( 'NONE', *, *, #2526, .T. ) ;
#4146 = DIRECTION ( 'NONE',  ( -0.5773502691896224000, 0.5773502691896274000, 0.5773502691896274000 ) ) ;
#4147 = EDGE_CURVE ( 'NONE', #2704, #1010, #11249, .T. ) ;
#4148 = VECTOR ( 'NONE', #3335, 1000.000000000000000 ) ;
#4149 = VECTOR ( 'NONE', #4601, 1000.000000000000000 ) ;
#4150 = DIRECTION ( 'NONE',  ( 0.0000000000000000000, 0.0000000000000000000, -1.000000000000000000 ) ) ;
#4151 = VECTOR ( 'NONE', #2740, 1000.000000000000000 ) ;
#4152 = VECTOR ( 'NONE', #1247, 1000.000000000000100 ) ;
#4153 = ORIENTED_EDGE ( 'NONE', *, *, #7557, .T. ) ;
#4154 = ORIENTED_EDGE ( 'NONE', *, *, #2251, .F. ) ;
#4155 = ORIENTED_EDGE ( 'NONE', *, *, #8720, .F. ) ;
#4156 = CARTESIAN_POINT ( 'NONE',  ( -2.964999999999999900, -3.425000000000000300, 1.600000000000000100 ) ) ;
#4157 = DIRECTION ( 'NONE',  ( 0.0000000000000000000, 0.7071067811865474600, 0.7071067811865474600 ) ) ;
#4158 = DIRECTION ( 'NONE',  ( 1.000000000000000000, 0.0000000000000000000, -0.0000000000000000000 ) ) ;
#4159 = FACE_OUTER_BOUND ( 'NONE', #8411, .T. ) ;
#4160 = VECTOR ( 'NONE', #8890, 1000.000000000000000 ) ;
#4161 = DIRECTION ( 'NONE',  ( -1.000000000000000000, -0.0000000000000000000, -0.0000000000000000000 ) ) ;
#4162 = LINE ( 'NONE', #12151, #1535 ) ;
#4163 = LINE ( 'NONE', #10029, #9089 ) ;
#4164 = CARTESIAN_POINT ( 'NONE',  ( 3.899999999999999900, -0.4749999999999999200, -1.200000000000000000 ) ) ;
#4165 = AXIS2_PLACEMENT_3D ( 'NONE', #6994, #7126, #4158 ) ;
#4166 = CARTESIAN_POINT ( 'NONE',  ( -0.7850000000000000300, -4.025000000000000400, -1.800000000000000300 ) ) ;
#4167 = ORIENTED_EDGE ( 'NONE', *, *, #339, .T. ) ;
#4168 = ORIENTED_EDGE ( 'NONE', *, *, #4895, .T. ) ;
#4169 = CARTESIAN_POINT ( 'NONE',  ( 2.125000000000000000, -2.625000000000000000, 1.100000000000000100 ) ) ;
#4170 = CARTESIAN_POINT ( 'NONE',  ( 6.870000000000000100, -2.024999999999999900, -0.2700000000000000200 ) ) ;
#4171 = DIRECTION ( 'NONE',  ( -0.0000000000000000000, 0.0000000000000000000, -1.000000000000000000 ) ) ;
#4172 = EDGE_CURVE ( 'NONE', #3103, #8007, #1520, .T. ) ;
#4173 = ORIENTED_EDGE ( 'NONE', *, *, #2353, .F. ) ;
#4174 = VECTOR ( 'NONE', #9220, 1000.000000000000000 ) ;
#4175 = LINE ( 'NONE', #12092, #1693 ) ;
#4176 = VECTOR ( 'NONE', #11222, 1000.000000000000000 ) ;
#4177 = EDGE_LOOP ( 'NONE', ( #4726, #12217, #2157, #2002 ) ) ;
#4178 = ORIENTED_EDGE ( 'NONE', *, *, #12688, .F. ) ;
#4179 = PLANE ( 'NONE',  #5821 ) ;
#4180 = VERTEX_POINT ( 'NONE', #10007 ) ;
#4181 = DIRECTION ( 'NONE',  ( 0.0000000000000000000, 0.0000000000000000000, -1.000000000000000000 ) ) ;
#4182 = ORIENTED_EDGE ( 'NONE', *, *, #9948, .F. ) ;
#4183 = AXIS2_PLACEMENT_3D ( 'NONE', #3616, #10491, #4584 ) ;
#4184 = DIRECTION ( 'NONE',  ( 0.5773502691896276200, 0.5773502691896276200, 0.5773502691896220700 ) ) ;
#4185 = ADVANCED_FACE ( 'NONE', ( #5838 ), #1812, .T. ) ;
#4186 = VERTEX_POINT ( 'NONE', #1025 ) ;
#4188 = EDGE_CURVE ( 'NONE', #10895, #8756, #3389, .T. ) ;
#4187 = EDGE_LOOP ( 'NONE', ( #5939, #6717, #4020, #8018 ) ) ;
#4189 = CARTESIAN_POINT ( 'NONE',  ( -0.4650000000000000200, -3.125000000000000000, -0.4249999999999999900 ) ) ;
#4190 = ORIENTED_EDGE ( 'NONE', *, *, #8832, .T. ) ;
#4191 = EDGE_LOOP ( 'NONE', ( #11873, #445, #2817, #11476 ) ) ;
#4192 = VERTEX_POINT ( 'NONE', #2111 ) ;
#4193 = VECTOR ( 'NONE', #1645, 1000.000000000000200 ) ;
#4194 = EDGE_CURVE ( 'NONE', #2321, #5593, #8480, .T. ) ;
#4195 = EDGE_LOOP ( 'NONE', ( #12672, #6702, #5213, #2641 ) ) ;
#4196 = AXIS2_PLACEMENT_3D ( 'NONE', #6637, #5677, #3644 ) ;
#4197 = CARTESIAN_POINT ( 'NONE',  ( 5.175000000000000700, -3.224999999999999600, -1.800000000000000300 ) ) ;
#4198 = DIRECTION ( 'NONE',  ( 0.0000000000000000000, -0.0000000000000000000, 1.000000000000000000 ) ) ;
#4199 = DIRECTION ( 'NONE',  ( -1.000000000000000000, -0.0000000000000000000, 0.0000000000000000000 ) ) ;
#4200 = ORIENTED_EDGE ( 'NONE', *, *, #4107, .F. ) ;
#4201 = DIRECTION ( 'NONE',  ( -1.000000000000000000, -0.0000000000000000000, -0.0000000000000000000 ) ) ;
#4202 = ADVANCED_FACE ( 'NONE', ( #6620 ), #9009, .T. ) ;
#4203 = DIRECTION ( 'NONE',  ( 0.0000000000000000000, 0.0000000000000000000, 1.000000000000000000 ) ) ;
#4204 = VERTEX_POINT ( 'NONE', #9962 ) ;
#4205 = CARTESIAN_POINT ( 'NONE',  ( -3.375000000000000000, -3.225000000000000100, 1.100000000000000100 ) ) ;
#4206 = AXIS2_PLACEMENT_3D ( 'NONE', #8297, #2375, #5312 ) ;
#4207 = ORIENTED_EDGE ( 'NONE', *, *, #7575, .T. ) ;
#4208 = VERTEX_POINT ( 'NONE', #6133 ) ;
#4209 = VECTOR ( 'NONE', #5490, 1000.000000000000000 ) ;
#4210 = CARTESIAN_POINT ( 'NONE',  ( 0.0000000000000000000, -0.7249999999999999800, 1.300000000000000300 ) ) ;
#4211 = EDGE_CURVE ( 'NONE', #7321, #1608, #11094, .T. ) ;
#4212 = FACE_OUTER_BOUND ( 'NONE', #9328, .T. ) ;
#4213 = DIRECTION ( 'NONE',  ( 0.0000000000000000000, -1.000000000000000000, -0.0000000000000000000 ) ) ;
#4214 = ORIENTED_EDGE ( 'NONE', *, *, #11624, .T. ) ;
#4215 = CARTESIAN_POINT ( 'NONE',  ( -2.875000000000000000, -3.225000000000000100, 1.600000000000000100 ) ) ;
#4216 = ORIENTED_EDGE ( 'NONE', *, *, #12679, .F. ) ;
#4217 = CARTESIAN_POINT ( 'NONE',  ( 3.074999999999994800, 0.2750000000000011900, -0.6750000000000001600 ) ) ;
#4218 = EDGE_CURVE ( 'NONE', #3890, #11436, #3224, .T. ) ;
#4219 = AXIS2_PLACEMENT_3D ( 'NONE', #5508, #12424, #1666 ) ;
#4220 = CARTESIAN_POINT ( 'NONE',  ( -2.034999999999998800, -3.125000000000000000, -0.8499999999999999800 ) ) ;
#4221 = EDGE_LOOP ( 'NONE', ( #6857, #3382, #8422, #9289 ) ) ;
#4222 = VERTEX_POINT ( 'NONE', #3117 ) ;
#4223 = LINE ( 'NONE', #1037, #4977 ) ;
#4224 = LINE ( 'NONE', #8262, #7467 ) ;
#4225 = VERTEX_POINT ( 'NONE', #11018 ) ;
#4226 = CARTESIAN_POINT ( 'NONE',  ( -2.964999999999999900, -0.2250000000000000600, -0.4749999999999999800 ) ) ;
#4227 = DIRECTION ( 'NONE',  ( 0.0000000000000000000, 0.0000000000000000000, 1.000000000000000000 ) ) ;
#4228 = VERTEX_POINT ( 'NONE', #8967 ) ;
#4229 = PLANE ( 'NONE',  #4915 ) ;
#4230 = EDGE_CURVE ( 'NONE', #32, #1662, #734, .T. ) ;
#4231 = DIRECTION ( 'NONE',  ( 0.0000000000000000000, 0.0000000000000000000, -1.000000000000000000 ) ) ;
#4232 = CARTESIAN_POINT ( 'NONE',  ( -6.440000000000000400, -2.125000000000000000, -0.6700000000000000400 ) ) ;
#4233 = DIRECTION ( 'NONE',  ( 0.0000000000000000000, -1.000000000000000000, -0.0000000000000000000 ) ) ;
#4234 = VERTEX_POINT ( 'NONE', #8079 ) ;
#4235 = FACE_OUTER_BOUND ( 'NONE', #6649, .T. ) ;
#4236 = FACE_OUTER_BOUND ( 'NONE', #10135, .T. ) ;
#4237 = DIRECTION ( 'NONE',  ( -1.000000000000000000, 0.0000000000000000000, 0.0000000000000000000 ) ) ;
#4238 = EDGE_LOOP ( 'NONE', ( #7193, #4266, #2810, #11584 ) ) ;
#4239 = DIRECTION ( 'NONE',  ( 0.0000000000000000000, 0.0000000000000000000, -1.000000000000000000 ) ) ;
#4240 = ORIENTED_EDGE ( 'NONE', *, *, #2226, .F. ) ;
#4241 = CARTESIAN_POINT ( 'NONE',  ( 0.7850000000000000300, -3.225000000000000100, -0.9250000000000000400 ) ) ;
#4242 = CARTESIAN_POINT ( 'NONE',  ( -0.4650000000000000200, -4.224999999999999600, -1.600000000000000100 ) ) ;
#4243 = ORIENTED_EDGE ( 'NONE', *, *, #2016, .F. ) ;
#4244 = LINE ( 'NONE', #3143, #11798 ) ;
#4245 = LINE ( 'NONE', #7566, #3148 ) ;
#4246 = EDGE_CURVE ( 'NONE', #8658, #2986, #7541, .T. ) ;
#4247 = CARTESIAN_POINT ( 'NONE',  ( 6.339999999999999900, -1.075000000000000000, -0.7700000000000002400 ) ) ;
#4248 = CARTESIAN_POINT ( 'NONE',  ( 0.0000000000000000000, -3.225000000000000100, 1.600000000000000100 ) ) ;
#4249 = EDGE_CURVE ( 'NONE', #491, #4462, #1957, .T. ) ;
#4250 = ADVANCED_FACE ( 'NONE', ( #8767 ), #9874, .T. ) ;
#4251 = PLANE ( 'NONE',  #3298 ) ;
#4252 = ORIENTED_EDGE ( 'NONE', *, *, #6026, .T. ) ;
#4253 = FACE_OUTER_BOUND ( 'NONE', #2235, .T. ) ;
#4254 = DIRECTION ( 'NONE',  ( 0.0000000000000000000, 0.7071067811866975600, -0.7071067811863974700 ) ) ;
#4255 = CARTESIAN_POINT ( 'NONE',  ( 0.0000000000000000000, 0.0000000000000000000, 1.100000000000000100 ) ) ;
#4256 = ORIENTED_EDGE ( 'NONE', *, *, #2683, .F. ) ;
#4257 = EDGE_CURVE ( 'NONE', #8926, #2735, #7985, .T. ) ;
#4258 = CARTESIAN_POINT ( 'NONE',  ( 0.6250000000000000000, 0.2750000000000000200, -0.2750000000000000200 ) ) ;
#4259 = LINE ( 'NONE', #1249, #6411 ) ;
#4260 = VERTEX_POINT ( 'NONE', #6952 ) ;
#4261 = VECTOR ( 'NONE', #2666, 1000.000000000000000 ) ;
#4262 = DIRECTION ( 'NONE',  ( -0.0000000000000000000, 0.0000000000000000000, 1.000000000000000000 ) ) ;
#4263 = DIRECTION ( 'NONE',  ( -0.0000000000000000000, 1.000000000000000000, 0.0000000000000000000 ) ) ;
#4264 = ADVANCED_FACE ( 'NONE', ( #2904 ), #9053, .T. ) ;
#4265 = AXIS2_PLACEMENT_3D ( 'NONE', #869, #6878, #11801 ) ;
#4266 = ORIENTED_EDGE ( 'NONE', *, *, #7930, .F. ) ;
#4267 = CARTESIAN_POINT ( 'NONE',  ( 1.824999999999998800, 0.2750000000000003000, -0.2749999999999999700 ) ) ;
#4268 = PLANE ( 'NONE',  #2006 ) ;
#4269 = LINE ( 'NONE', #3217, #9196 ) ;
#4270 = ADVANCED_FACE ( 'NONE', ( #11710 ), #7940, .T. ) ;
#4271 = DIRECTION ( 'NONE',  ( -0.0000000000000000000, -0.0000000000000000000, -1.000000000000000000 ) ) ;
#4272 = EDGE_CURVE ( 'NONE', #4037, #2340, #10618, .T. ) ;
#4273 = FACE_OUTER_BOUND ( 'NONE', #9621, .T. ) ;
#4274 = ORIENTED_EDGE ( 'NONE', *, *, #6900, .F. ) ;
#4275 = PLANE ( 'NONE',  #1384 ) ;
#4276 = DIRECTION ( 'NONE',  ( 1.000000000000000000, 0.0000000000000000000, 0.0000000000000000000 ) ) ;
#4277 = EDGE_CURVE ( 'NONE', #7344, #3890, #5376, .T. ) ;
#4278 = VECTOR ( 'NONE', #10406, 1000.000000000000000 ) ;
#4279 = VECTOR ( 'NONE', #3957, 1000.000000000000000 ) ;
#4280 = DIRECTION ( 'NONE',  ( -0.0000000000000000000, 0.3303504247281061600, 0.9438583563660174500 ) ) ;
#4281 = VECTOR ( 'NONE', #8788, 1000.000000000000000 ) ;
#4282 = DIRECTION ( 'NONE',  ( 1.000000000000000000, 0.0000000000000000000, 0.0000000000000000000 ) ) ;
#4283 = ORIENTED_EDGE ( 'NONE', *, *, #8602, .F. ) ;
#4284 = CARTESIAN_POINT ( 'NONE',  ( -2.965000000000000300, -4.025000000000000400, -1.800000000000000300 ) ) ;
#4285 = EDGE_LOOP ( 'NONE', ( #10389, #7427, #5761, #1690 ) ) ;
#4286 = PLANE ( 'NONE',  #12603 ) ;
#4287 = CARTESIAN_POINT ( 'NONE',  ( 6.550000000000000700, -2.225000000000000100, -1.800000000000000300 ) ) ;
#4288 = CARTESIAN_POINT ( 'NONE',  ( -2.964999999999999900, -1.975000000000000100, -0.8499999999999999800 ) ) ;
#4289 = EDGE_CURVE ( 'NONE', #3818, #6409, #884, .T. ) ;
#4290 = DIRECTION ( 'NONE',  ( -1.000000000000000000, 0.0000000000000000000, -0.0000000000000000000 ) ) ;
#4291 = DIRECTION ( 'NONE',  ( 0.0000000000000000000, 0.0000000000000000000, -1.000000000000000000 ) ) ;
#4292 = LINE ( 'NONE', #11511, #12633 ) ;
#4293 = EDGE_CURVE ( 'NONE', #1285, #7899, #5682, .T. ) ;
#4294 = LINE ( 'NONE', #3441, #7210 ) ;
#4295 = FACE_OUTER_BOUND ( 'NONE', #11639, .T. ) ;
#4296 = PRESENTATION_LAYER_ASSIGNMENT (  '', '', ( #3659 ) ) ;
#4297 = ORIENTED_EDGE ( 'NONE', *, *, #7898, .T. ) ;
#4298 = VECTOR ( 'NONE', #2360, 1000.000000000000000 ) ;
#4299 = ORIENTED_EDGE ( 'NONE', *, *, #11005, .T. ) ;
#4300 = VERTEX_POINT ( 'NONE', #295 ) ;
#4301 = PLANE ( 'NONE',  #5279 ) ;
#4302 = DIRECTION ( 'NONE',  ( -1.000000000000000000, -0.0000000000000000000, -0.0000000000000000000 ) ) ;
#4303 = CARTESIAN_POINT ( 'NONE',  ( 6.099999999999999600, -2.225000000000000100, -0.6450000000000000200 ) ) ;
#4304 = LINE ( 'NONE', #4, #3050 ) ;
#4305 = EDGE_CURVE ( 'NONE', #12536, #650, #10480, .T. ) ;
#4306 = VECTOR ( 'NONE', #11358, 1000.000000000000000 ) ;
#4307 = CARTESIAN_POINT ( 'NONE',  ( -5.275000000000000400, -1.975000000000000100, -1.800000000000000300 ) ) ;
#4308 = LINE ( 'NONE', #8102, #12646 ) ;
#4309 = VECTOR ( 'NONE', #4841, 1000.000000000000000 ) ;
#4310 = ORIENTED_EDGE ( 'NONE', *, *, #350, .F. ) ;
#4311 = VERTEX_POINT ( 'NONE', #3347 ) ;
#4312 = CARTESIAN_POINT ( 'NONE',  ( 0.7850000000000000300, -3.775000000000000400, -0.4249999999999999900 ) ) ;
#4313 = ORIENTED_EDGE ( 'NONE', *, *, #10055, .F. ) ;
#4314 = CARTESIAN_POINT ( 'NONE',  ( 2.035000000000001000, -3.125000000000000000, -1.300000000000000300 ) ) ;
#4315 = EDGE_CURVE ( 'NONE', #1832, #852, #2595, .T. ) ;
#4316 = CARTESIAN_POINT ( 'NONE',  ( 6.375000000000000900, 0.5749999999999999600, 0.4000000000000000800 ) ) ;
#4317 = CARTESIAN_POINT ( 'NONE',  ( 2.964999999999999900, -3.225000000000000100, -1.125000000000000200 ) ) ;
#4318 = CARTESIAN_POINT ( 'NONE',  ( 2.035000000000000100, -3.625000000000000000, -1.800000000000000300 ) ) ;
#4319 = DIRECTION ( 'NONE',  ( 1.000000000000000000, 0.0000000000000000000, 0.0000000000000000000 ) ) ;
#4320 = LINE ( 'NONE', #9478, #10631 ) ;
#4321 = ADVANCED_FACE ( 'NONE', ( #3562 ), #12090, .T. ) ;
#4322 = VECTOR ( 'NONE', #3636, 1000.000000000000000 ) ;
#4323 = VECTOR ( 'NONE', #11527, 1000.000000000000000 ) ;
#4324 = LINE ( 'NONE', #8653, #9254 ) ;
#4325 = ORIENTED_EDGE ( 'NONE', *, *, #7602, .F. ) ;
#4326 = CARTESIAN_POINT ( 'NONE',  ( -4.924999999999999800, -0.6250000000000000000, 1.399999999999999900 ) ) ;
#4327 = ORIENTED_EDGE ( 'NONE', *, *, #697, .F. ) ;
#4328 = ORIENTED_EDGE ( 'NONE', *, *, #9740, .T. ) ;
#4329 = CARTESIAN_POINT ( 'NONE',  ( 2.964999999999999900, -3.225000000000000100, -0.9250000000000000400 ) ) ;
#4330 = VECTOR ( 'NONE', #10214, 1000.000000000000000 ) ;
#4331 = EDGE_CURVE ( 'NONE', #12497, #9181, #2280, .T. ) ;
#4332 = PLANE ( 'NONE',  #10384 ) ;
#4333 = LINE ( 'NONE', #10099, #10488 ) ;
#4334 = CARTESIAN_POINT ( 'NONE',  ( 2.964999999999999900, -3.625000000000000000, -1.800000000000000300 ) ) ;
#4335 = LINE ( 'NONE', #222, #5080 ) ;
#4336 = DIRECTION ( 'NONE',  ( -0.0000000000000000000, 0.7071067811865475700, 0.7071067811865475700 ) ) ;
#4337 = CARTESIAN_POINT ( 'NONE',  ( -0.4650000000000000200, -3.225000000000000100, -0.9250000000000000400 ) ) ;
#4338 = ADVANCED_FACE ( 'NONE', ( #4616 ), #1340, .F. ) ;
#4339 = DIRECTION ( 'NONE',  ( 0.0000000000000000000, 0.0000000000000000000, 1.000000000000000000 ) ) ;
#4340 = ORIENTED_EDGE ( 'NONE', *, *, #8052, .F. ) ;
#4341 = ORIENTED_EDGE ( 'NONE', *, *, #5805, .F. ) ;
#4342 = EDGE_LOOP ( 'NONE', ( #8825, #6648, #3883, #1291 ) ) ;
#4343 = VERTEX_POINT ( 'NONE', #6184 ) ;
#4344 = PLANE ( 'NONE',  #10220 ) ;
#4345 = CARTESIAN_POINT ( 'NONE',  ( -2.875000000000000000, -2.625000000000000000, 1.100000000000000100 ) ) ;
#4346 = ORIENTED_EDGE ( 'NONE', *, *, #10589, .T. ) ;
#4347 = ORIENTED_EDGE ( 'NONE', *, *, #7128, .T. ) ;
#4348 = EDGE_CURVE ( 'NONE', #12229, #11809, #9837, .T. ) ;
#4349 = ORIENTED_EDGE ( 'NONE', *, *, #9342, .F. ) ;
#4350 = LINE ( 'NONE', #5186, #5581 ) ;
#4351 = AXIS2_PLACEMENT_3D ( 'NONE', #5232, #7308, #2426 ) ;
#4352 = DIRECTION ( 'NONE',  ( 0.0000000000000000000, 1.000000000000000000, 0.0000000000000000000 ) ) ;
#4353 = ORIENTED_EDGE ( 'NONE', *, *, #11309, .F. ) ;
#4354 = VERTEX_POINT ( 'NONE', #4380 ) ;
#4355 = CARTESIAN_POINT ( 'NONE',  ( -3.200000000000000200, -0.4749999999999999800, -1.600000000000000100 ) ) ;
#4356 = CARTESIAN_POINT ( 'NONE',  ( 0.8750000000000000000, -3.225000000000000100, 1.100000000000000100 ) ) ;
#4357 = CARTESIAN_POINT ( 'NONE',  ( -5.375000000000000000, 0.0000000000000000000, 1.100000000000000100 ) ) ;
#4358 = DIRECTION ( 'NONE',  ( -1.000000000000000000, -0.0000000000000000000, -0.0000000000000000000 ) ) ;
#4359 = ORIENTED_EDGE ( 'NONE', *, *, #11850, .F. ) ;
#4360 = CARTESIAN_POINT ( 'NONE',  ( 0.7850000000000010300, -3.125000000000000000, -0.8499999999999999800 ) ) ;
#4361 = ORIENTED_EDGE ( 'NONE', *, *, #1756, .T. ) ;
#4362 = VERTEX_POINT ( 'NONE', #3204 ) ;
#4363 = DIRECTION ( 'NONE',  ( -1.000000000000000000, -0.0000000000000000000, -0.0000000000000000000 ) ) ;
#4364 = VECTOR ( 'NONE', #6951, 1000.000000000000000 ) ;
#4365 = VECTOR ( 'NONE', #7131, 1000.000000000000000 ) ;
#4366 = ORIENTED_EDGE ( 'NONE', *, *, #2622, .T. ) ;
#4367 = EDGE_CURVE ( 'NONE', #8756, #578, #6908, .T. ) ;
#4368 = CARTESIAN_POINT ( 'NONE',  ( -5.875000000000000000, -2.225000000000000100, -1.500000000000000000 ) ) ;
#4369 = VERTEX_POINT ( 'NONE', #12228 ) ;
#4370 = CARTESIAN_POINT ( 'NONE',  ( 0.4650000000000018600, -4.208005078473780400, -0.1000000000000000100 ) ) ;
#4371 = EDGE_CURVE ( 'NONE', #10369, #12000, #3542, .T. ) ;
#4372 = ORIENTED_EDGE ( 'NONE', *, *, #9537, .T. ) ;
#4373 = ORIENTED_EDGE ( 'NONE', *, *, #6348, .T. ) ;
#4374 = CARTESIAN_POINT ( 'NONE',  ( 4.535000000000000100, -3.225000000000000100, -0.9250000000000000400 ) ) ;
#4375 = AXIS2_PLACEMENT_3D ( 'NONE', #4724, #6628, #8614 ) ;
#4376 = VECTOR ( 'NONE', #8141, 1000.000000000000000 ) ;
#4377 = CARTESIAN_POINT ( 'NONE',  ( -6.099999999999999600, -0.02500000000000000100, -1.310000000000000300 ) ) ;
#4378 = ORIENTED_EDGE ( 'NONE', *, *, #7014, .F. ) ;
#4379 =( NAMED_UNIT ( * ) SI_UNIT ( $, .STERADIAN. ) SOLID_ANGLE_UNIT ( ) );
#4380 = CARTESIAN_POINT ( 'NONE',  ( 0.4650000000000018600, -1.975000000000000100, -0.1000000000000000100 ) ) ;
#4381 = ORIENTED_EDGE ( 'NONE', *, *, #10323, .T. ) ;
#4382 = CARTESIAN_POINT ( 'NONE',  ( -0.4649999999999999700, -3.624999999999999600, -1.800000000000000300 ) ) ;
#4383 = AXIS2_PLACEMENT_3D ( 'NONE', #11373, #7394, #1479 ) ;
#4384 = CARTESIAN_POINT ( 'NONE',  ( 6.349999999999999600, -0.02499999999999984900, -0.6450000000000000200 ) ) ;
#4385 = EDGE_CURVE ( 'NONE', #5436, #599, #1180, .T. ) ;
#4386 = ADVANCED_FACE ( 'NONE', ( #5052 ), #6353, .F. ) ;
#4387 = CARTESIAN_POINT ( 'NONE',  ( -6.099999999999999600, -1.075000000000000000, -1.310000000000000300 ) ) ;
#4388 = ORIENTED_EDGE ( 'NONE', *, *, #11576, .T. ) ;
#4389 = VECTOR ( 'NONE', #6597, 1000.000000000000100 ) ;
#4390 = LINE ( 'NONE', #11787, #356 ) ;
#4391 = ORIENTED_EDGE ( 'NONE', *, *, #8636, .T. ) ;
#4392 = DIRECTION ( 'NONE',  ( -0.7071067811865474600, -0.7071067811865474600, 0.0000000000000000000 ) ) ;
#4393 = CARTESIAN_POINT ( 'NONE',  ( 3.285000000000000100, -4.224999999999999600, -1.600000000000000100 ) ) ;
#4394 = EDGE_LOOP ( 'NONE', ( #9012, #12165, #5813, #8915 ) ) ;
#4395 = EDGE_CURVE ( 'NONE', #5261, #5652, #5207, .T. ) ;
#4396 = CARTESIAN_POINT ( 'NONE',  ( 9.090000000000001600, -3.125000000000000000, -0.4250000000000000400 ) ) ;
#4397 = CARTESIAN_POINT ( 'NONE',  ( -7.375000000000000900, 0.5749999999999999600, -1.000000000000000000 ) ) ;
#4398 = ORIENTED_EDGE ( 'NONE', *, *, #9131, .F. ) ;
#4399 = LINE ( 'NONE', #8147, #966 ) ;
#4400 = DIRECTION ( 'NONE',  ( -0.0000000000000000000, -0.0000000000000000000, 1.000000000000000000 ) ) ;
#4402 = DIRECTION ( 'NONE',  ( -0.0000000000000000000, 0.0000000000000000000, -1.000000000000000000 ) ) ;
#4401 = VECTOR ( 'NONE', #9274, 1000.000000000000100 ) ;
#4403 = ADVANCED_FACE ( 'NONE', ( #10148 ), #6267, .F. ) ;
#4404 = DIRECTION ( 'NONE',  ( 0.0000000000000000000, 0.0000000000000000000, -1.000000000000000000 ) ) ;
#4406 = EDGE_CURVE ( 'NONE', #2738, #3311, #1342, .T. ) ;
#4405 = ORIENTED_EDGE ( 'NONE', *, *, #11948, .T. ) ;
#4407 = CARTESIAN_POINT ( 'NONE',  ( -3.899999999999999900, 0.7750000000000001300, -1.200000000000000000 ) ) ;
#4408 = CARTESIAN_POINT ( 'NONE',  ( 5.675000000000000700, -0.02500000000000001900, -1.800000000000000300 ) ) ;
#4409 = DIRECTION ( 'NONE',  ( -0.0000000000000000000, -0.0000000000000000000, -1.000000000000000000 ) ) ;
#4410 = DIRECTION ( 'NONE',  ( -0.0000000000000000000, -1.000000000000000000, 0.0000000000000000000 ) ) ;
#4411 = VECTOR ( 'NONE', #8421, 1000.000000000000000 ) ;
#4412 = ORIENTED_EDGE ( 'NONE', *, *, #6283, .F. ) ;
#4413 = CIRCLE ( 'NONE', #10247, 0.1499999999999999700 ) ;
#4414 = DIRECTION ( 'NONE',  ( 0.0000000000000000000, -0.7071067811865475700, -0.7071067811865475700 ) ) ;
#4415 = FACE_OUTER_BOUND ( 'NONE', #2370, .T. ) ;
#4416 = CARTESIAN_POINT ( 'NONE',  ( 5.099999999999999600, -0.3750000000000001100, 1.200000000000000200 ) ) ;
#4417 = ORIENTED_EDGE ( 'NONE', *, *, #10009, .T. ) ;
#4418 = CARTESIAN_POINT ( 'NONE',  ( 0.0000000000000000000, 0.0000000000000000000, 0.0000000000000000000 ) ) ;
#4419 = AXIS2_PLACEMENT_3D ( 'NONE', #11150, #11197, #7306 ) ;
#4420 = VECTOR ( 'NONE', #4470, 1000.000000000000000 ) ;
#4421 = PLANE ( 'NONE',  #11792 ) ;
#4422 = EDGE_LOOP ( 'NONE', ( #467, #8668, #1182, #7212 ) ) ;
#4423 = VECTOR ( 'NONE', #6761, 1000.000000000000000 ) ;
#4424 = EDGE_CURVE ( 'NONE', #8309, #11003, #10464, .T. ) ;
#4425 = DIRECTION ( 'NONE',  ( 0.0000000000000000000, -0.0000000000000000000, 1.000000000000000000 ) ) ;
#4426 = DIRECTION ( 'NONE',  ( 0.0000000000000000000, -0.0000000000000000000, 1.000000000000000000 ) ) ;
#4427 = CARTESIAN_POINT ( 'NONE',  ( -1.625000000000000200, -3.225000000000000100, 1.100000000000000100 ) ) ;
#4428 = LINE ( 'NONE', #3341, #7358 ) ;
#4429 = VERTEX_POINT ( 'NONE', #10144 ) ;
#4430 = CARTESIAN_POINT ( 'NONE',  ( 0.4650000000000018600, -3.125000000000000000, -0.8499999999999999800 ) ) ;
#4431 = LINE ( 'NONE', #6595, #1781 ) ;
#4432 = VECTOR ( 'NONE', #10508, 1000.000000000000000 ) ;
#4433 = ORIENTED_EDGE ( 'NONE', *, *, #11534, .F. ) ;
#4434 = CARTESIAN_POINT ( 'NONE',  ( 2.965000000000002500, -3.125000000000000000, -0.8499999999999999800 ) ) ;
#4435 = MECHANICAL_DESIGN_GEOMETRIC_PRESENTATION_REPRESENTATION (  '', ( #11121 ), #9945 ) ;
#4436 = DIRECTION ( 'NONE',  ( 0.0000000000000000000, -0.9438583563660173400, 0.3303504247281061100 ) ) ;
#4437 = DIRECTION ( 'NONE',  ( 0.0000000000000000000, 1.000000000000000000, -0.0000000000000000000 ) ) ;
#4438 = EDGE_CURVE ( 'NONE', #12150, #10101, #10760, .T. ) ;
#4439 = FACE_OUTER_BOUND ( 'NONE', #11933, .T. ) ;
#4440 = CARTESIAN_POINT ( 'NONE',  ( 6.349999999999999600, -2.035000000000000100, -0.7600000000000000100 ) ) ;
#4441 = VECTOR ( 'NONE', #12114, 1000.000000000000000 ) ;
#4442 = DIRECTION ( 'NONE',  ( -1.000000000000000000, 0.0000000000000000000, -0.0000000000000000000 ) ) ;
#4443 = CARTESIAN_POINT ( 'NONE',  ( 0.4650000000000018600, -3.125000000000000000, -0.1000000000000000100 ) ) ;
#4444 = VECTOR ( 'NONE', #9250, 1000.000000000000000 ) ;
#4445 = ORIENTED_EDGE ( 'NONE', *, *, #8094, .F. ) ;
#4446 = MANIFOLD_SOLID_BREP ( 'Cut-Extrude1[3]', #7293 ) ;
#4447 = EDGE_CURVE ( 'NONE', #2765, #2569, #12160, .T. ) ;
#4448 = CARTESIAN_POINT ( 'NONE',  ( 7.375000000000001800, -0.02500000000000000100, -1.800000000000000300 ) ) ;
#4449 = ADVANCED_FACE ( 'NONE', ( #7681 ), #11083, .T. ) ;
#4450 = VERTEX_POINT ( 'NONE', #477 ) ;
#4451 = ORIENTED_EDGE ( 'NONE', *, *, #7736, .T. ) ;
#4452 = PLANE ( 'NONE',  #12284 ) ;
#4453 = LINE ( 'NONE', #2689, #9054 ) ;
#4454 = AXIS2_PLACEMENT_3D ( 'NONE', #8246, #2185, #9084 ) ;
#4455 = VECTOR ( 'NONE', #5446, 1000.000000000000000 ) ;
#4456 = CARTESIAN_POINT ( 'NONE',  ( -0.7850000000000000300, -3.775000000000000400, -0.5749999999999999600 ) ) ;
#4457 = VECTOR ( 'NONE', #11521, 1000.000000000000000 ) ;
#4458 = EDGE_CURVE ( 'NONE', #9278, #4689, #11994, .T. ) ;
#4459 = LINE ( 'NONE', #4377, #252 ) ;
#4460 = VERTEX_POINT ( 'NONE', #3621 ) ;
#4461 = ORIENTED_EDGE ( 'NONE', *, *, #5992, .F. ) ;
#4462 = VERTEX_POINT ( 'NONE', #1471 ) ;
#4463 = ADVANCED_FACE ( 'NONE', ( #2115 ), #6441, .F. ) ;
#4464 = CARTESIAN_POINT ( 'NONE',  ( 5.375000000000000000, -3.125000000000000000, -0.9085106253624000100 ) ) ;
#4465 = EDGE_CURVE ( 'NONE', #665, #8796, #8751, .T. ) ;
#4466 = LINE ( 'NONE', #10429, #5691 ) ;
#4467 = CARTESIAN_POINT ( 'NONE',  ( 0.4650000000000018600, -3.125000000000000000, -0.8499999999999999800 ) ) ;
#4468 = AXIS2_PLACEMENT_3D ( 'NONE', #5739, #1837, #11733 ) ;
#4469 = VECTOR ( 'NONE', #3756, 1000.000000000000000 ) ;
#4470 = DIRECTION ( 'NONE',  ( -0.0000000000000000000, 1.000000000000000000, 0.0000000000000000000 ) ) ;
#4471 = CARTESIAN_POINT ( 'NONE',  ( 1.625000000000000200, -3.225000000000000100, 1.100000000000000100 ) ) ;
#4472 = VERTEX_POINT ( 'NONE', #6399 ) ;
#4473 = ORIENTED_EDGE ( 'NONE', *, *, #11151, .T. ) ;
#4474 = ORIENTED_EDGE ( 'NONE', *, *, #10088, .T. ) ;
#4475 = DIRECTION ( 'NONE',  ( 0.0000000000000000000, 0.0000000000000000000, -1.000000000000000000 ) ) ;
#4476 = ORIENTED_EDGE ( 'NONE', *, *, #8894, .F. ) ;
#4477 = CARTESIAN_POINT ( 'NONE',  ( -4.125000000000000000, -2.625000000000000000, 1.100000000000000100 ) ) ;
#4478 = CARTESIAN_POINT ( 'NONE',  ( -4.214999999999999900, -3.924999999999999800, -0.5749999999999999600 ) ) ;
#4479 = EDGE_CURVE ( 'NONE', #2681, #7571, #4294, .T. ) ;
#4480 = VECTOR ( 'NONE', #3101, 1000.000000000000000 ) ;
#4481 = ADVANCED_FACE ( 'NONE', ( #1800 ), #7435, .F. ) ;
#4482 = CARTESIAN_POINT ( 'NONE',  ( 5.299999999999999800, -3.125000000000000000, -0.5000000000000000000 ) ) ;
#4483 = LINE ( 'NONE', #4118, #3076 ) ;
#4484 = LINE ( 'NONE', #11384, #5853 ) ;
#4485 = ORIENTED_EDGE ( 'NONE', *, *, #4172, .T. ) ;
#4486 = ORIENTED_EDGE ( 'NONE', *, *, #7332, .T. ) ;
#4487 = DIRECTION ( 'NONE',  ( 0.0000000000000000000, 0.0000000000000000000, 1.000000000000000000 ) ) ;
#4488 = CARTESIAN_POINT ( 'NONE',  ( -0.8750000000000000000, -2.625000000000000000, 1.100000000000000100 ) ) ;
#4489 = CARTESIAN_POINT ( 'NONE',  ( 5.875000000000000000, -1.975000000000000100, -0.4500000000000001200 ) ) ;
#4490 = CARTESIAN_POINT ( 'NONE',  ( -2.125000000000000000, -2.625000000000000000, 1.100000000000000100 ) ) ;
#4491 = ORIENTED_EDGE ( 'NONE', *, *, #999, .T. ) ;
#4492 = LINE ( 'NONE', #11768, #10010 ) ;
#4493 = CARTESIAN_POINT ( 'NONE',  ( 2.035000000000001000, -3.125000000000000000, -0.4250000000000000400 ) ) ;
#4494 = VECTOR ( 'NONE', #9010, 1000.000000000000000 ) ;
#4495 = LINE ( 'NONE', #933, #8510 ) ;
#4496 = PLANE ( 'NONE',  #10950 ) ;
#4497 = EDGE_CURVE ( 'NONE', #5214, #5607, #1506, .T. ) ;
#4498 = EDGE_LOOP ( 'NONE', ( #7468, #1820, #12457, #3230 ) ) ;
#4499 = ORIENTED_EDGE ( 'NONE', *, *, #5007, .F. ) ;
#4500 = ORIENTED_EDGE ( 'NONE', *, *, #5843, .T. ) ;
#4501 = EDGE_CURVE ( 'NONE', #9015, #8795, #9380, .T. ) ;
#4502 = ORIENTED_EDGE ( 'NONE', *, *, #3458, .T. ) ;
#4503 = CARTESIAN_POINT ( 'NONE',  ( -6.339999999999999900, 0.07499999999999999700, -0.7700000000000000200 ) ) ;
#4504 = VERTEX_POINT ( 'NONE', #12439 ) ;
#4505 =( LENGTH_UNIT ( ) NAMED_UNIT ( * ) SI_UNIT ( .MILLI., .METRE. ) );
#4506 = DIRECTION ( 'NONE',  ( 1.000000000000000000, 0.0000000000000000000, 0.0000000000000000000 ) ) ;
#4507 = ORIENTED_EDGE ( 'NONE', *, *, #7351, .T. ) ;
#4508 = EDGE_CURVE ( 'NONE', #6126, #9954, #8466, .T. ) ;
#4509 = ORIENTED_EDGE ( 'NONE', *, *, #6601, .T. ) ;
#4510 = ORIENTED_EDGE ( 'NONE', *, *, #7954, .T. ) ;
#4511 = VECTOR ( 'NONE', #2290, 1000.000000000000000 ) ;
#4512 = DIRECTION ( 'NONE',  ( 0.0000000000000000000, 0.0000000000000000000, -1.000000000000000000 ) ) ;
#4513 = LINE ( 'NONE', #11062, #8211 ) ;
#4514 = ADVANCED_FACE ( 'NONE', ( #1946 ), #4421, .T. ) ;
#4515 = VERTEX_POINT ( 'NONE', #12485 ) ;
#4516 = CARTESIAN_POINT ( 'NONE',  ( 5.875000000000000000, 0.2750000000000000200, -1.800000000000000300 ) ) ;
#4517 = AXIS2_PLACEMENT_3D ( 'NONE', #5491, #10458, #3631 ) ;
#4518 = CARTESIAN_POINT ( 'NONE',  ( 4.375000000000000000, -0.2250000000000000600, -0.1000000000000000100 ) ) ;
#4519 = PLANE ( 'NONE',  #4517 ) ;
#4520 = ORIENTED_EDGE ( 'NONE', *, *, #549, .T. ) ;
#4521 = CARTESIAN_POINT ( 'NONE',  ( -0.4650000000000000200, -0.2250000000000000100, -0.1000000000000000100 ) ) ;
#4522 = DIRECTION ( 'NONE',  ( 0.0000000000000000000, 1.000000000000000000, -0.0000000000000000000 ) ) ;
#4524 = EDGE_CURVE ( 'NONE', #3410, #6535, #9529, .T. ) ;
#4523 = ORIENTED_EDGE ( 'NONE', *, *, #7626, .T. ) ;
#4525 = ORIENTED_EDGE ( 'NONE', *, *, #9972, .F. ) ;
#4526 = ORIENTED_EDGE ( 'NONE', *, *, #6650, .F. ) ;
#4527 = LINE ( 'NONE', #5538, #12071 ) ;
#4528 = LINE ( 'NONE', #9127, #9457 ) ;
#4529 = EDGE_CURVE ( 'NONE', #4037, #9266, #3978, .T. ) ;
#4530 = EDGE_LOOP ( 'NONE', ( #6112, #7093, #1457, #6523 ) ) ;
#4531 = DIRECTION ( 'NONE',  ( 0.0000000000000000000, -1.000000000000000000, 0.0000000000000000000 ) ) ;
#4532 = DIRECTION ( 'NONE',  ( -0.2148617826750988400, 0.9766444667050946400, 0.0000000000000000000 ) ) ;
#4533 = ADVANCED_FACE ( 'NONE', ( #96 ), #8642, .T. ) ;
#4534 = DIRECTION ( 'NONE',  ( -0.0000000000000000000, -1.000000000000000000, 0.0000000000000000000 ) ) ;
#4535 = ORIENTED_EDGE ( 'NONE', *, *, #1597, .T. ) ;
#4536 = CARTESIAN_POINT ( 'NONE',  ( 5.575000000000000200, 0.9749999999999999800, -0.4500000000000001200 ) ) ;
#4537 = CARTESIAN_POINT ( 'NONE',  ( -3.125000000000000000, 0.02500000000000000100, -0.7624999999999999600 ) ) ;
#4538 = AXIS2_PLACEMENT_3D ( 'NONE', #4482, #12414, #6460 ) ;
#4539 = CARTESIAN_POINT ( 'NONE',  ( -4.534999999999999300, -3.125000000000000000, -0.8499999999999999800 ) ) ;
#4540 = ORIENTED_EDGE ( 'NONE', *, *, #2501, .T. ) ;
#4541 = VERTEX_POINT ( 'NONE', #6655 ) ;
#4542 = FACE_OUTER_BOUND ( 'NONE', #10690, .T. ) ;
#4543 = LINE ( 'NONE', #11939, #1594 ) ;
#4544 = EDGE_CURVE ( 'NONE', #11312, #7832, #4754, .T. ) ;
#4545 = CARTESIAN_POINT ( 'NONE',  ( 6.110000000000001200, -2.024999999999999500, -0.2700000000000000700 ) ) ;
#4546 = ORIENTED_EDGE ( 'NONE', *, *, #112, .F. ) ;
#4547 = ORIENTED_EDGE ( 'NONE', *, *, #10395, .F. ) ;
#4548 = EDGE_CURVE ( 'NONE', #11528, #364, #5518, .T. ) ;
#4549 = ADVANCED_FACE ( 'NONE', ( #9056 ), #3741, .T. ) ;
#4550 = CARTESIAN_POINT ( 'NONE',  ( -3.284999999999998800, -1.975000000000000100, -0.1000000000000000100 ) ) ;
#4551 = AXIS2_PLACEMENT_3D ( 'NONE', #6905, #8762, #12700 ) ;
#4552 = VERTEX_POINT ( 'NONE', #1640 ) ;
#4553 = LINE ( 'NONE', #8331, #677 ) ;
#4554 = LINE ( 'NONE', #821, #1601 ) ;
#4555 = VERTEX_POINT ( 'NONE', #10615 ) ;
#4556 = AXIS2_PLACEMENT_3D ( 'NONE', #198, #4969, #1973 ) ;
#4557 = CARTESIAN_POINT ( 'NONE',  ( 0.4650000000000018600, -3.125000000000000000, -0.8499999999999999800 ) ) ;
#4558 = EDGE_CURVE ( 'NONE', #10737, #796, #10312, .T. ) ;
#4559 = DIRECTION ( 'NONE',  ( 0.0000000000000000000, 0.3303504247281061600, -0.9438583563660174500 ) ) ;
#4560 = LINE ( 'NONE', #2917, #12107 ) ;
#4561 = DIRECTION ( 'NONE',  ( 0.0000000000000000000, 0.0000000000000000000, -1.000000000000000000 ) ) ;
#4562 = ORIENTED_EDGE ( 'NONE', *, *, #8889, .F. ) ;
#4563 = DIRECTION ( 'NONE',  ( 0.0000000000000000000, -0.9438583563660173400, 0.3303504247281061100 ) ) ;
#4564 = VECTOR ( 'NONE', #5194, 1000.000000000000100 ) ;
#4565 = EDGE_CURVE ( 'NONE', #11717, #12150, #6605, .T. ) ;
#4566 = DIRECTION ( 'NONE',  ( 0.0000000000000000000, -0.0000000000000000000, -1.000000000000000000 ) ) ;
#4567 = ORIENTED_EDGE ( 'NONE', *, *, #2935, .F. ) ;
#4568 = CARTESIAN_POINT ( 'NONE',  ( -5.875000000000000000, 0.9749999999999999800, -1.600000000000000100 ) ) ;
#4569 = CARTESIAN_POINT ( 'NONE',  ( -1.770000000000000000, 0.02500000000000000100, -0.4749999999999999800 ) ) ;
#4570 = VECTOR ( 'NONE', #12275, 1000.000000000000000 ) ;
#4571 = DIRECTION ( 'NONE',  ( 1.000000000000000000, 0.0000000000000000000, 0.0000000000000000000 ) ) ;
#4572 = CARTESIAN_POINT ( 'NONE',  ( 9.090000000000001600, -3.125000000000000000, -0.9250000000000000400 ) ) ;
#4573 = ORIENTED_EDGE ( 'NONE', *, *, #11869, .F. ) ;
#4574 = ORIENTED_EDGE ( 'NONE', *, *, #6479, .F. ) ;
#4575 = CARTESIAN_POINT ( 'NONE',  ( 6.099999999999998800, -2.035000000000000600, -1.310000000000000500 ) ) ;
#4576 = FACE_OUTER_BOUND ( 'NONE', #3580, .T. ) ;
#4577 = DIRECTION ( 'NONE',  ( 1.000000000000000000, 0.0000000000000000000, 0.0000000000000000000 ) ) ;
#4578 = PLANE ( 'NONE',  #2631 ) ;
#4579 = ADVANCED_FACE ( 'NONE', ( #12771 ), #8606, .F. ) ;
#4580 = EDGE_LOOP ( 'NONE', ( #6960, #9613, #9228, #863 ) ) ;
#4581 = LINE ( 'NONE', #12004, #10441 ) ;
#4582 = VECTOR ( 'NONE', #11246, 1000.000000000000000 ) ;
#4583 = ORIENTED_EDGE ( 'NONE', *, *, #3231, .T. ) ;
#4584 = DIRECTION ( 'NONE',  ( 1.000000000000000000, 0.0000000000000000000, 0.0000000000000000000 ) ) ;
#4585 = DIRECTION ( 'NONE',  ( 1.000000000000000000, 0.0000000000000000000, -0.0000000000000000000 ) ) ;
#4586 = AXIS2_PLACEMENT_3D ( 'NONE', #12667, #826, #681 ) ;
#4587 = ADVANCED_FACE ( 'NONE', ( #3840 ), #12528, .T. ) ;
#4588 = DIRECTION ( 'NONE',  ( 0.0000000000000000000, -0.0000000000000000000, -1.000000000000000000 ) ) ;
#4589 = LINE ( 'NONE', #3524, #1932 ) ;
#4590 = LINE ( 'NONE', #9565, #400 ) ;
#4591 = VECTOR ( 'NONE', #4785, 1000.000000000000000 ) ;
#4592 = ORIENTED_EDGE ( 'NONE', *, *, #8245, .T. ) ;
#4593 = VERTEX_POINT ( 'NONE', #658 ) ;
#4594 = DIRECTION ( 'NONE',  ( 0.0000000000000000000, 1.000000000000000000, 0.0000000000000000000 ) ) ;
#4595 = CARTESIAN_POINT ( 'NONE',  ( -0.6250000000000000000, 0.2750000000000000200, -0.2750000000000000200 ) ) ;
#4596 = CARTESIAN_POINT ( 'NONE',  ( 5.875000000000000000, -3.224999999999999600, -1.600000000000000100 ) ) ;
#4597 = DIRECTION ( 'NONE',  ( 0.0000000000000000000, -1.000000000000000000, -0.0000000000000000000 ) ) ;
#4598 = LINE ( 'NONE', #5327, #1341 ) ;
#4599 = VECTOR ( 'NONE', #1513, 1000.000000000000000 ) ;
#4600 = ADVANCED_FACE ( 'NONE', ( #2891 ), #12576, .T. ) ;
#4601 = DIRECTION ( 'NONE',  ( 0.7071067811865468000, 0.7071067811865483500, 0.0000000000000000000 ) ) ;
#4602 = VERTEX_POINT ( 'NONE', #9886 ) ;
#4603 = AXIS2_PLACEMENT_3D ( 'NONE', #2862, #10710, #10668 ) ;
#4604 = CIRCLE ( 'NONE', #836, 0.2000000000000000900 ) ;
#4605 = ORIENTED_EDGE ( 'NONE', *, *, #2890, .F. ) ;
#4606 = VERTEX_POINT ( 'NONE', #11037 ) ;
#4607 = DIRECTION ( 'NONE',  ( -0.0000000000000000000, 1.000000000000000000, -0.0000000000000000000 ) ) ;
#4608 = DIRECTION ( 'NONE',  ( 1.000000000000000000, 0.0000000000000000000, -0.0000000000000000000 ) ) ;
#4609 = EDGE_CURVE ( 'NONE', #10198, #11806, #7812, .T. ) ;
#4610 = DIRECTION ( 'NONE',  ( -1.000000000000000000, -0.0000000000000000000, 0.0000000000000000000 ) ) ;
#4611 = DIRECTION ( 'NONE',  ( -0.0000000000000000000, -0.0000000000000000000, -1.000000000000000000 ) ) ;
#4612 = CARTESIAN_POINT ( 'NONE',  ( -2.034999999999998800, -3.125000000000000000, -0.1000000000000000100 ) ) ;
#4613 = VECTOR ( 'NONE', #2078, 1000.000000000000000 ) ;
#4614 = EDGE_CURVE ( 'NONE', #10640, #6214, #11233, .T. ) ;
#4615 = DIRECTION ( 'NONE',  ( 0.0000000000000000000, -0.9438583563660173400, 0.3303504247281061100 ) ) ;
#4616 = FACE_OUTER_BOUND ( 'NONE', #3613, .T. ) ;
#4617 = LINE ( 'NONE', #8290, #12013 ) ;
#4618 = VECTOR ( 'NONE', #344, 1000.000000000000000 ) ;
#4619 = VERTEX_POINT ( 'NONE', #5165 ) ;
#4620 = ORIENTED_EDGE ( 'NONE', *, *, #2840, .F. ) ;
#4621 = CARTESIAN_POINT ( 'NONE',  ( 6.340000000000000700, -0.02499999999999956100, -0.7700000000000001300 ) ) ;
#4622 = ORIENTED_EDGE ( 'NONE', *, *, #7591, .T. ) ;
#4623 = AXIS2_PLACEMENT_3D ( 'NONE', #4516, #3628, #530 ) ;
#4624 = DIRECTION ( 'NONE',  ( 1.000000000000000000, 0.0000000000000000000, 0.0000000000000000000 ) ) ;
#4625 = LINE ( 'NONE', #1663, #1968 ) ;
#4626 = EDGE_CURVE ( 'NONE', #10918, #7379, #8456, .T. ) ;
#4627 = LINE ( 'NONE', #5637, #1969 ) ;
#4628 = CARTESIAN_POINT ( 'NONE',  ( -0.4649999999999992500, -3.125000000000000000, -0.8499999999999999800 ) ) ;
#4629 = VECTOR ( 'NONE', #1874, 1000.000000000000000 ) ;
#4630 = CARTESIAN_POINT ( 'NONE',  ( -0.4650000000000001400, -3.125000000000000000, -1.300000000000000300 ) ) ;
#4631 = ORIENTED_EDGE ( 'NONE', *, *, #2890, .T. ) ;
#4632 = VERTEX_POINT ( 'NONE', #7146 ) ;
#4633 = DIRECTION ( 'NONE',  ( -1.000000000000000000, 0.0000000000000000000, -0.0000000000000000000 ) ) ;
#4634 = EDGE_LOOP ( 'NONE', ( #4535, #849, #2686, #1219, #11902, #624, #3227, #2754 ) ) ;
#4635 = EDGE_CURVE ( 'NONE', #8599, #1832, #1499, .T. ) ;
#4636 = ORIENTED_EDGE ( 'NONE', *, *, #7496, .T. ) ;
#4637 = CARTESIAN_POINT ( 'NONE',  ( 4.625000000000000000, -3.225000000000000100, 1.100000000000000100 ) ) ;
#4638 = AXIS2_PLACEMENT_3D ( 'NONE', #10879, #3987, #4110 ) ;
#4639 = VECTOR ( 'NONE', #4319, 1000.000000000000000 ) ;
#4640 = ADVANCED_FACE ( 'NONE', ( #8617 ), #10171, .T. ) ;
#4641 = FACE_OUTER_BOUND ( 'NONE', #1220, .T. ) ;
#4642 = LINE ( 'NONE', #1925, #1982 ) ;
#4643 = DIRECTION ( 'NONE',  ( 0.0000000000000000000, 1.000000000000000000, -0.0000000000000000000 ) ) ;
#4644 = VERTEX_POINT ( 'NONE', #2227 ) ;
#4645 = VERTEX_POINT ( 'NONE', #8199 ) ;
#4646 = ORIENTED_EDGE ( 'NONE', *, *, #6780, .T. ) ;
#4647 = EDGE_CURVE ( 'NONE', #11181, #11117, #7668, .T. ) ;
#4648 = CARTESIAN_POINT ( 'NONE',  ( 1.715000000000002100, -3.125000000000000000, -0.1000000000000000100 ) ) ;
#4649 = VERTEX_POINT ( 'NONE', #9035 ) ;
#4650 = ORIENTED_EDGE ( 'NONE', *, *, #5692, .T. ) ;
#4651 = CARTESIAN_POINT ( 'NONE',  ( 3.285000000000000100, -3.225000000000000100, -1.300000000000000300 ) ) ;
#4652 = CARTESIAN_POINT ( 'NONE',  ( -0.4649999999999999700, -4.025000000000000400, -1.800000000000000300 ) ) ;
#4653 = ADVANCED_FACE ( 'NONE', ( #1168 ), #4275, .T. ) ;
#4654 = CARTESIAN_POINT ( 'NONE',  ( 2.964999999999999900, -3.225000000000000100, -0.4249999999999998200 ) ) ;
#4655 = DIRECTION ( 'NONE',  ( 0.0000000000000000000, -1.000000000000000000, -0.0000000000000000000 ) ) ;
#4656 = DIRECTION ( 'NONE',  ( 0.0000000000000000000, 0.0000000000000000000, 1.000000000000000000 ) ) ;
#4657 = VERTEX_POINT ( 'NONE', #3185 ) ;
#4658 = ORIENTED_EDGE ( 'NONE', *, *, #10700, .F. ) ;
#4659 = VERTEX_POINT ( 'NONE', #6113 ) ;
#4660 = VECTOR ( 'NONE', #9247, 1000.000000000000000 ) ;
#4661 = CARTESIAN_POINT ( 'NONE',  ( -6.450000000000000200, -2.225000000000000100, -0.2950000000000001000 ) ) ;
#4662 = ORIENTED_EDGE ( 'NONE', *, *, #3742, .T. ) ;
#4663 = DIRECTION ( 'NONE',  ( 0.0000000000000000000, 0.0000000000000000000, -1.000000000000000000 ) ) ;
#4664 = VERTEX_POINT ( 'NONE', #2268 ) ;
#4665 = CLOSED_SHELL ( 'NONE', ( #11124, #10776, #6116, #4270, #8966, #3625, #4887, #77, #11238, #7289, #4533, #3430, #6478, #11195, #7925, #8203, #10993, #11187, #5079, #10474, #6205, #548 ) ) ;
#4666 = ADVANCED_FACE ( 'NONE', ( #237 ), #7236, .T. ) ;
#4668 = EDGE_CURVE ( 'NONE', #5699, #11172, #5811, .T. ) ;
#4667 = ORIENTED_EDGE ( 'NONE', *, *, #294, .T. ) ;
#4669 = ORIENTED_EDGE ( 'NONE', *, *, #27, .T. ) ;
#4670 = CARTESIAN_POINT ( 'NONE',  ( -1.875000000000000000, 0.02500000000000000100, -0.1875000000000000000 ) ) ;
#4671 = LINE ( 'NONE', #1113, #4364 ) ;
#4672 = VECTOR ( 'NONE', #7738, 1000.000000000000000 ) ;
#4673 = AXIS2_PLACEMENT_3D ( 'NONE', #4355, #10167, #6159 ) ;
#4674 = ORIENTED_EDGE ( 'NONE', *, *, #2592, .T. ) ;
#4675 = DIRECTION ( 'NONE',  ( 0.0000000000000000000, -0.0000000000000000000, -1.000000000000000000 ) ) ;
#4676 = ORIENTED_EDGE ( 'NONE', *, *, #5843, .F. ) ;
#4677 = ORIENTED_EDGE ( 'NONE', *, *, #7162, .F. ) ;
#4678 = CARTESIAN_POINT ( 'NONE',  ( -5.375000000000000000, -2.625000000000000000, 1.100000000000000100 ) ) ;
#4679 = ORIENTED_EDGE ( 'NONE', *, *, #5456, .F. ) ;
#4680 = EDGE_LOOP ( 'NONE', ( #2417, #8312, #10742, #6334 ) ) ;
#4681 = CARTESIAN_POINT ( 'NONE',  ( -4.534999999999999300, -3.125000000000000000, -0.1000000000000000100 ) ) ;
#4682 = VECTOR ( 'NONE', #2402, 1000.000000000000000 ) ;
#4683 = STYLED_ITEM ( 'NONE', ( #5192 ), #2696 ) ;
#4684 = CARTESIAN_POINT ( 'NONE',  ( -4.375000000000000000, 0.02500000000000000100, -0.1875000000000000000 ) ) ;
#4685 = ORIENTED_EDGE ( 'NONE', *, *, #4825, .F. ) ;
#4686 = PLANE ( 'NONE',  #245 ) ;
#4687 = CARTESIAN_POINT ( 'NONE',  ( 3.375000000000000000, -3.225000000000000100, 1.100000000000000100 ) ) ;
#4688 = CARTESIAN_POINT ( 'NONE',  ( -2.034999999999998800, -3.125000000000000000, -0.8499999999999999800 ) ) ;
#4689 = VERTEX_POINT ( 'NONE', #12206 ) ;
#4690 = EDGE_CURVE ( 'NONE', #8682, #3998, #3192, .T. ) ;
#4691 = EDGE_CURVE ( 'NONE', #1363, #333, #11552, .T. ) ;
#4692 = EDGE_LOOP ( 'NONE', ( #253, #128, #1142, #6625 ) ) ;
#4693 = FACE_OUTER_BOUND ( 'NONE', #6954, .T. ) ;
#4695 = CARTESIAN_POINT ( 'NONE',  ( 0.4650000000000018600, -4.208005078473780400, -0.1000000000000000100 ) ) ;
#4694 = VECTOR ( 'NONE', #6950, 1000.000000000000000 ) ;
#4696 = ORIENTED_EDGE ( 'NONE', *, *, #4848, .F. ) ;
#4697 = DIRECTION ( 'NONE',  ( 0.0000000000000000000, -1.000000000000000000, -0.0000000000000000000 ) ) ;
#4698 = CARTESIAN_POINT ( 'NONE',  ( -1.715000000000002700, -0.2250000000000005900, -0.09999999999999985300 ) ) ;
#4699 = ORIENTED_EDGE ( 'NONE', *, *, #12140, .F. ) ;
#4700 = DIRECTION ( 'NONE',  ( 1.000000000000000000, 0.0000000000000000000, -0.0000000000000000000 ) ) ;
#4701 = DIRECTION ( 'NONE',  ( 1.000000000000000000, 0.0000000000000000000, 0.0000000000000000000 ) ) ;
#4703 = EDGE_CURVE ( 'NONE', #12370, #2991, #8896, .T. ) ;
#4702 = VERTEX_POINT ( 'NONE', #8053 ) ;
#4704 = LINE ( 'NONE', #12645, #2055 ) ;
#4705 = CARTESIAN_POINT ( 'NONE',  ( -2.964999999999999900, -3.775000000000000400, -0.5749999999999999600 ) ) ;
#4706 = VECTOR ( 'NONE', #6667, 1000.000000000000000 ) ;
#4707 = ORIENTED_EDGE ( 'NONE', *, *, #3822, .F. ) ;
#4708 = EDGE_CURVE ( 'NONE', #7291, #11608, #10450, .T. ) ;
#4709 = DIRECTION ( 'NONE',  ( 0.0000000000000000000, 1.000000000000000000, -0.0000000000000000000 ) ) ;
#4710 = LINE ( 'NONE', #3387, #7776 ) ;
#4711 = ADVANCED_FACE ( 'NONE', ( #11394 ), #7194, .T. ) ;
#4712 = CARTESIAN_POINT ( 'NONE',  ( 5.175000000000000700, -3.225000000000000100, -1.800000000000000300 ) ) ;
#4713 = ORIENTED_EDGE ( 'NONE', *, *, #10158, .T. ) ;
#4714 = CARTESIAN_POINT ( 'NONE',  ( -4.534999999999999300, -3.125000000000000000, -0.1000000000000000100 ) ) ;
#4715 = LINE ( 'NONE', #1639, #5008 ) ;
#4716 = LINE ( 'NONE', #6881, #8717 ) ;
#4717 = CARTESIAN_POINT ( 'NONE',  ( 6.540000000000000000, 0.5749999999999999600, -1.500000000000000000 ) ) ;
#4718 = EDGE_CURVE ( 'NONE', #8338, #2704, #5040, .T. ) ;
#4719 = PLANE ( 'NONE',  #10786 ) ;
#4720 = ORIENTED_EDGE ( 'NONE', *, *, #3634, .F. ) ;
#4721 = CARTESIAN_POINT ( 'NONE',  ( -1.715000000000000100, -3.625000000000000000, -1.800000000000000300 ) ) ;
#4722 = CARTESIAN_POINT ( 'NONE',  ( 3.285000000000000100, -4.025000000000000400, -1.800000000000000300 ) ) ;
#4723 = VECTOR ( 'NONE', #7805, 1000.000000000000000 ) ;
#4724 = CARTESIAN_POINT ( 'NONE',  ( 5.675000000000000700, -2.225000000000000100, -1.800000000000000300 ) ) ;
#4725 = VECTOR ( 'NONE', #855, 1000.000000000000000 ) ;
#4726 = ORIENTED_EDGE ( 'NONE', *, *, #7496, .F. ) ;
#4727 = DIRECTION ( 'NONE',  ( 0.0000000000000000000, 0.7071067811865474600, 0.7071067811865474600 ) ) ;
#4728 = ORIENTED_EDGE ( 'NONE', *, *, #6342, .F. ) ;
#4729 = DIRECTION ( 'NONE',  ( 0.0000000000000000000, -0.0000000000000000000, -1.000000000000000000 ) ) ;
#4730 = PLANE ( 'NONE',  #7219 ) ;
#4731 = DIRECTION ( 'NONE',  ( 0.0000000000000000000, 0.0000000000000000000, -1.000000000000000000 ) ) ;
#4732 = LINE ( 'NONE', #12035, #3966 ) ;
#4733 = EDGE_LOOP ( 'NONE', ( #7430, #42, #1885, #5366 ) ) ;
#4734 = CARTESIAN_POINT ( 'NONE',  ( -0.4650000000000000200, -3.924999999999999800, -0.5749999999999999600 ) ) ;
#4735 = VECTOR ( 'NONE', #6507, 1000.000000000000000 ) ;
#4736 = CARTESIAN_POINT ( 'NONE',  ( -0.8749999999999998900, -3.225000000000000100, 1.100000000000000100 ) ) ;
#4737 = VECTOR ( 'NONE', #11635, 1000.000000000000100 ) ;
#4738 = ORIENTED_EDGE ( 'NONE', *, *, #9856, .T. ) ;
#4739 = DIRECTION ( 'NONE',  ( 0.0000000000000000000, 0.0000000000000000000, -1.000000000000000000 ) ) ;
#4740 = EDGE_CURVE ( 'NONE', #11181, #12152, #5507, .T. ) ;
#4741 = VERTEX_POINT ( 'NONE', #9393 ) ;
#4742 = EDGE_CURVE ( 'NONE', #11436, #5317, #726, .T. ) ;
#4743 = VECTOR ( 'NONE', #11824, 1000.000000000000000 ) ;
#4744 = VECTOR ( 'NONE', #6337, 1000.000000000000000 ) ;
#4745 = VECTOR ( 'NONE', #12274, 1000.000000000000000 ) ;
#4746 = ORIENTED_EDGE ( 'NONE', *, *, #7248, .F. ) ;
#4747 = CARTESIAN_POINT ( 'NONE',  ( -5.675000000000000700, -0.02500000000000006400, -1.600000000000000100 ) ) ;
#4748 = ORIENTED_EDGE ( 'NONE', *, *, #4293, .F. ) ;
#4749 = ORIENTED_EDGE ( 'NONE', *, *, #6609, .F. ) ;
#4750 = AXIS2_PLACEMENT_3D ( 'NONE', #9256, #9376, #12278 ) ;
#4751 = EDGE_CURVE ( 'NONE', #7899, #8597, #3375, .T. ) ;
#4752 = DIRECTION ( 'NONE',  ( -0.7071067811865474600, -0.7071067811865474600, 0.0000000000000000000 ) ) ;
#4753 = AXIS2_PLACEMENT_3D ( 'NONE', #3567, #7504, #11574 ) ;
#4754 = LINE ( 'NONE', #4630, #4138 ) ;
#4755 = DIRECTION ( 'NONE',  ( -1.000000000000000000, 0.0000000000000000000, 0.0000000000000000000 ) ) ;
#4756 = EDGE_CURVE ( 'NONE', #10039, #3425, #6121, .T. ) ;
#4757 = VECTOR ( 'NONE', #3422, 1000.000000000000000 ) ;
#4758 = ORIENTED_EDGE ( 'NONE', *, *, #1861, .T. ) ;
#4759 = ORIENTED_EDGE ( 'NONE', *, *, #722, .T. ) ;
#4760 = VERTEX_POINT ( 'NONE', #3426 ) ;
#4761 = DIRECTION ( 'NONE',  ( 0.0000000000000000000, -0.0000000000000000000, 1.000000000000000000 ) ) ;
#4762 = CARTESIAN_POINT ( 'NONE',  ( -5.875000000000000000, -3.224999999999999600, -1.600000000000000100 ) ) ;
#4763 = CARTESIAN_POINT ( 'NONE',  ( 4.299999999999999800, -1.625000000000000200, -1.600000000000000100 ) ) ;
#4764 = VECTOR ( 'NONE', #4607, 1000.000000000000000 ) ;
#4765 = FACE_BOUND ( 'NONE', #7470, .T. ) ;
#4766 = PRODUCT_DEFINITION_CONTEXT ( 'detailed design', #12437, 'design' ) ;
#4767 = VECTOR ( 'NONE', #12459, 1000.000000000000000 ) ;
#4768 = ADVANCED_FACE ( 'NONE', ( #2732 ), #1326, .T. ) ;
#4769 = DIRECTION ( 'NONE',  ( -0.0000000000000000000, 1.000000000000000000, 0.0000000000000000000 ) ) ;
#4770 = LINE ( 'NONE', #4721, #12341 ) ;
#4771 = VERTEX_POINT ( 'NONE', #7329 ) ;
#4772 = EDGE_CURVE ( 'NONE', #11192, #816, #8741, .T. ) ;
#4773 = VERTEX_POINT ( 'NONE', #2489 ) ;
#4774 = ORIENTED_EDGE ( 'NONE', *, *, #7082, .T. ) ;
#4775 = CARTESIAN_POINT ( 'NONE',  ( -4.214999999999999900, -3.125000000000000000, -1.300000000000000300 ) ) ;
#4776 = VECTOR ( 'NONE', #7655, 1000.000000000000000 ) ;
#4777 = EDGE_CURVE ( 'NONE', #8448, #9991, #1014, .T. ) ;
#4778 = CARTESIAN_POINT ( 'NONE',  ( 0.7850000000000000300, -3.924999999999999800, -0.5749999999999999600 ) ) ;
#4779 = FACE_OUTER_BOUND ( 'NONE', #10841, .T. ) ;
#4780 = STYLED_ITEM ( 'NONE', ( #9020 ), #10753 ) ;
#4781 = LINE ( 'NONE', #263, #10646 ) ;
#4782 = DIRECTION ( 'NONE',  ( 0.0000000000000000000, 1.000000000000000000, -0.0000000000000000000 ) ) ;
#4783 = ORIENTED_EDGE ( 'NONE', *, *, #1203, .T. ) ;
#4784 = ORIENTED_EDGE ( 'NONE', *, *, #1183, .T. ) ;
#4785 = DIRECTION ( 'NONE',  ( -0.0000000000000000000, 1.000000000000000000, -0.0000000000000000000 ) ) ;
#4786 = ORIENTED_EDGE ( 'NONE', *, *, #5168, .F. ) ;
#4787 = EDGE_CURVE ( 'NONE', #7699, #1608, #3530, .T. ) ;
#4788 = LINE ( 'NONE', #5334, #2621 ) ;
#4789 = CARTESIAN_POINT ( 'NONE',  ( 2.965000000000002500, -3.125000000000000000, -0.1000000000000000100 ) ) ;
#4790 = LINE ( 'NONE', #7168, #6795 ) ;
#4791 = LINE ( 'NONE', #10909, #1841 ) ;
#4792 = EDGE_CURVE ( 'NONE', #2833, #5253, #5195, .T. ) ;
#4793 = ORIENTED_EDGE ( 'NONE', *, *, #381, .T. ) ;
#4794 = ORIENTED_EDGE ( 'NONE', *, *, #2091, .F. ) ;
#4795 = ORIENTED_EDGE ( 'NONE', *, *, #9290, .T. ) ;
#4796 = DIRECTION ( 'NONE',  ( 0.0000000000000000000, 0.0000000000000000000, 1.000000000000000000 ) ) ;
#4797 = ORIENTED_EDGE ( 'NONE', *, *, #6488, .T. ) ;
#4798 = DIRECTION ( 'NONE',  ( -1.000000000000000000, 0.0000000000000000000, -0.0000000000000000000 ) ) ;
#4799 = DIRECTION ( 'NONE',  ( -0.0000000000000000000, 0.0000000000000000000, 1.000000000000000000 ) ) ;
#4800 = ORIENTED_EDGE ( 'NONE', *, *, #5306, .T. ) ;
#4801 = DIRECTION ( 'NONE',  ( -1.000000000000000000, -0.0000000000000000000, 0.0000000000000000000 ) ) ;
#4802 = DIRECTION ( 'NONE',  ( 0.7276068751089989100, 0.4850712500726660500, -0.4850712500726657700 ) ) ;
#4803 = ORIENTED_EDGE ( 'NONE', *, *, #8269, .T. ) ;
#4804 = EDGE_CURVE ( 'NONE', #4645, #1080, #858, .T. ) ;
#4805 = DIRECTION ( 'NONE',  ( 1.000000000000000000, -0.0000000000000000000, 0.0000000000000000000 ) ) ;
#4806 = CARTESIAN_POINT ( 'NONE',  ( -5.099999999999999600, -0.2750000000000000200, 1.300000000000000300 ) ) ;
#4807 = ORIENTED_EDGE ( 'NONE', *, *, #11838, .T. ) ;
#4808 = ORIENTED_EDGE ( 'NONE', *, *, #10860, .F. ) ;
#4809 = LINE ( 'NONE', #12226, #6034 ) ;
#4810 = VECTOR ( 'NONE', #11541, 1000.000000000000000 ) ;
#4811 = EDGE_LOOP ( 'NONE', ( #7865, #10675, #9061, #5872 ) ) ;
#4812 = CARTESIAN_POINT ( 'NONE',  ( -0.4650000000000000200, -3.775000000000000400, -0.4249999999999999900 ) ) ;
#4813 = VERTEX_POINT ( 'NONE', #12293 ) ;
#4814 = DIRECTION ( 'NONE',  ( 0.0000000000000000000, 0.0000000000000000000, 1.000000000000000000 ) ) ;
#4815 = DIRECTION ( 'NONE',  ( -0.0000000000000000000, -1.000000000000000000, -0.0000000000000000000 ) ) ;
#4816 = ORIENTED_EDGE ( 'NONE', *, *, #661, .T. ) ;
#4817 = ORIENTED_EDGE ( 'NONE', *, *, #9361, .T. ) ;
#4818 = VECTOR ( 'NONE', #12360, 1000.000000000000000 ) ;
#4819 = VECTOR ( 'NONE', #5460, 1000.000000000000000 ) ;
#4820 = CARTESIAN_POINT ( 'NONE',  ( 4.215000000000001600, -4.208005078473780400, -0.8499999999999999800 ) ) ;
#4821 = VERTEX_POINT ( 'NONE', #6381 ) ;
#4822 = AXIS2_PLACEMENT_3D ( 'NONE', #4080, #5929, #3959 ) ;
#4823 = VERTEX_POINT ( 'NONE', #5506 ) ;
#4824 = DIRECTION ( 'NONE',  ( 1.000000000000000000, 0.0000000000000000000, -0.0000000000000000000 ) ) ;
#4825 = EDGE_CURVE ( 'NONE', #6835, #357, #8306, .T. ) ;
#4826 = MANIFOLD_SOLID_BREP ( 'Cut-Extrude1[4]', #9350 ) ;
#4827 = AXIS2_PLACEMENT_3D ( 'NONE', #3300, #345, #291 ) ;
#4828 = CARTESIAN_POINT ( 'NONE',  ( 6.440000000000000400, -2.125000000000000000, -1.034999999999999900 ) ) ;
#4829 = ORIENTED_EDGE ( 'NONE', *, *, #4942, .T. ) ;
#4830 = ORIENTED_EDGE ( 'NONE', *, *, #2051, .F. ) ;
#4831 = VECTOR ( 'NONE', #7995, 1000.000000000000000 ) ;
#4832 = LINE ( 'NONE', #2096, #12406 ) ;
#4833 = ADVANCED_FACE ( 'NONE', ( #7969 ), #5341, .F. ) ;
#4834 = VERTEX_POINT ( 'NONE', #4440 ) ;
#4835 = ORIENTED_EDGE ( 'NONE', *, *, #3555, .F. ) ;
#4836 = CARTESIAN_POINT ( 'NONE',  ( 5.275000000000000400, 0.9749999999999999800, -1.200000000000000000 ) ) ;
#4837 = AXIS2_PLACEMENT_3D ( 'NONE', #322, #2443, #5302 ) ;
#4838 = ORIENTED_EDGE ( 'NONE', *, *, #7448, .F. ) ;
#4839 = DIRECTION ( 'NONE',  ( -1.000000000000000000, 0.0000000000000000000, -0.0000000000000000000 ) ) ;
#4840 = LINE ( 'NONE', #854, #2680 ) ;
#4841 = DIRECTION ( 'NONE',  ( -1.000000000000000000, 0.0000000000000000000, -0.0000000000000000000 ) ) ;
#4842 = CARTESIAN_POINT ( 'NONE',  ( -5.174999999999999800, -3.224999999999999600, -1.600000000000000100 ) ) ;
#4843 = CARTESIAN_POINT ( 'NONE',  ( -2.964999999999999900, -3.775000000000000400, -0.4249999999999999900 ) ) ;
#4844 = EDGE_CURVE ( 'NONE', #10198, #6902, #11687, .T. ) ;
#4845 = ORIENTED_EDGE ( 'NONE', *, *, #28, .T. ) ;
#4846 = DIRECTION ( 'NONE',  ( 0.0000000000000000000, -0.0000000000000000000, 1.000000000000000000 ) ) ;
#4847 = PLANE ( 'NONE',  #9868 ) ;
#4848 = EDGE_CURVE ( 'NONE', #2859, #12370, #1934, .T. ) ;
#4849 = DIRECTION ( 'NONE',  ( 1.000000000000000000, 0.0000000000000000000, -0.0000000000000000000 ) ) ;
#4850 = ORIENTED_EDGE ( 'NONE', *, *, #4751, .F. ) ;
#4851 = VECTOR ( 'NONE', #10960, 1000.000000000000000 ) ;
#4852 = CARTESIAN_POINT ( 'NONE',  ( -6.440000000000000400, 0.07500000000000041400, -1.399999999999999900 ) ) ;
#4853 = ORIENTED_EDGE ( 'NONE', *, *, #10902, .T. ) ;
#4854 = LINE ( 'NONE', #9904, #8098 ) ;
#4855 = LINE ( 'NONE', #5294, #5645 ) ;
#4856 = DIRECTION ( 'NONE',  ( 1.000000000000000000, 0.0000000000000000000, 0.0000000000000000000 ) ) ;
#4857 = CARTESIAN_POINT ( 'NONE',  ( 2.035000000000000100, -3.924999999999999800, -0.5749999999999999600 ) ) ;
#4858 = AXIS2_PLACEMENT_3D ( 'NONE', #10374, #10456, #9468 ) ;
#4859 = CARTESIAN_POINT ( 'NONE',  ( -4.625000000000000000, -2.625000000000000000, 1.100000000000000100 ) ) ;
#4860 = EDGE_CURVE ( 'NONE', #12422, #7127, #10292, .T. ) ;
#4861 = CARTESIAN_POINT ( 'NONE',  ( -5.575000000000000200, 0.9750000000000000900, 1.200000000000000000 ) ) ;
#4862 = CARTESIAN_POINT ( 'NONE',  ( -6.375000000000000900, 0.5749999999999999600, 0.4000000000000000200 ) ) ;
#4863 = ORIENTED_EDGE ( 'NONE', *, *, #4501, .F. ) ;
#4864 = FACE_OUTER_BOUND ( 'NONE', #8809, .T. ) ;
#4865 = ORIENTED_EDGE ( 'NONE', *, *, #5692, .F. ) ;
#4866 = EDGE_LOOP ( 'NONE', ( #10038, #9161, #365, #10221 ) ) ;
#4867 = VECTOR ( 'NONE', #12716, 1000.000000000000000 ) ;
#4868 = EDGE_CURVE ( 'NONE', #6710, #3722, #6739, .T. ) ;
#4869 = DIRECTION ( 'NONE',  ( -1.000000000000000000, -0.0000000000000000000, 0.0000000000000000000 ) ) ;
#4870 = ORIENTED_EDGE ( 'NONE', *, *, #9838, .T. ) ;
#4871 = LINE ( 'NONE', #11160, #705 ) ;
#4872 = VECTOR ( 'NONE', #2565, 1000.000000000000000 ) ;
#4873 = PLANE ( 'NONE',  #1179 ) ;
#4874 = EDGE_CURVE ( 'NONE', #10485, #1095, #4590, .T. ) ;
#4875 = ORIENTED_EDGE ( 'NONE', *, *, #10700, .T. ) ;
#4876 = DIRECTION ( 'NONE',  ( 0.0000000000000000000, 0.0000000000000000000, -1.000000000000000000 ) ) ;
#4877 = CARTESIAN_POINT ( 'NONE',  ( 6.375000000000000900, 0.5749999999999999600, 0.4000000000000000200 ) ) ;
#4878 = CARTESIAN_POINT ( 'NONE',  ( 4.535000000000001000, -1.975000000000000100, -0.8499999999999999800 ) ) ;
#4879 = DIRECTION ( 'NONE',  ( 0.0000000000000000000, 1.000000000000000000, 0.0000000000000000000 ) ) ;
#4880 = SURFACE_SIDE_STYLE ('',( #6111 ) ) ;
#4881 = VECTOR ( 'NONE', #4610, 1000.000000000000000 ) ;
#4882 = VECTOR ( 'NONE', #4263, 1000.000000000000000 ) ;
#4883 = ORIENTED_EDGE ( 'NONE', *, *, #10009, .F. ) ;
#4884 = ORIENTED_EDGE ( 'NONE', *, *, #5681, .T. ) ;
#4885 = CARTESIAN_POINT ( 'NONE',  ( 4.535000000000001000, -3.125000000000000000, -0.1000000000000000100 ) ) ;
#4886 = ORIENTED_EDGE ( 'NONE', *, *, #1104, .F. ) ;
#4887 = ADVANCED_FACE ( 'NONE', ( #11223 ), #2665, .T. ) ;
#4888 = EDGE_CURVE ( 'NONE', #3774, #8567, #6435, .T. ) ;
#4889 = CARTESIAN_POINT ( 'NONE',  ( 0.0000000000000000000, 0.0000000000000000000, 1.100000000000000100 ) ) ;
#4890 = CARTESIAN_POINT ( 'NONE',  ( -5.174999999999999800, 0.9749999999999999800, -1.600000000000000100 ) ) ;
#4891 = DIRECTION ( 'NONE',  ( -0.0000000000000000000, 1.000000000000000000, -0.0000000000000000000 ) ) ;
#4892 = PRESENTATION_STYLE_ASSIGNMENT (( #941 ) ) ;
#4893 = DIRECTION ( 'NONE',  ( 0.0000000000000000000, -1.000000000000000000, -0.0000000000000000000 ) ) ;
#4894 = SURFACE_STYLE_FILL_AREA ( #6485 ) ;
#4895 = EDGE_CURVE ( 'NONE', #11608, #8338, #9961, .T. ) ;
#4896 = VECTOR ( 'NONE', #7392, 1000.000000000000000 ) ;
#4897 = ORIENTED_EDGE ( 'NONE', *, *, #8592, .F. ) ;
#4898 = CARTESIAN_POINT ( 'NONE',  ( -5.875000000000000000, -2.225000000000000100, -0.06999999999999996500 ) ) ;
#4899 = VECTOR ( 'NONE', #10947, 1000.000000000000000 ) ;
#4900 = ORIENTED_EDGE ( 'NONE', *, *, #6957, .T. ) ;
#4901 = DIRECTION ( 'NONE',  ( 0.0000000000000000000, 1.000000000000000000, 0.0000000000000000000 ) ) ;
#4902 = ORIENTED_EDGE ( 'NONE', *, *, #572, .T. ) ;
#4903 = EDGE_CURVE ( 'NONE', #12047, #11003, #7361, .T. ) ;
#4904 = VECTOR ( 'NONE', #48, 1000.000000000000000 ) ;
#4905 = CIRCLE ( 'NONE', #7652, 0.1499999999999999700 ) ;
#4906 = FACE_OUTER_BOUND ( 'NONE', #921, .T. ) ;
#4907 = AXIS2_PLACEMENT_3D ( 'NONE', #9203, #174, #6099 ) ;
#4908 = CYLINDRICAL_SURFACE ( 'NONE', #2241, 0.1499999999999999700 ) ;
#4909 = EDGE_LOOP ( 'NONE', ( #11794, #12113, #3096, #3610 ) ) ;
#4910 = ORIENTED_EDGE ( 'NONE', *, *, #7145, .F. ) ;
#4911 = ORIENTED_EDGE ( 'NONE', *, *, #3968, .F. ) ;
#4912 = EDGE_CURVE ( 'NONE', #7832, #828, #5656, .T. ) ;
#4913 = DIRECTION ( 'NONE',  ( 0.0000000000000000000, 0.0000000000000000000, 1.000000000000000000 ) ) ;
#4914 = LINE ( 'NONE', #9887, #12500 ) ;
#4915 = AXIS2_PLACEMENT_3D ( 'NONE', #11079, #3234, #10120 ) ;
#4916 = LINE ( 'NONE', #3093, #6311 ) ;
#4917 = DIRECTION ( 'NONE',  ( 1.000000000000000000, 0.0000000000000000000, -0.0000000000000000000 ) ) ;
#4918 = EDGE_CURVE ( 'NONE', #4943, #11163, #3029, .T. ) ;
#4919 = LINE ( 'NONE', #1492, #5067 ) ;
#4920 = DIRECTION ( 'NONE',  ( 0.0000000000000000000, -1.000000000000000000, 0.0000000000000000000 ) ) ;
#4921 = FACE_OUTER_BOUND ( 'NONE', #10806, .T. ) ;
#4922 = CARTESIAN_POINT ( 'NONE',  ( 1.715000000000002100, -3.125000000000000000, -0.1000000000000000100 ) ) ;
#4923 = CARTESIAN_POINT ( 'NONE',  ( 3.285000000000000100, -0.2250000000000000100, -0.1000000000000000100 ) ) ;
#4924 = CARTESIAN_POINT ( 'NONE',  ( 4.214999999999999900, -3.125000000000000000, -1.300000000000000300 ) ) ;
#4925 = LINE ( 'NONE', #10552, #2304 ) ;
#4926 = VERTEX_POINT ( 'NONE', #6554 ) ;
#4927 = DIRECTION ( 'NONE',  ( 0.0000000000000000000, 0.0000000000000000000, -1.000000000000000000 ) ) ;
#4928 = CARTESIAN_POINT ( 'NONE',  ( -5.675000000000000700, -3.224999999999999600, -1.600000000000000100 ) ) ;
#4929 = ORIENTED_EDGE ( 'NONE', *, *, #3857, .F. ) ;
#4930 = VECTOR ( 'NONE', #3515, 1000.000000000000100 ) ;
#4931 = STYLED_ITEM ( 'NONE', ( #6136 ), #4446 ) ;
#4932 = LINE ( 'NONE', #1026, #7858 ) ;
#4933 = CARTESIAN_POINT ( 'NONE',  ( -1.925000000000001200, 0.2750000000000003600, -0.6750000000000000400 ) ) ;
#4934 = LINE ( 'NONE', #7929, #2782 ) ;
#4935 = CARTESIAN_POINT ( 'NONE',  ( -6.110000000000001200, 0.07500000000000009400, -1.300000000000000000 ) ) ;
#4936 = EDGE_CURVE ( 'NONE', #1132, #3950, #11677, .T. ) ;
#4937 = DIRECTION ( 'NONE',  ( -0.0000000000000000000, -0.0000000000000000000, -1.000000000000000000 ) ) ;
#4938 = ORIENTED_EDGE ( 'NONE', *, *, #4668, .T. ) ;
#4939 = ORIENTED_EDGE ( 'NONE', *, *, #6542, .F. ) ;
#4940 = ORIENTED_EDGE ( 'NONE', *, *, #6616, .F. ) ;
#4941 = CARTESIAN_POINT ( 'NONE',  ( -2.035000000000000100, -3.924999999999999800, -1.300000000000000300 ) ) ;
#4942 = EDGE_CURVE ( 'NONE', #6535, #3084, #6886, .T. ) ;
#4943 = VERTEX_POINT ( 'NONE', #4575 ) ;
#4944 = AXIS2_PLACEMENT_3D ( 'NONE', #6304, #4336, #3438 ) ;
#4945 = DIRECTION ( 'NONE',  ( 0.0000000000000000000, -1.000000000000000000, 0.0000000000000000000 ) ) ;
#4946 = ORIENTED_EDGE ( 'NONE', *, *, #12607, .T. ) ;
#4947 = CARTESIAN_POINT ( 'NONE',  ( 5.299999999999999800, -3.125000000000000000, -1.100000000000000100 ) ) ;
#4948 = DIRECTION ( 'NONE',  ( 0.0000000000000000000, 0.0000000000000000000, 1.000000000000000000 ) ) ;
#4949 = EDGE_LOOP ( 'NONE', ( #9888, #8418, #2967, #6427 ) ) ;
#4950 = VERTEX_POINT ( 'NONE', #6639 ) ;
#4951 = VERTEX_POINT ( 'NONE', #2706 ) ;
#4952 = EDGE_CURVE ( 'NONE', #10781, #7910, #3819, .T. ) ;
#4953 = FACE_OUTER_BOUND ( 'NONE', #12352, .T. ) ;
#4954 = CARTESIAN_POINT ( 'NONE',  ( -6.099999999999999600, -2.225000000000000100, -1.350000000000000100 ) ) ;
#4955 = ORIENTED_EDGE ( 'NONE', *, *, #5773, .F. ) ;
#4956 = ADVANCED_FACE ( 'NONE', ( #11378 ), #5720, .T. ) ;
#4957 = CARTESIAN_POINT ( 'NONE',  ( -5.675000000000000700, -2.225000000000000100, -1.800000000000000300 ) ) ;
#4958 = VERTEX_POINT ( 'NONE', #588 ) ;
#4959 = EDGE_CURVE ( 'NONE', #7291, #5214, #7035, .T. ) ;
#4960 = VERTEX_POINT ( 'NONE', #3600 ) ;
#4961 = DIRECTION ( 'NONE',  ( 1.000000000000000000, 0.0000000000000000000, 0.0000000000000000000 ) ) ;
#4962 =( GEOMETRIC_REPRESENTATION_CONTEXT ( 3 ) GLOBAL_UNCERTAINTY_ASSIGNED_CONTEXT ( ( #557 ) ) GLOBAL_UNIT_ASSIGNED_CONTEXT ( ( #12396, #11282, #9412 ) ) REPRESENTATION_CONTEXT ( 'NONE', 'WORKASPACE' ) );
#4963 = ORIENTED_EDGE ( 'NONE', *, *, #4188, .F. ) ;
#4964 = EDGE_LOOP ( 'NONE', ( #12648, #2001, #9898, #9003 ) ) ;
#4965 = VECTOR ( 'NONE', #7034, 1000.000000000000000 ) ;
#4966 = FACE_OUTER_BOUND ( 'NONE', #11027, .T. ) ;
#4967 = ORIENTED_EDGE ( 'NONE', *, *, #9131, .T. ) ;
#4968 = CARTESIAN_POINT ( 'NONE',  ( -1.714999999999999400, -1.975000000000000100, -0.8499999999999999800 ) ) ;
#4969 = DIRECTION ( 'NONE',  ( -1.000000000000000000, 0.0000000000000000000, 0.0000000000000000000 ) ) ;
#4970 = DIRECTION ( 'NONE',  ( 0.0000000000000000000, 0.0000000000000000000, -1.000000000000000000 ) ) ;
#4971 = ORIENTED_EDGE ( 'NONE', *, *, #11588, .T. ) ;
#4972 = ORIENTED_EDGE ( 'NONE', *, *, #5512, .F. ) ;
#4973 = DIRECTION ( 'NONE',  ( 0.0000000000000000000, 0.9438583563660173400, 0.3303504247281061100 ) ) ;
#4974 = DIRECTION ( 'NONE',  ( 0.0000000000000000000, 0.0000000000000000000, -1.000000000000000000 ) ) ;
#4976 = EDGE_CURVE ( 'NONE', #430, #4025, #11972, .T. ) ;
#4975 = VERTEX_POINT ( 'NONE', #9482 ) ;
#4977 = VECTOR ( 'NONE', #3082, 1000.000000000000000 ) ;
#4978 = PLANE ( 'NONE',  #8857 ) ;
#4979 = CYLINDRICAL_SURFACE ( 'NONE', #11931, 0.1499999999999999700 ) ;
#4980 = CARTESIAN_POINT ( 'NONE',  ( 5.375000000000000000, -3.115000000000000200, -0.9085106253624000100 ) ) ;
#4981 = ORIENTED_EDGE ( 'NONE', *, *, #8602, .T. ) ;
#4982 = CARTESIAN_POINT ( 'NONE',  ( -1.714999999999999400, -3.125000000000000000, -0.1000000000000000100 ) ) ;
#4983 = DIRECTION ( 'NONE',  ( 0.0000000000000000000, 1.000000000000000000, -0.0000000000000000000 ) ) ;
#4984 = PLANE ( 'NONE',  #9774 ) ;
#4985 = PLANE ( 'NONE',  #2539 ) ;
#4986 = ORIENTED_EDGE ( 'NONE', *, *, #7148, .T. ) ;
#4987 = LINE ( 'NONE', #9520, #12705 ) ;
#4988 = VECTOR ( 'NONE', #4879, 1000.000000000000000 ) ;
#4989 = EDGE_LOOP ( 'NONE', ( #393, #4507, #11458, #173, #1101, #8900, #4774, #9564, #6943, #10679, #5122, #7964 ) ) ;
#4990 = VERTEX_POINT ( 'NONE', #12511 ) ;
#4991 = CARTESIAN_POINT ( 'NONE',  ( 0.8749999999999998900, -3.225000000000000100, -1.800000000000000300 ) ) ;
#4992 = CARTESIAN_POINT ( 'NONE',  ( 1.715000000000002100, -4.208005078473780400, -0.8499999999999999800 ) ) ;
#4993 = EDGE_CURVE ( 'NONE', #4222, #9577, #2255, .T. ) ;
#4994 = AXIS2_PLACEMENT_3D ( 'NONE', #1299, #8226, #3308 ) ;
#4995 = PLANE ( 'NONE',  #1128 ) ;
#4996 = ORIENTED_EDGE ( 'NONE', *, *, #5375, .F. ) ;
#4997 = FACE_OUTER_BOUND ( 'NONE', #10443, .T. ) ;
#4998 = LINE ( 'NONE', #1485, #12584 ) ;
#4999 = CARTESIAN_POINT ( 'NONE',  ( -5.875000000000000000, -0.1749999999999999900, 1.399999999999999900 ) ) ;
#5000 = ORIENTED_EDGE ( 'NONE', *, *, #10114, .T. ) ;
#5001 = CARTESIAN_POINT ( 'NONE',  ( 2.035000000000001000, -3.125000000000000000, -0.8499999999999999800 ) ) ;
#5002 = AXIS2_PLACEMENT_3D ( 'NONE', #2386, #2338, #4291 ) ;
#5003 = CARTESIAN_POINT ( 'NONE',  ( 1.625000000000000200, 0.0000000000000000000, 1.600000000000000100 ) ) ;
#5004 = LINE ( 'NONE', #7971, #7335 ) ;
#5005 = CARTESIAN_POINT ( 'NONE',  ( 5.174999999999999800, -0.02500000000000000100, -1.800000000000000300 ) ) ;
#5007 = EDGE_CURVE ( 'NONE', #1034, #3112, #4431, .T. ) ;
#5006 = ORIENTED_EDGE ( 'NONE', *, *, #516, .F. ) ;
#5008 = VECTOR ( 'NONE', #7512, 1000.000000000000000 ) ;
#5009 = FACE_OUTER_BOUND ( 'NONE', #2662, .T. ) ;
#5010 = DIRECTION ( 'NONE',  ( -1.000000000000000000, 0.0000000000000000000, 0.0000000000000000000 ) ) ;
#5011 = CARTESIAN_POINT ( 'NONE',  ( -3.074999999999998800, 0.2750000000000002400, -0.6750000000000000400 ) ) ;
#5012 = EDGE_CURVE ( 'NONE', #10725, #1086, #70, .T. ) ;
#5013 = DIRECTION ( 'NONE',  ( 0.0000000000000000000, 1.000000000000000000, 0.0000000000000000000 ) ) ;
#5014 = PRESENTATION_LAYER_ASSIGNMENT (  '', '', ( #8084 ) ) ;
#5015 = ADVANCED_FACE ( 'NONE', ( #2415 ), #11799, .F. ) ;
#5016 = PLANE ( 'NONE',  #6248 ) ;
#5017 = ORIENTED_EDGE ( 'NONE', *, *, #1844, .T. ) ;
#5018 = CARTESIAN_POINT ( 'NONE',  ( 0.4650000000000018600, -3.125000000000000000, -0.8499999999999999800 ) ) ;
#5019 = VECTOR ( 'NONE', #6095, 1000.000000000000000 ) ;
#5020 = CARTESIAN_POINT ( 'NONE',  ( 3.600000000000000100, -0.4749999999999999200, -1.600000000000000100 ) ) ;
#5021 = DIRECTION ( 'NONE',  ( -0.7071067811865475700, 0.0000000000000000000, -0.7071067811865475700 ) ) ;
#5022 = VECTOR ( 'NONE', #5877, 1000.000000000000000 ) ;
#5023 = ORIENTED_EDGE ( 'NONE', *, *, #2995, .T. ) ;
#5024 = EDGE_CURVE ( 'NONE', #5450, #3190, #3969, .T. ) ;
#5025 = PLANE ( 'NONE',  #1193 ) ;
#5026 = LINE ( 'NONE', #639, #5796 ) ;
#5027 = ORIENTED_EDGE ( 'NONE', *, *, #2674, .F. ) ;
#5028 = PLANE ( 'NONE',  #3778 ) ;
#5029 = EDGE_CURVE ( 'NONE', #7296, #2074, #9030, .T. ) ;
#5030 = LINE ( 'NONE', #868, #1007 ) ;
#5031 = ADVANCED_FACE ( 'NONE', ( #2723 ), #9844, .T. ) ;
#5032 = CARTESIAN_POINT ( 'NONE',  ( -1.714999999999999400, -3.125000000000000000, -0.1000000000000000100 ) ) ;
#5033 = LINE ( 'NONE', #4003, #12149 ) ;
#5034 = AXIS2_PLACEMENT_3D ( 'NONE', #7661, #870, #10758 ) ;
#5035 = ORIENTED_EDGE ( 'NONE', *, *, #2077, .T. ) ;
#5036 = PLANE ( 'NONE',  #2719 ) ;
#5037 = ORIENTED_EDGE ( 'NONE', *, *, #862, .F. ) ;
#5038 = DIRECTION ( 'NONE',  ( 1.000000000000000000, 0.0000000000000000000, 0.0000000000000000000 ) ) ;
#5039 = EDGE_CURVE ( 'NONE', #3215, #3112, #7960, .T. ) ;
#5040 = LINE ( 'NONE', #4536, #4744 ) ;
#5041 = LINE ( 'NONE', #12001, #7211 ) ;
#5042 = DIRECTION ( 'NONE',  ( -1.000000000000000000, -0.0000000000000000000, -0.0000000000000000000 ) ) ;
#5043 = ORIENTED_EDGE ( 'NONE', *, *, #9248, .F. ) ;
#5044 = ORIENTED_EDGE ( 'NONE', *, *, #2926, .T. ) ;
#5045 = ORIENTED_EDGE ( 'NONE', *, *, #11670, .T. ) ;
#5046 = PLANE ( 'NONE',  #9527 ) ;
#5047 = CARTESIAN_POINT ( 'NONE',  ( 6.869999999999999200, 0.07499999999999998300, -0.5699999999999999500 ) ) ;
#5048 = CARTESIAN_POINT ( 'NONE',  ( -1.714999999999999400, -1.975000000000000100, -0.1000000000000000100 ) ) ;
#5049 = DIRECTION ( 'NONE',  ( 0.0000000000000000000, 0.0000000000000000000, 1.000000000000000000 ) ) ;
#5050 = CARTESIAN_POINT ( 'NONE',  ( -4.214999999999999900, -3.625000000000000000, -1.800000000000000300 ) ) ;
#5051 = VECTOR ( 'NONE', #6540, 1000.000000000000000 ) ;
#5052 = FACE_OUTER_BOUND ( 'NONE', #10667, .T. ) ;
#5053 = FACE_OUTER_BOUND ( 'NONE', #2894, .T. ) ;
#5054 = CARTESIAN_POINT ( 'NONE',  ( -4.214999999999999900, -3.125000000000000000, -1.300000000000000300 ) ) ;
#5055 = VECTOR ( 'NONE', #9391, 1000.000000000000000 ) ;
#5056 = ORIENTED_EDGE ( 'NONE', *, *, #3142, .T. ) ;
#5057 = DIRECTION ( 'NONE',  ( 0.0000000000000000000, -0.0000000000000000000, 1.000000000000000000 ) ) ;
#5058 = ORIENTED_EDGE ( 'NONE', *, *, #4903, .T. ) ;
#5059 = ORIENTED_EDGE ( 'NONE', *, *, #12283, .T. ) ;
#5060 = AXIS2_PLACEMENT_3D ( 'NONE', #7208, #9197, #8304 ) ;
#5061 = CARTESIAN_POINT ( 'NONE',  ( 5.875000000000000000, 0.5749999999999999600, -1.500000000000000000 ) ) ;
#5062 = DIRECTION ( 'NONE',  ( 1.000000000000000000, 0.0000000000000000000, 0.0000000000000000000 ) ) ;
#5063 = DIRECTION ( 'NONE',  ( -1.000000000000000000, 0.0000000000000000000, 0.0000000000000000000 ) ) ;
#5064 = DIRECTION ( 'NONE',  ( -1.000000000000000000, 0.0000000000000000000, 0.0000000000000000000 ) ) ;
#5065 = EDGE_CURVE ( 'NONE', #4472, #430, #7198, .T. ) ;
#5066 = LINE ( 'NONE', #11268, #4148 ) ;
#5067 = VECTOR ( 'NONE', #2354, 1000.000000000000000 ) ;
#5068 = DIRECTION ( 'NONE',  ( 0.0000000000000000000, 0.0000000000000000000, -1.000000000000000000 ) ) ;
#5069 = VECTOR ( 'NONE', #6552, 999.9999999999998900 ) ;
#5070 = FACE_OUTER_BOUND ( 'NONE', #7866, .T. ) ;
#5071 = ORIENTED_EDGE ( 'NONE', *, *, #6011, .F. ) ;
#5072 = VERTEX_POINT ( 'NONE', #3834 ) ;
#5073 = PLANE ( 'NONE',  #438 ) ;
#5074 = ORIENTED_EDGE ( 'NONE', *, *, #5546, .F. ) ;
#5075 = CARTESIAN_POINT ( 'NONE',  ( -0.7849999999999983700, -3.125000000000000000, -0.1000000000000000100 ) ) ;
#5076 = LINE ( 'NONE', #12420, #7405 ) ;
#5077 = VECTOR ( 'NONE', #7155, 1000.000000000000000 ) ;
#5078 = PLANE ( 'NONE',  #5488 ) ;
#5079 = ADVANCED_FACE ( 'NONE', ( #7660 ), #5846, .T. ) ;
#5080 = VECTOR ( 'NONE', #2219, 1000.000000000000000 ) ;
#5081 = DIRECTION ( 'NONE',  ( 0.0000000000000000000, 0.0000000000000000000, -1.000000000000000000 ) ) ;
#5082 = VERTEX_POINT ( 'NONE', #6719 ) ;
#5083 = ORIENTED_EDGE ( 'NONE', *, *, #7123, .T. ) ;
#5084 = EDGE_CURVE ( 'NONE', #8007, #2704, #9206, .T. ) ;
#5085 = DIRECTION ( 'NONE',  ( 0.0000000000000000000, 0.0000000000000000000, 1.000000000000000000 ) ) ;
#5086 = ORIENTED_EDGE ( 'NONE', *, *, #133, .F. ) ;
#5087 = DIRECTION ( 'NONE',  ( 0.0000000000000000000, -0.0000000000000000000, -1.000000000000000000 ) ) ;
#5088 = FACE_OUTER_BOUND ( 'NONE', #5440, .T. ) ;
#5089 = EDGE_CURVE ( 'NONE', #7172, #10076, #5349, .T. ) ;
#5090 = ADVANCED_FACE ( 'NONE', ( #11540 ), #7780, .T. ) ;
#5091 = CARTESIAN_POINT ( 'NONE',  ( 0.7850000000000010300, -3.125000000000000000, -0.8499999999999999800 ) ) ;
#5092 = DIRECTION ( 'NONE',  ( 0.0000000000000000000, 0.0000000000000000000, -1.000000000000000000 ) ) ;
#5093 = LINE ( 'NONE', #1239, #12037 ) ;
#5094 = PLANE ( 'NONE',  #11248 ) ;
#5095 = ADVANCED_FACE ( 'NONE', ( #1643 ), #10849, .F. ) ;
#5096 = ORIENTED_EDGE ( 'NONE', *, *, #12354, .T. ) ;
#5097 = ORIENTED_EDGE ( 'NONE', *, *, #8299, .F. ) ;
#5098 = ORIENTED_EDGE ( 'NONE', *, *, #790, .F. ) ;
#5099 = AXIS2_PLACEMENT_3D ( 'NONE', #4360, #8330, #9351 ) ;
#5100 = ORIENTED_EDGE ( 'NONE', *, *, #10368, .T. ) ;
#5101 = EDGE_CURVE ( 'NONE', #6003, #8673, #1331, .T. ) ;
#5102 = CARTESIAN_POINT ( 'NONE',  ( 2.965000000000002500, -3.125000000000000000, -0.8499999999999999800 ) ) ;
#5103 = ORIENTED_EDGE ( 'NONE', *, *, #10078, .T. ) ;
#5104 = PLANE ( 'NONE',  #11565 ) ;
#5105 = CARTESIAN_POINT ( 'NONE',  ( 3.285000000000000100, -3.424999999999999800, -1.599999999999999900 ) ) ;
#5106 = ORIENTED_EDGE ( 'NONE', *, *, #10650, .T. ) ;
#5107 = CARTESIAN_POINT ( 'NONE',  ( 1.624999999999999800, -3.225000000000000100, -1.800000000000000300 ) ) ;
#5108 = EDGE_CURVE ( 'NONE', #7296, #3379, #8881, .T. ) ;
#5109 = DIRECTION ( 'NONE',  ( 0.0000000000000000000, 0.0000000000000000000, 1.000000000000000000 ) ) ;
#5110 = ORIENTED_EDGE ( 'NONE', *, *, #6046, .F. ) ;
#5111 = ORIENTED_EDGE ( 'NONE', *, *, #5753, .F. ) ;
#5112 = LINE ( 'NONE', #385, #2494 ) ;
#5113 = AXIS2_PLACEMENT_3D ( 'NONE', #4828, #12608, #10688 ) ;
#5114 = VECTOR ( 'NONE', #11290, 1000.000000000000000 ) ;
#5115 = CARTESIAN_POINT ( 'NONE',  ( 6.349999999999999600, -2.225000000000000100, -0.6450000000000000200 ) ) ;
#5116 = ORIENTED_EDGE ( 'NONE', *, *, #5465, .F. ) ;
#5117 = ORIENTED_EDGE ( 'NONE', *, *, #7061, .T. ) ;
#5118 = DIRECTION ( 'NONE',  ( 0.0000000000000000000, 0.0000000000000000000, 1.000000000000000000 ) ) ;
#5119 = EDGE_CURVE ( 'NONE', #9371, #101, #5030, .T. ) ;
#5120 = CARTESIAN_POINT ( 'NONE',  ( 0.0000000000000000000, -3.225000000000000100, 1.600000000000000100 ) ) ;
#5121 = DIRECTION ( 'NONE',  ( 0.0000000000000000000, 0.0000000000000000000, -1.000000000000000000 ) ) ;
#5122 = ORIENTED_EDGE ( 'NONE', *, *, #11906, .T. ) ;
#5123 = ORIENTED_EDGE ( 'NONE', *, *, #1424, .T. ) ;
#5124 = CIRCLE ( 'NONE', #1729, 0.1499999999999999700 ) ;
#5125 = VECTOR ( 'NONE', #405, 1000.000000000000000 ) ;
#5126 = DIRECTION ( 'NONE',  ( 0.0000000000000000000, 0.0000000000000000000, 1.000000000000000000 ) ) ;
#5127 = ORIENTED_EDGE ( 'NONE', *, *, #3231, .F. ) ;
#5128 = ORIENTED_EDGE ( 'NONE', *, *, #1102, .T. ) ;
#5129 = CARTESIAN_POINT ( 'NONE',  ( -6.540000000000000000, -2.024999999999999900, -1.500000000000000200 ) ) ;
#5130 = CARTESIAN_POINT ( 'NONE',  ( 5.575000000000000200, 0.9749999999999999800, 0.4000000000000000200 ) ) ;
#5131 = VERTEX_POINT ( 'NONE', #12752 ) ;
#5132 = ORIENTED_EDGE ( 'NONE', *, *, #6476, .T. ) ;
#5133 = LINE ( 'NONE', #1750, #11336 ) ;
#5134 = VECTOR ( 'NONE', #1141, 1000.000000000000000 ) ;
#5135 = CARTESIAN_POINT ( 'NONE',  ( -1.715000000000000100, -3.225000000000000100, -0.9250000000000000400 ) ) ;
#5136 = VERTEX_POINT ( 'NONE', #830 ) ;
#5137 = CARTESIAN_POINT ( 'NONE',  ( 2.034999999999999700, -0.2250000000000001400, -0.8500000000000000900 ) ) ;
#5138 = CARTESIAN_POINT ( 'NONE',  ( -7.575000000000000200, -2.225000000000000100, -1.550000000000000300 ) ) ;
#5139 = VERTEX_POINT ( 'NONE', #1822 ) ;
#5140 = CARTESIAN_POINT ( 'NONE',  ( -2.964999999999999900, -3.924999999999999800, -0.5749999999999999600 ) ) ;
#5141 = DIRECTION ( 'NONE',  ( 0.0000000000000000000, 0.7071067811863974700, 0.7071067811866975600 ) ) ;
#5142 = EDGE_CURVE ( 'NONE', #7737, #5139, #3682, .T. ) ;
#5143 = DIRECTION ( 'NONE',  ( 0.0000000000000000000, -1.000000000000000000, -0.0000000000000000000 ) ) ;
#5144 = ADVANCED_FACE ( 'NONE', ( #11830 ), #1077, .T. ) ;
#5145 = CARTESIAN_POINT ( 'NONE',  ( 2.965000000000002500, -1.975000000000000100, -0.1000000000000000100 ) ) ;
#5146 = ORIENTED_EDGE ( 'NONE', *, *, #4976, .T. ) ;
#5147 = LINE ( 'NONE', #10519, #9767 ) ;
#5148 = LINE ( 'NONE', #4842, #678 ) ;
#5149 = CARTESIAN_POINT ( 'NONE',  ( 0.0000000000000000000, -2.625000000000000000, 1.600000000000000100 ) ) ;
#5150 = DIRECTION ( 'NONE',  ( -0.0000000000000000000, 1.000000000000000000, 0.0000000000000000000 ) ) ;
#5151 = EDGE_CURVE ( 'NONE', #1842, #138, #7189, .T. ) ;
#5152 = CARTESIAN_POINT ( 'NONE',  ( 5.275000000000000400, 0.7750000000000001300, 1.200000000000000000 ) ) ;
#5153 = ORIENTED_EDGE ( 'NONE', *, *, #5701, .T. ) ;
#5154 = CARTESIAN_POINT ( 'NONE',  ( -7.070000000000001200, -2.225000000000000100, -1.800000000000000300 ) ) ;
#5155 = DIRECTION ( 'NONE',  ( 0.0000000000000000000, 0.0000000000000000000, -1.000000000000000000 ) ) ;
#5156 = AXIS2_PLACEMENT_3D ( 'NONE', #10232, #4280, #3193 ) ;
#5157 = VECTOR ( 'NONE', #7246, 1000.000000000000100 ) ;
#5158 = VERTEX_POINT ( 'NONE', #9065 ) ;
#5159 = VECTOR ( 'NONE', #11853, 1000.000000000000000 ) ;
#5160 = LINE ( 'NONE', #9023, #8279 ) ;
#5161 = ADVANCED_FACE ( 'NONE', ( #3673 ), #5104, .T. ) ;
#5162 = CARTESIAN_POINT ( 'NONE',  ( 1.980000000000000000, 0.02500000000000000100, -0.4749999999999999800 ) ) ;
#5163 = DIRECTION ( 'NONE',  ( 0.9766444667050946400, 0.2148617826750988400, 0.0000000000000000000 ) ) ;
#5164 = EDGE_CURVE ( 'NONE', #11323, #10956, #4581, .T. ) ;
#5165 = CARTESIAN_POINT ( 'NONE',  ( 5.224999999999999600, -3.125000000000000000, -1.100000000000000100 ) ) ;
#5166 = AXIS2_PLACEMENT_3D ( 'NONE', #1495, #2487, #12630 ) ;
#5167 = DIRECTION ( 'NONE',  ( 0.0000000000000000000, 1.000000000000000000, 0.0000000000000000000 ) ) ;
#5168 = EDGE_CURVE ( 'NONE', #2561, #8136, #5335, .T. ) ;
#5169 = DIRECTION ( 'NONE',  ( 0.0000000000000000000, 0.0000000000000000000, -1.000000000000000000 ) ) ;
#5170 = ORIENTED_EDGE ( 'NONE', *, *, #556, .F. ) ;
#5171 = FACE_OUTER_BOUND ( 'NONE', #768, .T. ) ;
#5172 = FACE_OUTER_BOUND ( 'NONE', #4422, .T. ) ;
#5173 = CARTESIAN_POINT ( 'NONE',  ( 0.8750000000000000000, -2.625000000000000000, 1.600000000000000100 ) ) ;
#5174 = ORIENTED_EDGE ( 'NONE', *, *, #2622, .F. ) ;
#5175 = LINE ( 'NONE', #9447, #2556 ) ;
#5176 = CARTESIAN_POINT ( 'NONE',  ( 6.349999999999999600, -2.225000000000000100, -1.350000000000000100 ) ) ;
#5177 = CARTESIAN_POINT ( 'NONE',  ( 6.349999999999998800, -0.02499999999999980400, -1.309999999999999800 ) ) ;
#5178 = CARTESIAN_POINT ( 'NONE',  ( 5.875000000000000000, -3.225000000000000100, 1.100000000000000100 ) ) ;
#5179 = DIRECTION ( 'NONE',  ( 0.0000000000000000000, -0.0000000000000000000, 1.000000000000000000 ) ) ;
#5180 = EDGE_CURVE ( 'NONE', #9863, #9899, #7506, .T. ) ;
#5181 = ORIENTED_EDGE ( 'NONE', *, *, #11261, .T. ) ;
#5182 = VECTOR ( 'NONE', #7218, 1000.000000000000000 ) ;
#5183 = LINE ( 'NONE', #3791, #7192 ) ;
#5184 = ORIENTED_EDGE ( 'NONE', *, *, #3288, .T. ) ;
#5185 = EDGE_CURVE ( 'NONE', #3983, #7296, #8287, .T. ) ;
#5186 = CARTESIAN_POINT ( 'NONE',  ( -1.624999999999999800, -3.225000000000000100, -1.800000000000000300 ) ) ;
#5187 = CARTESIAN_POINT ( 'NONE',  ( 0.4650000000000006900, -0.2250000000000001400, -0.09999999999999995000 ) ) ;
#5188 = ORIENTED_EDGE ( 'NONE', *, *, #5344, .T. ) ;
#5189 = DIRECTION ( 'NONE',  ( 0.0000000000000000000, 0.0000000000000000000, -1.000000000000000000 ) ) ;
#5190 = DIRECTION ( 'NONE',  ( -0.0000000000000000000, 0.0000000000000000000, -1.000000000000000000 ) ) ;
#5191 = CARTESIAN_POINT ( 'NONE',  ( 5.875000000000000000, -1.975000000000000100, 0.3999999999999999700 ) ) ;
#5192 = PRESENTATION_STYLE_ASSIGNMENT (( #8069 ) ) ;
#5193 = DIRECTION ( 'NONE',  ( -1.000000000000000000, 0.0000000000000000000, -0.0000000000000000000 ) ) ;
#5194 = DIRECTION ( 'NONE',  ( 0.5773502691896239500, 0.5773502691896262900, 0.5773502691896269500 ) ) ;
#5195 = LINE ( 'NONE', #1368, #5667 ) ;
#5196 = DIRECTION ( 'NONE',  ( 0.0000000000000000000, -0.0000000000000000000, 1.000000000000000000 ) ) ;
#5197 = LINE ( 'NONE', #9690, #4591 ) ;
#5198 = EDGE_CURVE ( 'NONE', #11834, #8505, #6266, .T. ) ;
#5199 = VERTEX_POINT ( 'NONE', #10013 ) ;
#5200 = EDGE_LOOP ( 'NONE', ( #9585, #7623, #3214, #4853, #6094, #3595, #8032, #4061, #11950, #10471, #11136, #9766, #2122, #10139, #7457, #10307 ) ) ;
#5201 = VERTEX_POINT ( 'NONE', #8037 ) ;
#5202 = DIRECTION ( 'NONE',  ( 0.0000000000000000000, 0.0000000000000000000, 1.000000000000000000 ) ) ;
#5203 = EDGE_CURVE ( 'NONE', #8810, #3085, #60, .T. ) ;
#5204 = DIRECTION ( 'NONE',  ( -0.0000000000000000000, -1.000000000000000000, -0.0000000000000000000 ) ) ;
#5205 = VECTOR ( 'NONE', #5664, 1000.000000000000000 ) ;
#5206 = CARTESIAN_POINT ( 'NONE',  ( 2.035000000000000100, -3.924999999999999800, -1.300000000000000300 ) ) ;
#5207 = LINE ( 'NONE', #12270, #9218 ) ;
#5208 = VECTOR ( 'NONE', #8124, 1000.000000000000000 ) ;
#5209 = ORIENTED_EDGE ( 'NONE', *, *, #12591, .T. ) ;
#5210 = DIRECTION ( 'NONE',  ( -0.0000000000000000000, -1.000000000000000000, 0.0000000000000000000 ) ) ;
#5211 = ADVANCED_FACE ( 'NONE', ( #1923 ), #170, .T. ) ;
#5212 = VECTOR ( 'NONE', #7051, 1000.000000000000000 ) ;
#5213 = ORIENTED_EDGE ( 'NONE', *, *, #5164, .T. ) ;
#5214 = VERTEX_POINT ( 'NONE', #4164 ) ;
#5215 = DIRECTION ( 'NONE',  ( -1.000000000000000000, -0.0000000000000000000, -0.0000000000000000000 ) ) ;
#5216 = VECTOR ( 'NONE', #2962, 1000.000000000000100 ) ;
#5217 = VECTOR ( 'NONE', #7253, 1000.000000000000000 ) ;
#5218 = ADVANCED_FACE ( 'NONE', ( #5650 ), #12835, .T. ) ;
#5219 = CARTESIAN_POINT ( 'NONE',  ( -1.715000000000000100, -3.425000000000000300, -1.125000000000000200 ) ) ;
#5220 = LINE ( 'NONE', #1366, #10481 ) ;
#5221 = CARTESIAN_POINT ( 'NONE',  ( -3.284999999999998800, -3.125000000000000000, -0.1000000000000000100 ) ) ;
#5222 = PLANE ( 'NONE',  #4827 ) ;
#5223 = DIRECTION ( 'NONE',  ( 0.0000000000000000000, 0.0000000000000000000, -1.000000000000000000 ) ) ;
#5224 = VECTOR ( 'NONE', #11745, 1000.000000000000000 ) ;
#5225 = EDGE_LOOP ( 'NONE', ( #6042, #6385, #4485, #2910, #4091, #1396, #718, #9561, #5311, #11573, #930, #643 ) ) ;
#5226 = VERTEX_POINT ( 'NONE', #5927 ) ;
#5227 = VERTEX_POINT ( 'NONE', #9929 ) ;
#5228 = ADVANCED_FACE ( 'NONE', ( #1633 ), #10885, .F. ) ;
#5229 = CARTESIAN_POINT ( 'NONE',  ( -0.4650000000000054600, -0.2250000000000012000, -0.8500000000000002000 ) ) ;
#5230 = VECTOR ( 'NONE', #126, 1000.000000000000200 ) ;
#5231 = FACE_OUTER_BOUND ( 'NONE', #2789, .T. ) ;
#5232 = CARTESIAN_POINT ( 'NONE',  ( -2.034999999999998800, -4.208005078473780400, -0.1000000000000000100 ) ) ;
#5233 = LINE ( 'NONE', #3713, #7239 ) ;
#5234 = PLANE ( 'NONE',  #12127 ) ;
#5235 = VECTOR ( 'NONE', #2713, 999.9999999999998900 ) ;
#5236 = CARTESIAN_POINT ( 'NONE',  ( -1.715000000000000100, -3.924999999999999800, -1.300000000000000300 ) ) ;
#5237 = CARTESIAN_POINT ( 'NONE',  ( -1.715000000000000100, -3.625000000000000000, -1.800000000000000300 ) ) ;
#5238 = DIRECTION ( 'NONE',  ( 0.0000000000000000000, 0.0000000000000000000, 1.000000000000000000 ) ) ;
#5239 = FACE_OUTER_BOUND ( 'NONE', #12297, .T. ) ;
#5240 = ORIENTED_EDGE ( 'NONE', *, *, #3592, .F. ) ;
#5241 = CARTESIAN_POINT ( 'NONE',  ( -1.625000000000000200, -3.225000000000000100, 1.100000000000000100 ) ) ;
#5242 = PLANE ( 'NONE',  #9814 ) ;
#5243 = DIRECTION ( 'NONE',  ( -0.9766444667050946400, 0.2148617826750988400, 0.0000000000000000000 ) ) ;
#5244 = VERTEX_POINT ( 'NONE', #4982 ) ;
#5245 = LINE ( 'NONE', #652, #3582 ) ;
#5246 = PLANE ( 'NONE',  #3871 ) ;
#5247 = VECTOR ( 'NONE', #5959, 1000.000000000000000 ) ;
#5248 = LINE ( 'NONE', #8020, #5564 ) ;
#5249 = CARTESIAN_POINT ( 'NONE',  ( 3.600000000000000500, -0.4749999999999999800, -1.600000000000000100 ) ) ;
#5250 = DIRECTION ( 'NONE',  ( -1.000000000000000000, -0.0000000000000000000, -0.0000000000000000000 ) ) ;
#5251 = CARTESIAN_POINT ( 'NONE',  ( 2.035000000000000100, -4.224999999999999600, -1.300000000000000300 ) ) ;
#5252 = ORIENTED_EDGE ( 'NONE', *, *, #5338, .F. ) ;
#5253 = VERTEX_POINT ( 'NONE', #10934 ) ;
#5254 = SURFACE_STYLE_USAGE ( .BOTH. , #7279 ) ;
#5255 = ORIENTED_EDGE ( 'NONE', *, *, #9378, .F. ) ;
#5256 = CARTESIAN_POINT ( 'NONE',  ( 0.0000000000000000000, -2.625000000000000000, 1.100000000000000100 ) ) ;
#5257 = DIRECTION ( 'NONE',  ( 0.0000000000000000000, -0.0000000000000000000, 1.000000000000000000 ) ) ;
#5258 = ORIENTED_EDGE ( 'NONE', *, *, #4614, .F. ) ;
#5259 = AXIS2_PLACEMENT_3D ( 'NONE', #10591, #8578, #2654 ) ;
#5260 = CARTESIAN_POINT ( 'NONE',  ( -5.275000000000000400, 0.9749999999999999800, 0.3999999999999999700 ) ) ;
#5261 = VERTEX_POINT ( 'NONE', #4041 ) ;
#5262 = EDGE_CURVE ( 'NONE', #9759, #3280, #2868, .T. ) ;
#5263 = DIRECTION ( 'NONE',  ( -1.000000000000000000, -0.0000000000000000000, 0.0000000000000000000 ) ) ;
#5264 = DIRECTION ( 'NONE',  ( -0.8320502943378438300, -0.5547001962252290400, 0.0000000000000000000 ) ) ;
#5265 = VERTEX_POINT ( 'NONE', #11925 ) ;
#5266 = ORIENTED_EDGE ( 'NONE', *, *, #5151, .T. ) ;
#5267 = ORIENTED_EDGE ( 'NONE', *, *, #1948, .T. ) ;
#5268 = VECTOR ( 'NONE', #347, 1000.000000000000000 ) ;
#5269 = DIRECTION ( 'NONE',  ( 1.000000000000000000, 0.0000000000000000000, 0.0000000000000000000 ) ) ;
#5270 = VECTOR ( 'NONE', #8083, 1000.000000000000000 ) ;
#5271 = EDGE_CURVE ( 'NONE', #7620, #11463, #7648, .T. ) ;
#5272 = ORIENTED_EDGE ( 'NONE', *, *, #4438, .F. ) ;
#5273 = AXIS2_PLACEMENT_3D ( 'NONE', #11240, #5323, #9160 ) ;
#5274 = CARTESIAN_POINT ( 'NONE',  ( -0.3750000000000001100, -3.225000000000000100, 1.100000000000000100 ) ) ;
#5275 = VERTEX_POINT ( 'NONE', #6230 ) ;
#5276 = CARTESIAN_POINT ( 'NONE',  ( -4.425000000000001600, 0.2750000000000003000, -0.2749999999999999700 ) ) ;
#5277 = ORIENTED_EDGE ( 'NONE', *, *, #28, .F. ) ;
#5278 = DIRECTION ( 'NONE',  ( 0.0000000000000000000, 0.7071067811863974700, 0.7071067811866975600 ) ) ;
#5279 = AXIS2_PLACEMENT_3D ( 'NONE', #9298, #9201, #12188 ) ;
#5280 = ORIENTED_EDGE ( 'NONE', *, *, #11360, .T. ) ;
#5281 = ORIENTED_EDGE ( 'NONE', *, *, #4860, .T. ) ;
#5282 = FACE_OUTER_BOUND ( 'NONE', #7729, .T. ) ;
#5283 = CARTESIAN_POINT ( 'NONE',  ( -6.110000000000001200, -2.024999999999999000, -0.2699999999999998000 ) ) ;
#5284 = EDGE_CURVE ( 'NONE', #11834, #12262, #10586, .T. ) ;
#5285 = VECTOR ( 'NONE', #5013, 1000.000000000000000 ) ;
#5286 = ADVANCED_FACE ( 'NONE', ( #6877 ), #3408, .F. ) ;
#5287 = DIRECTION ( 'NONE',  ( 0.0000000000000000000, -0.0000000000000000000, 1.000000000000000000 ) ) ;
#5288 = ORIENTED_EDGE ( 'NONE', *, *, #3671, .F. ) ;
#5289 = DIRECTION ( 'NONE',  ( 0.0000000000000000000, 1.000000000000000000, -0.0000000000000000000 ) ) ;
#5290 = PLANE ( 'NONE',  #8992 ) ;
#5291 = DIRECTION ( 'NONE',  ( 0.0000000000000000000, 1.000000000000000000, -0.0000000000000000000 ) ) ;
#5292 = EDGE_LOOP ( 'NONE', ( #6880, #10071, #8237, #10511, #510, #8613, #2821, #12292 ) ) ;
#5293 = EDGE_CURVE ( 'NONE', #6405, #7401, #12604, .T. ) ;
#5294 = CARTESIAN_POINT ( 'NONE',  ( 5.875000000000000000, -3.225000000000000100, 1.600000000000000100 ) ) ;
#5295 = DIRECTION ( 'NONE',  ( -0.0000000000000000000, -1.000000000000000000, 0.0000000000000000000 ) ) ;
#5296 = ADVANCED_FACE ( 'NONE', ( #225 ), #7263, .T. ) ;
#5297 = ORIENTED_EDGE ( 'NONE', *, *, #11663, .F. ) ;
#5298 = ORIENTED_EDGE ( 'NONE', *, *, #9574, .F. ) ;
#5299 = FACE_OUTER_BOUND ( 'NONE', #9603, .T. ) ;
#5300 = VECTOR ( 'NONE', #7411, 1000.000000000000100 ) ;
#5301 = EDGE_LOOP ( 'NONE', ( #11741, #6665, #7583, #1459 ) ) ;
#5302 = DIRECTION ( 'NONE',  ( 0.0000000000000000000, -0.0000000000000000000, 1.000000000000000000 ) ) ;
#5303 = DIRECTION ( 'NONE',  ( 0.9766444667050946400, 0.2148617826750988400, 0.0000000000000000000 ) ) ;
#5304 = VERTEX_POINT ( 'NONE', #10251 ) ;
#5305 = DIRECTION ( 'NONE',  ( 0.0000000000000000000, -0.0000000000000000000, -1.000000000000000000 ) ) ;
#5306 = EDGE_CURVE ( 'NONE', #504, #11601, #4269, .T. ) ;
#5307 = ORIENTED_EDGE ( 'NONE', *, *, #49, .F. ) ;
#5308 = VECTOR ( 'NONE', #5930, 1000.000000000000000 ) ;
#5309 = VECTOR ( 'NONE', #1199, 1000.000000000000000 ) ;
#5310 = ORIENTED_EDGE ( 'NONE', *, *, #3933, .F. ) ;
#5311 = ORIENTED_EDGE ( 'NONE', *, *, #5321, .T. ) ;
#5312 = DIRECTION ( 'NONE',  ( 0.0000000000000000000, 0.0000000000000000000, -1.000000000000000000 ) ) ;
#5313 = PLANE ( 'NONE',  #2437 ) ;
#5314 = ORIENTED_EDGE ( 'NONE', *, *, #7148, .F. ) ;
#5315 = CARTESIAN_POINT ( 'NONE',  ( -6.540000000000000000, -2.225000000000000100, -1.300000000000000300 ) ) ;
#5316 = CARTESIAN_POINT ( 'NONE',  ( 6.110000000000001200, -0.02499999999999984900, -1.500000000000000000 ) ) ;
#5317 = VERTEX_POINT ( 'NONE', #1304 ) ;
#5318 = LINE ( 'NONE', #9473, #46 ) ;
#5319 = DIRECTION ( 'NONE',  ( 0.0000000000000000000, -1.000000000000000000, 0.0000000000000000000 ) ) ;
#5320 = EDGE_CURVE ( 'NONE', #8710, #12042, #3346, .T. ) ;
#5321 = EDGE_CURVE ( 'NONE', #10534, #12353, #12133, .T. ) ;
#5322 = CARTESIAN_POINT ( 'NONE',  ( 5.375000000000000000, -3.115000000000000200, -1.010638308524999900 ) ) ;
#5323 = DIRECTION ( 'NONE',  ( 0.0000000000000000000, 0.0000000000000000000, 1.000000000000000000 ) ) ;
#5324 = FACE_OUTER_BOUND ( 'NONE', #4634, .T. ) ;
#5325 = CARTESIAN_POINT ( 'NONE',  ( -5.275000000000000400, 0.9749999999999999800, -0.4500000000000001200 ) ) ;
#5326 = EDGE_LOOP ( 'NONE', ( #497, #2633, #3708, #10551 ) ) ;
#5327 = CARTESIAN_POINT ( 'NONE',  ( 5.875000000000000000, 0.9749999999999999800, -1.399999999999999900 ) ) ;
#5328 = LINE ( 'NONE', #4288, #12279 ) ;
#5329 = VECTOR ( 'NONE', #11840, 1000.000000000000000 ) ;
#5330 = CARTESIAN_POINT ( 'NONE',  ( 6.870000000000000100, -2.225000000000000100, -0.5450000000000000400 ) ) ;
#5331 = PLANE ( 'NONE',  #3283 ) ;
#5332 = PRESENTATION_LAYER_ASSIGNMENT (  '', '', ( #11121 ) ) ;
#5333 = ORIENTED_EDGE ( 'NONE', *, *, #11572, .T. ) ;
#5334 = CARTESIAN_POINT ( 'NONE',  ( 9.090000000000001600, -3.125000000000000000, -0.4250000000000000400 ) ) ;
#5335 = LINE ( 'NONE', #2124, #8734 ) ;
#5336 = CARTESIAN_POINT ( 'NONE',  ( -1.714999999999999400, -1.975000000000000100, -0.8499999999999999800 ) ) ;
#5337 = PLANE ( 'NONE',  #3955 ) ;
#5338 = EDGE_CURVE ( 'NONE', #5961, #9120, #4871, .T. ) ;
#5339 = LINE ( 'NONE', #3986, #11368 ) ;
#5340 = ORIENTED_EDGE ( 'NONE', *, *, #1998, .F. ) ;
#5341 = PLANE ( 'NONE',  #5099 ) ;
#5342 = CARTESIAN_POINT ( 'NONE',  ( -2.965000000000000300, -4.224999999999999600, -1.300000000000000300 ) ) ;
#5343 = DIRECTION ( 'NONE',  ( 0.0000000000000000000, -0.7071067811865475700, -0.7071067811865475700 ) ) ;
#5344 = EDGE_CURVE ( 'NONE', #52, #1604, #10886, .T. ) ;
#5345 = ADVANCED_FACE ( 'NONE', ( #9947 ), #4301, .F. ) ;
#5346 = ORIENTED_EDGE ( 'NONE', *, *, #2150, .T. ) ;
#5347 = LINE ( 'NONE', #8601, #2722 ) ;
#5348 = CARTESIAN_POINT ( 'NONE',  ( 6.099999999999999600, -1.075000000000000000, -1.310000000000000300 ) ) ;
#5349 = LINE ( 'NONE', #12712, #5957 ) ;
#5350 = VECTOR ( 'NONE', #6, 1000.000000000000000 ) ;
#5351 = ORIENTED_EDGE ( 'NONE', *, *, #1117, .F. ) ;
#5352 = AXIS2_PLACEMENT_3D ( 'NONE', #11023, #11066, #3126 ) ;
#5353 = CARTESIAN_POINT ( 'NONE',  ( -3.285000000000000100, -3.225000000000000100, -0.4249999999999998200 ) ) ;
#5354 = ORIENTED_EDGE ( 'NONE', *, *, #7588, .T. ) ;
#5355 = CARTESIAN_POINT ( 'NONE',  ( -4.375000000000000000, -0.2250000000000000600, -0.8499999999999999800 ) ) ;
#5356 = DIRECTION ( 'NONE',  ( -1.000000000000000000, 0.0000000000000000000, -0.0000000000000000000 ) ) ;
#5357 = EDGE_CURVE ( 'NONE', #2678, #10930, #11820, .T. ) ;
#5358 = ADVANCED_FACE ( 'NONE', ( #386 ), #12238, .F. ) ;
#5359 = DIRECTION ( 'NONE',  ( 0.0000000000000000000, 1.000000000000000000, 0.0000000000000000000 ) ) ;
#5360 = CARTESIAN_POINT ( 'NONE',  ( 2.964999999999999900, -3.924999999999999800, 1.600000000000000100 ) ) ;
#5361 = FACE_OUTER_BOUND ( 'NONE', #11490, .T. ) ;
#5362 = EDGE_CURVE ( 'NONE', #3102, #2095, #10739, .T. ) ;
#5363 = SURFACE_STYLE_FILL_AREA ( #11440 ) ;
#5364 = VECTOR ( 'NONE', #7871, 1000.000000000000000 ) ;
#5365 = EDGE_LOOP ( 'NONE', ( #4562, #7589, #320, #360 ) ) ;
#5366 = ORIENTED_EDGE ( 'NONE', *, *, #2072, .T. ) ;
#5367 = DIRECTION ( 'NONE',  ( 0.0000000000000000000, 0.0000000000000000000, -1.000000000000000000 ) ) ;
#5368 = VERTEX_POINT ( 'NONE', #2211 ) ;
#5369 = PLANE ( 'NONE',  #4858 ) ;
#5370 = DIRECTION ( 'NONE',  ( -0.0000000000000000000, -0.0000000000000000000, -1.000000000000000000 ) ) ;
#5371 = DIRECTION ( 'NONE',  ( -0.0000000000000000000, 1.000000000000000000, 0.0000000000000000000 ) ) ;
#5372 = CARTESIAN_POINT ( 'NONE',  ( 2.035000000000000100, -3.125000000000000000, -0.4249999999999999900 ) ) ;
#5373 = CARTESIAN_POINT ( 'NONE',  ( 5.875000000000000000, 0.9749999999999998700, -1.600000000000000100 ) ) ;
#5374 = VECTOR ( 'NONE', #8892, 1000.000000000000000 ) ;
#5375 = EDGE_CURVE ( 'NONE', #8009, #3669, #11211, .T. ) ;
#5376 = LINE ( 'NONE', #6043, #2746 ) ;
#5377 = DIRECTION ( 'NONE',  ( -0.0000000000000000000, -0.0000000000000000000, -1.000000000000000000 ) ) ;
#5378 = LINE ( 'NONE', #2826, #11085 ) ;
#5379 = LINE ( 'NONE', #11125, #7057 ) ;
#5380 = ORIENTED_EDGE ( 'NONE', *, *, #12059, .F. ) ;
#5381 = ORIENTED_EDGE ( 'NONE', *, *, #5448, .T. ) ;
#5382 = ORIENTED_EDGE ( 'NONE', *, *, #2956, .F. ) ;
#5383 = DIRECTION ( 'NONE',  ( -0.0000000000000000000, 1.000000000000000000, 0.0000000000000000000 ) ) ;
#5384 = DIRECTION ( 'NONE',  ( -0.0000000000000000000, 0.0000000000000000000, 1.000000000000000000 ) ) ;
#5385 = CARTESIAN_POINT ( 'NONE',  ( -0.4649999999999992500, -3.125000000000000000, -0.8499999999999999800 ) ) ;
#5386 = DIRECTION ( 'NONE',  ( -0.0000000000000000000, 0.0000000000000000000, 1.000000000000000000 ) ) ;
#5387 =( LENGTH_UNIT ( ) NAMED_UNIT ( * ) SI_UNIT ( .MILLI., .METRE. ) );
#5388 = PLANE ( 'NONE',  #702 ) ;
#5389 = LINE ( 'NONE', #2107, #104 ) ;
#5390 = CARTESIAN_POINT ( 'NONE',  ( -5.575000000000002000, 0.9749999999999998700, -1.399999999999999900 ) ) ;
#5391 = FACE_OUTER_BOUND ( 'NONE', #6819, .T. ) ;
#5392 = ORIENTED_EDGE ( 'NONE', *, *, #7677, .T. ) ;
#5393 = VERTEX_POINT ( 'NONE', #1217 ) ;
#5394 = ORIENTED_EDGE ( 'NONE', *, *, #9952, .T. ) ;
#5395 = ORIENTED_EDGE ( 'NONE', *, *, #9384, .T. ) ;
#5396 = LINE ( 'NONE', #11486, #6492 ) ;
#5397 = EDGE_CURVE ( 'NONE', #1205, #6409, #553, .T. ) ;
#5398 = FACE_OUTER_BOUND ( 'NONE', #4692, .T. ) ;
#5399 = VECTOR ( 'NONE', #2041, 1000.000000000000000 ) ;
#5400 = CARTESIAN_POINT ( 'NONE',  ( -4.214999999999999900, -3.125000000000000000, -0.4249999999999999900 ) ) ;
#5401 =( NAMED_UNIT ( * ) PLANE_ANGLE_UNIT ( ) SI_UNIT ( $, .RADIAN. ) );
#5402 = EDGE_LOOP ( 'NONE', ( #8684, #5307, #8775, #7436 ) ) ;
#5403 = VERTEX_POINT ( 'NONE', #9163 ) ;
#5404 = EDGE_CURVE ( 'NONE', #11117, #4222, #3958, .T. ) ;
#5405 = VERTEX_POINT ( 'NONE', #8179 ) ;
#5406 = DIRECTION ( 'NONE',  ( 0.0000000000000000000, 1.000000000000000000, -0.0000000000000000000 ) ) ;
#5407 = VECTOR ( 'NONE', #9213, 1000.000000000000000 ) ;
#5408 = ADVANCED_FACE ( 'NONE', ( #2564 ), #5452, .T. ) ;
#5409 = FACE_OUTER_BOUND ( 'NONE', #8044, .T. ) ;
#5410 = CARTESIAN_POINT ( 'NONE',  ( 0.4650000000000000800, -3.125000000000000000, -0.4249999999999998800 ) ) ;
#5411 = CARTESIAN_POINT ( 'NONE',  ( 2.035000000000000100, -4.224999999999999600, -1.300000000000000300 ) ) ;
#5412 = ORIENTED_EDGE ( 'NONE', *, *, #5344, .F. ) ;
#5413 = ORIENTED_EDGE ( 'NONE', *, *, #10266, .F. ) ;
#5414 = EDGE_CURVE ( 'NONE', #762, #5897, #1320, .T. ) ;
#5415 = ORIENTED_EDGE ( 'NONE', *, *, #3088, .F. ) ;
#5416 = LINE ( 'NONE', #5532, #8370 ) ;
#5417 = DIRECTION ( 'NONE',  ( 1.000000000000000000, -0.0000000000000000000, 0.0000000000000000000 ) ) ;
#5418 = EDGE_LOOP ( 'NONE', ( #3781, #2020, #8499, #3071, #7231, #9876 ) ) ;
#5419 = EDGE_CURVE ( 'NONE', #1604, #12402, #5800, .T. ) ;
#5420 = ORIENTED_EDGE ( 'NONE', *, *, #5039, .T. ) ;
#5421 = CARTESIAN_POINT ( 'NONE',  ( 5.174999999999999800, -2.225000000000000100, -1.800000000000000300 ) ) ;
#5422 = CARTESIAN_POINT ( 'NONE',  ( -0.7850000000000000300, -3.125000000000000000, -0.9250000000000000400 ) ) ;
#5423 = ADVANCED_FACE ( 'NONE', ( #12753 ), #1522, .T. ) ;
#5424 = CARTESIAN_POINT ( 'NONE',  ( -6.110000000000003000, -2.024999999999997200, -0.5619337613708085300 ) ) ;
#5425 = ORIENTED_EDGE ( 'NONE', *, *, #10129, .F. ) ;
#5426 = CARTESIAN_POINT ( 'NONE',  ( 6.875000000000000900, 0.5749999999999999600, -1.500000000000000000 ) ) ;
#5427 = VERTEX_POINT ( 'NONE', #6362 ) ;
#5428 = ORIENTED_EDGE ( 'NONE', *, *, #74, .F. ) ;
#5429 = DIRECTION ( 'NONE',  ( -0.0000000000000000000, -1.000000000000000000, -0.0000000000000000000 ) ) ;
#5430 = VECTOR ( 'NONE', #7206, 1000.000000000000000 ) ;
#5431 = LINE ( 'NONE', #6910, #2802 ) ;
#5432 = AXIS2_PLACEMENT_3D ( 'NONE', #964, #9811, #1950 ) ;
#5433 = CARTESIAN_POINT ( 'NONE',  ( 4.125000000000000000, -2.625000000000000000, 1.100000000000000100 ) ) ;
#5434 = ORIENTED_EDGE ( 'NONE', *, *, #9069, .F. ) ;
#5435 = EDGE_CURVE ( 'NONE', #4460, #10452, #2242, .T. ) ;
#5436 = VERTEX_POINT ( 'NONE', #12405 ) ;
#5437 = EDGE_CURVE ( 'NONE', #2095, #3620, #11530, .T. ) ;
#5438 = ADVANCED_FACE ( 'NONE', ( #7800 ), #837, .F. ) ;
#5439 = ORIENTED_EDGE ( 'NONE', *, *, #9500, .F. ) ;
#5440 = EDGE_LOOP ( 'NONE', ( #1266, #6519, #3916, #682, #12081, #3423, #10765, #4911, #2523, #11870, #5272, #8092, #5936, #10359, #4605, #2664 ) ) ;
#5441 = FACE_OUTER_BOUND ( 'NONE', #9154, .T. ) ;
#5442 = AXIS2_PLACEMENT_3D ( 'NONE', #8366, #7362, #7486 ) ;
#5443 = VECTOR ( 'NONE', #7230, 1000.000000000000000 ) ;
#5444 = DIRECTION ( 'NONE',  ( -0.0000000000000000000, -0.0000000000000000000, -1.000000000000000000 ) ) ;
#5445 = VERTEX_POINT ( 'NONE', #1606 ) ;
#5446 = DIRECTION ( 'NONE',  ( 0.0000000000000000000, 0.0000000000000000000, -1.000000000000000000 ) ) ;
#5447 = ORIENTED_EDGE ( 'NONE', *, *, #4293, .T. ) ;
#5448 = EDGE_CURVE ( 'NONE', #5253, #10640, #9652, .T. ) ;
#5449 = ORIENTED_EDGE ( 'NONE', *, *, #3318, .F. ) ;
#5450 = VERTEX_POINT ( 'NONE', #442 ) ;
#5451 = LINE ( 'NONE', #7783, #9915 ) ;
#5452 = PLANE ( 'NONE',  #4383 ) ;
#5453 = VECTOR ( 'NONE', #11077, 1000.000000000000000 ) ;
#5454 = ORIENTED_EDGE ( 'NONE', *, *, #2396, .F. ) ;
#5455 = VERTEX_POINT ( 'NONE', #3584 ) ;
#5456 = EDGE_CURVE ( 'NONE', #12152, #4222, #9789, .T. ) ;
#5457 = CARTESIAN_POINT ( 'NONE',  ( 0.4650000000000018600, -3.125000000000000000, -0.8499999999999999800 ) ) ;
#5458 = CARTESIAN_POINT ( 'NONE',  ( -6.875000000000000000, 0.5749999999999999600, -1.500000000000000000 ) ) ;
#5459 = ORIENTED_EDGE ( 'NONE', *, *, #2547, .F. ) ;
#5460 = DIRECTION ( 'NONE',  ( 1.000000000000000000, 0.0000000000000000000, 0.0000000000000000000 ) ) ;
#5462 = CARTESIAN_POINT ( 'NONE',  ( -0.4649999999999999700, -3.924999999999999800, -1.300000000000000300 ) ) ;
#5461 = LINE ( 'NONE', #66, #7918 ) ;
#5463 = CARTESIAN_POINT ( 'NONE',  ( 2.965000000000002500, -4.208005078473780400, -0.8499999999999999800 ) ) ;
#5465 = EDGE_CURVE ( 'NONE', #5158, #11271, #7021, .T. ) ;
#5464 = ORIENTED_EDGE ( 'NONE', *, *, #1164, .F. ) ;
#5466 = DIRECTION ( 'NONE',  ( -1.000000000000000000, -0.0000000000000000000, 0.0000000000000000000 ) ) ;
#5467 = DIRECTION ( 'NONE',  ( 0.0000000000000000000, 0.0000000000000000000, 1.000000000000000000 ) ) ;
#5468 = CARTESIAN_POINT ( 'NONE',  ( 6.349999999999999600, -0.02499999999999984900, -1.350000000000000100 ) ) ;
#5469 = ADVANCED_FACE ( 'NONE', ( #11518 ), #5369, .T. ) ;
#5470 = VERTEX_POINT ( 'NONE', #7522 ) ;
#5471 = LINE ( 'NONE', #6123, #2541 ) ;
#5472 = ORIENTED_EDGE ( 'NONE', *, *, #12335, .T. ) ;
#5473 = FACE_OUTER_BOUND ( 'NONE', #6841, .T. ) ;
#5474 = CARTESIAN_POINT ( 'NONE',  ( 5.275000000000000400, 0.9749999999999999800, 1.200000000000000000 ) ) ;
#5475 = LINE ( 'NONE', #1039, #11359 ) ;
#5476 = CARTESIAN_POINT ( 'NONE',  ( -0.4650000000000000200, -4.224999999999999600, -1.300000000000000300 ) ) ;
#5477 = ORIENTED_EDGE ( 'NONE', *, *, #12392, .T. ) ;
#5478 = AXIS2_PLACEMENT_3D ( 'NONE', #5061, #11926, #11882 ) ;
#5479 = VECTOR ( 'NONE', #2770, 1000.000000000000000 ) ;
#5480 = ADVANCED_FACE ( 'NONE', ( #5171 ), #2432, .T. ) ;
#5481 = CARTESIAN_POINT ( 'NONE',  ( 3.285000000000001500, -3.125000000000000000, -1.300000000000000300 ) ) ;
#5482 = CARTESIAN_POINT ( 'NONE',  ( -1.714999999999999400, -3.125000000000000000, -0.8499999999999999800 ) ) ;
#5483 = LINE ( 'NONE', #1022, #388 ) ;
#5484 = VERTEX_POINT ( 'NONE', #488 ) ;
#5485 = LINE ( 'NONE', #7824, #2860 ) ;
#5486 = EDGE_CURVE ( 'NONE', #2272, #10369, #9347, .T. ) ;
#5487 = CARTESIAN_POINT ( 'NONE',  ( 4.215000000000001600, -3.125000000000000000, -0.1000000000000000100 ) ) ;
#5488 = AXIS2_PLACEMENT_3D ( 'NONE', #3100, #2229, #9180 ) ;
#5489 = DIRECTION ( 'NONE',  ( 0.0000000000000000000, 0.0000000000000000000, -1.000000000000000000 ) ) ;
#5490 = DIRECTION ( 'NONE',  ( -0.0000000000000000000, -0.0000000000000000000, -1.000000000000000000 ) ) ;
#5491 = CARTESIAN_POINT ( 'NONE',  ( 6.440000000000000400, -1.075000000000000000, -0.6700000000000000400 ) ) ;
#5492 = ORIENTED_EDGE ( 'NONE', *, *, #8223, .T. ) ;
#5493 = CIRCLE ( 'NONE', #95, 0.1000000000000000500 ) ;
#5494 = DIRECTION ( 'NONE',  ( 1.000000000000000000, 0.0000000000000000000, 0.0000000000000000000 ) ) ;
#5495 = LINE ( 'NONE', #6415, #6741 ) ;
#5496 = ORIENTED_EDGE ( 'NONE', *, *, #12679, .T. ) ;
#5497 = ADVANCED_FACE ( 'NONE', ( #3661 ), #3491, .F. ) ;
#5498 = AXIS2_PLACEMENT_3D ( 'NONE', #4612, #684, #3843 ) ;
#5499 = EDGE_LOOP ( 'NONE', ( #11848, #8357, #8424, #2898, #11254, #3462 ) ) ;
#5500 = CARTESIAN_POINT ( 'NONE',  ( -4.214999999999999900, -4.224999999999999600, -1.600000000000000100 ) ) ;
#5501 = CARTESIAN_POINT ( 'NONE',  ( 6.969999999999999800, -2.125000000000000000, -0.4200000000000000400 ) ) ;
#5502 = CARTESIAN_POINT ( 'NONE',  ( 3.285000000000001500, -3.125000000000000000, -0.8499999999999999800 ) ) ;
#5503 = DIRECTION ( 'NONE',  ( 0.0000000000000000000, 0.0000000000000000000, -1.000000000000000000 ) ) ;
#5504 = EDGE_CURVE ( 'NONE', #6809, #6942, #7346, .T. ) ;
#5505 = CYLINDRICAL_SURFACE ( 'NONE', #6825, 0.2000000000000000900 ) ;
#5506 = CARTESIAN_POINT ( 'NONE',  ( 7.074999999999999300, -2.225000000000000500, -1.300000000000000000 ) ) ;
#5507 = LINE ( 'NONE', #12255, #9368 ) ;
#5508 = CARTESIAN_POINT ( 'NONE',  ( 3.285000000000000100, -3.924999999999999800, -0.5749999999999999600 ) ) ;
#5509 = DIRECTION ( 'NONE',  ( -0.0000000000000000000, -0.0000000000000000000, 1.000000000000000000 ) ) ;
#5510 = VECTOR ( 'NONE', #7913, 1000.000000000000000 ) ;
#5511 = ORIENTED_EDGE ( 'NONE', *, *, #136, .F. ) ;
#5512 = EDGE_CURVE ( 'NONE', #3228, #609, #6728, .T. ) ;
#5513 = DIRECTION ( 'NONE',  ( -0.0000000000000000000, 0.0000000000000000000, -1.000000000000000000 ) ) ;
#5514 = EDGE_LOOP ( 'NONE', ( #8381, #5132, #2169, #10056 ) ) ;
#5515 = ORIENTED_EDGE ( 'NONE', *, *, #2503, .F. ) ;
#5516 = AXIS2_PLACEMENT_3D ( 'NONE', #9716, #9798, #7777 ) ;
#5517 = PLANE ( 'NONE',  #2594 ) ;
#5518 = LINE ( 'NONE', #4712, #9984 ) ;
#5519 = CARTESIAN_POINT ( 'NONE',  ( 4.214999999999999900, -3.225000000000000100, -0.4249999999999998200 ) ) ;
#5520 = VECTOR ( 'NONE', #6913, 1000.000000000000000 ) ;
#5521 = EDGE_CURVE ( 'NONE', #1818, #3950, #8859, .T. ) ;
#5522 = ORIENTED_EDGE ( 'NONE', *, *, #12007, .F. ) ;
#5523 = PLANE ( 'NONE',  #6020 ) ;
#5524 = FACE_OUTER_BOUND ( 'NONE', #931, .T. ) ;
#5525 = ORIENTED_EDGE ( 'NONE', *, *, #2697, .T. ) ;
#5526 = VERTEX_POINT ( 'NONE', #9543 ) ;
#5527 = ORIENTED_EDGE ( 'NONE', *, *, #10794, .T. ) ;
#5528 =( LENGTH_UNIT ( ) NAMED_UNIT ( * ) SI_UNIT ( .MILLI., .METRE. ) );
#5529 = CARTESIAN_POINT ( 'NONE',  ( -0.7849999999999983700, -1.975000000000000100, -0.1000000000000000100 ) ) ;
#5530 = EDGE_CURVE ( 'NONE', #3035, #4311, #7176, .T. ) ;
#5531 = CIRCLE ( 'NONE', #6890, 0.4500000000000001200 ) ;
#5532 = CARTESIAN_POINT ( 'NONE',  ( -1.875000000000000000, 0.2749999999999999700, -0.6749999999999999300 ) ) ;
#5533 = AXIS2_PLACEMENT_3D ( 'NONE', #9834, #6832, #3913 ) ;
#5534 = ADVANCED_FACE ( 'NONE', ( #4253 ), #667, .T. ) ;
#5535 = FACE_OUTER_BOUND ( 'NONE', #7112, .T. ) ;
#5536 = VECTOR ( 'NONE', #586, 1000.000000000000000 ) ;
#5537 = DIRECTION ( 'NONE',  ( -1.000000000000000000, 0.0000000000000000000, -0.0000000000000000000 ) ) ;
#5538 = CARTESIAN_POINT ( 'NONE',  ( -3.285000000000000100, -3.225000000000000100, -1.800000000000000300 ) ) ;
#5539 = FACE_OUTER_BOUND ( 'NONE', #9773, .T. ) ;
#5540 = ORIENTED_EDGE ( 'NONE', *, *, #932, .T. ) ;
#5541 = EDGE_LOOP ( 'NONE', ( #2588, #1674, #8030, #5188 ) ) ;
#5542 = CARTESIAN_POINT ( 'NONE',  ( 3.899999999999999900, 0.9749999999999999800, -1.600000000000000100 ) ) ;
#5543 = EDGE_LOOP ( 'NONE', ( #8927, #10015, #1578, #4897, #1272, #4955, #3455, #8355, #6091, #10996, #8558, #5100 ) ) ;
#5544 = CARTESIAN_POINT ( 'NONE',  ( -5.875000000000000000, 0.9749999999999999800, 1.200000000000000000 ) ) ;
#5545 = CARTESIAN_POINT ( 'NONE',  ( -5.875000000000000000, -2.225000000000000100, -1.800000000000000300 ) ) ;
#5546 = EDGE_CURVE ( 'NONE', #403, #9414, #6253, .T. ) ;
#5547 = VECTOR ( 'NONE', #10616, 1000.000000000000100 ) ;
#5548 = CARTESIAN_POINT ( 'NONE',  ( -5.875000000000000000, -3.225000000000000100, -1.800000000000000300 ) ) ;
#5549 = LINE ( 'NONE', #7994, #1385 ) ;
#5550 = LINE ( 'NONE', #12061, #10341 ) ;
#5551 = LINE ( 'NONE', #3847, #2610 ) ;
#5552 = CARTESIAN_POINT ( 'NONE',  ( -5.875000000000000000, -2.225000000000000100, -1.300000000000000300 ) ) ;
#5553 = ADVANCED_FACE ( 'NONE', ( #3810 ), #7644, .F. ) ;
#5554 = CARTESIAN_POINT ( 'NONE',  ( 1.625000000000000200, -2.625000000000000000, 1.100000000000000100 ) ) ;
#5555 = ORIENTED_EDGE ( 'NONE', *, *, #6235, .F. ) ;
#5556 = EDGE_LOOP ( 'NONE', ( #1819, #9415, #1939, #4870, #4491, #8473, #1715, #8987, #9727, #10357, #10681, #8705 ) ) ;
#5557 = DIRECTION ( 'NONE',  ( -0.0000000000000000000, 1.000000000000000000, -0.0000000000000000000 ) ) ;
#5558 = DIRECTION ( 'NONE',  ( -0.0000000000000000000, 0.0000000000000000000, -1.000000000000000000 ) ) ;
#5559 = DIRECTION ( 'NONE',  ( 0.0000000000000000000, 0.9438583563660173400, 0.3303504247281061100 ) ) ;
#5560 = CARTESIAN_POINT ( 'NONE',  ( -0.7849999999999983700, -3.125000000000000000, -0.8499999999999999800 ) ) ;
#5561 = VERTEX_POINT ( 'NONE', #12491 ) ;
#5562 = LINE ( 'NONE', #3332, #2928 ) ;
#5563 = VECTOR ( 'NONE', #8081, 1000.000000000000000 ) ;
#5564 = VECTOR ( 'NONE', #7023, 1000.000000000000100 ) ;
#5565 = CARTESIAN_POINT ( 'NONE',  ( -4.214999999999999900, -3.125000000000000000, -0.9250000000000000400 ) ) ;
#5566 = EDGE_CURVE ( 'NONE', #4649, #7127, #5787, .T. ) ;
#5567 = VERTEX_POINT ( 'NONE', #7683 ) ;
#5568 = ORIENTED_EDGE ( 'NONE', *, *, #7123, .F. ) ;
#5569 = VERTEX_POINT ( 'NONE', #9666 ) ;
#5570 = ADVANCED_FACE ( 'NONE', ( #4864 ), #10699, .F. ) ;
#5571 = EDGE_CURVE ( 'NONE', #1890, #3413, #7790, .T. ) ;
#5572 = CARTESIAN_POINT ( 'NONE',  ( -5.875000000000000000, -0.1750000000000000200, 1.600000000000000100 ) ) ;
#5573 = ORIENTED_EDGE ( 'NONE', *, *, #11129, .F. ) ;
#5574 = DIRECTION ( 'NONE',  ( -0.0000000000000000000, 0.0000000000000000000, 1.000000000000000000 ) ) ;
#5575 = ORIENTED_EDGE ( 'NONE', *, *, #6995, .T. ) ;
#5576 = EDGE_CURVE ( 'NONE', #6827, #4192, #4099, .T. ) ;
#5577 = EDGE_LOOP ( 'NONE', ( #10028, #11660, #3451, #12194 ) ) ;
#5578 = ORIENTED_EDGE ( 'NONE', *, *, #6208, .F. ) ;
#5579 = ORIENTED_EDGE ( 'NONE', *, *, #3614, .T. ) ;
#5580 = DIRECTION ( 'NONE',  ( 0.2033118901005024100, 0.9241449550023839200, -0.3234507342508330900 ) ) ;
#5581 = VECTOR ( 'NONE', #7039, 1000.000000000000000 ) ;
#5582 = ORIENTED_EDGE ( 'NONE', *, *, #12305, .T. ) ;
#5583 = DIRECTION ( 'NONE',  ( 0.0000000000000000000, 1.000000000000000000, 0.0000000000000000000 ) ) ;
#5584 = AXIS2_PLACEMENT_3D ( 'NONE', #10851, #10888, #9934 ) ;
#5585 = PLANE ( 'NONE',  #3321 ) ;
#5586 = CARTESIAN_POINT ( 'NONE',  ( 5.275000000000000400, -1.975000000000000100, -1.800000000000000300 ) ) ;
#5587 = VERTEX_POINT ( 'NONE', #4681 ) ;
#5588 = CARTESIAN_POINT ( 'NONE',  ( 4.535000000000001000, -3.125000000000000000, -0.1000000000000000100 ) ) ;
#5590 = EDGE_CURVE ( 'NONE', #7992, #3823, #9182, .T. ) ;
#5589 = VERTEX_POINT ( 'NONE', #1802 ) ;
#5591 = AXIS2_PLACEMENT_3D ( 'NONE', #5762, #5795, #6756 ) ;
#5592 = DIRECTION ( 'NONE',  ( -0.0000000000000000000, 1.000000000000000000, 0.0000000000000000000 ) ) ;
#5593 = VERTEX_POINT ( 'NONE', #7607 ) ;
#5594 = EDGE_LOOP ( 'NONE', ( #1350, #8936, #11508, #11510 ) ) ;
#5595 = FACE_OUTER_BOUND ( 'NONE', #752, .T. ) ;
#5596 = VECTOR ( 'NONE', #6874, 1000.000000000000000 ) ;
#5597 = EDGE_CURVE ( 'NONE', #6635, #10611, #6096, .T. ) ;
#5598 = EDGE_LOOP ( 'NONE', ( #8935, #7653, #1528, #11065, #12221, #7181, #3645, #4900, #1868, #12365, #10820, #12675, #2820, #7354, #7426, #638 ) ) ;
#5599 = CARTESIAN_POINT ( 'NONE',  ( -7.075000000000000200, 0.5749999999999999600, 0.4000000000000000200 ) ) ;
#5600 = CARTESIAN_POINT ( 'NONE',  ( 5.224999999999999600, -3.115000000000000200, -0.5000000000000000000 ) ) ;
#5601 = VERTEX_POINT ( 'NONE', #10548 ) ;
#5602 = ORIENTED_EDGE ( 'NONE', *, *, #8159, .T. ) ;
#5603 = DIRECTION ( 'NONE',  ( 0.0000000000000000000, 0.0000000000000000000, -1.000000000000000000 ) ) ;
#5604 = AXIS2_PLACEMENT_3D ( 'NONE', #7820, #1863, #2912 ) ;
#5605 = DIRECTION ( 'NONE',  ( -0.0000000000000000000, -1.000000000000000000, -0.0000000000000000000 ) ) ;
#5606 = ADVANCED_FACE ( 'NONE', ( #1469 ), #7562, .F. ) ;
#5607 = VERTEX_POINT ( 'NONE', #12537 ) ;
#5608 = ORIENTED_EDGE ( 'NONE', *, *, #1060, .F. ) ;
#5609 = VECTOR ( 'NONE', #307, 1000.000000000000000 ) ;
#5610 = LINE ( 'NONE', #7099, #2980 ) ;
#5611 = EDGE_CURVE ( 'NONE', #9863, #3608, #2856, .T. ) ;
#5612 = CARTESIAN_POINT ( 'NONE',  ( -0.4649999999999992500, -3.125000000000000000, -0.8499999999999999800 ) ) ;
#5613 = VERTEX_POINT ( 'NONE', #11629 ) ;
#5614 = ORIENTED_EDGE ( 'NONE', *, *, #1775, .F. ) ;
#5615 = EDGE_CURVE ( 'NONE', #2321, #12075, #2232, .T. ) ;
#5616 = DIRECTION ( 'NONE',  ( -0.0000000000000000000, 1.000000000000000000, -0.0000000000000000000 ) ) ;
#5617 = VERTEX_POINT ( 'NONE', #10620 ) ;
#5618 = LINE ( 'NONE', #8627, #2679 ) ;
#5619 = VECTOR ( 'NONE', #10666, 1000.000000000000000 ) ;
#5620 = ORIENTED_EDGE ( 'NONE', *, *, #8553, .T. ) ;
#5621 = ADVANCED_FACE ( 'NONE', ( #6567 ), #9867, .F. ) ;
#5622 = CARTESIAN_POINT ( 'NONE',  ( 5.910000000000000100, -2.225000000000000100, -0.07000000000000014500 ) ) ;
#5623 = ORIENTED_EDGE ( 'NONE', *, *, #587, .F. ) ;
#5624 = AXIS2_PLACEMENT_3D ( 'NONE', #6543, #6627, #7524 ) ;
#5625 = EDGE_CURVE ( 'NONE', #9371, #8076, #12288, .T. ) ;
#5626 = ORIENTED_EDGE ( 'NONE', *, *, #9361, .F. ) ;
#5627 = CARTESIAN_POINT ( 'NONE',  ( 5.275000000000000400, 0.9749999999999999800, 0.4000000000000000200 ) ) ;
#5628 = ORIENTED_EDGE ( 'NONE', *, *, #119, .T. ) ;
#5629 = CARTESIAN_POINT ( 'NONE',  ( 6.875000000000000000, -2.025000000000000400, -1.500000000000000000 ) ) ;
#5630 = VECTOR ( 'NONE', #3740, 1000.000000000000000 ) ;
#5631 = LINE ( 'NONE', #2434, #6395 ) ;
#5632 = CARTESIAN_POINT ( 'NONE',  ( 5.224999999999999600, -3.125000000000000000, -0.5000000000000000000 ) ) ;
#5633 = EDGE_CURVE ( 'NONE', #12817, #5201, #212, .T. ) ;
#5634 = DIRECTION ( 'NONE',  ( -0.0000000000000000000, -0.0000000000000000000, -1.000000000000000000 ) ) ;
#5635 = DIRECTION ( 'NONE',  ( 0.7071067811865468000, -0.7071067811865483500, 0.0000000000000000000 ) ) ;
#5636 = ADVANCED_FACE ( 'NONE', ( #1769 ), #5781, .F. ) ;
#5637 = CARTESIAN_POINT ( 'NONE',  ( 2.035000000000000100, -3.625000000000000000, -1.800000000000000300 ) ) ;
#5638 = DIRECTION ( 'NONE',  ( -1.000000000000000000, 0.0000000000000000000, -0.0000000000000000000 ) ) ;
#5639 = DIRECTION ( 'NONE',  ( 1.000000000000000000, 0.0000000000000000000, 0.0000000000000000000 ) ) ;
#5640 = LINE ( 'NONE', #12169, #3008 ) ;
#5641 = CARTESIAN_POINT ( 'NONE',  ( -0.7850000000000000300, -3.225000000000000100, -1.800000000000000300 ) ) ;
#5642 = CARTESIAN_POINT ( 'NONE',  ( 5.174999999999999800, 0.9749999999999999800, -1.800000000000000300 ) ) ;
#5643 = ORIENTED_EDGE ( 'NONE', *, *, #1711, .F. ) ;
#5644 = LINE ( 'NONE', #3202, #5940 ) ;
#5645 = VECTOR ( 'NONE', #1167, 1000.000000000000000 ) ;
#5646 = DIRECTION ( 'NONE',  ( 1.000000000000000000, 0.0000000000000000000, 0.0000000000000000000 ) ) ;
#5647 = EDGE_CURVE ( 'NONE', #1473, #9451, #2075, .T. ) ;
#5648 = CARTESIAN_POINT ( 'NONE',  ( -0.4650000000000000200, -3.625000000000000000, -1.800000000000000300 ) ) ;
#5649 = ORIENTED_EDGE ( 'NONE', *, *, #10245, .T. ) ;
#5650 = FACE_OUTER_BOUND ( 'NONE', #12317, .T. ) ;
#5651 = SURFACE_STYLE_FILL_AREA ( #200 ) ;
#5652 = VERTEX_POINT ( 'NONE', #1015 ) ;
#5653 = CARTESIAN_POINT ( 'NONE',  ( 5.875000000000000000, -2.625000000000000000, 1.600000000000000100 ) ) ;
#5654 = EDGE_LOOP ( 'NONE', ( #1618, #1649, #1310, #20, #3461, #6985, #4297, #11299, #1845, #4816, #12479, #11586, #12440, #822, #1853, #12723 ) ) ;
#5655 = VECTOR ( 'NONE', #9234, 1000.000000000000000 ) ;
#5656 = LINE ( 'NONE', #10598, #12302 ) ;
#5657 = EDGE_CURVE ( 'NONE', #4644, #4813, #11200, .T. ) ;
#5658 = VECTOR ( 'NONE', #5810, 1000.000000000000000 ) ;
#5659 = DIRECTION ( 'NONE',  ( -1.000000000000000000, -0.0000000000000000000, -0.0000000000000000000 ) ) ;
#5660 = ORIENTED_EDGE ( 'NONE', *, *, #11651, .T. ) ;
#5661 = AXIS2_PLACEMENT_3D ( 'NONE', #2807, #6703, #4752 ) ;
#5662 = VERTEX_POINT ( 'NONE', #11780 ) ;
#5663 = DIRECTION ( 'NONE',  ( -0.0000000000000000000, 1.000000000000000000, 0.0000000000000000000 ) ) ;
#5664 = DIRECTION ( 'NONE',  ( 0.0000000000000000000, -0.0000000000000000000, 1.000000000000000000 ) ) ;
#5665 = CARTESIAN_POINT ( 'NONE',  ( 6.110000000000003000, -2.024999999999997200, -0.5619337613708085300 ) ) ;
#5666 = CARTESIAN_POINT ( 'NONE',  ( 7.375000000000000900, -0.02499999999999984900, -1.800000000000000300 ) ) ;
#5667 = VECTOR ( 'NONE', #10392, 1000.000000000000000 ) ;
#5668 = CARTESIAN_POINT ( 'NONE',  ( -3.375000000000000000, -2.625000000000000000, 1.600000000000000100 ) ) ;
#5669 = LINE ( 'NONE', #8177, #3042 ) ;
#5670 = EDGE_LOOP ( 'NONE', ( #8224, #597, #3395, #9935 ) ) ;
#5671 = AXIS2_PLACEMENT_3D ( 'NONE', #11232, #7167, #3305 ) ;
#5672 = ORIENTED_EDGE ( 'NONE', *, *, #5338, .T. ) ;
#5673 = CARTESIAN_POINT ( 'NONE',  ( 2.125000000000000000, -2.625000000000000000, 1.600000000000000100 ) ) ;
#5674 = VERTEX_POINT ( 'NONE', #6862 ) ;
#5675 = DIRECTION ( 'NONE',  ( 0.0000000000000000000, 0.0000000000000000000, 1.000000000000000000 ) ) ;
#5676 = ADVANCED_FACE ( 'NONE', ( #11963 ), #6898, .T. ) ;
#5677 = DIRECTION ( 'NONE',  ( 1.000000000000000000, 0.0000000000000000000, 0.0000000000000000000 ) ) ;
#5678 = EDGE_CURVE ( 'NONE', #5601, #6876, #3507, .T. ) ;
#5679 = DIRECTION ( 'NONE',  ( 0.0000000000000000000, -0.0000000000000000000, 1.000000000000000000 ) ) ;
#5680 = LINE ( 'NONE', #6965, #10617 ) ;
#5681 = EDGE_CURVE ( 'NONE', #7872, #1553, #8431, .T. ) ;
#5682 = LINE ( 'NONE', #1298, #10161 ) ;
#5683 = VECTOR ( 'NONE', #12709, 1000.000000000000000 ) ;
#5684 = AXIS2_PLACEMENT_3D ( 'NONE', #10983, #3132, #10020 ) ;
#5685 = VECTOR ( 'NONE', #8025, 1000.000000000000000 ) ;
#5686 = EDGE_LOOP ( 'NONE', ( #1714, #7376, #1850, #3424 ) ) ;
#5687 = ORIENTED_EDGE ( 'NONE', *, *, #1484, .T. ) ;
#5688 = CARTESIAN_POINT ( 'NONE',  ( -4.425000000000001600, 0.2750000000000003000, -0.6750000000000000400 ) ) ;
#5689 = ORIENTED_EDGE ( 'NONE', *, *, #2818, .F. ) ;
#5690 = ADVANCED_FACE ( 'NONE', ( #11365 ), #9913, .F. ) ;
#5691 = VECTOR ( 'NONE', #9605, 1000.000000000000000 ) ;
#5692 = EDGE_CURVE ( 'NONE', #9006, #3921, #3168, .T. ) ;
#5693 = VECTOR ( 'NONE', #537, 1000.000000000000000 ) ;
#5694 = DIRECTION ( 'NONE',  ( 1.000000000000000000, 0.0000000000000000000, 0.0000000000000000000 ) ) ;
#5695 = VECTOR ( 'NONE', #759, 1000.000000000000000 ) ;
#5696 = CARTESIAN_POINT ( 'NONE',  ( -2.964999999999999900, -4.224999999999999600, -1.300000000000000300 ) ) ;
#5697 = VECTOR ( 'NONE', #778, 1000.000000000000000 ) ;
#5698 = ORIENTED_EDGE ( 'NONE', *, *, #433, .F. ) ;
#5699 = VERTEX_POINT ( 'NONE', #6947 ) ;
#5700 = ORIENTED_EDGE ( 'NONE', *, *, #3953, .T. ) ;
#5701 = EDGE_CURVE ( 'NONE', #357, #8886, #12740, .T. ) ;
#5702 = PLANE ( 'NONE',  #5661 ) ;
#5703 = VECTOR ( 'NONE', #5946, 1000.000000000000000 ) ;
#5704 = VECTOR ( 'NONE', #256, 1000.000000000000000 ) ;
#5705 = CARTESIAN_POINT ( 'NONE',  ( 4.299999999999999800, -1.625000000000000200, -1.200000000000000000 ) ) ;
#5706 = LINE ( 'NONE', #11207, #8176 ) ;
#5707 = DIRECTION ( 'NONE',  ( -1.000000000000000000, 0.0000000000000000000, 0.0000000000000000000 ) ) ;
#5708 = CARTESIAN_POINT ( 'NONE',  ( 1.715000000000000100, -4.224999999999999600, -1.300000000000000300 ) ) ;
#5709 = CARTESIAN_POINT ( 'NONE',  ( -0.3750000000000000000, -3.225000000000000100, 1.100000000000000100 ) ) ;
#5710 = CARTESIAN_POINT ( 'NONE',  ( 1.715000000000000100, -3.225000000000000100, -1.300000000000000300 ) ) ;
#5711 = ORIENTED_EDGE ( 'NONE', *, *, #6073, .F. ) ;
#5712 = ORIENTED_EDGE ( 'NONE', *, *, #1619, .F. ) ;
#5713 = ORIENTED_EDGE ( 'NONE', *, *, #381, .F. ) ;
#5714 = EDGE_CURVE ( 'NONE', #10002, #1100, #12438, .T. ) ;
#5715 = CARTESIAN_POINT ( 'NONE',  ( -5.675000000000000700, -0.02500000000000001900, -1.800000000000000300 ) ) ;
#5716 = VERTEX_POINT ( 'NONE', #2014 ) ;
#5717 = DIRECTION ( 'NONE',  ( -0.0000000000000000000, -0.0000000000000000000, -1.000000000000000000 ) ) ;
#5718 = VECTOR ( 'NONE', #4961, 1000.000000000000000 ) ;
#5719 = CARTESIAN_POINT ( 'NONE',  ( 6.103349339943259900, -2.031650660056739000, -0.5891557044442917700 ) ) ;
#5720 = PLANE ( 'NONE',  #1115 ) ;
#5721 = CARTESIAN_POINT ( 'NONE',  ( 5.875000000000000000, -2.225000000000000500, 0.9000000000000002400 ) ) ;
#5722 = PLANE ( 'NONE',  #3971 ) ;
#5723 = EDGE_LOOP ( 'NONE', ( #6548, #2046, #13, #9866 ) ) ;
#5724 = ORIENTED_EDGE ( 'NONE', *, *, #1771, .F. ) ;
#5725 = ORIENTED_EDGE ( 'NONE', *, *, #7441, .T. ) ;
#5726 = FACE_OUTER_BOUND ( 'NONE', #8645, .T. ) ;
#5727 = DIRECTION ( 'NONE',  ( 0.6428712937135509000, 0.0000000000000000000, 0.7659742160928561000 ) ) ;
#5728 = VERTEX_POINT ( 'NONE', #3905 ) ;
#5729 = PLANE ( 'NONE',  #12788 ) ;
#5730 = EDGE_LOOP ( 'NONE', ( #2838, #7544, #2328, #10361 ) ) ;
#5731 = AXIS2_PLACEMENT_3D ( 'NONE', #407, #1321, #7325 ) ;
#5732 = ORIENTED_EDGE ( 'NONE', *, *, #316, .T. ) ;
#5734 = EDGE_CURVE ( 'NONE', #10708, #11192, #9334, .T. ) ;
#5733 = ORIENTED_EDGE ( 'NONE', *, *, #7364, .T. ) ;
#5735 = VERTEX_POINT ( 'NONE', #850 ) ;
#5736 = COLOUR_RGB ( '',0.7921568627450980000, 0.8196078431372548800, 0.9333333333333333500 ) ;
#5737 = LINE ( 'NONE', #4651, #12236 ) ;
#5738 = AXIS2_PLACEMENT_3D ( 'NONE', #11387, #11517, #4436 ) ;
#5739 = CARTESIAN_POINT ( 'NONE',  ( -1.715000000000000100, -4.025000000000000400, -1.800000000000000300 ) ) ;
#5740 = ORIENTED_EDGE ( 'NONE', *, *, #10799, .T. ) ;
#5741 = ADVANCED_FACE ( 'NONE', ( #1458 ), #5873, .T. ) ;
#5742 = ORIENTED_EDGE ( 'NONE', *, *, #11497, .F. ) ;
#5743 = PLANE ( 'NONE',  #10033 ) ;
#5744 = ORIENTED_EDGE ( 'NONE', *, *, #611, .T. ) ;
#5745 = ORIENTED_EDGE ( 'NONE', *, *, #3686, .F. ) ;
#5746 = FACE_OUTER_BOUND ( 'NONE', #4964, .T. ) ;
#5747 = CARTESIAN_POINT ( 'NONE',  ( 5.375000000000000000, 0.0000000000000000000, 1.100000000000000100 ) ) ;
#5748 = LINE ( 'NONE', #1583, #2189 ) ;
#5749 =( NAMED_UNIT ( * ) SI_UNIT ( $, .STERADIAN. ) SOLID_ANGLE_UNIT ( ) );
#5750 = ORIENTED_EDGE ( 'NONE', *, *, #2562, .T. ) ;
#5751 = CARTESIAN_POINT ( 'NONE',  ( 6.870000000000000100, -2.225000000000000100, -0.2700000000000000200 ) ) ;
#5752 = VERTEX_POINT ( 'NONE', #4063 ) ;
#5753 = EDGE_CURVE ( 'NONE', #8525, #7936, #2065, .T. ) ;
#5754 = DIRECTION ( 'NONE',  ( -0.0000000000000000000, 0.0000000000000000000, 1.000000000000000000 ) ) ;
#5755 = EDGE_CURVE ( 'NONE', #1010, #12817, #4090, .T. ) ;
#5756 = VERTEX_POINT ( 'NONE', #9744 ) ;
#5757 = ORIENTED_EDGE ( 'NONE', *, *, #11330, .T. ) ;
#5758 = LINE ( 'NONE', #10436, #10073 ) ;
#5759 = CARTESIAN_POINT ( 'NONE',  ( 4.535000000000000100, -3.775000000000000400, -0.5749999999999999600 ) ) ;
#5760 = VECTOR ( 'NONE', #8015, 1000.000000000000000 ) ;
#5761 = ORIENTED_EDGE ( 'NONE', *, *, #3795, .F. ) ;
#5762 = CARTESIAN_POINT ( 'NONE',  ( 4.215000000000001600, -3.125000000000000000, -0.1000000000000000100 ) ) ;
#5763 = ORIENTED_EDGE ( 'NONE', *, *, #1211, .F. ) ;
#5764 = CARTESIAN_POINT ( 'NONE',  ( 7.075000000000000200, 0.5749999999999999600, 0.4000000000000000200 ) ) ;
#5765 = CARTESIAN_POINT ( 'NONE',  ( 5.275000000000000400, 0.7750000000000001300, 0.3999999999999999700 ) ) ;
#5766 = CARTESIAN_POINT ( 'NONE',  ( -3.284999999999998800, -3.125000000000000000, -0.1000000000000000100 ) ) ;
#5767 = EDGE_CURVE ( 'NONE', #8567, #3139, #8096, .T. ) ;
#5768 = ORIENTED_EDGE ( 'NONE', *, *, #5397, .F. ) ;
#5769 = CIRCLE ( 'NONE', #6694, 0.1499999999999999700 ) ;
#5770 = PLANE ( 'NONE',  #1268 ) ;
#5771 = LINE ( 'NONE', #1768, #977 ) ;
#5772 = ORIENTED_EDGE ( 'NONE', *, *, #12785, .T. ) ;
#5773 = EDGE_CURVE ( 'NONE', #3823, #11778, #5776, .T. ) ;
#5774 = AXIS2_PLACEMENT_3D ( 'NONE', #766, #693, #842 ) ;
#5775 = VERTEX_POINT ( 'NONE', #2195 ) ;
#5776 = CIRCLE ( 'NONE', #1556, 0.3499999999999999200 ) ;
#5777 = ORIENTED_EDGE ( 'NONE', *, *, #1886, .F. ) ;
#5778 = FACE_OUTER_BOUND ( 'NONE', #1271, .T. ) ;
#5779 = VECTOR ( 'NONE', #1991, 1000.000000000000000 ) ;
#5780 = EDGE_CURVE ( 'NONE', #1361, #9732, #12728, .T. ) ;
#5781 = PLANE ( 'NONE',  #11061 ) ;
#5782 = ORIENTED_EDGE ( 'NONE', *, *, #12762, .F. ) ;
#5783 = DIRECTION ( 'NONE',  ( -1.000000000000000000, -0.0000000000000000000, 0.0000000000000000000 ) ) ;
#5784 = VERTEX_POINT ( 'NONE', #11909 ) ;
#5785 = CARTESIAN_POINT ( 'NONE',  ( 9.090000000000001600, -3.125000000000000000, -1.300000000000000300 ) ) ;
#5786 = CARTESIAN_POINT ( 'NONE',  ( 0.4650000000000000200, -3.425000000000000300, 1.600000000000000100 ) ) ;
#5787 = LINE ( 'NONE', #11544, #8723 ) ;
#5788 = VECTOR ( 'NONE', #10707, 1000.000000000000000 ) ;
#5789 = ORIENTED_EDGE ( 'NONE', *, *, #6439, .T. ) ;
#5790 = VECTOR ( 'NONE', #4410, 1000.000000000000000 ) ;
#5791 = DIRECTION ( 'NONE',  ( -0.0000000000000000000, 1.000000000000000000, 0.0000000000000000000 ) ) ;
#5792 = CARTESIAN_POINT ( 'NONE',  ( 0.0000000000000000000, -0.6250000000000000000, 1.600000000000000100 ) ) ;
#5793 = CARTESIAN_POINT ( 'NONE',  ( 5.875000000000000000, 0.07499999999999998300, -1.500000000000000000 ) ) ;
#5794 = ADVANCED_FACE ( 'NONE', ( #5324 ), #3195, .T. ) ;
#5795 = DIRECTION ( 'NONE',  ( 0.0000000000000000000, 0.0000000000000000000, 1.000000000000000000 ) ) ;
#5796 = VECTOR ( 'NONE', #3648, 1000.000000000000100 ) ;
#5797 = ORIENTED_EDGE ( 'NONE', *, *, #176, .T. ) ;
#5798 = CARTESIAN_POINT ( 'NONE',  ( 5.575000000000000200, 0.9749999999999999800, -1.800000000000000300 ) ) ;
#5799 = AXIS2_PLACEMENT_3D ( 'NONE', #3865, #5913, #10836 ) ;
#5800 = LINE ( 'NONE', #2518, #8118 ) ;
#5801 = DIRECTION ( 'NONE',  ( -1.000000000000000000, -0.0000000000000000000, -0.0000000000000000000 ) ) ;
#5802 = LINE ( 'NONE', #5154, #554 ) ;
#5803 = VERTEX_POINT ( 'NONE', #239 ) ;
#5804 = CARTESIAN_POINT ( 'NONE',  ( 5.275000000000000400, -1.975000000000000100, -0.4500000000000001200 ) ) ;
#5805 = EDGE_CURVE ( 'NONE', #6082, #5884, #5471, .T. ) ;
#5806 = CARTESIAN_POINT ( 'NONE',  ( 0.7850000000000000300, -3.425000000000000300, -1.600000000000000100 ) ) ;
#5807 = DIRECTION ( 'NONE',  ( 0.0000000000000000000, -1.000000000000000000, -0.0000000000000000000 ) ) ;
#5808 = EDGE_CURVE ( 'NONE', #9227, #10198, #11659, .T. ) ;
#5809 = LINE ( 'NONE', #10961, #12311 ) ;
#5810 = DIRECTION ( 'NONE',  ( 0.0000000000000000000, -0.0000000000000000000, 1.000000000000000000 ) ) ;
#5811 = CIRCLE ( 'NONE', #6514, 0.2000000000000000900 ) ;
#5812 = FACE_OUTER_BOUND ( 'NONE', #721, .T. ) ;
#5813 = ORIENTED_EDGE ( 'NONE', *, *, #8608, .F. ) ;
#5814 = CARTESIAN_POINT ( 'NONE',  ( 5.875000000000000000, -3.225000000000000100, 1.200000000000000000 ) ) ;
#5815 = ORIENTED_EDGE ( 'NONE', *, *, #2287, .F. ) ;
#5816 = VERTEX_POINT ( 'NONE', #7064 ) ;
#5817 = AXIS2_PLACEMENT_3D ( 'NONE', #10128, #1281, #7946 ) ;
#5818 = EDGE_CURVE ( 'NONE', #7105, #6117, #11032, .T. ) ;
#5819 = SURFACE_STYLE_FILL_AREA ( #8801 ) ;
#5820 = DIRECTION ( 'NONE',  ( -1.000000000000000000, 0.0000000000000000000, 0.0000000000000000000 ) ) ;
#5821 = AXIS2_PLACEMENT_3D ( 'NONE', #11178, #5163, #3141 ) ;
#5822 = VECTOR ( 'NONE', #4506, 1000.000000000000000 ) ;
#5823 = VECTOR ( 'NONE', #6875, 1000.000000000000000 ) ;
#5824 = CARTESIAN_POINT ( 'NONE',  ( 4.535000000000000100, -3.225000000000000100, -1.300000000000000300 ) ) ;
#5825 = ORIENTED_EDGE ( 'NONE', *, *, #519, .F. ) ;
#5826 = EDGE_CURVE ( 'NONE', #4950, #5403, #8275, .T. ) ;
#5827 = FACE_OUTER_BOUND ( 'NONE', #11620, .T. ) ;
#5828 = VERTEX_POINT ( 'NONE', #8158 ) ;
#5829 = EDGE_LOOP ( 'NONE', ( #2635, #210, #5575, #127 ) ) ;
#5830 = DIRECTION ( 'NONE',  ( -1.000000000000000000, -0.0000000000000000000, -0.0000000000000000000 ) ) ;
#5831 = ORIENTED_EDGE ( 'NONE', *, *, #4218, .T. ) ;
#5832 = CARTESIAN_POINT ( 'NONE',  ( 6.605000000000000400, -2.024999999999999900, -0.5699999999999997300 ) ) ;
#5833 = CARTESIAN_POINT ( 'NONE',  ( -6.339999999999999900, -0.02500000000000000100, -1.300000000000000000 ) ) ;
#5834 = CARTESIAN_POINT ( 'NONE',  ( -4.534999999999999300, -3.125000000000000000, -0.8499999999999999800 ) ) ;
#5835 = PLANE ( 'NONE',  #11638 ) ;
#5836 = LINE ( 'NONE', #7089, #882 ) ;
#5837 = AXIS2_PLACEMENT_3D ( 'NONE', #906, #7862, #958 ) ;
#5838 = FACE_OUTER_BOUND ( 'NONE', #12156, .T. ) ;
#5839 = LINE ( 'NONE', #9392, #8162 ) ;
#5840 = LINE ( 'NONE', #4878, #12790 ) ;
#5841 = ORIENTED_EDGE ( 'NONE', *, *, #8832, .F. ) ;
#5842 = PLANE ( 'NONE',  #5516 ) ;
#5843 = EDGE_CURVE ( 'NONE', #5261, #6356, #2220, .T. ) ;
#5844 = EDGE_LOOP ( 'NONE', ( #5354, #4583, #3932, #10805 ) ) ;
#5845 = ORIENTED_EDGE ( 'NONE', *, *, #2963, .F. ) ;
#5846 = PLANE ( 'NONE',  #12467 ) ;
#5847 = PLANE ( 'NONE',  #6065 ) ;
#5848 = DIRECTION ( 'NONE',  ( 1.000000000000000000, 0.0000000000000000000, 0.0000000000000000000 ) ) ;
#5849 = VECTOR ( 'NONE', #4697, 1000.000000000000000 ) ;
#5850 = EDGE_CURVE ( 'NONE', #4225, #2986, #7480, .T. ) ;
#5851 = CARTESIAN_POINT ( 'NONE',  ( 6.450000000000000200, -2.225000000000000100, -0.6450000000000000200 ) ) ;
#5852 = VECTOR ( 'NONE', #5190, 1000.000000000000000 ) ;
#5853 = VECTOR ( 'NONE', #2484, 1000.000000000000100 ) ;
#5854 = CARTESIAN_POINT ( 'NONE',  ( -6.099999999999999600, -2.034999999999999700, -0.6169774115420021400 ) ) ;
#5855 = LINE ( 'NONE', #723, #6484 ) ;
#5856 = ORIENTED_EDGE ( 'NONE', *, *, #4277, .T. ) ;
#5857 = VERTEX_POINT ( 'NONE', #5001 ) ;
#5858 = CARTESIAN_POINT ( 'NONE',  ( 0.0000000000000000000, -3.225000000000000100, 1.600000000000000100 ) ) ;
#5859 = VERTEX_POINT ( 'NONE', #62 ) ;
#5860 = AXIS2_PLACEMENT_3D ( 'NONE', #9956, #2018, #3025 ) ;
#5861 = ORIENTED_EDGE ( 'NONE', *, *, #7364, .F. ) ;
#5862 = EDGE_CURVE ( 'NONE', #2648, #1857, #3154, .T. ) ;
#5863 = VECTOR ( 'NONE', #4409, 1000.000000000000000 ) ;
#5864 = CARTESIAN_POINT ( 'NONE',  ( -2.964999999999999900, -3.425000000000000300, -1.600000000000000100 ) ) ;
#5865 = VECTOR ( 'NONE', #3162, 1000.000000000000000 ) ;
#5866 = ADVANCED_FACE ( 'NONE', ( #10714 ), #8022, .T. ) ;
#5867 = LINE ( 'NONE', #979, #2932 ) ;
#5868 = EDGE_CURVE ( 'NONE', #9954, #12070, #10270, .T. ) ;
#5869 = ORIENTED_EDGE ( 'NONE', *, *, #9232, .T. ) ;
#5870 = ORIENTED_EDGE ( 'NONE', *, *, #11439, .T. ) ;
#5871 = EDGE_LOOP ( 'NONE', ( #468, #3936, #7437, #4662 ) ) ;
#5872 = ORIENTED_EDGE ( 'NONE', *, *, #10528, .F. ) ;
#5873 = PLANE ( 'NONE',  #1716 ) ;
#5874 = DIRECTION ( 'NONE',  ( 0.0000000000000000000, 0.0000000000000000000, -1.000000000000000000 ) ) ;
#5875 = ORIENTED_EDGE ( 'NONE', *, *, #1652, .F. ) ;
#5876 = CARTESIAN_POINT ( 'NONE',  ( 0.7850000000000000300, -3.775000000000000400, -0.5749999999999999600 ) ) ;
#5877 = DIRECTION ( 'NONE',  ( -1.000000000000000000, -0.0000000000000000000, -0.0000000000000000000 ) ) ;
#5878 = DIRECTION ( 'NONE',  ( 1.000000000000000000, 0.0000000000000000000, 0.0000000000000000000 ) ) ;
#5879 = ORIENTED_EDGE ( 'NONE', *, *, #6533, .T. ) ;
#5880 = ORIENTED_EDGE ( 'NONE', *, *, #3671, .T. ) ;
#5881 = ORIENTED_EDGE ( 'NONE', *, *, #5089, .T. ) ;
#5882 = SURFACE_STYLE_FILL_AREA ( #9460 ) ;
#5883 = FACE_OUTER_BOUND ( 'NONE', #865, .T. ) ;
#5884 = VERTEX_POINT ( 'NONE', #11140 ) ;
#5885 = DIRECTION ( 'NONE',  ( -1.000000000000000000, 0.0000000000000000000, -0.0000000000000000000 ) ) ;
#5886 = DIRECTION ( 'NONE',  ( -1.000000000000000000, -0.0000000000000000000, -0.0000000000000000000 ) ) ;
#5887 = ORIENTED_EDGE ( 'NONE', *, *, #8963, .T. ) ;
#5888 = DIRECTION ( 'NONE',  ( -0.0000000000000000000, -0.0000000000000000000, 1.000000000000000000 ) ) ;
#5889 = CARTESIAN_POINT ( 'NONE',  ( 4.215000000000001600, -3.125000000000000000, -0.8499999999999999800 ) ) ;
#5890 = EDGE_LOOP ( 'NONE', ( #6889, #5184, #2948, #2026, #10181, #12513, #11022, #9747, #4800, #2984, #6969, #2186, #5059, #9547, #3211, #10565 ) ) ;
#5891 = CARTESIAN_POINT ( 'NONE',  ( -2.034999999999998800, -1.975000000000000100, -0.1000000000000000100 ) ) ;
#5892 = ORIENTED_EDGE ( 'NONE', *, *, #2114, .F. ) ;
#5893 = VERTEX_POINT ( 'NONE', #9001 ) ;
#5894 = CIRCLE ( 'NONE', #3502, 0.2000000000000000900 ) ;
#5895 = VECTOR ( 'NONE', #6008, 1000.000000000000000 ) ;
#5896 = CARTESIAN_POINT ( 'NONE',  ( 3.285000000000001500, -3.125000000000000000, -0.1000000000000000100 ) ) ;
#5897 = VERTEX_POINT ( 'NONE', #10043 ) ;
#5898 = AXIS2_PLACEMENT_3D ( 'NONE', #9214, #11435, #7494 ) ;
#5899 = ORIENTED_EDGE ( 'NONE', *, *, #9707, .T. ) ;
#5900 = EDGE_LOOP ( 'NONE', ( #3743, #12548, #9199, #4845 ) ) ;
#5901 = CARTESIAN_POINT ( 'NONE',  ( -2.035000000000000100, -3.125000000000000000, -1.300000000000000300 ) ) ;
#5902 = CARTESIAN_POINT ( 'NONE',  ( 5.175000000000000700, -3.224999999999999600, -1.600000000000000100 ) ) ;
#5903 = EDGE_LOOP ( 'NONE', ( #9498, #622, #7916, #4523 ) ) ;
#5904 = ORIENTED_EDGE ( 'NONE', *, *, #8134, .T. ) ;
#5905 = VECTOR ( 'NONE', #8128, 1000.000000000000000 ) ;
#5906 = FACE_OUTER_BOUND ( 'NONE', #12271, .T. ) ;
#5907 = ORIENTED_EDGE ( 'NONE', *, *, #10489, .T. ) ;
#5908 = CARTESIAN_POINT ( 'NONE',  ( 5.299999999999999800, -3.125000000000000000, -0.5000000000000000000 ) ) ;
#5909 = ORIENTED_EDGE ( 'NONE', *, *, #9821, .T. ) ;
#5910 = DIRECTION ( 'NONE',  ( 0.0000000000000000000, 0.0000000000000000000, -1.000000000000000000 ) ) ;
#5911 = SURFACE_STYLE_FILL_AREA ( #10267 ) ;
#5912 = FACE_OUTER_BOUND ( 'NONE', #12342, .T. ) ;
#5913 = DIRECTION ( 'NONE',  ( -1.000000000000000000, -0.0000000000000000000, -0.0000000000000000000 ) ) ;
#5914 = ORIENTED_EDGE ( 'NONE', *, *, #8417, .T. ) ;
#5915 = PLANE ( 'NONE',  #6102 ) ;
#5916 = DIRECTION ( 'NONE',  ( -0.7071067811865479100, 0.0000000000000000000, -0.7071067811865472400 ) ) ;
#5917 = EDGE_CURVE ( 'NONE', #7545, #11112, #5004, .T. ) ;
#5918 = ORIENTED_EDGE ( 'NONE', *, *, #5530, .T. ) ;
#5919 = CARTESIAN_POINT ( 'NONE',  ( 5.575000000000000200, 0.9749999999999999800, -1.800000000000000300 ) ) ;
#5920 = EDGE_CURVE ( 'NONE', #11172, #8567, #2844, .T. ) ;
#5921 = DIRECTION ( 'NONE',  ( -0.0000000000000000000, 0.0000000000000000000, 1.000000000000000000 ) ) ;
#5922 = VERTEX_POINT ( 'NONE', #8258 ) ;
#5923 = ADVANCED_FACE ( 'NONE', ( #199 ), #8210, .T. ) ;
#5924 = CARTESIAN_POINT ( 'NONE',  ( -4.214999999999999900, -3.225000000000000100, -1.125000000000000200 ) ) ;
#5925 = ORIENTED_EDGE ( 'NONE', *, *, #11367, .F. ) ;
#5926 = VECTOR ( 'NONE', #9579, 1000.000000000000000 ) ;
#5927 = CARTESIAN_POINT ( 'NONE',  ( 6.540000000000000000, -2.025000000000000400, -1.499999999999999800 ) ) ;
#5928 = LINE ( 'NONE', #12261, #8267 ) ;
#5929 = DIRECTION ( 'NONE',  ( 0.0000000000000000000, 0.0000000000000000000, -1.000000000000000000 ) ) ;
#5930 = DIRECTION ( 'NONE',  ( 1.000000000000000000, 0.0000000000000000000, -0.0000000000000000000 ) ) ;
#5931 = CARTESIAN_POINT ( 'NONE',  ( 0.0000000000000000000, -2.625000000000000000, 1.600000000000000100 ) ) ;
#5932 = AXIS2_PLACEMENT_3D ( 'NONE', #7000, #7907, #6917 ) ;
#5933 = CARTESIAN_POINT ( 'NONE',  ( 3.284999999999997500, -0.2250000000000005900, -0.09999999999999985300 ) ) ;
#5934 = DIRECTION ( 'NONE',  ( 0.0000000000000000000, 0.0000000000000000000, 1.000000000000000000 ) ) ;
#5935 = EDGE_CURVE ( 'NONE', #4260, #3818, #9775, .T. ) ;
#5936 = ORIENTED_EDGE ( 'NONE', *, *, #2193, .F. ) ;
#5937 = DIRECTION ( 'NONE',  ( 0.2033118901005035200, 0.9241449550023836900, -0.3234507342508329800 ) ) ;
#5938 = VECTOR ( 'NONE', #5583, 1000.000000000000000 ) ;
#5939 = ORIENTED_EDGE ( 'NONE', *, *, #2875, .F. ) ;
#5940 = VECTOR ( 'NONE', #4199, 1000.000000000000000 ) ;
#5941 = CARTESIAN_POINT ( 'NONE',  ( 2.035000000000001000, -3.125000000000000000, -0.8499999999999999800 ) ) ;
#5942 = LINE ( 'NONE', #5468, #4261 ) ;
#5943 = EDGE_CURVE ( 'NONE', #9183, #3903, #825, .T. ) ;
#5944 = DIRECTION ( 'NONE',  ( -0.0000000000000000000, 0.0000000000000000000, 1.000000000000000000 ) ) ;
#5945 = PLANE ( 'NONE',  #6447 ) ;
#5946 = DIRECTION ( 'NONE',  ( 1.000000000000000000, 0.0000000000000000000, -0.0000000000000000000 ) ) ;
#5947 = EDGE_LOOP ( 'NONE', ( #487, #6400, #6777, #9875 ) ) ;
#5948 = VECTOR ( 'NONE', #12050, 1000.000000000000000 ) ;
#5949 = LINE ( 'NONE', #4071, #6730 ) ;
#5950 = EDGE_CURVE ( 'NONE', #7113, #1252, #694, .T. ) ;
#5951 = VERTEX_POINT ( 'NONE', #6298 ) ;
#5952 = CARTESIAN_POINT ( 'NONE',  ( 6.490000000000000200, -2.024999999999999900, -0.2700000000000001800 ) ) ;
#5953 = DIRECTION ( 'NONE',  ( 0.0000000000000000000, 0.0000000000000000000, 1.000000000000000000 ) ) ;
#5954 = CARTESIAN_POINT ( 'NONE',  ( 0.4650000000000000200, -3.425000000000000300, -1.125000000000000200 ) ) ;
#5955 = LINE ( 'NONE', #7633, #68 ) ;
#5956 = CARTESIAN_POINT ( 'NONE',  ( 4.215000000000001600, -4.208005078473780400, -0.1000000000000000100 ) ) ;
#5957 = VECTOR ( 'NONE', #6758, 1000.000000000000000 ) ;
#5958 = DIRECTION ( 'NONE',  ( -0.0000000000000000000, 0.0000000000000000000, 1.000000000000000000 ) ) ;
#5959 = DIRECTION ( 'NONE',  ( 1.000000000000000000, 0.0000000000000000000, 0.0000000000000000000 ) ) ;
#5960 = LINE ( 'NONE', #12680, #860 ) ;
#5961 = VERTEX_POINT ( 'NONE', #11186 ) ;
#5962 = DIRECTION ( 'NONE',  ( 0.0000000000000000000, 0.0000000000000000000, 1.000000000000000000 ) ) ;
#5963 = ORIENTED_EDGE ( 'NONE', *, *, #7266, .T. ) ;
#5964 = CARTESIAN_POINT ( 'NONE',  ( 4.214999999999999900, -3.225000000000000100, -1.800000000000000300 ) ) ;
#5965 = CARTESIAN_POINT ( 'NONE',  ( 9.090000000000001600, -3.125000000000000000, -0.5000000000000000000 ) ) ;
#5966 = EDGE_CURVE ( 'NONE', #431, #8802, #2391, .T. ) ;
#5967 = CARTESIAN_POINT ( 'NONE',  ( 0.7850000000000000300, -3.924999999999999800, -0.5749999999999999600 ) ) ;
#5968 = DIRECTION ( 'NONE',  ( 0.0000000000000000000, 0.0000000000000000000, -1.000000000000000000 ) ) ;
#5969 = LINE ( 'NONE', #9996, #857 ) ;
#5970 = CARTESIAN_POINT ( 'NONE',  ( -2.964999999999999900, -0.2250000000000000100, -0.1000000000000000100 ) ) ;
#5971 = VECTOR ( 'NONE', #2407, 1000.000000000000000 ) ;
#5972 = EDGE_CURVE ( 'NONE', #5716, #3482, #4710, .T. ) ;
#5973 = LINE ( 'NONE', #6404, #4896 ) ;
#5974 = ORIENTED_EDGE ( 'NONE', *, *, #10650, .F. ) ;
#5975 = DIRECTION ( 'NONE',  ( 0.0000000000000000000, 0.0000000000000000000, 1.000000000000000000 ) ) ;
#5976 = ORIENTED_EDGE ( 'NONE', *, *, #4691, .T. ) ;
#5977 = ORIENTED_EDGE ( 'NONE', *, *, #940, .T. ) ;
#5978 = CARTESIAN_POINT ( 'NONE',  ( -3.125000000000000000, 0.2750000000000000200, -0.2750000000000000200 ) ) ;
#5979 = CARTESIAN_POINT ( 'NONE',  ( 3.375000000000000000, -3.225000000000000100, 1.600000000000000100 ) ) ;
#5980 = LINE ( 'NONE', #11603, #6297 ) ;
#5981 = LINE ( 'NONE', #10750, #6470 ) ;
#5982 = CARTESIAN_POINT ( 'NONE',  ( 4.375000000000000000, -0.2250000000000000600, -0.8499999999999999800 ) ) ;
#5983 = LINE ( 'NONE', #11481, #3544 ) ;
#5984 = ADVANCED_FACE ( 'NONE', ( #7159 ), #285, .T. ) ;
#5985 = LINE ( 'NONE', #5751, #429 ) ;
#5986 = ORIENTED_EDGE ( 'NONE', *, *, #12733, .F. ) ;
#5987 = VERTEX_POINT ( 'NONE', #1334 ) ;
#5988 = EDGE_LOOP ( 'NONE', ( #183, #12216, #11045, #5687, #2012, #11977 ) ) ;
#5989 = EDGE_CURVE ( 'NONE', #1698, #8076, #5640, .T. ) ;
#5990 = DIRECTION ( 'NONE',  ( 1.000000000000000000, -0.0000000000000000000, 0.0000000000000000000 ) ) ;
#5991 = VECTOR ( 'NONE', #1985, 1000.000000000000000 ) ;
#5992 = EDGE_CURVE ( 'NONE', #1057, #5756, #9005, .T. ) ;
#5993 = VECTOR ( 'NONE', #1656, 1000.000000000000000 ) ;
#5994 = ADVANCED_FACE ( 'NONE', ( #10575 ), #6537, .F. ) ;
#5995 = PLANE ( 'NONE',  #7488 ) ;
#5996 = VECTOR ( 'NONE', #8557, 1000.000000000000000 ) ;
#5997 = CARTESIAN_POINT ( 'NONE',  ( -5.174999999999999800, 0.9749999999999999800, -1.600000000000000100 ) ) ;
#5998 = DIRECTION ( 'NONE',  ( -1.000000000000000000, 0.0000000000000000000, -0.0000000000000000000 ) ) ;
#5999 = DIRECTION ( 'NONE',  ( 0.9766444667050946400, 0.2148617826750988400, 0.0000000000000000000 ) ) ;
#6000 = LINE ( 'NONE', #7447, #3721 ) ;
#6001 = ORIENTED_EDGE ( 'NONE', *, *, #12103, .T. ) ;
#6002 = EDGE_LOOP ( 'NONE', ( #1416, #7957, #7855, #8864 ) ) ;
#6003 = VERTEX_POINT ( 'NONE', #9353 ) ;
#6004 = CARTESIAN_POINT ( 'NONE',  ( 5.675000000000000700, 0.9749999999999999800, -1.800000000000000300 ) ) ;
#6005 = VECTOR ( 'NONE', #4608, 1000.000000000000000 ) ;
#6006 = AXIS2_PLACEMENT_3D ( 'NONE', #10098, #3252, #4203 ) ;
#6007 = VECTOR ( 'NONE', #1908, 1000.000000000000000 ) ;
#6008 = DIRECTION ( 'NONE',  ( 0.0000000000000000000, 0.0000000000000000000, -1.000000000000000000 ) ) ;
#6009 = VECTOR ( 'NONE', #11845, 1000.000000000000000 ) ;
#6010 = CARTESIAN_POINT ( 'NONE',  ( 2.965000000000002500, -3.125000000000000000, -0.1000000000000000100 ) ) ;
#6011 = EDGE_CURVE ( 'NONE', #5752, #2102, #10874, .T. ) ;
#6012 = CARTESIAN_POINT ( 'NONE',  ( 6.100000000000000500, -2.225000000000000100, -0.6449999999999999100 ) ) ;
#6013 = DIRECTION ( 'NONE',  ( 0.0000000000000000000, 0.0000000000000000000, -1.000000000000000000 ) ) ;
#6014 = ORIENTED_EDGE ( 'NONE', *, *, #2216, .F. ) ;
#6015 = ORIENTED_EDGE ( 'NONE', *, *, #1771, .T. ) ;
#6016 = ORIENTED_EDGE ( 'NONE', *, *, #8495, .T. ) ;
#6017 = EDGE_CURVE ( 'NONE', #1632, #1348, #7636, .T. ) ;
#6018 = DIRECTION ( 'NONE',  ( 0.0000000000000000000, -0.0000000000000000000, 1.000000000000000000 ) ) ;
#6019 = ORIENTED_EDGE ( 'NONE', *, *, #3571, .T. ) ;
#6020 = AXIS2_PLACEMENT_3D ( 'NONE', #2549, #4585, #7383 ) ;
#6021 = DIRECTION ( 'NONE',  ( 0.5773502691896224000, 0.5773502691896274000, -0.5773502691896274000 ) ) ;
#6022 = DIRECTION ( 'NONE',  ( 0.0000000000000000000, -0.7071067811865474600, -0.7071067811865474600 ) ) ;
#6023 = ORIENTED_EDGE ( 'NONE', *, *, #191, .T. ) ;
#6024 = ORIENTED_EDGE ( 'NONE', *, *, #1515, .F. ) ;
#6025 = VERTEX_POINT ( 'NONE', #8385 ) ;
#6026 = EDGE_CURVE ( 'NONE', #4234, #10569, #7009, .T. ) ;
#6027 = LINE ( 'NONE', #9781, #8033 ) ;
#6028 = ORIENTED_EDGE ( 'NONE', *, *, #2672, .F. ) ;
#6029 = DIRECTION ( 'NONE',  ( -1.000000000000000000, -0.0000000000000000000, 0.0000000000000000000 ) ) ;
#6030 = ORIENTED_EDGE ( 'NONE', *, *, #4077, .F. ) ;
#6031 = VERTEX_POINT ( 'NONE', #332 ) ;
#6032 = ORIENTED_EDGE ( 'NONE', *, *, #4718, .T. ) ;
#6033 = VERTEX_POINT ( 'NONE', #7333 ) ;
#6034 = VECTOR ( 'NONE', #7165, 1000.000000000000000 ) ;
#6035 = CARTESIAN_POINT ( 'NONE',  ( -7.375000000000000900, -2.225000000000000100, -1.800000000000000300 ) ) ;
#6036 = VECTOR ( 'NONE', #9714, 1000.000000000000000 ) ;
#6037 = DIRECTION ( 'NONE',  ( -0.0000000000000000000, 1.000000000000000000, -0.0000000000000000000 ) ) ;
#6038 = ORIENTED_EDGE ( 'NONE', *, *, #8516, .T. ) ;
#6039 = DIRECTION ( 'NONE',  ( 0.0000000000000000000, -1.000000000000000000, -0.0000000000000000000 ) ) ;
#6040 = DIRECTION ( 'NONE',  ( 0.0000000000000000000, 0.0000000000000000000, 1.000000000000000000 ) ) ;
#6041 = CARTESIAN_POINT ( 'NONE',  ( 6.450000000000000200, -0.02499999999999984900, -0.6450000000000000200 ) ) ;
#6042 = ORIENTED_EDGE ( 'NONE', *, *, #12025, .T. ) ;
#6043 = CARTESIAN_POINT ( 'NONE',  ( -4.299999999999999800, -0.4749999999999999800, -1.200000000000000000 ) ) ;
#6044 = CARTESIAN_POINT ( 'NONE',  ( 9.090000000000001600, -3.125000000000000000, -1.100000000000000100 ) ) ;
#6046 = EDGE_CURVE ( 'NONE', #10091, #5405, #9938, .T. ) ;
#6045 = VERTEX_POINT ( 'NONE', #1419 ) ;
#6047 = ORIENTED_EDGE ( 'NONE', *, *, #1312, .F. ) ;
#6048 = DIRECTION ( 'NONE',  ( -0.0000000000000000000, -0.0000000000000000000, -1.000000000000000000 ) ) ;
#6049 = LINE ( 'NONE', #8326, #3772 ) ;
#6050 = ADVANCED_FACE ( 'NONE', ( #3797 ), #7377, .T. ) ;
#6051 = CARTESIAN_POINT ( 'NONE',  ( 6.440000000000000400, -2.125000000000000000, -1.400000000000000100 ) ) ;
#6052 = ORIENTED_EDGE ( 'NONE', *, *, #3815, .T. ) ;
#6053 = CARTESIAN_POINT ( 'NONE',  ( 0.7850000000000000300, -3.125000000000000000, -0.4249999999999999900 ) ) ;
#6054 = DIRECTION ( 'NONE',  ( 0.0000000000000000000, 0.0000000000000000000, 1.000000000000000000 ) ) ;
#6055 = CARTESIAN_POINT ( 'NONE',  ( 5.875000000000000000, 0.9749999999999999800, -1.800000000000000300 ) ) ;
#6056 = ORIENTED_EDGE ( 'NONE', *, *, #7874, .T. ) ;
#6057 = EDGE_CURVE ( 'NONE', #8009, #2561, #11953, .T. ) ;
#6058 = DIRECTION ( 'NONE',  ( 1.000000000000000000, 0.0000000000000000000, 0.0000000000000000000 ) ) ;
#6059 = PLANE ( 'NONE',  #8595 ) ;
#6060 = CARTESIAN_POINT ( 'NONE',  ( 2.035000000000001000, -3.125000000000000000, -0.8499999999999999800 ) ) ;
#6061 = ORIENTED_EDGE ( 'NONE', *, *, #249, .T. ) ;
#6062 = VERTEX_POINT ( 'NONE', #5433 ) ;
#6063 = LINE ( 'NONE', #7743, #10691 ) ;
#6064 = VECTOR ( 'NONE', #6975, 1000.000000000000000 ) ;
#6066 = ORIENTED_EDGE ( 'NONE', *, *, #2247, .T. ) ;
#6065 = AXIS2_PLACEMENT_3D ( 'NONE', #2869, #7705, #908 ) ;
#6067 = ORIENTED_EDGE ( 'NONE', *, *, #4348, .F. ) ;
#6068 = DIRECTION ( 'NONE',  ( 0.0000000000000000000, 1.000000000000000000, 0.0000000000000000000 ) ) ;
#6069 = ADVANCED_FACE ( 'NONE', ( #1131 ), #7499, .T. ) ;
#6070 = CARTESIAN_POINT ( 'NONE',  ( -0.7299999999999999800, 0.02500000000000000100, -0.4749999999999999800 ) ) ;
#6071 = DIRECTION ( 'NONE',  ( 0.0000000000000000000, -0.0000000000000000000, -1.000000000000000000 ) ) ;
#6072 = EDGE_CURVE ( 'NONE', #6876, #2648, #374, .T. ) ;
#6073 = EDGE_CURVE ( 'NONE', #12116, #5803, #1311, .T. ) ;
#6074 = PLANE ( 'NONE',  #1088 ) ;
#6075 = ORIENTED_EDGE ( 'NONE', *, *, #7475, .T. ) ;
#6076 = FACE_OUTER_BOUND ( 'NONE', #7638, .T. ) ;
#6077 = LINE ( 'NONE', #8488, #11513 ) ;
#6078 = ORIENTED_EDGE ( 'NONE', *, *, #6690, .T. ) ;
#6079 = DIRECTION ( 'NONE',  ( -0.5773502691896246200, 0.5773502691896269500, -0.5773502691896256200 ) ) ;
#6080 = AXIS2_PLACEMENT_3D ( 'NONE', #4220, #11170, #6280 ) ;
#6081 = CARTESIAN_POINT ( 'NONE',  ( -4.534999999999999300, -3.125000000000000000, -0.1000000000000000100 ) ) ;
#6082 = VERTEX_POINT ( 'NONE', #509 ) ;
#6083 = DIRECTION ( 'NONE',  ( 1.000000000000000000, 0.0000000000000000000, -0.0000000000000000000 ) ) ;
#6084 = VECTOR ( 'NONE', #8957, 1000.000000000000000 ) ;
#6086 = EDGE_CURVE ( 'NONE', #8484, #12257, #12444, .T. ) ;
#6085 = VERTEX_POINT ( 'NONE', #7420 ) ;
#6087 = VECTOR ( 'NONE', #521, 1000.000000000000000 ) ;
#6088 = VECTOR ( 'NONE', #2171, 1000.000000000000000 ) ;
#6089 = CARTESIAN_POINT ( 'NONE',  ( -0.6750000000000014900, 0.2750000000000003000, -0.6750000000000000400 ) ) ;
#6090 = EDGE_CURVE ( 'NONE', #2520, #8552, #1773, .T. ) ;
#6091 = ORIENTED_EDGE ( 'NONE', *, *, #3223, .T. ) ;
#6092 = PLANE ( 'NONE',  #10196 ) ;
#6093 = CARTESIAN_POINT ( 'NONE',  ( -4.214999999999999900, -3.225000000000000100, -1.300000000000000300 ) ) ;
#6094 = ORIENTED_EDGE ( 'NONE', *, *, #11704, .F. ) ;
#6095 = DIRECTION ( 'NONE',  ( -1.000000000000000000, -0.0000000000000000000, -0.0000000000000000000 ) ) ;
#6096 = LINE ( 'NONE', #5705, #11808 ) ;
#6097 = PLANE ( 'NONE',  #2166 ) ;
#6098 = CARTESIAN_POINT ( 'NONE',  ( 5.875000000000000000, -2.225000000000000100, -1.500000000000000000 ) ) ;
#6099 = DIRECTION ( 'NONE',  ( 1.000000000000000000, 0.0000000000000000000, 0.0000000000000000000 ) ) ;
#6100 = EDGE_LOOP ( 'NONE', ( #11480, #90, #10831, #1204 ) ) ;
#6101 = VECTOR ( 'NONE', #2623, 1000.000000000000000 ) ;
#6102 = AXIS2_PLACEMENT_3D ( 'NONE', #2774, #6866, #9668 ) ;
#6103 = CARTESIAN_POINT ( 'NONE',  ( 7.375000000000000900, 0.5749999999999999600, 0.1000000000000000100 ) ) ;
#6104 = PLANE ( 'NONE',  #12717 ) ;
#6105 = EDGE_CURVE ( 'NONE', #6955, #10531, #8111, .T. ) ;
#6106 = CARTESIAN_POINT ( 'NONE',  ( -2.964999999999999900, -3.775000000000000400, -0.5749999999999999600 ) ) ;
#6107 = FACE_OUTER_BOUND ( 'NONE', #2628, .T. ) ;
#6108 = ORIENTED_EDGE ( 'NONE', *, *, #6740, .T. ) ;
#6109 = EDGE_CURVE ( 'NONE', #1238, #3433, #11966, .T. ) ;
#6110 = VECTOR ( 'NONE', #8932, 1000.000000000000000 ) ;
#6111 = SURFACE_STYLE_FILL_AREA ( #9750 ) ;
#6112 = ORIENTED_EDGE ( 'NONE', *, *, #4635, .T. ) ;
#6113 = CARTESIAN_POINT ( 'NONE',  ( 2.965000000000000300, -3.624999999999999600, -1.800000000000000300 ) ) ;
#6114 = CARTESIAN_POINT ( 'NONE',  ( 6.450000000000000200, -2.225000000000000100, -0.2950000000000001000 ) ) ;
#6115 = CARTESIAN_POINT ( 'NONE',  ( -4.625000000000000000, -2.625000000000000000, 1.100000000000000100 ) ) ;
#6116 = ADVANCED_FACE ( 'NONE', ( #1902 ), #9224, .T. ) ;
#6117 = VERTEX_POINT ( 'NONE', #12163 ) ;
#6118 = LINE ( 'NONE', #2941, #3529 ) ;
#6119 = CARTESIAN_POINT ( 'NONE',  ( 2.035000000000000100, -3.225000000000000100, -0.9250000000000000400 ) ) ;
#6120 = EDGE_CURVE ( 'NONE', #7072, #5393, #11370, .T. ) ;
#6121 = LINE ( 'NONE', #7461, #6748 ) ;
#6122 = LINE ( 'NONE', #4124, #5350 ) ;
#6123 = CARTESIAN_POINT ( 'NONE',  ( 0.0000000000000000000, -2.625000000000000000, 1.600000000000000100 ) ) ;
#6124 = ORIENTED_EDGE ( 'NONE', *, *, #5512, .T. ) ;
#6125 = ADVANCED_FACE ( 'NONE', ( #10435 ), #4578, .T. ) ;
#6126 = VERTEX_POINT ( 'NONE', #10268 ) ;
#6127 = CARTESIAN_POINT ( 'NONE',  ( 9.090000000000001600, -3.125000000000000000, -1.300000000000000300 ) ) ;
#6128 = ORIENTED_EDGE ( 'NONE', *, *, #10854, .F. ) ;
#6129 = CARTESIAN_POINT ( 'NONE',  ( 2.035000000000000100, -3.924999999999999800, -1.300000000000000300 ) ) ;
#6130 = DIRECTION ( 'NONE',  ( -0.0000000000000000000, 1.000000000000000000, 0.0000000000000000000 ) ) ;
#6131 = CARTESIAN_POINT ( 'NONE',  ( 6.550000000000000700, -2.225000000000000100, -1.800000000000000300 ) ) ;
#6132 = ADVANCED_FACE ( 'NONE', ( #7795 ), #7463, .F. ) ;
#6133 = CARTESIAN_POINT ( 'NONE',  ( 4.925000000000000700, -0.3750000000000001100, 1.200000000000000200 ) ) ;
#6134 = PLANE ( 'NONE',  #3007 ) ;
#6135 = VECTOR ( 'NONE', #2647, 1000.000000000000000 ) ;
#6136 = PRESENTATION_STYLE_ASSIGNMENT (( #2591 ) ) ;
#6137 = DIRECTION ( 'NONE',  ( -1.000000000000000000, 0.0000000000000000000, -0.0000000000000000000 ) ) ;
#6138 = VECTOR ( 'NONE', #11756, 1000.000000000000000 ) ;
#6139 = DIRECTION ( 'NONE',  ( -0.0000000000000000000, -0.0000000000000000000, 1.000000000000000000 ) ) ;
#6140 = ORIENTED_EDGE ( 'NONE', *, *, #9725, .T. ) ;
#6141 = LINE ( 'NONE', #9903, #11999 ) ;
#6142 = VERTEX_POINT ( 'NONE', #4493 ) ;
#6143 = DIRECTION ( 'NONE',  ( 0.0000000000000000000, 0.0000000000000000000, 1.000000000000000000 ) ) ;
#6144 = ORIENTED_EDGE ( 'NONE', *, *, #7169, .F. ) ;
#6145 = ORIENTED_EDGE ( 'NONE', *, *, #8282, .T. ) ;
#6146 = PLANE ( 'NONE',  #1839 ) ;
#6147 = CARTESIAN_POINT ( 'NONE',  ( -2.964999999999999900, -3.425000000000000300, -1.125000000000000200 ) ) ;
#6148 = DIRECTION ( 'NONE',  ( 0.0000000000000000000, -0.0000000000000000000, -1.000000000000000000 ) ) ;
#6149 = DIRECTION ( 'NONE',  ( 0.7071067811865475700, 0.0000000000000000000, 0.7071067811865475700 ) ) ;
#6150 = CARTESIAN_POINT ( 'NONE',  ( -5.875000000000000000, 0.9749999999999999800, 0.9000000000000000200 ) ) ;
#6151 = EDGE_CURVE ( 'NONE', #555, #7685, #11525, .T. ) ;
#6152 = VECTOR ( 'NONE', #1308, 1000.000000000000000 ) ;
#6153 = LINE ( 'NONE', #10796, #8910 ) ;
#6154 = DIRECTION ( 'NONE',  ( -1.000000000000000000, -0.0000000000000000000, 0.0000000000000000000 ) ) ;
#6155 = SURFACE_STYLE_FILL_AREA ( #1279 ) ;
#6156 = VECTOR ( 'NONE', #3152, 1000.000000000000000 ) ;
#6157 = ORIENTED_EDGE ( 'NONE', *, *, #5101, .T. ) ;
#6158 = ORIENTED_EDGE ( 'NONE', *, *, #3401, .T. ) ;
#6159 = DIRECTION ( 'NONE',  ( 0.0000000000000000000, 0.0000000000000000000, -1.000000000000000000 ) ) ;
#6160 = ORIENTED_EDGE ( 'NONE', *, *, #891, .T. ) ;
#6161 = DIRECTION ( 'NONE',  ( -0.0000000000000000000, -1.000000000000000000, -0.0000000000000000000 ) ) ;
#6162 =( NAMED_UNIT ( * ) SI_UNIT ( $, .STERADIAN. ) SOLID_ANGLE_UNIT ( ) );
#6163 = CARTESIAN_POINT ( 'NONE',  ( 3.200000000000000200, -0.4749999999999999800, -1.600000000000000100 ) ) ;
#6164 = LINE ( 'NONE', #8663, #8648 ) ;
#6165 = FACE_OUTER_BOUND ( 'NONE', #636, .T. ) ;
#6166 = VECTOR ( 'NONE', #7956, 1000.000000000000000 ) ;
#6167 = LINE ( 'NONE', #7831, #12187 ) ;
#6168 = ORIENTED_EDGE ( 'NONE', *, *, #1102, .F. ) ;
#6169 = VERTEX_POINT ( 'NONE', #3649 ) ;
#6170 = EDGE_CURVE ( 'NONE', #8673, #760, #5175, .T. ) ;
#6171 = CARTESIAN_POINT ( 'NONE',  ( -4.924999999999999800, 0.0000000000000000000, 1.600000000000000100 ) ) ;
#6172 = EDGE_LOOP ( 'NONE', ( #2032, #7305, #2998, #5017 ) ) ;
#6173 = DIRECTION ( 'NONE',  ( -0.0000000000000000000, 0.0000000000000000000, -1.000000000000000000 ) ) ;
#6174 = UNCERTAINTY_MEASURE_WITH_UNIT (LENGTH_MEASURE( 1.000000000000000100E-005 ), #10917, 'distance_accuracy_value', 'NONE');
#6175 = VECTOR ( 'NONE', #8328, 1000.000000000000000 ) ;
#6176 = EDGE_CURVE ( 'NONE', #10408, #9276, #9022, .T. ) ;
#6177 = CARTESIAN_POINT ( 'NONE',  ( -3.375000000000000000, -2.625000000000000000, 1.600000000000000100 ) ) ;
#6178 = VECTOR ( 'NONE', #2422, 1000.000000000000000 ) ;
#6179 = AXIS2_PLACEMENT_3D ( 'NONE', #6335, #4437, #1586 ) ;
#6180 = DIRECTION ( 'NONE',  ( -0.2148617826750988400, -0.9766444667050946400, 0.0000000000000000000 ) ) ;
#6181 = CARTESIAN_POINT ( 'NONE',  ( -5.875000000000000000, 0.9749999999999999800, 0.6999999999999998400 ) ) ;
#6182 = VECTOR ( 'NONE', #10782, 1000.000000000000000 ) ;
#6183 = PLANE ( 'NONE',  #9578 ) ;
#6184 = CARTESIAN_POINT ( 'NONE',  ( 0.4649999999999999700, -3.924999999999999800, -1.300000000000000300 ) ) ;
#6185 = VERTEX_POINT ( 'NONE', #4539 ) ;
#6186 = ORIENTED_EDGE ( 'NONE', *, *, #3123, .F. ) ;
#6187 = ORIENTED_EDGE ( 'NONE', *, *, #1679, .F. ) ;
#6188 = ORIENTED_EDGE ( 'NONE', *, *, #12559, .F. ) ;
#6189 = DIRECTION ( 'NONE',  ( 0.0000000000000000000, -0.0000000000000000000, 1.000000000000000000 ) ) ;
#6190 = EDGE_CURVE ( 'NONE', #3139, #4515, #6733, .T. ) ;
#6191 = ADVANCED_FACE ( 'NONE', ( #7182 ), #685, .T. ) ;
#6192 = ORIENTED_EDGE ( 'NONE', *, *, #9313, .F. ) ;
#6193 = CARTESIAN_POINT ( 'NONE',  ( -4.214999999999999900, -3.624999999999999600, -1.800000000000000300 ) ) ;
#6194 = EDGE_CURVE ( 'NONE', #7489, #12711, #2236, .T. ) ;
#6195 = CARTESIAN_POINT ( 'NONE',  ( -3.230000000000000400, 0.02500000000000000100, -0.4749999999999999800 ) ) ;
#6196 = CARTESIAN_POINT ( 'NONE',  ( 7.575000000000000200, -2.225000000000000100, -1.800000000000000300 ) ) ;
#6197 = ORIENTED_EDGE ( 'NONE', *, *, #12434, .T. ) ;
#6198 = ORIENTED_EDGE ( 'NONE', *, *, #10794, .F. ) ;
#6199 = ORIENTED_EDGE ( 'NONE', *, *, #8245, .F. ) ;
#6200 = VECTOR ( 'NONE', #9960, 1000.000000000000000 ) ;
#6201 = VECTOR ( 'NONE', #1397, 1000.000000000000000 ) ;
#6202 = ORIENTED_EDGE ( 'NONE', *, *, #8534, .T. ) ;
#6203 = ORIENTED_EDGE ( 'NONE', *, *, #12399, .F. ) ;
#6204 = DIRECTION ( 'NONE',  ( 0.0000000000000000000, -1.000000000000000000, -0.0000000000000000000 ) ) ;
#6205 = ADVANCED_FACE ( 'NONE', ( #4576 ), #8593, .T. ) ;
#6206 = CARTESIAN_POINT ( 'NONE',  ( -6.875000000000000000, -2.024999999999999900, -1.500000000000000000 ) ) ;
#6207 = EDGE_LOOP ( 'NONE', ( #8562, #478, #7531, #6801 ) ) ;
#6208 = EDGE_CURVE ( 'NONE', #8790, #1708, #1918, .T. ) ;
#6209 = ORIENTED_EDGE ( 'NONE', *, *, #2139, .T. ) ;
#6210 = EDGE_LOOP ( 'NONE', ( #878, #12366, #12364, #3963 ) ) ;
#6211 = LINE ( 'NONE', #11464, #7886 ) ;
#6212 = FACE_OUTER_BOUND ( 'NONE', #960, .T. ) ;
#6213 = DIRECTION ( 'NONE',  ( 0.0000000000000000000, 0.0000000000000000000, 1.000000000000000000 ) ) ;
#6214 = VERTEX_POINT ( 'NONE', #3607 ) ;
#6215 = VERTEX_POINT ( 'NONE', #1548 ) ;
#6216 = CARTESIAN_POINT ( 'NONE',  ( 6.099999999999998800, -0.02499999999999960900, -1.310000000000000300 ) ) ;
#6217 = ORIENTED_EDGE ( 'NONE', *, *, #6401, .T. ) ;
#6218 = ORIENTED_EDGE ( 'NONE', *, *, #8436, .T. ) ;
#6219 = ORIENTED_EDGE ( 'NONE', *, *, #10500, .T. ) ;
#6220 = DIRECTION ( 'NONE',  ( -0.5773502691896270600, 0.5773502691896270600, -0.5773502691896230700 ) ) ;
#6221 = VECTOR ( 'NONE', #5062, 1000.000000000000000 ) ;
#6222 = VECTOR ( 'NONE', #1184, 1000.000000000000000 ) ;
#6223 = CARTESIAN_POINT ( 'NONE',  ( 3.020000000000000000, 0.02500000000000000100, -0.4749999999999999800 ) ) ;
#6224 = ORIENTED_EDGE ( 'NONE', *, *, #6772, .F. ) ;
#6225 = DIRECTION ( 'NONE',  ( -0.0000000000000000000, -0.0000000000000000000, 1.000000000000000000 ) ) ;
#6226 = EDGE_CURVE ( 'NONE', #555, #9607, #9654, .T. ) ;
#6227 = DIRECTION ( 'NONE',  ( 0.0000000000000000000, 0.0000000000000000000, -1.000000000000000000 ) ) ;
#6228 = EDGE_LOOP ( 'NONE', ( #4685, #6241, #7143, #1736 ) ) ;
#6229 = VECTOR ( 'NONE', #11395, 1000.000000000000000 ) ;
#6230 = CARTESIAN_POINT ( 'NONE',  ( 7.074999999999999300, -2.225000000000000500, 0.3999999999999998600 ) ) ;
#6231 = VECTOR ( 'NONE', #7891, 1000.000000000000100 ) ;
#6232 = EDGE_LOOP ( 'NONE', ( #1677, #7301, #6532, #4056 ) ) ;
#6233 = CARTESIAN_POINT ( 'NONE',  ( 0.8749999999999998900, -3.225000000000000100, 1.600000000000000100 ) ) ;
#6234 = CARTESIAN_POINT ( 'NONE',  ( -2.035000000000000100, -3.425000000000000300, -1.125000000000000200 ) ) ;
#6235 = EDGE_CURVE ( 'NONE', #4504, #9566, #3814, .T. ) ;
#6236 = ORIENTED_EDGE ( 'NONE', *, *, #5404, .F. ) ;
#6237 = PLANE ( 'NONE',  #12724 ) ;
#6238 = CARTESIAN_POINT ( 'NONE',  ( -0.5200000000000000200, 0.02500000000000000100, -0.4749999999999999800 ) ) ;
#6239 = DIRECTION ( 'NONE',  ( 1.000000000000000000, 0.0000000000000000000, 0.0000000000000000000 ) ) ;
#6240 = AXIS2_PLACEMENT_3D ( 'NONE', #8091, #12099, #9068 ) ;
#6241 = ORIENTED_EDGE ( 'NONE', *, *, #1312, .T. ) ;
#6242 = LINE ( 'NONE', #4954, #1610 ) ;
#6243 = DIRECTION ( 'NONE',  ( 0.0000000000000000000, 0.0000000000000000000, 1.000000000000000000 ) ) ;
#6245 = PLANE ( 'NONE',  #10621 ) ;
#6244 = VECTOR ( 'NONE', #3360, 1000.000000000000000 ) ;
#6246 = CARTESIAN_POINT ( 'NONE',  ( -2.035000000000000100, -3.225000000000000100, -1.125000000000000200 ) ) ;
#6247 = EDGE_CURVE ( 'NONE', #8802, #11229, #11813, .T. ) ;
#6248 = AXIS2_PLACEMENT_3D ( 'NONE', #5102, #11923, #6143 ) ;
#6249 = DIRECTION ( 'NONE',  ( -0.7071067811865452400, 0.0000000000000000000, -0.7071067811865497900 ) ) ;
#6250 = EDGE_CURVE ( 'NONE', #852, #9006, #9499, .T. ) ;
#6251 = CARTESIAN_POINT ( 'NONE',  ( 1.715000000000000300, -3.125000000000000000, -1.300000000000000300 ) ) ;
#6252 = ADVANCED_FACE ( 'NONE', ( #6429 ), #2540, .F. ) ;
#6253 = LINE ( 'NONE', #815, #3945 ) ;
#6254 = ORIENTED_EDGE ( 'NONE', *, *, #11779, .F. ) ;
#6255 = LINE ( 'NONE', #3525, #2067 ) ;
#6256 = CARTESIAN_POINT ( 'NONE',  ( 7.075000000000000200, 0.5749999999999999600, 0.4000000000000000200 ) ) ;
#6257 = FACE_OUTER_BOUND ( 'NONE', #8811, .T. ) ;
#6258 = CARTESIAN_POINT ( 'NONE',  ( -4.534999999999999300, -3.125000000000000000, -0.1000000000000000100 ) ) ;
#6259 = DIRECTION ( 'NONE',  ( 0.0000000000000000000, 0.7071067811863974700, 0.7071067811866975600 ) ) ;
#6260 = DIRECTION ( 'NONE',  ( -0.0000000000000000000, -0.0000000000000000000, 1.000000000000000000 ) ) ;
#6261 = DIRECTION ( 'NONE',  ( 0.0000000000000000000, -1.000000000000000000, 0.0000000000000000000 ) ) ;
#6262 = PLANE ( 'NONE',  #7596 ) ;
#6263 = EDGE_CURVE ( 'NONE', #5674, #8373, #5942, .T. ) ;
#6264 = ORIENTED_EDGE ( 'NONE', *, *, #6921, .F. ) ;
#6265 = CARTESIAN_POINT ( 'NONE',  ( 5.575000000000000200, -1.975000000000000100, 0.3999999999999999700 ) ) ;
#6266 = LINE ( 'NONE', #125, #8598 ) ;
#6267 = PLANE ( 'NONE',  #6006 ) ;
#6268 = VECTOR ( 'NONE', #4597, 1000.000000000000000 ) ;
#6269 = ORIENTED_EDGE ( 'NONE', *, *, #9330, .F. ) ;
#6270 = EDGE_CURVE ( 'NONE', #12260, #6033, #10111, .T. ) ;
#6271 = DIRECTION ( 'NONE',  ( -0.0000000000000000000, 1.000000000000000000, -0.0000000000000000000 ) ) ;
#6272 = PLANE ( 'NONE',  #11899 ) ;
#6273 = VECTOR ( 'NONE', #9324, 1000.000000000000000 ) ;
#6274 = AXIS2_PLACEMENT_3D ( 'NONE', #10936, #5064, #10982 ) ;
#6275 = CARTESIAN_POINT ( 'NONE',  ( 2.125000000000000000, -3.225000000000000100, 1.600000000000000100 ) ) ;
#6276 = VECTOR ( 'NONE', #3802, 1000.000000000000000 ) ;
#6277 = LINE ( 'NONE', #9891, #6599 ) ;
#6278 = EDGE_CURVE ( 'NONE', #6657, #1503, #3173, .T. ) ;
#6279 = ORIENTED_EDGE ( 'NONE', *, *, #5755, .F. ) ;
#6280 = DIRECTION ( 'NONE',  ( -1.000000000000000000, 0.0000000000000000000, -0.0000000000000000000 ) ) ;
#6281 = EDGE_LOOP ( 'NONE', ( #6964, #11908, #7763, #4021 ) ) ;
#6282 = CARTESIAN_POINT ( 'NONE',  ( 6.099999999999999600, -2.225000000000000100, -1.350000000000000100 ) ) ;
#6283 = EDGE_CURVE ( 'NONE', #11133, #2991, #5485, .T. ) ;
#6284 = DIRECTION ( 'NONE',  ( -0.0000000000000000000, 1.000000000000000000, 0.0000000000000000000 ) ) ;
#6285 = DIRECTION ( 'NONE',  ( 1.000000000000000000, 0.0000000000000000000, 0.0000000000000000000 ) ) ;
#6286 = LINE ( 'NONE', #3454, #7053 ) ;
#6287 =( GEOMETRIC_REPRESENTATION_CONTEXT ( 3 ) GLOBAL_UNCERTAINTY_ASSIGNED_CONTEXT ( ( #6339 ) ) GLOBAL_UNIT_ASSIGNED_CONTEXT ( ( #4505, #2551, #4379 ) ) REPRESENTATION_CONTEXT ( 'NONE', 'WORKASPACE' ) );
#6288 = VECTOR ( 'NONE', #2322, 1000.000000000000000 ) ;
#6289 = CARTESIAN_POINT ( 'NONE',  ( -5.875000000000000000, 0.9749999999999999800, -1.800000000000000300 ) ) ;
#6290 = FACE_OUTER_BOUND ( 'NONE', #216, .T. ) ;
#6291 = ORIENTED_EDGE ( 'NONE', *, *, #12125, .F. ) ;
#6292 = DIRECTION ( 'NONE',  ( 0.0000000000000000000, -0.0000000000000000000, -1.000000000000000000 ) ) ;
#6293 = LINE ( 'NONE', #9437, #3982 ) ;
#6294 = ORIENTED_EDGE ( 'NONE', *, *, #10566, .T. ) ;
#6295 = ORIENTED_EDGE ( 'NONE', *, *, #7691, .T. ) ;
#6296 = CARTESIAN_POINT ( 'NONE',  ( -5.675000000000000700, -0.02500000000000000100, -1.800000000000000300 ) ) ;
#6297 = VECTOR ( 'NONE', #8854, 1000.000000000000000 ) ;
#6298 = CARTESIAN_POINT ( 'NONE',  ( -6.110000000000001200, 0.07499999999999998300, -0.2700000000000000200 ) ) ;
#6299 = VECTOR ( 'NONE', #8765, 1000.000000000000000 ) ;
#6300 = EDGE_CURVE ( 'NONE', #10091, #10154, #217, .T. ) ;
#6301 = CARTESIAN_POINT ( 'NONE',  ( -4.534999999999999300, -3.125000000000000000, -0.8499999999999999800 ) ) ;
#6302 = CYLINDRICAL_SURFACE ( 'NONE', #5166, 0.2000000000000000900 ) ;
#6303 = DIRECTION ( 'NONE',  ( 0.0000000000000000000, 0.7071067811865474600, 0.7071067811865474600 ) ) ;
#6304 = CARTESIAN_POINT ( 'NONE',  ( 0.0000000000000000000, 0.8750000000000000000, -1.300000000000000300 ) ) ;
#6305 = LINE ( 'NONE', #9831, #5224 ) ;
#6306 = ORIENTED_EDGE ( 'NONE', *, *, #2652, .F. ) ;
#6307 = ORIENTED_EDGE ( 'NONE', *, *, #6086, .T. ) ;
#6308 = VERTEX_POINT ( 'NONE', #10723 ) ;
#6309 = CARTESIAN_POINT ( 'NONE',  ( -4.425000000000006000, 0.2750000000000011900, -0.4749999999999999800 ) ) ;
#6310 = DIRECTION ( 'NONE',  ( -0.0000000000000000000, 1.000000000000000000, 0.0000000000000000000 ) ) ;
#6311 = VECTOR ( 'NONE', #1972, 1000.000000000000000 ) ;
#6312 = PLANE ( 'NONE',  #1011 ) ;
#6313 = ADVANCED_FACE ( 'NONE', ( #9352 ), #3768, .F. ) ;
#6314 = VECTOR ( 'NONE', #5417, 1000.000000000000000 ) ;
#6315 = CARTESIAN_POINT ( 'NONE',  ( -4.534999999999999300, -3.125000000000000000, -0.8499999999999999800 ) ) ;
#6316 = VECTOR ( 'NONE', #12473, 1000.000000000000000 ) ;
#6317 = DIRECTION ( 'NONE',  ( 1.000000000000000000, 0.0000000000000000000, 0.0000000000000000000 ) ) ;
#6318 = DIRECTION ( 'NONE',  ( 0.7071067811865492400, 0.0000000000000000000, 0.7071067811865458000 ) ) ;
#6319 = VERTEX_POINT ( 'NONE', #5804 ) ;
#6320 = EDGE_LOOP ( 'NONE', ( #3724, #10818, #7315, #9079 ) ) ;
#6321 = CARTESIAN_POINT ( 'NONE',  ( 3.285000000000000100, -4.224999999999999600, -1.600000000000000100 ) ) ;
#6322 = EDGE_LOOP ( 'NONE', ( #11703, #3069, #730, #9173 ) ) ;
#6323 = DIRECTION ( 'NONE',  ( -0.0000000000000000000, 0.0000000000000000000, -1.000000000000000000 ) ) ;
#6324 = EDGE_CURVE ( 'NONE', #6510, #10002, #6572, .T. ) ;
#6325 = VECTOR ( 'NONE', #10674, 1000.000000000000000 ) ;
#6326 = DIRECTION ( 'NONE',  ( -0.0000000000000000000, 1.000000000000000000, -0.0000000000000000000 ) ) ;
#6327 = LINE ( 'NONE', #8180, #10340 ) ;
#6328 = VECTOR ( 'NONE', #5937, 1000.000000000000100 ) ;
#6329 = CARTESIAN_POINT ( 'NONE',  ( 2.965000000000000300, -3.424999999999999800, -1.599999999999999900 ) ) ;
#6330 = CARTESIAN_POINT ( 'NONE',  ( -0.3750000000000000000, -2.625000000000000000, 1.600000000000000100 ) ) ;
#6331 = ADVANCED_FACE ( 'NONE', ( #9187 ), #1910, .T. ) ;
#6332 = PLANE ( 'NONE',  #2590 ) ;
#6333 = ORIENTED_EDGE ( 'NONE', *, *, #2310, .T. ) ;
#6334 = ORIENTED_EDGE ( 'NONE', *, *, #12335, .F. ) ;
#6335 = CARTESIAN_POINT ( 'NONE',  ( 5.875000000000000000, -2.625000000000000000, 1.600000000000000100 ) ) ;
#6336 = ORIENTED_EDGE ( 'NONE', *, *, #5571, .F. ) ;
#6337 = DIRECTION ( 'NONE',  ( 0.8320502943378437200, 0.5547001962252291500, -0.0000000000000000000 ) ) ;
#6338 = ORIENTED_EDGE ( 'NONE', *, *, #5084, .F. ) ;
#6339 = UNCERTAINTY_MEASURE_WITH_UNIT (LENGTH_MEASURE( 1.000000000000000100E-005 ), #4505, 'distance_accuracy_value', 'NONE');
#6340 = AXIS2_PLACEMENT_3D ( 'NONE', #4763, #2947, #6749 ) ;
#6341 = DIRECTION ( 'NONE',  ( 0.0000000000000000000, -0.0000000000000000000, 1.000000000000000000 ) ) ;
#6342 = EDGE_CURVE ( 'NONE', #7417, #7698, #1145, .T. ) ;
#6343 = CARTESIAN_POINT ( 'NONE',  ( -6.450000000000000200, -0.02499999999999984900, -0.6450000000000000200 ) ) ;
#6344 = ORIENTED_EDGE ( 'NONE', *, *, #2726, .F. ) ;
#6345 = EDGE_LOOP ( 'NONE', ( #8048, #7495, #10412, #3058 ) ) ;
#6346 = ORIENTED_EDGE ( 'NONE', *, *, #9895, .T. ) ;
#6347 = VECTOR ( 'NONE', #10356, 1000.000000000000000 ) ;
#6348 = EDGE_CURVE ( 'NONE', #7884, #8327, #989, .T. ) ;
#6349 = CARTESIAN_POINT ( 'NONE',  ( 6.870000000000000100, -2.025000000000000400, -0.4200000000000000400 ) ) ;
#6350 = ORIENTED_EDGE ( 'NONE', *, *, #5271, .T. ) ;
#6351 = CARTESIAN_POINT ( 'NONE',  ( 5.224999999999999600, -3.115000000000000200, -1.100000000000000100 ) ) ;
#6352 = EDGE_LOOP ( 'NONE', ( #12080, #4313, #4034, #11088, #9078 ) ) ;
#6353 = PLANE ( 'NONE',  #4036 ) ;
#6354 = ORIENTED_EDGE ( 'NONE', *, *, #1867, .T. ) ;
#6355 = ORIENTED_EDGE ( 'NONE', *, *, #1050, .T. ) ;
#6356 = VERTEX_POINT ( 'NONE', #1785 ) ;
#6357 = CARTESIAN_POINT ( 'NONE',  ( 6.110000000000001200, 0.07499999999999999700, -1.800000000000000300 ) ) ;
#6358 = EDGE_CURVE ( 'NONE', #10137, #6662, #4560, .T. ) ;
#6359 = CIRCLE ( 'NONE', #10115, 0.1499999999999999700 ) ;
#6360 = CARTESIAN_POINT ( 'NONE',  ( 0.4650000000000018600, -1.975000000000000100, -0.8499999999999999800 ) ) ;
#6361 = EDGE_LOOP ( 'NONE', ( #11130, #4216, #4658, #968 ) ) ;
#6362 = CARTESIAN_POINT ( 'NONE',  ( 5.675000000000001600, -3.224999999999999600, -1.600000000000000100 ) ) ;
#6363 = DIRECTION ( 'NONE',  ( 0.0000000000000000000, 0.0000000000000000000, 1.000000000000000000 ) ) ;
#6364 = DIRECTION ( 'NONE',  ( 0.0000000000000000000, 0.7071067811866975600, -0.7071067811863974700 ) ) ;
#6365 = VERTEX_POINT ( 'NONE', #9763 ) ;
#6366 = EDGE_CURVE ( 'NONE', #3280, #4354, #7026, .T. ) ;
#6367 = DIRECTION ( 'NONE',  ( -0.7071067811865474600, -0.7071067811865474600, 0.0000000000000000000 ) ) ;
#6368 = AXIS2_PLACEMENT_3D ( 'NONE', #4255, #5238, #3586 ) ;
#6369 = CARTESIAN_POINT ( 'NONE',  ( -5.875000000000000000, -3.125000000000000000, 0.6999999999999998400 ) ) ;
#6370 = ORIENTED_EDGE ( 'NONE', *, *, #5320, .T. ) ;
#6371 = ORIENTED_EDGE ( 'NONE', *, *, #1240, .T. ) ;
#6372 = FACE_OUTER_BOUND ( 'NONE', #9927, .T. ) ;
#6373 = LINE ( 'NONE', #12300, #1721 ) ;
#6374 = ORIENTED_EDGE ( 'NONE', *, *, #1993, .F. ) ;
#6375 = DIRECTION ( 'NONE',  ( -0.0000000000000000000, -0.0000000000000000000, -1.000000000000000000 ) ) ;
#6376 = CARTESIAN_POINT ( 'NONE',  ( -5.875000000000000000, -0.02500000000000000100, -0.2949999999999999300 ) ) ;
#6377 = CARTESIAN_POINT ( 'NONE',  ( -0.7850000000000000300, -4.224999999999999600, -1.600000000000000100 ) ) ;
#6378 = ORIENTED_EDGE ( 'NONE', *, *, #956, .T. ) ;
#6379 = DIRECTION ( 'NONE',  ( -0.2033118901005039300, -0.9241449550023836900, -0.3234507342508327600 ) ) ;
#6380 = EDGE_CURVE ( 'NONE', #5569, #4228, #11046, .T. ) ;
#6381 = CARTESIAN_POINT ( 'NONE',  ( -0.4650000000000000200, -3.425000000000000300, -1.125000000000000200 ) ) ;
#6382 = CARTESIAN_POINT ( 'NONE',  ( -0.4650000000000000200, -3.924999999999999800, -0.5749999999999999600 ) ) ;
#6383 = DIRECTION ( 'NONE',  ( 0.0000000000000000000, 0.0000000000000000000, -1.000000000000000000 ) ) ;
#6384 = ADVANCED_FACE ( 'NONE', ( #6257 ), #9942, .F. ) ;
#6385 = ORIENTED_EDGE ( 'NONE', *, *, #8982, .T. ) ;
#6386 = ORIENTED_EDGE ( 'NONE', *, *, #7388, .F. ) ;
#6387 = VECTOR ( 'NONE', #10476, 1000.000000000000000 ) ;
#6388 = LINE ( 'NONE', #12073, #7760 ) ;
#6389 = EDGE_LOOP ( 'NONE', ( #420, #10072, #10031, #6158 ) ) ;
#6390 = DIRECTION ( 'NONE',  ( 0.0000000000000000000, 0.0000000000000000000, -1.000000000000000000 ) ) ;
#6391 = VERTEX_POINT ( 'NONE', #1826 ) ;
#6392 = DIRECTION ( 'NONE',  ( 1.000000000000000000, 0.0000000000000000000, 0.0000000000000000000 ) ) ;
#6393 = ORIENTED_EDGE ( 'NONE', *, *, #6882, .F. ) ;
#6394 = VECTOR ( 'NONE', #7147, 1000.000000000000000 ) ;
#6395 = VECTOR ( 'NONE', #9595, 1000.000000000000000 ) ;
#6396 = DIRECTION ( 'NONE',  ( 0.0000000000000000000, -0.0000000000000000000, 1.000000000000000000 ) ) ;
#6397 = AXIS2_PLACEMENT_3D ( 'NONE', #5050, #3118, #5278 ) ;
#6398 = ADVANCED_FACE ( 'NONE', ( #4415 ), #7784, .T. ) ;
#6399 = CARTESIAN_POINT ( 'NONE',  ( -4.214999999999999900, -3.125000000000000000, -0.1000000000000000100 ) ) ;
#6400 = ORIENTED_EDGE ( 'NONE', *, *, #7844, .T. ) ;
#6401 = EDGE_CURVE ( 'NONE', #12807, #7113, #2546, .T. ) ;
#6402 = CARTESIAN_POINT ( 'NONE',  ( 5.910000000000000100, -2.225000000000000100, -1.500000000000000200 ) ) ;
#6403 = AXIS2_PLACEMENT_3D ( 'NONE', #3420, #1318, #12201 ) ;
#6404 = CARTESIAN_POINT ( 'NONE',  ( -6.339999999999999900, -0.02499999999999984900, -1.500000000000000000 ) ) ;
#6405 = VERTEX_POINT ( 'NONE', #2831 ) ;
#6406 = DIRECTION ( 'NONE',  ( 0.7071067811865474600, -0.0000000000000000000, 0.7071067811865474600 ) ) ;
#6407 = VECTOR ( 'NONE', #6292, 1000.000000000000000 ) ;
#6408 = DIRECTION ( 'NONE',  ( 0.0000000000000000000, 0.0000000000000000000, 1.000000000000000000 ) ) ;
#6409 = VERTEX_POINT ( 'NONE', #3839 ) ;
#6410 = DIRECTION ( 'NONE',  ( -0.0000000000000000000, -0.0000000000000000000, 1.000000000000000000 ) ) ;
#6411 = VECTOR ( 'NONE', #9491, 1000.000000000000000 ) ;
#6412 = FACE_OUTER_BOUND ( 'NONE', #64, .T. ) ;
#6413 = CARTESIAN_POINT ( 'NONE',  ( 5.300000000000001600, -3.115000000000000200, -0.9978723526001017600 ) ) ;
#6414 = CARTESIAN_POINT ( 'NONE',  ( 5.875000000000000000, 0.2750000000000000200, -1.800000000000000300 ) ) ;
#6415 = CARTESIAN_POINT ( 'NONE',  ( -2.964999999999999900, -3.225000000000000100, -0.9250000000000000400 ) ) ;
#6416 = ADVANCED_FACE ( 'NONE', ( #11035 ), #9723, .F. ) ;
#6417 = EDGE_LOOP ( 'NONE', ( #1443, #12494, #5096, #6658 ) ) ;
#6418 =( GEOMETRIC_REPRESENTATION_CONTEXT ( 3 ) GLOBAL_UNCERTAINTY_ASSIGNED_CONTEXT ( ( #6174 ) ) GLOBAL_UNIT_ASSIGNED_CONTEXT ( ( #10917, #1970, #8843 ) ) REPRESENTATION_CONTEXT ( 'NONE', 'WORKASPACE' ) );
#6419 = ORIENTED_EDGE ( 'NONE', *, *, #2389, .T. ) ;
#6420 = CARTESIAN_POINT ( 'NONE',  ( 6.550000000000000700, -2.225000000000000100, -1.550000000000000300 ) ) ;
#6421 = CARTESIAN_POINT ( 'NONE',  ( 0.7850000000000000300, -3.425000000000000300, 1.600000000000000100 ) ) ;
#6422 = VECTOR ( 'NONE', #2939, 1000.000000000000000 ) ;
#6423 = CARTESIAN_POINT ( 'NONE',  ( 4.535000000000000100, -4.025000000000000400, -1.800000000000000300 ) ) ;
#6424 = DIRECTION ( 'NONE',  ( 1.000000000000000000, -0.0000000000000000000, 0.0000000000000000000 ) ) ;
#6425 = EDGE_CURVE ( 'NONE', #10369, #3317, #11956, .T. ) ;
#6426 = VECTOR ( 'NONE', #7771, 1000.000000000000000 ) ;
#6427 = ORIENTED_EDGE ( 'NONE', *, *, #3875, .F. ) ;
#6428 = CARTESIAN_POINT ( 'NONE',  ( -4.125000000000000000, -3.225000000000000100, -1.800000000000000300 ) ) ;
#6429 = FACE_OUTER_BOUND ( 'NONE', #8151, .T. ) ;
#6430 = CARTESIAN_POINT ( 'NONE',  ( -6.110000000000001200, 0.07499999999999999700, -1.800000000000000300 ) ) ;
#6431 = EDGE_CURVE ( 'NONE', #10930, #12191, #8426, .T. ) ;
#6432 = CARTESIAN_POINT ( 'NONE',  ( -2.964999999999999900, -4.224999999999999600, -1.300000000000000300 ) ) ;
#6433 = VECTOR ( 'NONE', #9048, 1000.000000000000000 ) ;
#6434 = ORIENTED_EDGE ( 'NONE', *, *, #4095, .T. ) ;
#6435 = LINE ( 'NONE', #7659, #4111 ) ;
#6436 = LINE ( 'NONE', #3501, #3521 ) ;
#6437 = ORIENTED_EDGE ( 'NONE', *, *, #9059, .F. ) ;
#6438 = AXIS2_PLACEMENT_3D ( 'NONE', #2721, #6700, #10540 ) ;
#6439 = EDGE_CURVE ( 'NONE', #4192, #9266, #5475, .T. ) ;
#6440 = DIRECTION ( 'NONE',  ( 1.000000000000000000, -0.0000000000000000000, 0.0000000000000000000 ) ) ;
#6441 = PLANE ( 'NONE',  #1628 ) ;
#6442 = VECTOR ( 'NONE', #1196, 1000.000000000000000 ) ;
#6443 = EDGE_CURVE ( 'NONE', #5589, #6852, #7338, .T. ) ;
#6444 = VECTOR ( 'NONE', #7414, 1000.000000000000000 ) ;
#6445 = VECTOR ( 'NONE', #2208, 1000.000000000000000 ) ;
#6446 = CARTESIAN_POINT ( 'NONE',  ( 5.675000000000000700, 0.9749999999999999800, -1.600000000000000100 ) ) ;
#6447 = AXIS2_PLACEMENT_3D ( 'NONE', #5864, #5167, #7017 ) ;
#6448 = ORIENTED_EDGE ( 'NONE', *, *, #11102, .T. ) ;
#6449 = ADVANCED_FACE ( 'NONE', ( #12732 ), #9339, .F. ) ;
#6450 = ORIENTED_EDGE ( 'NONE', *, *, #11188, .T. ) ;
#6451 = VERTEX_POINT ( 'NONE', #5891 ) ;
#6452 = DIRECTION ( 'NONE',  ( 0.0000000000000000000, 1.000000000000000000, -0.0000000000000000000 ) ) ;
#6453 = PLANE ( 'NONE',  #4089 ) ;
#6454 = CARTESIAN_POINT ( 'NONE',  ( -5.875000000000000000, 0.9749999999999999800, -1.800000000000000300 ) ) ;
#6455 = DIRECTION ( 'NONE',  ( -1.000000000000000000, 0.0000000000000000000, -0.0000000000000000000 ) ) ;
#6456 = DIRECTION ( 'NONE',  ( -0.0000000000000000000, -1.000000000000000000, -0.0000000000000000000 ) ) ;
#6457 = FACE_OUTER_BOUND ( 'NONE', #7244, .T. ) ;
#6458 = EDGE_CURVE ( 'NONE', #2971, #3511, #10878, .T. ) ;
#6459 = VECTOR ( 'NONE', #7637, 1000.000000000000000 ) ;
#6460 = DIRECTION ( 'NONE',  ( 1.000000000000000000, 0.0000000000000000000, -0.0000000000000000000 ) ) ;
#6461 = FACE_OUTER_BOUND ( 'NONE', #1745, .T. ) ;
#6462 = FACE_OUTER_BOUND ( 'NONE', #12521, .T. ) ;
#6463 = VERTEX_POINT ( 'NONE', #5933 ) ;
#6464 = ORIENTED_EDGE ( 'NONE', *, *, #4742, .F. ) ;
#6465 = VERTEX_POINT ( 'NONE', #963 ) ;
#6466 = ADVANCED_FACE ( 'NONE', ( #2848 ), #8855, .F. ) ;
#6467 = CARTESIAN_POINT ( 'NONE',  ( -5.275000000000000400, -1.975000000000000100, -1.200000000000000000 ) ) ;
#6468 = CARTESIAN_POINT ( 'NONE',  ( 2.035000000000001000, -4.208005078473780400, -0.8499999999999999800 ) ) ;
#6469 = LINE ( 'NONE', #4001, #8766 ) ;
#6470 = VECTOR ( 'NONE', #9835, 1000.000000000000000 ) ;
#6471 = LINE ( 'NONE', #505, #9542 ) ;
#6472 = LINE ( 'NONE', #2990, #1031 ) ;
#6473 = VERTEX_POINT ( 'NONE', #7006 ) ;
#6474 = EDGE_LOOP ( 'NONE', ( #5240, #3687, #14, #12345 ) ) ;
#6475 = ORIENTED_EDGE ( 'NONE', *, *, #7570, .T. ) ;
#6476 = EDGE_CURVE ( 'NONE', #1095, #9357, #4716, .T. ) ;
#6477 = FACE_OUTER_BOUND ( 'NONE', #10664, .T. ) ;
#6478 = ADVANCED_FACE ( 'NONE', ( #10097 ), #11888, .T. ) ;
#6479 = EDGE_CURVE ( 'NONE', #12402, #12388, #1463, .T. ) ;
#6480 = DIRECTION ( 'NONE',  ( -1.000000000000000000, 0.0000000000000000000, -0.0000000000000000000 ) ) ;
#6481 = VECTOR ( 'NONE', #11678, 1000.000000000000000 ) ;
#6482 = FACE_OUTER_BOUND ( 'NONE', #8677, .T. ) ;
#6483 = CARTESIAN_POINT ( 'NONE',  ( -0.4650000000000000200, -3.225000000000000100, -1.125000000000000200 ) ) ;
#6484 = VECTOR ( 'NONE', #10571, 1000.000000000000000 ) ;
#6485 = FILL_AREA_STYLE ('',( #11328 ) ) ;
#6486 = ORIENTED_EDGE ( 'NONE', *, *, #9169, .T. ) ;
#6487 = ORIENTED_EDGE ( 'NONE', *, *, #10860, .T. ) ;
#6488 = EDGE_CURVE ( 'NONE', #812, #9090, #7164, .T. ) ;
#6489 = ORIENTED_EDGE ( 'NONE', *, *, #4942, .F. ) ;
#6490 = CARTESIAN_POINT ( 'NONE',  ( -3.284999999999999700, -3.125000000000000000, -0.4249999999999998800 ) ) ;
#6491 = VECTOR ( 'NONE', #8457, 1000.000000000000000 ) ;
#6492 = VECTOR ( 'NONE', #12718, 1000.000000000000000 ) ;
#6493 = CARTESIAN_POINT ( 'NONE',  ( 1.875000000000000000, 0.02500000000000000100, -0.7624999999999999600 ) ) ;
#6494 = FACE_OUTER_BOUND ( 'NONE', #1718, .T. ) ;
#6495 = PLANE ( 'NONE',  #7016 ) ;
#6496 = DIRECTION ( 'NONE',  ( 0.0000000000000000000, -0.0000000000000000000, 1.000000000000000000 ) ) ;
#6497 = DIRECTION ( 'NONE',  ( 0.0000000000000000000, 0.0000000000000000000, -1.000000000000000000 ) ) ;
#6498 = EDGE_LOOP ( 'NONE', ( #3622, #3135, #1437, #61 ) ) ;
#6499 = ORIENTED_EDGE ( 'NONE', *, *, #2483, .T. ) ;
#6500 = EDGE_CURVE ( 'NONE', #6696, #10830, #10421, .T. ) ;
#6501 = ORIENTED_EDGE ( 'NONE', *, *, #12399, .T. ) ;
#6502 = AXIS2_PLACEMENT_3D ( 'NONE', #8144, #11128, #2225 ) ;
#6503 = ORIENTED_EDGE ( 'NONE', *, *, #11781, .F. ) ;
#6504 = EDGE_CURVE ( 'NONE', #6804, #6553, #2395, .T. ) ;
#6505 = ORIENTED_EDGE ( 'NONE', *, *, #4257, .F. ) ;
#6506 = CARTESIAN_POINT ( 'NONE',  ( -7.375000000000000900, -2.225000000000000500, -1.000000000000000000 ) ) ;
#6507 = DIRECTION ( 'NONE',  ( -0.0000000000000000000, 0.0000000000000000000, 1.000000000000000000 ) ) ;
#6508 = DIRECTION ( 'NONE',  ( 1.000000000000000000, 0.0000000000000000000, 0.0000000000000000000 ) ) ;
#6509 = EDGE_LOOP ( 'NONE', ( #11924, #8031, #11152, #696, #12764 ) ) ;
#6510 = VERTEX_POINT ( 'NONE', #1127 ) ;
#6511 = ORIENTED_EDGE ( 'NONE', *, *, #5357, .T. ) ;
#6512 = VECTOR ( 'NONE', #2204, 1000.000000000000000 ) ;
#6513 = LINE ( 'NONE', #6446, #8529 ) ;
#6514 = AXIS2_PLACEMENT_3D ( 'NONE', #4317, #2142, #4231 ) ;
#6515 = ADVANCED_FACE ( 'NONE', ( #5009 ), #12800, .F. ) ;
#6516 = VERTEX_POINT ( 'NONE', #2964 ) ;
#6517 = EDGE_CURVE ( 'NONE', #6025, #2355, #5160, .T. ) ;
#6518 = DIRECTION ( 'NONE',  ( 1.000000000000000000, 0.0000000000000000000, 0.0000000000000000000 ) ) ;
#6519 = ORIENTED_EDGE ( 'NONE', *, *, #6745, .T. ) ;
#6520 = ORIENTED_EDGE ( 'NONE', *, *, #7169, .T. ) ;
#6521 = EDGE_CURVE ( 'NONE', #6126, #6463, #699, .T. ) ;
#6522 = ORIENTED_EDGE ( 'NONE', *, *, #5753, .T. ) ;
#6523 = ORIENTED_EDGE ( 'NONE', *, *, #674, .T. ) ;
#6524 = DIRECTION ( 'NONE',  ( 0.0000000000000000000, 0.0000000000000000000, -1.000000000000000000 ) ) ;
#6525 = VECTOR ( 'NONE', #8807, 1000.000000000000000 ) ;
#6526 = AXIS2_PLACEMENT_3D ( 'NONE', #6196, #3221, #8186 ) ;
#6527 = VECTOR ( 'NONE', #904, 1000.000000000000000 ) ;
#6528 = PLANE ( 'NONE',  #4049 ) ;
#6529 = EDGE_LOOP ( 'NONE', ( #9431, #147, #11847, #4167 ) ) ;
#6530 = ADVANCED_FACE ( 'NONE', ( #3158 ), #5242, .T. ) ;
#6531 = PLANE ( 'NONE',  #12686 ) ;
#6532 = ORIENTED_EDGE ( 'NONE', *, *, #7806, .F. ) ;
#6533 = EDGE_CURVE ( 'NONE', #1278, #11806, #831, .T. ) ;
#6534 = EDGE_LOOP ( 'NONE', ( #6264, #8612, #4986, #12395 ) ) ;
#6535 = VERTEX_POINT ( 'NONE', #11167 ) ;
#6536 = VECTOR ( 'NONE', #7316, 1000.000000000000000 ) ;
#6537 = PLANE ( 'NONE',  #648 ) ;
#6538 = VECTOR ( 'NONE', #12064, 1000.000000000000000 ) ;
#6539 = PLANE ( 'NONE',  #10821 ) ;
#6540 = DIRECTION ( 'NONE',  ( -0.0000000000000000000, -0.0000000000000000000, 1.000000000000000000 ) ) ;
#6541 = ORIENTED_EDGE ( 'NONE', *, *, #1497, .T. ) ;
#6542 = EDGE_CURVE ( 'NONE', #8040, #8448, #203, .T. ) ;
#6543 = CARTESIAN_POINT ( 'NONE',  ( 1.770000000000000000, 0.02500000000000000100, -0.4749999999999999800 ) ) ;
#6544 = CARTESIAN_POINT ( 'NONE',  ( -4.214999999999999900, -3.424999999999999800, -1.599999999999999900 ) ) ;
#6545 = ORIENTED_EDGE ( 'NONE', *, *, #2956, .T. ) ;
#6546 = ADVANCED_FACE ( 'NONE', ( #4094 ), #12101, .T. ) ;
#6547 = DIRECTION ( 'NONE',  ( -1.000000000000000000, 0.0000000000000000000, -0.0000000000000000000 ) ) ;
#6548 = ORIENTED_EDGE ( 'NONE', *, *, #8185, .F. ) ;
#6549 = CARTESIAN_POINT ( 'NONE',  ( 2.035000000000000100, -4.224999999999999600, -1.600000000000000100 ) ) ;
#6551 = DIRECTION ( 'NONE',  ( 0.0000000000000000000, -1.000000000000000000, -0.0000000000000000000 ) ) ;
#6550 = VECTOR ( 'NONE', #6261, 1000.000000000000000 ) ;
#6552 = DIRECTION ( 'NONE',  ( 0.0000000000000000000, 0.7071067811865473500, 0.7071067811865477900 ) ) ;
#6553 = VERTEX_POINT ( 'NONE', #6275 ) ;
#6554 = CARTESIAN_POINT ( 'NONE',  ( -4.534999999999999300, -1.975000000000000100, -0.8499999999999999800 ) ) ;
#6555 = CARTESIAN_POINT ( 'NONE',  ( -1.715000000000000100, -4.224999999999999600, -1.300000000000000300 ) ) ;
#6556 = DIRECTION ( 'NONE',  ( 0.0000000000000000000, 0.9438583563660173400, 0.3303504247281061100 ) ) ;
#6557 = CARTESIAN_POINT ( 'NONE',  ( -5.099999999999999600, -0.3750000000000001100, 1.200000000000000200 ) ) ;
#6558 = ORIENTED_EDGE ( 'NONE', *, *, #823, .T. ) ;
#6559 = ORIENTED_EDGE ( 'NONE', *, *, #5678, .F. ) ;
#6560 = LINE ( 'NONE', #6816, #366 ) ;
#6561 = CARTESIAN_POINT ( 'NONE',  ( 5.875000000000000000, -2.225000000000000100, -1.800000000000000300 ) ) ;
#6562 = LINE ( 'NONE', #10553, #4706 ) ;
#6563 = EDGE_CURVE ( 'NONE', #12000, #12815, #12280, .T. ) ;
#6564 = CARTESIAN_POINT ( 'NONE',  ( -0.7850000000000000300, -3.624999999999999600, -1.800000000000000300 ) ) ;
#6565 = CARTESIAN_POINT ( 'NONE',  ( 4.535000000000000100, -3.125000000000000000, -0.9250000000000000400 ) ) ;
#6566 = ORIENTED_EDGE ( 'NONE', *, *, #9838, .F. ) ;
#6567 = FACE_OUTER_BOUND ( 'NONE', #2504, .T. ) ;
#6568 = DIRECTION ( 'NONE',  ( -1.000000000000000000, 0.0000000000000000000, -0.0000000000000000000 ) ) ;
#6569 = ORIENTED_EDGE ( 'NONE', *, *, #7527, .F. ) ;
#6570 = VECTOR ( 'NONE', #7980, 1000.000000000000000 ) ;
#6571 = ORIENTED_EDGE ( 'NONE', *, *, #11688, .T. ) ;
#6572 = LINE ( 'NONE', #12634, #840 ) ;
#6573 = EDGE_CURVE ( 'NONE', #3215, #7699, #2224, .T. ) ;
#6574 = DIRECTION ( 'NONE',  ( 0.0000000000000000000, 0.0000000000000000000, 1.000000000000000000 ) ) ;
#6575 = AXIS2_PLACEMENT_3D ( 'NONE', #564, #10499, #7476 ) ;
#6576 = ADVANCED_FACE ( 'NONE', ( #7013 ), #6237, .F. ) ;
#6577 = DIRECTION ( 'NONE',  ( -1.000000000000000000, -0.0000000000000000000, -0.0000000000000000000 ) ) ;
#6578 = PLANE ( 'NONE',  #1315 ) ;
#6579 = CARTESIAN_POINT ( 'NONE',  ( 5.299999999999999800, -3.125000000000000000, -1.300000000000000300 ) ) ;
#6580 = EDGE_LOOP ( 'NONE', ( #9448, #2197, #11571, #193 ) ) ;
#6581 = DIRECTION ( 'NONE',  ( -0.0000000000000000000, -0.0000000000000000000, -1.000000000000000000 ) ) ;
#6582 = CARTESIAN_POINT ( 'NONE',  ( 4.535000000000000100, -0.2250000000000000100, -0.1000000000000000100 ) ) ;
#6583 = LINE ( 'NONE', #3518, #10729 ) ;
#6584 = CARTESIAN_POINT ( 'NONE',  ( -5.174999999999999800, -2.224999999999999600, -1.600000000000000100 ) ) ;
#6585 = VECTOR ( 'NONE', #5635, 1000.000000000000000 ) ;
#6586 = ORIENTED_EDGE ( 'NONE', *, *, #6757, .F. ) ;
#6587 = CARTESIAN_POINT ( 'NONE',  ( 2.035000000000001000, -3.125000000000000000, -0.8499999999999999800 ) ) ;
#6588 = EDGE_LOOP ( 'NONE', ( #9475, #9105, #3411, #2192 ) ) ;
#6589 = CARTESIAN_POINT ( 'NONE',  ( -6.870000000000000100, -2.024999999999999900, -0.2700000000000000700 ) ) ;
#6590 = CARTESIAN_POINT ( 'NONE',  ( -5.174999999999999800, 0.9749999999999999800, -1.600000000000000100 ) ) ;
#6591 = ADVANCED_FACE ( 'NONE', ( #12432 ), #12195, .T. ) ;
#6592 = PLANE ( 'NONE',  #4586 ) ;
#6593 = EDGE_CURVE ( 'NONE', #4462, #11609, #9779, .T. ) ;
#6594 = LINE ( 'NONE', #11324, #6273 ) ;
#6595 = CARTESIAN_POINT ( 'NONE',  ( 0.0000000000000000000, -2.625000000000000000, 1.600000000000000100 ) ) ;
#6596 = VECTOR ( 'NONE', #4814, 1000.000000000000000 ) ;
#6597 = DIRECTION ( 'NONE',  ( -0.5773502691896256200, 0.5773502691896268400, -0.5773502691896248400 ) ) ;
#6598 = DIRECTION ( 'NONE',  ( -0.0000000000000000000, -1.000000000000000000, 0.0000000000000000000 ) ) ;
#6599 = VECTOR ( 'NONE', #9848, 1000.000000000000000 ) ;
#6600 = EDGE_LOOP ( 'NONE', ( #6982, #4373, #626, #4720 ) ) ;
#6601 = EDGE_CURVE ( 'NONE', #8369, #3044, #1135, .T. ) ;
#6602 = VERTEX_POINT ( 'NONE', #10112 ) ;
#6603 = LINE ( 'NONE', #3357, #10462 ) ;
#6604 = AXIS2_PLACEMENT_3D ( 'NONE', #7766, #8800, #7887 ) ;
#6605 = LINE ( 'NONE', #5696, #12324 ) ;
#6606 = ADVANCED_FACE ( 'NONE', ( #9008 ), #4122, .T. ) ;
#6607 = CARTESIAN_POINT ( 'NONE',  ( 0.7849999999999992500, -0.2250000000000001700, -0.8500000000000000900 ) ) ;
#6608 = FACE_OUTER_BOUND ( 'NONE', #801, .T. ) ;
#6609 = EDGE_CURVE ( 'NONE', #2240, #2158, #2068, .T. ) ;
#6610 = ORIENTED_EDGE ( 'NONE', *, *, #3777, .T. ) ;
#6611 = LINE ( 'NONE', #6377, #11874 ) ;
#6612 = ORIENTED_EDGE ( 'NONE', *, *, #2526, .F. ) ;
#6613 = ORIENTED_EDGE ( 'NONE', *, *, #10609, .T. ) ;
#6614 = CARTESIAN_POINT ( 'NONE',  ( 5.875000000000000000, 0.2750000000000000200, -1.800000000000000300 ) ) ;
#6615 = CARTESIAN_POINT ( 'NONE',  ( 5.275000000000000400, -0.1749999999999999900, 1.600000000000000100 ) ) ;
#6616 = EDGE_CURVE ( 'NONE', #7569, #3032, #4855, .T. ) ;
#6617 = FACE_OUTER_BOUND ( 'NONE', #6322, .T. ) ;
#6618 = DIRECTION ( 'NONE',  ( 0.0000000000000000000, -1.000000000000000000, -0.0000000000000000000 ) ) ;
#6619 = AXIS2_PLACEMENT_3D ( 'NONE', #35, #4927, #1024 ) ;
#6620 = FACE_OUTER_BOUND ( 'NONE', #9239, .T. ) ;
#6621 = DIRECTION ( 'NONE',  ( 0.0000000000000000000, 0.0000000000000000000, 1.000000000000000000 ) ) ;
#6622 = VECTOR ( 'NONE', #11786, 1000.000000000000000 ) ;
#6623 = ORIENTED_EDGE ( 'NONE', *, *, #3792, .F. ) ;
#6624 = ORIENTED_EDGE ( 'NONE', *, *, #8359, .F. ) ;
#6625 = ORIENTED_EDGE ( 'NONE', *, *, #2226, .T. ) ;
#6626 = DIRECTION ( 'NONE',  ( 1.000000000000000000, 0.0000000000000000000, 0.0000000000000000000 ) ) ;
#6627 = DIRECTION ( 'NONE',  ( -0.9766444667050946400, 0.2148617826750988400, 0.0000000000000000000 ) ) ;
#6628 = DIRECTION ( 'NONE',  ( 0.0000000000000000000, -1.000000000000000000, 0.0000000000000000000 ) ) ;
#6629 = EDGE_CURVE ( 'NONE', #4450, #10404, #7938, .T. ) ;
#6630 = CARTESIAN_POINT ( 'NONE',  ( -4.535000000000001000, -3.125000000000000000, -0.4249999999999998800 ) ) ;
#6631 = VECTOR ( 'NONE', #5639, 1000.000000000000000 ) ;
#6632 = VECTOR ( 'NONE', #7319, 1000.000000000000000 ) ;
#6633 = LINE ( 'NONE', #7546, #3241 ) ;
#6634 = DIRECTION ( 'NONE',  ( -0.7071067811865475700, 0.0000000000000000000, 0.7071067811865475700 ) ) ;
#6635 = VERTEX_POINT ( 'NONE', #9070 ) ;
#6636 = ORIENTED_EDGE ( 'NONE', *, *, #10579, .F. ) ;
#6637 = CARTESIAN_POINT ( 'NONE',  ( 3.285000000000001500, -3.125000000000000000, -0.8499999999999999800 ) ) ;
#6638 = VERTEX_POINT ( 'NONE', #7091 ) ;
#6639 = CARTESIAN_POINT ( 'NONE',  ( 4.125000000000000000, -3.225000000000000100, 1.600000000000000100 ) ) ;
#6640 = PLANE ( 'NONE',  #4219 ) ;
#6641 = EDGE_LOOP ( 'NONE', ( #2728, #5428, #8842, #10228 ) ) ;
#6642 = LINE ( 'NONE', #8730, #6325 ) ;
#6643 = DIRECTION ( 'NONE',  ( -0.0000000000000000000, -0.0000000000000000000, -1.000000000000000000 ) ) ;
#6644 = CIRCLE ( 'NONE', #8240, 0.1499999999999999700 ) ;
#6645 = LINE ( 'NONE', #10023, #3419 ) ;
#6646 = CARTESIAN_POINT ( 'NONE',  ( 6.339999999999999900, -1.075000000000000000, -1.299999999999999800 ) ) ;
#6647 = ORIENTED_EDGE ( 'NONE', *, *, #10771, .F. ) ;
#6648 = ORIENTED_EDGE ( 'NONE', *, *, #1183, .F. ) ;
#6649 = EDGE_LOOP ( 'NONE', ( #5415, #8786, #4510, #6198 ) ) ;
#6650 = EDGE_CURVE ( 'NONE', #6356, #5569, #10578, .T. ) ;
#6651 = DIRECTION ( 'NONE',  ( -1.000000000000000000, 0.0000000000000000000, -0.0000000000000000000 ) ) ;
#6652 = ORIENTED_EDGE ( 'NONE', *, *, #2447, .T. ) ;
#6653 = AXIS2_PLACEMENT_3D ( 'NONE', #3122, #9111, #6189 ) ;
#6654 = ADVANCED_FACE ( 'NONE', ( #6412 ), #219, .T. ) ;
#6655 = CARTESIAN_POINT ( 'NONE',  ( -4.214999999999999900, -1.975000000000000100, -0.8499999999999999800 ) ) ;
#6656 = DIRECTION ( 'NONE',  ( -0.2148617826750988400, 0.9766444667050946400, 0.0000000000000000000 ) ) ;
#6657 = VERTEX_POINT ( 'NONE', #11116 ) ;
#6658 = ORIENTED_EDGE ( 'NONE', *, *, #2755, .F. ) ;
#6659 = EDGE_LOOP ( 'NONE', ( #8547, #5841, #2936, #11425, #7724, #9721 ) ) ;
#6660 = CARTESIAN_POINT ( 'NONE',  ( -2.034999999999998800, -3.125000000000000000, -0.8499999999999999800 ) ) ;
#6661 = LINE ( 'NONE', #11505, #2495 ) ;
#6662 = VERTEX_POINT ( 'NONE', #11245 ) ;
#6663 = CARTESIAN_POINT ( 'NONE',  ( -6.550000000000000700, -2.225000000000000100, -1.550000000000000300 ) ) ;
#6664 = AXIS2_PLACEMENT_3D ( 'NONE', #10834, #4920, #5910 ) ;
#6665 = ORIENTED_EDGE ( 'NONE', *, *, #4718, .F. ) ;
#6666 = DIRECTION ( 'NONE',  ( -0.0000000000000000000, 0.0000000000000000000, -1.000000000000000000 ) ) ;
#6667 = DIRECTION ( 'NONE',  ( 1.000000000000000000, 0.0000000000000000000, 0.0000000000000000000 ) ) ;
#6668 = PLANE ( 'NONE',  #4375 ) ;
#6670 = EDGE_CURVE ( 'NONE', #5922, #6696, #6720, .T. ) ;
#6669 = ORIENTED_EDGE ( 'NONE', *, *, #392, .T. ) ;
#6671 = ADVANCED_FACE ( 'NONE', ( #2707 ), #8315, .T. ) ;
#6672 = CARTESIAN_POINT ( 'NONE',  ( 2.965000000000005200, -0.2250000000000012500, -0.09999999999999977000 ) ) ;
#6673 = ORIENTED_EDGE ( 'NONE', *, *, #1630, .T. ) ;
#6674 = ORIENTED_EDGE ( 'NONE', *, *, #9931, .F. ) ;
#6675 = FACE_OUTER_BOUND ( 'NONE', #4811, .T. ) ;
#6676 = VECTOR ( 'NONE', #6139, 1000.000000000000000 ) ;
#6677 = EDGE_CURVE ( 'NONE', #9674, #9884, #2691, .T. ) ;
#6678 = ORIENTED_EDGE ( 'NONE', *, *, #10348, .F. ) ;
#6679 = CARTESIAN_POINT ( 'NONE',  ( 4.535000000000000100, -3.924999999999999800, -0.5749999999999999600 ) ) ;
#6680 = CARTESIAN_POINT ( 'NONE',  ( 3.285000000000000100, -3.625000000000000000, -1.800000000000000300 ) ) ;
#6681 = DIRECTION ( 'NONE',  ( -0.5773502691896224000, -0.5773502691896274000, -0.5773502691896274000 ) ) ;
#6682 = CARTESIAN_POINT ( 'NONE',  ( -5.875000000000000000, -3.225000000000000100, -1.300000000000000300 ) ) ;
#6683 = ORIENTED_EDGE ( 'NONE', *, *, #2880, .T. ) ;
#6684 = CARTESIAN_POINT ( 'NONE',  ( 2.964999999999999900, -3.924999999999999800, -0.5749999999999999600 ) ) ;
#6685 = PRESENTATION_LAYER_ASSIGNMENT (  '', '', ( #4931 ) ) ;
#6686 = ORIENTED_EDGE ( 'NONE', *, *, #3223, .F. ) ;
#6687 = ORIENTED_EDGE ( 'NONE', *, *, #12146, .F. ) ;
#6688 = LINE ( 'NONE', #9253, #12247 ) ;
#6689 = VECTOR ( 'NONE', #9513, 1000.000000000000000 ) ;
#6690 = EDGE_CURVE ( 'NONE', #5275, #839, #7928, .T. ) ;
#6691 = ORIENTED_EDGE ( 'NONE', *, *, #11342, .F. ) ;
#6692 = EDGE_LOOP ( 'NONE', ( #4168, #6032, #6338, #566 ) ) ;
#6693 = EDGE_CURVE ( 'NONE', #3902, #4649, #368, .T. ) ;
#6694 = AXIS2_PLACEMENT_3D ( 'NONE', #12115, #2144, #5121 ) ;
#6695 = CARTESIAN_POINT ( 'NONE',  ( 0.7850000000000000300, -4.224999999999999600, -1.600000000000000100 ) ) ;
#6696 = VERTEX_POINT ( 'NONE', #5410 ) ;
#6697 = LINE ( 'NONE', #11441, #6387 ) ;
#6698 = LINE ( 'NONE', #3140, #4067 ) ;
#6699 = VERTEX_POINT ( 'NONE', #3456 ) ;
#6700 = DIRECTION ( 'NONE',  ( -1.000000000000000000, 0.0000000000000000000, 0.0000000000000000000 ) ) ;
#6701 = DIRECTION ( 'NONE',  ( 0.0000000000000000000, -0.0000000000000000000, -1.000000000000000000 ) ) ;
#6702 = ORIENTED_EDGE ( 'NONE', *, *, #661, .F. ) ;
#6703 = DIRECTION ( 'NONE',  ( -0.7071067811865475700, 0.7071067811865475700, 0.0000000000000000000 ) ) ;
#6704 = EDGE_CURVE ( 'NONE', #2667, #9759, #1121, .T. ) ;
#6705 = EDGE_LOOP ( 'NONE', ( #6812, #9964, #8838, #7727 ) ) ;
#6706 = LINE ( 'NONE', #188, #9476 ) ;
#6707 = VECTOR ( 'NONE', #7449, 1000.000000000000000 ) ;
#6708 = CARTESIAN_POINT ( 'NONE',  ( 0.0000000000000000000, -3.225000000000000100, 1.600000000000000100 ) ) ;
#6709 = CARTESIAN_POINT ( 'NONE',  ( 2.034999999999994800, -0.2250000000000012500, -0.8500000000000002000 ) ) ;
#6710 = VERTEX_POINT ( 'NONE', #2479 ) ;
#6711 = CARTESIAN_POINT ( 'NONE',  ( -2.964999999999999900, -3.425000000000000300, -1.125000000000000200 ) ) ;
#6712 = VERTEX_POINT ( 'NONE', #3500 ) ;
#6713 = VECTOR ( 'NONE', #6783, 1000.000000000000100 ) ;
#6714 = ADVANCED_FACE ( 'NONE', ( #4079 ), #12281, .F. ) ;
#6715 = DIRECTION ( 'NONE',  ( 0.0000000000000000000, 0.0000000000000000000, 1.000000000000000000 ) ) ;
#6716 = PLANE ( 'NONE',  #9133 ) ;
#6717 = ORIENTED_EDGE ( 'NONE', *, *, #7898, .F. ) ;
#6718 = CIRCLE ( 'NONE', #10724, 0.1000000000000000500 ) ;
#6719 = CARTESIAN_POINT ( 'NONE',  ( -2.964999999999999900, -3.125000000000000000, -0.8499999999999999800 ) ) ;
#6720 = LINE ( 'NONE', #5457, #3803 ) ;
#6721 = CARTESIAN_POINT ( 'NONE',  ( 1.715000000000000100, -4.224999999999999600, -1.600000000000000100 ) ) ;
#6722 = CARTESIAN_POINT ( 'NONE',  ( 2.035000000000001000, -3.125000000000000000, -0.1000000000000000100 ) ) ;
#6723 = DIRECTION ( 'NONE',  ( -1.000000000000000000, -0.0000000000000000000, 0.0000000000000000000 ) ) ;
#6724 = EDGE_CURVE ( 'NONE', #4180, #7417, #8997, .T. ) ;
#6725 = ORIENTED_EDGE ( 'NONE', *, *, #11047, .F. ) ;
#6726 = DIRECTION ( 'NONE',  ( 0.0000000000000000000, 0.0000000000000000000, -1.000000000000000000 ) ) ;
#6727 = ORIENTED_EDGE ( 'NONE', *, *, #11624, .F. ) ;
#6728 = LINE ( 'NONE', #12446, #4570 ) ;
#6729 = EDGE_CURVE ( 'NONE', #12056, #6308, #11347, .T. ) ;
#6730 = VECTOR ( 'NONE', #11914, 1000.000000000000000 ) ;
#6731 = DIRECTION ( 'NONE',  ( -0.9766444667050946400, 0.2148617826750988400, 0.0000000000000000000 ) ) ;
#6732 = ORIENTED_EDGE ( 'NONE', *, *, #12472, .T. ) ;
#6733 = LINE ( 'NONE', #12426, #6101 ) ;
#6734 = CARTESIAN_POINT ( 'NONE',  ( 4.625000000000000000, -2.625000000000000000, 1.100000000000000100 ) ) ;
#6735 = AXIS2_PLACEMENT_3D ( 'NONE', #12538, #620, #11546 ) ;
#6736 = CARTESIAN_POINT ( 'NONE',  ( 4.480000000000000400, 0.02500000000000000100, -0.4749999999999999800 ) ) ;
#6737 = LINE ( 'NONE', #1336, #6433 ) ;
#6738 = EDGE_LOOP ( 'NONE', ( #1337, #10064, #4391, #12662 ) ) ;
#6739 = LINE ( 'NONE', #12461, #9519 ) ;
#6740 = EDGE_CURVE ( 'NONE', #5897, #6463, #9327, .T. ) ;
#6741 = VECTOR ( 'NONE', #6456, 1000.000000000000000 ) ;
#6742 = DIRECTION ( 'NONE',  ( 0.0000000000000000000, -0.0000000000000000000, -1.000000000000000000 ) ) ;
#6743 = VERTEX_POINT ( 'NONE', #1444 ) ;
#6744 = AXIS2_PLACEMENT_3D ( 'NONE', #2514, #4512, #8527 ) ;
#6745 = EDGE_CURVE ( 'NONE', #9443, #12807, #6077, .T. ) ;
#6746 = CARTESIAN_POINT ( 'NONE',  ( 0.7850000000000000300, -3.225000000000000100, -1.125000000000000200 ) ) ;
#6747 = LINE ( 'NONE', #10477, #3826 ) ;
#6748 = VECTOR ( 'NONE', #410, 1000.000000000000000 ) ;
#6749 = DIRECTION ( 'NONE',  ( 0.0000000000000000000, -0.0000000000000000000, -1.000000000000000000 ) ) ;
#6750 = VECTOR ( 'NONE', #7085, 1000.000000000000100 ) ;
#6751 = ORIENTED_EDGE ( 'NONE', *, *, #5119, .T. ) ;
#6752 = AXIS2_PLACEMENT_3D ( 'NONE', #4537, #6847, #6556 ) ;
#6753 = VERTEX_POINT ( 'NONE', #12322 ) ;
#6754 = DIRECTION ( 'NONE',  ( -1.000000000000000000, 0.0000000000000000000, -0.0000000000000000000 ) ) ;
#6755 = ORIENTED_EDGE ( 'NONE', *, *, #6458, .T. ) ;
#6756 = DIRECTION ( 'NONE',  ( 1.000000000000000000, 0.0000000000000000000, -0.0000000000000000000 ) ) ;
#6757 = EDGE_CURVE ( 'NONE', #8386, #1278, #9488, .T. ) ;
#6758 = DIRECTION ( 'NONE',  ( -0.0000000000000000000, -0.0000000000000000000, 1.000000000000000000 ) ) ;
#6759 = CARTESIAN_POINT ( 'NONE',  ( 5.174999999999999800, 0.9749999999999999800, -1.600000000000000100 ) ) ;
#6760 = EDGE_CURVE ( 'NONE', #8953, #1632, #8852, .T. ) ;
#6761 = DIRECTION ( 'NONE',  ( 0.0000000000000000000, 1.000000000000000000, 0.0000000000000000000 ) ) ;
#6762 = VECTOR ( 'NONE', #2553, 1000.000000000000000 ) ;
#6763 = LINE ( 'NONE', #12048, #2436 ) ;
#6764 = LINE ( 'NONE', #7190, #4142 ) ;
#6765 = ORIENTED_EDGE ( 'NONE', *, *, #4367, .F. ) ;
#6766 = ORIENTED_EDGE ( 'NONE', *, *, #10948, .F. ) ;
#6767 = CARTESIAN_POINT ( 'NONE',  ( 5.375000000000000000, -3.125000000000000000, -0.9085106253624000100 ) ) ;
#6768 = ORIENTED_EDGE ( 'NONE', *, *, #12078, .F. ) ;
#6769 = CARTESIAN_POINT ( 'NONE',  ( 5.299999999999999800, -3.125000000000000000, -0.9978723526001001000 ) ) ;
#6770 = AXIS2_PLACEMENT_3D ( 'NONE', #11014, #3114, #5092 ) ;
#6771 = VECTOR ( 'NONE', #8589, 1000.000000000000000 ) ;
#6772 = EDGE_CURVE ( 'NONE', #3626, #10333, #12111, .T. ) ;
#6773 = LINE ( 'NONE', #12589, #5993 ) ;
#6774 = CARTESIAN_POINT ( 'NONE',  ( 0.7849999999999992500, -3.125000000000000000, -1.300000000000000300 ) ) ;
#6775 = ADVANCED_FACE ( 'NONE', ( #3000 ), #9340, .T. ) ;
#6776 = LINE ( 'NONE', #8113, #4152 ) ;
#6777 = ORIENTED_EDGE ( 'NONE', *, *, #11594, .F. ) ;
#6778 = ORIENTED_EDGE ( 'NONE', *, *, #11906, .F. ) ;
#6779 = ORIENTED_EDGE ( 'NONE', *, *, #7823, .F. ) ;
#6780 = EDGE_CURVE ( 'NONE', #12056, #9722, #5631, .T. ) ;
#6781 = VECTOR ( 'NONE', #10431, 1000.000000000000000 ) ;
#6782 = LINE ( 'NONE', #12079, #9246 ) ;
#6783 = DIRECTION ( 'NONE',  ( 0.7071067811865474600, -0.7071067811865474600, -0.0000000000000000000 ) ) ;
#6784 = LINE ( 'NONE', #6060, #6166 ) ;
#6785 = LINE ( 'NONE', #6646, #3864 ) ;
#6786 = CARTESIAN_POINT ( 'NONE',  ( 1.715000000000005400, -0.2250000000000012000, -0.09999999999999977000 ) ) ;
#6787 = DIRECTION ( 'NONE',  ( 0.0000000000000000000, 0.0000000000000000000, -1.000000000000000000 ) ) ;
#6788 = PLANE ( 'NONE',  #4551 ) ;
#6789 = ORIENTED_EDGE ( 'NONE', *, *, #5375, .T. ) ;
#6790 = ORIENTED_EDGE ( 'NONE', *, *, #2755, .T. ) ;
#6791 = EDGE_CURVE ( 'NONE', #9006, #8599, #4998, .T. ) ;
#6792 = CARTESIAN_POINT ( 'NONE',  ( 7.575000000000001100, -2.025000000000000400, -1.800000000000000300 ) ) ;
#6793 = ORIENTED_EDGE ( 'NONE', *, *, #6791, .F. ) ;
#6794 = LINE ( 'NONE', #502, #3870 ) ;
#6795 = VECTOR ( 'NONE', #12135, 1000.000000000000000 ) ;
#6796 = DIRECTION ( 'NONE',  ( -1.000000000000000000, 0.0000000000000000000, 0.0000000000000000000 ) ) ;
#6797 = LINE ( 'NONE', #2194, #7563 ) ;
#6798 = DIRECTION ( 'NONE',  ( -1.000000000000000000, 0.0000000000000000000, -0.0000000000000000000 ) ) ;
#6799 = DIRECTION ( 'NONE',  ( 0.0000000000000000000, 0.0000000000000000000, 1.000000000000000000 ) ) ;
#6800 = DIRECTION ( 'NONE',  ( 0.0000000000000000000, 0.0000000000000000000, -1.000000000000000000 ) ) ;
#6801 = ORIENTED_EDGE ( 'NONE', *, *, #2376, .T. ) ;
#6802 = ORIENTED_EDGE ( 'NONE', *, *, #11487, .T. ) ;
#6803 = EDGE_LOOP ( 'NONE', ( #2165, #5768, #1635, #8565 ) ) ;
#6804 = VERTEX_POINT ( 'NONE', #3752 ) ;
#6805 = DIRECTION ( 'NONE',  ( 0.0000000000000000000, 0.7071067811865474600, 0.7071067811865474600 ) ) ;
#6806 = ORIENTED_EDGE ( 'NONE', *, *, #5437, .F. ) ;
#6807 = ORIENTED_EDGE ( 'NONE', *, *, #5678, .T. ) ;
#6808 = CARTESIAN_POINT ( 'NONE',  ( 5.875000000000000000, 0.2750000000000000200, -1.800000000000000300 ) ) ;
#6810 = EDGE_CURVE ( 'NONE', #8392, #7344, #5318, .T. ) ;
#6809 = VERTEX_POINT ( 'NONE', #4722 ) ;
#6811 = VERTEX_POINT ( 'NONE', #621 ) ;
#6812 = ORIENTED_EDGE ( 'NONE', *, *, #4565, .F. ) ;
#6813 = LINE ( 'NONE', #5140, #2800 ) ;
#6814 = LINE ( 'NONE', #9321, #8027 ) ;
#6815 = AXIS2_PLACEMENT_3D ( 'NONE', #1860, #9796, #5885 ) ;
#6816 = CARTESIAN_POINT ( 'NONE',  ( 1.715000000000002100, -3.125000000000000000, -0.8499999999999999800 ) ) ;
#6817 = EDGE_LOOP ( 'NONE', ( #6489, #11126, #111, #7117 ) ) ;
#6818 = ORIENTED_EDGE ( 'NONE', *, *, #11891, .F. ) ;
#6819 = EDGE_LOOP ( 'NONE', ( #9257, #10434, #5711, #12091 ) ) ;
#6820 = EDGE_LOOP ( 'NONE', ( #4509, #1246, #10732, #8956 ) ) ;
#6821 = ORIENTED_EDGE ( 'NONE', *, *, #10193, .T. ) ;
#6822 = LINE ( 'NONE', #11705, #6525 ) ;
#6823 = DIRECTION ( 'NONE',  ( 0.0000000000000000000, 1.000000000000000000, 0.0000000000000000000 ) ) ;
#6824 = VECTOR ( 'NONE', #1621, 1000.000000000000000 ) ;
#6825 = AXIS2_PLACEMENT_3D ( 'NONE', #6746, #851, #7849 ) ;
#6826 = CARTESIAN_POINT ( 'NONE',  ( 4.535000000000000100, -3.625000000000000000, -1.800000000000000300 ) ) ;
#6827 = VERTEX_POINT ( 'NONE', #11548 ) ;
#6828 = CARTESIAN_POINT ( 'NONE',  ( -0.3750000000000001100, -3.225000000000000100, 1.600000000000000100 ) ) ;
#6829 = CARTESIAN_POINT ( 'NONE',  ( 4.625000000000000000, -2.625000000000000000, 1.600000000000000100 ) ) ;
#6830 = VERTEX_POINT ( 'NONE', #12541 ) ;
#6831 = EDGE_CURVE ( 'NONE', #11112, #5244, #6562, .T. ) ;
#6832 = DIRECTION ( 'NONE',  ( -1.000000000000000000, 0.0000000000000000000, 0.0000000000000000000 ) ) ;
#6833 = DIRECTION ( 'NONE',  ( 1.000000000000000000, 0.0000000000000000000, 0.0000000000000000000 ) ) ;
#6834 = EDGE_CURVE ( 'NONE', #10454, #10002, #3484, .T. ) ;
#6835 = VERTEX_POINT ( 'NONE', #7689 ) ;
#6836 = ORIENTED_EDGE ( 'NONE', *, *, #9551, .F. ) ;
#6837 = LINE ( 'NONE', #12006, #5609 ) ;
#6838 = FACE_OUTER_BOUND ( 'NONE', #1988, .T. ) ;
#6839 = ADVANCED_FACE ( 'NONE', ( #11194 ), #11634, .T. ) ;
#6840 = CARTESIAN_POINT ( 'NONE',  ( -6.349999999999999600, -2.225000000000000100, -1.350000000000000100 ) ) ;
#6841 = EDGE_LOOP ( 'NONE', ( #7125, #10042, #2488, #10859 ) ) ;
#6842 = CARTESIAN_POINT ( 'NONE',  ( -5.875000000000000000, -3.224999999999999600, -1.800000000000000300 ) ) ;
#6843 = DIRECTION ( 'NONE',  ( -0.0000000000000000000, 0.0000000000000000000, 1.000000000000000000 ) ) ;
#6844 = ORIENTED_EDGE ( 'NONE', *, *, #6431, .F. ) ;
#6845 = DIRECTION ( 'NONE',  ( 0.0000000000000000000, -1.000000000000000000, 0.0000000000000000000 ) ) ;
#6846 = EDGE_CURVE ( 'NONE', #1796, #7154, #11024, .T. ) ;
#6847 = DIRECTION ( 'NONE',  ( 0.0000000000000000000, 0.3303504247281061600, -0.9438583563660174500 ) ) ;
#6848 = ORIENTED_EDGE ( 'NONE', *, *, #12488, .F. ) ;
#6849 = VECTOR ( 'NONE', #327, 1000.000000000000000 ) ;
#6850 = CARTESIAN_POINT ( 'NONE',  ( 2.125000000000000000, -3.225000000000000100, 1.100000000000000100 ) ) ;
#6851 = VECTOR ( 'NONE', #4761, 1000.000000000000000 ) ;
#6852 = VERTEX_POINT ( 'NONE', #5665 ) ;
#6853 = CARTESIAN_POINT ( 'NONE',  ( -1.714999999999999400, -3.125000000000000000, -1.300000000000000300 ) ) ;
#6854 = EDGE_CURVE ( 'NONE', #5244, #10985, #5771, .T. ) ;
#6855 = DIRECTION ( 'NONE',  ( 0.0000000000000000000, 0.0000000000000000000, -1.000000000000000000 ) ) ;
#6856 = ORIENTED_EDGE ( 'NONE', *, *, #2196, .T. ) ;
#6857 = ORIENTED_EDGE ( 'NONE', *, *, #9764, .T. ) ;
#6858 = DIRECTION ( 'NONE',  ( -1.000000000000000000, 0.0000000000000000000, -0.0000000000000000000 ) ) ;
#6859 = VECTOR ( 'NONE', #4869, 1000.000000000000000 ) ;
#6860 = VECTOR ( 'NONE', #11295, 1000.000000000000000 ) ;
#6861 = EDGE_CURVE ( 'NONE', #7872, #4689, #4245, .T. ) ;
#6862 = CARTESIAN_POINT ( 'NONE',  ( 6.349999999999998800, -0.02499999999999977600, -0.7600000000000002300 ) ) ;
#6863 = ORIENTED_EDGE ( 'NONE', *, *, #9770, .F. ) ;
#6864 = CARTESIAN_POINT ( 'NONE',  ( 0.4650000000000001400, -3.125000000000000000, -1.300000000000000300 ) ) ;
#6865 = ORIENTED_EDGE ( 'NONE', *, *, #6300, .F. ) ;
#6866 = DIRECTION ( 'NONE',  ( 0.0000000000000000000, 0.0000000000000000000, 1.000000000000000000 ) ) ;
#6867 = VECTOR ( 'NONE', #5663, 1000.000000000000000 ) ;
#6868 = DIRECTION ( 'NONE',  ( -0.0000000000000000000, -1.000000000000000000, -0.0000000000000000000 ) ) ;
#6869 = ORIENTED_EDGE ( 'NONE', *, *, #9570, .F. ) ;
#6870 = LINE ( 'NONE', #4628, #1133 ) ;
#6871 = ORIENTED_EDGE ( 'NONE', *, *, #7677, .F. ) ;
#6872 = VECTOR ( 'NONE', #2496, 1000.000000000000000 ) ;
#6873 = CARTESIAN_POINT ( 'NONE',  ( -4.214999999999999900, -4.224999999999999600, -1.600000000000000100 ) ) ;
#6874 = DIRECTION ( 'NONE',  ( 0.0000000000000000000, 0.0000000000000000000, -1.000000000000000000 ) ) ;
#6875 = DIRECTION ( 'NONE',  ( 1.000000000000000000, 0.0000000000000000000, 0.0000000000000000000 ) ) ;
#6876 = VERTEX_POINT ( 'NONE', #11466 ) ;
#6877 = FACE_OUTER_BOUND ( 'NONE', #3693, .T. ) ;
#6878 = DIRECTION ( 'NONE',  ( 0.0000000000000000000, 1.000000000000000000, -0.0000000000000000000 ) ) ;
#6879 = LINE ( 'NONE', #9550, #4432 ) ;
#6880 = ORIENTED_EDGE ( 'NONE', *, *, #2634, .F. ) ;
#6881 = CARTESIAN_POINT ( 'NONE',  ( -5.875000000000000000, 0.5749999999999999600, 0.3999999999999999700 ) ) ;
#6882 = EDGE_CURVE ( 'NONE', #7321, #3215, #10264, .T. ) ;
#6883 = UNCERTAINTY_MEASURE_WITH_UNIT (LENGTH_MEASURE( 1.000000000000000100E-005 ), #7809, 'distance_accuracy_value', 'NONE');
#6884 = EDGE_CURVE ( 'NONE', #3921, #3786, #1907, .T. ) ;
#6885 = LINE ( 'NONE', #5353, #4108 ) ;
#6886 = LINE ( 'NONE', #1749, #1153 ) ;
#6887 = LINE ( 'NONE', #1169, #1644 ) ;
#6888 = ORIENTED_EDGE ( 'NONE', *, *, #8889, .T. ) ;
#6889 = ORIENTED_EDGE ( 'NONE', *, *, #10201, .T. ) ;
#6890 = AXIS2_PLACEMENT_3D ( 'NONE', #1124, #10108, #12144 ) ;
#6891 = ADVANCED_FACE ( 'NONE', ( #10572 ), #7647, .T. ) ;
#6892 = EDGE_CURVE ( 'NONE', #1363, #7545, #3941, .T. ) ;
#6893 = LINE ( 'NONE', #8440, #10146 ) ;
#6894 = CARTESIAN_POINT ( 'NONE',  ( -2.035000000000000100, -3.924999999999999800, 1.600000000000000100 ) ) ;
#6895 = AXIS2_PLACEMENT_3D ( 'NONE', #11064, #41, #78 ) ;
#6896 = VECTOR ( 'NONE', #2682, 1000.000000000000000 ) ;
#6897 = VECTOR ( 'NONE', #5057, 1000.000000000000000 ) ;
#6898 = PLANE ( 'NONE',  #6604 ) ;
#6899 = ORIENTED_EDGE ( 'NONE', *, *, #4039, .F. ) ;
#6900 = EDGE_CURVE ( 'NONE', #12017, #9674, #11655, .T. ) ;
#6901 = FACE_OUTER_BOUND ( 'NONE', #8754, .T. ) ;
#6902 = VERTEX_POINT ( 'NONE', #9506 ) ;
#6903 = ORIENTED_EDGE ( 'NONE', *, *, #11995, .T. ) ;
#6904 = DIRECTION ( 'NONE',  ( -1.000000000000000000, -0.0000000000000000000, -0.0000000000000000000 ) ) ;
#6905 = CARTESIAN_POINT ( 'NONE',  ( -0.4649999999999992500, -4.208005078473780400, -0.8499999999999999800 ) ) ;
#6906 = PLANE ( 'NONE',  #6945 ) ;
#6907 = VECTOR ( 'NONE', #10157, 1000.000000000000000 ) ;
#6908 = CIRCLE ( 'NONE', #5002, 0.2000000000000000900 ) ;
#6909 = FACE_OUTER_BOUND ( 'NONE', #1317, .T. ) ;
#6910 = CARTESIAN_POINT ( 'NONE',  ( -2.964999999999999900, -4.224999999999999600, 1.600000000000000100 ) ) ;
#6911 = LINE ( 'NONE', #3710, #10929 ) ;
#6912 = EDGE_LOOP ( 'NONE', ( #6623, #3083, #12043, #4803 ) ) ;
#6913 = DIRECTION ( 'NONE',  ( 0.0000000000000000000, 1.000000000000000000, 0.0000000000000000000 ) ) ;
#6914 = EDGE_CURVE ( 'NONE', #6743, #4204, #7631, .T. ) ;
#6915 = ORIENTED_EDGE ( 'NONE', *, *, #4703, .T. ) ;
#6916 = VERTEX_POINT ( 'NONE', #8576 ) ;
#6917 = DIRECTION ( 'NONE',  ( 0.0000000000000000000, -0.0000000000000000000, -1.000000000000000000 ) ) ;
#6918 = CARTESIAN_POINT ( 'NONE',  ( 6.375000000000000900, 0.5749999999999999600, 0.3999999999999999700 ) ) ;
#6919 = PLANE ( 'NONE',  #7680 ) ;
#6920 = CARTESIAN_POINT ( 'NONE',  ( 0.8750000000000000000, -2.625000000000000000, 1.100000000000000100 ) ) ;
#6921 = EDGE_CURVE ( 'NONE', #7757, #4460, #9930, .T. ) ;
#6922 = DIRECTION ( 'NONE',  ( 0.0000000000000000000, -0.0000000000000000000, 1.000000000000000000 ) ) ;
#6923 = CARTESIAN_POINT ( 'NONE',  ( -1.625000000000000200, -2.625000000000000000, 1.100000000000000100 ) ) ;
#6924 = LINE ( 'NONE', #4042, #5991 ) ;
#6925 = VECTOR ( 'NONE', #743, 999.9999999999998900 ) ;
#6926 = DIRECTION ( 'NONE',  ( 1.000000000000000000, 0.0000000000000000000, 0.0000000000000000000 ) ) ;
#6927 = FACE_BOUND ( 'NONE', #12355, .T. ) ;
#6928 = ORIENTED_EDGE ( 'NONE', *, *, #479, .T. ) ;
#6929 = ORIENTED_EDGE ( 'NONE', *, *, #10030, .T. ) ;
#6930 = CARTESIAN_POINT ( 'NONE',  ( -3.284999999999998800, -3.125000000000000000, -0.8499999999999999800 ) ) ;
#6931 = ORIENTED_EDGE ( 'NONE', *, *, #11549, .T. ) ;
#6932 = AXIS2_PLACEMENT_3D ( 'NONE', #2081, #10852, #7867 ) ;
#6933 = DIRECTION ( 'NONE',  ( -0.2148617826750988400, -0.9766444667050946400, 0.0000000000000000000 ) ) ;
#6934 = ORIENTED_EDGE ( 'NONE', *, *, #2674, .T. ) ;
#6935 = EDGE_CURVE ( 'NONE', #7401, #11609, #12269, .T. ) ;
#6936 = LINE ( 'NONE', #3506, #9858 ) ;
#6937 = CARTESIAN_POINT ( 'NONE',  ( -3.899999999999999900, 0.7749999999999999100, -1.200000000000000000 ) ) ;
#6938 = LINE ( 'NONE', #6044, #5563 ) ;
#6939 = FACE_OUTER_BOUND ( 'NONE', #12703, .T. ) ;
#6940 = EDGE_CURVE ( 'NONE', #4632, #10895, #2056, .T. ) ;
#6941 = EDGE_LOOP ( 'NONE', ( #9946, #10768, #10473, #8353, #3735, #3537 ) ) ;
#6942 = VERTEX_POINT ( 'NONE', #11595 ) ;
#6943 = ORIENTED_EDGE ( 'NONE', *, *, #12119, .F. ) ;
#6944 = CARTESIAN_POINT ( 'NONE',  ( 4.215000000000001600, -1.975000000000000100, -0.8499999999999999800 ) ) ;
#6945 = AXIS2_PLACEMENT_3D ( 'NONE', #2993, #10243, #244 ) ;
#6946 = ORIENTED_EDGE ( 'NONE', *, *, #12321, .F. ) ;
#6947 = CARTESIAN_POINT ( 'NONE',  ( 2.964999999999999900, -3.425000000000000300, -1.125000000000000200 ) ) ;
#6948 = PLANE ( 'NONE',  #10211 ) ;
#6949 = DIRECTION ( 'NONE',  ( -0.0000000000000000000, -0.0000000000000000000, -1.000000000000000000 ) ) ;
#6950 = DIRECTION ( 'NONE',  ( 1.000000000000000000, 0.0000000000000000000, -0.0000000000000000000 ) ) ;
#6951 = DIRECTION ( 'NONE',  ( 1.000000000000000000, 0.0000000000000000000, 0.0000000000000000000 ) ) ;
#6952 = CARTESIAN_POINT ( 'NONE',  ( -4.535000000000000100, -3.425000000000000300, -1.125000000000000200 ) ) ;
#6953 = VERTEX_POINT ( 'NONE', #9703 ) ;
#6954 = EDGE_LOOP ( 'NONE', ( #11090, #8214, #5724, #4981 ) ) ;
#6955 = VERTEX_POINT ( 'NONE', #2944 ) ;
#6956 = VECTOR ( 'NONE', #4161, 1000.000000000000000 ) ;
#6957 = EDGE_CURVE ( 'NONE', #9724, #11717, #1754, .T. ) ;
#6958 = ORIENTED_EDGE ( 'NONE', *, *, #1445, .T. ) ;
#6959 = ADVANCED_FACE ( 'NONE', ( #7001 ), #12825, .T. ) ;
#6960 = ORIENTED_EDGE ( 'NONE', *, *, #6601, .F. ) ;
#6961 = DIRECTION ( 'NONE',  ( 1.000000000000000000, 0.0000000000000000000, 0.0000000000000000000 ) ) ;
#6962 = CARTESIAN_POINT ( 'NONE',  ( -2.964999999999999900, -3.924999999999999800, -1.300000000000000300 ) ) ;
#6963 = PLANE ( 'NONE',  #141 ) ;
#6964 = ORIENTED_EDGE ( 'NONE', *, *, #12441, .T. ) ;
#6965 = CARTESIAN_POINT ( 'NONE',  ( -5.875000000000000000, -2.225000000000000100, -1.550000000000000300 ) ) ;
#6966 = DIRECTION ( 'NONE',  ( -1.000000000000000000, -0.0000000000000000000, -0.0000000000000000000 ) ) ;
#6967 = DIRECTION ( 'NONE',  ( 0.0000000000000000000, 0.0000000000000000000, -1.000000000000000000 ) ) ;
#6968 = EDGE_LOOP ( 'NONE', ( #7285, #942, #2656, #1835 ) ) ;
#6969 = ORIENTED_EDGE ( 'NONE', *, *, #1998, .T. ) ;
#6970 = VECTOR ( 'NONE', #2901, 1000.000000000000000 ) ;
#6971 = VECTOR ( 'NONE', #1213, 1000.000000000000000 ) ;
#6972 = ORIENTED_EDGE ( 'NONE', *, *, #11740, .T. ) ;
#6973 = AXIS2_PLACEMENT_3D ( 'NONE', #533, #1353, #7400 ) ;
#6974 = VERTEX_POINT ( 'NONE', #11827 ) ;
#6975 = DIRECTION ( 'NONE',  ( -0.0000000000000000000, 1.000000000000000000, 0.0000000000000000000 ) ) ;
#6976 = CARTESIAN_POINT ( 'NONE',  ( -3.285000000000000100, -3.924999999999999800, -0.5749999999999999600 ) ) ;
#6977 = EDGE_CURVE ( 'NONE', #255, #5199, #10704, .T. ) ;
#6978 = CARTESIAN_POINT ( 'NONE',  ( 0.0000000000000000000, 0.0000000000000000000, 1.100000000000000100 ) ) ;
#6979 = ORIENTED_EDGE ( 'NONE', *, *, #2858, .T. ) ;
#6980 = VERTEX_POINT ( 'NONE', #9832 ) ;
#6981 = FACE_OUTER_BOUND ( 'NONE', #1377, .T. ) ;
#6982 = ORIENTED_EDGE ( 'NONE', *, *, #8660, .T. ) ;
#6983 = ORIENTED_EDGE ( 'NONE', *, *, #10258, .T. ) ;
#6984 = CARTESIAN_POINT ( 'NONE',  ( 0.7850000000000000300, -3.425000000000000300, -1.125000000000000200 ) ) ;
#6985 = ORIENTED_EDGE ( 'NONE', *, *, #12452, .T. ) ;
#6986 = LINE ( 'NONE', #6759, #181 ) ;
#6987 = LINE ( 'NONE', #1895, #9769 ) ;
#6988 = DIRECTION ( 'NONE',  ( 0.0000000000000000000, 1.000000000000000000, 0.0000000000000000000 ) ) ;
#6989 = VERTEX_POINT ( 'NONE', #3910 ) ;
#6990 = FILL_AREA_STYLE_COLOUR ( '', #10109 ) ;
#6991 = EDGE_CURVE ( 'NONE', #1503, #2470, #967, .T. ) ;
#6992 = ORIENTED_EDGE ( 'NONE', *, *, #5571, .T. ) ;
#6993 = DIRECTION ( 'NONE',  ( -0.0000000000000000000, -1.000000000000000000, 0.0000000000000000000 ) ) ;
#6994 = CARTESIAN_POINT ( 'NONE',  ( -6.450000000000000200, -2.225000000000000100, -0.2950000000000000400 ) ) ;
#6995 = EDGE_CURVE ( 'NONE', #6463, #5613, #12096, .T. ) ;
#6996 = DIRECTION ( 'NONE',  ( -0.0000000000000000000, 0.0000000000000000000, 1.000000000000000000 ) ) ;
#6997 = AXIS2_PLACEMENT_3D ( 'NONE', #7450, #574, #1530 ) ;
#6998 = DIRECTION ( 'NONE',  ( 1.000000000000000000, -0.0000000000000000000, 0.0000000000000000000 ) ) ;
#6999 = ORIENTED_EDGE ( 'NONE', *, *, #4211, .F. ) ;
#7000 = CARTESIAN_POINT ( 'NONE',  ( -5.875000000000000000, -3.225000000000000100, -1.800000000000000300 ) ) ;
#7001 = FACE_OUTER_BOUND ( 'NONE', #8067, .T. ) ;
#7002 = DIRECTION ( 'NONE',  ( -1.000000000000000000, -0.0000000000000000000, -0.0000000000000000000 ) ) ;
#7003 = CARTESIAN_POINT ( 'NONE',  ( 0.0000000000000000000, -3.225000000000000100, 1.600000000000000100 ) ) ;
#7004 = DIRECTION ( 'NONE',  ( 0.0000000000000000000, 0.0000000000000000000, 1.000000000000000000 ) ) ;
#7005 = ORIENTED_EDGE ( 'NONE', *, *, #12019, .T. ) ;
#7006 = CARTESIAN_POINT ( 'NONE',  ( 4.215000000000001600, -1.975000000000000100, -0.1000000000000000100 ) ) ;
#7007 = EDGE_CURVE ( 'NONE', #9893, #5139, #4390, .T. ) ;
#7008 = CARTESIAN_POINT ( 'NONE',  ( -2.035000000000000100, -4.224999999999999600, -1.300000000000000300 ) ) ;
#7009 = CIRCLE ( 'NONE', #8356, 0.1499999999999999700 ) ;
#7010 = ORIENTED_EDGE ( 'NONE', *, *, #11538, .T. ) ;
#7011 = VECTOR ( 'NONE', #293, 1000.000000000000000 ) ;
#7012 = CARTESIAN_POINT ( 'NONE',  ( -4.214999999999999900, -3.125000000000000000, -0.1000000000000000100 ) ) ;
#7013 = FACE_OUTER_BOUND ( 'NONE', #7088, .T. ) ;
#7014 = EDGE_CURVE ( 'NONE', #2457, #11098, #4840, .T. ) ;
#7015 = CARTESIAN_POINT ( 'NONE',  ( -2.875000000000000000, -3.225000000000000100, 1.600000000000000100 ) ) ;
#7016 = AXIS2_PLACEMENT_3D ( 'NONE', #9335, #8362, #6408 ) ;
#7017 = DIRECTION ( 'NONE',  ( 0.0000000000000000000, -0.0000000000000000000, 1.000000000000000000 ) ) ;
#7018 = ADVANCED_FACE ( 'NONE', ( #3640 ), #5915, .F. ) ;
#7019 = CARTESIAN_POINT ( 'NONE',  ( -0.4649999999999992500, -3.125000000000000000, -0.1000000000000000100 ) ) ;
#7020 = ORIENTED_EDGE ( 'NONE', *, *, #1547, .T. ) ;
#7021 = LINE ( 'NONE', #10327, #8581 ) ;
#7022 = FACE_OUTER_BOUND ( 'NONE', #1016, .T. ) ;
#7023 = DIRECTION ( 'NONE',  ( 0.5773502691896266200, 0.5773502691896254000, -0.5773502691896251800 ) ) ;
#7024 = EDGE_CURVE ( 'NONE', #4555, #6473, #2369, .T. ) ;
#7025 = EDGE_LOOP ( 'NONE', ( #10027, #4696, #2136, #2614 ) ) ;
#7026 = LINE ( 'NONE', #3729, #4423 ) ;
#7027 = DIRECTION ( 'NONE',  ( 0.0000000000000000000, 0.0000000000000000000, -1.000000000000000000 ) ) ;
#7028 = CARTESIAN_POINT ( 'NONE',  ( -4.924999999999999800, -0.1750000000000000700, 1.399999999999999900 ) ) ;
#7029 = DIRECTION ( 'NONE',  ( -1.000000000000000000, 0.0000000000000000000, -0.0000000000000000000 ) ) ;
#7030 = DIRECTION ( 'NONE',  ( -0.2033118901005024100, 0.9241449550023839200, 0.3234507342508329300 ) ) ;
#7031 = CARTESIAN_POINT ( 'NONE',  ( -7.070000000000000300, -2.225000000000001000, -0.7700000000000001300 ) ) ;
#7032 = VECTOR ( 'NONE', #1465, 1000.000000000000000 ) ;
#7033 = ORIENTED_EDGE ( 'NONE', *, *, #7475, .F. ) ;
#7034 = DIRECTION ( 'NONE',  ( 0.0000000000000000000, 0.0000000000000000000, 1.000000000000000000 ) ) ;
#7035 = LINE ( 'NONE', #8548, #7517 ) ;
#7036 = DIRECTION ( 'NONE',  ( 0.0000000000000000000, 1.000000000000000000, -0.0000000000000000000 ) ) ;
#7037 = LINE ( 'NONE', #3633, #2566 ) ;
#7038 = ORIENTED_EDGE ( 'NONE', *, *, #707, .T. ) ;
#7039 = DIRECTION ( 'NONE',  ( 0.0000000000000000000, -0.0000000000000000000, -1.000000000000000000 ) ) ;
#7040 = CARTESIAN_POINT ( 'NONE',  ( -6.870000000000000100, -2.225000000000000100, -0.5450000000000000400 ) ) ;
#7041 = DIRECTION ( 'NONE',  ( 0.0000000000000000000, 0.0000000000000000000, 1.000000000000000000 ) ) ;
#7042 = DIRECTION ( 'NONE',  ( 0.5547001962252291500, 0.8320502943378437200, -0.0000000000000000000 ) ) ;
#7043 = CARTESIAN_POINT ( 'NONE',  ( -2.875000000000000000, -2.625000000000000000, 1.600000000000000100 ) ) ;
#7044 = LINE ( 'NONE', #155, #11980 ) ;
#7045 = CARTESIAN_POINT ( 'NONE',  ( -2.035000000000000100, -3.125000000000000000, -0.9250000000000000400 ) ) ;
#7046 = EDGE_CURVE ( 'NONE', #7489, #9142, #2989, .T. ) ;
#7047 = LINE ( 'NONE', #2121, #1344 ) ;
#7048 = ORIENTED_EDGE ( 'NONE', *, *, #5521, .T. ) ;
#7049 = ORIENTED_EDGE ( 'NONE', *, *, #3968, .T. ) ;
#7050 = ORIENTED_EDGE ( 'NONE', *, *, #5151, .F. ) ;
#7051 = DIRECTION ( 'NONE',  ( 0.0000000000000000000, 0.0000000000000000000, -1.000000000000000000 ) ) ;
#7052 = CARTESIAN_POINT ( 'NONE',  ( -0.4650000000000000200, -4.224999999999999600, -1.600000000000000100 ) ) ;
#7053 = VECTOR ( 'NONE', #11243, 1000.000000000000100 ) ;
#7054 = DIRECTION ( 'NONE',  ( -1.000000000000000000, -0.0000000000000000000, -0.0000000000000000000 ) ) ;
#7055 = DIRECTION ( 'NONE',  ( 0.0000000000000000000, 0.7071067811865474600, -0.7071067811865474600 ) ) ;
#7056 = VECTOR ( 'NONE', #11835, 1000.000000000000100 ) ;
#7057 = VECTOR ( 'NONE', #11078, 1000.000000000000000 ) ;
#7058 = ORIENTED_EDGE ( 'NONE', *, *, #3476, .T. ) ;
#7059 = ORIENTED_EDGE ( 'NONE', *, *, #12314, .T. ) ;
#7060 = ORIENTED_EDGE ( 'NONE', *, *, #12224, .T. ) ;
#7061 = EDGE_CURVE ( 'NONE', #11133, #329, #4554, .T. ) ;
#7062 = PLANE ( 'NONE',  #1692 ) ;
#7063 = VECTOR ( 'NONE', #679, 1000.000000000000000 ) ;
#7064 = CARTESIAN_POINT ( 'NONE',  ( 5.174999999999999800, -2.224999999999999600, -1.600000000000000100 ) ) ;
#7065 = EDGE_CURVE ( 'NONE', #11608, #8007, #10559, .T. ) ;
#7066 = FACE_BOUND ( 'NONE', #2927, .T. ) ;
#7067 = FILL_AREA_STYLE ('',( #2104 ) ) ;
#7068 = VECTOR ( 'NONE', #6424, 1000.000000000000000 ) ;
#7069 = DIRECTION ( 'NONE',  ( 0.0000000000000000000, 0.0000000000000000000, -1.000000000000000000 ) ) ;
#7070 = CARTESIAN_POINT ( 'NONE',  ( -6.110000000000001200, -2.024999999999999000, -0.8850000000000000100 ) ) ;
#7071 = ORIENTED_EDGE ( 'NONE', *, *, #7765, .F. ) ;
#7072 = VERTEX_POINT ( 'NONE', #5833 ) ;
#7073 = ORIENTED_EDGE ( 'NONE', *, *, #4825, .T. ) ;
#7074 = VERTEX_POINT ( 'NONE', #7770 ) ;
#7075 = CARTESIAN_POINT ( 'NONE',  ( 3.285000000000000100, -3.775000000000000400, -0.4249999999999999900 ) ) ;
#7076 = DIRECTION ( 'NONE',  ( -0.5773502691896237300, 0.5773502691896260600, 0.5773502691896274000 ) ) ;
#7077 = DIRECTION ( 'NONE',  ( 0.0000000000000000000, -1.000000000000000000, 0.0000000000000000000 ) ) ;
#7078 = FACE_OUTER_BOUND ( 'NONE', #7924, .T. ) ;
#7079 = AXIS2_PLACEMENT_3D ( 'NONE', #6614, #3699, #10576 ) ;
#7080 = VECTOR ( 'NONE', #10180, 1000.000000000000000 ) ;
#7081 = CARTESIAN_POINT ( 'NONE',  ( -0.4650000000000000200, -3.125000000000000000, -0.4249999999999999900 ) ) ;
#7082 = EDGE_CURVE ( 'NONE', #9179, #2512, #1744, .T. ) ;
#7083 = ADVANCED_FACE ( 'NONE', ( #4236 ), #11785, .T. ) ;
#7084 = FACE_OUTER_BOUND ( 'NONE', #6588, .T. ) ;
#7085 = DIRECTION ( 'NONE',  ( 0.0000000000000000000, 0.7071067811865474600, 0.7071067811865474600 ) ) ;
#7086 = DIRECTION ( 'NONE',  ( -1.000000000000000000, 0.0000000000000000000, -0.0000000000000000000 ) ) ;
#7087 = ORIENTED_EDGE ( 'NONE', *, *, #3953, .F. ) ;
#7088 = EDGE_LOOP ( 'NONE', ( #4728, #12660, #8831, #7453 ) ) ;
#7089 = CARTESIAN_POINT ( 'NONE',  ( -3.285000000000000100, -3.924999999999999800, 1.600000000000000100 ) ) ;
#7090 = EDGE_CURVE ( 'NONE', #12166, #2735, #6987, .T. ) ;
#7091 = CARTESIAN_POINT ( 'NONE',  ( -1.714999999999999400, -3.125000000000000000, -0.8499999999999999800 ) ) ;
#7092 = DIRECTION ( 'NONE',  ( 1.000000000000000000, 0.0000000000000000000, -0.0000000000000000000 ) ) ;
#7093 = ORIENTED_EDGE ( 'NONE', *, *, #10484, .F. ) ;
#7094 = AXIS2_PLACEMENT_3D ( 'NONE', #805, #4709, #12684 ) ;
#7095 = LINE ( 'NONE', #8382, #3075 ) ;
#7096 = CARTESIAN_POINT ( 'NONE',  ( -0.4650000000000000200, -3.425000000000000300, -1.600000000000000100 ) ) ;
#7097 = LINE ( 'NONE', #1070, #1226 ) ;
#7098 = VECTOR ( 'NONE', #11822, 1000.000000000000000 ) ;
#7099 = CARTESIAN_POINT ( 'NONE',  ( -4.534999999999999300, -3.125000000000000000, -0.8499999999999999800 ) ) ;
#7100 = ADVANCED_FACE ( 'NONE', ( #7619 ), #897, .F. ) ;
#7101 = CARTESIAN_POINT ( 'NONE',  ( 0.7850000000000000300, -3.125000000000000000, -0.4249999999999999900 ) ) ;
#7102 = ORIENTED_EDGE ( 'NONE', *, *, #10158, .F. ) ;
#7103 = ORIENTED_EDGE ( 'NONE', *, *, #4095, .F. ) ;
#7104 = CARTESIAN_POINT ( 'NONE',  ( -4.214999999999999900, -3.425000000000000300, -1.125000000000000200 ) ) ;
#7105 = VERTEX_POINT ( 'NONE', #8073 ) ;
#7106 = EDGE_CURVE ( 'NONE', #11736, #10363, #8253, .T. ) ;
#7107 = CARTESIAN_POINT ( 'NONE',  ( 4.535000000000000100, -3.625000000000000000, -1.800000000000000300 ) ) ;
#7108 = ORIENTED_EDGE ( 'NONE', *, *, #10424, .F. ) ;
#7109 = ORIENTED_EDGE ( 'NONE', *, *, #7801, .F. ) ;
#7110 = VERTEX_POINT ( 'NONE', #4106 ) ;
#7111 = CARTESIAN_POINT ( 'NONE',  ( 5.575000000000000200, 0.9749999999999999800, 1.200000000000000000 ) ) ;
#7112 = EDGE_LOOP ( 'NONE', ( #2288, #2578, #11765, #9546, #7926, #2671, #3439, #11075, #301, #10848, #2231, #6806, #7229, #7732, #4850, #4748 ) ) ;
#7113 = VERTEX_POINT ( 'NONE', #2855 ) ;
#7114 = LINE ( 'NONE', #3344, #7734 ) ;
#7115 = CARTESIAN_POINT ( 'NONE',  ( 6.450000000000000200, -2.225000000000000100, -0.6450000000000000200 ) ) ;
#7116 = FACE_OUTER_BOUND ( 'NONE', #8821, .T. ) ;
#7117 = ORIENTED_EDGE ( 'NONE', *, *, #1614, .T. ) ;
#7118 = CARTESIAN_POINT ( 'NONE',  ( -5.875000000000000000, -2.225000000000000100, -0.2949999999999999300 ) ) ;
#7119 = CARTESIAN_POINT ( 'NONE',  ( -4.535000000000000100, -3.924999999999999800, 1.600000000000000100 ) ) ;
#7120 = CARTESIAN_POINT ( 'NONE',  ( 1.824999999999994800, 0.2750000000000011900, -0.4749999999999999800 ) ) ;
#7121 = ORIENTED_EDGE ( 'NONE', *, *, #11063, .T. ) ;
#7122 = CARTESIAN_POINT ( 'NONE',  ( -3.285000000000000100, -3.924999999999999800, -1.300000000000000300 ) ) ;
#7123 = EDGE_CURVE ( 'NONE', #8327, #812, #10252, .T. ) ;
#7124 = CARTESIAN_POINT ( 'NONE',  ( 0.4650000000000018600, -3.125000000000000000, -0.8499999999999999800 ) ) ;
#7125 = ORIENTED_EDGE ( 'NONE', *, *, #6342, .T. ) ;
#7126 = DIRECTION ( 'NONE',  ( 0.0000000000000000000, 0.0000000000000000000, 1.000000000000000000 ) ) ;
#7128 = EDGE_CURVE ( 'NONE', #10696, #4098, #5148, .T. ) ;
#7127 = VERTEX_POINT ( 'NONE', #2064 ) ;
#7129 = ORIENTED_EDGE ( 'NONE', *, *, #725, .T. ) ;
#7130 = LINE ( 'NONE', #8404, #3281 ) ;
#7131 = DIRECTION ( 'NONE',  ( -1.000000000000000000, -0.0000000000000000000, -0.0000000000000000000 ) ) ;
#7132 = LINE ( 'NONE', #4226, #5125 ) ;
#7133 = ORIENTED_EDGE ( 'NONE', *, *, #409, .T. ) ;
#7134 = VERTEX_POINT ( 'NONE', #8026 ) ;
#7135 = EDGE_CURVE ( 'NONE', #12553, #7884, #5461, .T. ) ;
#7136 = DIRECTION ( 'NONE',  ( 0.0000000000000000000, 0.0000000000000000000, 1.000000000000000000 ) ) ;
#7137 = DIRECTION ( 'NONE',  ( 0.0000000000000000000, 1.000000000000000000, -0.0000000000000000000 ) ) ;
#7138 = DIRECTION ( 'NONE',  ( -1.000000000000000000, -0.0000000000000000000, 0.0000000000000000000 ) ) ;
#7139 = EDGE_LOOP ( 'NONE', ( #10584, #6188, #8955, #10695 ) ) ;
#7140 = ORIENTED_EDGE ( 'NONE', *, *, #4022, .T. ) ;
#7141 = LINE ( 'NONE', #1587, #12083 ) ;
#7142 = LINE ( 'NONE', #8008, #9150 ) ;
#7143 = ORIENTED_EDGE ( 'NONE', *, *, #794, .F. ) ;
#7144 = DIRECTION ( 'NONE',  ( 0.0000000000000000000, -1.000000000000000000, -0.0000000000000000000 ) ) ;
#7145 = EDGE_CURVE ( 'NONE', #10656, #875, #10858, .T. ) ;
#7146 = CARTESIAN_POINT ( 'NONE',  ( 0.4649999999999999700, -3.424999999999999800, -1.599999999999999900 ) ) ;
#7147 = DIRECTION ( 'NONE',  ( -0.0000000000000000000, 1.000000000000000000, -0.0000000000000000000 ) ) ;
#7148 = EDGE_CURVE ( 'NONE', #2058, #9722, #2836, .T. ) ;
#7149 = ADVANCED_FACE ( 'NONE', ( #190 ), #9919, .T. ) ;
#7150 = ORIENTED_EDGE ( 'NONE', *, *, #3027, .T. ) ;
#7151 = VECTOR ( 'NONE', #8013, 1000.000000000000000 ) ;
#7152 = LINE ( 'NONE', #9050, #9917 ) ;
#7153 = CARTESIAN_POINT ( 'NONE',  ( 2.965000000000001200, -0.2250000000000002800, -0.8500000000000000900 ) ) ;
#7154 = VERTEX_POINT ( 'NONE', #4070 ) ;
#7155 = DIRECTION ( 'NONE',  ( -1.000000000000000000, -0.0000000000000000000, -0.0000000000000000000 ) ) ;
#7156 = CARTESIAN_POINT ( 'NONE',  ( -5.875000000000000000, 0.5749999999999999600, 0.3999999999999999700 ) ) ;
#7157 = PRESENTATION_LAYER_ASSIGNMENT (  '', '', ( #9795 ) ) ;
#7158 = ORIENTED_EDGE ( 'NONE', *, *, #7921, .F. ) ;
#7159 = FACE_OUTER_BOUND ( 'NONE', #11749, .T. ) ;
#7160 = PLANE ( 'NONE',  #8519 ) ;
#7162 = EDGE_CURVE ( 'NONE', #5158, #8352, #7152, .T. ) ;
#7161 = EDGE_LOOP ( 'NONE', ( #3590, #12834, #8208, #2603 ) ) ;
#7163 = FACE_OUTER_BOUND ( 'NONE', #8830, .T. ) ;
#7164 = LINE ( 'NONE', #5, #10274 ) ;
#7165 = DIRECTION ( 'NONE',  ( 0.0000000000000000000, 1.000000000000000000, -0.0000000000000000000 ) ) ;
#7166 = ADVANCED_FACE ( 'NONE', ( #1284 ), #11989, .F. ) ;
#7167 = DIRECTION ( 'NONE',  ( -1.000000000000000000, 0.0000000000000000000, 0.0000000000000000000 ) ) ;
#7168 = CARTESIAN_POINT ( 'NONE',  ( -2.034999999999998800, -1.975000000000000100, -0.8499999999999999800 ) ) ;
#7169 = EDGE_CURVE ( 'NONE', #2620, #5199, #8088, .T. ) ;
#7170 = CARTESIAN_POINT ( 'NONE',  ( -0.7850000000000000300, -3.924999999999999800, 1.600000000000000100 ) ) ;
#7171 = AXIS2_PLACEMENT_3D ( 'NONE', #8805, #2816, #7892 ) ;
#7172 = VERTEX_POINT ( 'NONE', #5137 ) ;
#7173 = DIRECTION ( 'NONE',  ( 0.0000000000000000000, 0.0000000000000000000, 1.000000000000000000 ) ) ;
#7174 = ORIENTED_EDGE ( 'NONE', *, *, #4082, .F. ) ;
#7175 = DIRECTION ( 'NONE',  ( -0.0000000000000000000, 0.0000000000000000000, -1.000000000000000000 ) ) ;
#7176 = LINE ( 'NONE', #2646, #5479 ) ;
#7177 = DIRECTION ( 'NONE',  ( 1.000000000000000000, 0.0000000000000000000, -0.0000000000000000000 ) ) ;
#7178 = CARTESIAN_POINT ( 'NONE',  ( -0.4650000000000000200, -3.425000000000000300, 1.600000000000000100 ) ) ;
#7179 = ORIENTED_EDGE ( 'NONE', *, *, #3182, .F. ) ;
#7180 = VECTOR ( 'NONE', #9410, 1000.000000000000000 ) ;
#7181 = ORIENTED_EDGE ( 'NONE', *, *, #9083, .T. ) ;
#7182 = FACE_OUTER_BOUND ( 'NONE', #5829, .T. ) ;
#7183 = AXIS2_PLACEMENT_3D ( 'NONE', #4242, #2334, #3250 ) ;
#7184 = CARTESIAN_POINT ( 'NONE',  ( -0.3750000000000000000, -2.625000000000000000, 1.100000000000000100 ) ) ;
#7185 = EDGE_CURVE ( 'NONE', #3242, #6710, #12574, .T. ) ;
#7186 = ORIENTED_EDGE ( 'NONE', *, *, #1636, .F. ) ;
#7187 = PLANE ( 'NONE',  #11291 ) ;
#7188 = EDGE_CURVE ( 'NONE', #3413, #8685, #2533, .T. ) ;
#7189 = LINE ( 'NONE', #5965, #10118 ) ;
#7190 = CARTESIAN_POINT ( 'NONE',  ( 6.870000000000000100, -2.225000000000000100, -0.5450000000000000400 ) ) ;
#7191 = PLANE ( 'NONE',  #7503 ) ;
#7192 = VECTOR ( 'NONE', #8577, 1000.000000000000000 ) ;
#7193 = ORIENTED_EDGE ( 'NONE', *, *, #11771, .F. ) ;
#7194 = PLANE ( 'NONE',  #8507 ) ;
#7195 = CARTESIAN_POINT ( 'NONE',  ( -5.875000000000000000, -3.225000000000000100, 1.100000000000000100 ) ) ;
#7196 = ORIENTED_EDGE ( 'NONE', *, *, #1955, .F. ) ;
#7197 = VECTOR ( 'NONE', #7340, 1000.000000000000000 ) ;
#7198 = LINE ( 'NONE', #4775, #4279 ) ;
#7199 = VECTOR ( 'NONE', #9168, 1000.000000000000000 ) ;
#7200 = DIRECTION ( 'NONE',  ( 0.0000000000000000000, 1.000000000000000000, 0.0000000000000000000 ) ) ;
#7201 = ORIENTED_EDGE ( 'NONE', *, *, #1848, .F. ) ;
#7202 = DIRECTION ( 'NONE',  ( 0.0000000000000000000, 0.0000000000000000000, -1.000000000000000000 ) ) ;
#7203 = VERTEX_POINT ( 'NONE', #5047 ) ;
#7204 = CARTESIAN_POINT ( 'NONE',  ( 5.275000000000000400, -1.975000000000000100, 0.3999999999999999700 ) ) ;
#7205 = CARTESIAN_POINT ( 'NONE',  ( 0.7850000000000010300, -1.975000000000000100, -0.1000000000000000100 ) ) ;
#7206 = DIRECTION ( 'NONE',  ( -0.0000000000000000000, 0.0000000000000000000, 1.000000000000000000 ) ) ;
#7207 = CARTESIAN_POINT ( 'NONE',  ( -2.875000000000000000, -2.625000000000000000, 1.100000000000000100 ) ) ;
#7208 = CARTESIAN_POINT ( 'NONE',  ( 3.375000000000000000, -2.625000000000000000, 1.600000000000000100 ) ) ;
#7209 = VECTOR ( 'NONE', #5291, 1000.000000000000000 ) ;
#7210 = VECTOR ( 'NONE', #3528, 1000.000000000000000 ) ;
#7211 = VECTOR ( 'NONE', #1119, 1000.000000000000000 ) ;
#7212 = ORIENTED_EDGE ( 'NONE', *, *, #9046, .F. ) ;
#7213 = ADVANCED_FACE ( 'NONE', ( #12417 ), #10873, .F. ) ;
#7214 = VECTOR ( 'NONE', #10169, 1000.000000000000000 ) ;
#7215 = ORIENTED_EDGE ( 'NONE', *, *, #11992, .F. ) ;
#7216 = DIRECTION ( 'NONE',  ( 0.0000000000000000000, 0.0000000000000000000, 1.000000000000000000 ) ) ;
#7217 = ORIENTED_EDGE ( 'NONE', *, *, #4993, .F. ) ;
#7218 = DIRECTION ( 'NONE',  ( 0.0000000000000000000, 0.0000000000000000000, -1.000000000000000000 ) ) ;
#7219 = AXIS2_PLACEMENT_3D ( 'NONE', #12594, #6715, #7740 ) ;
#7220 = PLANE ( 'NONE',  #265 ) ;
#7221 = DIRECTION ( 'NONE',  ( 0.0000000000000000000, 0.0000000000000000000, -1.000000000000000000 ) ) ;
#7222 = CARTESIAN_POINT ( 'NONE',  ( -1.625000000000000200, 0.0000000000000000000, 1.600000000000000100 ) ) ;
#7223 = EDGE_CURVE ( 'NONE', #623, #9753, #7472, .T. ) ;
#7224 = VECTOR ( 'NONE', #1622, 1000.000000000000000 ) ;
#7225 = AXIS2_PLACEMENT_3D ( 'NONE', #2767, #2849, #11695 ) ;
#7226 = VECTOR ( 'NONE', #7813, 1000.000000000000000 ) ;
#7227 = VECTOR ( 'NONE', #11951, 1000.000000000000000 ) ;
#7228 = ORIENTED_EDGE ( 'NONE', *, *, #1986, .F. ) ;
#7229 = ORIENTED_EDGE ( 'NONE', *, *, #8683, .F. ) ;
#7230 = DIRECTION ( 'NONE',  ( -0.0000000000000000000, 1.000000000000000000, -0.0000000000000000000 ) ) ;
#7231 = ORIENTED_EDGE ( 'NONE', *, *, #9780, .T. ) ;
#7232 = DIRECTION ( 'NONE',  ( 0.7071067811865475700, -0.0000000000000000000, 0.7071067811865475700 ) ) ;
#7233 = ADVANCED_FACE ( 'NONE', ( #7314 ), #524, .F. ) ;
#7234 = DIRECTION ( 'NONE',  ( -0.0000000000000000000, -0.0000000000000000000, -1.000000000000000000 ) ) ;
#7235 = DIRECTION ( 'NONE',  ( 0.0000000000000000000, -0.0000000000000000000, 1.000000000000000000 ) ) ;
#7236 = PLANE ( 'NONE',  #4454 ) ;
#7237 = DIRECTION ( 'NONE',  ( -1.000000000000000000, -0.0000000000000000000, -0.0000000000000000000 ) ) ;
#7238 = LINE ( 'NONE', #5560, #8157 ) ;
#7239 = VECTOR ( 'NONE', #6547, 1000.000000000000000 ) ;
#7240 = FACE_OUTER_BOUND ( 'NONE', #8169, .T. ) ;
#7241 = VECTOR ( 'NONE', #740, 999.9999999999998900 ) ;
#7242 = ORIENTED_EDGE ( 'NONE', *, *, #4218, .F. ) ;
#7243 = EDGE_CURVE ( 'NONE', #2991, #9939, #9477, .T. ) ;
#7244 = EDGE_LOOP ( 'NONE', ( #11763, #143, #4592, #179 ) ) ;
#7245 = ORIENTED_EDGE ( 'NONE', *, *, #11869, .T. ) ;
#7246 = DIRECTION ( 'NONE',  ( -0.2033118901005039300, 0.9241449550023836900, 0.3234507342508327600 ) ) ;
#7247 = VECTOR ( 'NONE', #4402, 1000.000000000000000 ) ;
#7248 = EDGE_CURVE ( 'NONE', #8796, #5897, #12259, .T. ) ;
#7249 = DIRECTION ( 'NONE',  ( 0.0000000000000000000, -1.000000000000000000, -0.0000000000000000000 ) ) ;
#7250 = VECTOR ( 'NONE', #9288, 1000.000000000000000 ) ;
#7251 = PLANE ( 'NONE',  #7183 ) ;
#7252 = LINE ( 'NONE', #4717, #11122 ) ;
#7253 = DIRECTION ( 'NONE',  ( -1.000000000000000000, 0.0000000000000000000, -0.0000000000000000000 ) ) ;
#7254 = ORIENTED_EDGE ( 'NONE', *, *, #12452, .F. ) ;
#7255 = ORIENTED_EDGE ( 'NONE', *, *, #5456, .T. ) ;
#7257 = ORIENTED_EDGE ( 'NONE', *, *, #6425, .T. ) ;
#7256 = CARTESIAN_POINT ( 'NONE',  ( -6.110000000000001200, -0.02499999999999975500, -1.299999999999999800 ) ) ;
#7258 = ORIENTED_EDGE ( 'NONE', *, *, #12531, .T. ) ;
#7259 = PLANE ( 'NONE',  #8319 ) ;
#7260 = EDGE_CURVE ( 'NONE', #3869, #7737, #3930, .T. ) ;
#7261 = DIRECTION ( 'NONE',  ( 0.0000000000000000000, -1.000000000000000000, -0.0000000000000000000 ) ) ;
#7262 = ORIENTED_EDGE ( 'NONE', *, *, #11482, .T. ) ;
#7263 = PLANE ( 'NONE',  #9890 ) ;
#7264 = DIRECTION ( 'NONE',  ( 1.000000000000000000, 0.0000000000000000000, 0.0000000000000000000 ) ) ;
#7265 = DIRECTION ( 'NONE',  ( 0.0000000000000000000, 0.0000000000000000000, -1.000000000000000000 ) ) ;
#7266 = EDGE_CURVE ( 'NONE', #4593, #5735, #10409, .T. ) ;
#7267 = DIRECTION ( 'NONE',  ( -0.2148617826750988400, -0.9766444667050946400, 0.0000000000000000000 ) ) ;
#7268 = CARTESIAN_POINT ( 'NONE',  ( -3.200000000000000200, -1.625000000000000200, -1.200000000000000000 ) ) ;
#7269 = ORIENTED_EDGE ( 'NONE', *, *, #7527, .T. ) ;
#7270 = ORIENTED_EDGE ( 'NONE', *, *, #5966, .T. ) ;
#7271 = EDGE_LOOP ( 'NONE', ( #3848, #8884, #5815, #1901, #3243 ) ) ;
#7272 = AXIS2_PLACEMENT_3D ( 'NONE', #12782, #11746, #4846 ) ;
#7273 = LINE ( 'NONE', #5322, #4660 ) ;
#7274 = DIRECTION ( 'NONE',  ( -0.0000000000000000000, 1.000000000000000000, -0.0000000000000000000 ) ) ;
#7275 = ORIENTED_EDGE ( 'NONE', *, *, #12725, .F. ) ;
#7276 = ORIENTED_EDGE ( 'NONE', *, *, #5108, .F. ) ;
#7277 = PLANE ( 'NONE',  #7955 ) ;
#7278 = DIRECTION ( 'NONE',  ( 0.0000000000000000000, 0.0000000000000000000, 1.000000000000000000 ) ) ;
#7279 = SURFACE_SIDE_STYLE ('',( #6155 ) ) ;
#7280 = ORIENTED_EDGE ( 'NONE', *, *, #10036, .T. ) ;
#7281 = EDGE_CURVE ( 'NONE', #10318, #6602, #7768, .T. ) ;
#7282 = SURFACE_SIDE_STYLE ('',( #5363 ) ) ;
#7283 = DIRECTION ( 'NONE',  ( 0.0000000000000000000, 0.0000000000000000000, 1.000000000000000000 ) ) ;
#7284 = VERTEX_POINT ( 'NONE', #7204 ) ;
#7285 = ORIENTED_EDGE ( 'NONE', *, *, #8814, .T. ) ;
#7286 = CARTESIAN_POINT ( 'NONE',  ( 5.675000000000000700, 0.9749999999999999800, -1.800000000000000300 ) ) ;
#7287 = VECTOR ( 'NONE', #12492, 1000.000000000000000 ) ;
#7288 = VECTOR ( 'NONE', #5638, 1000.000000000000000 ) ;
#7289 = ADVANCED_FACE ( 'NONE', ( #5912 ), #7251, .T. ) ;
#7290 = EDGE_LOOP ( 'NONE', ( #5255, #8633, #40, #3287 ) ) ;
#7291 = VERTEX_POINT ( 'NONE', #12086 ) ;
#7292 = DIRECTION ( 'NONE',  ( 0.0000000000000000000, 1.000000000000000000, 0.0000000000000000000 ) ) ;
#7293 = CLOSED_SHELL ( 'NONE', ( #11453, #4116, #11318, #9436, #12433, #1724, #11755, #560, #8475, #2366, #11048, #9540, #4514, #7233, #7451, #2243, #2825, #5408, #6191, #9364, #208, #352 ) ) ;
#7294 = DIRECTION ( 'NONE',  ( -0.0000000000000000000, 0.0000000000000000000, 1.000000000000000000 ) ) ;
#7295 = ORIENTED_EDGE ( 'NONE', *, *, #7575, .F. ) ;
#7296 = VERTEX_POINT ( 'NONE', #12129 ) ;
#7297 = FACE_OUTER_BOUND ( 'NONE', #11987, .T. ) ;
#7298 = VECTOR ( 'NONE', #4531, 1000.000000000000000 ) ;
#7299 = DIRECTION ( 'NONE',  ( 1.000000000000000000, -0.0000000000000000000, 0.0000000000000000000 ) ) ;
#7300 = PLANE ( 'NONE',  #8899 ) ;
#7301 = ORIENTED_EDGE ( 'NONE', *, *, #435, .F. ) ;
#7302 = CARTESIAN_POINT ( 'NONE',  ( 5.299999999999999800, -3.125000000000000000, -0.9978723526001001000 ) ) ;
#7303 = AXIS2_PLACEMENT_3D ( 'NONE', #12128, #108, #3249 ) ;
#7304 = ADVANCED_FACE ( 'NONE', ( #182 ), #5222, .F. ) ;
#7305 = ORIENTED_EDGE ( 'NONE', *, *, #10870, .F. ) ;
#7306 = DIRECTION ( 'NONE',  ( 0.0000000000000000000, 0.0000000000000000000, 1.000000000000000000 ) ) ;
#7307 = EDGE_CURVE ( 'NONE', #6391, #9142, #8696, .T. ) ;
#7308 = DIRECTION ( 'NONE',  ( -0.0000000000000000000, 0.0000000000000000000, 1.000000000000000000 ) ) ;
#7309 = AXIS2_PLACEMENT_3D ( 'NONE', #2182, #11893, #9080 ) ;
#7310 = CARTESIAN_POINT ( 'NONE',  ( -1.715000000000000100, -3.425000000000000300, -1.600000000000000100 ) ) ;
#7311 = ORIENTED_EDGE ( 'NONE', *, *, #4246, .F. ) ;
#7312 = LINE ( 'NONE', #8590, #4389 ) ;
#7313 = DIRECTION ( 'NONE',  ( -0.0000000000000000000, 0.0000000000000000000, 1.000000000000000000 ) ) ;
#7314 = FACE_OUTER_BOUND ( 'NONE', #9034, .T. ) ;
#7315 = ORIENTED_EDGE ( 'NONE', *, *, #3372, .T. ) ;
#7316 = DIRECTION ( 'NONE',  ( -1.000000000000000000, -0.0000000000000000000, 0.0000000000000000000 ) ) ;
#7317 = EDGE_LOOP ( 'NONE', ( #8757, #5454, #10976, #11971 ) ) ;
#7318 = DIRECTION ( 'NONE',  ( 0.0000000000000000000, 0.0000000000000000000, 1.000000000000000000 ) ) ;
#7319 = DIRECTION ( 'NONE',  ( -1.000000000000000000, -0.0000000000000000000, -0.0000000000000000000 ) ) ;
#7320 = AXIS2_PLACEMENT_3D ( 'NONE', #11277, #7429, #3691 ) ;
#7321 = VERTEX_POINT ( 'NONE', #5274 ) ;
#7322 = LINE ( 'NONE', #2758, #12583 ) ;
#7323 = CARTESIAN_POINT ( 'NONE',  ( -5.675000000000000700, -0.02500000000000000100, -1.800000000000000300 ) ) ;
#7324 = VECTOR ( 'NONE', #12499, 1000.000000000000000 ) ;
#7325 = DIRECTION ( 'NONE',  ( 0.7071067811865474600, -0.7071067811865474600, 0.0000000000000000000 ) ) ;
#7326 = CARTESIAN_POINT ( 'NONE',  ( -6.339999999999999900, -2.225000000000000100, -0.5699999999999999500 ) ) ;
#7327 = EDGE_CURVE ( 'NONE', #2355, #1132, #2202, .T. ) ;
#7328 = ORIENTED_EDGE ( 'NONE', *, *, #1565, .F. ) ;
#7329 = CARTESIAN_POINT ( 'NONE',  ( -5.910000000000000100, -2.225000000000000100, -0.06999999999999966000 ) ) ;
#7330 = CARTESIAN_POINT ( 'NONE',  ( 6.539999999999999100, 0.07499999999999999700, -0.5699999999999999500 ) ) ;
#7331 = DIRECTION ( 'NONE',  ( -0.0000000000000000000, -1.000000000000000000, -0.0000000000000000000 ) ) ;
#7332 = EDGE_CURVE ( 'NONE', #3, #10639, #4224, .T. ) ;
#7333 = CARTESIAN_POINT ( 'NONE',  ( -2.964999999999999900, -3.225000000000000100, -0.9250000000000000400 ) ) ;
#7334 = ORIENTED_EDGE ( 'NONE', *, *, #11976, .T. ) ;
#7335 = VECTOR ( 'NONE', #11225, 1000.000000000000000 ) ;
#7336 = ORIENTED_EDGE ( 'NONE', *, *, #9625, .F. ) ;
#7337 = VECTOR ( 'NONE', #6440, 1000.000000000000000 ) ;
#7338 = LINE ( 'NONE', #7952, #12598 ) ;
#7339 = MECHANICAL_DESIGN_GEOMETRIC_PRESENTATION_REPRESENTATION (  '', ( #4931 ), #2462 ) ;
#7340 = DIRECTION ( 'NONE',  ( -0.0000000000000000000, -1.000000000000000000, -0.0000000000000000000 ) ) ;
#7341 = CARTESIAN_POINT ( 'NONE',  ( 5.174999999999999800, 0.9749999999999999800, -1.600000000000000100 ) ) ;
#7342 = CARTESIAN_POINT ( 'NONE',  ( 2.035000000000001000, -1.975000000000000100, -0.1000000000000000100 ) ) ;
#7343 = EDGE_CURVE ( 'NONE', #11737, #7105, #11492, .T. ) ;
#7344 = VERTEX_POINT ( 'NONE', #233 ) ;
#7345 = DIRECTION ( 'NONE',  ( 1.000000000000000000, 0.0000000000000000000, 0.0000000000000000000 ) ) ;
#7346 = LINE ( 'NONE', #12618, #6867 ) ;
#7347 = CARTESIAN_POINT ( 'NONE',  ( 6.450000000000000200, -2.225000000000000100, -0.6450000000000000200 ) ) ;
#7348 = PLANE ( 'NONE',  #607 ) ;
#7349 = PRESENTATION_STYLE_ASSIGNMENT (( #8028 ) ) ;
#7350 = EDGE_LOOP ( 'NONE', ( #10190, #1091, #8847, #6140 ) ) ;
#7351 = EDGE_CURVE ( 'NONE', #10210, #11676, #12084, .T. ) ;
#7352 = ADVANCED_FACE ( 'NONE', ( #2519 ), #3144, .F. ) ;
#7353 = DIRECTION ( 'NONE',  ( 1.000000000000000000, 0.0000000000000000000, 0.0000000000000000000 ) ) ;
#7354 = ORIENTED_EDGE ( 'NONE', *, *, #6270, .T. ) ;
#7355 = DIRECTION ( 'NONE',  ( 0.0000000000000000000, 0.0000000000000000000, 1.000000000000000000 ) ) ;
#7356 = DIRECTION ( 'NONE',  ( -0.8320502943378437200, 0.5547001962252291500, 0.0000000000000000000 ) ) ;
#7357 = DIRECTION ( 'NONE',  ( -1.000000000000000000, -0.0000000000000000000, 0.0000000000000000000 ) ) ;
#7358 = VECTOR ( 'NONE', #7249, 1000.000000000000000 ) ;
#7359 = EDGE_LOOP ( 'NONE', ( #2093, #12767, #3260, #11239 ) ) ;
#7360 = CARTESIAN_POINT ( 'NONE',  ( 3.285000000000000100, -0.2250000000000000600, -0.4749999999999999800 ) ) ;
#7361 = LINE ( 'NONE', #10641, #9358 ) ;
#7362 = DIRECTION ( 'NONE',  ( 0.0000000000000000000, 0.0000000000000000000, 1.000000000000000000 ) ) ;
#7363 = FACE_OUTER_BOUND ( 'NONE', #6207, .T. ) ;
#7364 = EDGE_CURVE ( 'NONE', #8167, #10884, #3919, .T. ) ;
#7365 = EDGE_LOOP ( 'NONE', ( #5623, #7533, #791, #5777 ) ) ;
#7366 = DIRECTION ( 'NONE',  ( -0.2148617826750988400, 0.9766444667050946400, 0.0000000000000000000 ) ) ;
#7367 = ORIENTED_EDGE ( 'NONE', *, *, #1352, .F. ) ;
#7368 = CARTESIAN_POINT ( 'NONE',  ( -6.870000000000000100, -2.225000000000000100, -0.5450000000000000400 ) ) ;
#7369 = ADVANCED_FACE ( 'NONE', ( #11174 ), #8060, .F. ) ;
#7370 = DIRECTION ( 'NONE',  ( 0.0000000000000000000, 0.0000000000000000000, -1.000000000000000000 ) ) ;
#7371 = DIRECTION ( 'NONE',  ( 0.0000000000000000000, -1.000000000000000000, -0.0000000000000000000 ) ) ;
#7372 = VECTOR ( 'NONE', #776, 1000.000000000000000 ) ;
#7373 =( NAMED_UNIT ( * ) PLANE_ANGLE_UNIT ( ) SI_UNIT ( $, .RADIAN. ) );
#7374 = CARTESIAN_POINT ( 'NONE',  ( 0.0000000000000000000, 0.0000000000000000000, 1.100000000000000100 ) ) ;
#7375 = FACE_OUTER_BOUND ( 'NONE', #2908, .T. ) ;
#7376 = ORIENTED_EDGE ( 'NONE', *, *, #9440, .T. ) ;
#7377 = PLANE ( 'NONE',  #872 ) ;
#7378 = ORIENTED_EDGE ( 'NONE', *, *, #1445, .F. ) ;
#7379 = VERTEX_POINT ( 'NONE', #4141 ) ;
#7380 = ADVANCED_FACE ( 'NONE', ( #3137 ), #10952, .F. ) ;
#7381 = EDGE_CURVE ( 'NONE', #1010, #12003, #1108, .T. ) ;
#7382 = LINE ( 'NONE', #4572, #10927 ) ;
#7383 = DIRECTION ( 'NONE',  ( -0.0000000000000000000, 0.0000000000000000000, -1.000000000000000000 ) ) ;
#7384 = FACE_OUTER_BOUND ( 'NONE', #6172, .T. ) ;
#7385 = ORIENTED_EDGE ( 'NONE', *, *, #11723, .F. ) ;
#7386 = EDGE_LOOP ( 'NONE', ( #6393, #1335, #10561, #10717 ) ) ;
#7387 = ORIENTED_EDGE ( 'NONE', *, *, #2748, .T. ) ;
#7388 = EDGE_CURVE ( 'NONE', #3317, #8824, #668, .T. ) ;
#7389 = VECTOR ( 'NONE', #6551, 1000.000000000000000 ) ;
#7390 = CARTESIAN_POINT ( 'NONE',  ( -3.125000000000000000, -0.2250000000000000600, -0.1000000000000000100 ) ) ;
#7391 = FACE_BOUND ( 'NONE', #10455, .T. ) ;
#7392 = DIRECTION ( 'NONE',  ( 0.0000000000000000000, 0.0000000000000000000, 1.000000000000000000 ) ) ;
#7393 = VECTOR ( 'NONE', #6379, 1000.000000000000100 ) ;
#7394 = DIRECTION ( 'NONE',  ( 0.0000000000000000000, 1.000000000000000000, -0.0000000000000000000 ) ) ;
#7395 = AXIS2_PLACEMENT_3D ( 'NONE', #4684, #12448, #4563 ) ;
#7396 = DIRECTION ( 'NONE',  ( 0.0000000000000000000, 0.0000000000000000000, 1.000000000000000000 ) ) ;
#7397 = LINE ( 'NONE', #3498, #10792 ) ;
#7398 = EDGE_LOOP ( 'NONE', ( #9320, #1261, #3833, #8925 ) ) ;
#7399 = ORIENTED_EDGE ( 'NONE', *, *, #5435, .T. ) ;
#7400 = DIRECTION ( 'NONE',  ( -0.2148617826750988400, -0.9766444667050946400, 0.0000000000000000000 ) ) ;
#7401 = VERTEX_POINT ( 'NONE', #11000 ) ;
#7402 = CARTESIAN_POINT ( 'NONE',  ( 9.090000000000001600, -3.125000000000000000, -1.300000000000000300 ) ) ;
#7403 = DIRECTION ( 'NONE',  ( 0.0000000000000000000, 0.0000000000000000000, 1.000000000000000000 ) ) ;
#7404 = EDGE_CURVE ( 'NONE', #3070, #9990, #1274, .T. ) ;
#7405 = VECTOR ( 'NONE', #1817, 1000.000000000000000 ) ;
#7406 = AXIS2_PLACEMENT_3D ( 'NONE', #1728, #2725, #3746 ) ;
#7407 = CARTESIAN_POINT ( 'NONE',  ( -5.875000000000000000, 0.9749999999999999800, 1.200000000000000000 ) ) ;
#7408 = VECTOR ( 'NONE', #1162, 1000.000000000000000 ) ;
#7409 = EDGE_CURVE ( 'NONE', #7074, #6405, #6388, .T. ) ;
#7410 = FACE_OUTER_BOUND ( 'NONE', #10110, .T. ) ;
#7411 = DIRECTION ( 'NONE',  ( 0.0000000000000000000, -0.7071067811865471300, 0.7071067811865479100 ) ) ;
#7412 = ORIENTED_EDGE ( 'NONE', *, *, #7307, .F. ) ;
#7413 = EDGE_LOOP ( 'NONE', ( #3349, #7873, #5974, #6571, #313 ) ) ;
#7414 = DIRECTION ( 'NONE',  ( 0.0000000000000000000, -1.000000000000000000, -0.0000000000000000000 ) ) ;
#7415 = CARTESIAN_POINT ( 'NONE',  ( 2.035000000000000100, -3.424999999999999800, -1.599999999999999900 ) ) ;
#7416 = CARTESIAN_POINT ( 'NONE',  ( 3.285000000000000100, -3.924999999999999800, -1.300000000000000300 ) ) ;
#7417 = VERTEX_POINT ( 'NONE', #6115 ) ;
#7418 = VECTOR ( 'NONE', #5250, 1000.000000000000000 ) ;
#7419 = AXIS2_PLACEMENT_3D ( 'NONE', #4087, #7915, #8901 ) ;
#7420 = CARTESIAN_POINT ( 'NONE',  ( -3.200000000000000200, -0.4749999999999999200, -1.600000000000000100 ) ) ;
#7421 = ADVANCED_FACE ( 'NONE', ( #10074 ), #5078, .F. ) ;
#7422 = LINE ( 'NONE', #5360, #6178 ) ;
#7423 = LINE ( 'NONE', #5908, #2627 ) ;
#7424 = EDGE_CURVE ( 'NONE', #6753, #7895, #809, .T. ) ;
#7425 = ORIENTED_EDGE ( 'NONE', *, *, #6250, .T. ) ;
#7426 = ORIENTED_EDGE ( 'NONE', *, *, #10589, .F. ) ;
#7427 = ORIENTED_EDGE ( 'NONE', *, *, #74, .T. ) ;
#7428 = EDGE_CURVE ( 'NONE', #6535, #6916, #4832, .T. ) ;
#7429 = DIRECTION ( 'NONE',  ( -1.000000000000000000, 0.0000000000000000000, 0.0000000000000000000 ) ) ;
#7430 = ORIENTED_EDGE ( 'NONE', *, *, #2389, .F. ) ;
#7431 = AXIS2_PLACEMENT_3D ( 'NONE', #3174, #7137, #3362 ) ;
#7432 = DIRECTION ( 'NONE',  ( 0.0000000000000000000, 0.0000000000000000000, -1.000000000000000000 ) ) ;
#7433 = ORIENTED_EDGE ( 'NONE', *, *, #12516, .T. ) ;
#7434 = ADVANCED_FACE ( 'NONE', ( #12707 ), #1237, .F. ) ;
#7435 = PLANE ( 'NONE',  #9146 ) ;
#7436 = ORIENTED_EDGE ( 'NONE', *, *, #10697, .T. ) ;
#7437 = ORIENTED_EDGE ( 'NONE', *, *, #7782, .T. ) ;
#7438 = ORIENTED_EDGE ( 'NONE', *, *, #3159, .F. ) ;
#7439 = LINE ( 'NONE', #11055, #4511 ) ;
#7440 = CARTESIAN_POINT ( 'NONE',  ( 4.924999999999999800, 0.0000000000000000000, 1.600000000000000100 ) ) ;
#7441 = EDGE_CURVE ( 'NONE', #11463, #6696, #4543, .T. ) ;
#7442 = LINE ( 'NONE', #3533, #4810 ) ;
#7443 = ORIENTED_EDGE ( 'NONE', *, *, #12046, .F. ) ;
#7444 = CARTESIAN_POINT ( 'NONE',  ( 7.375000000000000900, -2.225000000000000100, -1.800000000000000300 ) ) ;
#7445 = DIRECTION ( 'NONE',  ( 0.7071067811865473500, 0.0000000000000000000, -0.7071067811865477900 ) ) ;
#7446 = ORIENTED_EDGE ( 'NONE', *, *, #7966, .F. ) ;
#7447 = CARTESIAN_POINT ( 'NONE',  ( 2.035000000000000100, -3.225000000000000100, -1.300000000000000300 ) ) ;
#7448 = EDGE_CURVE ( 'NONE', #6117, #5368, #1883, .T. ) ;
#7449 = DIRECTION ( 'NONE',  ( 0.0000000000000000000, 0.0000000000000000000, 1.000000000000000000 ) ) ;
#7450 = CARTESIAN_POINT ( 'NONE',  ( -5.875000000000000000, -2.225000000000000100, -1.800000000000000300 ) ) ;
#7451 = ADVANCED_FACE ( 'NONE', ( #512 ), #6074, .T. ) ;
#7452 = DIRECTION ( 'NONE',  ( -0.0000000000000000000, -1.000000000000000000, -0.0000000000000000000 ) ) ;
#7453 = ORIENTED_EDGE ( 'NONE', *, *, #9426, .F. ) ;
#7454 = ORIENTED_EDGE ( 'NONE', *, *, #5530, .F. ) ;
#7455 = FACE_OUTER_BOUND ( 'NONE', #513, .T. ) ;
#7456 = FACE_OUTER_BOUND ( 'NONE', #11339, .T. ) ;
#7457 = ORIENTED_EDGE ( 'NONE', *, *, #2995, .F. ) ;
#7458 = CARTESIAN_POINT ( 'NONE',  ( -0.4649999999999992500, -3.125000000000000000, -0.4250000000000000400 ) ) ;
#7459 = EDGE_LOOP ( 'NONE', ( #2492, #3784, #2830, #11818 ) ) ;
#7460 = EDGE_CURVE ( 'NONE', #6942, #4659, #9469, .T. ) ;
#7461 = CARTESIAN_POINT ( 'NONE',  ( 0.4650000000000000200, -0.2250000000000000600, -0.4749999999999999800 ) ) ;
#7462 = DIRECTION ( 'NONE',  ( 0.0000000000000000000, 0.0000000000000000000, 1.000000000000000000 ) ) ;
#7463 = PLANE ( 'NONE',  #3307 ) ;
#7464 = ORIENTED_EDGE ( 'NONE', *, *, #3396, .F. ) ;
#7465 = ORIENTED_EDGE ( 'NONE', *, *, #10564, .F. ) ;
#7466 = LINE ( 'NONE', #589, #2368 ) ;
#7467 = VECTOR ( 'NONE', #4198, 1000.000000000000000 ) ;
#7468 = ORIENTED_EDGE ( 'NONE', *, *, #5625, .F. ) ;
#7469 = EDGE_LOOP ( 'NONE', ( #3891, #12638, #4865, #3800 ) ) ;
#7470 = EDGE_LOOP ( 'NONE', ( #2080, #4540, #11297, #8121 ) ) ;
#7471 = VECTOR ( 'NONE', #1369, 1000.000000000000100 ) ;
#7472 = LINE ( 'NONE', #11865, #4694 ) ;
#7473 =( NAMED_UNIT ( * ) SI_UNIT ( $, .STERADIAN. ) SOLID_ANGLE_UNIT ( ) );
#7474 = EDGE_LOOP ( 'NONE', ( #10303, #2536, #5425, #4274 ) ) ;
#7475 = EDGE_CURVE ( 'NONE', #1512, #1881, #3474, .T. ) ;
#7476 = DIRECTION ( 'NONE',  ( 0.0000000000000000000, -0.0000000000000000000, -1.000000000000000000 ) ) ;
#7477 = AXIS2_PLACEMENT_3D ( 'NONE', #277, #6213, #8993 ) ;
#7478 = ADVANCED_FACE ( 'NONE', ( #6838 ), #11935, .F. ) ;
#7479 = ORIENTED_EDGE ( 'NONE', *, *, #6017, .F. ) ;
#7480 = LINE ( 'NONE', #10912, #9639 ) ;
#7481 = CARTESIAN_POINT ( 'NONE',  ( 1.715000000000000100, -4.025000000000000400, -1.800000000000000300 ) ) ;
#7482 = VERTEX_POINT ( 'NONE', #4132 ) ;
#7483 = FACE_OUTER_BOUND ( 'NONE', #4949, .T. ) ;
#7484 = VECTOR ( 'NONE', #1082, 1000.000000000000000 ) ;
#7485 = CARTESIAN_POINT ( 'NONE',  ( -6.349999999999999600, -2.225000000000000100, -0.6450000000000000200 ) ) ;
#7486 = DIRECTION ( 'NONE',  ( 1.000000000000000000, 0.0000000000000000000, -0.0000000000000000000 ) ) ;
#7487 = CARTESIAN_POINT ( 'NONE',  ( 4.535000000000000100, -3.924999999999999800, -1.300000000000000300 ) ) ;
#7488 = AXIS2_PLACEMENT_3D ( 'NONE', #63, #7975, #2061 ) ;
#7489 = VERTEX_POINT ( 'NONE', #8941 ) ;
#7490 = DIRECTION ( 'NONE',  ( 0.2033118901005039100, 0.9241449550023836900, -0.3234507342508329800 ) ) ;
#7491 = CARTESIAN_POINT ( 'NONE',  ( -2.034999999999998800, -1.975000000000000100, -0.1000000000000000100 ) ) ;
#7492 = VECTOR ( 'NONE', #9627, 1000.000000000000000 ) ;
#7493 = ADVANCED_FACE ( 'NONE', ( #11776 ), #91, .T. ) ;
#7494 = DIRECTION ( 'NONE',  ( 0.0000000000000000000, 0.0000000000000000000, 1.000000000000000000 ) ) ;
#7496 = EDGE_CURVE ( 'NONE', #12587, #12738, #11338, .T. ) ;
#7495 = ORIENTED_EDGE ( 'NONE', *, *, #10926, .F. ) ;
#7497 = ORIENTED_EDGE ( 'NONE', *, *, #323, .T. ) ;
#7498 = DIRECTION ( 'NONE',  ( 0.0000000000000000000, -0.0000000000000000000, -1.000000000000000000 ) ) ;
#7499 = CYLINDRICAL_SURFACE ( 'NONE', #12387, 0.4500000000000001200 ) ;
#7500 = DIRECTION ( 'NONE',  ( -1.000000000000000000, -0.0000000000000000000, -0.0000000000000000000 ) ) ;
#7501 = EDGE_CURVE ( 'NONE', #5082, #11532, #7142, .T. ) ;
#7502 = DIRECTION ( 'NONE',  ( -0.0000000000000000000, 0.3303504247281061600, 0.9438583563660174500 ) ) ;
#7503 = AXIS2_PLACEMENT_3D ( 'NONE', #12334, #10390, #10299 ) ;
#7504 = DIRECTION ( 'NONE',  ( -1.000000000000000000, 0.0000000000000000000, 0.0000000000000000000 ) ) ;
#7505 = ORIENTED_EDGE ( 'NONE', *, *, #11105, .T. ) ;
#7506 = LINE ( 'NONE', #3167, #9507 ) ;
#7507 = FACE_OUTER_BOUND ( 'NONE', #6100, .T. ) ;
#7508 = EDGE_LOOP ( 'NONE', ( #3709, #7944, #5700, #987 ) ) ;
#7509 = AXIS2_PLACEMENT_3D ( 'NONE', #153, #2101, #9044 ) ;
#7510 = ADVANCED_FACE ( 'NONE', ( #5906 ), #5073, .F. ) ;
#7511 = EDGE_CURVE ( 'NONE', #267, #5214, #3299, .T. ) ;
#7512 = DIRECTION ( 'NONE',  ( -1.000000000000000000, 0.0000000000000000000, -0.0000000000000000000 ) ) ;
#7513 = ORIENTED_EDGE ( 'NONE', *, *, #9000, .F. ) ;
#7514 = DIRECTION ( 'NONE',  ( 0.0000000000000000000, 0.0000000000000000000, -1.000000000000000000 ) ) ;
#7515 = CYLINDRICAL_SURFACE ( 'NONE', #6664, 0.2000000000000000900 ) ;
#7516 = EDGE_CURVE ( 'NONE', #4990, #11369, #10845, .T. ) ;
#7517 = VECTOR ( 'NONE', #4655, 1000.000000000000000 ) ;
#7518 = VECTOR ( 'NONE', #4824, 1000.000000000000000 ) ;
#7519 = ORIENTED_EDGE ( 'NONE', *, *, #4936, .F. ) ;
#7520 = ORIENTED_EDGE ( 'NONE', *, *, #3841, .F. ) ;
#7521 = ORIENTED_EDGE ( 'NONE', *, *, #8034, .T. ) ;
#7522 = CARTESIAN_POINT ( 'NONE',  ( 1.715000000000001400, -0.2250000000000002800, -0.8500000000000000900 ) ) ;
#7523 = CARTESIAN_POINT ( 'NONE',  ( 0.7850000000000010300, -4.208005078473780400, -0.1000000000000000100 ) ) ;
#7524 = DIRECTION ( 'NONE',  ( -0.2148617826750988400, -0.9766444667050946400, 0.0000000000000000000 ) ) ;
#7525 = CARTESIAN_POINT ( 'NONE',  ( 0.0000000000000000000, -2.625000000000000000, 1.600000000000000100 ) ) ;
#7526 = FACE_OUTER_BOUND ( 'NONE', #6912, .T. ) ;
#7527 = EDGE_CURVE ( 'NONE', #6185, #4926, #5610, .T. ) ;
#7528 = VECTOR ( 'NONE', #11196, 1000.000000000000000 ) ;
#7529 = DIRECTION ( 'NONE',  ( 0.0000000000000000000, 0.0000000000000000000, 1.000000000000000000 ) ) ;
#7530 = LINE ( 'NONE', #3450, #1657 ) ;
#7531 = ORIENTED_EDGE ( 'NONE', *, *, #7351, .F. ) ;
#7532 = LINE ( 'NONE', #6351, #7829 ) ;
#7533 = ORIENTED_EDGE ( 'NONE', *, *, #1290, .F. ) ;
#7534 = VERTEX_POINT ( 'NONE', #8905 ) ;
#7535 = DIRECTION ( 'NONE',  ( 0.0000000000000000000, 0.7071067811863974700, 0.7071067811866975600 ) ) ;
#7536 = CARTESIAN_POINT ( 'NONE',  ( 5.224999999999999600, -3.115000000000000200, -1.100000000000000100 ) ) ;
#7537 = DIRECTION ( 'NONE',  ( -0.2033118901005234200, 0.9241449550023794800, -0.3234507342508328200 ) ) ;
#7538 = VECTOR ( 'NONE', #8129, 1000.000000000000000 ) ;
#7539 = DIRECTION ( 'NONE',  ( -0.7071067811865321400, 0.0000000000000000000, -0.7071067811865628900 ) ) ;
#7540 = ADVANCED_FACE ( 'NONE', ( #10692 ), #9941, .F. ) ;
#7541 = LINE ( 'NONE', #4031, #593 ) ;
#7542 = LINE ( 'NONE', #11260, #7068 ) ;
#7543 = VECTOR ( 'NONE', #6988, 1000.000000000000000 ) ;
#7544 = ORIENTED_EDGE ( 'NONE', *, *, #7997, .F. ) ;
#7545 = VERTEX_POINT ( 'NONE', #9029 ) ;
#7546 = CARTESIAN_POINT ( 'NONE',  ( 2.964999999999999900, -4.224999999999999600, 1.600000000000000100 ) ) ;
#7547 = ORIENTED_EDGE ( 'NONE', *, *, #11380, .F. ) ;
#7548 = LINE ( 'NONE', #3001, #289 ) ;
#7549 = EDGE_CURVE ( 'NONE', #3410, #12793, #6698, .T. ) ;
#7550 = VECTOR ( 'NONE', #11320, 1000.000000000000000 ) ;
#7551 = LINE ( 'NONE', #2606, #9850 ) ;
#7552 = VECTOR ( 'NONE', #5807, 1000.000000000000000 ) ;
#7553 = ADVANCED_FACE ( 'NONE', ( #9319 ), #10026, .T. ) ;
#7554 = DIRECTION ( 'NONE',  ( 0.0000000000000000000, 1.000000000000000000, 0.0000000000000000000 ) ) ;
#7555 = VECTOR ( 'NONE', #7769, 1000.000000000000000 ) ;
#7556 = EDGE_LOOP ( 'NONE', ( #3266, #10991, #12678, #7772, #651, #4971, #3650, #6541, #8712, #1847, #9892, #8787, #12682, #11041, #3522, #3216 ) ) ;
#7557 = EDGE_CURVE ( 'NONE', #839, #9357, #11642, .T. ) ;
#7558 = ORIENTED_EDGE ( 'NONE', *, *, #8944, .T. ) ;
#7559 = CARTESIAN_POINT ( 'NONE',  ( 0.8750000000000000000, 0.0000000000000000000, 1.600000000000000100 ) ) ;
#7560 = LINE ( 'NONE', #9395, #4930 ) ;
#7561 = LINE ( 'NONE', #37, #8191 ) ;
#7562 = PLANE ( 'NONE',  #206 ) ;
#7563 = VECTOR ( 'NONE', #3289, 1000.000000000000100 ) ;
#7564 = CARTESIAN_POINT ( 'NONE',  ( -5.275000000000000400, 0.7750000000000001300, 0.3999999999999999700 ) ) ;
#7565 = PLANE ( 'NONE',  #10605 ) ;
#7566 = CARTESIAN_POINT ( 'NONE',  ( -4.214999999999999900, -4.025000000000000400, -1.800000000000000300 ) ) ;
#7567 = CARTESIAN_POINT ( 'NONE',  ( 4.299999999999999800, -0.4749999999999999800, -1.600000000000000100 ) ) ;
#7568 = ORIENTED_EDGE ( 'NONE', *, *, #6278, .T. ) ;
#7569 = VERTEX_POINT ( 'NONE', #10077 ) ;
#7570 = EDGE_CURVE ( 'NONE', #12191, #7576, #8071, .T. ) ;
#7571 = VERTEX_POINT ( 'NONE', #1048 ) ;
#7572 = ADVANCED_FACE ( 'NONE', ( #1439 ), #5028, .T. ) ;
#7573 = CARTESIAN_POINT ( 'NONE',  ( -3.285000000000000100, -3.625000000000000000, -1.800000000000000300 ) ) ;
#7574 = EDGE_LOOP ( 'NONE', ( #1856, #2209, #11653, #5351 ) ) ;
#7575 = EDGE_CURVE ( 'NONE', #5445, #9064, #7904, .T. ) ;
#7576 = VERTEX_POINT ( 'NONE', #8284 ) ;
#7577 = DIRECTION ( 'NONE',  ( 0.0000000000000000000, 0.0000000000000000000, -1.000000000000000000 ) ) ;
#7578 = DIRECTION ( 'NONE',  ( 0.0000000000000000000, -0.7071067811865474600, 0.7071067811865474600 ) ) ;
#7579 = PLANE ( 'NONE',  #11491 ) ;
#7580 = DIRECTION ( 'NONE',  ( -0.0000000000000000000, -0.0000000000000000000, 1.000000000000000000 ) ) ;
#7581 = ORIENTED_EDGE ( 'NONE', *, *, #10444, .T. ) ;
#7582 = ORIENTED_EDGE ( 'NONE', *, *, #4756, .T. ) ;
#7583 = ORIENTED_EDGE ( 'NONE', *, *, #3345, .T. ) ;
#7584 = CARTESIAN_POINT ( 'NONE',  ( -6.110000000000003000, -2.024999999999997200, -0.5619337613708085300 ) ) ;
#7585 = LINE ( 'NONE', #4637, #12683 ) ;
#7586 = CARTESIAN_POINT ( 'NONE',  ( -0.6250000000000000000, 0.02500000000000000100, -0.7624999999999999600 ) ) ;
#7587 = ORIENTED_EDGE ( 'NONE', *, *, #2983, .T. ) ;
#7588 = EDGE_CURVE ( 'NONE', #9291, #7685, #167, .T. ) ;
#7589 = ORIENTED_EDGE ( 'NONE', *, *, #12652, .F. ) ;
#7590 = ORIENTED_EDGE ( 'NONE', *, *, #4777, .T. ) ;
#7591 = EDGE_CURVE ( 'NONE', #4343, #9566, #8974, .T. ) ;
#7592 = VERTEX_POINT ( 'NONE', #4267 ) ;
#7593 = ORIENTED_EDGE ( 'NONE', *, *, #7791, .T. ) ;
#7594 = CARTESIAN_POINT ( 'NONE',  ( 0.0000000000000000000, -0.1749999999999999900, 1.200000000000000000 ) ) ;
#7595 = LINE ( 'NONE', #69, #2342 ) ;
#7596 = AXIS2_PLACEMENT_3D ( 'NONE', #12266, #8301, #5356 ) ;
#7597 = LINE ( 'NONE', #8848, #11474 ) ;
#7598 = EDGE_LOOP ( 'NONE', ( #12316, #4746, #6014, #10669 ) ) ;
#7599 = ORIENTED_EDGE ( 'NONE', *, *, #7007, .T. ) ;
#7600 = ORIENTED_EDGE ( 'NONE', *, *, #3665, .T. ) ;
#7601 = DIRECTION ( 'NONE',  ( 0.0000000000000000000, -0.0000000000000000000, -1.000000000000000000 ) ) ;
#7602 = EDGE_CURVE ( 'NONE', #7113, #10930, #7132, .T. ) ;
#7603 = ADVANCED_FACE ( 'NONE', ( #1734 ), #7277, .F. ) ;
#7604 = ORIENTED_EDGE ( 'NONE', *, *, #1395, .F. ) ;
#7605 = VERTEX_POINT ( 'NONE', #367 ) ;
#7606 = VECTOR ( 'NONE', #1163, 1000.000000000000000 ) ;
#7607 = CARTESIAN_POINT ( 'NONE',  ( -6.870000000000000100, -0.02499999999999984900, -0.2950000000000000400 ) ) ;
#7608 = VECTOR ( 'NONE', #9212, 1000.000000000000000 ) ;
#7609 = PLANE ( 'NONE',  #7395 ) ;
#7610 = ORIENTED_EDGE ( 'NONE', *, *, #4194, .F. ) ;
#7611 = EDGE_CURVE ( 'NONE', #8597, #9291, #9745, .T. ) ;
#7612 = DIRECTION ( 'NONE',  ( -0.0000000000000000000, 1.000000000000000000, -0.0000000000000000000 ) ) ;
#7613 = CARTESIAN_POINT ( 'NONE',  ( -6.450000000000000200, -2.225000000000000100, -0.6450000000000000200 ) ) ;
#7614 = EDGE_LOOP ( 'NONE', ( #7881, #3269, #6725, #5845 ) ) ;
#7615 = CARTESIAN_POINT ( 'NONE',  ( -6.870000000000000100, 0.07499999999999999700, -1.800000000000000300 ) ) ;
#7616 = EDGE_LOOP ( 'NONE', ( #4433, #1912, #8204, #11298 ) ) ;
#7617 = LINE ( 'NONE', #9762, #12573 ) ;
#7618 = CARTESIAN_POINT ( 'NONE',  ( -4.214999999999999900, -4.224999999999999600, 1.600000000000000100 ) ) ;
#7619 = FACE_OUTER_BOUND ( 'NONE', #338, .T. ) ;
#7620 = VERTEX_POINT ( 'NONE', #4312 ) ;
#7621 = ADVANCED_FACE ( 'NONE', ( #1581 ), #11209, .T. ) ;
#7622 = DIRECTION ( 'NONE',  ( 0.0000000000000000000, 0.7071067811866975600, -0.7071067811863974700 ) ) ;
#7623 = ORIENTED_EDGE ( 'NONE', *, *, #7973, .T. ) ;
#7624 = CARTESIAN_POINT ( 'NONE',  ( 6.449999999999999300, -2.225000000000000100, -0.2949999999999999800 ) ) ;
#7625 = DIRECTION ( 'NONE',  ( -1.000000000000000000, -0.0000000000000000000, -0.0000000000000000000 ) ) ;
#7626 = EDGE_CURVE ( 'NONE', #2008, #11658, #6049, .T. ) ;
#7627 = ORIENTED_EDGE ( 'NONE', *, *, #7343, .T. ) ;
#7628 = ORIENTED_EDGE ( 'NONE', *, *, #2293, .F. ) ;
#7629 = LINE ( 'NONE', #1958, #6859 ) ;
#7630 = PLANE ( 'NONE',  #12690 ) ;
#7631 = LINE ( 'NONE', #5588, #2383 ) ;
#7632 = ADVANCED_FACE ( 'NONE', ( #3464 ), #7187, .T. ) ;
#7633 = CARTESIAN_POINT ( 'NONE',  ( 3.375000000000000000, -2.625000000000000000, 1.100000000000000100 ) ) ;
#7634 = VERTEX_POINT ( 'NONE', #2263 ) ;
#7635 = AXIS2_PLACEMENT_3D ( 'NONE', #12031, #9093, #1380 ) ;
#7636 = LINE ( 'NONE', #5390, #12593 ) ;
#7637 = DIRECTION ( 'NONE',  ( 0.0000000000000000000, -1.000000000000000000, -0.0000000000000000000 ) ) ;
#7638 = EDGE_LOOP ( 'NONE', ( #664, #3899, #325, #11335, #10778 ) ) ;
#7639 = VECTOR ( 'NONE', #12349, 1000.000000000000000 ) ;
#7640 = VECTOR ( 'NONE', #1945, 999.9999999999998900 ) ;
#7641 = EDGE_CURVE ( 'NONE', #11823, #10076, #11325, .T. ) ;
#7642 = CARTESIAN_POINT ( 'NONE',  ( 2.964999999999999900, -3.125000000000000000, -0.9250000000000000400 ) ) ;
#7643 = AXIS2_PLACEMENT_3D ( 'NONE', #1345, #8611, #7601 ) ;
#7644 = PLANE ( 'NONE',  #10405 ) ;
#7645 = DIRECTION ( 'NONE',  ( 0.0000000000000000000, 0.0000000000000000000, 1.000000000000000000 ) ) ;
#7646 = ORIENTED_EDGE ( 'NONE', *, *, #2139, .F. ) ;
#7647 = PLANE ( 'NONE',  #56 ) ;
#7648 = LINE ( 'NONE', #6053, #2403 ) ;
#7649 = DIRECTION ( 'NONE',  ( 1.000000000000000000, 0.0000000000000000000, 0.0000000000000000000 ) ) ;
#7650 = ORIENTED_EDGE ( 'NONE', *, *, #3861, .T. ) ;
#7651 = DIRECTION ( 'NONE',  ( 0.0000000000000000000, 0.0000000000000000000, 1.000000000000000000 ) ) ;
#7652 = AXIS2_PLACEMENT_3D ( 'NONE', #1935, #11747, #1774 ) ;
#7653 = ORIENTED_EDGE ( 'NONE', *, *, #7602, .T. ) ;
#7654 = PLANE ( 'NONE',  #11030 ) ;
#7655 = DIRECTION ( 'NONE',  ( -0.0000000000000000000, -0.0000000000000000000, 1.000000000000000000 ) ) ;
#7656 = CARTESIAN_POINT ( 'NONE',  ( 2.035000000000000100, -3.775000000000000400, -0.5749999999999999600 ) ) ;
#7657 = EDGE_CURVE ( 'NONE', #9183, #6953, #2670, .T. ) ;
#7658 = LINE ( 'NONE', #4550, #11970 ) ;
#7659 = CARTESIAN_POINT ( 'NONE',  ( 2.964999999999999900, -3.125000000000000000, -1.300000000000000300 ) ) ;
#7660 = FACE_OUTER_BOUND ( 'NONE', #10222, .T. ) ;
#7661 = CARTESIAN_POINT ( 'NONE',  ( 1.875000000000000000, 0.02500000000000000100, -0.1875000000000000000 ) ) ;
#7662 = LINE ( 'NONE', #3320, #3830 ) ;
#7663 = EDGE_LOOP ( 'NONE', ( #7275, #2276, #1793, #12205 ) ) ;
#7664 = EDGE_CURVE ( 'NONE', #1401, #3902, #12694, .T. ) ;
#7665 = DIRECTION ( 'NONE',  ( -0.0000000000000000000, -1.000000000000000000, -0.0000000000000000000 ) ) ;
#7666 = ORIENTED_EDGE ( 'NONE', *, *, #2683, .T. ) ;
#7667 = AXIS2_PLACEMENT_3D ( 'NONE', #12586, #3674, #3753 ) ;
#7668 = LINE ( 'NONE', #6163, #3828 ) ;
#7669 = VECTOR ( 'NONE', #2299, 1000.000000000000000 ) ;
#7670 = EDGE_CURVE ( 'NONE', #12093, #9899, #10061, .T. ) ;
#7671 = ORIENTED_EDGE ( 'NONE', *, *, #2196, .F. ) ;
#7672 = CARTESIAN_POINT ( 'NONE',  ( -0.7849999999999983700, -1.975000000000000100, -0.8499999999999999800 ) ) ;
#7673 = VERTEX_POINT ( 'NONE', #6329 ) ;
#7674 = EDGE_LOOP ( 'NONE', ( #9240, #1068, #5023, #6197 ) ) ;
#7675 = ADVANCED_FACE ( 'NONE', ( #7456 ), #3275, .F. ) ;
#7676 = CARTESIAN_POINT ( 'NONE',  ( 5.575000000000000200, 0.9749999999999999800, 0.3999999999999999700 ) ) ;
#7677 = EDGE_CURVE ( 'NONE', #4951, #2502, #12072, .T. ) ;
#7678 = FACE_OUTER_BOUND ( 'NONE', #5418, .T. ) ;
#7679 = DIRECTION ( 'NONE',  ( 0.0000000000000000000, -0.7071067811865475700, -0.7071067811865475700 ) ) ;
#7680 = AXIS2_PLACEMENT_3D ( 'NONE', #10014, #1942, #1987 ) ;
#7681 = FACE_OUTER_BOUND ( 'NONE', #5988, .T. ) ;
#7682 = VECTOR ( 'NONE', #7990, 1000.000000000000000 ) ;
#7683 = CARTESIAN_POINT ( 'NONE',  ( -1.925000000000001400, 0.2750000000000003000, -0.2749999999999999700 ) ) ;
#7684 = LINE ( 'NONE', #4357, #11699 ) ;
#7685 = VERTEX_POINT ( 'NONE', #12110 ) ;
#7686 = VERTEX_POINT ( 'NONE', #8193 ) ;
#7687 = CARTESIAN_POINT ( 'NONE',  ( -1.715000000000000100, -3.425000000000000300, -1.600000000000000100 ) ) ;
#7688 = ORIENTED_EDGE ( 'NONE', *, *, #697, .T. ) ;
#7689 = CARTESIAN_POINT ( 'NONE',  ( 0.3750000000000000000, -2.625000000000000000, 1.100000000000000100 ) ) ;
#7690 = DIRECTION ( 'NONE',  ( 0.0000000000000000000, 0.0000000000000000000, -1.000000000000000000 ) ) ;
#7691 = EDGE_CURVE ( 'NONE', #9459, #5470, #4528, .T. ) ;
#7692 = CARTESIAN_POINT ( 'NONE',  ( 2.875000000000000000, -2.625000000000000000, 1.600000000000000100 ) ) ;
#7693 = FACE_OUTER_BOUND ( 'NONE', #3770, .T. ) ;
#7694 = FACE_OUTER_BOUND ( 'NONE', #11524, .T. ) ;
#7695 = FACE_OUTER_BOUND ( 'NONE', #9063, .T. ) ;
#7696 = DIRECTION ( 'NONE',  ( -0.0000000000000000000, 0.0000000000000000000, 1.000000000000000000 ) ) ;
#7697 = CARTESIAN_POINT ( 'NONE',  ( 0.7850000000000010300, -3.125000000000000000, -0.1000000000000000100 ) ) ;
#7698 = VERTEX_POINT ( 'NONE', #2223 ) ;
#7699 = VERTEX_POINT ( 'NONE', #224 ) ;
#7700 = CARTESIAN_POINT ( 'NONE',  ( 9.090000000000001600, -3.125000000000000000, -1.300000000000000300 ) ) ;
#7701 = EDGE_LOOP ( 'NONE', ( #7280, #10235, #11941, #3046, #9978 ) ) ;
#7702 = ORIENTED_EDGE ( 'NONE', *, *, #10891, .T. ) ;
#7703 = DIRECTION ( 'NONE',  ( 0.0000000000000000000, 0.0000000000000000000, 1.000000000000000000 ) ) ;
#7704 = CARTESIAN_POINT ( 'NONE',  ( 0.5749999999999946300, 0.2750000000000011900, -0.6750000000000001600 ) ) ;
#7705 = DIRECTION ( 'NONE',  ( 0.0000000000000000000, 0.0000000000000000000, -1.000000000000000000 ) ) ;
#7706 = DIRECTION ( 'NONE',  ( 0.0000000000000000000, 0.0000000000000000000, -1.000000000000000000 ) ) ;
#7707 = VECTOR ( 'NONE', #3764, 1000.000000000000000 ) ;
#7708 = LINE ( 'NONE', #9144, #5077 ) ;
#7709 = LINE ( 'NONE', #3175, #3078 ) ;
#7710 = CARTESIAN_POINT ( 'NONE',  ( -7.070000000000000300, -2.225000000000000500, -0.7700000000000000200 ) ) ;
#7711 = AXIS2_PLACEMENT_3D ( 'NONE', #4013, #11895, #9943 ) ;
#7712 = ORIENTED_EDGE ( 'NONE', *, *, #7730, .F. ) ;
#7713 = ORIENTED_EDGE ( 'NONE', *, *, #3835, .T. ) ;
#7714 = PLANE ( 'NONE',  #9810 ) ;
#7715 = EDGE_CURVE ( 'NONE', #875, #10684, #23, .T. ) ;
#7716 = ORIENTED_EDGE ( 'NONE', *, *, #7930, .T. ) ;
#7717 = FACE_OUTER_BOUND ( 'NONE', #10637, .T. ) ;
#7718 = AXIS2_PLACEMENT_3D ( 'NONE', #5599, #6634, #10558 ) ;
#7719 = DIRECTION ( 'NONE',  ( -0.0000000000000000000, 0.0000000000000000000, -1.000000000000000000 ) ) ;
#7720 = LINE ( 'NONE', #9663, #2155 ) ;
#7721 = CARTESIAN_POINT ( 'NONE',  ( -0.8750000000000000000, 0.0000000000000000000, 1.600000000000000100 ) ) ;
#7722 = EDGE_LOOP ( 'NONE', ( #12384, #8644, #11773, #9194 ) ) ;
#7723 = EDGE_LOOP ( 'NONE', ( #3855, #8399, #5492, #8254, #8726 ) ) ;
#7724 = ORIENTED_EDGE ( 'NONE', *, *, #3415, .F. ) ;
#7725 = ORIENTED_EDGE ( 'NONE', *, *, #7670, .F. ) ;
#7726 =( NAMED_UNIT ( * ) PLANE_ANGLE_UNIT ( ) SI_UNIT ( $, .RADIAN. ) );
#7727 = ORIENTED_EDGE ( 'NONE', *, *, #10017, .T. ) ;
#7728 = DIRECTION ( 'NONE',  ( 0.0000000000000000000, -0.0000000000000000000, 1.000000000000000000 ) ) ;
#7730 = EDGE_CURVE ( 'NONE', #5445, #6365, #10238, .T. ) ;
#7729 = EDGE_LOOP ( 'NONE', ( #10701, #6569, #6128, #12218 ) ) ;
#7731 = DIRECTION ( 'NONE',  ( 1.000000000000000000, 0.0000000000000000000, -0.0000000000000000000 ) ) ;
#7732 = ORIENTED_EDGE ( 'NONE', *, *, #7736, .F. ) ;
#7733 = ORIENTED_EDGE ( 'NONE', *, *, #8916, .F. ) ;
#7734 = VECTOR ( 'NONE', #11364, 1000.000000000000000 ) ;
#7735 = VECTOR ( 'NONE', #11155, 1000.000000000000000 ) ;
#7736 = EDGE_CURVE ( 'NONE', #8597, #2158, #799, .T. ) ;
#7737 = VERTEX_POINT ( 'NONE', #8542 ) ;
#7738 = DIRECTION ( 'NONE',  ( -0.0000000000000000000, -1.000000000000000000, 0.0000000000000000000 ) ) ;
#7739 = ADVANCED_FACE ( 'NONE', ( #4212 ), #11346, .T. ) ;
#7740 = DIRECTION ( 'NONE',  ( 1.000000000000000000, 0.0000000000000000000, -0.0000000000000000000 ) ) ;
#7741 = DIRECTION ( 'NONE',  ( -1.000000000000000000, -0.0000000000000000000, -0.0000000000000000000 ) ) ;
#7742 = EDGE_LOOP ( 'NONE', ( #9642, #4797, #8945, #3738, #201, #10861 ) ) ;
#7743 = CARTESIAN_POINT ( 'NONE',  ( 0.7850000000000010300, -3.125000000000000000, -0.8499999999999999800 ) ) ;
#7744 =( GEOMETRIC_REPRESENTATION_CONTEXT ( 3 ) GLOBAL_UNCERTAINTY_ASSIGNED_CONTEXT ( ( #8782 ) ) GLOBAL_UNIT_ASSIGNED_CONTEXT ( ( #9271, #7373, #3374 ) ) REPRESENTATION_CONTEXT ( 'NONE', 'WORKASPACE' ) );
#7745 = ORIENTED_EDGE ( 'NONE', *, *, #4188, .T. ) ;
#7746 = EDGE_LOOP ( 'NONE', ( #1707, #1562, #7733, #12627 ) ) ;
#7747 = VECTOR ( 'NONE', #12747, 1000.000000000000000 ) ;
#7748 = EDGE_CURVE ( 'NONE', #1080, #2961, #10549, .T. ) ;
#7749 = VECTOR ( 'NONE', #6375, 1000.000000000000000 ) ;
#7750 = DIRECTION ( 'NONE',  ( 0.0000000000000000000, -0.0000000000000000000, 1.000000000000000000 ) ) ;
#7751 = VERTEX_POINT ( 'NONE', #5500 ) ;
#7752 = ORIENTED_EDGE ( 'NONE', *, *, #1352, .T. ) ;
#7753 = DIRECTION ( 'NONE',  ( -0.0000000000000000000, 0.0000000000000000000, -1.000000000000000000 ) ) ;
#7754 = EDGE_CURVE ( 'NONE', #5816, #1926, #10999, .T. ) ;
#7755 = AXIS2_PLACEMENT_3D ( 'NONE', #7107, #8054, #11084 ) ;
#7756 = PLANE ( 'NONE',  #4468 ) ;
#7757 = VERTEX_POINT ( 'NONE', #10386 ) ;
#7758 = ORIENTED_EDGE ( 'NONE', *, *, #5362, .T. ) ;
#7759 = LINE ( 'NONE', #4890, #12258 ) ;
#7760 = VECTOR ( 'NONE', #4184, 1000.000000000000000 ) ;
#7761 = ORIENTED_EDGE ( 'NONE', *, *, #10468, .T. ) ;
#7762 = ORIENTED_EDGE ( 'NONE', *, *, #1177, .F. ) ;
#7763 = ORIENTED_EDGE ( 'NONE', *, *, #6834, .F. ) ;
#7764 = CARTESIAN_POINT ( 'NONE',  ( -2.035000000000000100, -3.775000000000000400, -0.4249999999999999300 ) ) ;
#7765 = EDGE_CURVE ( 'NONE', #1348, #11436, #12564, .T. ) ;
#7766 = CARTESIAN_POINT ( 'NONE',  ( -4.214999999999999900, -4.224999999999999600, -1.300000000000000300 ) ) ;
#7767 = ORIENTED_EDGE ( 'NONE', *, *, #4544, .F. ) ;
#7768 = LINE ( 'NONE', #10186, #9164 ) ;
#7769 = DIRECTION ( 'NONE',  ( -0.0000000000000000000, -0.0000000000000000000, -1.000000000000000000 ) ) ;
#7770 = CARTESIAN_POINT ( 'NONE',  ( -6.440000000000000400, -2.125000000000000000, -1.400000000000000100 ) ) ;
#7771 = DIRECTION ( 'NONE',  ( 0.0000000000000000000, 1.000000000000000000, 0.0000000000000000000 ) ) ;
#7772 = ORIENTED_EDGE ( 'NONE', *, *, #6151, .T. ) ;
#7773 = DIRECTION ( 'NONE',  ( 0.0000000000000000000, 0.0000000000000000000, -1.000000000000000000 ) ) ;
#7774 = DIRECTION ( 'NONE',  ( 0.0000000000000000000, 0.0000000000000000000, 1.000000000000000000 ) ) ;
#7775 = CARTESIAN_POINT ( 'NONE',  ( 0.0000000000000000000, -2.625000000000000000, 1.600000000000000100 ) ) ;
#7776 = VECTOR ( 'NONE', #12124, 1000.000000000000000 ) ;
#7777 = DIRECTION ( 'NONE',  ( 0.0000000000000000000, -0.0000000000000000000, -1.000000000000000000 ) ) ;
#7778 = ORIENTED_EDGE ( 'NONE', *, *, #5633, .F. ) ;
#7779 = VECTOR ( 'NONE', #3935, 1000.000000000000000 ) ;
#7780 = PLANE ( 'NONE',  #8259 ) ;
#7781 = VECTOR ( 'NONE', #259, 1000.000000000000000 ) ;
#7782 = EDGE_CURVE ( 'NONE', #6712, #5567, #5748, .T. ) ;
#7783 = CARTESIAN_POINT ( 'NONE',  ( 5.275000000000000400, 0.9749999999999999800, 1.200000000000000000 ) ) ;
#7784 = PLANE ( 'NONE',  #1475 ) ;
#7785 = EDGE_CURVE ( 'NONE', #6465, #1604, #9305, .T. ) ;
#7786 = ORIENTED_EDGE ( 'NONE', *, *, #7511, .F. ) ;
#7787 = CARTESIAN_POINT ( 'NONE',  ( 1.715000000000000100, -3.125000000000000000, -0.9250000000000000400 ) ) ;
#7788 = DIRECTION ( 'NONE',  ( 1.000000000000000000, 0.0000000000000000000, -0.0000000000000000000 ) ) ;
#7789 = ORIENTED_EDGE ( 'NONE', *, *, #6573, .F. ) ;
#7790 = LINE ( 'NONE', #1733, #9493 ) ;
#7791 = EDGE_CURVE ( 'NONE', #1057, #10231, #2357, .T. ) ;
#7792 = FACE_OUTER_BOUND ( 'NONE', #4989, .T. ) ;
#7793 = DIRECTION ( 'NONE',  ( 1.000000000000000000, 0.0000000000000000000, 0.0000000000000000000 ) ) ;
#7794 = ORIENTED_EDGE ( 'NONE', *, *, #2287, .T. ) ;
#7795 = FACE_OUTER_BOUND ( 'NONE', #2180, .T. ) ;
#7796 = PLANE ( 'NONE',  #3133 ) ;
#7797 = ADVANCED_FACE ( 'NONE', ( #12393 ), #4979, .T. ) ;
#7798 = PLANE ( 'NONE',  #3261 ) ;
#7799 = ORIENTED_EDGE ( 'NONE', *, *, #1229, .T. ) ;
#7800 = FACE_OUTER_BOUND ( 'NONE', #6361, .T. ) ;
#7801 = EDGE_CURVE ( 'NONE', #1205, #4047, #1428, .T. ) ;
#7802 = LINE ( 'NONE', #7567, #1488 ) ;
#7803 = PLANE ( 'NONE',  #8570 ) ;
#7804 = ORIENTED_EDGE ( 'NONE', *, *, #5362, .F. ) ;
#7805 = DIRECTION ( 'NONE',  ( 0.0000000000000000000, 0.0000000000000000000, -1.000000000000000000 ) ) ;
#7806 = EDGE_CURVE ( 'NONE', #5613, #5304, #12248, .T. ) ;
#7807 = DIRECTION ( 'NONE',  ( -0.0000000000000000000, -0.0000000000000000000, -1.000000000000000000 ) ) ;
#7808 = CARTESIAN_POINT ( 'NONE',  ( 4.215000000000001600, -3.125000000000000000, -0.1000000000000000100 ) ) ;
#7809 =( LENGTH_UNIT ( ) NAMED_UNIT ( * ) SI_UNIT ( .MILLI., .METRE. ) );
#7810 = FACE_OUTER_BOUND ( 'NONE', #10602, .T. ) ;
#7811 = CARTESIAN_POINT ( 'NONE',  ( 6.339999999999999900, -2.225000000000000100, -0.5699999999999999500 ) ) ;
#7812 = LINE ( 'NONE', #5120, #6288 ) ;
#7813 = DIRECTION ( 'NONE',  ( 0.0000000000000000000, 0.0000000000000000000, 1.000000000000000000 ) ) ;
#7814 = LINE ( 'NONE', #10113, #8610 ) ;
#7815 = ORIENTED_EDGE ( 'NONE', *, *, #8704, .F. ) ;
#7816 = ORIENTED_EDGE ( 'NONE', *, *, #11709, .T. ) ;
#7817 = ORIENTED_EDGE ( 'NONE', *, *, #9490, .T. ) ;
#7818 = DIRECTION ( 'NONE',  ( 0.7071067811865486800, 0.0000000000000000000, -0.7071067811865464600 ) ) ;
#7819 = EDGE_CURVE ( 'NONE', #5784, #2321, #2029, .T. ) ;
#7820 = CARTESIAN_POINT ( 'NONE',  ( -4.375000000000000000, 0.02500000000000000100, -0.7624999999999999600 ) ) ;
#7821 = DIRECTION ( 'NONE',  ( 0.0000000000000000000, -0.0000000000000000000, -1.000000000000000000 ) ) ;
#7822 = VECTOR ( 'NONE', #490, 1000.000000000000000 ) ;
#7823 = EDGE_CURVE ( 'NONE', #5265, #6830, #9908, .T. ) ;
#7824 = CARTESIAN_POINT ( 'NONE',  ( 4.535000000000000100, -3.225000000000000100, -0.9250000000000000400 ) ) ;
#7825 = VECTOR ( 'NONE', #9968, 1000.000000000000000 ) ;
#7826 = MECHANICAL_DESIGN_GEOMETRIC_PRESENTATION_REPRESENTATION (  '', ( #8084 ), #11652 ) ;
#7827 = VERTEX_POINT ( 'NONE', #1449 ) ;
#7828 = CARTESIAN_POINT ( 'NONE',  ( -0.4650000000000000200, -3.625000000000000000, -1.800000000000000300 ) ) ;
#7829 = VECTOR ( 'NONE', #7299, 1000.000000000000000 ) ;
#7830 = ORIENTED_EDGE ( 'NONE', *, *, #962, .F. ) ;
#7831 = CARTESIAN_POINT ( 'NONE',  ( 3.285000000000000100, -4.224999999999999600, -1.600000000000000100 ) ) ;
#7832 = VERTEX_POINT ( 'NONE', #7458 ) ;
#7833 = AXIS2_PLACEMENT_3D ( 'NONE', #547, #7502, #4615 ) ;
#7834 = LINE ( 'NONE', #540, #7224 ) ;
#7835 = EDGE_CURVE ( 'NONE', #8952, #10696, #9615, .T. ) ;
#7836 = VECTOR ( 'NONE', #205, 1000.000000000000000 ) ;
#7837 = CARTESIAN_POINT ( 'NONE',  ( 2.035000000000000100, -3.225000000000000100, -0.9250000000000000400 ) ) ;
#7838 = VECTOR ( 'NONE', #6285, 1000.000000000000000 ) ;
#7839 = LINE ( 'NONE', #11012, #5685 ) ;
#7840 = VERTEX_POINT ( 'NONE', #8374 ) ;
#7841 = CARTESIAN_POINT ( 'NONE',  ( -3.600000000000001400, 0.9749999999999999800, -1.400000000000000100 ) ) ;
#7842 = ORIENTED_EDGE ( 'NONE', *, *, #10391, .T. ) ;
#7843 = ORIENTED_EDGE ( 'NONE', *, *, #4647, .F. ) ;
#7844 = EDGE_CURVE ( 'NONE', #12561, #10485, #11922, .T. ) ;
#7845 = FACE_OUTER_BOUND ( 'NONE', #7701, .T. ) ;
#7846 = LINE ( 'NONE', #7111, #12503 ) ;
#7847 = CARTESIAN_POINT ( 'NONE',  ( -0.7849999999999945900, -0.2250000000000012000, -0.09999999999999977000 ) ) ;
#7848 = LINE ( 'NONE', #10259, #11861 ) ;
#7849 = DIRECTION ( 'NONE',  ( 0.0000000000000000000, 0.0000000000000000000, -1.000000000000000000 ) ) ;
#7850 = VECTOR ( 'NONE', #8634, 1000.000000000000000 ) ;
#7851 = DIRECTION ( 'NONE',  ( -1.000000000000000000, 0.0000000000000000000, 0.0000000000000000000 ) ) ;
#7852 = DIRECTION ( 'NONE',  ( 1.000000000000000000, 0.0000000000000000000, 0.0000000000000000000 ) ) ;
#7853 = CARTESIAN_POINT ( 'NONE',  ( -6.110000000000001200, -0.02499999999999984900, -0.2700000000000000200 ) ) ;
#7854 = LINE ( 'NONE', #5544, #11867 ) ;
#7855 = ORIENTED_EDGE ( 'NONE', *, *, #9069, .T. ) ;
#7856 = VERTEX_POINT ( 'NONE', #453 ) ;
#7857 = LINE ( 'NONE', #4314, #7247 ) ;
#7858 = VECTOR ( 'NONE', #2071, 1000.000000000000000 ) ;
#7859 = ADVANCED_FACE ( 'NONE', ( #499 ), #12590, .T. ) ;
#7860 = VECTOR ( 'NONE', #9739, 1000.000000000000000 ) ;
#7861 = DIRECTION ( 'NONE',  ( 0.0000000000000000000, 0.0000000000000000000, -1.000000000000000000 ) ) ;
#7862 = DIRECTION ( 'NONE',  ( -1.000000000000000000, 0.0000000000000000000, 0.0000000000000000000 ) ) ;
#7863 = CARTESIAN_POINT ( 'NONE',  ( -5.575000000000000200, 0.9749999999999999800, -1.200000000000000000 ) ) ;
#7864 = ORIENTED_EDGE ( 'NONE', *, *, #804, .T. ) ;
#7865 = ORIENTED_EDGE ( 'NONE', *, *, #9555, .F. ) ;
#7866 = EDGE_LOOP ( 'NONE', ( #5252, #5174, #6016, #8387 ) ) ;
#7867 = DIRECTION ( 'NONE',  ( 0.0000000000000000000, -0.0000000000000000000, -1.000000000000000000 ) ) ;
#7868 = ORIENTED_EDGE ( 'NONE', *, *, #11833, .T. ) ;
#7869 = DIRECTION ( 'NONE',  ( 0.0000000000000000000, -1.000000000000000000, 0.0000000000000000000 ) ) ;
#7870 = ORIENTED_EDGE ( 'NONE', *, *, #8436, .F. ) ;
#7871 = DIRECTION ( 'NONE',  ( -0.0000000000000000000, 0.0000000000000000000, -1.000000000000000000 ) ) ;
#7872 = VERTEX_POINT ( 'NONE', #12506 ) ;
#7873 = ORIENTED_EDGE ( 'NONE', *, *, #10275, .F. ) ;
#7874 = EDGE_CURVE ( 'NONE', #11312, #10454, #10225, .T. ) ;
#7875 = ORIENTED_EDGE ( 'NONE', *, *, #1028, .T. ) ;
#7876 = FACE_OUTER_BOUND ( 'NONE', #3912, .T. ) ;
#7877 = VECTOR ( 'NONE', #700, 1000.000000000000000 ) ;
#7878 = AXIS2_PLACEMENT_3D ( 'NONE', #2642, #662, #8569 ) ;
#7879 = CARTESIAN_POINT ( 'NONE',  ( -5.875000000000000000, 0.9749999999999999800, -1.500000000000000000 ) ) ;
#7880 = ORIENTED_EDGE ( 'NONE', *, *, #4054, .T. ) ;
#7881 = ORIENTED_EDGE ( 'NONE', *, *, #294, .F. ) ;
#7882 = ORIENTED_EDGE ( 'NONE', *, *, #4249, .F. ) ;
#7883 = CARTESIAN_POINT ( 'NONE',  ( -6.870000000000000100, -2.225000000000000100, -0.2950000000000000400 ) ) ;
#7884 = VERTEX_POINT ( 'NONE', #6589 ) ;
#7885 = ORIENTED_EDGE ( 'NONE', *, *, #7664, .T. ) ;
#7886 = VECTOR ( 'NONE', #1933, 1000.000000000000000 ) ;
#7887 = DIRECTION ( 'NONE',  ( 0.0000000000000000000, -0.0000000000000000000, -1.000000000000000000 ) ) ;
#7888 = VECTOR ( 'NONE', #5921, 1000.000000000000000 ) ;
#7889 = DIRECTION ( 'NONE',  ( -1.000000000000000000, 0.0000000000000000000, -0.0000000000000000000 ) ) ;
#7890 = EDGE_LOOP ( 'NONE', ( #7920, #11647, #797, #2471, #12616, #375, #6487, #1171, #6903, #981, #5870, #4502, #8518, #6915, #4412, #5117 ) ) ;
#7891 = DIRECTION ( 'NONE',  ( -0.2033118901005239500, 0.9241449550023792500, -0.3234507342508327600 ) ) ;
#7892 = DIRECTION ( 'NONE',  ( 0.0000000000000000000, 0.0000000000000000000, -1.000000000000000000 ) ) ;
#7893 = ORIENTED_EDGE ( 'NONE', *, *, #1542, .T. ) ;
#7894 = EDGE_CURVE ( 'NONE', #1132, #5828, #3449, .T. ) ;
#7895 = VERTEX_POINT ( 'NONE', #8622 ) ;
#7896 = PLANE ( 'NONE',  #402 ) ;
#7897 = CARTESIAN_POINT ( 'NONE',  ( -3.899999999999999900, -0.4749999999999999800, -1.200000000000000000 ) ) ;
#7898 = EDGE_CURVE ( 'NONE', #1473, #6045, #8679, .T. ) ;
#7899 = VERTEX_POINT ( 'NONE', #10673 ) ;
#7900 = ORIENTED_EDGE ( 'NONE', *, *, #813, .F. ) ;
#7901 = VECTOR ( 'NONE', #10935, 999.9999999999998900 ) ;
#7902 = CARTESIAN_POINT ( 'NONE',  ( -2.125000000000000000, -3.225000000000000100, -1.800000000000000300 ) ) ;
#7903 = AXIS2_PLACEMENT_3D ( 'NONE', #2172, #3087, #6967 ) ;
#7904 = LINE ( 'NONE', #8242, #8687 ) ;
#7905 = CARTESIAN_POINT ( 'NONE',  ( 4.214999999999999900, -3.225000000000000100, -0.9250000000000000400 ) ) ;
#7906 = ORIENTED_EDGE ( 'NONE', *, *, #5862, .F. ) ;
#7907 = DIRECTION ( 'NONE',  ( 0.0000000000000000000, -1.000000000000000000, 0.0000000000000000000 ) ) ;
#7908 = CARTESIAN_POINT ( 'NONE',  ( 0.4650000000000018600, -1.975000000000000100, -0.8499999999999999800 ) ) ;
#7909 = CARTESIAN_POINT ( 'NONE',  ( -4.534999999999999300, -3.125000000000000000, -0.8499999999999999800 ) ) ;
#7910 = VERTEX_POINT ( 'NONE', #3597 ) ;
#7911 = AXIS2_PLACEMENT_3D ( 'NONE', #10089, #5042, #7027 ) ;
#7912 = CARTESIAN_POINT ( 'NONE',  ( 3.285000000000001500, -4.208005078473780400, -0.1000000000000000100 ) ) ;
#7913 = DIRECTION ( 'NONE',  ( -0.7071067811865934200, 0.0000000000000000000, -0.7071067811865015000 ) ) ;
#7914 = EDGE_CURVE ( 'NONE', #11855, #5752, #6359, .T. ) ;
#7915 = DIRECTION ( 'NONE',  ( 1.000000000000000000, 0.0000000000000000000, 0.0000000000000000000 ) ) ;
#7916 = ORIENTED_EDGE ( 'NONE', *, *, #3739, .T. ) ;
#7917 = FACE_OUTER_BOUND ( 'NONE', #10483, .T. ) ;
#7918 = VECTOR ( 'NONE', #8962, 1000.000000000000000 ) ;
#7919 = ORIENTED_EDGE ( 'NONE', *, *, #12498, .T. ) ;
#7920 = ORIENTED_EDGE ( 'NONE', *, *, #2672, .T. ) ;
#7921 = EDGE_CURVE ( 'NONE', #7105, #5601, #4050, .T. ) ;
#7922 = CARTESIAN_POINT ( 'NONE',  ( -2.035000000000000100, -3.225000000000000100, -0.9250000000000000400 ) ) ;
#7923 = AXIS2_PLACEMENT_3D ( 'NONE', #3557, #6508, #9609 ) ;
#7924 = EDGE_LOOP ( 'NONE', ( #9571, #10542, #646, #12832 ) ) ;
#7925 = ADVANCED_FACE ( 'NONE', ( #3282 ), #7654, .T. ) ;
#7926 = ORIENTED_EDGE ( 'NONE', *, *, #9784, .F. ) ;
#7927 = FACE_OUTER_BOUND ( 'NONE', #2601, .T. ) ;
#7928 = LINE ( 'NONE', #12410, #3789 ) ;
#7929 = CARTESIAN_POINT ( 'NONE',  ( 1.715000000000000100, -3.425000000000000300, 1.600000000000000100 ) ) ;
#7930 = EDGE_CURVE ( 'NONE', #2639, #7751, #11619, .T. ) ;
#7931 = DIRECTION ( 'NONE',  ( 0.2033118901005035200, 0.9241449550023836900, -0.3234507342508329800 ) ) ;
#7932 = CARTESIAN_POINT ( 'NONE',  ( 3.899999999999999900, 0.9749999999999999800, -1.600000000000000100 ) ) ;
#7933 = CARTESIAN_POINT ( 'NONE',  ( 5.275000000000000400, -1.975000000000000100, -1.200000000000000000 ) ) ;
#7934 = VECTOR ( 'NONE', #148, 1000.000000000000000 ) ;
#7935 = DIRECTION ( 'NONE',  ( 0.7071067811865474600, 0.7071067811865474600, 0.0000000000000000000 ) ) ;
#7936 = VERTEX_POINT ( 'NONE', #1661 ) ;
#7937 = VECTOR ( 'NONE', #10188, 1000.000000000000000 ) ;
#7938 = LINE ( 'NONE', #10202, #3497 ) ;
#7939 = CARTESIAN_POINT ( 'NONE',  ( 7.375000000000001800, 0.5749999999999999600, -0.9999999999999997800 ) ) ;
#7940 = PLANE ( 'NONE',  #12295 ) ;
#7941 = DIRECTION ( 'NONE',  ( -1.000000000000000000, 0.0000000000000000000, -0.0000000000000000000 ) ) ;
#7942 = CARTESIAN_POINT ( 'NONE',  ( 6.339999999999999900, 0.07500000000000009400, -1.300000000000000000 ) ) ;
#7943 = CARTESIAN_POINT ( 'NONE',  ( 5.875000000000000000, 0.9749999999999999800, 1.200000000000000000 ) ) ;
#7944 = ORIENTED_EDGE ( 'NONE', *, *, #2273, .F. ) ;
#7945 = DIRECTION ( 'NONE',  ( -1.000000000000000000, -0.0000000000000000000, -0.0000000000000000000 ) ) ;
#7946 = DIRECTION ( 'NONE',  ( -0.7071067811865474600, 0.0000000000000000000, -0.7071067811865474600 ) ) ;
#7947 = EDGE_CURVE ( 'NONE', #7576, #12612, #8958, .T. ) ;
#7948 = VECTOR ( 'NONE', #6271, 1000.000000000000000 ) ;
#7949 = CARTESIAN_POINT ( 'NONE',  ( 0.4650000000000000200, -3.225000000000000100, -0.9250000000000000400 ) ) ;
#7950 = FILL_AREA_STYLE ('',( #47 ) ) ;
#7951 = EDGE_LOOP ( 'NONE', ( #6236, #7843, #671, #7255 ) ) ;
#7952 = CARTESIAN_POINT ( 'NONE',  ( 6.110000000000004800, -2.225000000000000100, -0.5619337613708009800 ) ) ;
#7953 = CARTESIAN_POINT ( 'NONE',  ( 1.625000000000000200, -2.625000000000000000, 1.600000000000000100 ) ) ;
#7954 = EDGE_CURVE ( 'NONE', #1238, #5857, #2658, .T. ) ;
#7955 = AXIS2_PLACEMENT_3D ( 'NONE', #5249, #10297, #5202 ) ;
#7956 = DIRECTION ( 'NONE',  ( -0.0000000000000000000, -0.0000000000000000000, -1.000000000000000000 ) ) ;
#7957 = ORIENTED_EDGE ( 'NONE', *, *, #457, .F. ) ;
#7958 = VECTOR ( 'NONE', #4150, 1000.000000000000000 ) ;
#7959 = DIRECTION ( 'NONE',  ( 0.0000000000000000000, 0.0000000000000000000, -1.000000000000000000 ) ) ;
#7960 = LINE ( 'NONE', #12631, #12462 ) ;
#7961 = FACE_OUTER_BOUND ( 'NONE', #2198, .T. ) ;
#7962 = ORIENTED_EDGE ( 'NONE', *, *, #7327, .T. ) ;
#7963 = DIRECTION ( 'NONE',  ( -0.0000000000000000000, 0.0000000000000000000, 1.000000000000000000 ) ) ;
#7964 = ORIENTED_EDGE ( 'NONE', *, *, #6616, .T. ) ;
#7965 = DIRECTION ( 'NONE',  ( -0.0000000000000000000, 1.000000000000000000, -0.0000000000000000000 ) ) ;
#7966 = EDGE_CURVE ( 'NONE', #12152, #1403, #2015, .T. ) ;
#7967 = LINE ( 'NONE', #9785, #1166 ) ;
#7968 = DIRECTION ( 'NONE',  ( -0.0000000000000000000, -0.0000000000000000000, -1.000000000000000000 ) ) ;
#7969 = FACE_OUTER_BOUND ( 'NONE', #10047, .T. ) ;
#7970 = LINE ( 'NONE', #5901, #5364 ) ;
#7971 = CARTESIAN_POINT ( 'NONE',  ( -2.034999999999998800, -3.125000000000000000, -0.8499999999999999800 ) ) ;
#7972 = ORIENTED_EDGE ( 'NONE', *, *, #3777, .F. ) ;
#7973 = EDGE_CURVE ( 'NONE', #9492, #6308, #785, .T. ) ;
#7974 = ORIENTED_EDGE ( 'NONE', *, *, #4004, .F. ) ;
#7975 = DIRECTION ( 'NONE',  ( 1.000000000000000000, 0.0000000000000000000, 0.0000000000000000000 ) ) ;
#7976 = ORIENTED_EDGE ( 'NONE', *, *, #9366, .T. ) ;
#7977 = DIRECTION ( 'NONE',  ( -1.000000000000000000, 0.0000000000000000000, 0.0000000000000000000 ) ) ;
#7978 = DIRECTION ( 'NONE',  ( 0.0000000000000000000, 0.0000000000000000000, -1.000000000000000000 ) ) ;
#7979 = DIRECTION ( 'NONE',  ( -0.0000000000000000000, -1.000000000000000000, -0.0000000000000000000 ) ) ;
#7980 = DIRECTION ( 'NONE',  ( -0.0000000000000000000, -0.0000000000000000000, -1.000000000000000000 ) ) ;
#7981 = CARTESIAN_POINT ( 'NONE',  ( 4.624999999999999100, -3.225000000000000100, -1.800000000000000300 ) ) ;
#7982 = CARTESIAN_POINT ( 'NONE',  ( -3.284999999999998800, -3.125000000000000000, -0.8499999999999999800 ) ) ;
#7983 = LINE ( 'NONE', #7996, #9230 ) ;
#7984 = AXIS2_PLACEMENT_3D ( 'NONE', #7347, #12310, #7514 ) ;
#7985 = LINE ( 'NONE', #2070, #3851 ) ;
#7986 = LINE ( 'NONE', #955, #5520 ) ;
#7987 = ADVANCED_FACE ( 'NONE', ( #10987 ), #8695, .T. ) ;
#7988 = LINE ( 'NONE', #5075, #2119 ) ;
#7989 = ORIENTED_EDGE ( 'NONE', *, *, #1324, .T. ) ;
#7990 = DIRECTION ( 'NONE',  ( 0.0000000000000000000, 1.000000000000000000, -0.0000000000000000000 ) ) ;
#7991 = EDGE_CURVE ( 'NONE', #6699, #2738, #3110, .T. ) ;
#7992 = VERTEX_POINT ( 'NONE', #1703 ) ;
#7993 = ORIENTED_EDGE ( 'NONE', *, *, #11976, .F. ) ;
#7994 = CARTESIAN_POINT ( 'NONE',  ( -1.715000000000000100, -3.225000000000000100, -1.300000000000000300 ) ) ;
#7995 = DIRECTION ( 'NONE',  ( -1.000000000000000000, -0.0000000000000000000, 0.0000000000000000000 ) ) ;
#7996 = CARTESIAN_POINT ( 'NONE',  ( -4.535000000000000100, -3.425000000000000300, 1.600000000000000100 ) ) ;
#7997 = EDGE_CURVE ( 'NONE', #2221, #5662, #5737, .T. ) ;
#7998 = DIRECTION ( 'NONE',  ( 0.0000000000000000000, -1.000000000000000000, 0.0000000000000000000 ) ) ;
#7999 = DIRECTION ( 'NONE',  ( 0.0000000000000000000, 0.7071067811865474600, 0.7071067811865474600 ) ) ;
#8000 = VECTOR ( 'NONE', #9514, 1000.000000000000000 ) ;
#8001 = VECTOR ( 'NONE', #1740, 1000.000000000000000 ) ;
#8002 = DIRECTION ( 'NONE',  ( 0.0000000000000000000, 0.7071067811865452400, -0.7071067811865497900 ) ) ;
#8003 = ADVANCED_FACE ( 'NONE', ( #655 ), #3718, .F. ) ;
#8004 = VECTOR ( 'NONE', #4358, 1000.000000000000000 ) ;
#8005 = ORIENTED_EDGE ( 'NONE', *, *, #57, .T. ) ;
#8006 = ORIENTED_EDGE ( 'NONE', *, *, #710, .F. ) ;
#8007 = VERTEX_POINT ( 'NONE', #9756 ) ;
#8008 = CARTESIAN_POINT ( 'NONE',  ( -3.284999999999998800, -3.125000000000000000, -0.8499999999999999800 ) ) ;
#8009 = VERTEX_POINT ( 'NONE', #993 ) ;
#8010 = CARTESIAN_POINT ( 'NONE',  ( 5.875000000000000000, -3.125000000000000000, -1.300000000000000300 ) ) ;
#8011 = EDGE_CURVE ( 'NONE', #1394, #4760, #939, .T. ) ;
#8012 = VECTOR ( 'NONE', #3056, 1000.000000000000000 ) ;
#8013 = DIRECTION ( 'NONE',  ( -0.0000000000000000000, 1.000000000000000000, 0.0000000000000000000 ) ) ;
#8014 = FACE_OUTER_BOUND ( 'NONE', #9914, .T. ) ;
#8015 = DIRECTION ( 'NONE',  ( -0.0000000000000000000, 0.0000000000000000000, 1.000000000000000000 ) ) ;
#8016 = VECTOR ( 'NONE', #8858, 1000.000000000000000 ) ;
#8017 = DIRECTION ( 'NONE',  ( 1.000000000000000000, 0.0000000000000000000, 0.0000000000000000000 ) ) ;
#8018 = ORIENTED_EDGE ( 'NONE', *, *, #813, .T. ) ;
#8019 = ORIENTED_EDGE ( 'NONE', *, *, #6439, .F. ) ;
#8020 = CARTESIAN_POINT ( 'NONE',  ( -7.070000000000001200, -2.225000000000000100, -0.07000000000000014500 ) ) ;
#8021 = ORIENTED_EDGE ( 'NONE', *, *, #4787, .T. ) ;
#8022 = PLANE ( 'NONE',  #7509 ) ;
#8023 = FACE_OUTER_BOUND ( 'NONE', #11322, .T. ) ;
#8024 = DIRECTION ( 'NONE',  ( -1.000000000000000000, 0.0000000000000000000, -0.0000000000000000000 ) ) ;
#8025 = DIRECTION ( 'NONE',  ( -1.000000000000000000, -0.0000000000000000000, -0.0000000000000000000 ) ) ;
#8026 = CARTESIAN_POINT ( 'NONE',  ( 2.875000000000000400, -3.225000000000000100, 1.600000000000000100 ) ) ;
#8027 = VECTOR ( 'NONE', #10309, 1000.000000000000000 ) ;
#8028 = SURFACE_STYLE_USAGE ( .BOTH. , #3026 ) ;
#8029 = CARTESIAN_POINT ( 'NONE',  ( -0.8750000000000000000, -2.625000000000000000, 1.600000000000000100 ) ) ;
#8030 = ORIENTED_EDGE ( 'NONE', *, *, #12158, .T. ) ;
#8031 = ORIENTED_EDGE ( 'NONE', *, *, #2801, .F. ) ;
#8032 = ORIENTED_EDGE ( 'NONE', *, *, #2371, .F. ) ;
#8033 = VECTOR ( 'NONE', #814, 1000.000000000000000 ) ;
#8034 = EDGE_CURVE ( 'NONE', #10856, #9227, #8384, .T. ) ;
#8035 = ORIENTED_EDGE ( 'NONE', *, *, #8516, .F. ) ;
#8036 = ORIENTED_EDGE ( 'NONE', *, *, #7061, .F. ) ;
#8037 = CARTESIAN_POINT ( 'NONE',  ( 5.575000000000000200, -1.975000000000000100, -0.4500000000000001200 ) ) ;
#8038 = CARTESIAN_POINT ( 'NONE',  ( 5.275000000000000400, 0.7750000000000001300, 1.200000000000000000 ) ) ;
#8039 = CARTESIAN_POINT ( 'NONE',  ( -3.285000000000000100, -4.224999999999999600, -1.300000000000000300 ) ) ;
#8040 = VERTEX_POINT ( 'NONE', #4885 ) ;
#8041 = EDGE_CURVE ( 'NONE', #10408, #5593, #8046, .T. ) ;
#8042 = CARTESIAN_POINT ( 'NONE',  ( -6.450000000000000200, -2.225000000000000100, -0.5450000000000001500 ) ) ;
#8043 = ORIENTED_EDGE ( 'NONE', *, *, #8059, .F. ) ;
#8044 = EDGE_LOOP ( 'NONE', ( #3196, #8291, #901, #6475 ) ) ;
#8045 = VECTOR ( 'NONE', #8268, 1000.000000000000000 ) ;
#8046 = LINE ( 'NONE', #1981, #6527 ) ;
#8047 = VERTEX_POINT ( 'NONE', #4933 ) ;
#8048 = ORIENTED_EDGE ( 'NONE', *, *, #1689, .F. ) ;
#8049 = DIRECTION ( 'NONE',  ( 1.000000000000000000, 0.0000000000000000000, 0.0000000000000000000 ) ) ;
#8050 = CARTESIAN_POINT ( 'NONE',  ( 2.965000000000002500, -3.125000000000000000, -0.8499999999999999800 ) ) ;
#8051 = CARTESIAN_POINT ( 'NONE',  ( -5.875000000000000000, 0.07499999999999999700, -1.800000000000000300 ) ) ;
#8052 = EDGE_CURVE ( 'NONE', #8824, #9753, #8227, .T. ) ;
#8053 = CARTESIAN_POINT ( 'NONE',  ( 3.285000000000001500, -1.975000000000000100, -0.1000000000000000100 ) ) ;
#8054 = DIRECTION ( 'NONE',  ( 0.0000000000000000000, 0.7071067811866975600, -0.7071067811863974700 ) ) ;
#8055 = EDGE_LOOP ( 'NONE', ( #7121, #1510, #11522, #7378, #4807, #10487, #9496, #5496 ) ) ;
#8056 = ORIENTED_EDGE ( 'NONE', *, *, #4614, .T. ) ;
#8057 = LINE ( 'NONE', #7909, #2356 ) ;
#8058 = VECTOR ( 'NONE', #582, 1000.000000000000000 ) ;
#8059 = EDGE_CURVE ( 'NONE', #11717, #3364, #5431, .T. ) ;
#8060 = PLANE ( 'NONE',  #7477 ) ;
#8061 = ADVANCED_FACE ( 'NONE', ( #9138 ), #4978, .T. ) ;
#8062 = ORIENTED_EDGE ( 'NONE', *, *, #3510, .T. ) ;
#8063 = ORIENTED_EDGE ( 'NONE', *, *, #3130, .T. ) ;
#8064 = PLANE ( 'NONE',  #3014 ) ;
#8065 = DIRECTION ( 'NONE',  ( 1.000000000000000000, 0.0000000000000000000, 0.0000000000000000000 ) ) ;
#8066 = ADVANCED_FACE ( 'NONE', ( #12547 ), #10755, .F. ) ;
#8067 = EDGE_LOOP ( 'NONE', ( #5555, #2500, #1807, #4622 ) ) ;
#8068 = ORIENTED_EDGE ( 'NONE', *, *, #9402, .F. ) ;
#8069 = SURFACE_STYLE_USAGE ( .BOTH. , #1146 ) ;
#8070 = VECTOR ( 'NONE', #2870, 1000.000000000000000 ) ;
#8071 = LINE ( 'NONE', #5978, #5453 ) ;
#8072 = ORIENTED_EDGE ( 'NONE', *, *, #8511, .F. ) ;
#8073 = CARTESIAN_POINT ( 'NONE',  ( -6.375000000000000900, 0.5749999999999999600, 0.3999999999999999100 ) ) ;
#8074 = DIRECTION ( 'NONE',  ( 0.5773502691896244000, 0.5773502691896269500, 0.5773502691896259500 ) ) ;
#8075 = EDGE_CURVE ( 'NONE', #659, #6465, #3906, .T. ) ;
#8076 = VERTEX_POINT ( 'NONE', #12749 ) ;
#8077 = CARTESIAN_POINT ( 'NONE',  ( -5.875000000000000000, -3.225000000000000100, -1.800000000000000300 ) ) ;
#8078 = ADVANCED_FACE ( 'NONE', ( #10833 ), #9839, .T. ) ;
#8079 = CARTESIAN_POINT ( 'NONE',  ( -4.214999999999999900, -3.775000000000000400, -0.4249999999999999900 ) ) ;
#8080 = ORIENTED_EDGE ( 'NONE', *, *, #3723, .F. ) ;
#8081 = DIRECTION ( 'NONE',  ( 1.000000000000000000, 0.0000000000000000000, -0.0000000000000000000 ) ) ;
#8082 = EDGE_CURVE ( 'NONE', #8136, #4990, #11910, .T. ) ;
#8083 = DIRECTION ( 'NONE',  ( 0.0000000000000000000, -0.0000000000000000000, 1.000000000000000000 ) ) ;
#8084 = STYLED_ITEM ( 'NONE', ( #7349 ), #10914 ) ;
#8085 = ORIENTED_EDGE ( 'NONE', *, *, #8467, .T. ) ;
#8086 = VECTOR ( 'NONE', #9134, 1000.000000000000000 ) ;
#8087 = DIRECTION ( 'NONE',  ( 0.0000000000000000000, 1.000000000000000000, 0.0000000000000000000 ) ) ;
#8088 = LINE ( 'NONE', #7119, #5309 ) ;
#8089 = CARTESIAN_POINT ( 'NONE',  ( -6.870000000000000100, -2.225000000000000100, -0.2700000000000000200 ) ) ;
#8090 = CARTESIAN_POINT ( 'NONE',  ( -5.875000000000000000, -3.225000000000000100, -1.800000000000000300 ) ) ;
#8091 = CARTESIAN_POINT ( 'NONE',  ( 3.285000000000000100, -3.125000000000000000, -0.4249999999999999900 ) ) ;
#8092 = ORIENTED_EDGE ( 'NONE', *, *, #10017, .F. ) ;
#8093 = DIRECTION ( 'NONE',  ( -0.0000000000000000000, 1.000000000000000000, -0.0000000000000000000 ) ) ;
#8094 = EDGE_CURVE ( 'NONE', #9064, #7113, #1258, .T. ) ;
#8095 = DIRECTION ( 'NONE',  ( 1.000000000000000000, 0.0000000000000000000, 0.0000000000000000000 ) ) ;
#8096 = LINE ( 'NONE', #12033, #3336 ) ;
#8097 = ORIENTED_EDGE ( 'NONE', *, *, #914, .F. ) ;
#8098 = VECTOR ( 'NONE', #10904, 1000.000000000000000 ) ;
#8099 = VECTOR ( 'NONE', #4085, 1000.000000000000000 ) ;
#8100 = EDGE_CURVE ( 'NONE', #11658, #4821, #7597, .T. ) ;
#8101 = CARTESIAN_POINT ( 'NONE',  ( 0.7850000000000000300, -3.225000000000000100, -0.9250000000000000400 ) ) ;
#8102 = CARTESIAN_POINT ( 'NONE',  ( -5.174999999999999800, 0.9749999999999999800, -1.600000000000000100 ) ) ;
#8103 = DIRECTION ( 'NONE',  ( 1.000000000000000000, 0.0000000000000000000, 0.0000000000000000000 ) ) ;
#8104 = ORIENTED_EDGE ( 'NONE', *, *, #8159, .F. ) ;
#8105 = VERTEX_POINT ( 'NONE', #11712 ) ;
#8106 = VECTOR ( 'NONE', #7931, 1000.000000000000100 ) ;
#8107 = LINE ( 'NONE', #945, #10889 ) ;
#8108 = CARTESIAN_POINT ( 'NONE',  ( 4.214999999999999900, -3.424999999999999800, -1.599999999999999900 ) ) ;
#8109 = EDGE_CURVE ( 'NONE', #5561, #5158, #11157, .T. ) ;
#8110 = VERTEX_POINT ( 'NONE', #10881 ) ;
#8111 = LINE ( 'NONE', #8333, #6872 ) ;
#8112 = PLANE ( 'NONE',  #5156 ) ;
#8113 = CARTESIAN_POINT ( 'NONE',  ( -0.4650000000000000200, -3.625000000000000000, -1.800000000000000300 ) ) ;
#8114 = CARTESIAN_POINT ( 'NONE',  ( -0.7849999999999983700, -3.125000000000000000, -0.8499999999999999800 ) ) ;
#8115 = PLANE ( 'NONE',  #11073 ) ;
#8116 = VERTEX_POINT ( 'NONE', #7942 ) ;
#8117 = CARTESIAN_POINT ( 'NONE',  ( -5.875000000000000000, 0.9749999999999999800, -1.300000000000000300 ) ) ;
#8118 = VECTOR ( 'NONE', #9503, 1000.000000000000000 ) ;
#8119 = CARTESIAN_POINT ( 'NONE',  ( 9.090000000000001600, -3.125000000000000000, -0.9250000000000000400 ) ) ;
#8120 = CIRCLE ( 'NONE', #12308, 0.3499999999999999200 ) ;
#8121 = ORIENTED_EDGE ( 'NONE', *, *, #3755, .T. ) ;
#8122 = PLANE ( 'NONE',  #11535 ) ;
#8123 = ADVANCED_FACE ( 'NONE', ( #4966 ), #2906, .T. ) ;
#8124 = DIRECTION ( 'NONE',  ( -1.000000000000000000, 0.0000000000000000000, -0.0000000000000000000 ) ) ;
#8125 = CARTESIAN_POINT ( 'NONE',  ( -7.375000000000000900, -0.02499999999999984900, -1.550000000000000300 ) ) ;
#8126 = AXIS2_PLACEMENT_3D ( 'NONE', #5237, #4254, #12142 ) ;
#8127 = DIRECTION ( 'NONE',  ( 1.000000000000000000, 0.0000000000000000000, 0.0000000000000000000 ) ) ;
#8128 = DIRECTION ( 'NONE',  ( 0.0000000000000000000, -0.0000000000000000000, 1.000000000000000000 ) ) ;
#8129 = DIRECTION ( 'NONE',  ( 0.0000000000000000000, 0.0000000000000000000, 1.000000000000000000 ) ) ;
#8130 = VECTOR ( 'NONE', #4839, 1000.000000000000000 ) ;
#8131 = CARTESIAN_POINT ( 'NONE',  ( -4.214999999999999900, -4.208005078473780400, -0.8499999999999999800 ) ) ;
#8132 = VECTOR ( 'NONE', #8145, 1000.000000000000000 ) ;
#8133 = CARTESIAN_POINT ( 'NONE',  ( 1.715000000000000700, -0.2250000000000002000, -0.09999999999999993600 ) ) ;
#8134 = EDGE_CURVE ( 'NONE', #6852, #9110, #10372, .T. ) ;
#8135 = VECTOR ( 'NONE', #5196, 1000.000000000000000 ) ;
#8136 = VERTEX_POINT ( 'NONE', #10844 ) ;
#8137 = AXIS2_PLACEMENT_3D ( 'NONE', #2864, #9924, #3992 ) ;
#8138 = CARTESIAN_POINT ( 'NONE',  ( 1.715000000000000100, -3.225000000000000100, -1.125000000000000200 ) ) ;
#8139 = ORIENTED_EDGE ( 'NONE', *, *, #11169, .F. ) ;
#8140 = ORIENTED_EDGE ( 'NONE', *, *, #5065, .F. ) ;
#8141 = DIRECTION ( 'NONE',  ( 0.0000000000000000000, 1.000000000000000000, -0.0000000000000000000 ) ) ;
#8142 = ADVANCED_FACE ( 'NONE', ( #6212 ), #8769, .T. ) ;
#8143 = DIRECTION ( 'NONE',  ( -0.2148617826750988400, 0.9766444667050946400, 0.0000000000000000000 ) ) ;
#8144 = CARTESIAN_POINT ( 'NONE',  ( -3.285000000000000100, -3.225000000000000100, -1.125000000000000200 ) ) ;
#8145 = DIRECTION ( 'NONE',  ( -1.000000000000000000, -0.0000000000000000000, 0.0000000000000000000 ) ) ;
#8146 = VECTOR ( 'NONE', #11044, 1000.000000000000000 ) ;
#8147 = CARTESIAN_POINT ( 'NONE',  ( 0.4650000000000018600, -1.975000000000000100, -0.8499999999999999800 ) ) ;
#8148 = ORIENTED_EDGE ( 'NONE', *, *, #473, .F. ) ;
#8149 = DIRECTION ( 'NONE',  ( -1.000000000000000000, 0.0000000000000000000, -0.0000000000000000000 ) ) ;
#8150 = LINE ( 'NONE', #5336, #9827 ) ;
#8151 = EDGE_LOOP ( 'NONE', ( #1599, #4526, #9820, #4473, #1566, #2175, #8006, #10513 ) ) ;
#8152 = VERTEX_POINT ( 'NONE', #9966 ) ;
#8153 = ORIENTED_EDGE ( 'NONE', *, *, #4395, .T. ) ;
#8154 = EDGE_CURVE ( 'NONE', #10546, #1061, #331, .T. ) ;
#8155 = CARTESIAN_POINT ( 'NONE',  ( -2.964999999999999900, -3.425000000000000300, -1.600000000000000100 ) ) ;
#8156 = CARTESIAN_POINT ( 'NONE',  ( -0.4650000000000000200, -3.924999999999999800, -0.5749999999999999600 ) ) ;
#8157 = VECTOR ( 'NONE', #10523, 1000.000000000000000 ) ;
#8158 = CARTESIAN_POINT ( 'NONE',  ( -0.4649999999999992500, -3.125000000000000000, -0.8499999999999999800 ) ) ;
#8159 = EDGE_CURVE ( 'NONE', #1393, #3413, #8540, .T. ) ;
#8160 = LINE ( 'NONE', #1855, #6299 ) ;
#8161 = CARTESIAN_POINT ( 'NONE',  ( -0.4650000000000000200, -3.225000000000000100, -1.125000000000000200 ) ) ;
#8162 = VECTOR ( 'NONE', #408, 1000.000000000000000 ) ;
#8163 = CARTESIAN_POINT ( 'NONE',  ( 5.224999999999999600, -3.125000000000000000, -1.300000000000000300 ) ) ;
#8164 = DIRECTION ( 'NONE',  ( -0.0000000000000000000, -1.000000000000000000, 0.0000000000000000000 ) ) ;
#8165 = CARTESIAN_POINT ( 'NONE',  ( 3.200000000000000200, -0.4749999999999999200, -1.200000000000000000 ) ) ;
#8166 = FACE_OUTER_BOUND ( 'NONE', #8055, .T. ) ;
#8167 = VERTEX_POINT ( 'NONE', #1116 ) ;
#8168 = EDGE_LOOP ( 'NONE', ( #9617, #10626, #2411, #6354 ) ) ;
#8169 = EDGE_LOOP ( 'NONE', ( #7816, #4145, #3845, #12687, #7010, #5744, #4783, #11302, #139, #5907, #12190, #3972 ) ) ;
#8170 = DIRECTION ( 'NONE',  ( 0.0000000000000000000, 1.000000000000000000, 0.0000000000000000000 ) ) ;
#8171 = DIRECTION ( 'NONE',  ( 1.000000000000000000, 0.0000000000000000000, -0.0000000000000000000 ) ) ;
#8172 = VECTOR ( 'NONE', #6681, 1000.000000000000100 ) ;
#8173 = FACE_OUTER_BOUND ( 'NONE', #7386, .T. ) ;
#8174 = CARTESIAN_POINT ( 'NONE',  ( 6.870000000000000100, -2.225000000000000100, -0.2950000000000000400 ) ) ;
#8175 = EDGE_CURVE ( 'NONE', #1926, #6830, #10536, .T. ) ;
#8176 = VECTOR ( 'NONE', #8095, 1000.000000000000000 ) ;
#8177 = CARTESIAN_POINT ( 'NONE',  ( -3.285000000000000100, -3.225000000000000100, -1.300000000000000300 ) ) ;
#8178 = VECTOR ( 'NONE', #6071, 1000.000000000000000 ) ;
#8179 = CARTESIAN_POINT ( 'NONE',  ( -3.284999999999998800, -1.975000000000000100, -0.1000000000000000100 ) ) ;
#8180 = CARTESIAN_POINT ( 'NONE',  ( 0.0000000000000000000, -3.225000000000000100, 1.100000000000000100 ) ) ;
#8181 = CARTESIAN_POINT ( 'NONE',  ( 5.875000000000000000, -1.975000000000000100, 1.200000000000000000 ) ) ;
#8182 = FACE_OUTER_BOUND ( 'NONE', #1805, .T. ) ;
#8183 = ORIENTED_EDGE ( 'NONE', *, *, #9530, .F. ) ;
#8184 = CARTESIAN_POINT ( 'NONE',  ( 3.374999999999999600, -3.225000000000000100, -1.800000000000000300 ) ) ;
#8185 = EDGE_CURVE ( 'NONE', #2639, #12791, #9896, .T. ) ;
#8186 = DIRECTION ( 'NONE',  ( -0.0000000000000000000, 0.0000000000000000000, -1.000000000000000000 ) ) ;
#8187 = VERTEX_POINT ( 'NONE', #10100 ) ;
#8188 = AXIS2_PLACEMENT_3D ( 'NONE', #1480, #3493, #7396 ) ;
#8189 = FACE_OUTER_BOUND ( 'NONE', #11825, .T. ) ;
#8190 = PLANE ( 'NONE',  #4538 ) ;
#8191 = VECTOR ( 'NONE', #11918, 1000.000000000000100 ) ;
#8192 = LINE ( 'NONE', #10828, #2476 ) ;
#8193 = CARTESIAN_POINT ( 'NONE',  ( 7.375000000000001800, -2.225000000000000500, -0.9999999999999997800 ) ) ;
#8194 = ORIENTED_EDGE ( 'NONE', *, *, #11556, .T. ) ;
#8195 = ORIENTED_EDGE ( 'NONE', *, *, #10348, .T. ) ;
#8196 =( NAMED_UNIT ( * ) PLANE_ANGLE_UNIT ( ) SI_UNIT ( $, .RADIAN. ) );
#8197 = ORIENTED_EDGE ( 'NONE', *, *, #6991, .F. ) ;
#8198 = EDGE_CURVE ( 'NONE', #3566, #3119, #9294, .T. ) ;
#8199 = CARTESIAN_POINT ( 'NONE',  ( -3.600000000000001000, 0.9749999999999999800, -1.600000000000000100 ) ) ;
#8200 = DIRECTION ( 'NONE',  ( 0.0000000000000000000, -0.7071067811865475700, -0.7071067811865475700 ) ) ;
#8201 = ORIENTED_EDGE ( 'NONE', *, *, #11797, .F. ) ;
#8202 = CARTESIAN_POINT ( 'NONE',  ( 0.7849999999999945900, -0.2250000000000012000, -0.8500000000000002000 ) ) ;
#8203 = ADVANCED_FACE ( 'NONE', ( #3618 ), #6092, .T. ) ;
#8204 = ORIENTED_EDGE ( 'NONE', *, *, #8269, .F. ) ;
#8205 = CARTESIAN_POINT ( 'NONE',  ( -2.035000000000000100, -3.625000000000000000, -1.800000000000000300 ) ) ;
#8206 = CARTESIAN_POINT ( 'NONE',  ( 6.099999999999999600, -0.02499999999999984900, -1.350000000000000100 ) ) ;
#8207 = ORIENTED_EDGE ( 'NONE', *, *, #874, .T. ) ;
#8208 = ORIENTED_EDGE ( 'NONE', *, *, #6563, .F. ) ;
#8209 = ORIENTED_EDGE ( 'NONE', *, *, #300, .T. ) ;
#8210 = PLANE ( 'NONE',  #8600 ) ;
#8211 = VECTOR ( 'NONE', #5143, 1000.000000000000000 ) ;
#8212 = ADVANCED_FACE ( 'NONE', ( #640 ), #8122, .F. ) ;
#8213 = CARTESIAN_POINT ( 'NONE',  ( -3.899999999999999900, -0.4749999999999999200, -1.600000000000000100 ) ) ;
#8214 = ORIENTED_EDGE ( 'NONE', *, *, #733, .F. ) ;
#8215 = CARTESIAN_POINT ( 'NONE',  ( -0.7849999999999983700, -3.125000000000000000, -0.1000000000000000100 ) ) ;
#8216 = DIRECTION ( 'NONE',  ( 0.0000000000000000000, 1.000000000000000000, -0.0000000000000000000 ) ) ;
#8217 = ORIENTED_EDGE ( 'NONE', *, *, #5164, .F. ) ;
#8218 = PLANE ( 'NONE',  #575 ) ;
#8219 = AXIS2_PLACEMENT_3D ( 'NONE', #3066, #11050, #4068 ) ;
#8220 = ORIENTED_EDGE ( 'NONE', *, *, #6884, .T. ) ;
#8221 = PLANE ( 'NONE',  #4419 ) ;
#8223 = EDGE_CURVE ( 'NONE', #5569, #8710, #12534, .T. ) ;
#8222 = ORIENTED_EDGE ( 'NONE', *, *, #1919, .T. ) ;
#8224 = ORIENTED_EDGE ( 'NONE', *, *, #7332, .F. ) ;
#8225 = VECTOR ( 'NONE', #10921, 1000.000000000000000 ) ;
#8226 = DIRECTION ( 'NONE',  ( -1.000000000000000000, 0.0000000000000000000, 0.0000000000000000000 ) ) ;
#8227 = LINE ( 'NONE', #7902, #7888 ) ;
#8228 = DIRECTION ( 'NONE',  ( -1.000000000000000000, 0.0000000000000000000, -0.0000000000000000000 ) ) ;
#8229 = ORIENTED_EDGE ( 'NONE', *, *, #3592, .T. ) ;
#8230 = DIRECTION ( 'NONE',  ( 1.000000000000000000, 0.0000000000000000000, -0.0000000000000000000 ) ) ;
#8231 = DIRECTION ( 'NONE',  ( 1.000000000000000000, 0.0000000000000000000, -0.0000000000000000000 ) ) ;
#8232 = ORIENTED_EDGE ( 'NONE', *, *, #10448, .F. ) ;
#8233 = EDGE_CURVE ( 'NONE', #2736, #9854, #3606, .T. ) ;
#8234 = ORIENTED_EDGE ( 'NONE', *, *, #11850, .T. ) ;
#8235 = CARTESIAN_POINT ( 'NONE',  ( -6.540000000000000000, -2.225000000000000100, -0.7699999999999999100 ) ) ;
#8236 = ORIENTED_EDGE ( 'NONE', *, *, #10323, .F. ) ;
#8237 = ORIENTED_EDGE ( 'NONE', *, *, #2918, .F. ) ;
#8238 = LINE ( 'NONE', #2168, #7606 ) ;
#8239 = VECTOR ( 'NONE', #4093, 1000.000000000000000 ) ;
#8240 = AXIS2_PLACEMENT_3D ( 'NONE', #3877, #4856, #2829 ) ;
#8241 = ORIENTED_EDGE ( 'NONE', *, *, #3841, .T. ) ;
#8242 = CARTESIAN_POINT ( 'NONE',  ( -3.284999999999998800, -3.125000000000000000, -0.8499999999999999800 ) ) ;
#8243 = CARTESIAN_POINT ( 'NONE',  ( -1.715000000000000100, -0.2250000000000000100, -0.1000000000000000100 ) ) ;
#8244 = CARTESIAN_POINT ( 'NONE',  ( -6.870000000000000100, 0.07499999999999998300, -0.2700000000000000700 ) ) ;
#8245 = EDGE_CURVE ( 'NONE', #11016, #6974, #8946, .T. ) ;
#8246 = CARTESIAN_POINT ( 'NONE',  ( -1.715000000000000100, -3.924999999999999800, -1.300000000000000300 ) ) ;
#8247 = FILL_AREA_STYLE_COLOUR ( '', #10703 ) ;
#8248 = UNCERTAINTY_MEASURE_WITH_UNIT (LENGTH_MEASURE( 1.000000000000000100E-005 ), #12155, 'distance_accuracy_value', 'NONE');
#8249 = EDGE_CURVE ( 'NONE', #9049, #12116, #1570, .T. ) ;
#8250 = DIRECTION ( 'NONE',  ( -0.0000000000000000000, 0.0000000000000000000, 1.000000000000000000 ) ) ;
#8251 = PLANE ( 'NONE',  #5817 ) ;
#8252 = ORIENTED_EDGE ( 'NONE', *, *, #3142, .F. ) ;
#8253 = LINE ( 'NONE', #5003, #3314 ) ;
#8254 = ORIENTED_EDGE ( 'NONE', *, *, #3123, .T. ) ;
#8255 = DIRECTION ( 'NONE',  ( 0.0000000000000000000, 0.0000000000000000000, -1.000000000000000000 ) ) ;
#8256 = ORIENTED_EDGE ( 'NONE', *, *, #2513, .F. ) ;
#8257 = DIRECTION ( 'NONE',  ( 0.0000000000000000000, 0.0000000000000000000, -1.000000000000000000 ) ) ;
#8258 = CARTESIAN_POINT ( 'NONE',  ( 0.4650000000000018600, -3.125000000000000000, -0.1000000000000000100 ) ) ;
#8259 = AXIS2_PLACEMENT_3D ( 'NONE', #5764, #12795, #11718 ) ;
#8260 = ORIENTED_EDGE ( 'NONE', *, *, #1023, .T. ) ;
#8261 = DIRECTION ( 'NONE',  ( -0.7071067811865475700, 0.0000000000000000000, 0.7071067811865475700 ) ) ;
#8262 = CARTESIAN_POINT ( 'NONE',  ( 5.299999999999999800, -3.115000000000000200, -0.9978723526001001000 ) ) ;
#8263 = CARTESIAN_POINT ( 'NONE',  ( -0.4650000000000000200, -3.924999999999999800, 1.600000000000000100 ) ) ;
#8265 = EDGE_CURVE ( 'NONE', #7379, #810, #2177, .T. ) ;
#8264 = ORIENTED_EDGE ( 'NONE', *, *, #1565, .T. ) ;
#8266 = LINE ( 'NONE', #10774, #11193 ) ;
#8267 = VECTOR ( 'NONE', #10273, 1000.000000000000000 ) ;
#8268 = DIRECTION ( 'NONE',  ( 0.0000000000000000000, 0.0000000000000000000, 1.000000000000000000 ) ) ;
#8269 = EDGE_CURVE ( 'NONE', #8076, #12673, #10525, .T. ) ;
#8270 = PLANE ( 'NONE',  #8947 ) ;
#8271 = AXIS2_PLACEMENT_3D ( 'NONE', #1430, #8349, #10240 ) ;
#8272 = ADVANCED_FACE ( 'NONE', ( #4953 ), #2206, .T. ) ;
#8273 = PLANE ( 'NONE',  #5273 ) ;
#8274 = CARTESIAN_POINT ( 'NONE',  ( -1.715000000000000100, -4.224999999999999600, -1.600000000000000100 ) ) ;
#8275 = LINE ( 'NONE', #11947, #51 ) ;
#8276 = CARTESIAN_POINT ( 'NONE',  ( 7.375000000000001800, -0.02500000000000011900, -1.550000000000000300 ) ) ;
#8277 = ORIENTED_EDGE ( 'NONE', *, *, #4903, .F. ) ;
#8278 = VECTOR ( 'NONE', #5223, 1000.000000000000000 ) ;
#8279 = VECTOR ( 'NONE', #8895, 1000.000000000000000 ) ;
#8280 = DIRECTION ( 'NONE',  ( -0.0000000000000000000, 1.000000000000000000, -0.0000000000000000000 ) ) ;
#8281 = DIRECTION ( 'NONE',  ( -0.2148617826750988400, 0.9766444667050946400, 0.0000000000000000000 ) ) ;
#8282 = EDGE_CURVE ( 'NONE', #7534, #9776, #4513, .T. ) ;
#8283 = ORIENTED_EDGE ( 'NONE', *, *, #9660, .T. ) ;
#8284 = CARTESIAN_POINT ( 'NONE',  ( -3.175000000000001200, 0.2750000000000003000, -0.2749999999999999700 ) ) ;
#8285 = CARTESIAN_POINT ( 'NONE',  ( -0.3750000000000000000, -2.625000000000000000, 1.100000000000000100 ) ) ;
#8286 = EDGE_CURVE ( 'NONE', #12815, #2272, #4350, .T. ) ;
#8287 = LINE ( 'NONE', #2033, #5019 ) ;
#8288 = ADVANCED_FACE ( 'NONE', ( #5883 ), #7259, .T. ) ;
#8289 = DIRECTION ( 'NONE',  ( 0.0000000000000000000, -0.0000000000000000000, -1.000000000000000000 ) ) ;
#8290 = CARTESIAN_POINT ( 'NONE',  ( 4.324999999999994000, 0.2750000000000011900, -0.4749999999999999800 ) ) ;
#8291 = ORIENTED_EDGE ( 'NONE', *, *, #8364, .F. ) ;
#8292 = CARTESIAN_POINT ( 'NONE',  ( 5.875000000000000000, 0.9749999999999999800, -1.800000000000000300 ) ) ;
#8293 = DIRECTION ( 'NONE',  ( 0.0000000000000000000, 0.0000000000000000000, -1.000000000000000000 ) ) ;
#8294 = VECTOR ( 'NONE', #11228, 1000.000000000000000 ) ;
#8295 = VECTOR ( 'NONE', #8626, 1000.000000000000000 ) ;
#8296 = LINE ( 'NONE', #5941, #3194 ) ;
#8297 = CARTESIAN_POINT ( 'NONE',  ( -4.535000000000000100, -3.225000000000000100, -1.125000000000000200 ) ) ;
#8298 = ORIENTED_EDGE ( 'NONE', *, *, #7448, .T. ) ;
#8299 = EDGE_CURVE ( 'NONE', #6980, #11100, #11900, .T. ) ;
#8300 = ORIENTED_EDGE ( 'NONE', *, *, #9612, .T. ) ;
#8301 = DIRECTION ( 'NONE',  ( 0.0000000000000000000, 0.0000000000000000000, -1.000000000000000000 ) ) ;
#8302 = CARTESIAN_POINT ( 'NONE',  ( -4.535000000000000100, -3.225000000000000100, -0.4249999999999998200 ) ) ;
#8303 = DIRECTION ( 'NONE',  ( 0.0000000000000000000, 0.0000000000000000000, -1.000000000000000000 ) ) ;
#8304 = DIRECTION ( 'NONE',  ( 0.0000000000000000000, 0.0000000000000000000, 1.000000000000000000 ) ) ;
#8305 = DIRECTION ( 'NONE',  ( -0.7071067811865321400, 0.0000000000000000000, 0.7071067811865628900 ) ) ;
#8306 = LINE ( 'NONE', #1498, #10607 ) ;
#8307 = VECTOR ( 'NONE', #7216, 1000.000000000000000 ) ;
#8308 = DIRECTION ( 'NONE',  ( 0.0000000000000000000, 0.0000000000000000000, -1.000000000000000000 ) ) ;
#8309 = VERTEX_POINT ( 'NONE', #10371 ) ;
#8310 = VERTEX_POINT ( 'NONE', #12183 ) ;
#8311 = DIRECTION ( 'NONE',  ( 1.000000000000000000, -0.0000000000000000000, 0.0000000000000000000 ) ) ;
#8312 = ORIENTED_EDGE ( 'NONE', *, *, #2207, .F. ) ;
#8313 = DIRECTION ( 'NONE',  ( -1.000000000000000000, -0.0000000000000000000, -0.0000000000000000000 ) ) ;
#8314 = AXIS2_PLACEMENT_3D ( 'NONE', #11115, #5063, #7136 ) ;
#8315 = PLANE ( 'NONE',  #2128 ) ;
#8316 = DIRECTION ( 'NONE',  ( -0.2148617826750988400, -0.9766444667050946400, 0.0000000000000000000 ) ) ;
#8317 = EDGE_CURVE ( 'NONE', #2470, #9906, #7273, .T. ) ;
#8318 = VECTOR ( 'NONE', #4083, 1000.000000000000000 ) ;
#8319 = AXIS2_PLACEMENT_3D ( 'NONE', #437, #11331, #4425 ) ;
#8320 = VECTOR ( 'NONE', #9709, 1000.000000000000000 ) ;
#8321 = CARTESIAN_POINT ( 'NONE',  ( -4.625000000000000000, -3.225000000000000100, 1.600000000000000100 ) ) ;
#8322 = CIRCLE ( 'NONE', #10463, 0.1499999999999999700 ) ;
#8323 = VECTOR ( 'NONE', #197, 1000.000000000000000 ) ;
#8324 = EDGE_LOOP ( 'NONE', ( #10317, #7276, #1647, #6821 ) ) ;
#8325 = VERTEX_POINT ( 'NONE', #121 ) ;
#8326 = CARTESIAN_POINT ( 'NONE',  ( -0.7850000000000000300, -3.425000000000000300, 1.600000000000000100 ) ) ;
#8327 = VERTEX_POINT ( 'NONE', #5283 ) ;
#8328 = DIRECTION ( 'NONE',  ( 0.0000000000000000000, 0.0000000000000000000, 1.000000000000000000 ) ) ;
#8329 = CARTESIAN_POINT ( 'NONE',  ( -0.7849999999999983700, -3.125000000000000000, -0.8499999999999999800 ) ) ;
#8330 = DIRECTION ( 'NONE',  ( 1.000000000000000000, 0.0000000000000000000, 0.0000000000000000000 ) ) ;
#8331 = CARTESIAN_POINT ( 'NONE',  ( -6.875000000000000000, 0.07499999999999998300, -1.500000000000000000 ) ) ;
#8332 = LINE ( 'NONE', #6590, #7389 ) ;
#8333 = CARTESIAN_POINT ( 'NONE',  ( -3.284999999999998800, -1.975000000000000100, -0.8499999999999999800 ) ) ;
#8334 = ADVANCED_FACE ( 'NONE', ( #12060 ), #3403, .T. ) ;
#8335 = FACE_BOUND ( 'NONE', #2509, .T. ) ;
#8336 = FACE_BOUND ( 'NONE', #11147, .T. ) ;
#8337 = ORIENTED_EDGE ( 'NONE', *, *, #4424, .T. ) ;
#8338 = VERTEX_POINT ( 'NONE', #12313 ) ;
#8339 = EDGE_CURVE ( 'NONE', #11271, #4975, #12219, .T. ) ;
#8340 = ORIENTED_EDGE ( 'NONE', *, *, #15, .F. ) ;
#8341 = DIRECTION ( 'NONE',  ( 0.0000000000000000000, 0.0000000000000000000, -1.000000000000000000 ) ) ;
#8342 = ORIENTED_EDGE ( 'NONE', *, *, #1203, .F. ) ;
#8343 = VECTOR ( 'NONE', #9909, 1000.000000000000000 ) ;
#8344 = EDGE_CURVE ( 'NONE', #2102, #10737, #2330, .T. ) ;
#8345 = CARTESIAN_POINT ( 'NONE',  ( -6.550000000000000700, -0.02499999999999984900, -1.350000000000000100 ) ) ;
#8346 = CYLINDRICAL_SURFACE ( 'NONE', #7635, 0.1499999999999999700 ) ;
#8347 = AXIS2_PLACEMENT_3D ( 'NONE', #5330, #10159, #4171 ) ;
#8348 = FACE_OUTER_BOUND ( 'NONE', #11516, .T. ) ;
#8349 = DIRECTION ( 'NONE',  ( 0.0000000000000000000, 0.7071067811866975600, -0.7071067811863974700 ) ) ;
#8350 = ADVANCED_FACE ( 'NONE', ( #9122 ), #6312, .T. ) ;
#8351 = DIRECTION ( 'NONE',  ( 1.000000000000000000, 0.0000000000000000000, -0.0000000000000000000 ) ) ;
#8352 = VERTEX_POINT ( 'NONE', #6402 ) ;
#8353 = ORIENTED_EDGE ( 'NONE', *, *, #12475, .T. ) ;
#8355 = ORIENTED_EDGE ( 'NONE', *, *, #2266, .T. ) ;
#8354 = CARTESIAN_POINT ( 'NONE',  ( -6.110000000000001200, -2.225000000000000100, -0.2700000000000000200 ) ) ;
#8356 = AXIS2_PLACEMENT_3D ( 'NONE', #416, #9397, #6383 ) ;
#8357 = ORIENTED_EDGE ( 'NONE', *, *, #11385, .T. ) ;
#8358 = CARTESIAN_POINT ( 'NONE',  ( 5.875000000000000000, 0.9749999999999999800, -1.800000000000000300 ) ) ;
#8359 = EDGE_CURVE ( 'NONE', #11112, #6451, #9588, .T. ) ;
#8360 = CARTESIAN_POINT ( 'NONE',  ( -5.174999999999999800, -2.224999999999999600, -1.800000000000000300 ) ) ;
#8361 = DIRECTION ( 'NONE',  ( 0.0000000000000000000, 0.9438583563660173400, 0.3303504247281061100 ) ) ;
#8362 = DIRECTION ( 'NONE',  ( 0.0000000000000000000, 1.000000000000000000, -0.0000000000000000000 ) ) ;
#8363 = PLANE ( 'NONE',  #4750 ) ;
#8364 = EDGE_CURVE ( 'NONE', #10930, #9443, #11141, .T. ) ;
#8365 = DIRECTION ( 'NONE',  ( 1.000000000000000000, 0.0000000000000000000, 0.0000000000000000000 ) ) ;
#8366 = CARTESIAN_POINT ( 'NONE',  ( 0.0000000000000000000, 0.0000000000000000000, 1.100000000000000100 ) ) ;
#8367 = ORIENTED_EDGE ( 'NONE', *, *, #8743, .F. ) ;
#8368 = ORIENTED_EDGE ( 'NONE', *, *, #149, .F. ) ;
#8369 = VERTEX_POINT ( 'NONE', #10286 ) ;
#8370 = VECTOR ( 'NONE', #9586, 1000.000000000000000 ) ;
#8371 = ADVANCED_FACE ( 'NONE', ( #3271 ), #8270, .T. ) ;
#8372 = ORIENTED_EDGE ( 'NONE', *, *, #4668, .F. ) ;
#8373 = VERTEX_POINT ( 'NONE', #4384 ) ;
#8374 = CARTESIAN_POINT ( 'NONE',  ( 6.539999999999999100, -2.225000000000000100, -1.300000000000000300 ) ) ;
#8375 = DIRECTION ( 'NONE',  ( -0.0000000000000000000, -1.000000000000000000, 0.0000000000000000000 ) ) ;
#8376 = CARTESIAN_POINT ( 'NONE',  ( -0.7849999999999997000, -3.125000000000000000, -0.4249999999999998800 ) ) ;
#8377 = ORIENTED_EDGE ( 'NONE', *, *, #3634, .T. ) ;
#8378 = EDGE_CURVE ( 'NONE', #11748, #3410, #9734, .T. ) ;
#8379 = DIRECTION ( 'NONE',  ( 0.0000000000000000000, 1.000000000000000000, 0.0000000000000000000 ) ) ;
#8380 = VERTEX_POINT ( 'NONE', #3448 ) ;
#8381 = ORIENTED_EDGE ( 'NONE', *, *, #8875, .T. ) ;
#8382 = CARTESIAN_POINT ( 'NONE',  ( -4.924999999999999800, -0.1749999999999999900, 1.200000000000000000 ) ) ;
#8383 = LINE ( 'NONE', #12132, #8045 ) ;
#8384 = LINE ( 'NONE', #7775, #10671 ) ;
#8385 = CARTESIAN_POINT ( 'NONE',  ( -0.7849999999999983700, -3.125000000000000000, -0.8499999999999999800 ) ) ;
#8386 = VERTEX_POINT ( 'NONE', #10322 ) ;
#8387 = ORIENTED_EDGE ( 'NONE', *, *, #11316, .F. ) ;
#8388 = ORIENTED_EDGE ( 'NONE', *, *, #8528, .T. ) ;
#8389 = ORIENTED_EDGE ( 'NONE', *, *, #9760, .F. ) ;
#8390 = DIRECTION ( 'NONE',  ( -0.0000000000000000000, 0.7071067811865475700, 0.7071067811865475700 ) ) ;
#8391 = VECTOR ( 'NONE', #9435, 1000.000000000000000 ) ;
#8392 = VERTEX_POINT ( 'NONE', #10246 ) ;
#8393 = ORIENTED_EDGE ( 'NONE', *, *, #8394, .T. ) ;
#8394 = EDGE_CURVE ( 'NONE', #7856, #3257, #11752, .T. ) ;
#8395 = CARTESIAN_POINT ( 'NONE',  ( 2.964999999999999900, -4.224999999999999600, -1.600000000000000100 ) ) ;
#8396 = AXIS2_PLACEMENT_3D ( 'NONE', #1092, #8989, #54 ) ;
#8397 = ADVANCED_FACE ( 'NONE', ( #9446 ), #2295, .F. ) ;
#8398 = ORIENTED_EDGE ( 'NONE', *, *, #11515, .F. ) ;
#8399 = ORIENTED_EDGE ( 'NONE', *, *, #6380, .F. ) ;
#8400 = LINE ( 'NONE', #9442, #1107 ) ;
#8401 = DIRECTION ( 'NONE',  ( -1.000000000000000000, -0.0000000000000000000, -0.0000000000000000000 ) ) ;
#8402 = VECTOR ( 'NONE', #9404, 1000.000000000000000 ) ;
#8403 = VERTEX_POINT ( 'NONE', #2343 ) ;
#8404 = CARTESIAN_POINT ( 'NONE',  ( 5.375000000000000000, 0.0000000000000000000, 1.600000000000000100 ) ) ;
#8405 = CARTESIAN_POINT ( 'NONE',  ( 5.099999999999999600, -0.2750000000000000200, 1.300000000000000300 ) ) ;
#8406 = ORIENTED_EDGE ( 'NONE', *, *, #10632, .F. ) ;
#8407 = DIRECTION ( 'NONE',  ( 0.0000000000000000000, -0.0000000000000000000, 1.000000000000000000 ) ) ;
#8408 = DIRECTION ( 'NONE',  ( -1.000000000000000000, -0.0000000000000000000, -0.0000000000000000000 ) ) ;
#8409 = CARTESIAN_POINT ( 'NONE',  ( 5.299999999999999800, -3.115000000000000200, -0.5000000000000000000 ) ) ;
#8410 = DIRECTION ( 'NONE',  ( -1.000000000000000000, 0.0000000000000000000, -0.0000000000000000000 ) ) ;
#8411 = EDGE_LOOP ( 'NONE', ( #8537, #3306, #10066, #6755, #8463 ) ) ;
#8412 = FACE_OUTER_BOUND ( 'NONE', #9525, .T. ) ;
#8413 = CARTESIAN_POINT ( 'NONE',  ( 4.535000000000000100, -3.775000000000000400, -0.5749999999999999600 ) ) ;
#8414 = VECTOR ( 'NONE', #399, 1000.000000000000000 ) ;
#8415 = ADVANCED_FACE ( 'NONE', ( #9279 ), #10195, .T. ) ;
#8416 = CARTESIAN_POINT ( 'NONE',  ( 0.0000000000000000000, 0.0000000000000000000, 1.100000000000000100 ) ) ;
#8417 = EDGE_CURVE ( 'NONE', #9492, #10452, #6661, .T. ) ;
#8418 = ORIENTED_EDGE ( 'NONE', *, *, #7248, .T. ) ;
#8419 = CARTESIAN_POINT ( 'NONE',  ( 5.875000000000000000, -2.625000000000000000, 1.600000000000000100 ) ) ;
#8420 = EDGE_CURVE ( 'NONE', #5699, #6215, #4035, .T. ) ;
#8421 = DIRECTION ( 'NONE',  ( 0.0000000000000000000, 1.000000000000000000, 0.0000000000000000000 ) ) ;
#8422 = ORIENTED_EDGE ( 'NONE', *, *, #9510, .F. ) ;
#8423 = VECTOR ( 'NONE', #5087, 1000.000000000000000 ) ;
#8424 = ORIENTED_EDGE ( 'NONE', *, *, #7135, .T. ) ;
#8425 = FACE_OUTER_BOUND ( 'NONE', #4580, .T. ) ;
#8426 = LINE ( 'NONE', #5970, #11662 ) ;
#8427 = ADVANCED_FACE ( 'NONE', ( #2952 ), #1605, .T. ) ;
#8428 = CARTESIAN_POINT ( 'NONE',  ( -6.550000000000000700, -2.225000000000000100, -1.550000000000000300 ) ) ;
#8429 = EDGE_CURVE ( 'NONE', #5265, #5427, #6513, .T. ) ;
#8430 = VERTEX_POINT ( 'NONE', #9464 ) ;
#8431 = LINE ( 'NONE', #11859, #2552 ) ;
#8432 = CARTESIAN_POINT ( 'NONE',  ( 2.964999999999999900, -0.2250000000000000600, -0.4749999999999999800 ) ) ;
#8433 = VECTOR ( 'NONE', #2857, 1000.000000000000000 ) ;
#8434 = ORIENTED_EDGE ( 'NONE', *, *, #8109, .T. ) ;
#8435 = VECTOR ( 'NONE', #12600, 1000.000000000000000 ) ;
#8436 = EDGE_CURVE ( 'NONE', #11271, #3981, #1405, .T. ) ;
#8437 = DIRECTION ( 'NONE',  ( -0.0000000000000000000, -1.000000000000000000, -0.0000000000000000000 ) ) ;
#8438 = CARTESIAN_POINT ( 'NONE',  ( 3.285000000000001500, -4.208005078473780400, -0.8499999999999999800 ) ) ;
#8439 = DIRECTION ( 'NONE',  ( -1.000000000000000000, -0.0000000000000000000, -0.0000000000000000000 ) ) ;
#8440 = CARTESIAN_POINT ( 'NONE',  ( -5.575000000000000200, 0.9749999999999999800, -0.4500000000000000700 ) ) ;
#8441 = FACE_OUTER_BOUND ( 'NONE', #12529, .T. ) ;
#8442 = EDGE_LOOP ( 'NONE', ( #9754, #5713, #6779, #2555 ) ) ;
#8443 = DIRECTION ( 'NONE',  ( 0.0000000000000000000, 1.000000000000000000, 0.0000000000000000000 ) ) ;
#8444 = VECTOR ( 'NONE', #7175, 1000.000000000000000 ) ;
#8445 = PLANE ( 'NONE',  #1871 ) ;
#8446 = VECTOR ( 'NONE', #6367, 1000.000000000000100 ) ;
#8447 = EDGE_CURVE ( 'NONE', #12257, #875, #7442, .T. ) ;
#8448 = VERTEX_POINT ( 'NONE', #5487 ) ;
#8449 = CARTESIAN_POINT ( 'NONE',  ( 6.099999999999999600, -2.225000000000000100, -0.6449999999999999100 ) ) ;
#8450 = ORIENTED_EDGE ( 'NONE', *, *, #5972, .T. ) ;
#8451 = CARTESIAN_POINT ( 'NONE',  ( 5.675000000000000700, -2.224999999999999600, -1.800000000000000300 ) ) ;
#8452 = CARTESIAN_POINT ( 'NONE',  ( 3.175000000000005600, 0.2750000000000012400, -0.4749999999999999800 ) ) ;
#8453 = CARTESIAN_POINT ( 'NONE',  ( 4.535000000000000100, -4.224999999999999600, -1.300000000000000300 ) ) ;
#8454 = FACE_OUTER_BOUND ( 'NONE', #10567, .T. ) ;
#8455 = DIRECTION ( 'NONE',  ( 1.000000000000000000, 0.0000000000000000000, 0.0000000000000000000 ) ) ;
#8456 = LINE ( 'NONE', #12159, #411 ) ;
#8457 = DIRECTION ( 'NONE',  ( -0.0000000000000000000, 1.000000000000000000, -0.0000000000000000000 ) ) ;
#8458 = LINE ( 'NONE', #9855, #4281 ) ;
#8459 = ORIENTED_EDGE ( 'NONE', *, *, #3479, .T. ) ;
#8460 = DIRECTION ( 'NONE',  ( 0.0000000000000000000, 0.0000000000000000000, 1.000000000000000000 ) ) ;
#8461 = ADVANCED_FACE ( 'NONE', ( #317 ), #9501, .F. ) ;
#8462 = ORIENTED_EDGE ( 'NONE', *, *, #2880, .F. ) ;
#8463 = ORIENTED_EDGE ( 'NONE', *, *, #9799, .F. ) ;
#8464 = CARTESIAN_POINT ( 'NONE',  ( 0.7850000000000000300, -3.625000000000000000, -1.800000000000000300 ) ) ;
#8465 = VECTOR ( 'NONE', #5371, 1000.000000000000000 ) ;
#8466 = LINE ( 'NONE', #5481, #4599 ) ;
#8467 = EDGE_CURVE ( 'NONE', #2340, #8167, #7585, .T. ) ;
#8468 = CARTESIAN_POINT ( 'NONE',  ( -5.275000000000000400, 0.7750000000000001300, 1.200000000000000000 ) ) ;
#8469 = FACE_OUTER_BOUND ( 'NONE', #196, .T. ) ;
#8470 = VERTEX_POINT ( 'NONE', #6490 ) ;
#8471 = LINE ( 'NONE', #3392, #10764 ) ;
#8472 = EDGE_LOOP ( 'NONE', ( #4299, #3577, #6186, #6370, #9439, #10838, #2684, #8999, #7387, #9222, #10004, #2645, #34, #12758, #6863, #10052, #5578, #10271 ) ) ;
#8473 = ORIENTED_EDGE ( 'NONE', *, *, #5566, .T. ) ;
#8474 = ORIENTED_EDGE ( 'NONE', *, *, #7641, .F. ) ;
#8475 = ADVANCED_FACE ( 'NONE', ( #12381 ), #9416, .T. ) ;
#8476 = CARTESIAN_POINT ( 'NONE',  ( 3.285000000000000100, -3.425000000000000300, -1.600000000000000100 ) ) ;
#8477 = EDGE_CURVE ( 'NONE', #5587, #101, #3894, .T. ) ;
#8478 = FACE_OUTER_BOUND ( 'NONE', #3612, .T. ) ;
#8479 = CARTESIAN_POINT ( 'NONE',  ( 7.375000000000000900, -0.02499999999999976900, -1.800000000000000300 ) ) ;
#8480 = LINE ( 'NONE', #2994, #7836 ) ;
#8481 = PRESENTATION_STYLE_ASSIGNMENT (( #5254 ) ) ;
#8482 = AXIS2_PLACEMENT_3D ( 'NONE', #3668, #7645, #1735 ) ;
#8483 = LINE ( 'NONE', #11913, #4309 ) ;
#8484 = VERTEX_POINT ( 'NONE', #8479 ) ;
#8485 = ORIENTED_EDGE ( 'NONE', *, *, #874, .F. ) ;
#8486 = DIRECTION ( 'NONE',  ( 0.0000000000000000000, -1.000000000000000000, -0.0000000000000000000 ) ) ;
#8487 = ORIENTED_EDGE ( 'NONE', *, *, #9574, .T. ) ;
#8488 = CARTESIAN_POINT ( 'NONE',  ( -3.285000000000000100, -0.2250000000000000600, -0.4749999999999999800 ) ) ;
#8489 = EDGE_CURVE ( 'NONE', #4369, #5275, #10207, .T. ) ;
#8490 = VECTOR ( 'NONE', #1746, 1000.000000000000000 ) ;
#8491 = AXIS2_PLACEMENT_3D ( 'NONE', #7326, #4404, #10347 ) ;
#8492 = ADVANCED_FACE ( 'NONE', ( #11461 ), #3581, .T. ) ;
#8493 = CARTESIAN_POINT ( 'NONE',  ( -5.375000000000000000, -3.225000000000000100, 1.600000000000000100 ) ) ;
#8494 = LINE ( 'NONE', #10105, #5852 ) ;
#8495 = EDGE_CURVE ( 'NONE', #8515, #8310, #1244, .T. ) ;
#8496 = LINE ( 'NONE', #4898, #2467 ) ;
#8497 = LINE ( 'NONE', #1787, #4629 ) ;
#8498 = CARTESIAN_POINT ( 'NONE',  ( 1.715000000000000100, -3.924999999999999800, 1.600000000000000100 ) ) ;
#8499 = ORIENTED_EDGE ( 'NONE', *, *, #494, .T. ) ;
#8500 = ORIENTED_EDGE ( 'NONE', *, *, #5818, .T. ) ;
#8501 = DIRECTION ( 'NONE',  ( 0.0000000000000000000, -0.0000000000000000000, 1.000000000000000000 ) ) ;
#8502 = CARTESIAN_POINT ( 'NONE',  ( 5.275000000000000400, 0.7750000000000001300, 1.200000000000000000 ) ) ;
#8503 = DIRECTION ( 'NONE',  ( -1.000000000000000000, 0.0000000000000000000, -0.0000000000000000000 ) ) ;
#8504 = CARTESIAN_POINT ( 'NONE',  ( -4.924999999999999800, -0.6250000000000000000, 1.600000000000000100 ) ) ;
#8505 = VERTEX_POINT ( 'NONE', #12445 ) ;
#8506 = LINE ( 'NONE', #7286, #5863 ) ;
#8507 = AXIS2_PLACEMENT_3D ( 'NONE', #8292, #10349, #11351 ) ;
#8508 = CARTESIAN_POINT ( 'NONE',  ( -1.714999999999999400, -4.208005078473780400, -0.1000000000000000100 ) ) ;
#8509 = LINE ( 'NONE', #7949, #9097 ) ;
#8510 = VECTOR ( 'NONE', #12770, 1000.000000000000000 ) ;
#8511 = EDGE_CURVE ( 'NONE', #8047, #6710, #5416, .T. ) ;
#8512 = DIRECTION ( 'NONE',  ( -0.0000000000000000000, -0.0000000000000000000, -1.000000000000000000 ) ) ;
#8513 = VERTEX_POINT ( 'NONE', #1517 ) ;
#8514 = ORIENTED_EDGE ( 'NONE', *, *, #1085, .F. ) ;
#8515 = VERTEX_POINT ( 'NONE', #4557 ) ;
#8516 = EDGE_CURVE ( 'NONE', #4657, #7895, #1072, .T. ) ;
#8517 = DIRECTION ( 'NONE',  ( 1.000000000000000000, 0.0000000000000000000, -0.0000000000000000000 ) ) ;
#8518 = ORIENTED_EDGE ( 'NONE', *, *, #4848, .T. ) ;
#8519 = AXIS2_PLACEMENT_3D ( 'NONE', #11990, #10050, #3068 ) ;
#8520 = CARTESIAN_POINT ( 'NONE',  ( 2.964999999999999900, -3.225000000000000100, -0.9250000000000000400 ) ) ;
#8521 = EDGE_LOOP ( 'NONE', ( #6844, #4325, #1241, #12267 ) ) ;
#8522 = PRODUCT_CONTEXT ( 'NONE', #10280, 'mechanical' ) ;
#8523 = AXIS2_PLACEMENT_3D ( 'NONE', #9809, #7998, #4002 ) ;
#8524 = ORIENTED_EDGE ( 'NONE', *, *, #10055, .T. ) ;
#8525 = VERTEX_POINT ( 'NONE', #12734 ) ;
#8526 = ORIENTED_EDGE ( 'NONE', *, *, #12065, .T. ) ;
#8527 = DIRECTION ( 'NONE',  ( -1.000000000000000000, 0.0000000000000000000, -0.0000000000000000000 ) ) ;
#8528 = EDGE_CURVE ( 'NONE', #5884, #1512, #470, .T. ) ;
#8529 = VECTOR ( 'NONE', #6618, 1000.000000000000000 ) ;
#8530 = ADVANCED_FACE ( 'NONE', ( #10971 ), #12615, .T. ) ;
#8531 = EDGE_LOOP ( 'NONE', ( #9021, #268, #2261, #6066 ) ) ;
#8532 = CARTESIAN_POINT ( 'NONE',  ( -6.339999999999999900, 0.07500000000000009400, -0.7700000000000001300 ) ) ;
#8533 = VERTEX_POINT ( 'NONE', #9626 ) ;
#8534 = EDGE_CURVE ( 'NONE', #12738, #10957, #3097, .T. ) ;
#8535 = DIRECTION ( 'NONE',  ( -1.000000000000000000, 0.0000000000000000000, -0.0000000000000000000 ) ) ;
#8536 = ORIENTED_EDGE ( 'NONE', *, *, #5142, .F. ) ;
#8537 = ORIENTED_EDGE ( 'NONE', *, *, #8, .F. ) ;
#8538 = ORIENTED_EDGE ( 'NONE', *, *, #4230, .F. ) ;
#8539 = LINE ( 'NONE', #4595, #653 ) ;
#8540 = LINE ( 'NONE', #7170, #5895 ) ;
#8541 = ORIENTED_EDGE ( 'NONE', *, *, #4742, .T. ) ;
#8542 = CARTESIAN_POINT ( 'NONE',  ( -5.875000000000000000, -3.224999999999999600, 0.6999999999999998400 ) ) ;
#8543 = CARTESIAN_POINT ( 'NONE',  ( -5.875000000000000000, 0.07499999999999999700, -0.5699999999999999500 ) ) ;
#8544 = ADVANCED_FACE ( 'NONE', ( #5726 ), #5743, .F. ) ;
#8545 = PLANE ( 'NONE',  #10103 ) ;
#8546 = ORIENTED_EDGE ( 'NONE', *, *, #6151, .F. ) ;
#8547 = ORIENTED_EDGE ( 'NONE', *, *, #9530, .T. ) ;
#8548 = CARTESIAN_POINT ( 'NONE',  ( 3.899999999999999900, 0.9749999999999999800, -1.200000000000000000 ) ) ;
#8549 = CARTESIAN_POINT ( 'NONE',  ( -3.375000000000000000, -2.625000000000000000, 1.100000000000000100 ) ) ;
#8550 = CARTESIAN_POINT ( 'NONE',  ( 0.4650000000000013600, -0.2250000000000002800, -0.8500000000000000900 ) ) ;
#8551 = CARTESIAN_POINT ( 'NONE',  ( -1.714999999999999400, -3.125000000000000000, -1.300000000000000300 ) ) ;
#8553 = EDGE_CURVE ( 'NONE', #10454, #828, #6027, .T. ) ;
#8552 = VERTEX_POINT ( 'NONE', #772 ) ;
#8554 = EDGE_LOOP ( 'NONE', ( #11691, #6673, #4173, #3931, #8485, #3911, #11468 ) ) ;
#8555 = LINE ( 'NONE', #9202, #5905 ) ;
#8556 = LINE ( 'NONE', #4368, #8402 ) ;
#8557 = DIRECTION ( 'NONE',  ( -0.0000000000000000000, -0.0000000000000000000, 1.000000000000000000 ) ) ;
#8558 = ORIENTED_EDGE ( 'NONE', *, *, #2016, .T. ) ;
#8559 = ADVANCED_FACE ( 'NONE', ( #11300 ), #2889, .F. ) ;
#8560 = CARTESIAN_POINT ( 'NONE',  ( -1.715000000000000100, -3.924999999999999800, -1.300000000000000300 ) ) ;
#8561 = CARTESIAN_POINT ( 'NONE',  ( 0.4650000000000018600, -3.125000000000000000, -0.8499999999999999800 ) ) ;
#8562 = ORIENTED_EDGE ( 'NONE', *, *, #5576, .T. ) ;
#8563 = VECTOR ( 'NONE', #10995, 1000.000000000000000 ) ;
#8564 = VECTOR ( 'NONE', #6787, 1000.000000000000000 ) ;
#8565 = ORIENTED_EDGE ( 'NONE', *, *, #8249, .F. ) ;
#8566 = DIRECTION ( 'NONE',  ( -1.000000000000000000, -0.0000000000000000000, -0.0000000000000000000 ) ) ;
#8567 = VERTEX_POINT ( 'NONE', #7642 ) ;
#8568 = EDGE_CURVE ( 'NONE', #5775, #3106, #3251, .T. ) ;
#8569 = DIRECTION ( 'NONE',  ( -0.0000000000000000000, 0.0000000000000000000, -1.000000000000000000 ) ) ;
#8570 = AXIS2_PLACEMENT_3D ( 'NONE', #1887, #7679, #8798 ) ;
#8571 = ORIENTED_EDGE ( 'NONE', *, *, #8282, .F. ) ;
#8572 = ORIENTED_EDGE ( 'NONE', *, *, #4959, .T. ) ;
#8573 = LINE ( 'NONE', #6774, #5926 ) ;
#8574 = VECTOR ( 'NONE', #2563, 1000.000000000000000 ) ;
#8575 = CARTESIAN_POINT ( 'NONE',  ( -7.575000000000001100, -2.024999999999999900, -1.800000000000000500 ) ) ;
#8576 = CARTESIAN_POINT ( 'NONE',  ( -1.715000000000000100, -3.624999999999999600, -1.800000000000000300 ) ) ;
#8577 = DIRECTION ( 'NONE',  ( -0.0000000000000000000, 1.000000000000000000, 0.0000000000000000000 ) ) ;
#8578 = DIRECTION ( 'NONE',  ( 0.0000000000000000000, 1.000000000000000000, 0.0000000000000000000 ) ) ;
#8579 = AXIS2_PLACEMENT_3D ( 'NONE', #11791, #7731, #3868 ) ;
#8580 = CARTESIAN_POINT ( 'NONE',  ( -3.285000000000000100, -4.224999999999999600, -1.600000000000000100 ) ) ;
#8581 = VECTOR ( 'NONE', #6406, 1000.000000000000100 ) ;
#8582 = CARTESIAN_POINT ( 'NONE',  ( 0.7850000000000010300, -4.208005078473780400, -0.8499999999999999800 ) ) ;
#8583 = CARTESIAN_POINT ( 'NONE',  ( 2.035000000000000100, -3.624999999999999600, -1.800000000000000300 ) ) ;
#8585 = EDGE_CURVE ( 'NONE', #5226, #5561, #7252, .T. ) ;
#8584 = ORIENTED_EDGE ( 'NONE', *, *, #4424, .F. ) ;
#8586 = FACE_OUTER_BOUND ( 'NONE', #9444, .T. ) ;
#8587 = CARTESIAN_POINT ( 'NONE',  ( 6.099999999999999600, -2.035000000000000100, -0.8850000000000000100 ) ) ;
#8588 = VECTOR ( 'NONE', #5513, 1000.000000000000000 ) ;
#8589 = DIRECTION ( 'NONE',  ( -0.0000000000000000000, -0.0000000000000000000, 1.000000000000000000 ) ) ;
#8590 = CARTESIAN_POINT ( 'NONE',  ( -5.910000000000000100, -2.225000000000000100, -0.06999999999999953500 ) ) ;
#8591 = CARTESIAN_POINT ( 'NONE',  ( 5.675000000000001600, -3.224999999999999600, -1.800000000000000300 ) ) ;
#8592 = EDGE_CURVE ( 'NONE', #4228, #3903, #11446, .T. ) ;
#8593 = PLANE ( 'NONE',  #309 ) ;
#8594 = ADVANCED_FACE ( 'NONE', ( #6939 ), #5702, .T. ) ;
#8595 = AXIS2_PLACEMENT_3D ( 'NONE', #2965, #8981, #50 ) ;
#8596 = DIRECTION ( 'NONE',  ( -0.0000000000000000000, 0.0000000000000000000, 1.000000000000000000 ) ) ;
#8597 = VERTEX_POINT ( 'NONE', #7764 ) ;
#8598 = VECTOR ( 'NONE', #9885, 1000.000000000000000 ) ;
#8599 = VERTEX_POINT ( 'NONE', #4678 ) ;
#8600 = AXIS2_PLACEMENT_3D ( 'NONE', #1289, #9231, #337 ) ;
#8601 = CARTESIAN_POINT ( 'NONE',  ( -4.534999999999999300, -1.975000000000000100, -0.1000000000000000100 ) ) ;
#8602 = EDGE_CURVE ( 'NONE', #4311, #9990, #3874, .T. ) ;
#8603 = CARTESIAN_POINT ( 'NONE',  ( -6.870000000000000100, -2.025000000000000400, -0.4200000000000000400 ) ) ;
#8604 = ORIENTED_EDGE ( 'NONE', *, *, #3330, .T. ) ;
#8605 = ADVANCED_FACE ( 'NONE', ( #10802 ), #7803, .T. ) ;
#8606 = PLANE ( 'NONE',  #6438 ) ;
#8607 = LINE ( 'NONE', #1873, #614 ) ;
#8608 = EDGE_CURVE ( 'NONE', #3615, #12000, #7720, .T. ) ;
#8609 = VECTOR ( 'NONE', #6799, 1000.000000000000000 ) ;
#8610 = VECTOR ( 'NONE', #12102, 1000.000000000000100 ) ;
#8611 = DIRECTION ( 'NONE',  ( 0.0000000000000000000, -1.000000000000000000, 0.0000000000000000000 ) ) ;
#8612 = ORIENTED_EDGE ( 'NONE', *, *, #8969, .F. ) ;
#8613 = ORIENTED_EDGE ( 'NONE', *, *, #11146, .T. ) ;
#8614 = DIRECTION ( 'NONE',  ( 0.0000000000000000000, -0.0000000000000000000, -1.000000000000000000 ) ) ;
#8615 = FACE_OUTER_BOUND ( 'NONE', #5723, .T. ) ;
#8616 = EDGE_CURVE ( 'NONE', #9090, #10408, #12359, .T. ) ;
#8617 = FACE_OUTER_BOUND ( 'NONE', #9857, .T. ) ;
#8618 = ADVANCED_FACE ( 'NONE', ( #5409 ), #848, .T. ) ;
#8619 = LINE ( 'NONE', #3406, #5208 ) ;
#8620 = ORIENTED_EDGE ( 'NONE', *, *, #11457, .T. ) ;
#8621 = ORIENTED_EDGE ( 'NONE', *, *, #6504, .F. ) ;
#8622 = CARTESIAN_POINT ( 'NONE',  ( 4.924999999999999800, -0.6250000000000000000, 1.600000000000000100 ) ) ;
#8623 = ORIENTED_EDGE ( 'NONE', *, *, #2940, .T. ) ;
#8624 = EDGE_CURVE ( 'NONE', #1974, #10826, #9715, .T. ) ;
#8625 = CARTESIAN_POINT ( 'NONE',  ( 3.285000000000000100, -3.425000000000000300, 1.600000000000000100 ) ) ;
#8626 = DIRECTION ( 'NONE',  ( 0.0000000000000000000, 0.0000000000000000000, 1.000000000000000000 ) ) ;
#8627 = CARTESIAN_POINT ( 'NONE',  ( 9.090000000000001600, -3.125000000000000000, 0.6999999999999998400 ) ) ;
#8628 = LINE ( 'NONE', #8938, #4613 ) ;
#8629 = VECTOR ( 'NONE', #11706, 1000.000000000000000 ) ;
#8630 = LINE ( 'NONE', #12595, #3842 ) ;
#8631 = LINE ( 'NONE', #7118, #6156 ) ;
#8632 = ORIENTED_EDGE ( 'NONE', *, *, #4912, .F. ) ;
#8633 = ORIENTED_EDGE ( 'NONE', *, *, #6026, .F. ) ;
#8634 = DIRECTION ( 'NONE',  ( -1.000000000000000000, -0.0000000000000000000, 0.0000000000000000000 ) ) ;
#8635 = EDGE_LOOP ( 'NONE', ( #6856, #10279, #328, #9333 ) ) ;
#8636 = EDGE_CURVE ( 'NONE', #2074, #12047, #8192, .T. ) ;
#8637 = LINE ( 'NONE', #9718, #6771 ) ;
#8638 = ORIENTED_EDGE ( 'NONE', *, *, #2037, .T. ) ;
#8639 = FACE_OUTER_BOUND ( 'NONE', #8521, .T. ) ;
#8640 = DIRECTION ( 'NONE',  ( -1.000000000000000000, 0.0000000000000000000, -0.0000000000000000000 ) ) ;
#8641 = FACE_OUTER_BOUND ( 'NONE', #1453, .T. ) ;
#8642 = PLANE ( 'NONE',  #9965 ) ;
#8643 = VECTOR ( 'NONE', #12585, 1000.000000000000000 ) ;
#8644 = ORIENTED_EDGE ( 'NONE', *, *, #9366, .F. ) ;
#8645 = EDGE_LOOP ( 'NONE', ( #8971, #6624, #10728, #59 ) ) ;
#8646 = ORIENTED_EDGE ( 'NONE', *, *, #5920, .T. ) ;
#8647 = CARTESIAN_POINT ( 'NONE',  ( -3.125000000000000000, 0.02500000000000000100, -0.1875000000000000000 ) ) ;
#8648 = VECTOR ( 'NONE', #10595, 1000.000000000000000 ) ;
#8649 = LINE ( 'NONE', #10850, #4160 ) ;
#8650 = DIRECTION ( 'NONE',  ( 0.0000000000000000000, 0.0000000000000000000, 1.000000000000000000 ) ) ;
#8651 = LINE ( 'NONE', #3090, #3572 ) ;
#8652 = DIRECTION ( 'NONE',  ( 0.0000000000000000000, 0.0000000000000000000, 1.000000000000000000 ) ) ;
#8653 = CARTESIAN_POINT ( 'NONE',  ( -4.214999999999999900, -3.425000000000000300, 1.600000000000000100 ) ) ;
#8654 = DIRECTION ( 'NONE',  ( 0.0000000000000000000, 1.000000000000000000, -0.0000000000000000000 ) ) ;
#8655 = ORIENTED_EDGE ( 'NONE', *, *, #376, .T. ) ;
#8656 = ORIENTED_EDGE ( 'NONE', *, *, #3499, .T. ) ;
#8657 = EDGE_CURVE ( 'NONE', #11098, #5617, #4642, .T. ) ;
#8658 = VERTEX_POINT ( 'NONE', #10868 ) ;
#8659 = ORIENTED_EDGE ( 'NONE', *, *, #10630, .T. ) ;
#8660 = EDGE_CURVE ( 'NONE', #8860, #7884, #5248, .T. ) ;
#8661 = CARTESIAN_POINT ( 'NONE',  ( -0.4649999999999992500, -3.125000000000000000, -0.8499999999999999800 ) ) ;
#8662 = ADVANCED_FACE ( 'NONE', ( #12813 ), #4024, .T. ) ;
#8663 = CARTESIAN_POINT ( 'NONE',  ( -3.600000000000000500, 0.9749999999999999800, -1.600000000000000100 ) ) ;
#8664 = CARTESIAN_POINT ( 'NONE',  ( 6.440000000000000400, -1.075000000000000000, -1.399999999999999900 ) ) ;
#8665 = CARTESIAN_POINT ( 'NONE',  ( -0.4649999999999992500, -3.125000000000000000, -0.1000000000000000100 ) ) ;
#8666 = CARTESIAN_POINT ( 'NONE',  ( 2.035000000000000100, -3.225000000000000100, -1.125000000000000200 ) ) ;
#8667 = EDGE_LOOP ( 'NONE', ( #4620, #12677, #3445, #5515 ) ) ;
#8668 = ORIENTED_EDGE ( 'NONE', *, *, #3579, .T. ) ;
#8669 = VERTEX_POINT ( 'NONE', #3976 ) ;
#8670 = VECTOR ( 'NONE', #1798, 1000.000000000000000 ) ;
#8671 = DIRECTION ( 'NONE',  ( -1.000000000000000000, -0.0000000000000000000, -0.0000000000000000000 ) ) ;
#8672 = ORIENTED_EDGE ( 'NONE', *, *, #7424, .T. ) ;
#8673 = VERTEX_POINT ( 'NONE', #11905 ) ;
#8674 = ORIENTED_EDGE ( 'NONE', *, *, #8198, .T. ) ;
#8675 = EDGE_CURVE ( 'NONE', #2327, #11133, #1227, .T. ) ;
#8676 = ORIENTED_EDGE ( 'NONE', *, *, #4647, .T. ) ;
#8677 = EDGE_LOOP ( 'NONE', ( #3009, #415, #774, #7587 ) ) ;
#8678 = VECTOR ( 'NONE', #3073, 1000.000000000000000 ) ;
#8679 = LINE ( 'NONE', #11602, #11 ) ;
#8680 = CARTESIAN_POINT ( 'NONE',  ( -6.099999999999998800, -0.02499999999999965800, -1.310000000000000300 ) ) ;
#8681 = VERTEX_POINT ( 'NONE', #6944 ) ;
#8682 = VERTEX_POINT ( 'NONE', #9911 ) ;
#8683 = EDGE_CURVE ( 'NONE', #2158, #2095, #10025, .T. ) ;
#8684 = ORIENTED_EDGE ( 'NONE', *, *, #12158, .F. ) ;
#8685 = VERTEX_POINT ( 'NONE', #12818 ) ;
#8686 = LINE ( 'NONE', #959, #6221 ) ;
#8687 = VECTOR ( 'NONE', #10263, 1000.000000000000000 ) ;
#8688 = ORIENTED_EDGE ( 'NONE', *, *, #3104, .T. ) ;
#8689 = DIRECTION ( 'NONE',  ( 0.0000000000000000000, 0.0000000000000000000, -1.000000000000000000 ) ) ;
#8690 = ORIENTED_EDGE ( 'NONE', *, *, #11063, .F. ) ;
#8691 = DIRECTION ( 'NONE',  ( -1.000000000000000000, 0.0000000000000000000, -0.0000000000000000000 ) ) ;
#8692 = ORIENTED_EDGE ( 'NONE', *, *, #5714, .F. ) ;
#8693 = ORIENTED_EDGE ( 'NONE', *, *, #1460, .T. ) ;
#8694 = VECTOR ( 'NONE', #2618, 1000.000000000000000 ) ;
#8695 = PLANE ( 'NONE',  #7718 ) ;
#8696 = LINE ( 'NONE', #8114, #2823 ) ;
#8697 = EDGE_LOOP ( 'NONE', ( #2087, #6778, #10532, #1012, #7186, #1076 ) ) ;
#8698 = CARTESIAN_POINT ( 'NONE',  ( 0.0000000000000000000, -3.225000000000000100, 1.600000000000000100 ) ) ;
#8699 = DIRECTION ( 'NONE',  ( 0.0000000000000000000, 0.0000000000000000000, -1.000000000000000000 ) ) ;
#8700 = ORIENTED_EDGE ( 'NONE', *, *, #3293, .T. ) ;
#8701 = CARTESIAN_POINT ( 'NONE',  ( -0.6250000000000000000, 0.02500000000000000100, -0.1875000000000000000 ) ) ;
#8702 = DIRECTION ( 'NONE',  ( 0.7071067811865474600, 0.0000000000000000000, 0.7071067811865474600 ) ) ;
#8703 = DIRECTION ( 'NONE',  ( 0.0000000000000000000, 0.7071067811865452400, -0.7071067811865497900 ) ) ;
#8704 = EDGE_CURVE ( 'NONE', #11100, #12277, #9569, .T. ) ;
#8705 = ORIENTED_EDGE ( 'NONE', *, *, #6760, .T. ) ;
#8706 = VECTOR ( 'NONE', #12463, 1000.000000000000000 ) ;
#8707 = CARTESIAN_POINT ( 'NONE',  ( 5.375000000000000000, -3.225000000000000100, 1.600000000000000100 ) ) ;
#8708 = VECTOR ( 'NONE', #6455, 1000.000000000000000 ) ;
#8709 = EDGE_CURVE ( 'NONE', #2512, #10534, #905, .T. ) ;
#8710 = VERTEX_POINT ( 'NONE', #3105 ) ;
#8711 = PLANE ( 'NONE',  #5774 ) ;
#8712 = ORIENTED_EDGE ( 'NONE', *, *, #8378, .T. ) ;
#8713 = VECTOR ( 'NONE', #12337, 1000.000000000000100 ) ;
#8714 = ADVANCED_FACE ( 'NONE', ( #6494 ), #4873, .F. ) ;
#8715 = EDGE_LOOP ( 'NONE', ( #10545, #6108, #169, #1265, #4707, #1997, #1106, #1545, #8693, #8942, #8747, #889, #6378, #8300, #511, #1723 ) ) ;
#8716 = FACE_OUTER_BOUND ( 'NONE', #4109, .T. ) ;
#8717 = VECTOR ( 'NONE', #6966, 1000.000000000000000 ) ;
#8718 = EDGE_CURVE ( 'NONE', #3950, #10380, #3585, .T. ) ;
#8719 = CARTESIAN_POINT ( 'NONE',  ( 6.099999999999999600, -2.225000000000000100, -0.6450000000000000200 ) ) ;
#8720 = EDGE_CURVE ( 'NONE', #8810, #4773, #4495, .T. ) ;
#8721 = ORIENTED_EDGE ( 'NONE', *, *, #1878, .T. ) ;
#8722 = DIRECTION ( 'NONE',  ( 0.0000000000000000000, -1.000000000000000000, -0.0000000000000000000 ) ) ;
#8723 = VECTOR ( 'NONE', #6621, 1000.000000000000000 ) ;
#8724 = CARTESIAN_POINT ( 'NONE',  ( -2.964999999999999900, -4.025000000000000400, -1.800000000000000300 ) ) ;
#8725 = VECTOR ( 'NONE', #4029, 1000.000000000000000 ) ;
#8726 = ORIENTED_EDGE ( 'NONE', *, *, #11612, .F. ) ;
#8727 = VECTOR ( 'NONE', #11353, 1000.000000000000000 ) ;
#8728 = DIRECTION ( 'NONE',  ( 1.000000000000000000, 0.0000000000000000000, 0.0000000000000000000 ) ) ;
#8729 = AXIS2_PLACEMENT_3D ( 'NONE', #88, #10208, #3322 ) ;
#8730 = CARTESIAN_POINT ( 'NONE',  ( 5.875000000000000000, -3.225000000000000100, 0.6999999999999998400 ) ) ;
#8731 = EDGE_CURVE ( 'NONE', #8513, #965, #4934, .T. ) ;
#8732 = FACE_OUTER_BOUND ( 'NONE', #9786, .T. ) ;
#8733 = ORIENTED_EDGE ( 'NONE', *, *, #9384, .F. ) ;
#8734 = VECTOR ( 'NONE', #6961, 1000.000000000000000 ) ;
#8735 = CARTESIAN_POINT ( 'NONE',  ( 6.440000000000000400, -0.02499999999999963400, -0.6700000000000000400 ) ) ;
#8736 = VERTEX_POINT ( 'NONE', #8872 ) ;
#8737 = EDGE_CURVE ( 'NONE', #251, #9843, #5867, .T. ) ;
#8738 = CARTESIAN_POINT ( 'NONE',  ( 4.625000000000000000, 0.0000000000000000000, 1.600000000000000100 ) ) ;
#8739 = VECTOR ( 'NONE', #5830, 1000.000000000000000 ) ;
#8740 = AXIS2_PLACEMENT_3D ( 'NONE', #2745, #2874, #4739 ) ;
#8741 = LINE ( 'NONE', #10123, #2574 ) ;
#8742 = VECTOR ( 'NONE', #12055, 1000.000000000000000 ) ;
#8743 = EDGE_CURVE ( 'NONE', #1842, #10639, #7423, .T. ) ;
#8744 = ORIENTED_EDGE ( 'NONE', *, *, #12103, .F. ) ;
#8745 = DIRECTION ( 'NONE',  ( 0.0000000000000000000, 0.0000000000000000000, -1.000000000000000000 ) ) ;
#8746 = ORIENTED_EDGE ( 'NONE', *, *, #12243, .F. ) ;
#8747 = ORIENTED_EDGE ( 'NONE', *, *, #5504, .T. ) ;
#8748 = EDGE_CURVE ( 'NONE', #8795, #431, #2313, .T. ) ;
#8749 = LINE ( 'NONE', #5586, #11839 ) ;
#8750 = DIRECTION ( 'NONE',  ( 0.0000000000000000000, -0.0000000000000000000, 1.000000000000000000 ) ) ;
#8751 = LINE ( 'NONE', #8432, #11841 ) ;
#8752 = LINE ( 'NONE', #2783, #5683 ) ;
#8753 = CARTESIAN_POINT ( 'NONE',  ( -7.375000000000000900, -2.225000000000000100, -1.550000000000000300 ) ) ;
#8754 = EDGE_LOOP ( 'NONE', ( #12820, #9091, #2853, #7058 ) ) ;
#8755 = VECTOR ( 'NONE', #9128, 1000.000000000000000 ) ;
#8756 = VERTEX_POINT ( 'NONE', #6984 ) ;
#8757 = ORIENTED_EDGE ( 'NONE', *, *, #1967, .T. ) ;
#8758 = DIRECTION ( 'NONE',  ( -0.0000000000000000000, 0.0000000000000000000, -1.000000000000000000 ) ) ;
#8759 = ORIENTED_EDGE ( 'NONE', *, *, #2037, .F. ) ;
#8760 = CARTESIAN_POINT ( 'NONE',  ( 4.215000000000001600, -3.125000000000000000, -0.8499999999999999800 ) ) ;
#8761 = DIRECTION ( 'NONE',  ( 0.0000000000000000000, 0.0000000000000000000, -1.000000000000000000 ) ) ;
#8762 = DIRECTION ( 'NONE',  ( 1.000000000000000000, 0.0000000000000000000, -0.0000000000000000000 ) ) ;
#8763 = EDGE_CURVE ( 'NONE', #11806, #2872, #4791, .T. ) ;
#8764 = PLANE ( 'NONE',  #5533 ) ;
#8765 = DIRECTION ( 'NONE',  ( 0.0000000000000000000, -0.0000000000000000000, -1.000000000000000000 ) ) ;
#8766 = VECTOR ( 'NONE', #12798, 1000.000000000000000 ) ;
#8767 = FACE_OUTER_BOUND ( 'NONE', #5594, .T. ) ;
#8768 = LINE ( 'NONE', #7104, #7838 ) ;
#8769 = PLANE ( 'NONE',  #6653 ) ;
#8770 = ADVANCED_FACE ( 'NONE', ( #465 ), #7062, .F. ) ;
#8771 = LINE ( 'NONE', #10140, #2285 ) ;
#8772 = ORIENTED_EDGE ( 'NONE', *, *, #11967, .F. ) ;
#8773 = CARTESIAN_POINT ( 'NONE',  ( -2.125000000000000000, -3.225000000000000100, 1.600000000000000100 ) ) ;
#8774 = ORIENTED_EDGE ( 'NONE', *, *, #8339, .T. ) ;
#8775 = ORIENTED_EDGE ( 'NONE', *, *, #4690, .T. ) ;
#8776 = DIRECTION ( 'NONE',  ( -1.000000000000000000, -0.0000000000000000000, 0.0000000000000000000 ) ) ;
#8777 = DIRECTION ( 'NONE',  ( 0.0000000000000000000, 0.0000000000000000000, 1.000000000000000000 ) ) ;
#8778 = CARTESIAN_POINT ( 'NONE',  ( -5.375000000000000000, -3.225000000000000100, 1.600000000000000100 ) ) ;
#8779 = LINE ( 'NONE', #3700, #600 ) ;
#8780 = DIRECTION ( 'NONE',  ( 0.0000000000000000000, 0.0000000000000000000, -1.000000000000000000 ) ) ;
#8781 = VECTOR ( 'NONE', #7002, 1000.000000000000000 ) ;
#8782 = UNCERTAINTY_MEASURE_WITH_UNIT (LENGTH_MEASURE( 1.000000000000000100E-005 ), #9271, 'distance_accuracy_value', 'NONE');
#8783 = FACE_OUTER_BOUND ( 'NONE', #7459, .T. ) ;
#8785 = VECTOR ( 'NONE', #8512, 1000.000000000000000 ) ;
#8784 = DIRECTION ( 'NONE',  ( 0.0000000000000000000, 0.7071067811865452400, -0.7071067811865497900 ) ) ;
#8786 = ORIENTED_EDGE ( 'NONE', *, *, #6109, .F. ) ;
#8787 = ORIENTED_EDGE ( 'NONE', *, *, #43, .T. ) ;
#8788 = DIRECTION ( 'NONE',  ( -0.0000000000000000000, 1.000000000000000000, -0.0000000000000000000 ) ) ;
#8789 = EDGE_CURVE ( 'NONE', #9753, #3615, #9862, .T. ) ;
#8790 = VERTEX_POINT ( 'NONE', #6216 ) ;
#8791 = VECTOR ( 'NONE', #10343, 1000.000000000000000 ) ;
#8792 = CARTESIAN_POINT ( 'NONE',  ( 2.965000000000002500, -4.208005078473780400, -0.1000000000000000100 ) ) ;
#8793 = LINE ( 'NONE', #3988, #2625 ) ;
#8794 = VECTOR ( 'NONE', #10698, 1000.000000000000000 ) ;
#8795 = VERTEX_POINT ( 'NONE', #9092 ) ;
#8796 = VERTEX_POINT ( 'NONE', #7153 ) ;
#8797 = ORIENTED_EDGE ( 'NONE', *, *, #8495, .F. ) ;
#8798 = DIRECTION ( 'NONE',  ( 0.0000000000000000000, 0.7071067811865474600, -0.7071067811865474600 ) ) ;
#8799 = ORIENTED_EDGE ( 'NONE', *, *, #7106, .F. ) ;
#8800 = DIRECTION ( 'NONE',  ( 0.0000000000000000000, -1.000000000000000000, 0.0000000000000000000 ) ) ;
#8801 = FILL_AREA_STYLE ('',( #12408 ) ) ;
#8802 = VERTEX_POINT ( 'NONE', #192 ) ;
#8803 = DIRECTION ( 'NONE',  ( 0.0000000000000000000, 0.0000000000000000000, 1.000000000000000000 ) ) ;
#8804 = CARTESIAN_POINT ( 'NONE',  ( 0.4650000000000018600, -3.125000000000000000, -0.1000000000000000100 ) ) ;
#8805 = CARTESIAN_POINT ( 'NONE',  ( 5.875000000000000000, -3.225000000000000100, -1.800000000000000300 ) ) ;
#8806 = EDGE_CURVE ( 'NONE', #11609, #3085, #12518, .T. ) ;
#8807 = DIRECTION ( 'NONE',  ( 1.000000000000000000, 0.0000000000000000000, -0.0000000000000000000 ) ) ;
#8808 = DIRECTION ( 'NONE',  ( 1.000000000000000000, 0.0000000000000000000, 0.0000000000000000000 ) ) ;
#8809 = EDGE_LOOP ( 'NONE', ( #4547, #11616, #8621, #11190 ) ) ;
#8810 = VERTEX_POINT ( 'NONE', #2278 ) ;
#8811 = EDGE_LOOP ( 'NONE', ( #10592, #2630, #5608, #9736 ) ) ;
#8812 = LINE ( 'NONE', #3399, #5430 ) ;
#8813 = VECTOR ( 'NONE', #11371, 1000.000000000000000 ) ;
#8814 = EDGE_CURVE ( 'NONE', #12612, #12807, #6797, .T. ) ;
#8815 = ORIENTED_EDGE ( 'NONE', *, *, #1063, .F. ) ;
#8816 = CARTESIAN_POINT ( 'NONE',  ( 4.214999999999999900, -3.775000000000000400, -0.5749999999999999600 ) ) ;
#8817 = ORIENTED_EDGE ( 'NONE', *, *, #12025, .F. ) ;
#8818 = CARTESIAN_POINT ( 'NONE',  ( -5.875000000000000000, -2.225000000000000100, -0.7700000000000000200 ) ) ;
#8819 = DIRECTION ( 'NONE',  ( 0.0000000000000000000, 0.0000000000000000000, -1.000000000000000000 ) ) ;
#8820 = DIRECTION ( 'NONE',  ( -1.000000000000000000, -0.0000000000000000000, 0.0000000000000000000 ) ) ;
#8821 = EDGE_LOOP ( 'NONE', ( #5763, #11832, #3748, #10255 ) ) ;
#8822 = DIRECTION ( 'NONE',  ( 0.0000000000000000000, 0.7071067811865471300, -0.7071067811865479100 ) ) ;
#8823 = AXIS2_PLACEMENT_3D ( 'NONE', #5176, #3062, #6173 ) ;
#8824 = VERTEX_POINT ( 'NONE', #283 ) ;
#8825 = ORIENTED_EDGE ( 'NONE', *, *, #6105, .T. ) ;
#8826 = EDGE_CURVE ( 'NONE', #5987, #10546, #10187, .T. ) ;
#8827 = VECTOR ( 'NONE', #1900, 1000.000000000000000 ) ;
#8828 = DIRECTION ( 'NONE',  ( 1.000000000000000000, 0.0000000000000000000, -0.0000000000000000000 ) ) ;
#8829 = ORIENTED_EDGE ( 'NONE', *, *, #1576, .F. ) ;
#8830 = EDGE_LOOP ( 'NONE', ( #9910, #6751, #10970, #4256 ) ) ;
#8831 = ORIENTED_EDGE ( 'NONE', *, *, #2791, .F. ) ;
#8832 = EDGE_CURVE ( 'NONE', #3482, #5775, #135, .T. ) ;
#8833 = DIRECTION ( 'NONE',  ( -1.000000000000000000, 0.0000000000000000000, -0.0000000000000000000 ) ) ;
#8834 = ORIENTED_EDGE ( 'NONE', *, *, #4529, .F. ) ;
#8835 = ORIENTED_EDGE ( 'NONE', *, *, #9594, .F. ) ;
#8836 = VECTOR ( 'NONE', #1098, 1000.000000000000100 ) ;
#8837 = ADVANCED_FACE ( 'NONE', ( #10655 ), #1287, .F. ) ;
#8838 = ORIENTED_EDGE ( 'NONE', *, *, #1477, .T. ) ;
#8839 = EDGE_LOOP ( 'NONE', ( #5086, #7174, #4838, #9511, #1964, #4154, #5258 ) ) ;
#8840 = EDGE_CURVE ( 'NONE', #4362, #4064, #5093, .T. ) ;
#8841 = DIRECTION ( 'NONE',  ( 0.0000000000000000000, -0.0000000000000000000, 1.000000000000000000 ) ) ;
#8842 = ORIENTED_EDGE ( 'NONE', *, *, #3169, .T. ) ;
#8843 =( NAMED_UNIT ( * ) SI_UNIT ( $, .STERADIAN. ) SOLID_ANGLE_UNIT ( ) );
#8844 = LINE ( 'NONE', #10173, #7151 ) ;
#8845 = VECTOR ( 'NONE', #4802, 1000.000000000000100 ) ;
#8846 = EDGE_LOOP ( 'NONE', ( #1568, #11354, #4346, #8656 ) ) ;
#8847 = ORIENTED_EDGE ( 'NONE', *, *, #9712, .T. ) ;
#8848 = CARTESIAN_POINT ( 'NONE',  ( -0.4650000000000000200, -3.425000000000000300, -1.125000000000000200 ) ) ;
#8849 = ORIENTED_EDGE ( 'NONE', *, *, #725, .F. ) ;
#8850 = VERTEX_POINT ( 'NONE', #6119 ) ;
#8851 = LINE ( 'NONE', #12571, #2544 ) ;
#8852 = LINE ( 'NONE', #10335, #6244 ) ;
#8853 = CARTESIAN_POINT ( 'NONE',  ( 2.965000000000002500, -1.975000000000000100, -0.8499999999999999800 ) ) ;
#8854 = DIRECTION ( 'NONE',  ( 0.0000000000000000000, 1.000000000000000000, -0.0000000000000000000 ) ) ;
#8855 = PLANE ( 'NONE',  #6932 ) ;
#8856 = EDGE_CURVE ( 'NONE', #9905, #3624, #11735, .T. ) ;
#8857 = AXIS2_PLACEMENT_3D ( 'NONE', #9882, #6796, #2954 ) ;
#8858 = DIRECTION ( 'NONE',  ( 0.0000000000000000000, 0.0000000000000000000, -1.000000000000000000 ) ) ;
#8859 = LINE ( 'NONE', #12580, #1913 ) ;
#8860 = VERTEX_POINT ( 'NONE', #12167 ) ;
#8861 = EDGE_CURVE ( 'NONE', #5484, #7074, #279, .T. ) ;
#8862 = VECTOR ( 'NONE', #8074, 1000.000000000000000 ) ;
#8863 = PLANE ( 'NONE',  #3731 ) ;
#8864 = ORIENTED_EDGE ( 'NONE', *, *, #1938, .T. ) ;
#8865 = VECTOR ( 'NONE', #7625, 1000.000000000000000 ) ;
#8866 = DIRECTION ( 'NONE',  ( 0.0000000000000000000, 1.000000000000000000, -0.0000000000000000000 ) ) ;
#8867 = CARTESIAN_POINT ( 'NONE',  ( 2.035000000000000100, -3.425000000000000300, -1.125000000000000200 ) ) ;
#8868 = ORIENTED_EDGE ( 'NONE', *, *, #6573, .T. ) ;
#8869 = VECTOR ( 'NONE', #9374, 1000.000000000000000 ) ;
#8870 = EDGE_CURVE ( 'NONE', #26, #5072, #262, .T. ) ;
#8871 = FACE_OUTER_BOUND ( 'NONE', #5577, .T. ) ;
#8872 = CARTESIAN_POINT ( 'NONE',  ( -5.275000000000000400, 0.7750000000000001300, -0.4500000000000001200 ) ) ;
#8873 = VERTEX_POINT ( 'NONE', #8108 ) ;
#8874 = CARTESIAN_POINT ( 'NONE',  ( -5.875000000000000000, -2.225000000000000100, 0.3999999999999999700 ) ) ;
#8875 = EDGE_CURVE ( 'NONE', #5275, #1095, #4123, .T. ) ;
#8876 = DIRECTION ( 'NONE',  ( -1.000000000000000000, 0.0000000000000000000, 0.0000000000000000000 ) ) ;
#8877 = CARTESIAN_POINT ( 'NONE',  ( 6.349999999999999600, -2.035000000000000100, -1.310000000000000100 ) ) ;
#8878 = DIRECTION ( 'NONE',  ( -0.8320502943378437200, -0.5547001962252291500, 0.0000000000000000000 ) ) ;
#8879 = CIRCLE ( 'NONE', #9037, 0.2000000000000000900 ) ;
#8880 = CARTESIAN_POINT ( 'NONE',  ( 6.339999999999999900, 0.07499999999999999700, -1.800000000000000300 ) ) ;
#8881 = LINE ( 'NONE', #9717, #6276 ) ;
#8882 = DIRECTION ( 'NONE',  ( -0.0000000000000000000, -0.0000000000000000000, 1.000000000000000000 ) ) ;
#8883 = LINE ( 'NONE', #6853, #5658 ) ;
#8884 = ORIENTED_EDGE ( 'NONE', *, *, #4792, .F. ) ;
#8885 = AXIS2_PLACEMENT_3D ( 'NONE', #9441, #5386, #8455 ) ;
#8886 = VERTEX_POINT ( 'NONE', #1330 ) ;
#8887 = ADVANCED_FACE ( 'NONE', ( #5535 ), #8064, .T. ) ;
#8888 = CARTESIAN_POINT ( 'NONE',  ( -2.035000000000000100, -3.624999999999999600, -1.800000000000000300 ) ) ;
#8889 = EDGE_CURVE ( 'NONE', #2392, #4773, #11982, .T. ) ;
#8890 = DIRECTION ( 'NONE',  ( 0.0000000000000000000, 0.0000000000000000000, -1.000000000000000000 ) ) ;
#8891 = DIRECTION ( 'NONE',  ( 0.0000000000000000000, 0.0000000000000000000, 1.000000000000000000 ) ) ;
#8892 = DIRECTION ( 'NONE',  ( 1.000000000000000000, -0.0000000000000000000, 0.0000000000000000000 ) ) ;
#8893 = FACE_OUTER_BOUND ( 'NONE', #10249, .T. ) ;
#8894 = EDGE_CURVE ( 'NONE', #12075, #297, #5493, .T. ) ;
#8895 = DIRECTION ( 'NONE',  ( 0.0000000000000000000, 0.0000000000000000000, 1.000000000000000000 ) ) ;
#8896 = CIRCLE ( 'NONE', #3805, 0.2000000000000000900 ) ;
#8897 = CARTESIAN_POINT ( 'NONE',  ( 3.125000000000000000, -0.2250000000000000600, -0.1000000000000000100 ) ) ;
#8898 = VECTOR ( 'NONE', #9926, 1000.000000000000000 ) ;
#8899 = AXIS2_PLACEMENT_3D ( 'NONE', #9282, #12309, #474 ) ;
#8900 = ORIENTED_EDGE ( 'NONE', *, *, #2712, .T. ) ;
#8901 = DIRECTION ( 'NONE',  ( 0.0000000000000000000, 0.0000000000000000000, -1.000000000000000000 ) ) ;
#8902 = FACE_OUTER_BOUND ( 'NONE', #7161, .T. ) ;
#8903 = ORIENTED_EDGE ( 'NONE', *, *, #6740, .F. ) ;
#8904 = EDGE_LOOP ( 'NONE', ( #3397, #5472, #628, #11583 ) ) ;
#8905 = CARTESIAN_POINT ( 'NONE',  ( 4.299999999999999800, -0.4749999999999999200, -1.600000000000000100 ) ) ;
#8906 = AXIS2_PLACEMENT_3D ( 'NONE', #12468, #592, #10396 ) ;
#8907 = DIRECTION ( 'NONE',  ( 0.0000000000000000000, 0.0000000000000000000, 1.000000000000000000 ) ) ;
#8908 = VECTOR ( 'NONE', #5675, 1000.000000000000000 ) ;
#8909 = EDGE_CURVE ( 'NONE', #2738, #7832, #11355, .T. ) ;
#8910 = VECTOR ( 'NONE', #11673, 1000.000000000000000 ) ;
#8911 = LINE ( 'NONE', #9641, #577 ) ;
#8912 = VECTOR ( 'NONE', #9871, 1000.000000000000000 ) ;
#8913 = ORIENTED_EDGE ( 'NONE', *, *, #12146, .T. ) ;
#8914 = ORIENTED_EDGE ( 'NONE', *, *, #421, .T. ) ;
#8915 = ORIENTED_EDGE ( 'NONE', *, *, #1300, .F. ) ;
#8916 = EDGE_CURVE ( 'NONE', #9344, #8953, #5928, .T. ) ;
#8917 = LINE ( 'NONE', #12230, #12182 ) ;
#8918 = CARTESIAN_POINT ( 'NONE',  ( 0.3750000000000003300, -3.225000000000000100, -1.800000000000000300 ) ) ;
#8919 = LINE ( 'NONE', #1617, #4322 ) ;
#8920 = CARTESIAN_POINT ( 'NONE',  ( 5.224999999999999600, -3.115000000000000200, -0.5000000000000000000 ) ) ;
#8921 = LINE ( 'NONE', #2372, #6316 ) ;
#8922 = DIRECTION ( 'NONE',  ( 0.0000000000000000000, 0.9438583563660173400, 0.3303504247281061100 ) ) ;
#8923 = CARTESIAN_POINT ( 'NONE',  ( 4.534999999999994800, -0.2250000000000010900, -0.8500000000000002000 ) ) ;
#8924 = LINE ( 'NONE', #4521, #2761 ) ;
#8925 = ORIENTED_EDGE ( 'NONE', *, *, #12321, .T. ) ;
#8926 = VERTEX_POINT ( 'NONE', #1462 ) ;
#8927 = ORIENTED_EDGE ( 'NONE', *, *, #11288, .F. ) ;
#8928 = FACE_OUTER_BOUND ( 'NONE', #2151, .T. ) ;
#8929 = EDGE_CURVE ( 'NONE', #12262, #8352, #8556, .T. ) ;
#8930 = VECTOR ( 'NONE', #11161, 1000.000000000000000 ) ;
#8931 = VECTOR ( 'NONE', #6326, 1000.000000000000000 ) ;
#8932 = DIRECTION ( 'NONE',  ( -0.0000000000000000000, -1.000000000000000000, -0.0000000000000000000 ) ) ;
#8933 = CARTESIAN_POINT ( 'NONE',  ( -3.200000000000000200, 0.9749999999999999800, -1.600000000000000100 ) ) ;
#8934 = CARTESIAN_POINT ( 'NONE',  ( 6.870000000000000100, -2.024999999999999900, -0.5699999999999999500 ) ) ;
#8935 = ORIENTED_EDGE ( 'NONE', *, *, #8094, .T. ) ;
#8936 = ORIENTED_EDGE ( 'NONE', *, *, #10136, .F. ) ;
#8937 = ORIENTED_EDGE ( 'NONE', *, *, #2424, .F. ) ;
#8938 = CARTESIAN_POINT ( 'NONE',  ( -0.4650000000000000200, -3.225000000000000100, -1.800000000000000300 ) ) ;
#8939 = DIRECTION ( 'NONE',  ( 0.0000000000000000000, 1.000000000000000000, 0.0000000000000000000 ) ) ;
#8940 = ORIENTED_EDGE ( 'NONE', *, *, #10867, .F. ) ;
#8941 = CARTESIAN_POINT ( 'NONE',  ( -0.4650000000000000800, -3.125000000000000000, -0.9250000000000000400 ) ) ;
#8942 = ORIENTED_EDGE ( 'NONE', *, *, #9208, .T. ) ;
#8943 = ORIENTED_EDGE ( 'NONE', *, *, #8364, .T. ) ;
#8944 = EDGE_CURVE ( 'NONE', #7569, #4657, #6373, .T. ) ;
#8945 = ORIENTED_EDGE ( 'NONE', *, *, #8616, .T. ) ;
#8946 = LINE ( 'NONE', #11020, #9879 ) ;
#8947 = AXIS2_PLACEMENT_3D ( 'NONE', #8358, #5406, #1476 ) ;
#8948 = DIRECTION ( 'NONE',  ( -0.0000000000000000000, 0.0000000000000000000, -1.000000000000000000 ) ) ;
#8949 = ORIENTED_EDGE ( 'NONE', *, *, #1898, .T. ) ;
#8950 = ADVANCED_FACE ( 'NONE', ( #4059 ), #4496, .F. ) ;
#8951 = CARTESIAN_POINT ( 'NONE',  ( 0.0000000000000000000, -0.1749999999999999900, 1.200000000000000000 ) ) ;
#8952 = VERTEX_POINT ( 'NONE', #11273 ) ;
#8953 = VERTEX_POINT ( 'NONE', #422 ) ;
#8954 = DIRECTION ( 'NONE',  ( 0.0000000000000000000, 0.0000000000000000000, -1.000000000000000000 ) ) ;
#8955 = ORIENTED_EDGE ( 'NONE', *, *, #3755, .F. ) ;
#8956 = ORIENTED_EDGE ( 'NONE', *, *, #3043, .T. ) ;
#8957 = DIRECTION ( 'NONE',  ( -0.0000000000000000000, -1.000000000000000000, -0.0000000000000000000 ) ) ;
#8958 = LINE ( 'NONE', #11641, #11315 ) ;
#8959 = CARTESIAN_POINT ( 'NONE',  ( 6.540000000000000000, -2.225000000000000100, -1.300000000000000300 ) ) ;
#8960 = ORIENTED_EDGE ( 'NONE', *, *, #12710, .T. ) ;
#8961 = CARTESIAN_POINT ( 'NONE',  ( 5.275000000000000400, 0.9749999999999999800, 1.200000000000000000 ) ) ;
#8962 = DIRECTION ( 'NONE',  ( 0.0000000000000000000, 0.0000000000000000000, 1.000000000000000000 ) ) ;
#8963 = EDGE_CURVE ( 'NONE', #5445, #12807, #10661, .T. ) ;
#8964 = ORIENTED_EDGE ( 'NONE', *, *, #3652, .F. ) ;
#8965 = CARTESIAN_POINT ( 'NONE',  ( 2.875000000000000900, -3.225000000000000100, -1.800000000000000300 ) ) ;
#8966 = ADVANCED_FACE ( 'NONE', ( #7116 ), #4452, .T. ) ;
#8967 = CARTESIAN_POINT ( 'NONE',  ( 6.869999999999999200, -2.225000000000000100, -0.2949999999999999300 ) ) ;
#8968 = CARTESIAN_POINT ( 'NONE',  ( 4.924999999999999800, -0.1749999999999999900, 1.600000000000000100 ) ) ;
#8969 = EDGE_CURVE ( 'NONE', #2058, #7757, #12348, .T. ) ;
#8970 = EDGE_LOOP ( 'NONE', ( #7870, #8774, #8688, #1448, #9255, #3788 ) ) ;
#8971 = ORIENTED_EDGE ( 'NONE', *, *, #587, .T. ) ;
#8972 = CARTESIAN_POINT ( 'NONE',  ( -3.899999999999999900, 0.9749999999999999800, -1.600000000000000100 ) ) ;
#8973 = AXIS2_PLACEMENT_3D ( 'NONE', #5005, #158, #5179 ) ;
#8974 = LINE ( 'NONE', #11123, #11767 ) ;
#8975 = ORIENTED_EDGE ( 'NONE', *, *, #4952, .T. ) ;
#8976 = DIRECTION ( 'NONE',  ( 0.0000000000000000000, 0.0000000000000000000, 1.000000000000000000 ) ) ;
#8977 = DIRECTION ( 'NONE',  ( 0.0000000000000000000, 1.000000000000000000, 0.0000000000000000000 ) ) ;
#8978 = DIRECTION ( 'NONE',  ( -0.0000000000000000000, 1.000000000000000000, -0.0000000000000000000 ) ) ;
#8979 = ORIENTED_EDGE ( 'NONE', *, *, #8806, .T. ) ;
#8980 = AXIS2_PLACEMENT_3D ( 'NONE', #1984, #11881, #45 ) ;
#8981 = DIRECTION ( 'NONE',  ( -0.7071067811865475700, 0.0000000000000000000, -0.7071067811865475700 ) ) ;
#8982 = EDGE_CURVE ( 'NONE', #2716, #3103, #6583, .T. ) ;
#8983 = CARTESIAN_POINT ( 'NONE',  ( -1.715000000000000100, -4.224999999999999600, -1.300000000000000300 ) ) ;
#8984 = EDGE_LOOP ( 'NONE', ( #11201, #6928, #9210, #2440 ) ) ;
#8985 = VECTOR ( 'NONE', #1706, 1000.000000000000000 ) ;
#8986 = VECTOR ( 'NONE', #11039, 1000.000000000000100 ) ;
#8987 = ORIENTED_EDGE ( 'NONE', *, *, #27, .F. ) ;
#8988 = ORIENTED_EDGE ( 'NONE', *, *, #6629, .T. ) ;
#8989 = DIRECTION ( 'NONE',  ( 0.0000000000000000000, 0.0000000000000000000, -1.000000000000000000 ) ) ;
#8990 = EDGE_CURVE ( 'NONE', #9287, #4186, #379, .T. ) ;
#8991 = DIRECTION ( 'NONE',  ( 1.000000000000000000, 0.0000000000000000000, 0.0000000000000000000 ) ) ;
#8992 = AXIS2_PLACEMENT_3D ( 'NONE', #12189, #1218, #8231 ) ;
#8993 = DIRECTION ( 'NONE',  ( 1.000000000000000000, 0.0000000000000000000, -0.0000000000000000000 ) ) ;
#8994 = VERTEX_POINT ( 'NONE', #3477 ) ;
#8995 = CARTESIAN_POINT ( 'NONE',  ( -6.099999999999999600, -2.225000000000000100, -1.350000000000000100 ) ) ;
#8996 = FACE_OUTER_BOUND ( 'NONE', #3146, .T. ) ;
#8997 = LINE ( 'NONE', #4477, #8708 ) ;
#8998 = CARTESIAN_POINT ( 'NONE',  ( 5.875000000000000900, 0.9749999999999999800, -1.600000000000000100 ) ) ;
#9000 = EDGE_CURVE ( 'NONE', #5716, #6753, #3435, .T. ) ;
#8999 = ORIENTED_EDGE ( 'NONE', *, *, #1630, .F. ) ;
#9001 = CARTESIAN_POINT ( 'NONE',  ( 1.715000000000000300, -3.125000000000000000, -0.4249999999999998800 ) ) ;
#9002 = CARTESIAN_POINT ( 'NONE',  ( -2.964999999999999900, -3.125000000000000000, -0.1000000000000000100 ) ) ;
#9003 = ORIENTED_EDGE ( 'NONE', *, *, #856, .T. ) ;
#9004 = DIRECTION ( 'NONE',  ( -0.0000000000000000000, -1.000000000000000000, -0.0000000000000000000 ) ) ;
#9005 = LINE ( 'NONE', #6258, #5938 ) ;
#9006 = VERTEX_POINT ( 'NONE', #10230 ) ;
#9007 = LINE ( 'NONE', #11231, #9792 ) ;
#9008 = FACE_OUTER_BOUND ( 'NONE', #1307, .T. ) ;
#9009 = PLANE ( 'NONE',  #11860 ) ;
#9010 = DIRECTION ( 'NONE',  ( 0.6428712937138818500, -0.0000000000000000000, 0.7659742160925783200 ) ) ;
#9011 = DIRECTION ( 'NONE',  ( 0.0000000000000000000, 0.7071067811865474600, 0.7071067811865474600 ) ) ;
#9012 = ORIENTED_EDGE ( 'NONE', *, *, #6425, .F. ) ;
#9013 = ADVANCED_FACE ( 'NONE', ( #1551 ), #551, .T. ) ;
#9014 = DIRECTION ( 'NONE',  ( 0.0000000000000000000, -1.000000000000000000, -0.0000000000000000000 ) ) ;
#9015 = VERTEX_POINT ( 'NONE', #12214 ) ;
#9016 = CARTESIAN_POINT ( 'NONE',  ( -6.540000000000000000, -2.225000000000000100, -0.5699999999999999500 ) ) ;
#9017 = AXIS2_PLACEMENT_3D ( 'NONE', #11001, #8017, #5081 ) ;
#9018 = VECTOR ( 'NONE', #2687, 1000.000000000000000 ) ;
#9019 = CARTESIAN_POINT ( 'NONE',  ( 4.324999999999999300, 0.2750000000000003000, -0.6750000000000000400 ) ) ;
#9020 = PRESENTATION_STYLE_ASSIGNMENT (( #1896 ) ) ;
#9021 = ORIENTED_EDGE ( 'NONE', *, *, #756, .T. ) ;
#9022 = LINE ( 'NONE', #4661, #3951 ) ;
#9023 = CARTESIAN_POINT ( 'NONE',  ( -0.7849999999999983700, -3.125000000000000000, -0.8499999999999999800 ) ) ;
#9024 = EDGE_CURVE ( 'NONE', #8790, #4943, #248, .T. ) ;
#9025 = AXIS2_PLACEMENT_3D ( 'NONE', #11135, #5126, #12026 ) ;
#9026 = DIRECTION ( 'NONE',  ( 0.0000000000000000000, -0.7071067811863974700, -0.7071067811866975600 ) ) ;
#9027 = VECTOR ( 'NONE', #4239, 1000.000000000000000 ) ;
#9028 = ORIENTED_EDGE ( 'NONE', *, *, #3742, .F. ) ;
#9029 = CARTESIAN_POINT ( 'NONE',  ( -2.034999999999998800, -3.125000000000000000, -0.8499999999999999800 ) ) ;
#9030 = LINE ( 'NONE', #11836, #8609 ) ;
#9031 = ADVANCED_FACE ( 'NONE', ( #6981 ), #2499, .F. ) ;
#9032 = DIRECTION ( 'NONE',  ( -1.000000000000000000, -0.0000000000000000000, -0.0000000000000000000 ) ) ;
#9033 = LINE ( 'NONE', #9633, #1156 ) ;
#9034 = EDGE_LOOP ( 'NONE', ( #4938, #11714, #2043, #10366 ) ) ;
#9035 = CARTESIAN_POINT ( 'NONE',  ( -5.675000000000001600, 0.9749999999999999800, -1.800000000000000300 ) ) ;
#9036 = PLANE ( 'NONE',  #2040 ) ;
#9037 = AXIS2_PLACEMENT_3D ( 'NONE', #8161, #3247, #7202 ) ;
#9038 = CARTESIAN_POINT ( 'NONE',  ( 3.285000000000000100, -3.225000000000000100, -0.9250000000000000400 ) ) ;
#9039 = EDGE_CURVE ( 'NONE', #6953, #12042, #6814, .T. ) ;
#9040 = LINE ( 'NONE', #2238, #6442 ) ;
#9041 = DIRECTION ( 'NONE',  ( -0.0000000000000000000, 1.000000000000000000, 0.0000000000000000000 ) ) ;
#9042 = VECTOR ( 'NONE', #7498, 1000.000000000000000 ) ;
#9043 = FACE_OUTER_BOUND ( 'NONE', #3519, .T. ) ;
#9044 = DIRECTION ( 'NONE',  ( 1.000000000000000000, 0.0000000000000000000, 0.0000000000000000000 ) ) ;
#9045 = ORIENTED_EDGE ( 'NONE', *, *, #10036, .F. ) ;
#9046 = EDGE_CURVE ( 'NONE', #9533, #11690, #1305, .T. ) ;
#9047 = ORIENTED_EDGE ( 'NONE', *, *, #3822, .T. ) ;
#9048 = DIRECTION ( 'NONE',  ( 0.0000000000000000000, 1.000000000000000000, 0.0000000000000000000 ) ) ;
#9049 = VERTEX_POINT ( 'NONE', #5565 ) ;
#9050 = CARTESIAN_POINT ( 'NONE',  ( 5.910000000000000100, 0.5749999999999999600, -1.500000000000000000 ) ) ;
#9051 = DIRECTION ( 'NONE',  ( 0.0000000000000000000, -1.000000000000000000, -0.0000000000000000000 ) ) ;
#9052 = CARTESIAN_POINT ( 'NONE',  ( 5.375000000000000000, -2.625000000000000000, 1.600000000000000100 ) ) ;
#9053 = PLANE ( 'NONE',  #1702 ) ;
#9054 = VECTOR ( 'NONE', #8486, 1000.000000000000000 ) ;
#9055 = AXIS2_PLACEMENT_3D ( 'NONE', #6493, #4559, #8361 ) ;
#9056 = FACE_OUTER_BOUND ( 'NONE', #7025, .T. ) ;
#9057 = FACE_OUTER_BOUND ( 'NONE', #10837, .T. ) ;
#9058 = CARTESIAN_POINT ( 'NONE',  ( 6.110000000000001200, -2.024999999999999000, -0.8850000000000000100 ) ) ;
#9059 = EDGE_CURVE ( 'NONE', #1010, #7827, #8921, .T. ) ;
#9060 = FACE_OUTER_BOUND ( 'NONE', #5730, .T. ) ;
#9061 = ORIENTED_EDGE ( 'NONE', *, *, #9880, .F. ) ;
#9062 = DIRECTION ( 'NONE',  ( -0.0000000000000000000, 1.000000000000000000, 0.0000000000000000000 ) ) ;
#9063 = EDGE_LOOP ( 'NONE', ( #10153, #1540, #9241, #1843 ) ) ;
#9064 = VERTEX_POINT ( 'NONE', #10604 ) ;
#9065 = CARTESIAN_POINT ( 'NONE',  ( 5.909999999999998400, 0.07500000000000009400, -1.500000000000000400 ) ) ;
#9066 = DIRECTION ( 'NONE',  ( 1.000000000000000000, 0.0000000000000000000, 0.0000000000000000000 ) ) ;
#9067 = DIRECTION ( 'NONE',  ( 0.0000000000000000000, -0.0000000000000000000, 1.000000000000000000 ) ) ;
#9068 = DIRECTION ( 'NONE',  ( 1.000000000000000000, 0.0000000000000000000, 0.0000000000000000000 ) ) ;
#9069 = EDGE_CURVE ( 'NONE', #1325, #3089, #4008, .T. ) ;
#9070 = CARTESIAN_POINT ( 'NONE',  ( 4.299999999999999800, -1.625000000000000200, -1.200000000000000000 ) ) ;
#9071 = DIRECTION ( 'NONE',  ( -1.000000000000000000, 0.0000000000000000000, -0.0000000000000000000 ) ) ;
#9072 = VECTOR ( 'NONE', #3552, 1000.000000000000000 ) ;
#9073 = MECHANICAL_DESIGN_GEOMETRIC_PRESENTATION_REPRESENTATION (  '', ( #3659 ), #9331 ) ;
#9074 = LINE ( 'NONE', #5792, #8629 ) ;
#9075 = CARTESIAN_POINT ( 'NONE',  ( 4.535000000000001000, -3.125000000000000000, -0.8499999999999999800 ) ) ;
#9076 = FACE_OUTER_BOUND ( 'NONE', #6692, .T. ) ;
#9077 = VECTOR ( 'NONE', #2239, 1000.000000000000000 ) ;
#9078 = ORIENTED_EDGE ( 'NONE', *, *, #9039, .T. ) ;
#9079 = ORIENTED_EDGE ( 'NONE', *, *, #82, .T. ) ;
#9080 = DIRECTION ( 'NONE',  ( 0.0000000000000000000, -0.0000000000000000000, 1.000000000000000000 ) ) ;
#9081 = CLOSED_SHELL ( 'NONE', ( #11519, #6591, #4060, #8078, #7553, #1680, #8415, #2559, #5676, #3712, #8427, #1259, #3816, #9797, #11107, #10006, #6515, #6775, #2463, #5923, #5031, #10410 ) ) ;
#9082 = CARTESIAN_POINT ( 'NONE',  ( 5.375000000000000000, -3.125000000000000000, -1.300000000000000300 ) ) ;
#9083 = EDGE_CURVE ( 'NONE', #10689, #12471, #2300, .T. ) ;
#9084 = DIRECTION ( 'NONE',  ( 1.000000000000000000, 0.0000000000000000000, 0.0000000000000000000 ) ) ;
#9085 = LINE ( 'NONE', #3939, #5703 ) ;
#9086 = LINE ( 'NONE', #11719, #6481 ) ;
#9087 = ADVANCED_FACE ( 'NONE', ( #605 ), #1676, .T. ) ;
#9088 = FACE_OUTER_BOUND ( 'NONE', #5871, .T. ) ;
#9089 = VECTOR ( 'NONE', #4136, 1000.000000000000000 ) ;
#9090 = VERTEX_POINT ( 'NONE', #3733 ) ;
#9091 = ORIENTED_EDGE ( 'NONE', *, *, #5089, .F. ) ;
#9092 = CARTESIAN_POINT ( 'NONE',  ( -5.275000000000000400, -0.1750000000000001000, 1.399999999999999700 ) ) ;
#9093 = DIRECTION ( 'NONE',  ( 1.000000000000000000, 0.0000000000000000000, 0.0000000000000000000 ) ) ;
#9094 = ORIENTED_EDGE ( 'NONE', *, *, #9000, .T. ) ;
#9095 = DIRECTION ( 'NONE',  ( 0.0000000000000000000, 0.0000000000000000000, -1.000000000000000000 ) ) ;
#9096 = LINE ( 'NONE', #1455, #4639 ) ;
#9097 = VECTOR ( 'NONE', #3081, 1000.000000000000000 ) ;
#9098 = CARTESIAN_POINT ( 'NONE',  ( 3.074999999999994800, 0.2750000000000011900, -0.4749999999999999800 ) ) ;
#9099 = CARTESIAN_POINT ( 'NONE',  ( -5.875000000000000000, -2.225000000000000100, -1.300000000000000300 ) ) ;
#9100 = VECTOR ( 'NONE', #5263, 1000.000000000000000 ) ;
#9101 =( NAMED_UNIT ( * ) SI_UNIT ( $, .STERADIAN. ) SOLID_ANGLE_UNIT ( ) );
#9102 = DIRECTION ( 'NONE',  ( -0.0000000000000000000, -0.0000000000000000000, -1.000000000000000000 ) ) ;
#9103 = ADVANCED_FACE ( 'NONE', ( #10494 ), #7630, .F. ) ;
#9104 = CARTESIAN_POINT ( 'NONE',  ( 1.715000000000002100, -1.975000000000000100, -0.1000000000000000100 ) ) ;
#9105 = ORIENTED_EDGE ( 'NONE', *, *, #12516, .F. ) ;
#9106 = VERTEX_POINT ( 'NONE', #3688 ) ;
#9108 = ORIENTED_EDGE ( 'NONE', *, *, #5615, .T. ) ;
#9107 = CARTESIAN_POINT ( 'NONE',  ( 0.0000000000000000000, 0.0000000000000000000, 1.200000000000000000 ) ) ;
#9109 = EDGE_CURVE ( 'NONE', #4619, #11769, #5855, .T. ) ;
#9110 = VERTEX_POINT ( 'NONE', #4545 ) ;
#9111 = DIRECTION ( 'NONE',  ( 0.0000000000000000000, 1.000000000000000000, 0.0000000000000000000 ) ) ;
#9112 = ORIENTED_EDGE ( 'NONE', *, *, #992, .T. ) ;
#9113 = DIRECTION ( 'NONE',  ( -0.7071067811865468000, -0.7071067811865483500, 0.0000000000000000000 ) ) ;
#9114 = DIRECTION ( 'NONE',  ( 0.0000000000000000000, 0.0000000000000000000, -1.000000000000000000 ) ) ;
#9115 = CARTESIAN_POINT ( 'NONE',  ( 2.035000000000000100, -0.2250000000000000100, -0.1000000000000000100 ) ) ;
#9116 = EDGE_CURVE ( 'NONE', #9414, #7856, #6633, .T. ) ;
#9117 = DIRECTION ( 'NONE',  ( -0.7071067811865475700, -0.7071067811865475700, 0.0000000000000000000 ) ) ;
#9118 = ORIENTED_EDGE ( 'NONE', *, *, #12819, .T. ) ;
#9119 = ORIENTED_EDGE ( 'NONE', *, *, #6500, .F. ) ;
#9120 = VERTEX_POINT ( 'NONE', #2580 ) ;
#9121 = LINE ( 'NONE', #8880, #12380 ) ;
#9122 = FACE_OUTER_BOUND ( 'NONE', #5598, .T. ) ;
#9123 = PLANE ( 'NONE',  #12702 ) ;
#9124 = ORIENTED_EDGE ( 'NONE', *, *, #2935, .T. ) ;
#9125 = AXIS2_PLACEMENT_3D ( 'NONE', #2306, #10018, #9970 ) ;
#9126 = ORIENTED_EDGE ( 'NONE', *, *, #5108, .T. ) ;
#9127 = CARTESIAN_POINT ( 'NONE',  ( 1.824999999999994800, 0.2750000000000011900, -0.6750000000000001600 ) ) ;
#9128 = DIRECTION ( 'NONE',  ( 1.000000000000000000, -0.0000000000000000000, 0.0000000000000000000 ) ) ;
#9129 = DIRECTION ( 'NONE',  ( 0.0000000000000000000, -1.000000000000000000, -0.0000000000000000000 ) ) ;
#9131 = EDGE_CURVE ( 'NONE', #9728, #8116, #6785, .T. ) ;
#9130 = ORIENTED_EDGE ( 'NONE', *, *, #6380, .T. ) ;
#9132 = DIRECTION ( 'NONE',  ( -1.000000000000000000, -0.0000000000000000000, -0.0000000000000000000 ) ) ;
#9133 = AXIS2_PLACEMENT_3D ( 'NONE', #11645, #7622, #7535 ) ;
#9134 = DIRECTION ( 'NONE',  ( -1.000000000000000000, -0.0000000000000000000, -0.0000000000000000000 ) ) ;
#9135 = ORIENTED_EDGE ( 'NONE', *, *, #7188, .F. ) ;
#9136 = EDGE_LOOP ( 'NONE', ( #4886, #11643, #89, #8183, #4114, #4863 ) ) ;
#9137 = VECTOR ( 'NONE', #6993, 1000.000000000000000 ) ;
#9138 = FACE_OUTER_BOUND ( 'NONE', #10973, .T. ) ;
#9139 = EDGE_CURVE ( 'NONE', #9443, #7576, #1684, .T. ) ;
#9140 = CARTESIAN_POINT ( 'NONE',  ( 6.870000000000000100, -2.225000000000000100, -0.5699999999999999500 ) ) ;
#9141 = ORIENTED_EDGE ( 'NONE', *, *, #10854, .T. ) ;
#9142 = VERTEX_POINT ( 'NONE', #5612 ) ;
#9143 = DIRECTION ( 'NONE',  ( -0.0000000000000000000, 1.000000000000000000, 0.0000000000000000000 ) ) ;
#9144 = CARTESIAN_POINT ( 'NONE',  ( 3.285000000000000100, -4.224999999999999600, -1.300000000000000300 ) ) ;
#9145 = DIRECTION ( 'NONE',  ( 1.000000000000000000, 0.0000000000000000000, -0.0000000000000000000 ) ) ;
#9146 = AXIS2_PLACEMENT_3D ( 'NONE', #525, #10495, #10411 ) ;
#9147 = ORIENTED_EDGE ( 'NONE', *, *, #8420, .T. ) ;
#9148 = VERTEX_POINT ( 'NONE', #5688 ) ;
#9149 = FACE_OUTER_BOUND ( 'NONE', #458, .T. ) ;
#9150 = VECTOR ( 'NONE', #17, 1000.000000000000000 ) ;
#9151 = DIRECTION ( 'NONE',  ( 1.000000000000000000, 0.0000000000000000000, -0.0000000000000000000 ) ) ;
#9152 = DIRECTION ( 'NONE',  ( -0.0000000000000000000, 1.000000000000000000, 0.0000000000000000000 ) ) ;
#9153 = EDGE_CURVE ( 'NONE', #12262, #1795, #280, .T. ) ;
#9154 = EDGE_LOOP ( 'NONE', ( #2260, #6793, #11013, #11089 ) ) ;
#9155 = DIRECTION ( 'NONE',  ( 0.0000000000000000000, 0.0000000000000000000, -1.000000000000000000 ) ) ;
#9156 = DIRECTION ( 'NONE',  ( 1.000000000000000000, -0.0000000000000000000, 0.0000000000000000000 ) ) ;
#9157 = EDGE_CURVE ( 'NONE', #12249, #7673, #3574, .T. ) ;
#9158 = DIRECTION ( 'NONE',  ( 0.0000000000000000000, 1.000000000000000000, 0.0000000000000000000 ) ) ;
#9159 = ADVANCED_FACE ( 'NONE', ( #11863 ), #5517, .T. ) ;
#9160 = DIRECTION ( 'NONE',  ( 1.000000000000000000, 0.0000000000000000000, -0.0000000000000000000 ) ) ;
#9161 = ORIENTED_EDGE ( 'NONE', *, *, #2091, .T. ) ;
#9162 = LINE ( 'NONE', #6430, #8706 ) ;
#9163 = CARTESIAN_POINT ( 'NONE',  ( 4.125000000000000000, -2.625000000000000000, 1.600000000000000100 ) ) ;
#9164 = VECTOR ( 'NONE', #9151, 1000.000000000000000 ) ;
#9165 = DIRECTION ( 'NONE',  ( 0.0000000000000000000, -1.000000000000000000, -0.0000000000000000000 ) ) ;
#9166 = ORIENTED_EDGE ( 'NONE', *, *, #9176, .T. ) ;
#9167 = DIRECTION ( 'NONE',  ( 0.7071067811865474600, 0.0000000000000000000, -0.7071067811865474600 ) ) ;
#9168 = DIRECTION ( 'NONE',  ( -1.000000000000000000, -0.0000000000000000000, -0.0000000000000000000 ) ) ;
#9169 = EDGE_CURVE ( 'NONE', #11003, #8152, #1044, .T. ) ;
#9170 = DIRECTION ( 'NONE',  ( 0.0000000000000000000, 1.000000000000000000, 0.0000000000000000000 ) ) ;
#9171 = ADVANCED_FACE ( 'NONE', ( #3717 ), #746, .F. ) ;
#9172 = VERTEX_POINT ( 'NONE', #598 ) ;
#9173 = ORIENTED_EDGE ( 'NONE', *, *, #8359, .T. ) ;
#9174 = VECTOR ( 'NONE', #8866, 1000.000000000000000 ) ;
#9175 = VECTOR ( 'NONE', #10256, 1000.000000000000000 ) ;
#9176 = EDGE_CURVE ( 'NONE', #3921, #9893, #3065, .T. ) ;
#9177 = ADVANCED_FACE ( 'NONE', ( #9251 ), #11683, .T. ) ;
#9178 = CARTESIAN_POINT ( 'NONE',  ( -6.607499999999999900, -2.125000000000000000, -1.399999999999999900 ) ) ;
#9179 = VERTEX_POINT ( 'NONE', #1631 ) ;
#9180 = DIRECTION ( 'NONE',  ( -1.000000000000000000, 0.0000000000000000000, -0.0000000000000000000 ) ) ;
#9181 = VERTEX_POINT ( 'NONE', #4621 ) ;
#9182 = LINE ( 'NONE', #8719, #11668 ) ;
#9183 = VERTEX_POINT ( 'NONE', #3929 ) ;
#9184 = FACE_OUTER_BOUND ( 'NONE', #11897, .T. ) ;
#9185 = DIRECTION ( 'NONE',  ( 0.5773502691896224000, -0.5773502691896274000, 0.5773502691896274000 ) ) ;
#9186 = EDGE_LOOP ( 'NONE', ( #11965, #7582, #8236, #4366, #7604, #11274, #888, #6678, #4972, #3099, #11447, #3707, #7900, #1003, #9119, #9589 ) ) ;
#9187 = FACE_OUTER_BOUND ( 'NONE', #4187, .T. ) ;
#9188 = DIRECTION ( 'NONE',  ( 0.0000000000000000000, -0.7071067811865474600, -0.7071067811865476800 ) ) ;
#9189 = EDGE_CURVE ( 'NONE', #12388, #8513, #1375, .T. ) ;
#9190 = CARTESIAN_POINT ( 'NONE',  ( -2.964999999999999900, -3.625000000000000000, -1.800000000000000300 ) ) ;
#9191 = DIRECTION ( 'NONE',  ( 0.0000000000000000000, -0.7071067811863974700, -0.7071067811866975600 ) ) ;
#9192 = CARTESIAN_POINT ( 'NONE',  ( 3.125000000000000000, -0.2250000000000000600, -0.8499999999999999800 ) ) ;
#9193 = CARTESIAN_POINT ( 'NONE',  ( -3.600000000000001000, -0.4749999999999999200, -1.200000000000000000 ) ) ;
#9194 = ORIENTED_EDGE ( 'NONE', *, *, #10413, .F. ) ;
#9195 = CARTESIAN_POINT ( 'NONE',  ( 3.899999999999999900, 0.9749999999999999800, -1.399999999999999900 ) ) ;
#9196 = VECTOR ( 'NONE', #11242, 1000.000000000000000 ) ;
#9197 = DIRECTION ( 'NONE',  ( 0.0000000000000000000, 1.000000000000000000, -0.0000000000000000000 ) ) ;
#9198 = FACE_OUTER_BOUND ( 'NONE', #2796, .T. ) ;
#9199 = ORIENTED_EDGE ( 'NONE', *, *, #1158, .T. ) ;
#9200 = DIRECTION ( 'NONE',  ( -1.000000000000000000, 0.0000000000000000000, 0.0000000000000000000 ) ) ;
#9201 = DIRECTION ( 'NONE',  ( 0.0000000000000000000, 0.0000000000000000000, 1.000000000000000000 ) ) ;
#9202 = CARTESIAN_POINT ( 'NONE',  ( -4.299999999999999800, -0.4749999999999999800, -1.600000000000000100 ) ) ;
#9203 = CARTESIAN_POINT ( 'NONE',  ( -1.715000000000000100, -3.125000000000000000, -0.4249999999999999900 ) ) ;
#9204 = VECTOR ( 'NONE', #12523, 1000.000000000000000 ) ;
#9205 = CARTESIAN_POINT ( 'NONE',  ( 4.215000000000001600, -3.125000000000000000, -0.1000000000000000100 ) ) ;
#9206 = LINE ( 'NONE', #5798, #6596 ) ;
#9207 = CARTESIAN_POINT ( 'NONE',  ( -6.450000000000000200, -0.02499999999999984900, -0.2950000000000000400 ) ) ;
#9208 = EDGE_CURVE ( 'NONE', #12108, #6809, #6167, .T. ) ;
#9209 = LINE ( 'NONE', #8897, #563 ) ;
#9210 = ORIENTED_EDGE ( 'NONE', *, *, #6629, .F. ) ;
#9211 = ORIENTED_EDGE ( 'NONE', *, *, #6542, .T. ) ;
#9212 = DIRECTION ( 'NONE',  ( 0.0000000000000000000, 0.0000000000000000000, 1.000000000000000000 ) ) ;
#9213 = DIRECTION ( 'NONE',  ( 1.000000000000000000, 0.0000000000000000000, 0.0000000000000000000 ) ) ;
#9214 = CARTESIAN_POINT ( 'NONE',  ( -2.125000000000000000, -2.625000000000000000, 1.600000000000000100 ) ) ;
#9215 = DIRECTION ( 'NONE',  ( 0.0000000000000000000, -1.000000000000000000, -0.0000000000000000000 ) ) ;
#9216 = LINE ( 'NONE', #1765, #2888 ) ;
#9217 = DIRECTION ( 'NONE',  ( -0.0000000000000000000, 1.000000000000000000, 0.0000000000000000000 ) ) ;
#9218 = VECTOR ( 'NONE', #1208, 1000.000000000000000 ) ;
#9219 = CARTESIAN_POINT ( 'NONE',  ( 0.0000000000000000000, -2.625000000000000000, 1.600000000000000100 ) ) ;
#9220 = DIRECTION ( 'NONE',  ( 0.0000000000000000000, 0.7071067811865452400, -0.7071067811865497900 ) ) ;
#9221 = CIRCLE ( 'NONE', #2527, 0.4500000000000001200 ) ;
#9222 = ORIENTED_EDGE ( 'NONE', *, *, #1833, .F. ) ;
#9223 = AXIS2_PLACEMENT_3D ( 'NONE', #4806, #12041, #4157 ) ;
#9224 = PLANE ( 'NONE',  #10809 ) ;
#9225 = ADVANCED_FACE ( 'NONE', ( #8641 ), #5770, .F. ) ;
#9226 = FACE_OUTER_BOUND ( 'NONE', #580, .T. ) ;
#9227 = VERTEX_POINT ( 'NONE', #3773 ) ;
#9228 = ORIENTED_EDGE ( 'NONE', *, *, #12591, .F. ) ;
#9229 = EDGE_CURVE ( 'NONE', #6876, #6117, #9411, .T. ) ;
#9230 = VECTOR ( 'NONE', #2915, 1000.000000000000000 ) ;
#9231 = DIRECTION ( 'NONE',  ( 0.9766444667050946400, 0.2148617826750988400, 0.0000000000000000000 ) ) ;
#9232 = EDGE_CURVE ( 'NONE', #1937, #9906, #441, .T. ) ;
#9233 = FACE_OUTER_BOUND ( 'NONE', #2579, .T. ) ;
#9234 = DIRECTION ( 'NONE',  ( 1.000000000000000000, -0.0000000000000000000, 0.0000000000000000000 ) ) ;
#9235 = LINE ( 'NONE', #8329, #8004 ) ;
#9236 = CARTESIAN_POINT ( 'NONE',  ( -7.575000000000000200, -0.2249999999999997600, -1.550000000000000300 ) ) ;
#9237 = CARTESIAN_POINT ( 'NONE',  ( 5.875000000000000000, -3.225000000000000100, 0.9000000000000000200 ) ) ;
#9238 = FACE_OUTER_BOUND ( 'NONE', #6659, .T. ) ;
#9239 = EDGE_LOOP ( 'NONE', ( #5380, #806, #7140, #9386 ) ) ;
#9240 = ORIENTED_EDGE ( 'NONE', *, *, #10734, .T. ) ;
#9241 = ORIENTED_EDGE ( 'NONE', *, *, #7460, .T. ) ;
#9242 = CARTESIAN_POINT ( 'NONE',  ( -3.284999999999998800, -0.2250000000000002800, -0.8500000000000000900 ) ) ;
#9243 = ADVANCED_FACE ( 'NONE', ( #896 ), #5729, .T. ) ;
#9244 = DIRECTION ( 'NONE',  ( 1.000000000000000000, 0.0000000000000000000, -0.0000000000000000000 ) ) ;
#9245 = DIRECTION ( 'NONE',  ( -0.0000000000000000000, 0.0000000000000000000, -1.000000000000000000 ) ) ;
#9246 = VECTOR ( 'NONE', #2374, 1000.000000000000000 ) ;
#9247 = DIRECTION ( 'NONE',  ( 0.0000000000000000000, -0.0000000000000000000, 1.000000000000000000 ) ) ;
#9248 = EDGE_CURVE ( 'NONE', #11601, #1929, #9557, .T. ) ;
#9249 = VECTOR ( 'NONE', #11637, 1000.000000000000000 ) ;
#9250 = DIRECTION ( 'NONE',  ( 0.0000000000000000000, 1.000000000000000000, 0.0000000000000000000 ) ) ;
#9251 = FACE_OUTER_BOUND ( 'NONE', #1748, .T. ) ;
#9252 = CARTESIAN_POINT ( 'NONE',  ( 4.535000000000001000, -3.125000000000000000, -0.8499999999999999800 ) ) ;
#9253 = CARTESIAN_POINT ( 'NONE',  ( 2.035000000000000100, -4.224999999999999600, -1.300000000000000300 ) ) ;
#9254 = VECTOR ( 'NONE', #11593, 1000.000000000000000 ) ;
#9255 = ORIENTED_EDGE ( 'NONE', *, *, #6443, .F. ) ;
#9256 = CARTESIAN_POINT ( 'NONE',  ( 2.035000000000000100, -3.425000000000000300, -1.600000000000000100 ) ) ;
#9257 = ORIENTED_EDGE ( 'NONE', *, *, #7801, .T. ) ;
#9258 = EDGE_CURVE ( 'NONE', #4771, #4225, #12805, .T. ) ;
#9259 = DIRECTION ( 'NONE',  ( -0.0000000000000000000, -0.0000000000000000000, -1.000000000000000000 ) ) ;
#9260 = EDGE_LOOP ( 'NONE', ( #2795, #8541, #6636, #1866 ) ) ;
#9261 = FACE_OUTER_BOUND ( 'NONE', #10685, .T. ) ;
#9262 = CARTESIAN_POINT ( 'NONE',  ( 2.965000000000002500, -3.125000000000000000, -0.8499999999999999800 ) ) ;
#9263 = LINE ( 'NONE', #6012, #8930 ) ;
#9264 = LINE ( 'NONE', #2970, #1055 ) ;
#9265 = CARTESIAN_POINT ( 'NONE',  ( -1.715000000000000100, -3.775000000000000400, -0.4249999999999999900 ) ) ;
#9266 = VERTEX_POINT ( 'NONE', #8707 ) ;
#9267 = VERTEX_POINT ( 'NONE', #6850 ) ;
#9268 = CARTESIAN_POINT ( 'NONE',  ( -3.284999999999999700, -0.2250000000000002000, -0.09999999999999993600 ) ) ;
#9269 = ORIENTED_EDGE ( 'NONE', *, *, #12192, .T. ) ;
#9270 = EDGE_CURVE ( 'NONE', #9276, #8110, #8497, .T. ) ;
#9271 =( LENGTH_UNIT ( ) NAMED_UNIT ( * ) SI_UNIT ( .MILLI., .METRE. ) );
#9272 = CARTESIAN_POINT ( 'NONE',  ( -5.875000000000000000, -3.225000000000000100, 1.100000000000000100 ) ) ;
#9273 = ORIENTED_EDGE ( 'NONE', *, *, #10609, .F. ) ;
#9274 = DIRECTION ( 'NONE',  ( 0.0000000000000000000, 0.7071067811865474600, 0.7071067811865474600 ) ) ;
#9275 = CARTESIAN_POINT ( 'NONE',  ( -4.324999999999999300, 0.2750000000000002400, -0.6750000000000000400 ) ) ;
#9276 = VERTEX_POINT ( 'NONE', #917 ) ;
#9277 = ORIENTED_EDGE ( 'NONE', *, *, #11515, .T. ) ;
#9278 = VERTEX_POINT ( 'NONE', #10767 ) ;
#9279 = FACE_OUTER_BOUND ( 'NONE', #12374, .T. ) ;
#9280 = DIRECTION ( 'NONE',  ( 0.0000000000000000000, 0.0000000000000000000, -1.000000000000000000 ) ) ;
#9281 = VERTEX_POINT ( 'NONE', #7710 ) ;
#9282 = CARTESIAN_POINT ( 'NONE',  ( -4.214999999999999900, -3.225000000000000100, -0.9250000000000000400 ) ) ;
#9283 = EDGE_LOOP ( 'NONE', ( #4910, #11985, #2577, #11127 ) ) ;
#9284 = DIRECTION ( 'NONE',  ( 0.0000000000000000000, -1.000000000000000000, -0.0000000000000000000 ) ) ;
#9285 = EDGE_CURVE ( 'NONE', #251, #2809, #5551, .T. ) ;
#9286 = CARTESIAN_POINT ( 'NONE',  ( -3.285000000000000100, -3.775000000000000400, -0.5749999999999999600 ) ) ;
#9287 = VERTEX_POINT ( 'NONE', #9768 ) ;
#9288 = DIRECTION ( 'NONE',  ( 0.0000000000000000000, 0.0000000000000000000, 1.000000000000000000 ) ) ;
#9290 = EDGE_CURVE ( 'NONE', #3624, #12166, #10177, .T. ) ;
#9289 = ORIENTED_EDGE ( 'NONE', *, *, #11129, .T. ) ;
#9291 = VERTEX_POINT ( 'NONE', #11974 ) ;
#9292 = VECTOR ( 'NONE', #5370, 1000.000000000000000 ) ;
#9293 = DIRECTION ( 'NONE',  ( 0.0000000000000000000, 0.0000000000000000000, -1.000000000000000000 ) ) ;
#9294 = LINE ( 'NONE', #1257, #5285 ) ;
#9295 = ADVANCED_FACE ( 'NONE', ( #4921 ), #834, .F. ) ;
#9296 = CARTESIAN_POINT ( 'NONE',  ( 0.6750000000000014900, 0.2750000000000003000, -0.6750000000000000400 ) ) ;
#9297 = VERTEX_POINT ( 'NONE', #2835 ) ;
#9298 = CARTESIAN_POINT ( 'NONE',  ( -5.174999999999999800, 0.9749999999999999800, -1.600000000000000100 ) ) ;
#9299 = PLANE ( 'NONE',  #9502 ) ;
#9300 = ORIENTED_EDGE ( 'NONE', *, *, #9780, .F. ) ;
#9301 = PLANE ( 'NONE',  #2608 ) ;
#9302 = ORIENTED_EDGE ( 'NONE', *, *, #3088, .T. ) ;
#9303 = ORIENTED_EDGE ( 'NONE', *, *, #2726, .T. ) ;
#9304 = LINE ( 'NONE', #4000, #7901 ) ;
#9305 = LINE ( 'NONE', #6549, #3124 ) ;
#9306 = ORIENTED_EDGE ( 'NONE', *, *, #770, .F. ) ;
#9307 = CARTESIAN_POINT ( 'NONE',  ( 2.965000000000002500, -1.975000000000000100, -0.8499999999999999800 ) ) ;
#9308 = DIRECTION ( 'NONE',  ( -1.000000000000000000, -0.0000000000000000000, 0.0000000000000000000 ) ) ;
#9309 = ADVANCED_FACE ( 'NONE', ( #10789 ), #2140, .F. ) ;
#9310 = PLANE ( 'NONE',  #2347 ) ;
#9311 = ORIENTED_EDGE ( 'NONE', *, *, #8317, .F. ) ;
#9312 = CARTESIAN_POINT ( 'NONE',  ( 4.215000000000000700, -0.2250000000000001700, -0.09999999999999993600 ) ) ;
#9313 = EDGE_CURVE ( 'NONE', #10884, #4037, #12505, .T. ) ;
#9314 = PLANE ( 'NONE',  #2296 ) ;
#9315 = CARTESIAN_POINT ( 'NONE',  ( -0.6750000000000053700, 0.2750000000000011900, -0.4749999999999999800 ) ) ;
#9316 = EDGE_CURVE ( 'NONE', #1503, #1937, #10634, .T. ) ;
#9317 = EDGE_LOOP ( 'NONE', ( #11149, #1922, #5111, #8068 ) ) ;
#9318 = CYLINDRICAL_SURFACE ( 'NONE', #7923, 0.1499999999999999700 ) ;
#9319 = FACE_OUTER_BOUND ( 'NONE', #6803, .T. ) ;
#9320 = ORIENTED_EDGE ( 'NONE', *, *, #12243, .T. ) ;
#9321 = CARTESIAN_POINT ( 'NONE',  ( -5.875000000000000000, -0.02500000000000000100, -0.5450000000000001500 ) ) ;
#9322 = ORIENTED_EDGE ( 'NONE', *, *, #1931, .T. ) ;
#9323 = AXIS2_PLACEMENT_3D ( 'NONE', #3662, #7554, #11537 ) ;
#9324 = DIRECTION ( 'NONE',  ( 0.0000000000000000000, -0.0000000000000000000, 1.000000000000000000 ) ) ;
#9325 = ORIENTED_EDGE ( 'NONE', *, *, #6693, .F. ) ;
#9326 = VECTOR ( 'NONE', #8379, 1000.000000000000000 ) ;
#9327 = LINE ( 'NONE', #7360, #8414 ) ;
#9328 = EDGE_LOOP ( 'NONE', ( #10651, #3315, #10890, #7399 ) ) ;
#9329 = CARTESIAN_POINT ( 'NONE',  ( -4.214999999999999900, -3.125000000000000000, -0.8499999999999999800 ) ) ;
#9330 = EDGE_CURVE ( 'NONE', #737, #552, #4163, .T. ) ;
#9331 =( GEOMETRIC_REPRESENTATION_CONTEXT ( 3 ) GLOBAL_UNCERTAINTY_ASSIGNED_CONTEXT ( ( #2850 ) ) GLOBAL_UNIT_ASSIGNED_CONTEXT ( ( #5387, #373, #2323 ) ) REPRESENTATION_CONTEXT ( 'NONE', 'WORKASPACE' ) );
#9332 = DIRECTION ( 'NONE',  ( 0.0000000000000000000, 0.0000000000000000000, -1.000000000000000000 ) ) ;
#9333 = ORIENTED_EDGE ( 'NONE', *, *, #1547, .F. ) ;
#9334 = LINE ( 'NONE', #8753, #6713 ) ;
#9335 = CARTESIAN_POINT ( 'NONE',  ( -5.375000000000000000, -2.625000000000000000, 1.600000000000000100 ) ) ;
#9336 = ORIENTED_EDGE ( 'NONE', *, *, #479, .F. ) ;
#9337 = CARTESIAN_POINT ( 'NONE',  ( -0.7849999999999983700, -3.125000000000000000, -0.1000000000000000100 ) ) ;
#9338 = LINE ( 'NONE', #9237, #9497 ) ;
#9339 = CYLINDRICAL_SURFACE ( 'NONE', #8523, 0.2000000000000000900 ) ;
#9340 = PLANE ( 'NONE',  #970 ) ;
#9341 = CARTESIAN_POINT ( 'NONE',  ( 6.339999999999999900, 0.07499999999999999700, -1.300000000000000300 ) ) ;
#9342 = EDGE_CURVE ( 'NONE', #2716, #267, #10941, .T. ) ;
#9343 = CARTESIAN_POINT ( 'NONE',  ( -4.924999999999999800, -0.8249999999999999600, 1.200000000000000000 ) ) ;
#9344 = VERTEX_POINT ( 'NONE', #3329 ) ;
#9345 = ORIENTED_EDGE ( 'NONE', *, *, #8870, .T. ) ;
#9346 = PLANE ( 'NONE',  #11698 ) ;
#9347 = LINE ( 'NONE', #4427, #4420 ) ;
#9348 = CARTESIAN_POINT ( 'NONE',  ( 7.575000000000001100, -0.2249999999999998700, -1.800000000000000300 ) ) ;
#9349 = CARTESIAN_POINT ( 'NONE',  ( 5.675000000000000700, -0.02500000000000005000, -1.600000000000000100 ) ) ;
#9350 = CLOSED_SHELL ( 'NONE', ( #3092, #11180, #9243, #9087, #8142, #7797, #7859, #6398, #5144, #12273, #811, #11600, #4549, #7478, #10654, #9159, #12153, #10209, #7739, #994, #12568, #2316 ) ) ;
#9351 = DIRECTION ( 'NONE',  ( 0.0000000000000000000, 0.0000000000000000000, -1.000000000000000000 ) ) ;
#9352 = FACE_OUTER_BOUND ( 'NONE', #11782, .T. ) ;
#9353 = CARTESIAN_POINT ( 'NONE',  ( -5.174999999999999800, -2.224999999999999600, -1.800000000000000300 ) ) ;
#9354 = ADVANCED_FACE ( 'NONE', ( #7240, #1971, #8336, #1536, #11725, #6927, #11433, #12787, #9399 ), #4229, .T. ) ;
#9355 = FACE_OUTER_BOUND ( 'NONE', #7574, .T. ) ;
#9356 = DIRECTION ( 'NONE',  ( -0.0000000000000000000, 1.000000000000000000, -0.0000000000000000000 ) ) ;
#9357 = VERTEX_POINT ( 'NONE', #4316 ) ;
#9358 = VECTOR ( 'NONE', #9608, 1000.000000000000000 ) ;
#9359 = FACE_OUTER_BOUND ( 'NONE', #5541, .T. ) ;
#9360 = ORIENTED_EDGE ( 'NONE', *, *, #5992, .T. ) ;
#9361 = EDGE_CURVE ( 'NONE', #5607, #6635, #5220, .T. ) ;
#9362 = CARTESIAN_POINT ( 'NONE',  ( -3.600000000000001400, 0.7750000000000000200, -1.200000000000000200 ) ) ;
#9363 = DIRECTION ( 'NONE',  ( 1.000000000000000000, 0.0000000000000000000, 0.0000000000000000000 ) ) ;
#9364 = ADVANCED_FACE ( 'NONE', ( #6909 ), #4179, .T. ) ;
#9365 = DIRECTION ( 'NONE',  ( 1.000000000000000000, 0.0000000000000000000, 0.0000000000000000000 ) ) ;
#9366 = EDGE_CURVE ( 'NONE', #10452, #12056, #4617, .T. ) ;
#9367 = VECTOR ( 'NONE', #11911, 1000.000000000000000 ) ;
#9368 = VECTOR ( 'NONE', #12423, 1000.000000000000000 ) ;
#9369 = VECTOR ( 'NONE', #11021, 1000.000000000000100 ) ;
#9370 = ORIENTED_EDGE ( 'NONE', *, *, #10907, .F. ) ;
#9371 = VERTEX_POINT ( 'NONE', #187 ) ;
#9372 = CARTESIAN_POINT ( 'NONE',  ( -3.285000000000000100, -4.224999999999999600, -1.600000000000000100 ) ) ;
#9373 = ORIENTED_EDGE ( 'NONE', *, *, #2638, .T. ) ;
#9374 = DIRECTION ( 'NONE',  ( 0.0000000000000000000, -1.000000000000000000, -0.0000000000000000000 ) ) ;
#9375 = DIRECTION ( 'NONE',  ( -0.0000000000000000000, 1.000000000000000000, 0.0000000000000000000 ) ) ;
#9376 = DIRECTION ( 'NONE',  ( 0.0000000000000000000, 1.000000000000000000, 0.0000000000000000000 ) ) ;
#9377 = CARTESIAN_POINT ( 'NONE',  ( 7.375000000000000900, -2.225000000000000100, -1.800000000000000300 ) ) ;
#9378 = EDGE_CURVE ( 'NONE', #10569, #2620, #264, .T. ) ;
#9379 = FACE_OUTER_BOUND ( 'NONE', #2341, .T. ) ;
#9380 = LINE ( 'NONE', #11366, #6762 ) ;
#9381 = ADVANCED_FACE ( 'NONE', ( #9076 ), #11036, .T. ) ;
#9382 = DIRECTION ( 'NONE',  ( -0.0000000000000000000, -0.0000000000000000000, 1.000000000000000000 ) ) ;
#9383 = LINE ( 'NONE', #827, #3053 ) ;
#9384 = EDGE_CURVE ( 'NONE', #32, #7840, #2905, .T. ) ;
#9385 = FACE_OUTER_BOUND ( 'NONE', #4680, .T. ) ;
#9386 = ORIENTED_EDGE ( 'NONE', *, *, #9189, .T. ) ;
#9387 = EDGE_LOOP ( 'NONE', ( #7842, #1504, #660, #4677, #3776, #6218 ) ) ;
#9388 = DIRECTION ( 'NONE',  ( 1.000000000000000000, 0.0000000000000000000, 0.0000000000000000000 ) ) ;
#9389 = ORIENTED_EDGE ( 'NONE', *, *, #7185, .T. ) ;
#9390 = CARTESIAN_POINT ( 'NONE',  ( 6.870000000000000100, -2.024999999999999900, -0.5450000000000001500 ) ) ;
#9391 = DIRECTION ( 'NONE',  ( -1.000000000000000000, -0.0000000000000000000, -0.0000000000000000000 ) ) ;
#9392 = CARTESIAN_POINT ( 'NONE',  ( -4.214999999999999900, -3.425000000000000300, -1.600000000000000100 ) ) ;
#9393 = CARTESIAN_POINT ( 'NONE',  ( 4.535000000000000100, -3.624999999999999600, -1.800000000000000300 ) ) ;
#9394 = SURFACE_SIDE_STYLE ('',( #5911 ) ) ;
#9395 = CARTESIAN_POINT ( 'NONE',  ( -4.425000000000006000, 0.2750000000000011900, -0.6750000000000001600 ) ) ;
#9396 = LINE ( 'NONE', #7704, #10174 ) ;
#9397 = DIRECTION ( 'NONE',  ( 1.000000000000000000, 0.0000000000000000000, 0.0000000000000000000 ) ) ;
#9398 = LINE ( 'NONE', #12325, #12803 ) ;
#9399 = FACE_BOUND ( 'NONE', #11701, .T. ) ;
#9400 = VECTOR ( 'NONE', #1198, 1000.000000000000000 ) ;
#9401 = ORIENTED_EDGE ( 'NONE', *, *, #6729, .F. ) ;
#9402 = EDGE_CURVE ( 'NONE', #4260, #8525, #8768, .T. ) ;
#9403 = ORIENTED_EDGE ( 'NONE', *, *, #10965, .F. ) ;
#9404 = DIRECTION ( 'NONE',  ( 1.000000000000000000, 0.0000000000000000000, 0.0000000000000000000 ) ) ;
#9405 = ORIENTED_EDGE ( 'NONE', *, *, #6194, .T. ) ;
#9406 = LINE ( 'NONE', #12629, #2461 ) ;
#9407 = EDGE_CURVE ( 'NONE', #1061, #10415, #12340, .T. ) ;
#9408 = VECTOR ( 'NONE', #5215, 1000.000000000000000 ) ;
#9409 = FACE_OUTER_BOUND ( 'NONE', #4044, .T. ) ;
#9410 = DIRECTION ( 'NONE',  ( -0.0000000000000000000, -0.0000000000000000000, 1.000000000000000000 ) ) ;
#9411 = LINE ( 'NONE', #3885, #11269 ) ;
#9412 =( NAMED_UNIT ( * ) SI_UNIT ( $, .STERADIAN. ) SOLID_ANGLE_UNIT ( ) );
#9413 = ORIENTED_EDGE ( 'NONE', *, *, #10293, .F. ) ;
#9414 = VERTEX_POINT ( 'NONE', #324 ) ;
#9415 = ORIENTED_EDGE ( 'NONE', *, *, #3555, .T. ) ;
#9416 = PLANE ( 'NONE',  #6575 ) ;
#9417 = EDGE_CURVE ( 'NONE', #8325, #3856, #4308, .T. ) ;
#9418 = MANIFOLD_SOLID_BREP ( 'Cut-Extrude1[8]', #11907 ) ;
#9419 = VECTOR ( 'NONE', #7537, 999.9999999999998900 ) ;
#9420 = ADVANCED_FACE ( 'NONE', ( #1197 ), #7191, .T. ) ;
#9421 = FACE_OUTER_BOUND ( 'NONE', #4221, .T. ) ;
#9422 = CARTESIAN_POINT ( 'NONE',  ( 4.375000000000000000, 0.2750000000000000200, -0.2750000000000000200 ) ) ;
#9423 = VECTOR ( 'NONE', #4146, 1000.000000000000100 ) ;
#9424 = CARTESIAN_POINT ( 'NONE',  ( 5.675000000000000700, 0.9749999999999999800, -1.600000000000000100 ) ) ;
#9425 = DIRECTION ( 'NONE',  ( -0.2033118901005234200, 0.9241449550023794800, -0.3234507342508328200 ) ) ;
#9426 = EDGE_CURVE ( 'NONE', #7698, #3786, #2596, .T. ) ;
#9427 = DIRECTION ( 'NONE',  ( 1.000000000000000000, 0.0000000000000000000, 0.0000000000000000000 ) ) ;
#9428 = PLANE ( 'NONE',  #11409 ) ;
#9429 = ORIENTED_EDGE ( 'NONE', *, *, #1008, .T. ) ;
#9430 = EDGE_LOOP ( 'NONE', ( #7073, #10179, #8063, #7245 ) ) ;
#9431 = ORIENTED_EDGE ( 'NONE', *, *, #5284, .T. ) ;
#9432 = DIRECTION ( 'NONE',  ( 0.0000000000000000000, 1.000000000000000000, -0.0000000000000000000 ) ) ;
#9433 = EDGE_LOOP ( 'NONE', ( #12628, #5732, #8207, #8538, #10021 ) ) ;
#9434 = ORIENTED_EDGE ( 'NONE', *, *, #536, .T. ) ;
#9435 = DIRECTION ( 'NONE',  ( 0.0000000000000000000, -0.0000000000000000000, -1.000000000000000000 ) ) ;
#9436 = ADVANCED_FACE ( 'NONE', ( #886 ), #3509, .T. ) ;
#9437 = CARTESIAN_POINT ( 'NONE',  ( 4.215000000000001600, -3.125000000000000000, -0.8499999999999999800 ) ) ;
#9438 = CARTESIAN_POINT ( 'NONE',  ( 1.824999999999998800, 0.2750000000000003600, -0.6750000000000000400 ) ) ;
#9439 = ORIENTED_EDGE ( 'NONE', *, *, #9039, .F. ) ;
#9440 = EDGE_CURVE ( 'NONE', #5470, #7172, #7542, .T. ) ;
#9441 = CARTESIAN_POINT ( 'NONE',  ( 1.715000000000002100, -4.208005078473780400, -0.1000000000000000100 ) ) ;
#9442 = CARTESIAN_POINT ( 'NONE',  ( -5.174999999999999800, 0.9749999999999999800, -1.600000000000000100 ) ) ;
#9443 = VERTEX_POINT ( 'NONE', #9268 ) ;
#9444 = EDGE_LOOP ( 'NONE', ( #6501, #3465, #11423, #404 ) ) ;
#9445 = LINE ( 'NONE', #1251, #6512 ) ;
#9446 = FACE_OUTER_BOUND ( 'NONE', #11424, .T. ) ;
#9447 = CARTESIAN_POINT ( 'NONE',  ( -5.174999999999999800, -3.225000000000000100, -1.800000000000000300 ) ) ;
#9448 = ORIENTED_EDGE ( 'NONE', *, *, #8909, .T. ) ;
#9449 = DIRECTION ( 'NONE',  ( 1.000000000000000000, 0.0000000000000000000, 0.0000000000000000000 ) ) ;
#9450 = ORIENTED_EDGE ( 'NONE', *, *, #7791, .F. ) ;
#9451 = VERTEX_POINT ( 'NONE', #10432 ) ;
#9452 = ADVANCED_FACE ( 'NONE', ( #10163 ), #5337, .F. ) ;
#9453 = ORIENTED_EDGE ( 'NONE', *, *, #11487, .F. ) ;
#9454 = ORIENTED_EDGE ( 'NONE', *, *, #6488, .F. ) ;
#9455 = CARTESIAN_POINT ( 'NONE',  ( -4.535000000000000100, -3.624999999999999600, -1.800000000000000300 ) ) ;
#9456 = VECTOR ( 'NONE', #6452, 1000.000000000000000 ) ;
#9457 = VECTOR ( 'NONE', #10428, 1000.000000000000100 ) ;
#9458 = DIRECTION ( 'NONE',  ( 0.0000000000000000000, 1.000000000000000000, -0.0000000000000000000 ) ) ;
#9459 = VERTEX_POINT ( 'NONE', #9438 ) ;
#9460 = FILL_AREA_STYLE ('',( #10447 ) ) ;
#9461 = DIRECTION ( 'NONE',  ( 0.0000000000000000000, 0.0000000000000000000, -1.000000000000000000 ) ) ;
#9462 = EDGE_LOOP ( 'NONE', ( #7804, #10997, #1223, #12412 ) ) ;
#9463 = EDGE_CURVE ( 'NONE', #8047, #1086, #1672, .T. ) ;
#9464 = CARTESIAN_POINT ( 'NONE',  ( 7.375000000000001800, -2.224999999999999600, -1.550000000000000300 ) ) ;
#9465 = ORIENTED_EDGE ( 'NONE', *, *, #9587, .F. ) ;
#9466 = EDGE_LOOP ( 'NONE', ( #2401, #5881, #8474, #5056, #5892, #11954, #6979, #783, #11614, #12427, #7334, #11382, #1994, #8264, #2714, #5527 ) ) ;
#9467 = FACE_OUTER_BOUND ( 'NONE', #8970, .T. ) ;
#9468 = DIRECTION ( 'NONE',  ( 0.7071067811865474600, 0.7071067811865474600, 0.0000000000000000000 ) ) ;
#9469 = LINE ( 'NONE', #11979, #343 ) ;
#9470 = CARTESIAN_POINT ( 'NONE',  ( -1.714999999999999400, -4.208005078473780400, -0.8499999999999999800 ) ) ;
#9471 = CARTESIAN_POINT ( 'NONE',  ( -3.074999999999994800, 0.2750000000000011900, -0.4749999999999999800 ) ) ;
#9472 = ORIENTED_EDGE ( 'NONE', *, *, #8826, .T. ) ;
#9473 = CARTESIAN_POINT ( 'NONE',  ( -4.299999999999999800, -1.625000000000000200, -1.200000000000000000 ) ) ;
#9474 = PLANE ( 'NONE',  #3210 ) ;
#9475 = ORIENTED_EDGE ( 'NONE', *, *, #6861, .F. ) ;
#9476 = VECTOR ( 'NONE', #2094, 1000.000000000000100 ) ;
#9478 = CARTESIAN_POINT ( 'NONE',  ( -6.440000000000000400, -0.02499999999999963400, -0.6700000000000000400 ) ) ;
#9477 = LINE ( 'NONE', #1021, #2045 ) ;
#9479 = DIRECTION ( 'NONE',  ( 1.000000000000000000, 0.0000000000000000000, -0.0000000000000000000 ) ) ;
#9480 = EDGE_CURVE ( 'NONE', #10538, #11681, #5839, .T. ) ;
#9481 = ORIENTED_EDGE ( 'NONE', *, *, #2405, .F. ) ;
#9482 = CARTESIAN_POINT ( 'NONE',  ( 6.110000000000001200, 0.07499999999999998300, -0.2700000000000000200 ) ) ;
#9483 = DIRECTION ( 'NONE',  ( 1.000000000000000000, 0.0000000000000000000, 0.0000000000000000000 ) ) ;
#9484 = EDGE_CURVE ( 'NONE', #8187, #10611, #1815, .T. ) ;
#9485 = ADVANCED_FACE ( 'NONE', ( #4906 ), #12421, .F. ) ;
#9486 = ORIENTED_EDGE ( 'NONE', *, *, #7409, .T. ) ;
#9487 = LINE ( 'NONE', #7195, #8086 ) ;
#9488 = LINE ( 'NONE', #1529, #6860 ) ;
#9489 = CARTESIAN_POINT ( 'NONE',  ( 6.110000000000001200, -2.225000000000000100, -0.2700000000000000200 ) ) ;
#9490 = EDGE_CURVE ( 'NONE', #4813, #796, #2282, .T. ) ;
#9491 = DIRECTION ( 'NONE',  ( 0.0000000000000000000, 1.000000000000000000, 0.0000000000000000000 ) ) ;
#9492 = VERTEX_POINT ( 'NONE', #9312 ) ;
#9493 = VECTOR ( 'NONE', #2729, 1000.000000000000000 ) ;
#9494 = ADVANCED_FACE ( 'NONE', ( #10775 ), #2361, .T. ) ;
#9495 = DIRECTION ( 'NONE',  ( 0.0000000000000000000, -0.0000000000000000000, 1.000000000000000000 ) ) ;
#9496 = ORIENTED_EDGE ( 'NONE', *, *, #6677, .T. ) ;
#9497 = VECTOR ( 'NONE', #9152, 1000.000000000000000 ) ;
#9498 = ORIENTED_EDGE ( 'NONE', *, *, #8100, .T. ) ;
#9499 = LINE ( 'NONE', #9610, #3513 ) ;
#9500 = EDGE_CURVE ( 'NONE', #828, #6699, #594, .T. ) ;
#9501 = PLANE ( 'NONE',  #12022 ) ;
#9502 = AXIS2_PLACEMENT_3D ( 'NONE', #11293, #2477, #6363 ) ;
#9503 = DIRECTION ( 'NONE',  ( 0.0000000000000000000, 0.7071067811865452400, -0.7071067811865497900 ) ) ;
#9504 = CARTESIAN_POINT ( 'NONE',  ( 6.339999999999999900, 0.07500000000000084400, -0.7700000000000002400 ) ) ;
#9505 = ORIENTED_EDGE ( 'NONE', *, *, #8675, .F. ) ;
#9506 = CARTESIAN_POINT ( 'NONE',  ( -4.125000000000000000, -3.225000000000000100, 1.100000000000000100 ) ) ;
#9507 = VECTOR ( 'NONE', #8087, 1000.000000000000000 ) ;
#9508 = CARTESIAN_POINT ( 'NONE',  ( 1.715000000000000100, -3.225000000000000100, -0.4249999999999998200 ) ) ;
#9509 = LINE ( 'NONE', #4396, #2092 ) ;
#9510 = EDGE_CURVE ( 'NONE', #5828, #6025, #9235, .T. ) ;
#9511 = ORIENTED_EDGE ( 'NONE', *, *, #5818, .F. ) ;
#9512 = ADVANCED_FACE ( 'NONE', ( #12490 ), #11349, .F. ) ;
#9513 = DIRECTION ( 'NONE',  ( 0.0000000000000000000, -1.000000000000000000, -0.0000000000000000000 ) ) ;
#9514 = DIRECTION ( 'NONE',  ( 0.0000000000000000000, 0.0000000000000000000, -1.000000000000000000 ) ) ;
#9515 = CARTESIAN_POINT ( 'NONE',  ( 0.3750000000000000000, 0.0000000000000000000, 1.600000000000000100 ) ) ;
#9516 = DIRECTION ( 'NONE',  ( 0.0000000000000000000, 0.0000000000000000000, -1.000000000000000000 ) ) ;
#9517 = LINE ( 'NONE', #3480, #7197 ) ;
#9518 = DIRECTION ( 'NONE',  ( 0.0000000000000000000, 1.000000000000000000, 0.0000000000000000000 ) ) ;
#9519 = VECTOR ( 'NONE', #5679, 1000.000000000000000 ) ;
#9520 = CARTESIAN_POINT ( 'NONE',  ( -3.284999999999998800, -3.125000000000000000, -0.1000000000000000100 ) ) ;
#9521 = DIRECTION ( 'NONE',  ( 0.0000000000000000000, -0.0000000000000000000, 1.000000000000000000 ) ) ;
#9522 = LINE ( 'NONE', #9099, #12763 ) ;
#9523 = ORIENTED_EDGE ( 'NONE', *, *, #4708, .T. ) ;
#9524 = DIRECTION ( 'NONE',  ( 0.0000000000000000000, 0.0000000000000000000, 1.000000000000000000 ) ) ;
#9525 = EDGE_LOOP ( 'NONE', ( #3286, #12002, #680, #11137, #7650, #3020, #4669, #12378, #11716, #11272, #2531, #800 ) ) ;
#9526 = DIRECTION ( 'NONE',  ( 0.0000000000000000000, 0.0000000000000000000, 1.000000000000000000 ) ) ;
#9527 = AXIS2_PLACEMENT_3D ( 'NONE', #6129, #1109, #3113 ) ;
#9528 = VECTOR ( 'NONE', #7265, 1000.000000000000000 ) ;
#9529 = LINE ( 'NONE', #12397, #6896 ) ;
#9530 = EDGE_CURVE ( 'NONE', #431, #5775, #6471, .T. ) ;
#9531 = CARTESIAN_POINT ( 'NONE',  ( -2.035000000000000100, -4.025000000000000400, -1.800000000000000300 ) ) ;
#9532 = LINE ( 'NONE', #6360, #3692 ) ;
#9533 = VERTEX_POINT ( 'NONE', #9349 ) ;
#9534 = VECTOR ( 'NONE', #11259, 1000.000000000000000 ) ;
#9535 = VERTEX_POINT ( 'NONE', #3468 ) ;
#9536 = ORIENTED_EDGE ( 'NONE', *, *, #1138, .F. ) ;
#9537 = EDGE_CURVE ( 'NONE', #4702, #7910, #2759, .T. ) ;
#9538 = FACE_OUTER_BOUND ( 'NONE', #9, .T. ) ;
#9539 = CARTESIAN_POINT ( 'NONE',  ( 3.285000000000000100, -3.425000000000000300, -1.125000000000000200 ) ) ;
#9540 = ADVANCED_FACE ( 'NONE', ( #7695 ), #6716, .T. ) ;
#9541 = VECTOR ( 'NONE', #10283, 1000.000000000000000 ) ;
#9542 = VECTOR ( 'NONE', #11307, 1000.000000000000000 ) ;
#9543 = CARTESIAN_POINT ( 'NONE',  ( -3.199999999999999700, -1.625000000000000200, -1.200000000000000000 ) ) ;
#9544 = VECTOR ( 'NONE', #2854, 1000.000000000000000 ) ;
#9545 = EDGE_LOOP ( 'NONE', ( #8620, #6836, #5464, #5382, #8672, #8035 ) ) ;
#9546 = ORIENTED_EDGE ( 'NONE', *, *, #10136, .T. ) ;
#9547 = ORIENTED_EDGE ( 'NONE', *, *, #2863, .T. ) ;
#9548 = CARTESIAN_POINT ( 'NONE',  ( -4.534999999999999300, -0.2250000000000001200, -0.09999999999999996400 ) ) ;
#9549 = DIRECTION ( 'NONE',  ( -0.5773502691896270600, -0.5773502691896270600, 0.5773502691896230700 ) ) ;
#9550 = CARTESIAN_POINT ( 'NONE',  ( 6.875000000000000000, 0.5749999999999999600, -1.500000000000000000 ) ) ;
#9551 = EDGE_CURVE ( 'NONE', #4208, #2007, #107, .T. ) ;
#9552 = AXIS2_PLACEMENT_3D ( 'NONE', #5463, #542, #2535 ) ;
#9553 = CARTESIAN_POINT ( 'NONE',  ( -3.899999999999999900, -0.4749999999999999200, -1.200000000000000000 ) ) ;
#9554 = FACE_OUTER_BOUND ( 'NONE', #12331, .T. ) ;
#9555 = EDGE_CURVE ( 'NONE', #10918, #4052, #2455, .T. ) ;
#9556 = LINE ( 'NONE', #5668, #1682 ) ;
#9557 = LINE ( 'NONE', #7052, #11110 ) ;
#9558 = DIRECTION ( 'NONE',  ( 1.000000000000000000, 0.0000000000000000000, 0.0000000000000000000 ) ) ;
#9559 = CARTESIAN_POINT ( 'NONE',  ( 5.375000000000000000, -3.125000000000000000, -0.9085106253624000100 ) ) ;
#9560 = ADVANCED_FACE ( 'NONE', ( #12172 ), #6302, .F. ) ;
#9561 = ORIENTED_EDGE ( 'NONE', *, *, #12119, .T. ) ;
#9562 = EDGE_LOOP ( 'NONE', ( #3943, #4808, #3638, #9800 ) ) ;
#9563 = PLANE ( 'NONE',  #4196 ) ;
#9564 = ORIENTED_EDGE ( 'NONE', *, *, #8709, .T. ) ;
#9565 = CARTESIAN_POINT ( 'NONE',  ( 7.375000000000001800, 0.5749999999999999600, 0.1000000000000000500 ) ) ;
#9566 = VERTEX_POINT ( 'NONE', #10563 ) ;
#9567 = VECTOR ( 'NONE', #8375, 1000.000000000000000 ) ;
#9568 = VECTOR ( 'NONE', #2112, 1000.000000000000000 ) ;
#9569 = LINE ( 'NONE', #3942, #12666 ) ;
#9570 = EDGE_CURVE ( 'NONE', #6365, #8994, #7382, .T. ) ;
#9571 = ORIENTED_EDGE ( 'NONE', *, *, #6724, .F. ) ;
#9572 = ORIENTED_EDGE ( 'NONE', *, *, #3559, .F. ) ;
#9573 = ORIENTED_EDGE ( 'NONE', *, *, #10543, .T. ) ;
#9574 = EDGE_CURVE ( 'NONE', #6391, #11356, #8911, .T. ) ;
#9575 = ADVANCED_FACE ( 'NONE', ( #3704 ), #7579, .F. ) ;
#9576 = PLANE ( 'NONE',  #24 ) ;
#9577 = VERTEX_POINT ( 'NONE', #10475 ) ;
#9578 = AXIS2_PLACEMENT_3D ( 'NONE', #3115, #2019, #3342 ) ;
#9579 = DIRECTION ( 'NONE',  ( 0.0000000000000000000, -0.0000000000000000000, 1.000000000000000000 ) ) ;
#9580 = ORIENTED_EDGE ( 'NONE', *, *, #9872, .T. ) ;
#9581 = DIRECTION ( 'NONE',  ( 0.0000000000000000000, 0.0000000000000000000, -1.000000000000000000 ) ) ;
#9582 = AXIS2_PLACEMENT_3D ( 'NONE', #9649, #8671, #8780 ) ;
#9583 = ORIENTED_EDGE ( 'NONE', *, *, #4305, .F. ) ;
#9584 = ORIENTED_EDGE ( 'NONE', *, *, #12059, .T. ) ;
#9585 = ORIENTED_EDGE ( 'NONE', *, *, #12555, .T. ) ;
#9586 = DIRECTION ( 'NONE',  ( 1.000000000000000000, -0.0000000000000000000, 0.0000000000000000000 ) ) ;
#9587 = EDGE_CURVE ( 'NONE', #2103, #10194, #8322, .T. ) ;
#9588 = LINE ( 'NONE', #1436, #1710 ) ;
#9589 = ORIENTED_EDGE ( 'NONE', *, *, #6670, .F. ) ;
#9590 = DIRECTION ( 'NONE',  ( 1.000000000000000000, 0.0000000000000000000, 0.0000000000000000000 ) ) ;
#9591 = PLANE ( 'NONE',  #8482 ) ;
#9592 = ORIENTED_EDGE ( 'NONE', *, *, #11804, .T. ) ;
#9593 = CARTESIAN_POINT ( 'NONE',  ( -0.4650000000000000200, -3.924999999999999800, -1.300000000000000300 ) ) ;
#9594 = EDGE_CURVE ( 'NONE', #6662, #3437, #1801, .T. ) ;
#9595 = DIRECTION ( 'NONE',  ( 1.000000000000000000, -0.0000000000000000000, 0.0000000000000000000 ) ) ;
#9596 = DIRECTION ( 'NONE',  ( 0.0000000000000000000, -1.000000000000000000, -0.0000000000000000000 ) ) ;
#9597 = EDGE_LOOP ( 'NONE', ( #163, #1422, #9523, #835 ) ) ;
#9598 = STYLED_ITEM ( 'NONE', ( #3108 ), #12272 ) ;
#9599 = ORIENTED_EDGE ( 'NONE', *, *, #8528, .F. ) ;
#9600 = EDGE_LOOP ( 'NONE', ( #10470, #11844, #6333, #8393 ) ) ;
#9601 = FACE_OUTER_BOUND ( 'NONE', #11285, .T. ) ;
#9602 = VECTOR ( 'NONE', #11877, 1000.000000000000000 ) ;
#9603 = EDGE_LOOP ( 'NONE', ( #8829, #9211, #7590, #7465 ) ) ;
#9604 = DIRECTION ( 'NONE',  ( 0.0000000000000000000, -1.000000000000000000, -0.0000000000000000000 ) ) ;
#9605 = DIRECTION ( 'NONE',  ( 1.000000000000000000, 0.0000000000000000000, -0.0000000000000000000 ) ) ;
#9606 = CARTESIAN_POINT ( 'NONE',  ( 4.924999999999999800, -0.3750000000000000000, 1.200000000000000000 ) ) ;
#9607 = VERTEX_POINT ( 'NONE', #4698 ) ;
#9608 = DIRECTION ( 'NONE',  ( 0.0000000000000000000, 1.000000000000000000, 0.0000000000000000000 ) ) ;
#9609 = DIRECTION ( 'NONE',  ( 0.0000000000000000000, 0.0000000000000000000, -1.000000000000000000 ) ) ;
#9610 = CARTESIAN_POINT ( 'NONE',  ( 0.0000000000000000000, -2.625000000000000000, 1.600000000000000100 ) ) ;
#9612 = EDGE_CURVE ( 'NONE', #6215, #4515, #12636, .T. ) ;
#9611 = VERTEX_POINT ( 'NONE', #8583 ) ;
#9613 = ORIENTED_EDGE ( 'NONE', *, *, #464, .T. ) ;
#9614 = VECTOR ( 'NONE', #4302, 1000.000000000000000 ) ;
#9615 = LINE ( 'NONE', #4568, #6689 ) ;
#9616 = ORIENTED_EDGE ( 'NONE', *, *, #9484, .T. ) ;
#9617 = ORIENTED_EDGE ( 'NONE', *, *, #6170, .F. ) ;
#9618 = LINE ( 'NONE', #2709, #8985 ) ;
#9619 = VECTOR ( 'NONE', #8164, 1000.000000000000000 ) ;
#9621 = EDGE_LOOP ( 'NONE', ( #8340, #12649, #7752, #6202 ) ) ;
#9620 = AXIS2_PLACEMENT_3D ( 'NONE', #4889, #8777, #12796 ) ;
#9622 = ADVANCED_FACE ( 'NONE', ( #8469 ), #11604, .T. ) ;
#9623 = DIRECTION ( 'NONE',  ( -0.0000000000000000000, 0.0000000000000000000, -1.000000000000000000 ) ) ;
#9624 = ORIENTED_EDGE ( 'NONE', *, *, #8718, .F. ) ;
#9625 = EDGE_CURVE ( 'NONE', #3551, #5484, #4140, .T. ) ;
#9626 = CARTESIAN_POINT ( 'NONE',  ( 4.535000000000001000, -3.125000000000000000, -0.8499999999999999800 ) ) ;
#9627 = DIRECTION ( 'NONE',  ( 1.000000000000000000, 0.0000000000000000000, 0.0000000000000000000 ) ) ;
#9628 = ORIENTED_EDGE ( 'NONE', *, *, #11504, .T. ) ;
#9629 = DIRECTION ( 'NONE',  ( 1.000000000000000000, 0.0000000000000000000, 0.0000000000000000000 ) ) ;
#9630 = VECTOR ( 'NONE', #3331, 1000.000000000000000 ) ;
#9631 = VECTOR ( 'NONE', #12658, 1000.000000000000000 ) ;
#9632 = CARTESIAN_POINT ( 'NONE',  ( -0.3750000000000003300, -3.225000000000000100, -1.800000000000000300 ) ) ;
#9633 = CARTESIAN_POINT ( 'NONE',  ( 3.200000000000000200, -1.625000000000000200, -1.200000000000000000 ) ) ;
#9634 = ORIENTED_EDGE ( 'NONE', *, *, #2717, .T. ) ;
#9635 = ADVANCED_FACE ( 'NONE', ( #6461 ), #9563, .F. ) ;
#9636 = CARTESIAN_POINT ( 'NONE',  ( 6.110000000000001200, -0.02499999999999975500, -1.299999999999999800 ) ) ;
#9637 = AXIS2_PLACEMENT_3D ( 'NONE', #9726, #4945, #9897 ) ;
#9638 = DIRECTION ( 'NONE',  ( 1.000000000000000000, 0.0000000000000000000, 0.0000000000000000000 ) ) ;
#9639 = VECTOR ( 'NONE', #8065, 1000.000000000000000 ) ;
#9640 = CARTESIAN_POINT ( 'NONE',  ( -6.440000000000000400, -2.125000000000000000, -1.399999999999999900 ) ) ;
#9641 = CARTESIAN_POINT ( 'NONE',  ( -0.7849999999999983700, -4.208005078473780400, -0.8499999999999999800 ) ) ;
#9643 = EDGE_CURVE ( 'NONE', #5859, #9287, #8630, .T. ) ;
#9642 = ORIENTED_EDGE ( 'NONE', *, *, #3479, .F. ) ;
#9644 = FACE_OUTER_BOUND ( 'NONE', #7890, .T. ) ;
#9645 = VECTOR ( 'NONE', #3319, 1000.000000000000000 ) ;
#9646 = DIRECTION ( 'NONE',  ( 0.0000000000000000000, -0.0000000000000000000, -1.000000000000000000 ) ) ;
#9647 = CARTESIAN_POINT ( 'NONE',  ( 2.035000000000000100, -3.225000000000000100, -1.800000000000000300 ) ) ;
#9648 = EDGE_CURVE ( 'NONE', #5450, #2793, #9684, .T. ) ;
#9649 = CARTESIAN_POINT ( 'NONE',  ( -2.964999999999999900, -3.225000000000000100, -1.125000000000000200 ) ) ;
#9650 = DIRECTION ( 'NONE',  ( -0.0000000000000000000, 1.000000000000000000, 0.0000000000000000000 ) ) ;
#9651 = ORIENTED_EDGE ( 'NONE', *, *, #11670, .F. ) ;
#9652 = LINE ( 'NONE', #10503, #10430 ) ;
#9653 = ORIENTED_EDGE ( 'NONE', *, *, #1790, .T. ) ;
#9654 = LINE ( 'NONE', #8508, #11672 ) ;
#9655 = EDGE_CURVE ( 'NONE', #9179, #11183, #2749, .T. ) ;
#9656 = DIRECTION ( 'NONE',  ( 1.000000000000000000, 0.0000000000000000000, 0.0000000000000000000 ) ) ;
#9657 = ORIENTED_EDGE ( 'NONE', *, *, #2310, .F. ) ;
#9658 = LINE ( 'NONE', #2153, #7032 ) ;
#9659 = VERTEX_POINT ( 'NONE', #3920 ) ;
#9660 = EDGE_CURVE ( 'NONE', #4515, #11172, #5983, .T. ) ;
#9661 = VECTOR ( 'NONE', #2741, 1000.000000000000000 ) ;
#9662 = LINE ( 'NONE', #8409, #12303 ) ;
#9663 = CARTESIAN_POINT ( 'NONE',  ( 0.0000000000000000000, -2.625000000000000000, 1.600000000000000100 ) ) ;
#9664 = AXIS2_PLACEMENT_3D ( 'NONE', #683, #7500, #5603 ) ;
#9665 = ORIENTED_EDGE ( 'NONE', *, *, #841, .F. ) ;
#9666 = CARTESIAN_POINT ( 'NONE',  ( 6.870000000000000100, -2.024999999999999900, -0.2950000000000000400 ) ) ;
#9667 = PLANE ( 'NONE',  #1534 ) ;
#9668 = DIRECTION ( 'NONE',  ( 1.000000000000000000, 0.0000000000000000000, -0.0000000000000000000 ) ) ;
#9669 = CARTESIAN_POINT ( 'NONE',  ( 6.550000000000000700, -2.225000000000000100, -1.550000000000000300 ) ) ;
#9670 = FACE_OUTER_BOUND ( 'NONE', #7474, .T. ) ;
#9671 = EDGE_CURVE ( 'NONE', #3551, #4951, #3208, .T. ) ;
#9672 = CARTESIAN_POINT ( 'NONE',  ( 9.090000000000001600, -3.125000000000000000, 0.6999999999999999600 ) ) ;
#9673 = LINE ( 'NONE', #9883, #12161 ) ;
#9674 = VERTEX_POINT ( 'NONE', #6840 ) ;
#9675 = ORIENTED_EDGE ( 'NONE', *, *, #5576, .F. ) ;
#9676 = CARTESIAN_POINT ( 'NONE',  ( -0.4650000000000000200, -3.225000000000000100, -0.9250000000000000400 ) ) ;
#9677 = ORIENTED_EDGE ( 'NONE', *, *, #4289, .T. ) ;
#9678 = ADVANCED_FACE ( 'NONE', ( #11408 ), #5842, .T. ) ;
#9679 = CARTESIAN_POINT ( 'NONE',  ( 6.099999999999999600, -2.034999999999999700, -0.6169774115420021400 ) ) ;
#9680 = CARTESIAN_POINT ( 'NONE',  ( 5.299999999999999800, -3.125000000000000000, -0.5000000000000000000 ) ) ;
#9681 = DIRECTION ( 'NONE',  ( -1.000000000000000000, 0.0000000000000000000, -0.0000000000000000000 ) ) ;
#9682 = FACE_OUTER_BOUND ( 'NONE', #2246, .T. ) ;
#9683 = DIRECTION ( 'NONE',  ( 1.000000000000000000, 0.0000000000000000000, 0.0000000000000000000 ) ) ;
#9684 = LINE ( 'NONE', #10517, #4457 ) ;
#9685 = VECTOR ( 'NONE', #6161, 1000.000000000000000 ) ;
#9686 = ORIENTED_EDGE ( 'NONE', *, *, #2530, .T. ) ;
#9687 = EDGE_LOOP ( 'NONE', ( #12210, #7033, #9599, #12436 ) ) ;
#9688 = CARTESIAN_POINT ( 'NONE',  ( -2.035000000000000100, -3.425000000000000300, 1.600000000000000100 ) ) ;
#9689 = EDGE_LOOP ( 'NONE', ( #10367, #8298, #996, #10613 ) ) ;
#9690 = CARTESIAN_POINT ( 'NONE',  ( -0.4649999999999992500, -4.208005078473780400, -0.8499999999999999800 ) ) ;
#9691 = EDGE_CURVE ( 'NONE', #1071, #2102, #1508, .T. ) ;
#9692 = VECTOR ( 'NONE', #1705, 1000.000000000000000 ) ;
#9693 = VECTOR ( 'NONE', #4727, 1000.000000000000100 ) ;
#9694 = LINE ( 'NONE', #1808, #12509 ) ;
#9695 = ORIENTED_EDGE ( 'NONE', *, *, #7090, .T. ) ;
#9696 = EDGE_LOOP ( 'NONE', ( #7761, #3927, #612, #9959 ) ) ;
#9697 = EDGE_LOOP ( 'NONE', ( #11340, #7254, #701, #6448 ) ) ;
#9698 = LINE ( 'NONE', #11622, #10643 ) ;
#9699 = LINE ( 'NONE', #12215, #7080 ) ;
#9700 = LINE ( 'NONE', #10426, #5693 ) ;
#9701 = DIRECTION ( 'NONE',  ( 0.0000000000000000000, 0.0000000000000000000, -1.000000000000000000 ) ) ;
#9702 = CARTESIAN_POINT ( 'NONE',  ( -2.964999999999999900, -3.125000000000000000, -0.8499999999999999800 ) ) ;
#9703 = CARTESIAN_POINT ( 'NONE',  ( 6.449999999999999300, -0.02499999999999988700, -0.5450000000000001500 ) ) ;
#9704 = DIRECTION ( 'NONE',  ( 0.5773502691896247300, 0.5773502691896259500, 0.5773502691896266200 ) ) ;
#9705 = ORIENTED_EDGE ( 'NONE', *, *, #707, .F. ) ;
#9706 = EDGE_LOOP ( 'NONE', ( #12202, #9481, #2123, #10057 ) ) ;
#9707 = EDGE_CURVE ( 'NONE', #10231, #1726, #11996, .T. ) ;
#9708 = DIRECTION ( 'NONE',  ( 0.0000000000000000000, 0.0000000000000000000, -1.000000000000000000 ) ) ;
#9709 = DIRECTION ( 'NONE',  ( 1.000000000000000000, -0.0000000000000000000, 0.0000000000000000000 ) ) ;
#9710 = ORIENTED_EDGE ( 'NONE', *, *, #11227, .T. ) ;
#9711 = FACE_OUTER_BOUND ( 'NONE', #6600, .T. ) ;
#9712 = EDGE_CURVE ( 'NONE', #6809, #3257, #9383, .T. ) ;
#9713 = LINE ( 'NONE', #6918, #11734 ) ;
#9714 = DIRECTION ( 'NONE',  ( -0.0000000000000000000, 1.000000000000000000, 0.0000000000000000000 ) ) ;
#9715 = LINE ( 'NONE', #11587, #292 ) ;
#9716 = CARTESIAN_POINT ( 'NONE',  ( -5.875000000000000000, -2.225000000000000100, -1.800000000000000300 ) ) ;
#9717 = CARTESIAN_POINT ( 'NONE',  ( 1.715000000000002100, -3.125000000000000000, -0.8499999999999999800 ) ) ;
#9718 = CARTESIAN_POINT ( 'NONE',  ( -2.875000000000000000, -2.625000000000000000, 1.600000000000000100 ) ) ;
#9719 = DIRECTION ( 'NONE',  ( -0.0000000000000000000, 1.000000000000000000, 0.0000000000000000000 ) ) ;
#9720 = ORIENTED_EDGE ( 'NONE', *, *, #7162, .T. ) ;
#9721 = ORIENTED_EDGE ( 'NONE', *, *, #5966, .F. ) ;
#9722 = VERTEX_POINT ( 'NONE', #10803 ) ;
#9723 = PLANE ( 'NONE',  #6274 ) ;
#9724 = VERTEX_POINT ( 'NONE', #10847 ) ;
#9725 = EDGE_CURVE ( 'NONE', #3257, #4659, #12326, .T. ) ;
#9726 = CARTESIAN_POINT ( 'NONE',  ( -3.200000000000000200, -1.625000000000000200, -1.600000000000000100 ) ) ;
#9727 = ORIENTED_EDGE ( 'NONE', *, *, #9799, .T. ) ;
#9728 = VERTEX_POINT ( 'NONE', #867 ) ;
#9729 = DIRECTION ( 'NONE',  ( -0.6428712937138818500, 0.0000000000000000000, -0.7659742160925783200 ) ) ;
#9730 = EDGE_CURVE ( 'NONE', #8380, #5987, #3391, .T. ) ;
#9731 = EDGE_LOOP ( 'NONE', ( #12225, #4946, #12639, #1620 ) ) ;
#9732 = VERTEX_POINT ( 'NONE', #4935 ) ;
#9733 = LINE ( 'NONE', #9195, #4048 ) ;
#9734 = LINE ( 'NONE', #3351, #2004 ) ;
#9735 = PLANE ( 'NONE',  #5113 ) ;
#9736 = ORIENTED_EDGE ( 'NONE', *, *, #3965, .F. ) ;
#9737 = ADVANCED_FACE ( 'NONE', ( #9057 ), #12792, .F. ) ;
#9738 = ORIENTED_EDGE ( 'NONE', *, *, #5024, .T. ) ;
#9739 = DIRECTION ( 'NONE',  ( 1.000000000000000000, -0.0000000000000000000, 0.0000000000000000000 ) ) ;
#9740 = EDGE_CURVE ( 'NONE', #6902, #7698, #735, .T. ) ;
#9741 = ORIENTED_EDGE ( 'NONE', *, *, #9643, .F. ) ;
#9742 = ORIENTED_EDGE ( 'NONE', *, *, #4026, .T. ) ;
#9743 = VECTOR ( 'NONE', #619, 1000.000000000000000 ) ;
#9744 = CARTESIAN_POINT ( 'NONE',  ( -4.534999999999999300, -1.975000000000000100, -0.1000000000000000100 ) ) ;
#9745 = LINE ( 'NONE', #9265, #1872 ) ;
#9746 = PLANE ( 'NONE',  #2190 ) ;
#9747 = ORIENTED_EDGE ( 'NONE', *, *, #11819, .T. ) ;
#9748 = CARTESIAN_POINT ( 'NONE',  ( 3.125000000000000000, 0.02500000000000000100, -0.7624999999999999600 ) ) ;
#9749 = CARTESIAN_POINT ( 'NONE',  ( 0.7850000000000000300, -3.924999999999999800, -1.300000000000000300 ) ) ;
#9750 = FILL_AREA_STYLE ('',( #9833 ) ) ;
#9751 = ORIENTED_EDGE ( 'NONE', *, *, #971, .F. ) ;
#9752 = DIRECTION ( 'NONE',  ( 0.0000000000000000000, 1.000000000000000000, -0.0000000000000000000 ) ) ;
#9753 = VERTEX_POINT ( 'NONE', #8773 ) ;
#9754 = ORIENTED_EDGE ( 'NONE', *, *, #1861, .F. ) ;
#9755 = LINE ( 'NONE', #2787, #1742 ) ;
#9756 = CARTESIAN_POINT ( 'NONE',  ( 5.575000000000002000, 0.9750000000000003100, -1.400000000000000100 ) ) ;
#9757 = VECTOR ( 'NONE', #2284, 1000.000000000000000 ) ;
#9758 = CARTESIAN_POINT ( 'NONE',  ( -5.875000000000000000, -3.225000000000000100, 1.100000000000000100 ) ) ;
#9759 = VERTEX_POINT ( 'NONE', #11795 ) ;
#9760 = EDGE_CURVE ( 'NONE', #2678, #1688, #8752, .T. ) ;
#9761 = CARTESIAN_POINT ( 'NONE',  ( 4.924999999999999800, -0.1749999999999999900, 1.399999999999999900 ) ) ;
#9762 = CARTESIAN_POINT ( 'NONE',  ( 2.035000000000000100, -4.224999999999999600, -1.600000000000000100 ) ) ;
#9763 = CARTESIAN_POINT ( 'NONE',  ( -3.285000000000000100, -3.125000000000000000, -0.9250000000000000400 ) ) ;
#9764 = EDGE_CURVE ( 'NONE', #10380, #11363, #2116, .T. ) ;
#9765 = DIRECTION ( 'NONE',  ( 0.0000000000000000000, 0.7071067811863974700, 0.7071067811866975600 ) ) ;
#9766 = ORIENTED_EDGE ( 'NONE', *, *, #4558, .F. ) ;
#9767 = VECTOR ( 'NONE', #635, 1000.000000000000000 ) ;
#9768 = CARTESIAN_POINT ( 'NONE',  ( 0.7850000000000000300, -3.624999999999999600, -1.800000000000000300 ) ) ;
#9769 = VECTOR ( 'NONE', #1809, 1000.000000000000000 ) ;
#9770 = EDGE_CURVE ( 'NONE', #4593, #8484, #426, .T. ) ;
#9771 = ORIENTED_EDGE ( 'NONE', *, *, #1286, .F. ) ;
#9772 = CARTESIAN_POINT ( 'NONE',  ( 6.875000000000000000, 0.5749999999999999600, -1.500000000000000000 ) ) ;
#9773 = EDGE_LOOP ( 'NONE', ( #12177, #3666, #6612, #12429 ) ) ;
#9774 = AXIS2_PLACEMENT_3D ( 'NONE', #1081, #5021, #1943 ) ;
#9775 = CIRCLE ( 'NONE', #4206, 0.2000000000000000900 ) ;
#9776 = VERTEX_POINT ( 'NONE', #2909 ) ;
#9777 = DIRECTION ( 'NONE',  ( 0.0000000000000000000, 1.000000000000000000, -0.0000000000000000000 ) ) ;
#9778 = LINE ( 'NONE', #7837, #2847 ) ;
#9779 = LINE ( 'NONE', #8235, #4564 ) ;
#9780 = EDGE_CURVE ( 'NONE', #9732, #1482, #5378, .T. ) ;
#9781 = CARTESIAN_POINT ( 'NONE',  ( -0.7849999999999983700, -3.125000000000000000, -0.8499999999999999800 ) ) ;
#9782 = AXIS2_PLACEMENT_3D ( 'NONE', #11212, #2265, #228 ) ;
#9783 = DIRECTION ( 'NONE',  ( 0.0000000000000000000, -1.000000000000000000, -0.0000000000000000000 ) ) ;
#9784 = EDGE_CURVE ( 'NONE', #650, #10318, #7986, .T. ) ;
#9785 = CARTESIAN_POINT ( 'NONE',  ( -5.275000000000000400, -0.8249999999999999600, 1.200000000000000000 ) ) ;
#9786 = EDGE_LOOP ( 'NONE', ( #11033, #5280, #4520, #2957 ) ) ;
#9787 = CARTESIAN_POINT ( 'NONE',  ( -6.349999999999999600, -0.02499999999999984900, -0.6450000000000000200 ) ) ;
#9788 = CARTESIAN_POINT ( 'NONE',  ( -2.964999999999999900, -3.225000000000000100, -1.300000000000000300 ) ) ;
#9789 = LINE ( 'NONE', #3538, #12117 ) ;
#9790 = DIRECTION ( 'NONE',  ( 0.0000000000000000000, -0.0000000000000000000, 1.000000000000000000 ) ) ;
#9791 = ORIENTED_EDGE ( 'NONE', *, *, #5805, .T. ) ;
#9792 = VECTOR ( 'NONE', #1388, 1000.000000000000000 ) ;
#9793 = ORIENTED_EDGE ( 'NONE', *, *, #10718, .T. ) ;
#9794 = VECTOR ( 'NONE', #5605, 1000.000000000000000 ) ;
#9795 = STYLED_ITEM ( 'NONE', ( #10910 ), #4826 ) ;
#9796 = DIRECTION ( 'NONE',  ( 0.0000000000000000000, 0.0000000000000000000, -1.000000000000000000 ) ) ;
#9797 = ADVANCED_FACE ( 'NONE', ( #10761 ), #11569, .F. ) ;
#9798 = DIRECTION ( 'NONE',  ( 0.0000000000000000000, -1.000000000000000000, 0.0000000000000000000 ) ) ;
#9799 = EDGE_CURVE ( 'NONE', #3896, #3511, #10466, .T. ) ;
#9800 = ORIENTED_EDGE ( 'NONE', *, *, #8344, .T. ) ;
#9801 = CARTESIAN_POINT ( 'NONE',  ( -2.034999999999998800, -4.208005078473780400, -0.8499999999999999800 ) ) ;
#9802 = VECTOR ( 'NONE', #8401, 1000.000000000000000 ) ;
#9803 = PLANE ( 'NONE',  #9620 ) ;
#9804 = CARTESIAN_POINT ( 'NONE',  ( -5.875000000000000000, -3.225000000000000100, -1.800000000000000300 ) ) ;
#9805 = CARTESIAN_POINT ( 'NONE',  ( 6.349999999999999600, -2.225000000000000100, -1.350000000000000100 ) ) ;
#9806 = VECTOR ( 'NONE', #6323, 1000.000000000000000 ) ;
#9807 = ORIENTED_EDGE ( 'NONE', *, *, #1240, .F. ) ;
#9808 = EDGE_CURVE ( 'NONE', #10415, #6365, #1030, .T. ) ;
#9809 = CARTESIAN_POINT ( 'NONE',  ( 6.550000000000000700, -2.225000000000000100, -1.350000000000000100 ) ) ;
#9810 = AXIS2_PLACEMENT_3D ( 'NONE', #6769, #3887, #7753 ) ;
#9811 = DIRECTION ( 'NONE',  ( -0.9766444667050946400, 0.2148617826750988400, 0.0000000000000000000 ) ) ;
#9812 = VECTOR ( 'NONE', #10445, 1000.000000000000000 ) ;
#9813 = CARTESIAN_POINT ( 'NONE',  ( -6.550000000000000700, -2.225000000000000100, -1.350000000000000100 ) ) ;
#9814 = AXIS2_PLACEMENT_3D ( 'NONE', #6103, #6149, #9167 ) ;
#9815 = VECTOR ( 'NONE', #11484, 1000.000000000000000 ) ;
#9816 = LINE ( 'NONE', #7268, #7199 ) ;
#9817 = EDGE_CURVE ( 'NONE', #10306, #9344, #250, .T. ) ;
#9818 = VERTEX_POINT ( 'NONE', #2164 ) ;
#9819 = EDGE_LOOP ( 'NONE', ( #11575, #12581, #6028, #1869 ) ) ;
#9820 = ORIENTED_EDGE ( 'NONE', *, *, #194, .T. ) ;
#9821 = EDGE_CURVE ( 'NONE', #4958, #10039, #6763, .T. ) ;
#9822 = FACE_OUTER_BOUND ( 'NONE', #9600, .T. ) ;
#9823 = COLOUR_RGB ( '',0.7921568627450980000, 0.8196078431372548800, 0.9333333333333333500 ) ;
#9824 = CIRCLE ( 'NONE', #1550, 0.2000000000000000900 ) ;
#9825 = CARTESIAN_POINT ( 'NONE',  ( -1.714999999999999400, -4.208005078473780400, -0.8499999999999999800 ) ) ;
#9826 = ORIENTED_EDGE ( 'NONE', *, *, #1042, .T. ) ;
#9827 = VECTOR ( 'NONE', #7234, 1000.000000000000000 ) ;
#9828 = VERTEX_POINT ( 'NONE', #10882 ) ;
#9829 = CARTESIAN_POINT ( 'NONE',  ( -5.875000000000000000, -0.02500000000000000100, -1.800000000000000300 ) ) ;
#9830 = ORIENTED_EDGE ( 'NONE', *, *, #2109, .F. ) ;
#9831 = CARTESIAN_POINT ( 'NONE',  ( -3.284999999999998800, -1.975000000000000100, -0.8499999999999999800 ) ) ;
#9832 = CARTESIAN_POINT ( 'NONE',  ( 0.7850000000000010300, -3.125000000000000000, -0.1000000000000000100 ) ) ;
#9833 = FILL_AREA_STYLE_COLOUR ( '', #12614 ) ;
#9834 = CARTESIAN_POINT ( 'NONE',  ( 4.215000000000001600, -3.125000000000000000, -0.8499999999999999800 ) ) ;
#9835 = DIRECTION ( 'NONE',  ( 0.0000000000000000000, 1.000000000000000000, 0.0000000000000000000 ) ) ;
#9836 = VECTOR ( 'NONE', #11294, 1000.000000000000000 ) ;
#9837 = LINE ( 'NONE', #7207, #9541 ) ;
#9838 = EDGE_CURVE ( 'NONE', #8325, #1596, #9986, .T. ) ;
#9839 = PLANE ( 'NONE',  #8137 ) ;
#9840 = CIRCLE ( 'NONE', #7303, 0.2000000000000000900 ) ;
#9841 = ORIENTED_EDGE ( 'NONE', *, *, #9046, .T. ) ;
#9842 = ORIENTED_EDGE ( 'NONE', *, *, #10468, .F. ) ;
#9843 = VERTEX_POINT ( 'NONE', #6051 ) ;
#9844 = PLANE ( 'NONE',  #5604 ) ;
#9845 = DIRECTION ( 'NONE',  ( -0.0000000000000000000, -1.000000000000000000, -0.0000000000000000000 ) ) ;
#9846 = CARTESIAN_POINT ( 'NONE',  ( 4.924999999999999800, -0.1750000000000000700, 1.399999999999999900 ) ) ;
#9847 = CARTESIAN_POINT ( 'NONE',  ( -0.4650000000000000200, -3.425000000000000300, -1.600000000000000100 ) ) ;
#9848 = DIRECTION ( 'NONE',  ( 0.5773502691896266200, -0.5773502691896254000, 0.5773502691896254000 ) ) ;
#9849 = LINE ( 'NONE', #8818, #9692 ) ;
#9850 = VECTOR ( 'NONE', #675, 1000.000000000000000 ) ;
#9851 = VECTOR ( 'NONE', #7235, 1000.000000000000000 ) ;
#9852 = AXIS2_PLACEMENT_3D ( 'NONE', #2981, #10825, #6858 ) ;
#9853 = VECTOR ( 'NONE', #585, 1000.000000000000000 ) ;
#9854 = VERTEX_POINT ( 'NONE', #1160 ) ;
#9855 = CARTESIAN_POINT ( 'NONE',  ( -6.550000000000000700, -2.225000000000000100, -1.800000000000000300 ) ) ;
#9856 = EDGE_CURVE ( 'NONE', #5897, #3277, #1358, .T. ) ;
#9857 = EDGE_LOOP ( 'NONE', ( #5395, #3854, #5582, #9269, #11321, #6078, #10446, #10955, #11400, #3434, #8721, #8153, #4361 ) ) ;
#9858 = VECTOR ( 'NONE', #369, 1000.000000000000000 ) ;
#9859 = DIRECTION ( 'NONE',  ( 1.000000000000000000, 0.0000000000000000000, 0.0000000000000000000 ) ) ;
#9860 = FACE_OUTER_BOUND ( 'NONE', #8904, .T. ) ;
#9861 = ADVANCED_FACE ( 'NONE', ( #5053 ), #5016, .F. ) ;
#9862 = LINE ( 'NONE', #12121, #3091 ) ;
#9863 = VERTEX_POINT ( 'NONE', #6010 ) ;
#9864 = ORIENTED_EDGE ( 'NONE', *, *, #4708, .F. ) ;
#9865 = ORIENTED_EDGE ( 'NONE', *, *, #1738, .T. ) ;
#9866 = ORIENTED_EDGE ( 'NONE', *, *, #9916, .T. ) ;
#9867 = PLANE ( 'NONE',  #12567 ) ;
#9868 = AXIS2_PLACEMENT_3D ( 'NONE', #9672, #5754, #6833 ) ;
#9869 = DIRECTION ( 'NONE',  ( -1.000000000000000000, 0.0000000000000000000, 0.0000000000000000000 ) ) ;
#9870 = ORIENTED_EDGE ( 'NONE', *, *, #230, .T. ) ;
#9871 = DIRECTION ( 'NONE',  ( -0.0000000000000000000, -1.000000000000000000, 0.0000000000000000000 ) ) ;
#9872 = EDGE_CURVE ( 'NONE', #4064, #6989, #1792, .T. ) ;
#9873 = PLANE ( 'NONE',  #4638 ) ;
#9874 = PLANE ( 'NONE',  #2364 ) ;
#9875 = ORIENTED_EDGE ( 'NONE', *, *, #12192, .F. ) ;
#9876 = ORIENTED_EDGE ( 'NONE', *, *, #1050, .F. ) ;
#9878 = EDGE_LOOP ( 'NONE', ( #10509, #11313, #10087, #3956 ) ) ;
#9877 = CARTESIAN_POINT ( 'NONE',  ( 2.965000000000002500, -1.975000000000000100, -0.1000000000000000100 ) ) ;
#9879 = VECTOR ( 'NONE', #2073, 1000.000000000000100 ) ;
#9880 = EDGE_CURVE ( 'NONE', #7605, #8430, #5041, .T. ) ;
#9881 = ORIENTED_EDGE ( 'NONE', *, *, #11227, .F. ) ;
#9882 = CARTESIAN_POINT ( 'NONE',  ( -7.375000000000000900, 0.5749999999999999600, 0.1000000000000000100 ) ) ;
#9883 = CARTESIAN_POINT ( 'NONE',  ( 4.215000000000001600, -3.125000000000000000, -0.8499999999999999800 ) ) ;
#9884 = VERTEX_POINT ( 'NONE', #3165 ) ;
#9885 = DIRECTION ( 'NONE',  ( 1.000000000000000000, -0.0000000000000000000, 0.0000000000000000000 ) ) ;
#9886 = CARTESIAN_POINT ( 'NONE',  ( 2.035000000000000100, -3.425000000000000300, -1.125000000000000200 ) ) ;
#9887 = CARTESIAN_POINT ( 'NONE',  ( -7.375000000000000900, 0.5749999999999999600, 0.1000000000000000100 ) ) ;
#9888 = ORIENTED_EDGE ( 'NONE', *, *, #12263, .T. ) ;
#9889 = DIRECTION ( 'NONE',  ( 0.0000000000000000000, 0.0000000000000000000, -1.000000000000000000 ) ) ;
#9890 = AXIS2_PLACEMENT_3D ( 'NONE', #8274, #306, #3355 ) ;
#9891 = CARTESIAN_POINT ( 'NONE',  ( 6.875000000000000000, -2.024999999999999900, -1.500000000000000200 ) ) ;
#9892 = ORIENTED_EDGE ( 'NONE', *, *, #7428, .T. ) ;
#9893 = VERTEX_POINT ( 'NONE', #3036 ) ;
#9894 = VECTOR ( 'NONE', #3952, 1000.000000000000000 ) ;
#9895 = EDGE_CURVE ( 'NONE', #5227, #8850, #1947, .T. ) ;
#9896 = LINE ( 'NONE', #10974, #4365 ) ;
#9897 = DIRECTION ( 'NONE',  ( 0.0000000000000000000, -0.0000000000000000000, -1.000000000000000000 ) ) ;
#9898 = ORIENTED_EDGE ( 'NONE', *, *, #1138, .T. ) ;
#9899 = VERTEX_POINT ( 'NONE', #5145 ) ;
#9900 = ORIENTED_EDGE ( 'NONE', *, *, #9258, .T. ) ;
#9901 = CARTESIAN_POINT ( 'NONE',  ( 6.605000000000000400, -2.125000000000000000, -0.6700000000000000400 ) ) ;
#9902 = EDGE_CURVE ( 'NONE', #3139, #762, #86, .T. ) ;
#9903 = CARTESIAN_POINT ( 'NONE',  ( -2.034999999999998800, -1.975000000000000100, -0.8499999999999999800 ) ) ;
#9904 = CARTESIAN_POINT ( 'NONE',  ( 4.535000000000000100, -3.225000000000000100, -1.800000000000000300 ) ) ;
#9905 = VERTEX_POINT ( 'NONE', #8888 ) ;
#9906 = VERTEX_POINT ( 'NONE', #4980 ) ;
#9907 = VECTOR ( 'NONE', #2433, 1000.000000000000000 ) ;
#9908 = LINE ( 'NONE', #8451, #7749 ) ;
#9909 = DIRECTION ( 'NONE',  ( 0.0000000000000000000, -0.0000000000000000000, -1.000000000000000000 ) ) ;
#9910 = ORIENTED_EDGE ( 'NONE', *, *, #12078, .T. ) ;
#9911 = CARTESIAN_POINT ( 'NONE',  ( 2.035000000000000100, -3.924999999999999800, -1.300000000000000300 ) ) ;
#9912 = EDGE_CURVE ( 'NONE', #912, #6003, #1501, .T. ) ;
#9913 = PLANE ( 'NONE',  #2873 ) ;
#9914 = EDGE_LOOP ( 'NONE', ( #11762, #4131, #1412, #3641 ) ) ;
#9915 = VECTOR ( 'NONE', #4815, 1000.000000000000000 ) ;
#9916 = EDGE_CURVE ( 'NONE', #5199, #12791, #7047, .T. ) ;
#9917 = VECTOR ( 'NONE', #7979, 1000.000000000000000 ) ;
#9918 = ORIENTED_EDGE ( 'NONE', *, *, #12382, .T. ) ;
#9919 = PLANE ( 'NONE',  #10067 ) ;
#9920 = CARTESIAN_POINT ( 'NONE',  ( 5.275000000000000400, -0.1750000000000000700, 1.399999999999999700 ) ) ;
#9921 = ORIENTED_EDGE ( 'NONE', *, *, #5826, .T. ) ;
#9922 = CARTESIAN_POINT ( 'NONE',  ( 4.375000000000000000, 0.02500000000000000100, -0.7624999999999999600 ) ) ;
#9923 = CARTESIAN_POINT ( 'NONE',  ( 5.875000000000000000, -1.975000000000000100, 0.3999999999999999700 ) ) ;
#9924 = DIRECTION ( 'NONE',  ( -1.000000000000000000, 0.0000000000000000000, 0.0000000000000000000 ) ) ;
#9925 = ADVANCED_FACE ( 'NONE', ( #3378 ), #10063, .T. ) ;
#9926 = DIRECTION ( 'NONE',  ( -0.0000000000000000000, -1.000000000000000000, -0.0000000000000000000 ) ) ;
#9927 = EDGE_LOOP ( 'NONE', ( #2778, #3120, #1511, #3138 ) ) ;
#9928 = FACE_OUTER_BOUND ( 'NONE', #10418, .T. ) ;
#9929 = CARTESIAN_POINT ( 'NONE',  ( 2.035000000000000100, -3.125000000000000000, -0.9250000000000000400 ) ) ;
#9930 = LINE ( 'NONE', #6582, #7324 ) ;
#9931 = EDGE_CURVE ( 'NONE', #1553, #10538, #2734, .T. ) ;
#9932 = DIRECTION ( 'NONE',  ( -1.000000000000000000, 0.0000000000000000000, 0.0000000000000000000 ) ) ;
#9933 = PLANE ( 'NONE',  #2399 ) ;
#9934 = DIRECTION ( 'NONE',  ( 0.0000000000000000000, 0.0000000000000000000, 1.000000000000000000 ) ) ;
#9935 = ORIENTED_EDGE ( 'NONE', *, *, #8743, .T. ) ;
#9936 = EDGE_CURVE ( 'NONE', #241, #329, #9673, .T. ) ;
#9937 = ADVANCED_FACE ( 'NONE', ( #4295 ), #4251, .T. ) ;
#9938 = LINE ( 'NONE', #3471, #4411 ) ;
#9939 = VERTEX_POINT ( 'NONE', #7905 ) ;
#9940 = FACE_OUTER_BOUND ( 'NONE', #12069, .T. ) ;
#9941 = PLANE ( 'NONE',  #12184 ) ;
#9942 = CYLINDRICAL_SURFACE ( 'NONE', #3487, 0.1000000000000000500 ) ;
#9943 = DIRECTION ( 'NONE',  ( 0.0000000000000000000, 0.7071067811866975600, -0.7071067811863974700 ) ) ;
#9944 = DIRECTION ( 'NONE',  ( 0.0000000000000000000, -0.0000000000000000000, -1.000000000000000000 ) ) ;
#9945 =( GEOMETRIC_REPRESENTATION_CONTEXT ( 3 ) GLOBAL_UNCERTAINTY_ASSIGNED_CONTEXT ( ( #11498 ) ) GLOBAL_UNIT_ASSIGNED_CONTEXT ( ( #1849, #7726, #5749 ) ) REPRESENTATION_CONTEXT ( 'NONE', 'WORKASPACE' ) );
#9946 = ORIENTED_EDGE ( 'NONE', *, *, #5024, .F. ) ;
#9947 = FACE_OUTER_BOUND ( 'NONE', #11489, .T. ) ;
#9948 = EDGE_CURVE ( 'NONE', #7827, #4552, #727, .T. ) ;
#9949 = DIRECTION ( 'NONE',  ( 0.0000000000000000000, -0.9438583563660173400, 0.3303504247281061100 ) ) ;
#9950 = ORIENTED_EDGE ( 'NONE', *, *, #9417, .T. ) ;
#9951 = DIRECTION ( 'NONE',  ( 1.000000000000000000, 0.0000000000000000000, -0.0000000000000000000 ) ) ;
#9952 = EDGE_CURVE ( 'NONE', #255, #2639, #10302, .T. ) ;
#9953 = CARTESIAN_POINT ( 'NONE',  ( -4.214999999999999900, -4.224999999999999600, -1.300000000000000300 ) ) ;
#9954 = VERTEX_POINT ( 'NONE', #11158 ) ;
#9955 = CARTESIAN_POINT ( 'NONE',  ( 0.3750000000000001100, -3.225000000000000100, 1.100000000000000100 ) ) ;
#9956 = CARTESIAN_POINT ( 'NONE',  ( 3.285000000000000100, -3.225000000000000100, -1.125000000000000200 ) ) ;
#9957 = CARTESIAN_POINT ( 'NONE',  ( 0.4649999999999999700, -4.224999999999999600, -1.600000000000000100 ) ) ;
#9958 = VECTOR ( 'NONE', #341, 1000.000000000000000 ) ;
#9959 = ORIENTED_EDGE ( 'NONE', *, *, #2251, .T. ) ;
#9960 = DIRECTION ( 'NONE',  ( -1.000000000000000000, -0.0000000000000000000, -0.0000000000000000000 ) ) ;
#9961 = LINE ( 'NONE', #8502, #8295 ) ;
#9962 = CARTESIAN_POINT ( 'NONE',  ( 4.535000000000001000, -1.975000000000000100, -0.1000000000000000100 ) ) ;
#9963 = LINE ( 'NONE', #2694, #11680 ) ;
#9964 = ORIENTED_EDGE ( 'NONE', *, *, #6957, .F. ) ;
#9965 = AXIS2_PLACEMENT_3D ( 'NONE', #2637, #9581, #6568 ) ;
#9966 = CARTESIAN_POINT ( 'NONE',  ( 2.035000000000001000, -1.975000000000000100, -0.8499999999999999800 ) ) ;
#9967 = ORIENTED_EDGE ( 'NONE', *, *, #12204, .F. ) ;
#9968 = DIRECTION ( 'NONE',  ( -0.0000000000000000000, -0.0000000000000000000, -1.000000000000000000 ) ) ;
#9969 = CARTESIAN_POINT ( 'NONE',  ( -5.174999999999999800, 0.9749999999999999800, -1.600000000000000100 ) ) ;
#9970 = DIRECTION ( 'NONE',  ( 0.0000000000000000000, -0.0000000000000000000, -1.000000000000000000 ) ) ;
#9971 = LINE ( 'NONE', #8959, #4743 ) ;
#9972 = EDGE_CURVE ( 'NONE', #3379, #8309, #11689, .T. ) ;
#9973 = DIRECTION ( 'NONE',  ( 0.0000000000000000000, -1.000000000000000000, 0.0000000000000000000 ) ) ;
#9974 = VECTOR ( 'NONE', #8311, 1000.000000000000000 ) ;
#9975 = AXIS2_PLACEMENT_3D ( 'NONE', #885, #10823, #6855 ) ;
#9976 = ORIENTED_EDGE ( 'NONE', *, *, #10275, .T. ) ;
#9977 = CARTESIAN_POINT ( 'NONE',  ( -6.870000000000000100, -2.225000000000000100, -0.5450000000000001500 ) ) ;
#9978 = ORIENTED_EDGE ( 'NONE', *, *, #8041, .T. ) ;
#9979 = ORIENTED_EDGE ( 'NONE', *, *, #641, .T. ) ;
#9980 = CARTESIAN_POINT ( 'NONE',  ( 4.535000000000000100, -3.225000000000000100, -1.125000000000000200 ) ) ;
#9981 = PLANE ( 'NONE',  #690 ) ;
#9982 = FACE_OUTER_BOUND ( 'NONE', #8554, .T. ) ;
#9983 = EDGE_CURVE ( 'NONE', #3190, #11369, #11843, .T. ) ;
#9984 = VECTOR ( 'NONE', #4675, 1000.000000000000000 ) ;
#9985 = PLANE ( 'NONE',  #11731 ) ;
#9986 = LINE ( 'NONE', #1983, #7825 ) ;
#9987 = ADVANCED_FACE ( 'NONE', ( #9043 ), #3354, .F. ) ;
#9988 = VECTOR ( 'NONE', #12018, 1000.000000000000000 ) ;
#9989 = ORIENTED_EDGE ( 'NONE', *, *, #7670, .T. ) ;
#9990 = VERTEX_POINT ( 'NONE', #9296 ) ;
#9991 = VERTEX_POINT ( 'NONE', #1215 ) ;
#9992 = CARTESIAN_POINT ( 'NONE',  ( -6.870000000000000100, -2.225000000000000100, -0.5699999999999999500 ) ) ;
#9993 = LINE ( 'NONE', #10059, #11265 ) ;
#9994 = VECTOR ( 'NONE', #5592, 1000.000000000000000 ) ;
#9995 = ADVANCED_FACE ( 'NONE', ( #7375 ), #5234, .T. ) ;
#9996 = CARTESIAN_POINT ( 'NONE',  ( 4.535000000000001000, -4.208005078473780400, -0.8499999999999999800 ) ) ;
#9997 = VECTOR ( 'NONE', #5305, 1000.000000000000000 ) ;
#9998 = DIRECTION ( 'NONE',  ( -0.9766444667050946400, 0.2148617826750988400, 0.0000000000000000000 ) ) ;
#9999 = CARTESIAN_POINT ( 'NONE',  ( 2.035000000000000100, -3.225000000000000100, -0.9250000000000000400 ) ) ;
#10000 =( NAMED_UNIT ( * ) PLANE_ANGLE_UNIT ( ) SI_UNIT ( $, .RADIAN. ) );
#10001 = VECTOR ( 'NONE', #1851, 1000.000000000000000 ) ;
#10002 = VERTEX_POINT ( 'NONE', #12186 ) ;
#10003 = EDGE_LOOP ( 'NONE', ( #4072, #5006, #9389, #384 ) ) ;
#10004 = ORIENTED_EDGE ( 'NONE', *, *, #1597, .F. ) ;
#10005 = CARTESIAN_POINT ( 'NONE',  ( 1.625000000000000200, -2.625000000000000000, 1.100000000000000100 ) ) ;
#10006 = ADVANCED_FACE ( 'NONE', ( #6290 ), #4344, .T. ) ;
#10007 = CARTESIAN_POINT ( 'NONE',  ( -4.125000000000000000, -2.625000000000000000, 1.100000000000000100 ) ) ;
#10008 = LINE ( 'NONE', #8867, #4480 ) ;
#10009 = EDGE_CURVE ( 'NONE', #1468, #4354, #9532, .T. ) ;
#10010 = VECTOR ( 'NONE', #4577, 1000.000000000000000 ) ;
#10011 = CARTESIAN_POINT ( 'NONE',  ( 5.675000000000000700, -2.225000000000000100, -1.800000000000000300 ) ) ;
#10012 = VECTOR ( 'NONE', #7138, 1000.000000000000000 ) ;
#10013 = CARTESIAN_POINT ( 'NONE',  ( -4.535000000000000100, -3.924999999999999800, -1.300000000000000300 ) ) ;
#10014 = CARTESIAN_POINT ( 'NONE',  ( 6.110000000000001200, -2.225000000000000100, -1.500000000000000000 ) ) ;
#10015 = ORIENTED_EDGE ( 'NONE', *, *, #1060, .T. ) ;
#10016 = VERTEX_POINT ( 'NONE', #10248 ) ;
#10017 = EDGE_CURVE ( 'NONE', #12692, #12150, #5669, .T. ) ;
#10018 = DIRECTION ( 'NONE',  ( 0.0000000000000000000, -1.000000000000000000, 0.0000000000000000000 ) ) ;
#10019 = CARTESIAN_POINT ( 'NONE',  ( -3.375000000000000000, -3.225000000000000100, -1.800000000000000300 ) ) ;
#10020 = DIRECTION ( 'NONE',  ( 0.0000000000000000000, 0.0000000000000000000, -1.000000000000000000 ) ) ;
#10021 = ORIENTED_EDGE ( 'NONE', *, *, #1756, .F. ) ;
#10022 = LINE ( 'NONE', #406, #6175 ) ;
#10023 = CARTESIAN_POINT ( 'NONE',  ( 0.7850000000000000300, -3.425000000000000300, -1.600000000000000100 ) ) ;
#10024 = FACE_OUTER_BOUND ( 'NONE', #5225, .T. ) ;
#10025 = LINE ( 'NONE', #6894, #7098 ) ;
#10026 = PLANE ( 'NONE',  #7309 ) ;
#10027 = ORIENTED_EDGE ( 'NONE', *, *, #12488, .T. ) ;
#10028 = ORIENTED_EDGE ( 'NONE', *, *, #10660, .T. ) ;
#10029 = CARTESIAN_POINT ( 'NONE',  ( 5.875000000000000000, -3.125000000000000000, -1.800000000000000300 ) ) ;
#10030 = EDGE_CURVE ( 'NONE', #1553, #2884, #8619, .T. ) ;
#10031 = ORIENTED_EDGE ( 'NONE', *, *, #5714, .T. ) ;
#10032 = CARTESIAN_POINT ( 'NONE',  ( 1.715000000000002100, -4.208005078473780400, -0.8499999999999999800 ) ) ;
#10033 = AXIS2_PLACEMENT_3D ( 'NONE', #6660, #5820, #4796 ) ;
#10034 = PLANE ( 'NONE',  #303 ) ;
#10035 = ORIENTED_EDGE ( 'NONE', *, *, #4874, .F. ) ;
#10036 = EDGE_CURVE ( 'NONE', #5593, #12553, #4125, .T. ) ;
#10037 = DIRECTION ( 'NONE',  ( 0.0000000000000000000, 0.0000000000000000000, -1.000000000000000000 ) ) ;
#10038 = ORIENTED_EDGE ( 'NONE', *, *, #5012, .T. ) ;
#10039 = VERTEX_POINT ( 'NONE', #5187 ) ;
#10040 = DIRECTION ( 'NONE',  ( -1.000000000000000000, 0.0000000000000000000, -0.0000000000000000000 ) ) ;
#10041 = ORIENTED_EDGE ( 'NONE', *, *, #1126, .F. ) ;
#10042 = ORIENTED_EDGE ( 'NONE', *, *, #9740, .F. ) ;
#10043 = CARTESIAN_POINT ( 'NONE',  ( 3.284999999999999700, -0.2250000000000002000, -0.8500000000000000900 ) ) ;
#10044 = VECTOR ( 'NONE', #3164, 1000.000000000000000 ) ;
#10045 = AXIS2_PLACEMENT_3D ( 'NONE', #8138, #2179, #5155 ) ;
#10046 = CARTESIAN_POINT ( 'NONE',  ( 2.035000000000000100, -3.924999999999999800, 1.600000000000000100 ) ) ;
#10047 = EDGE_LOOP ( 'NONE', ( #10510, #10916, #1712, #1275 ) ) ;
#10048 = CARTESIAN_POINT ( 'NONE',  ( 5.275000000000000400, 0.0000000000000000000, 1.200000000000000000 ) ) ;
#10049 = DIRECTION ( 'NONE',  ( 0.0000000000000000000, -0.0000000000000000000, -1.000000000000000000 ) ) ;
#10050 = DIRECTION ( 'NONE',  ( 0.0000000000000000000, 0.0000000000000000000, -1.000000000000000000 ) ) ;
#10051 = EDGE_CURVE ( 'NONE', #4975, #1001, #2425, .T. ) ;
#10052 = ORIENTED_EDGE ( 'NONE', *, *, #3849, .F. ) ;
#10053 = DIRECTION ( 'NONE',  ( 0.0000000000000000000, -0.0000000000000000000, -1.000000000000000000 ) ) ;
#10054 = CARTESIAN_POINT ( 'NONE',  ( 2.035000000000000100, -4.025000000000000400, -1.800000000000000300 ) ) ;
#10055 = EDGE_CURVE ( 'NONE', #3903, #3184, #2100, .T. ) ;
#10056 = ORIENTED_EDGE ( 'NONE', *, *, #6690, .F. ) ;
#10057 = ORIENTED_EDGE ( 'NONE', *, *, #2193, .T. ) ;
#10058 = LINE ( 'NONE', #1573, #10832 ) ;
#10059 = CARTESIAN_POINT ( 'NONE',  ( -2.034999999999998800, -3.125000000000000000, -0.1000000000000000100 ) ) ;
#10060 = AXIS2_PLACEMENT_3D ( 'NONE', #220, #5243, #8316 ) ;
#10061 = LINE ( 'NONE', #9307, #7608 ) ;
#10062 = ADVANCED_FACE ( 'NONE', ( #12312 ), #8273, .T. ) ;
#10063 = PLANE ( 'NONE',  #6895 ) ;
#10064 = ORIENTED_EDGE ( 'NONE', *, *, #5029, .T. ) ;
#10065 = DIRECTION ( 'NONE',  ( 0.0000000000000000000, 0.0000000000000000000, -1.000000000000000000 ) ) ;
#10066 = ORIENTED_EDGE ( 'NONE', *, *, #12688, .T. ) ;
#10067 = AXIS2_PLACEMENT_3D ( 'NONE', #11952, #1111, #8878 ) ;
#10068 = DIRECTION ( 'NONE',  ( -0.0000000000000000000, 0.0000000000000000000, -1.000000000000000000 ) ) ;
#10069 = CARTESIAN_POINT ( 'NONE',  ( -3.285000000000000100, -3.225000000000000100, -0.9250000000000000400 ) ) ;
#10070 = EDGE_CURVE ( 'NONE', #5587, #4025, #10911, .T. ) ;
#10071 = ORIENTED_EDGE ( 'NONE', *, *, #1164, .T. ) ;
#10072 = ORIENTED_EDGE ( 'NONE', *, *, #11206, .F. ) ;
#10073 = VECTOR ( 'NONE', #5646, 1000.000000000000000 ) ;
#10074 = FACE_OUTER_BOUND ( 'NONE', #8324, .T. ) ;
#10075 = ORIENTED_EDGE ( 'NONE', *, *, #4249, .T. ) ;
#10076 = VERTEX_POINT ( 'NONE', #2430 ) ;
#10077 = CARTESIAN_POINT ( 'NONE',  ( 5.875000000000000000, -0.1749999999999999600, 1.600000000000000100 ) ) ;
#10078 = EDGE_CURVE ( 'NONE', #9990, #11329, #7530, .T. ) ;
#10079 = ADVANCED_FACE ( 'NONE', ( #10610 ), #2584, .F. ) ;
#10080 = CARTESIAN_POINT ( 'NONE',  ( 0.4649999999999999700, -3.624999999999999600, -1.800000000000000300 ) ) ;
#10081 = CARTESIAN_POINT ( 'NONE',  ( 6.539999999999999100, -2.225000000000000100, -1.800000000000000300 ) ) ;
#10082 = DIRECTION ( 'NONE',  ( -1.000000000000000000, -0.0000000000000000000, -0.0000000000000000000 ) ) ;
#10083 = ORIENTED_EDGE ( 'NONE', *, *, #7611, .F. ) ;
#10084 = VECTOR ( 'NONE', #5466, 1000.000000000000000 ) ;
#10085 = VECTOR ( 'NONE', #7030, 1000.000000000000100 ) ;
#10086 = CARTESIAN_POINT ( 'NONE',  ( -6.440000000000000400, -2.125000000000000000, -0.6700000000000000400 ) ) ;
#10088 = EDGE_CURVE ( 'NONE', #7072, #9535, #5973, .T. ) ;
#10087 = ORIENTED_EDGE ( 'NONE', *, *, #10170, .T. ) ;
#10089 = CARTESIAN_POINT ( 'NONE',  ( -4.214999999999999900, -3.225000000000000100, -1.125000000000000200 ) ) ;
#10090 = CARTESIAN_POINT ( 'NONE',  ( 4.925000000000001600, -0.8250000000000000700, 1.200000000000000000 ) ) ;
#10091 = VERTEX_POINT ( 'NONE', #2475 ) ;
#10092 = DIRECTION ( 'NONE',  ( 1.000000000000000000, -0.0000000000000000000, 0.0000000000000000000 ) ) ;
#10093 = DIRECTION ( 'NONE',  ( -0.7071067811865474600, -0.0000000000000000000, -0.7071067811865474600 ) ) ;
#10094 = VECTOR ( 'NONE', #6079, 1000.000000000000100 ) ;
#10095 = ORIENTED_EDGE ( 'NONE', *, *, #12588, .F. ) ;
#10096 = FACE_OUTER_BOUND ( 'NONE', #1151, .T. ) ;
#10097 = FACE_OUTER_BOUND ( 'NONE', #5903, .T. ) ;
#10098 = CARTESIAN_POINT ( 'NONE',  ( -0.7849999999999983700, -3.125000000000000000, -0.8499999999999999800 ) ) ;
#10099 = CARTESIAN_POINT ( 'NONE',  ( 0.3750000000000000000, -2.625000000000000000, 1.600000000000000100 ) ) ;
#10100 = CARTESIAN_POINT ( 'NONE',  ( 3.200000000000000600, -1.625000000000000200, -1.600000000000000100 ) ) ;
#10101 = VERTEX_POINT ( 'NONE', #9372 ) ;
#10102 = CARTESIAN_POINT ( 'NONE',  ( -6.349999999999999600, -2.034999999999999700, -1.034999999999999900 ) ) ;
#10103 = AXIS2_PLACEMENT_3D ( 'NONE', #11306, #4571, #11390 ) ;
#10104 = VECTOR ( 'NONE', #1889, 1000.000000000000000 ) ;
#10105 = CARTESIAN_POINT ( 'NONE',  ( 4.535000000000001000, -3.125000000000000000, -1.300000000000000300 ) ) ;
#10106 = CARTESIAN_POINT ( 'NONE',  ( 3.285000000000001500, -3.125000000000000000, -0.8499999999999999800 ) ) ;
#10107 = ORIENTED_EDGE ( 'NONE', *, *, #8731, .F. ) ;
#10108 = DIRECTION ( 'NONE',  ( 0.0000000000000000000, -1.000000000000000000, 0.0000000000000000000 ) ) ;
#10109 = COLOUR_RGB ( '',0.7921568627450980000, 0.8196078431372548800, 0.9333333333333333500 ) ;
#10110 = EDGE_LOOP ( 'NONE', ( #11636, #8367, #5266, #8398 ) ) ;
#10111 = CIRCLE ( 'NONE', #9582, 0.2000000000000000900 ) ;
#10112 = CARTESIAN_POINT ( 'NONE',  ( -1.714999999999999900, -3.125000000000000000, -0.9250000000000000400 ) ) ;
#10113 = CARTESIAN_POINT ( 'NONE',  ( -0.6750000000000053700, 0.2750000000000011900, -0.6750000000000001600 ) ) ;
#10114 = EDGE_CURVE ( 'NONE', #2569, #6003, #12477, .T. ) ;
#10115 = AXIS2_PLACEMENT_3D ( 'NONE', #5759, #9638, #12664 ) ;
#10116 = DIRECTION ( 'NONE',  ( -0.0000000000000000000, -0.0000000000000000000, -1.000000000000000000 ) ) ;
#10117 = ORIENTED_EDGE ( 'NONE', *, *, #2031, .F. ) ;
#10118 = VECTOR ( 'NONE', #1036, 1000.000000000000000 ) ;
#10119 = CARTESIAN_POINT ( 'NONE',  ( -5.275000000000000400, 0.9749999999999999800, -1.200000000000000000 ) ) ;
#10120 = DIRECTION ( 'NONE',  ( 0.0000000000000000000, -0.0000000000000000000, 1.000000000000000000 ) ) ;
#10121 = FACE_OUTER_BOUND ( 'NONE', #6705, .T. ) ;
#10122 = ORIENTED_EDGE ( 'NONE', *, *, #6810, .F. ) ;
#10123 = CARTESIAN_POINT ( 'NONE',  ( -7.375000000000000900, -2.225000000000000100, -1.800000000000000300 ) ) ;
#10124 = CARTESIAN_POINT ( 'NONE',  ( 5.275000000000000400, 0.7749999999999999100, -1.199999999999999700 ) ) ;
#10125 = AXIS2_PLACEMENT_3D ( 'NONE', #5542, #10788, #5874 ) ;
#10126 = CARTESIAN_POINT ( 'NONE',  ( -2.125000000000000000, -2.625000000000000000, 1.100000000000000100 ) ) ;
#10127 = ADVANCED_FACE ( 'NONE', ( #6608 ), #1478, .T. ) ;
#10128 = CARTESIAN_POINT ( 'NONE',  ( -6.440000000000000400, -1.075000000000000000, -1.399999999999999900 ) ) ;
#10129 = EDGE_CURVE ( 'NONE', #9674, #4664, #9824, .T. ) ;
#10130 = FACE_OUTER_BOUND ( 'NONE', #8472, .T. ) ;
#10131 = CARTESIAN_POINT ( 'NONE',  ( -2.034999999999998800, -4.208005078473780400, -0.8499999999999999800 ) ) ;
#10132 = VECTOR ( 'NONE', #1940, 1000.000000000000000 ) ;
#10133 = LINE ( 'NONE', #10257, #1333 ) ;
#10134 = DIRECTION ( 'NONE',  ( -1.000000000000000000, -0.0000000000000000000, -0.0000000000000000000 ) ) ;
#10135 = EDGE_LOOP ( 'NONE', ( #5963, #647, #7438, #10352 ) ) ;
#10136 = EDGE_CURVE ( 'NONE', #10725, #10318, #7970, .T. ) ;
#10137 = VERTEX_POINT ( 'NONE', #2974 ) ;
#10138 = CARTESIAN_POINT ( 'NONE',  ( -6.099999999999999600, -2.225000000000000100, -0.6450000000000000200 ) ) ;
#10139 = ORIENTED_EDGE ( 'NONE', *, *, #9691, .F. ) ;
#10140 = CARTESIAN_POINT ( 'NONE',  ( -1.875000000000000000, 0.2750000000000000200, -0.2750000000000000200 ) ) ;
#10141 = PLANE ( 'NONE',  #12400 ) ;
#10142 = CARTESIAN_POINT ( 'NONE',  ( -2.035000000000000100, -4.224999999999999600, -1.600000000000000100 ) ) ;
#10143 = ADVANCED_FACE ( 'NONE', ( #12772 ), #3812, .F. ) ;
#10144 = CARTESIAN_POINT ( 'NONE',  ( 4.215000000000001600, -3.125000000000000000, -0.8499999999999999800 ) ) ;
#10145 = CARTESIAN_POINT ( 'NONE',  ( -6.099999999999999600, -2.225000000000000100, -1.350000000000000100 ) ) ;
#10146 = VECTOR ( 'NONE', #11202, 1000.000000000000000 ) ;
#10147 = AXIS2_PLACEMENT_3D ( 'NONE', #3705, #3787, #11665 ) ;
#10148 = FACE_OUTER_BOUND ( 'NONE', #3589, .T. ) ;
#10149 = VECTOR ( 'NONE', #5367, 1000.000000000000000 ) ;
#10150 = EDGE_CURVE ( 'NONE', #1110, #9659, #9221, .T. ) ;
#10151 = ORIENTED_EDGE ( 'NONE', *, *, #4054, .F. ) ;
#10152 = VECTOR ( 'NONE', #427, 1000.000000000000000 ) ;
#10153 = ORIENTED_EDGE ( 'NONE', *, *, #9157, .F. ) ;
#10154 = VERTEX_POINT ( 'NONE', #10862 ) ;
#10155 = CARTESIAN_POINT ( 'NONE',  ( 1.715000000000000100, -4.224999999999999600, 1.600000000000000100 ) ) ;
#10156 = CARTESIAN_POINT ( 'NONE',  ( -3.074999999999997100, 0.2750000000000006300, -0.2750000000000000200 ) ) ;
#10157 = DIRECTION ( 'NONE',  ( -0.0000000000000000000, 0.0000000000000000000, 1.000000000000000000 ) ) ;
#10158 = EDGE_CURVE ( 'NONE', #12647, #8009, #3979, .T. ) ;
#10159 = DIRECTION ( 'NONE',  ( 1.000000000000000000, 0.0000000000000000000, -0.0000000000000000000 ) ) ;
#10160 = VECTOR ( 'NONE', #7445, 1000.000000000000000 ) ;
#10161 = VECTOR ( 'NONE', #8303, 1000.000000000000000 ) ;
#10162 = DIRECTION ( 'NONE',  ( 0.0000000000000000000, 0.0000000000000000000, -1.000000000000000000 ) ) ;
#10163 = FACE_OUTER_BOUND ( 'NONE', #2933, .T. ) ;
#10164 = LINE ( 'NONE', #4922, #9544 ) ;
#10165 = ORIENTED_EDGE ( 'NONE', *, *, #11646, .F. ) ;
#10166 = VERTEX_POINT ( 'NONE', #2839 ) ;
#10167 = DIRECTION ( 'NONE',  ( 1.000000000000000000, 0.0000000000000000000, 0.0000000000000000000 ) ) ;
#10168 = ORIENTED_EDGE ( 'NONE', *, *, #10630, .F. ) ;
#10169 = DIRECTION ( 'NONE',  ( 0.0000000000000000000, 1.000000000000000000, 0.0000000000000000000 ) ) ;
#10170 = EDGE_CURVE ( 'NONE', #9659, #8136, #8458, .T. ) ;
#10171 = PLANE ( 'NONE',  #719 ) ;
#10172 = LINE ( 'NONE', #4097, #1549 ) ;
#10173 = CARTESIAN_POINT ( 'NONE',  ( 7.375000000000000900, 0.5749999999999999600, 0.1000000000000000100 ) ) ;
#10174 = VECTOR ( 'NONE', #2708, 1000.000000000000100 ) ;
#10175 = DIRECTION ( 'NONE',  ( 0.6428711427641900000, 0.0000000000000000000, 0.7659743427824879900 ) ) ;
#10176 = FACE_BOUND ( 'NONE', #349, .T. ) ;
#10177 = LINE ( 'NONE', #9688, #2922 ) ;
#10178 = LINE ( 'NONE', #10665, #7555 ) ;
#10179 = ORIENTED_EDGE ( 'NONE', *, *, #409, .F. ) ;
#10180 = DIRECTION ( 'NONE',  ( 0.0000000000000000000, 0.0000000000000000000, -1.000000000000000000 ) ) ;
#10181 = ORIENTED_EDGE ( 'NONE', *, *, #8909, .F. ) ;
#10182 = LINE ( 'NONE', #7416, #2311 ) ;
#10183 = CARTESIAN_POINT ( 'NONE',  ( -5.675000000000000700, -2.224999999999999600, -1.600000000000000100 ) ) ;
#10184 = LINE ( 'NONE', #1114, #4494 ) ;
#10185 = CARTESIAN_POINT ( 'NONE',  ( -0.4649999999999999700, -4.224999999999999600, -1.300000000000000300 ) ) ;
#10186 = CARTESIAN_POINT ( 'NONE',  ( 9.090000000000001600, -3.125000000000000000, -0.9250000000000000400 ) ) ;
#10187 = LINE ( 'NONE', #8155, #9100 ) ;
#10188 = DIRECTION ( 'NONE',  ( -0.0000000000000000000, 1.000000000000000000, 0.0000000000000000000 ) ) ;
#10189 = CARTESIAN_POINT ( 'NONE',  ( -1.625000000000000200, -2.625000000000000000, 1.600000000000000100 ) ) ;
#10190 = ORIENTED_EDGE ( 'NONE', *, *, #7460, .F. ) ;
#10191 = ORIENTED_EDGE ( 'NONE', *, *, #11833, .F. ) ;
#10192 = ORIENTED_EDGE ( 'NONE', *, *, #3350, .F. ) ;
#10193 = EDGE_CURVE ( 'NONE', #3983, #8152, #8296, .T. ) ;
#10194 = VERTEX_POINT ( 'NONE', #10687 ) ;
#10195 = PLANE ( 'NONE',  #7643 ) ;
#10196 = AXIS2_PLACEMENT_3D ( 'NONE', #7081, #1159, #2248 ) ;
#10197 = ADVANCED_FACE ( 'NONE', ( #10294 ), #8863, .F. ) ;
#10198 = VERTEX_POINT ( 'NONE', #802 ) ;
#10199 = CARTESIAN_POINT ( 'NONE',  ( 3.200000000000000200, -0.4749999999999999800, -1.200000000000000000 ) ) ;
#10200 = CARTESIAN_POINT ( 'NONE',  ( 4.215000000000001600, -1.975000000000000100, -0.8499999999999999800 ) ) ;
#10201 = EDGE_CURVE ( 'NONE', #9142, #11237, #5197, .T. ) ;
#10202 = CARTESIAN_POINT ( 'NONE',  ( 1.715000000000002100, -4.208005078473780400, -0.1000000000000000100 ) ) ;
#10203 = DIRECTION ( 'NONE',  ( 0.0000000000000000000, 1.000000000000000000, -0.0000000000000000000 ) ) ;
#10204 = ORIENTED_EDGE ( 'NONE', *, *, #8616, .F. ) ;
#10205 = ORIENTED_EDGE ( 'NONE', *, *, #2452, .T. ) ;
#10206 = ORIENTED_EDGE ( 'NONE', *, *, #2983, .F. ) ;
#10207 = LINE ( 'NONE', #2557, #4193 ) ;
#10208 = DIRECTION ( 'NONE',  ( 1.000000000000000000, 0.0000000000000000000, -0.0000000000000000000 ) ) ;
#10209 = ADVANCED_FACE ( 'NONE', ( #3532 ), #880, .T. ) ;
#10210 = VERTEX_POINT ( 'NONE', #920 ) ;
#10211 = AXIS2_PLACEMENT_3D ( 'NONE', #9829, #12823, #4104 ) ;
#10212 = ORIENTED_EDGE ( 'NONE', *, *, #8198, .F. ) ;
#10213 = CARTESIAN_POINT ( 'NONE',  ( -6.339999999999999900, 0.07499999999999999700, -1.800000000000000300 ) ) ;
#10214 = DIRECTION ( 'NONE',  ( -0.0000000000000000000, -0.0000000000000000000, 1.000000000000000000 ) ) ;
#10215 = ADVANCED_FACE ( 'NONE', ( #2576 ), #7714, .F. ) ;
#10216 = CARTESIAN_POINT ( 'NONE',  ( 2.035000000000000100, -3.924999999999999800, -0.5749999999999999600 ) ) ;
#10218 = EDGE_CURVE ( 'NONE', #12815, #4960, #238, .T. ) ;
#10217 = EDGE_LOOP ( 'NONE', ( #3178, #1876, #4829, #4102 ) ) ;
#10219 = DIRECTION ( 'NONE',  ( 0.0000000000000000000, -0.0000000000000000000, -1.000000000000000000 ) ) ;
#10220 = AXIS2_PLACEMENT_3D ( 'NONE', #10287, #353, #1302 ) ;
#10221 = ORIENTED_EDGE ( 'NONE', *, *, #3948, .F. ) ;
#10222 = EDGE_LOOP ( 'NONE', ( #8692, #11350, #3294, #6732 ) ) ;
#10223 = DIRECTION ( 'NONE',  ( -1.000000000000000000, -0.0000000000000000000, -0.0000000000000000000 ) ) ;
#10224 = FACE_OUTER_BOUND ( 'NONE', #3725, .T. ) ;
#10225 = LINE ( 'NONE', #747, #7288 ) ;
#10226 = EDGE_CURVE ( 'NONE', #6602, #6638, #8883, .T. ) ;
#10227 = CARTESIAN_POINT ( 'NONE',  ( -0.7849999999999983700, -4.208005078473780400, -0.8499999999999999800 ) ) ;
#10228 = ORIENTED_EDGE ( 'NONE', *, *, #350, .T. ) ;
#10229 = ORIENTED_EDGE ( 'NONE', *, *, #956, .F. ) ;
#10230 = CARTESIAN_POINT ( 'NONE',  ( -5.375000000000000000, -2.625000000000000000, 1.600000000000000100 ) ) ;
#10231 = VERTEX_POINT ( 'NONE', #7012 ) ;
#10232 = CARTESIAN_POINT ( 'NONE',  ( 0.6250000000000000000, 0.02500000000000000100, -0.1875000000000000000 ) ) ;
#10233 = DIRECTION ( 'NONE',  ( -1.000000000000000000, -0.0000000000000000000, 0.0000000000000000000 ) ) ;
#10234 = AXIS2_PLACEMENT_3D ( 'NONE', #11962, #4117, #79 ) ;
#10235 = ORIENTED_EDGE ( 'NONE', *, *, #10686, .F. ) ;
#10236 = ORIENTED_EDGE ( 'NONE', *, *, #6278, .F. ) ;
#10237 = LINE ( 'NONE', #12407, #9907 ) ;
#10238 = LINE ( 'NONE', #10515, #6824 ) ;
#10239 = DIRECTION ( 'NONE',  ( 0.0000000000000000000, 0.0000000000000000000, 1.000000000000000000 ) ) ;
#10240 = DIRECTION ( 'NONE',  ( 0.0000000000000000000, 0.7071067811863974700, 0.7071067811866975600 ) ) ;
#10241 = EDGE_CURVE ( 'NONE', #5859, #3228, #1936, .T. ) ;
#10242 = ORIENTED_EDGE ( 'NONE', *, *, #1290, .T. ) ;
#10243 = DIRECTION ( 'NONE',  ( 0.0000000000000000000, -0.7071067811863974700, -0.7071067811866975600 ) ) ;
#10244 = CARTESIAN_POINT ( 'NONE',  ( -5.275000000000001200, 0.7750000000000002400, -1.200000000000000200 ) ) ;
#10245 = EDGE_CURVE ( 'NONE', #12232, #1403, #5960, .T. ) ;
#10246 = CARTESIAN_POINT ( 'NONE',  ( -4.299999999999999800, -1.625000000000000200, -1.200000000000000000 ) ) ;
#10247 = AXIS2_PLACEMENT_3D ( 'NONE', #2380, #12130, #428 ) ;
#10248 = CARTESIAN_POINT ( 'NONE',  ( -4.925000000000000700, -0.8249999999999999600, 1.200000000000000000 ) ) ;
#10249 = EDGE_LOOP ( 'NONE', ( #1288, #12556, #5782, #100, #10824 ) ) ;
#10250 = VECTOR ( 'NONE', #6800, 1000.000000000000000 ) ;
#10251 = CARTESIAN_POINT ( 'NONE',  ( 3.074999999999998800, 0.2750000000000003000, -0.2749999999999999700 ) ) ;
#10252 = LINE ( 'NONE', #7070, #2212 ) ;
#10253 = ORIENTED_EDGE ( 'NONE', *, *, #4289, .F. ) ;
#10254 = PLANE ( 'NONE',  #767 ) ;
#10255 = ORIENTED_EDGE ( 'NONE', *, *, #7046, .F. ) ;
#10256 = DIRECTION ( 'NONE',  ( 0.0000000000000000000, 1.000000000000000000, 0.0000000000000000000 ) ) ;
#10257 = CARTESIAN_POINT ( 'NONE',  ( -2.964999999999999900, -3.625000000000000000, -1.800000000000000300 ) ) ;
#10258 = EDGE_CURVE ( 'NONE', #2833, #491, #9522, .T. ) ;
#10259 = CARTESIAN_POINT ( 'NONE',  ( -4.535000000000000100, -3.625000000000000000, -1.800000000000000300 ) ) ;
#10260 = ORIENTED_EDGE ( 'NONE', *, *, #9931, .T. ) ;
#10261 = ORIENTED_EDGE ( 'NONE', *, *, #8826, .F. ) ;
#10262 = LINE ( 'NONE', #4055, #10719 ) ;
#10263 = DIRECTION ( 'NONE',  ( 1.000000000000000000, -0.0000000000000000000, 0.0000000000000000000 ) ) ;
#10265 = CARTESIAN_POINT ( 'NONE',  ( 3.284999999999999700, -3.125000000000000000, -0.9250000000000000400 ) ) ;
#10264 = LINE ( 'NONE', #5709, #3655 ) ;
#10266 = EDGE_CURVE ( 'NONE', #7379, #12257, #1009, .T. ) ;
#10267 = FILL_AREA_STYLE ('',( #8247 ) ) ;
#10268 = CARTESIAN_POINT ( 'NONE',  ( 3.285000000000001500, -3.125000000000000000, -0.1000000000000000100 ) ) ;
#10269 = ADVANCED_FACE ( 'NONE', ( #401 ), #11831, .T. ) ;
#10270 = LINE ( 'NONE', #3109, #3492 ) ;
#10271 = ORIENTED_EDGE ( 'NONE', *, *, #10391, .F. ) ;
#10272 = VECTOR ( 'NONE', #8216, 1000.000000000000000 ) ;
#10273 = DIRECTION ( 'NONE',  ( -0.0000000000000000000, -0.0000000000000000000, -1.000000000000000000 ) ) ;
#10274 = VECTOR ( 'NONE', #130, 1000.000000000000000 ) ;
#10275 = EDGE_CURVE ( 'NONE', #2481, #4823, #6277, .T. ) ;
#10276 = DIRECTION ( 'NONE',  ( -0.0000000000000000000, 1.000000000000000000, -0.0000000000000000000 ) ) ;
#10277 = DIRECTION ( 'NONE',  ( -0.0000000000000000000, -0.0000000000000000000, -1.000000000000000000 ) ) ;
#10278 = PLANE ( 'NONE',  #8271 ) ;
#10279 = ORIENTED_EDGE ( 'NONE', *, *, #3003, .T. ) ;
#10280 = APPLICATION_CONTEXT ( 'automotive_design' ) ;
#10281 = VECTOR ( 'NONE', #1262, 1000.000000000000000 ) ;
#10282 = ADVANCED_FACE ( 'NONE', ( #10601 ), #2039, .T. ) ;
#10283 = DIRECTION ( 'NONE',  ( -1.000000000000000000, 0.0000000000000000000, -0.0000000000000000000 ) ) ;
#10284 = DIRECTION ( 'NONE',  ( 0.0000000000000000000, 0.0000000000000000000, 1.000000000000000000 ) ) ;
#10285 = ORIENTED_EDGE ( 'NONE', *, *, #5615, .F. ) ;
#10286 = CARTESIAN_POINT ( 'NONE',  ( 2.875000000000000000, -2.625000000000000000, 1.100000000000000100 ) ) ;
#10287 = CARTESIAN_POINT ( 'NONE',  ( -4.214999999999999900, -3.125000000000000000, -0.4249999999999999900 ) ) ;
#10288 = DIRECTION ( 'NONE',  ( 0.0000000000000000000, 0.0000000000000000000, -1.000000000000000000 ) ) ;
#10289 = CARTESIAN_POINT ( 'NONE',  ( 7.074999999999999300, -2.225000000000000100, -1.300000000000000300 ) ) ;
#10290 = VECTOR ( 'NONE', #5616, 1000.000000000000000 ) ;
#10291 = CARTESIAN_POINT ( 'NONE',  ( 7.375000000000000900, -0.02500000000000000100, -1.800000000000000300 ) ) ;
#10292 = LINE ( 'NONE', #11262, #9815 ) ;
#10293 = EDGE_CURVE ( 'NONE', #8681, #6473, #11072, .T. ) ;
#10294 = FACE_OUTER_BOUND ( 'NONE', #2160, .T. ) ;
#10295 = ORIENTED_EDGE ( 'NONE', *, *, #3013, .T. ) ;
#10296 = EDGE_LOOP ( 'NONE', ( #7217, #4679, #472, #12118, #974 ) ) ;
#10297 = DIRECTION ( 'NONE',  ( -1.000000000000000000, 0.0000000000000000000, 0.0000000000000000000 ) ) ;
#10298 = PLANE ( 'NONE',  #4837 ) ;
#10299 = DIRECTION ( 'NONE',  ( -0.7071067811865474600, 0.0000000000000000000, -0.7071067811865474600 ) ) ;
#10300 = DIRECTION ( 'NONE',  ( 0.0000000000000000000, 0.0000000000000000000, 1.000000000000000000 ) ) ;
#10301 = DIRECTION ( 'NONE',  ( -0.0000000000000000000, -1.000000000000000000, 0.0000000000000000000 ) ) ;
#10302 = LINE ( 'NONE', #6093, #11234 ) ;
#10303 = ORIENTED_EDGE ( 'NONE', *, *, #2975, .T. ) ;
#10304 = AXIS2_PLACEMENT_3D ( 'NONE', #3543, #11301, #2529 ) ;
#10305 = CARTESIAN_POINT ( 'NONE',  ( -7.075000000000000200, -2.225000000000000100, 0.3999999999999999700 ) ) ;
#10306 = VERTEX_POINT ( 'NONE', #85 ) ;
#10307 = ORIENTED_EDGE ( 'NONE', *, *, #4777, .F. ) ;
#10308 = EDGE_CURVE ( 'NONE', #504, #8685, #5033, .T. ) ;
#10309 = DIRECTION ( 'NONE',  ( 1.000000000000000000, 0.0000000000000000000, 0.0000000000000000000 ) ) ;
#10310 = VECTOR ( 'NONE', #8822, 1000.000000000000100 ) ;
#10311 = EDGE_CURVE ( 'NONE', #6463, #665, #9209, .T. ) ;
#10312 = LINE ( 'NONE', #11621, #6459 ) ;
#10313 = VECTOR ( 'NONE', #4038, 1000.000000000000000 ) ;
#10314 = CARTESIAN_POINT ( 'NONE',  ( -6.349999999999999600, -0.02499999999999984900, -0.6450000000000000200 ) ) ;
#10315 = VECTOR ( 'NONE', #4227, 1000.000000000000000 ) ;
#10316 = ORIENTED_EDGE ( 'NONE', *, *, #7381, .T. ) ;
#10317 = ORIENTED_EDGE ( 'NONE', *, *, #12588, .T. ) ;
#10318 = VERTEX_POINT ( 'NONE', #7045 ) ;
#10319 = SURFACE_SIDE_STYLE ('',( #5882 ) ) ;
#10320 = DIRECTION ( 'NONE',  ( -0.0000000000000000000, -0.0000000000000000000, -1.000000000000000000 ) ) ;
#10321 = VECTOR ( 'NONE', #11185, 1000.000000000000000 ) ;
#10322 = CARTESIAN_POINT ( 'NONE',  ( -2.875000000000000000, -3.225000000000000100, 1.100000000000000100 ) ) ;
#10323 = EDGE_CURVE ( 'NONE', #8515, #3425, #6887, .T. ) ;
#10324 = ADVANCED_FACE ( 'NONE', ( #7961 ), #10893, .F. ) ;
#10325 = VECTOR ( 'NONE', #3677, 999.9999999999998900 ) ;
#10326 = DIRECTION ( 'NONE',  ( -0.0000000000000000000, -0.0000000000000000000, -1.000000000000000000 ) ) ;
#10327 = CARTESIAN_POINT ( 'NONE',  ( 6.009999999999999800, 0.07500000000000041400, -1.399999999999999900 ) ) ;
#10328 = CARTESIAN_POINT ( 'NONE',  ( 4.535000000000000100, -3.425000000000000300, -1.125000000000000200 ) ) ;
#10329 = CLOSED_SHELL ( 'NONE', ( #8334, #5741, #4129, #8887, #4250, #11816, #11327, #4666, #3593, #5296, #11372, #1491, #9995, #10079, #9937, #2163, #9575, #3285, #3077, #1960, #4600, #3561 ) ) ;
#10330 = EDGE_LOOP ( 'NONE', ( #6727, #3274, #11774, #12053 ) ) ;
#10331 = ORIENTED_EDGE ( 'NONE', *, *, #10311, .T. ) ;
#10332 = CARTESIAN_POINT ( 'NONE',  ( 4.214999999999999900, -3.425000000000000300, 1.600000000000000100 ) ) ;
#10333 = VERTEX_POINT ( 'NONE', #8042 ) ;
#10334 = EDGE_CURVE ( 'NONE', #2681, #5526, #6122, .T. ) ;
#10335 = CARTESIAN_POINT ( 'NONE',  ( -5.575000000000000200, 0.9749999999999999800, -1.800000000000000300 ) ) ;
#10336 = CARTESIAN_POINT ( 'NONE',  ( -3.285000000000000100, -3.424999999999999800, -1.599999999999999900 ) ) ;
#10337 = AXIS2_PLACEMENT_3D ( 'NONE', #12143, #2303, #9067 ) ;
#10338 = LINE ( 'NONE', #7721, #2768 ) ;
#10339 = DIRECTION ( 'NONE',  ( 0.9766444667050946400, 0.2148617826750988400, 0.0000000000000000000 ) ) ;
#10340 = VECTOR ( 'NONE', #7177, 1000.000000000000000 ) ;
#10341 = VECTOR ( 'NONE', #11119, 1000.000000000000000 ) ;
#10342 = CARTESIAN_POINT ( 'NONE',  ( -2.035000000000000100, -3.775000000000000400, -0.5749999999999999600 ) ) ;
#10343 = DIRECTION ( 'NONE',  ( -0.2033118901005232200, 0.9241449550023794800, -0.3234507342508328700 ) ) ;
#10344 = ADVANCED_FACE ( 'NONE', ( #5812 ), #6104, .F. ) ;
#10345 = VERTEX_POINT ( 'NONE', #4086 ) ;
#10346 = ORIENTED_EDGE ( 'NONE', *, *, #11402, .F. ) ;
#10347 = DIRECTION ( 'NONE',  ( -1.000000000000000000, 0.0000000000000000000, -0.0000000000000000000 ) ) ;
#10348 = EDGE_CURVE ( 'NONE', #609, #4632, #2724, .T. ) ;
#10349 = DIRECTION ( 'NONE',  ( 0.0000000000000000000, 1.000000000000000000, -0.0000000000000000000 ) ) ;
#10350 = PLANE ( 'NONE',  #12478 ) ;
#10351 = CARTESIAN_POINT ( 'NONE',  ( 5.875000000000000000, 0.2750000000000000200, -1.800000000000000300 ) ) ;
#10352 = ORIENTED_EDGE ( 'NONE', *, *, #3849, .T. ) ;
#10353 = LINE ( 'NONE', #11352, #2152 ) ;
#10354 = CARTESIAN_POINT ( 'NONE',  ( -7.375000000000000900, -0.02500000000000000100, -1.800000000000000300 ) ) ;
#10355 = VECTOR ( 'NONE', #236, 1000.000000000000000 ) ;
#10356 = DIRECTION ( 'NONE',  ( -0.0000000000000000000, 1.000000000000000000, -0.0000000000000000000 ) ) ;
#10357 = ORIENTED_EDGE ( 'NONE', *, *, #112, .T. ) ;
#10358 = ORIENTED_EDGE ( 'NONE', *, *, #1711, .T. ) ;
#10359 = ORIENTED_EDGE ( 'NONE', *, *, #4385, .F. ) ;
#10360 = ADVANCED_FACE ( 'NONE', ( #3970 ), #6059, .T. ) ;
#10361 = ORIENTED_EDGE ( 'NONE', *, *, #5546, .T. ) ;
#10362 = CARTESIAN_POINT ( 'NONE',  ( -5.875000000000000000, -3.224999999999999600, -1.300000000000000300 ) ) ;
#10363 = VERTEX_POINT ( 'NONE', #7953 ) ;
#10364 = AXIS2_PLACEMENT_3D ( 'NONE', #10145, #8171, #9245 ) ;
#10365 = DIRECTION ( 'NONE',  ( 0.0000000000000000000, -1.000000000000000000, 0.0000000000000000000 ) ) ;
#10366 = ORIENTED_EDGE ( 'NONE', *, *, #8420, .F. ) ;
#10368 = EDGE_CURVE ( 'NONE', #10684, #2005, #10751, .T. ) ;
#10367 = ORIENTED_EDGE ( 'NONE', *, *, #9229, .T. ) ;
#10369 = VERTEX_POINT ( 'NONE', #6923 ) ;
#10370 = FACE_OUTER_BOUND ( 'NONE', #596, .T. ) ;
#10371 = CARTESIAN_POINT ( 'NONE',  ( 1.715000000000002100, -1.975000000000000100, -0.1000000000000000100 ) ) ;
#10372 = LINE ( 'NONE', #9058, #2969 ) ;
#10373 = ORIENTED_EDGE ( 'NONE', *, *, #6884, .F. ) ;
#10374 = CARTESIAN_POINT ( 'NONE',  ( -6.969999999999999800, -2.125000000000000000, -0.4200000000000000400 ) ) ;
#10375 = CARTESIAN_POINT ( 'NONE',  ( -0.7850000000000000300, -3.225000000000000100, -1.125000000000000200 ) ) ;
#10376 = CARTESIAN_POINT ( 'NONE',  ( 0.4650000000000000200, -3.225000000000000100, -0.9250000000000000400 ) ) ;
#10377 = ORIENTED_EDGE ( 'NONE', *, *, #11220, .T. ) ;
#10378 = CARTESIAN_POINT ( 'NONE',  ( 7.375000000000000900, -2.225000000000000100, -1.550000000000000300 ) ) ;
#10379 = PLANE ( 'NONE',  #6997 ) ;
#10380 = VERTEX_POINT ( 'NONE', #10853 ) ;
#10381 = ORIENTED_EDGE ( 'NONE', *, *, #7128, .F. ) ;
#10382 = FACE_OUTER_BOUND ( 'NONE', #2972, .T. ) ;
#10383 = VECTOR ( 'NONE', #10472, 1000.000000000000000 ) ;
#10384 = AXIS2_PLACEMENT_3D ( 'NONE', #9190, #11049, #6259 ) ;
#10385 = ORIENTED_EDGE ( 'NONE', *, *, #4348, .T. ) ;
#10386 = CARTESIAN_POINT ( 'NONE',  ( 4.534999999999997500, -0.2250000000000005100, -0.09999999999999988100 ) ) ;
#10387 = PLANE ( 'NONE',  #11777 ) ;
#10388 = CARTESIAN_POINT ( 'NONE',  ( 0.4650000000000000200, -3.924999999999999800, 1.600000000000000100 ) ) ;
#10389 = ORIENTED_EDGE ( 'NONE', *, *, #6226, .T. ) ;
#10390 = DIRECTION ( 'NONE',  ( 0.7071067811865475700, 0.0000000000000000000, -0.7071067811865475700 ) ) ;
#10391 = EDGE_CURVE ( 'NONE', #3981, #8790, #11224, .T. ) ;
#10392 = DIRECTION ( 'NONE',  ( 0.5773502691896266200, 0.5773502691896254000, -0.5773502691896254000 ) ) ;
#10393 = DIRECTION ( 'NONE',  ( 0.0000000000000000000, 0.0000000000000000000, 1.000000000000000000 ) ) ;
#10394 = PLANE ( 'NONE',  #2851 ) ;
#10395 = EDGE_CURVE ( 'NONE', #9267, #8105, #3363, .T. ) ;
#10396 = DIRECTION ( 'NONE',  ( 0.0000000000000000000, 0.0000000000000000000, -1.000000000000000000 ) ) ;
#10397 = ADVANCED_FACE ( 'NONE', ( #10901 ), #11168, .T. ) ;
#10398 = ORIENTED_EDGE ( 'NONE', *, *, #10440, .F. ) ;
#10399 = ORIENTED_EDGE ( 'NONE', *, *, #1727, .F. ) ;
#10400 = CIRCLE ( 'NONE', #9664, 0.2000000000000000900 ) ;
#10401 = VECTOR ( 'NONE', #5210, 1000.000000000000000 ) ;
#10402 = EDGE_LOOP ( 'NONE', ( #3383, #5579, #1157, #11450 ) ) ;
#10403 = DIRECTION ( 'NONE',  ( -1.000000000000000000, -0.0000000000000000000, 0.0000000000000000000 ) ) ;
#10404 = VERTEX_POINT ( 'NONE', #8133 ) ;
#10405 = AXIS2_PLACEMENT_3D ( 'NONE', #775, #4755, #1650 ) ;
#10406 = DIRECTION ( 'NONE',  ( -0.0000000000000000000, -0.0000000000000000000, -1.000000000000000000 ) ) ;
#10407 = EDGE_CURVE ( 'NONE', #12587, #11356, #7814, .T. ) ;
#10408 = VERTEX_POINT ( 'NONE', #9207 ) ;
#10409 = LINE ( 'NONE', #4287, #6550 ) ;
#10410 = ADVANCED_FACE ( 'NONE', ( #2257 ), #361, .T. ) ;
#10411 = DIRECTION ( 'NONE',  ( 0.0000000000000000000, 0.0000000000000000000, 1.000000000000000000 ) ) ;
#10412 = ORIENTED_EDGE ( 'NONE', *, *, #2174, .F. ) ;
#10413 = EDGE_CURVE ( 'NONE', #9722, #4460, #717, .T. ) ;
#10414 = AXIS2_PLACEMENT_3D ( 'NONE', #2842, #8745, #11580 ) ;
#10415 = VERTEX_POINT ( 'NONE', #10069 ) ;
#10416 = VECTOR ( 'NONE', #9188, 1000.000000000000000 ) ;
#10417 = DIRECTION ( 'NONE',  ( -0.7071067811865475700, 0.7071067811865475700, 0.0000000000000000000 ) ) ;
#10418 = EDGE_LOOP ( 'NONE', ( #7789, #5420, #4499, #10514 ) ) ;
#10419 = CARTESIAN_POINT ( 'NONE',  ( -4.535000000000000100, -3.775000000000000400, -0.4249999999999999300 ) ) ;
#10420 = LINE ( 'NONE', #274, #1906 ) ;
#10421 = LINE ( 'NONE', #10810, #3012 ) ;
#10422 = DIRECTION ( 'NONE',  ( -1.000000000000000000, -0.0000000000000000000, -0.0000000000000000000 ) ) ;
#10423 = DIRECTION ( 'NONE',  ( 0.0000000000000000000, 0.0000000000000000000, -1.000000000000000000 ) ) ;
#10424 = EDGE_CURVE ( 'NONE', #8380, #11099, #10133, .T. ) ;
#10425 = ADVANCED_FACE ( 'NONE', ( #12465 ), #12196, .T. ) ;
#10426 = CARTESIAN_POINT ( 'NONE',  ( -4.625000000000000000, -2.625000000000000000, 1.600000000000000100 ) ) ;
#10427 = EDGE_LOOP ( 'NONE', ( #11208, #2629, #9624, #2798 ) ) ;
#10428 = DIRECTION ( 'NONE',  ( -0.2033118901005039300, -0.9241449550023836900, -0.3234507342508327600 ) ) ;
#10429 = CARTESIAN_POINT ( 'NONE',  ( 0.0000000000000000000, -3.225000000000000100, 1.600000000000000100 ) ) ;
#10430 = VECTOR ( 'NONE', #4594, 1000.000000000000000 ) ;
#10431 = DIRECTION ( 'NONE',  ( 0.0000000000000000000, 0.0000000000000000000, -1.000000000000000000 ) ) ;
#10432 = CARTESIAN_POINT ( 'NONE',  ( 0.4650000000000000200, -3.924999999999999800, -0.5749999999999999600 ) ) ;
#10433 = FACE_BOUND ( 'NONE', #6529, .T. ) ;
#10434 = ORIENTED_EDGE ( 'NONE', *, *, #473, .T. ) ;
#10435 = FACE_OUTER_BOUND ( 'NONE', #9186, .T. ) ;
#10436 = CARTESIAN_POINT ( 'NONE',  ( 0.4650000000000018600, -1.975000000000000100, -0.1000000000000000100 ) ) ;
#10437 = DIRECTION ( 'NONE',  ( 0.0000000000000000000, 1.000000000000000000, 0.0000000000000000000 ) ) ;
#10438 = DIRECTION ( 'NONE',  ( 1.000000000000000000, 0.0000000000000000000, -0.0000000000000000000 ) ) ;
#10439 = ORIENTED_EDGE ( 'NONE', *, *, #4565, .T. ) ;
#10440 = EDGE_CURVE ( 'NONE', #5784, #3626, #7662, .T. ) ;
#10441 = VECTOR ( 'NONE', #7945, 1000.000000000000000 ) ;
#10442 = FACE_OUTER_BOUND ( 'NONE', #11153, .T. ) ;
#10443 = EDGE_LOOP ( 'NONE', ( #581, #7150, #11789, #12697, #8733, #12213 ) ) ;
#10444 = EDGE_CURVE ( 'NONE', #12596, #10363, #1170, .T. ) ;
#10445 = DIRECTION ( 'NONE',  ( 0.0000000000000000000, -0.0000000000000000000, -1.000000000000000000 ) ) ;
#10446 = ORIENTED_EDGE ( 'NONE', *, *, #12140, .T. ) ;
#10447 = FILL_AREA_STYLE_COLOUR ( '', #5736 ) ;
#10448 = EDGE_CURVE ( 'NONE', #5526, #8392, #9816, .T. ) ;
#10449 = FACE_OUTER_BOUND ( 'NONE', #1917, .T. ) ;
#10450 = LINE ( 'NONE', #11082, #4441 ) ;
#10451 = VECTOR ( 'NONE', #2753, 1000.000000000000000 ) ;
#10452 = VERTEX_POINT ( 'NONE', #1355 ) ;
#10453 = ADVANCED_FACE ( 'NONE', ( #2882 ), #11071, .T. ) ;
#10454 = VERTEX_POINT ( 'NONE', #260 ) ;
#10455 = EDGE_LOOP ( 'NONE', ( #8256, #4023, #728, #10236, #11414, #5698, #7050 ) ) ;
#10456 = DIRECTION ( 'NONE',  ( 0.7071067811865475700, -0.7071067811865475700, 0.0000000000000000000 ) ) ;
#10457 = PLANE ( 'NONE',  #1489 ) ;
#10458 = DIRECTION ( 'NONE',  ( -0.7071067811865475700, 0.0000000000000000000, 0.7071067811865475700 ) ) ;
#10459 = DIRECTION ( 'NONE',  ( -0.0000000000000000000, -1.000000000000000000, 0.0000000000000000000 ) ) ;
#10460 = CARTESIAN_POINT ( 'NONE',  ( 6.450000000000000200, -0.02499999999999984900, -0.6450000000000000200 ) ) ;
#10461 = EDGE_CURVE ( 'NONE', #9281, #8860, #5802, .T. ) ;
#10462 = VECTOR ( 'NONE', #4475, 1000.000000000000000 ) ;
#10463 = AXIS2_PLACEMENT_3D ( 'NONE', #7656, #10596, #4731 ) ;
#10464 = LINE ( 'NONE', #9104, #1655 ) ;
#10465 = CARTESIAN_POINT ( 'NONE',  ( -7.575000000000000200, -0.2249999999999999500, -1.800000000000000300 ) ) ;
#10466 = LINE ( 'NONE', #7943, #10313 ) ;
#10467 = ORIENTED_EDGE ( 'NONE', *, *, #5007, .T. ) ;
#10468 = EDGE_CURVE ( 'NONE', #11737, #8658, #10740, .T. ) ;
#10469 = LINE ( 'NONE', #8050, #5212 ) ;
#10470 = ORIENTED_EDGE ( 'NONE', *, *, #9712, .F. ) ;
#10471 = ORIENTED_EDGE ( 'NONE', *, *, #3531, .F. ) ;
#10472 = DIRECTION ( 'NONE',  ( -0.0000000000000000000, 1.000000000000000000, -0.0000000000000000000 ) ) ;
#10473 = ORIENTED_EDGE ( 'NONE', *, *, #11402, .T. ) ;
#10474 = ADVANCED_FACE ( 'NONE', ( #4273 ), #3265, .T. ) ;
#10475 = CARTESIAN_POINT ( 'NONE',  ( 3.600000000000001000, 0.7749999999999999100, -1.200000000000000000 ) ) ;
#10476 = DIRECTION ( 'NONE',  ( -0.0000000000000000000, 1.000000000000000000, 0.0000000000000000000 ) ) ;
#10477 = CARTESIAN_POINT ( 'NONE',  ( 2.035000000000000100, -3.425000000000000300, 1.600000000000000100 ) ) ;
#10478 = FACE_OUTER_BOUND ( 'NONE', #4342, .T. ) ;
#10479 = AXIS2_PLACEMENT_3D ( 'NONE', #4734, #11648, #1665 ) ;
#10480 = LINE ( 'NONE', #116, #5217 ) ;
#10481 = VECTOR ( 'NONE', #9215, 1000.000000000000000 ) ;
#10482 = LINE ( 'NONE', #5355, #4618 ) ;
#10483 = EDGE_LOOP ( 'NONE', ( #2336, #9336, #11750, #7 ) ) ;
#10484 = EDGE_CURVE ( 'NONE', #5139, #1832, #3183, .T. ) ;
#10485 = VERTEX_POINT ( 'NONE', #2256 ) ;
#10486 = CARTESIAN_POINT ( 'NONE',  ( -3.284999999999994800, -0.2250000000000012000, -0.09999999999999977000 ) ) ;
#10487 = ORIENTED_EDGE ( 'NONE', *, *, #6900, .T. ) ;
#10488 = VECTOR ( 'NONE', #10284, 1000.000000000000000 ) ;
#10489 = EDGE_CURVE ( 'NONE', #3997, #7284, #11975, .T. ) ;
#10490 = ADVANCED_FACE ( 'NONE', ( #7363 ), #3414, .T. ) ;
#10491 = DIRECTION ( 'NONE',  ( -0.0000000000000000000, 0.0000000000000000000, 1.000000000000000000 ) ) ;
#10492 = VECTOR ( 'NONE', #8702, 1000.000000000000100 ) ;
#10493 = LINE ( 'NONE', #12502, #9994 ) ;
#10494 = FACE_OUTER_BOUND ( 'NONE', #12745, .T. ) ;
#10495 = DIRECTION ( 'NONE',  ( -1.000000000000000000, 0.0000000000000000000, 0.0000000000000000000 ) ) ;
#10496 = LINE ( 'NONE', #6786, #7241 ) ;
#10497 = EDGE_LOOP ( 'NONE', ( #9147, #10229, #12691, #6610 ) ) ;
#10498 = ORIENTED_EDGE ( 'NONE', *, *, #11261, .F. ) ;
#10499 = DIRECTION ( 'NONE',  ( 0.0000000000000000000, -1.000000000000000000, 0.0000000000000000000 ) ) ;
#10500 = EDGE_CURVE ( 'NONE', #5403, #10884, #12453, .T. ) ;
#10501 = LINE ( 'NONE', #4356, #10652 ) ;
#10502 = LINE ( 'NONE', #4248, #11876 ) ;
#10503 = CARTESIAN_POINT ( 'NONE',  ( -6.875000000000000000, 0.5749999999999999600, -1.500000000000000000 ) ) ;
#10504 = VECTOR ( 'NONE', #10958, 1000.000000000000000 ) ;
#10505 = DIRECTION ( 'NONE',  ( -0.0000000000000000000, 1.000000000000000000, -0.0000000000000000000 ) ) ;
#10506 = EDGE_CURVE ( 'NONE', #7482, #5589, #8120, .T. ) ;
#10507 = CARTESIAN_POINT ( 'NONE',  ( -6.349999999999999600, -2.034999999999999700, -0.7599999999999999000 ) ) ;
#10508 = DIRECTION ( 'NONE',  ( -0.0000000000000000000, -1.000000000000000000, -0.0000000000000000000 ) ) ;
#10509 = ORIENTED_EDGE ( 'NONE', *, *, #12475, .F. ) ;
#10510 = ORIENTED_EDGE ( 'NONE', *, *, #8704, .T. ) ;
#10511 = ORIENTED_EDGE ( 'NONE', *, *, #11944, .T. ) ;
#10512 = DIRECTION ( 'NONE',  ( -1.000000000000000000, 0.0000000000000000000, -0.0000000000000000000 ) ) ;
#10513 = ORIENTED_EDGE ( 'NONE', *, *, #5320, .F. ) ;
#10514 = ORIENTED_EDGE ( 'NONE', *, *, #12578, .F. ) ;
#10515 = CARTESIAN_POINT ( 'NONE',  ( -3.284999999999999700, -3.125000000000000000, -1.300000000000000300 ) ) ;
#10516 = CARTESIAN_POINT ( 'NONE',  ( 6.540000000000000000, -2.024999999999999900, -0.5699999999999997300 ) ) ;
#10517 = CARTESIAN_POINT ( 'NONE',  ( -6.099999999999999600, -2.225000000000000100, -0.6450000000000000200 ) ) ;
#10518 = CARTESIAN_POINT ( 'NONE',  ( 9.090000000000001600, -3.125000000000000000, -0.4250000000000000400 ) ) ;
#10519 = CARTESIAN_POINT ( 'NONE',  ( -4.214999999999999900, -4.224999999999999600, -1.600000000000000100 ) ) ;
#10520 = ORIENTED_EDGE ( 'NONE', *, *, #2051, .T. ) ;
#10521 = ORIENTED_EDGE ( 'NONE', *, *, #12642, .F. ) ;
#10522 = ORIENTED_EDGE ( 'NONE', *, *, #10308, .T. ) ;
#10523 = DIRECTION ( 'NONE',  ( 0.0000000000000000000, 1.000000000000000000, 0.0000000000000000000 ) ) ;
#10524 = LINE ( 'NONE', #1977, #6200 ) ;
#10525 = LINE ( 'NONE', #11997, #6956 ) ;
#10526 = DIRECTION ( 'NONE',  ( -0.0000000000000000000, 1.000000000000000000, -0.0000000000000000000 ) ) ;
#10527 = ADVANCED_FACE ( 'NONE', ( #9198 ), #1487, .T. ) ;
#10528 = EDGE_CURVE ( 'NONE', #4052, #7605, #1924, .T. ) ;
#10529 = ORIENTED_EDGE ( 'NONE', *, *, #11206, .T. ) ;
#10530 = DIRECTION ( 'NONE',  ( 0.0000000000000000000, 0.0000000000000000000, -1.000000000000000000 ) ) ;
#10531 = VERTEX_POINT ( 'NONE', #1613 ) ;
#10532 = ORIENTED_EDGE ( 'NONE', *, *, #3060, .F. ) ;
#10533 = ORIENTED_EDGE ( 'NONE', *, *, #4447, .F. ) ;
#10534 = VERTEX_POINT ( 'NONE', #5373 ) ;
#10535 = LINE ( 'NONE', #9470, #7287 ) ;
#10536 = LINE ( 'NONE', #10011, #6971 ) ;
#10537 = CARTESIAN_POINT ( 'NONE',  ( -5.275000000000000400, -0.3750000000000000000, 1.200000000000000200 ) ) ;
#10538 = VERTEX_POINT ( 'NONE', #6544 ) ;
#10539 = ADVANCED_FACE ( 'NONE', ( #9359 ), #8445, .T. ) ;
#10540 = DIRECTION ( 'NONE',  ( 0.0000000000000000000, 0.0000000000000000000, 1.000000000000000000 ) ) ;
#10541 = EDGE_LOOP ( 'NONE', ( #3745, #456, #6683, #8676 ) ) ;
#10542 = ORIENTED_EDGE ( 'NONE', *, *, #1435, .T. ) ;
#10543 = EDGE_CURVE ( 'NONE', #8116, #5561, #847, .T. ) ;
#10544 = DIRECTION ( 'NONE',  ( -1.000000000000000000, 0.0000000000000000000, 0.0000000000000000000 ) ) ;
#10545 = ORIENTED_EDGE ( 'NONE', *, *, #5414, .T. ) ;
#10546 = VERTEX_POINT ( 'NONE', #10336 ) ;
#10547 = VECTOR ( 'NONE', #3219, 1000.000000000000000 ) ;
#10548 = CARTESIAN_POINT ( 'NONE',  ( -6.375000000000000900, -2.225000000000000500, 0.3999999999999998000 ) ) ;
#10549 = LINE ( 'NONE', #2570, #5300 ) ;
#10550 = CARTESIAN_POINT ( 'NONE',  ( -4.534999999999999300, -1.975000000000000100, -0.8499999999999999800 ) ) ;
#10551 = ORIENTED_EDGE ( 'NONE', *, *, #10440, .T. ) ;
#10552 = CARTESIAN_POINT ( 'NONE',  ( -2.034999999999998800, -3.125000000000000000, -0.8499999999999999800 ) ) ;
#10553 = CARTESIAN_POINT ( 'NONE',  ( -2.034999999999998800, -3.125000000000000000, -0.1000000000000000100 ) ) ;
#10554 = ORIENTED_EDGE ( 'NONE', *, *, #4458, .F. ) ;
#10555 = ADVANCED_FACE ( 'NONE', ( #10121 ), #9428, .T. ) ;
#10556 = ORIENTED_EDGE ( 'NONE', *, *, #8737, .F. ) ;
#10557 = VECTOR ( 'NONE', #9719, 1000.000000000000000 ) ;
#10558 = DIRECTION ( 'NONE',  ( 0.7071067811865474600, 0.0000000000000000000, 0.7071067811865474600 ) ) ;
#10560 = CARTESIAN_POINT ( 'NONE',  ( -0.7850000000000000300, -3.625000000000000000, -1.800000000000000300 ) ) ;
#10559 = LINE ( 'NONE', #2815, #8845 ) ;
#10561 = ORIENTED_EDGE ( 'NONE', *, *, #2483, .F. ) ;
#10562 = DIRECTION ( 'NONE',  ( -0.0000000000000000000, 1.000000000000000000, -0.0000000000000000000 ) ) ;
#10563 = CARTESIAN_POINT ( 'NONE',  ( 0.4649999999999999700, -4.224999999999999600, -1.300000000000000300 ) ) ;
#10564 = EDGE_CURVE ( 'NONE', #2053, #9991, #9509, .T. ) ;
#10565 = ORIENTED_EDGE ( 'NONE', *, *, #7046, .T. ) ;
#10566 = EDGE_CURVE ( 'NONE', #3190, #4225, #6436, .T. ) ;
#10567 = EDGE_LOOP ( 'NONE', ( #5027, #9277, #1188, #12301 ) ) ;
#10568 = AXIS2_PLACEMENT_3D ( 'NONE', #6808, #11686, #10770 ) ;
#10569 = VERTEX_POINT ( 'NONE', #4478 ) ;
#10570 = VECTOR ( 'NONE', #3973, 1000.000000000000000 ) ;
#10571 = DIRECTION ( 'NONE',  ( 0.0000000000000000000, 1.000000000000000000, 0.0000000000000000000 ) ) ;
#10572 = FACE_OUTER_BOUND ( 'NONE', #5543, .T. ) ;
#10573 = CARTESIAN_POINT ( 'NONE',  ( 0.5749999999999987300, 0.2750000000000003000, -0.2749999999999999700 ) ) ;
#10574 = EDGE_CURVE ( 'NONE', #10639, #911, #9662, .T. ) ;
#10575 = FACE_OUTER_BOUND ( 'NONE', #11002, .T. ) ;
#10576 = DIRECTION ( 'NONE',  ( 0.0000000000000000000, 0.0000000000000000000, 1.000000000000000000 ) ) ;
#10577 = ORIENTED_EDGE ( 'NONE', *, *, #7188, .T. ) ;
#10578 = LINE ( 'NONE', #4170, #6088 ) ;
#10579 = EDGE_CURVE ( 'NONE', #1632, #5317, #2871, .T. ) ;
#10580 = CARTESIAN_POINT ( 'NONE',  ( 6.870000000000000100, -2.225000000000000100, -0.5450000000000000400 ) ) ;
#10581 =( GEOMETRIC_REPRESENTATION_CONTEXT ( 3 ) GLOBAL_UNCERTAINTY_ASSIGNED_CONTEXT ( ( #11332 ) ) GLOBAL_UNIT_ASSIGNED_CONTEXT ( ( #3002, #11026, #2076 ) ) REPRESENTATION_CONTEXT ( 'NONE', 'WORKASPACE' ) );
#10582 = DIRECTION ( 'NONE',  ( 1.000000000000000000, 0.0000000000000000000, -0.0000000000000000000 ) ) ;
#10583 = DIRECTION ( 'NONE',  ( 0.0000000000000000000, 1.000000000000000000, 0.0000000000000000000 ) ) ;
#10584 = ORIENTED_EDGE ( 'NONE', *, *, #11047, .T. ) ;
#10585 = CARTESIAN_POINT ( 'NONE',  ( 0.7850000000000010300, -3.125000000000000000, -0.8499999999999999800 ) ) ;
#10586 = LINE ( 'NONE', #11199, #997 ) ;
#10587 = CARTESIAN_POINT ( 'NONE',  ( 6.349999999999999600, -0.02499999999999988700, -1.350000000000000100 ) ) ;
#10588 = LINE ( 'NONE', #4843, #8433 ) ;
#10589 = EDGE_CURVE ( 'NONE', #8994, #6033, #5495, .T. ) ;
#10590 = EDGE_LOOP ( 'NONE', ( #8674, #3744, #9405, #926 ) ) ;
#10591 = CARTESIAN_POINT ( 'NONE',  ( 9.090000000000001600, -3.125000000000000000, -1.300000000000000300 ) ) ;
#10592 = ORIENTED_EDGE ( 'NONE', *, *, #10986, .F. ) ;
#10593 = DIRECTION ( 'NONE',  ( 0.0000000000000000000, -1.000000000000000000, -0.0000000000000000000 ) ) ;
#10594 = ADVANCED_FACE ( 'NONE', ( #12136 ), #9474, .T. ) ;
#10595 = DIRECTION ( 'NONE',  ( 0.0000000000000000000, -1.000000000000000000, -0.0000000000000000000 ) ) ;
#10596 = DIRECTION ( 'NONE',  ( 1.000000000000000000, 0.0000000000000000000, 0.0000000000000000000 ) ) ;
#10597 = LINE ( 'NONE', #1637, #10290 ) ;
#10598 = CARTESIAN_POINT ( 'NONE',  ( 9.090000000000001600, -3.125000000000000000, -0.4250000000000000400 ) ) ;
#10599 = VECTOR ( 'NONE', #7580, 1000.000000000000000 ) ;
#10600 = CARTESIAN_POINT ( 'NONE',  ( -3.375000000000000000, -3.225000000000000100, 1.600000000000000100 ) ) ;
#10601 = FACE_OUTER_BOUND ( 'NONE', #10807, .T. ) ;
#10602 = EDGE_LOOP ( 'NONE', ( #12539, #11946, #4699, #4153 ) ) ;
#10603 = ORIENTED_EDGE ( 'NONE', *, *, #5486, .T. ) ;
#10604 = CARTESIAN_POINT ( 'NONE',  ( -2.964999999999999900, -3.125000000000000000, -0.8499999999999999800 ) ) ;
#10605 = AXIS2_PLACEMENT_3D ( 'NONE', #7402, #1483, #8407 ) ;
#10606 = LINE ( 'NONE', #2772, #561 ) ;
#10607 = VECTOR ( 'NONE', #372, 1000.000000000000000 ) ;
#10608 = ADVANCED_FACE ( 'NONE', ( #10442 ), #10379, .T. ) ;
#10609 = EDGE_CURVE ( 'NONE', #7534, #5607, #7802, .T. ) ;
#10610 = FACE_OUTER_BOUND ( 'NONE', #10944, .T. ) ;
#10611 = VERTEX_POINT ( 'NONE', #11596 ) ;
#10612 = PLANE ( 'NONE',  #10414 ) ;
#10613 = ORIENTED_EDGE ( 'NONE', *, *, #6072, .F. ) ;
#10614 = EDGE_LOOP ( 'NONE', ( #5887, #6217, #4445, #7295 ) ) ;
#10615 = CARTESIAN_POINT ( 'NONE',  ( 4.215000000000001600, -3.125000000000000000, -0.1000000000000000100 ) ) ;
#10616 = DIRECTION ( 'NONE',  ( 0.5773502691896266200, 0.5773502691896254000, -0.5773502691896251800 ) ) ;
#10617 = VECTOR ( 'NONE', #11803, 1000.000000000000000 ) ;
#10618 = LINE ( 'NONE', #7981, #1194 ) ;
#10619 = VECTOR ( 'NONE', #7741, 1000.000000000000000 ) ;
#10620 = CARTESIAN_POINT ( 'NONE',  ( -3.199999999999999700, -0.4749999999999999200, -1.200000000000000000 ) ) ;
#10621 = AXIS2_PLACEMENT_3D ( 'NONE', #1364, #7232, #1319 ) ;
#10622 = LINE ( 'NONE', #12739, #8912 ) ;
#10623 = ORIENTED_EDGE ( 'NONE', *, *, #6650, .T. ) ;
#10624 = EDGE_LOOP ( 'NONE', ( #11543, #140, #952, #12530 ) ) ;
#10625 = CARTESIAN_POINT ( 'NONE',  ( -2.035000000000000100, -4.224999999999999600, 1.600000000000000100 ) ) ;
#10626 = ORIENTED_EDGE ( 'NONE', *, *, #5101, .F. ) ;
#10627 = DIRECTION ( 'NONE',  ( -1.000000000000000000, -0.0000000000000000000, 0.0000000000000000000 ) ) ;
#10628 = CARTESIAN_POINT ( 'NONE',  ( -2.034999999999998800, -3.125000000000000000, -0.8499999999999999800 ) ) ;
#10629 = CARTESIAN_POINT ( 'NONE',  ( -2.964999999999999900, -3.775000000000000400, -0.4249999999999999900 ) ) ;
#10630 = EDGE_CURVE ( 'NONE', #816, #26, #7037, .T. ) ;
#10631 = VECTOR ( 'NONE', #11561, 1000.000000000000100 ) ;
#10632 = EDGE_CURVE ( 'NONE', #6902, #4180, #5183, .T. ) ;
#10633 = LINE ( 'NONE', #7615, #8001 ) ;
#10634 = LINE ( 'NONE', #9082, #9851 ) ;
#10635 = CARTESIAN_POINT ( 'NONE',  ( 4.214999999999999900, -0.2250000000000000600, -0.4749999999999999800 ) ) ;
#10636 = CARTESIAN_POINT ( 'NONE',  ( 6.099999999999999600, -2.034999999999999700, -0.6449999999999999100 ) ) ;
#10637 = EDGE_LOOP ( 'NONE', ( #8021, #6999, #3472, #8868 ) ) ;
#10638 = CLOSED_SHELL ( 'NONE', ( #5345, #4711, #7603, #9309, #4579, #4074, #5228, #3160, #2528, #1270, #485, #10906, #9987, #10846, #5218, #7213, #10715, #2428, #6416, #8559, #6313, #11644, #8371, #10324, #9031, #5553, #11940, #12212, #2030, #3523, #7675, #5994, #12501, #2955, #5636, #11057, #5095, #1207, #7149, #8714, #9381, #4640, #1470, #4463, #2571, #10490, #9485, #1519, #1185, #8837, #3993, #4134, #12610, #7018, #2497, #10608, #518, #1602, #10594, #4321, #866, #6466, #12367, #1903, #12350, #10143, #12089, #1398, #3015, #9354, #370, #8950, #5606, #7166, #9013, #11343, #7572, #3232, #8605, #4956, #5090, #6530, #12535, #11469, #9420, #2444, #9622, #2653, #3575, #1590, #3685, #616, #1277, #11533, #5570, #8003, #4338, #1557, #8770, #5015, #1538, #11258, #8461, #764, #6714, #749, #5358, #928, #2183, #5621, #1067, #6576, #11998, #287, #417, #2097, #2385, #3763, #10215, #7434, #160, #10197, #1616, #2636, #11389, #9494, #12227, #3353, #10062, #11693, #12289, #1648, #11582, #10360, #8061, #7987, #9177, #695, #3304, #5469, #3145, #10989, #1777, #9295, #2042, #686, #4185, #5497, #1840, #7380, #5794, #2510, #7352, #10425, #7369, #4449, #6606, #12074, #12484, #6252, #8272, #8530, #1339, #10269, #1328, #8212, #8662, #9512, #3212, #278, #12401, #12306, #6449, #6891, #6384, #2685, #7621, #9925, #7083, #6069, #9678, #1136, #10344, #5161, #5438, #2701, #10282, #12338, #12789, #6671, #8123, #12419, #5534, #8594, #10453, #7632, #7510, #3508, #145, #9103, #8397, #12551, #11406, #6132, #8544, #3657, #2718, #3440, #4403, #1195, #9452, #9225, #2624, #4386, #4833, #7100, #4481, #7421, #7540, #3937, #9861, #8066, #9635, #7304, #12469, #12141, #5286, #9737 ) ) ;
#10639 = VERTEX_POINT ( 'NONE', #12363 ) ;
#10640 = VERTEX_POINT ( 'NONE', #2775 ) ;
#10641 = CARTESIAN_POINT ( 'NONE',  ( 2.035000000000001000, -3.125000000000000000, -0.1000000000000000100 ) ) ;
#10642 = CARTESIAN_POINT ( 'NONE',  ( 6.349999999999999600, -0.02500000000000000100, -1.800000000000000300 ) ) ;
#10643 = VECTOR ( 'NONE', #3785, 1000.000000000000000 ) ;
#10644 = CARTESIAN_POINT ( 'NONE',  ( 5.299999999999999800, -3.125000000000000000, -1.100000000000000100 ) ) ;
#10645 = LINE ( 'NONE', #5149, #3418 ) ;
#10646 = VECTOR ( 'NONE', #9382, 1000.000000000000000 ) ;
#10647 = DIRECTION ( 'NONE',  ( -0.0000000000000000000, -0.0000000000000000000, 1.000000000000000000 ) ) ;
#10648 = ORIENTED_EDGE ( 'NONE', *, *, #10201, .F. ) ;
#10649 = ORIENTED_EDGE ( 'NONE', *, *, #6190, .T. ) ;
#10650 = EDGE_CURVE ( 'NONE', #8505, #2481, #6879, .T. ) ;
#10651 = ORIENTED_EDGE ( 'NONE', *, *, #8417, .F. ) ;
#10652 = VECTOR ( 'NONE', #5383, 1000.000000000000000 ) ;
#10653 = CARTESIAN_POINT ( 'NONE',  ( -0.4649999999999992500, -3.125000000000000000, -0.1000000000000000100 ) ) ;
#10654 = ADVANCED_FACE ( 'NONE', ( #7507 ), #2650, .T. ) ;
#10655 = FACE_OUTER_BOUND ( 'NONE', #6498, .T. ) ;
#10656 = VERTEX_POINT ( 'NONE', #10587 ) ;
#10657 = ORIENTED_EDGE ( 'NONE', *, *, #4626, .F. ) ;
#10658 = ORIENTED_EDGE ( 'NONE', *, *, #9258, .F. ) ;
#10659 = CARTESIAN_POINT ( 'NONE',  ( 9.090000000000001600, -3.115000000000000200, 0.0000000000000000000 ) ) ;
#10660 = EDGE_CURVE ( 'NONE', #5816, #5265, #2245, .T. ) ;
#10661 = LINE ( 'NONE', #12344, #6347 ) ;
#10662 = ORIENTED_EDGE ( 'NONE', *, *, #2331, .T. ) ;
#10663 = DIRECTION ( 'NONE',  ( -1.000000000000000000, -0.0000000000000000000, 0.0000000000000000000 ) ) ;
#10664 = EDGE_LOOP ( 'NONE', ( #6067, #3769, #7385, #6899 ) ) ;
#10665 = CARTESIAN_POINT ( 'NONE',  ( -1.714999999999999400, -3.125000000000000000, -0.8499999999999999800 ) ) ;
#10666 = DIRECTION ( 'NONE',  ( 0.0000000000000000000, 1.000000000000000000, 0.0000000000000000000 ) ) ;
#10667 = EDGE_LOOP ( 'NONE', ( #5333, #687, #11503, #12368 ) ) ;
#10668 = DIRECTION ( 'NONE',  ( -1.000000000000000000, 0.0000000000000000000, -0.0000000000000000000 ) ) ;
#10669 = ORIENTED_EDGE ( 'NONE', *, *, #11236, .T. ) ;
#10670 = ORIENTED_EDGE ( 'NONE', *, *, #2717, .F. ) ;
#10671 = VECTOR ( 'NONE', #4849, 1000.000000000000000 ) ;
#10672 = ORIENTED_EDGE ( 'NONE', *, *, #4888, .T. ) ;
#10673 = CARTESIAN_POINT ( 'NONE',  ( -2.035000000000000100, -3.125000000000000000, -0.4249999999999998800 ) ) ;
#10674 = DIRECTION ( 'NONE',  ( -0.0000000000000000000, 1.000000000000000000, 0.0000000000000000000 ) ) ;
#10675 = ORIENTED_EDGE ( 'NONE', *, *, #57, .F. ) ;
#10676 = CARTESIAN_POINT ( 'NONE',  ( -6.099999999999999600, -2.035000000000000100, -0.8850000000000000100 ) ) ;
#10677 = CARTESIAN_POINT ( 'NONE',  ( 3.374999999999999600, -3.225000000000000100, 1.100000000000000100 ) ) ;
#10678 = DIRECTION ( 'NONE',  ( 1.000000000000000000, -0.0000000000000000000, 0.0000000000000000000 ) ) ;
#10680 = EDGE_CURVE ( 'NONE', #8484, #810, #11821, .T. ) ;
#10679 = ORIENTED_EDGE ( 'NONE', *, *, #11380, .T. ) ;
#10681 = ORIENTED_EDGE ( 'NONE', *, *, #8916, .T. ) ;
#10682 = VECTOR ( 'NONE', #3316, 1000.000000000000000 ) ;
#10683 = VECTOR ( 'NONE', #3505, 1000.000000000000000 ) ;
#10684 = VERTEX_POINT ( 'NONE', #9669 ) ;
#10685 = EDGE_LOOP ( 'NONE', ( #5459, #3475, #2035, #9580 ) ) ;
#10686 = EDGE_CURVE ( 'NONE', #8110, #12553, #12754, .T. ) ;
#10687 = CARTESIAN_POINT ( 'NONE',  ( 2.035000000000000100, -3.924999999999999800, -0.5749999999999999600 ) ) ;
#10688 = DIRECTION ( 'NONE',  ( 0.7071067811865474600, -0.7071067811865474600, 0.0000000000000000000 ) ) ;
#10689 = VERTEX_POINT ( 'NONE', #10629 ) ;
#10690 = EDGE_LOOP ( 'NONE', ( #4749, #12661, #10083, #4451 ) ) ;
#10691 = VECTOR ( 'NONE', #3837, 1000.000000000000000 ) ;
#10692 = FACE_OUTER_BOUND ( 'NONE', #2419, .T. ) ;
#10693 = EDGE_LOOP ( 'NONE', ( #8546, #1378, #5447, #5127 ) ) ;
#10694 = DIRECTION ( 'NONE',  ( 0.9766444667050946400, 0.2148617826750988400, 0.0000000000000000000 ) ) ;
#10695 = ORIENTED_EDGE ( 'NONE', *, *, #1652, .T. ) ;
#10696 = VERTEX_POINT ( 'NONE', #4762 ) ;
#10697 = EDGE_CURVE ( 'NONE', #3998, #52, #11531, .T. ) ;
#10698 = DIRECTION ( 'NONE',  ( -0.0000000000000000000, 0.0000000000000000000, -1.000000000000000000 ) ) ;
#10699 = PLANE ( 'NONE',  #10147 ) ;
#10700 = EDGE_CURVE ( 'NONE', #10333, #9884, #2416, .T. ) ;
#10701 = ORIENTED_EDGE ( 'NONE', *, *, #11043, .T. ) ;
#10702 = CARTESIAN_POINT ( 'NONE',  ( 0.4650000000000018600, -3.125000000000000000, -0.8499999999999999800 ) ) ;
#10703 = COLOUR_RGB ( '',0.7921568627450980000, 0.8196078431372548800, 0.9333333333333333500 ) ;
#10704 = LINE ( 'NONE', #10745, #11501 ) ;
#10705 = CARTESIAN_POINT ( 'NONE',  ( 6.539999999999999100, -2.225000000000000100, -0.7699999999999999100 ) ) ;
#10706 = CARTESIAN_POINT ( 'NONE',  ( 5.875000000000000000, -3.225000000000000100, -1.800000000000000300 ) ) ;
#10707 = DIRECTION ( 'NONE',  ( 0.0000000000000000000, 1.000000000000000000, -0.0000000000000000000 ) ) ;
#10708 = VERTEX_POINT ( 'NONE', #12542 ) ;
#10709 = DIRECTION ( 'NONE',  ( 0.7071067811865475700, 0.7071067811865475700, 0.0000000000000000000 ) ) ;
#10710 = DIRECTION ( 'NONE',  ( 0.0000000000000000000, 0.0000000000000000000, -1.000000000000000000 ) ) ;
#10711 = AXIS2_PLACEMENT_3D ( 'NONE', #5806, #10437, #9521 ) ;
#10712 = DIRECTION ( 'NONE',  ( -0.0000000000000000000, -0.0000000000000000000, -1.000000000000000000 ) ) ;
#10713 = ORIENTED_EDGE ( 'NONE', *, *, #633, .T. ) ;
#10714 = FACE_OUTER_BOUND ( 'NONE', #1975, .T. ) ;
#10715 = ADVANCED_FACE ( 'NONE', ( #8871 ), #6668, .F. ) ;
#10716 = CARTESIAN_POINT ( 'NONE',  ( -0.7849999999999983700, -1.975000000000000100, -0.8499999999999999800 ) ) ;
#10718 = EDGE_CURVE ( 'NONE', #3253, #12045, #1323, .T. ) ;
#10717 = ORIENTED_EDGE ( 'NONE', *, *, #5039, .F. ) ;
#10719 = VECTOR ( 'NONE', #925, 1000.000000000000000 ) ;
#10720 = VECTOR ( 'NONE', #310, 1000.000000000000000 ) ;
#10721 = CARTESIAN_POINT ( 'NONE',  ( -5.875000000000000000, 0.5749999999999999600, -1.800000000000000300 ) ) ;
#10722 = EDGE_CURVE ( 'NONE', #7172, #9172, #4113, .T. ) ;
#10723 = CARTESIAN_POINT ( 'NONE',  ( 4.215000000000001600, -0.2250000000000002600, -0.8500000000000000900 ) ) ;
#10724 = AXIS2_PLACEMENT_3D ( 'NONE', #6041, #12087, #109 ) ;
#10725 = VERTEX_POINT ( 'NONE', #4688 ) ;
#10726 = DIRECTION ( 'NONE',  ( -1.000000000000000000, 0.0000000000000000000, -0.0000000000000000000 ) ) ;
#10727 = DIRECTION ( 'NONE',  ( 0.0000000000000000000, 1.000000000000000000, -0.0000000000000000000 ) ) ;
#10728 = ORIENTED_EDGE ( 'NONE', *, *, #5917, .F. ) ;
#10729 = VECTOR ( 'NONE', #12385, 1000.000000000000000 ) ;
#10730 = VECTOR ( 'NONE', #6868, 1000.000000000000000 ) ;
#10731 = DIRECTION ( 'NONE',  ( -0.0000000000000000000, 1.000000000000000000, -0.0000000000000000000 ) ) ;
#10732 = ORIENTED_EDGE ( 'NONE', *, *, #6846, .T. ) ;
#10733 = VECTOR ( 'NONE', #8250, 1000.000000000000000 ) ;
#10734 = EDGE_CURVE ( 'NONE', #11855, #2053, #9963, .T. ) ;
#10735 = PLANE ( 'NONE',  #7094 ) ;
#10736 = LINE ( 'NONE', #1667, #9419 ) ;
#10737 = VERTEX_POINT ( 'NONE', #2604 ) ;
#10738 = EDGE_CURVE ( 'NONE', #10611, #11117, #9033, .T. ) ;
#10739 = LINE ( 'NONE', #5236, #2715 ) ;
#10740 = LINE ( 'NONE', #6150, #4582 ) ;
#10741 = CARTESIAN_POINT ( 'NONE',  ( 0.0000000000000000000, -0.1749999999999999900, 1.600000000000000100 ) ) ;
#10742 = ORIENTED_EDGE ( 'NONE', *, *, #8011, .F. ) ;
#10743 = ORIENTED_EDGE ( 'NONE', *, *, #11146, .F. ) ;
#10744 = PLANE ( 'NONE',  #907 ) ;
#10745 = CARTESIAN_POINT ( 'NONE',  ( -4.214999999999999900, -3.924999999999999800, -1.300000000000000300 ) ) ;
#10746 = CARTESIAN_POINT ( 'NONE',  ( 2.035000000000000100, -3.125000000000000000, -1.300000000000000300 ) ) ;
#10747 = FACE_OUTER_BOUND ( 'NONE', #11613, .T. ) ;
#10748 = EDGE_CURVE ( 'NONE', #5893, #5728, #3820, .T. ) ;
#10749 = COLOUR_RGB ( '',0.7921568627450980000, 0.8196078431372548800, 0.9333333333333333500 ) ;
#10750 = CARTESIAN_POINT ( 'NONE',  ( 1.715000000000002100, -3.125000000000000000, -0.1000000000000000100 ) ) ;
#10751 = CIRCLE ( 'NONE', #5684, 0.2000000000000000900 ) ;
#10752 = ORIENTED_EDGE ( 'NONE', *, *, #4804, .T. ) ;
#10753 = MANIFOLD_SOLID_BREP ( 'Boss-Extrude1', #10638 ) ;
#10754 = ORIENTED_EDGE ( 'NONE', *, *, #8657, .F. ) ;
#10755 = PLANE ( 'NONE',  #3535 ) ;
#10756 = ORIENTED_EDGE ( 'NONE', *, *, #1898, .F. ) ;
#10757 = CARTESIAN_POINT ( 'NONE',  ( -5.175000000000000700, 0.9749999999999999800, -1.800000000000000300 ) ) ;
#10758 = DIRECTION ( 'NONE',  ( 0.0000000000000000000, -0.9438583563660173400, 0.3303504247281061100 ) ) ;
#10759 = DIRECTION ( 'NONE',  ( 1.000000000000000000, 0.0000000000000000000, 0.0000000000000000000 ) ) ;
#10760 = LINE ( 'NONE', #11284, #4455 ) ;
#10761 = FACE_OUTER_BOUND ( 'NONE', #9317, .T. ) ;
#10762 = ORIENTED_EDGE ( 'NONE', *, *, #11426, .T. ) ;
#10763 = DIRECTION ( 'NONE',  ( -1.000000000000000000, 0.0000000000000000000, -0.0000000000000000000 ) ) ;
#10764 = VECTOR ( 'NONE', #6260, 1000.000000000000000 ) ;
#10765 = ORIENTED_EDGE ( 'NONE', *, *, #8154, .F. ) ;
#10766 = EDGE_LOOP ( 'NONE', ( #9918, #1046, #4940, #7558, #6038, #6434, #4190, #3446, #5614, #7425, #4650, #8220, #3924, #7521, #12545, #11007, #12671, #12641, #4388, #544, #3116, #898, #3603, #12057, #9826, #10467, #6499, #6160, #1423, #9791, #8388, #8949, #787, #5346, #1301, #2978, #5209, #7893, #739, #8526, #9921, #6219, #12016, #11912 ) ) ;
#10767 = CARTESIAN_POINT ( 'NONE',  ( -4.535000000000000100, -4.224999999999999600, -1.600000000000000100 ) ) ;
#10768 = ORIENTED_EDGE ( 'NONE', *, *, #9648, .T. ) ;
#10769 = AXIS2_PLACEMENT_3D ( 'NONE', #10864, #7965, #3016 ) ;
#10770 = DIRECTION ( 'NONE',  ( 0.0000000000000000000, 0.0000000000000000000, 1.000000000000000000 ) ) ;
#10771 = EDGE_CURVE ( 'NONE', #9090, #1361, #2079, .T. ) ;
#10772 = VECTOR ( 'NONE', #1221, 1000.000000000000000 ) ;
#10773 = VECTOR ( 'NONE', #5359, 1000.000000000000000 ) ;
#10774 = CARTESIAN_POINT ( 'NONE',  ( 4.924999999999999800, -0.1749999999999999900, 1.600000000000000100 ) ) ;
#10775 = FACE_OUTER_BOUND ( 'NONE', #2752, .T. ) ;
#10776 = ADVANCED_FACE ( 'NONE', ( #3171 ), #6788, .T. ) ;
#10777 = LINE ( 'NONE', #3985, #3994 ) ;
#10778 = ORIENTED_EDGE ( 'NONE', *, *, #978, .T. ) ;
#10779 = CARTESIAN_POINT ( 'NONE',  ( 4.214999999999999900, -3.775000000000000400, -0.4249999999999999300 ) ) ;
#10780 = ORIENTED_EDGE ( 'NONE', *, *, #1343, .F. ) ;
#10781 = VERTEX_POINT ( 'NONE', #986 ) ;
#10782 = DIRECTION ( 'NONE',  ( 1.000000000000000000, 0.0000000000000000000, -0.0000000000000000000 ) ) ;
#10783 = LINE ( 'NONE', #5622, #5547 ) ;
#10784 = CIRCLE ( 'NONE', #927, 0.2000000000000000900 ) ;
#10785 = CARTESIAN_POINT ( 'NONE',  ( -5.375000000000000000, 0.0000000000000000000, 1.600000000000000100 ) ) ;
#10786 = AXIS2_PLACEMENT_3D ( 'NONE', #10702, #5707, #12620 ) ;
#10787 = LINE ( 'NONE', #7096, #10012 ) ;
#10788 = DIRECTION ( 'NONE',  ( 1.000000000000000000, 0.0000000000000000000, 0.0000000000000000000 ) ) ;
#10789 = FACE_OUTER_BOUND ( 'NONE', #7951, .T. ) ;
#10790 = CARTESIAN_POINT ( 'NONE',  ( 5.375000000000000000, -3.125000000000000000, -1.010638308524999900 ) ) ;
#10791 = CARTESIAN_POINT ( 'NONE',  ( 6.540000000000000000, -2.025000000000000400, -0.5700000000000001700 ) ) ;
#10792 = VECTOR ( 'NONE', #8443, 1000.000000000000000 ) ;
#10793 = EDGE_LOOP ( 'NONE', ( #2843, #3632, #9472, #1303 ) ) ;
#10794 = EDGE_CURVE ( 'NONE', #5227, #5857, #11213, .T. ) ;
#10795 = CARTESIAN_POINT ( 'NONE',  ( -4.299999999999999800, -0.4749999999999999200, -1.600000000000000100 ) ) ;
#10796 = CARTESIAN_POINT ( 'NONE',  ( -5.174999999999999800, -0.4749999999999999200, -1.600000000000000100 ) ) ;
#10797 = ORIENTED_EDGE ( 'NONE', *, *, #11151, .F. ) ;
#10798 = FACE_OUTER_BOUND ( 'NONE', #1831, .T. ) ;
#10799 = EDGE_CURVE ( 'NONE', #8658, #5601, #5483, .T. ) ;
#10800 = LINE ( 'NONE', #9877, #5247 ) ;
#10801 = CARTESIAN_POINT ( 'NONE',  ( 2.965000000000002500, -3.125000000000000000, -0.8499999999999999800 ) ) ;
#10802 = FACE_OUTER_BOUND ( 'NONE', #73, .T. ) ;
#10803 = CARTESIAN_POINT ( 'NONE',  ( 4.425000000000001600, 0.2750000000000002400, -0.6750000000000000400 ) ) ;
#10804 = CARTESIAN_POINT ( 'NONE',  ( 6.869999999999999200, -0.02499999999999992200, -0.5450000000000001500 ) ) ;
#10805 = ORIENTED_EDGE ( 'NONE', *, *, #7611, .T. ) ;
#10806 = EDGE_LOOP ( 'NONE', ( #2600, #9300, #12100, #7671, #10990, #4155, #1231, #6871, #877 ) ) ;
#10807 = EDGE_LOOP ( 'NONE', ( #738, #4243, #8005, #1431, #11410, #3166 ) ) ;
#10808 = DIRECTION ( 'NONE',  ( 1.000000000000000000, 0.0000000000000000000, 0.0000000000000000000 ) ) ;
#10809 = AXIS2_PLACEMENT_3D ( 'NONE', #10227, #8293, #2365 ) ;
#10810 = CARTESIAN_POINT ( 'NONE',  ( 0.4650000000000000200, -3.225000000000000100, -0.4249999999999998200 ) ) ;
#10811 = ORIENTED_EDGE ( 'NONE', *, *, #10812, .F. ) ;
#10812 = EDGE_CURVE ( 'NONE', #1726, #4541, #12291, .T. ) ;
#10813 = DIRECTION ( 'NONE',  ( 0.0000000000000000000, -0.0000000000000000000, -1.000000000000000000 ) ) ;
#10814 = DIRECTION ( 'NONE',  ( -1.000000000000000000, 0.0000000000000000000, -0.0000000000000000000 ) ) ;
#10815 = EDGE_LOOP ( 'NONE', ( #2173, #2567, #7817, #9112 ) ) ;
#10816 = DIRECTION ( 'NONE',  ( -1.000000000000000000, -0.0000000000000000000, -0.0000000000000000000 ) ) ;
#10817 = EDGE_CURVE ( 'NONE', #5436, #10689, #10588, .T. ) ;
#10818 = ORIENTED_EDGE ( 'NONE', *, *, #5262, .T. ) ;
#10819 = ORIENTED_EDGE ( 'NONE', *, *, #9655, .T. ) ;
#10820 = ORIENTED_EDGE ( 'NONE', *, *, #11891, .T. ) ;
#10821 = AXIS2_PLACEMENT_3D ( 'NONE', #11790, #10709, #669 ) ;
#10822 = VECTOR ( 'NONE', #6048, 1000.000000000000000 ) ;
#10823 = DIRECTION ( 'NONE',  ( 1.000000000000000000, 0.0000000000000000000, 0.0000000000000000000 ) ) ;
#10824 = ORIENTED_EDGE ( 'NONE', *, *, #9342, .T. ) ;
#10825 = DIRECTION ( 'NONE',  ( 0.0000000000000000000, 0.0000000000000000000, -1.000000000000000000 ) ) ;
#10826 = VERTEX_POINT ( 'NONE', #1810 ) ;
#10827 = ORIENTED_EDGE ( 'NONE', *, *, #2975, .F. ) ;
#10828 = CARTESIAN_POINT ( 'NONE',  ( 1.715000000000002100, -3.125000000000000000, -0.1000000000000000100 ) ) ;
#10829 = EDGE_CURVE ( 'NONE', #2777, #12495, #3811, .T. ) ;
#10830 = VERTEX_POINT ( 'NONE', #12826 ) ;
#10831 = ORIENTED_EDGE ( 'NONE', *, *, #6283, .T. ) ;
#10832 = VECTOR ( 'NONE', #395, 1000.000000000000000 ) ;
#10833 = FACE_OUTER_BOUND ( 'NONE', #3974, .T. ) ;
#10834 = CARTESIAN_POINT ( 'NONE',  ( -6.550000000000000700, -2.225000000000000100, -1.350000000000000100 ) ) ;
#10835 = ORIENTED_EDGE ( 'NONE', *, *, #9024, .F. ) ;
#10836 = DIRECTION ( 'NONE',  ( 0.0000000000000000000, 0.0000000000000000000, -1.000000000000000000 ) ) ;
#10837 = EDGE_LOOP ( 'NONE', ( #9118, #12029, #5745, #1120 ) ) ;
#10838 = ORIENTED_EDGE ( 'NONE', *, *, #10986, .T. ) ;
#10839 = CARTESIAN_POINT ( 'NONE',  ( -3.175000000000000700, 0.2750000000000003000, -0.6750000000000000400 ) ) ;
#10840 = PLANE ( 'NONE',  #4603 ) ;
#10841 = EDGE_LOOP ( 'NONE', ( #8988, #5477, #2181, #1189, #3095, #11397, #10107, #1755, #4574, #3254, #5412, #3591, #7228, #2161, #2047, #4012 ) ) ;
#10842 = ORIENTED_EDGE ( 'NONE', *, *, #962, .T. ) ;
#10843 = VECTOR ( 'NONE', #12098, 1000.000000000000000 ) ;
#10844 = CARTESIAN_POINT ( 'NONE',  ( -6.550000000000000700, -0.02499999999999988700, -1.800000000000000300 ) ) ;
#10845 = LINE ( 'NONE', #1006, #8239 ) ;
#10846 = ADVANCED_FACE ( 'NONE', ( #10433, #7792 ), #3946, .T. ) ;
#10847 = CARTESIAN_POINT ( 'NONE',  ( -2.965000000000000300, -3.924999999999999800, -1.300000000000000300 ) ) ;
#10848 = ORIENTED_EDGE ( 'NONE', *, *, #1614, .F. ) ;
#10849 = PLANE ( 'NONE',  #38 ) ;
#10850 = CARTESIAN_POINT ( 'NONE',  ( 3.285000000000000100, -4.224999999999999600, 1.600000000000000100 ) ) ;
#10851 = CARTESIAN_POINT ( 'NONE',  ( -4.299999999999999800, -1.625000000000000200, -1.600000000000000100 ) ) ;
#10852 = DIRECTION ( 'NONE',  ( 0.0000000000000000000, -1.000000000000000000, 0.0000000000000000000 ) ) ;
#10853 = CARTESIAN_POINT ( 'NONE',  ( -0.4649999999999992500, -1.975000000000000100, -0.8499999999999999800 ) ) ;
#10854 = EDGE_CURVE ( 'NONE', #1726, #6185, #3019, .T. ) ;
#10855 = CARTESIAN_POINT ( 'NONE',  ( 4.214999999999999900, -4.224999999999999600, -1.600000000000000100 ) ) ;
#10856 = VERTEX_POINT ( 'NONE', #12741 ) ;
#10857 = FACE_OUTER_BOUND ( 'NONE', #3486, .T. ) ;
#10858 = CIRCLE ( 'NONE', #6770, 0.2000000000000000900 ) ;
#10859 = ORIENTED_EDGE ( 'NONE', *, *, #6724, .T. ) ;
#10860 = EDGE_CURVE ( 'NONE', #5752, #4644, #2554, .T. ) ;
#10861 = ORIENTED_EDGE ( 'NONE', *, *, #9648, .F. ) ;
#10862 = CARTESIAN_POINT ( 'NONE',  ( -2.964999999999999900, -3.125000000000000000, -0.1000000000000000100 ) ) ;
#10863 = VERTEX_POINT ( 'NONE', #10791 ) ;
#10864 = CARTESIAN_POINT ( 'NONE',  ( 6.450000000000000200, -2.225000000000000100, -0.6450000000000000200 ) ) ;
#10865 = FACE_OUTER_BOUND ( 'NONE', #7413, .T. ) ;
#10866 = VECTOR ( 'NONE', #9549, 1000.000000000000100 ) ;
#10867 = EDGE_CURVE ( 'NONE', #11608, #231, #543, .T. ) ;
#10868 = CARTESIAN_POINT ( 'NONE',  ( -5.875000000000000000, -2.225000000000000500, 0.9000000000000002400 ) ) ;
#10869 = AXIS2_PLACEMENT_3D ( 'NONE', #8051, #4782, #12676 ) ;
#10870 = EDGE_CURVE ( 'NONE', #3364, #2777, #5339, .T. ) ;
#10871 = DIRECTION ( 'NONE',  ( 0.0000000000000000000, -1.000000000000000000, -0.0000000000000000000 ) ) ;
#10872 = CARTESIAN_POINT ( 'NONE',  ( -6.349999999999999600, -2.225000000000000100, -0.6450000000000000200 ) ) ;
#10873 = PLANE ( 'NONE',  #4556 ) ;
#10874 = LINE ( 'NONE', #11179, #2700 ) ;
#10875 = CARTESIAN_POINT ( 'NONE',  ( 4.535000000000000100, -3.924999999999999800, 1.600000000000000100 ) ) ;
#10876 = ORIENTED_EDGE ( 'NONE', *, *, #1671, .T. ) ;
#10877 = VECTOR ( 'NONE', #5444, 1000.000000000000000 ) ;
#10878 = LINE ( 'NONE', #11929, #7640 ) ;
#10879 = CARTESIAN_POINT ( 'NONE',  ( 7.375000000000000900, 0.5749999999999999600, -1.000000000000000000 ) ) ;
#10880 = DIRECTION ( 'NONE',  ( 1.000000000000000000, 0.0000000000000000000, 0.0000000000000000000 ) ) ;
#10881 = CARTESIAN_POINT ( 'NONE',  ( -6.870000000000000100, -2.225000000000000100, -0.2949999999999999800 ) ) ;
#10882 = CARTESIAN_POINT ( 'NONE',  ( -5.575000000000000200, -1.975000000000000100, -0.4500000000000001200 ) ) ;
#10883 = EDGE_CURVE ( 'NONE', #1857, #3831, #838, .T. ) ;
#10884 = VERTEX_POINT ( 'NONE', #6829 ) ;
#10885 = PLANE ( 'NONE',  #8980 ) ;
#10886 = LINE ( 'NONE', #10155, #5182 ) ;
#10887 = PLANE ( 'NONE',  #5478 ) ;
#10888 = DIRECTION ( 'NONE',  ( -1.000000000000000000, 0.0000000000000000000, 0.0000000000000000000 ) ) ;
#10889 = VECTOR ( 'NONE', #9704, 1000.000000000000100 ) ;
#10890 = ORIENTED_EDGE ( 'NONE', *, *, #6921, .T. ) ;
#10891 = EDGE_CURVE ( 'NONE', #8352, #4943, #8107, .T. ) ;
#10892 = DIRECTION ( 'NONE',  ( -0.0000000000000000000, 0.0000000000000000000, 1.000000000000000000 ) ) ;
#10893 = PLANE ( 'NONE',  #7903 ) ;
#10894 = DIRECTION ( 'NONE',  ( -0.0000000000000000000, -0.0000000000000000000, -1.000000000000000000 ) ) ;
#10895 = VERTEX_POINT ( 'NONE', #5954 ) ;
#10896 = LINE ( 'NONE', #12126, #9958 ) ;
#10897 = CARTESIAN_POINT ( 'NONE',  ( 3.899999999999999900, -0.4749999999999999800, -1.600000000000000100 ) ) ;
#10898 = AXIS2_PLACEMENT_3D ( 'NONE', #6195, #3264, #7267 ) ;
#10899 = VECTOR ( 'NONE', #4101, 1000.000000000000000 ) ;
#10900 = CARTESIAN_POINT ( 'NONE',  ( -6.339999999999999900, -1.075000000000000000, -0.7700000000000002400 ) ) ;
#10901 = FACE_OUTER_BOUND ( 'NONE', #6345, .T. ) ;
#10902 = EDGE_CURVE ( 'NONE', #241, #2327, #4100, .T. ) ;
#10903 = ORIENTED_EDGE ( 'NONE', *, *, #8875, .F. ) ;
#10904 = DIRECTION ( 'NONE',  ( -0.0000000000000000000, 1.000000000000000000, 0.0000000000000000000 ) ) ;
#10905 = ORIENTED_EDGE ( 'NONE', *, *, #7785, .T. ) ;
#10906 = ADVANCED_FACE ( 'NONE', ( #5172 ), #11052, .F. ) ;
#10907 = EDGE_CURVE ( 'NONE', #3669, #10708, #12743, .T. ) ;
#10908 = LINE ( 'NONE', #8920, #2878 ) ;
#10909 = CARTESIAN_POINT ( 'NONE',  ( -3.375000000000000000, 0.0000000000000000000, 1.600000000000000100 ) ) ;
#10910 = PRESENTATION_STYLE_ASSIGNMENT (( #2362 ) ) ;
#10911 = LINE ( 'NONE', #6315, #10149 ) ;
#10912 = CARTESIAN_POINT ( 'NONE',  ( -5.875000000000000000, -2.225000000000000100, -1.500000000000000000 ) ) ;
#10913 = ORIENTED_EDGE ( 'NONE', *, *, #1085, .T. ) ;
#10914 = MANIFOLD_SOLID_BREP ( 'Cut-Extrude1[9]', #12245 ) ;
#10915 = ADVANCED_FACE ( 'NONE', ( #7022 ), #7160, .T. ) ;
#10916 = ORIENTED_EDGE ( 'NONE', *, *, #11894, .F. ) ;
#10917 =( LENGTH_UNIT ( ) NAMED_UNIT ( * ) SI_UNIT ( .MILLI., .METRE. ) );
#10918 = VERTEX_POINT ( 'NONE', #12038 ) ;
#10919 = CARTESIAN_POINT ( 'NONE',  ( -0.7850000000000000300, -3.225000000000000100, -1.300000000000000300 ) ) ;
#10920 = CARTESIAN_POINT ( 'NONE',  ( -0.5749999999999974000, 0.2750000000000006300, -0.2750000000000000200 ) ) ;
#10921 = DIRECTION ( 'NONE',  ( -0.0000000000000000000, 1.000000000000000000, -0.0000000000000000000 ) ) ;
#10922 = CARTESIAN_POINT ( 'NONE',  ( -0.7849999999999983700, -4.208005078473780400, -0.8499999999999999800 ) ) ;
#10923 = DIRECTION ( 'NONE',  ( 0.0000000000000000000, 1.000000000000000000, 0.0000000000000000000 ) ) ;
#10924 = LINE ( 'NONE', #214, #6152 ) ;
#10925 = FACE_OUTER_BOUND ( 'NONE', #1897, .T. ) ;
#10926 = EDGE_CURVE ( 'NONE', #7592, #9459, #11669, .T. ) ;
#10927 = VECTOR ( 'NONE', #9479, 1000.000000000000000 ) ;
#10928 = DIRECTION ( 'NONE',  ( 0.0000000000000000000, 0.0000000000000000000, -1.000000000000000000 ) ) ;
#10929 = VECTOR ( 'NONE', #10627, 1000.000000000000000 ) ;
#10930 = VERTEX_POINT ( 'NONE', #11015 ) ;
#10931 = CARTESIAN_POINT ( 'NONE',  ( -5.174999999999999800, -2.225000000000000100, -1.800000000000000300 ) ) ;
#10932 = VERTEX_POINT ( 'NONE', #1066 ) ;
#10933 = ORIENTED_EDGE ( 'NONE', *, *, #7626, .F. ) ;
#10934 = CARTESIAN_POINT ( 'NONE',  ( -6.875000000000000000, -2.025000000000000400, -1.500000000000000200 ) ) ;
#10935 = DIRECTION ( 'NONE',  ( -0.7071067811865479100, 0.0000000000000000000, 0.7071067811865472400 ) ) ;
#10936 = CARTESIAN_POINT ( 'NONE',  ( -5.174999999999999800, 0.9749999999999999800, -1.800000000000000300 ) ) ;
#10937 = DIRECTION ( 'NONE',  ( 0.0000000000000000000, -1.000000000000000000, 0.0000000000000000000 ) ) ;
#10938 = VECTOR ( 'NONE', #12550, 1000.000000000000000 ) ;
#10939 = LINE ( 'NONE', #4434, #6314 ) ;
#10940 = CARTESIAN_POINT ( 'NONE',  ( 2.125000000000000000, -2.625000000000000000, 1.600000000000000100 ) ) ;
#10941 = LINE ( 'NONE', #1322, #1216 ) ;
#10942 = AXIS2_PLACEMENT_3D ( 'NONE', #83, #10808, #9889 ) ;
#10943 = LINE ( 'NONE', #3670, #2924 ) ;
#10944 = EDGE_LOOP ( 'NONE', ( #9979, #9583, #784, #11607 ) ) ;
#10945 = ORIENTED_EDGE ( 'NONE', *, *, #11342, .T. ) ;
#10946 = ORIENTED_EDGE ( 'NONE', *, *, #5198, .F. ) ;
#10947 = DIRECTION ( 'NONE',  ( -0.8320502943378437200, 0.5547001962252291500, 0.0000000000000000000 ) ) ;
#10948 = EDGE_CURVE ( 'NONE', #6743, #8533, #1472, .T. ) ;
#10949 = FACE_OUTER_BOUND ( 'NONE', #2482, .T. ) ;
#10950 = AXIS2_PLACEMENT_3D ( 'NONE', #5474, #11403, #6390 ) ;
#10951 = FACE_OUTER_BOUND ( 'NONE', #1804, .T. ) ;
#10952 = PLANE ( 'NONE',  #9025 ) ;
#10953 = LINE ( 'NONE', #4007, #2771 ) ;
#10954 = CARTESIAN_POINT ( 'NONE',  ( -5.275000000000000400, -1.975000000000000100, -1.200000000000000000 ) ) ;
#10955 = ORIENTED_EDGE ( 'NONE', *, *, #9153, .F. ) ;
#10956 = VERTEX_POINT ( 'NONE', #9957 ) ;
#10957 = VERTEX_POINT ( 'NONE', #10920 ) ;
#10958 = DIRECTION ( 'NONE',  ( -0.0000000000000000000, 1.000000000000000000, 0.0000000000000000000 ) ) ;
#10959 = ORIENTED_EDGE ( 'NONE', *, *, #10078, .F. ) ;
#10960 = DIRECTION ( 'NONE',  ( 0.0000000000000000000, -1.000000000000000000, -0.0000000000000000000 ) ) ;
#10961 = CARTESIAN_POINT ( 'NONE',  ( -0.4650000000000000200, -4.025000000000000400, -1.800000000000000300 ) ) ;
#10962 = CARTESIAN_POINT ( 'NONE',  ( 5.910000000000000100, -2.225000000000000100, -0.06999999999999968700 ) ) ;
#10963 = CARTESIAN_POINT ( 'NONE',  ( -1.715000000000005400, -0.2250000000000012000, -0.8500000000000002000 ) ) ;
#10964 = PLANE ( 'NONE',  #11156 ) ;
#10965 = EDGE_CURVE ( 'NONE', #11748, #3620, #5949, .T. ) ;
#10966 = DIRECTION ( 'NONE',  ( -0.0000000000000000000, -0.0000000000000000000, -1.000000000000000000 ) ) ;
#10967 = DIRECTION ( 'NONE',  ( 1.000000000000000000, 0.0000000000000000000, 0.0000000000000000000 ) ) ;
#10968 = ORIENTED_EDGE ( 'NONE', *, *, #1986, .T. ) ;
#10969 = EDGE_LOOP ( 'NONE', ( #2668, #781, #10905, #1976 ) ) ;
#10970 = ORIENTED_EDGE ( 'NONE', *, *, #8477, .F. ) ;
#10971 = FACE_OUTER_BOUND ( 'NONE', #12777, .T. ) ;
#10972 = EDGE_CURVE ( 'NONE', #9533, #1752, #5644, .T. ) ;
#10973 = EDGE_LOOP ( 'NONE', ( #480, #110, #11667, #7906 ) ) ;
#10974 = CARTESIAN_POINT ( 'NONE',  ( -4.214999999999999900, -4.224999999999999600, -1.300000000000000300 ) ) ;
#10975 = ADVANCED_FACE ( 'NONE', ( #11661 ), #10964, .T. ) ;
#10976 = ORIENTED_EDGE ( 'NONE', *, *, #316, .F. ) ;
#10977 = DIRECTION ( 'NONE',  ( 0.0000000000000000000, 0.0000000000000000000, 1.000000000000000000 ) ) ;
#10978 = PLANE ( 'NONE',  #11684 ) ;
#10979 = CARTESIAN_POINT ( 'NONE',  ( -5.675000000000000700, -3.225000000000000100, -1.800000000000000300 ) ) ;
#10980 = ORIENTED_EDGE ( 'NONE', *, *, #6090, .T. ) ;
#10981 = AXIS2_PLACEMENT_3D ( 'NONE', #569, #11337, #2597 ) ;
#10982 = DIRECTION ( 'NONE',  ( 0.0000000000000000000, 0.0000000000000000000, 1.000000000000000000 ) ) ;
#10983 = CARTESIAN_POINT ( 'NONE',  ( 6.550000000000000700, -2.225000000000000100, -1.350000000000000100 ) ) ;
#10984 = ORIENTED_EDGE ( 'NONE', *, *, #3033, .F. ) ;
#10985 = VERTEX_POINT ( 'NONE', #5048 ) ;
#10986 = EDGE_CURVE ( 'NONE', #6953, #8373, #6718, .T. ) ;
#10987 = FACE_OUTER_BOUND ( 'NONE', #9689, .T. ) ;
#10988 = PLANE ( 'NONE',  #8729 ) ;
#10989 = ADVANCED_FACE ( 'NONE', ( #9940 ), #8115, .T. ) ;
#10990 = ORIENTED_EDGE ( 'NONE', *, *, #4045, .F. ) ;
#10991 = ORIENTED_EDGE ( 'NONE', *, *, #516, .T. ) ;
#10992 = EDGE_CURVE ( 'NONE', #9281, #2392, #12120, .T. ) ;
#10993 = ADVANCED_FACE ( 'NONE', ( #8716 ), #6183, .F. ) ;
#10994 = AXIS2_PLACEMENT_3D ( 'NONE', #1351, #172, #2250 ) ;
#10995 = DIRECTION ( 'NONE',  ( 0.0000000000000000000, -1.000000000000000000, -0.0000000000000000000 ) ) ;
#10996 = ORIENTED_EDGE ( 'NONE', *, *, #9880, .T. ) ;
#10997 = ORIENTED_EDGE ( 'NONE', *, *, #271, .F. ) ;
#10998 = FACE_OUTER_BOUND ( 'NONE', #11437, .T. ) ;
#10999 = LINE ( 'NONE', #5421, #8391 ) ;
#11000 = CARTESIAN_POINT ( 'NONE',  ( -6.349999999999999600, -2.035000000000000100, -0.7600000000000001200 ) ) ;
#11001 = CARTESIAN_POINT ( 'NONE',  ( 2.035000000000000100, -3.775000000000000400, -0.5749999999999999600 ) ) ;
#11002 = EDGE_LOOP ( 'NONE', ( #10754, #4378, #8638, #11903 ) ) ;
#11003 = VERTEX_POINT ( 'NONE', #7342 ) ;
#11004 = DIRECTION ( 'NONE',  ( 0.0000000000000000000, 0.0000000000000000000, 1.000000000000000000 ) ) ;
#11005 = EDGE_CURVE ( 'NONE', #3981, #5589, #1915, .T. ) ;
#11006 = DIRECTION ( 'NONE',  ( -0.0000000000000000000, 1.000000000000000000, 0.0000000000000000000 ) ) ;
#11007 = ORIENTED_EDGE ( 'NONE', *, *, #4609, .T. ) ;
#11008 = ORIENTED_EDGE ( 'NONE', *, *, #7388, .T. ) ;
#11009 = DIRECTION ( 'NONE',  ( 0.0000000000000000000, 0.0000000000000000000, 1.000000000000000000 ) ) ;
#11010 = LINE ( 'NONE', #9804, #11640 ) ;
#11011 = VECTOR ( 'NONE', #3047, 1000.000000000000000 ) ;
#11012 = CARTESIAN_POINT ( 'NONE',  ( -5.875000000000000000, -3.225000000000000100, 1.100000000000000100 ) ) ;
#11013 = ORIENTED_EDGE ( 'NONE', *, *, #6250, .F. ) ;
#11014 = CARTESIAN_POINT ( 'NONE',  ( 6.550000000000000700, -0.02499999999999984900, -1.350000000000000100 ) ) ;
#11015 = CARTESIAN_POINT ( 'NONE',  ( -2.965000000000002500, -0.2250000000000005900, -0.09999999999999985300 ) ) ;
#11016 = VERTEX_POINT ( 'NONE', #9920 ) ;
#11017 = DIRECTION ( 'NONE',  ( 0.0000000000000000000, 1.000000000000000000, 0.0000000000000000000 ) ) ;
#11018 = CARTESIAN_POINT ( 'NONE',  ( -5.910000000000000100, -2.225000000000000100, -1.500000000000000200 ) ) ;
#11019 = DIRECTION ( 'NONE',  ( 0.0000000000000000000, -0.0000000000000000000, -1.000000000000000000 ) ) ;
#11020 = CARTESIAN_POINT ( 'NONE',  ( 5.275000000000000400, -0.1750000000000000200, 1.399999999999999900 ) ) ;
#11021 = DIRECTION ( 'NONE',  ( -0.2033118901005039300, 0.9241449550023836900, 0.3234507342508327600 ) ) ;
#11022 = ORIENTED_EDGE ( 'NONE', *, *, #11069, .T. ) ;
#11023 = CARTESIAN_POINT ( 'NONE',  ( -2.964999999999999900, -3.225000000000000100, -0.9250000000000000400 ) ) ;
#11024 = LINE ( 'NONE', #4687, #1297 ) ;
#11025 = DIRECTION ( 'NONE',  ( -0.0000000000000000000, -0.0000000000000000000, 1.000000000000000000 ) ) ;
#11026 =( NAMED_UNIT ( * ) PLANE_ANGLE_UNIT ( ) SI_UNIT ( $, .RADIAN. ) );
#11027 = EDGE_LOOP ( 'NONE', ( #3663, #6687, #8659, #9345, #12386, #3697 ) ) ;
#11028 = DIRECTION ( 'NONE',  ( -1.000000000000000000, -0.0000000000000000000, -0.0000000000000000000 ) ) ;
#11029 = EDGE_CURVE ( 'NONE', #7571, #12443, #829, .T. ) ;
#11030 = AXIS2_PLACEMENT_3D ( 'NONE', #9676, #7577, #6754 ) ;
#11031 = DIRECTION ( 'NONE',  ( 1.000000000000000000, 0.0000000000000000000, 0.0000000000000000000 ) ) ;
#11032 = LINE ( 'NONE', #7156, #12276 ) ;
#11033 = ORIENTED_EDGE ( 'NONE', *, *, #4508, .F. ) ;
#11034 = LINE ( 'NONE', #4789, #3325 ) ;
#11035 = FACE_OUTER_BOUND ( 'NONE', #8168, .T. ) ;
#11036 = PLANE ( 'NONE',  #9782 ) ;
#11037 = CARTESIAN_POINT ( 'NONE',  ( 2.965000000000002500, -3.125000000000000000, -0.8499999999999999800 ) ) ;
#11038 = DIRECTION ( 'NONE',  ( 0.0000000000000000000, 1.000000000000000000, 0.0000000000000000000 ) ) ;
#11039 = DIRECTION ( 'NONE',  ( -0.2033118901005035200, 0.9241449550023836900, 0.3234507342508327600 ) ) ;
#11040 = ADVANCED_FACE ( 'NONE', ( #12442 ), #10278, .T. ) ;
#11041 = ORIENTED_EDGE ( 'NONE', *, *, #11814, .T. ) ;
#11042 = VECTOR ( 'NONE', #3021, 1000.000000000000000 ) ;
#11043 = EDGE_CURVE ( 'NONE', #4541, #4926, #9007, .T. ) ;
#11044 = DIRECTION ( 'NONE',  ( 0.0000000000000000000, 1.000000000000000000, 0.0000000000000000000 ) ) ;
#11045 = ORIENTED_EDGE ( 'NONE', *, *, #881, .F. ) ;
#11046 = LINE ( 'NONE', #3806, #8435 ) ;
#11047 = EDGE_CURVE ( 'NONE', #9818, #6955, #5328, .T. ) ;
#11048 = ADVANCED_FACE ( 'NONE', ( #3010 ), #6262, .T. ) ;
#11049 = DIRECTION ( 'NONE',  ( 0.0000000000000000000, 0.7071067811866975600, -0.7071067811863974700 ) ) ;
#11050 = DIRECTION ( 'NONE',  ( 0.0000000000000000000, -1.000000000000000000, 0.0000000000000000000 ) ) ;
#11051 = DIRECTION ( 'NONE',  ( 1.000000000000000000, 0.0000000000000000000, -0.0000000000000000000 ) ) ;
#11052 = PLANE ( 'NONE',  #8973 ) ;
#11053 = VECTOR ( 'NONE', #8517, 1000.000000000000000 ) ;
#11054 = EDGE_LOOP ( 'NONE', ( #7242, #11286, #3602, #4835, #6464 ) ) ;
#11055 = CARTESIAN_POINT ( 'NONE',  ( -5.174999999999999800, -3.224999999999999600, -1.600000000000000100 ) ) ;
#11056 = VECTOR ( 'NONE', #3313, 1000.000000000000000 ) ;
#11057 = ADVANCED_FACE ( 'NONE', ( #3949 ), #12223, .T. ) ;
#11058 = DIRECTION ( 'NONE',  ( 1.000000000000000000, 0.0000000000000000000, 0.0000000000000000000 ) ) ;
#11059 = VECTOR ( 'NONE', #10203, 1000.000000000000000 ) ;
#11060 = ORIENTED_EDGE ( 'NONE', *, *, #10293, .T. ) ;
#11061 = AXIS2_PLACEMENT_3D ( 'NONE', #4836, #4876, #4798 ) ;
#11062 = CARTESIAN_POINT ( 'NONE',  ( 4.300000000000000700, 0.9749999999999999800, -1.600000000000000100 ) ) ;
#11063 = EDGE_CURVE ( 'NONE', #297, #3429, #377, .T. ) ;
#11064 = CARTESIAN_POINT ( 'NONE',  ( 6.870000000000000100, -2.225000000000000100, -0.2950000000000000400 ) ) ;
#11065 = ORIENTED_EDGE ( 'NONE', *, *, #9760, .T. ) ;
#11066 = DIRECTION ( 'NONE',  ( 0.0000000000000000000, 0.0000000000000000000, -1.000000000000000000 ) ) ;
#11067 = CARTESIAN_POINT ( 'NONE',  ( -4.299999999999999800, -0.4749999999999999800, -1.600000000000000100 ) ) ;
#11068 = LINE ( 'NONE', #6081, #11685 ) ;
#11069 = EDGE_CURVE ( 'NONE', #3311, #1890, #1309, .T. ) ;
#11070 = VECTOR ( 'NONE', #1234, 1000.000000000000000 ) ;
#11071 = PLANE ( 'NONE',  #6526 ) ;
#11072 = LINE ( 'NONE', #3041, #3683 ) ;
#11073 = AXIS2_PLACEMENT_3D ( 'NONE', #67, #243, #7935 ) ;
#11074 = ORIENTED_EDGE ( 'NONE', *, *, #11482, .F. ) ;
#11075 = ORIENTED_EDGE ( 'NONE', *, *, #8856, .F. ) ;
#11076 = ORIENTED_EDGE ( 'NONE', *, *, #9316, .T. ) ;
#11077 = DIRECTION ( 'NONE',  ( -1.000000000000000000, -0.0000000000000000000, -0.0000000000000000000 ) ) ;
#11078 = DIRECTION ( 'NONE',  ( -0.0000000000000000000, -0.0000000000000000000, -1.000000000000000000 ) ) ;
#11079 = CARTESIAN_POINT ( 'NONE',  ( 5.875000000000000000, -1.975000000000000100, -1.800000000000000300 ) ) ;
#11080 = LINE ( 'NONE', #1609, #1178 ) ;
#11081 = EDGE_CURVE ( 'NONE', #12791, #9278, #11955, .T. ) ;
#11082 = CARTESIAN_POINT ( 'NONE',  ( 5.275000000000000400, 0.7750000000000001300, -1.200000000000000000 ) ) ;
#11083 = CYLINDRICAL_SURFACE ( 'NONE', #7984, 0.3499999999999999200 ) ;
#11084 = DIRECTION ( 'NONE',  ( 0.0000000000000000000, 0.7071067811863974700, 0.7071067811866975600 ) ) ;
#11085 = VECTOR ( 'NONE', #7818, 1000.000000000000000 ) ;
#11086 = ORIENTED_EDGE ( 'NONE', *, *, #10407, .F. ) ;
#11087 = LINE ( 'NONE', #1539, #5055 ) ;
#11088 = ORIENTED_EDGE ( 'NONE', *, *, #7657, .T. ) ;
#11089 = ORIENTED_EDGE ( 'NONE', *, *, #4315, .F. ) ;
#11090 = ORIENTED_EDGE ( 'NONE', *, *, #7404, .F. ) ;
#11091 = CARTESIAN_POINT ( 'NONE',  ( -2.964999999999999900, -3.125000000000000000, -0.4250000000000000400 ) ) ;
#11092 = LINE ( 'NONE', #4258, #8318 ) ;
#11093 = CARTESIAN_POINT ( 'NONE',  ( -6.110000000000000300, -1.075000000000000000, -1.299999999999999600 ) ) ;
#11094 = LINE ( 'NONE', #4075, #12170 ) ;
#11095 = PLANE ( 'NONE',  #1078 ) ;
#11096 = CARTESIAN_POINT ( 'NONE',  ( 0.7299999999999999800, 0.02500000000000000100, -0.4749999999999999800 ) ) ;
#11097 = VECTOR ( 'NONE', #10277, 1000.000000000000000 ) ;
#11098 = VERTEX_POINT ( 'NONE', #9193 ) ;
#11099 = VERTEX_POINT ( 'NONE', #12173 ) ;
#11100 = VERTEX_POINT ( 'NONE', #7205 ) ;
#11101 = DIRECTION ( 'NONE',  ( 0.0000000000000000000, -0.7071067811865471300, 0.7071067811865479100 ) ) ;
#11102 = EDGE_CURVE ( 'NONE', #10830, #9451, #4413, .T. ) ;
#11103 = DIRECTION ( 'NONE',  ( -0.0000000000000000000, -1.000000000000000000, 0.0000000000000000000 ) ) ;
#11104 = LINE ( 'NONE', #3798, #8490 ) ;
#11105 = EDGE_CURVE ( 'NONE', #4234, #430, #1762, .T. ) ;
#11106 = LINE ( 'NONE', #6962, #8781 ) ;
#11107 = ADVANCED_FACE ( 'NONE', ( #9184 ), #7300, .T. ) ;
#11108 = FACE_OUTER_BOUND ( 'NONE', #583, .T. ) ;
#11109 = CARTESIAN_POINT ( 'NONE',  ( 5.675000000000000700, 0.9749999999999999800, -1.800000000000000300 ) ) ;
#11110 = VECTOR ( 'NONE', #8784, 1000.000000000000000 ) ;
#11111 = PLANE ( 'NONE',  #10994 ) ;
#11112 = VERTEX_POINT ( 'NONE', #3301 ) ;
#11113 = ORIENTED_EDGE ( 'NONE', *, *, #12785, .F. ) ;
#11114 = EDGE_CURVE ( 'NONE', #1795, #11904, #9338, .T. ) ;
#11115 = CARTESIAN_POINT ( 'NONE',  ( -3.375000000000000000, -2.625000000000000000, 1.600000000000000100 ) ) ;
#11116 = CARTESIAN_POINT ( 'NONE',  ( 5.299999999999998900, -3.125000000000000000, -1.100000000000000300 ) ) ;
#11117 = VERTEX_POINT ( 'NONE', #8165 ) ;
#11118 = LINE ( 'NONE', #9315, #3246 ) ;
#11119 = DIRECTION ( 'NONE',  ( -0.0000000000000000000, -0.0000000000000000000, -1.000000000000000000 ) ) ;
#11120 = VECTOR ( 'NONE', #1514, 1000.000000000000100 ) ;
#11121 = STYLED_ITEM ( 'NONE', ( #4892 ), #2538 ) ;
#11122 = VECTOR ( 'NONE', #11739, 1000.000000000000000 ) ;
#11123 = CARTESIAN_POINT ( 'NONE',  ( 0.4650000000000000200, -3.225000000000000100, -1.300000000000000300 ) ) ;
#11124 = ADVANCED_FACE ( 'NONE', ( #1461 ), #10141, .T. ) ;
#11125 = CARTESIAN_POINT ( 'NONE',  ( -4.535000000000000100, -0.2250000000000000600, -0.4749999999999999800 ) ) ;
#11126 = ORIENTED_EDGE ( 'NONE', *, *, #4524, .F. ) ;
#11127 = ORIENTED_EDGE ( 'NONE', *, *, #7715, .F. ) ;
#11128 = DIRECTION ( 'NONE',  ( -1.000000000000000000, -0.0000000000000000000, -0.0000000000000000000 ) ) ;
#11129 = EDGE_CURVE ( 'NONE', #5828, #10380, #6870, .T. ) ;
#11130 = ORIENTED_EDGE ( 'NONE', *, *, #8894, .T. ) ;
#11131 = DIRECTION ( 'NONE',  ( 0.0000000000000000000, 0.0000000000000000000, -1.000000000000000000 ) ) ;
#11132 =( GEOMETRIC_REPRESENTATION_CONTEXT ( 3 ) GLOBAL_UNCERTAINTY_ASSIGNED_CONTEXT ( ( #8248 ) ) GLOBAL_UNIT_ASSIGNED_CONTEXT ( ( #12155, #8196, #6162 ) ) REPRESENTATION_CONTEXT ( 'NONE', 'WORKASPACE' ) );
#11133 = VERTEX_POINT ( 'NONE', #6565 ) ;
#11134 = EDGE_CURVE ( 'NONE', #2973, #3433, #4259, .T. ) ;
#11135 = CARTESIAN_POINT ( 'NONE',  ( -5.275000000000000400, 0.9749999999999999800, 1.200000000000000000 ) ) ;
#11136 = ORIENTED_EDGE ( 'NONE', *, *, #992, .F. ) ;
#11137 = ORIENTED_EDGE ( 'NONE', *, *, #1775, .T. ) ;
#11138 = ORIENTED_EDGE ( 'NONE', *, *, #11688, .F. ) ;
#11139 = ORIENTED_EDGE ( 'NONE', *, *, #2766, .F. ) ;
#11140 = CARTESIAN_POINT ( 'NONE',  ( 0.8750000000000000000, -2.625000000000000000, 1.600000000000000100 ) ) ;
#11141 = LINE ( 'NONE', #7390, #7735 ) ;
#11142 = EDGE_LOOP ( 'NONE', ( #11060, #3938, #9306, #2776 ) ) ;
#11143 = CARTESIAN_POINT ( 'NONE',  ( 2.965000000000000300, -3.924999999999999800, -1.300000000000000300 ) ) ;
#11144 = DIRECTION ( 'NONE',  ( 1.000000000000000000, -0.0000000000000000000, 0.0000000000000000000 ) ) ;
#11145 = DIRECTION ( 'NONE',  ( 0.0000000000000000000, 0.0000000000000000000, -1.000000000000000000 ) ) ;
#11146 = EDGE_CURVE ( 'NONE', #8403, #11229, #988, .T. ) ;
#11147 = EDGE_LOOP ( 'NONE', ( #11757, #3578, #2485, #10984 ) ) ;
#11148 = CARTESIAN_POINT ( 'NONE',  ( -0.5749999999999987300, 0.2750000000000003000, -0.6750000000000000400 ) ) ;
#11149 = ORIENTED_EDGE ( 'NONE', *, *, #5935, .T. ) ;
#11150 = CARTESIAN_POINT ( 'NONE',  ( 5.875000000000000000, 0.9749999999999999800, -1.800000000000000300 ) ) ;
#11151 = EDGE_CURVE ( 'NONE', #1001, #7203, #11357, .T. ) ;
#11152 = ORIENTED_EDGE ( 'NONE', *, *, #7748, .F. ) ;
#11153 = EDGE_LOOP ( 'NONE', ( #7794, #6983, #10075, #7688, #753, #8377, #9900, #12522, #7311, #5740, #6807, #223, #11449 ) ) ;
#11154 = FACE_OUTER_BOUND ( 'NONE', #6509, .T. ) ;
#11155 = DIRECTION ( 'NONE',  ( -1.000000000000000000, -0.0000000000000000000, 0.0000000000000000000 ) ) ;
#11156 = AXIS2_PLACEMENT_3D ( 'NONE', #11096, #5999, #1149 ) ;
#11157 = LINE ( 'NONE', #5793, #8827 ) ;
#11158 = CARTESIAN_POINT ( 'NONE',  ( 3.285000000000001500, -3.125000000000000000, -0.4250000000000000400 ) ) ;
#11159 = ORIENTED_EDGE ( 'NONE', *, *, #10948, .T. ) ;
#11160 = CARTESIAN_POINT ( 'NONE',  ( 9.090000000000001600, -3.125000000000000000, -0.9250000000000000400 ) ) ;
#11161 = DIRECTION ( 'NONE',  ( 0.0000000000000000000, -1.000000000000000000, 0.0000000000000000000 ) ) ;
#11162 = CARTESIAN_POINT ( 'NONE',  ( 2.965000000000002500, -4.208005078473780400, -0.8499999999999999800 ) ) ;
#11163 = VERTEX_POINT ( 'NONE', #2586 ) ;
#11164 = PLANE ( 'NONE',  #9125 ) ;
#11165 = ORIENTED_EDGE ( 'NONE', *, *, #11134, .T. ) ;
#11166 = AXIS2_PLACEMENT_3D ( 'NONE', #4303, #1354, #5109 ) ;
#11167 = CARTESIAN_POINT ( 'NONE',  ( -1.715000000000000100, -4.025000000000000400, -1.800000000000000300 ) ) ;
#11168 = PLANE ( 'NONE',  #7431 ) ;
#11169 = EDGE_CURVE ( 'NONE', #6085, #5617, #3496, .T. ) ;
#11170 = DIRECTION ( 'NONE',  ( 0.0000000000000000000, 0.0000000000000000000, -1.000000000000000000 ) ) ;
#11171 = ORIENTED_EDGE ( 'NONE', *, *, #93, .T. ) ;
#11172 = VERTEX_POINT ( 'NONE', #8520 ) ;
#11173 = LINE ( 'NONE', #10979, #10843 ) ;
#11174 = FACE_OUTER_BOUND ( 'NONE', #11184, .T. ) ;
#11175 = ORIENTED_EDGE ( 'NONE', *, *, #11418, .F. ) ;
#11176 = EDGE_CURVE ( 'NONE', #9759, #1468, #11523, .T. ) ;
#11177 = ORIENTED_EDGE ( 'NONE', *, *, #1008, .F. ) ;
#11178 = CARTESIAN_POINT ( 'NONE',  ( 3.230000000000000400, 0.02500000000000000100, -0.4749999999999999800 ) ) ;
#11179 = CARTESIAN_POINT ( 'NONE',  ( 4.535000000000000100, -3.924999999999999800, -0.5749999999999999600 ) ) ;
#11180 = ADVANCED_FACE ( 'NONE', ( #9644 ), #5523, .T. ) ;
#11181 = VERTEX_POINT ( 'NONE', #1467 ) ;
#11182 = LINE ( 'NONE', #8419, #6229 ) ;
#11183 = VERTEX_POINT ( 'NONE', #10362 ) ;
#11184 = EDGE_LOOP ( 'NONE', ( #11884, #1582, #10670, #1780 ) ) ;
#11185 = DIRECTION ( 'NONE',  ( -1.000000000000000000, 0.0000000000000000000, -0.0000000000000000000 ) ) ;
#11186 = CARTESIAN_POINT ( 'NONE',  ( 0.4650000000000000200, -3.125000000000000000, -0.9250000000000000400 ) ) ;
#11187 = ADVANCED_FACE ( 'NONE', ( #3338 ), #12435, .T. ) ;
#11188 = EDGE_CURVE ( 'NONE', #9120, #578, #6255, .T. ) ;
#11189 = CARTESIAN_POINT ( 'NONE',  ( 4.535000000000000100, -3.424999999999999800, -1.599999999999999900 ) ) ;
#11190 = ORIENTED_EDGE ( 'NONE', *, *, #3614, .F. ) ;
#11191 = CARTESIAN_POINT ( 'NONE',  ( -5.875000000000000000, 0.5749999999999999600, 0.9000000000000001300 ) ) ;
#11192 = VERTEX_POINT ( 'NONE', #3660 ) ;
#11193 = VECTOR ( 'NONE', #9944, 1000.000000000000000 ) ;
#11194 = FACE_OUTER_BOUND ( 'NONE', #2515, .T. ) ;
#11195 = ADVANCED_FACE ( 'NONE', ( #8586 ), #4092, .F. ) ;
#11196 = DIRECTION ( 'NONE',  ( -0.0000000000000000000, -0.0000000000000000000, 1.000000000000000000 ) ) ;
#11197 = DIRECTION ( 'NONE',  ( 0.0000000000000000000, 1.000000000000000000, -0.0000000000000000000 ) ) ;
#11198 = DIRECTION ( 'NONE',  ( 0.0000000000000000000, 0.0000000000000000000, 1.000000000000000000 ) ) ;
#11199 = CARTESIAN_POINT ( 'NONE',  ( 5.875000000000000000, -3.225000000000000100, -1.500000000000000000 ) ) ;
#11200 = LINE ( 'NONE', #5824, #1623 ) ;
#11201 = ORIENTED_EDGE ( 'NONE', *, *, #7641, .T. ) ;
#11202 = DIRECTION ( 'NONE',  ( -0.0000000000000000000, -1.000000000000000000, 0.0000000000000000000 ) ) ;
#11203 = VECTOR ( 'NONE', #12525, 1000.000000000000000 ) ;
#11204 = VECTOR ( 'NONE', #4701, 1000.000000000000000 ) ;
#11205 = DIRECTION ( 'NONE',  ( 1.000000000000000000, 0.0000000000000000000, -0.0000000000000000000 ) ) ;
#11206 = EDGE_CURVE ( 'NONE', #10002, #11356, #698, .T. ) ;
#11207 = CARTESIAN_POINT ( 'NONE',  ( 0.0000000000000000000, 0.7749999999999999100, -1.200000000000000200 ) ) ;
#11208 = ORIENTED_EDGE ( 'NONE', *, *, #12802, .F. ) ;
#11209 = PLANE ( 'NONE',  #6403 ) ;
#11210 = CARTESIAN_POINT ( 'NONE',  ( -6.605000000000000400, -2.125000000000000000, -0.6700000000000000400 ) ) ;
#11211 = LINE ( 'NONE', #8125, #846 ) ;
#11212 = CARTESIAN_POINT ( 'NONE',  ( 5.575000000000000200, 0.9749999999999999800, 1.200000000000000000 ) ) ;
#11213 = LINE ( 'NONE', #10746, #215 ) ;
#11214 = ORIENTED_EDGE ( 'NONE', *, *, #8317, .T. ) ;
#11215 = DIRECTION ( 'NONE',  ( 0.0000000000000000000, -1.000000000000000000, 0.0000000000000000000 ) ) ;
#11216 = CARTESIAN_POINT ( 'NONE',  ( 1.625000000000000000, -3.225000000000000100, 1.600000000000000100 ) ) ;
#11217 = CARTESIAN_POINT ( 'NONE',  ( 1.715000000000002100, -1.975000000000000100, -0.8499999999999999800 ) ) ;
#11218 = CARTESIAN_POINT ( 'NONE',  ( 2.964999999999999900, -3.775000000000000400, -0.4249999999999999300 ) ) ;
#11219 = ORIENTED_EDGE ( 'NONE', *, *, #8489, .F. ) ;
#11220 = EDGE_CURVE ( 'NONE', #2502, #8810, #1625, .T. ) ;
#11221 = VECTOR ( 'NONE', #12569, 1000.000000000000000 ) ;
#11222 = DIRECTION ( 'NONE',  ( 1.000000000000000000, 0.0000000000000000000, 0.0000000000000000000 ) ) ;
#11223 = FACE_OUTER_BOUND ( 'NONE', #2458, .T. ) ;
#11224 = LINE ( 'NONE', #1040, #5510 ) ;
#11225 = DIRECTION ( 'NONE',  ( 0.0000000000000000000, 0.0000000000000000000, 1.000000000000000000 ) ) ;
#11226 = ORIENTED_EDGE ( 'NONE', *, *, #9490, .F. ) ;
#11227 = EDGE_CURVE ( 'NONE', #9049, #7936, #53, .T. ) ;
#11228 = DIRECTION ( 'NONE',  ( 1.000000000000000000, -0.0000000000000000000, 0.0000000000000000000 ) ) ;
#11229 = VERTEX_POINT ( 'NONE', #10537 ) ;
#11230 = CARTESIAN_POINT ( 'NONE',  ( 0.7850000000000000300, -4.224999999999999600, -1.600000000000000100 ) ) ;
#11231 = CARTESIAN_POINT ( 'NONE',  ( -4.534999999999999300, -1.975000000000000100, -0.8499999999999999800 ) ) ;
#11232 = CARTESIAN_POINT ( 'NONE',  ( 1.625000000000000200, -2.625000000000000000, 1.600000000000000100 ) ) ;
#11233 = LINE ( 'NONE', #12020, #12761 ) ;
#11234 = VECTOR ( 'NONE', #4213, 1000.000000000000000 ) ;
#11235 = DIRECTION ( 'NONE',  ( 1.000000000000000000, 0.0000000000000000000, -0.0000000000000000000 ) ) ;
#11236 = EDGE_CURVE ( 'NONE', #9297, #3277, #12597, .T. ) ;
#11237 = VERTEX_POINT ( 'NONE', #656 ) ;
#11238 = ADVANCED_FACE ( 'NONE', ( #2394 ), #6528, .T. ) ;
#11239 = ORIENTED_EDGE ( 'NONE', *, *, #3977, .F. ) ;
#11240 = CARTESIAN_POINT ( 'NONE',  ( 0.0000000000000000000, 0.0000000000000000000, 1.100000000000000100 ) ) ;
#11241 = ORIENTED_EDGE ( 'NONE', *, *, #12125, .T. ) ;
#11242 = DIRECTION ( 'NONE',  ( 0.0000000000000000000, 0.0000000000000000000, -1.000000000000000000 ) ) ;
#11243 = DIRECTION ( 'NONE',  ( -0.5773502691896265100, 0.5773502691896251800, 0.5773502691896255100 ) ) ;
#11244 = EDGE_CURVE ( 'NONE', #231, #11796, #4715, .T. ) ;
#11245 = CARTESIAN_POINT ( 'NONE',  ( 5.174999999999999800, 0.9749999999999999800, -1.800000000000000300 ) ) ;
#11246 = DIRECTION ( 'NONE',  ( -0.0000000000000000000, -1.000000000000000000, 0.0000000000000000000 ) ) ;
#11247 = LINE ( 'NONE', #3086, #8908 ) ;
#11248 = AXIS2_PLACEMENT_3D ( 'NONE', #9922, #2110, #4973 ) ;
#11249 = LINE ( 'NONE', #5919, #7226 ) ;
#11250 = CARTESIAN_POINT ( 'NONE',  ( -5.875000000000000000, -0.1750000000000000200, -1.800000000000000300 ) ) ;
#11251 = VECTOR ( 'NONE', #3679, 1000.000000000000000 ) ;
#11252 = LINE ( 'NONE', #5997, #3394 ) ;
#11253 = ORIENTED_EDGE ( 'NONE', *, *, #4272, .T. ) ;
#11254 = ORIENTED_EDGE ( 'NONE', *, *, #10461, .F. ) ;
#11255 = DIRECTION ( 'NONE',  ( -0.0000000000000000000, 1.000000000000000000, -0.0000000000000000000 ) ) ;
#11256 = ORIENTED_EDGE ( 'NONE', *, *, #6479, .T. ) ;
#11257 = CARTESIAN_POINT ( 'NONE',  ( -1.715000000000000700, -0.2250000000000002000, -0.8500000000000000900 ) ) ;
#11258 = ADVANCED_FACE ( 'NONE', ( #9928 ), #10735, .F. ) ;
#11259 = DIRECTION ( 'NONE',  ( 0.0000000000000000000, 1.000000000000000000, 0.0000000000000000000 ) ) ;
#11260 = CARTESIAN_POINT ( 'NONE',  ( 1.875000000000000000, -0.2250000000000000600, -0.8499999999999999800 ) ) ;
#11261 = EDGE_CURVE ( 'NONE', #12422, #3902, #534, .T. ) ;
#11262 = CARTESIAN_POINT ( 'NONE',  ( -5.675000000000000700, 0.9749999999999999800, -1.600000000000000100 ) ) ;
#11263 = CARTESIAN_POINT ( 'NONE',  ( -5.875000000000000000, -3.125000000000000000, -1.300000000000000300 ) ) ;
#11264 = CARTESIAN_POINT ( 'NONE',  ( -6.490000000000000200, -2.125000000000000000, -0.1700000000000000100 ) ) ;
#11265 = VECTOR ( 'NONE', #6137, 1000.000000000000000 ) ;
#11266 = DIRECTION ( 'NONE',  ( 0.0000000000000000000, -1.000000000000000000, 0.0000000000000000000 ) ) ;
#11267 = FACE_OUTER_BOUND ( 'NONE', #12415, .T. ) ;
#11268 = CARTESIAN_POINT ( 'NONE',  ( -5.875000000000000000, 0.9749999999999999800, 1.600000000000000100 ) ) ;
#11269 = VECTOR ( 'NONE', #3808, 1000.000000000000000 ) ;
#11270 = LINE ( 'NONE', #11633, #8643 ) ;
#11271 = VERTEX_POINT ( 'NONE', #3779 ) ;
#11272 = ORIENTED_EDGE ( 'NONE', *, *, #12715, .T. ) ;
#11273 = CARTESIAN_POINT ( 'NONE',  ( -5.875000000000000000, 0.9749999999999999800, -1.600000000000000100 ) ) ;
#11274 = ORIENTED_EDGE ( 'NONE', *, *, #398, .F. ) ;
#11275 = CARTESIAN_POINT ( 'NONE',  ( -3.600000000000000500, -0.4749999999999999800, -1.600000000000000100 ) ) ;
#11276 = LINE ( 'NONE', #10516, #8172 ) ;
#11277 = CARTESIAN_POINT ( 'NONE',  ( -5.275000000000000400, 0.9749999999999999800, -1.200000000000000000 ) ) ;
#11278 = VECTOR ( 'NONE', #11649, 1000.000000000000000 ) ;
#11279 = DIRECTION ( 'NONE',  ( -0.7071067811865934200, 0.0000000000000000000, 0.7071067811865015000 ) ) ;
#11280 = LINE ( 'NONE', #1129, #8016 ) ;
#11281 = DIRECTION ( 'NONE',  ( -0.0000000000000000000, -0.0000000000000000000, -1.000000000000000000 ) ) ;
#11282 =( NAMED_UNIT ( * ) PLANE_ANGLE_UNIT ( ) SI_UNIT ( $, .RADIAN. ) );
#11283 = AXIS2_PLACEMENT_3D ( 'NONE', #7341, #1429, #2420 ) ;
#11284 = CARTESIAN_POINT ( 'NONE',  ( -3.285000000000000100, -4.224999999999999600, 1.600000000000000100 ) ) ;
#11285 = EDGE_LOOP ( 'NONE', ( #5392, #1701, #12830, #1905 ) ) ;
#11286 = ORIENTED_EDGE ( 'NONE', *, *, #856, .F. ) ;
#11287 = ORIENTED_EDGE ( 'NONE', *, *, #538, .F. ) ;
#11288 = EDGE_CURVE ( 'NONE', #3696, #2005, #2222, .T. ) ;
#11289 = ORIENTED_EDGE ( 'NONE', *, *, #5826, .F. ) ;
#11290 = DIRECTION ( 'NONE',  ( 0.0000000000000000000, 1.000000000000000000, 0.0000000000000000000 ) ) ;
#11291 = AXIS2_PLACEMENT_3D ( 'NONE', #3367, #3229, #6243 ) ;
#11292 = CARTESIAN_POINT ( 'NONE',  ( -6.870000000000000100, -2.225000000000000100, -0.2950000000000000400 ) ) ;
#11293 = CARTESIAN_POINT ( 'NONE',  ( -6.870000000000000100, -2.225000000000000100, -0.5699999999999999500 ) ) ;
#11294 = DIRECTION ( 'NONE',  ( -0.0000000000000000000, 0.0000000000000000000, 1.000000000000000000 ) ) ;
#11295 = DIRECTION ( 'NONE',  ( -1.000000000000000000, -0.0000000000000000000, -0.0000000000000000000 ) ) ;
#11296 = CARTESIAN_POINT ( 'NONE',  ( 0.4650000000000018600, -4.208005078473780400, -0.8499999999999999800 ) ) ;
#11297 = ORIENTED_EDGE ( 'NONE', *, *, #6300, .T. ) ;
#11298 = ORIENTED_EDGE ( 'NONE', *, *, #5989, .F. ) ;
#11299 = ORIENTED_EDGE ( 'NONE', *, *, #1827, .T. ) ;
#11300 = FACE_OUTER_BOUND ( 'NONE', #4062, .T. ) ;
#11301 = DIRECTION ( 'NONE',  ( 0.0000000000000000000, -1.000000000000000000, 0.0000000000000000000 ) ) ;
#11302 = ORIENTED_EDGE ( 'NONE', *, *, #3656, .T. ) ;
#11303 = AXIS2_PLACEMENT_3D ( 'NONE', #11264, #5343, #546 ) ;
#11304 = ORIENTED_EDGE ( 'NONE', *, *, #11797, .T. ) ;
#11305 = CARTESIAN_POINT ( 'NONE',  ( 2.035000000000001000, -4.208005078473780400, -0.1000000000000000100 ) ) ;
#11306 = CARTESIAN_POINT ( 'NONE',  ( -1.625000000000000200, -3.225000000000000100, 1.600000000000000100 ) ) ;
#11307 = DIRECTION ( 'NONE',  ( -0.0000000000000000000, 0.0000000000000000000, 1.000000000000000000 ) ) ;
#11309 = EDGE_CURVE ( 'NONE', #5728, #2103, #8851, .T. ) ;
#11308 = EDGE_LOOP ( 'NONE', ( #2886, #6674, #6929, #8241 ) ) ;
#11310 = DIRECTION ( 'NONE',  ( -0.0000000000000000000, -1.000000000000000000, 0.0000000000000000000 ) ) ;
#11311 = DIRECTION ( 'NONE',  ( 1.000000000000000000, 0.0000000000000000000, -0.0000000000000000000 ) ) ;
#11312 = VERTEX_POINT ( 'NONE', #10653 ) ;
#11313 = ORIENTED_EDGE ( 'NONE', *, *, #10150, .T. ) ;
#11314 = FACE_OUTER_BOUND ( 'NONE', #10969, .T. ) ;
#11315 = VECTOR ( 'NONE', #5717, 1000.000000000000000 ) ;
#11316 = EDGE_CURVE ( 'NONE', #9120, #8310, #8573, .T. ) ;
#11317 = DIRECTION ( 'NONE',  ( 0.0000000000000000000, 0.0000000000000000000, -1.000000000000000000 ) ) ;
#11318 = ADVANCED_FACE ( 'NONE', ( #7483 ), #10612, .T. ) ;
#11319 = ORIENTED_EDGE ( 'NONE', *, *, #3579, .F. ) ;
#11320 = DIRECTION ( 'NONE',  ( -0.0000000000000000000, 0.0000000000000000000, -1.000000000000000000 ) ) ;
#11321 = ORIENTED_EDGE ( 'NONE', *, *, #8489, .T. ) ;
#11322 = EDGE_LOOP ( 'NONE', ( #11542, #5267, #4902, #10377, #3504, #11560, #281 ) ) ;
#11323 = VERTEX_POINT ( 'NONE', #6695 ) ;
#11324 = CARTESIAN_POINT ( 'NONE',  ( -7.575000000000000200, -2.025000000000000400, -1.550000000000000300 ) ) ;
#11325 = LINE ( 'NONE', #11305, #2507 ) ;
#11326 = ORIENTED_EDGE ( 'NONE', *, *, #6760, .F. ) ;
#11327 = ADVANCED_FACE ( 'NONE', ( #44 ), #8711, .T. ) ;
#11328 = FILL_AREA_STYLE_COLOUR ( '', #9823 ) ;
#11329 = VERTEX_POINT ( 'NONE', #2677 ) ;
#11330 = EDGE_CURVE ( 'NONE', #11601, #10166, #3940, .T. ) ;
#11331 = DIRECTION ( 'NONE',  ( 0.0000000000000000000, 1.000000000000000000, 0.0000000000000000000 ) ) ;
#11332 = UNCERTAINTY_MEASURE_WITH_UNIT (LENGTH_MEASURE( 1.000000000000000100E-005 ), #3002, 'distance_accuracy_value', 'NONE');
#11333 = ORIENTED_EDGE ( 'NONE', *, *, #5767, .T. ) ;
#11334 = CARTESIAN_POINT ( 'NONE',  ( -1.715000000000000100, -3.225000000000000100, -1.125000000000000200 ) ) ;
#11335 = ORIENTED_EDGE ( 'NONE', *, *, #8861, .T. ) ;
#11336 = VECTOR ( 'NONE', #8820, 1000.000000000000000 ) ;
#11337 = DIRECTION ( 'NONE',  ( 0.0000000000000000000, -1.000000000000000000, 0.0000000000000000000 ) ) ;
#11338 = LINE ( 'NONE', #2137, #6538 ) ;
#11339 = EDGE_LOOP ( 'NONE', ( #539, #8139, #12766, #3467 ) ) ;
#11340 = ORIENTED_EDGE ( 'NONE', *, *, #5647, .F. ) ;
#11341 = CARTESIAN_POINT ( 'NONE',  ( 4.324999999999994000, 0.2750000000000011900, -0.6750000000000001600 ) ) ;
#11342 = EDGE_CURVE ( 'NONE', #8167, #6062, #11512, .T. ) ;
#11343 = ADVANCED_FACE ( 'NONE', ( #4997 ), #9735, .T. ) ;
#11344 = ORIENTED_EDGE ( 'NONE', *, *, #8477, .T. ) ;
#11345 = LINE ( 'NONE', #12256, #2210 ) ;
#11346 = PLANE ( 'NONE',  #5738 ) ;
#11348 = CARTESIAN_POINT ( 'NONE',  ( -6.099999999999998800, -2.035000000000000600, -1.310000000000000500 ) ) ;
#11347 = LINE ( 'NONE', #11341, #11800 ) ;
#11349 = PLANE ( 'NONE',  #8491 ) ;
#11350 = ORIENTED_EDGE ( 'NONE', *, *, #6324, .F. ) ;
#11351 = DIRECTION ( 'NONE',  ( 0.0000000000000000000, 0.0000000000000000000, 1.000000000000000000 ) ) ;
#11352 = CARTESIAN_POINT ( 'NONE',  ( -0.4650000000000000200, -0.2250000000000000600, -0.4749999999999999800 ) ) ;
#11353 = DIRECTION ( 'NONE',  ( -0.0000000000000000000, 1.000000000000000000, -0.0000000000000000000 ) ) ;
#11354 = ORIENTED_EDGE ( 'NONE', *, *, #9570, .T. ) ;
#11355 = LINE ( 'NONE', #4189, #7934 ) ;
#11356 = VERTEX_POINT ( 'NONE', #3694 ) ;
#11357 = LINE ( 'NONE', #3481, #6087 ) ;
#11358 = DIRECTION ( 'NONE',  ( -0.0000000000000000000, -0.0000000000000000000, 1.000000000000000000 ) ) ;
#11359 = VECTOR ( 'NONE', #10892, 1000.000000000000000 ) ;
#11360 = EDGE_CURVE ( 'NONE', #6126, #1381, #11034, .T. ) ;
#11361 = EDGE_CURVE ( 'NONE', #7737, #10932, #7322, .T. ) ;
#11362 = DIRECTION ( 'NONE',  ( 1.000000000000000000, 0.0000000000000000000, 0.0000000000000000000 ) ) ;
#11363 = VERTEX_POINT ( 'NONE', #7672 ) ;
#11364 = DIRECTION ( 'NONE',  ( 1.000000000000000000, 0.0000000000000000000, 0.0000000000000000000 ) ) ;
#11365 = FACE_OUTER_BOUND ( 'NONE', #296, .T. ) ;
#11366 = CARTESIAN_POINT ( 'NONE',  ( -5.275000000000000400, -0.1749999999999999900, 1.600000000000000100 ) ) ;
#11367 = EDGE_CURVE ( 'NONE', #915, #11463, #4704, .T. ) ;
#11368 = VECTOR ( 'NONE', #2945, 1000.000000000000000 ) ;
#11369 = VERTEX_POINT ( 'NONE', #8680 ) ;
#11370 = LINE ( 'NONE', #2325, #12746 ) ;
#11371 = DIRECTION ( 'NONE',  ( 1.000000000000000000, -0.0000000000000000000, 0.0000000000000000000 ) ) ;
#11372 = ADVANCED_FACE ( 'NONE', ( #12109 ), #7756, .T. ) ;
#11373 = CARTESIAN_POINT ( 'NONE',  ( 5.875000000000000000, 0.2750000000000000200, -1.800000000000000300 ) ) ;
#11374 = CARTESIAN_POINT ( 'NONE',  ( 5.174999999999999800, -0.02500000000000001900, -1.800000000000000300 ) ) ;
#11375 = LINE ( 'NONE', #12082, #9027 ) ;
#11376 = ORIENTED_EDGE ( 'NONE', *, *, #6458, .F. ) ;
#11377 = DIRECTION ( 'NONE',  ( -0.0000000000000000000, 0.0000000000000000000, 1.000000000000000000 ) ) ;
#11378 = FACE_OUTER_BOUND ( 'NONE', #319, .T. ) ;
#11379 = DIRECTION ( 'NONE',  ( -1.000000000000000000, -0.0000000000000000000, 0.0000000000000000000 ) ) ;
#11380 = EDGE_CURVE ( 'NONE', #4552, #6811, #2999, .T. ) ;
#11381 = VECTOR ( 'NONE', #9596, 1000.000000000000000 ) ;
#11382 = ORIENTED_EDGE ( 'NONE', *, *, #11729, .T. ) ;
#11383 = AXIS2_PLACEMENT_3D ( 'NONE', #10659, #11664, #6742 ) ;
#11384 = CARTESIAN_POINT ( 'NONE',  ( -4.534999999999994800, -0.2250000000000010900, -0.09999999999999977000 ) ) ;
#11385 = EDGE_CURVE ( 'NONE', #5784, #12553, #3653, .T. ) ;
#11386 = ORIENTED_EDGE ( 'NONE', *, *, #9116, .F. ) ;
#11387 = CARTESIAN_POINT ( 'NONE',  ( 4.375000000000000000, 0.02500000000000000100, -0.1875000000000000000 ) ) ;
#11388 = CARTESIAN_POINT ( 'NONE',  ( -5.875000000000000000, -2.225000000000000100, -0.06999999999999996500 ) ) ;
#11389 = ADVANCED_FACE ( 'NONE', ( #5473 ), #4995, .T. ) ;
#11390 = DIRECTION ( 'NONE',  ( 0.0000000000000000000, 0.0000000000000000000, -1.000000000000000000 ) ) ;
#11391 = CARTESIAN_POINT ( 'NONE',  ( 3.200000000000000200, -1.625000000000000200, -1.600000000000000100 ) ) ;
#11392 = LINE ( 'NONE', #12737, #8739 ) ;
#11393 = DIRECTION ( 'NONE',  ( 0.0000000000000000000, -0.0000000000000000000, -1.000000000000000000 ) ) ;
#11394 = FACE_OUTER_BOUND ( 'NONE', #4033, .T. ) ;
#11395 = DIRECTION ( 'NONE',  ( 1.000000000000000000, -0.0000000000000000000, 0.0000000000000000000 ) ) ;
#11396 = DIRECTION ( 'NONE',  ( -1.000000000000000000, 0.0000000000000000000, 0.0000000000000000000 ) ) ;
#11397 = ORIENTED_EDGE ( 'NONE', *, *, #3728, .F. ) ;
#11398 = AXIS2_PLACEMENT_3D ( 'NONE', #6106, #6239, #10162 ) ;
#11399 = CARTESIAN_POINT ( 'NONE',  ( -0.4650000000000000200, -3.225000000000000100, -0.9250000000000000400 ) ) ;
#11400 = ORIENTED_EDGE ( 'NONE', *, *, #8929, .T. ) ;
#11401 = ORIENTED_EDGE ( 'NONE', *, *, #10574, .T. ) ;
#11402 = EDGE_CURVE ( 'NONE', #2793, #1110, #6242, .T. ) ;
#11403 = DIRECTION ( 'NONE',  ( 1.000000000000000000, -0.0000000000000000000, 0.0000000000000000000 ) ) ;
#11404 = LINE ( 'NONE', #12361, #8465 ) ;
#11405 = EDGE_CURVE ( 'NONE', #6308, #2058, #2690, .T. ) ;
#11406 = ADVANCED_FACE ( 'NONE', ( #5778 ), #1920, .F. ) ;
#11407 = CARTESIAN_POINT ( 'NONE',  ( 0.0000000000000000000, 0.8750000000000000000, -1.300000000000000300 ) ) ;
#11408 = FACE_OUTER_BOUND ( 'NONE', #3442, .T. ) ;
#11409 = AXIS2_PLACEMENT_3D ( 'NONE', #11428, #3540, #5494 ) ;
#11410 = ORIENTED_EDGE ( 'NONE', *, *, #10266, .T. ) ;
#11411 = DIRECTION ( 'NONE',  ( 0.0000000000000000000, 1.000000000000000000, 0.0000000000000000000 ) ) ;
#11412 = LINE ( 'NONE', #12154, #7214 ) ;
#11413 = ORIENTED_EDGE ( 'NONE', *, *, #5198, .T. ) ;
#11414 = ORIENTED_EDGE ( 'NONE', *, *, #1158, .F. ) ;
#11415 = ORIENTED_EDGE ( 'NONE', *, *, #10489, .F. ) ;
#11416 = AXIS2_PLACEMENT_3D ( 'NONE', #5372, #11377, #9427 ) ;
#11417 = FACE_OUTER_BOUND ( 'NONE', #10330, .T. ) ;
#11418 = EDGE_CURVE ( 'NONE', #2986, #6214, #976, .T. ) ;
#11419 = VECTOR ( 'NONE', #9752, 1000.000000000000000 ) ;
#11420 = CARTESIAN_POINT ( 'NONE',  ( -5.275000000000000400, 0.9749999999999999800, -0.4500000000000000700 ) ) ;
#11421 = PLANE ( 'NONE',  #2141 ) ;
#11422 = LINE ( 'NONE', #1386, #10152 ) ;
#11423 = ORIENTED_EDGE ( 'NONE', *, *, #2863, .F. ) ;
#11424 = EDGE_LOOP ( 'NONE', ( #6652, #4461, #8744, #7269 ) ) ;
#11425 = ORIENTED_EDGE ( 'NONE', *, *, #3898, .F. ) ;
#11426 = EDGE_CURVE ( 'NONE', #4450, #5893, #6560, .T. ) ;
#11427 = CARTESIAN_POINT ( 'NONE',  ( -1.625000000000000200, -2.625000000000000000, 1.600000000000000100 ) ) ;
#11428 = CARTESIAN_POINT ( 'NONE',  ( -2.964999999999999900, -3.924999999999999800, -1.300000000000000300 ) ) ;
#11429 = PRODUCT_DEFINITION ( 'UNKNOWN', '', #2059, #4766 ) ;
#11430 = LINE ( 'NONE', #9640, #7707 ) ;
#11431 = LINE ( 'NONE', #8038, #7408 ) ;
#11432 = LINE ( 'NONE', #4128, #4018 ) ;
#11433 = FACE_BOUND ( 'NONE', #11452, .T. ) ;
#11434 = CARTESIAN_POINT ( 'NONE',  ( 5.174999999999999800, -2.224999999999999600, -1.800000000000000300 ) ) ;
#11435 = DIRECTION ( 'NONE',  ( -1.000000000000000000, 0.0000000000000000000, 0.0000000000000000000 ) ) ;
#11436 = VERTEX_POINT ( 'NONE', #6937 ) ;
#11437 = EDGE_LOOP ( 'NONE', ( #11008, #5986, #10603, #7257 ) ) ;
#11438 = DIRECTION ( 'NONE',  ( 1.000000000000000000, 0.0000000000000000000, 0.0000000000000000000 ) ) ;
#11439 = EDGE_CURVE ( 'NONE', #4362, #4741, #4854, .T. ) ;
#11440 = FILL_AREA_STYLE ('',( #459 ) ) ;
#11441 = CARTESIAN_POINT ( 'NONE',  ( -2.964999999999999900, -3.225000000000000100, -1.800000000000000300 ) ) ;
#11442 = EDGE_LOOP ( 'NONE', ( #9657, #2934, #10876, #12137 ) ) ;
#11443 = LINE ( 'NONE', #9489, #463 ) ;
#11444 = ADVANCED_FACE ( 'NONE', ( #7927 ), #7796, .T. ) ;
#11445 = LINE ( 'NONE', #8119, #9568 ) ;
#11446 = LINE ( 'NONE', #10580, #8794 ) ;
#11447 = ORIENTED_EDGE ( 'NONE', *, *, #1028, .F. ) ;
#11448 = ORIENTED_EDGE ( 'NONE', *, *, #3762, .F. ) ;
#11449 = ORIENTED_EDGE ( 'NONE', *, *, #5862, .T. ) ;
#11450 = ORIENTED_EDGE ( 'NONE', *, *, #10444, .F. ) ;
#11451 = DIRECTION ( 'NONE',  ( -0.7071067811865468000, 0.0000000000000000000, 0.7071067811865483500 ) ) ;
#11452 = EDGE_LOOP ( 'NONE', ( #4525, #10095, #1658, #8584 ) ) ;
#11453 = ADVANCED_FACE ( 'NONE', ( #10096 ), #3895, .T. ) ;
#11454 = SURFACE_SIDE_STYLE ('',( #4894 ) ) ;
#11455 = DIRECTION ( 'NONE',  ( -1.000000000000000000, 0.0000000000000000000, -0.0000000000000000000 ) ) ;
#11457 = EDGE_CURVE ( 'NONE', #4657, #2007, #8266, .T. ) ;
#11456 = ORIENTED_EDGE ( 'NONE', *, *, #2748, .F. ) ;
#11458 = ORIENTED_EDGE ( 'NONE', *, *, #1727, .T. ) ;
#11459 = ORIENTED_EDGE ( 'NONE', *, *, #4691, .F. ) ;
#11460 = VECTOR ( 'NONE', #6396, 1000.000000000000000 ) ;
#11461 = FACE_OUTER_BOUND ( 'NONE', #5654, .T. ) ;
#11462 = AXIS2_PLACEMENT_3D ( 'NONE', #3609, #11493, #645 ) ;
#11463 = VERTEX_POINT ( 'NONE', #1052 ) ;
#11464 = CARTESIAN_POINT ( 'NONE',  ( 4.535000000000000100, -3.425000000000000300, -1.125000000000000200 ) ) ;
#11465 = ORIENTED_EDGE ( 'NONE', *, *, #2940, .F. ) ;
#11466 = CARTESIAN_POINT ( 'NONE',  ( -7.075000000000001100, -2.225000000000000500, 0.3999999999999999700 ) ) ;
#11467 = CARTESIAN_POINT ( 'NONE',  ( 5.875000000000000000, 0.9749999999999999800, -1.399999999999999900 ) ) ;
#11468 = ORIENTED_EDGE ( 'NONE', *, *, #11646, .T. ) ;
#11469 = ADVANCED_FACE ( 'NONE', ( #10865 ), #5036, .T. ) ;
#11470 = CARTESIAN_POINT ( 'NONE',  ( 4.624999999999999100, -3.225000000000000100, 1.600000000000000100 ) ) ;
#11471 = ORIENTED_EDGE ( 'NONE', *, *, #4501, .T. ) ;
#11472 = ORIENTED_EDGE ( 'NONE', *, *, #763, .F. ) ;
#11473 = VECTOR ( 'NONE', #11957, 1000.000000000000000 ) ;
#11474 = VECTOR ( 'NONE', #39, 1000.000000000000000 ) ;
#11475 = PRESENTATION_LAYER_ASSIGNMENT (  '', '', ( #4683 ) ) ;
#11476 = ORIENTED_EDGE ( 'NONE', *, *, #841, .T. ) ;
#11477 = CARTESIAN_POINT ( 'NONE',  ( 3.125000000000000000, 0.2750000000000000200, -0.2750000000000000200 ) ) ;
#11478 = DIRECTION ( 'NONE',  ( 0.0000000000000000000, 0.7071067811865474600, 0.7071067811865474600 ) ) ;
#11479 = CARTESIAN_POINT ( 'NONE',  ( 5.910000000000000100, -2.225000000000000100, -1.800000000000000300 ) ) ;
#11480 = ORIENTED_EDGE ( 'NONE', *, *, #11704, .T. ) ;
#11481 = CARTESIAN_POINT ( 'NONE',  ( 3.285000000000000100, -3.225000000000000100, -0.9250000000000000400 ) ) ;
#11482 = EDGE_CURVE ( 'NONE', #4098, #2765, #10262, .T. ) ;
#11483 = ORIENTED_EDGE ( 'NONE', *, *, #11330, .F. ) ;
#11484 = DIRECTION ( 'NONE',  ( -0.0000000000000000000, 1.000000000000000000, 0.0000000000000000000 ) ) ;
#11485 = DIRECTION ( 'NONE',  ( 0.0000000000000000000, 0.3303504247281061600, -0.9438583563660174500 ) ) ;
#11486 = CARTESIAN_POINT ( 'NONE',  ( 1.925000000000005400, 0.2750000000000011900, -0.4749999999999999800 ) ) ;
#11487 = EDGE_CURVE ( 'NONE', #9776, #8187, #7629, .T. ) ;
#11488 = CARTESIAN_POINT ( 'NONE',  ( 0.4650000000000018600, -4.208005078473780400, -0.8499999999999999800 ) ) ;
#11489 = EDGE_LOOP ( 'NONE', ( #7446, #12049, #8462, #9453, #8571, #2896, #4349, #8817, #7215, #3534, #11727, #150, #1760, #11113, #11961, #1574, #1965, #8514, #2885, #10533, #11074, #10381, #1295, #2203, #3846, #9651, #2187, #6503, #1541, #9536, #3290, #2727, #1675, #8759, #8097, #1425 ) ) ;
#11490 = EDGE_LOOP ( 'NONE', ( #7745, #2258, #7600, #12742 ) ) ;
#11491 = AXIS2_PLACEMENT_3D ( 'NONE', #7700, #632, #8501 ) ;
#11492 = LINE ( 'NONE', #3201, #3783 ) ;
#11493 = DIRECTION ( 'NONE',  ( 1.000000000000000000, 0.0000000000000000000, 0.0000000000000000000 ) ) ;
#11494 = EDGE_LOOP ( 'NONE', ( #6199, #8260, #12816, #1579, #7087, #11415, #12560 ) ) ;
#11495 = AXIS2_PLACEMENT_3D ( 'NONE', #4370, #7294, #5269 ) ;
#11496 = CARTESIAN_POINT ( 'NONE',  ( 3.900000000000000400, 0.9749999999999999800, -1.400000000000000100 ) ) ;
#11497 = EDGE_CURVE ( 'NONE', #8850, #2973, #9778, .T. ) ;
#11498 = UNCERTAINTY_MEASURE_WITH_UNIT (LENGTH_MEASURE( 1.000000000000000100E-005 ), #1849, 'distance_accuracy_value', 'NONE');
#11499 = DIRECTION ( 'NONE',  ( 0.0000000000000000000, 0.0000000000000000000, 1.000000000000000000 ) ) ;
#11500 = ORIENTED_EDGE ( 'NONE', *, *, #9730, .F. ) ;
#11501 = VECTOR ( 'NONE', #12779, 1000.000000000000000 ) ;
#11502 = ORIENTED_EDGE ( 'NONE', *, *, #6991, .T. ) ;
#11503 = ORIENTED_EDGE ( 'NONE', *, *, #6704, .F. ) ;
#11504 = EDGE_CURVE ( 'NONE', #11744, #552, #202, .T. ) ;
#11505 = CARTESIAN_POINT ( 'NONE',  ( 4.215000000000005200, -0.2250000000000010900, -0.09999999999999977000 ) ) ;
#11506 = AXIS2_PLACEMENT_3D ( 'NONE', #8778, #5848, #7706 ) ;
#11507 = ADVANCED_FACE ( 'NONE', ( #12268 ), #5945, .T. ) ;
#11508 = ORIENTED_EDGE ( 'NONE', *, *, #3948, .T. ) ;
#11509 = CARTESIAN_POINT ( 'NONE',  ( -6.099999999999999600, -2.225000000000000100, -1.350000000000000100 ) ) ;
#11510 = ORIENTED_EDGE ( 'NONE', *, *, #10226, .F. ) ;
#11511 = CARTESIAN_POINT ( 'NONE',  ( -6.349999999999999600, -1.075000000000000000, -0.7600000000000004500 ) ) ;
#11512 = LINE ( 'NONE', #6734, #12430 ) ;
#11513 = VECTOR ( 'NONE', #9259, 1000.000000000000000 ) ;
#11514 = DIRECTION ( 'NONE',  ( -0.0000000000000000000, 1.000000000000000000, 0.0000000000000000000 ) ) ;
#11515 = EDGE_CURVE ( 'NONE', #911, #138, #12731, .T. ) ;
#11516 = EDGE_LOOP ( 'NONE', ( #3490, #4759, #11289, #3867 ) ) ;
#11517 = DIRECTION ( 'NONE',  ( -0.0000000000000000000, 0.3303504247281061600, 0.9438583563660174500 ) ) ;
#11518 = FACE_OUTER_BOUND ( 'NONE', #5499, .T. ) ;
#11519 = ADVANCED_FACE ( 'NONE', ( #7163 ), #3187, .T. ) ;
#11520 = CARTESIAN_POINT ( 'NONE',  ( 6.110000000000003000, -2.024999999999997200, -0.5619337613708085300 ) ) ;
#11521 = DIRECTION ( 'NONE',  ( -0.0000000000000000000, -1.000000000000000000, -0.0000000000000000000 ) ) ;
#11522 = ORIENTED_EDGE ( 'NONE', *, *, #5293, .F. ) ;
#11523 = LINE ( 'NONE', #8561, #11203 ) ;
#11524 = EDGE_LOOP ( 'NONE', ( #8337, #8277, #969, #159 ) ) ;
#11525 = LINE ( 'NONE', #8551, #8588 ) ;
#11526 = PLANE ( 'NONE',  #6752 ) ;
#11527 = DIRECTION ( 'NONE',  ( -1.000000000000000000, 0.0000000000000000000, -0.0000000000000000000 ) ) ;
#11528 = VERTEX_POINT ( 'NONE', #5902 ) ;
#11529 = AXIS2_PLACEMENT_3D ( 'NONE', #11230, #9191, #12222 ) ;
#11530 = LINE ( 'NONE', #12318, #8869 ) ;
#11531 = LINE ( 'NONE', #5710, #6268 ) ;
#11532 = VERTEX_POINT ( 'NONE', #3278 ) ;
#11533 = ADVANCED_FACE ( 'NONE', ( #8425 ), #9985, .F. ) ;
#11534 = EDGE_CURVE ( 'NONE', #9148, #1698, #10420, .T. ) ;
#11535 = AXIS2_PLACEMENT_3D ( 'NONE', #75, #1074, #166 ) ;
#11536 = CARTESIAN_POINT ( 'NONE',  ( -5.275000000000000400, 0.9749999999999999800, 1.200000000000000000 ) ) ;
#11537 = DIRECTION ( 'NONE',  ( 0.0000000000000000000, -0.0000000000000000000, 1.000000000000000000 ) ) ;
#11538 = EDGE_CURVE ( 'NONE', #10345, #9828, #4244, .T. ) ;
#11539 = LINE ( 'NONE', #4416, #3028 ) ;
#11540 = FACE_OUTER_BOUND ( 'NONE', #5514, .T. ) ;
#11541 = DIRECTION ( 'NONE',  ( -1.000000000000000000, -0.0000000000000000000, -0.0000000000000000000 ) ) ;
#11542 = ORIENTED_EDGE ( 'NONE', *, *, #2472, .T. ) ;
#11543 = ORIENTED_EDGE ( 'NONE', *, *, #5767, .F. ) ;
#11544 = CARTESIAN_POINT ( 'NONE',  ( -5.675000000000001600, 0.9749999999999999800, -1.800000000000000300 ) ) ;
#11545 = AXIS2_PLACEMENT_3D ( 'NONE', #4456, #6392, #9280 ) ;
#11546 = DIRECTION ( 'NONE',  ( 0.0000000000000000000, 0.0000000000000000000, -1.000000000000000000 ) ) ;
#11547 = PLANE ( 'NONE',  #1152 ) ;
#11548 = CARTESIAN_POINT ( 'NONE',  ( 5.375000000000000000, -2.625000000000000000, 1.100000000000000100 ) ) ;
#11549 = EDGE_CURVE ( 'NONE', #1796, #3044, #9487, .T. ) ;
#11550 = LINE ( 'NONE', #11592, #5051 ) ;
#11551 = AXIS2_PLACEMENT_3D ( 'NONE', #8416, #12290, #3371 ) ;
#11552 = LINE ( 'NONE', #1139, #11070 ) ;
#11553 = CARTESIAN_POINT ( 'NONE',  ( 5.275000000000000400, -1.975000000000000100, 1.200000000000000000 ) ) ;
#11554 = VECTOR ( 'NONE', #10816, 1000.000000000000000 ) ;
#11555 = ORIENTED_EDGE ( 'NONE', *, *, #5808, .F. ) ;
#11556 = EDGE_CURVE ( 'NONE', #11229, #8795, #6706, .T. ) ;
#11557 = VECTOR ( 'NONE', #4534, 1000.000000000000000 ) ;
#11558 = ORIENTED_EDGE ( 'NONE', *, *, #6073, .T. ) ;
#11559 = DIRECTION ( 'NONE',  ( 0.0000000000000000000, -1.000000000000000000, 0.0000000000000000000 ) ) ;
#11560 = ORIENTED_EDGE ( 'NONE', *, *, #8806, .F. ) ;
#11561 = DIRECTION ( 'NONE',  ( 0.7071067811865474600, 0.0000000000000000000, -0.7071067811865474600 ) ) ;
#11562 = DIRECTION ( 'NONE',  ( 1.000000000000000000, 0.0000000000000000000, -0.0000000000000000000 ) ) ;
#11563 = DIRECTION ( 'NONE',  ( -1.000000000000000000, -0.0000000000000000000, 0.0000000000000000000 ) ) ;
#11564 = LINE ( 'NONE', #8184, #261 ) ;
#11565 = AXIS2_PLACEMENT_3D ( 'NONE', #7040, #1161, #7086 ) ;
#11566 = DIRECTION ( 'NONE',  ( -1.000000000000000000, 0.0000000000000000000, -0.0000000000000000000 ) ) ;
#11567 = ADVANCED_FACE ( 'NONE', ( #4235 ), #9036, .T. ) ;
#11568 = LINE ( 'NONE', #3914, #3990 ) ;
#11569 = CYLINDRICAL_SURFACE ( 'NONE', #3635, 0.2000000000000000900 ) ;
#11570 = LINE ( 'NONE', #1020, #7543 ) ;
#11571 = ORIENTED_EDGE ( 'NONE', *, *, #9500, .T. ) ;
#11572 = EDGE_CURVE ( 'NONE', #12277, #1468, #4399, .T. ) ;
#11573 = ORIENTED_EDGE ( 'NONE', *, *, #3396, .T. ) ;
#11574 = DIRECTION ( 'NONE',  ( 0.0000000000000000000, 0.0000000000000000000, 1.000000000000000000 ) ) ;
#11575 = ORIENTED_EDGE ( 'NONE', *, *, #2695, .T. ) ;
#11576 = EDGE_CURVE ( 'NONE', #2277, #623, #2532, .T. ) ;
#11577 = DIRECTION ( 'NONE',  ( -0.0000000000000000000, 0.3303504247281061600, 0.9438583563660174500 ) ) ;
#11578 = LINE ( 'NONE', #8543, #10938 ) ;
#11579 = VECTOR ( 'NONE', #8410, 1000.000000000000000 ) ;
#11580 = DIRECTION ( 'NONE',  ( -1.000000000000000000, 0.0000000000000000000, -0.0000000000000000000 ) ) ;
#11581 = VECTOR ( 'NONE', #6805, 1000.000000000000100 ) ;
#11582 = ADVANCED_FACE ( 'NONE', ( #6076 ), #10034, .T. ) ;
#11583 = ORIENTED_EDGE ( 'NONE', *, *, #464, .F. ) ;
#11584 = ORIENTED_EDGE ( 'NONE', *, *, #11081, .T. ) ;
#11585 = CLOSED_SHELL ( 'NONE', ( #11444, #8350, #1456, #3369, #8288, #3698, #2230, #10555, #6050, #630, #1054, #2760, #11507, #9171, #5211, #5866, #92, #4587, #8618, #3873, #3460, #6546 ) ) ;
#11586 = ORIENTED_EDGE ( 'NONE', *, *, #8990, .T. ) ;
#11587 = CARTESIAN_POINT ( 'NONE',  ( 4.535000000000000100, -4.224999999999999600, -1.600000000000000100 ) ) ;
#11588 = EDGE_CURVE ( 'NONE', #9291, #2240, #5769, .T. ) ;
#11589 = LINE ( 'NONE', #8582, #273 ) ;
#11590 = LINE ( 'NONE', #3767, #11278 ) ;
#11591 = CYLINDRICAL_SURFACE ( 'NONE', #11398, 0.1499999999999999700 ) ;
#11592 = CARTESIAN_POINT ( 'NONE',  ( -4.214999999999999900, -0.2250000000000000600, -0.4749999999999999800 ) ) ;
#11593 = DIRECTION ( 'NONE',  ( -0.0000000000000000000, -0.0000000000000000000, 1.000000000000000000 ) ) ;
#11594 = EDGE_CURVE ( 'NONE', #4369, #10485, #8844, .T. ) ;
#11595 = CARTESIAN_POINT ( 'NONE',  ( 3.285000000000000100, -3.624999999999999600, -1.800000000000000300 ) ) ;
#11596 = CARTESIAN_POINT ( 'NONE',  ( 3.200000000000000200, -1.625000000000000200, -1.200000000000000000 ) ) ;
#11597 = ORIENTED_EDGE ( 'NONE', *, *, #5597, .F. ) ;
#11598 = ORIENTED_EDGE ( 'NONE', *, *, #5262, .F. ) ;
#11599 = ORIENTED_EDGE ( 'NONE', *, *, #1404, .F. ) ;
#11600 = ADVANCED_FACE ( 'NONE', ( #10857 ), #1140, .T. ) ;
#11601 = VERTEX_POINT ( 'NONE', #1094 ) ;
#11602 = CARTESIAN_POINT ( 'NONE',  ( 0.7850000000000000300, -3.924999999999999800, 1.600000000000000100 ) ) ;
#11603 = CARTESIAN_POINT ( 'NONE',  ( 2.035000000000000100, -3.125000000000000000, -0.4249999999999999900 ) ) ;
#11604 = PLANE ( 'NONE',  #1615 ) ;
#11605 = DIRECTION ( 'NONE',  ( -1.000000000000000000, -0.0000000000000000000, 0.0000000000000000000 ) ) ;
#11606 = DIRECTION ( 'NONE',  ( -1.000000000000000000, 0.0000000000000000000, -0.0000000000000000000 ) ) ;
#11607 = ORIENTED_EDGE ( 'NONE', *, *, #7090, .F. ) ;
#11608 = VERTEX_POINT ( 'NONE', #10124 ) ;
#11609 = VERTEX_POINT ( 'NONE', #4232 ) ;
#11610 = VECTOR ( 'NONE', #8437, 1000.000000000000000 ) ;
#11611 = CARTESIAN_POINT ( 'NONE',  ( -3.125000000000000000, -0.2250000000000000600, -0.8499999999999999800 ) ) ;
#11612 = EDGE_CURVE ( 'NONE', #11778, #7482, #1283, .T. ) ;
#11613 = EDGE_LOOP ( 'NONE', ( #1766, #2319, #6765, #4963 ) ) ;
#11614 = ORIENTED_EDGE ( 'NONE', *, *, #8075, .T. ) ;
#11615 = ORIENTED_EDGE ( 'NONE', *, *, #4211, .T. ) ;
#11616 = ORIENTED_EDGE ( 'NONE', *, *, #932, .F. ) ;
#11617 = ORIENTED_EDGE ( 'NONE', *, *, #891, .F. ) ;
#11618 = VECTOR ( 'NONE', #8170, 1000.000000000000000 ) ;
#11619 = LINE ( 'NONE', #7618, #1418 ) ;
#11620 = EDGE_LOOP ( 'NONE', ( #6350, #5725, #12730, #12389 ) ) ;
#11621 = CARTESIAN_POINT ( 'NONE',  ( 4.214999999999999900, -3.225000000000000100, -1.300000000000000300 ) ) ;
#11622 = CARTESIAN_POINT ( 'NONE',  ( 0.4650000000000000200, -4.224999999999999600, 1.600000000000000100 ) ) ;
#11623 = ORIENTED_EDGE ( 'NONE', *, *, #919, .F. ) ;
#11624 = EDGE_CURVE ( 'NONE', #11809, #1278, #11654, .T. ) ;
#11625 = AXIS2_PLACEMENT_3D ( 'NONE', #3431, #4414, #1552 ) ;
#11626 = ORIENTED_EDGE ( 'NONE', *, *, #8718, .T. ) ;
#11627 = VERTEX_POINT ( 'NONE', #7415 ) ;
#11628 = VECTOR ( 'NONE', #358, 1000.000000000000100 ) ;
#11629 = CARTESIAN_POINT ( 'NONE',  ( 3.175000000000002500, 0.2750000000000006300, -0.2750000000000000200 ) ) ;
#11630 = VECTOR ( 'NONE', #7696, 1000.000000000000000 ) ;
#11631 = CARTESIAN_POINT ( 'NONE',  ( -4.214999999999999900, -3.924999999999999800, -1.300000000000000300 ) ) ;
#11632 = ORIENTED_EDGE ( 'NONE', *, *, #8265, .T. ) ;
#11633 = CARTESIAN_POINT ( 'NONE',  ( -5.575000000000000200, 0.9749999999999999800, -1.800000000000000300 ) ) ;
#11634 = PLANE ( 'NONE',  #5624 ) ;
#11635 = DIRECTION ( 'NONE',  ( -0.2033118901005039300, 0.9241449550023836900, 0.3234507342508327600 ) ) ;
#11636 = ORIENTED_EDGE ( 'NONE', *, *, #10574, .F. ) ;
#11637 = DIRECTION ( 'NONE',  ( 0.0000000000000000000, 1.000000000000000000, 0.0000000000000000000 ) ) ;
#11638 = AXIS2_PLACEMENT_3D ( 'NONE', #12827, #12748, #8691 ) ;
#11639 = EDGE_LOOP ( 'NONE', ( #1526, #3549, #6669, #2406 ) ) ;
#11640 = VECTOR ( 'NONE', #7821, 1000.000000000000000 ) ;
#11641 = CARTESIAN_POINT ( 'NONE',  ( -3.175000000000005600, 0.2750000000000012400, -0.4749999999999999800 ) ) ;
#11642 = LINE ( 'NONE', #3179, #6064 ) ;
#11643 = ORIENTED_EDGE ( 'NONE', *, *, #3861, .F. ) ;
#11644 = ADVANCED_FACE ( 'NONE', ( #1753, #8412 ), #10350, .T. ) ;
#11645 = CARTESIAN_POINT ( 'NONE',  ( 3.285000000000000100, -3.625000000000000000, -1.800000000000000300 ) ) ;
#11646 = EDGE_CURVE ( 'NONE', #6169, #12497, #3483, .T. ) ;
#11647 = ORIENTED_EDGE ( 'NONE', *, *, #8969, .T. ) ;
#11648 = DIRECTION ( 'NONE',  ( 0.0000000000000000000, -1.000000000000000000, 0.0000000000000000000 ) ) ;
#11649 = DIRECTION ( 'NONE',  ( 0.0000000000000000000, 1.000000000000000000, 0.0000000000000000000 ) ) ;
#11650 = CARTESIAN_POINT ( 'NONE',  ( 0.4650000000000018600, -3.125000000000000000, -0.1000000000000000100 ) ) ;
#11651 = EDGE_CURVE ( 'NONE', #1482, #3551, #4553, .T. ) ;
#11652 =( GEOMETRIC_REPRESENTATION_CONTEXT ( 3 ) GLOBAL_UNCERTAINTY_ASSIGNED_CONTEXT ( ( #3678 ) ) GLOBAL_UNIT_ASSIGNED_CONTEXT ( ( #3155, #10000, #9101 ) ) REPRESENTATION_CONTEXT ( 'NONE', 'WORKASPACE' ) );
#11653 = ORIENTED_EDGE ( 'NONE', *, *, #12354, .F. ) ;
#11654 = LINE ( 'NONE', #12208, #818 ) ;
#11655 = LINE ( 'NONE', #3711, #3326 ) ;
#11656 = EDGE_LOOP ( 'NONE', ( #771, #6374, #12409, #5103 ) ) ;
#11657 = EDGE_CURVE ( 'NONE', #6391, #3119, #12720, .T. ) ;
#11658 = VERTEX_POINT ( 'NONE', #412 ) ;
#11659 = LINE ( 'NONE', #3150, #4851 ) ;
#11660 = ORIENTED_EDGE ( 'NONE', *, *, #7823, .T. ) ;
#11661 = FACE_OUTER_BOUND ( 'NONE', #11656, .T. ) ;
#11662 = VECTOR ( 'NONE', #11968, 1000.000000000000100 ) ;
#11663 = EDGE_CURVE ( 'NONE', #12543, #3032, #11182, .T. ) ;
#11664 = DIRECTION ( 'NONE',  ( 0.0000000000000000000, -1.000000000000000000, 0.0000000000000000000 ) ) ;
#11665 = DIRECTION ( 'NONE',  ( 0.0000000000000000000, 0.0000000000000000000, -1.000000000000000000 ) ) ;
#11666 = ORIENTED_EDGE ( 'NONE', *, *, #10680, .F. ) ;
#11667 = ORIENTED_EDGE ( 'NONE', *, *, #10883, .F. ) ;
#11668 = VECTOR ( 'NONE', #3824, 1000.000000000000000 ) ;
#11669 = LINE ( 'NONE', #7120, #8725 ) ;
#11670 = EDGE_CURVE ( 'NONE', #3856, #12422, #523, .T. ) ;
#11671 = ORIENTED_EDGE ( 'NONE', *, *, #12607, .F. ) ;
#11672 = VECTOR ( 'NONE', #10526, 1000.000000000000000 ) ;
#11673 = DIRECTION ( 'NONE',  ( 1.000000000000000000, 0.0000000000000000000, -0.0000000000000000000 ) ) ;
#11674 = CARTESIAN_POINT ( 'NONE',  ( -5.675000000000000700, -2.224999999999999600, -1.800000000000000300 ) ) ;
#11675 = FACE_OUTER_BOUND ( 'NONE', #4088, .T. ) ;
#11676 = VERTEX_POINT ( 'NONE', #3376 ) ;
#11677 = LINE ( 'NONE', #8665, #1486 ) ;
#11678 = DIRECTION ( 'NONE',  ( 0.0000000000000000000, 0.0000000000000000000, -1.000000000000000000 ) ) ;
#11679 = PLANE ( 'NONE',  #5034 ) ;
#11680 = VECTOR ( 'NONE', #8654, 1000.000000000000000 ) ;
#11681 = VERTEX_POINT ( 'NONE', #3470 ) ;
#11682 = DIRECTION ( 'NONE',  ( 0.0000000000000000000, -1.000000000000000000, 0.0000000000000000000 ) ) ;
#11683 = PLANE ( 'NONE',  #615 ) ;
#11684 = AXIS2_PLACEMENT_3D ( 'NONE', #1, #7041, #3127 ) ;
#11685 = VECTOR ( 'NONE', #7889, 1000.000000000000000 ) ;
#11686 = DIRECTION ( 'NONE',  ( 0.0000000000000000000, 1.000000000000000000, -0.0000000000000000000 ) ) ;
#11687 = LINE ( 'NONE', #6428, #9042 ) ;
#11688 = EDGE_CURVE ( 'NONE', #8505, #12561, #12416, .T. ) ;
#11689 = LINE ( 'NONE', #304, #8307 ) ;
#11690 = VERTEX_POINT ( 'NONE', #4408 ) ;
#11691 = ORIENTED_EDGE ( 'NONE', *, *, #4331, .T. ) ;
#11692 = ORIENTED_EDGE ( 'NONE', *, *, #10334, .F. ) ;
#11693 = ADVANCED_FACE ( 'NONE', ( #11784 ), #9314, .T. ) ;
#11694 = VECTOR ( 'NONE', #10505, 1000.000000000000000 ) ;
#11695 = DIRECTION ( 'NONE',  ( 0.0000000000000000000, -0.0000000000000000000, -1.000000000000000000 ) ) ;
#11696 = VECTOR ( 'NONE', #1563, 1000.000000000000000 ) ;
#11697 = VECTOR ( 'NONE', #2703, 1000.000000000000000 ) ;
#11698 = AXIS2_PLACEMENT_3D ( 'NONE', #11210, #2314, #1451 ) ;
#11699 = VECTOR ( 'NONE', #6284, 1000.000000000000000 ) ;
#11700 = ORIENTED_EDGE ( 'NONE', *, *, #5306, .F. ) ;
#11701 = EDGE_LOOP ( 'NONE', ( #9413, #3809, #305, #2149 ) ) ;
#11702 = SURFACE_SIDE_STYLE ('',( #5819 ) ) ;
#11703 = ORIENTED_EDGE ( 'NONE', *, *, #1886, .T. ) ;
#11704 = EDGE_CURVE ( 'NONE', #9939, #2327, #3928, .T. ) ;
#11705 = CARTESIAN_POINT ( 'NONE',  ( 9.090000000000001600, -3.125000000000000000, -0.9250000000000000400 ) ) ;
#11706 = DIRECTION ( 'NONE',  ( -1.000000000000000000, -0.0000000000000000000, 0.0000000000000000000 ) ) ;
#11707 = VECTOR ( 'NONE', #5193, 1000.000000000000000 ) ;
#11708 = MANIFOLD_SOLID_BREP ( 'Cut-Extrude1[5]', #4665 ) ;
#11709 = EDGE_CURVE ( 'NONE', #5201, #6319, #3312, .T. ) ;
#11710 = FACE_OUTER_BOUND ( 'NONE', #3889, .T. ) ;
#11711 = VECTOR ( 'NONE', #7371, 1000.000000000000000 ) ;
#11712 = CARTESIAN_POINT ( 'NONE',  ( 2.125000000000000000, -2.625000000000000000, 1.100000000000000100 ) ) ;
#11713 = LINE ( 'NONE', #8163, #7227 ) ;
#11714 = ORIENTED_EDGE ( 'NONE', *, *, #9660, .F. ) ;
#11715 = DIRECTION ( 'NONE',  ( 1.000000000000000000, 0.0000000000000000000, 0.0000000000000000000 ) ) ;
#11716 = ORIENTED_EDGE ( 'NONE', *, *, #12019, .F. ) ;
#11717 = VERTEX_POINT ( 'NONE', #5342 ) ;
#11718 = DIRECTION ( 'NONE',  ( 1.000000000000000000, 0.0000000000000000000, -0.0000000000000000000 ) ) ;
#11719 = CARTESIAN_POINT ( 'NONE',  ( 0.7850000000000000300, -4.224999999999999600, 1.600000000000000100 ) ) ;
#11720 = CARTESIAN_POINT ( 'NONE',  ( 5.875000000000000000, 0.5749999999999999600, 0.9000000000000002400 ) ) ;
#11721 = LINE ( 'NONE', #6615, #892 ) ;
#11722 = LINE ( 'NONE', #10642, #4016 ) ;
#11723 = EDGE_CURVE ( 'NONE', #2872, #2277, #12094, .T. ) ;
#11724 = FACE_OUTER_BOUND ( 'NONE', #7663, .T. ) ;
#11726 = CARTESIAN_POINT ( 'NONE',  ( -5.910000000000000100, -2.225000000000000100, -1.800000000000000300 ) ) ;
#11725 = FACE_BOUND ( 'NONE', #10427, .T. ) ;
#11727 = ORIENTED_EDGE ( 'NONE', *, *, #1324, .F. ) ;
#11728 = ORIENTED_EDGE ( 'NONE', *, *, #9463, .F. ) ;
#11729 = EDGE_CURVE ( 'NONE', #9611, #11627, #1600, .T. ) ;
#11730 = EDGE_LOOP ( 'NONE', ( #5106, #12609, #3793, #8434, #9720, #1379, #637, #11413 ) ) ;
#11731 = AXIS2_PLACEMENT_3D ( 'NONE', #2271, #4139, #1280 ) ;
#11732 = LINE ( 'NONE', #9272, #12034 ) ;
#11733 = DIRECTION ( 'NONE',  ( -1.000000000000000000, 0.0000000000000000000, -0.0000000000000000000 ) ) ;
#11734 = VECTOR ( 'NONE', #1122, 999.9999999999998900 ) ;
#11735 = LINE ( 'NONE', #8205, #2147 ) ;
#11736 = VERTEX_POINT ( 'NONE', #11216 ) ;
#11737 = VERTEX_POINT ( 'NONE', #1454 ) ;
#11738 = ORIENTED_EDGE ( 'NONE', *, *, #8052, .T. ) ;
#11739 = DIRECTION ( 'NONE',  ( 0.0000000000000000000, 1.000000000000000000, 0.0000000000000000000 ) ) ;
#11740 = EDGE_CURVE ( 'NONE', #6062, #7110, #11345, .T. ) ;
#11741 = ORIENTED_EDGE ( 'NONE', *, *, #1224, .T. ) ;
#11742 = DIRECTION ( 'NONE',  ( 0.0000000000000000000, 0.0000000000000000000, -1.000000000000000000 ) ) ;
#11743 = CARTESIAN_POINT ( 'NONE',  ( -7.375000000000000900, -0.02499999999999996700, -1.800000000000000300 ) ) ;
#11744 = VERTEX_POINT ( 'NONE', #11263 ) ;
#11745 = DIRECTION ( 'NONE',  ( 0.0000000000000000000, 0.0000000000000000000, 1.000000000000000000 ) ) ;
#11746 = DIRECTION ( 'NONE',  ( 0.0000000000000000000, 1.000000000000000000, 0.0000000000000000000 ) ) ;
#11747 = DIRECTION ( 'NONE',  ( 1.000000000000000000, 0.0000000000000000000, 0.0000000000000000000 ) ) ;
#11748 = VERTEX_POINT ( 'NONE', #6555 ) ;
#11749 = EDGE_LOOP ( 'NONE', ( #10205, #5909, #102, #8772 ) ) ;
#11750 = ORIENTED_EDGE ( 'NONE', *, *, #12251, .T. ) ;
#11751 = VECTOR ( 'NONE', #6225, 1000.000000000000000 ) ;
#11752 = LINE ( 'NONE', #8395, #2644 ) ;
#11753 = ORIENTED_EDGE ( 'NONE', *, *, #1948, .F. ) ;
#11754 = DIRECTION ( 'NONE',  ( -1.000000000000000000, 0.0000000000000000000, -0.0000000000000000000 ) ) ;
#11755 = ADVANCED_FACE ( 'NONE', ( #8996 ), #6640, .T. ) ;
#11756 = DIRECTION ( 'NONE',  ( -0.0000000000000000000, -0.0000000000000000000, -1.000000000000000000 ) ) ;
#11757 = ORIENTED_EDGE ( 'NONE', *, *, #2447, .F. ) ;
#11758 = CARTESIAN_POINT ( 'NONE',  ( -5.174999999999999800, 0.9749999999999999800, -1.800000000000000300 ) ) ;
#11759 = AXIS2_PLACEMENT_3D ( 'NONE', #5785, #3825, #12698 ) ;
#11760 = CARTESIAN_POINT ( 'NONE',  ( 5.174999999999999800, 0.9749999999999999800, -1.800000000000000300 ) ) ;
#11761 = DIRECTION ( 'NONE',  ( -1.000000000000000000, 0.0000000000000000000, 0.0000000000000000000 ) ) ;
#11762 = ORIENTED_EDGE ( 'NONE', *, *, #2562, .F. ) ;
#11764 = EDGE_CURVE ( 'NONE', #5951, #9732, #9162, .T. ) ;
#11763 = ORIENTED_EDGE ( 'NONE', *, *, #9551, .T. ) ;
#11765 = ORIENTED_EDGE ( 'NONE', *, *, #5012, .F. ) ;
#11766 = FACE_OUTER_BOUND ( 'NONE', #5947, .T. ) ;
#11767 = VECTOR ( 'NONE', #6204, 1000.000000000000000 ) ;
#11768 = CARTESIAN_POINT ( 'NONE',  ( -4.214999999999999900, -3.775000000000000400, -0.4249999999999999900 ) ) ;
#11769 = VERTEX_POINT ( 'NONE', #7536 ) ;
#11770 = ORIENTED_EDGE ( 'NONE', *, *, #12733, .T. ) ;
#11771 = EDGE_CURVE ( 'NONE', #7751, #9278, #5147, .T. ) ;
#11772 = CARTESIAN_POINT ( 'NONE',  ( -5.575000000000000200, 0.9749999999999999800, -0.4500000000000000700 ) ) ;
#11773 = ORIENTED_EDGE ( 'NONE', *, *, #5435, .F. ) ;
#11774 = ORIENTED_EDGE ( 'NONE', *, *, #8763, .F. ) ;
#11775 = FACE_OUTER_BOUND ( 'NONE', #6820, .T. ) ;
#11776 = FACE_OUTER_BOUND ( 'NONE', #1737, .T. ) ;
#11777 = AXIS2_PLACEMENT_3D ( 'NONE', #4569, #12372, #4532 ) ;
#11778 = VERTEX_POINT ( 'NONE', #7624 ) ;
#11779 = EDGE_CURVE ( 'NONE', #4429, #8681, #9618, .T. ) ;
#11780 = CARTESIAN_POINT ( 'NONE',  ( 3.285000000000000100, -4.224999999999999600, -1.300000000000000300 ) ) ;
#11781 = EDGE_CURVE ( 'NONE', #9854, #8325, #8400, .T. ) ;
#11782 = EDGE_LOOP ( 'NONE', ( #146, #7262, #676, #9830 ) ) ;
#11783 = DIRECTION ( 'NONE',  ( 0.7071067811865474600, 0.0000000000000000000, -0.7071067811865474600 ) ) ;
#11784 = FACE_OUTER_BOUND ( 'NONE', #8531, .T. ) ;
#11785 = CYLINDRICAL_SURFACE ( 'NONE', #3220, 0.4500000000000001200 ) ;
#11786 = DIRECTION ( 'NONE',  ( -1.000000000000000000, -0.0000000000000000000, -0.0000000000000000000 ) ) ;
#11787 = CARTESIAN_POINT ( 'NONE',  ( -5.875000000000000000, -3.225000000000000100, 1.100000000000000100 ) ) ;
#11788 =( NAMED_UNIT ( * ) SI_UNIT ( $, .STERADIAN. ) SOLID_ANGLE_UNIT ( ) );
#11789 = ORIENTED_EDGE ( 'NONE', *, *, #8737, .T. ) ;
#11790 = CARTESIAN_POINT ( 'NONE',  ( -7.375000000000000900, -2.225000000000000100, -1.550000000000000300 ) ) ;
#11791 = CARTESIAN_POINT ( 'NONE',  ( 3.285000000000001500, -4.208005078473780400, -0.8499999999999999800 ) ) ;
#11792 = AXIS2_PLACEMENT_3D ( 'NONE', #8476, #608, #9495 ) ;
#11793 = PRODUCT ( '532610871', '532610871', '', ( #8522 ) ) ;
#11794 = ORIENTED_EDGE ( 'NONE', *, *, #10722, .F. ) ;
#11795 = CARTESIAN_POINT ( 'NONE',  ( 0.4650000000000018600, -3.125000000000000000, -0.8499999999999999800 ) ) ;
#11797 = EDGE_CURVE ( 'NONE', #4354, #11100, #5758, .T. ) ;
#11796 = VERTEX_POINT ( 'NONE', #6467 ) ;
#11798 = VECTOR ( 'NONE', #3098, 1000.000000000000000 ) ;
#11799 = PLANE ( 'NONE',  #5837 ) ;
#11800 = VECTOR ( 'NONE', #573, 1000.000000000000100 ) ;
#11801 = DIRECTION ( 'NONE',  ( 0.0000000000000000000, 0.0000000000000000000, 1.000000000000000000 ) ) ;
#11802 = SURFACE_SIDE_STYLE ('',( #2979 ) ) ;
#11803 = DIRECTION ( 'NONE',  ( -1.000000000000000000, -0.0000000000000000000, -0.0000000000000000000 ) ) ;
#11804 = EDGE_CURVE ( 'NONE', #4771, #8327, #7312, .T. ) ;
#11805 = CARTESIAN_POINT ( 'NONE',  ( 2.125000000000000000, 0.0000000000000000000, 1.600000000000000100 ) ) ;
#11806 = VERTEX_POINT ( 'NONE', #10600 ) ;
#11807 = EDGE_LOOP ( 'NONE', ( #1821, #12028, #11857, #10041 ) ) ;
#11808 = VECTOR ( 'NONE', #6577, 1000.000000000000000 ) ;
#11809 = VERTEX_POINT ( 'NONE', #8549 ) ;
#11810 = VECTOR ( 'NONE', #12394, 1000.000000000000000 ) ;
#11811 = DIRECTION ( 'NONE',  ( 0.0000000000000000000, 1.000000000000000000, 0.0000000000000000000 ) ) ;
#11812 = ORIENTED_EDGE ( 'NONE', *, *, #4918, .T. ) ;
#11813 = LINE ( 'NONE', #6557, #12123 ) ;
#11814 = EDGE_CURVE ( 'NONE', #2735, #12536, #10400, .T. ) ;
#11815 = DIRECTION ( 'NONE',  ( 0.7071067811865475700, 0.0000000000000000000, -0.7071067811865475700 ) ) ;
#11816 = ADVANCED_FACE ( 'NONE', ( #4542 ), #9318, .T. ) ;
#11817 = DIRECTION ( 'NONE',  ( -0.0000000000000000000, 1.000000000000000000, 0.0000000000000000000 ) ) ;
#11818 = ORIENTED_EDGE ( 'NONE', *, *, #2616, .T. ) ;
#11819 = EDGE_CURVE ( 'NONE', #1890, #504, #30, .T. ) ;
#11820 = LINE ( 'NONE', #2390, #7948 ) ;
#11821 = LINE ( 'NONE', #5666, #6585 ) ;
#11822 = DIRECTION ( 'NONE',  ( 0.0000000000000000000, 0.0000000000000000000, -1.000000000000000000 ) ) ;
#11823 = VERTEX_POINT ( 'NONE', #3647 ) ;
#11824 = DIRECTION ( 'NONE',  ( -0.5773502691896240700, 0.5773502691896266200, -0.5773502691896266200 ) ) ;
#11825 = EDGE_LOOP ( 'NONE', ( #3324, #7786, #861, #6613 ) ) ;
#11826 = PLANE ( 'NONE',  #3611 ) ;
#11827 = CARTESIAN_POINT ( 'NONE',  ( 5.275000000000000400, -0.3750000000000001100, 1.200000000000000200 ) ) ;
#11828 = CARTESIAN_POINT ( 'NONE',  ( -4.214999999999999900, -3.125000000000000000, -0.8499999999999999800 ) ) ;
#11829 = CIRCLE ( 'NONE', #12775, 0.2000000000000000900 ) ;
#11830 = FACE_OUTER_BOUND ( 'NONE', #10815, .T. ) ;
#11831 = CYLINDRICAL_SURFACE ( 'NONE', #2794, 0.3499999999999999200 ) ;
#11832 = ORIENTED_EDGE ( 'NONE', *, *, #11657, .F. ) ;
#11833 = EDGE_CURVE ( 'NONE', #2678, #389, #4987, .T. ) ;
#11834 = VERTEX_POINT ( 'NONE', #12558 ) ;
#11835 = DIRECTION ( 'NONE',  ( 0.0000000000000000000, 0.7071067811865474600, 0.7071067811865474600 ) ) ;
#11836 = CARTESIAN_POINT ( 'NONE',  ( 1.715000000000002100, -3.125000000000000000, -0.8499999999999999800 ) ) ;
#11837 = CARTESIAN_POINT ( 'NONE',  ( 5.375000000000020400, -3.125000000000000000, -1.010638308525015900 ) ) ;
#11838 = EDGE_CURVE ( 'NONE', #5393, #12017, #2988, .T. ) ;
#11839 = VECTOR ( 'NONE', #670, 1000.000000000000000 ) ;
#11840 = DIRECTION ( 'NONE',  ( -1.000000000000000000, 0.0000000000000000000, -0.0000000000000000000 ) ) ;
#11841 = VECTOR ( 'NONE', #10320, 1000.000000000000000 ) ;
#11842 = CARTESIAN_POINT ( 'NONE',  ( 7.575000000000000200, -2.225000000000000100, -1.550000000000000300 ) ) ;
#11843 = LINE ( 'NONE', #4387, #7669 ) ;
#11844 = ORIENTED_EDGE ( 'NONE', *, *, #9208, .F. ) ;
#11845 = DIRECTION ( 'NONE',  ( -0.0000000000000000000, -0.0000000000000000000, 1.000000000000000000 ) ) ;
#11846 = FACE_OUTER_BOUND ( 'NONE', #4195, .T. ) ;
#11847 = ORIENTED_EDGE ( 'NONE', *, *, #11114, .T. ) ;
#11848 = ORIENTED_EDGE ( 'NONE', *, *, #4077, .T. ) ;
#11849 = DIRECTION ( 'NONE',  ( 0.7659742160925783200, 0.0000000000000000000, -0.6428712937138818500 ) ) ;
#11850 = EDGE_CURVE ( 'NONE', #3869, #737, #5618, .T. ) ;
#11851 = VECTOR ( 'NONE', #2252, 1000.000000000000100 ) ;
#11852 = VECTOR ( 'NONE', #7036, 1000.000000000000000 ) ;
#11853 = DIRECTION ( 'NONE',  ( 1.000000000000000000, -0.0000000000000000000, 0.0000000000000000000 ) ) ;
#11854 = FACE_OUTER_BOUND ( 'NONE', #7598, .T. ) ;
#11855 = VERTEX_POINT ( 'NONE', #12376 ) ;
#11856 = ORIENTED_EDGE ( 'NONE', *, *, #3686, .T. ) ;
#11857 = ORIENTED_EDGE ( 'NONE', *, *, #1042, .F. ) ;
#11858 = LINE ( 'NONE', #5552, #6631 ) ;
#11859 = CARTESIAN_POINT ( 'NONE',  ( -4.214999999999999900, -3.225000000000000100, -1.800000000000000300 ) ) ;
#11860 = AXIS2_PLACEMENT_3D ( 'NONE', #3074, #4112, #5141 ) ;
#11861 = VECTOR ( 'NONE', #3417, 1000.000000000000100 ) ;
#11862 = CARTESIAN_POINT ( 'NONE',  ( 5.375000000000000000, -2.625000000000000000, 1.600000000000000100 ) ) ;
#11863 = FACE_OUTER_BOUND ( 'NONE', #7674, .T. ) ;
#11864 = DIRECTION ( 'NONE',  ( -1.000000000000000000, 0.0000000000000000000, -0.0000000000000000000 ) ) ;
#11865 = CARTESIAN_POINT ( 'NONE',  ( 0.0000000000000000000, -3.225000000000000100, 1.600000000000000100 ) ) ;
#11866 = DIRECTION ( 'NONE',  ( -1.000000000000000000, 0.0000000000000000000, -0.0000000000000000000 ) ) ;
#11867 = VECTOR ( 'NONE', #672, 1000.000000000000000 ) ;
#11868 = ORIENTED_EDGE ( 'NONE', *, *, #5850, .F. ) ;
#11869 = EDGE_CURVE ( 'NONE', #2025, #6835, #7466, .T. ) ;
#11870 = ORIENTED_EDGE ( 'NONE', *, *, #1844, .F. ) ;
#11871 = CARTESIAN_POINT ( 'NONE',  ( -6.540000000000000000, -2.225000000000000100, -1.800000000000000300 ) ) ;
#11872 = DIRECTION ( 'NONE',  ( 0.0000000000000000000, 1.000000000000000000, 0.0000000000000000000 ) ) ;
#11873 = ORIENTED_EDGE ( 'NONE', *, *, #10030, .F. ) ;
#11874 = VECTOR ( 'NONE', #1584, 1000.000000000000000 ) ;
#11875 = EDGE_CURVE ( 'NONE', #10830, #7620, #7141, .T. ) ;
#11876 = VECTOR ( 'NONE', #298, 1000.000000000000000 ) ;
#11877 = DIRECTION ( 'NONE',  ( -0.0000000000000000000, 1.000000000000000000, -0.0000000000000000000 ) ) ;
#11878 = AXIS2_PLACEMENT_3D ( 'NONE', #742, #7649, #7690 ) ;
#11879 = ADVANCED_FACE ( 'NONE', ( #4693 ), #1543, .T. ) ;
#11880 = LINE ( 'NONE', #10940, #6009 ) ;
#11881 = DIRECTION ( 'NONE',  ( 1.000000000000000000, 0.0000000000000000000, 0.0000000000000000000 ) ) ;
#11882 = DIRECTION ( 'NONE',  ( -1.000000000000000000, 0.0000000000000000000, -0.0000000000000000000 ) ) ;
#11883 = EDGE_LOOP ( 'NONE', ( #496, #11287, #10980, #8342 ) ) ;
#11884 = ORIENTED_EDGE ( 'NONE', *, *, #10051, .T. ) ;
#11885 = ORIENTED_EDGE ( 'NONE', *, *, #8731, .T. ) ;
#11886 = CARTESIAN_POINT ( 'NONE',  ( 4.534999999999999300, -0.2250000000000001400, -0.8500000000000000900 ) ) ;
#11887 = AXIS2_PLACEMENT_3D ( 'NONE', #11420, #5489, #5537 ) ;
#11888 = PLANE ( 'NONE',  #12241 ) ;
#11889 = DIRECTION ( 'NONE',  ( -1.000000000000000000, -0.0000000000000000000, -0.0000000000000000000 ) ) ;
#11890 = ORIENTED_EDGE ( 'NONE', *, *, #1372, .F. ) ;
#11891 = EDGE_CURVE ( 'NONE', #2777, #8380, #6697, .T. ) ;
#11892 = CARTESIAN_POINT ( 'NONE',  ( 6.440000000000000400, -2.125000000000000000, -1.399999999999999900 ) ) ;
#11893 = DIRECTION ( 'NONE',  ( 0.0000000000000000000, 1.000000000000000000, 0.0000000000000000000 ) ) ;
#11894 = EDGE_CURVE ( 'NONE', #2667, #12277, #6063, .T. ) ;
#11895 = DIRECTION ( 'NONE',  ( 0.0000000000000000000, -0.7071067811863974700, -0.7071067811866975600 ) ) ;
#11896 = ORIENTED_EDGE ( 'NONE', *, *, #1720, .T. ) ;
#11897 = EDGE_LOOP ( 'NONE', ( #9677, #7919, #9710, #11896 ) ) ;
#11898 = ORIENTED_EDGE ( 'NONE', *, *, #9671, .T. ) ;
#11899 = AXIS2_PLACEMENT_3D ( 'NONE', #11067, #5150, #12052 ) ;
#11900 = LINE ( 'NONE', #391, #5114 ) ;
#11901 = DIRECTION ( 'NONE',  ( 0.0000000000000000000, 0.0000000000000000000, -1.000000000000000000 ) ) ;
#11902 = ORIENTED_EDGE ( 'NONE', *, *, #6263, .T. ) ;
#11903 = ORIENTED_EDGE ( 'NONE', *, *, #11169, .T. ) ;
#11904 = VERTEX_POINT ( 'NONE', #11720 ) ;
#11905 = CARTESIAN_POINT ( 'NONE',  ( -5.174999999999999800, -3.224999999999999600, -1.800000000000000300 ) ) ;
#11906 = EDGE_CURVE ( 'NONE', #6811, #7569, #3782, .T. ) ;
#11907 = CLOSED_SHELL ( 'NONE', ( #5984, #8492, #10527, #6125, #25, #226, #6331, #6959, #12729, #503, #7493, #11040, #3489, #2582, #4264, #576, #5690, #5480, #1664, #10975, #11879, #10127 ) ) ;
#11908 = ORIENTED_EDGE ( 'NONE', *, *, #6324, .T. ) ;
#11909 = CARTESIAN_POINT ( 'NONE',  ( -6.870000000000000100, -2.024999999999999900, -0.5450000000000001500 ) ) ;
#11910 = CIRCLE ( 'NONE', #2841, 0.4500000000000001200 ) ;
#11911 = DIRECTION ( 'NONE',  ( -0.0000000000000000000, 1.000000000000000000, -0.0000000000000000000 ) ) ;
#11912 = ORIENTED_EDGE ( 'NONE', *, *, #4529, .T. ) ;
#11913 = CARTESIAN_POINT ( 'NONE',  ( -0.4650000000000000200, -3.225000000000000100, -0.9250000000000000400 ) ) ;
#11914 = DIRECTION ( 'NONE',  ( -1.000000000000000000, -0.0000000000000000000, -0.0000000000000000000 ) ) ;
#11915 = ORIENTED_EDGE ( 'NONE', *, *, #1704, .T. ) ;
#11916 = DIRECTION ( 'NONE',  ( 0.0000000000000000000, -1.000000000000000000, 0.0000000000000000000 ) ) ;
#11917 = CARTESIAN_POINT ( 'NONE',  ( -4.535000000000000100, -3.225000000000000100, -0.9250000000000000400 ) ) ;
#11918 = DIRECTION ( 'NONE',  ( -0.2033118901005024100, 0.9241449550023839200, 0.3234507342508329300 ) ) ;
#11919 = EDGE_LOOP ( 'NONE', ( #2439, #8148, #10192, #184 ) ) ;
#11920 = ORIENTED_EDGE ( 'NONE', *, *, #6693, .T. ) ;
#11921 = VECTOR ( 'NONE', #2960, 1000.000000000000000 ) ;
#11922 = LINE ( 'NONE', #2441, #11630 ) ;
#11923 = DIRECTION ( 'NONE',  ( -1.000000000000000000, 0.0000000000000000000, 0.0000000000000000000 ) ) ;
#11924 = ORIENTED_EDGE ( 'NONE', *, *, #7014, .T. ) ;
#11925 = CARTESIAN_POINT ( 'NONE',  ( 5.675000000000000700, -2.224999999999999600, -1.600000000000000100 ) ) ;
#11926 = DIRECTION ( 'NONE',  ( 0.0000000000000000000, 0.0000000000000000000, -1.000000000000000000 ) ) ;
#11927 = ORIENTED_EDGE ( 'NONE', *, *, #9426, .T. ) ;
#11928 = CARTESIAN_POINT ( 'NONE',  ( 1.715000000000002100, -3.125000000000000000, -0.1000000000000000100 ) ) ;
#11929 = CARTESIAN_POINT ( 'NONE',  ( -5.275000000000000400, 0.7750000000000001300, 1.200000000000000000 ) ) ;
#11930 = EDGE_CURVE ( 'NONE', #6465, #1242, #7617, .T. ) ;
#11931 = AXIS2_PLACEMENT_3D ( 'NONE', #8413, #9388, #3466 ) ;
#11932 = DIRECTION ( 'NONE',  ( 1.000000000000000000, 0.0000000000000000000, 0.0000000000000000000 ) ) ;
#11933 = EDGE_LOOP ( 'NONE', ( #10713, #11459, #5511, #4143 ) ) ;
#11934 = LINE ( 'NONE', #4857, #1438 ) ;
#11935 = CYLINDRICAL_SURFACE ( 'NONE', #12357, 0.2000000000000000900 ) ;
#11936 = ORIENTED_EDGE ( 'NONE', *, *, #6977, .F. ) ;
#11937 = ORIENTED_EDGE ( 'NONE', *, *, #10680, .T. ) ;
#11938 = DIRECTION ( 'NONE',  ( 0.0000000000000000000, -0.7071067811865475700, 0.7071067811865475700 ) ) ;
#11939 = CARTESIAN_POINT ( 'NONE',  ( 9.090000000000001600, -3.125000000000000000, -0.4250000000000000400 ) ) ;
#11940 = ADVANCED_FACE ( 'NONE', ( #2044 ), #5722, .F. ) ;
#11941 = ORIENTED_EDGE ( 'NONE', *, *, #9270, .F. ) ;
#11942 = DIRECTION ( 'NONE',  ( 0.0000000000000000000, 0.0000000000000000000, 1.000000000000000000 ) ) ;
#11943 = VECTOR ( 'NONE', #984, 1000.000000000000000 ) ;
#11944 = EDGE_CURVE ( 'NONE', #6974, #3997, #5451, .T. ) ;
#11945 = DIRECTION ( 'NONE',  ( 1.000000000000000000, 0.0000000000000000000, 0.0000000000000000000 ) ) ;
#11946 = ORIENTED_EDGE ( 'NONE', *, *, #11114, .F. ) ;
#11947 = CARTESIAN_POINT ( 'NONE',  ( 4.125000000000000000, 0.0000000000000000000, 1.600000000000000100 ) ) ;
#11948 = EDGE_CURVE ( 'NONE', #4300, #12045, #9755, .T. ) ;
#11949 = DIRECTION ( 'NONE',  ( 0.0000000000000000000, 0.0000000000000000000, 1.000000000000000000 ) ) ;
#11950 = ORIENTED_EDGE ( 'NONE', *, *, #9872, .F. ) ;
#11951 = DIRECTION ( 'NONE',  ( -0.0000000000000000000, 0.0000000000000000000, -1.000000000000000000 ) ) ;
#11952 = CARTESIAN_POINT ( 'NONE',  ( 5.575000000000000200, 0.9749999999999999800, 1.200000000000000000 ) ) ;
#11953 = LINE ( 'NONE', #10354, #6407 ) ;
#11954 = ORIENTED_EDGE ( 'NONE', *, *, #9587, .T. ) ;
#11955 = LINE ( 'NONE', #2335, #8278 ) ;
#11956 = LINE ( 'NONE', #3964, #5329 ) ;
#11957 = DIRECTION ( 'NONE',  ( -0.0000000000000000000, 1.000000000000000000, 0.0000000000000000000 ) ) ;
#11958 = DIRECTION ( 'NONE',  ( 0.0000000000000000000, -0.0000000000000000000, -1.000000000000000000 ) ) ;
#11959 = DIRECTION ( 'NONE',  ( 1.000000000000000000, 0.0000000000000000000, -0.0000000000000000000 ) ) ;
#11960 = DIRECTION ( 'NONE',  ( -1.000000000000000000, -0.0000000000000000000, 0.0000000000000000000 ) ) ;
#11961 = ORIENTED_EDGE ( 'NONE', *, *, #8429, .F. ) ;
#11962 = CARTESIAN_POINT ( 'NONE',  ( 4.535000000000000100, -4.224999999999999600, -1.300000000000000300 ) ) ;
#11963 = FACE_OUTER_BOUND ( 'NONE', #4238, .T. ) ;
#11964 = PLANE ( 'NONE',  #10337 ) ;
#11965 = ORIENTED_EDGE ( 'NONE', *, *, #2131, .T. ) ;
#11966 = LINE ( 'NONE', #6251, #545 ) ;
#11967 = EDGE_CURVE ( 'NONE', #915, #5922, #2200, .T. ) ;
#11968 = DIRECTION ( 'NONE',  ( -0.2033118901005239500, 0.9241449550023792500, -0.3234507342508327600 ) ) ;
#11969 = DIRECTION ( 'NONE',  ( 0.0000000000000000000, 0.0000000000000000000, -1.000000000000000000 ) ) ;
#11970 = VECTOR ( 'NONE', #11362, 1000.000000000000000 ) ;
#11971 = ORIENTED_EDGE ( 'NONE', *, *, #12626, .F. ) ;
#11972 = LINE ( 'NONE', #10518, #4881 ) ;
#11973 = PLANE ( 'NONE',  #3080 ) ;
#11974 = CARTESIAN_POINT ( 'NONE',  ( -1.715000000000000100, -3.775000000000000400, -0.4249999999999999900 ) ) ;
#11975 = LINE ( 'NONE', #1314, #9806 ) ;
#11976 = EDGE_CURVE ( 'NONE', #1242, #9611, #4066, .T. ) ;
#11977 = ORIENTED_EDGE ( 'NONE', *, *, #11612, .T. ) ;
#11978 = DIRECTION ( 'NONE',  ( 1.000000000000000000, -0.0000000000000000000, 0.0000000000000000000 ) ) ;
#11979 = CARTESIAN_POINT ( 'NONE',  ( 3.285000000000000100, -3.625000000000000000, -1.800000000000000300 ) ) ;
#11980 = VECTOR ( 'NONE', #10871, 1000.000000000000000 ) ;
#11981 = CARTESIAN_POINT ( 'NONE',  ( -7.575000000000000200, -2.225000000000000100, -1.800000000000000300 ) ) ;
#11982 = LINE ( 'NONE', #9992, #10899 ) ;
#11983 = VECTOR ( 'NONE', #3079, 1000.000000000000000 ) ;
#11984 = ORIENTED_EDGE ( 'NONE', *, *, #7894, .F. ) ;
#11985 = ORIENTED_EDGE ( 'NONE', *, *, #3637, .F. ) ;
#11986 = PLANE ( 'NONE',  #627 ) ;
#11987 = EDGE_LOOP ( 'NONE', ( #11241, #2942, #4546, #11376 ) ) ;
#11988 = PLANE ( 'NONE',  #8219 ) ;
#11989 = PLANE ( 'NONE',  #1222 ) ;
#11990 = CARTESIAN_POINT ( 'NONE',  ( 2.035000000000000100, -4.025000000000000400, -1.800000000000000300 ) ) ;
#11991 = DIRECTION ( 'NONE',  ( -1.000000000000000000, -0.0000000000000000000, -0.0000000000000000000 ) ) ;
#11992 = EDGE_CURVE ( 'NONE', #1752, #3437, #6986, .T. ) ;
#11993 = DIRECTION ( 'NONE',  ( 0.0000000000000000000, 1.000000000000000000, 0.0000000000000000000 ) ) ;
#11994 = LINE ( 'NONE', #3576, #11696 ) ;
#11995 = EDGE_CURVE ( 'NONE', #4813, #1974, #3136, .T. ) ;
#11996 = LINE ( 'NONE', #3799, #6138 ) ;
#11997 = CARTESIAN_POINT ( 'NONE',  ( -4.375000000000000000, 0.2750000000000000200, -0.2750000000000000200 ) ) ;
#11998 = ADVANCED_FACE ( 'NONE', ( #1882 ), #1865, .F. ) ;
#11999 = VECTOR ( 'NONE', #4948, 1000.000000000000000 ) ;
#12000 = VERTEX_POINT ( 'NONE', #909 ) ;
#12001 = CARTESIAN_POINT ( 'NONE',  ( 7.375000000000001800, -2.225000000000000100, -1.800000000000000300 ) ) ;
#12002 = ORIENTED_EDGE ( 'NONE', *, *, #10484, .T. ) ;
#12003 = VERTEX_POINT ( 'NONE', #5765 ) ;
#12004 = CARTESIAN_POINT ( 'NONE',  ( 0.7850000000000000300, -4.224999999999999600, -1.600000000000000100 ) ) ;
#12005 = CARTESIAN_POINT ( 'NONE',  ( -5.174999999999999800, -0.02500000000000001900, -1.800000000000000300 ) ) ;
#12006 = CARTESIAN_POINT ( 'NONE',  ( 2.965000000000002500, -3.125000000000000000, -0.8499999999999999800 ) ) ;
#12007 = EDGE_CURVE ( 'NONE', #10194, #3880, #11934, .T. ) ;
#12008 = CARTESIAN_POINT ( 'NONE',  ( -1.715000000000000100, -3.924999999999999800, -0.5749999999999999600 ) ) ;
#12009 = CARTESIAN_POINT ( 'NONE',  ( 2.125000000000000000, -3.225000000000000100, 1.100000000000000100 ) ) ;
#12010 = VECTOR ( 'NONE', #12507, 1000.000000000000000 ) ;
#12011 = LINE ( 'NONE', #10465, #4149 ) ;
#12012 = ADVANCED_FACE ( 'NONE', ( #7917 ), #11679, .T. ) ;
#12013 = VECTOR ( 'NONE', #4271, 1000.000000000000000 ) ;
#12014 = ORIENTED_EDGE ( 'NONE', *, *, #2501, .F. ) ;
#12015 = ORIENTED_EDGE ( 'NONE', *, *, #93, .F. ) ;
#12016 = ORIENTED_EDGE ( 'NONE', *, *, #9313, .T. ) ;
#12017 = VERTEX_POINT ( 'NONE', #1909 ) ;
#12018 = DIRECTION ( 'NONE',  ( -0.0000000000000000000, 1.000000000000000000, -0.0000000000000000000 ) ) ;
#12019 = EDGE_CURVE ( 'NONE', #11183, #10696, #11010, .T. ) ;
#12020 = CARTESIAN_POINT ( 'NONE',  ( -5.875000000000000000, 0.5749999999999999600, -1.500000000000000000 ) ) ;
#12021 = LINE ( 'NONE', #4654, #5849 ) ;
#12022 = AXIS2_PLACEMENT_3D ( 'NONE', #12533, #10544, #6574 ) ;
#12023 = DIRECTION ( 'NONE',  ( -0.0000000000000000000, 0.0000000000000000000, 1.000000000000000000 ) ) ;
#12024 = FACE_OUTER_BOUND ( 'NONE', #7290, .T. ) ;
#12025 = EDGE_CURVE ( 'NONE', #3437, #2716, #7759, .T. ) ;
#12026 = DIRECTION ( 'NONE',  ( 1.000000000000000000, 0.0000000000000000000, -0.0000000000000000000 ) ) ;
#12027 = FACE_OUTER_BOUND ( 'NONE', #9466, .T. ) ;
#12028 = ORIENTED_EDGE ( 'NONE', *, *, #12578, .T. ) ;
#12029 = ORIENTED_EDGE ( 'NONE', *, *, #6914, .F. ) ;
#12030 = DIRECTION ( 'NONE',  ( -0.0000000000000000000, 1.000000000000000000, 0.0000000000000000000 ) ) ;
#12031 = CARTESIAN_POINT ( 'NONE',  ( -4.214999999999999900, -3.775000000000000400, -0.5749999999999999600 ) ) ;
#12032 = ORIENTED_EDGE ( 'NONE', *, *, #5065, .T. ) ;
#12033 = CARTESIAN_POINT ( 'NONE',  ( 9.090000000000001600, -3.125000000000000000, -0.9250000000000000400 ) ) ;
#12034 = VECTOR ( 'NONE', #4363, 1000.000000000000000 ) ;
#12035 = CARTESIAN_POINT ( 'NONE',  ( 6.440000000000000400, -2.125000000000000000, -0.6699999999999999300 ) ) ;
#12036 = VECTOR ( 'NONE', #11942, 1000.000000000000000 ) ;
#12037 = VECTOR ( 'NONE', #10040, 1000.000000000000000 ) ;
#12038 = CARTESIAN_POINT ( 'NONE',  ( 7.575000000000001100, -2.024999999999999900, -1.550000000000000300 ) ) ;
#12039 = EDGE_CURVE ( 'NONE', #7127, #8952, #5133, .T. ) ;
#12040 = CARTESIAN_POINT ( 'NONE',  ( 0.7850000000000000300, -4.224999999999999600, -1.300000000000000300 ) ) ;
#12041 = DIRECTION ( 'NONE',  ( 0.0000000000000000000, 0.7071067811865475700, -0.7071067811865475700 ) ) ;
#12042 = VERTEX_POINT ( 'NONE', #10804 ) ;
#12043 = ORIENTED_EDGE ( 'NONE', *, *, #5625, .T. ) ;
#12045 = VERTEX_POINT ( 'NONE', #6684 ) ;
#12044 = CARTESIAN_POINT ( 'NONE',  ( -4.534999999999999300, -3.125000000000000000, -0.8499999999999999800 ) ) ;
#12046 = EDGE_CURVE ( 'NONE', #9276, #2793, #808, .T. ) ;
#12047 = VERTEX_POINT ( 'NONE', #6722 ) ;
#12048 = CARTESIAN_POINT ( 'NONE',  ( 0.6250000000000000000, -0.2250000000000000600, -0.1000000000000000100 ) ) ;
#12049 = ORIENTED_EDGE ( 'NONE', *, *, #4740, .F. ) ;
#12050 = DIRECTION ( 'NONE',  ( 0.0000000000000000000, 0.0000000000000000000, -1.000000000000000000 ) ) ;
#12051 = DIRECTION ( 'NONE',  ( 1.000000000000000000, 0.0000000000000000000, -0.0000000000000000000 ) ) ;
#12052 = DIRECTION ( 'NONE',  ( 0.0000000000000000000, -0.0000000000000000000, 1.000000000000000000 ) ) ;
#12053 = ORIENTED_EDGE ( 'NONE', *, *, #6533, .F. ) ;
#12054 = AXIS2_PLACEMENT_3D ( 'NONE', #8804, #6040, #11051 ) ;
#12055 = DIRECTION ( 'NONE',  ( 0.0000000000000000000, 0.0000000000000000000, 1.000000000000000000 ) ) ;
#12056 = VERTEX_POINT ( 'NONE', #9019 ) ;
#12057 = ORIENTED_EDGE ( 'NONE', *, *, #10218, .T. ) ;
#12058 = LINE ( 'NONE', #8965, #8678 ) ;
#12059 = EDGE_CURVE ( 'NONE', #11627, #8513, #2517, .T. ) ;
#12060 = FACE_OUTER_BOUND ( 'NONE', #4285, .T. ) ;
#12061 = CARTESIAN_POINT ( 'NONE',  ( -1.925000000000005400, 0.2750000000000011900, -0.4749999999999999800 ) ) ;
#12062 = ORIENTED_EDGE ( 'NONE', *, *, #6677, .F. ) ;
#12063 = EDGE_LOOP ( 'NONE', ( #532, #1173, #1660, #6647, #9454, #5568 ) ) ;
#12064 = DIRECTION ( 'NONE',  ( 1.000000000000000000, -0.0000000000000000000, 0.0000000000000000000 ) ) ;
#12065 = EDGE_CURVE ( 'NONE', #4760, #4950, #355, .T. ) ;
#12066 = DIRECTION ( 'NONE',  ( 0.0000000000000000000, 0.0000000000000000000, -1.000000000000000000 ) ) ;
#12067 = ORIENTED_EDGE ( 'NONE', *, *, #9378, .T. ) ;
#12068 = CARTESIAN_POINT ( 'NONE',  ( -2.875000000000000000, 0.0000000000000000000, 1.600000000000000100 ) ) ;
#12069 = EDGE_LOOP ( 'NONE', ( #9486, #2764, #2804, #12685, #7882, #29 ) ) ;
#12070 = VERTEX_POINT ( 'NONE', #2126 ) ;
#12071 = VECTOR ( 'NONE', #5791, 1000.000000000000000 ) ;
#12072 = LINE ( 'NONE', #10213, #1097 ) ;
#12073 = CARTESIAN_POINT ( 'NONE',  ( -6.440000000000000400, -2.125000000000000000, -1.400000000000000100 ) ) ;
#12074 = ADVANCED_FACE ( 'NONE', ( #9467 ), #6919, .F. ) ;
#12075 = VERTEX_POINT ( 'NONE', #4119 ) ;
#12076 = ORIENTED_EDGE ( 'NONE', *, *, #136, .T. ) ;
#12077 = DIRECTION ( 'NONE',  ( 0.0000000000000000000, 1.000000000000000000, -0.0000000000000000000 ) ) ;
#12078 = EDGE_CURVE ( 'NONE', #4472, #9371, #4223, .T. ) ;
#12079 = CARTESIAN_POINT ( 'NONE',  ( 1.875000000000000000, 0.2749999999999999700, -0.6749999999999999300 ) ) ;
#12080 = ORIENTED_EDGE ( 'NONE', *, *, #710, .T. ) ;
#12081 = ORIENTED_EDGE ( 'NONE', *, *, #9808, .F. ) ;
#12082 = CARTESIAN_POINT ( 'NONE',  ( 3.285000000000000100, -3.924999999999999800, 1.600000000000000100 ) ) ;
#12083 = VECTOR ( 'NONE', #9483, 1000.000000000000000 ) ;
#12084 = LINE ( 'NONE', #5178, #954 ) ;
#12085 = DIRECTION ( 'NONE',  ( 0.0000000000000000000, 0.0000000000000000000, -1.000000000000000000 ) ) ;
#12086 = CARTESIAN_POINT ( 'NONE',  ( 3.900000000000000800, 0.7750000000000000200, -1.200000000000000200 ) ) ;
#12087 = DIRECTION ( 'NONE',  ( 0.0000000000000000000, -1.000000000000000000, 0.0000000000000000000 ) ) ;
#12088 = ORIENTED_EDGE ( 'NONE', *, *, #1619, .T. ) ;
#12089 = ADVANCED_FACE ( 'NONE', ( #7297 ), #6963, .T. ) ;
#12090 = PLANE ( 'NONE',  #3022 ) ;
#12091 = ORIENTED_EDGE ( 'NONE', *, *, #2784, .F. ) ;
#12092 = CARTESIAN_POINT ( 'NONE',  ( 5.675000000000000700, 0.9749999999999999800, -1.600000000000000100 ) ) ;
#12093 = VERTEX_POINT ( 'NONE', #8853 ) ;
#12094 = LINE ( 'NONE', #9219, #9630 ) ;
#12095 = DIRECTION ( 'NONE',  ( 1.000000000000000000, 0.0000000000000000000, -0.0000000000000000000 ) ) ;
#12096 = LINE ( 'NONE', #4923, #6231 ) ;
#12097 = AXIS2_PLACEMENT_3D ( 'NONE', #4076, #4974, #7941 ) ;
#12098 = DIRECTION ( 'NONE',  ( 0.0000000000000000000, -0.0000000000000000000, -1.000000000000000000 ) ) ;
#12099 = DIRECTION ( 'NONE',  ( -0.0000000000000000000, 0.0000000000000000000, 1.000000000000000000 ) ) ;
#12100 = ORIENTED_EDGE ( 'NONE', *, *, #11764, .F. ) ;
#12101 = PLANE ( 'NONE',  #10898 ) ;
#12102 = DIRECTION ( 'NONE',  ( -0.2033118901005035200, -0.9241449550023836900, -0.3234507342508327600 ) ) ;
#12103 = EDGE_CURVE ( 'NONE', #6185, #1057, #8057, .T. ) ;
#12104 = MANIFOLD_SOLID_BREP ( 'Cut-Extrude1[2]', #11585 ) ;
#12105 = DIRECTION ( 'NONE',  ( -1.000000000000000000, 0.0000000000000000000, 0.0000000000000000000 ) ) ;
#12106 = VERTEX_POINT ( 'NONE', #8934 ) ;
#12107 = VECTOR ( 'NONE', #832, 1000.000000000000000 ) ;
#12108 = VERTEX_POINT ( 'NONE', #3038 ) ;
#12109 = FACE_OUTER_BOUND ( 'NONE', #10217, .T. ) ;
#12110 = CARTESIAN_POINT ( 'NONE',  ( -1.714999999999999400, -3.125000000000000000, -0.4250000000000000400 ) ) ;
#12111 = LINE ( 'NONE', #12242, #689 ) ;
#12112 = CARTESIAN_POINT ( 'NONE',  ( 7.575000000000000200, -2.225000000000000100, -1.800000000000000300 ) ) ;
#12113 = ORIENTED_EDGE ( 'NONE', *, *, #9440, .F. ) ;
#12114 = DIRECTION ( 'NONE',  ( 1.000000000000000000, -0.0000000000000000000, 0.0000000000000000000 ) ) ;
#12115 = CARTESIAN_POINT ( 'NONE',  ( -1.715000000000000100, -3.775000000000000400, -0.5749999999999999600 ) ) ;
#12116 = VERTEX_POINT ( 'NONE', #4081 ) ;
#12117 = VECTOR ( 'NONE', #7355, 1000.000000000000000 ) ;
#12119 = EDGE_CURVE ( 'NONE', #4552, #10534, #1732, .T. ) ;
#12118 = ORIENTED_EDGE ( 'NONE', *, *, #10245, .F. ) ;
#12120 = LINE ( 'NONE', #7031, #8862 ) ;
#12121 = CARTESIAN_POINT ( 'NONE',  ( -2.125000000000000000, 0.0000000000000000000, 1.600000000000000100 ) ) ;
#12122 = ORIENTED_EDGE ( 'NONE', *, *, #9725, .F. ) ;
#12123 = VECTOR ( 'NONE', #11566, 1000.000000000000000 ) ;
#12124 = DIRECTION ( 'NONE',  ( 0.0000000000000000000, 0.0000000000000000000, 1.000000000000000000 ) ) ;
#12125 = EDGE_CURVE ( 'NONE', #2971, #2520, #22, .T. ) ;
#12126 = CARTESIAN_POINT ( 'NONE',  ( -5.575000000000000200, 0.9749999999999999800, -0.4500000000000001200 ) ) ;
#12127 = AXIS2_PLACEMENT_3D ( 'NONE', #7310, #440, #5287 ) ;
#12128 = CARTESIAN_POINT ( 'NONE',  ( 0.4650000000000000200, -3.225000000000000100, -1.125000000000000200 ) ) ;
#12129 = CARTESIAN_POINT ( 'NONE',  ( 1.715000000000002100, -3.125000000000000000, -0.8499999999999999800 ) ) ;
#12130 = DIRECTION ( 'NONE',  ( 1.000000000000000000, 0.0000000000000000000, 0.0000000000000000000 ) ) ;
#12131 = ORIENTED_EDGE ( 'NONE', *, *, #8592, .T. ) ;
#12132 = CARTESIAN_POINT ( 'NONE',  ( -0.7849999999999983700, -1.975000000000000100, -0.8499999999999999800 ) ) ;
#12133 = LINE ( 'NONE', #9969, #11056 ) ;
#12134 = CARTESIAN_POINT ( 'NONE',  ( -5.875000000000000000, -2.624999999999999600, -1.800000000000000300 ) ) ;
#12135 = DIRECTION ( 'NONE',  ( -1.000000000000000000, -0.0000000000000000000, -0.0000000000000000000 ) ) ;
#12136 = FACE_OUTER_BOUND ( 'NONE', #935, .T. ) ;
#12137 = ORIENTED_EDGE ( 'NONE', *, *, #9116, .T. ) ;
#12138 = AXIS2_PLACEMENT_3D ( 'NONE', #6663, #12655, #3667 ) ;
#12139 = DIRECTION ( 'NONE',  ( -1.000000000000000000, 0.0000000000000000000, -0.0000000000000000000 ) ) ;
#12140 = EDGE_CURVE ( 'NONE', #839, #1795, #9304, .T. ) ;
#12141 = ADVANCED_FACE ( 'NONE', ( #3463 ), #9933, .F. ) ;
#12142 = DIRECTION ( 'NONE',  ( 0.0000000000000000000, 0.7071067811863974700, 0.7071067811866975600 ) ) ;
#12143 = CARTESIAN_POINT ( 'NONE',  ( 9.090000000000001600, -3.125000000000000000, -1.300000000000000300 ) ) ;
#12144 = DIRECTION ( 'NONE',  ( 0.0000000000000000000, 0.0000000000000000000, -1.000000000000000000 ) ) ;
#12145 = LINE ( 'NONE', #3296, #8294 ) ;
#12146 = EDGE_CURVE ( 'NONE', #816, #9659, #8686, .T. ) ;
#12147 = VECTOR ( 'NONE', #2867, 1000.000000000000000 ) ;
#12148 = DIRECTION ( 'NONE',  ( -0.0000000000000000000, 0.0000000000000000000, 1.000000000000000000 ) ) ;
#12149 = VECTOR ( 'NONE', #11889, 1000.000000000000000 ) ;
#12150 = VERTEX_POINT ( 'NONE', #8039 ) ;
#12151 = CARTESIAN_POINT ( 'NONE',  ( 2.965000000000002500, -4.208005078473780400, -0.1000000000000000100 ) ) ;
#12152 = VERTEX_POINT ( 'NONE', #5020 ) ;
#12153 = ADVANCED_FACE ( 'NONE', ( #5299 ), #11964, .F. ) ;
#12154 = CARTESIAN_POINT ( 'NONE',  ( -5.275000000000000400, 0.9749999999999999800, -1.200000000000000000 ) ) ;
#12155 =( LENGTH_UNIT ( ) NAMED_UNIT ( * ) SI_UNIT ( .MILLI., .METRE. ) );
#12156 = EDGE_LOOP ( 'NONE', ( #3134, #7270, #1564, #8194 ) ) ;
#12157 = LINE ( 'NONE', #10332, #12474 ) ;
#12158 = EDGE_CURVE ( 'NONE', #659, #52, #6688, .T. ) ;
#12159 = CARTESIAN_POINT ( 'NONE',  ( 7.575000000000000200, -2.225000000000000100, -1.550000000000000300 ) ) ;
#12160 = LINE ( 'NONE', #2421, #2270 ) ;
#12161 = VECTOR ( 'NONE', #6998, 1000.000000000000000 ) ;
#12162 = ORIENTED_EDGE ( 'NONE', *, *, #2858, .F. ) ;
#12163 = CARTESIAN_POINT ( 'NONE',  ( -7.075000000000001100, 0.5749999999999999600, 0.3999999999999999700 ) ) ;
#12164 = LINE ( 'NONE', #1410, #4757 ) ;
#12165 = ORIENTED_EDGE ( 'NONE', *, *, #4371, .T. ) ;
#12166 = VERTEX_POINT ( 'NONE', #6234 ) ;
#12167 = CARTESIAN_POINT ( 'NONE',  ( -7.070000000000000300, -2.225000000000000100, -0.07000000000000010400 ) ) ;
#12168 = LINE ( 'NONE', #6680, #5216 ) ;
#12169 = CARTESIAN_POINT ( 'NONE',  ( -4.324999999999994000, 0.2750000000000011900, -0.4749999999999999800 ) ) ;
#12170 = VECTOR ( 'NONE', #991, 1000.000000000000000 ) ;
#12171 = CARTESIAN_POINT ( 'NONE',  ( 6.339999999999999900, -0.02499999999999984900, -0.5699999999999999500 ) ) ;
#12172 = FACE_OUTER_BOUND ( 'NONE', #527, .T. ) ;
#12173 = CARTESIAN_POINT ( 'NONE',  ( -3.285000000000000100, -3.624999999999999600, -1.800000000000000300 ) ) ;
#12174 = LINE ( 'NONE', #9098, #11097 ) ;
#12175 = ORIENTED_EDGE ( 'NONE', *, *, #4465, .T. ) ;
#12176 = ORIENTED_EDGE ( 'NONE', *, *, #9285, .T. ) ;
#12177 = ORIENTED_EDGE ( 'NONE', *, *, #4895, .F. ) ;
#12178 = AXIS2_PLACEMENT_3D ( 'NONE', #8961, #10092, #12085 ) ;
#12179 = DIRECTION ( 'NONE',  ( -1.000000000000000000, 0.0000000000000000000, -0.0000000000000000000 ) ) ;
#12180 = CARTESIAN_POINT ( 'NONE',  ( -2.034999999999998800, -3.125000000000000000, -0.1000000000000000100 ) ) ;
#12181 = EDGE_CURVE ( 'NONE', #4098, #1914, #11173, .T. ) ;
#12182 = VECTOR ( 'NONE', #7978, 1000.000000000000000 ) ;
#12183 = CARTESIAN_POINT ( 'NONE',  ( 0.7850000000000010300, -3.125000000000000000, -0.8499999999999999800 ) ) ;
#12184 = AXIS2_PLACEMENT_3D ( 'NONE', #1999, #185, #1175 ) ;
#12185 = VECTOR ( 'NONE', #9185, 1000.000000000000100 ) ;
#12186 = CARTESIAN_POINT ( 'NONE',  ( -0.7849999999999992500, -0.2250000000000001400, -0.09999999999999995000 ) ) ;
#12187 = VECTOR ( 'NONE', #1911, 1000.000000000000000 ) ;
#12188 = DIRECTION ( 'NONE',  ( 1.000000000000000000, 0.0000000000000000000, -0.0000000000000000000 ) ) ;
#12189 = CARTESIAN_POINT ( 'NONE',  ( 0.0000000000000000000, 0.0000000000000000000, 1.100000000000000100 ) ) ;
#12190 = ORIENTED_EDGE ( 'NONE', *, *, #2273, .T. ) ;
#12191 = VERTEX_POINT ( 'NONE', #10156 ) ;
#12192 = EDGE_CURVE ( 'NONE', #7686, #4369, #8238, .T. ) ;
#12193 = DIRECTION ( 'NONE',  ( 0.0000000000000000000, 1.000000000000000000, 0.0000000000000000000 ) ) ;
#12194 = ORIENTED_EDGE ( 'NONE', *, *, #7754, .F. ) ;
#12195 = PLANE ( 'NONE',  #803 ) ;
#12196 = PLANE ( 'NONE',  #8347 ) ;
#12197 = ORIENTED_EDGE ( 'NONE', *, *, #4868, .F. ) ;
#12198 = FACE_OUTER_BOUND ( 'NONE', #1236, .T. ) ;
#12199 = LINE ( 'NONE', #9923, #3248 ) ;
#12200 = VECTOR ( 'NONE', #3900, 1000.000000000000000 ) ;
#12201 = DIRECTION ( 'NONE',  ( -1.000000000000000000, 0.0000000000000000000, -0.0000000000000000000 ) ) ;
#12202 = ORIENTED_EDGE ( 'NONE', *, *, #1477, .F. ) ;
#12203 = ORIENTED_EDGE ( 'NONE', *, *, #6834, .T. ) ;
#12204 = EDGE_CURVE ( 'NONE', #1914, #8673, #666, .T. ) ;
#12205 = ORIENTED_EDGE ( 'NONE', *, *, #4385, .T. ) ;
#12206 = CARTESIAN_POINT ( 'NONE',  ( -4.535000000000000100, -4.025000000000000400, -1.800000000000000300 ) ) ;
#12207 = AXIS2_PLACEMENT_3D ( 'NONE', #11109, #9200, #11198 ) ;
#12208 = CARTESIAN_POINT ( 'NONE',  ( -3.375000000000000000, -2.625000000000000000, 1.100000000000000100 ) ) ;
#12209 = DIRECTION ( 'NONE',  ( 0.0000000000000000000, 0.0000000000000000000, 1.000000000000000000 ) ) ;
#12210 = ORIENTED_EDGE ( 'NONE', *, *, #3130, .F. ) ;
#12211 = EDGE_CURVE ( 'NONE', #12443, #7344, #8555, .T. ) ;
#12212 = ADVANCED_FACE ( 'NONE', ( #5746 ), #6272, .F. ) ;
#12213 = ORIENTED_EDGE ( 'NONE', *, *, #4230, .T. ) ;
#12214 = CARTESIAN_POINT ( 'NONE',  ( -5.275000000000000400, -0.1750000000000000200, 1.200000000000000000 ) ) ;
#12215 = CARTESIAN_POINT ( 'NONE',  ( 5.875000000000000000, -2.625000000000000000, -1.800000000000000300 ) ) ;
#12216 = ORIENTED_EDGE ( 'NONE', *, *, #6443, .T. ) ;
#12217 = ORIENTED_EDGE ( 'NONE', *, *, #3401, .F. ) ;
#12218 = ORIENTED_EDGE ( 'NONE', *, *, #10812, .T. ) ;
#12219 = LINE ( 'NONE', #6357, #6201 ) ;
#12220 = DIRECTION ( 'NONE',  ( 0.0000000000000000000, 1.000000000000000000, 0.0000000000000000000 ) ) ;
#12221 = ORIENTED_EDGE ( 'NONE', *, *, #4115, .F. ) ;
#12222 = DIRECTION ( 'NONE',  ( 0.0000000000000000000, 0.7071067811866975600, -0.7071067811863974700 ) ) ;
#12223 = PLANE ( 'NONE',  #4944 ) ;
#12224 = EDGE_CURVE ( 'NONE', #5136, #8681, #3297, .T. ) ;
#12225 = ORIENTED_EDGE ( 'NONE', *, *, #6358, .F. ) ;
#12226 = CARTESIAN_POINT ( 'NONE',  ( -6.349999999999999600, -2.225000000000000100, -0.6450000000000000200 ) ) ;
#12227 = ADVANCED_FACE ( 'NONE', ( #10998 ), #5290, .T. ) ;
#12228 = CARTESIAN_POINT ( 'NONE',  ( 7.375000000000001800, -2.225000000000000500, 0.09999999999999986700 ) ) ;
#12229 = VERTEX_POINT ( 'NONE', #4345 ) ;
#12230 = CARTESIAN_POINT ( 'NONE',  ( 5.875000000000000000, -3.225000000000000100, -1.800000000000000300 ) ) ;
#12231 = EDGE_CURVE ( 'NONE', #8403, #3997, #2027, .T. ) ;
#12232 = VERTEX_POINT ( 'NONE', #2213 ) ;
#12233 = ORIENTED_EDGE ( 'NONE', *, *, #7409, .F. ) ;
#12234 = LINE ( 'NONE', #489, #9292 ) ;
#12235 = DIRECTION ( 'NONE',  ( -0.0000000000000000000, 0.0000000000000000000, -1.000000000000000000 ) ) ;
#12236 = VECTOR ( 'NONE', #10593, 1000.000000000000000 ) ;
#12237 = ORIENTED_EDGE ( 'NONE', *, *, #1300, .T. ) ;
#12238 = PLANE ( 'NONE',  #390 ) ;
#12239 = DIRECTION ( 'NONE',  ( 0.0000000000000000000, 0.7071067811865475700, -0.7071067811865475700 ) ) ;
#12240 = ORIENTED_EDGE ( 'NONE', *, *, #9537, .F. ) ;
#12241 = AXIS2_PLACEMENT_3D ( 'NONE', #9847, #8939, #6018 ) ;
#12242 = CARTESIAN_POINT ( 'NONE',  ( -5.875000000000000000, -2.225000000000000100, -0.5450000000000001500 ) ) ;
#12243 = EDGE_CURVE ( 'NONE', #10781, #4606, #6837, .T. ) ;
#12244 = CARTESIAN_POINT ( 'NONE',  ( 1.715000000000000100, -3.924999999999999800, -0.5749999999999999600 ) ) ;
#12245 = CLOSED_SHELL ( 'NONE', ( #4768, #3642, #4653, #1409, #11567, #1118, #649, #434, #10539, #12665, #10915, #4202, #2297, #9560, #1739, #6654, #2887, #10397, #12012, #709, #5423, #6839 ) ) ;
#12246 = ORIENTED_EDGE ( 'NONE', *, *, #11105, .F. ) ;
#12247 = VECTOR ( 'NONE', #3356, 1000.000000000000000 ) ;
#12248 = LINE ( 'NONE', #11477, #8058 ) ;
#12249 = VERTEX_POINT ( 'NONE', #5105 ) ;
#12250 = DIRECTION ( 'NONE',  ( -1.000000000000000000, -0.0000000000000000000, 0.0000000000000000000 ) ) ;
#12251 = EDGE_CURVE ( 'NONE', #10076, #8669, #4058, .T. ) ;
#12252 = CARTESIAN_POINT ( 'NONE',  ( 5.174999999999999800, 0.9749999999999999800, -1.800000000000000300 ) ) ;
#12253 = ORIENTED_EDGE ( 'NONE', *, *, #12211, .T. ) ;
#12254 = DIRECTION ( 'NONE',  ( -1.000000000000000000, -0.0000000000000000000, -0.0000000000000000000 ) ) ;
#12255 = CARTESIAN_POINT ( 'NONE',  ( -5.174999999999999800, -0.4749999999999999200, -1.600000000000000100 ) ) ;
#12256 = CARTESIAN_POINT ( 'NONE',  ( 4.125000000000000000, -2.625000000000000000, 1.100000000000000100 ) ) ;
#12257 = VERTEX_POINT ( 'NONE', #8276 ) ;
#12258 = VECTOR ( 'NONE', #12599, 1000.000000000000000 ) ;
#12259 = LINE ( 'NONE', #9192, #12722 ) ;
#12260 = VERTEX_POINT ( 'NONE', #6147 ) ;
#12261 = CARTESIAN_POINT ( 'NONE',  ( -5.575000000000000200, 0.9749999999999999800, -1.800000000000000300 ) ) ;
#12262 = VERTEX_POINT ( 'NONE', #6098 ) ;
#12263 = EDGE_CURVE ( 'NONE', #3774, #8796, #2669, .T. ) ;
#12264 = DIRECTION ( 'NONE',  ( 0.0000000000000000000, 1.000000000000000000, 0.0000000000000000000 ) ) ;
#12265 = DIRECTION ( 'NONE',  ( 0.7071067811865474600, 0.0000000000000000000, 0.7071067811865474600 ) ) ;
#12266 = CARTESIAN_POINT ( 'NONE',  ( 3.285000000000000100, -4.025000000000000400, -1.800000000000000300 ) ) ;
#12267 = ORIENTED_EDGE ( 'NONE', *, *, #2503, .T. ) ;
#12268 = FACE_OUTER_BOUND ( 'NONE', #10793, .T. ) ;
#12269 = LINE ( 'NONE', #10507, #10866 ) ;
#12270 = CARTESIAN_POINT ( 'NONE',  ( 7.070000000000002100, -2.225000000000000100, -1.800000000000000300 ) ) ;
#12271 = EDGE_LOOP ( 'NONE', ( #4667, #5110, #12014, #4784 ) ) ;
#12272 = ADVANCED_BREP_SHAPE_REPRESENTATION ( '532610871', ( #12104, #4446, #4826, #11708, #2696, #2538, #9418, #10914, #10753, #1413 ), #6287 ) ;
#12273 = ADVANCED_FACE ( 'NONE', ( #6372 ), #11111, .T. ) ;
#12274 = DIRECTION ( 'NONE',  ( 1.000000000000000000, -0.0000000000000000000, 0.0000000000000000000 ) ) ;
#12275 = DIRECTION ( 'NONE',  ( -0.0000000000000000000, 1.000000000000000000, 0.0000000000000000000 ) ) ;
#12276 = VECTOR ( 'NONE', #10134, 1000.000000000000000 ) ;
#12277 = VERTEX_POINT ( 'NONE', #3262 ) ;
#12278 = DIRECTION ( 'NONE',  ( 0.0000000000000000000, -0.0000000000000000000, 1.000000000000000000 ) ) ;
#12279 = VECTOR ( 'NONE', #11281, 1000.000000000000000 ) ;
#12280 = LINE ( 'NONE', #7222, #7781 ) ;
#12281 = PLANE ( 'NONE',  #4121 ) ;
#12282 = DIRECTION ( 'NONE',  ( -1.000000000000000000, -0.0000000000000000000, 0.0000000000000000000 ) ) ;
#12283 = EDGE_CURVE ( 'NONE', #5131, #4821, #3771, .T. ) ;
#12284 = AXIS2_PLACEMENT_3D ( 'NONE', #514, #7292, #466 ) ;
#12285 = CARTESIAN_POINT ( 'NONE',  ( -3.020000000000000000, 0.02500000000000000100, -0.4749999999999999800 ) ) ;
#12286 = ORIENTED_EDGE ( 'NONE', *, *, #5868, .T. ) ;
#12287 = DIRECTION ( 'NONE',  ( -1.000000000000000000, -0.0000000000000000000, -0.0000000000000000000 ) ) ;
#12288 = LINE ( 'NONE', #12736, #6422 ) ;
#12289 = ADVANCED_FACE ( 'NONE', ( #11775 ), #257, .T. ) ;
#12290 = DIRECTION ( 'NONE',  ( 0.0000000000000000000, 0.0000000000000000000, 1.000000000000000000 ) ) ;
#12291 = LINE ( 'NONE', #11828, #6426 ) ;
#12292 = ORIENTED_EDGE ( 'NONE', *, *, #3415, .T. ) ;
#12293 = CARTESIAN_POINT ( 'NONE',  ( 4.535000000000000100, -4.224999999999999600, -1.300000000000000300 ) ) ;
#12294 = CARTESIAN_POINT ( 'NONE',  ( 0.4650000000000000200, -4.224999999999999600, -1.600000000000000100 ) ) ;
#12295 = AXIS2_PLACEMENT_3D ( 'NONE', #10922, #5010, #5049 ) ;
#12296 = DIRECTION ( 'NONE',  ( 0.7276068751089989100, -0.4850712500726660500, 0.4850712500726657700 ) ) ;
#12297 = EDGE_LOOP ( 'NONE', ( #9311, #8197, #11076, #5869 ) ) ;
#12298 = EDGE_CURVE ( 'NONE', #7757, #9492, #3121, .T. ) ;
#12299 = LINE ( 'NONE', #1245, #1779 ) ;
#12300 = CARTESIAN_POINT ( 'NONE',  ( 0.0000000000000000000, -0.1749999999999999900, 1.600000000000000100 ) ) ;
#12301 = ORIENTED_EDGE ( 'NONE', *, *, #9109, .T. ) ;
#12302 = VECTOR ( 'NONE', #11605, 1000.000000000000000 ) ;
#12303 = VECTOR ( 'NONE', #11379, 1000.000000000000000 ) ;
#12304 = VERTEX_POINT ( 'NONE', #4471 ) ;
#12305 = EDGE_CURVE ( 'NONE', #4823, #7686, #3917, .T. ) ;
#12306 = ADVANCED_FACE ( 'NONE', ( #9149 ), #9299, .F. ) ;
#12307 = CARTESIAN_POINT ( 'NONE',  ( -4.214999999999999900, -1.975000000000000100, -0.8499999999999999800 ) ) ;
#12308 = AXIS2_PLACEMENT_3D ( 'NONE', #10460, #2398, #10423 ) ;
#12309 = DIRECTION ( 'NONE',  ( 0.0000000000000000000, 0.0000000000000000000, -1.000000000000000000 ) ) ;
#12310 = DIRECTION ( 'NONE',  ( 0.0000000000000000000, -1.000000000000000000, 0.0000000000000000000 ) ) ;
#12311 = VECTOR ( 'NONE', #8024, 1000.000000000000000 ) ;
#12312 = FACE_OUTER_BOUND ( 'NONE', #9430, .T. ) ;
#12313 = CARTESIAN_POINT ( 'NONE',  ( 5.275000000000000400, 0.7750000000000001300, -0.4500000000000001200 ) ) ;
#12314 = EDGE_CURVE ( 'NONE', #2025, #5884, #10237, .T. ) ;
#12315 = ORIENTED_EDGE ( 'NONE', *, *, #7185, .F. ) ;
#12316 = ORIENTED_EDGE ( 'NONE', *, *, #9856, .F. ) ;
#12317 = EDGE_LOOP ( 'NONE', ( #3172, #10819, #7005, #4347, #2318, #1962, #234, #10913, #1441, #7880, #4758, #5772 ) ) ;
#12318 = CARTESIAN_POINT ( 'NONE',  ( -2.035000000000000100, -3.225000000000000100, -1.300000000000000300 ) ) ;
#12319 = PLANE ( 'NONE',  #8188 ) ;
#12320 = CARTESIAN_POINT ( 'NONE',  ( 4.624999999999999100, -3.225000000000000100, 1.100000000000000100 ) ) ;
#12321 = EDGE_CURVE ( 'NONE', #3608, #10781, #2811, .T. ) ;
#12322 = CARTESIAN_POINT ( 'NONE',  ( 4.925000000000000700, -0.6250000000000001100, 1.399999999999999900 ) ) ;
#12323 = DIRECTION ( 'NONE',  ( 1.000000000000000000, -0.0000000000000000000, 0.0000000000000000000 ) ) ;
#12324 = VECTOR ( 'NONE', #8566, 1000.000000000000000 ) ;
#12325 = CARTESIAN_POINT ( 'NONE',  ( 3.285000000000000100, -3.125000000000000000, -0.4249999999999999900 ) ) ;
#12326 = LINE ( 'NONE', #2865, #1181 ) ;
#12327 = LINE ( 'NONE', #10900, #2275 ) ;
#12328 = ORIENTED_EDGE ( 'NONE', *, *, #12555, .F. ) ;
#12329 = ORIENTED_EDGE ( 'NONE', *, *, #10738, .T. ) ;
#12330 = DIRECTION ( 'NONE',  ( 1.000000000000000000, 0.0000000000000000000, 0.0000000000000000000 ) ) ;
#12331 = EDGE_LOOP ( 'NONE', ( #11165, #9302, #6346, #1949 ) ) ;
#12332 = DIRECTION ( 'NONE',  ( 0.0000000000000000000, 0.7071067811865452400, -0.7071067811865497900 ) ) ;
#12333 = DIRECTION ( 'NONE',  ( 0.0000000000000000000, 0.0000000000000000000, 1.000000000000000000 ) ) ;
#12334 = CARTESIAN_POINT ( 'NONE',  ( 6.009999999999999800, -1.075000000000000000, -1.399999999999999900 ) ) ;
#12335 = EDGE_CURVE ( 'NONE', #7154, #1394, #10058, .T. ) ;
#12336 = FACE_OUTER_BOUND ( 'NONE', #9260, .T. ) ;
#12337 = DIRECTION ( 'NONE',  ( -0.7071067811865474600, 0.0000000000000000000, -0.7071067811865474600 ) ) ;
#12338 = ADVANCED_FACE ( 'NONE', ( #6675 ), #10457, .F. ) ;
#12339 = LINE ( 'NONE', #1406, #2298 ) ;
#12340 = CIRCLE ( 'NONE', #6502, 0.2000000000000000900 ) ;
#12341 = VECTOR ( 'NONE', #853, 1000.000000000000100 ) ;
#12342 = EDGE_LOOP ( 'NONE', ( #6306, #5043, #5757, #7864 ) ) ;
#12343 = ORIENTED_EDGE ( 'NONE', *, *, #9480, .T. ) ;
#12344 = CARTESIAN_POINT ( 'NONE',  ( -3.284999999999998800, -4.208005078473780400, -0.8499999999999999800 ) ) ;
#12345 = ORIENTED_EDGE ( 'NONE', *, *, #12781, .T. ) ;
#12346 = LINE ( 'NONE', #8698, #6005 ) ;
#12347 = VECTOR ( 'NONE', #3923, 1000.000000000000000 ) ;
#12348 = LINE ( 'NONE', #2459, #4306 ) ;
#12349 = DIRECTION ( 'NONE',  ( -0.0000000000000000000, -1.000000000000000000, -0.0000000000000000000 ) ) ;
#12350 = ADVANCED_FACE ( 'NONE', ( #7455 ), #11421, .T. ) ;
#12351 = CARTESIAN_POINT ( 'NONE',  ( 3.899999999999999900, -0.4749999999999999800, -1.200000000000000000 ) ) ;
#12352 = EDGE_LOOP ( 'NONE', ( #4069, #9094, #6545, #12755 ) ) ;
#12353 = VERTEX_POINT ( 'NONE', #9424 ) ;
#12354 = EDGE_CURVE ( 'NONE', #10345, #8736, #2013, .T. ) ;
#12355 = EDGE_LOOP ( 'NONE', ( #4883, #1362, #7815, #8201 ) ) ;
#12356 = VECTOR ( 'NONE', #11455, 1000.000000000000000 ) ;
#12357 = AXIS2_PLACEMENT_3D ( 'NONE', #9980, #8049, #7959 ) ;
#12358 = LINE ( 'NONE', #7982, #1838 ) ;
#12359 = CIRCLE ( 'NONE', #7406, 0.3499999999999999200 ) ;
#12360 = DIRECTION ( 'NONE',  ( -1.000000000000000000, -0.0000000000000000000, -0.0000000000000000000 ) ) ;
#12361 = CARTESIAN_POINT ( 'NONE',  ( -2.875000000000000000, -3.225000000000000100, 1.100000000000000100 ) ) ;
#12362 = CARTESIAN_POINT ( 'NONE',  ( -5.675000000000000700, 0.9749999999999999800, -1.800000000000000300 ) ) ;
#12363 = CARTESIAN_POINT ( 'NONE',  ( 5.299999999999999800, -3.115000000000000200, -0.5000000000000000000 ) ) ;
#12364 = ORIENTED_EDGE ( 'NONE', *, *, #8814, .F. ) ;
#12365 = ORIENTED_EDGE ( 'NONE', *, *, #10870, .T. ) ;
#12366 = ORIENTED_EDGE ( 'NONE', *, *, #6401, .F. ) ;
#12367 = ADVANCED_FACE ( 'NONE', ( #5441 ), #6495, .F. ) ;
#12368 = ORIENTED_EDGE ( 'NONE', *, *, #11894, .T. ) ;
#12369 = AXIS2_PLACEMENT_3D ( 'NONE', #7828, #12425, #9765 ) ;
#12370 = VERTEX_POINT ( 'NONE', #10328 ) ;
#12371 = CARTESIAN_POINT ( 'NONE',  ( -4.534999999999999300, -4.208005078473780400, -0.8499999999999999800 ) ) ;
#12372 = DIRECTION ( 'NONE',  ( 0.9766444667050946400, 0.2148617826750988400, 0.0000000000000000000 ) ) ;
#12373 = CARTESIAN_POINT ( 'NONE',  ( -4.625000000000000000, -3.225000000000000100, -1.800000000000000300 ) ) ;
#12375 = EDGE_CURVE ( 'NONE', #11690, #2345, #2968, .T. ) ;
#12374 = EDGE_LOOP ( 'NONE', ( #11936, #4929, #12067, #6520 ) ) ;
#12376 = CARTESIAN_POINT ( 'NONE',  ( 4.535000000000000100, -3.775000000000000400, -0.4249999999999999900 ) ) ;
#12377 = ORIENTED_EDGE ( 'NONE', *, *, #3458, .F. ) ;
#12378 = ORIENTED_EDGE ( 'NONE', *, *, #7835, .T. ) ;
#12379 = DIRECTION ( 'NONE',  ( 1.000000000000000000, 0.0000000000000000000, -0.0000000000000000000 ) ) ;
#12380 = VECTOR ( 'NONE', #10966, 1000.000000000000000 ) ;
#12381 = FACE_OUTER_BOUND ( 'NONE', #11442, .T. ) ;
#12382 = EDGE_CURVE ( 'NONE', #9266, #12543, #7130, .T. ) ;
#12383 = DIRECTION ( 'NONE',  ( 1.000000000000000000, 0.0000000000000000000, -0.0000000000000000000 ) ) ;
#12384 = ORIENTED_EDGE ( 'NONE', *, *, #6780, .F. ) ;
#12385 = DIRECTION ( 'NONE',  ( -0.0000000000000000000, -0.0000000000000000000, 1.000000000000000000 ) ) ;
#12386 = ORIENTED_EDGE ( 'NONE', *, *, #4004, .T. ) ;
#12387 = AXIS2_PLACEMENT_3D ( 'NONE', #2453, #11266, #11317 ) ;
#12388 = VERTEX_POINT ( 'NONE', #3453 ) ;
#12389 = ORIENTED_EDGE ( 'NONE', *, *, #11875, .T. ) ;
#12390 = PLANE ( 'NONE',  #1764 ) ;
#12391 = LINE ( 'NONE', #6873, #9743 ) ;
#12392 = EDGE_CURVE ( 'NONE', #10404, #5470, #12234, .T. ) ;
#12393 = FACE_OUTER_BOUND ( 'NONE', #1047, .T. ) ;
#12394 = DIRECTION ( 'NONE',  ( 0.0000000000000000000, 1.000000000000000000, -0.0000000000000000000 ) ) ;
#12395 = ORIENTED_EDGE ( 'NONE', *, *, #10413, .T. ) ;
#12396 =( LENGTH_UNIT ( ) NAMED_UNIT ( * ) SI_UNIT ( .MILLI., .METRE. ) );
#12397 = CARTESIAN_POINT ( 'NONE',  ( -1.715000000000000100, -4.224999999999999600, -1.600000000000000100 ) ) ;
#12398 = ORIENTED_EDGE ( 'NONE', *, *, #5590, .T. ) ;
#12399 = EDGE_CURVE ( 'NONE', #11658, #3566, #5894, .T. ) ;
#12400 = AXIS2_PLACEMENT_3D ( 'NONE', #1338, #5574, #9363 ) ;
#12401 = ADVANCED_FACE ( 'NONE', ( #9601 ), #12319, .F. ) ;
#12402 = VERTEX_POINT ( 'NONE', #7481 ) ;
#12403 = EDGE_LOOP ( 'NONE', ( #3866, #3947, #6992, #10577 ) ) ;
#12404 = VECTOR ( 'NONE', #4611, 1000.000000000000000 ) ;
#12405 = CARTESIAN_POINT ( 'NONE',  ( -3.285000000000000100, -3.775000000000000400, -0.4249999999999999300 ) ) ;
#12406 = VECTOR ( 'NONE', #3284, 1000.000000000000000 ) ;
#12407 = CARTESIAN_POINT ( 'NONE',  ( 0.8750000000000000000, -2.625000000000000000, 1.600000000000000100 ) ) ;
#12408 = FILL_AREA_STYLE_COLOUR ( '', #247 ) ;
#12409 = ORIENTED_EDGE ( 'NONE', *, *, #7404, .T. ) ;
#12410 = CARTESIAN_POINT ( 'NONE',  ( -5.875000000000000000, -2.225000000000000100, 0.3999999999999999700 ) ) ;
#12411 = DIRECTION ( 'NONE',  ( 0.5773502691896247300, -0.5773502691896259500, -0.5773502691896266200 ) ) ;
#12412 = ORIENTED_EDGE ( 'NONE', *, *, #8683, .T. ) ;
#12413 = EDGE_CURVE ( 'NONE', #6638, #3242, #10535, .T. ) ;
#12414 = DIRECTION ( 'NONE',  ( 0.0000000000000000000, 0.0000000000000000000, 1.000000000000000000 ) ) ;
#12415 = EDGE_LOOP ( 'NONE', ( #6269, #4359, #10117, #9628 ) ) ;
#12416 = LINE ( 'NONE', #5426, #2834 ) ;
#12418 = CARTESIAN_POINT ( 'NONE',  ( 4.535000000000000100, -4.224999999999999600, -1.600000000000000100 ) ) ;
#12417 = FACE_OUTER_BOUND ( 'NONE', #8442, .T. ) ;
#12419 = ADVANCED_FACE ( 'NONE', ( #10382 ), #6539, .F. ) ;
#12420 = CARTESIAN_POINT ( 'NONE',  ( -5.875000000000000000, -2.225000000000000100, -1.550000000000000300 ) ) ;
#12421 = PLANE ( 'NONE',  #6179 ) ;
#12422 = VERTEX_POINT ( 'NONE', #2598 ) ;
#12423 = DIRECTION ( 'NONE',  ( 1.000000000000000000, 0.0000000000000000000, -0.0000000000000000000 ) ) ;
#12424 = DIRECTION ( 'NONE',  ( 0.0000000000000000000, -1.000000000000000000, 0.0000000000000000000 ) ) ;
#12425 = DIRECTION ( 'NONE',  ( 0.0000000000000000000, 0.7071067811866975600, -0.7071067811863974700 ) ) ;
#12426 = CARTESIAN_POINT ( 'NONE',  ( 3.285000000000000100, -3.225000000000000100, -0.9250000000000000400 ) ) ;
#12427 = ORIENTED_EDGE ( 'NONE', *, *, #11930, .T. ) ;
#12428 = VECTOR ( 'NONE', #7200, 1000.000000000000000 ) ;
#12429 = ORIENTED_EDGE ( 'NONE', *, *, #3345, .F. ) ;
#12430 = VECTOR ( 'NONE', #1757, 1000.000000000000000 ) ;
#12431 = CARTESIAN_POINT ( 'NONE',  ( 4.535000000000000100, -3.125000000000000000, -0.4249999999999999900 ) ) ;
#12432 = FACE_OUTER_BOUND ( 'NONE', #2866, .T. ) ;
#12433 = ADVANCED_FACE ( 'NONE', ( #1870 ), #1811, .T. ) ;
#12434 = EDGE_CURVE ( 'NONE', #1071, #11855, #2188, .T. ) ;
#12435 = PLANE ( 'NONE',  #3404 ) ;
#12436 = ORIENTED_EDGE ( 'NONE', *, *, #12314, .F. ) ;
#12437 = APPLICATION_CONTEXT ( 'automotive_design' ) ;
#12438 = LINE ( 'NONE', #7847, #8106 ) ;
#12439 = CARTESIAN_POINT ( 'NONE',  ( 0.7850000000000000300, -4.224999999999999600, -1.300000000000000300 ) ) ;
#12440 = ORIENTED_EDGE ( 'NONE', *, *, #3203, .T. ) ;
#12441 = EDGE_CURVE ( 'NONE', #11312, #6510, #165, .T. ) ;
#12442 = FACE_OUTER_BOUND ( 'NONE', #3568, .T. ) ;
#12443 = VERTEX_POINT ( 'NONE', #10795 ) ;
#12444 = LINE ( 'NONE', #4448, #10733 ) ;
#12445 = CARTESIAN_POINT ( 'NONE',  ( 6.875000000000000900, 0.5749999999999999600, -1.500000000000000000 ) ) ;
#12446 = CARTESIAN_POINT ( 'NONE',  ( 0.4650000000000000200, -3.225000000000000100, -1.800000000000000300 ) ) ;
#12447 = DIRECTION ( 'NONE',  ( 0.0000000000000000000, 1.000000000000000000, 0.0000000000000000000 ) ) ;
#12448 = DIRECTION ( 'NONE',  ( -0.0000000000000000000, 0.3303504247281061600, 0.9438583563660174500 ) ) ;
#12449 = ORIENTED_EDGE ( 'NONE', *, *, #7243, .F. ) ;
#12450 = VECTOR ( 'NONE', #8976, 1000.000000000000000 ) ;
#12451 = DIRECTION ( 'NONE',  ( -1.000000000000000000, 0.0000000000000000000, -0.0000000000000000000 ) ) ;
#12452 = EDGE_CURVE ( 'NONE', #7620, #1473, #5124, .T. ) ;
#12453 = LINE ( 'NONE', #7525, #4872 ) ;
#12454 = EDGE_LOOP ( 'NONE', ( #5880, #12175, #3915, #10672, #3256, #8372, #7972, #5825, #12122, #1525, #11386, #5074, #9771, #2017, #1592, #2805 ) ) ;
#12455 = CARTESIAN_POINT ( 'NONE',  ( -5.875000000000000000, -0.1750000000000000200, 1.200000000000000000 ) ) ;
#12456 = EDGE_CURVE ( 'NONE', #9267, #12304, #330, .T. ) ;
#12457 = ORIENTED_EDGE ( 'NONE', *, *, #1267, .T. ) ;
#12458 = DIRECTION ( 'NONE',  ( 0.0000000000000000000, 0.7071067811865452400, -0.7071067811865497900 ) ) ;
#12459 = DIRECTION ( 'NONE',  ( -0.0000000000000000000, -0.0000000000000000000, -1.000000000000000000 ) ) ;
#12460 = LINE ( 'NONE', #12307, #4278 ) ;
#12461 = CARTESIAN_POINT ( 'NONE',  ( -1.824999999999994800, 0.2750000000000011900, -0.4749999999999999800 ) ) ;
#12462 = VECTOR ( 'NONE', #5888, 1000.000000000000000 ) ;
#12463 = DIRECTION ( 'NONE',  ( -0.0000000000000000000, -0.0000000000000000000, -1.000000000000000000 ) ) ;
#12464 = CARTESIAN_POINT ( 'NONE',  ( -6.099999999999999600, -2.035000000000000100, -0.6449999999999999100 ) ) ;
#12465 = FACE_OUTER_BOUND ( 'NONE', #1250, .T. ) ;
#12466 = ORIENTED_EDGE ( 'NONE', *, *, #722, .F. ) ;
#12467 = AXIS2_PLACEMENT_3D ( 'NONE', #8701, #3922, #12669 ) ;
#12468 = CARTESIAN_POINT ( 'NONE',  ( 6.870000000000000100, -2.225000000000000100, -0.2700000000000000200 ) ) ;
#12469 = ADVANCED_FACE ( 'NONE', ( #3617 ), #8764, .F. ) ;
#12470 = EDGE_LOOP ( 'NONE', ( #2977, #21, #10903, #11219 ) ) ;
#12471 = VERTEX_POINT ( 'NONE', #900 ) ;
#12472 = EDGE_CURVE ( 'NONE', #10957, #1100, #8539, .T. ) ;
#12473 = DIRECTION ( 'NONE',  ( 0.0000000000000000000, 0.0000000000000000000, 1.000000000000000000 ) ) ;
#12474 = VECTOR ( 'NONE', #6410, 1000.000000000000000 ) ;
#12475 = EDGE_CURVE ( 'NONE', #1110, #4990, #10, .T. ) ;
#12476 = DIRECTION ( 'NONE',  ( 0.0000000000000000000, -1.000000000000000000, -0.0000000000000000000 ) ) ;
#12477 = LINE ( 'NONE', #8360, #414 ) ;
#12478 = AXIS2_PLACEMENT_3D ( 'NONE', #6289, #2408, #7283 ) ;
#12479 = ORIENTED_EDGE ( 'NONE', *, *, #9643, .T. ) ;
#12480 = DIRECTION ( 'NONE',  ( 1.000000000000000000, 0.0000000000000000000, 0.0000000000000000000 ) ) ;
#12481 = VECTOR ( 'NONE', #8907, 1000.000000000000000 ) ;
#12482 = ORIENTED_EDGE ( 'NONE', *, *, #6810, .T. ) ;
#12483 = ORIENTED_EDGE ( 'NONE', *, *, #4772, .T. ) ;
#12484 = ADVANCED_FACE ( 'NONE', ( #12693 ), #6578, .F. ) ;
#12485 = CARTESIAN_POINT ( 'NONE',  ( 3.285000000000000100, -3.225000000000000100, -0.9250000000000000400 ) ) ;
#12486 = LINE ( 'NONE', #2349, #9836 ) ;
#12487 = DIRECTION ( 'NONE',  ( 1.000000000000000000, 0.0000000000000000000, 0.0000000000000000000 ) ) ;
#12488 = EDGE_CURVE ( 'NONE', #7634, #12370, #6211, .T. ) ;
#12489 = VECTOR ( 'NONE', #11103, 1000.000000000000000 ) ;
#12490 = FACE_OUTER_BOUND ( 'NONE', #5365, .T. ) ;
#12491 = CARTESIAN_POINT ( 'NONE',  ( 6.540000000000000900, 0.07500000000000030300, -1.500000000000000200 ) ) ;
#12492 = DIRECTION ( 'NONE',  ( -0.0000000000000000000, 1.000000000000000000, -0.0000000000000000000 ) ) ;
#12493 = LINE ( 'NONE', #290, #9077 ) ;
#12494 = ORIENTED_EDGE ( 'NONE', *, *, #11538, .F. ) ;
#12495 = VERTEX_POINT ( 'NONE', #1899 ) ;
#12496 = DIRECTION ( 'NONE',  ( 0.0000000000000000000, 1.000000000000000000, -0.0000000000000000000 ) ) ;
#12497 = VERTEX_POINT ( 'NONE', #9504 ) ;
#12498 = EDGE_CURVE ( 'NONE', #6409, #9049, #6822, .T. ) ;
#12499 = DIRECTION ( 'NONE',  ( -0.2033118901005232200, 0.9241449550023794800, -0.3234507342508328700 ) ) ;
#12500 = VECTOR ( 'NONE', #4983, 1000.000000000000000 ) ;
#12501 = ADVANCED_FACE ( 'NONE', ( #11154 ), #5585, .F. ) ;
#12502 = CARTESIAN_POINT ( 'NONE',  ( -2.035000000000000100, -3.225000000000000100, -1.800000000000000300 ) ) ;
#12503 = VECTOR ( 'NONE', #5264, 999.9999999999998900 ) ;
#12504 = FACE_BOUND ( 'NONE', #7398, .T. ) ;
#12505 = LINE ( 'NONE', #8738, #7552 ) ;
#12506 = CARTESIAN_POINT ( 'NONE',  ( -4.214999999999999900, -4.025000000000000400, -1.800000000000000300 ) ) ;
#12507 = DIRECTION ( 'NONE',  ( 0.0000000000000000000, -0.0000000000000000000, 1.000000000000000000 ) ) ;
#12508 = DIRECTION ( 'NONE',  ( 0.0000000000000000000, 0.0000000000000000000, 1.000000000000000000 ) ) ;
#12509 = VECTOR ( 'NONE', #4801, 1000.000000000000000 ) ;
#12510 = EDGE_LOOP ( 'NONE', ( #9322, #1730, #12482, #5856, #5831, #7071, #899, #2938, #8940, #9864, #8572, #2003, #4817, #1019, #12329, #469, #3494, #2233, #12577, #1862 ) ) ;
#12511 = CARTESIAN_POINT ( 'NONE',  ( -6.099999999999999600, -0.02499999999999988700, -1.350000000000000100 ) ) ;
#12512 = CARTESIAN_POINT ( 'NONE',  ( -3.284999999999998800, -3.125000000000000000, -0.8499999999999999800 ) ) ;
#12513 = ORIENTED_EDGE ( 'NONE', *, *, #4406, .T. ) ;
#12514 = VECTOR ( 'NONE', #7331, 1000.000000000000000 ) ;
#12515 = DIRECTION ( 'NONE',  ( 0.0000000000000000000, -1.000000000000000000, 0.0000000000000000000 ) ) ;
#12516 = EDGE_CURVE ( 'NONE', #7751, #7872, #12391, .T. ) ;
#12517 = FACE_OUTER_BOUND ( 'NONE', #6941, .T. ) ;
#12518 = LINE ( 'NONE', #10086, #9423 ) ;
#12519 = DIRECTION ( 'NONE',  ( 0.0000000000000000000, 1.000000000000000000, 0.0000000000000000000 ) ) ;
#12520 = ORIENTED_EDGE ( 'NONE', *, *, #12065, .F. ) ;
#12521 = EDGE_LOOP ( 'NONE', ( #4178, #11471, #1555, #10743, #4084, #3995, #6291 ) ) ;
#12522 = ORIENTED_EDGE ( 'NONE', *, *, #5850, .T. ) ;
#12523 = DIRECTION ( 'NONE',  ( 1.000000000000000000, 0.0000000000000000000, -0.0000000000000000000 ) ) ;
#12524 = EDGE_LOOP ( 'NONE', ( #11472, #8043, #10439, #657 ) ) ;
#12525 = DIRECTION ( 'NONE',  ( 0.0000000000000000000, 1.000000000000000000, 0.0000000000000000000 ) ) ;
#12526 = EDGE_LOOP ( 'NONE', ( #6566, #9950, #9303, #4014 ) ) ;
#12527 = AXIS2_PLACEMENT_3D ( 'NONE', #6736, #10694, #6656 ) ;
#12528 = PLANE ( 'NONE',  #7079 ) ;
#12529 = EDGE_LOOP ( 'NONE', ( #3984, #1559, #12328, #4939 ) ) ;
#12530 = ORIENTED_EDGE ( 'NONE', *, *, #9902, .F. ) ;
#12531 = EDGE_CURVE ( 'NONE', #12495, #11099, #4527, .T. ) ;
#12532 = ORIENTED_EDGE ( 'NONE', *, *, #3999, .F. ) ;
#12533 = CARTESIAN_POINT ( 'NONE',  ( -0.8750000000000000000, -2.625000000000000000, 1.600000000000000100 ) ) ;
#12534 = LINE ( 'NONE', #8174, #1858 ) ;
#12535 = ADVANCED_FACE ( 'NONE', ( #11766 ), #9873, .T. ) ;
#12536 = VERTEX_POINT ( 'NONE', #3827 ) ;
#12537 = CARTESIAN_POINT ( 'NONE',  ( 4.299999999999999800, -0.4749999999999999200, -1.200000000000000000 ) ) ;
#12538 = CARTESIAN_POINT ( 'NONE',  ( 5.174999999999999800, 0.9749999999999999800, -1.600000000000000100 ) ) ;
#12539 = ORIENTED_EDGE ( 'NONE', *, *, #1404, .T. ) ;
#12540 = DIRECTION ( 'NONE',  ( -0.0000000000000000000, -0.0000000000000000000, -1.000000000000000000 ) ) ;
#12541 = CARTESIAN_POINT ( 'NONE',  ( 5.675000000000000700, -2.224999999999999600, -1.800000000000000300 ) ) ;
#12542 = CARTESIAN_POINT ( 'NONE',  ( -7.575000000000001100, -2.025000000000000400, -1.550000000000000300 ) ) ;
#12543 = VERTEX_POINT ( 'NONE', #9052 ) ;
#12544 = ORIENTED_EDGE ( 'NONE', *, *, #10528, .T. ) ;
#12545 = ORIENTED_EDGE ( 'NONE', *, *, #5808, .T. ) ;
#12546 = LINE ( 'NONE', #4030, #11473 ) ;
#12547 = FACE_OUTER_BOUND ( 'NONE', #1069, .T. ) ;
#12548 = ORIENTED_EDGE ( 'NONE', *, *, #9109, .F. ) ;
#12549 = DIRECTION ( 'NONE',  ( 0.0000000000000000000, 0.0000000000000000000, -1.000000000000000000 ) ) ;
#12550 = DIRECTION ( 'NONE',  ( -1.000000000000000000, 0.0000000000000000000, -0.0000000000000000000 ) ) ;
#12551 = ADVANCED_FACE ( 'NONE', ( #5282 ), #115, .F. ) ;
#12552 = DIRECTION ( 'NONE',  ( -0.0000000000000000000, 1.000000000000000000, 0.0000000000000000000 ) ) ;
#12553 = VERTEX_POINT ( 'NONE', #2022 ) ;
#12554 = DIRECTION ( 'NONE',  ( -0.7071067811865474600, 0.0000000000000000000, 0.7071067811865474600 ) ) ;
#12555 = EDGE_CURVE ( 'NONE', #8448, #9492, #2657, .T. ) ;
#12556 = ORIENTED_EDGE ( 'NONE', *, *, #4959, .F. ) ;
#12557 = CARTESIAN_POINT ( 'NONE',  ( 3.285000000000001500, -3.125000000000000000, -0.8499999999999999800 ) ) ;
#12558 = CARTESIAN_POINT ( 'NONE',  ( 5.875000000000000000, 0.5749999999999999600, -1.500000000000000000 ) ) ;
#12559 = EDGE_CURVE ( 'NONE', #5082, #6955, #3904, .T. ) ;
#12560 = ORIENTED_EDGE ( 'NONE', *, *, #11944, .F. ) ;
#12561 = VERTEX_POINT ( 'NONE', #7939 ) ;
#12562 = VECTOR ( 'NONE', #7264, 1000.000000000000000 ) ;
#12563 = PRESENTATION_LAYER_ASSIGNMENT (  '', '', ( #4780 ) ) ;
#12564 = LINE ( 'NONE', #501, #2813 ) ;
#12565 = DIRECTION ( 'NONE',  ( 1.000000000000000000, 0.0000000000000000000, -0.0000000000000000000 ) ) ;
#12566 = ORIENTED_EDGE ( 'NONE', *, *, #12802, .T. ) ;
#12567 = AXIS2_PLACEMENT_3D ( 'NONE', #1927, #3980, #11742 ) ;
#12568 = ADVANCED_FACE ( 'NONE', ( #10224 ), #5094, .T. ) ;
#12569 = DIRECTION ( 'NONE',  ( 0.0000000000000000000, -0.0000000000000000000, -1.000000000000000000 ) ) ;
#12570 = EDGE_CURVE ( 'NONE', #3253, #12602, #4671, .T. ) ;
#12571 = CARTESIAN_POINT ( 'NONE',  ( 2.035000000000000100, -3.775000000000000400, -0.4249999999999999900 ) ) ;
#12572 = ORIENTED_EDGE ( 'NONE', *, *, #6208, .T. ) ;
#12573 = VECTOR ( 'NONE', #8703, 1000.000000000000000 ) ;
#12574 = LINE ( 'NONE', #10963, #31 ) ;
#12575 = ORIENTED_EDGE ( 'NONE', *, *, #10218, .F. ) ;
#12576 = PLANE ( 'NONE',  #2710 ) ;
#12577 = ORIENTED_EDGE ( 'NONE', *, *, #2801, .T. ) ;
#12578 = EDGE_CURVE ( 'NONE', #7699, #1034, #937, .T. ) ;
#12579 = DIRECTION ( 'NONE',  ( 1.000000000000000000, 0.0000000000000000000, -0.0000000000000000000 ) ) ;
#12580 = CARTESIAN_POINT ( 'NONE',  ( -0.7849999999999983700, -1.975000000000000100, -0.1000000000000000100 ) ) ;
#12581 = ORIENTED_EDGE ( 'NONE', *, *, #11405, .T. ) ;
#12582 = CARTESIAN_POINT ( 'NONE',  ( 5.375000000000020400, -3.115000000000000200, -1.010638308525015900 ) ) ;
#12583 = VECTOR ( 'NONE', #9656, 1000.000000000000000 ) ;
#12584 = VECTOR ( 'NONE', #5634, 1000.000000000000000 ) ;
#12585 = DIRECTION ( 'NONE',  ( -0.0000000000000000000, -0.0000000000000000000, -1.000000000000000000 ) ) ;
#12586 = CARTESIAN_POINT ( 'NONE',  ( 4.535000000000000100, -3.225000000000000100, -0.9250000000000000400 ) ) ;
#12588 = EDGE_CURVE ( 'NONE', #8152, #3379, #7595, .T. ) ;
#12587 = VERTEX_POINT ( 'NONE', #6089 ) ;
#12589 = CARTESIAN_POINT ( 'NONE',  ( 6.349999999999999600, -2.225000000000000100, -0.6450000000000000200 ) ) ;
#12590 = PLANE ( 'NONE',  #3352 ) ;
#12591 = EDGE_CURVE ( 'NONE', #7134, #4130, #12546, .T. ) ;
#12592 = CARTESIAN_POINT ( 'NONE',  ( -5.174999999999999800, -0.4749999999999999200, -1.600000000000000100 ) ) ;
#12593 = VECTOR ( 'NONE', #12296, 1000.000000000000100 ) ;
#12594 = CARTESIAN_POINT ( 'NONE',  ( 0.0000000000000000000, 0.0000000000000000000, 1.200000000000000000 ) ) ;
#12595 = CARTESIAN_POINT ( 'NONE',  ( 0.7850000000000000300, -3.225000000000000100, -1.800000000000000300 ) ) ;
#12596 = VERTEX_POINT ( 'NONE', #10005 ) ;
#12597 = LINE ( 'NONE', #1598, #7337 ) ;
#12598 = VECTOR ( 'NONE', #9973, 1000.000000000000000 ) ;
#12599 = DIRECTION ( 'NONE',  ( -1.000000000000000000, -0.0000000000000000000, 0.0000000000000000000 ) ) ;
#12600 = DIRECTION ( 'NONE',  ( -0.0000000000000000000, -1.000000000000000000, -0.0000000000000000000 ) ) ;
#12601 = CARTESIAN_POINT ( 'NONE',  ( 3.285000000000000100, -3.425000000000000300, -1.600000000000000100 ) ) ;
#12602 = VERTEX_POINT ( 'NONE', #7075 ) ;
#12603 = AXIS2_PLACEMENT_3D ( 'NONE', #11191, #8261, #12265 ) ;
#12604 = LINE ( 'NONE', #10102, #3520 ) ;
#12605 = VECTOR ( 'NONE', #2108, 1000.000000000000000 ) ;
#12606 = EDGE_LOOP ( 'NONE', ( #9967, #448, #3295, #6157 ) ) ;
#12607 = EDGE_CURVE ( 'NONE', #10137, #11690, #1580, .T. ) ;
#12608 = DIRECTION ( 'NONE',  ( -0.7071067811865475700, -0.7071067811865475700, 0.0000000000000000000 ) ) ;
#12609 = ORIENTED_EDGE ( 'NONE', *, *, #3933, .T. ) ;
#12610 = ADVANCED_FACE ( 'NONE', ( #5595 ), #7896, .T. ) ;
#12611 = VECTOR ( 'NONE', #382, 1000.000000000000000 ) ;
#12612 = VERTEX_POINT ( 'NONE', #10839 ) ;
#12613 = VECTOR ( 'NONE', #2785, 1000.000000000000000 ) ;
#12614 = COLOUR_RGB ( '',1.000000000000000000, 1.000000000000000000, 1.000000000000000000 ) ;
#12615 = PLANE ( 'NONE',  #11383 ) ;
#12616 = ORIENTED_EDGE ( 'NONE', *, *, #10734, .F. ) ;
#12617 = ORIENTED_EDGE ( 'NONE', *, *, #10771, .T. ) ;
#12618 = CARTESIAN_POINT ( 'NONE',  ( 3.285000000000000100, -3.225000000000000100, -1.800000000000000300 ) ) ;
#12619 = MECHANICAL_DESIGN_GEOMETRIC_PRESENTATION_REPRESENTATION (  '', ( #4683 ), #6418 ) ;
#12620 = DIRECTION ( 'NONE',  ( 0.0000000000000000000, 0.0000000000000000000, 1.000000000000000000 ) ) ;
#12621 = DIRECTION ( 'NONE',  ( -1.000000000000000000, -0.0000000000000000000, -0.0000000000000000000 ) ) ;
#12622 = EDGE_CURVE ( 'NONE', #3044, #7134, #12058, .T. ) ;
#12623 = CARTESIAN_POINT ( 'NONE',  ( -0.4649999999999992500, -1.975000000000000100, -0.1000000000000000100 ) ) ;
#12624 = VECTOR ( 'NONE', #9062, 1000.000000000000000 ) ;
#12625 = ORIENTED_EDGE ( 'NONE', *, *, #10907, .T. ) ;
#12626 = EDGE_CURVE ( 'NONE', #7203, #12106, #3759, .T. ) ;
#12627 = ORIENTED_EDGE ( 'NONE', *, *, #9817, .F. ) ;
#12628 = ORIENTED_EDGE ( 'NONE', *, *, #2424, .T. ) ;
#12629 = CARTESIAN_POINT ( 'NONE',  ( -4.535000000000000100, -3.225000000000000100, -1.800000000000000300 ) ) ;
#12630 = DIRECTION ( 'NONE',  ( 0.0000000000000000000, 0.0000000000000000000, -1.000000000000000000 ) ) ;
#12631 = CARTESIAN_POINT ( 'NONE',  ( -0.3750000000000000000, -2.625000000000000000, 1.600000000000000100 ) ) ;
#12632 = CARTESIAN_POINT ( 'NONE',  ( -3.899999999999999900, -0.4749999999999999800, -1.600000000000000100 ) ) ;
#12633 = VECTOR ( 'NONE', #10583, 1000.000000000000000 ) ;
#12634 = CARTESIAN_POINT ( 'NONE',  ( -0.6250000000000000000, -0.2250000000000000600, -0.1000000000000000100 ) ) ;
#12635 = VECTOR ( 'NONE', #8351, 1000.000000000000000 ) ;
#12636 = CIRCLE ( 'NONE', #644, 0.2000000000000000900 ) ;
#12637 = FACE_OUTER_BOUND ( 'NONE', #6389, .T. ) ;
#12638 = ORIENTED_EDGE ( 'NONE', *, *, #9176, .F. ) ;
#12639 = ORIENTED_EDGE ( 'NONE', *, *, #12375, .T. ) ;
#12640 = DIRECTION ( 'NONE',  ( 0.0000000000000000000, 0.0000000000000000000, 1.000000000000000000 ) ) ;
#12641 = ORIENTED_EDGE ( 'NONE', *, *, #11723, .T. ) ;
#12642 = EDGE_CURVE ( 'NONE', #12497, #8116, #9121, .T. ) ;
#12643 = LINE ( 'NONE', #3385, #10321 ) ;
#12644 = LINE ( 'NONE', #7573, #9693 ) ;
#12645 = CARTESIAN_POINT ( 'NONE',  ( 0.7850000000000010300, -3.125000000000000000, -1.300000000000000300 ) ) ;
#12646 = VECTOR ( 'NONE', #7144, 1000.000000000000000 ) ;
#12647 = VERTEX_POINT ( 'NONE', #990 ) ;
#12648 = ORIENTED_EDGE ( 'NONE', *, *, #4277, .F. ) ;
#12649 = ORIENTED_EDGE ( 'NONE', *, *, #3288, .F. ) ;
#12650 = ORIENTED_EDGE ( 'NONE', *, *, #1967, .F. ) ;
#12651 = CARTESIAN_POINT ( 'NONE',  ( -0.5749999999999946300, 0.2750000000000011900, -0.4749999999999999800 ) ) ;
#12652 = EDGE_CURVE ( 'NONE', #3085, #2392, #10524, .T. ) ;
#12653 = VECTOR ( 'NONE', #4633, 1000.000000000000000 ) ;
#12654 = LINE ( 'NONE', #12713, #3859 ) ;
#12655 = DIRECTION ( 'NONE',  ( 0.0000000000000000000, 0.0000000000000000000, 1.000000000000000000 ) ) ;
#12656 = VECTOR ( 'NONE', #363, 1000.000000000000000 ) ;
#12657 = DIRECTION ( 'NONE',  ( 1.000000000000000000, 0.0000000000000000000, 0.0000000000000000000 ) ) ;
#12658 = DIRECTION ( 'NONE',  ( -0.0000000000000000000, -0.0000000000000000000, 1.000000000000000000 ) ) ;
#12659 = DIRECTION ( 'NONE',  ( 0.0000000000000000000, 0.0000000000000000000, -1.000000000000000000 ) ) ;
#12660 = ORIENTED_EDGE ( 'NONE', *, *, #3807, .T. ) ;
#12661 = ORIENTED_EDGE ( 'NONE', *, *, #11588, .F. ) ;
#12662 = ORIENTED_EDGE ( 'NONE', *, *, #3559, .T. ) ;
#12663 = LINE ( 'NONE', #6421, #4330 ) ;
#12664 = DIRECTION ( 'NONE',  ( 0.0000000000000000000, 0.0000000000000000000, -1.000000000000000000 ) ) ;
#12665 = ADVANCED_FACE ( 'NONE', ( #11314 ), #6906, .T. ) ;
#12666 = VECTOR ( 'NONE', #2057, 1000.000000000000000 ) ;
#12667 = CARTESIAN_POINT ( 'NONE',  ( -2.875000000000000000, -2.625000000000000000, 1.600000000000000100 ) ) ;
#12668 = DIRECTION ( 'NONE',  ( -1.000000000000000000, 0.0000000000000000000, -0.0000000000000000000 ) ) ;
#12669 = DIRECTION ( 'NONE',  ( 0.0000000000000000000, -0.9438583563660173400, 0.3303504247281061100 ) ) ;
#12670 = AXIS2_PLACEMENT_3D ( 'NONE', #943, #7977, #8803 ) ;
#12671 = ORIENTED_EDGE ( 'NONE', *, *, #8763, .T. ) ;
#12672 = ORIENTED_EDGE ( 'NONE', *, *, #10241, .F. ) ;
#12673 = VERTEX_POINT ( 'NONE', #5276 ) ;
#12674 = EDGE_CURVE ( 'NONE', #5987, #12260, #3892, .T. ) ;
#12675 = ORIENTED_EDGE ( 'NONE', *, *, #9730, .T. ) ;
#12676 = DIRECTION ( 'NONE',  ( 0.0000000000000000000, 0.0000000000000000000, 1.000000000000000000 ) ) ;
#12677 = ORIENTED_EDGE ( 'NONE', *, *, #7947, .F. ) ;
#12678 = ORIENTED_EDGE ( 'NONE', *, *, #6226, .F. ) ;
#12679 = EDGE_CURVE ( 'NONE', #9884, #297, #4809, .T. ) ;
#12680 = CARTESIAN_POINT ( 'NONE',  ( 3.600000000000000500, 0.9749999999999999800, -1.800000000000000300 ) ) ;
#12681 = ORIENTED_EDGE ( 'NONE', *, *, #7327, .F. ) ;
#12682 = ORIENTED_EDGE ( 'NONE', *, *, #4257, .T. ) ;
#12683 = VECTOR ( 'NONE', #613, 1000.000000000000000 ) ;
#12684 = DIRECTION ( 'NONE',  ( 0.0000000000000000000, 0.0000000000000000000, 1.000000000000000000 ) ) ;
#12685 = ORIENTED_EDGE ( 'NONE', *, *, #6593, .F. ) ;
#12686 = AXIS2_PLACEMENT_3D ( 'NONE', #2548, #4656, #2747 ) ;
#12687 = ORIENTED_EDGE ( 'NONE', *, *, #1117, .T. ) ;
#12688 = EDGE_CURVE ( 'NONE', #9015, #2971, #9445, .T. ) ;
#12689 = DIRECTION ( 'NONE',  ( 0.0000000000000000000, -1.000000000000000000, -0.0000000000000000000 ) ) ;
#12690 = AXIS2_PLACEMENT_3D ( 'NONE', #3654, #9526, #12565 ) ;
#12691 = ORIENTED_EDGE ( 'NONE', *, *, #9157, .T. ) ;
#12692 = VERTEX_POINT ( 'NONE', #7122 ) ;
#12693 = FACE_OUTER_BOUND ( 'NONE', #1624, .T. ) ;
#12694 = LINE ( 'NONE', #7323, #4682 ) ;
#12695 = EDGE_CURVE ( 'NONE', #7110, #4950, #8812, .T. ) ;
#12696 = DIRECTION ( 'NONE',  ( 0.7071067811865474600, -0.7071067811865474600, 0.0000000000000000000 ) ) ;
#12697 = ORIENTED_EDGE ( 'NONE', *, *, #2697, .F. ) ;
#12698 = DIRECTION ( 'NONE',  ( 0.0000000000000000000, -0.0000000000000000000, 1.000000000000000000 ) ) ;
#12699 = CARTESIAN_POINT ( 'NONE',  ( 6.550000000000000700, -2.225000000000000100, -1.350000000000000100 ) ) ;
#12700 = DIRECTION ( 'NONE',  ( -0.0000000000000000000, 0.0000000000000000000, -1.000000000000000000 ) ) ;
#12701 = EDGE_LOOP ( 'NONE', ( #9403, #807, #7758, #1686 ) ) ;
#12702 = AXIS2_PLACEMENT_3D ( 'NONE', #2133, #9026, #3225 ) ;
#12703 = EDGE_LOOP ( 'NONE', ( #4996, #240, #7974, #9434 ) ) ;
#12704 = ORIENTED_EDGE ( 'NONE', *, *, #7819, .T. ) ;
#12705 = VECTOR ( 'NONE', #11606, 1000.000000000000000 ) ;
#12706 = CARTESIAN_POINT ( 'NONE',  ( 0.7850000000000000300, -4.025000000000000400, -1.800000000000000300 ) ) ;
#12707 = FACE_OUTER_BOUND ( 'NONE', #6474, .T. ) ;
#12708 = ORIENTED_EDGE ( 'NONE', *, *, #6892, .T. ) ;
#12709 = DIRECTION ( 'NONE',  ( -0.0000000000000000000, 0.0000000000000000000, -1.000000000000000000 ) ) ;
#12710 = EDGE_CURVE ( 'NONE', #12673, #9148, #2951, .T. ) ;
#12711 = VERTEX_POINT ( 'NONE', #4337 ) ;
#12712 = CARTESIAN_POINT ( 'NONE',  ( 2.035000000000000100, -0.2250000000000000600, -0.4749999999999999800 ) ) ;
#12713 = CARTESIAN_POINT ( 'NONE',  ( -2.035000000000000100, -4.224999999999999600, -1.600000000000000100 ) ) ;
#12714 = DIRECTION ( 'NONE',  ( 0.0000000000000000000, 0.0000000000000000000, 1.000000000000000000 ) ) ;
#12715 = EDGE_CURVE ( 'NONE', #11183, #11744, #315, .T. ) ;
#12716 = DIRECTION ( 'NONE',  ( -0.0000000000000000000, -1.000000000000000000, 0.0000000000000000000 ) ) ;
#12717 = AXIS2_PLACEMENT_3D ( 'NONE', #2082, #1992, #1083 ) ;
#12718 = DIRECTION ( 'NONE',  ( 0.0000000000000000000, -0.0000000000000000000, 1.000000000000000000 ) ) ;
#12719 = ORIENTED_EDGE ( 'NONE', *, *, #2558, .T. ) ;
#12720 = LINE ( 'NONE', #1414, #6849 ) ;
#12721 = CARTESIAN_POINT ( 'NONE',  ( 1.715000000000000100, -3.625000000000000000, -1.800000000000000300 ) ) ;
#12722 = VECTOR ( 'NONE', #1248, 1000.000000000000000 ) ;
#12723 = ORIENTED_EDGE ( 'NONE', *, *, #11316, .T. ) ;
#12724 = AXIS2_PLACEMENT_3D ( 'NONE', #2217, #1313, #2351 ) ;
#12725 = EDGE_CURVE ( 'NONE', #12471, #599, #6813, .T. ) ;
#12726 = CARTESIAN_POINT ( 'NONE',  ( -0.4650000000000000200, -4.224999999999999600, -1.600000000000000100 ) ) ;
#12727 = ORIENTED_EDGE ( 'NONE', *, *, #6995, .F. ) ;
#12728 = LINE ( 'NONE', #11093, #1759 ) ;
#12729 = ADVANCED_FACE ( 'NONE', ( #7876 ), #8218, .T. ) ;
#12730 = ORIENTED_EDGE ( 'NONE', *, *, #6500, .T. ) ;
#12731 = LINE ( 'NONE', #142, #3157 ) ;
#12732 = FACE_OUTER_BOUND ( 'NONE', #9283, .T. ) ;
#12733 = EDGE_CURVE ( 'NONE', #2272, #8824, #5112, .T. ) ;
#12734 = CARTESIAN_POINT ( 'NONE',  ( -4.214999999999999900, -3.425000000000000300, -1.125000000000000200 ) ) ;
#12735 = PRODUCT_RELATED_PRODUCT_CATEGORY ( 'part', '', ( #11793 ) ) ;
#12736 = CARTESIAN_POINT ( 'NONE',  ( -4.214999999999999900, -0.2250000000000000100, -0.1000000000000000100 ) ) ;
#12737 = CARTESIAN_POINT ( 'NONE',  ( 4.215000000000001600, -3.125000000000000000, -0.8499999999999999800 ) ) ;
#12738 = VERTEX_POINT ( 'NONE', #11148 ) ;
#12739 = CARTESIAN_POINT ( 'NONE',  ( -5.174999999999999800, 0.9749999999999999800, -1.800000000000000300 ) ) ;
#12740 = LINE ( 'NONE', #8918, #10104 ) ;
#12741 = CARTESIAN_POINT ( 'NONE',  ( -4.625000000000000000, -2.625000000000000000, 1.600000000000000100 ) ) ;
#12742 = ORIENTED_EDGE ( 'NONE', *, *, #6940, .T. ) ;
#12743 = LINE ( 'NONE', #5138, #1000 ) ;
#12744 = EDGE_CURVE ( 'NONE', #4025, #2516, #2176, .T. ) ;
#12745 = EDGE_LOOP ( 'NONE', ( #2358, #5875, #6865, #475 ) ) ;
#12746 = VECTOR ( 'NONE', #7539, 1000.000000000000000 ) ;
#12747 = DIRECTION ( 'NONE',  ( -0.0000000000000000000, 1.000000000000000000, -0.0000000000000000000 ) ) ;
#12748 = DIRECTION ( 'NONE',  ( 0.0000000000000000000, 0.0000000000000000000, -1.000000000000000000 ) ) ;
#12749 = CARTESIAN_POINT ( 'NONE',  ( -4.324999999999997500, 0.2750000000000006300, -0.2750000000000000200 ) ) ;
#12750 = CARTESIAN_POINT ( 'NONE',  ( -2.964999999999999900, -3.625000000000000000, -1.800000000000000300 ) ) ;
#12751 = ORIENTED_EDGE ( 'NONE', *, *, #11405, .F. ) ;
#12752 = CARTESIAN_POINT ( 'NONE',  ( -0.4649999999999999700, -3.424999999999999800, -1.599999999999999900 ) ) ;
#12753 = FACE_OUTER_BOUND ( 'NONE', #4909, .T. ) ;
#12754 = LINE ( 'NONE', #2730, #3962 ) ;
#12755 = ORIENTED_EDGE ( 'NONE', *, *, #2634, .T. ) ;
#12756 = CARTESIAN_POINT ( 'NONE',  ( -6.490000000000000200, -2.024999999999999900, -0.2700000000000001800 ) ) ;
#12757 = PLANE ( 'NONE',  #5498 ) ;
#12758 = ORIENTED_EDGE ( 'NONE', *, *, #6086, .F. ) ;
#12759 = CARTESIAN_POINT ( 'NONE',  ( -0.7849999999999983700, -3.125000000000000000, -0.1000000000000000100 ) ) ;
#12760 = LINE ( 'NONE', #6826, #8130 ) ;
#12761 = VECTOR ( 'NONE', #8103, 1000.000000000000000 ) ;
#12762 = EDGE_CURVE ( 'NONE', #3103, #7291, #9733, .T. ) ;
#12763 = VECTOR ( 'NONE', #7793, 1000.000000000000000 ) ;
#12764 = ORIENTED_EDGE ( 'NONE', *, *, #914, .T. ) ;
#12765 = AXIS2_PLACEMENT_3D ( 'NONE', #8647, #3821, #9949 ) ;
#12766 = ORIENTED_EDGE ( 'NONE', *, *, #1464, .T. ) ;
#12767 = ORIENTED_EDGE ( 'NONE', *, *, #3499, .F. ) ;
#12768 = DIRECTION ( 'NONE',  ( 0.0000000000000000000, 1.000000000000000000, 0.0000000000000000000 ) ) ;
#12769 = LINE ( 'NONE', #6321, #7822 ) ;
#12770 = DIRECTION ( 'NONE',  ( -1.000000000000000000, 0.0000000000000000000, -0.0000000000000000000 ) ) ;
#12771 = FACE_OUTER_BOUND ( 'NONE', #10541, .T. ) ;
#12772 = FACE_OUTER_BOUND ( 'NONE', #7746, .T. ) ;
#12773 = CARTESIAN_POINT ( 'NONE',  ( 0.7850000000000000300, -3.924999999999999800, -0.5749999999999999600 ) ) ;
#12774 = ORIENTED_EDGE ( 'NONE', *, *, #8175, .T. ) ;
#12775 = AXIS2_PLACEMENT_3D ( 'NONE', #8345, #1426, #6524 ) ;
#12776 = VECTOR ( 'NONE', #6303, 1000.000000000000100 ) ;
#12777 = EDGE_LOOP ( 'NONE', ( #11401, #6934, #3199, #6371, #11214, #8229, #4486 ) ) ;
#12778 = ORIENTED_EDGE ( 'NONE', *, *, #9972, .T. ) ;
#12779 = DIRECTION ( 'NONE',  ( -1.000000000000000000, -0.0000000000000000000, -0.0000000000000000000 ) ) ;
#12780 = CARTESIAN_POINT ( 'NONE',  ( 5.275000000000000400, 0.9749999999999999800, -1.200000000000000000 ) ) ;
#12781 = EDGE_CURVE ( 'NONE', #6516, #3, #1417, .T. ) ;
#12782 = CARTESIAN_POINT ( 'NONE',  ( 9.090000000000001600, -3.125000000000000000, -1.300000000000000300 ) ) ;
#12783 = PLANE ( 'NONE',  #6340 ) ;
#12784 = LINE ( 'NONE', #3719, #10310 ) ;
#12785 = EDGE_CURVE ( 'NONE', #5427, #2512, #7439, .T. ) ;
#12786 = VECTOR ( 'NONE', #246, 1000.000000000000000 ) ;
#12787 = FACE_BOUND ( 'NONE', #1174, .T. ) ;
#12788 = AXIS2_PLACEMENT_3D ( 'NONE', #4820, #6726, #10814 ) ;
#12789 = ADVANCED_FACE ( 'NONE', ( #10370 ), #3303, .T. ) ;
#12790 = VECTOR ( 'NONE', #6949, 1000.000000000000000 ) ;
#12791 = VERTEX_POINT ( 'NONE', #204 ) ;
#12792 = PLANE ( 'NONE',  #5591 ) ;
#12793 = VERTEX_POINT ( 'NONE', #10142 ) ;
#12794 = ORIENTED_EDGE ( 'NONE', *, *, #556, .T. ) ;
#12795 = DIRECTION ( 'NONE',  ( 0.0000000000000000000, 0.0000000000000000000, 1.000000000000000000 ) ) ;
#12796 = DIRECTION ( 'NONE',  ( 1.000000000000000000, 0.0000000000000000000, -0.0000000000000000000 ) ) ;
#12797 = DIRECTION ( 'NONE',  ( -1.000000000000000000, 0.0000000000000000000, -0.0000000000000000000 ) ) ;
#12798 = DIRECTION ( 'NONE',  ( 0.0000000000000000000, 1.000000000000000000, 0.0000000000000000000 ) ) ;
#12799 = LINE ( 'NONE', #5229, #11120 ) ;
#12800 = PLANE ( 'NONE',  #3888 ) ;
#12801 = LINE ( 'NONE', #8452, #12010 ) ;
#12802 = EDGE_CURVE ( 'NONE', #11363, #1818, #8383, .T. ) ;
#12803 = VECTOR ( 'NONE', #9432, 1000.000000000000000 ) ;
#12804 = CARTESIAN_POINT ( 'NONE',  ( -6.540000000000000000, 0.07500000000000009400, -1.500000000000000000 ) ) ;
#12805 = LINE ( 'NONE', #11726, #8178 ) ;
#12806 = FACE_OUTER_BOUND ( 'NONE', #7139, .T. ) ;
#12807 = VERTEX_POINT ( 'NONE', #9242 ) ;
#12808 = DIRECTION ( 'NONE',  ( -0.0000000000000000000, 1.000000000000000000, -0.0000000000000000000 ) ) ;
#12809 = EDGE_CURVE ( 'NONE', #8994, #9064, #3270, .T. ) ;
#12810 = ORIENTED_EDGE ( 'NONE', *, *, #3111, .T. ) ;
#12811 = LINE ( 'NONE', #3368, #5407 ) ;
#12812 = FACE_OUTER_BOUND ( 'NONE', #11308, .T. ) ;
#12813 = FACE_OUTER_BOUND ( 'NONE', #5326, .T. ) ;
#12814 = CARTESIAN_POINT ( 'NONE',  ( -0.6750000000000014900, 0.2750000000000003000, -0.2749999999999999700 ) ) ;
#12815 = VERTEX_POINT ( 'NONE', #2384 ) ;
#12816 = ORIENTED_EDGE ( 'NONE', *, *, #376, .F. ) ;
#12817 = VERTEX_POINT ( 'NONE', #6265 ) ;
#12818 = CARTESIAN_POINT ( 'NONE',  ( -0.7850000000000000300, -4.224999999999999600, -1.300000000000000300 ) ) ;
#12819 = EDGE_CURVE ( 'NONE', #6473, #4204, #7114, .T. ) ;
#12820 = ORIENTED_EDGE ( 'NONE', *, *, #12251, .F. ) ;
#12821 = DIRECTION ( 'NONE',  ( -1.000000000000000000, -0.0000000000000000000, -0.0000000000000000000 ) ) ;
#12822 =( BOUNDED_CURVE ( )  B_SPLINE_CURVE ( 3, ( #10636, #9679, #5719, #11520 ),
 .UNSPECIFIED., .F., .F. ) 
 B_SPLINE_CURVE_WITH_KNOTS ( ( 4, 4 ),
 ( 0.0000000000000000000, 0.2396185686291198700 ),
 .UNSPECIFIED. ) 
 CURVE ( )  GEOMETRIC_REPRESENTATION_ITEM ( )  RATIONAL_B_SPLINE_CURVE ( ( 1.000000000000000000, 0.9952209658626293100, 0.9952209658626293100, 1.000000000000000000 ) ) 
 REPRESENTATION_ITEM ( '' )  );
#12823 = DIRECTION ( 'NONE',  ( 0.0000000000000000000, -1.000000000000000000, 0.0000000000000000000 ) ) ;
#12824 = EDGE_LOOP ( 'NONE', ( #4573, #7059, #4341, #6047 ) ) ;
#12825 = PLANE ( 'NONE',  #2049 ) ;
#12826 = CARTESIAN_POINT ( 'NONE',  ( 0.4650000000000000200, -3.775000000000000400, -0.4249999999999999300 ) ) ;
#12827 = CARTESIAN_POINT ( 'NONE',  ( -2.034999999999998800, -4.208005078473780400, -0.8499999999999999800 ) ) ;
#12828 = ORIENTED_EDGE ( 'NONE', *, *, #12744, .F. ) ;
#12829 = ORIENTED_EDGE ( 'NONE', *, *, #2207, .T. ) ;
#12830 = ORIENTED_EDGE ( 'NONE', *, *, #10088, .F. ) ;
#12831 = VECTOR ( 'NONE', #9293, 1000.000000000000000 ) ;
#12832 = ORIENTED_EDGE ( 'NONE', *, *, #3807, .F. ) ;
#12833 = CARTESIAN_POINT ( 'NONE',  ( -5.875000000000000000, -0.02500000000000000100, -1.800000000000000300 ) ) ;
#12834 = ORIENTED_EDGE ( 'NONE', *, *, #8286, .F. ) ;
#12835 = PLANE ( 'NONE',  #5932 ) ;
ENDSEC;
END-ISO-10303-21;
