ISO-10303-21;
HEADER;
FILE_DESCRIPTION (( 'STEP AP214' ),
    '1' );
FILE_NAME ('533980571.STEP',
    '2024-03-28T00:36:57',
    ( '' ),
    ( '' ),
    'SwSTEP 2.0',
    'SolidWorks 2021',
    '' );
FILE_SCHEMA (( 'AUTOMOTIVE_DESIGN' ));
ENDSEC;

DATA;
#1 = DIRECTION ( 'NONE',  ( -1.000000000000000000, 1.084202172485504828E-15, 0.000000000000000000 ) ) ;
#2 = AXIS2_PLACEMENT_3D ( 'NONE', #9171, #1612, #4979 ) ;
#3 = VECTOR ( 'NONE', #498, 1000.000000000000114 ) ;
#4 = ORIENTED_EDGE ( 'NONE', *, *, #9187, .T. ) ;
#5 = VECTOR ( 'NONE', #2059, 1000.000000000000000 ) ;
#6 = CARTESIAN_POINT ( 'NONE',  ( -5.000000000000000000, 0.2999999999999999889, -1.850000000000000533 ) ) ;
#7 = ORIENTED_EDGE ( 'NONE', *, *, #10029, .T. ) ;
#8 = SURFACE_STYLE_USAGE ( .BOTH. , #10040 ) ;
#9 = VECTOR ( 'NONE', #6039, 1000.000000000000000 ) ;
#10 = VECTOR ( 'NONE', #550, 1000.000000000000000 ) ;
#11 = CARTESIAN_POINT ( 'NONE',  ( -0.1599999999999999756, 2.865743636076471645, -0.3250000000000474731 ) ) ;
#12 = FACE_OUTER_BOUND ( 'NONE', #7644, .T. ) ;
#13 = LINE ( 'NONE', #3331, #4174 ) ;
#14 = ORIENTED_EDGE ( 'NONE', *, *, #7453, .F. ) ;
#15 = LINE ( 'NONE', #7460, #8439 ) ;
#16 = VERTEX_POINT ( 'NONE', #8953 ) ;
#17 = COLOUR_RGB ( '',1.000000000000000000, 0.8117647058823529438, 0.5019607843137254832 ) ;
#18 =( GEOMETRIC_REPRESENTATION_CONTEXT ( 3 ) GLOBAL_UNCERTAINTY_ASSIGNED_CONTEXT ( ( #2861 ) ) GLOBAL_UNIT_ASSIGNED_CONTEXT ( ( #3964, #4886, #8364 ) ) REPRESENTATION_CONTEXT ( 'NONE', 'WORKASPACE' ) );
#19 = CARTESIAN_POINT ( 'NONE',  ( -2.339999999999999858, 0.000000000000000000, 1.850000000000004530 ) ) ;
#20 = CARTESIAN_POINT ( 'NONE',  ( 3.400000000000024336, 1.749999999999999778, -0.7249377794898664851 ) ) ;
#21 = ADVANCED_FACE ( 'NONE', ( #6458 ), #1334, .T. ) ;
#22 = AXIS2_PLACEMENT_3D ( 'NONE', #8104, #9636, #5445 ) ;
#23 = FACE_OUTER_BOUND ( 'NONE', #3050, .T. ) ;
#24 = DIRECTION ( 'NONE',  ( 1.000000000000000000, 0.000000000000000000, -1.275531967629996124E-16 ) ) ;
#25 = CARTESIAN_POINT ( 'NONE',  ( 2.339999999999999858, 0.1000000000000000056, 2.350000000000004530 ) ) ;
#26 = CARTESIAN_POINT ( 'NONE',  ( 4.000000000000003553, 21.00560209553989566, 1.849999999999999423 ) ) ;
#27 = SURFACE_SIDE_STYLE ('',( #10153 ) ) ;
#28 = LINE ( 'NONE', #7471, #2603 ) ;
#29 = VERTEX_POINT ( 'NONE', #8139 ) ;
#30 = MECHANICAL_DESIGN_GEOMETRIC_PRESENTATION_REPRESENTATION (  '', ( #8666 ), #5478 ) ;
#31 = EDGE_CURVE ( 'NONE', #16, #4719, #5636, .T. ) ;
#32 = CARTESIAN_POINT ( 'NONE',  ( 4.493987041127389226, 0.3385621722338523765, -1.773987041127387476 ) ) ;
#33 = ORIENTED_EDGE ( 'NONE', *, *, #943, .T. ) ;
#34 = CARTESIAN_POINT ( 'NONE',  ( -4.669999999999994600, 0.4500000000000010103, 0.3500000000000037526 ) ) ;
#35 = EDGE_CURVE ( 'NONE', #8714, #7962, #9007, .T. ) ;
#36 = VERTEX_POINT ( 'NONE', #7302 ) ;
#37 = STYLED_ITEM ( 'NONE', ( #9443 ), #8445 ) ;
#38 = PLANE ( 'NONE',  #3282 ) ;
#39 = PLANE ( 'NONE',  #9906 ) ;
#40 = SURFACE_SIDE_STYLE ('',( #1621 ) ) ;
#41 = ORIENTED_EDGE ( 'NONE', *, *, #9504, .F. ) ;
#42 = UNCERTAINTY_MEASURE_WITH_UNIT (LENGTH_MEASURE( 1.000000000000000082E-05 ), #3573, 'distance_accuracy_value', 'NONE');
#43 = CARTESIAN_POINT ( 'NONE',  ( -3.499999999950209606, 4.499999999950186513, -0.6249377795396807711 ) ) ;
#44 = UNCERTAINTY_MEASURE_WITH_UNIT (LENGTH_MEASURE( 1.000000000000000082E-05 ), #10659, 'distance_accuracy_value', 'NONE');
#45 = PRESENTATION_LAYER_ASSIGNMENT (  '', '', ( #9549 ) ) ;
#46 = CARTESIAN_POINT ( 'NONE',  ( -2.339999999999999858, 2.865743636076471201, -1.125000000000033973 ) ) ;
#47 = EDGE_CURVE ( 'NONE', #4148, #5289, #9833, .T. ) ;
#48 = CARTESIAN_POINT ( 'NONE',  ( -4.669999999999994600, 1.399999999999999911, -1.749999999999994449 ) ) ;
#49 = ORIENTED_EDGE ( 'NONE', *, *, #5606, .F. ) ;
#50 = ORIENTED_EDGE ( 'NONE', *, *, #2495, .F. ) ;
#51 = PRESENTATION_LAYER_ASSIGNMENT (  '', '', ( #5133 ) ) ;
#52 = CARTESIAN_POINT ( 'NONE',  ( 0.1599999999999999756, 4.000000000000000000, 0.000000000000000000 ) ) ;
#53 = PLANE ( 'NONE',  #3247 ) ;
#54 = CARTESIAN_POINT ( 'NONE',  ( 4.669999999999994600, 0.4499999999999999001, 0.3500000000000037526 ) ) ;
#55 = ORIENTED_EDGE ( 'NONE', *, *, #5690, .T. ) ;
#56 = CARTESIAN_POINT ( 'NONE',  ( -1.090000000000000080, 1.083335593717822357E-31, 2.250000000000004441 ) ) ;
#57 = ORIENTED_EDGE ( 'NONE', *, *, #5865, .T. ) ;
#58 = CARTESIAN_POINT ( 'NONE',  ( -3.700000000000019273, 1.749999999999999778, 0.1750000000000117295 ) ) ;
#59 = ADVANCED_FACE ( 'NONE', ( #1290 ), #6516, .F. ) ;
#60 = FACE_OUTER_BOUND ( 'NONE', #313, .T. ) ;
#61 = SURFACE_SIDE_STYLE ('',( #9980 ) ) ;
#62 = CARTESIAN_POINT ( 'NONE',  ( -2.024999999999999911, 3.249999999999996891, -1.850000000000000533 ) ) ;
#63 = ORIENTED_EDGE ( 'NONE', *, *, #5753, .F. ) ;
#64 = LINE ( 'NONE', #2578, #5963 ) ;
#65 =( GEOMETRIC_REPRESENTATION_CONTEXT ( 3 ) GLOBAL_UNCERTAINTY_ASSIGNED_CONTEXT ( ( #3955 ) ) GLOBAL_UNIT_ASSIGNED_CONTEXT ( ( #9887, #9772, #6288 ) ) REPRESENTATION_CONTEXT ( 'NONE', 'WORKASPACE' ) );
#66 = VERTEX_POINT ( 'NONE', #5889 ) ;
#67 = CARTESIAN_POINT ( 'NONE',  ( -2.025000000000000799, 4.700000000000000178, -1.750000000000039968 ) ) ;
#68 = FILL_AREA_STYLE ('',( #4841 ) ) ;
#69 = FACE_OUTER_BOUND ( 'NONE', #7017, .T. ) ;
#70 = LINE ( 'NONE', #4088, #7932 ) ;
#71 = PRESENTATION_LAYER_ASSIGNMENT (  '', '', ( #4611 ) ) ;
#72 = SURFACE_STYLE_USAGE ( .BOTH. , #7417 ) ;
#73 = FILL_AREA_STYLE_COLOUR ( '', #7187 ) ;
#74 = LINE ( 'NONE', #2531, #7973 ) ;
#75 = EDGE_CURVE ( 'NONE', #7046, #2837, #9267, .T. ) ;
#76 = SURFACE_STYLE_FILL_AREA ( #2371 ) ;
#77 =( NAMED_UNIT ( * ) PLANE_ANGLE_UNIT ( ) SI_UNIT ( $, .RADIAN. ) );
#78 =( NAMED_UNIT ( * ) SI_UNIT ( $, .STERADIAN. ) SOLID_ANGLE_UNIT ( ) );
#79 = ORIENTED_EDGE ( 'NONE', *, *, #4764, .F. ) ;
#80 = EDGE_CURVE ( 'NONE', #2516, #951, #8752, .T. ) ;
#81 = DIRECTION ( 'NONE',  ( 0.000000000000000000, -0.000000000000000000, 1.000000000000000000 ) ) ;
#82 = ORIENTED_EDGE ( 'NONE', *, *, #6589, .T. ) ;
#83 = DIRECTION ( 'NONE',  ( -0.000000000000000000, -0.000000000000000000, 1.000000000000000000 ) ) ;
#84 = VECTOR ( 'NONE', #6261, 1000.000000000000000 ) ;
#85 =( NAMED_UNIT ( * ) SI_UNIT ( $, .STERADIAN. ) SOLID_ANGLE_UNIT ( ) );
#86 = ORIENTED_EDGE ( 'NONE', *, *, #9730, .T. ) ;
#87 = DIRECTION ( 'NONE',  ( -0.2588190451025209060, 0.000000000000000000, -0.9659258262890683122 ) ) ;
#88 = PRESENTATION_STYLE_ASSIGNMENT (( #744 ) ) ;
#89 = ORIENTED_EDGE ( 'NONE', *, *, #809, .T. ) ;
#90 =( NAMED_UNIT ( * ) PLANE_ANGLE_UNIT ( ) SI_UNIT ( $, .RADIAN. ) );
#91 =( LENGTH_UNIT ( ) NAMED_UNIT ( * ) SI_UNIT ( .MILLI., .METRE. ) );
#92 = ADVANCED_FACE ( 'NONE', ( #5840 ), #8341, .T. ) ;
#93 = ORIENTED_EDGE ( 'NONE', *, *, #5457, .T. ) ;
#94 = ADVANCED_FACE ( 'NONE', ( #9214 ), #5018, .F. ) ;
#95 = LINE ( 'NONE', #3310, #5214 ) ;
#96 = UNCERTAINTY_MEASURE_WITH_UNIT (LENGTH_MEASURE( 1.000000000000000082E-05 ), #3369, 'distance_accuracy_value', 'NONE');
#97 = LINE ( 'NONE', #2764, #10901 ) ;
#98 = ORIENTED_EDGE ( 'NONE', *, *, #1860, .F. ) ;
#99 = VECTOR ( 'NONE', #1296, 1000.000000000000000 ) ;
#100 = VERTEX_POINT ( 'NONE', #3343 ) ;
#101 = DIRECTION ( 'NONE',  ( -0.000000000000000000, 0.000000000000000000, -1.000000000000000000 ) ) ;
#102 = PRESENTATION_STYLE_ASSIGNMENT (( #6918 ) ) ;
#103 = FILL_AREA_STYLE ('',( #10239 ) ) ;
#104 = ADVANCED_FACE ( 'NONE', ( #1546 ), #6728, .F. ) ;
#105 = CARTESIAN_POINT ( 'NONE',  ( 0.1599999999999999756, 0.000000000000000000, 2.350000000000004530 ) ) ;
#106 = VECTOR ( 'NONE', #4671, 1000.000000000000000 ) ;
#107 = CARTESIAN_POINT ( 'NONE',  ( -2.339999999999999858, 1.083335593717822357E-31, 2.250000000000004441 ) ) ;
#108 = AXIS2_PLACEMENT_3D ( 'NONE', #10698, #3073, #4623 ) ;
#109 =( LENGTH_UNIT ( ) NAMED_UNIT ( * ) SI_UNIT ( .MILLI., .METRE. ) );
#110 = ORIENTED_EDGE ( 'NONE', *, *, #7783, .T. ) ;
#111 = DIRECTION ( 'NONE',  ( -1.000000000000000000, -0.000000000000000000, -0.000000000000000000 ) ) ;
#112 = ORIENTED_EDGE ( 'NONE', *, *, #2961, .F. ) ;
#113 =( NAMED_UNIT ( * ) SI_UNIT ( $, .STERADIAN. ) SOLID_ANGLE_UNIT ( ) );
#114 = MECHANICAL_DESIGN_GEOMETRIC_PRESENTATION_REPRESENTATION (  '', ( #8375 ), #4842 ) ;
#115 = SURFACE_STYLE_FILL_AREA ( #1031 ) ;
#116 = LINE ( 'NONE', #3427, #10036 ) ;
#117 = CARTESIAN_POINT ( 'NONE',  ( -3.050000000000019806, 3.699999999999999734, 1.249999999999985567 ) ) ;
#118 = ORIENTED_EDGE ( 'NONE', *, *, #2414, .T. ) ;
#119 = VECTOR ( 'NONE', #7356, 1000.000000000000000 ) ;
#120 = CARTESIAN_POINT ( 'NONE',  ( 3.700000000000024603, 4.700000000000000178, -1.750000000000040634 ) ) ;
#121 = ORIENTED_EDGE ( 'NONE', *, *, #5472, .T. ) ;
#122 =( NAMED_UNIT ( * ) SI_UNIT ( $, .STERADIAN. ) SOLID_ANGLE_UNIT ( ) );
#123 = DIRECTION ( 'NONE',  ( -1.000000000000000000, 0.000000000000000000, 2.282530889443210409E-16 ) ) ;
#124 = VECTOR ( 'NONE', #7210, 1000.000000000000000 ) ;
#125 = CARTESIAN_POINT ( 'NONE',  ( -1.090000000000000080, 0.000000000000000000, -1.125000000000033973 ) ) ;
#126 = VECTOR ( 'NONE', #4438, 1000.000000000000000 ) ;
#127 = CARTESIAN_POINT ( 'NONE',  ( -3.499999999950209606, 1.749999999999999778, -0.7249377794898655969 ) ) ;
#128 = LINE ( 'NONE', #5298, #10164 ) ;
#129 = DIRECTION ( 'NONE',  ( 0.000000000000000000, -0.000000000000000000, 1.000000000000000000 ) ) ;
#130 = ORIENTED_EDGE ( 'NONE', *, *, #5408, .F. ) ;
#131 = AXIS2_PLACEMENT_3D ( 'NONE', #6450, #8179, #7022 ) ;
#132 = VERTEX_POINT ( 'NONE', #5697 ) ;
#133 = VECTOR ( 'NONE', #10664, 1000.000000000000000 ) ;
#134 = DIRECTION ( 'NONE',  ( -0.000000000000000000, -0.000000000000000000, 1.000000000000000000 ) ) ;
#135 = LINE ( 'NONE', #1720, #5779 ) ;
#136 = AXIS2_PLACEMENT_3D ( 'NONE', #6669, #1597, #5012 ) ;
#137 = EDGE_CURVE ( 'NONE', #7053, #1122, #10870, .T. ) ;
#138 = CARTESIAN_POINT ( 'NONE',  ( -5.000000000000006217, 1.400000000000000133, 0.3500000000000037526 ) ) ;
#139 = ORIENTED_EDGE ( 'NONE', *, *, #8407, .F. ) ;
#140 = LINE ( 'NONE', #5957, #2847 ) ;
#141 =( GEOMETRIC_REPRESENTATION_CONTEXT ( 3 ) GLOBAL_UNCERTAINTY_ASSIGNED_CONTEXT ( ( #9741 ) ) GLOBAL_UNIT_ASSIGNED_CONTEXT ( ( #9010, #473, #2684 ) ) REPRESENTATION_CONTEXT ( 'NONE', 'WORKASPACE' ) );
#142 = FACE_OUTER_BOUND ( 'NONE', #6715, .T. ) ;
#143 = ORIENTED_EDGE ( 'NONE', *, *, #3459, .F. ) ;
#144 = CARTESIAN_POINT ( 'NONE',  ( 5.499999999999987566, 1.749999999999998002, -1.849999999999996980 ) ) ;
#145 = CARTESIAN_POINT ( 'NONE',  ( 4.613057677372886189, 1.140743569830561688, -1.893057677372885328 ) ) ;
#146 = VERTEX_POINT ( 'NONE', #3552 ) ;
#147 = UNCERTAINTY_MEASURE_WITH_UNIT (LENGTH_MEASURE( 1.000000000000000082E-05 ), #8487, 'distance_accuracy_value', 'NONE');
#148 = CARTESIAN_POINT ( 'NONE',  ( 5.499999999999995559, 2.449978563248832020E-15, -1.850000000000000533 ) ) ;
#149 = UNCERTAINTY_MEASURE_WITH_UNIT (LENGTH_MEASURE( 1.000000000000000082E-05 ), #5146, 'distance_accuracy_value', 'NONE');
#150 = VECTOR ( 'NONE', #10335, 1000.000000000000000 ) ;
#151 = DIRECTION ( 'NONE',  ( -0.7071067811865473507, -0.7071067811865477948, 1.788842319463936741E-15 ) ) ;
#152 = EDGE_CURVE ( 'NONE', #6988, #6349, #10361, .T. ) ;
#153 = CARTESIAN_POINT ( 'NONE',  ( -3.500000000000001776, 0.000000000000000000, 0.9500000000000005107 ) ) ;
#154 = EDGE_CURVE ( 'NONE', #7404, #881, #6775, .T. ) ;
#155 = VERTEX_POINT ( 'NONE', #9327 ) ;
#156 = PRESENTATION_LAYER_ASSIGNMENT (  '', '', ( #4889 ) ) ;
#157 = EDGE_CURVE ( 'NONE', #514, #1404, #6047, .T. ) ;
#158 = LINE ( 'NONE', #5205, #7244 ) ;
#159 = VERTEX_POINT ( 'NONE', #9382 ) ;
#160 = DIRECTION ( 'NONE',  ( 0.000000000000000000, 0.000000000000000000, -1.000000000000000000 ) ) ;
#161 = PRESENTATION_STYLE_ASSIGNMENT (( #10284 ) ) ;
#162 =( GEOMETRIC_REPRESENTATION_CONTEXT ( 3 ) GLOBAL_UNCERTAINTY_ASSIGNED_CONTEXT ( ( #2337 ) ) GLOBAL_UNIT_ASSIGNED_CONTEXT ( ( #7203, #7990, #1405 ) ) REPRESENTATION_CONTEXT ( 'NONE', 'WORKASPACE' ) );
#163 = SHAPE_DEFINITION_REPRESENTATION ( #338, #5183 ) ;
#164 = DIRECTION ( 'NONE',  ( 0.000000000000000000, 0.000000000000000000, -1.000000000000000000 ) ) ;
#165 =( LENGTH_UNIT ( ) NAMED_UNIT ( * ) SI_UNIT ( .MILLI., .METRE. ) );
#166 = VECTOR ( 'NONE', #4770, 999.9999999999998863 ) ;
#167 = VECTOR ( 'NONE', #8297, 1000.000000000000000 ) ;
#168 = PLANE ( 'NONE',  #979 ) ;
#169 = DIRECTION ( 'NONE',  ( 0.6947465906068676089, -0.6947465906068636121, -0.1861567878973868495 ) ) ;
#170 = VECTOR ( 'NONE', #8141, 1000.000000000000000 ) ;
#171 = EDGE_CURVE ( 'NONE', #1517, #7614, #6998, .T. ) ;
#172 = PLANE ( 'NONE',  #854 ) ;
#173 = ORIENTED_EDGE ( 'NONE', *, *, #4899, .F. ) ;
#174 = EDGE_CURVE ( 'NONE', #9048, #8382, #1771, .T. ) ;
#175 = SURFACE_STYLE_FILL_AREA ( #9583 ) ;
#176 = VERTEX_POINT ( 'NONE', #10305 ) ;
#177 = PRESENTATION_LAYER_ASSIGNMENT (  '', '', ( #4533 ) ) ;
#178 = DIRECTION ( 'NONE',  ( 0.000000000000000000, -1.000000000000000000, 0.000000000000000000 ) ) ;
#179 = PRESENTATION_LAYER_ASSIGNMENT (  '', '', ( #1030 ) ) ;
#180 = EDGE_CURVE ( 'NONE', #7849, #4158, #1825, .T. ) ;
#181 = DIRECTION ( 'NONE',  ( -1.000000000000000000, 0.000000000000000000, 8.131516293641279557E-17 ) ) ;
#182 = CARTESIAN_POINT ( 'NONE',  ( -5.199999999999999289, 2.099999999999999645, -1.550000000000000488 ) ) ;
#183 = SURFACE_STYLE_USAGE ( .BOTH. , #2722 ) ;
#184 = PRESENTATION_LAYER_ASSIGNMENT (  '', '', ( #2610 ) ) ;
#185 = EDGE_LOOP ( 'NONE', ( #3864, #1617, #2624, #3324 ) ) ;
#186 = DIRECTION ( 'NONE',  ( 1.000000000000000000, -6.570922257487672349E-16, 0.000000000000000000 ) ) ;
#187 = ORIENTED_EDGE ( 'NONE', *, *, #1506, .F. ) ;
#188 = CARTESIAN_POINT ( 'NONE',  ( 0.1599999999999999756, 0.03083447080518480002, 0.1748709736949816407 ) ) ;
#189 = PRESENTATION_LAYER_ASSIGNMENT (  '', '', ( #9678 ) ) ;
#191 = LINE ( 'NONE', #10416, #992 ) ;
#190 = AXIS2_PLACEMENT_3D ( 'NONE', #1649, #7626, #9099 ) ;
#192 =( LENGTH_UNIT ( ) NAMED_UNIT ( * ) SI_UNIT ( .MILLI., .METRE. ) );
#193 = MECHANICAL_DESIGN_GEOMETRIC_PRESENTATION_REPRESENTATION (  '', ( #10203 ), #7586 ) ;
#194 =( GEOMETRIC_REPRESENTATION_CONTEXT ( 3 ) GLOBAL_UNCERTAINTY_ASSIGNED_CONTEXT ( ( #8751 ) ) GLOBAL_UNIT_ASSIGNED_CONTEXT ( ( #6802, #8589, #6708 ) ) REPRESENTATION_CONTEXT ( 'NONE', 'WORKASPACE' ) );
#195 = SURFACE_STYLE_FILL_AREA ( #5297 ) ;
#196 = CARTESIAN_POINT ( 'NONE',  ( 1.409999999999999698, 0.000000000000000000, 0.000000000000000000 ) ) ;
#197 = LINE ( 'NONE', #6888, #6079 ) ;
#198 = DIRECTION ( 'NONE',  ( 1.000000000000000000, 0.000000000000000000, -1.182766006347823109E-16 ) ) ;
#199 = SURFACE_STYLE_FILL_AREA ( #8513 ) ;
#200 = MECHANICAL_DESIGN_GEOMETRIC_PRESENTATION_REPRESENTATION (  '', ( #1940 ), #2941 ) ;
#201 = VERTEX_POINT ( 'NONE', #935 ) ;
#202 = MECHANICAL_DESIGN_GEOMETRIC_PRESENTATION_REPRESENTATION (  '', ( #3294 ), #10051 ) ;
#203 = DIRECTION ( 'NONE',  ( 0.000000000000000000, 0.000000000000000000, -1.000000000000000000 ) ) ;
#204 = VECTOR ( 'NONE', #5926, 1000.000000000000000 ) ;
#205 = CARTESIAN_POINT ( 'NONE',  ( -4.000000000000001776, 0.000000000000000000, -1.850000000000000533 ) ) ;
#206 = VERTEX_POINT ( 'NONE', #2736 ) ;
#207 = VERTEX_POINT ( 'NONE', #360 ) ;
#208 = SURFACE_SIDE_STYLE ('',( #7758 ) ) ;
#209 = FACE_OUTER_BOUND ( 'NONE', #544, .T. ) ;
#210 = DIRECTION ( 'NONE',  ( -0.000000000000000000, 0.000000000000000000, 1.000000000000000000 ) ) ;
#211 = EDGE_CURVE ( 'NONE', #3485, #10373, #2804, .T. ) ;
#212 = VECTOR ( 'NONE', #2073, 1000.000000000000000 ) ;
#213 = VERTEX_POINT ( 'NONE', #7684 ) ;
#214 = CARTESIAN_POINT ( 'NONE',  ( -3.517428449460732853, 4.517428449460709317, -0.6260801004721009422 ) ) ;
#215 = DIRECTION ( 'NONE',  ( 5.981291766781776942E-16, 0.000000000000000000, 1.000000000000000000 ) ) ;
#216 = CARTESIAN_POINT ( 'NONE',  ( 4.000000000000001776, 1.749999999999999778, 1.549999999999988498 ) ) ;
#217 =( NAMED_UNIT ( * ) PLANE_ANGLE_UNIT ( ) SI_UNIT ( $, .RADIAN. ) );
#218 = PRESENTATION_LAYER_ASSIGNMENT (  '', '', ( #3508 ) ) ;
#219 = ORIENTED_EDGE ( 'NONE', *, *, #8461, .F. ) ;
#220 = DIRECTION ( 'NONE',  ( -1.000000000000000000, 0.000000000000000000, 0.000000000000000000 ) ) ;
#221 = EDGE_LOOP ( 'NONE', ( #3367, #5074, #2982, #5504, #5892, #419 ) ) ;
#222 = DIRECTION ( 'NONE',  ( 0.000000000000000000, -1.000000000000000000, 0.000000000000000000 ) ) ;
#223 = CARTESIAN_POINT ( 'NONE',  ( 4.669999999999994600, 1.199999999999999067, 0.3500000000000037526 ) ) ;
#224 = PRESENTATION_STYLE_ASSIGNMENT (( #4351 ) ) ;
#225 = EDGE_CURVE ( 'NONE', #4881, #6366, #6171, .T. ) ;
#226 = VECTOR ( 'NONE', #4574, 1000.000000000000000 ) ;
#227 = LINE ( 'NONE', #5154, #7535 ) ;
#228 = ORIENTED_EDGE ( 'NONE', *, *, #6215, .F. ) ;
#229 = LINE ( 'NONE', #2838, #1947 ) ;
#230 = ORIENTED_EDGE ( 'NONE', *, *, #4152, .F. ) ;
#231 = AXIS2_PLACEMENT_3D ( 'NONE', #9146, #5780, #8123 ) ;
#232 = CARTESIAN_POINT ( 'NONE',  ( 3.500000000000000888, 0.000000000000000000, 0.9500000000000005107 ) ) ;
#233 = PRESENTATION_STYLE_ASSIGNMENT (( #2788 ) ) ;
#234 = PLANE ( 'NONE',  #8630 ) ;
#235 = CYLINDRICAL_SURFACE ( 'NONE', #378, 0.1999999999999996503 ) ;
#236 = ORIENTED_EDGE ( 'NONE', *, *, #10140, .T. ) ;
#237 = EDGE_CURVE ( 'NONE', #2333, #7998, #9552, .T. ) ;
#238 = LINE ( 'NONE', #5121, #7399 ) ;
#239 = ORIENTED_EDGE ( 'NONE', *, *, #8047, .F. ) ;
#240 = ADVANCED_FACE ( 'NONE', ( #1936 ), #10152, .T. ) ;
#241 = DIRECTION ( 'NONE',  ( -0.9762960071199341394, -0.2164396139380997119, -0.000000000000000000 ) ) ;
#242 = AXIS2_PLACEMENT_3D ( 'NONE', #5328, #1903, #6026 ) ;
#243 =( NAMED_UNIT ( * ) PLANE_ANGLE_UNIT ( ) SI_UNIT ( $, .RADIAN. ) );
#244 = EDGE_CURVE ( 'NONE', #3603, #2266, #10259, .T. ) ;
#245 =( LENGTH_UNIT ( ) NAMED_UNIT ( * ) SI_UNIT ( .MILLI., .METRE. ) );
#246 = EDGE_LOOP ( 'NONE', ( #8975, #8808, #6180, #5105, #9311, #6569 ) ) ;
#247 = CARTESIAN_POINT ( 'NONE',  ( -1.409999999999999920, 0.000000000000000000, 2.350000000000004530 ) ) ;
#248 = CARTESIAN_POINT ( 'NONE',  ( 4.000000000000002665, 0.000000000000000000, -0.9500000000000009548 ) ) ;
#249 =( LENGTH_UNIT ( ) NAMED_UNIT ( * ) SI_UNIT ( .MILLI., .METRE. ) );
#250 = STYLED_ITEM ( 'NONE', ( #8390 ), #9639 ) ;
#251 = ORIENTED_EDGE ( 'NONE', *, *, #3255, .T. ) ;
#252 = DIRECTION ( 'NONE',  ( -0.000000000000000000, -0.000000000000000000, 1.000000000000000000 ) ) ;
#253 = ORIENTED_EDGE ( 'NONE', *, *, #5860, .T. ) ;
#254 = EDGE_CURVE ( 'NONE', #6635, #1931, #197, .T. ) ;
#255 = LINE ( 'NONE', #5180, #9242 ) ;
#256 = COLOUR_RGB ( '',1.000000000000000000, 1.000000000000000000, 1.000000000000000000 ) ;
#257 = CARTESIAN_POINT ( 'NONE',  ( 5.500000000000000888, 4.699999999999999289, -1.849999999999996980 ) ) ;
#258 = FACE_OUTER_BOUND ( 'NONE', #8160, .T. ) ;
#259 = ORIENTED_EDGE ( 'NONE', *, *, #8674, .T. ) ;
#260 = SURFACE_STYLE_USAGE ( .BOTH. , #3513 ) ;
#261 = ORIENTED_EDGE ( 'NONE', *, *, #6883, .F. ) ;
#262 = DIRECTION ( 'NONE',  ( 0.000000000000000000, 4.814824860968090180E-32, 1.000000000000000000 ) ) ;
#263 =( LENGTH_UNIT ( ) NAMED_UNIT ( * ) SI_UNIT ( .MILLI., .METRE. ) );
#264 =( NAMED_UNIT ( * ) PLANE_ANGLE_UNIT ( ) SI_UNIT ( $, .RADIAN. ) );
#265 = MECHANICAL_DESIGN_GEOMETRIC_PRESENTATION_REPRESENTATION (  '', ( #9755 ), #1644 ) ;
#266 = VERTEX_POINT ( 'NONE', #3820 ) ;
#267 = UNCERTAINTY_MEASURE_WITH_UNIT (LENGTH_MEASURE( 1.000000000000000082E-05 ), #165, 'distance_accuracy_value', 'NONE');
#269 = LINE ( 'NONE', #9518, #281 ) ;
#268 = DIRECTION ( 'NONE',  ( -1.000000000000000000, 0.000000000000000000, 0.000000000000000000 ) ) ;
#270 = PRESENTATION_STYLE_ASSIGNMENT (( #6129 ) ) ;
#271 = SURFACE_SIDE_STYLE ('',( #4404 ) ) ;
#272 =( LENGTH_UNIT ( ) NAMED_UNIT ( * ) SI_UNIT ( .MILLI., .METRE. ) );
#273 = ORIENTED_EDGE ( 'NONE', *, *, #7058, .T. ) ;
#274 = ORIENTED_EDGE ( 'NONE', *, *, #3212, .T. ) ;
#275 = DIRECTION ( 'NONE',  ( 0.000000000000000000, -4.814824860968089633E-32, -1.000000000000000000 ) ) ;
#276 = FACE_OUTER_BOUND ( 'NONE', #4487, .T. ) ;
#277 = PRESENTATION_LAYER_ASSIGNMENT (  '', '', ( #2018 ) ) ;
#278 = SURFACE_STYLE_USAGE ( .BOTH. , #7834 ) ;
#279 = UNCERTAINTY_MEASURE_WITH_UNIT (LENGTH_MEASURE( 1.000000000000000082E-05 ), #1483, 'distance_accuracy_value', 'NONE');
#280 = CARTESIAN_POINT ( 'NONE',  ( 1.409999999999999698, 2.865743636076471645, -0.3250000000000474731 ) ) ;
#281 = VECTOR ( 'NONE', #7937, 1000.000000000000000 ) ;
#282 = EDGE_CURVE ( 'NONE', #584, #6034, #9448, .T. ) ;
#283 =( LENGTH_UNIT ( ) NAMED_UNIT ( * ) SI_UNIT ( .MILLI., .METRE. ) );
#284 = ORIENTED_EDGE ( 'NONE', *, *, #7441, .F. ) ;
#285 = FILL_AREA_STYLE_COLOUR ( '', #2464 ) ;
#286 = ORIENTED_EDGE ( 'NONE', *, *, #3498, .F. ) ;
#287 = DIRECTION ( 'NONE',  ( 0.000000000000000000, -1.355252715606880049E-16, 1.000000000000000000 ) ) ;
#288 = ORIENTED_EDGE ( 'NONE', *, *, #7697, .T. ) ;
#289 = PRESENTATION_LAYER_ASSIGNMENT (  '', '', ( #5015 ) ) ;
#290 = CARTESIAN_POINT ( 'NONE',  ( 2.660000000000000142, 1.749999999999999778, -0.3250000000000474176 ) ) ;
#291 = VERTEX_POINT ( 'NONE', #5567 ) ;
#292 = CARTESIAN_POINT ( 'NONE',  ( 5.100000000000009415, 1.299999999999995604, -1.849999999999996980 ) ) ;
#293 = EDGE_CURVE ( 'NONE', #8309, #9939, #7286, .T. ) ;
#294 = DIRECTION ( 'NONE',  ( 0.000000000000000000, 0.000000000000000000, 1.000000000000000000 ) ) ;
#295 = ORIENTED_EDGE ( 'NONE', *, *, #4278, .F. ) ;
#296 = AXIS2_PLACEMENT_3D ( 'NONE', #5064, #4040, #6722 ) ;
#297 =( LENGTH_UNIT ( ) NAMED_UNIT ( * ) SI_UNIT ( .MILLI., .METRE. ) );
#299 = EDGE_CURVE ( 'NONE', #8002, #2661, #3713, .T. ) ;
#298 = DIRECTION ( 'NONE',  ( -1.000000000000000000, 3.614007241618355673E-16, 2.529805069132844337E-15 ) ) ;
#300 = DIRECTION ( 'NONE',  ( -1.466251640036193592E-16, 0.4226182617406955555, -0.9063077870366518241 ) ) ;
#301 = CLOSED_SHELL ( 'NONE', ( #3209, #4798, #5481, #8298, #10734, #2277, #1492, #6252, #8829, #4721 ) ) ;
#302 = PLANE ( 'NONE',  #9487 ) ;
#303 = EDGE_LOOP ( 'NONE', ( #6574, #6627, #6661, #1235 ) ) ;
#304 = ADVANCED_FACE ( 'NONE', ( #7062 ), #6277, .T. ) ;
#305 = CARTESIAN_POINT ( 'NONE',  ( -3.050000000000019806, 1.749999999999999778, 1.549999999999989386 ) ) ;
#306 = ORIENTED_EDGE ( 'NONE', *, *, #7266, .F. ) ;
#307 = STYLED_ITEM ( 'NONE', ( #9137 ), #4684 ) ;
#308 = CARTESIAN_POINT ( 'NONE',  ( -3.389897842624815638, 0.2565727441013907484, 0.1350672255343202399 ) ) ;
#309 = VECTOR ( 'NONE', #2587, 1000.000000000000000 ) ;
#310 =( NAMED_UNIT ( * ) PLANE_ANGLE_UNIT ( ) SI_UNIT ( $, .RADIAN. ) );
#311 = EDGE_CURVE ( 'NONE', #1989, #579, #10422, .T. ) ;
#312 = CARTESIAN_POINT ( 'NONE',  ( -4.469999999999994422, 1.200000000000000178, -1.849999999999996314 ) ) ;
#313 = EDGE_LOOP ( 'NONE', ( #6861, #9634, #6969, #2880 ) ) ;
#314 = DIRECTION ( 'NONE',  ( 6.570922257487672349E-16, 1.000000000000000000, -0.000000000000000000 ) ) ;
#315 = PRESENTATION_LAYER_ASSIGNMENT (  '', '', ( #3424 ) ) ;
#316 = FACE_OUTER_BOUND ( 'NONE', #7326, .T. ) ;
#317 = EDGE_LOOP ( 'NONE', ( #1171, #5348, #1775, #7482 ) ) ;
#318 = DIRECTION ( 'NONE',  ( 0.2133021165724263424, -0.9621436710723737518, -0.1696518885279465760 ) ) ;
#319 = LINE ( 'NONE', #10223, #5426 ) ;
#320 = ORIENTED_EDGE ( 'NONE', *, *, #3202, .F. ) ;
#322 = PRESENTATION_STYLE_ASSIGNMENT (( #1118 ) ) ;
#321 = FILL_AREA_STYLE ('',( #7703 ) ) ;
#323 = COLOUR_RGB ( '',1.000000000000000000, 1.000000000000000000, 1.000000000000000000 ) ;
#324 = DIRECTION ( 'NONE',  ( -0.000000000000000000, 0.7071067811865560104, 0.7071067811865391350 ) ) ;
#325 =( NAMED_UNIT ( * ) PLANE_ANGLE_UNIT ( ) SI_UNIT ( $, .RADIAN. ) );
#326 = VECTOR ( 'NONE', #1062, 1000.000000000000114 ) ;
#327 = ORIENTED_EDGE ( 'NONE', *, *, #7169, .T. ) ;
#328 = CARTESIAN_POINT ( 'NONE',  ( -4.669999999999994600, 0.4500000000000010103, -1.849999999999996314 ) ) ;
#329 = ORIENTED_EDGE ( 'NONE', *, *, #5711, .T. ) ;
#330 = CARTESIAN_POINT ( 'NONE',  ( -5.000000000000006217, 1.650000000000000355, -1.749999999999994449 ) ) ;
#331 = PLANE ( 'NONE',  #10609 ) ;
#332 = VECTOR ( 'NONE', #10746, 1000.000000000000000 ) ;
#333 = VECTOR ( 'NONE', #10324, 1000.000000000000114 ) ;
#334 =( NAMED_UNIT ( * ) PLANE_ANGLE_UNIT ( ) SI_UNIT ( $, .RADIAN. ) );
#335 = PLANE ( 'NONE',  #10849 ) ;
#336 = DIRECTION ( 'NONE',  ( 0.000000000000000000, 0.000000000000000000, -1.000000000000000000 ) ) ;
#337 = VECTOR ( 'NONE', #7772, 1000.000000000000000 ) ;
#338 = PRODUCT_DEFINITION_SHAPE ( 'NONE', 'NONE',  #2620 ) ;
#339 = PRESENTATION_STYLE_ASSIGNMENT (( #1024 ) ) ;
#340 = CARTESIAN_POINT ( 'NONE',  ( 1.725000000000005196, 4.400000000000002132, -1.450000000000040368 ) ) ;
#341 = ORIENTED_EDGE ( 'NONE', *, *, #7058, .F. ) ;
#342 = CARTESIAN_POINT ( 'NONE',  ( -5.499999999999997335, 0.4499999999999968470, 0.3500000000000037526 ) ) ;
#343 = ORIENTED_EDGE ( 'NONE', *, *, #3416, .F. ) ;
#344 = SURFACE_SIDE_STYLE ('',( #1140 ) ) ;
#345 = CARTESIAN_POINT ( 'NONE',  ( -3.500000000000001776, 0.000000000000000000, 1.850000000000000533 ) ) ;
#346 = VERTEX_POINT ( 'NONE', #8884 ) ;
#347 = VECTOR ( 'NONE', #1503, 1000.000000000000000 ) ;
#348 = SURFACE_STYLE_FILL_AREA ( #2999 ) ;
#349 =( GEOMETRIC_REPRESENTATION_CONTEXT ( 3 ) GLOBAL_UNCERTAINTY_ASSIGNED_CONTEXT ( ( #6305 ) ) GLOBAL_UNIT_ASSIGNED_CONTEXT ( ( #9177, #4057, #7483 ) ) REPRESENTATION_CONTEXT ( 'NONE', 'WORKASPACE' ) );
#350 = DIRECTION ( 'NONE',  ( 0.7071067811865454633, 0.7071067811865495711, 0.000000000000000000 ) ) ;
#351 = FILL_AREA_STYLE ('',( #3433 ) ) ;
#352 = CARTESIAN_POINT ( 'NONE',  ( 3.050000000000020695, 1.749999999999999778, 0.9499999999999854117 ) ) ;
#353 = PRESENTATION_LAYER_ASSIGNMENT (  '', '', ( #5077 ) ) ;
#354 = AXIS2_PLACEMENT_3D ( 'NONE', #3505, #6003, #5235 ) ;
#355 = ORIENTED_EDGE ( 'NONE', *, *, #6702, .F. ) ;
#356 = COLOUR_RGB ( '',1.000000000000000000, 1.000000000000000000, 1.000000000000000000 ) ;
#357 =( GEOMETRIC_REPRESENTATION_CONTEXT ( 3 ) GLOBAL_UNCERTAINTY_ASSIGNED_CONTEXT ( ( #798 ) ) GLOBAL_UNIT_ASSIGNED_CONTEXT ( ( #7970, #5514, #7918 ) ) REPRESENTATION_CONTEXT ( 'NONE', 'WORKASPACE' ) );
#358 = DIRECTION ( 'NONE',  ( 1.000000000000000000, -0.000000000000000000, 0.000000000000000000 ) ) ;
#359 = AXIS2_PLACEMENT_3D ( 'NONE', #1387, #3727, #9609 ) ;
#360 = CARTESIAN_POINT ( 'NONE',  ( -3.500000000000001776, 0.000000000000000000, 1.850000000000000533 ) ) ;
#361 = SURFACE_SIDE_STYLE ('',( #4439 ) ) ;
#362 = SURFACE_SIDE_STYLE ('',( #7289 ) ) ;
#363 = VERTEX_POINT ( 'NONE', #1321 ) ;
#364 =( NAMED_UNIT ( * ) PLANE_ANGLE_UNIT ( ) SI_UNIT ( $, .RADIAN. ) );
#365 = VERTEX_POINT ( 'NONE', #4666 ) ;
#366 = STYLED_ITEM ( 'NONE', ( #4880 ), #7322 ) ;
#367 = LINE ( 'NONE', #5306, #2545 ) ;
#368 = VECTOR ( 'NONE', #1985, 1000.000000000000000 ) ;
#369 =( GEOMETRIC_REPRESENTATION_CONTEXT ( 3 ) GLOBAL_UNCERTAINTY_ASSIGNED_CONTEXT ( ( #8639 ) ) GLOBAL_UNIT_ASSIGNED_CONTEXT ( ( #3010, #8127, #7505 ) ) REPRESENTATION_CONTEXT ( 'NONE', 'WORKASPACE' ) );
#370 = DIRECTION ( 'NONE',  ( -3.771137991253928573E-16, 1.000000000000000000, 0.000000000000000000 ) ) ;
#371 = ORIENTED_EDGE ( 'NONE', *, *, #7621, .F. ) ;
#372 = VECTOR ( 'NONE', #1969, 1000.000000000000000 ) ;
#373 = DIRECTION ( 'NONE',  ( 8.145842444645525158E-16, 0.9063077870366518241, 0.4226182617406955555 ) ) ;
#374 = PRESENTATION_LAYER_ASSIGNMENT (  '', '', ( #1940 ) ) ;
#375 = DIRECTION ( 'NONE',  ( 0.000000000000000000, 0.000000000000000000, -1.000000000000000000 ) ) ;
#376 = ORIENTED_EDGE ( 'NONE', *, *, #4117, .T. ) ;
#377 = PLANE ( 'NONE',  #5377 ) ;
#379 = SURFACE_STYLE_FILL_AREA ( #1889 ) ;
#378 = AXIS2_PLACEMENT_3D ( 'NONE', #5119, #5877, #5161 ) ;
#380 = VERTEX_POINT ( 'NONE', #8938 ) ;
#381 = UNCERTAINTY_MEASURE_WITH_UNIT (LENGTH_MEASURE( 1.000000000000000082E-05 ), #9232, 'distance_accuracy_value', 'NONE');
#382 = EDGE_CURVE ( 'NONE', #6521, #2204, #6391, .T. ) ;
#383 = DIRECTION ( 'NONE',  ( 0.000000000000000000, 0.000000000000000000, -1.000000000000000000 ) ) ;
#384 = EDGE_CURVE ( 'NONE', #6735, #9459, #3057, .T. ) ;
#385 = CARTESIAN_POINT ( 'NONE',  ( 1.409999999999999698, -1.579062136966065191E-17, -0.3250000000000473066 ) ) ;
#386 = SURFACE_STYLE_FILL_AREA ( #8855 ) ;
#387 = EDGE_CURVE ( 'NONE', #10344, #5769, #511, .T. ) ;
#388 = ORIENTED_EDGE ( 'NONE', *, *, #10348, .F. ) ;
#389 =( NAMED_UNIT ( * ) SI_UNIT ( $, .STERADIAN. ) SOLID_ANGLE_UNIT ( ) );
#390 = ORIENTED_EDGE ( 'NONE', *, *, #9303, .F. ) ;
#391 = CARTESIAN_POINT ( 'NONE',  ( -2.339999999999999858, 2.865743636076471645, -0.3250000000000474731 ) ) ;
#392 = LINE ( 'NONE', #8536, #9556 ) ;
#393 =( NAMED_UNIT ( * ) PLANE_ANGLE_UNIT ( ) SI_UNIT ( $, .RADIAN. ) );
#394 = EDGE_CURVE ( 'NONE', #876, #999, #9764, .T. ) ;
#395 = DIRECTION ( 'NONE',  ( 1.000000000000000000, 0.000000000000000000, -1.355252715606879556E-16 ) ) ;
#396 = MECHANICAL_DESIGN_GEOMETRIC_PRESENTATION_REPRESENTATION (  '', ( #9002 ), #6168 ) ;
#397 = DIRECTION ( 'NONE',  ( 0.000000000000000000, -0.000000000000000000, 1.000000000000000000 ) ) ;
#398 =( NAMED_UNIT ( * ) SI_UNIT ( $, .STERADIAN. ) SOLID_ANGLE_UNIT ( ) );
#399 = ORIENTED_EDGE ( 'NONE', *, *, #4105, .F. ) ;
#400 = ORIENTED_EDGE ( 'NONE', *, *, #2557, .T. ) ;
#401 = DIRECTION ( 'NONE',  ( -1.000000000000000000, 0.000000000000000000, 8.131516293641279557E-17 ) ) ;
#402 = CARTESIAN_POINT ( 'NONE',  ( -1.189999999999999947, 4.000000000000000000, -0.9250000000000404565 ) ) ;
#403 =( GEOMETRIC_REPRESENTATION_CONTEXT ( 3 ) GLOBAL_UNCERTAINTY_ASSIGNED_CONTEXT ( ( #9065 ) ) GLOBAL_UNIT_ASSIGNED_CONTEXT ( ( #1493, #2369, #5635 ) ) REPRESENTATION_CONTEXT ( 'NONE', 'WORKASPACE' ) );
#404 = CARTESIAN_POINT ( 'NONE',  ( 2.025000000000005684, 4.699999999999997513, -1.850000000000000533 ) ) ;
#405 = ORIENTED_EDGE ( 'NONE', *, *, #8558, .F. ) ;
#406 = CYLINDRICAL_SURFACE ( 'NONE', #3411, 0.1999999999999996503 ) ;
#407 = CARTESIAN_POINT ( 'NONE',  ( 2.425000000000005151, 3.249999999999996891, -1.850000000000000533 ) ) ;
#408 =( NAMED_UNIT ( * ) PLANE_ANGLE_UNIT ( ) SI_UNIT ( $, .RADIAN. ) );
#409 = VECTOR ( 'NONE', #8937, 1000.000000000000000 ) ;
#410 = ORIENTED_EDGE ( 'NONE', *, *, #9691, .F. ) ;
#411 = ADVANCED_FACE ( 'NONE', ( #2046 ), #8785, .F. ) ;
#412 = SURFACE_STYLE_USAGE ( .BOTH. , #8782 ) ;
#413 = CARTESIAN_POINT ( 'NONE',  ( 3.999999999999994671, 2.600000000000001421, 0.9500000000000015099 ) ) ;
#414 = DIRECTION ( 'NONE',  ( -1.000000000000000000, 0.000000000000000000, 1.182766006347823109E-16 ) ) ;
#415 = LINE ( 'NONE', #10472, #8802 ) ;
#416 = EDGE_LOOP ( 'NONE', ( #8646, #2896, #6095, #8248 ) ) ;
#417 = DIRECTION ( 'NONE',  ( -0.000000000000000000, -0.000000000000000000, 1.000000000000000000 ) ) ;
#418 = VECTOR ( 'NONE', #6531, 1000.000000000000000 ) ;
#419 = ORIENTED_EDGE ( 'NONE', *, *, #808, .T. ) ;
#420 = LINE ( 'NONE', #4734, #9950 ) ;
#421 = CARTESIAN_POINT ( 'NONE',  ( -4.669999999999994600, 0.4500000000000010103, -1.849999999999996314 ) ) ;
#422 = EDGE_CURVE ( 'NONE', #1931, #5931, #5728, .T. ) ;
#423 = VECTOR ( 'NONE', #4620, 1000.000000000000000 ) ;
#424 = VERTEX_POINT ( 'NONE', #10856 ) ;
#425 = DIRECTION ( 'NONE',  ( -0.7071067811865471286, -0.7071067811865479058, 8.363418636454763320E-17 ) ) ;
#426 = PRESENTATION_STYLE_ASSIGNMENT (( #10376 ) ) ;
#427 = CARTESIAN_POINT ( 'NONE',  ( 3.400000000000024336, 1.749999999999999778, -1.450000000000040590 ) ) ;
#428 = DIRECTION ( 'NONE',  ( -1.000000000000000000, -0.000000000000000000, -0.000000000000000000 ) ) ;
#429 = CARTESIAN_POINT ( 'NONE',  ( 3.499999999950209606, 4.499999999950186513, -0.6249377795396816593 ) ) ;
#430 = ORIENTED_EDGE ( 'NONE', *, *, #394, .F. ) ;
#431 = CARTESIAN_POINT ( 'NONE',  ( 5.500000000000000888, 0.2999999999999999889, -1.849999999999996980 ) ) ;
#432 = MECHANICAL_DESIGN_GEOMETRIC_PRESENTATION_REPRESENTATION (  '', ( #5148 ), #6563 ) ;
#433 = CARTESIAN_POINT ( 'NONE',  ( 3.050000000000020695, 1.749999999999999778, 0.9499999999999854117 ) ) ;
#434 = CARTESIAN_POINT ( 'NONE',  ( -5.699999999999993960, 2.764715539838036307E-15, -1.849999999999996314 ) ) ;
#435 = VERTEX_POINT ( 'NONE', #4832 ) ;
#436 = FACE_OUTER_BOUND ( 'NONE', #6745, .T. ) ;
#437 = EDGE_CURVE ( 'NONE', #2695, #66, #3116, .T. ) ;
#438 = ORIENTED_EDGE ( 'NONE', *, *, #9533, .T. ) ;
#439 = STYLED_ITEM ( 'NONE', ( #1641 ), #9826 ) ;
#440 = EDGE_CURVE ( 'NONE', #4647, #3981, #6718, .T. ) ;
#441 = DIRECTION ( 'NONE',  ( 9.019373039313874089E-17, 0.7071067811865495711, 0.7071067811865454633 ) ) ;
#442 = FILL_AREA_STYLE ('',( #6313 ) ) ;
#443 = SURFACE_SIDE_STYLE ('',( #9692 ) ) ;
#444 = FILL_AREA_STYLE ('',( #10568 ) ) ;
#445 = VERTEX_POINT ( 'NONE', #769 ) ;
#446 = EDGE_CURVE ( 'NONE', #6801, #7305, #9979, .T. ) ;
#447 = VERTEX_POINT ( 'NONE', #9148 ) ;
#448 = DIRECTION ( 'NONE',  ( 0.000000000000000000, 0.000000000000000000, -1.000000000000000000 ) ) ;
#449 = EDGE_CURVE ( 'NONE', #9009, #1925, #2359, .T. ) ;
#450 = CARTESIAN_POINT ( 'NONE',  ( -5.249999999999999112, 2.400000000000000799, 0.9500000000000003997 ) ) ;
#451 = DIRECTION ( 'NONE',  ( -0.000000000000000000, 0.7071067811865560104, 0.7071067811865391350 ) ) ;
#452 = VERTEX_POINT ( 'NONE', #4900 ) ;
#453 = CARTESIAN_POINT ( 'NONE',  ( -4.000000000000001776, 0.000000000000000000, -0.9500000000000009548 ) ) ;
#454 = VECTOR ( 'NONE', #7823, 1000.000000000000000 ) ;
#455 =( LENGTH_UNIT ( ) NAMED_UNIT ( * ) SI_UNIT ( .MILLI., .METRE. ) );
#456 = ORIENTED_EDGE ( 'NONE', *, *, #5673, .T. ) ;
#457 = DIRECTION ( 'NONE',  ( -0.4999999999999967804, -0.4999999999999963363, 0.7071067811865524577 ) ) ;
#459 = LINE ( 'NONE', #3712, #8951 ) ;
#458 = VECTOR ( 'NONE', #3191, 1000.000000000000000 ) ;
#460 = CARTESIAN_POINT ( 'NONE',  ( -3.700000000000019273, 1.749999999999999778, 0.1750000000000117295 ) ) ;
#461 = FILL_AREA_STYLE_COLOUR ( '', #1214 ) ;
#462 = VERTEX_POINT ( 'NONE', #3221 ) ;
#463 = ORIENTED_EDGE ( 'NONE', *, *, #7441, .T. ) ;
#464 = LINE ( 'NONE', #1439, #5546 ) ;
#465 = VECTOR ( 'NONE', #8140, 1000.000000000000000 ) ;
#466 = CARTESIAN_POINT ( 'NONE',  ( -0.1599999999999999756, -1.125000000000002442, 1.125000000000004663 ) ) ;
#467 = ORIENTED_EDGE ( 'NONE', *, *, #9998, .T. ) ;
#468 = PRESENTATION_STYLE_ASSIGNMENT (( #10599 ) ) ;
#469 = CARTESIAN_POINT ( 'NONE',  ( -2.560000000000000053, 4.000000000000000000, -0.5250000000000403233 ) ) ;
#470 = CARTESIAN_POINT ( 'NONE',  ( -1.409999999999999920, -1.125000000000002442, 1.125000000000004663 ) ) ;
#471 = SURFACE_STYLE_USAGE ( .BOTH. , #9834 ) ;
#472 = STYLED_ITEM ( 'NONE', ( #6881 ), #4489 ) ;
#473 =( NAMED_UNIT ( * ) PLANE_ANGLE_UNIT ( ) SI_UNIT ( $, .RADIAN. ) );
#474 = ORIENTED_EDGE ( 'NONE', *, *, #4213, .F. ) ;
#475 = CARTESIAN_POINT ( 'NONE',  ( 1.409999999999999698, 2.865743636076471201, -1.125000000000033973 ) ) ;
#476 = EDGE_CURVE ( 'NONE', #8363, #521, #3915, .T. ) ;
#477 = FILL_AREA_STYLE_COLOUR ( '', #9650 ) ;
#478 = VECTOR ( 'NONE', #4181, 1000.000000000000000 ) ;
#479 = PRESENTATION_STYLE_ASSIGNMENT (( #5532 ) ) ;
#480 = ORIENTED_EDGE ( 'NONE', *, *, #1147, .F. ) ;
#481 = VERTEX_POINT ( 'NONE', #11 ) ;
#482 = SURFACE_STYLE_FILL_AREA ( #5485 ) ;
#483 =( NAMED_UNIT ( * ) PLANE_ANGLE_UNIT ( ) SI_UNIT ( $, .RADIAN. ) );
#484 = LINE ( 'NONE', #4872, #7890 ) ;
#485 = VECTOR ( 'NONE', #1675, 1000.000000000000000 ) ;
#486 = DIRECTION ( 'NONE',  ( 0.000000000000000000, 0.9848077530122087975, -0.1736481776669264454 ) ) ;
#487 = VECTOR ( 'NONE', #3270, 1000.000000000000000 ) ;
#488 = DIRECTION ( 'NONE',  ( 0.000000000000000000, -0.7071067811865482389, -0.7071067811865469066 ) ) ;
#489 = ADVANCED_FACE ( 'NONE', ( #8225 ), #2518, .T. ) ;
#490 = UNCERTAINTY_MEASURE_WITH_UNIT (LENGTH_MEASURE( 1.000000000000000082E-05 ), #8000, 'distance_accuracy_value', 'NONE');
#491 = EDGE_CURVE ( 'NONE', #5607, #8576, #2406, .T. ) ;
#492 = SURFACE_STYLE_USAGE ( .BOTH. , #4761 ) ;
#493 = ORIENTED_EDGE ( 'NONE', *, *, #2035, .T. ) ;
#494 = VECTOR ( 'NONE', #4197, 1000.000000000000000 ) ;
#495 = CARTESIAN_POINT ( 'NONE',  ( -1.310000000000000275, 4.000000000000000000, -0.9250000000000404565 ) ) ;
#496 = VERTEX_POINT ( 'NONE', #6813 ) ;
#497 = PRESENTATION_LAYER_ASSIGNMENT (  '', '', ( #4307 ) ) ;
#498 = DIRECTION ( 'NONE',  ( 0.7071067811865474617, 0.000000000000000000, 0.7071067811865474617 ) ) ;
#499 = SURFACE_STYLE_USAGE ( .BOTH. , #10350 ) ;
#500 = EDGE_LOOP ( 'NONE', ( #10446, #6955, #9238, #878 ) ) ;
#501 = CARTESIAN_POINT ( 'NONE',  ( 3.499999999950210494, 1.749999999999999778, 0.2249377794898757554 ) ) ;
#502 = EDGE_CURVE ( 'NONE', #201, #10673, #5116, .T. ) ;
#503 = SURFACE_STYLE_FILL_AREA ( #3002 ) ;
#504 = MECHANICAL_DESIGN_GEOMETRIC_PRESENTATION_REPRESENTATION (  '', ( #7547 ), #2589 ) ;
#505 = DIRECTION ( 'NONE',  ( -1.000000000000000000, -0.000000000000000000, -0.000000000000000000 ) ) ;
#506 = VERTEX_POINT ( 'NONE', #7726 ) ;
#507 = CARTESIAN_POINT ( 'NONE',  ( -2.660000000000000142, 3.548929149633788249, -0.9250000000000404565 ) ) ;
#508 = PRESENTATION_LAYER_ASSIGNMENT (  '', '', ( #3108 ) ) ;
#509 = DIRECTION ( 'NONE',  ( -1.000000000000000000, -0.000000000000000000, -0.000000000000000000 ) ) ;
#510 = SURFACE_STYLE_FILL_AREA ( #4437 ) ;
#511 = LINE ( 'NONE', #10589, #980 ) ;
#512 = DIRECTION ( 'NONE',  ( -0.5773502691896266192, -0.5773502691896236216, 0.5773502691896270633 ) ) ;
#513 = ORIENTED_EDGE ( 'NONE', *, *, #3028, .F. ) ;
#514 = VERTEX_POINT ( 'NONE', #3540 ) ;
#515 = CARTESIAN_POINT ( 'NONE',  ( -1.090000000000000080, 1.350000000000001865, 1.350000000000004086 ) ) ;
#516 = COLOUR_RGB ( '',0.7921568627450980005, 0.8196078431372548767, 0.9333333333333333481 ) ;
#517 = LINE ( 'NONE', #2262, #6323 ) ;
#518 =( GEOMETRIC_REPRESENTATION_CONTEXT ( 3 ) GLOBAL_UNCERTAINTY_ASSIGNED_CONTEXT ( ( #1789 ) ) GLOBAL_UNIT_ASSIGNED_CONTEXT ( ( #1742, #2508, #2563 ) ) REPRESENTATION_CONTEXT ( 'NONE', 'WORKASPACE' ) );
#519 = SURFACE_STYLE_FILL_AREA ( #2418 ) ;
#520 = AXIS2_PLACEMENT_3D ( 'NONE', #10167, #4395, #9446 ) ;
#521 = VERTEX_POINT ( 'NONE', #8601 ) ;
#522 = FACE_OUTER_BOUND ( 'NONE', #5237, .T. ) ;
#523 = CARTESIAN_POINT ( 'NONE',  ( -2.339999999999999858, 0.2999999999999999334, 1.449999999999997735 ) ) ;
#524 =( NAMED_UNIT ( * ) SI_UNIT ( $, .STERADIAN. ) SOLID_ANGLE_UNIT ( ) );
#525 = VECTOR ( 'NONE', #7152, 1000.000000000000000 ) ;
#526 = VECTOR ( 'NONE', #571, 1000.000000000000000 ) ;
#527 = CARTESIAN_POINT ( 'NONE',  ( -4.000000000000001776, -0.9059928172283340242, -1.550000000000000488 ) ) ;
#528 = ORIENTED_EDGE ( 'NONE', *, *, #10185, .T. ) ;
#529 = COLOUR_RGB ( '',0.7921568627450980005, 0.8196078431372548767, 0.9333333333333333481 ) ;
#530 = SURFACE_STYLE_USAGE ( .BOTH. , #1298 ) ;
#531 = EDGE_LOOP ( 'NONE', ( #3101, #1640, #1416, #9771 ) ) ;
#532 = PRESENTATION_LAYER_ASSIGNMENT (  '', '', ( #10203 ) ) ;
#533 = VECTOR ( 'NONE', #10628, 1000.000000000000000 ) ;
#534 = SURFACE_STYLE_FILL_AREA ( #1344 ) ;
#535 = EDGE_CURVE ( 'NONE', #951, #10848, #6873, .T. ) ;
#536 = ORIENTED_EDGE ( 'NONE', *, *, #10597, .T. ) ;
#537 = LINE ( 'NONE', #2932, #10355 ) ;
#538 = DIRECTION ( 'NONE',  ( -0.000000000000000000, 1.000000000000000000, -0.000000000000000000 ) ) ;
#539 = CIRCLE ( 'NONE', #6660, 0.4499999999999999001 ) ;
#540 = DIRECTION ( 'NONE',  ( 0.6847910787717377268, -0.2492435693639498961, 0.6847910787717356174 ) ) ;
#541 = DIRECTION ( 'NONE',  ( 0.000000000000000000, -0.000000000000000000, 1.000000000000000000 ) ) ;
#542 = DIRECTION ( 'NONE',  ( 0.000000000000000000, -1.355252715606880049E-16, 1.000000000000000000 ) ) ;
#543 = VECTOR ( 'NONE', #111, 1000.000000000000000 ) ;
#544 = EDGE_LOOP ( 'NONE', ( #2629, #7534, #2950, #5605 ) ) ;
#545 = CARTESIAN_POINT ( 'NONE',  ( -1.090000000000000080, 0.000000000000000000, 2.350000000000004530 ) ) ;
#546 = EDGE_CURVE ( 'NONE', #9048, #2695, #3593, .T. ) ;
#547 = ORIENTED_EDGE ( 'NONE', *, *, #4550, .T. ) ;
#548 = DIRECTION ( 'NONE',  ( 0.7071067811865485719, -0.7071067811865465735, 0.000000000000000000 ) ) ;
#549 = FILL_AREA_STYLE ('',( #9640 ) ) ;
#550 = DIRECTION ( 'NONE',  ( -0.000000000000000000, -0.000000000000000000, 1.000000000000000000 ) ) ;
#551 = ORIENTED_EDGE ( 'NONE', *, *, #2332, .T. ) ;
#552 = LINE ( 'NONE', #7904, #368 ) ;
#553 = COLOUR_RGB ( '',1.000000000000000000, 1.000000000000000000, 1.000000000000000000 ) ;
#554 =( NAMED_UNIT ( * ) SI_UNIT ( $, .STERADIAN. ) SOLID_ANGLE_UNIT ( ) );
#555 = ORIENTED_EDGE ( 'NONE', *, *, #2038, .T. ) ;
#556 = PLANE ( 'NONE',  #6698 ) ;
#557 = PRESENTATION_LAYER_ASSIGNMENT (  '', '', ( #9002 ) ) ;
#558 =( NAMED_UNIT ( * ) PLANE_ANGLE_UNIT ( ) SI_UNIT ( $, .RADIAN. ) );
#559 = CARTESIAN_POINT ( 'NONE',  ( 3.400000000000025224, 1.749999999999999778, 0.2249377794898757832 ) ) ;
#560 = SURFACE_STYLE_FILL_AREA ( #767 ) ;
#561 = ADVANCED_FACE ( 'NONE', ( #60 ), #8546, .F. ) ;
#562 = SURFACE_STYLE_USAGE ( .BOTH. , #1216 ) ;
#563 = LINE ( 'NONE', #10590, #1733 ) ;
#564 = ORIENTED_EDGE ( 'NONE', *, *, #3807, .T. ) ;
#565 = EDGE_CURVE ( 'NONE', #9612, #9525, #6036, .T. ) ;
#566 = CARTESIAN_POINT ( 'NONE',  ( 3.523657060577888622E-15, 3.249999999999998668, -1.850000000000000533 ) ) ;
#567 = ORIENTED_EDGE ( 'NONE', *, *, #9730, .F. ) ;
#568 = EDGE_CURVE ( 'NONE', #9009, #10425, #973, .T. ) ;
#569 = CARTESIAN_POINT ( 'NONE',  ( 4.669999999999994600, 1.199999999999999067, 0.3500000000000037526 ) ) ;
#570 = LINE ( 'NONE', #6400, #7038 ) ;
#571 = DIRECTION ( 'NONE',  ( 0.000000000000000000, 0.000000000000000000, -1.000000000000000000 ) ) ;
#572 = VERTEX_POINT ( 'NONE', #3379 ) ;
#573 = LINE ( 'NONE', #5475, #2138 ) ;
#574 = CARTESIAN_POINT ( 'NONE',  ( 1.409999999999999698, 0.000000000000000000, 0.000000000000000000 ) ) ;
#575 = CARTESIAN_POINT ( 'NONE',  ( -4.219999999999995310, 0.4500000000000008993, 0.3500000000000037526 ) ) ;
#576 = VECTOR ( 'NONE', #719, 1000.000000000000000 ) ;
#577 = EDGE_CURVE ( 'NONE', #4424, #5769, #8665, .T. ) ;
#578 = DIRECTION ( 'NONE',  ( -1.000000000000000000, -0.000000000000000000, -0.000000000000000000 ) ) ;
#579 = VERTEX_POINT ( 'NONE', #10292 ) ;
#580 = VECTOR ( 'NONE', #7832, 1000.000000000000000 ) ;
#581 = CARTESIAN_POINT ( 'NONE',  ( 3.400000000000025224, 3.700000000000000178, 0.000000000000000000 ) ) ;
#582 = CARTESIAN_POINT ( 'NONE',  ( -4.669999999999994600, 1.399999999999999689, 0.3500000000000037526 ) ) ;
#583 = ORIENTED_EDGE ( 'NONE', *, *, #10839, .T. ) ;
#584 = VERTEX_POINT ( 'NONE', #10141 ) ;
#585 = FACE_OUTER_BOUND ( 'NONE', #4920, .T. ) ;
#586 = SURFACE_STYLE_FILL_AREA ( #6532 ) ;
#587 = VECTOR ( 'NONE', #9160, 1000.000000000000000 ) ;
#588 = FACE_OUTER_BOUND ( 'NONE', #416, .T. ) ;
#589 = UNCERTAINTY_MEASURE_WITH_UNIT (LENGTH_MEASURE( 1.000000000000000082E-05 ), #9873, 'distance_accuracy_value', 'NONE');
#590 = PLANE ( 'NONE',  #5038 ) ;
#591 = ADVANCED_FACE ( 'NONE', ( #2575 ), #4367, .T. ) ;
#592 = FILL_AREA_STYLE_COLOUR ( '', #841 ) ;
#593 = COLOUR_RGB ( '',1.000000000000000000, 1.000000000000000000, 1.000000000000000000 ) ;
#594 = ORIENTED_EDGE ( 'NONE', *, *, #9436, .T. ) ;
#595 = LINE ( 'NONE', #545, #212 ) ;
#596 = ORIENTED_EDGE ( 'NONE', *, *, #5621, .F. ) ;
#597 = LINE ( 'NONE', #1361, #2283 ) ;
#598 = CARTESIAN_POINT ( 'NONE',  ( -2.339999999999999858, 1.749999999999999778, 0.000000000000000000 ) ) ;
#599 = EDGE_CURVE ( 'NONE', #4741, #724, #4758, .T. ) ;
#600 = DIRECTION ( 'NONE',  ( 1.000000000000000000, 5.263117342162644475E-17, -0.000000000000000000 ) ) ;
#601 = EDGE_LOOP ( 'NONE', ( #10105, #3880, #7694, #7857 ) ) ;
#602 = DIRECTION ( 'NONE',  ( -0.000000000000000000, -0.000000000000000000, 1.000000000000000000 ) ) ;
#603 = LINE ( 'NONE', #3174, #5833 ) ;
#604 = FILL_AREA_STYLE ('',( #9929 ) ) ;
#605 = VERTEX_POINT ( 'NONE', #6371 ) ;
#606 = FACE_OUTER_BOUND ( 'NONE', #1622, .T. ) ;
#607 = ORIENTED_EDGE ( 'NONE', *, *, #8590, .T. ) ;
#608 = CARTESIAN_POINT ( 'NONE',  ( -2.660000000000000142, 3.548929149633788693, -0.4454640388693684727 ) ) ;
#609 = EDGE_CURVE ( 'NONE', #2718, #4573, #484, .T. ) ;
#610 = SURFACE_SIDE_STYLE ('',( #8946 ) ) ;
#612 = ADVANCED_FACE ( 'NONE', ( #6421 ), #3199, .T. ) ;
#611 = MECHANICAL_DESIGN_GEOMETRIC_PRESENTATION_REPRESENTATION (  '', ( #6420 ), #5181 ) ;
#613 = ORIENTED_EDGE ( 'NONE', *, *, #3887, .F. ) ;
#614 = CARTESIAN_POINT ( 'NONE',  ( 3.456766902759300653, 4.456766902759277116, 0.1098258880218388051 ) ) ;
#615 = LINE ( 'NONE', #3071, #9011 ) ;
#616 = FACE_OUTER_BOUND ( 'NONE', #6461, .T. ) ;
#617 = EDGE_LOOP ( 'NONE', ( #6870, #3716, #7732, #10325 ) ) ;
#618 = SURFACE_SIDE_STYLE ('',( #8025 ) ) ;
#619 = SURFACE_SIDE_STYLE ('',( #3077 ) ) ;
#620 = EDGE_LOOP ( 'NONE', ( #8800, #4481, #5830, #1976, #6368 ) ) ;
#621 = VECTOR ( 'NONE', #991, 1000.000000000000114 ) ;
#622 = DIRECTION ( 'NONE',  ( -1.000000000000000000, 0.000000000000000000, -0.000000000000000000 ) ) ;
#623 = ADVANCED_FACE ( 'NONE', ( #8913 ), #4810, .F. ) ;
#624 = CARTESIAN_POINT ( 'NONE',  ( -1.090000000000000080, 0.4499999999999999556, 2.250000000000004441 ) ) ;
#625 = EDGE_CURVE ( 'NONE', #9121, #5056, #9850, .T. ) ;
#626 = VERTEX_POINT ( 'NONE', #3790 ) ;
#627 = COLOUR_RGB ( '',1.000000000000000000, 1.000000000000000000, 1.000000000000000000 ) ;
#628 = FILL_AREA_STYLE ('',( #4867 ) ) ;
#629 = ADVANCED_FACE ( 'NONE', ( #1461 ), #3035, .T. ) ;
#630 = ORIENTED_EDGE ( 'NONE', *, *, #2890, .T. ) ;
#631 = PLANE ( 'NONE',  #7374 ) ;
#632 = SURFACE_STYLE_FILL_AREA ( #2177 ) ;
#633 =( NAMED_UNIT ( * ) SI_UNIT ( $, .STERADIAN. ) SOLID_ANGLE_UNIT ( ) );
#634 =( GEOMETRIC_REPRESENTATION_CONTEXT ( 3 ) GLOBAL_UNCERTAINTY_ASSIGNED_CONTEXT ( ( #6078 ) ) GLOBAL_UNIT_ASSIGNED_CONTEXT ( ( #6291, #5476, #9774 ) ) REPRESENTATION_CONTEXT ( 'NONE', 'WORKASPACE' ) );
#635 = LINE ( 'NONE', #3898, #2362 ) ;
#636 = VECTOR ( 'NONE', #3853, 1000.000000000000000 ) ;
#637 = DIRECTION ( 'NONE',  ( 0.000000000000000000, -0.000000000000000000, 1.000000000000000000 ) ) ;
#638 = FILL_AREA_STYLE_COLOUR ( '', #8419 ) ;
#639 = VECTOR ( 'NONE', #9596, 1000.000000000000000 ) ;
#640 = VERTEX_POINT ( 'NONE', #2230 ) ;
#641 = FILL_AREA_STYLE ('',( #10509 ) ) ;
#642 = VERTEX_POINT ( 'NONE', #5597 ) ;
#643 = SURFACE_STYLE_FILL_AREA ( #6588 ) ;
#644 = PRESENTATION_LAYER_ASSIGNMENT (  '', '', ( #3253 ) ) ;
#645 = FILL_AREA_STYLE ('',( #2562 ) ) ;
#646 = CARTESIAN_POINT ( 'NONE',  ( -4.300000000000001599, 2.600000000000000533, -1.850000000000000533 ) ) ;
#647 =( GEOMETRIC_REPRESENTATION_CONTEXT ( 3 ) GLOBAL_UNCERTAINTY_ASSIGNED_CONTEXT ( ( #9851 ) ) GLOBAL_UNIT_ASSIGNED_CONTEXT ( ( #5710, #4015, #633 ) ) REPRESENTATION_CONTEXT ( 'NONE', 'WORKASPACE' ) );
#648 = LINE ( 'NONE', #9195, #8451 ) ;
#649 = DIRECTION ( 'NONE',  ( -1.000000000000000000, -0.000000000000000000, -0.000000000000000000 ) ) ;
#650 = LINE ( 'NONE', #7394, #332 ) ;
#651 = AXIS2_PLACEMENT_3D ( 'NONE', #1765, #2635, #9319 ) ;
#652 =( NAMED_UNIT ( * ) PLANE_ANGLE_UNIT ( ) SI_UNIT ( $, .RADIAN. ) );
#653 = ORIENTED_EDGE ( 'NONE', *, *, #1977, .F. ) ;
#654 = COLOUR_RGB ( '',1.000000000000000000, 1.000000000000000000, 1.000000000000000000 ) ;
#655 = PRESENTATION_STYLE_ASSIGNMENT (( #3327 ) ) ;
#656 = LINE ( 'NONE', #6554, #3276 ) ;
#657 = DIRECTION ( 'NONE',  ( 1.000000000000000000, 1.474514954580288791E-15, -0.000000000000000000 ) ) ;
#658 = EDGE_CURVE ( 'NONE', #7998, #3693, #1407, .T. ) ;
#659 = CARTESIAN_POINT ( 'NONE',  ( 3.400000000000024336, 4.400000000000002132, -1.450000000000040590 ) ) ;
#660 = ORIENTED_EDGE ( 'NONE', *, *, #2693, .T. ) ;
#661 = VECTOR ( 'NONE', #10910, 1000.000000000000000 ) ;
#662 = FILL_AREA_STYLE_COLOUR ( '', #7391 ) ;
#663 = ORIENTED_EDGE ( 'NONE', *, *, #3919, .T. ) ;
#664 = VECTOR ( 'NONE', #6970, 1000.000000000000114 ) ;
#665 = CARTESIAN_POINT ( 'NONE',  ( -1.090000000000000080, 1.749999999999999778, -1.125000000000033973 ) ) ;
#666 = SURFACE_STYLE_USAGE ( .BOTH. , #8231 ) ;
#667 = CYLINDRICAL_SURFACE ( 'NONE', #190, 0.1999999999999996503 ) ;
#668 = FACE_OUTER_BOUND ( 'NONE', #3547, .T. ) ;
#669 = AXIS2_PLACEMENT_3D ( 'NONE', #6191, #5428, #1244 ) ;
#670 = DIRECTION ( 'NONE',  ( -0.000000000000000000, -1.000000000000000000, -0.000000000000000000 ) ) ;
#671 = AXIS2_PLACEMENT_3D ( 'NONE', #6742, #5854, #3197 ) ;
#672 = DIRECTION ( 'NONE',  ( 0.000000000000000000, -0.7071067811865482389, -0.7071067811865469066 ) ) ;
#673 = PRESENTATION_STYLE_ASSIGNMENT (( #4914 ) ) ;
#674 = DIRECTION ( 'NONE',  ( 0.000000000000000000, -0.000000000000000000, -1.000000000000000000 ) ) ;
#675 = ORIENTED_EDGE ( 'NONE', *, *, #4051, .F. ) ;
#676 = CARTESIAN_POINT ( 'NONE',  ( -1.648014168646323219, 0.4275827757330513124, -1.554913542985933761 ) ) ;
#677 = ORIENTED_EDGE ( 'NONE', *, *, #10587, .F. ) ;
#678 = MECHANICAL_DESIGN_GEOMETRIC_PRESENTATION_REPRESENTATION (  '', ( #9127 ), #3292 ) ;
#679 = CARTESIAN_POINT ( 'NONE',  ( 4.669999999999994600, 0.4499999999999999001, -1.849999999999996980 ) ) ;
#680 = STYLED_ITEM ( 'NONE', ( #7699 ), #1629 ) ;
#681 = PRESENTATION_LAYER_ASSIGNMENT (  '', '', ( #9486 ) ) ;
#682 = VERTEX_POINT ( 'NONE', #3089 ) ;
#683 = PRESENTATION_LAYER_ASSIGNMENT (  '', '', ( #5437 ) ) ;
#684 = VECTOR ( 'NONE', #6453, 1000.000000000000000 ) ;
#685 = VERTEX_POINT ( 'NONE', #6474 ) ;
#686 = PLANE ( 'NONE',  #9122 ) ;
#687 = MECHANICAL_DESIGN_GEOMETRIC_PRESENTATION_REPRESENTATION (  '', ( #5260 ), #8276 ) ;
#688 = DIRECTION ( 'NONE',  ( 0.000000000000000000, -1.000000000000000000, 0.000000000000000000 ) ) ;
#690 = SURFACE_STYLE_USAGE ( .BOTH. , #7205 ) ;
#689 = AXIS2_PLACEMENT_3D ( 'NONE', #6445, #4902, #3222 ) ;
#691 = EDGE_CURVE ( 'NONE', #584, #3783, #2286, .T. ) ;
#692 = ADVANCED_FACE ( 'NONE', ( #3948 ), #10721, .F. ) ;
#693 = CARTESIAN_POINT ( 'NONE',  ( -3.700000000000019273, 1.749999999999999778, -0.6750000000000004885 ) ) ;
#694 = PRESENTATION_LAYER_ASSIGNMENT (  '', '', ( #3994 ) ) ;
#695 = UNCERTAINTY_MEASURE_WITH_UNIT (LENGTH_MEASURE( 1.000000000000000082E-05 ), #6703, 'distance_accuracy_value', 'NONE');
#696 = MECHANICAL_DESIGN_GEOMETRIC_PRESENTATION_REPRESENTATION (  '', ( #3827 ), #8448 ) ;
#697 = MECHANICAL_DESIGN_GEOMETRIC_PRESENTATION_REPRESENTATION (  '', ( #1224 ), #10038 ) ;
#698 = ADVANCED_FACE ( 'NONE', ( #6634 ), #10012, .F. ) ;
#699 = UNCERTAINTY_MEASURE_WITH_UNIT (LENGTH_MEASURE( 1.000000000000000082E-05 ), #9073, 'distance_accuracy_value', 'NONE');
#700 = CIRCLE ( 'NONE', #10381, 0.09999999995018485355 ) ;
#701 = SURFACE_STYLE_FILL_AREA ( #9021 ) ;
#702 =( GEOMETRIC_REPRESENTATION_CONTEXT ( 3 ) GLOBAL_UNCERTAINTY_ASSIGNED_CONTEXT ( ( #6188 ) ) GLOBAL_UNIT_ASSIGNED_CONTEXT ( ( #8438, #5219, #6092 ) ) REPRESENTATION_CONTEXT ( 'NONE', 'WORKASPACE' ) );
#703 =( NAMED_UNIT ( * ) PLANE_ANGLE_UNIT ( ) SI_UNIT ( $, .RADIAN. ) );
#704 = VERTEX_POINT ( 'NONE', #5904 ) ;
#705 = VERTEX_POINT ( 'NONE', #7533 ) ;
#706 =( GEOMETRIC_REPRESENTATION_CONTEXT ( 3 ) GLOBAL_UNCERTAINTY_ASSIGNED_CONTEXT ( ( #907 ) ) GLOBAL_UNIT_ASSIGNED_CONTEXT ( ( #1056, #10161, #85 ) ) REPRESENTATION_CONTEXT ( 'NONE', 'WORKASPACE' ) );
#707 = PLANE ( 'NONE',  #9219 ) ;
#708 =( LENGTH_UNIT ( ) NAMED_UNIT ( * ) SI_UNIT ( .MILLI., .METRE. ) );
#709 = DIRECTION ( 'NONE',  ( 1.000000000000000000, 0.000000000000000000, -0.000000000000000000 ) ) ;
#710 = STYLED_ITEM ( 'NONE', ( #5382 ), #2667 ) ;
#711 = FILL_AREA_STYLE ('',( #5771 ) ) ;
#712 = DIRECTION ( 'NONE',  ( -0.000000000000000000, 0.000000000000000000, 1.000000000000000000 ) ) ;
#713 =( GEOMETRIC_REPRESENTATION_CONTEXT ( 3 ) GLOBAL_UNCERTAINTY_ASSIGNED_CONTEXT ( ( #2448 ) ) GLOBAL_UNIT_ASSIGNED_CONTEXT ( ( #6086, #8715, #10346 ) ) REPRESENTATION_CONTEXT ( 'NONE', 'WORKASPACE' ) );
#714 = CARTESIAN_POINT ( 'NONE',  ( 1.409999999999999698, 0.2999999999999999889, 1.850000000000004530 ) ) ;
#715 = CARTESIAN_POINT ( 'NONE',  ( 6.489770460511924632, 0.3602469863822890250, -0.8602295394880663526 ) ) ;
#716 = ORIENTED_EDGE ( 'NONE', *, *, #4320, .F. ) ;
#717 = DIRECTION ( 'NONE',  ( 0.000000000000000000, -1.355252715606880049E-16, 1.000000000000000000 ) ) ;
#718 = FILL_AREA_STYLE ('',( #1531 ) ) ;
#719 = DIRECTION ( 'NONE',  ( -0.7071067811865473507, -0.7071067811865477948, -0.000000000000000000 ) ) ;
#720 = CARTESIAN_POINT ( 'NONE',  ( 2.025000000000004352, -6.056577653194896257E-16, -1.850000000000000533 ) ) ;
#721 = CARTESIAN_POINT ( 'NONE',  ( 1.409999999999999698, 0.000000000000000000, 0.000000000000000000 ) ) ;
#722 = STYLED_ITEM ( 'NONE', ( #6585 ), #8081 ) ;
#723 = VERTEX_POINT ( 'NONE', #7700 ) ;
#724 = VERTEX_POINT ( 'NONE', #9120 ) ;
#725 = FILL_AREA_STYLE ('',( #6665 ) ) ;
#726 = EDGE_CURVE ( 'NONE', #10598, #7849, #1610, .T. ) ;
#727 = DIRECTION ( 'NONE',  ( 0.000000000000000000, 0.000000000000000000, -1.000000000000000000 ) ) ;
#728 = PRESENTATION_LAYER_ASSIGNMENT (  '', '', ( #6177 ) ) ;
#729 = FILL_AREA_STYLE_COLOUR ( '', #5613 ) ;
#730 = DIRECTION ( 'NONE',  ( -0.000000000000000000, -0.000000000000000000, -1.000000000000000000 ) ) ;
#731 = SURFACE_SIDE_STYLE ('',( #6457 ) ) ;
#732 = LINE ( 'NONE', #4969, #10478 ) ;
#733 =( NAMED_UNIT ( * ) PLANE_ANGLE_UNIT ( ) SI_UNIT ( $, .RADIAN. ) );
#734 = VERTEX_POINT ( 'NONE', #5035 ) ;
#735 = DIRECTION ( 'NONE',  ( 0.2133021165724263424, -0.9621436710723737518, -0.1696518885279465760 ) ) ;
#736 = VECTOR ( 'NONE', #10697, 1000.000000000000000 ) ;
#737 = ORIENTED_EDGE ( 'NONE', *, *, #4343, .F. ) ;
#738 = ADVANCED_FACE ( 'NONE', ( #8411 ), #4108, .T. ) ;
#739 = CARTESIAN_POINT ( 'NONE',  ( -3.525881904447568882, 4.525881904447545345, 0.1283451969090873557 ) ) ;
#740 =( NAMED_UNIT ( * ) SI_UNIT ( $, .STERADIAN. ) SOLID_ANGLE_UNIT ( ) );
#741 = VECTOR ( 'NONE', #2956, 1000.000000000000000 ) ;
#742 = ORIENTED_EDGE ( 'NONE', *, *, #2370, .T. ) ;
#743 = LINE ( 'NONE', #9341, #9026 ) ;
#744 = SURFACE_STYLE_USAGE ( .BOTH. , #8302 ) ;
#745 = ORIENTED_EDGE ( 'NONE', *, *, #2601, .F. ) ;
#746 = CARTESIAN_POINT ( 'NONE',  ( 5.199999999999999289, 2.100000000000002753, 0.6499999999999993561 ) ) ;
#747 = PRESENTATION_STYLE_ASSIGNMENT (( #3304 ) ) ;
#748 = VERTEX_POINT ( 'NONE', #950 ) ;
#749 =( NAMED_UNIT ( * ) SI_UNIT ( $, .STERADIAN. ) SOLID_ANGLE_UNIT ( ) );
#750 =( NAMED_UNIT ( * ) PLANE_ANGLE_UNIT ( ) SI_UNIT ( $, .RADIAN. ) );
#751 = EDGE_CURVE ( 'NONE', #3030, #213, #795, .T. ) ;
#752 =( NAMED_UNIT ( * ) SI_UNIT ( $, .STERADIAN. ) SOLID_ANGLE_UNIT ( ) );
#753 = EDGE_CURVE ( 'NONE', #1478, #2264, #4273, .T. ) ;
#754 = EDGE_LOOP ( 'NONE', ( #6872, #9900, #5484, #5386 ) ) ;
#755 = EDGE_CURVE ( 'NONE', #514, #4741, #10382, .T. ) ;
#756 = DIRECTION ( 'NONE',  ( 1.000000000000000000, -0.000000000000000000, -0.000000000000000000 ) ) ;
#757 = VERTEX_POINT ( 'NONE', #3728 ) ;
#758 = VECTOR ( 'NONE', #778, 1000.000000000000000 ) ;
#759 = CARTESIAN_POINT ( 'NONE',  ( -1.725000000000000533, 4.699999999999996625, -1.850000000000000533 ) ) ;
#760 = PLANE ( 'NONE',  #10518 ) ;
#761 = ADVANCED_FACE ( 'NONE', ( #2868 ), #10224, .F. ) ;
#762 = PRESENTATION_STYLE_ASSIGNMENT (( #3374 ) ) ;
#763 = ORIENTED_EDGE ( 'NONE', *, *, #5390, .T. ) ;
#764 = EDGE_CURVE ( 'NONE', #5934, #7489, #2753, .T. ) ;
#765 = CARTESIAN_POINT ( 'NONE',  ( -2.660000000000000142, 0.03083447080518480002, 0.1748709736949816407 ) ) ;
#766 = SURFACE_SIDE_STYLE ('',( #3973 ) ) ;
#767 = FILL_AREA_STYLE ('',( #3975 ) ) ;
#768 = EDGE_CURVE ( 'NONE', #7590, #4587, #4453, .T. ) ;
#769 = CARTESIAN_POINT ( 'NONE',  ( 4.300000000000006928, 2.600000000000000533, -1.550000000000002043 ) ) ;
#770 = DIRECTION ( 'NONE',  ( 1.182766006347823109E-16, -0.000000000000000000, 1.000000000000000000 ) ) ;
#771 = AXIS2_PLACEMENT_3D ( 'NONE', #9585, #9638, #2188 ) ;
#772 = CYLINDRICAL_SURFACE ( 'NONE', #689, 0.09999999995018485355 ) ;
#773 = VERTEX_POINT ( 'NONE', #3683 ) ;
#774 =( NAMED_UNIT ( * ) PLANE_ANGLE_UNIT ( ) SI_UNIT ( $, .RADIAN. ) );
#775 = VERTEX_POINT ( 'NONE', #10437 ) ;
#776 = DIRECTION ( 'NONE',  ( 0.000000000000000000, -1.000000000000000000, 0.000000000000000000 ) ) ;
#777 = CARTESIAN_POINT ( 'NONE',  ( 1.409999999999999698, 3.548929149633788249, 0.000000000000000000 ) ) ;
#778 = DIRECTION ( 'NONE',  ( -0.2133021165724263701, -0.9621436710723738628, 0.1696518885279461875 ) ) ;
#779 = DIRECTION ( 'NONE',  ( 1.000000000000000000, -1.573684882946029325E-15, 0.000000000000000000 ) ) ;
#780 = SURFACE_STYLE_USAGE ( .BOTH. , #8457 ) ;
#781 = FILL_AREA_STYLE ('',( #9163 ) ) ;
#782 = CARTESIAN_POINT ( 'NONE',  ( 4.000000000000001776, 2.899999999999999467, -1.850000000000000533 ) ) ;
#783 = ORIENTED_EDGE ( 'NONE', *, *, #2370, .F. ) ;
#784 = DIRECTION ( 'NONE',  ( 1.000000000000000000, -0.000000000000000000, 0.000000000000000000 ) ) ;
#785 = ORIENTED_EDGE ( 'NONE', *, *, #6799, .T. ) ;
#786 = PLANE ( 'NONE',  #6593 ) ;
#787 = VECTOR ( 'NONE', #10490, 1000.000000000000000 ) ;
#788 = DIRECTION ( 'NONE',  ( 1.000000000000000000, 0.000000000000000000, -0.000000000000000000 ) ) ;
#789 = ORIENTED_EDGE ( 'NONE', *, *, #154, .T. ) ;
#790 = SURFACE_STYLE_FILL_AREA ( #628 ) ;
#791 = ORIENTED_EDGE ( 'NONE', *, *, #2291, .T. ) ;
#792 = SURFACE_SIDE_STYLE ('',( #8409 ) ) ;
#793 = LINE ( 'NONE', #3152, #2665 ) ;
#794 = VECTOR ( 'NONE', #9601, 1000.000000000000000 ) ;
#795 = LINE ( 'NONE', #4166, #6803 ) ;
#796 = EDGE_CURVE ( 'NONE', #6349, #8319, #5421, .T. ) ;
#797 = ORIENTED_EDGE ( 'NONE', *, *, #2416, .T. ) ;
#798 = UNCERTAINTY_MEASURE_WITH_UNIT (LENGTH_MEASURE( 1.000000000000000082E-05 ), #7970, 'distance_accuracy_value', 'NONE');
#799 = FACE_OUTER_BOUND ( 'NONE', #2323, .T. ) ;
#800 =( NAMED_UNIT ( * ) SI_UNIT ( $, .STERADIAN. ) SOLID_ANGLE_UNIT ( ) );
#801 = VECTOR ( 'NONE', #10690, 1000.000000000000000 ) ;
#802 =( NAMED_UNIT ( * ) SI_UNIT ( $, .STERADIAN. ) SOLID_ANGLE_UNIT ( ) );
#803 = ORIENTED_EDGE ( 'NONE', *, *, #3601, .F. ) ;
#804 = CARTESIAN_POINT ( 'NONE',  ( -1.724999999999997868, -1.031861377951720210E-15, -1.850000000000000533 ) ) ;
#805 = ORIENTED_EDGE ( 'NONE', *, *, #10263, .F. ) ;
#806 = FACE_OUTER_BOUND ( 'NONE', #6480, .T. ) ;
#807 = DIRECTION ( 'NONE',  ( 5.052592648476139091E-15, -1.000000000000000000, -0.000000000000000000 ) ) ;
#808 = EDGE_CURVE ( 'NONE', #3169, #3075, #1175, .T. ) ;
#809 = EDGE_CURVE ( 'NONE', #10233, #3366, #1001, .T. ) ;
#810 = CARTESIAN_POINT ( 'NONE',  ( 1.409999999999999698, 8.425943506694179847E-32, 1.750000000000004663 ) ) ;
#811 = DIRECTION ( 'NONE',  ( 0.000000000000000000, 0.000000000000000000, -1.000000000000000000 ) ) ;
#812 = ORIENTED_EDGE ( 'NONE', *, *, #9465, .F. ) ;
#813 = VECTOR ( 'NONE', #7539, 1000.000000000000000 ) ;
#814 = CARTESIAN_POINT ( 'NONE',  ( -0.1599999999999999756, 3.548929149633788249, -0.9250000000000404565 ) ) ;
#815 = ORIENTED_EDGE ( 'NONE', *, *, #1804, .F. ) ;
#816 =( GEOMETRIC_REPRESENTATION_CONTEXT ( 3 ) GLOBAL_UNCERTAINTY_ASSIGNED_CONTEXT ( ( #8654 ) ) GLOBAL_UNIT_ASSIGNED_CONTEXT ( ( #7739, #3439, #2642 ) ) REPRESENTATION_CONTEXT ( 'NONE', 'WORKASPACE' ) );
#817 = CARTESIAN_POINT ( 'NONE',  ( -3.500000000000001776, -1.029563014098700879, -0.9500000000000009548 ) ) ;
#818 = PLANE ( 'NONE',  #7387 ) ;
#819 = ORIENTED_EDGE ( 'NONE', *, *, #8793, .T. ) ;
#820 = EDGE_CURVE ( 'NONE', #9395, #9172, #5369, .T. ) ;
#821 = SURFACE_STYLE_USAGE ( .BOTH. , #3918 ) ;
#822 = ORIENTED_EDGE ( 'NONE', *, *, #7161, .F. ) ;
#823 = CONICAL_SURFACE ( 'NONE', #8401, 0.4499999999999999001, 0.7853981633974548293 ) ;
#824 = ADVANCED_FACE ( 'NONE', ( #7762 ), #8748, .F. ) ;
#825 = FACE_OUTER_BOUND ( 'NONE', #1496, .T. ) ;
#826 = PRESENTATION_LAYER_ASSIGNMENT (  '', '', ( #6795 ) ) ;
#827 = EDGE_CURVE ( 'NONE', #3366, #6801, #2057, .T. ) ;
#828 = PRESENTATION_STYLE_ASSIGNMENT (( #9469 ) ) ;
#829 = CARTESIAN_POINT ( 'NONE',  ( 4.000000000000001776, 3.700000000000000178, 0.9499999999999855227 ) ) ;
#830 = AXIS2_PLACEMENT_3D ( 'NONE', #10341, #4471, #3534 ) ;
#831 = SURFACE_STYLE_USAGE ( .BOTH. , #731 ) ;
#832 =( LENGTH_UNIT ( ) NAMED_UNIT ( * ) SI_UNIT ( .MILLI., .METRE. ) );
#833 = LINE ( 'NONE', #3392, #1501 ) ;
#834 = DIRECTION ( 'NONE',  ( 0.000000000000000000, -1.000000000000000000, 0.000000000000000000 ) ) ;
#835 = ORIENTED_EDGE ( 'NONE', *, *, #1599, .T. ) ;
#836 = MECHANICAL_DESIGN_GEOMETRIC_PRESENTATION_REPRESENTATION (  '', ( #3612 ), #10339 ) ;
#837 = SURFACE_STYLE_USAGE ( .BOTH. , #4973 ) ;
#838 = EDGE_LOOP ( 'NONE', ( #7905, #2196, #10860, #551 ) ) ;
#839 = EDGE_CURVE ( 'NONE', #1931, #2225, #4396, .T. ) ;
#840 = SURFACE_STYLE_USAGE ( .BOTH. , #4975 ) ;
#841 = COLOUR_RGB ( '',1.000000000000000000, 1.000000000000000000, 1.000000000000000000 ) ;
#842 = AXIS2_PLACEMENT_3D ( 'NONE', #4607, #358, #3764 ) ;
#843 = DIRECTION ( 'NONE',  ( -1.000000000000000000, -0.000000000000000000, -0.000000000000000000 ) ) ;
#844 = VERTEX_POINT ( 'NONE', #8799 ) ;
#845 = ORIENTED_EDGE ( 'NONE', *, *, #10461, .F. ) ;
#846 = DIRECTION ( 'NONE',  ( 0.000000000000000000, 1.000000000000000000, 0.000000000000000000 ) ) ;
#847 = DIRECTION ( 'NONE',  ( -0.7071067811865472397, 0.7071067811865479058, 0.000000000000000000 ) ) ;
#848 = COLOUR_RGB ( '',1.000000000000000000, 1.000000000000000000, 1.000000000000000000 ) ;
#849 = CARTESIAN_POINT ( 'NONE',  ( -4.469999999999994422, 0.4500000000000009548, -1.749999999999994449 ) ) ;
#850 = ORIENTED_EDGE ( 'NONE', *, *, #2431, .T. ) ;
#851 = VECTOR ( 'NONE', #2442, 1000.000000000000000 ) ;
#852 = DIRECTION ( 'NONE',  ( -1.000000000000000000, 0.000000000000000000, 0.000000000000000000 ) ) ;
#853 = PRESENTATION_STYLE_ASSIGNMENT (( #2703 ) ) ;
#854 = AXIS2_PLACEMENT_3D ( 'NONE', #2836, #6207, #9581 ) ;
#855 = VECTOR ( 'NONE', #8939, 1000.000000000000000 ) ;
#856 = LINE ( 'NONE', #4226, #3278 ) ;
#857 = CIRCLE ( 'NONE', #2260, 0.4499999999999999001 ) ;
#858 = EDGE_CURVE ( 'NONE', #8632, #4266, #1239, .T. ) ;
#859 = CARTESIAN_POINT ( 'NONE',  ( 3.510628445029388534, 4.510628445029364997, -0.6242580447761949536 ) ) ;
#860 = ORIENTED_EDGE ( 'NONE', *, *, #6866, .F. ) ;
#861 = VECTOR ( 'NONE', #2857, 1000.000000000000000 ) ;
#862 = STYLED_ITEM ( 'NONE', ( #10154 ), #1905 ) ;
#863 = CARTESIAN_POINT ( 'NONE',  ( 2.660000000000000142, 0.000000000000000000, 2.350000000000004530 ) ) ;
#864 = ORIENTED_EDGE ( 'NONE', *, *, #1418, .F. ) ;
#865 = DIRECTION ( 'NONE',  ( 0.2133021165724263424, 0.9621436710723737518, 0.1696518885279465760 ) ) ;
#866 = STYLED_ITEM ( 'NONE', ( #6433 ), #10811 ) ;
#867 = PRESENTATION_LAYER_ASSIGNMENT (  '', '', ( #1224 ) ) ;
#868 = CARTESIAN_POINT ( 'NONE',  ( -3.499999999950209606, 1.749999999999999778, -0.7249377794898655969 ) ) ;
#869 = VECTOR ( 'NONE', #1865, 1000.000000000000000 ) ;
#870 = AXIS2_PLACEMENT_3D ( 'NONE', #7235, #5569, #7175 ) ;
#871 = DIRECTION ( 'NONE',  ( 1.000000000000000000, -0.000000000000000000, 0.000000000000000000 ) ) ;
#872 = FILL_AREA_STYLE ('',( #4075 ) ) ;
#873 = EDGE_CURVE ( 'NONE', #1630, #9571, #3516, .T. ) ;
#874 = SURFACE_STYLE_FILL_AREA ( #10796 ) ;
#875 = COLOUR_RGB ( '',1.000000000000000000, 1.000000000000000000, 1.000000000000000000 ) ;
#876 = VERTEX_POINT ( 'NONE', #8956 ) ;
#877 = VECTOR ( 'NONE', #3775, 1000.000000000000000 ) ;
#878 = ORIENTED_EDGE ( 'NONE', *, *, #4105, .T. ) ;
#879 = DIRECTION ( 'NONE',  ( -2.282530889443212381E-16, 0.000000000000000000, -1.000000000000000000 ) ) ;
#880 = CARTESIAN_POINT ( 'NONE',  ( 4.669999999999994600, 0.4499999999999999001, -1.849999999999996314 ) ) ;
#881 = VERTEX_POINT ( 'NONE', #8899 ) ;
#882 = CARTESIAN_POINT ( 'NONE',  ( 4.300000000000006928, 2.599999999999999645, -1.850000000000000533 ) ) ;
#883 = ORIENTED_EDGE ( 'NONE', *, *, #422, .T. ) ;
#884 = SURFACE_STYLE_FILL_AREA ( #9883 ) ;
#885 = CARTESIAN_POINT ( 'NONE',  ( -5.699999999999993960, 0.2500000000000012212, 0.3500000000000037526 ) ) ;
#886 = PRESENTATION_STYLE_ASSIGNMENT (( #8288 ) ) ;
#887 = ADVANCED_FACE ( 'NONE', ( #10547 ), #9777, .F. ) ;
#888 = CIRCLE ( 'NONE', #2294, 0.1999999999999996503 ) ;
#889 = CARTESIAN_POINT ( 'NONE',  ( 2.425000000000003819, -9.145009628790792136E-16, -1.850000000000000533 ) ) ;
#890 = ADVANCED_FACE ( 'NONE', ( #3024 ), #1292, .T. ) ;
#891 = DIRECTION ( 'NONE',  ( 0.000000000000000000, 1.000000000000000000, -4.858652729125647208E-17 ) ) ;
#892 = FACE_OUTER_BOUND ( 'NONE', #10625, .T. ) ;
#893 = CARTESIAN_POINT ( 'NONE',  ( 2.660000000000000142, 0.2999999999999999889, 1.850000000000004530 ) ) ;
#894 = ORIENTED_EDGE ( 'NONE', *, *, #9490, .F. ) ;
#895 = ORIENTED_EDGE ( 'NONE', *, *, #9916, .T. ) ;
#896 = SURFACE_SIDE_STYLE ('',( #2537 ) ) ;
#897 = LINE ( 'NONE', #6839, #7407 ) ;
#898 = ORIENTED_EDGE ( 'NONE', *, *, #7861, .T. ) ;
#899 = DIRECTION ( 'NONE',  ( 1.000000000000000000, -0.000000000000000000, 0.000000000000000000 ) ) ;
#900 = VERTEX_POINT ( 'NONE', #8849 ) ;
#901 = DIRECTION ( 'NONE',  ( -1.000000000000000000, 0.000000000000000000, 5.059610138265695576E-16 ) ) ;
#902 = DIRECTION ( 'NONE',  ( 0.000000000000000000, 0.000000000000000000, -1.000000000000000000 ) ) ;
#903 = FILL_AREA_STYLE ('',( #4935 ) ) ;
#904 = VERTEX_POINT ( 'NONE', #7252 ) ;
#905 = UNCERTAINTY_MEASURE_WITH_UNIT (LENGTH_MEASURE( 1.000000000000000082E-05 ), #9884, 'distance_accuracy_value', 'NONE');
#906 = CARTESIAN_POINT ( 'NONE',  ( 2.660000000000000142, 0.03083447080518480002, 0.1748709736949816407 ) ) ;
#907 = UNCERTAINTY_MEASURE_WITH_UNIT (LENGTH_MEASURE( 1.000000000000000082E-05 ), #1056, 'distance_accuracy_value', 'NONE');
#908 = LINE ( 'NONE', #2315, #5750 ) ;
#909 = STYLED_ITEM ( 'NONE', ( #6996 ), #8903 ) ;
#910 = LINE ( 'NONE', #3522, #10693 ) ;
#911 = CARTESIAN_POINT ( 'NONE',  ( 3.700000000000019273, 1.749999999999999778, -0.6750000000000013767 ) ) ;
#912 = ORIENTED_EDGE ( 'NONE', *, *, #4879, .F. ) ;
#913 = CARTESIAN_POINT ( 'NONE',  ( 5.100000000000009415, 1.750000000000001554, -1.849999999999996980 ) ) ;
#914 = ORIENTED_EDGE ( 'NONE', *, *, #2633, .F. ) ;
#915 = CARTESIAN_POINT ( 'NONE',  ( 2.660000000000000142, 1.350000000000001865, 1.350000000000004086 ) ) ;
#916 = FILL_AREA_STYLE ('',( #10398 ) ) ;
#917 = PRESENTATION_LAYER_ASSIGNMENT (  '', '', ( #6380 ) ) ;
#918 = LINE ( 'NONE', #105, #4173 ) ;
#919 = LINE ( 'NONE', #280, #478 ) ;
#920 = DIRECTION ( 'NONE',  ( 5.052592648476139091E-15, -1.000000000000000000, -0.000000000000000000 ) ) ;
#921 = PRESENTATION_LAYER_ASSIGNMENT (  '', '', ( #250 ) ) ;
#922 = ORIENTED_EDGE ( 'NONE', *, *, #9590, .F. ) ;
#923 = ORIENTED_EDGE ( 'NONE', *, *, #7360, .F. ) ;
#924 = CARTESIAN_POINT ( 'NONE',  ( 4.469999999999994422, 0.4499999999999999001, -1.849999999999996314 ) ) ;
#925 = CARTESIAN_POINT ( 'NONE',  ( 3.500000000000000888, 0.2999999999999999889, -0.9500000000000009548 ) ) ;
#926 = VERTEX_POINT ( 'NONE', #10605 ) ;
#927 = LINE ( 'NONE', #7674, #4735 ) ;
#928 = EDGE_CURVE ( 'NONE', #7686, #7046, #2166, .T. ) ;
#929 = ORIENTED_EDGE ( 'NONE', *, *, #3720, .T. ) ;
#930 = PLANE ( 'NONE',  #8285 ) ;
#931 = AXIS2_PLACEMENT_3D ( 'NONE', #1043, #982, #4490 ) ;
#932 =( NAMED_UNIT ( * ) PLANE_ANGLE_UNIT ( ) SI_UNIT ( $, .RADIAN. ) );
#933 = CARTESIAN_POINT ( 'NONE',  ( 4.469999999999994422, 0.4499999999999999001, 0.3500000000000037526 ) ) ;
#934 = FILL_AREA_STYLE_COLOUR ( '', #7801 ) ;
#935 = CARTESIAN_POINT ( 'NONE',  ( -4.000000000000001776, 0.2999999999999999889, 0.8000000000000004885 ) ) ;
#936 = ORIENTED_EDGE ( 'NONE', *, *, #751, .T. ) ;
#937 =( LENGTH_UNIT ( ) NAMED_UNIT ( * ) SI_UNIT ( .MILLI., .METRE. ) );
#938 = ADVANCED_FACE ( 'NONE', ( #9673 ), #10150, .T. ) ;
#939 = ORIENTED_EDGE ( 'NONE', *, *, #2453, .T. ) ;
#940 = EDGE_CURVE ( 'NONE', #1069, #3568, #3341, .T. ) ;
#941 = CARTESIAN_POINT ( 'NONE',  ( -2.339999999999999858, 0.000000000000000000, 0.000000000000000000 ) ) ;
#942 = MECHANICAL_DESIGN_GEOMETRIC_PRESENTATION_REPRESENTATION (  '', ( #439 ), #1475 ) ;
#943 = EDGE_CURVE ( 'NONE', #3431, #3075, #6045, .T. ) ;
#944 = FILL_AREA_STYLE_COLOUR ( '', #848 ) ;
#945 = EDGE_LOOP ( 'NONE', ( #1996, #9175, #3896, #8193 ) ) ;
#946 = CARTESIAN_POINT ( 'NONE',  ( -1.409999999999999920, 0.000000000000000000, 0.000000000000000000 ) ) ;
#947 = PLANE ( 'NONE',  #1972 ) ;
#948 = ORIENTED_EDGE ( 'NONE', *, *, #9590, .T. ) ;
#949 = FILL_AREA_STYLE_COLOUR ( '', #9302 ) ;
#950 = CARTESIAN_POINT ( 'NONE',  ( -4.119999999999993001, 1.750000000000004441, -1.849999999999995870 ) ) ;
#951 = VERTEX_POINT ( 'NONE', #9380 ) ;
#952 =( GEOMETRIC_REPRESENTATION_CONTEXT ( 3 ) GLOBAL_UNCERTAINTY_ASSIGNED_CONTEXT ( ( #6851 ) ) GLOBAL_UNIT_ASSIGNED_CONTEXT ( ( #3739, #3793, #6372 ) ) REPRESENTATION_CONTEXT ( 'NONE', 'WORKASPACE' ) );
#953 =( LENGTH_UNIT ( ) NAMED_UNIT ( * ) SI_UNIT ( .MILLI., .METRE. ) );
#954 = UNCERTAINTY_MEASURE_WITH_UNIT (LENGTH_MEASURE( 1.000000000000000082E-05 ), #962, 'distance_accuracy_value', 'NONE');
#955 = ADVANCED_FACE ( 'NONE', ( #5887 ), #7682, .T. ) ;
#956 = ORIENTED_EDGE ( 'NONE', *, *, #7492, .T. ) ;
#957 = MECHANICAL_DESIGN_GEOMETRIC_PRESENTATION_REPRESENTATION (  '', ( #6584 ), #10820 ) ;
#958 = PRESENTATION_STYLE_ASSIGNMENT (( #4230 ) ) ;
#959 = ORIENTED_EDGE ( 'NONE', *, *, #3288, .T. ) ;
#960 = CARTESIAN_POINT ( 'NONE',  ( -4.210588248252449262, 0.2999999999999999889, -1.783137553356634708 ) ) ;
#961 =( NAMED_UNIT ( * ) PLANE_ANGLE_UNIT ( ) SI_UNIT ( $, .RADIAN. ) );
#962 =( LENGTH_UNIT ( ) NAMED_UNIT ( * ) SI_UNIT ( .MILLI., .METRE. ) );
#963 = DIRECTION ( 'NONE',  ( 0.000000000000000000, 1.000000000000000000, 0.000000000000000000 ) ) ;
#964 = AXIS2_PLACEMENT_3D ( 'NONE', #569, #2052, #3062 ) ;
#965 = EDGE_CURVE ( 'NONE', #8460, #1105, #128, .T. ) ;
#966 = FACE_OUTER_BOUND ( 'NONE', #6265, .T. ) ;
#967 =( GEOMETRIC_REPRESENTATION_CONTEXT ( 3 ) GLOBAL_UNCERTAINTY_ASSIGNED_CONTEXT ( ( #8864 ) ) GLOBAL_UNIT_ASSIGNED_CONTEXT ( ( #7190, #3781, #5698 ) ) REPRESENTATION_CONTEXT ( 'NONE', 'WORKASPACE' ) );
#968 = SURFACE_STYLE_USAGE ( .BOTH. , #10287 ) ;
#969 = ORIENTED_EDGE ( 'NONE', *, *, #3992, .F. ) ;
#970 = FACE_OUTER_BOUND ( 'NONE', #7603, .T. ) ;
#971 = VERTEX_POINT ( 'NONE', #5070 ) ;
#972 = LINE ( 'NONE', #7789, #9928 ) ;
#973 = LINE ( 'NONE', #5989, #5585 ) ;
#974 = CARTESIAN_POINT ( 'NONE',  ( 3.400000000000024336, 4.400000000000002132, -1.450000000000040590 ) ) ;
#975 = FACE_OUTER_BOUND ( 'NONE', #4250, .T. ) ;
#976 = ORIENTED_EDGE ( 'NONE', *, *, #2223, .T. ) ;
#977 = ORIENTED_EDGE ( 'NONE', *, *, #10643, .T. ) ;
#978 = DIRECTION ( 'NONE',  ( 0.000000000000000000, 0.000000000000000000, 1.000000000000000000 ) ) ;
#979 = AXIS2_PLACEMENT_3D ( 'NONE', #9409, #10241, #2618 ) ;
#980 = VECTOR ( 'NONE', #3008, 1000.000000000000000 ) ;
#981 = EDGE_CURVE ( 'NONE', #2206, #10848, #9325, .T. ) ;
#982 = DIRECTION ( 'NONE',  ( -0.9762960071199341394, -0.2164396139380997119, -0.000000000000000000 ) ) ;
#983 = SURFACE_STYLE_FILL_AREA ( #1934 ) ;
#984 = PRESENTATION_STYLE_ASSIGNMENT (( #4144 ) ) ;
#985 = DIRECTION ( 'NONE',  ( 0.000000000000000000, -1.000000000000000000, 0.000000000000000000 ) ) ;
#986 = PLANE ( 'NONE',  #354 ) ;
#987 = ORIENTED_EDGE ( 'NONE', *, *, #3938, .T. ) ;
#988 = VECTOR ( 'NONE', #10390, 1000.000000000000000 ) ;
#989 = VERTEX_POINT ( 'NONE', #8614 ) ;
#990 = VECTOR ( 'NONE', #6927, 1000.000000000000000 ) ;
#991 = DIRECTION ( 'NONE',  ( -0.9659258262890683122, -0.000000000000000000, 0.2588190451025209060 ) ) ;
#992 = VECTOR ( 'NONE', #5167, 1000.000000000000000 ) ;
#993 = DIRECTION ( 'NONE',  ( -0.000000000000000000, 1.000000000000000000, -0.000000000000000000 ) ) ;
#994 = ORIENTED_EDGE ( 'NONE', *, *, #3106, .F. ) ;
#995 = DIRECTION ( 'NONE',  ( 0.000000000000000000, 0.000000000000000000, -1.000000000000000000 ) ) ;
#996 = STYLED_ITEM ( 'NONE', ( #4576 ), #761 ) ;
#997 = LINE ( 'NONE', #7869, #1423 ) ;
#998 = EDGE_CURVE ( 'NONE', #7282, #3169, #4201, .T. ) ;
#999 = VERTEX_POINT ( 'NONE', #8454 ) ;
#1000 = LINE ( 'NONE', #6116, #5192 ) ;
#1001 = LINE ( 'NONE', #7933, #4687 ) ;
#1002 = ORIENTED_EDGE ( 'NONE', *, *, #5333, .F. ) ;
#1003 = UNCERTAINTY_MEASURE_WITH_UNIT (LENGTH_MEASURE( 1.000000000000000082E-05 ), #7347, 'distance_accuracy_value', 'NONE');
#1004 = CARTESIAN_POINT ( 'NONE',  ( 0.000000000000000000, 3.700000000000000178, 1.249999999999985345 ) ) ;
#1005 = VECTOR ( 'NONE', #8587, 1000.000000000000000 ) ;
#1006 = DIRECTION ( 'NONE',  ( 1.000000000000000000, -0.000000000000000000, 0.000000000000000000 ) ) ;
#1007 = CARTESIAN_POINT ( 'NONE',  ( -5.000000000000000000, 0.2999999999999999889, -1.850000000000000533 ) ) ;
#1008 = SURFACE_SIDE_STYLE ('',( #4405 ) ) ;
#1009 = ORIENTED_EDGE ( 'NONE', *, *, #726, .T. ) ;
#1010 = VECTOR ( 'NONE', #8157, 1000.000000000000000 ) ;
#1011 = DIRECTION ( 'NONE',  ( -1.000000000000000000, 0.000000000000000000, 1.275531967629996124E-16 ) ) ;
#1012 = ADVANCED_FACE ( 'NONE', ( #7629 ), #9265, .F. ) ;
#1013 = ORIENTED_EDGE ( 'NONE', *, *, #4007, .T. ) ;
#1014 = DIRECTION ( 'NONE',  ( 1.000000000000000000, 0.000000000000000000, -3.097720492815684271E-16 ) ) ;
#1015 = EDGE_CURVE ( 'NONE', #5037, #7870, #459, .T. ) ;
#1016 = CIRCLE ( 'NONE', #4322, 0.09999999995018507559 ) ;
#1017 = LINE ( 'NONE', #4292, #4365 ) ;
#1018 = ADVANCED_FACE ( 'NONE', ( #9595 ), #4560, .F. ) ;
#1019 = FACE_OUTER_BOUND ( 'NONE', #6622, .T. ) ;
#1020 = VECTOR ( 'NONE', #8387, 1000.000000000000000 ) ;
#1021 = VECTOR ( 'NONE', #1661, 1000.000000000000000 ) ;
#1022 = CARTESIAN_POINT ( 'NONE',  ( 4.000000000000005329, 0.3000000000000009326, 0.9500000000000003997 ) ) ;
#1023 = AXIS2_PLACEMENT_3D ( 'NONE', #7517, #10872, #674 ) ;
#1024 = SURFACE_STYLE_USAGE ( .BOTH. , #1136 ) ;
#1025 = VERTEX_POINT ( 'NONE', #7913 ) ;
#1026 = LINE ( 'NONE', #1084, #9693 ) ;
#1027 = ORIENTED_EDGE ( 'NONE', *, *, #6354, .T. ) ;
#1028 = VECTOR ( 'NONE', #397, 1000.000000000000000 ) ;
#1029 = DIRECTION ( 'NONE',  ( 0.000000000000000000, 0.000000000000000000, -1.000000000000000000 ) ) ;
#1030 = STYLED_ITEM ( 'NONE', ( #828 ), #6615 ) ;
#1031 = FILL_AREA_STYLE ('',( #1861 ) ) ;
#1032 =( NAMED_UNIT ( * ) PLANE_ANGLE_UNIT ( ) SI_UNIT ( $, .RADIAN. ) );
#1033 = CARTESIAN_POINT ( 'NONE',  ( 5.000000000000006217, 1.649999999999999023, 0.3500000000000037526 ) ) ;
#1034 = ORIENTED_EDGE ( 'NONE', *, *, #10386, .F. ) ;
#1035 = ORIENTED_EDGE ( 'NONE', *, *, #10061, .T. ) ;
#1036 = CARTESIAN_POINT ( 'NONE',  ( 3.499999999950209606, 1.749999999999999778, -0.6249377795396816593 ) ) ;
#1037 = AXIS2_PLACEMENT_3D ( 'NONE', #721, #7457, #5391 ) ;
#1039 = DIRECTION ( 'NONE',  ( 0.000000000000000000, 1.000000000000000000, -4.858652729125647208E-17 ) ) ;
#1038 = PRESENTATION_LAYER_ASSIGNMENT (  '', '', ( #5796 ) ) ;
#1040 = CARTESIAN_POINT ( 'NONE',  ( -3.500000000000001776, 0.2999999999999999889, -0.9500000000000009548 ) ) ;
#1042 = ORIENTED_EDGE ( 'NONE', *, *, #3544, .T. ) ;
#1041 = COLOUR_RGB ( '',1.000000000000000000, 0.8117647058823529438, 0.5019607843137254832 ) ;
#1043 = CARTESIAN_POINT ( 'NONE',  ( -1.189999999999999947, 4.000000000000000000, 0.000000000000000000 ) ) ;
#1044 = DIRECTION ( 'NONE',  ( 0.000000000000000000, -0.000000000000000000, 1.000000000000000000 ) ) ;
#1045 = SURFACE_SIDE_STYLE ('',( #5173 ) ) ;
#1046 = AXIS2_PLACEMENT_3D ( 'NONE', #3911, #7283, #3006 ) ;
#1047 = SURFACE_SIDE_STYLE ('',( #199 ) ) ;
#1048 = VECTOR ( 'NONE', #8877, 1000.000000000000000 ) ;
#1049 = ORIENTED_EDGE ( 'NONE', *, *, #9316, .F. ) ;
#1050 = DIRECTION ( 'NONE',  ( -1.000000000000000000, 0.000000000000000000, -0.000000000000000000 ) ) ;
#1051 = ORIENTED_EDGE ( 'NONE', *, *, #75, .T. ) ;
#1052 = VECTOR ( 'NONE', #3189, 1000.000000000000000 ) ;
#1053 = LINE ( 'NONE', #4445, #8901 ) ;
#1054 = EDGE_CURVE ( 'NONE', #9128, #4038, #7171, .T. ) ;
#1055 = CARTESIAN_POINT ( 'NONE',  ( 2.025000000000005684, 4.400000000000002132, -1.450000000000040812 ) ) ;
#1056 =( LENGTH_UNIT ( ) NAMED_UNIT ( * ) SI_UNIT ( .MILLI., .METRE. ) );
#1057 = ORIENTED_EDGE ( 'NONE', *, *, #10074, .F. ) ;
#1058 = CARTESIAN_POINT ( 'NONE',  ( -1.090000000000000080, -1.579062136966065191E-17, -0.3250000000000473066 ) ) ;
#1059 = PLANE ( 'NONE',  #2646 ) ;
#1060 = ORIENTED_EDGE ( 'NONE', *, *, #422, .F. ) ;
#1061 = CARTESIAN_POINT ( 'NONE',  ( 2.339999999999999858, 3.548929149633788249, -1.004535961130712751 ) ) ;
#1062 = DIRECTION ( 'NONE',  ( -0.6785983445458551033, 0.2810846377147810937, 0.6785983445458551033 ) ) ;
#1063 =( GEOMETRIC_REPRESENTATION_CONTEXT ( 3 ) GLOBAL_UNCERTAINTY_ASSIGNED_CONTEXT ( ( #8204 ) ) GLOBAL_UNIT_ASSIGNED_CONTEXT ( ( #2014, #5325, #4286 ) ) REPRESENTATION_CONTEXT ( 'NONE', 'WORKASPACE' ) );
#1064 = ORIENTED_EDGE ( 'NONE', *, *, #6150, .F. ) ;
#1065 = LINE ( 'NONE', #3689, #5170 ) ;
#1066 = EDGE_CURVE ( 'NONE', #8230, #9412, #8009, .T. ) ;
#1067 = LINE ( 'NONE', #7651, #3083 ) ;
#1068 = FILL_AREA_STYLE ('',( #5256 ) ) ;
#1069 = VERTEX_POINT ( 'NONE', #6276 ) ;
#1070 = FILL_AREA_STYLE_COLOUR ( '', #1249 ) ;
#1071 = ORIENTED_EDGE ( 'NONE', *, *, #1497, .T. ) ;
#1072 = LINE ( 'NONE', #6025, #10003 ) ;
#1073 = FACE_OUTER_BOUND ( 'NONE', #10530, .T. ) ;
#1074 = CARTESIAN_POINT ( 'NONE',  ( -4.469999999999994422, 1.199999999999999067, 0.3500000000000037526 ) ) ;
#1075 = FILL_AREA_STYLE ('',( #9359 ) ) ;
#1076 = EDGE_CURVE ( 'NONE', #363, #6230, #3664, .T. ) ;
#1077 = PRESENTATION_LAYER_ASSIGNMENT (  '', '', ( #9719 ) ) ;
#1078 = DIRECTION ( 'NONE',  ( 0.000000000000000000, 1.000000000000000000, -0.000000000000000000 ) ) ;
#1079 = EDGE_CURVE ( 'NONE', #10047, #8002, #2955, .T. ) ;
#1080 = DIRECTION ( 'NONE',  ( -0.000000000000000000, -1.000000000000000000, 0.000000000000000000 ) ) ;
#1081 = ADVANCED_FACE ( 'NONE', ( #9651 ), #3605, .F. ) ;
#1082 = SURFACE_STYLE_FILL_AREA ( #9209 ) ;
#1083 = ORIENTED_EDGE ( 'NONE', *, *, #8692, .T. ) ;
#1084 = CARTESIAN_POINT ( 'NONE',  ( 0.1599999999999999756, 8.425943506694179847E-32, 1.750000000000004663 ) ) ;
#1085 = VERTEX_POINT ( 'NONE', #7233 ) ;
#1086 =( GEOMETRIC_REPRESENTATION_CONTEXT ( 3 ) GLOBAL_UNCERTAINTY_ASSIGNED_CONTEXT ( ( #8503 ) ) GLOBAL_UNIT_ASSIGNED_CONTEXT ( ( #2251, #8993, #7402 ) ) REPRESENTATION_CONTEXT ( 'NONE', 'WORKASPACE' ) );
#1087 = CARTESIAN_POINT ( 'NONE',  ( -4.000000000000001776, 0.2999999999999999889, 0.8000000000000004885 ) ) ;
#1088 = CARTESIAN_POINT ( 'NONE',  ( -5.000000000000006217, 1.400000000000000133, 0.3500000000000037526 ) ) ;
#1089 = ORIENTED_EDGE ( 'NONE', *, *, #299, .F. ) ;
#1090 = CARTESIAN_POINT ( 'NONE',  ( -0.1599999999999999756, 0.2787990747163040517, -1.581148123764847258 ) ) ;
#1091 = ORIENTED_EDGE ( 'NONE', *, *, #3807, .F. ) ;
#1092 = FILL_AREA_STYLE ('',( #9375 ) ) ;
#1093 = PRESENTATION_LAYER_ASSIGNMENT (  '', '', ( #9199 ) ) ;
#1094 = EDGE_CURVE ( 'NONE', #5746, #8316, #4436, .T. ) ;
#1095 = PRESENTATION_STYLE_ASSIGNMENT (( #6042 ) ) ;
#1096 = EDGE_LOOP ( 'NONE', ( #7725, #341, #5594, #10686 ) ) ;
#1097 = EDGE_CURVE ( 'NONE', #6902, #9091, #9712, .T. ) ;
#1098 = SURFACE_STYLE_USAGE ( .BOTH. , #6044 ) ;
#1099 = CARTESIAN_POINT ( 'NONE',  ( -2.339999999999999858, 0.4499999999999999556, 2.250000000000004441 ) ) ;
#1100 =( LENGTH_UNIT ( ) NAMED_UNIT ( * ) SI_UNIT ( .MILLI., .METRE. ) );
#1101 = DIRECTION ( 'NONE',  ( 0.000000000000000000, 0.000000000000000000, -1.000000000000000000 ) ) ;
#1102 =( LENGTH_UNIT ( ) NAMED_UNIT ( * ) SI_UNIT ( .MILLI., .METRE. ) );
#1103 = STYLED_ITEM ( 'NONE', ( #1232 ), #9394 ) ;
#1104 = FILL_AREA_STYLE_COLOUR ( '', #4723 ) ;
#1105 = VERTEX_POINT ( 'NONE', #5507 ) ;
#1106 = CARTESIAN_POINT ( 'NONE',  ( 4.000000000000005329, 0.3000000000000009326, 0.8000000000000004885 ) ) ;
#1107 = PLANE ( 'NONE',  #1918 ) ;
#1108 = PRESENTATION_STYLE_ASSIGNMENT (( #7336 ) ) ;
#1109 = ORIENTED_EDGE ( 'NONE', *, *, #7861, .F. ) ;
#1110 = CARTESIAN_POINT ( 'NONE',  ( -3.400000000000024336, 3.700000000000000178, 0.9499999999999861888 ) ) ;
#1111 = VERTEX_POINT ( 'NONE', #2802 ) ;
#1112 = DIRECTION ( 'NONE',  ( 0.000000000000000000, 1.000000000000000000, 0.000000000000000000 ) ) ;
#1113 = SURFACE_STYLE_USAGE ( .BOTH. , #6118 ) ;
#1114 = DIRECTION ( 'NONE',  ( -0.000000000000000000, 1.000000000000000000, -0.000000000000000000 ) ) ;
#1115 = VECTOR ( 'NONE', #6485, 1000.000000000000000 ) ;
#1116 = ORIENTED_EDGE ( 'NONE', *, *, #568, .F. ) ;
#1117 = UNCERTAINTY_MEASURE_WITH_UNIT (LENGTH_MEASURE( 1.000000000000000082E-05 ), #5332, 'distance_accuracy_value', 'NONE');
#1118 = SURFACE_STYLE_USAGE ( .BOTH. , #8695 ) ;
#1119 = CARTESIAN_POINT ( 'NONE',  ( 4.245735931288066034, 0.2999999999999999889, -1.749999999999994005 ) ) ;
#1120 = DIRECTION ( 'NONE',  ( 1.000000000000000000, 0.000000000000000000, 0.000000000000000000 ) ) ;
#1121 = SURFACE_STYLE_FILL_AREA ( #1844 ) ;
#1122 = VERTEX_POINT ( 'NONE', #6170 ) ;
#1123 = DIRECTION ( 'NONE',  ( -0.000000000000000000, 0.000000000000000000, 1.000000000000000000 ) ) ;
#1124 = EDGE_CURVE ( 'NONE', #6349, #8026, #9976, .T. ) ;
#1125 = VERTEX_POINT ( 'NONE', #1532 ) ;
#1126 = CARTESIAN_POINT ( 'NONE',  ( 5.500000000000000888, 21.00560209553989566, -1.849999999999996980 ) ) ;
#1127 = CARTESIAN_POINT ( 'NONE',  ( 1.409999999999999698, 1.749999999999999778, 0.000000000000000000 ) ) ;
#1128 = SURFACE_STYLE_FILL_AREA ( #916 ) ;
#1129 = DIRECTION ( 'NONE',  ( -1.000000000000000000, 0.000000000000000000, 0.000000000000000000 ) ) ;
#1130 = UNCERTAINTY_MEASURE_WITH_UNIT (LENGTH_MEASURE( 1.000000000000000082E-05 ), #263, 'distance_accuracy_value', 'NONE');
#1131 = FILL_AREA_STYLE ('',( #1971 ) ) ;
#1132 = B_SPLINE_CURVE_WITH_KNOTS ( 'NONE', 3,
 ( #1185, #960, #4463, #3469 ),
 .UNSPECIFIED., .F., .F.,
 ( 4, 4 ),
 ( 0.000000000000000000, 0.0001449176096515815187 ),
 .UNSPECIFIED. ) ;
#1133 = CARTESIAN_POINT ( 'NONE',  ( 0.06000000000000015737, 4.000000000000000000, -0.9250000000000404565 ) ) ;
#1134 = FILL_AREA_STYLE ('',( #10242 ) ) ;
#1135 = VECTOR ( 'NONE', #8803, 1000.000000000000000 ) ;
#1136 = SURFACE_SIDE_STYLE ('',( #8712 ) ) ;
#1137 = ORIENTED_EDGE ( 'NONE', *, *, #2301, .T. ) ;
#1138 = CARTESIAN_POINT ( 'NONE',  ( 2.660000000000000142, 3.548929149633788249, -1.004535961130712751 ) ) ;
#1139 = ORIENTED_EDGE ( 'NONE', *, *, #1066, .F. ) ;
#1140 = SURFACE_STYLE_FILL_AREA ( #8664 ) ;
#1141 = EDGE_CURVE ( 'NONE', #3762, #9674, #8936, .T. ) ;
#1142 = CARTESIAN_POINT ( 'NONE',  ( 5.699999999999993960, 2.888894916580853780E-31, 0.3500000000000037526 ) ) ;
#1143 = DIRECTION ( 'NONE',  ( 1.000000000000000000, 0.000000000000000000, -1.275531967629996124E-16 ) ) ;
#1144 = DIRECTION ( 'NONE',  ( 0.000000000000000000, 0.000000000000000000, -1.000000000000000000 ) ) ;
#1145 = ORIENTED_EDGE ( 'NONE', *, *, #7150, .T. ) ;
#1147 = EDGE_CURVE ( 'NONE', #8888, #5767, #10638, .T. ) ;
#1146 = CIRCLE ( 'NONE', #4828, 0.4499999999999999001 ) ;
#1148 = COLOUR_RGB ( '',1.000000000000000000, 1.000000000000000000, 1.000000000000000000 ) ;
#1149 = EDGE_LOOP ( 'NONE', ( #9043, #10710, #8197, #4193 ) ) ;
#1150 = LINE ( 'NONE', #7851, #8119 ) ;
#1151 = ORIENTED_EDGE ( 'NONE', *, *, #10125, .F. ) ;
#1152 = MECHANICAL_DESIGN_GEOMETRIC_PRESENTATION_REPRESENTATION (  '', ( #8564 ), #8905 ) ;
#1153 = LINE ( 'NONE', #5230, #7647 ) ;
#1154 = SURFACE_STYLE_FILL_AREA ( #6340 ) ;
#1155 = CARTESIAN_POINT ( 'NONE',  ( -1.409999999999999920, 0.8750000000000023315, 0.8749999999999814593 ) ) ;
#1156 = CLOSED_SHELL ( 'NONE', ( #4622, #5307, #8185, #10513, #10202, #7969, #1421, #2358, #7747, #2965 ) ) ;
#1157 = ADVANCED_FACE ( 'NONE', ( #4233 ), #2308, .F. ) ;
#1158 = DIRECTION ( 'NONE',  ( 0.000000000000000000, -0.9848077530122087975, 0.1736481776669264454 ) ) ;
#1159 = ORIENTED_EDGE ( 'NONE', *, *, #1305, .T. ) ;
#1160 = ADVANCED_FACE ( 'NONE', ( #9926 ), #9295, .T. ) ;
#1161 = ORIENTED_EDGE ( 'NONE', *, *, #1163, .T. ) ;
#1162 = VECTOR ( 'NONE', #8863, 1000.000000000000000 ) ;
#1163 = EDGE_CURVE ( 'NONE', #971, #4158, #4829, .T. ) ;
#1164 = CARTESIAN_POINT ( 'NONE',  ( -3.500000000000001776, 0.000000000000000000, -0.9500000000000009548 ) ) ;
#1165 = AXIS2_PLACEMENT_3D ( 'NONE', #9162, #1602, #3284 ) ;
#1166 = LINE ( 'NONE', #2916, #9838 ) ;
#1167 = VERTEX_POINT ( 'NONE', #8223 ) ;
#1168 = CARTESIAN_POINT ( 'NONE',  ( 4.469999999999994422, 1.199999999999998845, -1.749999999999994005 ) ) ;
#1169 =( GEOMETRIC_REPRESENTATION_CONTEXT ( 3 ) GLOBAL_UNCERTAINTY_ASSIGNED_CONTEXT ( ( #7877 ) ) GLOBAL_UNIT_ASSIGNED_CONTEXT ( ( #9521, #8697, #8999 ) ) REPRESENTATION_CONTEXT ( 'NONE', 'WORKASPACE' ) );
#1170 = CARTESIAN_POINT ( 'NONE',  ( 0.1599999999999999756, -1.125000000000002442, 1.125000000000004663 ) ) ;
#1171 = ORIENTED_EDGE ( 'NONE', *, *, #9111, .F. ) ;
#1172 = DIRECTION ( 'NONE',  ( 0.000000000000000000, 1.000000000000000000, -4.814824860968090180E-32 ) ) ;
#1173 = CARTESIAN_POINT ( 'NONE',  ( 9.396418828207726131E-16, 2.600000000000000977, -1.850000000000000533 ) ) ;
#1174 = EDGE_CURVE ( 'NONE', #2312, #4420, #656, .T. ) ;
#1175 = LINE ( 'NONE', #8574, #6465 ) ;
#1176 = MECHANICAL_DESIGN_GEOMETRIC_PRESENTATION_REPRESENTATION (  '', ( #6795 ), #4866 ) ;
#1177 = ORIENTED_EDGE ( 'NONE', *, *, #7858, .T. ) ;
#1179 = CARTESIAN_POINT ( 'NONE',  ( 2.339999999999999858, 0.03083447080518480002, 0.1748709736949816407 ) ) ;
#1178 = CARTESIAN_POINT ( 'NONE',  ( -2.339999999999999858, 0.000000000000000000, 2.350000000000004530 ) ) ;
#1180 = VECTOR ( 'NONE', #3760, 1000.000000000000000 ) ;
#1181 = SURFACE_STYLE_FILL_AREA ( #9679 ) ;
#1182 = ORIENTED_EDGE ( 'NONE', *, *, #2070, .F. ) ;
#1183 = CARTESIAN_POINT ( 'NONE',  ( -5.249999999999999112, 0.5499999999999992673, 0.8000000000000003775 ) ) ;
#1184 = ORIENTED_EDGE ( 'NONE', *, *, #565, .T. ) ;
#1185 = CARTESIAN_POINT ( 'NONE',  ( -4.245735931288066922, 0.2999999999999999889, -1.749999999999994449 ) ) ;
#1186 = SURFACE_STYLE_FILL_AREA ( #4348 ) ;
#1187 = PRESENTATION_LAYER_ASSIGNMENT (  '', '', ( #9283 ) ) ;
#1188 =( LENGTH_UNIT ( ) NAMED_UNIT ( * ) SI_UNIT ( .MILLI., .METRE. ) );
#1189 = VECTOR ( 'NONE', #6075, 1000.000000000000000 ) ;
#1190 = CARTESIAN_POINT ( 'NONE',  ( -2.339999999999999858, 0.2787990747163040517, -1.581148123764847258 ) ) ;
#1191 = EDGE_CURVE ( 'NONE', #6319, #9255, #9085, .T. ) ;
#1192 = CARTESIAN_POINT ( 'NONE',  ( -2.339999999999999858, 0.000000000000000000, -1.125000000000033973 ) ) ;
#1193 = MECHANICAL_DESIGN_GEOMETRIC_PRESENTATION_REPRESENTATION (  '', ( #4699 ), #7544 ) ;
#1194 =( LENGTH_UNIT ( ) NAMED_UNIT ( * ) SI_UNIT ( .MILLI., .METRE. ) );
#1195 = ORIENTED_EDGE ( 'NONE', *, *, #7151, .F. ) ;
#1196 = FILL_AREA_STYLE_COLOUR ( '', #6512 ) ;
#1197 = ORIENTED_EDGE ( 'NONE', *, *, #8853, .F. ) ;
#1198 =( NAMED_UNIT ( * ) SI_UNIT ( $, .STERADIAN. ) SOLID_ANGLE_UNIT ( ) );
#1199 = DIRECTION ( 'NONE',  ( 0.000000000000000000, 0.000000000000000000, -1.000000000000000000 ) ) ;
#1200 = FILL_AREA_STYLE ('',( #2032 ) ) ;
#1201 = ORIENTED_EDGE ( 'NONE', *, *, #5603, .T. ) ;
#1202 = VECTOR ( 'NONE', #8627, 1000.000000000000000 ) ;
#1203 = PLANE ( 'NONE',  #9681 ) ;
#1204 = AXIS2_PLACEMENT_3D ( 'NONE', #5477, #8848, #8393 ) ;
#1205 = EDGE_CURVE ( 'NONE', #5873, #682, #6197, .T. ) ;
#1206 =( NAMED_UNIT ( * ) SI_UNIT ( $, .STERADIAN. ) SOLID_ANGLE_UNIT ( ) );
#1207 = SURFACE_STYLE_FILL_AREA ( #8779 ) ;
#1208 = PRESENTATION_LAYER_ASSIGNMENT (  '', '', ( #3813 ) ) ;
#1209 = ORIENTED_EDGE ( 'NONE', *, *, #8921, .T. ) ;
#1210 =( GEOMETRIC_REPRESENTATION_CONTEXT ( 3 ) GLOBAL_UNCERTAINTY_ASSIGNED_CONTEXT ( ( #6545 ) ) GLOBAL_UNIT_ASSIGNED_CONTEXT ( ( #5413, #310, #8684 ) ) REPRESENTATION_CONTEXT ( 'NONE', 'WORKASPACE' ) );
#1211 = FACE_OUTER_BOUND ( 'NONE', #7619, .T. ) ;
#1212 = VECTOR ( 'NONE', #6946, 1000.000000000000000 ) ;
#1213 = FILL_AREA_STYLE_COLOUR ( '', #10522 ) ;
#1214 = COLOUR_RGB ( '',1.000000000000000000, 0.8117647058823529438, 0.5019607843137254832 ) ;
#1215 = SURFACE_STYLE_USAGE ( .BOTH. , #6227 ) ;
#1216 = SURFACE_SIDE_STYLE ('',( #8124 ) ) ;
#1217 = SURFACE_SIDE_STYLE ('',( #5359 ) ) ;
#1218 = FACE_OUTER_BOUND ( 'NONE', #6640, .T. ) ;
#1219 = ORIENTED_EDGE ( 'NONE', *, *, #1191, .T. ) ;
#1220 = LINE ( 'NONE', #5571, #861 ) ;
#1221 = ORIENTED_EDGE ( 'NONE', *, *, #2171, .T. ) ;
#1222 = STYLED_ITEM ( 'NONE', ( #7380 ), #7340 ) ;
#1223 =( GEOMETRIC_REPRESENTATION_CONTEXT ( 3 ) GLOBAL_UNCERTAINTY_ASSIGNED_CONTEXT ( ( #490 ) ) GLOBAL_UNIT_ASSIGNED_CONTEXT ( ( #8000, #10574, #9803 ) ) REPRESENTATION_CONTEXT ( 'NONE', 'WORKASPACE' ) );
#1224 = STYLED_ITEM ( 'NONE', ( #6428 ), #6689 ) ;
#1225 = LINE ( 'NONE', #3719, #4089 ) ;
#1226 = VECTOR ( 'NONE', #7112, 1000.000000000000000 ) ;
#1227 = EDGE_CURVE ( 'NONE', #10581, #6071, #5380, .T. ) ;
#1228 = EDGE_CURVE ( 'NONE', #9165, #3030, #2016, .T. ) ;
#1229 =( GEOMETRIC_REPRESENTATION_CONTEXT ( 3 ) GLOBAL_UNCERTAINTY_ASSIGNED_CONTEXT ( ( #8531 ) ) GLOBAL_UNIT_ASSIGNED_CONTEXT ( ( #7428, #2381, #740 ) ) REPRESENTATION_CONTEXT ( 'NONE', 'WORKASPACE' ) );
#1230 = ORIENTED_EDGE ( 'NONE', *, *, #1634, .T. ) ;
#1231 = MECHANICAL_DESIGN_GEOMETRIC_PRESENTATION_REPRESENTATION (  '', ( #1410 ), #7408 ) ;
#1232 = PRESENTATION_STYLE_ASSIGNMENT (( #1951 ) ) ;
#1233 = MECHANICAL_DESIGN_GEOMETRIC_PRESENTATION_REPRESENTATION (  '', ( #6331 ), #4895 ) ;
#1234 = LINE ( 'NONE', #1170, #6885 ) ;
#1235 = ORIENTED_EDGE ( 'NONE', *, *, #4863, .F. ) ;
#1236 = CARTESIAN_POINT ( 'NONE',  ( 5.100000000000009415, 21.00560209553989566, -1.849999999999996980 ) ) ;
#1237 = DIRECTION ( 'NONE',  ( -0.9659258262890683122, 0.000000000000000000, -0.2588190451025209060 ) ) ;
#1239 = LINE ( 'NONE', #7979, #9278 ) ;
#1238 = VECTOR ( 'NONE', #3165, 1000.000000000000000 ) ;
#1240 = ORIENTED_EDGE ( 'NONE', *, *, #4991, .T. ) ;
#1241 = CARTESIAN_POINT ( 'NONE',  ( -2.339999999999999858, 0.000000000000000000, 2.350000000000004530 ) ) ;
#1242 = VECTOR ( 'NONE', #717, 1000.000000000000000 ) ;
#1243 = EDGE_CURVE ( 'NONE', #3598, #8821, #1902, .T. ) ;
#1244 = DIRECTION ( 'NONE',  ( 0.000000000000000000, 0.9848077530122086864, 0.1736481776669268617 ) ) ;
#1245 = EDGE_CURVE ( 'NONE', #7916, #7849, #1072, .T. ) ;
#1246 = FACE_OUTER_BOUND ( 'NONE', #2403, .T. ) ;
#1247 = ORIENTED_EDGE ( 'NONE', *, *, #5267, .T. ) ;
#1248 = ORIENTED_EDGE ( 'NONE', *, *, #7922, .T. ) ;
#1249 = COLOUR_RGB ( '',1.000000000000000000, 1.000000000000000000, 1.000000000000000000 ) ;
#1250 = CARTESIAN_POINT ( 'NONE',  ( -1.090000000000000080, 4.000000000000000000, 0.000000000000000000 ) ) ;
#1251 = DIRECTION ( 'NONE',  ( -0.7071067811865473507, 0.7071067811865477948, 0.000000000000000000 ) ) ;
#1252 = UNCERTAINTY_MEASURE_WITH_UNIT (LENGTH_MEASURE( 1.000000000000000082E-05 ), #2004, 'distance_accuracy_value', 'NONE');
#1253 = PLANE ( 'NONE',  #2554 ) ;
#1254 = DIRECTION ( 'NONE',  ( -0.000000000000000000, 1.000000000000000000, -0.000000000000000000 ) ) ;
#1255 = UNCERTAINTY_MEASURE_WITH_UNIT (LENGTH_MEASURE( 1.000000000000000082E-05 ), #1102, 'distance_accuracy_value', 'NONE');
#1256 = FACE_OUTER_BOUND ( 'NONE', #9343, .T. ) ;
#1257 =( NAMED_UNIT ( * ) PLANE_ANGLE_UNIT ( ) SI_UNIT ( $, .RADIAN. ) );
#1258 = FILL_AREA_STYLE_COLOUR ( '', #1743 ) ;
#1259 = ORIENTED_EDGE ( 'NONE', *, *, #858, .F. ) ;
#1260 = DIRECTION ( 'NONE',  ( 1.000000000000000000, 0.000000000000000000, -2.710505431213767790E-15 ) ) ;
#1261 = ORIENTED_EDGE ( 'NONE', *, *, #4846, .F. ) ;
#1262 = CARTESIAN_POINT ( 'NONE',  ( 5.500000000000000888, 0.2999999999999999889, -1.849999999999996980 ) ) ;
#1263 = VECTOR ( 'NONE', #6887, 1000.000000000000000 ) ;
#1264 = FACE_OUTER_BOUND ( 'NONE', #4527, .T. ) ;
#1265 = VERTEX_POINT ( 'NONE', #391 ) ;
#1266 = LINE ( 'NONE', #453, #2101 ) ;
#1267 = DIRECTION ( 'NONE',  ( -1.000000000000000000, 0.000000000000000000, 0.000000000000000000 ) ) ;
#1268 = CYLINDRICAL_SURFACE ( 'NONE', #5921, 0.4499999999999999001 ) ;
#1269 = CARTESIAN_POINT ( 'NONE',  ( -2.339999999999999858, 8.425943506694179847E-32, 1.750000000000004663 ) ) ;
#1270 = MECHANICAL_DESIGN_GEOMETRIC_PRESENTATION_REPRESENTATION (  '', ( #6007 ), #3004 ) ;
#1271 = ORIENTED_EDGE ( 'NONE', *, *, #3300, .F. ) ;
#1272 = LINE ( 'NONE', #4662, #10623 ) ;
#1273 = CARTESIAN_POINT ( 'NONE',  ( -5.499999999999992895, 2.599999999999998312, 0.9500000000000032863 ) ) ;
#1274 = DIRECTION ( 'NONE',  ( 1.987703982890096458E-15, 0.000000000000000000, -1.000000000000000000 ) ) ;
#1275 = EDGE_CURVE ( 'NONE', #4261, #9121, #5327, .T. ) ;
#1276 = CARTESIAN_POINT ( 'NONE',  ( 0.1599999999999999756, 1.749999999999999778, -0.3250000000000474176 ) ) ;
#1277 =( LENGTH_UNIT ( ) NAMED_UNIT ( * ) SI_UNIT ( .MILLI., .METRE. ) );
#1278 = ORIENTED_EDGE ( 'NONE', *, *, #4631, .F. ) ;
#1279 = EDGE_CURVE ( 'NONE', #8309, #1813, #6863, .T. ) ;
#1280 = LINE ( 'NONE', #7238, #5951 ) ;
#1281 = VECTOR ( 'NONE', #4464, 1000.000000000000000 ) ;
#1282 = EDGE_LOOP ( 'NONE', ( #7, #1783, #3625, #8823 ) ) ;
#1283 = DIRECTION ( 'NONE',  ( 1.000000000000000000, 0.000000000000000000, -1.275531967629996124E-16 ) ) ;
#1284 = DIRECTION ( 'NONE',  ( -4.229774942574813988E-16, 0.7071067811865454633, -0.7071067811865495711 ) ) ;
#1285 = AXIS2_PLACEMENT_3D ( 'NONE', #1058, #2748, #9508 ) ;
#1286 = ORIENTED_EDGE ( 'NONE', *, *, #3687, .T. ) ;
#1287 = LINE ( 'NONE', #5695, #423 ) ;
#1288 = CARTESIAN_POINT ( 'NONE',  ( 1.409999999999999698, 0.4500000000000000111, 1.850000000000004530 ) ) ;
#1289 = EDGE_CURVE ( 'NONE', #10883, #8714, #4347, .T. ) ;
#1290 = FACE_OUTER_BOUND ( 'NONE', #1580, .T. ) ;
#1291 =( NAMED_UNIT ( * ) SI_UNIT ( $, .STERADIAN. ) SOLID_ANGLE_UNIT ( ) );
#1292 = CYLINDRICAL_SURFACE ( 'NONE', #6098, 0.4499999999999999001 ) ;
#1293 = EDGE_CURVE ( 'NONE', #6034, #6115, #1132, .T. ) ;
#1294 = EDGE_LOOP ( 'NONE', ( #10496, #8183, #3814, #10354 ) ) ;
#1295 = EDGE_CURVE ( 'NONE', #496, #4903, #2709, .T. ) ;
#1296 = DIRECTION ( 'NONE',  ( -0.000000000000000000, 1.000000000000000000, -0.000000000000000000 ) ) ;
#1297 = AXIS2_PLACEMENT_3D ( 'NONE', #127, #4308, #6226 ) ;
#1298 = SURFACE_SIDE_STYLE ('',( #386 ) ) ;
#1299 = DIRECTION ( 'NONE',  ( -0.000000000000000000, 0.000000000000000000, 1.000000000000000000 ) ) ;
#1300 = VERTEX_POINT ( 'NONE', #4528 ) ;
#1301 = ORIENTED_EDGE ( 'NONE', *, *, #2156, .T. ) ;
#1302 = STYLED_ITEM ( 'NONE', ( #4421 ), #9842 ) ;
#1303 = CARTESIAN_POINT ( 'NONE',  ( -1.090000000000000080, 1.749999999999999778, -1.125000000000033973 ) ) ;
#1304 = CARTESIAN_POINT ( 'NONE',  ( -3.050000000000019806, 3.700000000000000178, 1.549999999999989386 ) ) ;
#1305 = EDGE_CURVE ( 'NONE', #724, #380, #1848, .T. ) ;
#1306 = CARTESIAN_POINT ( 'NONE',  ( -6.489770460511939731, 0.3602469863822942431, -0.6397704605119383103 ) ) ;
#1307 =( NAMED_UNIT ( * ) SI_UNIT ( $, .STERADIAN. ) SOLID_ANGLE_UNIT ( ) );
#1308 = ORIENTED_EDGE ( 'NONE', *, *, #6224, .F. ) ;
#1309 = DIRECTION ( 'NONE',  ( 0.000000000000000000, -1.000000000000000000, 0.000000000000000000 ) ) ;
#1310 = ORIENTED_EDGE ( 'NONE', *, *, #5786, .T. ) ;
#1311 = FACE_OUTER_BOUND ( 'NONE', #7821, .T. ) ;
#1312 = LINE ( 'NONE', #4650, #9513 ) ;
#1313 = EDGE_LOOP ( 'NONE', ( #4059, #1345, #10613, #6513, #8221, #7290 ) ) ;
#1314 = CARTESIAN_POINT ( 'NONE',  ( 5.699999999999993960, 0.2499999999999997780, 0.3500000000000037526 ) ) ;
#1315 = VECTOR ( 'NONE', #7306, 1000.000000000000000 ) ;
#1316 =( NAMED_UNIT ( * ) SI_UNIT ( $, .STERADIAN. ) SOLID_ANGLE_UNIT ( ) );
#1317 = SURFACE_STYLE_USAGE ( .BOTH. , #10580 ) ;
#1318 = ORIENTED_EDGE ( 'NONE', *, *, #7855, .F. ) ;
#1319 = VECTOR ( 'NONE', #6010, 1000.000000000000000 ) ;
#1320 = SURFACE_STYLE_FILL_AREA ( #3665 ) ;
#1321 = CARTESIAN_POINT ( 'NONE',  ( 1.725000000000004530, 3.249999999999996891, -1.450000000000040590 ) ) ;
#1322 = FACE_OUTER_BOUND ( 'NONE', #7001, .T. ) ;
#1323 = SURFACE_STYLE_FILL_AREA ( #8940 ) ;
#1324 = ORIENTED_EDGE ( 'NONE', *, *, #9795, .F. ) ;
#1325 = SURFACE_STYLE_FILL_AREA ( #2096 ) ;
#1326 = ORIENTED_EDGE ( 'NONE', *, *, #10299, .T. ) ;
#1327 = DIRECTION ( 'NONE',  ( -1.000000000000000000, 0.000000000000000000, 0.000000000000000000 ) ) ;
#1328 = MECHANICAL_DESIGN_GEOMETRIC_PRESENTATION_REPRESENTATION (  '', ( #7148 ), #2711 ) ;
#1329 = VECTOR ( 'NONE', #1112, 1000.000000000000000 ) ;
#1330 = EDGE_CURVE ( 'NONE', #900, #4647, #7034, .T. ) ;
#1331 = CARTESIAN_POINT ( 'NONE',  ( 2.660000000000000142, 2.865743636076471201, -1.125000000000033973 ) ) ;
#1332 = ORIENTED_EDGE ( 'NONE', *, *, #2433, .T. ) ;
#1333 = CARTESIAN_POINT ( 'NONE',  ( 0.1599999999999999756, 0.000000000000000000, 2.350000000000004530 ) ) ;
#1334 = CYLINDRICAL_SURFACE ( 'NONE', #2220, 0.09999999995018485355 ) ;
#1335 = LINE ( 'NONE', #470, #465 ) ;
#1336 =( GEOMETRIC_REPRESENTATION_CONTEXT ( 3 ) GLOBAL_UNCERTAINTY_ASSIGNED_CONTEXT ( ( #5967 ) ) GLOBAL_UNIT_ASSIGNED_CONTEXT ( ( #3908, #5211, #4296 ) ) REPRESENTATION_CONTEXT ( 'NONE', 'WORKASPACE' ) );
#1337 = SURFACE_STYLE_FILL_AREA ( #6360 ) ;
#1338 = ORIENTED_EDGE ( 'NONE', *, *, #10140, .F. ) ;
#1339 = PLANE ( 'NONE',  #4151 ) ;
#1340 = AXIS2_PLACEMENT_3D ( 'NONE', #10229, #2657, #7599 ) ;
#1341 = CARTESIAN_POINT ( 'NONE',  ( 0.1599999999999999756, 1.350000000000001865, 1.350000000000004086 ) ) ;
#1342 = ORIENTED_EDGE ( 'NONE', *, *, #4578, .F. ) ;
#1343 = VECTOR ( 'NONE', #8994, 1000.000000000000000 ) ;
#1344 = FILL_AREA_STYLE ('',( #9787 ) ) ;
#1345 = ORIENTED_EDGE ( 'NONE', *, *, #152, .T. ) ;
#1346 = LINE ( 'NONE', #6369, #6820 ) ;
#1347 = DIRECTION ( 'NONE',  ( 0.000000000000000000, 0.7071067811865481278, -0.7071067811865470176 ) ) ;
#1348 = UNCERTAINTY_MEASURE_WITH_UNIT (LENGTH_MEASURE( 1.000000000000000082E-05 ), #4981, 'distance_accuracy_value', 'NONE');
#1349 = CARTESIAN_POINT ( 'NONE',  ( -4.000000000000001776, 1.749999999999999778, 1.850000000000000533 ) ) ;
#1350 = SURFACE_SIDE_STYLE ('',( #2182 ) ) ;
#1351 = EDGE_CURVE ( 'NONE', #10047, #29, #10396, .T. ) ;
#1352 = DIRECTION ( 'NONE',  ( -1.000000000000000000, -0.000000000000000000, -0.000000000000000000 ) ) ;
#1353 = VERTEX_POINT ( 'NONE', #5265 ) ;
#1354 =( GEOMETRIC_REPRESENTATION_CONTEXT ( 3 ) GLOBAL_UNCERTAINTY_ASSIGNED_CONTEXT ( ( #6636 ) ) GLOBAL_UNIT_ASSIGNED_CONTEXT ( ( #2352, #9079, #4891 ) ) REPRESENTATION_CONTEXT ( 'NONE', 'WORKASPACE' ) );
#1355 = EDGE_CURVE ( 'NONE', #6017, #3402, #2769, .T. ) ;
#1356 = CARTESIAN_POINT ( 'NONE',  ( -2.660000000000000142, 0.000000000000000000, -1.125000000000033973 ) ) ;
#1357 = VERTEX_POINT ( 'NONE', #6140 ) ;
#1358 = CARTESIAN_POINT ( 'NONE',  ( 0.1599999999999999756, 3.548929149633788249, -1.004535961130712751 ) ) ;
#1359 =( GEOMETRIC_REPRESENTATION_CONTEXT ( 3 ) GLOBAL_UNCERTAINTY_ASSIGNED_CONTEXT ( ( #2127 ) ) GLOBAL_UNIT_ASSIGNED_CONTEXT ( ( #5171, #5232, #7575 ) ) REPRESENTATION_CONTEXT ( 'NONE', 'WORKASPACE' ) );
#1360 =( NAMED_UNIT ( * ) SI_UNIT ( $, .STERADIAN. ) SOLID_ANGLE_UNIT ( ) );
#1361 = CARTESIAN_POINT ( 'NONE',  ( 1.409999999999999698, 1.749999999999999778, 0.000000000000000000 ) ) ;
#1362 = ORIENTED_EDGE ( 'NONE', *, *, #5540, .T. ) ;
#1363 = SURFACE_SIDE_STYLE ('',( #348 ) ) ;
#1364 = VECTOR ( 'NONE', #2888, 1000.000000000000000 ) ;
#1365 = CARTESIAN_POINT ( 'NONE',  ( -2.339999999999999858, 0.4500000000000002331, 6.098637220230963674E-17 ) ) ;
#1366 = ORIENTED_EDGE ( 'NONE', *, *, #6211, .T. ) ;
#1367 = EDGE_CURVE ( 'NONE', #3549, #3132, #9529, .T. ) ;
#1368 = LINE ( 'NONE', #2248, #2632 ) ;
#1369 = FILL_AREA_STYLE ('',( #7400 ) ) ;
#1370 = LINE ( 'NONE', #8328, #409 ) ;
#1371 = SURFACE_SIDE_STYLE ('',( #7173 ) ) ;
#1372 = LINE ( 'NONE', #10528, #6667 ) ;
#1373 = ORIENTED_EDGE ( 'NONE', *, *, #10645, .F. ) ;
#1374 = VECTOR ( 'NONE', #5981, 1000.000000000000000 ) ;
#1375 = ORIENTED_EDGE ( 'NONE', *, *, #1367, .F. ) ;
#1376 = CARTESIAN_POINT ( 'NONE',  ( -3.400000000000024336, 1.749999999999999778, 0.9499999999999861888 ) ) ;
#1377 = MECHANICAL_DESIGN_GEOMETRIC_PRESENTATION_REPRESENTATION (  '', ( #5437 ), #2437 ) ;
#1378 = VECTOR ( 'NONE', #370, 1000.000000000000000 ) ;
#1379 = SURFACE_STYLE_USAGE ( .BOTH. , #610 ) ;
#1380 = COLOUR_RGB ( '',1.000000000000000000, 1.000000000000000000, 1.000000000000000000 ) ;
#1381 = ORIENTED_EDGE ( 'NONE', *, *, #10855, .F. ) ;
#1382 = LINE ( 'NONE', #9005, #9568 ) ;
#1383 = DIRECTION ( 'NONE',  ( 0.000000000000000000, 0.000000000000000000, 1.000000000000000000 ) ) ;
#1384 = SURFACE_STYLE_USAGE ( .BOTH. , #4678 ) ;
#1385 =( LENGTH_UNIT ( ) NAMED_UNIT ( * ) SI_UNIT ( .MILLI., .METRE. ) );
#1386 =( GEOMETRIC_REPRESENTATION_CONTEXT ( 3 ) GLOBAL_UNCERTAINTY_ASSIGNED_CONTEXT ( ( #695 ) ) GLOBAL_UNIT_ASSIGNED_CONTEXT ( ( #6703, #1679, #802 ) ) REPRESENTATION_CONTEXT ( 'NONE', 'WORKASPACE' ) );
#1387 = CARTESIAN_POINT ( 'NONE',  ( 0.000000000000000000, 0.000000000000000000, 0.000000000000000000 ) ) ;
#1388 = PRESENTATION_LAYER_ASSIGNMENT (  '', '', ( #8969 ) ) ;
#1389 = AXIS2_PLACEMENT_3D ( 'NONE', #9537, #10343, #6673 ) ;
#1390 =( NAMED_UNIT ( * ) PLANE_ANGLE_UNIT ( ) SI_UNIT ( $, .RADIAN. ) );
#1391 = EDGE_CURVE ( 'NONE', #3524, #3936, #1797, .T. ) ;
#1392 = DIRECTION ( 'NONE',  ( -0.000000000000000000, -0.000000000000000000, -1.000000000000000000 ) ) ;
#1393 = ORIENTED_EDGE ( 'NONE', *, *, #9998, .F. ) ;
#1394 =( GEOMETRIC_REPRESENTATION_CONTEXT ( 3 ) GLOBAL_UNCERTAINTY_ASSIGNED_CONTEXT ( ( #9953 ) ) GLOBAL_UNIT_ASSIGNED_CONTEXT ( ( #937, #9431, #9555 ) ) REPRESENTATION_CONTEXT ( 'NONE', 'WORKASPACE' ) );
#1395 = VECTOR ( 'NONE', #5057, 1000.000000000000000 ) ;
#1396 = LINE ( 'NONE', #10608, #1315 ) ;
#1397 = COLOUR_RGB ( '',1.000000000000000000, 1.000000000000000000, 1.000000000000000000 ) ;
#1398 = PRESENTATION_LAYER_ASSIGNMENT (  '', '', ( #9867 ) ) ;
#1399 = CARTESIAN_POINT ( 'NONE',  ( 2.660000000000000142, 0.8750000000000023315, 0.8749999999999814593 ) ) ;
#1400 = COLOUR_RGB ( '',1.000000000000000000, 1.000000000000000000, 1.000000000000000000 ) ;
#1401 = FILL_AREA_STYLE_COLOUR ( '', #1397 ) ;
#1402 = ORIENTED_EDGE ( 'NONE', *, *, #6959, .F. ) ;
#1403 =( GEOMETRIC_REPRESENTATION_CONTEXT ( 3 ) GLOBAL_UNCERTAINTY_ASSIGNED_CONTEXT ( ( #3201 ) ) GLOBAL_UNIT_ASSIGNED_CONTEXT ( ( #8826, #6217, #7902 ) ) REPRESENTATION_CONTEXT ( 'NONE', 'WORKASPACE' ) );
#1404 = VERTEX_POINT ( 'NONE', #2830 ) ;
#1405 =( NAMED_UNIT ( * ) SI_UNIT ( $, .STERADIAN. ) SOLID_ANGLE_UNIT ( ) );
#1406 =( NAMED_UNIT ( * ) SI_UNIT ( $, .STERADIAN. ) SOLID_ANGLE_UNIT ( ) );
#1407 = LINE ( 'NONE', #8153, #133 ) ;
#1408 = EDGE_CURVE ( 'NONE', #6831, #926, #7948, .T. ) ;
#1409 =( GEOMETRIC_REPRESENTATION_CONTEXT ( 3 ) GLOBAL_UNCERTAINTY_ASSIGNED_CONTEXT ( ( #4280 ) ) GLOBAL_UNIT_ASSIGNED_CONTEXT ( ( #9143, #8430, #5055 ) ) REPRESENTATION_CONTEXT ( 'NONE', 'WORKASPACE' ) );
#1410 = STYLED_ITEM ( 'NONE', ( #102 ), #5183 ) ;
#1411 = COLOUR_RGB ( '',1.000000000000000000, 1.000000000000000000, 1.000000000000000000 ) ;
#1412 =( NAMED_UNIT ( * ) PLANE_ANGLE_UNIT ( ) SI_UNIT ( $, .RADIAN. ) );
#1413 = DIRECTION ( 'NONE',  ( 1.000000000000000000, -6.570922257487672349E-16, 0.000000000000000000 ) ) ;
#1414 = MECHANICAL_DESIGN_GEOMETRIC_PRESENTATION_REPRESENTATION (  '', ( #6164 ), #5296 ) ;
#1415 = ORIENTED_EDGE ( 'NONE', *, *, #5576, .T. ) ;
#1416 = ORIENTED_EDGE ( 'NONE', *, *, #7308, .F. ) ;
#1417 = CARTESIAN_POINT ( 'NONE',  ( 1.089999999999999858, 0.3499999999999999223, 2.350000000000004530 ) ) ;
#1418 = EDGE_CURVE ( 'NONE', #10044, #6017, #8535, .T. ) ;
#1419 = FILL_AREA_STYLE_COLOUR ( '', #10903 ) ;
#1420 = LINE ( 'NONE', #646, #10 ) ;
#1421 = ADVANCED_FACE ( 'NONE', ( #10237 ), #2664, .F. ) ;
#1422 = DIRECTION ( 'NONE',  ( 0.000000000000000000, -1.000000000000000000, 0.000000000000000000 ) ) ;
#1423 = VECTOR ( 'NONE', #6901, 1000.000000000000000 ) ;
#1424 = EDGE_CURVE ( 'NONE', #462, #2312, #1016, .T. ) ;
#1425 = PLANE ( 'NONE',  #2912 ) ;
#1426 = FACE_OUTER_BOUND ( 'NONE', #1773, .T. ) ;
#1427 = LINE ( 'NONE', #3111, #9331 ) ;
#1428 = ORIENTED_EDGE ( 'NONE', *, *, #1829, .T. ) ;
#1429 = LINE ( 'NONE', #7866, #3321 ) ;
#1430 = AXIS2_PLACEMENT_3D ( 'NONE', #9050, #9161, #779 ) ;
#1431 =( NAMED_UNIT ( * ) PLANE_ANGLE_UNIT ( ) SI_UNIT ( $, .RADIAN. ) );
#1432 = CARTESIAN_POINT ( 'NONE',  ( -4.669999999999994600, 1.200000000000000178, -1.849999999999996314 ) ) ;
#1433 = FILL_AREA_STYLE ('',( #2093 ) ) ;
#1434 = DIRECTION ( 'NONE',  ( 0.2588190451025209060, 0.000000000000000000, -0.9659258262890683122 ) ) ;
#1435 = ORIENTED_EDGE ( 'NONE', *, *, #7922, .F. ) ;
#1436 = EDGE_CURVE ( 'NONE', #5138, #7509, #537, .T. ) ;
#1437 = EDGE_LOOP ( 'NONE', ( #976, #2560, #8693, #6597 ) ) ;
#1438 = ADVANCED_FACE ( 'NONE', ( #2125 ), #631, .T. ) ;
#1439 = CARTESIAN_POINT ( 'NONE',  ( 0.1599999999999999756, 1.749999999999999778, 0.000000000000000000 ) ) ;
#1440 = VECTOR ( 'NONE', #10543, 1000.000000000000000 ) ;
#1441 = DIRECTION ( 'NONE',  ( 0.000000000000000000, -0.9848077530122087975, 0.1736481776669264454 ) ) ;
#1442 = EDGE_CURVE ( 'NONE', #4781, #5607, #1346, .T. ) ;
#1443 = DIRECTION ( 'NONE',  ( -1.000000000000000000, -0.000000000000000000, -0.000000000000000000 ) ) ;
#1444 = DIRECTION ( 'NONE',  ( 0.000000000000000000, 0.000000000000000000, -1.000000000000000000 ) ) ;
#1445 = ORIENTED_EDGE ( 'NONE', *, *, #3031, .T. ) ;
#1446 = CARTESIAN_POINT ( 'NONE',  ( -2.139897842624815194, 0.2565727441013907484, 0.1350672255343202399 ) ) ;
#1447 = PRESENTATION_STYLE_ASSIGNMENT (( #831 ) ) ;
#1448 = DIRECTION ( 'NONE',  ( -0.000000000000000000, 1.000000000000000000, -0.000000000000000000 ) ) ;
#1449 = FILL_AREA_STYLE_COLOUR ( '', #8208 ) ;
#1450 = CARTESIAN_POINT ( 'NONE',  ( 4.711421356237298852, 1.299999999999995381, -1.849999999999996980 ) ) ;
#1451 = ORIENTED_EDGE ( 'NONE', *, *, #4377, .T. ) ;
#1452 = CARTESIAN_POINT ( 'NONE',  ( 1.409999999999999698, 3.999999999999999112, -0.5250000000000403233 ) ) ;
#1453 =( NAMED_UNIT ( * ) SI_UNIT ( $, .STERADIAN. ) SOLID_ANGLE_UNIT ( ) );
#1454 = ORIENTED_EDGE ( 'NONE', *, *, #3601, .T. ) ;
#1455 = VECTOR ( 'NONE', #10163, 1000.000000000000000 ) ;
#1456 = DIRECTION ( 'NONE',  ( -1.000000000000000000, -0.000000000000000000, -0.000000000000000000 ) ) ;
#1457 = PLANE ( 'NONE',  #2 ) ;
#1458 = VERTEX_POINT ( 'NONE', #3788 ) ;
#1459 = VERTEX_POINT ( 'NONE', #1303 ) ;
#1460 = SURFACE_STYLE_USAGE ( .BOTH. , #3087 ) ;
#1461 = FACE_OUTER_BOUND ( 'NONE', #6695, .T. ) ;
#1462 = VECTOR ( 'NONE', #373, 999.9999999999998863 ) ;
#1463 = UNCERTAINTY_MEASURE_WITH_UNIT (LENGTH_MEASURE( 1.000000000000000082E-05 ), #1793, 'distance_accuracy_value', 'NONE');
#1464 = SURFACE_SIDE_STYLE ('',( #7376 ) ) ;
#1465 = LINE ( 'NONE', #6478, #8605 ) ;
#1466 = ADVANCED_FACE ( 'NONE', ( #4633 ), #8037, .F. ) ;
#1467 = DIRECTION ( 'NONE',  ( -1.000000000000000000, 6.570922257487672349E-16, 1.182766006347823109E-16 ) ) ;
#1468 =( GEOMETRIC_REPRESENTATION_CONTEXT ( 3 ) GLOBAL_UNCERTAINTY_ASSIGNED_CONTEXT ( ( #10620 ) ) GLOBAL_UNIT_ASSIGNED_CONTEXT ( ( #6100, #932, #9427 ) ) REPRESENTATION_CONTEXT ( 'NONE', 'WORKASPACE' ) );
#1469 = VERTEX_POINT ( 'NONE', #8090 ) ;
#1470 = SURFACE_STYLE_USAGE ( .BOTH. , #8920 ) ;
#1471 = VERTEX_POINT ( 'NONE', #4757 ) ;
#1472 = PLANE ( 'NONE',  #9959 ) ;
#1473 = FILL_AREA_STYLE_COLOUR ( '', #875 ) ;
#1474 = PLANE ( 'NONE',  #6327 ) ;
#1475 =( GEOMETRIC_REPRESENTATION_CONTEXT ( 3 ) GLOBAL_UNCERTAINTY_ASSIGNED_CONTEXT ( ( #2130 ) ) GLOBAL_UNIT_ASSIGNED_CONTEXT ( ( #8600, #1755, #113 ) ) REPRESENTATION_CONTEXT ( 'NONE', 'WORKASPACE' ) );
#1476 = DIRECTION ( 'NONE',  ( 1.000000000000000000, 0.000000000000000000, 0.000000000000000000 ) ) ;
#1477 = CARTESIAN_POINT ( 'NONE',  ( -1.090000000000000080, 3.548929149633788249, -1.004535961130712751 ) ) ;
#1478 = VERTEX_POINT ( 'NONE', #8151 ) ;
#1479 = FACE_OUTER_BOUND ( 'NONE', #6926, .T. ) ;
#1480 = ADVANCED_FACE ( 'NONE', ( #10663 ), #38, .F. ) ;
#1481 = FILL_AREA_STYLE_COLOUR ( '', #9389 ) ;
#1482 =( NAMED_UNIT ( * ) SI_UNIT ( $, .STERADIAN. ) SOLID_ANGLE_UNIT ( ) );
#1483 =( LENGTH_UNIT ( ) NAMED_UNIT ( * ) SI_UNIT ( .MILLI., .METRE. ) );
#1484 = PLANE ( 'NONE',  #3124 ) ;
#1485 =( NAMED_UNIT ( * ) PLANE_ANGLE_UNIT ( ) SI_UNIT ( $, .RADIAN. ) );
#1486 = ORIENTED_EDGE ( 'NONE', *, *, #9434, .T. ) ;
#1487 = VECTOR ( 'NONE', #486, 1000.000000000000000 ) ;
#1488 = DIRECTION ( 'NONE',  ( -1.000000000000000000, 0.000000000000000000, 8.131516293641279557E-17 ) ) ;
#1489 = ORIENTED_EDGE ( 'NONE', *, *, #6717, .F. ) ;
#1490 = EDGE_CURVE ( 'NONE', #4881, #10008, #9901, .T. ) ;
#1491 = DIRECTION ( 'NONE',  ( -0.000000000000000000, 1.000000000000000000, -0.000000000000000000 ) ) ;
#1492 = ADVANCED_FACE ( 'NONE', ( #8305 ), #4933, .F. ) ;
#1493 =( LENGTH_UNIT ( ) NAMED_UNIT ( * ) SI_UNIT ( .MILLI., .METRE. ) );
#1494 = FILL_AREA_STYLE_COLOUR ( '', #2915 ) ;
#1495 = CARTESIAN_POINT ( 'NONE',  ( -2.660000000000000142, 0.000000000000000000, 0.000000000000000000 ) ) ;
#1496 = EDGE_LOOP ( 'NONE', ( #9057, #7811, #10660, #2590 ) ) ;
#1497 = EDGE_CURVE ( 'NONE', #4729, #844, #6649, .T. ) ;
#1498 =( NAMED_UNIT ( * ) SI_UNIT ( $, .STERADIAN. ) SOLID_ANGLE_UNIT ( ) );
#1499 = ORIENTED_EDGE ( 'NONE', *, *, #9194, .T. ) ;
#1500 = AXIS2_PLACEMENT_3D ( 'NONE', #941, #7005, #4262 ) ;
#1502 = LINE ( 'NONE', #3293, #4272 ) ;
#1501 = VECTOR ( 'NONE', #1603, 1000.000000000000000 ) ;
#1503 = DIRECTION ( 'NONE',  ( 0.000000000000000000, 0.000000000000000000, 1.000000000000000000 ) ) ;
#1504 = DIRECTION ( 'NONE',  ( 1.000000000000000000, 3.614007241618355673E-16, 5.421010862427535975E-16 ) ) ;
#1505 = ORIENTED_EDGE ( 'NONE', *, *, #5165, .F. ) ;
#1506 = EDGE_CURVE ( 'NONE', #201, #7998, #7531, .T. ) ;
#1507 = FILL_AREA_STYLE_COLOUR ( '', #2476 ) ;
#1508 = VERTEX_POINT ( 'NONE', #10113 ) ;
#1509 = CARTESIAN_POINT ( 'NONE',  ( 3.700000000000019273, 1.749999999999999778, 0.1750000000000098976 ) ) ;
#1510 = FACE_OUTER_BOUND ( 'NONE', #6008, .T. ) ;
#1511 = STYLED_ITEM ( 'NONE', ( #4204 ), #94 ) ;
#1512 = DIRECTION ( 'NONE',  ( -1.000000000000000000, 0.000000000000000000, 0.000000000000000000 ) ) ;
#1513 = VECTOR ( 'NONE', #712, 1000.000000000000000 ) ;
#1514 = CARTESIAN_POINT ( 'NONE',  ( 3.400000000000025224, 4.400000000000002132, 0.2249377794898757832 ) ) ;
#1515 =( GEOMETRIC_REPRESENTATION_CONTEXT ( 3 ) GLOBAL_UNCERTAINTY_ASSIGNED_CONTEXT ( ( #10501 ) ) GLOBAL_UNIT_ASSIGNED_CONTEXT ( ( #832, #9103, #10055 ) ) REPRESENTATION_CONTEXT ( 'NONE', 'WORKASPACE' ) );
#1516 =( LENGTH_UNIT ( ) NAMED_UNIT ( * ) SI_UNIT ( .MILLI., .METRE. ) );
#1517 = VERTEX_POINT ( 'NONE', #2334 ) ;
#1518 = CARTESIAN_POINT ( 'NONE',  ( 1.325000000000003952, -2.498378919205734983E-16, -1.850000000000000533 ) ) ;
#1519 = ORIENTED_EDGE ( 'NONE', *, *, #4244, .F. ) ;
#1520 =( NAMED_UNIT ( * ) PLANE_ANGLE_UNIT ( ) SI_UNIT ( $, .RADIAN. ) );
#1521 =( GEOMETRIC_REPRESENTATION_CONTEXT ( 3 ) GLOBAL_UNCERTAINTY_ASSIGNED_CONTEXT ( ( #6064 ) ) GLOBAL_UNIT_ASSIGNED_CONTEXT ( ( #5862, #4334, #6856 ) ) REPRESENTATION_CONTEXT ( 'NONE', 'WORKASPACE' ) );
#1522 = FILL_AREA_STYLE_COLOUR ( '', #4002 ) ;
#1523 = COLOUR_RGB ( '',1.000000000000000000, 1.000000000000000000, 1.000000000000000000 ) ;
#1524 = DIRECTION ( 'NONE',  ( 0.000000000000000000, -0.000000000000000000, -1.000000000000000000 ) ) ;
#1525 = EDGE_CURVE ( 'NONE', #4420, #7509, #4162, .T. ) ;
#1526 = FILL_AREA_STYLE_COLOUR ( '', #7696 ) ;
#1527 = VECTOR ( 'NONE', #776, 1000.000000000000000 ) ;
#1528 = ORIENTED_EDGE ( 'NONE', *, *, #5049, .F. ) ;
#1529 = COLOUR_RGB ( '',1.000000000000000000, 1.000000000000000000, 1.000000000000000000 ) ;
#1530 = PRESENTATION_STYLE_ASSIGNMENT (( #1639 ) ) ;
#1531 = FILL_AREA_STYLE_COLOUR ( '', #10274 ) ;
#1532 = CARTESIAN_POINT ( 'NONE',  ( -4.000000000000001776, 2.100000000000000089, 0.6500000000000025757 ) ) ;
#1533 = DIRECTION ( 'NONE',  ( 0.000000000000000000, -0.000000000000000000, 1.000000000000000000 ) ) ;
#1534 = FACE_OUTER_BOUND ( 'NONE', #9700, .T. ) ;
#1535 = CARTESIAN_POINT ( 'NONE',  ( -4.469999999999994422, 0.2999999999999999889, -1.749999999999994449 ) ) ;
#1536 = ORIENTED_EDGE ( 'NONE', *, *, #940, .F. ) ;
#1537 = VECTOR ( 'NONE', #1854, 1000.000000000000114 ) ;
#1538 = SURFACE_STYLE_USAGE ( .BOTH. , #9092 ) ;
#1539 = VERTEX_POINT ( 'NONE', #746 ) ;
#1540 = EDGE_CURVE ( 'NONE', #5043, #7763, #6696, .T. ) ;
#1541 = CARTESIAN_POINT ( 'NONE',  ( 1.089999999999999858, 0.4500000000000000111, 1.850000000000004530 ) ) ;
#1542 = PLANE ( 'NONE',  #1552 ) ;
#1543 = PLANE ( 'NONE',  #9845 ) ;
#1544 = PRESENTATION_LAYER_ASSIGNMENT (  '', '', ( #1904 ) ) ;
#1545 = LINE ( 'NONE', #9936, #3515 ) ;
#1546 = FACE_OUTER_BOUND ( 'NONE', #9033, .T. ) ;
#1547 = CARTESIAN_POINT ( 'NONE',  ( 4.245735931288066034, 0.2999999999999999889, 0.3500000000000037526 ) ) ;
#1548 = FILL_AREA_STYLE ('',( #6731 ) ) ;
#1549 = ORIENTED_EDGE ( 'NONE', *, *, #4989, .T. ) ;
#1550 = ADVANCED_FACE ( 'NONE', ( #2544 ), #1667, .F. ) ;
#1551 = ORIENTED_EDGE ( 'NONE', *, *, #10250, .T. ) ;
#1552 = AXIS2_PLACEMENT_3D ( 'NONE', #125, #727, #10864 ) ;
#1553 = PRESENTATION_LAYER_ASSIGNMENT (  '', '', ( #9127 ) ) ;
#1554 = EDGE_CURVE ( 'NONE', #10347, #6521, #5903, .T. ) ;
#1555 = SURFACE_STYLE_FILL_AREA ( #5748 ) ;
#1556 = ADVANCED_FACE ( 'NONE', ( #1565 ), #686, .F. ) ;
#1557 = VECTOR ( 'NONE', #9008, 1000.000000000000000 ) ;
#1558 = CARTESIAN_POINT ( 'NONE',  ( -2.660000000000000142, 1.350000000000001865, 1.350000000000004086 ) ) ;
#1559 =( GEOMETRIC_REPRESENTATION_CONTEXT ( 3 ) GLOBAL_UNCERTAINTY_ASSIGNED_CONTEXT ( ( #9743 ) ) GLOBAL_UNIT_ASSIGNED_CONTEXT ( ( #9363, #6808, #10288 ) ) REPRESENTATION_CONTEXT ( 'NONE', 'WORKASPACE' ) );
#1560 = ORIENTED_EDGE ( 'NONE', *, *, #9303, .T. ) ;
#1561 = PRESENTATION_LAYER_ASSIGNMENT (  '', '', ( #9844 ) ) ;
#1562 = DIRECTION ( 'NONE',  ( 0.2133021165724263424, -0.9621436710723737518, -0.1696518885279465760 ) ) ;
#1563 = DIRECTION ( 'NONE',  ( 0.000000000000000000, -0.000000000000000000, -1.000000000000000000 ) ) ;
#1564 = VERTEX_POINT ( 'NONE', #6185 ) ;
#1565 = FACE_OUTER_BOUND ( 'NONE', #8604, .T. ) ;
#1566 = MECHANICAL_DESIGN_GEOMETRIC_PRESENTATION_REPRESENTATION (  '', ( #6312 ), #1394 ) ;
#1567 = SURFACE_STYLE_FILL_AREA ( #7532 ) ;
#1568 = CARTESIAN_POINT ( 'NONE',  ( 3.700000000000019273, 1.749999999999999778, 0.1750000000000098976 ) ) ;
#1569 = ORIENTED_EDGE ( 'NONE', *, *, #2914, .F. ) ;
#1570 = UNCERTAINTY_MEASURE_WITH_UNIT (LENGTH_MEASURE( 1.000000000000000082E-05 ), #8378, 'distance_accuracy_value', 'NONE');
#1571 = PRESENTATION_LAYER_ASSIGNMENT (  '', '', ( #8096 ) ) ;
#1572 = UNCERTAINTY_MEASURE_WITH_UNIT (LENGTH_MEASURE( 1.000000000000000082E-05 ), #5923, 'distance_accuracy_value', 'NONE');
#1573 = PRESENTATION_LAYER_ASSIGNMENT (  '', '', ( #3827 ) ) ;
#1574 = EDGE_CURVE ( 'NONE', #4596, #3456, #319, .T. ) ;
#1575 = FILL_AREA_STYLE_COLOUR ( '', #10500 ) ;
#1576 = VECTOR ( 'NONE', #2725, 1000.000000000000000 ) ;
#1577 = VECTOR ( 'NONE', #963, 1000.000000000000000 ) ;
#1578 = ORIENTED_EDGE ( 'NONE', *, *, #726, .F. ) ;
#1579 = DIRECTION ( 'NONE',  ( 0.000000000000000000, -0.7071067811865482389, 0.7071067811865469066 ) ) ;
#1580 = EDGE_LOOP ( 'NONE', ( #3425, #4128, #5303, #9279 ) ) ;
#1581 = STYLED_ITEM ( 'NONE', ( #4156 ), #7714 ) ;
#1582 = PLANE ( 'NONE',  #2278 ) ;
#1583 = SURFACE_SIDE_STYLE ('',( #9133 ) ) ;
#1584 = UNCERTAINTY_MEASURE_WITH_UNIT (LENGTH_MEASURE( 1.000000000000000082E-05 ), #2317, 'distance_accuracy_value', 'NONE');
#1585 = DIRECTION ( 'NONE',  ( 0.000000000000000000, -1.000000000000000000, -1.355252715606880296E-16 ) ) ;
#1586 = CIRCLE ( 'NONE', #3495, 0.1999999999999996503 ) ;
#1587 = CARTESIAN_POINT ( 'NONE',  ( -4.000000000000001776, 2.100000000000000089, -1.550000000000000488 ) ) ;
#1588 = SURFACE_STYLE_FILL_AREA ( #1749 ) ;
#1589 = ORIENTED_EDGE ( 'NONE', *, *, #1279, .T. ) ;
#1590 = CARTESIAN_POINT ( 'NONE',  ( 1.089999999999999858, 2.865743636076471645, -0.3250000000000474731 ) ) ;
#1591 = CARTESIAN_POINT ( 'NONE',  ( 4.219999999999994422, 1.649999999999999023, 0.3500000000000037526 ) ) ;
#1592 =( LENGTH_UNIT ( ) NAMED_UNIT ( * ) SI_UNIT ( .MILLI., .METRE. ) );
#1593 = STYLED_ITEM ( 'NONE', ( #6195 ), #8243 ) ;
#1594 = VERTEX_POINT ( 'NONE', #4220 ) ;
#1595 = ORIENTED_EDGE ( 'NONE', *, *, #1890, .F. ) ;
#1596 = CYLINDRICAL_SURFACE ( 'NONE', #5201, 0.4499999999999999001 ) ;
#1597 = DIRECTION ( 'NONE',  ( -1.000000000000000000, 0.000000000000000000, 0.000000000000000000 ) ) ;
#1598 =( NAMED_UNIT ( * ) SI_UNIT ( $, .STERADIAN. ) SOLID_ANGLE_UNIT ( ) );
#1599 = EDGE_CURVE ( 'NONE', #9982, #6108, #1838, .T. ) ;
#1600 = CARTESIAN_POINT ( 'NONE',  ( 4.000000000000001776, 3.700000000000000178, 0.9499999999999855227 ) ) ;
#1601 = LINE ( 'NONE', #6515, #2487 ) ;
#1602 = DIRECTION ( 'NONE',  ( 0.000000000000000000, 0.000000000000000000, 1.000000000000000000 ) ) ;
#1603 = DIRECTION ( 'NONE',  ( -0.000000000000000000, 1.000000000000000000, -0.000000000000000000 ) ) ;
#1604 = CARTESIAN_POINT ( 'NONE',  ( -0.1599999999999999756, 0.000000000000000000, 2.350000000000004530 ) ) ;
#1605 = ORIENTED_EDGE ( 'NONE', *, *, #8256, .T. ) ;
#1606 = PLANE ( 'NONE',  #6490 ) ;
#1607 = VECTOR ( 'NONE', #9494, 1000.000000000000000 ) ;
#1608 = ORIENTED_EDGE ( 'NONE', *, *, #9438, .F. ) ;
#1609 = DIRECTION ( 'NONE',  ( 3.097720492815684271E-16, 0.000000000000000000, 1.000000000000000000 ) ) ;
#1610 =( BOUNDED_CURVE ( )  B_SPLINE_CURVE ( 3, ( #10070, #9228, #6743, #849 ),
 .UNSPECIFIED., .F., .T. ) 
 B_SPLINE_CURVE_WITH_KNOTS ( ( 4, 4 ),
 ( 2.293530574608301897, 3.141592653589793116 ),
 .UNSPECIFIED. ) 
 CURVE ( )  GEOMETRIC_REPRESENTATION_ITEM ( )  RATIONAL_B_SPLINE_CURVE ( ( 1.000000000000000000, 0.9409585518440970464, 0.9409585518440970464, 1.000000000000000000 ) ) 
 REPRESENTATION_ITEM ( '' )  );
#1611 = CARTESIAN_POINT ( 'NONE',  ( -1.090000000000000080, 0.000000000000000000, -1.125000000000033973 ) ) ;
#1612 = DIRECTION ( 'NONE',  ( -0.7071067811865399122, 0.000000000000000000, 0.7071067811865552333 ) ) ;
#1613 =( GEOMETRIC_REPRESENTATION_CONTEXT ( 3 ) GLOBAL_UNCERTAINTY_ASSIGNED_CONTEXT ( ( #2989 ) ) GLOBAL_UNIT_ASSIGNED_CONTEXT ( ( #2309, #4830, #4035 ) ) REPRESENTATION_CONTEXT ( 'NONE', 'WORKASPACE' ) );
#1614 = ORIENTED_EDGE ( 'NONE', *, *, #8505, .F. ) ;
#1615 = SURFACE_STYLE_FILL_AREA ( #4010 ) ;
#1616 = ADVANCED_FACE ( 'NONE', ( #10323 ), #2653, .F. ) ;
#1617 = ORIENTED_EDGE ( 'NONE', *, *, #6793, .F. ) ;
#1618 = CARTESIAN_POINT ( 'NONE',  ( 0.06000000000000015737, 4.000000000000000000, 0.000000000000000000 ) ) ;
#1619 = CARTESIAN_POINT ( 'NONE',  ( 3.500000000000000888, 0.2999999999999999889, -0.9500000000000009548 ) ) ;
#1620 = ADVANCED_FACE ( 'NONE', ( #2699 ), #1955, .T. ) ;
#1621 = SURFACE_STYLE_FILL_AREA ( #903 ) ;
#1622 = EDGE_LOOP ( 'NONE', ( #10271, #10419, #6484, #10515, #9660 ) ) ;
#1623 =( GEOMETRIC_REPRESENTATION_CONTEXT ( 3 ) GLOBAL_UNCERTAINTY_ASSIGNED_CONTEXT ( ( #2340 ) ) GLOBAL_UNIT_ASSIGNED_CONTEXT ( ( #8694, #2595, #9115 ) ) REPRESENTATION_CONTEXT ( 'NONE', 'WORKASPACE' ) );
#1624 = LINE ( 'NONE', #5815, #3779 ) ;
#1625 = CARTESIAN_POINT ( 'NONE',  ( -4.000000000000001776, 0.2999999999999999889, 0.9500000000000005107 ) ) ;
#1626 = FILL_AREA_STYLE ('',( #3256 ) ) ;
#1627 = ORIENTED_EDGE ( 'NONE', *, *, #8060, .T. ) ;
#1628 = DIRECTION ( 'NONE',  ( 0.000000000000000000, 0.000000000000000000, -1.000000000000000000 ) ) ;
#1629 = ADVANCED_FACE ( 'NONE', ( #209 ), #7820, .F. ) ;
#1630 = VERTEX_POINT ( 'NONE', #4747 ) ;
#1631 = EDGE_CURVE ( 'NONE', #1458, #7775, #7250, .T. ) ;
#1632 = CARTESIAN_POINT ( 'NONE',  ( 3.050000000000020695, 1.749999999999999778, 1.549999999999988720 ) ) ;
#1633 = CARTESIAN_POINT ( 'NONE',  ( -5.000000000000006217, 1.400000000000000133, 0.3500000000000037526 ) ) ;
#1634 = EDGE_CURVE ( 'NONE', #4158, #8408, #2056, .T. ) ;
#1635 = LINE ( 'NONE', #7496, #6965 ) ;
#1636 = CARTESIAN_POINT ( 'NONE',  ( -4.469999999999994422, 0.4500000000000009548, -1.849999999999996314 ) ) ;
#1637 =( LENGTH_UNIT ( ) NAMED_UNIT ( * ) SI_UNIT ( .MILLI., .METRE. ) );
#1638 = VERTEX_POINT ( 'NONE', #9776 ) ;
#1639 = SURFACE_STYLE_USAGE ( .BOTH. , #1694 ) ;
#1640 = ORIENTED_EDGE ( 'NONE', *, *, #1054, .F. ) ;
#1641 = PRESENTATION_STYLE_ASSIGNMENT (( #8 ) ) ;
#1642 = EDGE_CURVE ( 'NONE', #9623, #4078, #4624, .T. ) ;
#1643 = DIRECTION ( 'NONE',  ( 0.000000000000000000, 1.000000000000000000, 0.000000000000000000 ) ) ;
#1644 =( GEOMETRIC_REPRESENTATION_CONTEXT ( 3 ) GLOBAL_UNCERTAINTY_ASSIGNED_CONTEXT ( ( #5337 ) ) GLOBAL_UNIT_ASSIGNED_CONTEXT ( ( #6787, #1520, #10222 ) ) REPRESENTATION_CONTEXT ( 'NONE', 'WORKASPACE' ) );
#1645 = ORIENTED_EDGE ( 'NONE', *, *, #5737, .T. ) ;
#1646 = ORIENTED_EDGE ( 'NONE', *, *, #6849, .T. ) ;
#1647 = DIRECTION ( 'NONE',  ( 0.000000000000000000, 0.000000000000000000, -1.000000000000000000 ) ) ;
#1648 = CARTESIAN_POINT ( 'NONE',  ( 4.219999999999995310, 0.4499999999999999001, 0.3500000000000037526 ) ) ;
#1649 = CARTESIAN_POINT ( 'NONE',  ( 4.669999999999994600, 0.4499999999999999001, 0.3500000000000037526 ) ) ;
#1650 = SURFACE_STYLE_USAGE ( .BOTH. , #9211 ) ;
#1651 = STYLED_ITEM ( 'NONE', ( #4415 ), #3526 ) ;
#1652 = FILL_AREA_STYLE_COLOUR ( '', #4199 ) ;
#1653 = SURFACE_STYLE_FILL_AREA ( #9051 ) ;
#1654 = CARTESIAN_POINT ( 'NONE',  ( -9.396418828207726131E-16, 2.600000000000000977, -1.850000000000000533 ) ) ;
#1655 = EDGE_LOOP ( 'NONE', ( #239, #5633, #9040, #1762 ) ) ;
#1656 = LINE ( 'NONE', #676, #1909 ) ;
#1657 = ORIENTED_EDGE ( 'NONE', *, *, #3599, .F. ) ;
#1658 = PRESENTATION_STYLE_ASSIGNMENT (( #840 ) ) ;
#1659 = ADVANCED_FACE ( 'NONE', ( #5523 ), #7078, .F. ) ;
#1660 = AXIS2_PLACEMENT_3D ( 'NONE', #2010, #383, #1895 ) ;
#1661 = DIRECTION ( 'NONE',  ( 2.114887471287405515E-16, 0.7071067811865454633, -0.7071067811865495711 ) ) ;
#1662 = PLANE ( 'NONE',  #5458 ) ;
#1663 = EDGE_LOOP ( 'NONE', ( #922, #3847, #7236, #9332, #4644, #3200, #10840, #1788 ) ) ;
#1664 =( LENGTH_UNIT ( ) NAMED_UNIT ( * ) SI_UNIT ( .MILLI., .METRE. ) );
#1665 = CARTESIAN_POINT ( 'NONE',  ( -5.100000000000008527, 1.299999999999999156, -1.849999999999995648 ) ) ;
#1666 = ORIENTED_EDGE ( 'NONE', *, *, #5336, .F. ) ;
#1667 = PLANE ( 'NONE',  #9482 ) ;
#1668 = CARTESIAN_POINT ( 'NONE',  ( -1.090000000000000080, 0.000000000000000000, 0.000000000000000000 ) ) ;
#1669 = VECTOR ( 'NONE', #10476, 1000.000000000000000 ) ;
#1670 =( NAMED_UNIT ( * ) PLANE_ANGLE_UNIT ( ) SI_UNIT ( $, .RADIAN. ) );
#1671 = VECTOR ( 'NONE', #7012, 1000.000000000000000 ) ;
#1672 = ORIENTED_EDGE ( 'NONE', *, *, #7980, .T. ) ;
#1673 = UNCERTAINTY_MEASURE_WITH_UNIT (LENGTH_MEASURE( 1.000000000000000082E-05 ), #6934, 'distance_accuracy_value', 'NONE');
#1674 = EDGE_CURVE ( 'NONE', #447, #3206, #6886, .T. ) ;
#1675 = DIRECTION ( 'NONE',  ( 0.000000000000000000, -0.000000000000000000, 1.000000000000000000 ) ) ;
#1676 = EDGE_CURVE ( 'NONE', #7075, #10748, #8955, .T. ) ;
#1677 = DIRECTION ( 'NONE',  ( 0.000000000000000000, -0.000000000000000000, -1.000000000000000000 ) ) ;
#1678 = PRESENTATION_LAYER_ASSIGNMENT (  '', '', ( #8725 ) ) ;
#1679 =( NAMED_UNIT ( * ) PLANE_ANGLE_UNIT ( ) SI_UNIT ( $, .RADIAN. ) );
#1680 = ORIENTED_EDGE ( 'NONE', *, *, #4290, .T. ) ;
#1681 = COLOUR_RGB ( '',1.000000000000000000, 1.000000000000000000, 1.000000000000000000 ) ;
#1682 = DIRECTION ( 'NONE',  ( -1.000000000000000000, 0.000000000000000000, -0.000000000000000000 ) ) ;
#1683 = ORIENTED_EDGE ( 'NONE', *, *, #3096, .F. ) ;
#1684 = SURFACE_STYLE_FILL_AREA ( #645 ) ;
#1685 = CARTESIAN_POINT ( 'NONE',  ( -5.000000000000006217, 1.650000000000000355, 0.3500000000000037526 ) ) ;
#1686 = AXIS2_PLACEMENT_3D ( 'NONE', #9466, #1078, #5275 ) ;
#1687 = SURFACE_STYLE_FILL_AREA ( #9408 ) ;
#1688 = VECTOR ( 'NONE', #6943, 1000.000000000000000 ) ;
#1689 = CARTESIAN_POINT ( 'NONE',  ( 9.396418828207726131E-16, 2.600000000000000977, -1.850000000000000533 ) ) ;
#1690 = EDGE_CURVE ( 'NONE', #5894, #2272, #2165, .T. ) ;
#1691 = DIRECTION ( 'NONE',  ( -0.000000000000000000, -1.000000000000000000, -0.000000000000000000 ) ) ;
#1692 = EDGE_CURVE ( 'NONE', #5289, #9941, #10651, .T. ) ;
#1693 = ORIENTED_EDGE ( 'NONE', *, *, #7220, .T. ) ;
#1694 = SURFACE_SIDE_STYLE ('',( #7555 ) ) ;
#1695 = EDGE_CURVE ( 'NONE', #10598, #10407, #9670, .T. ) ;
#1696 = ORIENTED_EDGE ( 'NONE', *, *, #9166, .F. ) ;
#1697 = PRESENTATION_STYLE_ASSIGNMENT (( #9925 ) ) ;
#1698 =( GEOMETRIC_REPRESENTATION_CONTEXT ( 3 ) GLOBAL_UNCERTAINTY_ASSIGNED_CONTEXT ( ( #7206 ) ) GLOBAL_UNIT_ASSIGNED_CONTEXT ( ( #9416, #4190, #7669 ) ) REPRESENTATION_CONTEXT ( 'NONE', 'WORKASPACE' ) );
#1699 =( LENGTH_UNIT ( ) NAMED_UNIT ( * ) SI_UNIT ( .MILLI., .METRE. ) );
#1700 = DIRECTION ( 'NONE',  ( -1.000000000000000000, 0.000000000000000000, 0.000000000000000000 ) ) ;
#1701 = ORIENTED_EDGE ( 'NONE', *, *, #5994, .T. ) ;
#1702 = CARTESIAN_POINT ( 'NONE',  ( 1.725000000000002531, -1.031861377951722971E-15, -1.850000000000000533 ) ) ;
#1703 = ORIENTED_EDGE ( 'NONE', *, *, #8490, .F. ) ;
#1704 = DIRECTION ( 'NONE',  ( 0.000000000000000000, 0.000000000000000000, 1.000000000000000000 ) ) ;
#1705 = EDGE_CURVE ( 'NONE', #3488, #10837, #7930, .T. ) ;
#1706 = VECTOR ( 'NONE', #4330, 1000.000000000000000 ) ;
#1707 =( NAMED_UNIT ( * ) SI_UNIT ( $, .STERADIAN. ) SOLID_ANGLE_UNIT ( ) );
#1708 = DIRECTION ( 'NONE',  ( -1.000000000000000000, 6.570922257487672349E-16, 0.000000000000000000 ) ) ;
#1709 = VECTOR ( 'NONE', #3110, 1000.000000000000000 ) ;
#1710 = LINE ( 'NONE', #3503, #1263 ) ;
#1711 = CARTESIAN_POINT ( 'NONE',  ( -3.449999999999995293, 3.450000000000004619, -1.550000000000000488 ) ) ;
#1712 = DIRECTION ( 'NONE',  ( -0.000000000000000000, -0.000000000000000000, -1.000000000000000000 ) ) ;
#1713 = SURFACE_STYLE_FILL_AREA ( #3553 ) ;
#1714 = VERTEX_POINT ( 'NONE', #2111 ) ;
#1715 = MECHANICAL_DESIGN_GEOMETRIC_PRESENTATION_REPRESENTATION (  '', ( #2412 ), #1721 ) ;
#1716 = CARTESIAN_POINT ( 'NONE',  ( 3.525881904447568882, 1.749999999999999778, -0.6283451969090770861 ) ) ;
#1717 = ORIENTED_EDGE ( 'NONE', *, *, #5066, .T. ) ;
#1718 = DIRECTION ( 'NONE',  ( 1.000000000000000000, 0.000000000000000000, 0.000000000000000000 ) ) ;
#1719 = AXIS2_PLACEMENT_3D ( 'NONE', #5545, #5601, #336 ) ;
#1720 = CARTESIAN_POINT ( 'NONE',  ( 0.1599999999999999756, 0.4499999999999999556, 2.250000000000004441 ) ) ;
#1721 =( GEOMETRIC_REPRESENTATION_CONTEXT ( 3 ) GLOBAL_UNCERTAINTY_ASSIGNED_CONTEXT ( ( #3950 ) ) GLOBAL_UNIT_ASSIGNED_CONTEXT ( ( #6499, #1431, #1482 ) ) REPRESENTATION_CONTEXT ( 'NONE', 'WORKASPACE' ) );
#1722 = EDGE_LOOP ( 'NONE', ( #1856, #1878, #4102, #1736, #2254, #3621, #6163, #3257, #3891, #4869, #9708, #4865 ) ) ;
#1723 =( NAMED_UNIT ( * ) PLANE_ANGLE_UNIT ( ) SI_UNIT ( $, .RADIAN. ) );
#1724 = EDGE_CURVE ( 'NONE', #5193, #9886, #6126, .T. ) ;
#1725 = ORIENTED_EDGE ( 'NONE', *, *, #820, .T. ) ;
#1726 = FACE_OUTER_BOUND ( 'NONE', #10176, .T. ) ;
#1727 = PRESENTATION_STYLE_ASSIGNMENT (( #7595 ) ) ;
#1728 = PRESENTATION_LAYER_ASSIGNMENT (  '', '', ( #6823 ) ) ;
#1729 = ORIENTED_EDGE ( 'NONE', *, *, #6549, .T. ) ;
#1730 = SURFACE_STYLE_FILL_AREA ( #2549 ) ;
#1731 = DIRECTION ( 'NONE',  ( 0.000000000000000000, -1.000000000000000000, 0.000000000000000000 ) ) ;
#1732 = MECHANICAL_DESIGN_GEOMETRIC_PRESENTATION_REPRESENTATION (  '', ( #5077 ), #9317 ) ;
#1733 = VECTOR ( 'NONE', #5625, 1000.000000000000000 ) ;
#1734 = LINE ( 'NONE', #2762, #3626 ) ;
#1735 = MECHANICAL_DESIGN_GEOMETRIC_PRESENTATION_REPRESENTATION (  '', ( #4160 ), #9671 ) ;
#1736 = ORIENTED_EDGE ( 'NONE', *, *, #2433, .F. ) ;
#1737 = VECTOR ( 'NONE', #7687, 1000.000000000000000 ) ;
#1738 = CARTESIAN_POINT ( 'NONE',  ( -2.339999999999999858, 2.865743636076471645, -0.3250000000000474731 ) ) ;
#1739 = ORIENTED_EDGE ( 'NONE', *, *, #6599, .T. ) ;
#1740 =( NAMED_UNIT ( * ) PLANE_ANGLE_UNIT ( ) SI_UNIT ( $, .RADIAN. ) );
#1742 =( LENGTH_UNIT ( ) NAMED_UNIT ( * ) SI_UNIT ( .MILLI., .METRE. ) );
#1741 = VECTOR ( 'NONE', #4992, 1000.000000000000000 ) ;
#1743 = COLOUR_RGB ( '',1.000000000000000000, 0.8117647058823529438, 0.5019607843137254832 ) ;
#1744 = CARTESIAN_POINT ( 'NONE',  ( -1.189999999999999947, 3.999999999999999112, -0.5250000000000403233 ) ) ;
#1745 = VECTOR ( 'NONE', #186, 1000.000000000000000 ) ;
#1746 = VECTOR ( 'NONE', #9203, 1000.000000000000114 ) ;
#1747 = FILL_AREA_STYLE_COLOUR ( '', #7511 ) ;
#1748 = CARTESIAN_POINT ( 'NONE',  ( 3.499999999950209606, 1.749999999999999778, -0.7249377794898664851 ) ) ;
#1749 = FILL_AREA_STYLE ('',( #2568 ) ) ;
#1750 = ORIENTED_EDGE ( 'NONE', *, *, #577, .F. ) ;
#1751 = VECTOR ( 'NONE', #6272, 1000.000000000000000 ) ;
#1752 = FILL_AREA_STYLE_COLOUR ( '', #10569 ) ;
#1753 = EDGE_CURVE ( 'NONE', #2361, #132, #6518, .T. ) ;
#1754 = ORIENTED_EDGE ( 'NONE', *, *, #6824, .T. ) ;
#1755 =( NAMED_UNIT ( * ) PLANE_ANGLE_UNIT ( ) SI_UNIT ( $, .RADIAN. ) );
#1756 = AXIS2_PLACEMENT_3D ( 'NONE', #5992, #2521, #4303 ) ;
#1757 = EDGE_CURVE ( 'NONE', #7829, #3981, #10102, .T. ) ;
#1758 = LINE ( 'NONE', #9371, #3311 ) ;
#1759 = ORIENTED_EDGE ( 'NONE', *, *, #137, .F. ) ;
#1760 = EDGE_CURVE ( 'NONE', #3981, #9191, #8342, .T. ) ;
#1761 = CARTESIAN_POINT ( 'NONE',  ( -4.000000000000001776, 4.699999999999999289, 0.9500000000000025091 ) ) ;
#1762 = ORIENTED_EDGE ( 'NONE', *, *, #5128, .F. ) ;
#1763 =( GEOMETRIC_REPRESENTATION_CONTEXT ( 3 ) GLOBAL_UNCERTAINTY_ASSIGNED_CONTEXT ( ( #6638 ) ) GLOBAL_UNIT_ASSIGNED_CONTEXT ( ( #8879, #7398, #8122 ) ) REPRESENTATION_CONTEXT ( 'NONE', 'WORKASPACE' ) );
#1764 = UNCERTAINTY_MEASURE_WITH_UNIT (LENGTH_MEASURE( 1.000000000000000082E-05 ), #10588, 'distance_accuracy_value', 'NONE');
#1765 = CARTESIAN_POINT ( 'NONE',  ( 0.000000000000000000, 0.000000000000000000, 0.8000000000000004885 ) ) ;
#1766 = DIRECTION ( 'NONE',  ( -1.000000000000000000, 0.000000000000000000, 0.000000000000000000 ) ) ;
#1767 = AXIS2_PLACEMENT_3D ( 'NONE', #5977, #2707, #2662 ) ;
#1768 = LINE ( 'NONE', #829, #7639 ) ;
#1769 = CARTESIAN_POINT ( 'NONE',  ( -0.1599999999999999756, 3.548929149633788693, -0.4454640388693684727 ) ) ;
#1770 = EDGE_CURVE ( 'NONE', #3162, #2821, #9890, .T. ) ;
#1771 = LINE ( 'NONE', #5129, #9978 ) ;
#1772 = DIRECTION ( 'NONE',  ( 1.000000000000000000, 0.000000000000000000, 0.000000000000000000 ) ) ;
#1773 = EDGE_LOOP ( 'NONE', ( #8599, #4668, #8020, #2212 ) ) ;
#1774 = SURFACE_STYLE_FILL_AREA ( #5946 ) ;
#1775 = ORIENTED_EDGE ( 'NONE', *, *, #3027, .F. ) ;
#1776 = EDGE_CURVE ( 'NONE', #6279, #7071, #4917, .T. ) ;
#1777 = LINE ( 'NONE', #6051, #4460 ) ;
#1778 = MECHANICAL_DESIGN_GEOMETRIC_PRESENTATION_REPRESENTATION (  '', ( #7792 ), #4760 ) ;
#1779 = DIRECTION ( 'NONE',  ( -0.2133021165724263701, 0.9621436710723738628, -0.1696518885279461875 ) ) ;
#1780 = CARTESIAN_POINT ( 'NONE',  ( 4.537712434446764753, 0.2999999999999999889, -1.817712434446764336 ) ) ;
#1781 = VERTEX_POINT ( 'NONE', #1450 ) ;
#1782 = LINE ( 'NONE', #10824, #4597 ) ;
#1783 = ORIENTED_EDGE ( 'NONE', *, *, #10457, .T. ) ;
#1784 = FACE_OUTER_BOUND ( 'NONE', #2427, .T. ) ;
#1785 = VECTOR ( 'NONE', #6726, 1000.000000000000000 ) ;
#1786 = SURFACE_STYLE_FILL_AREA ( #3623 ) ;
#1787 = DIRECTION ( 'NONE',  ( -1.000000000000000000, 3.157870405297586439E-16, 0.000000000000000000 ) ) ;
#1788 = ORIENTED_EDGE ( 'NONE', *, *, #4628, .T. ) ;
#1789 = UNCERTAINTY_MEASURE_WITH_UNIT (LENGTH_MEASURE( 1.000000000000000082E-05 ), #1742, 'distance_accuracy_value', 'NONE');
#1790 =( NAMED_UNIT ( * ) SI_UNIT ( $, .STERADIAN. ) SOLID_ANGLE_UNIT ( ) );
#1791 = SURFACE_SIDE_STYLE ('',( #5908 ) ) ;
#1792 = AXIS2_PLACEMENT_3D ( 'NONE', #3530, #6971, #4409 ) ;
#1793 =( LENGTH_UNIT ( ) NAMED_UNIT ( * ) SI_UNIT ( .MILLI., .METRE. ) );
#1794 = EDGE_LOOP ( 'NONE', ( #7809, #8440, #6967, #3361 ) ) ;
#1795 = DIRECTION ( 'NONE',  ( -0.000000000000000000, -0.000000000000000000, 1.000000000000000000 ) ) ;
#1796 = ORIENTED_EDGE ( 'NONE', *, *, #9763, .T. ) ;
#1797 = LINE ( 'NONE', #330, #1374 ) ;
#1798 = DIRECTION ( 'NONE',  ( 0.000000000000000000, 0.000000000000000000, -1.000000000000000000 ) ) ;
#1799 = LINE ( 'NONE', #4291, #372 ) ;
#1800 = VECTOR ( 'NONE', #8410, 1000.000000000000000 ) ;
#1801 = FACE_OUTER_BOUND ( 'NONE', #2579, .T. ) ;
#1802 =( NAMED_UNIT ( * ) PLANE_ANGLE_UNIT ( ) SI_UNIT ( $, .RADIAN. ) );
#1803 = SURFACE_STYLE_FILL_AREA ( #10133 ) ;
#1804 = EDGE_CURVE ( 'NONE', #132, #4619, #28, .T. ) ;
#1805 = DIRECTION ( 'NONE',  ( -0.000000000000000000, -0.000000000000000000, -1.000000000000000000 ) ) ;
#1806 = DIRECTION ( 'NONE',  ( 2.990902544787597113E-16, 1.000000000000000000, -3.814991807942487086E-32 ) ) ;
#1807 = PRESENTATION_LAYER_ASSIGNMENT (  '', '', ( #6208 ) ) ;
#1808 = ORIENTED_EDGE ( 'NONE', *, *, #10263, .T. ) ;
#1809 = CARTESIAN_POINT ( 'NONE',  ( 4.000000000000001776, 3.700000000000000178, 0.9499999999999855227 ) ) ;
#1810 = ORIENTED_EDGE ( 'NONE', *, *, #9000, .F. ) ;
#1811 = FILL_AREA_STYLE_COLOUR ( '', #8232 ) ;
#1812 = DIRECTION ( 'NONE',  ( -0.7071067811865471286, 0.7071067811865479058, 8.363418636454763320E-17 ) ) ;
#1813 = VERTEX_POINT ( 'NONE', #5699 ) ;
#1814 = DIRECTION ( 'NONE',  ( 0.000000000000000000, 0.000000000000000000, 1.000000000000000000 ) ) ;
#1815 = AXIS2_PLACEMENT_3D ( 'NONE', #7117, #457, #3912 ) ;
#1816 = EDGE_LOOP ( 'NONE', ( #6618, #9683, #6282, #456, #7947, #10607 ) ) ;
#1817 = DIRECTION ( 'NONE',  ( -0.000000000000000000, 1.000000000000000000, -0.000000000000000000 ) ) ;
#1818 = DIRECTION ( 'NONE',  ( 0.000000000000000000, -0.7071067811865482389, 0.7071067811865469066 ) ) ;
#1819 = EDGE_CURVE ( 'NONE', #10373, #5248, #6617, .T. ) ;
#1820 = LINE ( 'NONE', #352, #8459 ) ;
#1821 = PRESENTATION_LAYER_ASSIGNMENT (  '', '', ( #1302 ) ) ;
#1822 = DIRECTION ( 'NONE',  ( -2.529805069132844337E-15, 0.000000000000000000, -1.000000000000000000 ) ) ;
#1823 = DIRECTION ( 'NONE',  ( -0.000000000000000000, 1.000000000000000000, -0.000000000000000000 ) ) ;
#1824 = PRODUCT_RELATED_PRODUCT_CATEGORY ( 'part', '', ( #7720 ) ) ;
#1825 = LINE ( 'NONE', #2687, #8927 ) ;
#1826 = FACE_OUTER_BOUND ( 'NONE', #2716, .T. ) ;
#1827 = PRESENTATION_STYLE_ASSIGNMENT (( #5132 ) ) ;
#1828 = ORIENTED_EDGE ( 'NONE', *, *, #9016, .F. ) ;
#1829 = EDGE_CURVE ( 'NONE', #2798, #8768, #9995, .T. ) ;
#1830 = FACE_OUTER_BOUND ( 'NONE', #3086, .T. ) ;
#1831 = EDGE_CURVE ( 'NONE', #8460, #7665, #8189, .T. ) ;
#1832 = CARTESIAN_POINT ( 'NONE',  ( 4.469999999999994422, 0.4499999999999999001, -1.749999999999994005 ) ) ;
#1833 = EDGE_LOOP ( 'NONE', ( #10570, #7658, #320, #8066 ) ) ;
#1834 = PLANE ( 'NONE',  #7095 ) ;
#1835 = ADVANCED_FACE ( 'NONE', ( #616 ), #8238, .F. ) ;
#1836 = ORIENTED_EDGE ( 'NONE', *, *, #3319, .F. ) ;
#1837 = CARTESIAN_POINT ( 'NONE',  ( -2.660000000000000142, 2.865743636076471645, -0.3250000000000474731 ) ) ;
#1838 = LINE ( 'NONE', #10380, #7551 ) ;
#1839 = VERTEX_POINT ( 'NONE', #3995 ) ;
#1840 = VECTOR ( 'NONE', #5142, 1000.000000000000000 ) ;
#1841 = CARTESIAN_POINT ( 'NONE',  ( 0.1599999999999999756, 3.548929149633788693, -0.4454640388693684727 ) ) ;
#1842 = LINE ( 'NONE', #10230, #9119 ) ;
#1843 = ADVANCED_FACE ( 'NONE', ( #3286 ), #3187, .F. ) ;
#1844 = FILL_AREA_STYLE ('',( #10231 ) ) ;
#1845 = ORIENTED_EDGE ( 'NONE', *, *, #5805, .T. ) ;
#1846 = VECTOR ( 'NONE', #10646, 1000.000000000000000 ) ;
#1847 = ORIENTED_EDGE ( 'NONE', *, *, #9875, .T. ) ;
#1848 = LINE ( 'NONE', #2613, #1005 ) ;
#1849 = SURFACE_SIDE_STYLE ('',( #7093 ) ) ;
#1850 = DIRECTION ( 'NONE',  ( -0.000000000000000000, 1.000000000000000000, -0.000000000000000000 ) ) ;
#1851 = PRESENTATION_STYLE_ASSIGNMENT (( #5048 ) ) ;
#1852 = MECHANICAL_DESIGN_GEOMETRIC_PRESENTATION_REPRESENTATION (  '', ( #9075 ), #4652 ) ;
#1853 = DIRECTION ( 'NONE',  ( -1.000000000000000000, -0.000000000000000000, -0.000000000000000000 ) ) ;
#1854 = DIRECTION ( 'NONE',  ( 0.2133021165724263424, -0.9621436710723737518, -0.1696518885279465760 ) ) ;
#1855 = FILL_AREA_STYLE_COLOUR ( '', #7557 ) ;
#1856 = ORIENTED_EDGE ( 'NONE', *, *, #5525, .F. ) ;
#1857 = ORIENTED_EDGE ( 'NONE', *, *, #9704, .T. ) ;
#1858 = LINE ( 'NONE', #10191, #8004 ) ;
#1859 = VECTOR ( 'NONE', #7265, 1000.000000000000000 ) ;
#1860 = EDGE_CURVE ( 'NONE', #1478, #1781, #2424, .T. ) ;
#1861 = FILL_AREA_STYLE_COLOUR ( '', #4120 ) ;
#1862 = LINE ( 'NONE', #6216, #5448 ) ;
#1863 = LINE ( 'NONE', #1033, #3140 ) ;
#1864 = ORIENTED_EDGE ( 'NONE', *, *, #6586, .F. ) ;
#1865 = DIRECTION ( 'NONE',  ( -1.000000000000000000, -3.942553354492743531E-16, 1.275531967629996124E-16 ) ) ;
#1866 = ORIENTED_EDGE ( 'NONE', *, *, #9653, .F. ) ;
#1867 = CARTESIAN_POINT ( 'NONE',  ( 1.310000000000000053, 4.000000000000000000, 0.000000000000000000 ) ) ;
#1868 = PLANE ( 'NONE',  #6980 ) ;
#1869 = VECTOR ( 'NONE', #8818, 1000.000000000000000 ) ;
#1870 = ORIENTED_EDGE ( 'NONE', *, *, #2988, .F. ) ;
#1871 =( GEOMETRIC_REPRESENTATION_CONTEXT ( 3 ) GLOBAL_UNCERTAINTY_ASSIGNED_CONTEXT ( ( #8203 ) ) GLOBAL_UNIT_ASSIGNED_CONTEXT ( ( #9088, #10683, #7403 ) ) REPRESENTATION_CONTEXT ( 'NONE', 'WORKASPACE' ) );
#1872 = DIRECTION ( 'NONE',  ( 2.114887471287405515E-16, -0.7071067811865454633, 0.7071067811865495711 ) ) ;
#1873 = FACE_OUTER_BOUND ( 'NONE', #7106, .T. ) ;
#1874 = EDGE_CURVE ( 'NONE', #4781, #213, #5843, .T. ) ;
#1875 = PLANE ( 'NONE',  #870 ) ;
#1876 = ORIENTED_EDGE ( 'NONE', *, *, #6103, .F. ) ;
#1877 = MECHANICAL_DESIGN_GEOMETRIC_PRESENTATION_REPRESENTATION (  '', ( #3253 ), #9442 ) ;
#1878 = ORIENTED_EDGE ( 'NONE', *, *, #7908, .T. ) ;
#1879 = LINE ( 'NONE', #1106, #2706 ) ;
#1880 = DIRECTION ( 'NONE',  ( 1.000000000000000000, 3.771137991253929559E-16, 0.000000000000000000 ) ) ;
#1881 = VECTOR ( 'NONE', #5790, 1000.000000000000000 ) ;
#1882 = ORIENTED_EDGE ( 'NONE', *, *, #4583, .F. ) ;
#1883 = PRESENTATION_STYLE_ASSIGNMENT (( #10374 ) ) ;
#1884 = VECTOR ( 'NONE', #1956, 1000.000000000000000 ) ;
#1885 = EDGE_CURVE ( 'NONE', #7509, #3796, #9430, .T. ) ;
#1886 = ORIENTED_EDGE ( 'NONE', *, *, #6341, .F. ) ;
#1887 = SURFACE_STYLE_USAGE ( .BOTH. , #208 ) ;
#1888 = DIRECTION ( 'NONE',  ( -0.7071067811865471286, -0.7071067811865479058, -0.000000000000000000 ) ) ;
#1889 = FILL_AREA_STYLE ('',( #2820 ) ) ;
#1890 = EDGE_CURVE ( 'NONE', #605, #7614, #8458, .T. ) ;
#1891 = ORIENTED_EDGE ( 'NONE', *, *, #1642, .F. ) ;
#1892 = UNCERTAINTY_MEASURE_WITH_UNIT (LENGTH_MEASURE( 1.000000000000000082E-05 ), #7797, 'distance_accuracy_value', 'NONE');
#1893 = EDGE_CURVE ( 'NONE', #2072, #5810, #5175, .T. ) ;
#1895 = DIRECTION ( 'NONE',  ( -1.000000000000000000, 0.000000000000000000, 0.000000000000000000 ) ) ;
#1894 = SURFACE_STYLE_USAGE ( .BOTH. , #2701 ) ;
#1896 = VECTOR ( 'NONE', #2150, 1000.000000000000000 ) ;
#1897 = LINE ( 'NONE', #9350, #813 ) ;
#1898 = PLANE ( 'NONE',  #669 ) ;
#1899 = ORIENTED_EDGE ( 'NONE', *, *, #8047, .T. ) ;
#1900 = PLANE ( 'NONE',  #1767 ) ;
#1901 = EDGE_LOOP ( 'NONE', ( #5415, #607, #2708, #2058 ) ) ;
#1902 = LINE ( 'NONE', #3695, #6106 ) ;
#1903 = DIRECTION ( 'NONE',  ( 0.5000000000000113243, -0.5000000000000107692, 0.7071067811865319186 ) ) ;
#1904 = STYLED_ITEM ( 'NONE', ( #1727 ), #1550 ) ;
#1905 = ADVANCED_FACE ( 'NONE', ( #5891 ), #6105, .F. ) ;
#1906 = CARTESIAN_POINT ( 'NONE',  ( 3.400000000000025224, 1.749999999999999778, 0.9499999999999854117 ) ) ;
#1907 = COLOUR_RGB ( '',1.000000000000000000, 0.8117647058823529438, 0.5019607843137254832 ) ;
#1908 = VECTOR ( 'NONE', #3941, 1000.000000000000000 ) ;
#1909 = VECTOR ( 'NONE', #735, 1000.000000000000114 ) ;
#1910 = VECTOR ( 'NONE', #4094, 1000.000000000000000 ) ;
#1911 =( NAMED_UNIT ( * ) SI_UNIT ( $, .STERADIAN. ) SOLID_ANGLE_UNIT ( ) );
#1912 =( LENGTH_UNIT ( ) NAMED_UNIT ( * ) SI_UNIT ( .MILLI., .METRE. ) );
#1913 = EDGE_LOOP ( 'NONE', ( #3589, #2994, #4524, #9306, #1051 ) ) ;
#1914 = DIRECTION ( 'NONE',  ( -0.000000000000000000, 0.7071067811865560104, 0.7071067811865391350 ) ) ;
#1915 = VERTEX_POINT ( 'NONE', #6945 ) ;
#1917 = CARTESIAN_POINT ( 'NONE',  ( 1.310000000000000053, 4.000000000000000000, 0.000000000000000000 ) ) ;
#1916 = AXIS2_PLACEMENT_3D ( 'NONE', #5511, #2310, #8226 ) ;
#1918 = AXIS2_PLACEMENT_3D ( 'NONE', #2813, #9722, #6179 ) ;
#1919 = CARTESIAN_POINT ( 'NONE',  ( 4.000000000000001776, 3.700000000000000178, 0.9499999999999855227 ) ) ;
#1920 = DIRECTION ( 'NONE',  ( 0.000000000000000000, -1.000000000000000000, 0.000000000000000000 ) ) ;
#1921 = AXIS2_PLACEMENT_3D ( 'NONE', #5361, #10364, #1050 ) ;
#1922 = ORIENTED_EDGE ( 'NONE', *, *, #491, .T. ) ;
#1923 = PRESENTATION_LAYER_ASSIGNMENT (  '', '', ( #5623 ) ) ;
#1924 = CARTESIAN_POINT ( 'NONE',  ( 3.499999999950209606, 4.499999999950186513, -0.6249377795396816593 ) ) ;
#1925 = VERTEX_POINT ( 'NONE', #7741 ) ;
#1926 = CARTESIAN_POINT ( 'NONE',  ( -5.000000000000006217, 1.400000000000000133, -1.749999999999994449 ) ) ;
#1927 = AXIS2_PLACEMENT_3D ( 'NONE', #5429, #9733, #4629 ) ;
#1928 = VECTOR ( 'NONE', #7765, 1000.000000000000000 ) ;
#1929 = FACE_OUTER_BOUND ( 'NONE', #9511, .T. ) ;
#1931 = VERTEX_POINT ( 'NONE', #893 ) ;
#1930 = VECTOR ( 'NONE', #4602, 1000.000000000000000 ) ;
#1932 = CIRCLE ( 'NONE', #9336, 0.4499999999999999001 ) ;
#1933 = LINE ( 'NONE', #8507, #9747 ) ;
#1934 = FILL_AREA_STYLE ('',( #4380 ) ) ;
#1935 = FILL_AREA_STYLE_COLOUR ( '', #5315 ) ;
#1936 = FACE_OUTER_BOUND ( 'NONE', #9425, .T. ) ;
#1937 =( NAMED_UNIT ( * ) PLANE_ANGLE_UNIT ( ) SI_UNIT ( $, .RADIAN. ) );
#1938 = PLANE ( 'NONE',  #8100 ) ;
#1939 = STYLED_ITEM ( 'NONE', ( #4947 ), #10877 ) ;
#1940 = STYLED_ITEM ( 'NONE', ( #1095 ), #6997 ) ;
#1941 = ORIENTED_EDGE ( 'NONE', *, *, #3214, .F. ) ;
#1942 = PRESENTATION_STYLE_ASSIGNMENT (( #3556 ) ) ;
#1943 = ORIENTED_EDGE ( 'NONE', *, *, #4716, .T. ) ;
#1944 = COLOUR_RGB ( '',1.000000000000000000, 1.000000000000000000, 1.000000000000000000 ) ;
#1945 = DIRECTION ( 'NONE',  ( 0.000000000000000000, -0.7071067811865482389, 0.7071067811865469066 ) ) ;
#1946 = EDGE_CURVE ( 'NONE', #6831, #7305, #6890, .T. ) ;
#1947 = VECTOR ( 'NONE', #5282, 1000.000000000000000 ) ;
#1948 = CARTESIAN_POINT ( 'NONE',  ( 1.325000000000004619, 3.249999999999997335, -1.850000000000000533 ) ) ;
#1949 = CARTESIAN_POINT ( 'NONE',  ( -2.339999999999999858, 0.3499999999999999223, 2.350000000000004530 ) ) ;
#1950 = ORIENTED_EDGE ( 'NONE', *, *, #2885, .F. ) ;
#1951 = SURFACE_STYLE_USAGE ( .BOTH. , #4390 ) ;
#1952 = CARTESIAN_POINT ( 'NONE',  ( 3.500000000000000888, -1.029563014098700879, -0.9500000000000009548 ) ) ;
#1953 = ORIENTED_EDGE ( 'NONE', *, *, #2363, .T. ) ;
#1954 = DIRECTION ( 'NONE',  ( 0.7071067811865479058, -2.232951577694235934E-16, 0.7071067811865471286 ) ) ;
#1955 = PLANE ( 'NONE',  #520 ) ;
#1956 = DIRECTION ( 'NONE',  ( 1.000000000000000000, -3.942553354492741559E-16, 0.000000000000000000 ) ) ;
#1957 = ORIENTED_EDGE ( 'NONE', *, *, #4491, .T. ) ;
#1959 = FILL_AREA_STYLE ('',( #2758 ) ) ;
#1958 = CARTESIAN_POINT ( 'NONE',  ( -4.219999999999995310, 0.4500000000000008993, 0.3500000000000037526 ) ) ;
#1960 = ADVANCED_FACE ( 'NONE', ( #1826 ), #1938, .T. ) ;
#1961 = SURFACE_STYLE_FILL_AREA ( #6797 ) ;
#1962 = PRESENTATION_LAYER_ASSIGNMENT (  '', '', ( #7792 ) ) ;
#1963 = ORIENTED_EDGE ( 'NONE', *, *, #2930, .T. ) ;
#1964 = ADVANCED_FACE ( 'NONE', ( #2688 ), #1875, .F. ) ;
#1965 = FACE_OUTER_BOUND ( 'NONE', #9348, .T. ) ;
#1966 = VERTEX_POINT ( 'NONE', #9656 ) ;
#1967 = CARTESIAN_POINT ( 'NONE',  ( -0.1599999999999999756, 0.000000000000000000, -1.125000000000033973 ) ) ;
#1968 = DIRECTION ( 'NONE',  ( -1.000000000000000000, 0.000000000000000000, 2.282530889443212381E-16 ) ) ;
#1969 = DIRECTION ( 'NONE',  ( 0.000000000000000000, 0.000000000000000000, -1.000000000000000000 ) ) ;
#1970 = FILL_AREA_STYLE_COLOUR ( '', #1411 ) ;
#1971 = FILL_AREA_STYLE_COLOUR ( '', #5024 ) ;
#1972 = AXIS2_PLACEMENT_3D ( 'NONE', #7817, #8569, #3780 ) ;
#1973 = LINE ( 'NONE', #2835, #1162 ) ;
#1974 = CARTESIAN_POINT ( 'NONE',  ( 5.500000000000000888, 0.2999999999999999889, -1.849999999999996980 ) ) ;
#1975 = CARTESIAN_POINT ( 'NONE',  ( -1.724999999999997868, -1.031861377951720210E-15, -1.850000000000000533 ) ) ;
#1976 = ORIENTED_EDGE ( 'NONE', *, *, #9531, .F. ) ;
#1977 = EDGE_CURVE ( 'NONE', #3132, #29, #415, .T. ) ;
#1978 = DIRECTION ( 'NONE',  ( -1.000000000000000000, 0.000000000000000000, -0.000000000000000000 ) ) ;
#1979 = ORIENTED_EDGE ( 'NONE', *, *, #1289, .T. ) ;
#1980 = COLOUR_RGB ( '',1.000000000000000000, 1.000000000000000000, 1.000000000000000000 ) ;
#1981 = DIRECTION ( 'NONE',  ( 1.000000000000000000, -3.942553354492742052E-16, 0.000000000000000000 ) ) ;
#1982 = ADVANCED_FACE ( 'NONE', ( #3668 ), #3769, .T. ) ;
#1983 = CARTESIAN_POINT ( 'NONE',  ( 5.000000000000006217, 1.399999999999998801, -1.749999999999994005 ) ) ;
#1984 = ORIENTED_EDGE ( 'NONE', *, *, #6607, .F. ) ;
#1985 = DIRECTION ( 'NONE',  ( -1.000000000000000000, -0.000000000000000000, -0.000000000000000000 ) ) ;
#1986 = ORIENTED_EDGE ( 'NONE', *, *, #1674, .F. ) ;
#1987 = VECTOR ( 'NONE', #8522, 1000.000000000000000 ) ;
#1988 = SURFACE_STYLE_FILL_AREA ( #5998 ) ;
#1989 = VERTEX_POINT ( 'NONE', #7121 ) ;
#1990 = DIRECTION ( 'NONE',  ( 1.000000000000000000, 3.614007241618355673E-16, -5.059610138265695576E-16 ) ) ;
#1991 = CARTESIAN_POINT ( 'NONE',  ( -4.000000000000001776, 2.078323961923562724, 0.8000000000000004885 ) ) ;
#1992 = SURFACE_STYLE_FILL_AREA ( #3714 ) ;
#1993 = VECTOR ( 'NONE', #8568, 1000.000000000000000 ) ;
#1994 = SURFACE_SIDE_STYLE ('',( #1323 ) ) ;
#1995 = VERTEX_POINT ( 'NONE', #8886 ) ;
#1996 = ORIENTED_EDGE ( 'NONE', *, *, #5805, .F. ) ;
#1997 = AXIS2_PLACEMENT_3D ( 'NONE', #6825, #1822, #10205 ) ;
#1998 = LINE ( 'NONE', #4572, #10904 ) ;
#1999 = ORIENTED_EDGE ( 'NONE', *, *, #568, .T. ) ;
#2000 = PLANE ( 'NONE',  #8512 ) ;
#2001 = CARTESIAN_POINT ( 'NONE',  ( -2.339999999999999858, 0.2999999999999999889, 1.850000000000004530 ) ) ;
#2002 = ORIENTED_EDGE ( 'NONE', *, *, #4217, .T. ) ;
#2003 = LINE ( 'NONE', #3565, #6426 ) ;
#2004 =( LENGTH_UNIT ( ) NAMED_UNIT ( * ) SI_UNIT ( .MILLI., .METRE. ) );
#2005 = ADVANCED_FACE ( 'NONE', ( #1218 ), #2203, .T. ) ;
#2006 = CIRCLE ( 'NONE', #2897, 0.4499999999999999001 ) ;
#2007 = ORIENTED_EDGE ( 'NONE', *, *, #10198, .T. ) ;
#2008 = UNCERTAINTY_MEASURE_WITH_UNIT (LENGTH_MEASURE( 1.000000000000000082E-05 ), #9809, 'distance_accuracy_value', 'NONE');
#2010 = CARTESIAN_POINT ( 'NONE',  ( -4.669999999999994600, 1.200000000000000178, -1.849999999999996314 ) ) ;
#2009 = PRESENTATION_STYLE_ASSIGNMENT (( #7020 ) ) ;
#2011 = PLANE ( 'NONE',  #2776 ) ;
#2012 = PLANE ( 'NONE',  #6494 ) ;
#2013 = ORIENTED_EDGE ( 'NONE', *, *, #9567, .T. ) ;
#2014 =( LENGTH_UNIT ( ) NAMED_UNIT ( * ) SI_UNIT ( .MILLI., .METRE. ) );
#2015 = ORIENTED_EDGE ( 'NONE', *, *, #4410, .F. ) ;
#2016 = LINE ( 'NONE', #5207, #4885 ) ;
#2017 = CARTESIAN_POINT ( 'NONE',  ( 4.219999999999994422, 1.649999999999999023, 0.3500000000000037526 ) ) ;
#2018 = STYLED_ITEM ( 'NONE', ( #5762 ), #3656 ) ;
#2019 = ADVANCED_FACE ( 'NONE', ( #9150 ), #772, .T. ) ;
#2020 = CARTESIAN_POINT ( 'NONE',  ( -5.249999999999999112, 0.2999999999999981570, 0.8000000000000004885 ) ) ;
#2021 = UNCERTAINTY_MEASURE_WITH_UNIT (LENGTH_MEASURE( 1.000000000000000082E-05 ), #10699, 'distance_accuracy_value', 'NONE');
#2022 = FILL_AREA_STYLE_COLOUR ( '', #4660 ) ;
#2023 = UNCERTAINTY_MEASURE_WITH_UNIT (LENGTH_MEASURE( 1.000000000000000082E-05 ), #7314, 'distance_accuracy_value', 'NONE');
#2024 = LINE ( 'NONE', #3646, #9820 ) ;
#2025 = COLOUR_RGB ( '',1.000000000000000000, 1.000000000000000000, 1.000000000000000000 ) ;
#2026 = CARTESIAN_POINT ( 'NONE',  ( -5.000000000000006217, 1.650000000000000355, 0.3500000000000037526 ) ) ;
#2027 = ORIENTED_EDGE ( 'NONE', *, *, #3873, .T. ) ;
#2028 = SURFACE_STYLE_USAGE ( .BOTH. , #3704 ) ;
#2029 = EDGE_LOOP ( 'NONE', ( #8500, #9753, #1393, #306, #228 ) ) ;
#2030 = CARTESIAN_POINT ( 'NONE',  ( 5.699999999999993072, 0.2500000000000019429, 0.1500000000000077660 ) ) ;
#2031 = DIRECTION ( 'NONE',  ( 0.000000000000000000, 1.000000000000000000, -4.858652729125647208E-17 ) ) ;
#2032 = FILL_AREA_STYLE_COLOUR ( '', #2799 ) ;
#2033 = EDGE_LOOP ( 'NONE', ( #6739, #8525, #2644, #2960, #274, #8900, #3860, #7357 ) ) ;
#2034 = VECTOR ( 'NONE', #6686, 1000.000000000000000 ) ;
#2035 = EDGE_CURVE ( 'NONE', #5037, #10598, #5007, .T. ) ;
#2036 = PRESENTATION_LAYER_ASSIGNMENT (  '', '', ( #5558 ) ) ;
#2037 = LINE ( 'NONE', #9544, #4353 ) ;
#2038 = EDGE_CURVE ( 'NONE', #6347, #10365, #3118, .T. ) ;
#2039 =( LENGTH_UNIT ( ) NAMED_UNIT ( * ) SI_UNIT ( .MILLI., .METRE. ) );
#2040 = CARTESIAN_POINT ( 'NONE',  ( 4.000000000000002665, -1.029563014098700879, -0.9500000000000009548 ) ) ;
#2041 = LINE ( 'NONE', #6386, #8643 ) ;
#2042 = ORIENTED_EDGE ( 'NONE', *, *, #7767, .F. ) ;
#2043 =( GEOMETRIC_REPRESENTATION_CONTEXT ( 3 ) GLOBAL_UNCERTAINTY_ASSIGNED_CONTEXT ( ( #1892 ) ) GLOBAL_UNIT_ASSIGNED_CONTEXT ( ( #7797, #9546, #122 ) ) REPRESENTATION_CONTEXT ( 'NONE', 'WORKASPACE' ) );
#2044 = CARTESIAN_POINT ( 'NONE',  ( 3.400000000000025224, 1.749999999999999778, 0.9499999999999854117 ) ) ;
#2045 = COLOUR_RGB ( '',1.000000000000000000, 1.000000000000000000, 1.000000000000000000 ) ;
#2046 = FACE_OUTER_BOUND ( 'NONE', #945, .T. ) ;
#2047 = ORIENTED_EDGE ( 'NONE', *, *, #768, .F. ) ;
#2048 = LINE ( 'NONE', #3879, #8971 ) ;
#2049 = VERTEX_POINT ( 'NONE', #8174 ) ;
#2050 = AXIS2_PLACEMENT_3D ( 'NONE', #5720, #6647, #5824 ) ;
#2051 = ADVANCED_FACE ( 'NONE', ( #10685 ), #8280, .T. ) ;
#2052 = DIRECTION ( 'NONE',  ( -0.000000000000000000, -0.000000000000000000, 1.000000000000000000 ) ) ;
#2053 = ORIENTED_EDGE ( 'NONE', *, *, #751, .F. ) ;
#2054 = PLANE ( 'NONE',  #1285 ) ;
#2055 = CARTESIAN_POINT ( 'NONE',  ( -3.500000000000001776, 0.2999999999999999889, 1.850000000000000533 ) ) ;
#2056 = LINE ( 'NONE', #3839, #9129 ) ;
#2057 = LINE ( 'NONE', #6958, #4499 ) ;
#2058 = ORIENTED_EDGE ( 'NONE', *, *, #6959, .T. ) ;
#2059 = DIRECTION ( 'NONE',  ( 0.000000000000000000, 0.9848077530122087975, -0.1736481776669264454 ) ) ;
#2060 =( NAMED_UNIT ( * ) SI_UNIT ( $, .STERADIAN. ) SOLID_ANGLE_UNIT ( ) );
#2061 = LINE ( 'NONE', #2981, #10562 ) ;
#2062 = ORIENTED_EDGE ( 'NONE', *, *, #9183, .T. ) ;
#2063 = ORIENTED_EDGE ( 'NONE', *, *, #6442, .T. ) ;
#2064 = FILL_AREA_STYLE ('',( #3946 ) ) ;
#2065 = DIRECTION ( 'NONE',  ( -0.7071067811865471286, 0.7071067811865479058, 0.000000000000000000 ) ) ;
#2066 = VECTOR ( 'NONE', #222, 1000.000000000000000 ) ;
#2067 = DIRECTION ( 'NONE',  ( -3.614007241618355673E-16, 1.000000000000000000, 0.000000000000000000 ) ) ;
#2068 = CARTESIAN_POINT ( 'NONE',  ( 2.660000000000000142, 8.425943506694179847E-32, 1.750000000000004663 ) ) ;
#2069 = CARTESIAN_POINT ( 'NONE',  ( 0.1599999999999999756, 0.000000000000000000, 1.850000000000004530 ) ) ;
#2070 = EDGE_CURVE ( 'NONE', #146, #7185, #4959, .T. ) ;
#2071 = FACE_OUTER_BOUND ( 'NONE', #4753, .T. ) ;
#2072 = VERTEX_POINT ( 'NONE', #7671 ) ;
#2073 = DIRECTION ( 'NONE',  ( 0.000000000000000000, -1.000000000000000000, 0.000000000000000000 ) ) ;
#2074 = EDGE_CURVE ( 'NONE', #9945, #626, #1863, .T. ) ;
#2075 = ORIENTED_EDGE ( 'NONE', *, *, #3887, .T. ) ;
#2076 = CARTESIAN_POINT ( 'NONE',  ( -1.090000000000000080, 0.8750000000000023315, 0.8749999999999814593 ) ) ;
#2077 = DIRECTION ( 'NONE',  ( 0.000000000000000000, 0.7071067811865469066, -0.7071067811865482389 ) ) ;
#2078 = LINE ( 'NONE', #345, #6685 ) ;
#2079 = ORIENTED_EDGE ( 'NONE', *, *, #2832, .F. ) ;
#2080 = AXIS2_PLACEMENT_3D ( 'NONE', #4212, #4321, #3447 ) ;
#2081 = FACE_OUTER_BOUND ( 'NONE', #3377, .T. ) ;
#2082 = DIRECTION ( 'NONE',  ( 0.000000000000000000, 0.000000000000000000, -1.000000000000000000 ) ) ;
#2083 = EDGE_CURVE ( 'NONE', #9525, #5572, #7793, .T. ) ;
#2084 = CARTESIAN_POINT ( 'NONE',  ( -5.699999999999994849, 0.07279404685324135371, -1.850000000000000533 ) ) ;
#2085 = MECHANICAL_DESIGN_GEOMETRIC_PRESENTATION_REPRESENTATION (  '', ( #2774 ), #5611 ) ;
#2086 = VECTOR ( 'NONE', #8173, 1000.000000000000000 ) ;
#2087 = ORIENTED_EDGE ( 'NONE', *, *, #8991, .T. ) ;
#2088 = COLOUR_RGB ( '',1.000000000000000000, 1.000000000000000000, 1.000000000000000000 ) ;
#2089 = EDGE_CURVE ( 'NONE', #7546, #8002, #5288, .T. ) ;
#2090 = FACE_OUTER_BOUND ( 'NONE', #10262, .T. ) ;
#2091 = ADVANCED_FACE ( 'NONE', ( #4192 ), #235, .F. ) ;
#2092 =( NAMED_UNIT ( * ) SI_UNIT ( $, .STERADIAN. ) SOLID_ANGLE_UNIT ( ) );
#2093 = FILL_AREA_STYLE_COLOUR ( '', #4858 ) ;
#2094 = LINE ( 'NONE', #5464, #4710 ) ;
#2095 = EDGE_LOOP ( 'NONE', ( #6294, #8514, #1614, #273 ) ) ;
#2096 = FILL_AREA_STYLE ('',( #8014 ) ) ;
#2097 = ORIENTED_EDGE ( 'NONE', *, *, #2497, .F. ) ;
#2098 = VECTOR ( 'NONE', #5729, 1000.000000000000000 ) ;
#2099 = STYLED_ITEM ( 'NONE', ( #7936 ), #6694 ) ;
#2100 = DIRECTION ( 'NONE',  ( -1.000000000000000000, 0.000000000000000000, 0.000000000000000000 ) ) ;
#2101 = VECTOR ( 'NONE', #7160, 1000.000000000000000 ) ;
#2102 = PRESENTATION_LAYER_ASSIGNMENT (  '', '', ( #5454 ) ) ;
#2103 = FILL_AREA_STYLE ('',( #6351 ) ) ;
#2104 = EDGE_CURVE ( 'NONE', #8161, #7057, #8497, .T. ) ;
#2105 = VECTOR ( 'NONE', #5135, 1000.000000000000000 ) ;
#2106 = ORIENTED_EDGE ( 'NONE', *, *, #9931, .F. ) ;
#2107 = DIRECTION ( 'NONE',  ( -0.000000000000000000, 0.7071067811865560104, 0.7071067811865391350 ) ) ;
#2108 = COLOUR_RGB ( '',1.000000000000000000, 1.000000000000000000, 1.000000000000000000 ) ;
#2109 = LINE ( 'NONE', #469, #4032 ) ;
#2110 = CARTESIAN_POINT ( 'NONE',  ( 1.409999999999999698, 0.000000000000000000, -1.125000000000033973 ) ) ;
#2111 = CARTESIAN_POINT ( 'NONE',  ( -4.669999999999994600, 1.572093150103981429E-15, 0.3500000000000037526 ) ) ;
#2113 = SURFACE_STYLE_USAGE ( .BOTH. , #618 ) ;
#2112 = VECTOR ( 'NONE', #578, 1000.000000000000000 ) ;
#2114 = EDGE_CURVE ( 'NONE', #4158, #1839, #13, .T. ) ;
#2115 = EDGE_LOOP ( 'NONE', ( #8150, #2911, #4568, #6273 ) ) ;
#2116 = PLANE ( 'NONE',  #8891 ) ;
#2117 = AXIS2_PLACEMENT_3D ( 'NONE', #2783, #7047, #1978 ) ;
#2118 = FILL_AREA_STYLE_COLOUR ( '', #8790 ) ;
#2119 = DIRECTION ( 'NONE',  ( -1.000000000000000000, -0.000000000000000000, -0.000000000000000000 ) ) ;
#2120 = ORIENTED_EDGE ( 'NONE', *, *, #6810, .F. ) ;
#2121 = EDGE_CURVE ( 'NONE', #5056, #5650, #5930, .T. ) ;
#2122 =( NAMED_UNIT ( * ) PLANE_ANGLE_UNIT ( ) SI_UNIT ( $, .RADIAN. ) );
#2123 = ORIENTED_EDGE ( 'NONE', *, *, #5589, .T. ) ;
#2124 = VECTOR ( 'NONE', #756, 1000.000000000000000 ) ;
#2125 = FACE_OUTER_BOUND ( 'NONE', #3312, .T. ) ;
#2126 = FILL_AREA_STYLE ('',( #8152 ) ) ;
#2127 = UNCERTAINTY_MEASURE_WITH_UNIT (LENGTH_MEASURE( 1.000000000000000082E-05 ), #5171, 'distance_accuracy_value', 'NONE');
#2128 = SURFACE_STYLE_FILL_AREA ( #1131 ) ;
#2129 = LINE ( 'NONE', #2068, #4478 ) ;
#2130 = UNCERTAINTY_MEASURE_WITH_UNIT (LENGTH_MEASURE( 1.000000000000000082E-05 ), #8600, 'distance_accuracy_value', 'NONE');
#2131 =( LENGTH_UNIT ( ) NAMED_UNIT ( * ) SI_UNIT ( .MILLI., .METRE. ) );
#2132 = SURFACE_STYLE_USAGE ( .BOTH. , #443 ) ;
#2133 = SURFACE_SIDE_STYLE ('',( #2991 ) ) ;
#2134 = VERTEX_POINT ( 'NONE', #6875 ) ;
#2135 = DIRECTION ( 'NONE',  ( -0.7071067811865467956, -3.572722524310771183E-15, -0.7071067811865483499 ) ) ;
#2136 = ORIENTED_EDGE ( 'NONE', *, *, #9860, .T. ) ;
#2137 = CARTESIAN_POINT ( 'NONE',  ( -4.219999999999995310, 1.200000000000000178, 0.3500000000000037526 ) ) ;
#2138 = VECTOR ( 'NONE', #7073, 1000.000000000000000 ) ;
#2139 = LINE ( 'NONE', #5497, #6509 ) ;
#2140 = VERTEX_POINT ( 'NONE', #925 ) ;
#2141 = CARTESIAN_POINT ( 'NONE',  ( 4.469999999999994422, 0.4499999999999999001, 0.3500000000000037526 ) ) ;
#2142 = ADVANCED_FACE ( 'NONE', ( #975 ), #8667, .T. ) ;
#2143 = DIRECTION ( 'NONE',  ( 0.000000000000000000, 0.000000000000000000, -1.000000000000000000 ) ) ;
#2144 = DIRECTION ( 'NONE',  ( -1.000000000000000000, 0.000000000000000000, -0.000000000000000000 ) ) ;
#2145 = LINE ( 'NONE', #5503, #1048 ) ;
#2146 = MECHANICAL_DESIGN_GEOMETRIC_PRESENTATION_REPRESENTATION (  '', ( #8495 ), #1613 ) ;
#2147 = VERTEX_POINT ( 'NONE', #3428 ) ;
#2148 = DIRECTION ( 'NONE',  ( -0.000000000000000000, -1.000000000000000000, -0.000000000000000000 ) ) ;
#2149 = FILL_AREA_STYLE ('',( #2953 ) ) ;
#2150 = DIRECTION ( 'NONE',  ( 1.000000000000000000, -0.000000000000000000, -1.355252715606880049E-16 ) ) ;
#2151 = FACE_OUTER_BOUND ( 'NONE', #5866, .T. ) ;
#2152 = CARTESIAN_POINT ( 'NONE',  ( -4.000000000000001776, 3.700000000000000178, 0.9499999999999861888 ) ) ;
#2153 = ORIENTED_EDGE ( 'NONE', *, *, #599, .T. ) ;
#2154 = AXIS2_PLACEMENT_3D ( 'NONE', #946, #899, #9277 ) ;
#2155 = ORIENTED_EDGE ( 'NONE', *, *, #5621, .T. ) ;
#2156 = EDGE_CURVE ( 'NONE', #5112, #9248, #9477, .T. ) ;
#2157 = LINE ( 'NONE', #4616, #8554 ) ;
#2158 = CARTESIAN_POINT ( 'NONE',  ( 1.089999999999999858, 1.749999999999999778, 0.000000000000000000 ) ) ;
#2159 = COLOUR_RGB ( '',1.000000000000000000, 0.8117647058823529438, 0.5019607843137254832 ) ;
#2160 = VERTEX_POINT ( 'NONE', #9254 ) ;
#2161 = CARTESIAN_POINT ( 'NONE',  ( 1.089999999999999858, 0.2999999999999999889, 1.850000000000004530 ) ) ;
#2162 = DIRECTION ( 'NONE',  ( -1.000000000000000000, 6.570922257487672349E-16, 0.000000000000000000 ) ) ;
#2163 = CARTESIAN_POINT ( 'NONE',  ( 3.499999999950209606, 1.749999999999999778, -0.7249377794898664851 ) ) ;
#2164 = DIRECTION ( 'NONE',  ( 0.000000000000000000, -0.9848077530122087975, -0.1736481776669268895 ) ) ;
#2165 = LINE ( 'NONE', #7303, #6662 ) ;
#2166 = LINE ( 'NONE', #2218, #3619 ) ;
#2167 = VERTEX_POINT ( 'NONE', #62 ) ;
#2168 = EDGE_CURVE ( 'NONE', #1594, #3162, #1758, .T. ) ;
#2169 = ADVANCED_FACE ( 'NONE', ( #3491 ), #4369, .F. ) ;
#2170 = CARTESIAN_POINT ( 'NONE',  ( -5.699999999999993960, 2.764715539838036307E-15, 0.3500000000000037526 ) ) ;
#2171 = EDGE_CURVE ( 'NONE', #207, #5934, #2078, .T. ) ;
#2172 = DIRECTION ( 'NONE',  ( 0.000000000000000000, -0.7071067811865470176, -0.7071067811865481278 ) ) ;
#2173 = EDGE_LOOP ( 'NONE', ( #4407, #5141, #1002, #343, #6014, #5076, #1324, #6721 ) ) ;
#2174 = CARTESIAN_POINT ( 'NONE',  ( 2.025000000000005240, 3.249999999999996891, -1.850000000000000533 ) ) ;
#2175 = ORIENTED_EDGE ( 'NONE', *, *, #4649, .F. ) ;
#2176 = VECTOR ( 'NONE', #448, 1000.000000000000000 ) ;
#2177 = FILL_AREA_STYLE ('',( #2285 ) ) ;
#2178 = DIRECTION ( 'NONE',  ( 0.7071067811865454633, 0.7071067811865495711, 4.229411968546647998E-16 ) ) ;
#2179 = SURFACE_STYLE_FILL_AREA ( #2884 ) ;
#2180 = EDGE_CURVE ( 'NONE', #1085, #6034, #4480, .T. ) ;
#2181 = CARTESIAN_POINT ( 'NONE',  ( -7.210634734867884652E-16, 2.078323961923564500, 0.8000000000000004885 ) ) ;
#2182 = SURFACE_STYLE_FILL_AREA ( #3702 ) ;
#2183 =( NAMED_UNIT ( * ) SI_UNIT ( $, .STERADIAN. ) SOLID_ANGLE_UNIT ( ) );
#2184 = EDGE_LOOP ( 'NONE', ( #3223, #3119, #4304, #5473, #6398, #3151, #7656, #3885, #3148, #8586, #7383, #7313, #6218, #5783, #8996, #4009, #288, #6440, #6236, #3395 ) ) ;
#2185 = COLOUR_RGB ( '',1.000000000000000000, 1.000000000000000000, 1.000000000000000000 ) ;
#2186 = SURFACE_STYLE_FILL_AREA ( #9750 ) ;
#2187 = ORIENTED_EDGE ( 'NONE', *, *, #5723, .F. ) ;
#2188 = DIRECTION ( 'NONE',  ( 0.000000000000000000, 0.7071067811865481278, -0.7071067811865470176 ) ) ;
#2189 = CARTESIAN_POINT ( 'NONE',  ( 1.409999999999999698, -1.579062136966065191E-17, -0.3250000000000473066 ) ) ;
#2190 = LINE ( 'NONE', #3863, #533 ) ;
#2191 = EDGE_LOOP ( 'NONE', ( #2670, #5422, #4082, #2677 ) ) ;
#2192 =( NAMED_UNIT ( * ) PLANE_ANGLE_UNIT ( ) SI_UNIT ( $, .RADIAN. ) );
#2193 = CARTESIAN_POINT ( 'NONE',  ( -8.279362044434750913E-16, 2.099999999999997868, -1.850000000000000533 ) ) ;
#2194 = CARTESIAN_POINT ( 'NONE',  ( -4.669999999999994600, 0.4500000000000010103, -1.749999999999994449 ) ) ;
#2195 = LINE ( 'NONE', #2903, #2280 ) ;
#2196 = ORIENTED_EDGE ( 'NONE', *, *, #928, .F. ) ;
#2197 = EDGE_CURVE ( 'NONE', #206, #7046, #8720, .T. ) ;
#2198 =( LENGTH_UNIT ( ) NAMED_UNIT ( * ) SI_UNIT ( .MILLI., .METRE. ) );
#2200 = CARTESIAN_POINT ( 'NONE',  ( 5.699999999999970868, 4.700000000000057021, -1.649999999999997691 ) ) ;
#2199 = VECTOR ( 'NONE', #6350, 1000.000000000000000 ) ;
#2201 = CARTESIAN_POINT ( 'NONE',  ( -7.210634734867884652E-16, 2.078323961923564500, 0.8000000000000004885 ) ) ;
#2202 = LINE ( 'NONE', #9655, #4336 ) ;
#2203 = PLANE ( 'NONE',  #10031 ) ;
#2204 = VERTEX_POINT ( 'NONE', #8773 ) ;
#2205 = DIRECTION ( 'NONE',  ( 0.7071067811865485719, -0.7071067811865465735, 0.000000000000000000 ) ) ;
#2206 = VERTEX_POINT ( 'NONE', #7957 ) ;
#2207 = CARTESIAN_POINT ( 'NONE',  ( 4.669999999999994600, 0.4499999999999999001, -1.849999999999996314 ) ) ;
#2208 = VECTOR ( 'NONE', #4551, 1000.000000000000000 ) ;
#2209 = SURFACE_SIDE_STYLE ('',( #5692 ) ) ;
#2210 = PRESENTATION_LAYER_ASSIGNMENT (  '', '', ( #4285 ) ) ;
#2211 = EDGE_CURVE ( 'NONE', #521, #2147, #8925, .T. ) ;
#2212 = ORIENTED_EDGE ( 'NONE', *, *, #282, .F. ) ;
#2213 = DIRECTION ( 'NONE',  ( 0.000000000000000000, -0.7071067811865482389, -0.7071067811865469066 ) ) ;
#2214 = DIRECTION ( 'NONE',  ( -1.000000000000000000, 3.614007241618355673E-16, 2.710505431213768185E-15 ) ) ;
#2215 = ORIENTED_EDGE ( 'NONE', *, *, #7169, .F. ) ;
#2216 = DIRECTION ( 'NONE',  ( 0.000000000000000000, 0.000000000000000000, 1.000000000000000000 ) ) ;
#2217 = PRESENTATION_STYLE_ASSIGNMENT (( #471 ) ) ;
#2218 = CARTESIAN_POINT ( 'NONE',  ( -4.000000000000001776, 2.899999999999999467, -1.850000000000000533 ) ) ;
#2219 = ORIENTED_EDGE ( 'NONE', *, *, #4134, .F. ) ;
#2220 = AXIS2_PLACEMENT_3D ( 'NONE', #2163, #2975, #10544 ) ;
#2221 = DIRECTION ( 'NONE',  ( 0.000000000000000000, -0.7071067811865482389, 0.7071067811865469066 ) ) ;
#2222 = PRESENTATION_LAYER_ASSIGNMENT (  '', '', ( #7163 ) ) ;
#2223 = EDGE_CURVE ( 'NONE', #452, #1357, #6985, .T. ) ;
#2224 = DIRECTION ( 'NONE',  ( -1.000000000000000000, 1.573684882946029325E-15, -0.000000000000000000 ) ) ;
#2225 = VERTEX_POINT ( 'NONE', #2789 ) ;
#2226 = VECTOR ( 'NONE', #5781, 1000.000000000000000 ) ;
#2227 =( NAMED_UNIT ( * ) SI_UNIT ( $, .STERADIAN. ) SOLID_ANGLE_UNIT ( ) );
#2228 = ORIENTED_EDGE ( 'NONE', *, *, #3001, .F. ) ;
#2229 = ADVANCED_FACE ( 'NONE', ( #9542 ), #5347, .T. ) ;
#2230 = CARTESIAN_POINT ( 'NONE',  ( -3.700000000000019273, 4.700000000000000178, 0.1750000000000117295 ) ) ;
#2231 =( NAMED_UNIT ( * ) PLANE_ANGLE_UNIT ( ) SI_UNIT ( $, .RADIAN. ) );
#2232 = UNCERTAINTY_MEASURE_WITH_UNIT (LENGTH_MEASURE( 1.000000000000000082E-05 ), #2541, 'distance_accuracy_value', 'NONE');
#2233 = PRESENTATION_LAYER_ASSIGNMENT (  '', '', ( #6983 ) ) ;
#2234 =( NAMED_UNIT ( * ) PLANE_ANGLE_UNIT ( ) SI_UNIT ( $, .RADIAN. ) );
#2235 = CARTESIAN_POINT ( 'NONE',  ( -4.711421356237307734, 1.299999999999998712, -1.849999999999995648 ) ) ;
#2236 = VERTEX_POINT ( 'NONE', #6160 ) ;
#2237 = VECTOR ( 'NONE', #7100, 1000.000000000000000 ) ;
#2238 = LINE ( 'NONE', #7155, #9879 ) ;
#2239 = ORIENTED_EDGE ( 'NONE', *, *, #3031, .F. ) ;
#2240 = CARTESIAN_POINT ( 'NONE',  ( 1.325000000000003952, -2.498378919205734983E-16, -1.850000000000000533 ) ) ;
#2241 = EDGE_CURVE ( 'NONE', #9788, #346, #3754, .T. ) ;
#2242 = FACE_OUTER_BOUND ( 'NONE', #2095, .T. ) ;
#2243 = DIRECTION ( 'NONE',  ( -0.000000000000000000, 1.000000000000000000, -0.000000000000000000 ) ) ;
#2244 =( NAMED_UNIT ( * ) PLANE_ANGLE_UNIT ( ) SI_UNIT ( $, .RADIAN. ) );
#2245 =( NAMED_UNIT ( * ) PLANE_ANGLE_UNIT ( ) SI_UNIT ( $, .RADIAN. ) );
#2246 = AXIS2_PLACEMENT_3D ( 'NONE', #2200, #10586, #5462 ) ;
#2247 = ORIENTED_EDGE ( 'NONE', *, *, #5875, .F. ) ;
#2248 = CARTESIAN_POINT ( 'NONE',  ( 2.660000000000000142, 0.000000000000000000, 0.000000000000000000 ) ) ;
#2249 = VECTOR ( 'NONE', #10880, 1000.000000000000000 ) ;
#2250 =( NAMED_UNIT ( * ) PLANE_ANGLE_UNIT ( ) SI_UNIT ( $, .RADIAN. ) );
#2251 =( LENGTH_UNIT ( ) NAMED_UNIT ( * ) SI_UNIT ( .MILLI., .METRE. ) );
#2252 = DIRECTION ( 'NONE',  ( 0.000000000000000000, 0.7071067811865469066, -0.7071067811865482389 ) ) ;
#2253 = FILL_AREA_STYLE_COLOUR ( '', #7945 ) ;
#2254 = ORIENTED_EDGE ( 'NONE', *, *, #9993, .F. ) ;
#2255 = VECTOR ( 'NONE', #7886, 1000.000000000000000 ) ;
#2256 = PLANE ( 'NONE',  #2443 ) ;
#2257 = ORIENTED_EDGE ( 'NONE', *, *, #9918, .T. ) ;
#2258 = LINE ( 'NONE', #9769, #794 ) ;
#2259 = STYLED_ITEM ( 'NONE', ( #762 ), #7182 ) ;
#2261 = FILL_AREA_STYLE ('',( #7824 ) ) ;
#2260 = AXIS2_PLACEMENT_3D ( 'NONE', #421, #3722, #7126 ) ;
#2262 = CARTESIAN_POINT ( 'NONE',  ( 4.000000000000001776, 21.00560209553989566, 0.9500000000000015099 ) ) ;
#2263 = LINE ( 'NONE', #5791, #526 ) ;
#2264 = VERTEX_POINT ( 'NONE', #10412 ) ;
#2265 = FILL_AREA_STYLE ('',( #1652 ) ) ;
#2266 = VERTEX_POINT ( 'NONE', #5452 ) ;
#2267 = PLANE ( 'NONE',  #108 ) ;
#2268 = COLOUR_RGB ( '',1.000000000000000000, 1.000000000000000000, 1.000000000000000000 ) ;
#2269 = CARTESIAN_POINT ( 'NONE',  ( -4.537712434446766530, 0.2999999999999999889, 0.3500000000000037526 ) ) ;
#2270 = MECHANICAL_DESIGN_GEOMETRIC_PRESENTATION_REPRESENTATION (  '', ( #5618 ), #9330 ) ;
#2271 =( GEOMETRIC_REPRESENTATION_CONTEXT ( 3 ) GLOBAL_UNCERTAINTY_ASSIGNED_CONTEXT ( ( #5773 ) ) GLOBAL_UNIT_ASSIGNED_CONTEXT ( ( #8753, #5196, #9721 ) ) REPRESENTATION_CONTEXT ( 'NONE', 'WORKASPACE' ) );
#2272 = VERTEX_POINT ( 'NONE', #7221 ) ;
#2273 = PRESENTATION_STYLE_ASSIGNMENT (( #2113 ) ) ;
#2274 = EDGE_LOOP ( 'NONE', ( #1528, #10308, #2002, #8356 ) ) ;
#2275 = COLOUR_RGB ( '',1.000000000000000000, 1.000000000000000000, 1.000000000000000000 ) ;
#2276 =( LENGTH_UNIT ( ) NAMED_UNIT ( * ) SI_UNIT ( .MILLI., .METRE. ) );
#2277 = ADVANCED_FACE ( 'NONE', ( #1264 ), #4600, .F. ) ;
#2278 = AXIS2_PLACEMENT_3D ( 'NONE', #7490, #3210, #7548 ) ;
#2279 = LINE ( 'NONE', #5749, #2600 ) ;
#2280 = VECTOR ( 'NONE', #7229, 1000.000000000000000 ) ;
#2281 = CARTESIAN_POINT ( 'NONE',  ( -2.339999999999999858, 1.749999999999999778, 0.000000000000000000 ) ) ;
#2282 = ORIENTED_EDGE ( 'NONE', *, *, #2083, .T. ) ;
#2283 = VECTOR ( 'NONE', #7328, 1000.000000000000000 ) ;
#2284 = VERTEX_POINT ( 'NONE', #9699 ) ;
#2285 = FILL_AREA_STYLE_COLOUR ( '', #4224 ) ;
#2286 = LINE ( 'NONE', #3153, #6274 ) ;
#2287 = VECTOR ( 'NONE', #7841, 1000.000000000000000 ) ;
#2288 = CARTESIAN_POINT ( 'NONE',  ( -1.090000000000000080, 0.000000000000000000, 1.850000000000004530 ) ) ;
#2289 = AXIS2_PLACEMENT_3D ( 'NONE', #2020, #1129, #7473 ) ;
#2290 = DIRECTION ( 'NONE',  ( 1.000000000000000000, 0.000000000000000000, -1.182766006347823109E-16 ) ) ;
#2291 = EDGE_CURVE ( 'NONE', #6099, #6699, #2139, .T. ) ;
#2292 = DIRECTION ( 'NONE',  ( -0.000000000000000000, -1.000000000000000000, -0.000000000000000000 ) ) ;
#2293 = SURFACE_STYLE_FILL_AREA ( #9069 ) ;
#2294 = AXIS2_PLACEMENT_3D ( 'NONE', #328, #1795, #220 ) ;
#2295 = ORIENTED_EDGE ( 'NONE', *, *, #9180, .T. ) ;
#2296 = ORIENTED_EDGE ( 'NONE', *, *, #8318, .F. ) ;
#2297 = PRESENTATION_STYLE_ASSIGNMENT (( #9870 ) ) ;
#2298 = FACE_OUTER_BOUND ( 'NONE', #4125, .T. ) ;
#2299 =( NAMED_UNIT ( * ) SI_UNIT ( $, .STERADIAN. ) SOLID_ANGLE_UNIT ( ) );
#2300 = AXIS2_PLACEMENT_3D ( 'NONE', #7089, #2879, #7144 ) ;
#2301 = EDGE_CURVE ( 'NONE', #5248, #445, #1312, .T. ) ;
#2302 = DIRECTION ( 'NONE',  ( 0.000000000000000000, -1.355252715606880049E-16, 1.000000000000000000 ) ) ;
#2303 = EDGE_CURVE ( 'NONE', #3557, #2140, #10575, .T. ) ;
#2304 = PRESENTATION_STYLE_ASSIGNMENT (( #1317 ) ) ;
#2305 = ORIENTED_EDGE ( 'NONE', *, *, #9297, .F. ) ;
#2306 = EDGE_CURVE ( 'NONE', #5350, #2411, #2190, .T. ) ;
#2307 = AXIS2_PLACEMENT_3D ( 'NONE', #5793, #6677, #10054 ) ;
#2308 = PLANE ( 'NONE',  #7917 ) ;
#2309 =( LENGTH_UNIT ( ) NAMED_UNIT ( * ) SI_UNIT ( .MILLI., .METRE. ) );
#2310 = DIRECTION ( 'NONE',  ( 0.000000000000000000, 0.000000000000000000, -1.000000000000000000 ) ) ;
#2311 = PRESENTATION_STYLE_ASSIGNMENT (( #9818 ) ) ;
#2312 = VERTEX_POINT ( 'NONE', #2460 ) ;
#2313 = ORIENTED_EDGE ( 'NONE', *, *, #1977, .T. ) ;
#2314 = PRESENTATION_LAYER_ASSIGNMENT (  '', '', ( #6007 ) ) ;
#2315 = CARTESIAN_POINT ( 'NONE',  ( -4.469999999999994422, 0.4500000000000009548, 0.3500000000000037526 ) ) ;
#2316 = EDGE_CURVE ( 'NONE', #10394, #5326, #1932, .T. ) ;
#2317 =( LENGTH_UNIT ( ) NAMED_UNIT ( * ) SI_UNIT ( .MILLI., .METRE. ) );
#2318 = PLANE ( 'NONE',  #3985 ) ;
#2319 = ORIENTED_EDGE ( 'NONE', *, *, #7941, .F. ) ;
#2320 = DIRECTION ( 'NONE',  ( -0.2133021165724263701, -0.9621436710723738628, 0.1696518885279461875 ) ) ;
#2321 = CARTESIAN_POINT ( 'NONE',  ( -1.090000000000000080, 0.1000000000000000056, 2.350000000000004530 ) ) ;
#2322 = DIRECTION ( 'NONE',  ( 6.570922257487672349E-16, 1.000000000000000000, 0.000000000000000000 ) ) ;
#2323 = EDGE_LOOP ( 'NONE', ( #7230, #5085, #8976, #1810 ) ) ;
#2324 = CARTESIAN_POINT ( 'NONE',  ( 5.250000000000002665, 0.5499999999999974909, 0.8000000000000003775 ) ) ;
#2325 = ORIENTED_EDGE ( 'NONE', *, *, #1227, .F. ) ;
#2326 =( NAMED_UNIT ( * ) SI_UNIT ( $, .STERADIAN. ) SOLID_ANGLE_UNIT ( ) );
#2327 = COLOUR_RGB ( '',1.000000000000000000, 1.000000000000000000, 1.000000000000000000 ) ;
#2328 = DIRECTION ( 'NONE',  ( 0.000000000000000000, 0.7071067811865391350, -0.7071067811865560104 ) ) ;
#2329 = FILL_AREA_STYLE ('',( #3894 ) ) ;
#2330 = ORIENTED_EDGE ( 'NONE', *, *, #691, .F. ) ;
#2331 = FILL_AREA_STYLE_COLOUR ( '', #10584 ) ;
#2332 = EDGE_CURVE ( 'NONE', #2361, #2837, #1420, .T. ) ;
#2333 = VERTEX_POINT ( 'NONE', #4025 ) ;
#2334 = CARTESIAN_POINT ( 'NONE',  ( -2.424999999999999822, 2.099999999999996980, -1.450000000000039702 ) ) ;
#2335 = DIRECTION ( 'NONE',  ( -1.000000000000000000, -0.000000000000000000, -0.000000000000000000 ) ) ;
#2336 = MECHANICAL_DESIGN_GEOMETRIC_PRESENTATION_REPRESENTATION (  '', ( #250 ), #1468 ) ;
#2337 = UNCERTAINTY_MEASURE_WITH_UNIT (LENGTH_MEASURE( 1.000000000000000082E-05 ), #7203, 'distance_accuracy_value', 'NONE');
#2338 = UNCERTAINTY_MEASURE_WITH_UNIT (LENGTH_MEASURE( 1.000000000000000082E-05 ), #5522, 'distance_accuracy_value', 'NONE');
#2339 =( NAMED_UNIT ( * ) PLANE_ANGLE_UNIT ( ) SI_UNIT ( $, .RADIAN. ) );
#2340 = UNCERTAINTY_MEASURE_WITH_UNIT (LENGTH_MEASURE( 1.000000000000000082E-05 ), #8694, 'distance_accuracy_value', 'NONE');
#2341 = FACE_OUTER_BOUND ( 'NONE', #5053, .T. ) ;
#2342 = EDGE_LOOP ( 'NONE', ( #9151, #1836, #355, #6182 ) ) ;
#2343 = CARTESIAN_POINT ( 'NONE',  ( 3.700000000000025491, 4.700000000000000178, 0.9499999999999855227 ) ) ;
#2344 = EDGE_CURVE ( 'NONE', #7763, #1069, #3965, .T. ) ;
#2345 = ORIENTED_EDGE ( 'NONE', *, *, #10532, .F. ) ;
#2346 = PRESENTATION_STYLE_ASSIGNMENT (( #3163 ) ) ;
#2347 = DIRECTION ( 'NONE',  ( -0.000000000000000000, -0.000000000000000000, -1.000000000000000000 ) ) ;
#2348 = CARTESIAN_POINT ( 'NONE',  ( 4.369999999999995666, 1.500000000000000222, -1.599999999999994316 ) ) ;
#2349 = FACE_OUTER_BOUND ( 'NONE', #6790, .T. ) ;
#2350 = PRESENTATION_LAYER_ASSIGNMENT (  '', '', ( #439 ) ) ;
#2351 = LINE ( 'NONE', #810, #5389 ) ;
#2352 =( LENGTH_UNIT ( ) NAMED_UNIT ( * ) SI_UNIT ( .MILLI., .METRE. ) );
#2353 = DIRECTION ( 'NONE',  ( 1.084202172485504828E-15, 1.000000000000000000, 0.000000000000000000 ) ) ;
#2354 = VERTEX_POINT ( 'NONE', #8267 ) ;
#2355 = DIRECTION ( 'NONE',  ( 0.000000000000000000, 1.000000000000000000, 0.000000000000000000 ) ) ;
#2356 =( NAMED_UNIT ( * ) SI_UNIT ( $, .STERADIAN. ) SOLID_ANGLE_UNIT ( ) );
#2357 = SURFACE_STYLE_USAGE ( .BOTH. , #5726 ) ;
#2358 = ADVANCED_FACE ( 'NONE', ( #2298 ), #5667, .F. ) ;
#2359 = LINE ( 'NONE', #1591, #487 ) ;
#2360 = DIRECTION ( 'NONE',  ( -0.7071067811865479058, -0.7071067811865471286, 0.000000000000000000 ) ) ;
#2361 = VERTEX_POINT ( 'NONE', #6434 ) ;
#2363 = EDGE_CURVE ( 'NONE', #4577, #10247, #8322, .T. ) ;
#2362 = VECTOR ( 'NONE', #4875, 1000.000000000000000 ) ;
#2364 = FILL_AREA_STYLE ('',( #8282 ) ) ;
#2365 = EDGE_LOOP ( 'NONE', ( #5058, #6093, #8663, #5846, #987, #1808 ) ) ;
#2366 = FACE_OUTER_BOUND ( 'NONE', #2925, .T. ) ;
#2367 = DIRECTION ( 'NONE',  ( 0.000000000000000000, -0.9848077530122087975, -0.1736481776669268895 ) ) ;
#2368 = COLOUR_RGB ( '',1.000000000000000000, 1.000000000000000000, 1.000000000000000000 ) ;
#2369 =( NAMED_UNIT ( * ) PLANE_ANGLE_UNIT ( ) SI_UNIT ( $, .RADIAN. ) );
#2370 = EDGE_CURVE ( 'NONE', #8838, #2354, #7446, .T. ) ;
#2371 = FILL_AREA_STYLE ('',( #7578 ) ) ;
#2372 = CARTESIAN_POINT ( 'NONE',  ( -1.324999999999999734, 3.249999999999997335, -1.850000000000000533 ) ) ;
#2373 = VERTEX_POINT ( 'NONE', #6487 ) ;
#2374 = FILL_AREA_STYLE ('',( #8396 ) ) ;
#2375 = ORIENTED_EDGE ( 'NONE', *, *, #382, .F. ) ;
#2376 = VECTOR ( 'NONE', #5630, 1000.000000000000114 ) ;
#2378 = LINE ( 'NONE', #7637, #6773 ) ;
#2377 = AXIS2_PLACEMENT_3D ( 'NONE', #8078, #3993, #7420 ) ;
#2379 =( BOUNDED_CURVE ( )  B_SPLINE_CURVE ( 3, ( #6595, #7610, #2402, #5775 ),
 .UNSPECIFIED., .F., .F. ) 
 B_SPLINE_CURVE_WITH_KNOTS ( ( 4, 4 ),
 ( 1.570796326794897002, 3.141592653589793560 ),
 .UNSPECIFIED. ) 
 CURVE ( )  GEOMETRIC_REPRESENTATION_ITEM ( )  RATIONAL_B_SPLINE_CURVE ( ( 1.000000000000000000, 0.8047378541243649375, 0.8047378541243649375, 1.000000000000000000 ) ) 
 REPRESENTATION_ITEM ( '' )  );
#2380 = DIRECTION ( 'NONE',  ( -0.000000000000000000, -0.000000000000000000, 1.000000000000000000 ) ) ;
#2381 =( NAMED_UNIT ( * ) PLANE_ANGLE_UNIT ( ) SI_UNIT ( $, .RADIAN. ) );
#2382 = ORIENTED_EDGE ( 'NONE', *, *, #3748, .F. ) ;
#2383 = CARTESIAN_POINT ( 'NONE',  ( 4.219999999999994422, 1.199999999999999067, 0.3500000000000037526 ) ) ;
#2384 = CARTESIAN_POINT ( 'NONE',  ( 0.000000000000000000, 0.000000000000000000, 0.000000000000000000 ) ) ;
#2385 = VERTEX_POINT ( 'NONE', #7386 ) ;
#2386 = FILL_AREA_STYLE ('',( #10887 ) ) ;
#2387 = DIRECTION ( 'NONE',  ( 0.000000000000000000, 0.000000000000000000, -1.000000000000000000 ) ) ;
#2388 = CLOSED_SHELL ( 'NONE', ( #1438, #9421, #9394, #6090, #6880, #9723, #629, #5653, #2005, #9639 ) ) ;
#2389 = ORIENTED_EDGE ( 'NONE', *, *, #502, .F. ) ;
#2390 = CARTESIAN_POINT ( 'NONE',  ( -1.409999999999999920, 8.425943506694179847E-32, 1.750000000000004663 ) ) ;
#2391 = SURFACE_SIDE_STYLE ('',( #3900 ) ) ;
#2392 = MECHANICAL_DESIGN_GEOMETRIC_PRESENTATION_REPRESENTATION (  '', ( #2732 ), #3774 ) ;
#2393 = SURFACE_STYLE_USAGE ( .BOTH. , #5660 ) ;
#2394 = ORIENTED_EDGE ( 'NONE', *, *, #6114, .F. ) ;
#2395 =( NAMED_UNIT ( * ) SI_UNIT ( $, .STERADIAN. ) SOLID_ANGLE_UNIT ( ) );
#2396 = ORIENTED_EDGE ( 'NONE', *, *, #4074, .F. ) ;
#2397 = SURFACE_SIDE_STYLE ('',( #9965 ) ) ;
#2398 = CARTESIAN_POINT ( 'NONE',  ( -1.409999999999999920, 2.865743636076471645, -0.3250000000000474731 ) ) ;
#2399 = AXIS2_PLACEMENT_3D ( 'NONE', #1983, #7616, #2627 ) ;
#2400 = CARTESIAN_POINT ( 'NONE',  ( 5.699999999999994849, 0.07279404685324135371, -1.650000000000076739 ) ) ;
#2401 =( NAMED_UNIT ( * ) SI_UNIT ( $, .STERADIAN. ) SOLID_ANGLE_UNIT ( ) );
#2402 = CARTESIAN_POINT ( 'NONE',  ( 3.400000000000024336, 4.400000000000002132, -0.6663591357563569684 ) ) ;
#2403 = EDGE_LOOP ( 'NONE', ( #2844, #2097, #3112, #5324 ) ) ;
#2404 = FACE_OUTER_BOUND ( 'NONE', #2425, .T. ) ;
#2405 = SURFACE_STYLE_FILL_AREA ( #3054 ) ;
#2406 = LINE ( 'NONE', #9252, #10863 ) ;
#2407 = CARTESIAN_POINT ( 'NONE',  ( 4.000000000000002665, 0.2999999999999999889, -0.9500000000000009548 ) ) ;
#2408 = VERTEX_POINT ( 'NONE', #7491 ) ;
#2409 = COLOUR_RGB ( '',1.000000000000000000, 0.8117647058823529438, 0.5019607843137254832 ) ;
#2410 = LINE ( 'NONE', #3274, #2954 ) ;
#2411 = VERTEX_POINT ( 'NONE', #10790 ) ;
#2412 = STYLED_ITEM ( 'NONE', ( #6600 ), #1157 ) ;
#2413 = SURFACE_SIDE_STYLE ('',( #2475 ) ) ;
#2414 = EDGE_CURVE ( 'NONE', #1025, #3431, #8214, .T. ) ;
#2415 = FACE_OUTER_BOUND ( 'NONE', #10162, .T. ) ;
#2416 = EDGE_CURVE ( 'NONE', #2266, #7585, #597, .T. ) ;
#2417 = PRESENTATION_STYLE_ASSIGNMENT (( #4254 ) ) ;
#2418 = FILL_AREA_STYLE ('',( #9989 ) ) ;
#2419 = EDGE_CURVE ( 'NONE', #3648, #5578, #3211, .T. ) ;
#2420 = FILL_AREA_STYLE ('',( #3991 ) ) ;
#2421 = STYLED_ITEM ( 'NONE', ( #9018 ), #1438 ) ;
#2422 = DIRECTION ( 'NONE',  ( 1.000000000000000000, -0.000000000000000000, 0.000000000000000000 ) ) ;
#2423 = DIRECTION ( 'NONE',  ( -1.000000000000000000, 0.000000000000000000, 1.275531967629996124E-16 ) ) ;
#2424 = LINE ( 'NONE', #2483, #3810 ) ;
#2425 = EDGE_LOOP ( 'NONE', ( #2474, #8283, #9234, #1381 ) ) ;
#2426 = DIRECTION ( 'NONE',  ( 0.000000000000000000, -0.9848077530122087975, -0.1736481776669268895 ) ) ;
#2427 = EDGE_LOOP ( 'NONE', ( #49, #1435, #860, #10463, #6752, #390, #3633, #5533 ) ) ;
#2428 = PRESENTATION_LAYER_ASSIGNMENT (  '', '', ( #6331 ) ) ;
#2429 = VECTOR ( 'NONE', #7523, 1000.000000000000000 ) ;
#2430 = DIRECTION ( 'NONE',  ( -1.000000000000000000, -0.000000000000000000, -0.000000000000000000 ) ) ;
#2431 = EDGE_CURVE ( 'NONE', #2236, #9648, #9804, .T. ) ;
#2432 = CARTESIAN_POINT ( 'NONE',  ( -8.854317741964973914E-16, 2.600000000000000977, -1.550000000000001155 ) ) ;
#2433 = EDGE_CURVE ( 'NONE', #10317, #1714, #7951, .T. ) ;
#2434 = SURFACE_STYLE_FILL_AREA ( #2329 ) ;
#2435 = MECHANICAL_DESIGN_GEOMETRIC_PRESENTATION_REPRESENTATION (  '', ( #3813 ), #5245 ) ;
#2436 = VERTEX_POINT ( 'NONE', #2398 ) ;
#2437 =( GEOMETRIC_REPRESENTATION_CONTEXT ( 3 ) GLOBAL_UNCERTAINTY_ASSIGNED_CONTEXT ( ( #9066 ) ) GLOBAL_UNIT_ASSIGNED_CONTEXT ( ( #8392, #77, #8511 ) ) REPRESENTATION_CONTEXT ( 'NONE', 'WORKASPACE' ) );
#2438 = STYLED_ITEM ( 'NONE', ( #3183 ), #6576 ) ;
#2439 = SURFACE_STYLE_USAGE ( .BOTH. , #8249 ) ;
#2440 = EDGE_CURVE ( 'NONE', #3332, #10347, #7275, .T. ) ;
#2441 = ORIENTED_EDGE ( 'NONE', *, *, #1227, .T. ) ;
#2442 = DIRECTION ( 'NONE',  ( -0.000000000000000000, 1.000000000000000000, -0.000000000000000000 ) ) ;
#2443 = AXIS2_PLACEMENT_3D ( 'NONE', #3771, #3670, #7065 ) ;
#2444 = CARTESIAN_POINT ( 'NONE',  ( 4.669999999999994600, 0.2500000000000001110, 0.3500000000000037526 ) ) ;
#2445 =( GEOMETRIC_REPRESENTATION_CONTEXT ( 3 ) GLOBAL_UNCERTAINTY_ASSIGNED_CONTEXT ( ( #9628 ) ) GLOBAL_UNIT_ASSIGNED_CONTEXT ( ( #8012, #10529, #3877 ) ) REPRESENTATION_CONTEXT ( 'NONE', 'WORKASPACE' ) );
#2446 = ORIENTED_EDGE ( 'NONE', *, *, #5101, .T. ) ;
#2447 = UNCERTAINTY_MEASURE_WITH_UNIT (LENGTH_MEASURE( 1.000000000000000082E-05 ), #9934, 'distance_accuracy_value', 'NONE');
#2448 = UNCERTAINTY_MEASURE_WITH_UNIT (LENGTH_MEASURE( 1.000000000000000082E-05 ), #6086, 'distance_accuracy_value', 'NONE');
#2449 =( GEOMETRIC_REPRESENTATION_CONTEXT ( 3 ) GLOBAL_UNCERTAINTY_ASSIGNED_CONTEXT ( ( #3741 ) ) GLOBAL_UNIT_ASSIGNED_CONTEXT ( ( #3594, #5451, #1360 ) ) REPRESENTATION_CONTEXT ( 'NONE', 'WORKASPACE' ) );
#2450 = MECHANICAL_DESIGN_GEOMETRIC_PRESENTATION_REPRESENTATION (  '', ( #5796 ), #2271 ) ;
#2451 = DIRECTION ( 'NONE',  ( 0.000000000000000000, 1.000000000000000000, 0.000000000000000000 ) ) ;
#2452 = LINE ( 'NONE', #1625, #8253 ) ;
#2453 = EDGE_CURVE ( 'NONE', #9939, #1925, #5717, .T. ) ;
#2454 = MECHANICAL_DESIGN_GEOMETRIC_PRESENTATION_REPRESENTATION (  '', ( #6148 ), #702 ) ;
#2455 = CARTESIAN_POINT ( 'NONE',  ( 2.560000000000000053, 4.000000000000000000, -0.9250000000000404565 ) ) ;
#2456 = ORIENTED_EDGE ( 'NONE', *, *, #965, .T. ) ;
#2457 = SURFACE_SIDE_STYLE ('',( #2186 ) ) ;
#2458 = ORIENTED_EDGE ( 'NONE', *, *, #3884, .F. ) ;
#2459 = STYLED_ITEM ( 'NONE', ( #2417 ), #6942 ) ;
#2460 = CARTESIAN_POINT ( 'NONE',  ( 3.525881904447569770, 1.749999999999999778, 0.1283451969090864953 ) ) ;
#2461 =( GEOMETRIC_REPRESENTATION_CONTEXT ( 3 ) GLOBAL_UNCERTAINTY_ASSIGNED_CONTEXT ( ( #4399 ) ) GLOBAL_UNIT_ASSIGNED_CONTEXT ( ( #1188, #3935, #1453 ) ) REPRESENTATION_CONTEXT ( 'NONE', 'WORKASPACE' ) );
#2462 = CARTESIAN_POINT ( 'NONE',  ( 2.660000000000000142, 2.865743636076471645, -0.3250000000000474731 ) ) ;
#2463 = CARTESIAN_POINT ( 'NONE',  ( -5.500000000000000000, 0.7999999999999999334, -1.850000000000000533 ) ) ;
#2464 = COLOUR_RGB ( '',1.000000000000000000, 0.8117647058823529438, 0.5019607843137254832 ) ;
#2465 = LINE ( 'NONE', #7449, #661 ) ;
#2466 = FILL_AREA_STYLE_COLOUR ( '', #8266 ) ;
#2467 = EDGE_LOOP ( 'NONE', ( #1248, #7179, #8265, #9911 ) ) ;
#2468 = EDGE_CURVE ( 'NONE', #1458, #904, #9074, .T. ) ;
#2469 = FILL_AREA_STYLE_COLOUR ( '', #6089 ) ;
#2470 = DIRECTION ( 'NONE',  ( 0.000000000000000000, 0.1736481776669268617, -0.9848077530122086864 ) ) ;
#2471 = VECTOR ( 'NONE', #1579, 999.9999999999998863 ) ;
#2472 = SURFACE_STYLE_FILL_AREA ( #5626 ) ;
#2473 = EDGE_LOOP ( 'NONE', ( #8541, #10298, #10295, #10700, #2313, #7199 ) ) ;
#2474 = ORIENTED_EDGE ( 'NONE', *, *, #1690, .T. ) ;
#2475 = SURFACE_STYLE_FILL_AREA ( #725 ) ;
#2476 = COLOUR_RGB ( '',1.000000000000000000, 1.000000000000000000, 1.000000000000000000 ) ;
#2477 = DIRECTION ( 'NONE',  ( 0.000000000000000000, -1.000000000000000000, -1.355252715606880296E-16 ) ) ;
#2478 = CARTESIAN_POINT ( 'NONE',  ( -0.8898978426248155271, 0.2565727441013907484, 0.1350672255343202399 ) ) ;
#2479 = LINE ( 'NONE', #5017, #736 ) ;
#2480 = ADVANCED_FACE ( 'NONE', ( #9029 ), #1474, .F. ) ;
#2481 = DIRECTION ( 'NONE',  ( 0.000000000000000000, 0.000000000000000000, -1.000000000000000000 ) ) ;
#2482 = PLANE ( 'NONE',  #4275 ) ;
#2483 = CARTESIAN_POINT ( 'NONE',  ( 14.95851172588860045, 11.54709036965130942, -1.849999999999998090 ) ) ;
#2484 = ORIENTED_EDGE ( 'NONE', *, *, #943, .F. ) ;
#2485 = EDGE_CURVE ( 'NONE', #7672, #642, #3417, .T. ) ;
#2486 = CARTESIAN_POINT ( 'NONE',  ( 4.469999999999994422, 0.4499999999999999001, 0.3500000000000037526 ) ) ;
#2487 = VECTOR ( 'NONE', #672, 1000.000000000000000 ) ;
#2488 = ORIENTED_EDGE ( 'NONE', *, *, #6747, .T. ) ;
#2489 = CARTESIAN_POINT ( 'NONE',  ( -4.219999999999995310, 1.200000000000000178, 0.3500000000000037526 ) ) ;
#2490 = SURFACE_STYLE_FILL_AREA ( #5184 ) ;
#2491 = ORIENTED_EDGE ( 'NONE', *, *, #6747, .F. ) ;
#2492 = DIRECTION ( 'NONE',  ( -1.000000000000000000, 0.000000000000000000, 0.000000000000000000 ) ) ;
#2493 = ORIENTED_EDGE ( 'NONE', *, *, #546, .T. ) ;
#2494 = CARTESIAN_POINT ( 'NONE',  ( -3.500000000000001776, 0.2999999999999999889, -0.9500000000000009548 ) ) ;
#2495 = EDGE_CURVE ( 'NONE', #926, #5552, #8365, .T. ) ;
#2496 = ORIENTED_EDGE ( 'NONE', *, *, #5799, .F. ) ;
#2497 = EDGE_CURVE ( 'NONE', #66, #6279, #9358, .T. ) ;
#2498 = DIRECTION ( 'NONE',  ( 0.000000000000000000, 0.9848077530122087975, -0.1736481776669264454 ) ) ;
#2499 = MECHANICAL_DESIGN_GEOMETRIC_PRESENTATION_REPRESENTATION (  '', ( #6380 ), #7085 ) ;
#2500 = FACE_OUTER_BOUND ( 'NONE', #9779, .T. ) ;
#2501 = EDGE_CURVE ( 'NONE', #7802, #5578, #1017, .T. ) ;
#2502 = LINE ( 'NONE', #5816, #2755 ) ;
#2503 = ORIENTED_EDGE ( 'NONE', *, *, #9220, .F. ) ;
#2504 = DIRECTION ( 'NONE',  ( 0.000000000000000000, -0.7071067811865482389, 0.7071067811865469066 ) ) ;
#2505 = ORIENTED_EDGE ( 'NONE', *, *, #282, .T. ) ;
#2506 =( GEOMETRIC_REPRESENTATION_CONTEXT ( 3 ) GLOBAL_UNCERTAINTY_ASSIGNED_CONTEXT ( ( #4537 ) ) GLOBAL_UNIT_ASSIGNED_CONTEXT ( ( #10219, #7755, #10270 ) ) REPRESENTATION_CONTEXT ( 'NONE', 'WORKASPACE' ) );
#2507 = SURFACE_STYLE_USAGE ( .BOTH. , #2397 ) ;
#2508 =( NAMED_UNIT ( * ) PLANE_ANGLE_UNIT ( ) SI_UNIT ( $, .RADIAN. ) );
#2509 = EDGE_CURVE ( 'NONE', #642, #8463, #8486, .T. ) ;
#2510 = SURFACE_STYLE_USAGE ( .BOTH. , #7550 ) ;
#2511 = COLOUR_RGB ( '',1.000000000000000000, 0.8117647058823529438, 0.5019607843137254832 ) ;
#2512 = DIRECTION ( 'NONE',  ( -1.000000000000000000, 0.000000000000000000, 0.000000000000000000 ) ) ;
#2513 = FACE_OUTER_BOUND ( 'NONE', #10644, .T. ) ;
#2514 = ORIENTED_EDGE ( 'NONE', *, *, #10645, .T. ) ;
#2515 = SURFACE_STYLE_USAGE ( .BOTH. , #4954 ) ;
#2516 = VERTEX_POINT ( 'NONE', #9407 ) ;
#2517 = SURFACE_STYLE_FILL_AREA ( #10852 ) ;
#2518 = PLANE ( 'NONE',  #10332 ) ;
#2519 = CARTESIAN_POINT ( 'NONE',  ( -0.06000000000000015737, 4.000000000000000000, -0.5250000000000403233 ) ) ;
#2520 = PRESENTATION_LAYER_ASSIGNMENT (  '', '', ( #9755 ) ) ;
#2521 = DIRECTION ( 'NONE',  ( -0.000000000000000000, 4.858652729125647824E-17, 1.000000000000000000 ) ) ;
#2522 = EDGE_LOOP ( 'NONE', ( #1876, #5797, #8374, #10733 ) ) ;
#2523 = ORIENTED_EDGE ( 'NONE', *, *, #4736, .F. ) ;
#2524 =( NAMED_UNIT ( * ) SI_UNIT ( $, .STERADIAN. ) SOLID_ANGLE_UNIT ( ) );
#2525 = DIRECTION ( 'NONE',  ( 0.000000000000000000, 0.7071067811865391350, -0.7071067811865560104 ) ) ;
#2526 = LINE ( 'NONE', #9321, #5098 ) ;
#2527 = FILL_AREA_STYLE_COLOUR ( '', #356 ) ;
#2528 = SURFACE_STYLE_FILL_AREA ( #2420 ) ;
#2530 = CARTESIAN_POINT ( 'NONE',  ( 0.000000000000000000, 4.700000000000000178, 0.000000000000000000 ) ) ;
#2529 = VECTOR ( 'NONE', #4589, 1000.000000000000000 ) ;
#2531 = CARTESIAN_POINT ( 'NONE',  ( -3.700000000000019273, 1.749999999999999778, 0.1750000000000117295 ) ) ;
#2532 = CARTESIAN_POINT ( 'NONE',  ( -3.400000000000024336, 3.399999999999998579, 0.9499999999999861888 ) ) ;
#2533 = SURFACE_STYLE_USAGE ( .BOTH. , #4853 ) ;
#2534 = ORIENTED_EDGE ( 'NONE', *, *, #10397, .F. ) ;
#2535 = ORIENTED_EDGE ( 'NONE', *, *, #2089, .F. ) ;
#2536 = DIRECTION ( 'NONE',  ( 0.000000000000000000, -1.000000000000000000, 0.000000000000000000 ) ) ;
#2537 = SURFACE_STYLE_FILL_AREA ( #7640 ) ;
#2538 = CARTESIAN_POINT ( 'NONE',  ( 4.469999999999994422, 0.3916994755741636802, -1.749999999999994227 ) ) ;
#2539 = ORIENTED_EDGE ( 'NONE', *, *, #10630, .T. ) ;
#2540 = PLANE ( 'NONE',  #2154 ) ;
#2541 =( LENGTH_UNIT ( ) NAMED_UNIT ( * ) SI_UNIT ( .MILLI., .METRE. ) );
#2542 = ORIENTED_EDGE ( 'NONE', *, *, #6423, .F. ) ;
#2543 = SURFACE_STYLE_USAGE ( .BOTH. , #5139 ) ;
#2544 = FACE_OUTER_BOUND ( 'NONE', #8812, .T. ) ;
#2545 = VECTOR ( 'NONE', #3673, 1000.000000000000000 ) ;
#2546 = MECHANICAL_DESIGN_GEOMETRIC_PRESENTATION_REPRESENTATION (  '', ( #5015 ), #7680 ) ;
#2547 = ORIENTED_EDGE ( 'NONE', *, *, #4227, .T. ) ;
#2548 = UNCERTAINTY_MEASURE_WITH_UNIT (LENGTH_MEASURE( 1.000000000000000082E-05 ), #7025, 'distance_accuracy_value', 'NONE');
#2549 = FILL_AREA_STYLE ('',( #10171 ) ) ;
#2550 = DIRECTION ( 'NONE',  ( -0.000000000000000000, -0.000000000000000000, 1.000000000000000000 ) ) ;
#2551 = EDGE_CURVE ( 'NONE', #10179, #4894, #5916, .T. ) ;
#2552 = CARTESIAN_POINT ( 'NONE',  ( 4.569999999999997620, 0.2999999999999999889, -1.849999999999996758 ) ) ;
#2553 = ADVANCED_FACE ( 'NONE', ( #3472 ), #7781, .F. ) ;
#2554 = AXIS2_PLACEMENT_3D ( 'NONE', #3698, #2067, #2834 ) ;
#2555 = FILL_AREA_STYLE ('',( #5102 ) ) ;
#2556 = ORIENTED_EDGE ( 'NONE', *, *, #3027, .T. ) ;
#2557 = EDGE_CURVE ( 'NONE', #9498, #4424, #10129, .T. ) ;
#2558 = PRESENTATION_LAYER_ASSIGNMENT (  '', '', ( #2724 ) ) ;
#2559 = DIRECTION ( 'NONE',  ( -1.000000000000000000, 0.000000000000000000, 0.000000000000000000 ) ) ;
#2560 = ORIENTED_EDGE ( 'NONE', *, *, #7634, .T. ) ;
#2561 = ADVANCED_FACE ( 'NONE', ( #1801 ), #3317, .T. ) ;
#2562 = FILL_AREA_STYLE_COLOUR ( '', #10366 ) ;
#2563 =( NAMED_UNIT ( * ) SI_UNIT ( $, .STERADIAN. ) SOLID_ANGLE_UNIT ( ) );
#2564 = PRESENTATION_LAYER_ASSIGNMENT (  '', '', ( #9433 ) ) ;
#2565 = VECTOR ( 'NONE', #1101, 1000.000000000000000 ) ;
#2566 = CARTESIAN_POINT ( 'NONE',  ( 1.409999999999999698, 0.2999999999999999334, 1.449999999999997735 ) ) ;
#2567 = LINE ( 'NONE', #3586, #7906 ) ;
#2568 = FILL_AREA_STYLE_COLOUR ( '', #3291 ) ;
#2569 = EDGE_LOOP ( 'NONE', ( #2904, #3777, #4929, #7928 ) ) ;
#2570 = AXIS2_PLACEMENT_3D ( 'NONE', #2875, #4787, #1441 ) ;
#2571 = EDGE_CURVE ( 'NONE', #16, #9165, #2771, .T. ) ;
#2572 = ORIENTED_EDGE ( 'NONE', *, *, #4357, .F. ) ;
#2573 = VECTOR ( 'NONE', #181, 1000.000000000000000 ) ;
#2574 = ADVANCED_FACE ( 'NONE', ( #6253 ), #2882, .F. ) ;
#2575 = FACE_OUTER_BOUND ( 'NONE', #2814, .T. ) ;
#2576 = DIRECTION ( 'NONE',  ( 1.000000000000000000, 0.000000000000000000, -0.000000000000000000 ) ) ;
#2577 = ORIENTED_EDGE ( 'NONE', *, *, #7161, .T. ) ;
#2578 = CARTESIAN_POINT ( 'NONE',  ( -3.500000000000001776, 0.2999999999999999889, -0.9500000000000009548 ) ) ;
#2579 = EDGE_LOOP ( 'NONE', ( #4428, #10080, #783, #536 ) ) ;
#2580 = VECTOR ( 'NONE', #600, 1000.000000000000000 ) ;
#2581 = CARTESIAN_POINT ( 'NONE',  ( -4.000000000000001776, 0.000000000000000000, 1.850000000000000533 ) ) ;
#2582 = LINE ( 'NONE', #885, #3265 ) ;
#2583 = DIRECTION ( 'NONE',  ( -0.000000000000000000, 1.000000000000000000, -0.000000000000000000 ) ) ;
#2584 = CARTESIAN_POINT ( 'NONE',  ( 4.537712434446764753, 0.2999999999999999889, 0.3500000000000037526 ) ) ;
#2585 = STYLED_ITEM ( 'NONE', ( #5560 ), #5530 ) ;
#2586 = CARTESIAN_POINT ( 'NONE',  ( 0.1599999999999999756, 1.749999999999999778, 0.000000000000000000 ) ) ;
#2587 = DIRECTION ( 'NONE',  ( -1.000000000000000000, -0.000000000000000000, -0.000000000000000000 ) ) ;
#2588 = ORIENTED_EDGE ( 'NONE', *, *, #5865, .F. ) ;
#2589 =( GEOMETRIC_REPRESENTATION_CONTEXT ( 3 ) GLOBAL_UNCERTAINTY_ASSIGNED_CONTEXT ( ( #7991 ) ) GLOBAL_UNIT_ASSIGNED_CONTEXT ( ( #3502, #9493, #5358 ) ) REPRESENTATION_CONTEXT ( 'NONE', 'WORKASPACE' ) );
#2590 = ORIENTED_EDGE ( 'NONE', *, *, #9313, .F. ) ;
#2591 =( NAMED_UNIT ( * ) SI_UNIT ( $, .STERADIAN. ) SOLID_ANGLE_UNIT ( ) );
#2592 = CARTESIAN_POINT ( 'NONE',  ( 4.219999999999995310, 0.4499999999999999001, 0.3500000000000037526 ) ) ;
#2593 = CARTESIAN_POINT ( 'NONE',  ( -5.499999999999996447, 0.2500000000000028311, 0.3500000000000035305 ) ) ;
#2594 = VERTEX_POINT ( 'NONE', #9626 ) ;
#2595 =( NAMED_UNIT ( * ) PLANE_ANGLE_UNIT ( ) SI_UNIT ( $, .RADIAN. ) );
#2596 = PRESENTATION_STYLE_ASSIGNMENT (( #9510 ) ) ;
#2597 = EDGE_LOOP ( 'NONE', ( #1454, #4651, #4994, #4953 ) ) ;
#2598 = LINE ( 'NONE', #3962, #4434 ) ;
#2599 = DIRECTION ( 'NONE',  ( 0.000000000000000000, -1.000000000000000000, -1.355252715606857370E-16 ) ) ;
#2600 = VECTOR ( 'NONE', #2380, 1000.000000000000000 ) ;
#2601 = EDGE_CURVE ( 'NONE', #3275, #2821, #2833, .T. ) ;
#2602 = ORIENTED_EDGE ( 'NONE', *, *, #1574, .F. ) ;
#2603 = VECTOR ( 'NONE', #4796, 1000.000000000000000 ) ;
#2604 = FILL_AREA_STYLE ('',( #10174 ) ) ;
#2605 = PRESENTATION_LAYER_ASSIGNMENT (  '', '', ( #2259 ) ) ;
#2606 = PRESENTATION_LAYER_ASSIGNMENT (  '', '', ( #6308 ) ) ;
#2607 = FILL_AREA_STYLE_COLOUR ( '', #6110 ) ;
#2608 = STYLED_ITEM ( 'NONE', ( #8918 ), #6648 ) ;
#2609 = ORIENTED_EDGE ( 'NONE', *, *, #6483, .F. ) ;
#2610 = STYLED_ITEM ( 'NONE', ( #9256 ), #3056 ) ;
#2611 = STYLED_ITEM ( 'NONE', ( #2311 ), #2019 ) ;
#2612 = EDGE_LOOP ( 'NONE', ( #613, #6557, #1845, #251 ) ) ;
#2613 = CARTESIAN_POINT ( 'NONE',  ( 2.425000000000003819, -9.145009628790792136E-16, -1.450000000000040590 ) ) ;
#2614 = LINE ( 'NONE', #10682, #8155 ) ;
#2615 = SURFACE_SIDE_STYLE ('',( #3475 ) ) ;
#2616 = STYLED_ITEM ( 'NONE', ( #6489 ), #3445 ) ;
#2617 = VECTOR ( 'NONE', #3105, 1000.000000000000000 ) ;
#2618 = DIRECTION ( 'NONE',  ( 0.000000000000000000, 0.000000000000000000, -1.000000000000000000 ) ) ;
#2619 = PLANE ( 'NONE',  #5414 ) ;
#2620 = PRODUCT_DEFINITION ( 'UNKNOWN', '', #8815, #3461 ) ;
#2621 = FILL_AREA_STYLE ('',( #10342 ) ) ;
#2622 = VECTOR ( 'NONE', #3398, 1000.000000000000000 ) ;
#2623 = CONICAL_SURFACE ( 'NONE', #4553, 0.5500000000000018208, 0.7853981633974461696 ) ;
#2624 = ORIENTED_EDGE ( 'NONE', *, *, #3599, .T. ) ;
#2625 = ORIENTED_EDGE ( 'NONE', *, *, #4989, .F. ) ;
#2626 = VECTOR ( 'NONE', #5770, 999.9999999999998863 ) ;
#2627 = DIRECTION ( 'NONE',  ( 0.000000000000000000, -1.000000000000000000, -0.000000000000000000 ) ) ;
#2628 = SURFACE_STYLE_USAGE ( .BOTH. , #5346 ) ;
#2629 = ORIENTED_EDGE ( 'NONE', *, *, #5101, .F. ) ;
#2630 = EDGE_CURVE ( 'NONE', #9982, #9716, #8653, .T. ) ;
#2631 = ORIENTED_EDGE ( 'NONE', *, *, #2083, .F. ) ;
#2632 = VECTOR ( 'NONE', #4448, 1000.000000000000000 ) ;
#2633 = EDGE_CURVE ( 'NONE', #971, #1300, #5643, .T. ) ;
#2634 = FILL_AREA_STYLE ('',( #8610 ) ) ;
#2635 = DIRECTION ( 'NONE',  ( 0.000000000000000000, -0.000000000000000000, 1.000000000000000000 ) ) ;
#2636 = ADVANCED_FACE ( 'NONE', ( #6076 ), #3638, .F. ) ;
#2637 = DIRECTION ( 'NONE',  ( -0.000000000000000000, -0.000000000000000000, 1.000000000000000000 ) ) ;
#2638 = PRESENTATION_LAYER_ASSIGNMENT (  '', '', ( #1593 ) ) ;
#2639 = FACE_OUTER_BOUND ( 'NONE', #2365, .T. ) ;
#2640 = PRESENTATION_STYLE_ASSIGNMENT (( #4256 ) ) ;
#2641 = DIRECTION ( 'NONE',  ( 0.000000000000000000, 0.000000000000000000, -1.000000000000000000 ) ) ;
#2642 =( NAMED_UNIT ( * ) SI_UNIT ( $, .STERADIAN. ) SOLID_ANGLE_UNIT ( ) );
#2643 = EDGE_LOOP ( 'NONE', ( #405, #5360, #7011, #10269, #6317, #4331 ) ) ;
#2644 = ORIENTED_EDGE ( 'NONE', *, *, #1205, .F. ) ;
#2645 = CARTESIAN_POINT ( 'NONE',  ( -2.660000000000000142, 0.2999999999999999334, 1.449999999999997735 ) ) ;
#2646 = AXIS2_PLACEMENT_3D ( 'NONE', #1952, #6113, #4268 ) ;
#2647 = FILL_AREA_STYLE_COLOUR ( '', #8260 ) ;
#2648 = DIRECTION ( 'NONE',  ( 0.000000000000000000, 1.000000000000000000, 0.000000000000000000 ) ) ;
#2649 = ORIENTED_EDGE ( 'NONE', *, *, #1174, .F. ) ;
#2650 = DIRECTION ( 'NONE',  ( -0.9762960071199341394, -0.2164396139380997119, -0.000000000000000000 ) ) ;
#2651 = ORIENTED_EDGE ( 'NONE', *, *, #10630, .F. ) ;
#2652 = CARTESIAN_POINT ( 'NONE',  ( 1.409999999999999698, 3.548929149633788693, -0.4454640388693684727 ) ) ;
#2653 = PLANE ( 'NONE',  #8960 ) ;
#2654 = ORIENTED_EDGE ( 'NONE', *, *, #1076, .T. ) ;
#2655 = UNCERTAINTY_MEASURE_WITH_UNIT (LENGTH_MEASURE( 1.000000000000000082E-05 ), #4135, 'distance_accuracy_value', 'NONE');
#2656 = DIRECTION ( 'NONE',  ( -0.000000000000000000, -0.000000000000000000, -1.000000000000000000 ) ) ;
#2657 = DIRECTION ( 'NONE',  ( -0.000000000000000000, 1.000000000000000000, 0.000000000000000000 ) ) ;
#2658 = AXIS2_PLACEMENT_3D ( 'NONE', #1432, #1533, #4776 ) ;
#2659 = DIRECTION ( 'NONE',  ( -1.000000000000000000, -0.000000000000000000, -0.000000000000000000 ) ) ;
#2660 = SURFACE_STYLE_USAGE ( .BOTH. , #9457 ) ;
#2661 = VERTEX_POINT ( 'NONE', #3890 ) ;
#2662 = DIRECTION ( 'NONE',  ( 0.000000000000000000, 0.7071067811865482389, 0.7071067811865469066 ) ) ;
#2663 = ORIENTED_EDGE ( 'NONE', *, *, #1367, .T. ) ;
#2664 = PLANE ( 'NONE',  #3797 ) ;
#2665 = VECTOR ( 'NONE', #847, 999.9999999999998863 ) ;
#2666 = DIRECTION ( 'NONE',  ( -1.000000000000000000, -0.000000000000000000, -0.000000000000000000 ) ) ;
#2667 = ADVANCED_FACE ( 'NONE', ( #8814 ), #5331, .F. ) ;
#2668 = SURFACE_STYLE_FILL_AREA ( #8540 ) ;
#2669 = VECTOR ( 'NONE', #8076, 1000.000000000000000 ) ;
#2670 = ORIENTED_EDGE ( 'NONE', *, *, #8757, .F. ) ;
#2671 = DIRECTION ( 'NONE',  ( 1.000000000000000000, 0.000000000000000000, 0.000000000000000000 ) ) ;
#2672 = EDGE_LOOP ( 'NONE', ( #9012, #8869, #1042, #474 ) ) ;
#2673 = FILL_AREA_STYLE_COLOUR ( '', #6321 ) ;
#2674 = FILL_AREA_STYLE ('',( #6815 ) ) ;
#2675 = VERTEX_POINT ( 'NONE', #7633 ) ;
#2676 = CARTESIAN_POINT ( 'NONE',  ( 1.409999999999999698, 4.000000000000000000, -0.9250000000000404565 ) ) ;
#2677 = ORIENTED_EDGE ( 'NONE', *, *, #4034, .T. ) ;
#2678 = FILL_AREA_STYLE ('',( #7676 ) ) ;
#2679 = ADVANCED_FACE ( 'NONE', ( #6734 ), #7422, .T. ) ;
#2680 = LINE ( 'NONE', #3434, #4927 ) ;
#2681 = EDGE_CURVE ( 'NONE', #6876, #10066, #1656, .T. ) ;
#2682 = VECTOR ( 'NONE', #8771, 999.9999999999998863 ) ;
#2683 = PLANE ( 'NONE',  #1997 ) ;
#2685 = EDGE_CURVE ( 'NONE', #7057, #9759, #5701, .T. ) ;
#2684 =( NAMED_UNIT ( * ) SI_UNIT ( $, .STERADIAN. ) SOLID_ANGLE_UNIT ( ) );
#2686 =( LENGTH_UNIT ( ) NAMED_UNIT ( * ) SI_UNIT ( .MILLI., .METRE. ) );
#2687 = CARTESIAN_POINT ( 'NONE',  ( -4.469999999999994422, 0.4500000000000009548, -1.749999999999994449 ) ) ;
#2688 = FACE_OUTER_BOUND ( 'NONE', #3492, .T. ) ;
#2689 = ORIENTED_EDGE ( 'NONE', *, *, #6125, .T. ) ;
#2690 = ORIENTED_EDGE ( 'NONE', *, *, #9916, .F. ) ;
#2691 = CARTESIAN_POINT ( 'NONE',  ( 1.409999999999999698, 1.350000000000001865, 1.350000000000004086 ) ) ;
#2692 =( NAMED_UNIT ( * ) SI_UNIT ( $, .STERADIAN. ) SOLID_ANGLE_UNIT ( ) );
#2693 = EDGE_CURVE ( 'NONE', #10078, #1630, #8344, .T. ) ;
#2694 = CARTESIAN_POINT ( 'NONE',  ( 4.000000000000001776, 2.100000000000002309, -1.550000000000002709 ) ) ;
#2695 = VERTEX_POINT ( 'NONE', #9270 ) ;
#2696 =( LENGTH_UNIT ( ) NAMED_UNIT ( * ) SI_UNIT ( .MILLI., .METRE. ) );
#2697 = ORIENTED_EDGE ( 'NONE', *, *, #5052, .F. ) ;
#2698 = CARTESIAN_POINT ( 'NONE',  ( -4.469999999999994422, 0.4500000000000009548, 0.3500000000000037526 ) ) ;
#2699 = FACE_OUTER_BOUND ( 'NONE', #3018, .T. ) ;
#2700 = ORIENTED_EDGE ( 'NONE', *, *, #6599, .F. ) ;
#2702 = CARTESIAN_POINT ( 'NONE',  ( -4.000000000000001776, -1.029563014098700879, -0.9500000000000009548 ) ) ;
#2701 = SURFACE_SIDE_STYLE ('',( #5425 ) ) ;
#2703 = SURFACE_STYLE_USAGE ( .BOTH. , #1791 ) ;
#2704 =( NAMED_UNIT ( * ) SI_UNIT ( $, .STERADIAN. ) SOLID_ANGLE_UNIT ( ) );
#2705 = ORIENTED_EDGE ( 'NONE', *, *, #9250, .F. ) ;
#2706 = VECTOR ( 'NONE', #134, 1000.000000000000000 ) ;
#2707 = DIRECTION ( 'NONE',  ( 0.000000000000000000, 0.7071067811865469066, -0.7071067811865482389 ) ) ;
#2708 = ORIENTED_EDGE ( 'NONE', *, *, #7150, .F. ) ;
#2709 = LINE ( 'NONE', #1967, #2066 ) ;
#2710 = FILL_AREA_STYLE_COLOUR ( '', #7663 ) ;
#2711 =( GEOMETRIC_REPRESENTATION_CONTEXT ( 3 ) GLOBAL_UNCERTAINTY_ASSIGNED_CONTEXT ( ( #1673 ) ) GLOBAL_UNIT_ASSIGNED_CONTEXT ( ( #6934, #5166, #10146 ) ) REPRESENTATION_CONTEXT ( 'NONE', 'WORKASPACE' ) );
#2712 = DIRECTION ( 'NONE',  ( -0.000000000000000000, 4.858652729125647824E-17, 1.000000000000000000 ) ) ;
#2713 = VECTOR ( 'NONE', #318, 1000.000000000000114 ) ;
#2714 = LINE ( 'NONE', #6031, #8594 ) ;
#2715 = FACE_OUTER_BOUND ( 'NONE', #617, .T. ) ;
#2716 = EDGE_LOOP ( 'NONE', ( #8210, #4069, #5008, #1109 ) ) ;
#2717 = DIRECTION ( 'NONE',  ( 0.000000000000000000, -0.000000000000000000, 1.000000000000000000 ) ) ;
#2718 = VERTEX_POINT ( 'NONE', #2324 ) ;
#2719 = LINE ( 'NONE', #9415, #5153 ) ;
#2720 = VECTOR ( 'NONE', #8916, 999.9999999999998863 ) ;
#2721 = SURFACE_SIDE_STYLE ('',( #10293 ) ) ;
#2722 = SURFACE_SIDE_STYLE ('',( #7618 ) ) ;
#2723 = ORIENTED_EDGE ( 'NONE', *, *, #8303, .F. ) ;
#2724 = STYLED_ITEM ( 'NONE', ( #9669 ), #59 ) ;
#2725 = DIRECTION ( 'NONE',  ( -1.000000000000000000, -0.000000000000000000, -0.000000000000000000 ) ) ;
#2726 = EDGE_CURVE ( 'NONE', #3375, #1167, #4096, .T. ) ;
#2727 = ORIENTED_EDGE ( 'NONE', *, *, #4736, .T. ) ;
#2728 = LINE ( 'NONE', #5123, #5734 ) ;
#2729 =( NAMED_UNIT ( * ) PLANE_ANGLE_UNIT ( ) SI_UNIT ( $, .RADIAN. ) );
#2730 = COLOUR_RGB ( '',1.000000000000000000, 0.8117647058823529438, 0.5019607843137254832 ) ;
#2731 = ORIENTED_EDGE ( 'NONE', *, *, #4936, .T. ) ;
#2732 = STYLED_ITEM ( 'NONE', ( #8172 ), #304 ) ;
#2733 = LINE ( 'NONE', #6994, #3026 ) ;
#2734 = SURFACE_SIDE_STYLE ('',( #983 ) ) ;
#2735 = PLANE ( 'NONE',  #6373 ) ;
#2736 = CARTESIAN_POINT ( 'NONE',  ( -4.000000000000001776, 2.100000000000000089, -1.550000000000000488 ) ) ;
#2737 = PRESENTATION_STYLE_ASSIGNMENT (( #2853 ) ) ;
#2738 =( GEOMETRIC_REPRESENTATION_CONTEXT ( 3 ) GLOBAL_UNCERTAINTY_ASSIGNED_CONTEXT ( ( #2008 ) ) GLOBAL_UNIT_ASSIGNED_CONTEXT ( ( #9809, #5502, #8056 ) ) REPRESENTATION_CONTEXT ( 'NONE', 'WORKASPACE' ) );
#2739 = ORIENTED_EDGE ( 'NONE', *, *, #5897, .T. ) ;
#2740 = PRESENTATION_LAYER_ASSIGNMENT (  '', '', ( #3612 ) ) ;
#2741 = ADVANCED_FACE ( 'NONE', ( #10817 ), #9940, .F. ) ;
#2742 = CARTESIAN_POINT ( 'NONE',  ( -4.469999999999994422, 1.200000000000000178, 0.3500000000000037526 ) ) ;
#2743 = EDGE_CURVE ( 'NONE', #6213, #5305, #539, .T. ) ;
#2744 = CARTESIAN_POINT ( 'NONE',  ( -0.1599999999999999756, 1.350000000000001865, 1.350000000000004086 ) ) ;
#2745 =( GEOMETRIC_REPRESENTATION_CONTEXT ( 3 ) GLOBAL_UNCERTAINTY_ASSIGNED_CONTEXT ( ( #5194 ) ) GLOBAL_UNIT_ASSIGNED_CONTEXT ( ( #109, #6976, #2780 ) ) REPRESENTATION_CONTEXT ( 'NONE', 'WORKASPACE' ) );
#2746 = EDGE_CURVE ( 'NONE', #1122, #6521, #4921, .T. ) ;
#2747 = ORIENTED_EDGE ( 'NONE', *, *, #10773, .F. ) ;
#2748 = DIRECTION ( 'NONE',  ( -0.000000000000000000, 4.858652729125647824E-17, 1.000000000000000000 ) ) ;
#2749 = MECHANICAL_DESIGN_GEOMETRIC_PRESENTATION_REPRESENTATION (  '', ( #996 ), #6283 ) ;
#2750 =( NAMED_UNIT ( * ) SI_UNIT ( $, .STERADIAN. ) SOLID_ANGLE_UNIT ( ) );
#2751 = ORIENTED_EDGE ( 'NONE', *, *, #9041, .T. ) ;
#2752 = CARTESIAN_POINT ( 'NONE',  ( -4.000000000000001776, 3.700000000000000178, 0.9499999999999861888 ) ) ;
#2753 = LINE ( 'NONE', #9447, #9823 ) ;
#2754 = VERTEX_POINT ( 'NONE', #1716 ) ;
#2755 = VECTOR ( 'NONE', #4113, 1000.000000000000000 ) ;
#2756 = UNCERTAINTY_MEASURE_WITH_UNIT (LENGTH_MEASURE( 1.000000000000000082E-05 ), #2276, 'distance_accuracy_value', 'NONE');
#2758 = FILL_AREA_STYLE_COLOUR ( '', #9594 ) ;
#2757 = LINE ( 'NONE', #1958, #9509 ) ;
#2759 = EDGE_CURVE ( 'NONE', #3226, #10806, #3289, .T. ) ;
#2760 = VECTOR ( 'NONE', #298, 1000.000000000000000 ) ;
#2761 = DIRECTION ( 'NONE',  ( 0.000000000000000000, -1.000000000000000000, 4.858652729125647824E-17 ) ) ;
#2762 = CARTESIAN_POINT ( 'NONE',  ( 1.325000000000003952, -2.498378919205734983E-16, -1.450000000000040368 ) ) ;
#2763 = ADVANCED_FACE ( 'NONE', ( #8241 ), #1606, .F. ) ;
#2764 = CARTESIAN_POINT ( 'NONE',  ( -1.090000000000000080, 0.3499999999999999223, 2.350000000000004530 ) ) ;
#2765 = ORIENTED_EDGE ( 'NONE', *, *, #1760, .F. ) ;
#2766 = VECTOR ( 'NONE', #10120, 1000.000000000000000 ) ;
#2767 = CARTESIAN_POINT ( 'NONE',  ( -5.699999999999993960, 0.2500000000000012212, 0.3500000000000037526 ) ) ;
#2768 = ORIENTED_EDGE ( 'NONE', *, *, #4366, .T. ) ;
#2769 = LINE ( 'NONE', #4408, #150 ) ;
#2770 = STYLED_ITEM ( 'NONE', ( #8353 ), #1556 ) ;
#2771 = LINE ( 'NONE', #7361, #2112 ) ;
#2772 = UNCERTAINTY_MEASURE_WITH_UNIT (LENGTH_MEASURE( 1.000000000000000082E-05 ), #91, 'distance_accuracy_value', 'NONE');
#2773 = SURFACE_SIDE_STYLE ('',( #2179 ) ) ;
#2774 = STYLED_ITEM ( 'NONE', ( #8159 ), #7251 ) ;
#2775 = COLOUR_RGB ( '',1.000000000000000000, 1.000000000000000000, 1.000000000000000000 ) ;
#2776 = AXIS2_PLACEMENT_3D ( 'NONE', #7477, #9783, #10658 ) ;
#2777 = EDGE_CURVE ( 'NONE', #6876, #4587, #6049, .T. ) ;
#2778 = LINE ( 'NONE', #1306, #9793 ) ;
#2779 = MECHANICAL_DESIGN_GEOMETRIC_PRESENTATION_REPRESENTATION (  '', ( #8645 ), #8287 ) ;
#2780 =( NAMED_UNIT ( * ) SI_UNIT ( $, .STERADIAN. ) SOLID_ANGLE_UNIT ( ) );
#2781 = VECTOR ( 'NONE', #6830, 1000.000000000000000 ) ;
#2782 = ORIENTED_EDGE ( 'NONE', *, *, #3142, .F. ) ;
#2783 = CARTESIAN_POINT ( 'NONE',  ( 2.660000000000000142, 0.000000000000000000, -1.125000000000033973 ) ) ;
#2784 = VERTEX_POINT ( 'NONE', #9497 ) ;
#2785 =( GEOMETRIC_REPRESENTATION_CONTEXT ( 3 ) GLOBAL_UNCERTAINTY_ASSIGNED_CONTEXT ( ( #1463 ) ) GLOBAL_UNIT_ASSIGNED_CONTEXT ( ( #1793, #6751, #7087 ) ) REPRESENTATION_CONTEXT ( 'NONE', 'WORKASPACE' ) );
#2787 = DIRECTION ( 'NONE',  ( 0.000000000000000000, -0.000000000000000000, -1.000000000000000000 ) ) ;
#2786 =( GEOMETRIC_REPRESENTATION_CONTEXT ( 3 ) GLOBAL_UNCERTAINTY_ASSIGNED_CONTEXT ( ( #5765 ) ) GLOBAL_UNIT_ASSIGNED_CONTEXT ( ( #1699, #5117, #3329 ) ) REPRESENTATION_CONTEXT ( 'NONE', 'WORKASPACE' ) );
#2788 = SURFACE_STYLE_USAGE ( .BOTH. , #7844 ) ;
#2789 = CARTESIAN_POINT ( 'NONE',  ( 2.339999999999999858, 0.2999999999999999889, 1.850000000000004530 ) ) ;
#2790 = VECTOR ( 'NONE', #7291, 999.9999999999998863 ) ;
#2791 = ORIENTED_EDGE ( 'NONE', *, *, #3346, .T. ) ;
#2792 = DIRECTION ( 'NONE',  ( 0.000000000000000000, 0.000000000000000000, 1.000000000000000000 ) ) ;
#2793 = ORIENTED_EDGE ( 'NONE', *, *, #8778, .T. ) ;
#2794 =( BOUNDED_CURVE ( )  B_SPLINE_CURVE ( 3, ( #43, #4333, #214, #7766 ),
 .UNSPECIFIED., .F., .T. ) 
 B_SPLINE_CURVE_WITH_KNOTS ( ( 4, 4 ),
 ( 4.712388980384689674, 4.974188368183840581 ),
 .UNSPECIFIED. ) 
 CURVE ( )  GEOMETRIC_REPRESENTATION_ITEM ( )  RATIONAL_B_SPLINE_CURVE ( ( 1.000000000000000000, 0.9942965742492068104, 0.9942965742492068104, 1.000000000000000000 ) ) 
 REPRESENTATION_ITEM ( '' )  );
#2795 = FACE_OUTER_BOUND ( 'NONE', #2115, .T. ) ;
#2796 = STYLED_ITEM ( 'NONE', ( #479 ), #7552 ) ;
#2798 = VERTEX_POINT ( 'NONE', #6832 ) ;
#2797 = AXIS2_PLACEMENT_3D ( 'NONE', #3166, #1422, #1524 ) ;
#2799 = COLOUR_RGB ( '',1.000000000000000000, 0.8117647058823529438, 0.5019607843137254832 ) ;
#2800 = EDGE_CURVE ( 'NONE', #291, #8887, #8620, .T. ) ;
#2801 = FACE_OUTER_BOUND ( 'NONE', #5526, .T. ) ;
#2802 = CARTESIAN_POINT ( 'NONE',  ( -0.1599999999999999756, 1.749999999999999778, -0.3250000000000474176 ) ) ;
#2803 =( NAMED_UNIT ( * ) SI_UNIT ( $, .STERADIAN. ) SOLID_ANGLE_UNIT ( ) );
#2804 = LINE ( 'NONE', #3504, #7159 ) ;
#2805 = FACE_OUTER_BOUND ( 'NONE', #7956, .T. ) ;
#2806 = VECTOR ( 'NONE', #7898, 1000.000000000000000 ) ;
#2807 = SURFACE_STYLE_FILL_AREA ( #10424 ) ;
#2808 = ORIENTED_EDGE ( 'NONE', *, *, #6727, .F. ) ;
#2809 = ORIENTED_EDGE ( 'NONE', *, *, #10158, .T. ) ;
#2810 = COLOUR_RGB ( '',1.000000000000000000, 1.000000000000000000, 1.000000000000000000 ) ;
#2811 = LINE ( 'NONE', #2691, #3233 ) ;
#2812 = AXIS2_PLACEMENT_3D ( 'NONE', #863, #1628, #4996 ) ;
#2813 = CARTESIAN_POINT ( 'NONE',  ( -3.449999999999995293, 3.450000000000004619, -1.850000000000000533 ) ) ;
#2814 = EDGE_LOOP ( 'NONE', ( #4482, #7116, #7919, #9189, #3384, #8300 ) ) ;
#2815 = DIRECTION ( 'NONE',  ( -1.000000000000000000, 6.570922257487672349E-16, 0.000000000000000000 ) ) ;
#2816 = DIRECTION ( 'NONE',  ( 0.000000000000000000, -0.7071067811865482389, -0.7071067811865469066 ) ) ;
#2817 = VERTEX_POINT ( 'NONE', #10264 ) ;
#2818 = DIRECTION ( 'NONE',  ( -0.000000000000000000, -0.000000000000000000, -1.000000000000000000 ) ) ;
#2819 = SURFACE_SIDE_STYLE ('',( #4271 ) ) ;
#2820 = FILL_AREA_STYLE_COLOUR ( '', #1529 ) ;
#2821 = VERTEX_POINT ( 'NONE', #10212 ) ;
#2823 = LINE ( 'NONE', #9615, #454 ) ;
#2822 = DIRECTION ( 'NONE',  ( -1.000000000000000000, 0.000000000000000000, 0.000000000000000000 ) ) ;
#2824 = FACE_OUTER_BOUND ( 'NONE', #4298, .T. ) ;
#2825 =( GEOMETRIC_REPRESENTATION_CONTEXT ( 3 ) GLOBAL_UNCERTAINTY_ASSIGNED_CONTEXT ( ( #2338 ) ) GLOBAL_UNIT_ASSIGNED_CONTEXT ( ( #5522, #6290, #6357 ) ) REPRESENTATION_CONTEXT ( 'NONE', 'WORKASPACE' ) );
#2826 = EDGE_LOOP ( 'NONE', ( #5809, #3357, #4762, #2305 ) ) ;
#2827 = SURFACE_SIDE_STYLE ('',( #10393 ) ) ;
#2828 = ADVANCED_FACE ( 'NONE', ( #7742 ), #8681, .T. ) ;
#2829 = ORIENTED_EDGE ( 'NONE', *, *, #7855, .T. ) ;
#2830 = CARTESIAN_POINT ( 'NONE',  ( 1.325000000000004396, 2.099999999999997424, -1.450000000000040368 ) ) ;
#2831 = FILL_AREA_STYLE_COLOUR ( '', #4412 ) ;
#2832 = EDGE_CURVE ( 'NONE', #5515, #380, #4384, .T. ) ;
#2833 = LINE ( 'NONE', #7887, #10896 ) ;
#2834 = DIRECTION ( 'NONE',  ( -1.000000000000000000, -3.614007241618355673E-16, 0.000000000000000000 ) ) ;
#2835 = CARTESIAN_POINT ( 'NONE',  ( -3.525881904447568882, 1.749999999999999778, 0.1283451969090873557 ) ) ;
#2836 = CARTESIAN_POINT ( 'NONE',  ( -2.339999999999999858, 0.000000000000000000, -1.125000000000033973 ) ) ;
#2837 = VERTEX_POINT ( 'NONE', #8735 ) ;
#2838 = CARTESIAN_POINT ( 'NONE',  ( -5.199999999999999289, 2.599999999999999645, -1.850000000000000533 ) ) ;
#2839 = ORIENTED_EDGE ( 'NONE', *, *, #6744, .T. ) ;
#2840 = LINE ( 'NONE', #1262, #4066 ) ;
#2841 = EDGE_CURVE ( 'NONE', #9865, #2236, #10156, .T. ) ;
#2842 = CARTESIAN_POINT ( 'NONE',  ( 1.409999999999999698, 2.865743636076471645, -0.3250000000000474731 ) ) ;
#2843 = DIRECTION ( 'NONE',  ( -0.000000000000000000, 1.000000000000000000, -0.000000000000000000 ) ) ;
#2844 = ORIENTED_EDGE ( 'NONE', *, *, #6466, .T. ) ;
#2845 = CARTESIAN_POINT ( 'NONE',  ( 5.250000000000002665, 0.2999999999999994338, 0.8000000000000004885 ) ) ;
#2846 = LINE ( 'NONE', #10632, #10139 ) ;
#2847 = VECTOR ( 'NONE', #1562, 1000.000000000000114 ) ;
#2848 = PRESENTATION_STYLE_ASSIGNMENT (( #7850 ) ) ;
#2849 = ORIENTED_EDGE ( 'NONE', *, *, #237, .F. ) ;
#2850 = CARTESIAN_POINT ( 'NONE',  ( 2.025000000000005240, 3.249999999999996891, -1.850000000000000533 ) ) ;
#2851 = SURFACE_SIDE_STYLE ('',( #510 ) ) ;
#2852 = CARTESIAN_POINT ( 'NONE',  ( 4.000000000000001776, 4.700000000000000178, 0.9499999999999855227 ) ) ;
#2853 = SURFACE_STYLE_USAGE ( .BOTH. , #8617 ) ;
#2854 = VECTOR ( 'NONE', #8950, 1000.000000000000000 ) ;
#2855 = SURFACE_STYLE_USAGE ( .BOTH. , #362 ) ;
#2856 = EDGE_LOOP ( 'NONE', ( #2849, #929, #2228, #5676 ) ) ;
#2857 = DIRECTION ( 'NONE',  ( 0.000000000000000000, 0.000000000000000000, -1.000000000000000000 ) ) ;
#2858 = ORIENTED_EDGE ( 'NONE', *, *, #3214, .T. ) ;
#2859 = CYLINDRICAL_SURFACE ( 'NONE', #5014, 0.4499999999999999001 ) ;
#2860 = ADVANCED_FACE ( 'NONE', ( #4442 ), #7859, .F. ) ;
#2861 = UNCERTAINTY_MEASURE_WITH_UNIT (LENGTH_MEASURE( 1.000000000000000082E-05 ), #3964, 'distance_accuracy_value', 'NONE');
#2862 = FILL_AREA_STYLE ('',( #10479 ) ) ;
#2863 = ORIENTED_EDGE ( 'NONE', *, *, #10719, .T. ) ;
#2864 = FILL_AREA_STYLE ('',( #10432 ) ) ;
#2865 = ORIENTED_EDGE ( 'NONE', *, *, #9990, .F. ) ;
#2866 = DIRECTION ( 'NONE',  ( 0.000000000000000000, 0.000000000000000000, 1.000000000000000000 ) ) ;
#2867 = CARTESIAN_POINT ( 'NONE',  ( -1.189999999999999947, 4.000000000000000000, 0.000000000000000000 ) ) ;
#2868 = FACE_OUTER_BOUND ( 'NONE', #4825, .T. ) ;
#2869 = VECTOR ( 'NONE', #5778, 1000.000000000000000 ) ;
#2870 = ORIENTED_EDGE ( 'NONE', *, *, #2685, .F. ) ;
#2871 = UNCERTAINTY_MEASURE_WITH_UNIT (LENGTH_MEASURE( 1.000000000000000082E-05 ), #10702, 'distance_accuracy_value', 'NONE');
#2873 = LINE ( 'NONE', #10327, #3743 ) ;
#2872 = CARTESIAN_POINT ( 'NONE',  ( 5.000000000000006217, 0.2999999999999999334, -1.850000000000000533 ) ) ;
#2874 = ADVANCED_FACE ( 'NONE', ( #4614 ), #2256, .F. ) ;
#2875 = CARTESIAN_POINT ( 'NONE',  ( 1.409999999999999698, 0.03083447080518480002, 0.1748709736949816407 ) ) ;
#2876 = DIRECTION ( 'NONE',  ( 1.000000000000000000, 0.000000000000000000, -0.000000000000000000 ) ) ;
#2877 = DIRECTION ( 'NONE',  ( -1.000000000000000000, -0.000000000000000000, -0.000000000000000000 ) ) ;
#2878 = ORIENTED_EDGE ( 'NONE', *, *, #7040, .T. ) ;
#2879 = DIRECTION ( 'NONE',  ( -0.7071067811865454633, 0.7071067811865495711, 4.229411968546647998E-16 ) ) ;
#2880 = ORIENTED_EDGE ( 'NONE', *, *, #10250, .F. ) ;
#2881 =( LENGTH_UNIT ( ) NAMED_UNIT ( * ) SI_UNIT ( .MILLI., .METRE. ) );
#2882 = CYLINDRICAL_SURFACE ( 'NONE', #6158, 0.4499999999999999001 ) ;
#2883 = UNCERTAINTY_MEASURE_WITH_UNIT (LENGTH_MEASURE( 1.000000000000000082E-05 ), #8010, 'distance_accuracy_value', 'NONE');
#2884 = FILL_AREA_STYLE ('',( #9742 ) ) ;
#2885 = EDGE_CURVE ( 'NONE', #10365, #6953, #8130, .T. ) ;
#2886 = DIRECTION ( 'NONE',  ( 0.000000000000000000, -0.7071067811865470176, -0.7071067811865481278 ) ) ;
#2887 = UNCERTAINTY_MEASURE_WITH_UNIT (LENGTH_MEASURE( 1.000000000000000082E-05 ), #1592, 'distance_accuracy_value', 'NONE');
#2888 = DIRECTION ( 'NONE',  ( -0.000000000000000000, -0.000000000000000000, 1.000000000000000000 ) ) ;
#2890 = EDGE_CURVE ( 'NONE', #5572, #8082, #1220, .T. ) ;
#2889 = AXIS2_PLACEMENT_3D ( 'NONE', #6748, #6242, #8754 ) ;
#2891 =( LENGTH_UNIT ( ) NAMED_UNIT ( * ) SI_UNIT ( .MILLI., .METRE. ) );
#2892 = ORIENTED_EDGE ( 'NONE', *, *, #1676, .T. ) ;
#2893 = DIRECTION ( 'NONE',  ( -1.000000000000000000, -0.000000000000000000, -0.000000000000000000 ) ) ;
#2894 = ORIENTED_EDGE ( 'NONE', *, *, #1885, .T. ) ;
#2895 = LINE ( 'NONE', #5495, #84 ) ;
#2896 = ORIENTED_EDGE ( 'NONE', *, *, #5527, .F. ) ;
#2897 = AXIS2_PLACEMENT_3D ( 'NONE', #9344, #5188, #3903 ) ;
#2898 = SURFACE_STYLE_USAGE ( .BOTH. , #1363 ) ;
#2899 = UNCERTAINTY_MEASURE_WITH_UNIT (LENGTH_MEASURE( 1.000000000000000082E-05 ), #3397, 'distance_accuracy_value', 'NONE');
#2900 = SURFACE_SIDE_STYLE ('',( #8005 ) ) ;
#2901 = EDGE_CURVE ( 'NONE', #2284, #1517, #2048, .T. ) ;
#2902 = CARTESIAN_POINT ( 'NONE',  ( 5.000000000000006217, 0.2999999999999999889, -1.849999999999996980 ) ) ;
#2903 = CARTESIAN_POINT ( 'NONE',  ( -1.090000000000000080, -1.125000000000002442, 1.125000000000004663 ) ) ;
#2904 = ORIENTED_EDGE ( 'NONE', *, *, #5062, .T. ) ;
#2905 =( GEOMETRIC_REPRESENTATION_CONTEXT ( 3 ) GLOBAL_UNCERTAINTY_ASSIGNED_CONTEXT ( ( #1003 ) ) GLOBAL_UNIT_ASSIGNED_CONTEXT ( ( #7347, #9207, #2524 ) ) REPRESENTATION_CONTEXT ( 'NONE', 'WORKASPACE' ) );
#2906 = EDGE_CURVE ( 'NONE', #5368, #8567, #3717, .T. ) ;
#2907 = DIRECTION ( 'NONE',  ( 0.000000000000000000, -0.000000000000000000, 1.000000000000000000 ) ) ;
#2908 = CARTESIAN_POINT ( 'NONE',  ( 3.700000000000019273, 1.749999999999999778, -0.6750000000000013767 ) ) ;
#2909 = ORIENTED_EDGE ( 'NONE', *, *, #8490, .T. ) ;
#2910 = LINE ( 'NONE', #6447, #4163 ) ;
#2911 = ORIENTED_EDGE ( 'NONE', *, *, #6911, .F. ) ;
#2912 = AXIS2_PLACEMENT_3D ( 'NONE', #3215, #1585, #6594 ) ;
#2913 = LINE ( 'NONE', #8889, #1669 ) ;
#2914 = EDGE_CURVE ( 'NONE', #2594, #3603, #7123, .T. ) ;
#2915 = COLOUR_RGB ( '',1.000000000000000000, 1.000000000000000000, 1.000000000000000000 ) ;
#2916 = CARTESIAN_POINT ( 'NONE',  ( -1.724999999999999423, 2.399999999999994138, 0.5499999999999801714 ) ) ;
#2917 = ORIENTED_EDGE ( 'NONE', *, *, #5589, .F. ) ;
#2918 = FILL_AREA_STYLE_COLOUR ( '', #7461 ) ;
#2919 = VECTOR ( 'NONE', #151, 1000.000000000000000 ) ;
#2920 = LINE ( 'NONE', #9726, #8314 ) ;
#2921 = SURFACE_SIDE_STYLE ('',( #8022 ) ) ;
#2922 = DIRECTION ( 'NONE',  ( 0.000000000000000000, -1.000000000000000000, 0.000000000000000000 ) ) ;
#2923 =( NAMED_UNIT ( * ) SI_UNIT ( $, .STERADIAN. ) SOLID_ANGLE_UNIT ( ) );
#2924 = AXIS2_PLACEMENT_3D ( 'NONE', #5345, #8202, #1347 ) ;
#2925 = EDGE_LOOP ( 'NONE', ( #2609, #9694, #1332, #2556 ) ) ;
#2926 = FACE_OUTER_BOUND ( 'NONE', #1282, .T. ) ;
#2927 = PRESENTATION_LAYER_ASSIGNMENT (  '', '', ( #5054 ) ) ;
#2928 = EDGE_LOOP ( 'NONE', ( #6156, #143, #803, #7989 ) ) ;
#2929 = CARTESIAN_POINT ( 'NONE',  ( -1.409999999999999920, 0.000000000000000000, 1.850000000000004530 ) ) ;
#2930 = EDGE_CURVE ( 'NONE', #4894, #10365, #2910, .T. ) ;
#2931 = ORIENTED_EDGE ( 'NONE', *, *, #10316, .F. ) ;
#2932 = CARTESIAN_POINT ( 'NONE',  ( 3.416854847499426917, 4.416854847499403824, 0.09913148504669003214 ) ) ;
#2933 = LINE ( 'NONE', #8252, #7451 ) ;
#2934 = LINE ( 'NONE', #9688, #1487 ) ;
#2935 = CARTESIAN_POINT ( 'NONE',  ( -1.090000000000000080, 1.749999999999999778, 0.000000000000000000 ) ) ;
#2936 = PLANE ( 'NONE',  #4157 ) ;
#2937 = EDGE_LOOP ( 'NONE', ( #7827, #8965, #10488, #8596, #4222, #6577, #5684, #5228 ) ) ;
#2938 =( LENGTH_UNIT ( ) NAMED_UNIT ( * ) SI_UNIT ( .MILLI., .METRE. ) );
#2939 = ORIENTED_EDGE ( 'NONE', *, *, #8912, .F. ) ;
#2940 =( NAMED_UNIT ( * ) PLANE_ANGLE_UNIT ( ) SI_UNIT ( $, .RADIAN. ) );
#2942 = DIRECTION ( 'NONE',  ( 0.000000000000000000, -0.7071067811865391350, 0.7071067811865560104 ) ) ;
#2941 =( GEOMETRIC_REPRESENTATION_CONTEXT ( 3 ) GLOBAL_UNCERTAINTY_ASSIGNED_CONTEXT ( ( #5656 ) ) GLOBAL_UNIT_ASSIGNED_CONTEXT ( ( #245, #8611, #5294 ) ) REPRESENTATION_CONTEXT ( 'NONE', 'WORKASPACE' ) );
#2943 = ORIENTED_EDGE ( 'NONE', *, *, #1275, .T. ) ;
#2944 =( GEOMETRIC_REPRESENTATION_CONTEXT ( 3 ) GLOBAL_UNCERTAINTY_ASSIGNED_CONTEXT ( ( #7463 ) ) GLOBAL_UNIT_ASSIGNED_CONTEXT ( ( #3510, #5952, #10065 ) ) REPRESENTATION_CONTEXT ( 'NONE', 'WORKASPACE' ) );
#2945 = PLANE ( 'NONE',  #2967 ) ;
#2946 = FACE_OUTER_BOUND ( 'NONE', #5213, .T. ) ;
#2947 = CARTESIAN_POINT ( 'NONE',  ( -1.090000000000000080, 0.4500000000000000111, 1.850000000000004530 ) ) ;
#2948 = LINE ( 'NONE', #6334, #10737 ) ;
#2949 = AXIS2_PLACEMENT_3D ( 'NONE', #10088, #770, #9253 ) ;
#2950 = ORIENTED_EDGE ( 'NONE', *, *, #6338, .F. ) ;
#2951 = AXIS2_PLACEMENT_3D ( 'NONE', #7572, #2477, #8388 ) ;
#2952 = FILL_AREA_STYLE ('',( #4773 ) ) ;
#2953 = FILL_AREA_STYLE_COLOUR ( '', #2511 ) ;
#2954 = VECTOR ( 'NONE', #5785, 1000.000000000000000 ) ;
#2955 = LINE ( 'NONE', #413, #2760 ) ;
#2956 = DIRECTION ( 'NONE',  ( 0.000000000000000000, 0.7071067811865391350, -0.7071067811865560104 ) ) ;
#2957 = EDGE_CURVE ( 'NONE', #705, #2140, #3825, .T. ) ;
#2958 =( NAMED_UNIT ( * ) SI_UNIT ( $, .STERADIAN. ) SOLID_ANGLE_UNIT ( ) );
#2959 = DIRECTION ( 'NONE',  ( 0.000000000000000000, 0.7071067811865391350, -0.7071067811865560104 ) ) ;
#2960 = ORIENTED_EDGE ( 'NONE', *, *, #10587, .T. ) ;
#2961 = EDGE_CURVE ( 'NONE', #3208, #4504, #1280, .T. ) ;
#2962 = FACE_OUTER_BOUND ( 'NONE', #2173, .T. ) ;
#2963 = ORIENTED_EDGE ( 'NONE', *, *, #4087, .T. ) ;
#2964 = MECHANICAL_DESIGN_GEOMETRIC_PRESENTATION_REPRESENTATION (  '', ( #6130 ), #2785 ) ;
#2965 = ADVANCED_FACE ( 'NONE', ( #2962 ), #6348, .F. ) ;
#2966 = DIRECTION ( 'NONE',  ( 1.000000000000000000, 0.000000000000000000, 0.000000000000000000 ) ) ;
#2967 = AXIS2_PLACEMENT_3D ( 'NONE', #1314, #10629, #4654 ) ;
#2968 = AXIS2_PLACEMENT_3D ( 'NONE', #8001, #451, #2942 ) ;
#2969 = SURFACE_STYLE_USAGE ( .BOTH. , #10539 ) ;
#2970 = DIRECTION ( 'NONE',  ( 0.000000000000000000, -1.000000000000000000, -1.355252715606880296E-16 ) ) ;
#2971 = PRESENTATION_LAYER_ASSIGNMENT (  '', '', ( #8106 ) ) ;
#2972 = EDGE_LOOP ( 'NONE', ( #6986, #7840, #9837, #3662 ) ) ;
#2973 = LINE ( 'NONE', #6403, #2854 ) ;
#2974 = CARTESIAN_POINT ( 'NONE',  ( -1.409999999999999920, 0.000000000000000000, 0.000000000000000000 ) ) ;
#2975 = DIRECTION ( 'NONE',  ( -0.000000000000000000, 1.000000000000000000, -0.000000000000000000 ) ) ;
#2976 = CARTESIAN_POINT ( 'NONE',  ( -3.525881904447568882, 1.749999999999999778, -0.6283451969090763090 ) ) ;
#2978 = DIRECTION ( 'NONE',  ( -1.000000000000000000, 0.000000000000000000, 0.000000000000000000 ) ) ;
#2977 = PRESENTATION_LAYER_ASSIGNMENT (  '', '', ( #3318 ) ) ;
#2979 = VERTEX_POINT ( 'NONE', #9983 ) ;
#2980 = SURFACE_STYLE_FILL_AREA ( #10551 ) ;
#2981 = CARTESIAN_POINT ( 'NONE',  ( -4.669999999999994600, 1.399999999999999689, 0.3500000000000037526 ) ) ;
#2982 = ORIENTED_EDGE ( 'NONE', *, *, #9935, .T. ) ;
#2983 = ORIENTED_EDGE ( 'NONE', *, *, #9559, .F. ) ;
#2984 = DIRECTION ( 'NONE',  ( 0.6947465906068678310, 0.6947465906068639452, 0.1861567878973839074 ) ) ;
#2985 = CARTESIAN_POINT ( 'NONE',  ( 0.000000000000000000, 0.000000000000000000, 0.8000000000000004885 ) ) ;
#2986 = UNCERTAINTY_MEASURE_WITH_UNIT (LENGTH_MEASURE( 1.000000000000000082E-05 ), #7955, 'distance_accuracy_value', 'NONE');
#2987 = CARTESIAN_POINT ( 'NONE',  ( -5.084999999999994635, 0.2500000000000012768, 0.7650000000000044542 ) ) ;
#2988 = EDGE_CURVE ( 'NONE', #5931, #8888, #10090, .T. ) ;
#2989 = UNCERTAINTY_MEASURE_WITH_UNIT (LENGTH_MEASURE( 1.000000000000000082E-05 ), #2309, 'distance_accuracy_value', 'NONE');
#2990 = PRESENTATION_LAYER_ASSIGNMENT (  '', '', ( #37 ) ) ;
#2991 = SURFACE_STYLE_FILL_AREA ( #444 ) ;
#2992 = ORIENTED_EDGE ( 'NONE', *, *, #1391, .T. ) ;
#2993 = PLANE ( 'NONE',  #9169 ) ;
#2994 = ORIENTED_EDGE ( 'NONE', *, *, #10643, .F. ) ;
#2995 = DIRECTION ( 'NONE',  ( 0.000000000000000000, -1.000000000000000000, 0.000000000000000000 ) ) ;
#2996 = VECTOR ( 'NONE', #3235, 1000.000000000000000 ) ;
#2997 = CARTESIAN_POINT ( 'NONE',  ( 3.500000000000000888, 0.2999999999999999889, -0.9500000000000009548 ) ) ;
#2998 = ORIENTED_EDGE ( 'NONE', *, *, #8781, .F. ) ;
#2999 = FILL_AREA_STYLE ('',( #7959 ) ) ;
#3000 = FILL_AREA_STYLE ('',( #5616 ) ) ;
#3001 = EDGE_CURVE ( 'NONE', #3693, #10823, #15, .T. ) ;
#3002 = FILL_AREA_STYLE ('',( #4604 ) ) ;
#3003 = CARTESIAN_POINT ( 'NONE',  ( -4.219999999999995310, 1.200000000000000178, -1.749999999999994449 ) ) ;
#3004 =( GEOMETRIC_REPRESENTATION_CONTEXT ( 3 ) GLOBAL_UNCERTAINTY_ASSIGNED_CONTEXT ( ( #10834 ) ) GLOBAL_UNIT_ASSIGNED_CONTEXT ( ( #1100, #3819, #2092 ) ) REPRESENTATION_CONTEXT ( 'NONE', 'WORKASPACE' ) );
#3005 = ORIENTED_EDGE ( 'NONE', *, *, #4203, .T. ) ;
#3006 = DIRECTION ( 'NONE',  ( 0.000000000000000000, -1.000000000000000000, 0.000000000000000000 ) ) ;
#3007 =( NAMED_UNIT ( * ) SI_UNIT ( $, .STERADIAN. ) SOLID_ANGLE_UNIT ( ) );
#3008 = DIRECTION ( 'NONE',  ( -1.000000000000000000, -0.000000000000000000, -0.000000000000000000 ) ) ;
#3009 = CARTESIAN_POINT ( 'NONE',  ( 5.500000000000000888, 4.699999999999999289, -1.849999999999996980 ) ) ;
#3010 =( LENGTH_UNIT ( ) NAMED_UNIT ( * ) SI_UNIT ( .MILLI., .METRE. ) );
#3011 = ORIENTED_EDGE ( 'NONE', *, *, #3566, .T. ) ;
#3012 = CARTESIAN_POINT ( 'NONE',  ( 2.339999999999999858, 0.000000000000000000, 0.000000000000000000 ) ) ;
#3013 = ORIENTED_EDGE ( 'NONE', *, *, #10909, .F. ) ;
#3014 = DIRECTION ( 'NONE',  ( -0.2133021165724263701, 0.9621436710723738628, -0.1696518885279461875 ) ) ;
#3015 = EDGE_CURVE ( 'NONE', #3306, #8087, #8381, .T. ) ;
#3016 = DIRECTION ( 'NONE',  ( -0.9762960071199341394, -0.2164396139380997119, -0.000000000000000000 ) ) ;
#3017 = EDGE_CURVE ( 'NONE', #989, #7305, #2410, .T. ) ;
#3018 = EDGE_LOOP ( 'NONE', ( #2782, #10060, #4216, #5468, #5418, #1549 ) ) ;
#3019 = LINE ( 'NONE', #9049, #5143 ) ;
#3020 = LINE ( 'NONE', #6404, #1440 ) ;
#3021 = FILL_AREA_STYLE_COLOUR ( '', #1681 ) ;
#3022 = CARTESIAN_POINT ( 'NONE',  ( 4.000000000000001776, 2.899999999999999467, -1.850000000000000533 ) ) ;
#3023 = DIRECTION ( 'NONE',  ( -3.614007241618355673E-16, -1.000000000000000000, 0.000000000000000000 ) ) ;
#3024 = FACE_OUTER_BOUND ( 'NONE', #6050, .T. ) ;
#3025 = ORIENTED_EDGE ( 'NONE', *, *, #2800, .F. ) ;
#3026 = VECTOR ( 'NONE', #9491, 1000.000000000000000 ) ;
#3027 = EDGE_CURVE ( 'NONE', #1714, #6326, #4836, .T. ) ;
#3028 = EDGE_CURVE ( 'NONE', #3375, #9570, #7018, .T. ) ;
#3029 = CARTESIAN_POINT ( 'NONE',  ( -4.300000000000001599, 2.600000000000000533, -1.850000000000000533 ) ) ;
#3030 = VERTEX_POINT ( 'NONE', #3225 ) ;
#3031 = EDGE_CURVE ( 'NONE', #155, #3648, #10758, .T. ) ;
#3032 = ORIENTED_EDGE ( 'NONE', *, *, #5576, .F. ) ;
#3033 = VECTOR ( 'NONE', #8107, 1000.000000000000000 ) ;
#3034 = SURFACE_STYLE_USAGE ( .BOTH. , #10448 ) ;
#3035 = PLANE ( 'NONE',  #9987 ) ;
#3036 = DIRECTION ( 'NONE',  ( 0.000000000000000000, 0.000000000000000000, 1.000000000000000000 ) ) ;
#3037 = SURFACE_STYLE_USAGE ( .BOTH. , #1350 ) ;
#3038 = FILL_AREA_STYLE_COLOUR ( '', #8433 ) ;
#3039 = LINE ( 'NONE', #3746, #8798 ) ;
#3040 = ORIENTED_EDGE ( 'NONE', *, *, #9456, .T. ) ;
#3041 = AXIS2_PLACEMENT_3D ( 'NONE', #3581, #441, #5436 ) ;
#3042 = CARTESIAN_POINT ( 'NONE',  ( -4.000000000000001776, 2.078323961923562724, 0.8000000000000004885 ) ) ;
#3043 = ORIENTED_EDGE ( 'NONE', *, *, #3157, .T. ) ;
#3044 = CARTESIAN_POINT ( 'NONE',  ( 4.119999999999993001, 1.750000000000001554, -1.849999999999996758 ) ) ;
#3045 = CARTESIAN_POINT ( 'NONE',  ( 1.089999999999999858, 2.865743636076471201, -1.125000000000033973 ) ) ;
#3046 = CARTESIAN_POINT ( 'NONE',  ( 2.660000000000000142, 0.000000000000000000, 1.850000000000004530 ) ) ;
#3047 = LINE ( 'NONE', #2845, #7222 ) ;
#3048 = AXIS2_PLACEMENT_3D ( 'NONE', #2702, #10228, #6067 ) ;
#3049 = FACE_OUTER_BOUND ( 'NONE', #2029, .T. ) ;
#3050 = EDGE_LOOP ( 'NONE', ( #2153, #1159, #2079, #2939 ) ) ;
#3051 = CARTESIAN_POINT ( 'NONE',  ( -4.669999999999994600, 1.399999999999999911, 0.3500000000000037526 ) ) ;
#3052 =( NAMED_UNIT ( * ) PLANE_ANGLE_UNIT ( ) SI_UNIT ( $, .RADIAN. ) );
#3054 = FILL_AREA_STYLE ('',( #3173 ) ) ;
#3053 = COLOUR_RGB ( '',1.000000000000000000, 0.8117647058823529438, 0.5019607843137254832 ) ;
#3055 = PRESENTATION_STYLE_ASSIGNMENT (( #10752 ) ) ;
#3056 = ADVANCED_FACE ( 'NONE', ( #606 ), #7567, .F. ) ;
#3057 = LINE ( 'NONE', #7965, #9797 ) ;
#3058 =( NAMED_UNIT ( * ) SI_UNIT ( $, .STERADIAN. ) SOLID_ANGLE_UNIT ( ) );
#3059 = EDGE_LOOP ( 'NONE', ( #7292, #2689, #5850, #79, #7216, #660 ) ) ;
#3060 = CARTESIAN_POINT ( 'NONE',  ( 1.409999999999999698, 0.2787990747163040517, -1.581148123764847258 ) ) ;
#3061 = ORIENTED_EDGE ( 'NONE', *, *, #2759, .F. ) ;
#3062 = DIRECTION ( 'NONE',  ( -1.000000000000000000, 0.000000000000000000, 0.000000000000000000 ) ) ;
#3063 = SURFACE_SIDE_STYLE ('',( #9616 ) ) ;
#3064 = MECHANICAL_DESIGN_GEOMETRIC_PRESENTATION_REPRESENTATION (  '', ( #472 ), #2043 ) ;
#3065 = AXIS2_PLACEMENT_3D ( 'NONE', #2985, #8311, #9123 ) ;
#3066 = DIRECTION ( 'NONE',  ( 0.000000000000000000, -1.355252715606880049E-16, 1.000000000000000000 ) ) ;
#3067 = FILL_AREA_STYLE ('',( #729 ) ) ;
#3068 = AXIS2_PLACEMENT_3D ( 'NONE', #3725, #4092, #2481 ) ;
#3069 = EDGE_LOOP ( 'NONE', ( #7254, #5988, #118, #33 ) ) ;
#3070 = LINE ( 'NONE', #7628, #4052 ) ;
#3071 = CARTESIAN_POINT ( 'NONE',  ( 5.084999999999994635, 0.2500000000000000000, 0.7650000000000047873 ) ) ;
#3072 = ORIENTED_EDGE ( 'NONE', *, *, #4034, .F. ) ;
#3073 = DIRECTION ( 'NONE',  ( 1.000000000000000000, -0.000000000000000000, 0.000000000000000000 ) ) ;
#3074 = CARTESIAN_POINT ( 'NONE',  ( -3.500000000000001776, -1.029563014098700879, -1.850000000000000533 ) ) ;
#3075 = VERTEX_POINT ( 'NONE', #3178 ) ;
#3076 = VECTOR ( 'NONE', #6254, 1000.000000000000000 ) ;
#3077 = SURFACE_STYLE_FILL_AREA ( #10450 ) ;
#3078 = ORIENTED_EDGE ( 'NONE', *, *, #6009, .F. ) ;
#3079 = ADVANCED_FACE ( 'NONE', ( #6558 ), #9932, .F. ) ;
#3080 = VECTOR ( 'NONE', #6657, 1000.000000000000000 ) ;
#3081 = DIRECTION ( 'NONE',  ( 1.000000000000000000, -0.000000000000000000, 0.000000000000000000 ) ) ;
#3082 = CARTESIAN_POINT ( 'NONE',  ( -4.140849737787074325, 0.2999999999999999889, -1.849999999999995870 ) ) ;
#3083 = VECTOR ( 'NONE', #215, 1000.000000000000000 ) ;
#3084 = EDGE_LOOP ( 'NONE', ( #2602, #5905, #5022, #10827 ) ) ;
#3085 = PLANE ( 'NONE',  #2300 ) ;
#3086 = EDGE_LOOP ( 'NONE', ( #3468, #8516, #6704, #4606 ) ) ;
#3087 = SURFACE_SIDE_STYLE ('',( #482 ) ) ;
#3088 =( NAMED_UNIT ( * ) PLANE_ANGLE_UNIT ( ) SI_UNIT ( $, .RADIAN. ) );
#3089 = CARTESIAN_POINT ( 'NONE',  ( -2.025000000000000355, 4.699999999999997513, -1.750000000000039968 ) ) ;
#3090 = EDGE_CURVE ( 'NONE', #7981, #2333, #6094, .T. ) ;
#3091 = COLOUR_RGB ( '',1.000000000000000000, 1.000000000000000000, 1.000000000000000000 ) ;
#3092 = UNCERTAINTY_MEASURE_WITH_UNIT (LENGTH_MEASURE( 1.000000000000000082E-05 ), #7419, 'distance_accuracy_value', 'NONE');
#3093 = EDGE_CURVE ( 'NONE', #3549, #10047, #6878, .T. ) ;
#3094 = FILL_AREA_STYLE ('',( #9184 ) ) ;
#3095 = VECTOR ( 'NONE', #5191, 999.9999999999998863 ) ;
#3096 = EDGE_CURVE ( 'NONE', #2204, #1517, #3545, .T. ) ;
#3097 = UNCERTAINTY_MEASURE_WITH_UNIT (LENGTH_MEASURE( 1.000000000000000082E-05 ), #7816, 'distance_accuracy_value', 'NONE');
#3098 = CARTESIAN_POINT ( 'NONE',  ( -3.400000000000024780, 4.400000000000002132, -0.7249377794898655969 ) ) ;
#3099 = ORIENTED_EDGE ( 'NONE', *, *, #3349, .F. ) ;
#3100 = SURFACE_STYLE_FILL_AREA ( #641 ) ;
#3101 = ORIENTED_EDGE ( 'NONE', *, *, #5606, .T. ) ;
#3102 = PLANE ( 'NONE',  #6603 ) ;
#3103 = STYLED_ITEM ( 'NONE', ( #10751 ), #1160 ) ;
#3104 = SURFACE_STYLE_FILL_AREA ( #8825 ) ;
#3105 = DIRECTION ( 'NONE',  ( -1.000000000000000000, -0.000000000000000000, -0.000000000000000000 ) ) ;
#3106 = EDGE_CURVE ( 'NONE', #9941, #9181, #64, .T. ) ;
#3107 = PRESENTATION_STYLE_ASSIGNMENT (( #10742 ) ) ;
#3108 = STYLED_ITEM ( 'NONE', ( #5200 ), #5922 ) ;
#3109 = CARTESIAN_POINT ( 'NONE',  ( -4.692346999254250584, 1.346049571322038840, -1.803950428677955520 ) ) ;
#3110 = DIRECTION ( 'NONE',  ( 0.000000000000000000, 0.000000000000000000, 1.000000000000000000 ) ) ;
#3111 = CARTESIAN_POINT ( 'NONE',  ( 6.489770460511925521, 0.3602469863822899132, -0.6397704605119233223 ) ) ;
#3112 = ORIENTED_EDGE ( 'NONE', *, *, #437, .F. ) ;
#3113 = FACE_OUTER_BOUND ( 'NONE', #5122, .T. ) ;
#3114 = STYLED_ITEM ( 'NONE', ( #4264 ), #6314 ) ;
#3115 = CARTESIAN_POINT ( 'NONE',  ( -1.324999999999999067, -2.498378919205726108E-16, -1.850000000000000533 ) ) ;
#3116 = LINE ( 'NONE', #7341, #5036 ) ;
#3117 = CARTESIAN_POINT ( 'NONE',  ( -2.339999999999999858, 0.8750000000000023315, 0.8749999999999814593 ) ) ;
#3118 = LINE ( 'NONE', #4131, #6675 ) ;
#3119 = ORIENTED_EDGE ( 'NONE', *, *, #9316, .T. ) ;
#3120 = VECTOR ( 'NONE', #4870, 1000.000000000000000 ) ;
#3121 = CARTESIAN_POINT ( 'NONE',  ( 4.669999999999994600, 0.4499999999999999001, 0.3500000000000037526 ) ) ;
#3122 = VERTEX_POINT ( 'NONE', #7848 ) ;
#3123 = FACE_OUTER_BOUND ( 'NONE', #3718, .T. ) ;
#3124 = AXIS2_PLACEMENT_3D ( 'NONE', #880, #10142, #2576 ) ;
#3126 = DIRECTION ( 'NONE',  ( -0.000000000000000000, 4.858652729125647824E-17, 1.000000000000000000 ) ) ;
#3125 =( GEOMETRIC_REPRESENTATION_CONTEXT ( 3 ) GLOBAL_UNCERTAINTY_ASSIGNED_CONTEXT ( ( #3967 ) ) GLOBAL_UNIT_ASSIGNED_CONTEXT ( ( #7895, #4966, #7839 ) ) REPRESENTATION_CONTEXT ( 'NONE', 'WORKASPACE' ) );
#3127 = EDGE_CURVE ( 'NONE', #5295, #773, #5221, .T. ) ;
#3128 = CARTESIAN_POINT ( 'NONE',  ( -2.660000000000000142, 0.3000000000000002665, 4.065758146820575067E-17 ) ) ;
#3129 = MECHANICAL_DESIGN_GEOMETRIC_PRESENTATION_REPRESENTATION (  '', ( #10549 ), #10906 ) ;
#3130 = DIRECTION ( 'NONE',  ( -1.000000000000000000, 6.570922257487672349E-16, 1.182766006347823109E-16 ) ) ;
#3131 = PRESENTATION_LAYER_ASSIGNMENT (  '', '', ( #8092 ) ) ;
#3132 = VERTEX_POINT ( 'NONE', #9314 ) ;
#3133 = DIRECTION ( 'NONE',  ( -0.000000000000000000, 0.1736481776669264454, 0.9848077530122087975 ) ) ;
#3134 = LINE ( 'NONE', #6614, #9893 ) ;
#3135 = AXIS2_PLACEMENT_3D ( 'NONE', #1004, #5251, #2822 ) ;
#3136 = EDGE_LOOP ( 'NONE', ( #2894, #894, #5844, #5661 ) ) ;
#3137 = CARTESIAN_POINT ( 'NONE',  ( 5.000000000000006217, 1.399999999999998801, 0.3500000000000037526 ) ) ;
#3138 = VERTEX_POINT ( 'NONE', #7795 ) ;
#3139 = AXIS2_PLACEMENT_3D ( 'NONE', #1702, #10251, #8606 ) ;
#3140 = VECTOR ( 'NONE', #3542, 1000.000000000000000 ) ;
#3141 = LINE ( 'NONE', #10656, #1135 ) ;
#3142 = EDGE_CURVE ( 'NONE', #8103, #496, #4305, .T. ) ;
#3143 = VECTOR ( 'NONE', #2224, 1000.000000000000000 ) ;
#3144 = LINE ( 'NONE', #624, #4329 ) ;
#3145 =( GEOMETRIC_REPRESENTATION_CONTEXT ( 3 ) GLOBAL_UNCERTAINTY_ASSIGNED_CONTEXT ( ( #589 ) ) GLOBAL_UNIT_ASSIGNED_CONTEXT ( ( #9873, #8120, #7165 ) ) REPRESENTATION_CONTEXT ( 'NONE', 'WORKASPACE' ) );
#3146 = EDGE_CURVE ( 'NONE', #1025, #3169, #9480, .T. ) ;
#3147 = FACE_OUTER_BOUND ( 'NONE', #10126, .T. ) ;
#3148 = ORIENTED_EDGE ( 'NONE', *, *, #3697, .F. ) ;
#3149 = VECTOR ( 'NONE', #8164, 1000.000000000000114 ) ;
#3150 = LINE ( 'NONE', #10825, #6530 ) ;
#3151 = ORIENTED_EDGE ( 'NONE', *, *, #9540, .F. ) ;
#3152 = CARTESIAN_POINT ( 'NONE',  ( -2.350000000000001865, -2.350000000000000089, -1.850000000000000533 ) ) ;
#3153 = CARTESIAN_POINT ( 'NONE',  ( -4.219999999999995310, 0.4500000000000008993, -1.749999999999994449 ) ) ;
#3154 = AXIS2_PLACEMENT_3D ( 'NONE', #9472, #1914, #10245 ) ;
#3155 =( NAMED_UNIT ( * ) SI_UNIT ( $, .STERADIAN. ) SOLID_ANGLE_UNIT ( ) );
#3156 = CARTESIAN_POINT ( 'NONE',  ( -1.409999999999999920, 0.1000000000000000056, 2.350000000000004530 ) ) ;
#3157 = EDGE_CURVE ( 'NONE', #8463, #10321, #9420, .T. ) ;
#3158 =( GEOMETRIC_REPRESENTATION_CONTEXT ( 3 ) GLOBAL_UNCERTAINTY_ASSIGNED_CONTEXT ( ( #2986 ) ) GLOBAL_UNIT_ASSIGNED_CONTEXT ( ( #7955, #3749, #5551 ) ) REPRESENTATION_CONTEXT ( 'NONE', 'WORKASPACE' ) );
#3159 = ORIENTED_EDGE ( 'NONE', *, *, #10029, .F. ) ;
#3160 = EDGE_CURVE ( 'NONE', #1564, #3762, #5060, .T. ) ;
#3161 = CARTESIAN_POINT ( 'NONE',  ( 3.400000000000025224, 4.400000000000002132, 0.2249377794898757832 ) ) ;
#3162 = VERTEX_POINT ( 'NONE', #4371 ) ;
#3163 = SURFACE_STYLE_USAGE ( .BOTH. , #7384 ) ;
#3164 = FACE_OUTER_BOUND ( 'NONE', #5005, .T. ) ;
#3165 = DIRECTION ( 'NONE',  ( 0.000000000000000000, 1.000000000000000000, -4.858652729125647208E-17 ) ) ;
#3166 = CARTESIAN_POINT ( 'NONE',  ( 3.499999999950210494, 1.749999999999999778, 0.2249377794898757554 ) ) ;
#3167 = AXIS2_PLACEMENT_3D ( 'NONE', #6367, #10661, #10558 ) ;
#3168 = DIRECTION ( 'NONE',  ( 0.000000000000000000, 0.000000000000000000, 1.000000000000000000 ) ) ;
#3169 = VERTEX_POINT ( 'NONE', #9373 ) ;
#3170 = FACE_OUTER_BOUND ( 'NONE', #2928, .T. ) ;
#3171 = VECTOR ( 'NONE', #10206, 1000.000000000000000 ) ;
#3172 = FACE_OUTER_BOUND ( 'NONE', #754, .T. ) ;
#3173 = FILL_AREA_STYLE_COLOUR ( '', #3441 ) ;
#3174 = CARTESIAN_POINT ( 'NONE',  ( 2.425000000000003819, -9.145009628790792136E-16, -1.850000000000000533 ) ) ;
#3175 = DIRECTION ( 'NONE',  ( -0.000000000000000000, 0.000000000000000000, -1.000000000000000000 ) ) ;
#3176 = FILL_AREA_STYLE_COLOUR ( '', #2775 ) ;
#3177 = ORIENTED_EDGE ( 'NONE', *, *, #8907, .F. ) ;
#3178 = CARTESIAN_POINT ( 'NONE',  ( 2.339999999999999858, 2.865743636076471645, -0.3250000000000474731 ) ) ;
#3179 = VERTEX_POINT ( 'NONE', #7731 ) ;
#3180 = VECTOR ( 'NONE', #1968, 1000.000000000000000 ) ;
#3181 = CARTESIAN_POINT ( 'NONE',  ( 1.310000000000000053, 4.000000000000000000, -0.9250000000000404565 ) ) ;
#3182 =( NAMED_UNIT ( * ) SI_UNIT ( $, .STERADIAN. ) SOLID_ANGLE_UNIT ( ) );
#3183 = PRESENTATION_STYLE_ASSIGNMENT (( #4845 ) ) ;
#3184 = CARTESIAN_POINT ( 'NONE',  ( 1.189999999999999725, 3.999999999999999112, -0.5250000000000403233 ) ) ;
#3185 = DIRECTION ( 'NONE',  ( -0.7071067811865485719, -0.7071067811865465735, 1.277744513902816959E-16 ) ) ;
#3186 = AXIS2_PLACEMENT_3D ( 'NONE', #5757, #9118, #9949 ) ;
#3187 = PLANE ( 'NONE',  #7566 ) ;
#3188 = ORIENTED_EDGE ( 'NONE', *, *, #9434, .F. ) ;
#3189 = DIRECTION ( 'NONE',  ( -0.2133021165724263701, 0.9621436710723738628, -0.1696518885279461875 ) ) ;
#3190 = VERTEX_POINT ( 'NONE', #882 ) ;
#3191 = DIRECTION ( 'NONE',  ( -0.000000000000000000, -0.000000000000000000, -1.000000000000000000 ) ) ;
#3192 = COLOUR_RGB ( '',1.000000000000000000, 1.000000000000000000, 1.000000000000000000 ) ;
#3193 = CARTESIAN_POINT ( 'NONE',  ( 1.409999999999999698, 0.000000000000000000, 1.850000000000004530 ) ) ;
#3194 = ORIENTED_EDGE ( 'NONE', *, *, #764, .T. ) ;
#3195 = CARTESIAN_POINT ( 'NONE',  ( 5.699999999999993960, 0.07279404685324367130, 0.1500000000000077660 ) ) ;
#3196 = ORIENTED_EDGE ( 'NONE', *, *, #1243, .F. ) ;
#3197 = DIRECTION ( 'NONE',  ( 1.000000000000000000, 0.000000000000000000, 0.000000000000000000 ) ) ;
#3198 = CARTESIAN_POINT ( 'NONE',  ( -2.339999999999999858, 1.749999999999999778, -1.125000000000033973 ) ) ;
#3199 = PLANE ( 'NONE',  #9272 ) ;
#3200 = ORIENTED_EDGE ( 'NONE', *, *, #9706, .T. ) ;
#3201 = UNCERTAINTY_MEASURE_WITH_UNIT (LENGTH_MEASURE( 1.000000000000000082E-05 ), #8826, 'distance_accuracy_value', 'NONE');
#3202 = EDGE_CURVE ( 'NONE', #2312, #5138, #7620, .T. ) ;
#3203 = FILL_AREA_STYLE_COLOUR ( '', #5529 ) ;
#3204 = UNCERTAINTY_MEASURE_WITH_UNIT (LENGTH_MEASURE( 1.000000000000000082E-05 ), #4283, 'distance_accuracy_value', 'NONE');
#3205 = PLANE ( 'NONE',  #10319 ) ;
#3206 = VERTEX_POINT ( 'NONE', #1924 ) ;
#3207 = CARTESIAN_POINT ( 'NONE',  ( 1.089999999999999858, 1.350000000000001865, 1.350000000000004086 ) ) ;
#3208 = VERTEX_POINT ( 'NONE', #6931 ) ;
#3209 = ADVANCED_FACE ( 'NONE', ( #3383 ), #6987, .F. ) ;
#3210 = DIRECTION ( 'NONE',  ( 1.000000000000000000, 2.990902544787597113E-16, 0.000000000000000000 ) ) ;
#3211 = LINE ( 'NONE', #6591, #8464 ) ;
#3212 = EDGE_CURVE ( 'NONE', #8670, #579, #10353, .T. ) ;
#3213 = UNCERTAINTY_MEASURE_WITH_UNIT (LENGTH_MEASURE( 1.000000000000000082E-05 ), #953, 'distance_accuracy_value', 'NONE');
#3214 = EDGE_CURVE ( 'NONE', #481, #8845, #238, .T. ) ;
#3215 = CARTESIAN_POINT ( 'NONE',  ( 2.660000000000000142, 0.4500000000000002331, 6.098637220230963674E-17 ) ) ;
#3216 =( NAMED_UNIT ( * ) PLANE_ANGLE_UNIT ( ) SI_UNIT ( $, .RADIAN. ) );
#3217 = ORIENTED_EDGE ( 'NONE', *, *, #6354, .F. ) ;
#3218 = DIRECTION ( 'NONE',  ( 0.000000000000000000, 0.000000000000000000, 1.000000000000000000 ) ) ;
#3219 = PLANE ( 'NONE',  #5707 ) ;
#3220 = FACE_OUTER_BOUND ( 'NONE', #5927, .T. ) ;
#3221 = CARTESIAN_POINT ( 'NONE',  ( 3.400000000000025224, 1.749999999999999778, 0.2249377794898757832 ) ) ;
#3222 = DIRECTION ( 'NONE',  ( 0.000000000000000000, 0.000000000000000000, 1.000000000000000000 ) ) ;
#3223 = ORIENTED_EDGE ( 'NONE', *, *, #35, .T. ) ;
#3224 = COLOUR_RGB ( '',1.000000000000000000, 0.8117647058823529438, 0.5019607843137254832 ) ;
#3225 = CARTESIAN_POINT ( 'NONE',  ( 1.089999999999999858, 8.425943506694179847E-32, 1.750000000000004663 ) ) ;
#3226 = VERTEX_POINT ( 'NONE', #10297 ) ;
#3227 = EDGE_CURVE ( 'NONE', #5193, #10394, #927, .T. ) ;
#3228 = SURFACE_STYLE_USAGE ( .BOTH. , #5832 ) ;
#3229 = SURFACE_STYLE_USAGE ( .BOTH. , #5065 ) ;
#3230 = EDGE_CURVE ( 'NONE', #365, #5193, #8608, .T. ) ;
#3231 = FILL_AREA_STYLE ('',( #5013 ) ) ;
#3232 = DIRECTION ( 'NONE',  ( 0.000000000000000000, 1.000000000000000000, -4.814824860968090180E-32 ) ) ;
#3233 = VECTOR ( 'NONE', #1945, 999.9999999999998863 ) ;
#3234 = FILL_AREA_STYLE_COLOUR ( '', #4977 ) ;
#3235 = DIRECTION ( 'NONE',  ( 1.000000000000000000, -0.000000000000000000, -0.000000000000000000 ) ) ;
#3236 = CARTESIAN_POINT ( 'NONE',  ( 4.669999999999994600, 1.199999999999999067, -1.849999999999996314 ) ) ;
#3237 = CARTESIAN_POINT ( 'NONE',  ( -1.409999999999999920, -1.579062136966065191E-17, -0.3250000000000473066 ) ) ;
#3238 = CARTESIAN_POINT ( 'NONE',  ( 3.050000000000020695, 3.700000000000000178, 1.249999999999985345 ) ) ;
#3239 = ORIENTED_EDGE ( 'NONE', *, *, #6911, .T. ) ;
#3240 = DIRECTION ( 'NONE',  ( -0.000000000000000000, -0.000000000000000000, -1.000000000000000000 ) ) ;
#3241 = EDGE_LOOP ( 'NONE', ( #5103, #2062, #8075, #3608 ) ) ;
#3242 = PRESENTATION_LAYER_ASSIGNMENT (  '', '', ( #8375 ) ) ;
#3244 = DIRECTION ( 'NONE',  ( 0.000000000000000000, -0.9848077530122087975, -0.1736481776669268895 ) ) ;
#3243 = AXIS2_PLACEMENT_3D ( 'NONE', #2698, #5419, #2866 ) ;
#3245 = PLANE ( 'NONE',  #5602 ) ;
#3246 = ORIENTED_EDGE ( 'NONE', *, *, #2419, .T. ) ;
#3247 = AXIS2_PLACEMENT_3D ( 'NONE', #3583, #871, #7609 ) ;
#3248 = DIRECTION ( 'NONE',  ( -0.000000000000000000, -0.000000000000000000, -1.000000000000000000 ) ) ;
#3249 = ORIENTED_EDGE ( 'NONE', *, *, #5739, .F. ) ;
#3250 = FILL_AREA_STYLE_COLOUR ( '', #10890 ) ;
#3251 = LINE ( 'NONE', #6697, #7985 ) ;
#3252 = VERTEX_POINT ( 'NONE', #120 ) ;
#3253 = STYLED_ITEM ( 'NONE', ( #9186 ), #5004 ) ;
#3254 = DIRECTION ( 'NONE',  ( -0.7071067811865454633, 0.7071067811865495711, 0.000000000000000000 ) ) ;
#3255 = EDGE_CURVE ( 'NONE', #7974, #9591, #9642, .T. ) ;
#3256 = FILL_AREA_STYLE_COLOUR ( '', #5447 ) ;
#3257 = ORIENTED_EDGE ( 'NONE', *, *, #2485, .F. ) ;
#3258 = PLANE ( 'NONE',  #7055 ) ;
#3259 = ORIENTED_EDGE ( 'NONE', *, *, #981, .F. ) ;
#3260 = STYLED_ITEM ( 'NONE', ( #10016 ), #4995 ) ;
#3261 = SURFACE_STYLE_USAGE ( .BOTH. , #1583 ) ;
#3262 = VECTOR ( 'NONE', #9541, 1000.000000000000000 ) ;
#3263 = CARTESIAN_POINT ( 'NONE',  ( 1.089999999999999858, 0.000000000000000000, 2.350000000000004530 ) ) ;
#3264 = DIRECTION ( 'NONE',  ( 1.885568995626964287E-16, -1.000000000000000000, 0.000000000000000000 ) ) ;
#3265 = VECTOR ( 'NONE', #3986, 1000.000000000000000 ) ;
#3266 = SURFACE_STYLE_FILL_AREA ( #10847 ) ;
#3267 = ORIENTED_EDGE ( 'NONE', *, *, #3300, .T. ) ;
#3268 = MECHANICAL_DESIGN_GEOMETRIC_PRESENTATION_REPRESENTATION (  '', ( #10512 ), #7180 ) ;
#3269 = FILL_AREA_STYLE_COLOUR ( '', #8118 ) ;
#3270 = DIRECTION ( 'NONE',  ( -0.000000000000000000, -0.000000000000000000, -1.000000000000000000 ) ) ;
#3271 = FILL_AREA_STYLE ('',( #3176 ) ) ;
#3272 = ORIENTED_EDGE ( 'NONE', *, *, #1408, .T. ) ;
#3273 = AXIS2_PLACEMENT_3D ( 'NONE', #54, #3373, #6759 ) ;
#3274 = CARTESIAN_POINT ( 'NONE',  ( -3.400000000000024336, 4.400000000000002132, -1.450000000000039702 ) ) ;
#3275 = VERTEX_POINT ( 'NONE', #6268 ) ;
#3276 = VECTOR ( 'NONE', #3974, 1000.000000000000000 ) ;
#3277 = SURFACE_STYLE_FILL_AREA ( #3647 ) ;
#3278 = VECTOR ( 'NONE', #7600, 1000.000000000000000 ) ;
#3279 = ADVANCED_FACE ( 'NONE', ( #2081 ), #2945, .T. ) ;
#3280 = LINE ( 'NONE', #5738, #587 ) ;
#3281 = ADVANCED_FACE ( 'NONE', ( #3865 ), #1203, .F. ) ;
#3282 = AXIS2_PLACEMENT_3D ( 'NONE', #7370, #5756, #9060 ) ;
#3283 = CARTESIAN_POINT ( 'NONE',  ( -4.469999999999994422, 1.200000000000000178, 0.3500000000000037526 ) ) ;
#3284 = DIRECTION ( 'NONE',  ( 1.000000000000000000, 0.000000000000000000, -0.000000000000000000 ) ) ;
#3285 = DIRECTION ( 'NONE',  ( 0.000000000000000000, 1.000000000000000000, -4.858652729125647208E-17 ) ) ;
#3286 = FACE_OUTER_BOUND ( 'NONE', #8481, .T. ) ;
#3287 = ORIENTED_EDGE ( 'NONE', *, *, #2089, .T. ) ;
#3288 = EDGE_CURVE ( 'NONE', #4835, #1966, #552, .T. ) ;
#3289 = LINE ( 'NONE', #6683, #3489 ) ;
#3290 = EDGE_LOOP ( 'NONE', ( #1693, #9637, #4136, #4543, #7867 ) ) ;
#3291 = COLOUR_RGB ( '',1.000000000000000000, 1.000000000000000000, 1.000000000000000000 ) ;
#3292 =( GEOMETRIC_REPRESENTATION_CONTEXT ( 3 ) GLOBAL_UNCERTAINTY_ASSIGNED_CONTEXT ( ( #10170 ) ) GLOBAL_UNIT_ASSIGNED_CONTEXT ( ( #6244, #9522, #10707 ) ) REPRESENTATION_CONTEXT ( 'NONE', 'WORKASPACE' ) );
#3293 = CARTESIAN_POINT ( 'NONE',  ( -1.090000000000000080, 0.2787990747163040517, -1.581148123764847258 ) ) ;
#3294 = STYLED_ITEM ( 'NONE', ( #4466 ), #2574 ) ;
#3295 =( GEOMETRIC_REPRESENTATION_CONTEXT ( 3 ) GLOBAL_UNCERTAINTY_ASSIGNED_CONTEXT ( ( #2021 ) ) GLOBAL_UNIT_ASSIGNED_CONTEXT ( ( #10699, #733, #4047 ) ) REPRESENTATION_CONTEXT ( 'NONE', 'WORKASPACE' ) );
#3296 = SURFACE_STYLE_USAGE ( .BOTH. , #7309 ) ;
#3297 =( GEOMETRIC_REPRESENTATION_CONTEXT ( 3 ) GLOBAL_UNCERTAINTY_ASSIGNED_CONTEXT ( ( #6749 ) ) GLOBAL_UNIT_ASSIGNED_CONTEXT ( ( #4701, #7439, #4019 ) ) REPRESENTATION_CONTEXT ( 'NONE', 'WORKASPACE' ) );
#3298 = ORIENTED_EDGE ( 'NONE', *, *, #9653, .T. ) ;
#3299 = CYLINDRICAL_SURFACE ( 'NONE', #10084, 0.1999999999999996503 ) ;
#3300 = EDGE_CURVE ( 'NONE', #2718, #904, #3047, .T. ) ;
#3301 =( LENGTH_UNIT ( ) NAMED_UNIT ( * ) SI_UNIT ( .MILLI., .METRE. ) );
#3302 = ORIENTED_EDGE ( 'NONE', *, *, #9456, .F. ) ;
#3303 = DIRECTION ( 'NONE',  ( 0.000000000000000000, 1.355252715606857370E-16, -1.000000000000000000 ) ) ;
#3304 = SURFACE_STYLE_USAGE ( .BOTH. , #8306 ) ;
#3305 = PRESENTATION_LAYER_ASSIGNMENT (  '', '', ( #7749 ) ) ;
#3306 = VERTEX_POINT ( 'NONE', #9589 ) ;
#3307 = UNCERTAINTY_MEASURE_WITH_UNIT (LENGTH_MEASURE( 1.000000000000000082E-05 ), #6700, 'distance_accuracy_value', 'NONE');
#3308 = PLANE ( 'NONE',  #4635 ) ;
#3309 = PRESENTATION_LAYER_ASSIGNMENT (  '', '', ( #1581 ) ) ;
#3310 = CARTESIAN_POINT ( 'NONE',  ( 3.500000000000000888, 0.000000000000000000, -0.9500000000000009548 ) ) ;
#3311 = VECTOR ( 'NONE', #6765, 1000.000000000000000 ) ;
#3312 = EDGE_LOOP ( 'NONE', ( #4454, #86, #5800, #4785 ) ) ;
#3313 = LINE ( 'NONE', #6705, #10755 ) ;
#3314 = EDGE_LOOP ( 'NONE', ( #6032, #1195, #8571, #10252 ) ) ;
#3315 = AXIS2_PLACEMENT_3D ( 'NONE', #5677, #9034, #8222 ) ;
#3316 = FACE_OUTER_BOUND ( 'NONE', #9246, .T. ) ;
#3317 = PLANE ( 'NONE',  #7050 ) ;
#3318 = STYLED_ITEM ( 'NONE', ( #7584 ), #2763 ) ;
#3319 = EDGE_CURVE ( 'NONE', #266, #346, #2037, .T. ) ;
#3320 = FILL_AREA_STYLE_COLOUR ( '', #6784 ) ;
#3321 = VECTOR ( 'NONE', #3870, 1000.000000000000000 ) ;
#3322 = CARTESIAN_POINT ( 'NONE',  ( -1.409999999999999920, 0.000000000000000000, 0.000000000000000000 ) ) ;
#3323 = DIRECTION ( 'NONE',  ( 0.2133021165724263424, 0.9621436710723737518, 0.1696518885279465760 ) ) ;
#3324 = ORIENTED_EDGE ( 'NONE', *, *, #1674, .T. ) ;
#3325 = LINE ( 'NONE', #4187, #543 ) ;
#3326 = ORIENTED_EDGE ( 'NONE', *, *, #3160, .T. ) ;
#3327 = SURFACE_STYLE_USAGE ( .BOTH. , #4827 ) ;
#3328 = CARTESIAN_POINT ( 'NONE',  ( 3.050000000000020695, 3.700000000000000178, 0.9499999999999854117 ) ) ;
#3329 =( NAMED_UNIT ( * ) SI_UNIT ( $, .STERADIAN. ) SOLID_ANGLE_UNIT ( ) );
#3330 = COLOUR_RGB ( '',1.000000000000000000, 1.000000000000000000, 1.000000000000000000 ) ;
#3331 = CARTESIAN_POINT ( 'NONE',  ( -4.469999999999994422, 1.199999999999999289, -1.749999999999994893 ) ) ;
#3332 = VERTEX_POINT ( 'NONE', #8723 ) ;
#3333 = DIRECTION ( 'NONE',  ( 5.052592648476138302E-15, -1.000000000000000000, 0.000000000000000000 ) ) ;
#3334 = EDGE_CURVE ( 'NONE', #6735, #2160, #6328, .T. ) ;
#3335 = ORIENTED_EDGE ( 'NONE', *, *, #4258, .T. ) ;
#3336 = PLANE ( 'NONE',  #296 ) ;
#3337 =( NAMED_UNIT ( * ) SI_UNIT ( $, .STERADIAN. ) SOLID_ANGLE_UNIT ( ) );
#3338 = COLOUR_RGB ( '',1.000000000000000000, 1.000000000000000000, 1.000000000000000000 ) ;
#3339 = CARTESIAN_POINT ( 'NONE',  ( 2.660000000000000142, 0.2999999999999999334, 1.449999999999997735 ) ) ;
#3340 =( NAMED_UNIT ( * ) SI_UNIT ( $, .STERADIAN. ) SOLID_ANGLE_UNIT ( ) );
#3341 = LINE ( 'NONE', #6725, #10874 ) ;
#3342 = FACE_OUTER_BOUND ( 'NONE', #2826, .T. ) ;
#3343 = CARTESIAN_POINT ( 'NONE',  ( -4.300000000000001599, 2.600000000000000533, 0.6500000000000025757 ) ) ;
#3344 = CARTESIAN_POINT ( 'NONE',  ( 4.000000000000001776, 2.100000000000002309, -1.550000000000002709 ) ) ;
#3345 = ORIENTED_EDGE ( 'NONE', *, *, #7992, .F. ) ;
#3346 = EDGE_CURVE ( 'NONE', #7665, #5248, #10517, .T. ) ;
#3347 = PRESENTATION_LAYER_ASSIGNMENT (  '', '', ( #4584 ) ) ;
#3348 = ORIENTED_EDGE ( 'NONE', *, *, #1770, .F. ) ;
#3349 = EDGE_CURVE ( 'NONE', #3762, #2436, #3657, .T. ) ;
#3350 =( NAMED_UNIT ( * ) PLANE_ANGLE_UNIT ( ) SI_UNIT ( $, .RADIAN. ) );
#3351 = EDGE_CURVE ( 'NONE', #8316, #7981, #8775, .T. ) ;
#3352 = LINE ( 'NONE', #5083, #1202 ) ;
#3353 = SURFACE_SIDE_STYLE ('',( #8628 ) ) ;
#3354 = MECHANICAL_DESIGN_GEOMETRIC_PRESENTATION_REPRESENTATION (  '', ( #7077 ), #1086 ) ;
#3355 = VERTEX_POINT ( 'NONE', #7225 ) ;
#3356 = CARTESIAN_POINT ( 'NONE',  ( 4.669999999999994600, 0.2500000000000001110, 0.3500000000000037526 ) ) ;
#3357 = ORIENTED_EDGE ( 'NONE', *, *, #2841, .F. ) ;
#3358 = CARTESIAN_POINT ( 'NONE',  ( 0.8519858313536768923, 0.4275827757330513124, -1.554913542985933761 ) ) ;
#3359 = CARTESIAN_POINT ( 'NONE',  ( 1.089999999999999858, 1.083335593717822357E-31, 2.250000000000004441 ) ) ;
#3360 =( NAMED_UNIT ( * ) PLANE_ANGLE_UNIT ( ) SI_UNIT ( $, .RADIAN. ) );
#3361 = ORIENTED_EDGE ( 'NONE', *, *, #3362, .F. ) ;
#3362 = EDGE_CURVE ( 'NONE', #7711, #2408, #1266, .T. ) ;
#3363 = PRESENTATION_LAYER_ASSIGNMENT (  '', '', ( #4046 ) ) ;
#3364 = CARTESIAN_POINT ( 'NONE',  ( 2.660000000000000142, 3.548929149633788693, -0.4454640388693684727 ) ) ;
#3365 = CARTESIAN_POINT ( 'NONE',  ( -15.60280104776995103, 10.90280104776995351, 0.9500000000000083933 ) ) ;
#3366 = VERTEX_POINT ( 'NONE', #9701 ) ;
#3367 = ORIENTED_EDGE ( 'NONE', *, *, #3752, .T. ) ;
#3368 = MECHANICAL_DESIGN_GEOMETRIC_PRESENTATION_REPRESENTATION (  '', ( #8166 ), #6018 ) ;
#3369 =( LENGTH_UNIT ( ) NAMED_UNIT ( * ) SI_UNIT ( .MILLI., .METRE. ) );
#3370 = DIRECTION ( 'NONE',  ( 1.000000000000000000, -6.570922257487672349E-16, -1.182766006347823109E-16 ) ) ;
#3371 = FACE_OUTER_BOUND ( 'NONE', #9398, .T. ) ;
#3372 = PRESENTATION_LAYER_ASSIGNMENT (  '', '', ( #4427 ) ) ;
#3373 = DIRECTION ( 'NONE',  ( -0.000000000000000000, 0.000000000000000000, -1.000000000000000000 ) ) ;
#3374 = SURFACE_STYLE_USAGE ( .BOTH. , #4952 ) ;
#3375 = VERTEX_POINT ( 'NONE', #2141 ) ;
#3376 = SURFACE_STYLE_FILL_AREA ( #4242 ) ;
#3377 = EDGE_LOOP ( 'NONE', ( #4659, #4324, #864, #55 ) ) ;
#3378 = FILL_AREA_STYLE_COLOUR ( '', #10096 ) ;
#3379 = CARTESIAN_POINT ( 'NONE',  ( 2.339999999999999858, 0.4499999999999999556, 2.250000000000004441 ) ) ;
#3380 = SURFACE_SIDE_STYLE ('',( #6658 ) ) ;
#3381 = DIRECTION ( 'NONE',  ( 0.000000000000000000, 1.000000000000000000, 0.000000000000000000 ) ) ;
#3382 = VERTEX_POINT ( 'NONE', #5499 ) ;
#3383 = FACE_OUTER_BOUND ( 'NONE', #8177, .T. ) ;
#3384 = ORIENTED_EDGE ( 'NONE', *, *, #809, .F. ) ;
#3385 = CARTESIAN_POINT ( 'NONE',  ( 4.469999999999994422, 0.2999999999999999889, -1.749999999999994005 ) ) ;
#3386 = CARTESIAN_POINT ( 'NONE',  ( 2.660000000000000142, 1.350000000000001865, 1.350000000000004086 ) ) ;
#3387 = FILL_AREA_STYLE ('',( #5835 ) ) ;
#3388 = FACE_OUTER_BOUND ( 'NONE', #7876, .T. ) ;
#3389 = EDGE_CURVE ( 'NONE', #1638, #9418, #10577, .T. ) ;
#3390 = DIRECTION ( 'NONE',  ( -1.000000000000000000, -0.000000000000000000, -0.000000000000000000 ) ) ;
#3391 = FACE_OUTER_BOUND ( 'NONE', #303, .T. ) ;
#3392 = CARTESIAN_POINT ( 'NONE',  ( -3.499999999950209606, 1.749999999999999778, -0.6249377795396807711 ) ) ;
#3393 = FILL_AREA_STYLE_COLOUR ( '', #7573 ) ;
#3394 = CARTESIAN_POINT ( 'NONE',  ( -2.339999999999999858, 4.000000000000000000, -0.9250000000000404565 ) ) ;
#3395 = ORIENTED_EDGE ( 'NONE', *, *, #8229, .F. ) ;
#3396 = PLANE ( 'NONE',  #7679 ) ;
#3397 =( LENGTH_UNIT ( ) NAMED_UNIT ( * ) SI_UNIT ( .MILLI., .METRE. ) );
#3398 = DIRECTION ( 'NONE',  ( -0.2810846377147792619, 0.6785983445458566576, 0.6785983445458545482 ) ) ;
#3399 = ORIENTED_EDGE ( 'NONE', *, *, #6717, .T. ) ;
#3400 = FILL_AREA_STYLE_COLOUR ( '', #8325 ) ;
#3401 = FILL_AREA_STYLE ('',( #8471 ) ) ;
#3402 = VERTEX_POINT ( 'NONE', #2400 ) ;
#3403 = CARTESIAN_POINT ( 'NONE',  ( 2.660000000000000142, 4.000000000000000000, -0.9250000000000404565 ) ) ;
#3404 = VECTOR ( 'NONE', #5238, 1000.000000000000000 ) ;
#3405 = DIRECTION ( 'NONE',  ( 0.7071067811865479058, -0.7071067811865471286, 0.000000000000000000 ) ) ;
#3406 = ORIENTED_EDGE ( 'NONE', *, *, #3015, .F. ) ;
#3407 = UNCERTAINTY_MEASURE_WITH_UNIT (LENGTH_MEASURE( 1.000000000000000082E-05 ), #9907, 'distance_accuracy_value', 'NONE');
#3408 =( NAMED_UNIT ( * ) PLANE_ANGLE_UNIT ( ) SI_UNIT ( $, .RADIAN. ) );
#3409 = UNCERTAINTY_MEASURE_WITH_UNIT (LENGTH_MEASURE( 1.000000000000000082E-05 ), #4375, 'distance_accuracy_value', 'NONE');
#3410 = LINE ( 'NONE', #46, #9292 ) ;
#3411 = AXIS2_PLACEMENT_3D ( 'NONE', #8830, #9756, #1267 ) ;
#3412 = VERTEX_POINT ( 'NONE', #4768 ) ;
#3413 = CARTESIAN_POINT ( 'NONE',  ( 3.400000000000024336, 1.749999999999999778, -1.450000000000040590 ) ) ;
#3414 = ORIENTED_EDGE ( 'NONE', *, *, #1351, .F. ) ;
#3415 = SURFACE_STYLE_USAGE ( .BOTH. , #3872 ) ;
#3416 = EDGE_CURVE ( 'NONE', #7193, #4231, #4027, .T. ) ;
#3417 = LINE ( 'NONE', #1633, #1577 ) ;
#3418 = VECTOR ( 'NONE', #8592, 1000.000000000000000 ) ;
#3419 = SURFACE_SIDE_STYLE ('',( #4236 ) ) ;
#3420 = PRESENTATION_LAYER_ASSIGNMENT (  '', '', ( #6789 ) ) ;
#3421 = CARTESIAN_POINT ( 'NONE',  ( 4.219999999999994422, 1.199999999999999067, -1.849999999999996314 ) ) ;
#3422 = DIRECTION ( 'NONE',  ( 1.000000000000000000, -0.000000000000000000, 0.000000000000000000 ) ) ;
#3423 = ORIENTED_EDGE ( 'NONE', *, *, #9250, .T. ) ;
#3424 = STYLED_ITEM ( 'NONE', ( #853 ), #5111 ) ;
#3425 = ORIENTED_EDGE ( 'NONE', *, *, #8407, .T. ) ;
#3426 = DIRECTION ( 'NONE',  ( 0.000000000000000000, 0.000000000000000000, -1.000000000000000000 ) ) ;
#3427 = CARTESIAN_POINT ( 'NONE',  ( 5.000000000000006217, 1.399999999999998801, -1.749999999999994005 ) ) ;
#3428 = CARTESIAN_POINT ( 'NONE',  ( 2.025000000000005684, 4.699999999999997513, -1.750000000000040412 ) ) ;
#3429 = ORIENTED_EDGE ( 'NONE', *, *, #5799, .T. ) ;
#3430 = CARTESIAN_POINT ( 'NONE',  ( 4.140849737787074325, 0.2999999999999999889, -1.849999999999996758 ) ) ;
#3431 = VERTEX_POINT ( 'NONE', #2462 ) ;
#3432 = CYLINDRICAL_SURFACE ( 'NONE', #10301, 0.09999999995018510335 ) ;
#3433 = FILL_AREA_STYLE_COLOUR ( '', #9275 ) ;
#3434 = CARTESIAN_POINT ( 'NONE',  ( -2.439999999999999947, 4.000000000000000000, 0.000000000000000000 ) ) ;
#3435 = DIRECTION ( 'NONE',  ( 1.000000000000000000, 0.000000000000000000, -1.355252715606879556E-16 ) ) ;
#3436 = CIRCLE ( 'NONE', #3273, 0.4499999999999999001 ) ;
#3437 = SURFACE_STYLE_USAGE ( .BOTH. , #10256 ) ;
#3438 = SURFACE_STYLE_FILL_AREA ( #10151 ) ;
#3439 =( NAMED_UNIT ( * ) PLANE_ANGLE_UNIT ( ) SI_UNIT ( $, .RADIAN. ) );
#3440 =( NAMED_UNIT ( * ) SI_UNIT ( $, .STERADIAN. ) SOLID_ANGLE_UNIT ( ) );
#3441 = COLOUR_RGB ( '',1.000000000000000000, 1.000000000000000000, 1.000000000000000000 ) ;
#3442 = SURFACE_SIDE_STYLE ('',( #8515 ) ) ;
#3443 = ORIENTED_EDGE ( 'NONE', *, *, #2988, .T. ) ;
#3444 = FACE_OUTER_BOUND ( 'NONE', #2937, .T. ) ;
#3445 = ADVANCED_FACE ( 'NONE', ( #10905 ), #6592, .F. ) ;
#3446 = AXIS2_PLACEMENT_3D ( 'NONE', #6964, #7706, #1677 ) ;
#3447 = DIRECTION ( 'NONE',  ( 0.000000000000000000, -0.000000000000000000, 1.000000000000000000 ) ) ;
#3448 = COLOUR_RGB ( '',1.000000000000000000, 0.8117647058823529438, 0.5019607843137254832 ) ;
#3449 = CARTESIAN_POINT ( 'NONE',  ( 5.000000000000006217, 1.399999999999998801, 0.3500000000000037526 ) ) ;
#3450 = VERTEX_POINT ( 'NONE', #10791 ) ;
#3451 = DIRECTION ( 'NONE',  ( 1.000000000000000000, 0.000000000000000000, -1.182766006347823109E-16 ) ) ;
#3452 = ORIENTED_EDGE ( 'NONE', *, *, #10657, .F. ) ;
#3453 = DIRECTION ( 'NONE',  ( -0.000000000000000000, -0.000000000000000000, -1.000000000000000000 ) ) ;
#3454 = MECHANICAL_DESIGN_GEOMETRIC_PRESENTATION_REPRESENTATION (  '', ( #3114 ), #4897 ) ;
#3455 = FILL_AREA_STYLE ('',( #9903 ) ) ;
#3456 = VERTEX_POINT ( 'NONE', #10028 ) ;
#3457 = STYLED_ITEM ( 'NONE', ( #2217 ), #1659 ) ;
#3458 = PLANE ( 'NONE',  #3048 ) ;
#3459 = EDGE_CURVE ( 'NONE', #9582, #8394, #648, .T. ) ;
#3460 = CARTESIAN_POINT ( 'NONE',  ( -2.339999999999999858, 2.865743636076471201, -1.125000000000033973 ) ) ;
#3461 = PRODUCT_DEFINITION_CONTEXT ( 'detailed design', #7242, 'design' ) ;
#3462 = VECTOR ( 'NONE', #5682, 1000.000000000000000 ) ;
#3463 = LINE ( 'NONE', #10330, #5059 ) ;
#3464 = PRESENTATION_LAYER_ASSIGNMENT (  '', '', ( #2438 ) ) ;
#3465 = EDGE_LOOP ( 'NONE', ( #4857, #8736, #8878, #5003, #8759, #9737, #6777, #259, #8532, #1499, #815, #4972, #5032, #1197, #677, #9539, #4549, #3835, #1342, #1278, #8787, #7926, #10166, #9947, #3723, #10265, #8832, #6234, #1680, #4398, #4585, #6063, #2257, #9566, #2663, #5280, #5264, #1247, #6809, #5406, #1551, #5461, #5872, #5466, #6519, #8770, #7091, #791, #3506, #8521, #1201, #2075 ) ) ;
#3466 = VECTOR ( 'NONE', #10426, 1000.000000000000000 ) ;
#3467 = DIRECTION ( 'NONE',  ( -1.000000000000000000, -0.000000000000000000, -0.000000000000000000 ) ) ;
#3468 = ORIENTED_EDGE ( 'NONE', *, *, #171, .F. ) ;
#3469 = CARTESIAN_POINT ( 'NONE',  ( -4.140849737787074325, 0.2999999999999999889, -1.849999999999995870 ) ) ;
#3470 = CARTESIAN_POINT ( 'NONE',  ( 3.872150616019559240E-16, 3.700000000000000178, 1.249999999999985123 ) ) ;
#3472 = FACE_OUTER_BOUND ( 'NONE', #10715, .T. ) ;
#3471 = COLOUR_RGB ( '',0.7921568627450980005, 0.8196078431372548767, 0.9333333333333333481 ) ;
#3473 = VECTOR ( 'NONE', #6604, 1000.000000000000000 ) ;
#3474 = AXIS2_PLACEMENT_3D ( 'NONE', #4738, #9827, #10647 ) ;
#3475 = SURFACE_STYLE_FILL_AREA ( #1075 ) ;
#3476 = ADVANCED_FACE ( 'NONE', ( #2349 ), #7390, .F. ) ;
#3477 = MECHANICAL_DESIGN_GEOMETRIC_PRESENTATION_REPRESENTATION (  '', ( #5454 ), #194 ) ;
#3478 = CARTESIAN_POINT ( 'NONE',  ( -5.000000000000006217, 1.400000000000000133, -1.849999999999996314 ) ) ;
#3479 = EDGE_CURVE ( 'NONE', #1125, #7075, #4888, .T. ) ;
#3480 = SURFACE_STYLE_FILL_AREA ( #1134 ) ;
#3481 = EDGE_CURVE ( 'NONE', #9923, #1966, #4072, .T. ) ;
#3482 =( NAMED_UNIT ( * ) PLANE_ANGLE_UNIT ( ) SI_UNIT ( $, .RADIAN. ) );
#3483 = VECTOR ( 'NONE', #1504, 1000.000000000000000 ) ;
#3484 = COLOUR_RGB ( '',0.7921568627450980005, 0.8196078431372548767, 0.9333333333333333481 ) ;
#3485 = VERTEX_POINT ( 'NONE', #8425 ) ;
#3486 = VECTOR ( 'NONE', #8058, 1000.000000000000000 ) ;
#3487 = EDGE_CURVE ( 'NONE', #66, #7154, #918, .T. ) ;
#3488 = VERTEX_POINT ( 'NONE', #1744 ) ;
#3489 = VECTOR ( 'NONE', #2426, 999.9999999999998863 ) ;
#3490 = DIRECTION ( 'NONE',  ( -0.5773502691896243988, 0.5773502691896272854, 0.5773502691896256200 ) ) ;
#3491 = FACE_OUTER_BOUND ( 'NONE', #4960, .T. ) ;
#3492 = EDGE_LOOP ( 'NONE', ( #4817, #9444, #2491, #173 ) ) ;
#3493 = CARTESIAN_POINT ( 'NONE',  ( -7.769149257382803641E-16, 2.099999999999997868, -1.450000000000040146 ) ) ;
#3494 = ORIENTED_EDGE ( 'NONE', *, *, #7892, .T. ) ;
#3495 = AXIS2_PLACEMENT_3D ( 'NONE', #8598, #2717, #2671 ) ;
#3496 = SURFACE_SIDE_STYLE ('',( #5293 ) ) ;
#3497 = CARTESIAN_POINT ( 'NONE',  ( -3.700000000000019273, 4.700000000000000178, -0.6750000000000004885 ) ) ;
#3498 = EDGE_CURVE ( 'NONE', #926, #3122, #700, .T. ) ;
#3499 =( NAMED_UNIT ( * ) SI_UNIT ( $, .STERADIAN. ) SOLID_ANGLE_UNIT ( ) );
#3500 = VECTOR ( 'NONE', #1011, 1000.000000000000000 ) ;
#3501 = CARTESIAN_POINT ( 'NONE',  ( -5.249999999999999112, 0.2999999999999981570, 0.9500000000000003997 ) ) ;
#3502 =( LENGTH_UNIT ( ) NAMED_UNIT ( * ) SI_UNIT ( .MILLI., .METRE. ) );
#3503 = CARTESIAN_POINT ( 'NONE',  ( -3.999999999999999112, -1.927470528863118556E-15, -1.850000000000000533 ) ) ;
#3504 = CARTESIAN_POINT ( 'NONE',  ( 4.000000000000001776, 0.000000000000000000, -1.850000000000000533 ) ) ;
#3505 = CARTESIAN_POINT ( 'NONE',  ( -2.339999999999999858, -1.579062136966065191E-17, -0.3250000000000473066 ) ) ;
#3506 = ORIENTED_EDGE ( 'NONE', *, *, #3889, .T. ) ;
#3507 = CARTESIAN_POINT ( 'NONE',  ( -2.660000000000000142, 0.4499999999999999556, 2.250000000000004441 ) ) ;
#3508 = STYLED_ITEM ( 'NONE', ( #2596 ), #8456 ) ;
#3509 = MANIFOLD_SOLID_BREP ( 'Boss-Extrude4', #3927 ) ;
#3510 =( LENGTH_UNIT ( ) NAMED_UNIT ( * ) SI_UNIT ( .MILLI., .METRE. ) );
#3511 = SURFACE_STYLE_FILL_AREA ( #4388 ) ;
#3512 = VERTEX_POINT ( 'NONE', #1906 ) ;
#3513 = SURFACE_SIDE_STYLE ('',( #10220 ) ) ;
#3514 = ORIENTED_EDGE ( 'NONE', *, *, #174, .T. ) ;
#3515 = VECTOR ( 'NONE', #8290, 1000.000000000000000 ) ;
#3516 = LINE ( 'NONE', #1452, #9997 ) ;
#3517 = VERTEX_POINT ( 'NONE', #10182 ) ;
#3518 = UNCERTAINTY_MEASURE_WITH_UNIT (LENGTH_MEASURE( 1.000000000000000082E-05 ), #8042, 'distance_accuracy_value', 'NONE');
#3519 = CARTESIAN_POINT ( 'NONE',  ( -5.249999999999999112, 2.078323961923562724, 0.8000000000000004885 ) ) ;
#3520 = UNCERTAINTY_MEASURE_WITH_UNIT (LENGTH_MEASURE( 1.000000000000000082E-05 ), #2686, 'distance_accuracy_value', 'NONE');
#3521 = CARTESIAN_POINT ( 'NONE',  ( 2.339999999999999858, 0.000000000000000000, 0.000000000000000000 ) ) ;
#3522 = CARTESIAN_POINT ( 'NONE',  ( -3.050000000000019806, 3.700000000000000178, 0.9499999999999860778 ) ) ;
#3523 = PLANE ( 'NONE',  #5254 ) ;
#3524 = VERTEX_POINT ( 'NONE', #7606 ) ;
#3525 = FACE_OUTER_BOUND ( 'NONE', #4363, .T. ) ;
#3526 = MANIFOLD_SOLID_BREP ( 'LPattern1[2]', #8566 ) ;
#3527 = ADVANCED_FACE ( 'NONE', ( #1019 ), #9241, .T. ) ;
#3528 = EDGE_LOOP ( 'NONE', ( #4906, #4287, #5216, #1847 ) ) ;
#3529 = DIRECTION ( 'NONE',  ( -1.000000000000000000, -0.000000000000000000, -0.000000000000000000 ) ) ;
#3530 = CARTESIAN_POINT ( 'NONE',  ( -5.700000000000017941, 4.700000000000000178, 0.1500000000000049349 ) ) ;
#3531 = MECHANICAL_DESIGN_GEOMETRIC_PRESENTATION_REPRESENTATION (  '', ( #4215 ), #6559 ) ;
#3532 = DIRECTION ( 'NONE',  ( -0.000000000000000000, -1.000000000000000000, -0.000000000000000000 ) ) ;
#3533 = CARTESIAN_POINT ( 'NONE',  ( 2.425000000000004707, 2.099999999999996980, -1.850000000000000533 ) ) ;
#3534 = DIRECTION ( 'NONE',  ( 0.000000000000000000, 0.000000000000000000, -1.000000000000000000 ) ) ;
#3535 = VERTEX_POINT ( 'NONE', #9576 ) ;
#3536 = DIRECTION ( 'NONE',  ( -1.000000000000000000, -0.000000000000000000, -0.000000000000000000 ) ) ;
#3537 = ORIENTED_EDGE ( 'NONE', *, *, #3990, .F. ) ;
#3538 = LINE ( 'NONE', #1917, #4246 ) ;
#3539 = ADVANCED_FACE ( 'NONE', ( #3639 ), #1253, .T. ) ;
#3540 = CARTESIAN_POINT ( 'NONE',  ( 1.325000000000004396, 2.099999999999997424, -1.850000000000000533 ) ) ;
#3541 = FILL_AREA_STYLE_COLOUR ( '', #7939 ) ;
#3542 = DIRECTION ( 'NONE',  ( 1.000000000000000000, -0.000000000000000000, -0.000000000000000000 ) ) ;
#3543 = ORIENTED_EDGE ( 'NONE', *, *, #8674, .F. ) ;
#3544 = EDGE_CURVE ( 'NONE', #1539, #7368, #6306, .T. ) ;
#3545 = LINE ( 'NONE', #3493, #869 ) ;
#3546 = VECTOR ( 'NONE', #7337, 1000.000000000000000 ) ;
#3547 = EDGE_LOOP ( 'NONE', ( #6335, #2625, #4765, #1754 ) ) ;
#3548 = DIRECTION ( 'NONE',  ( 0.000000000000000000, -0.9848077530122087975, 0.1736481776669264454 ) ) ;
#3549 = VERTEX_POINT ( 'NONE', #8816 ) ;
#3550 = FILL_AREA_STYLE ('',( #73 ) ) ;
#3551 = PLANE ( 'NONE',  #10076 ) ;
#3552 = CARTESIAN_POINT ( 'NONE',  ( 0.1599999999999999756, 2.865743636076471201, -1.125000000000033973 ) ) ;
#3553 = FILL_AREA_STYLE ('',( #3393 ) ) ;
#3554 = EDGE_LOOP ( 'NONE', ( #7080, #3961, #10333, #112 ) ) ;
#3555 = EDGE_CURVE ( 'NONE', #8904, #7597, #2934, .T. ) ;
#3556 = SURFACE_STYLE_USAGE ( .BOTH. , #3442 ) ;
#3557 = VERTEX_POINT ( 'NONE', #10564 ) ;
#3558 = DIRECTION ( 'NONE',  ( 0.000000000000000000, -4.814824860968089633E-32, -1.000000000000000000 ) ) ;
#3559 = LINE ( 'NONE', #1948, #9300 ) ;
#3560 =( GEOMETRIC_REPRESENTATION_CONTEXT ( 3 ) GLOBAL_UNCERTAINTY_ASSIGNED_CONTEXT ( ( #147 ) ) GLOBAL_UNIT_ASSIGNED_CONTEXT ( ( #8487, #1802, #4180 ) ) REPRESENTATION_CONTEXT ( 'NONE', 'WORKASPACE' ) );
#3561 =( LENGTH_UNIT ( ) NAMED_UNIT ( * ) SI_UNIT ( .MILLI., .METRE. ) );
#3562 = ORIENTED_EDGE ( 'NONE', *, *, #2316, .F. ) ;
#3563 =( NAMED_UNIT ( * ) SI_UNIT ( $, .STERADIAN. ) SOLID_ANGLE_UNIT ( ) );
#3564 = ORIENTED_EDGE ( 'NONE', *, *, #3744, .T. ) ;
#3565 = CARTESIAN_POINT ( 'NONE',  ( -5.000000000000006217, 1.400000000000000133, 0.3500000000000037526 ) ) ;
#3566 = EDGE_CURVE ( 'NONE', #3402, #8379, #4532, .T. ) ;
#3567 = CARTESIAN_POINT ( 'NONE',  ( -1.090000000000000080, -1.125000000000002442, 1.125000000000004663 ) ) ;
#3568 = VERTEX_POINT ( 'NONE', #7993 ) ;
#3569 =( GEOMETRIC_REPRESENTATION_CONTEXT ( 3 ) GLOBAL_UNCERTAINTY_ASSIGNED_CONTEXT ( ( #2756 ) ) GLOBAL_UNIT_ASSIGNED_CONTEXT ( ( #2276, #3939, #5480 ) ) REPRESENTATION_CONTEXT ( 'NONE', 'WORKASPACE' ) );
#3571 = FACE_OUTER_BOUND ( 'NONE', #2033, .T. ) ;
#3570 = DIRECTION ( 'NONE',  ( 0.000000000000000000, 0.000000000000000000, -1.000000000000000000 ) ) ;
#3572 = DIRECTION ( 'NONE',  ( -1.000000000000000000, -0.000000000000000000, -0.000000000000000000 ) ) ;
#3573 =( LENGTH_UNIT ( ) NAMED_UNIT ( * ) SI_UNIT ( .MILLI., .METRE. ) );
#3574 = ORIENTED_EDGE ( 'NONE', *, *, #8192, .T. ) ;
#3575 = VECTOR ( 'NONE', #2430, 1000.000000000000000 ) ;
#3576 = DIRECTION ( 'NONE',  ( -1.000000000000000000, 0.000000000000000000, -0.000000000000000000 ) ) ;
#3577 = VECTOR ( 'NONE', #3285, 1000.000000000000000 ) ;
#3578 = ORIENTED_EDGE ( 'NONE', *, *, #6923, .T. ) ;
#3579 = DIRECTION ( 'NONE',  ( 0.9659258262890679791, 0.000000000000000000, -0.2588190451025218497 ) ) ;
#3580 = SURFACE_SIDE_STYLE ('',( #1186 ) ) ;
#3581 = CARTESIAN_POINT ( 'NONE',  ( 3.400000000000024336, 4.400000000000002132, -1.450000000000040590 ) ) ;
#3582 = VECTOR ( 'NONE', #7734, 1000.000000000000000 ) ;
#3583 = CARTESIAN_POINT ( 'NONE',  ( 0.1599999999999999756, 0.000000000000000000, 0.000000000000000000 ) ) ;
#3584 = PRESENTATION_LAYER_ASSIGNMENT (  '', '', ( #1651 ) ) ;
#3585 = ADVANCED_FACE ( 'NONE', ( #6202 ), #10451, .T. ) ;
#3586 = CARTESIAN_POINT ( 'NONE',  ( 3.400000000000025224, 4.400000000000002132, 0.9499999999999855227 ) ) ;
#3587 = PRESENTATION_LAYER_ASSIGNMENT (  '', '', ( #1511 ) ) ;
#3588 =( NAMED_UNIT ( * ) PLANE_ANGLE_UNIT ( ) SI_UNIT ( $, .RADIAN. ) );
#3589 = ORIENTED_EDGE ( 'NONE', *, *, #6206, .T. ) ;
#3590 = SURFACE_SIDE_STYLE ('',( #175 ) ) ;
#3591 = ORIENTED_EDGE ( 'NONE', *, *, #2035, .F. ) ;
#3592 = FACE_OUTER_BOUND ( 'NONE', #1149, .T. ) ;
#3593 = LINE ( 'NONE', #6763, #7167 ) ;
#3594 =( LENGTH_UNIT ( ) NAMED_UNIT ( * ) SI_UNIT ( .MILLI., .METRE. ) );
#3595 = ORIENTED_EDGE ( 'NONE', *, *, #8626, .F. ) ;
#3596 = PRESENTATION_LAYER_ASSIGNMENT (  '', '', ( #6623 ) ) ;
#3597 = DIRECTION ( 'NONE',  ( -0.000000000000000000, 1.000000000000000000, -0.000000000000000000 ) ) ;
#3598 = VERTEX_POINT ( 'NONE', #9852 ) ;
#3599 = EDGE_CURVE ( 'NONE', #2754, #447, #6534, .T. ) ;
#3600 = MECHANICAL_DESIGN_GEOMETRIC_PRESENTATION_REPRESENTATION (  '', ( #7163 ), #1169 ) ;
#3601 = EDGE_CURVE ( 'NONE', #3524, #9582, #4061, .T. ) ;
#3602 = DIRECTION ( 'NONE',  ( 1.000000000000000000, 0.000000000000000000, -3.097720492815728152E-16 ) ) ;
#3603 = VERTEX_POINT ( 'NONE', #8095 ) ;
#3604 = COLOUR_RGB ( '',1.000000000000000000, 1.000000000000000000, 1.000000000000000000 ) ;
#3605 = PLANE ( 'NONE',  #2246 ) ;
#3606 = LINE ( 'NONE', #1155, #741 ) ;
#3607 = DIRECTION ( 'NONE',  ( -0.000000000000000000, 0.1736481776669264454, 0.9848077530122087975 ) ) ;
#3608 = ORIENTED_EDGE ( 'NONE', *, *, #4290, .F. ) ;
#3609 = STYLED_ITEM ( 'NONE', ( #7411 ), #5353 ) ;
#3610 =( LENGTH_UNIT ( ) NAMED_UNIT ( * ) SI_UNIT ( .MILLI., .METRE. ) );
#3611 = EDGE_LOOP ( 'NONE', ( #4837, #4186, #1627, #4195 ) ) ;
#3612 = STYLED_ITEM ( 'NONE', ( #8308 ), #698 ) ;
#3613 = CARTESIAN_POINT ( 'NONE',  ( 2.339999999999999858, 3.548929149633788249, 0.000000000000000000 ) ) ;
#3614 = EDGE_CURVE ( 'NONE', #844, #2072, #7263, .T. ) ;
#3615 = LINE ( 'NONE', #1331, #6120 ) ;
#3616 = ADVANCED_FACE ( 'NONE', ( #7434 ), #8154, .F. ) ;
#3617 = ORIENTED_EDGE ( 'NONE', *, *, #6796, .F. ) ;
#3618 = CARTESIAN_POINT ( 'NONE',  ( -4.669999999999994600, 0.4500000000000010103, -1.849999999999996314 ) ) ;
#3619 = VECTOR ( 'NONE', #4625, 1000.000000000000000 ) ;
#3620 = ADVANCED_FACE ( 'NONE', ( #588 ), #7375, .F. ) ;
#3621 = ORIENTED_EDGE ( 'NONE', *, *, #2743, .F. ) ;
#3622 = LINE ( 'NONE', #4510, #5727 ) ;
#3623 = FILL_AREA_STYLE ('',( #949 ) ) ;
#3624 = SURFACE_SIDE_STYLE ('',( #379 ) ) ;
#3625 = ORIENTED_EDGE ( 'NONE', *, *, #625, .F. ) ;
#3626 = VECTOR ( 'NONE', #6910, 1000.000000000000000 ) ;
#3627 = UNCERTAINTY_MEASURE_WITH_UNIT (LENGTH_MEASURE( 1.000000000000000082E-05 ), #4316, 'distance_accuracy_value', 'NONE');
#3628 = SURFACE_STYLE_FILL_AREA ( #321 ) ;
#3629 = DIRECTION ( 'NONE',  ( -0.000000000000000000, -0.000000000000000000, 1.000000000000000000 ) ) ;
#3630 = VERTEX_POINT ( 'NONE', #2390 ) ;
#3631 = VECTOR ( 'NONE', #4674, 1000.000000000000000 ) ;
#3632 = PLANE ( 'NONE',  #3167 ) ;
#3633 = ORIENTED_EDGE ( 'NONE', *, *, #2241, .F. ) ;
#3634 = DIRECTION ( 'NONE',  ( -5.981291766781776942E-16, -0.000000000000000000, -1.000000000000000000 ) ) ;
#3635 = DIRECTION ( 'NONE',  ( -1.000000000000000000, 0.000000000000000000, 0.000000000000000000 ) ) ;
#3636 = PRESENTATION_LAYER_ASSIGNMENT (  '', '', ( #2421 ) ) ;
#3637 = DIRECTION ( 'NONE',  ( 0.000000000000000000, 0.000000000000000000, 1.000000000000000000 ) ) ;
#3638 = PLANE ( 'NONE',  #5640 ) ;
#3639 = FACE_OUTER_BOUND ( 'NONE', #3979, .T. ) ;
#3640 = VECTOR ( 'NONE', #1413, 1000.000000000000000 ) ;
#3641 =( GEOMETRIC_REPRESENTATION_CONTEXT ( 3 ) GLOBAL_UNCERTAINTY_ASSIGNED_CONTEXT ( ( #1255 ) ) GLOBAL_UNIT_ASSIGNED_CONTEXT ( ( #1102, #10260, #6228 ) ) REPRESENTATION_CONTEXT ( 'NONE', 'WORKASPACE' ) );
#3642 = MECHANICAL_DESIGN_GEOMETRIC_PRESENTATION_REPRESENTATION (  '', ( #1030 ), #5079 ) ;
#3643 = PLANE ( 'NONE',  #10666 ) ;
#3644 = UNCERTAINTY_MEASURE_WITH_UNIT (LENGTH_MEASURE( 1.000000000000000082E-05 ), #2881, 'distance_accuracy_value', 'NONE');
#3645 = VECTOR ( 'NONE', #3333, 1000.000000000000000 ) ;
#3646 = CARTESIAN_POINT ( 'NONE',  ( 4.469999999999994422, 0.4499999999999999001, 0.3500000000000037526 ) ) ;
#3647 = FILL_AREA_STYLE ('',( #2527 ) ) ;
#3648 = VERTEX_POINT ( 'NONE', #10783 ) ;
#3649 = FILL_AREA_STYLE ('',( #1196 ) ) ;
#3650 = EDGE_LOOP ( 'NONE', ( #7258, #4854, #5966, #2007 ) ) ;
#3651 = VECTOR ( 'NONE', #1299, 1000.000000000000000 ) ;
#3652 = EDGE_CURVE ( 'NONE', #10782, #10078, #635, .T. ) ;
#3653 = CARTESIAN_POINT ( 'NONE',  ( -4.245735931288066922, 0.2999999999999999889, 0.3500000000000037526 ) ) ;
#3654 = VECTOR ( 'NONE', #5290, 999.9999999999998863 ) ;
#3655 = EDGE_LOOP ( 'NONE', ( #9729, #5028, #187, #10221, #10310, #6455, #2042, #3703, #6021, #5976, #2539, #8227, #6914, #6302, #4800, #2123, #6879, #438 ) ) ;
#3656 = MANIFOLD_SOLID_BREP ( 'LPattern2[3]', #6437 ) ;
#3657 = LINE ( 'NONE', #5394, #1930 ) ;
#3658 = VECTOR ( 'NONE', #843, 1000.000000000000000 ) ;
#3659 = PRESENTATION_LAYER_ASSIGNMENT (  '', '', ( #1939 ) ) ;
#3660 = PRESENTATION_LAYER_ASSIGNMENT (  '', '', ( #4554 ) ) ;
#3661 = DIRECTION ( 'NONE',  ( -0.000000000000000000, 1.000000000000000000, -0.000000000000000000 ) ) ;
#3662 = ORIENTED_EDGE ( 'NONE', *, *, #1540, .T. ) ;
#3663 = AXIS2_PLACEMENT_3D ( 'NONE', #6037, #9417, #1700 ) ;
#3664 = LINE ( 'NONE', #10421, #4315 ) ;
#3665 = FILL_AREA_STYLE ('',( #8883 ) ) ;
#3666 = CARTESIAN_POINT ( 'NONE',  ( -4.669999999999994600, 0.4500000000000010103, -1.749999999999994449 ) ) ;
#3667 = PRESENTATION_LAYER_ASSIGNMENT (  '', '', ( #8650 ) ) ;
#3668 = FACE_OUTER_BOUND ( 'NONE', #246, .T. ) ;
#3669 = ORIENTED_EDGE ( 'NONE', *, *, #1770, .T. ) ;
#3670 = DIRECTION ( 'NONE',  ( 1.000000000000000000, 0.000000000000000000, -5.981291766781776942E-16 ) ) ;
#3671 = ORIENTED_EDGE ( 'NONE', *, *, #1351, .T. ) ;
#3672 = VECTOR ( 'NONE', #5075, 1000.000000000000000 ) ;
#3673 = DIRECTION ( 'NONE',  ( -1.000000000000000000, -0.000000000000000000, -0.000000000000000000 ) ) ;
#3674 = VECTOR ( 'NONE', #4116, 1000.000000000000000 ) ;
#3675 = LINE ( 'NONE', #2744, #10183 ) ;
#3676 = EDGE_LOOP ( 'NONE', ( #400, #7794, #9216, #8741 ) ) ;
#3677 = FILL_AREA_STYLE_COLOUR ( '', #2159 ) ;
#3678 = SURFACE_STYLE_FILL_AREA ( #5581 ) ;
#3679 = EDGE_CURVE ( 'NONE', #3431, #5155, #10723, .T. ) ;
#3680 = ORIENTED_EDGE ( 'NONE', *, *, #8907, .T. ) ;
#3681 = DIRECTION ( 'NONE',  ( 0.000000000000000000, 1.000000000000000000, -4.814824860968090180E-32 ) ) ;
#3682 =( LENGTH_UNIT ( ) NAMED_UNIT ( * ) SI_UNIT ( .MILLI., .METRE. ) );
#3683 = CARTESIAN_POINT ( 'NONE',  ( 1.189999999999999725, 4.000000000000000000, -0.9250000000000404565 ) ) ;
#3684 = ADVANCED_FACE ( 'NONE', ( #799 ), #3308, .F. ) ;
#3685 = PRESENTATION_LAYER_ASSIGNMENT (  '', '', ( #9176 ) ) ;
#3686 = ORIENTED_EDGE ( 'NONE', *, *, #5378, .F. ) ;
#3687 = EDGE_CURVE ( 'NONE', #9527, #10233, #2794, .T. ) ;
#3689 = CARTESIAN_POINT ( 'NONE',  ( -4.000000000000002665, 2.100000000000000089, -1.550000000000000488 ) ) ;
#3688 = PLANE ( 'NONE',  #3135 ) ;
#3690 =( NAMED_UNIT ( * ) PLANE_ANGLE_UNIT ( ) SI_UNIT ( $, .RADIAN. ) );
#3691 = CARTESIAN_POINT ( 'NONE',  ( 2.660000000000000142, 1.749999999999999778, 0.000000000000000000 ) ) ;
#3692 = MECHANICAL_DESIGN_GEOMETRIC_PRESENTATION_REPRESENTATION (  '', ( #10240 ), #403 ) ;
#3693 = VERTEX_POINT ( 'NONE', #3519 ) ;
#3694 = ORIENTED_EDGE ( 'NONE', *, *, #3873, .F. ) ;
#3695 = CARTESIAN_POINT ( 'NONE',  ( 2.660000000000000142, 0.1000000000000000056, 2.350000000000004530 ) ) ;
#3696 = FILL_AREA_STYLE ('',( #2831 ) ) ;
#3697 = EDGE_CURVE ( 'NONE', #6606, #363, #5197, .T. ) ;
#3698 = CARTESIAN_POINT ( 'NONE',  ( -9.396418828207726131E-16, 2.600000000000000977, -1.850000000000000533 ) ) ;
#3699 = VECTOR ( 'NONE', #7779, 1000.000000000000000 ) ;
#3700 = SURFACE_STYLE_USAGE ( .BOTH. , #7952 ) ;
#3701 = ADVANCED_FACE ( 'NONE', ( #5968 ), #3458, .F. ) ;
#3702 = FILL_AREA_STYLE ('',( #8972 ) ) ;
#3703 = ORIENTED_EDGE ( 'NONE', *, *, #3921, .F. ) ;
#3704 = SURFACE_SIDE_STYLE ('',( #8662 ) ) ;
#3705 = EDGE_LOOP ( 'NONE', ( #1428, #7369, #6258, #1943 ) ) ;
#3706 = LINE ( 'NONE', #6432, #7476 ) ;
#3707 = ORIENTED_EDGE ( 'NONE', *, *, #7592, .T. ) ;
#3708 = CARTESIAN_POINT ( 'NONE',  ( 4.000000000000001776, -0.9059928172283340242, -1.550000000000002709 ) ) ;
#3709 = CARTESIAN_POINT ( 'NONE',  ( 5.199999999999999289, 2.100000000000002753, -1.550000000000000488 ) ) ;
#3710 = MECHANICAL_DESIGN_GEOMETRIC_PRESENTATION_REPRESENTATION (  '', ( #1103 ), #2506 ) ;
#3711 = ORIENTED_EDGE ( 'NONE', *, *, #7389, .T. ) ;
#3712 = CARTESIAN_POINT ( 'NONE',  ( 5.500000000000000888, 0.2999999999999999889, -1.849999999999996980 ) ) ;
#3713 = LINE ( 'NONE', #10470, #9620 ) ;
#3714 = FILL_AREA_STYLE ('',( #4493 ) ) ;
#3715 = VECTOR ( 'NONE', #5169, 1000.000000000000000 ) ;
#3716 = ORIENTED_EDGE ( 'NONE', *, *, #5983, .F. ) ;
#3717 = LINE ( 'NONE', #566, #7571 ) ;
#3718 = EDGE_LOOP ( 'NONE', ( #3078, #6210, #6379, #895, #528, #4360 ) ) ;
#3719 = CARTESIAN_POINT ( 'NONE',  ( 0.1599999999999999756, 2.865743636076471645, -0.3250000000000474731 ) ) ;
#3720 = EDGE_CURVE ( 'NONE', #2333, #10823, #4110, .T. ) ;
#3721 = AXIS2_PLACEMENT_3D ( 'NONE', #10248, #178, #2787 ) ;
#3722 = DIRECTION ( 'NONE',  ( 0.000000000000000000, 0.000000000000000000, -1.000000000000000000 ) ) ;
#3723 = ORIENTED_EDGE ( 'NONE', *, *, #2906, .T. ) ;
#3724 = LINE ( 'NONE', #7129, #2669 ) ;
#3725 = CARTESIAN_POINT ( 'NONE',  ( 4.469999999999994422, 0.4499999999999999001, 0.3500000000000037526 ) ) ;
#3726 = CARTESIAN_POINT ( 'NONE',  ( 2.025000000000005684, 4.400000000000002132, -1.450000000000040368 ) ) ;
#3727 = DIRECTION ( 'NONE',  ( 0.000000000000000000, 1.000000000000000000, 0.000000000000000000 ) ) ;
#3728 = CARTESIAN_POINT ( 'NONE',  ( -2.660000000000000142, 0.2999999999999999889, 1.850000000000004530 ) ) ;
#3729 = ORIENTED_EDGE ( 'NONE', *, *, #4716, .F. ) ;
#3730 = DIRECTION ( 'NONE',  ( -1.000000000000000000, 0.000000000000000000, 1.182766006347823109E-16 ) ) ;
#3731 = CARTESIAN_POINT ( 'NONE',  ( -1.090000000000000080, 0.8750000000000023315, 0.8749999999999814593 ) ) ;
#3732 = DIRECTION ( 'NONE',  ( 0.000000000000000000, -0.000000000000000000, 1.000000000000000000 ) ) ;
#3733 = ADVANCED_FACE ( 'NONE', ( #4169 ), #7598, .F. ) ;
#3734 = CARTESIAN_POINT ( 'NONE',  ( 2.339999999999999858, 0.000000000000000000, 1.850000000000004530 ) ) ;
#3735 = ORIENTED_EDGE ( 'NONE', *, *, #1330, .T. ) ;
#3736 =( NAMED_UNIT ( * ) PLANE_ANGLE_UNIT ( ) SI_UNIT ( $, .RADIAN. ) );
#3737 = ORIENTED_EDGE ( 'NONE', *, *, #10808, .F. ) ;
#3738 = PLANE ( 'NONE',  #6550 ) ;
#3739 =( LENGTH_UNIT ( ) NAMED_UNIT ( * ) SI_UNIT ( .MILLI., .METRE. ) );
#3740 =( LENGTH_UNIT ( ) NAMED_UNIT ( * ) SI_UNIT ( .MILLI., .METRE. ) );
#3741 = UNCERTAINTY_MEASURE_WITH_UNIT (LENGTH_MEASURE( 1.000000000000000082E-05 ), #3594, 'distance_accuracy_value', 'NONE');
#3742 = PRESENTATION_STYLE_ASSIGNMENT (( #4698 ) ) ;
#3743 = VECTOR ( 'NONE', #7879, 1000.000000000000000 ) ;
#3744 = EDGE_CURVE ( 'NONE', #10321, #6167, #6767, .T. ) ;
#3745 = DIRECTION ( 'NONE',  ( 1.000000000000000000, 0.000000000000000000, -0.000000000000000000 ) ) ;
#3746 = CARTESIAN_POINT ( 'NONE',  ( -1.090000000000000080, 4.000000000000000000, -0.9250000000000404565 ) ) ;
#3747 = ORIENTED_EDGE ( 'NONE', *, *, #3487, .T. ) ;
#3748 = EDGE_CURVE ( 'NONE', #10748, #206, #1065, .T. ) ;
#3749 =( NAMED_UNIT ( * ) PLANE_ANGLE_UNIT ( ) SI_UNIT ( $, .RADIAN. ) );
#3750 = ORIENTED_EDGE ( 'NONE', *, *, #1885, .F. ) ;
#3751 = DIRECTION ( 'NONE',  ( -1.000000000000000000, 0.000000000000000000, 1.182766006347823109E-16 ) ) ;
#3752 = EDGE_CURVE ( 'NONE', #3075, #6953, #10388, .T. ) ;
#3753 = DIRECTION ( 'NONE',  ( 0.000000000000000000, 0.7071067811865482389, 0.7071067811865469066 ) ) ;
#3754 = LINE ( 'NONE', #6264, #10042 ) ;
#3755 = ORIENTED_EDGE ( 'NONE', *, *, #9863, .T. ) ;
#3756 = COLOUR_RGB ( '',1.000000000000000000, 1.000000000000000000, 1.000000000000000000 ) ;
#3757 = VECTOR ( 'NONE', #5794, 1000.000000000000000 ) ;
#3758 = CARTESIAN_POINT ( 'NONE',  ( 5.699999999999993960, 2.888894916580853780E-31, -1.849999999999996314 ) ) ;
#3759 = LINE ( 'NONE', #2193, #2208 ) ;
#3760 = DIRECTION ( 'NONE',  ( 0.000000000000000000, -1.000000000000000000, 0.000000000000000000 ) ) ;
#3761 = LINE ( 'NONE', #10678, #166 ) ;
#3762 = VERTEX_POINT ( 'NONE', #4518 ) ;
#3763 = LINE ( 'NONE', #5505, #4564 ) ;
#3764 = DIRECTION ( 'NONE',  ( 0.000000000000000000, 0.000000000000000000, -1.000000000000000000 ) ) ;
#3765 = CARTESIAN_POINT ( 'NONE',  ( -4.000000000000001776, 1.749999999999999778, 1.549999999999989608 ) ) ;
#3766 = CLOSED_SHELL ( 'NONE', ( #2561, #4472, #2142, #955, #6576, #1620, #5744, #3281, #1960, #1550 ) ) ;
#3767 = DIRECTION ( 'NONE',  ( 0.000000000000000000, 0.000000000000000000, -1.000000000000000000 ) ) ;
#3768 = CARTESIAN_POINT ( 'NONE',  ( -5.199999999999999289, -0.9059928172283340242, -1.550000000000000488 ) ) ;
#3769 = PLANE ( 'NONE',  #4911 ) ;
#3770 = ORIENTED_EDGE ( 'NONE', *, *, #2332, .F. ) ;
#3771 = CARTESIAN_POINT ( 'NONE',  ( 3.400000000000024336, 1.749999999999999778, -1.450000000000040590 ) ) ;
#3772 = ORIENTED_EDGE ( 'NONE', *, *, #1506, .T. ) ;
#3773 = CARTESIAN_POINT ( 'NONE',  ( -4.369999999999997442, 1.499999999999995115, -1.599999999999994316 ) ) ;
#3774 =( GEOMETRIC_REPRESENTATION_CONTEXT ( 3 ) GLOBAL_UNCERTAINTY_ASSIGNED_CONTEXT ( ( #2883 ) ) GLOBAL_UNIT_ASSIGNED_CONTEXT ( ( #8010, #5463, #2958 ) ) REPRESENTATION_CONTEXT ( 'NONE', 'WORKASPACE' ) );
#3775 = DIRECTION ( 'NONE',  ( -0.000000000000000000, 1.000000000000000000, -0.000000000000000000 ) ) ;
#3776 = LINE ( 'NONE', #2158, #10352 ) ;
#3777 = ORIENTED_EDGE ( 'NONE', *, *, #4813, .F. ) ;
#3778 = CARTESIAN_POINT ( 'NONE',  ( -1.090000000000000080, 0.03083447080518480002, 0.1748709736949816407 ) ) ;
#3779 = VECTOR ( 'NONE', #5600, 1000.000000000000000 ) ;
#3780 = DIRECTION ( 'NONE',  ( 1.000000000000000000, 0.000000000000000000, -1.275531967629996124E-16 ) ) ;
#3781 =( NAMED_UNIT ( * ) PLANE_ANGLE_UNIT ( ) SI_UNIT ( $, .RADIAN. ) );
#3782 = EDGE_CURVE ( 'NONE', #4054, #775, #4456, .T. ) ;
#3783 = VERTEX_POINT ( 'NONE', #10440 ) ;
#3784 = FILL_AREA_STYLE_COLOUR ( '', #8201 ) ;
#3785 = COLOUR_RGB ( '',1.000000000000000000, 1.000000000000000000, 1.000000000000000000 ) ;
#3786 = EDGE_LOOP ( 'NONE', ( #6587, #8013, #5878, #1027 ) ) ;
#3787 = ORIENTED_EDGE ( 'NONE', *, *, #3952, .F. ) ;
#3788 = CARTESIAN_POINT ( 'NONE',  ( 5.250000000000000888, 2.400000000000002132, 0.9500000000000003997 ) ) ;
#3789 = VECTOR ( 'NONE', #4123, 1000.000000000000114 ) ;
#3790 = CARTESIAN_POINT ( 'NONE',  ( 5.000000000000006217, 1.649999999999999023, 0.3500000000000037526 ) ) ;
#3791 = VECTOR ( 'NONE', #1990, 1000.000000000000000 ) ;
#3792 = EDGE_CURVE ( 'NONE', #3568, #6606, #269, .T. ) ;
#3793 =( NAMED_UNIT ( * ) PLANE_ANGLE_UNIT ( ) SI_UNIT ( $, .RADIAN. ) );
#3794 = PLANE ( 'NONE',  #3933 ) ;
#3795 = DIRECTION ( 'NONE',  ( -0.7071067811865475727, 0.000000000000000000, 0.7071067811865475727 ) ) ;
#3796 = VERTEX_POINT ( 'NONE', #7083 ) ;
#3797 = AXIS2_PLACEMENT_3D ( 'NONE', #4809, #6250, #7261 ) ;
#3798 = LINE ( 'NONE', #4763, #9702 ) ;
#3799 = EDGE_LOOP ( 'NONE', ( #6769, #1240, #8144, #1729, #4418, #8543 ) ) ;
#3800 = CARTESIAN_POINT ( 'NONE',  ( 2.339999999999999858, 0.2787990747163040517, -1.581148123764847258 ) ) ;
#3801 = EDGE_CURVE ( 'NONE', #1471, #159, #2823, .T. ) ;
#3802 =( NAMED_UNIT ( * ) SI_UNIT ( $, .STERADIAN. ) SOLID_ANGLE_UNIT ( ) );
#3804 = DIRECTION ( 'NONE',  ( 0.7071067811865485719, -0.7071067811865465735, 1.405518965293098704E-15 ) ) ;
#3803 = MECHANICAL_DESIGN_GEOMETRIC_PRESENTATION_REPRESENTATION (  '', ( #2259 ), #10892 ) ;
#3805 = ORIENTED_EDGE ( 'NONE', *, *, #3498, .T. ) ;
#3806 = VECTOR ( 'NONE', #2221, 999.9999999999998863 ) ;
#3807 = EDGE_CURVE ( 'NONE', #4056, #3630, #2873, .T. ) ;
#3808 = DIRECTION ( 'NONE',  ( -8.260587980841928919E-16, 1.000000000000000000, 0.000000000000000000 ) ) ;
#3809 = ADVANCED_FACE ( 'NONE', ( #3571 ), #5528, .T. ) ;
#3810 = VECTOR ( 'NONE', #4971, 1000.000000000000000 ) ;
#3811 = DIRECTION ( 'NONE',  ( -1.000000000000000000, 0.000000000000000000, 0.000000000000000000 ) ) ;
#3812 = CARTESIAN_POINT ( 'NONE',  ( -1.725000000000000311, 4.400000000000002132, -1.450000000000039924 ) ) ;
#3813 = STYLED_ITEM ( 'NONE', ( #10034 ), #7196 ) ;
#3814 = ORIENTED_EDGE ( 'NONE', *, *, #10808, .T. ) ;
#3815 =( NAMED_UNIT ( * ) PLANE_ANGLE_UNIT ( ) SI_UNIT ( $, .RADIAN. ) );
#3816 = PLANE ( 'NONE',  #9920 ) ;
#3817 =( NAMED_UNIT ( * ) PLANE_ANGLE_UNIT ( ) SI_UNIT ( $, .RADIAN. ) );
#3818 = PRESENTATION_LAYER_ASSIGNMENT (  '', '', ( #8271 ) ) ;
#3819 =( NAMED_UNIT ( * ) PLANE_ANGLE_UNIT ( ) SI_UNIT ( $, .RADIAN. ) );
#3820 = CARTESIAN_POINT ( 'NONE',  ( -2.339999999999999858, 0.1000000000000000056, 2.350000000000004530 ) ) ;
#3821 = CARTESIAN_POINT ( 'NONE',  ( -9.458511725888609334, 6.047090369651305863, -1.849999999999995204 ) ) ;
#3822 = FILL_AREA_STYLE ('',( #6173 ) ) ;
#3823 = ORIENTED_EDGE ( 'NONE', *, *, #10859, .T. ) ;
#3824 = ADVANCED_FACE ( 'NONE', ( #3843 ), #8958, .T. ) ;
#3825 = LINE ( 'NONE', #6281, #4909 ) ;
#3826 = ORIENTED_EDGE ( 'NONE', *, *, #3142, .T. ) ;
#3827 = STYLED_ITEM ( 'NONE', ( #10410 ), #10741 ) ;
#3828 = VECTOR ( 'NONE', #1443, 1000.000000000000000 ) ;
#3829 = EDGE_CURVE ( 'NONE', #2436, #6988, #1396, .T. ) ;
#3830 = FACE_OUTER_BOUND ( 'NONE', #10889, .T. ) ;
#3831 = EDGE_CURVE ( 'NONE', #8821, #4630, #3141, .T. ) ;
#3832 = CARTESIAN_POINT ( 'NONE',  ( -3.400000000000024336, 1.749999999999999778, -1.450000000000039702 ) ) ;
#3833 = SURFACE_SIDE_STYLE ('',( #519 ) ) ;
#3834 = MECHANICAL_DESIGN_GEOMETRIC_PRESENTATION_REPRESENTATION (  '', ( #1581 ), #5806 ) ;
#3835 = ORIENTED_EDGE ( 'NONE', *, *, #6397, .F. ) ;
#3836 = CARTESIAN_POINT ( 'NONE',  ( 0.1599999999999999756, 0.8750000000000023315, 0.8749999999999814593 ) ) ;
#3837 = MECHANICAL_DESIGN_GEOMETRIC_PRESENTATION_REPRESENTATION (  '', ( #2459 ), #9869 ) ;
#3838 = CARTESIAN_POINT ( 'NONE',  ( 2.439999999999999947, 3.999999999999999112, -0.5250000000000403233 ) ) ;
#3839 = CARTESIAN_POINT ( 'NONE',  ( -4.613057677372903953, 1.140743569830547477, -1.893057677372899983 ) ) ;
#3841 = DIRECTION ( 'NONE',  ( -1.807003620809178576E-16, 0.000000000000000000, -1.000000000000000000 ) ) ;
#3840 = AXIS2_PLACEMENT_3D ( 'NONE', #10902, #6865, #10081 ) ;
#3842 = ORIENTED_EDGE ( 'NONE', *, *, #8094, .T. ) ;
#3843 = FACE_OUTER_BOUND ( 'NONE', #6431, .T. ) ;
#3844 =( NAMED_UNIT ( * ) SI_UNIT ( $, .STERADIAN. ) SOLID_ANGLE_UNIT ( ) );
#3845 = ORIENTED_EDGE ( 'NONE', *, *, #7697, .F. ) ;
#3846 = SURFACE_STYLE_USAGE ( .BOTH. , #8859 ) ;
#3847 = ORIENTED_EDGE ( 'NONE', *, *, #4964, .F. ) ;
#3848 = VECTOR ( 'NONE', #5262, 1000.000000000000000 ) ;
#3849 = CARTESIAN_POINT ( 'NONE',  ( 0.000000000000000000, 2.078323961923562724, 0.8000000000000004885 ) ) ;
#3850 = CARTESIAN_POINT ( 'NONE',  ( -3.050000000000019806, 1.749999999999999778, 0.9499999999999860778 ) ) ;
#3851 = DIRECTION ( 'NONE',  ( -0.5773502691896219563, 0.5773502691896369443, -0.5773502691896184036 ) ) ;
#3852 = UNCERTAINTY_MEASURE_WITH_UNIT (LENGTH_MEASURE( 1.000000000000000082E-05 ), #7604, 'distance_accuracy_value', 'NONE');
#3853 = DIRECTION ( 'NONE',  ( -0.000000000000000000, 0.000000000000000000, 1.000000000000000000 ) ) ;
#3854 = UNCERTAINTY_MEASURE_WITH_UNIT (LENGTH_MEASURE( 1.000000000000000082E-05 ), #7966, 'distance_accuracy_value', 'NONE');
#3855 = EDGE_CURVE ( 'NONE', #3512, #7142, #6463, .T. ) ;
#3856 = DIRECTION ( 'NONE',  ( -0.000000000000000000, 0.000000000000000000, -1.000000000000000000 ) ) ;
#3857 = FACE_OUTER_BOUND ( 'NONE', #221, .T. ) ;
#3858 = ORIENTED_EDGE ( 'NONE', *, *, #8924, .F. ) ;
#3859 = LINE ( 'NONE', #6482, #5817 ) ;
#3860 = ORIENTED_EDGE ( 'NONE', *, *, #8851, .T. ) ;
#3861 = CARTESIAN_POINT ( 'NONE',  ( 4.669999999999994600, 1.399999999999998801, 0.3500000000000037526 ) ) ;
#3862 = VECTOR ( 'NONE', #2162, 1000.000000000000000 ) ;
#3863 = CARTESIAN_POINT ( 'NONE',  ( -4.669999999999994600, 0.2500000000000012768, 0.3500000000000037526 ) ) ;
#3864 = ORIENTED_EDGE ( 'NONE', *, *, #9567, .F. ) ;
#3865 = FACE_OUTER_BOUND ( 'NONE', #4884, .T. ) ;
#3866 = SURFACE_SIDE_STYLE ('',( #4430 ) ) ;
#3867 = LINE ( 'NONE', #5561, #3486 ) ;
#3868 = PRESENTATION_LAYER_ASSIGNMENT (  '', '', ( #909 ) ) ;
#3869 = ORIENTED_EDGE ( 'NONE', *, *, #4636, .F. ) ;
#3870 = DIRECTION ( 'NONE',  ( 0.000000000000000000, -1.355252715606857123E-16, 1.000000000000000000 ) ) ;
#3871 = ADVANCED_FACE ( 'NONE', ( #8194 ), #2116, .F. ) ;
#3873 = EDGE_CURVE ( 'NONE', #1539, #8460, #7363, .T. ) ;
#3872 = SURFACE_SIDE_STYLE ('',( #2405 ) ) ;
#3874 = SURFACE_SIDE_STYLE ('',( #560 ) ) ;
#3875 = PRESENTATION_STYLE_ASSIGNMENT (( #562 ) ) ;
#3876 = LINE ( 'NONE', #2152, #855 ) ;
#3877 =( NAMED_UNIT ( * ) SI_UNIT ( $, .STERADIAN. ) SOLID_ANGLE_UNIT ( ) );
#3878 = ORIENTED_EDGE ( 'NONE', *, *, #2957, .T. ) ;
#3879 = CARTESIAN_POINT ( 'NONE',  ( -2.424999999999999822, 2.099999999999996980, -1.850000000000000533 ) ) ;
#3880 = ORIENTED_EDGE ( 'NONE', *, *, #6215, .T. ) ;
#3881 = LINE ( 'NONE', #8789, #106 ) ;
#3882 =( NAMED_UNIT ( * ) PLANE_ANGLE_UNIT ( ) SI_UNIT ( $, .RADIAN. ) );
#3883 = PLANE ( 'NONE',  #6133 ) ;
#3884 = EDGE_CURVE ( 'NONE', #3603, #10806, #10705, .T. ) ;
#3885 = ORIENTED_EDGE ( 'NONE', *, *, #1076, .F. ) ;
#3886 = CARTESIAN_POINT ( 'NONE',  ( 3.400000000000025224, 3.700000000000000178, 0.9499999999999855227 ) ) ;
#3887 = EDGE_CURVE ( 'NONE', #7711, #9591, #7195, .T. ) ;
#3888 = DIRECTION ( 'NONE',  ( 0.000000000000000000, -0.000000000000000000, 1.000000000000000000 ) ) ;
#3889 = EDGE_CURVE ( 'NONE', #6699, #9941, #7983, .T. ) ;
#3890 = CARTESIAN_POINT ( 'NONE',  ( 4.000000000000001776, 2.899999999999999467, 0.9500000000000002887 ) ) ;
#3891 = ORIENTED_EDGE ( 'NONE', *, *, #6589, .F. ) ;
#3892 = CARTESIAN_POINT ( 'NONE',  ( 1.409999999999999698, 0.000000000000000000, 0.000000000000000000 ) ) ;
#3893 = CARTESIAN_POINT ( 'NONE',  ( -3.500000000000001776, -1.029563014098700879, -0.9500000000000009548 ) ) ;
#3894 = FILL_AREA_STYLE_COLOUR ( '', #6142 ) ;
#3895 = ORIENTED_EDGE ( 'NONE', *, *, #4213, .T. ) ;
#3896 = ORIENTED_EDGE ( 'NONE', *, *, #6103, .T. ) ;
#3897 = VECTOR ( 'NONE', #4545, 1000.000000000000000 ) ;
#3898 = CARTESIAN_POINT ( 'NONE',  ( 1.409999999999999698, 0.03083447080518480002, 0.1748709736949816407 ) ) ;
#3899 = CARTESIAN_POINT ( 'NONE',  ( 5.500000000000000888, 21.00560209553989566, -1.849999999999996980 ) ) ;
#3900 = SURFACE_STYLE_FILL_AREA ( #9859 ) ;
#3901 = EDGE_LOOP ( 'NONE', ( #3772, #8444, #1899, #10351, #9962 ) ) ;
#3902 = ORIENTED_EDGE ( 'NONE', *, *, #7094, .F. ) ;
#3903 = DIRECTION ( 'NONE',  ( -1.000000000000000000, 0.000000000000000000, 0.000000000000000000 ) ) ;
#3904 = CARTESIAN_POINT ( 'NONE',  ( 5.250000000000000888, 2.078323961923568497, 0.8000000000000014877 ) ) ;
#3905 = FILL_AREA_STYLE_COLOUR ( '', #5092 ) ;
#3906 = ADVANCED_FACE ( 'NONE', ( #2926 ), #8028, .F. ) ;
#3907 = VECTOR ( 'NONE', #6522, 1000.000000000000000 ) ;
#3908 =( LENGTH_UNIT ( ) NAMED_UNIT ( * ) SI_UNIT ( .MILLI., .METRE. ) );
#3909 = SURFACE_STYLE_USAGE ( .BOTH. , #9757 ) ;
#3910 = ORIENTED_EDGE ( 'NONE', *, *, #7716, .T. ) ;
#3911 = CARTESIAN_POINT ( 'NONE',  ( -4.219999999999995310, 1.200000000000000178, -1.749999999999994449 ) ) ;
#3912 = DIRECTION ( 'NONE',  ( -0.7071067811865471286, 0.7071067811865479058, 8.363418636454763320E-17 ) ) ;
#3913 = AXIS2_PLACEMENT_3D ( 'NONE', #6624, #83, #9168 ) ;
#3914 = LINE ( 'NONE', #7502, #576 ) ;
#3915 = LINE ( 'NONE', #720, #9629 ) ;
#3916 = LINE ( 'NONE', #10471, #7931 ) ;
#3917 = ORIENTED_EDGE ( 'NONE', *, *, #7070, .F. ) ;
#3918 = SURFACE_SIDE_STYLE ('',( #10045 ) ) ;
#3919 = EDGE_CURVE ( 'NONE', #5767, #3598, #9273, .T. ) ;
#3920 = EDGE_LOOP ( 'NONE', ( #3267, #9014, #8304, #7702, #10576 ) ) ;
#3921 = EDGE_CURVE ( 'NONE', #8887, #8922, #2378, .T. ) ;
#3922 = DIRECTION ( 'NONE',  ( -0.000000000000000000, 1.000000000000000000, -0.000000000000000000 ) ) ;
#3923 = CARTESIAN_POINT ( 'NONE',  ( 4.000000000000001776, 2.899999999999999467, -1.550000000000002709 ) ) ;
#3924 = PRESENTATION_LAYER_ASSIGNMENT (  '', '', ( #8564 ) ) ;
#3925 = PRESENTATION_STYLE_ASSIGNMENT (( #1379 ) ) ;
#3926 = DIRECTION ( 'NONE',  ( -1.000000000000000000, 0.000000000000000000, -0.000000000000000000 ) ) ;
#3927 = CLOSED_SHELL ( 'NONE', ( #4618, #10006, #3871, #1480, #4860, #10516, #9231, #4414, #4127, #10127 ) ) ;
#3928 = ORIENTED_EDGE ( 'NONE', *, *, #446, .T. ) ;
#3929 = PLANE ( 'NONE',  #1430 ) ;
#3930 =( NAMED_UNIT ( * ) PLANE_ANGLE_UNIT ( ) SI_UNIT ( $, .RADIAN. ) );
#3931 = PRESENTATION_STYLE_ASSIGNMENT (( #2533 ) ) ;
#3932 = ORIENTED_EDGE ( 'NONE', *, *, #8505, .T. ) ;
#3933 = AXIS2_PLACEMENT_3D ( 'NONE', #9535, #6203, #5335 ) ;
#3934 = SURFACE_STYLE_USAGE ( .BOTH. , #5641 ) ;
#3935 =( NAMED_UNIT ( * ) PLANE_ANGLE_UNIT ( ) SI_UNIT ( $, .RADIAN. ) );
#3936 = VERTEX_POINT ( 'NONE', #4003 ) ;
#3937 = COLOUR_RGB ( '',1.000000000000000000, 0.8117647058823529438, 0.5019607843137254832 ) ;
#3938 = EDGE_CURVE ( 'NONE', #5535, #704, #1502, .T. ) ;
#3939 =( NAMED_UNIT ( * ) PLANE_ANGLE_UNIT ( ) SI_UNIT ( $, .RADIAN. ) );
#3940 = EDGE_CURVE ( 'NONE', #4078, #3366, #4859, .T. ) ;
#3941 = DIRECTION ( 'NONE',  ( -0.000000000000000000, 1.000000000000000000, -0.000000000000000000 ) ) ;
#3942 = ORIENTED_EDGE ( 'NONE', *, *, #5333, .T. ) ;
#3943 = PRESENTATION_LAYER_ASSIGNMENT (  '', '', ( #8764 ) ) ;
#3944 =( NAMED_UNIT ( * ) SI_UNIT ( $, .STERADIAN. ) SOLID_ANGLE_UNIT ( ) );
#3945 = EDGE_LOOP ( 'NONE', ( #4209, #8796, #9819, #5291, #4031, #8893, #2791, #6540, #8660, #4372, #2983, #8943, #9458, #8668, #948, #9229, #1486, #2219 ) ) ;
#3946 = FILL_AREA_STYLE_COLOUR ( '', #5241 ) ;
#3947 = DIRECTION ( 'NONE',  ( 0.7071067811865477948, 0.7071067811865473507, 0.000000000000000000 ) ) ;
#3948 = FACE_OUTER_BOUND ( 'NONE', #9059, .T. ) ;
#3949 = MECHANICAL_DESIGN_GEOMETRIC_PRESENTATION_REPRESENTATION (  '', ( #3609 ), #9462 ) ;
#3950 = UNCERTAINTY_MEASURE_WITH_UNIT (LENGTH_MEASURE( 1.000000000000000082E-05 ), #6499, 'distance_accuracy_value', 'NONE');
#3951 = SURFACE_STYLE_FILL_AREA ( #3094 ) ;
#3952 = EDGE_CURVE ( 'NONE', #10407, #7916, #6949, .T. ) ;
#3953 = MECHANICAL_DESIGN_GEOMETRIC_PRESENTATION_REPRESENTATION (  '', ( #5054 ), #141 ) ;
#3954 = FILL_AREA_STYLE ('',( #4877 ) ) ;
#3955 = UNCERTAINTY_MEASURE_WITH_UNIT (LENGTH_MEASURE( 1.000000000000000082E-05 ), #9887, 'distance_accuracy_value', 'NONE');
#3956 =( NAMED_UNIT ( * ) PLANE_ANGLE_UNIT ( ) SI_UNIT ( $, .RADIAN. ) );
#3957 = FACE_OUTER_BOUND ( 'NONE', #10662, .T. ) ;
#3958 = ORIENTED_EDGE ( 'NONE', *, *, #3227, .F. ) ;
#3959 = VECTOR ( 'NONE', #3168, 1000.000000000000000 ) ;
#3960 = DIRECTION ( 'NONE',  ( -1.000000000000000000, 0.000000000000000000, -0.000000000000000000 ) ) ;
#3961 = ORIENTED_EDGE ( 'NONE', *, *, #2171, .F. ) ;
#3962 = CARTESIAN_POINT ( 'NONE',  ( -5.000000000000006217, 1.650000000000000355, 0.3500000000000037526 ) ) ;
#3963 = VECTOR ( 'NONE', #9405, 1000.000000000000000 ) ;
#3964 =( LENGTH_UNIT ( ) NAMED_UNIT ( * ) SI_UNIT ( .MILLI., .METRE. ) );
#3965 = LINE ( 'NONE', #759, #10204 ) ;
#3966 =( LENGTH_UNIT ( ) NAMED_UNIT ( * ) SI_UNIT ( .MILLI., .METRE. ) );
#3967 = UNCERTAINTY_MEASURE_WITH_UNIT (LENGTH_MEASURE( 1.000000000000000082E-05 ), #7895, 'distance_accuracy_value', 'NONE');
#3968 = SURFACE_STYLE_USAGE ( .BOTH. , #10032 ) ;
#3969 = CARTESIAN_POINT ( 'NONE',  ( 2.660000000000000142, 3.548929149633788249, 0.000000000000000000 ) ) ;
#3970 = DIRECTION ( 'NONE',  ( -1.000000000000000000, -0.000000000000000000, -0.000000000000000000 ) ) ;
#3971 = ORIENTED_EDGE ( 'NONE', *, *, #1245, .T. ) ;
#3972 = CARTESIAN_POINT ( 'NONE',  ( -5.699999999999994849, 0.2500000000000028311, -1.649999999999997691 ) ) ;
#3973 = SURFACE_STYLE_FILL_AREA ( #8327 ) ;
#3974 = DIRECTION ( 'NONE',  ( 0.9659258262890690894, -0.000000000000000000, 0.2588190451025180194 ) ) ;
#3975 = FILL_AREA_STYLE_COLOUR ( '', #1980 ) ;
#3976 = CARTESIAN_POINT ( 'NONE',  ( -1.133333333333334192, 2.133333333333323978, 0.8166666666666513308 ) ) ;
#3977 = CARTESIAN_POINT ( 'NONE',  ( -4.537712434446766530, 0.2999999999999999889, -1.817712434446764780 ) ) ;
#3978 = SURFACE_STYLE_USAGE ( .BOTH. , #9981 ) ;
#3979 = EDGE_LOOP ( 'NONE', ( #8629, #9271, #6706, #3770, #7239, #2963, #5742, #4106 ) ) ;
#3980 = VECTOR ( 'NONE', #10362, 1000.000000000000000 ) ;
#3981 = VERTEX_POINT ( 'NONE', #4099 ) ;
#3982 = DIRECTION ( 'NONE',  ( 0.000000000000000000, -1.000000000000000000, 0.000000000000000000 ) ) ;
#3983 = VECTOR ( 'NONE', #9198, 1000.000000000000114 ) ;
#3984 = MECHANICAL_DESIGN_GEOMETRIC_PRESENTATION_REPRESENTATION (  '', ( #6835 ), #5078 ) ;
#3986 = DIRECTION ( 'NONE',  ( 0.000000000000000000, 0.000000000000000000, -1.000000000000000000 ) ) ;
#3985 = AXIS2_PLACEMENT_3D ( 'NONE', #4789, #3016, #8073 ) ;
#3987 = DIRECTION ( 'NONE',  ( -0.000000000000000000, -1.000000000000000000, -0.000000000000000000 ) ) ;
#3988 = COLOUR_RGB ( '',1.000000000000000000, 1.000000000000000000, 1.000000000000000000 ) ;
#3989 =( LENGTH_UNIT ( ) NAMED_UNIT ( * ) SI_UNIT ( .MILLI., .METRE. ) );
#3990 = EDGE_CURVE ( 'NONE', #435, #365, #10477, .T. ) ;
#3991 = FILL_AREA_STYLE_COLOUR ( '', #3192 ) ;
#3992 = EDGE_CURVE ( 'NONE', #2373, #4266, #9218, .T. ) ;
#3993 = DIRECTION ( 'NONE',  ( -0.000000000000000000, -0.000000000000000000, -1.000000000000000000 ) ) ;
#3994 = STYLED_ITEM ( 'NONE', ( #10279 ), #7377 ) ;
#3995 = CARTESIAN_POINT ( 'NONE',  ( -4.669999999999994600, 1.399999999999999689, -1.749999999999994893 ) ) ;
#3996 = COLOUR_RGB ( '',0.7921568627450980005, 0.8196078431372548767, 0.9333333333333333481 ) ;
#3997 =( GEOMETRIC_REPRESENTATION_CONTEXT ( 3 ) GLOBAL_UNCERTAINTY_ASSIGNED_CONTEXT ( ( #1584 ) ) GLOBAL_UNIT_ASSIGNED_CONTEXT ( ( #2317, #3882, #3182 ) ) REPRESENTATION_CONTEXT ( 'NONE', 'WORKASPACE' ) );
#3998 = EDGE_LOOP ( 'NONE', ( #10300, #4601, #1870, #3578 ) ) ;
#3999 = CARTESIAN_POINT ( 'NONE',  ( 2.154457136363784109, 0.1909000140257102185, 0.1466470997434467238 ) ) ;
#4000 = ORIENTED_EDGE ( 'NONE', *, *, #437, .T. ) ;
#4001 =( GEOMETRIC_REPRESENTATION_CONTEXT ( 3 ) GLOBAL_UNCERTAINTY_ASSIGNED_CONTEXT ( ( #4168 ) ) GLOBAL_UNIT_ASSIGNED_CONTEXT ( ( #5823, #9917, #2299 ) ) REPRESENTATION_CONTEXT ( 'NONE', 'WORKASPACE' ) );
#4002 = COLOUR_RGB ( '',1.000000000000000000, 1.000000000000000000, 1.000000000000000000 ) ;
#4003 = CARTESIAN_POINT ( 'NONE',  ( -4.219999999999994422, 1.649999999999999023, -1.749999999999994449 ) ) ;
#4004 = VECTOR ( 'NONE', #6542, 1000.000000000000227 ) ;
#4005 = CARTESIAN_POINT ( 'NONE',  ( 4.469999999999994422, 1.199999999999999067, 0.3500000000000037526 ) ) ;
#4006 = PRESENTATION_LAYER_ASSIGNMENT (  '', '', ( #2459 ) ) ;
#4007 = EDGE_CURVE ( 'NONE', #3512, #462, #5847, .T. ) ;
#4008 = FILL_AREA_STYLE_COLOUR ( '', #7037 ) ;
#4009 = ORIENTED_EDGE ( 'NONE', *, *, #5336, .T. ) ;
#4010 = FILL_AREA_STYLE ('',( #1507 ) ) ;
#4011 = ORIENTED_EDGE ( 'NONE', *, *, #5753, .T. ) ;
#4012 = FILL_AREA_STYLE ('',( #3250 ) ) ;
#4013 = LINE ( 'NONE', #10718, #4970 ) ;
#4014 = ADVANCED_FACE ( 'NONE', ( #6570 ), #786, .T. ) ;
#4015 =( NAMED_UNIT ( * ) PLANE_ANGLE_UNIT ( ) SI_UNIT ( $, .RADIAN. ) );
#4016 = VECTOR ( 'NONE', #4126, 1000.000000000000000 ) ;
#4017 = DIRECTION ( 'NONE',  ( 1.000000000000000000, 0.000000000000000000, -0.000000000000000000 ) ) ;
#4018 = DIRECTION ( 'NONE',  ( -1.000000000000000000, 6.570922257487672349E-16, 0.000000000000000000 ) ) ;
#4019 =( NAMED_UNIT ( * ) SI_UNIT ( $, .STERADIAN. ) SOLID_ANGLE_UNIT ( ) );
#4020 = EDGE_LOOP ( 'NONE', ( #7260, #9481, #430, #8262, #9470, #2931, #8105, #10548 ) ) ;
#4021 = CARTESIAN_POINT ( 'NONE',  ( -4.000000000000001776, 0.000000000000000000, 0.9500000000000005107 ) ) ;
#4022 = ORIENTED_EDGE ( 'NONE', *, *, #546, .F. ) ;
#4023 = DIRECTION ( 'NONE',  ( -1.000000000000000000, -0.000000000000000000, -0.000000000000000000 ) ) ;
#4024 = ADVANCED_FACE ( 'NONE', ( #5023 ), #3396, .T. ) ;
#4025 = CARTESIAN_POINT ( 'NONE',  ( -4.000000000000001776, 2.400000000000000799, 0.9500000000000003997 ) ) ;
#4026 = EDGE_CURVE ( 'NONE', #8534, #3179, #255, .T. ) ;
#4027 = LINE ( 'NONE', #6646, #8112 ) ;
#4028 = PLANE ( 'NONE',  #1686 ) ;
#4029 = LINE ( 'NONE', #5825, #3789 ) ;
#4030 = CARTESIAN_POINT ( 'NONE',  ( 0.4125734623852918004, 0.4932555058087318978, -1.543333668776807110 ) ) ;
#4031 = ORIENTED_EDGE ( 'NONE', *, *, #965, .F. ) ;
#4032 = VECTOR ( 'NONE', #8895, 1000.000000000000000 ) ;
#4033 =( NAMED_UNIT ( * ) PLANE_ANGLE_UNIT ( ) SI_UNIT ( $, .RADIAN. ) );
#4034 = EDGE_CURVE ( 'NONE', #8687, #7722, #6836, .T. ) ;
#4035 =( NAMED_UNIT ( * ) SI_UNIT ( $, .STERADIAN. ) SOLID_ANGLE_UNIT ( ) );
#4036 = DIRECTION ( 'NONE',  ( 1.084202172485504828E-15, -1.000000000000000000, 0.000000000000000000 ) ) ;
#4037 = CARTESIAN_POINT ( 'NONE',  ( -7.589415207398548787E-16, 2.100000000000000977, -1.850000000000000533 ) ) ;
#4038 = VERTEX_POINT ( 'NONE', #3507 ) ;
#4039 = ORIENTED_EDGE ( 'NONE', *, *, #3889, .F. ) ;
#4040 = DIRECTION ( 'NONE',  ( 8.363418636454781809E-17, -0.7071067811865464625, 0.7071067811865486830 ) ) ;
#4041 = AXIS2_PLACEMENT_3D ( 'NONE', #2044, #4561, #9086 ) ;
#4042 = DIRECTION ( 'NONE',  ( 0.000000000000000000, -0.7071067811865470176, -0.7071067811865481278 ) ) ;
#4043 = CARTESIAN_POINT ( 'NONE',  ( -4.000000000000001776, 3.700000000000000178, 1.549999999999989608 ) ) ;
#4044 = FACE_OUTER_BOUND ( 'NONE', #5430, .T. ) ;
#4045 = PLANE ( 'NONE',  #4718 ) ;
#4046 = STYLED_ITEM ( 'NONE', ( #4634 ), #9096 ) ;
#4047 =( NAMED_UNIT ( * ) SI_UNIT ( $, .STERADIAN. ) SOLID_ANGLE_UNIT ( ) );
#4048 = ORIENTED_EDGE ( 'NONE', *, *, #5673, .F. ) ;
#4049 = VERTEX_POINT ( 'NONE', #2645 ) ;
#4050 = SURFACE_SIDE_STYLE ('',( #2980 ) ) ;
#4051 = EDGE_CURVE ( 'NONE', #10612, #2754, #6176, .T. ) ;
#4052 = VECTOR ( 'NONE', #5016, 1000.000000000000000 ) ;
#4053 = CARTESIAN_POINT ( 'NONE',  ( -3.456766902759298876, 4.456766902759277116, 0.1098258880218396932 ) ) ;
#4054 = VERTEX_POINT ( 'NONE', #6894 ) ;
#4055 = CARTESIAN_POINT ( 'NONE',  ( -2.339999999999999858, 0.03083447080518480002, 0.1748709736949816407 ) ) ;
#4056 = VERTEX_POINT ( 'NONE', #5363 ) ;
#4057 =( NAMED_UNIT ( * ) PLANE_ANGLE_UNIT ( ) SI_UNIT ( $, .RADIAN. ) );
#4058 = DIRECTION ( 'NONE',  ( -0.000000000000000000, -0.000000000000000000, 1.000000000000000000 ) ) ;
#4059 = ORIENTED_EDGE ( 'NONE', *, *, #3829, .T. ) ;
#4060 = UNCERTAINTY_MEASURE_WITH_UNIT (LENGTH_MEASURE( 1.000000000000000082E-05 ), #2039, 'distance_accuracy_value', 'NONE');
#4061 = LINE ( 'NONE', #9905, #9251 ) ;
#4062 = UNCERTAINTY_MEASURE_WITH_UNIT (LENGTH_MEASURE( 1.000000000000000082E-05 ), #6427, 'distance_accuracy_value', 'NONE');
#4063 =( NAMED_UNIT ( * ) SI_UNIT ( $, .STERADIAN. ) SOLID_ANGLE_UNIT ( ) );
#4064 = EDGE_CURVE ( 'NONE', #5552, #9527, #9212, .T. ) ;
#4065 = CARTESIAN_POINT ( 'NONE',  ( 3.449999999999997957, 3.450000000000007283, -1.850000000000000533 ) ) ;
#4066 = VECTOR ( 'NONE', #3751, 1000.000000000000000 ) ;
#4067 = ORIENTED_EDGE ( 'NONE', *, *, #1442, .T. ) ;
#4068 = CARTESIAN_POINT ( 'NONE',  ( 4.000000000000003553, 2.078323961923565832, 0.8000000000000004885 ) ) ;
#4069 = ORIENTED_EDGE ( 'NONE', *, *, #10714, .F. ) ;
#4070 = FILL_AREA_STYLE ('',( #9914 ) ) ;
#4071 = CARTESIAN_POINT ( 'NONE',  ( -4.669999999999994600, 0.4500000000000010103, 0.3500000000000037526 ) ) ;
#4072 = LINE ( 'NONE', #3263, #7030 ) ;
#4073 = PLANE ( 'NONE',  #2050 ) ;
#4074 = EDGE_CURVE ( 'NONE', #4573, #1458, #9435, .T. ) ;
#4075 = FILL_AREA_STYLE_COLOUR ( '', #2409 ) ;
#4077 = EDGE_CURVE ( 'NONE', #10344, #1915, #2811, .T. ) ;
#4076 = COLOUR_RGB ( '',0.7921568627450980005, 0.8196078431372548767, 0.9333333333333333481 ) ;
#4078 = VERTEX_POINT ( 'NONE', #7812 ) ;
#4079 = DIRECTION ( 'NONE',  ( -0.000000000000000000, 1.000000000000000000, -0.000000000000000000 ) ) ;
#4080 = EDGE_CURVE ( 'NONE', #9570, #5881, #7920, .T. ) ;
#4081 = PLANE ( 'NONE',  #4918 ) ;
#4082 = ORIENTED_EDGE ( 'NONE', *, *, #7147, .T. ) ;
#4083 = STYLED_ITEM ( 'NONE', ( #8530 ), #3701 ) ;
#4084 = ORIENTED_EDGE ( 'NONE', *, *, #6486, .F. ) ;
#4085 =( NAMED_UNIT ( * ) SI_UNIT ( $, .STERADIAN. ) SOLID_ANGLE_UNIT ( ) );
#4086 = CARTESIAN_POINT ( 'NONE',  ( -4.219999999999994422, 1.200000000000000178, 0.3500000000000037526 ) ) ;
#4087 = EDGE_CURVE ( 'NONE', #132, #5746, #8565, .T. ) ;
#4088 = CARTESIAN_POINT ( 'NONE',  ( 1.725000000000004530, 3.249999999999996891, -1.850000000000000533 ) ) ;
#4089 = VECTOR ( 'NONE', #7125, 1000.000000000000000 ) ;
#4090 = DIRECTION ( 'NONE',  ( 1.000000000000000000, -3.942553354492742052E-16, -1.275531967629996124E-16 ) ) ;
#4091 = LINE ( 'NONE', #5696, #10770 ) ;
#4092 = DIRECTION ( 'NONE',  ( 1.000000000000000000, 0.000000000000000000, 0.000000000000000000 ) ) ;
#4093 = LINE ( 'NONE', #5841, #10655 ) ;
#4094 = DIRECTION ( 'NONE',  ( 0.000000000000000000, -4.814824860968089633E-32, -1.000000000000000000 ) ) ;
#4095 = EDGE_LOOP ( 'NONE', ( #1139, #467, #6223, #2651, #2690 ) ) ;
#4096 = LINE ( 'NONE', #2486, #10214 ) ;
#4097 = ORIENTED_EDGE ( 'NONE', *, *, #7980, .F. ) ;
#4099 = CARTESIAN_POINT ( 'NONE',  ( 3.050000000000020695, 3.700000000000000178, 1.249999999999985345 ) ) ;
#4098 = PRESENTATION_LAYER_ASSIGNMENT (  '', '', ( #8908 ) ) ;
#4100 = CARTESIAN_POINT ( 'NONE',  ( -5.000000000000006217, 1.400000000000000133, -1.749999999999994449 ) ) ;
#4101 =( NAMED_UNIT ( * ) PLANE_ANGLE_UNIT ( ) SI_UNIT ( $, .RADIAN. ) );
#4102 = ORIENTED_EDGE ( 'NONE', *, *, #6052, .F. ) ;
#4103 = PRESENTATION_LAYER_ASSIGNMENT (  '', '', ( #9973 ) ) ;
#4104 = DIRECTION ( 'NONE',  ( 0.000000000000000000, -0.9848077530122087975, 0.1736481776669264454 ) ) ;
#4105 = EDGE_CURVE ( 'NONE', #5704, #876, #367, .T. ) ;
#4106 = ORIENTED_EDGE ( 'NONE', *, *, #7492, .F. ) ;
#4107 = PLANE ( 'NONE',  #5675 ) ;
#4108 = PLANE ( 'NONE',  #8591 ) ;
#4109 = ORIENTED_EDGE ( 'NONE', *, *, #7977, .T. ) ;
#4110 = LINE ( 'NONE', #8415, #10648 ) ;
#4111 = MECHANICAL_DESIGN_GEOMETRIC_PRESENTATION_REPRESENTATION (  '', ( #3260 ), #8580 ) ;
#4112 =( NAMED_UNIT ( * ) SI_UNIT ( $, .STERADIAN. ) SOLID_ANGLE_UNIT ( ) );
#4113 = DIRECTION ( 'NONE',  ( -1.000000000000000000, -0.000000000000000000, -0.000000000000000000 ) ) ;
#4114 = PRESENTATION_LAYER_ASSIGNMENT (  '', '', ( #7339 ) ) ;
#4115 = ORIENTED_EDGE ( 'NONE', *, *, #6796, .T. ) ;
#4116 = DIRECTION ( 'NONE',  ( 5.981805089575197183E-16, -1.000000000000000000, 0.000000000000000000 ) ) ;
#4117 = EDGE_CURVE ( 'NONE', #3306, #3485, #1777, .T. ) ;
#4118 = ORIENTED_EDGE ( 'NONE', *, *, #10383, .F. ) ;
#4119 = VECTOR ( 'NONE', #7625, 1000.000000000000000 ) ;
#4120 = COLOUR_RGB ( '',1.000000000000000000, 1.000000000000000000, 1.000000000000000000 ) ;
#4121 = CARTESIAN_POINT ( 'NONE',  ( 0.1599999999999999756, -1.579062136966065191E-17, -0.3250000000000473066 ) ) ;
#4122 = LINE ( 'NONE', #7333, #10148 ) ;
#4123 = DIRECTION ( 'NONE',  ( -0.000000000000000000, -0.7071067811865496822, -0.7071067811865454633 ) ) ;
#4124 = CIRCLE ( 'NONE', #10001, 0.09999999995018485355 ) ;
#4125 = EDGE_LOOP ( 'NONE', ( #9117, #6937, #1060, #10768 ) ) ;
#4126 = DIRECTION ( 'NONE',  ( 0.000000000000000000, 0.000000000000000000, -1.000000000000000000 ) ) ;
#4127 = ADVANCED_FACE ( 'NONE', ( #3444 ), #7690, .T. ) ;
#4128 = ORIENTED_EDGE ( 'NONE', *, *, #5642, .T. ) ;
#4129 = DIRECTION ( 'NONE',  ( 2.990902544787597113E-16, 1.000000000000000000, 0.000000000000000000 ) ) ;
#4130 = CARTESIAN_POINT ( 'NONE',  ( -4.469999999999994422, 1.199999999999999067, 0.3500000000000037526 ) ) ;
#4131 = CARTESIAN_POINT ( 'NONE',  ( 2.660000000000000142, 3.999999999999999112, -0.5250000000000403233 ) ) ;
#4132 = ORIENTED_EDGE ( 'NONE', *, *, #3752, .F. ) ;
#4133 = VECTOR ( 'NONE', #6582, 1000.000000000000000 ) ;
#4134 = EDGE_CURVE ( 'NONE', #4054, #5721, #1879, .T. ) ;
#4135 =( LENGTH_UNIT ( ) NAMED_UNIT ( * ) SI_UNIT ( .MILLI., .METRE. ) );
#4136 = ORIENTED_EDGE ( 'NONE', *, *, #2211, .F. ) ;
#4137 = PRESENTATION_LAYER_ASSIGNMENT (  '', '', ( #7547 ) ) ;
#4138 = SURFACE_STYLE_USAGE ( .BOTH. , #2413 ) ;
#4139 =( LENGTH_UNIT ( ) NAMED_UNIT ( * ) SI_UNIT ( .MILLI., .METRE. ) );
#4140 = DIRECTION ( 'NONE',  ( -1.000000000000000000, -5.981805089575198169E-16, 0.000000000000000000 ) ) ;
#4141 = VECTOR ( 'NONE', #5646, 1000.000000000000000 ) ;
#4142 = LINE ( 'NONE', #2478, #758 ) ;
#4143 = STYLED_ITEM ( 'NONE', ( #5189 ), #1620 ) ;
#4144 = SURFACE_STYLE_USAGE ( .BOTH. , #7806 ) ;
#4145 = SURFACE_SIDE_STYLE ('',( #6616 ) ) ;
#4146 = DIRECTION ( 'NONE',  ( -1.000000000000000000, -3.614007241618354687E-16, 0.000000000000000000 ) ) ;
#4147 = ORIENTED_EDGE ( 'NONE', *, *, #5408, .T. ) ;
#4148 = VERTEX_POINT ( 'NONE', #1164 ) ;
#4149 =( GEOMETRIC_REPRESENTATION_CONTEXT ( 3 ) GLOBAL_UNCERTAINTY_ASSIGNED_CONTEXT ( ( #7435 ) ) GLOBAL_UNIT_ASSIGNED_CONTEXT ( ( #1637, #652, #7395 ) ) REPRESENTATION_CONTEXT ( 'NONE', 'WORKASPACE' ) );
#4150 = STYLED_ITEM ( 'NONE', ( #9149 ), #10681 ) ;
#4151 = AXIS2_PLACEMENT_3D ( 'NONE', #433, #2876, #4686 ) ;
#4152 = EDGE_CURVE ( 'NONE', #9945, #844, #10368, .T. ) ;
#4153 = DIRECTION ( 'NONE',  ( 0.000000000000000000, 0.000000000000000000, -1.000000000000000000 ) ) ;
#4154 = PRESENTATION_LAYER_ASSIGNMENT (  '', '', ( #680 ) ) ;
#4155 = LINE ( 'NONE', #8466, #7006 ) ;
#4156 = PRESENTATION_STYLE_ASSIGNMENT (( #6896 ) ) ;
#4157 = AXIS2_PLACEMENT_3D ( 'NONE', #48, #8315, #1467 ) ;
#4158 = VERTEX_POINT ( 'NONE', #8624 ) ;
#4159 = MECHANICAL_DESIGN_GEOMETRIC_PRESENTATION_REPRESENTATION (  '', ( #866 ), #1223 ) ;
#4160 = STYLED_ITEM ( 'NONE', ( #6401 ), #6547 ) ;
#4161 = ORIENTED_EDGE ( 'NONE', *, *, #1141, .F. ) ;
#4162 = LINE ( 'NONE', #1509, #851 ) ;
#4163 = VECTOR ( 'NONE', #9821, 1000.000000000000000 ) ;
#4164 = FILL_AREA_STYLE_COLOUR ( '', #8854 ) ;
#4166 = CARTESIAN_POINT ( 'NONE',  ( 1.089999999999999858, 0.8750000000000023315, 0.8749999999999814593 ) ) ;
#4165 = STYLED_ITEM ( 'NONE', ( #8065 ), #2005 ) ;
#4167 = ORIENTED_EDGE ( 'NONE', *, *, #7426, .T. ) ;
#4168 = UNCERTAINTY_MEASURE_WITH_UNIT (LENGTH_MEASURE( 1.000000000000000082E-05 ), #5823, 'distance_accuracy_value', 'NONE');
#4169 = FACE_OUTER_BOUND ( 'NONE', #9657, .T. ) ;
#4170 = STYLED_ITEM ( 'NONE', ( #4804 ), #7576 ) ;
#4171 = PRESENTATION_LAYER_ASSIGNMENT (  '', '', ( #9318 ) ) ;
#4172 = PLANE ( 'NONE',  #1340 ) ;
#4173 = VECTOR ( 'NONE', #6919, 1000.000000000000000 ) ;
#4174 = VECTOR ( 'NONE', #1812, 1000.000000000000000 ) ;
#4175 = ORIENTED_EDGE ( 'NONE', *, *, #4939, .F. ) ;
#4176 = DIRECTION ( 'NONE',  ( -1.000000000000000000, 1.885568995626964780E-16, 0.000000000000000000 ) ) ;
#4177 = EDGE_LOOP ( 'NONE', ( #4932, #4476, #1657, #675 ) ) ;
#4178 = AXIS2_PLACEMENT_3D ( 'NONE', #8372, #4079, #3218 ) ;
#4179 = VECTOR ( 'NONE', #9296, 1000.000000000000000 ) ;
#4180 =( NAMED_UNIT ( * ) SI_UNIT ( $, .STERADIAN. ) SOLID_ANGLE_UNIT ( ) );
#4181 = DIRECTION ( 'NONE',  ( -1.000000000000000000, -0.000000000000000000, -0.000000000000000000 ) ) ;
#4182 = EDGE_CURVE ( 'NONE', #7554, #5702, #1053, .T. ) ;
#4183 = AXIS2_PLACEMENT_3D ( 'NONE', #10571, #5662, #1260 ) ;
#4184 = CARTESIAN_POINT ( 'NONE',  ( 3.400000000000024336, 4.400000000000002132, -0.7249377794898664851 ) ) ;
#4185 = CARTESIAN_POINT ( 'NONE',  ( 0.1599999999999999756, 1.749999999999999778, -1.125000000000033973 ) ) ;
#4186 = ORIENTED_EDGE ( 'NONE', *, *, #1804, .T. ) ;
#4187 = CARTESIAN_POINT ( 'NONE',  ( -1.090000000000000080, 1.749999999999999778, -0.3250000000000474176 ) ) ;
#4188 = ORIENTED_EDGE ( 'NONE', *, *, #2291, .F. ) ;
#4189 = CARTESIAN_POINT ( 'NONE',  ( -2.339999999999999858, 1.749999999999999778, -1.125000000000033973 ) ) ;
#4190 =( NAMED_UNIT ( * ) PLANE_ANGLE_UNIT ( ) SI_UNIT ( $, .RADIAN. ) );
#4191 =( GEOMETRIC_REPRESENTATION_CONTEXT ( 3 ) GLOBAL_UNCERTAINTY_ASSIGNED_CONTEXT ( ( #6855 ) ) GLOBAL_UNIT_ASSIGNED_CONTEXT ( ( #6301, #8964, #2227 ) ) REPRESENTATION_CONTEXT ( 'NONE', 'WORKASPACE' ) );
#4192 = FACE_OUTER_BOUND ( 'NONE', #10236, .T. ) ;
#4193 = ORIENTED_EDGE ( 'NONE', *, *, #755, .F. ) ;
#4194 = DIRECTION ( 'NONE',  ( -0.000000000000000000, -0.000000000000000000, 1.000000000000000000 ) ) ;
#4195 = ORIENTED_EDGE ( 'NONE', *, *, #5867, .F. ) ;
#4196 = PLANE ( 'NONE',  #9786 ) ;
#4197 = DIRECTION ( 'NONE',  ( 0.000000000000000000, -1.355252715606857123E-16, 1.000000000000000000 ) ) ;
#4198 = EDGE_CURVE ( 'NONE', #9768, #4383, #7862, .T. ) ;
#4199 = COLOUR_RGB ( '',1.000000000000000000, 1.000000000000000000, 1.000000000000000000 ) ;
#4200 =( NAMED_UNIT ( * ) PLANE_ANGLE_UNIT ( ) SI_UNIT ( $, .RADIAN. ) );
#4201 = LINE ( 'NONE', #5942, #9113 ) ;
#4202 = CARTESIAN_POINT ( 'NONE',  ( 0.06000000000000015737, 3.999999999999999112, -0.5250000000000403233 ) ) ;
#4203 = EDGE_CURVE ( 'NONE', #3208, #10673, #420, .T. ) ;
#4204 = PRESENTATION_STYLE_ASSIGNMENT (( #780 ) ) ;
#4205 = SURFACE_STYLE_USAGE ( .BOTH. , #27 ) ;
#4206 = CARTESIAN_POINT ( 'NONE',  ( -3.400000000000024336, 1.749999999999999778, -1.450000000000039702 ) ) ;
#4207 = DIRECTION ( 'NONE',  ( -8.131516293641279557E-17, 0.000000000000000000, -1.000000000000000000 ) ) ;
#4208 = PRESENTATION_LAYER_ASSIGNMENT (  '', '', ( #8495 ) ) ;
#4209 = ORIENTED_EDGE ( 'NONE', *, *, #6384, .F. ) ;
#4210 = DIRECTION ( 'NONE',  ( 1.000000000000000000, 0.000000000000000000, -3.097720492815684271E-16 ) ) ;
#4211 = EDGE_CURVE ( 'NONE', #7105, #506, #5885, .T. ) ;
#4212 = CARTESIAN_POINT ( 'NONE',  ( 0.000000000000000000, 0.000000000000000000, 0.000000000000000000 ) ) ;
#4213 = EDGE_CURVE ( 'NONE', #10247, #7368, #3881, .T. ) ;
#4214 = LINE ( 'NONE', #3449, #6854 ) ;
#4215 = STYLED_ITEM ( 'NONE', ( #7695 ), #9335 ) ;
#4216 = ORIENTED_EDGE ( 'NONE', *, *, #225, .F. ) ;
#4217 = EDGE_CURVE ( 'NONE', #7185, #1638, #464, .T. ) ;
#4218 = ORIENTED_EDGE ( 'NONE', *, *, #6952, .F. ) ;
#4219 = CARTESIAN_POINT ( 'NONE',  ( -2.660000000000000142, 0.000000000000000000, 0.000000000000000000 ) ) ;
#4220 = CARTESIAN_POINT ( 'NONE',  ( 0.1599999999999999756, 0.2999999999999999334, 1.449999999999997735 ) ) ;
#4221 = SURFACE_STYLE_USAGE ( .BOTH. , #40 ) ;
#4222 = ORIENTED_EDGE ( 'NONE', *, *, #2104, .T. ) ;
#4223 = SURFACE_STYLE_FILL_AREA ( #6907 ) ;
#4224 = COLOUR_RGB ( '',1.000000000000000000, 1.000000000000000000, 1.000000000000000000 ) ;
#4225 = DIRECTION ( 'NONE',  ( -8.260587980841928919E-16, 1.000000000000000000, 0.000000000000000000 ) ) ;
#4226 = CARTESIAN_POINT ( 'NONE',  ( 0.1599999999999999756, 0.8750000000000023315, 0.8749999999999814593 ) ) ;
#4227 = EDGE_CURVE ( 'NONE', #9418, #481, #1225, .T. ) ;
#4228 = FACE_OUTER_BOUND ( 'NONE', #3136, .T. ) ;
#4229 = ORIENTED_EDGE ( 'NONE', *, *, #6145, .F. ) ;
#4230 = SURFACE_STYLE_USAGE ( .BOTH. , #2827 ) ;
#4231 = VERTEX_POINT ( 'NONE', #8133 ) ;
#4232 = MECHANICAL_DESIGN_GEOMETRIC_PRESENTATION_REPRESENTATION (  '', ( #9384 ), #5501 ) ;
#4233 = FACE_OUTER_BOUND ( 'NONE', #9952, .T. ) ;
#4234 = PRODUCT_CONTEXT ( 'NONE', #6654, 'mechanical' ) ;
#4235 = CARTESIAN_POINT ( 'NONE',  ( 1.089999999999999858, 0.000000000000000000, 1.850000000000004530 ) ) ;
#4236 = SURFACE_STYLE_FILL_AREA ( #8538 ) ;
#4237 = SURFACE_STYLE_USAGE ( .BOTH. , #9360 ) ;
#4238 =( GEOMETRIC_REPRESENTATION_CONTEXT ( 3 ) GLOBAL_UNCERTAINTY_ASSIGNED_CONTEXT ( ( #7893 ) ) GLOBAL_UNIT_ASSIGNED_CONTEXT ( ( #297, #6169, #8729 ) ) REPRESENTATION_CONTEXT ( 'NONE', 'WORKASPACE' ) );
#4239 = DIRECTION ( 'NONE',  ( -1.000000000000000000, 0.000000000000000000, 1.182766006347823109E-16 ) ) ;
#4240 = FACE_OUTER_BOUND ( 'NONE', #2672, .T. ) ;
#4241 = ORIENTED_EDGE ( 'NONE', *, *, #7279, .T. ) ;
#4242 = FILL_AREA_STYLE ('',( #3269 ) ) ;
#4243 = ORIENTED_EDGE ( 'NONE', *, *, #8132, .T. ) ;
#4244 = EDGE_CURVE ( 'NONE', #6635, #4231, #2913, .T. ) ;
#4245 = DIRECTION ( 'NONE',  ( 0.000000000000000000, -1.355252715606880049E-16, 1.000000000000000000 ) ) ;
#4246 = VECTOR ( 'NONE', #3426, 1000.000000000000000 ) ;
#4247 = CARTESIAN_POINT ( 'NONE',  ( -2.339999999999999858, 0.000000000000000000, 0.000000000000000000 ) ) ;
#4248 = ORIENTED_EDGE ( 'NONE', *, *, #6810, .T. ) ;
#4249 = CARTESIAN_POINT ( 'NONE',  ( -5.000000000000006217, 1.650000000000000355, -1.849999999999996314 ) ) ;
#4250 = EDGE_LOOP ( 'NONE', ( #3686, #2345, #6055, #2547 ) ) ;
#4251 = SURFACE_STYLE_USAGE ( .BOTH. , #3496 ) ;
#4252 = UNCERTAINTY_MEASURE_WITH_UNIT (LENGTH_MEASURE( 1.000000000000000082E-05 ), #8039, 'distance_accuracy_value', 'NONE');
#4253 = PLANE ( 'NONE',  #7524 ) ;
#4254 = SURFACE_STYLE_USAGE ( .BOTH. , #8506 ) ;
#4256 = SURFACE_STYLE_USAGE ( .BOTH. , #2734 ) ;
#4255 = VECTOR ( 'NONE', #538, 1000.000000000000000 ) ;
#4257 = LINE ( 'NONE', #10257, #10594 ) ;
#4258 = EDGE_CURVE ( 'NONE', #3936, #748, #5469, .T. ) ;
#4259 = DIRECTION ( 'NONE',  ( 0.000000000000000000, 1.000000000000000000, 0.000000000000000000 ) ) ;
#4260 = ORIENTED_EDGE ( 'NONE', *, *, #1946, .T. ) ;
#4261 = VERTEX_POINT ( 'NONE', #1376 ) ;
#4262 = DIRECTION ( 'NONE',  ( 0.000000000000000000, 0.000000000000000000, -1.000000000000000000 ) ) ;
#4263 = VECTOR ( 'NONE', #5252, 1000.000000000000000 ) ;
#4264 = PRESENTATION_STYLE_ASSIGNMENT (( #6838 ) ) ;
#4265 = CARTESIAN_POINT ( 'NONE',  ( 4.219999999999995310, 1.199999999999999067, -1.749999999999994005 ) ) ;
#4266 = VERTEX_POINT ( 'NONE', #5516 ) ;
#4267 = SURFACE_STYLE_USAGE ( .BOTH. , #6628 ) ;
#4268 = DIRECTION ( 'NONE',  ( -1.000000000000000000, 0.000000000000000000, -0.000000000000000000 ) ) ;
#4269 = EDGE_LOOP ( 'NONE', ( #7911, #10384, #4241, #8563 ) ) ;
#4270 = CARTESIAN_POINT ( 'NONE',  ( -2.339999999999999858, 0.03083447080518480002, 0.1748709736949816407 ) ) ;
#4271 = SURFACE_STYLE_FILL_AREA ( #6904 ) ;
#4272 = VECTOR ( 'NONE', #3244, 999.9999999999998863 ) ;
#4273 = LINE ( 'NONE', #145, #326 ) ;
#4274 = EDGE_CURVE ( 'NONE', #9674, #3488, #6449, .T. ) ;
#4275 = AXIS2_PLACEMENT_3D ( 'NONE', #8291, #6829, #2423 ) ;
#4276 = ORIENTED_EDGE ( 'NONE', *, *, #2557, .F. ) ;
#4277 = UNCERTAINTY_MEASURE_WITH_UNIT (LENGTH_MEASURE( 1.000000000000000082E-05 ), #8930, 'distance_accuracy_value', 'NONE');
#4278 = EDGE_CURVE ( 'NONE', #8887, #6902, #5412, .T. ) ;
#4279 = CARTESIAN_POINT ( 'NONE',  ( 3.500000000000000888, 0.2999999999999999889, 0.9500000000000005107 ) ) ;
#4280 = UNCERTAINTY_MEASURE_WITH_UNIT (LENGTH_MEASURE( 1.000000000000000082E-05 ), #9143, 'distance_accuracy_value', 'NONE');
#4281 = DIRECTION ( 'NONE',  ( -0.2133021165724263701, 0.9621436710723738628, -0.1696518885279461875 ) ) ;
#4282 = PRESENTATION_LAYER_ASSIGNMENT (  '', '', ( #7148 ) ) ;
#4283 =( LENGTH_UNIT ( ) NAMED_UNIT ( * ) SI_UNIT ( .MILLI., .METRE. ) );
#4284 = ORIENTED_EDGE ( 'NONE', *, *, #6415, .F. ) ;
#4285 = STYLED_ITEM ( 'NONE', ( #6405 ), #21 ) ;
#4286 =( NAMED_UNIT ( * ) SI_UNIT ( $, .STERADIAN. ) SOLID_ANGLE_UNIT ( ) );
#4287 = ORIENTED_EDGE ( 'NONE', *, *, #6239, .T. ) ;
#4288 = CARTESIAN_POINT ( 'NONE',  ( 5.500000000000001776, 21.00560209553989566, 0.9499999999999977351 ) ) ;
#4289 = LINE ( 'NONE', #6141, #3180 ) ;
#4290 = EDGE_CURVE ( 'NONE', #5515, #8363, #6399, .T. ) ;
#4291 = CARTESIAN_POINT ( 'NONE',  ( 2.339999999999999858, 3.548929149633788249, -0.9250000000000404565 ) ) ;
#4292 = CARTESIAN_POINT ( 'NONE',  ( -5.700000000000017941, 4.700000000000000178, -1.649999999999997691 ) ) ;
#4293 = MECHANICAL_DESIGN_GEOMETRIC_PRESENTATION_REPRESENTATION (  '', ( #307 ), #6262 ) ;
#4294 = SURFACE_STYLE_USAGE ( .BOTH. , #2615 ) ;
#4295 = VECTOR ( 'NONE', #414, 1000.000000000000000 ) ;
#4296 =( NAMED_UNIT ( * ) SI_UNIT ( $, .STERADIAN. ) SOLID_ANGLE_UNIT ( ) );
#4297 = PRESENTATION_STYLE_ASSIGNMENT (( #6082 ) ) ;
#4298 = EDGE_LOOP ( 'NONE', ( #5493, #399, #2106, #564 ) ) ;
#4299 = ORIENTED_EDGE ( 'NONE', *, *, #6756, .F. ) ;
#4300 = CARTESIAN_POINT ( 'NONE',  ( 4.219999999999995310, 0.4499999999999999001, -1.749999999999994005 ) ) ;
#4301 = AXIS2_PLACEMENT_3D ( 'NONE', #4637, #2178, #9063 ) ;
#4302 = DIRECTION ( 'NONE',  ( -0.000000000000000000, 1.000000000000000000, -0.000000000000000000 ) ) ;
#4303 = DIRECTION ( 'NONE',  ( 0.000000000000000000, -1.000000000000000000, 4.858652729125647824E-17 ) ) ;
#4304 = ORIENTED_EDGE ( 'NONE', *, *, #7220, .F. ) ;
#4305 = LINE ( 'NONE', #1090, #3654 ) ;
#4306 = EDGE_LOOP ( 'NONE', ( #9507, #5236, #1219, #7582 ) ) ;
#4307 = STYLED_ITEM ( 'NONE', ( #2640 ), #955 ) ;
#4308 = DIRECTION ( 'NONE',  ( -0.000000000000000000, -1.000000000000000000, -0.000000000000000000 ) ) ;
#4309 = PRESENTATION_LAYER_ASSIGNMENT (  '', '', ( #10169 ) ) ;
#4310 = DIRECTION ( 'NONE',  ( 0.000000000000000000, -0.000000000000000000, -1.000000000000000000 ) ) ;
#4311 = CARTESIAN_POINT ( 'NONE',  ( -1.090000000000000080, 0.4499999999999999556, 2.250000000000004441 ) ) ;
#4312 = CARTESIAN_POINT ( 'NONE',  ( -2.424999999999998934, -9.145009628790772415E-16, -1.450000000000039702 ) ) ;
#4313 = DIRECTION ( 'NONE',  ( 0.000000000000000000, 0.000000000000000000, 1.000000000000000000 ) ) ;
#4314 = EDGE_LOOP ( 'NONE', ( #3958, #10112, #8295, #3562 ) ) ;
#4315 = VECTOR ( 'NONE', #5402, 1000.000000000000000 ) ;
#4316 =( LENGTH_UNIT ( ) NAMED_UNIT ( * ) SI_UNIT ( .MILLI., .METRE. ) );
#4317 = ORIENTED_EDGE ( 'NONE', *, *, #6269, .F. ) ;
#4318 = CARTESIAN_POINT ( 'NONE',  ( 5.250000000000002665, 0.2999999999999994338, 0.9500000000000003997 ) ) ;
#4319 = COLOUR_RGB ( '',1.000000000000000000, 0.8117647058823529438, 0.5019607843137254832 ) ;
#4320 = EDGE_CURVE ( 'NONE', #2266, #2134, #5574, .T. ) ;
#4321 = DIRECTION ( 'NONE',  ( 0.000000000000000000, 1.000000000000000000, 0.000000000000000000 ) ) ;
#4322 = AXIS2_PLACEMENT_3D ( 'NONE', #8861, #5651, #10614 ) ;
#4323 = DIRECTION ( 'NONE',  ( 0.000000000000000000, 0.000000000000000000, 1.000000000000000000 ) ) ;
#4324 = ORIENTED_EDGE ( 'NONE', *, *, #1355, .F. ) ;
#4325 = FACE_OUTER_BOUND ( 'NONE', #8649, .T. ) ;
#4326 = EDGE_LOOP ( 'NONE', ( #1725, #10876, #6161, #8607, #1957, #1071, #9200, #8335, #8721, #8673, #9734, #8997 ) ) ;
#4327 = CARTESIAN_POINT ( 'NONE',  ( 5.199999999999999289, 2.599999999999999645, -1.550000000000000488 ) ) ;
#4328 = VECTOR ( 'NONE', #10809, 1000.000000000000000 ) ;
#4329 = VECTOR ( 'NONE', #1456, 1000.000000000000000 ) ;
#4330 = DIRECTION ( 'NONE',  ( 1.000000000000000000, -3.157870405297586439E-16, 0.000000000000000000 ) ) ;
#4331 = ORIENTED_EDGE ( 'NONE', *, *, #5907, .T. ) ;
#4332 = VECTOR ( 'NONE', #4146, 1000.000000000000000 ) ;
#4333 = CARTESIAN_POINT ( 'NONE',  ( -3.508751660540249784, 4.508751660540226247, -0.6249377795396807711 ) ) ;
#4334 =( NAMED_UNIT ( * ) PLANE_ANGLE_UNIT ( ) SI_UNIT ( $, .RADIAN. ) );
#4335 = EDGE_CURVE ( 'NONE', #6194, #5556, #2258, .T. ) ;
#4336 = VECTOR ( 'NONE', #7287, 1000.000000000000000 ) ;
#4337 = LINE ( 'NONE', #5909, #337 ) ;
#4338 = VECTOR ( 'NONE', #8234, 1000.000000000000000 ) ;
#4339 = EDGE_CURVE ( 'NONE', #5491, #5960, #4570, .T. ) ;
#4340 = DIRECTION ( 'NONE',  ( -5.981291766781776942E-16, 0.000000000000000000, -1.000000000000000000 ) ) ;
#4341 = ORIENTED_EDGE ( 'NONE', *, *, #6549, .F. ) ;
#4342 = VECTOR ( 'NONE', #8176, 1000.000000000000000 ) ;
#4343 = EDGE_CURVE ( 'NONE', #2160, #3412, #1146, .T. ) ;
#4344 = MECHANICAL_DESIGN_GEOMETRIC_PRESENTATION_REPRESENTATION (  '', ( #4165 ), #369 ) ;
#4345 = FACE_OUTER_BOUND ( 'NONE', #8700, .T. ) ;
#4346 = ORIENTED_EDGE ( 'NONE', *, *, #6224, .T. ) ;
#4347 = LINE ( 'NONE', #8761, #6811 ) ;
#4348 = FILL_AREA_STYLE ('',( #5381 ) ) ;
#4349 = CARTESIAN_POINT ( 'NONE',  ( 0.000000000000000000, 0.000000000000000000, 0.000000000000000000 ) ) ;
#4351 = SURFACE_STYLE_USAGE ( .BOTH. , #8424 ) ;
#4350 = PRESENTATION_LAYER_ASSIGNMENT (  '', '', ( #366 ) ) ;
#4352 = VECTOR ( 'NONE', #10326, 1000.000000000000000 ) ;
#4353 = VECTOR ( 'NONE', #7277, 1000.000000000000000 ) ;
#4354 = PRESENTATION_LAYER_ASSIGNMENT (  '', '', ( #6148 ) ) ;
#4355 = CARTESIAN_POINT ( 'NONE',  ( 1.409999999999999698, 8.425943506694179847E-32, 1.750000000000004663 ) ) ;
#4356 = PLANE ( 'NONE',  #830 ) ;
#4357 = EDGE_CURVE ( 'NONE', #8780, #2385, #7972, .T. ) ;
#4358 = LINE ( 'NONE', #10406, #6653 ) ;
#4359 =( GEOMETRIC_REPRESENTATION_CONTEXT ( 3 ) GLOBAL_UNCERTAINTY_ASSIGNED_CONTEXT ( ( #5144 ) ) GLOBAL_UNIT_ASSIGNED_CONTEXT ( ( #7833, #5150, #8537 ) ) REPRESENTATION_CONTEXT ( 'NONE', 'WORKASPACE' ) );
#4360 = ORIENTED_EDGE ( 'NONE', *, *, #1097, .T. ) ;
#4361 = VECTOR ( 'NONE', #9647, 1000.000000000000000 ) ;
#4362 = PLANE ( 'NONE',  #2117 ) ;
#4363 = EDGE_LOOP ( 'NONE', ( #8412, #5283, #10830, #2588 ) ) ;
#4364 =( LENGTH_UNIT ( ) NAMED_UNIT ( * ) SI_UNIT ( .MILLI., .METRE. ) );
#4365 = VECTOR ( 'NONE', #807, 1000.000000000000000 ) ;
#4366 = EDGE_CURVE ( 'NONE', #2147, #3252, #8178, .T. ) ;
#4367 = PLANE ( 'NONE',  #4301 ) ;
#4368 = FILL_AREA_STYLE ('',( #6159 ) ) ;
#4369 = CYLINDRICAL_SURFACE ( 'NONE', #3663, 0.1999999999999996503 ) ;
#4370 = EDGE_LOOP ( 'NONE', ( #10759, #10057, #139, #8561 ) ) ;
#4371 = CARTESIAN_POINT ( 'NONE',  ( -0.1599999999999999756, 0.2999999999999999334, 1.449999999999997735 ) ) ;
#4372 = ORIENTED_EDGE ( 'NONE', *, *, #4117, .F. ) ;
#4373 = LINE ( 'NONE', #67, #4468 ) ;
#4374 = CARTESIAN_POINT ( 'NONE',  ( 2.560000000000000053, 4.000000000000000000, 0.000000000000000000 ) ) ;
#4375 =( LENGTH_UNIT ( ) NAMED_UNIT ( * ) SI_UNIT ( .MILLI., .METRE. ) );
#4376 = EDGE_LOOP ( 'NONE', ( #4341, #2458, #4475, #9366 ) ) ;
#4377 = EDGE_CURVE ( 'NONE', #2167, #5873, #7293, .T. ) ;
#4378 = VECTOR ( 'NONE', #10787, 1000.000000000000000 ) ;
#4379 = CARTESIAN_POINT ( 'NONE',  ( 3.500000000000000888, 0.2999999999999999889, 1.850000000000000533 ) ) ;
#4380 = FILL_AREA_STYLE_COLOUR ( '', #9107 ) ;
#4381 =( NAMED_UNIT ( * ) PLANE_ANGLE_UNIT ( ) SI_UNIT ( $, .RADIAN. ) );
#4382 =( NAMED_UNIT ( * ) PLANE_ANGLE_UNIT ( ) SI_UNIT ( $, .RADIAN. ) );
#4383 = VERTEX_POINT ( 'NONE', #608 ) ;
#4384 = LINE ( 'NONE', #6107, #9501 ) ;
#4385 = ORIENTED_EDGE ( 'NONE', *, *, #8570, .T. ) ;
#4386 = CARTESIAN_POINT ( 'NONE',  ( -3.400000000000024780, 4.400000000000002132, -0.7249377794898655969 ) ) ;
#4387 = SURFACE_STYLE_USAGE ( .BOTH. , #6895 ) ;
#4388 = FILL_AREA_STYLE ('',( #9505 ) ) ;
#4389 = ORIENTED_EDGE ( 'NONE', *, *, #6466, .F. ) ;
#4390 = SURFACE_SIDE_STYLE ('',( #9606 ) ) ;
#4391 = SURFACE_SIDE_STYLE ('',( #6785 ) ) ;
#4392 = ORIENTED_EDGE ( 'NONE', *, *, #9736, .T. ) ;
#4393 = CARTESIAN_POINT ( 'NONE',  ( -2.339999999999999858, -1.579062136966065191E-17, -0.3250000000000473066 ) ) ;
#4394 = AXIS2_PLACEMENT_3D ( 'NONE', #196, #9428, #2641 ) ;
#4395 = DIRECTION ( 'NONE',  ( 0.000000000000000000, 0.1736481776669268617, -0.9848077530122086864 ) ) ;
#4396 = LINE ( 'NONE', #6121, #7715 ) ;
#4397 = ADVANCED_FACE ( 'NONE', ( #3830 ), #2859, .T. ) ;
#4398 = ORIENTED_EDGE ( 'NONE', *, *, #476, .T. ) ;
#4399 = UNCERTAINTY_MEASURE_WITH_UNIT (LENGTH_MEASURE( 1.000000000000000082E-05 ), #1188, 'distance_accuracy_value', 'NONE');
#4401 = DIRECTION ( 'NONE',  ( 1.000000000000000000, -1.214306433183767135E-15, 0.000000000000000000 ) ) ;
#4400 = FACE_OUTER_BOUND ( 'NONE', #6979, .T. ) ;
#4402 = SURFACE_STYLE_FILL_AREA ( #7084 ) ;
#4403 = VECTOR ( 'NONE', #657, 1000.000000000000000 ) ;
#4404 = SURFACE_STYLE_FILL_AREA ( #1068 ) ;
#4405 = SURFACE_STYLE_FILL_AREA ( #2555 ) ;
#4406 = EDGE_LOOP ( 'NONE', ( #2187, #2013, #2155, #1984 ) ) ;
#4407 = ORIENTED_EDGE ( 'NONE', *, *, #8441, .F. ) ;
#4408 = CARTESIAN_POINT ( 'NONE',  ( 5.699999999999970868, 4.700000000000057021, -1.649999999999997691 ) ) ;
#4409 = DIRECTION ( 'NONE',  ( -0.7071067811865479058, 0.000000000000000000, -0.7071067811865471286 ) ) ;
#4410 = EDGE_CURVE ( 'NONE', #462, #8082, #2157, .T. ) ;
#4411 = DIRECTION ( 'NONE',  ( 1.000000000000000000, 0.000000000000000000, 0.000000000000000000 ) ) ;
#4412 = COLOUR_RGB ( '',1.000000000000000000, 1.000000000000000000, 1.000000000000000000 ) ;
#4413 = FILL_AREA_STYLE ('',( #1970 ) ) ;
#4414 = ADVANCED_FACE ( 'NONE', ( #7241 ), #4962, .F. ) ;
#4415 = PRESENTATION_STYLE_ASSIGNMENT (( #4294 ) ) ;
#4416 = LINE ( 'NONE', #8539, #4502 ) ;
#4417 = SURFACE_STYLE_USAGE ( .BOTH. , #9262 ) ;
#4418 = ORIENTED_EDGE ( 'NONE', *, *, #6412, .T. ) ;
#4419 = FACE_OUTER_BOUND ( 'NONE', #1901, .T. ) ;
#4420 = VERTEX_POINT ( 'NONE', #8286 ) ;
#4421 = PRESENTATION_STYLE_ASSIGNMENT (( #8496 ) ) ;
#4422 = FILL_AREA_STYLE ('',( #1811 ) ) ;
#4423 = SURFACE_STYLE_FILL_AREA ( #1200 ) ;
#4424 = VERTEX_POINT ( 'NONE', #1541 ) ;
#4425 = ADVANCED_FACE ( 'NONE', ( #3123 ), #6610, .F. ) ;
#4426 = CARTESIAN_POINT ( 'NONE',  ( -1.090000000000000080, -1.579062136966065191E-17, -0.3250000000000473066 ) ) ;
#4427 = STYLED_ITEM ( 'NONE', ( #6498 ), #9723 ) ;
#4428 = ORIENTED_EDGE ( 'NONE', *, *, #225, .T. ) ;
#4429 = EDGE_CURVE ( 'NONE', #1459, #4596, #10049, .T. ) ;
#4430 = SURFACE_STYLE_FILL_AREA ( #1092 ) ;
#4431 = ADVANCED_FACE ( 'NONE', ( #825 ), #3336, .F. ) ;
#4432 = DIRECTION ( 'NONE',  ( -3.097720492815728152E-16, 0.000000000000000000, -1.000000000000000000 ) ) ;
#4433 = ORIENTED_EDGE ( 'NONE', *, *, #6883, .T. ) ;
#4434 = VECTOR ( 'NONE', #3453, 1000.000000000000000 ) ;
#4435 = PRESENTATION_STYLE_ASSIGNMENT (( #1098 ) ) ;
#4436 = LINE ( 'NONE', #1273, #3791 ) ;
#4437 = FILL_AREA_STYLE ('',( #6342 ) ) ;
#4438 = DIRECTION ( 'NONE',  ( 5.981805089575198169E-16, -1.000000000000000000, -7.629983615884978551E-32 ) ) ;
#4439 = SURFACE_STYLE_FILL_AREA ( #10306 ) ;
#4440 = CARTESIAN_POINT ( 'NONE',  ( -2.425000000000000266, 3.249999999999996891, -1.850000000000000533 ) ) ;
#4441 = ORIENTED_EDGE ( 'NONE', *, *, #4134, .T. ) ;
#4442 = FACE_OUTER_BOUND ( 'NONE', #5453, .T. ) ;
#4443 = ORIENTED_EDGE ( 'NONE', *, *, #7908, .F. ) ;
#4444 = ADVANCED_FACE ( 'NONE', ( #2366 ), #1596, .T. ) ;
#4445 = CARTESIAN_POINT ( 'NONE',  ( 0.1599999999999999756, 0.000000000000000000, 0.000000000000000000 ) ) ;
#4446 = DIRECTION ( 'NONE',  ( -0.000000000000000000, -0.000000000000000000, 1.000000000000000000 ) ) ;
#4447 = MECHANICAL_DESIGN_GEOMETRIC_PRESENTATION_REPRESENTATION (  '', ( #8376 ), #6933 ) ;
#4448 = DIRECTION ( 'NONE',  ( 0.000000000000000000, -4.814824860968089633E-32, -1.000000000000000000 ) ) ;
#4449 = EDGE_LOOP ( 'NONE', ( #1759, #8619, #5242, #3574, #4961 ) ) ;
#4450 = LINE ( 'NONE', #1168, #4790 ) ;
#4451 = EDGE_LOOP ( 'NONE', ( #9619, #822, #9680, #7472 ) ) ;
#4452 =( NAMED_UNIT ( * ) SI_UNIT ( $, .STERADIAN. ) SOLID_ANGLE_UNIT ( ) );
#4453 = LINE ( 'NONE', #9565, #333 ) ;
#4454 = ORIENTED_EDGE ( 'NONE', *, *, #6674, .T. ) ;
#4456 = LINE ( 'NONE', #8641, #10469 ) ;
#4455 = FACE_OUTER_BOUND ( 'NONE', #6732, .T. ) ;
#4457 = FACE_OUTER_BOUND ( 'NONE', #1294, .T. ) ;
#4458 = EDGE_CURVE ( 'NONE', #6213, #10321, #10093, .T. ) ;
#4459 = ORIENTED_EDGE ( 'NONE', *, *, #5285, .T. ) ;
#4460 = VECTOR ( 'NONE', #8683, 1000.000000000000000 ) ;
#4461 = VECTOR ( 'NONE', #2164, 999.9999999999998863 ) ;
#4462 = ORIENTED_EDGE ( 'NONE', *, *, #5642, .F. ) ;
#4463 = CARTESIAN_POINT ( 'NONE',  ( -4.175660588106659965, 0.2999999999999999889, -1.816508780773699039 ) ) ;
#4464 = DIRECTION ( 'NONE',  ( 0.7071067811865479058, 3.721585962823725940E-17, -0.7071067811865471286 ) ) ;
#4465 =( NAMED_UNIT ( * ) SI_UNIT ( $, .STERADIAN. ) SOLID_ANGLE_UNIT ( ) );
#4466 = PRESENTATION_STYLE_ASSIGNMENT (( #4530 ) ) ;
#4467 = SURFACE_STYLE_USAGE ( .BOTH. , #7039 ) ;
#4468 = VECTOR ( 'NONE', #6096, 1000.000000000000000 ) ;
#4469 = CARTESIAN_POINT ( 'NONE',  ( 1.409999999999999698, 0.1000000000000000056, 2.350000000000004530 ) ) ;
#4470 = MECHANICAL_DESIGN_GEOMETRIC_PRESENTATION_REPRESENTATION (  '', ( #10117 ), #7127 ) ;
#4471 = DIRECTION ( 'NONE',  ( 1.000000000000000000, -0.000000000000000000, 0.000000000000000000 ) ) ;
#4472 = ADVANCED_FACE ( 'NONE', ( #9258 ), #5351, .T. ) ;
#4473 = CARTESIAN_POINT ( 'NONE',  ( 1.089999999999999858, 3.548929149633788249, 0.000000000000000000 ) ) ;
#4474 = LINE ( 'NONE', #20, #7388 ) ;
#4475 = ORIENTED_EDGE ( 'NONE', *, *, #244, .T. ) ;
#4476 = ORIENTED_EDGE ( 'NONE', *, *, #7360, .T. ) ;
#4477 =( NAMED_UNIT ( * ) SI_UNIT ( $, .STERADIAN. ) SOLID_ANGLE_UNIT ( ) );
#4478 = VECTOR ( 'NONE', #5488, 1000.000000000000000 ) ;
#4479 =( NAMED_UNIT ( * ) SI_UNIT ( $, .STERADIAN. ) SOLID_ANGLE_UNIT ( ) );
#4480 = LINE ( 'NONE', #3653, #8636 ) ;
#4481 = ORIENTED_EDGE ( 'NONE', *, *, #10377, .F. ) ;
#4482 = ORIENTED_EDGE ( 'NONE', *, *, #4064, .F. ) ;
#4483 = PLANE ( 'NONE',  #6060 ) ;
#4484 = FACE_OUTER_BOUND ( 'NONE', #8468, .T. ) ;
#4485 = EDGE_CURVE ( 'NONE', #4514, #3524, #7623, .T. ) ;
#4486 = FILL_AREA_STYLE_COLOUR ( '', #5281 ) ;
#4487 = EDGE_LOOP ( 'NONE', ( #4498, #4987, #4443, #5479 ) ) ;
#4488 = VECTOR ( 'NONE', #8254, 1000.000000000000000 ) ;
#4489 = ADVANCED_FACE ( 'NONE', ( #2795 ), #4196, .F. ) ;
#4490 = DIRECTION ( 'NONE',  ( 0.000000000000000000, 0.000000000000000000, -1.000000000000000000 ) ) ;
#4491 = EDGE_CURVE ( 'NONE', #3412, #4729, #2728, .T. ) ;
#4492 = CARTESIAN_POINT ( 'NONE',  ( 1.409999999999999698, 0.000000000000000000, -1.125000000000033973 ) ) ;
#4493 = FILL_AREA_STYLE_COLOUR ( '', #7015 ) ;
#4494 = FILL_AREA_STYLE_COLOUR ( '', #5261 ) ;
#4495 = VERTEX_POINT ( 'NONE', #1036 ) ;
#4496 = AXIS2_PLACEMENT_3D ( 'NONE', #3386, #4042, #6611 ) ;
#4497 = FILL_AREA_STYLE ('',( #1104 ) ) ;
#4498 = ORIENTED_EDGE ( 'NONE', *, *, #3801, .T. ) ;
#4499 = VECTOR ( 'NONE', #4512, 1000.000000000000000 ) ;
#4500 = DIRECTION ( 'NONE',  ( -0.2133021165724263701, -0.9621436710723738628, 0.1696518885279461875 ) ) ;
#4501 = FACE_OUTER_BOUND ( 'NONE', #7815, .T. ) ;
#4502 = VECTOR ( 'NONE', #169, 1000.000000000000000 ) ;
#4503 = EDGE_CURVE ( 'NONE', #6801, #682, #4373, .T. ) ;
#4504 = VERTEX_POINT ( 'NONE', #2581 ) ;
#4505 = LINE ( 'NONE', #6900, #1462 ) ;
#4506 = EDGE_CURVE ( 'NONE', #5881, #5960, #8501, .T. ) ;
#4507 = PRESENTATION_LAYER_ASSIGNMENT (  '', '', ( #6475 ) ) ;
#4508 = FACE_OUTER_BOUND ( 'NONE', #1096, .T. ) ;
#4509 = ORIENTED_EDGE ( 'NONE', *, *, #753, .F. ) ;
#4510 = CARTESIAN_POINT ( 'NONE',  ( -1.090000000000000080, 2.865743636076471201, -1.125000000000033973 ) ) ;
#4511 = CARTESIAN_POINT ( 'NONE',  ( 4.000000000000003553, 2.400000000000001688, 0.9500000000000003997 ) ) ;
#4512 = DIRECTION ( 'NONE',  ( 5.981291766781776942E-16, 0.000000000000000000, -1.000000000000000000 ) ) ;
#4513 = ADVANCED_FACE ( 'NONE', ( #9483 ), #3432, .T. ) ;
#4514 = VERTEX_POINT ( 'NONE', #10415 ) ;
#4515 =( GEOMETRIC_REPRESENTATION_CONTEXT ( 3 ) GLOBAL_UNCERTAINTY_ASSIGNED_CONTEXT ( ( #7081 ) ) GLOBAL_UNIT_ASSIGNED_CONTEXT ( ( #2131, #1412, #4641 ) ) REPRESENTATION_CONTEXT ( 'NONE', 'WORKASPACE' ) );
#4516 = UNCERTAINTY_MEASURE_WITH_UNIT (LENGTH_MEASURE( 1.000000000000000082E-05 ), #7508, 'distance_accuracy_value', 'NONE');
#4518 = CARTESIAN_POINT ( 'NONE',  ( -1.090000000000000080, 2.865743636076471645, -0.3250000000000474731 ) ) ;
#4517 = CARTESIAN_POINT ( 'NONE',  ( 3.500000000000000888, 0.2999999999999999889, -1.849999999999996758 ) ) ;
#4519 = PRESENTATION_LAYER_ASSIGNMENT (  '', '', ( #4143 ) ) ;
#4520 = LINE ( 'NONE', #5427, #8763 ) ;
#4521 = UNCERTAINTY_MEASURE_WITH_UNIT (LENGTH_MEASURE( 1.000000000000000082E-05 ), #4599, 'distance_accuracy_value', 'NONE');
#4522 = CARTESIAN_POINT ( 'NONE',  ( -4.245735931288066922, 0.2999999999999999889, -1.749999999999994449 ) ) ;
#4523 = SURFACE_SIDE_STYLE ('',( #1181 ) ) ;
#4524 = ORIENTED_EDGE ( 'NONE', *, *, #3748, .T. ) ;
#4525 = AXIS2_PLACEMENT_3D ( 'NONE', #6353, #2970, #10371 ) ;
#4526 = SURFACE_STYLE_FILL_AREA ( #5432 ) ;
#4527 = EDGE_LOOP ( 'NONE', ( #936, #9894, #1308, #8962 ) ) ;
#4528 = CARTESIAN_POINT ( 'NONE',  ( -4.669999999999994600, 1.399999999999998801, 0.3500000000000037526 ) ) ;
#4529 = VECTOR ( 'NONE', #10767, 1000.000000000000227 ) ;
#4530 = SURFACE_STYLE_USAGE ( .BOTH. , #619 ) ;
#4531 = UNCERTAINTY_MEASURE_WITH_UNIT (LENGTH_MEASURE( 1.000000000000000082E-05 ), #5302, 'distance_accuracy_value', 'NONE');
#4532 = LINE ( 'NONE', #10401, #2529 ) ;
#4533 = STYLED_ITEM ( 'NONE', ( #4297 ), #7237 ) ;
#4534 = COLOUR_RGB ( '',1.000000000000000000, 0.8117647058823529438, 0.5019607843137254832 ) ;
#4535 = PRESENTATION_LAYER_ASSIGNMENT (  '', '', ( #2608 ) ) ;
#4536 = SURFACE_STYLE_FILL_AREA ( #8765 ) ;
#4537 = UNCERTAINTY_MEASURE_WITH_UNIT (LENGTH_MEASURE( 1.000000000000000082E-05 ), #10219, 'distance_accuracy_value', 'NONE');
#4538 = VECTOR ( 'NONE', #4783, 1000.000000000000000 ) ;
#4539 = LINE ( 'NONE', #6205, #5774 ) ;
#4540 = PRESENTATION_LAYER_ASSIGNMENT (  '', '', ( #3457 ) ) ;
#4541 = ORIENTED_EDGE ( 'NONE', *, *, #7094, .T. ) ;
#4542 = PLANE ( 'NONE',  #22 ) ;
#4543 = ORIENTED_EDGE ( 'NONE', *, *, #476, .F. ) ;
#4544 = AXIS2_PLACEMENT_3D ( 'NONE', #10670, #7953, #7102 ) ;
#4545 = DIRECTION ( 'NONE',  ( -1.000000000000000000, -0.000000000000000000, -0.000000000000000000 ) ) ;
#4546 = VECTOR ( 'NONE', #9885, 1000.000000000000000 ) ;
#4547 = CARTESIAN_POINT ( 'NONE',  ( -4.000000000000001776, -0.9059928172283340242, -1.550000000000000488 ) ) ;
#4548 =( GEOMETRIC_REPRESENTATION_CONTEXT ( 3 ) GLOBAL_UNCERTAINTY_ASSIGNED_CONTEXT ( ( #5761 ) ) GLOBAL_UNIT_ASSIGNED_CONTEXT ( ( #10414, #2192, #5559 ) ) REPRESENTATION_CONTEXT ( 'NONE', 'WORKASPACE' ) );
#4549 = ORIENTED_EDGE ( 'NONE', *, *, #9187, .F. ) ;
#4550 = EDGE_CURVE ( 'NONE', #734, #1508, #2846, .T. ) ;
#4551 = DIRECTION ( 'NONE',  ( -1.000000000000000000, -3.942553354492743038E-16, 0.000000000000000000 ) ) ;
#4552 = PRESENTATION_LAYER_ASSIGNMENT (  '', '', ( #2796 ) ) ;
#4553 = AXIS2_PLACEMENT_3D ( 'NONE', #5554, #2347, #7445 ) ;
#4555 = DIRECTION ( 'NONE',  ( 0.000000000000000000, 0.000000000000000000, -1.000000000000000000 ) ) ;
#4554 = STYLED_ITEM ( 'NONE', ( #886 ), #6880 ) ;
#4556 = SURFACE_SIDE_STYLE ('',( #1207 ) ) ;
#4557 = ORIENTED_EDGE ( 'NONE', *, *, #7137, .T. ) ;
#4558 = AXIS2_PLACEMENT_3D ( 'NONE', #3046, #9915, #709 ) ;
#4559 = DIRECTION ( 'NONE',  ( 0.000000000000000000, 0.000000000000000000, 1.000000000000000000 ) ) ;
#4560 = PLANE ( 'NONE',  #10881 ) ;
#4561 = DIRECTION ( 'NONE',  ( 0.000000000000000000, 0.000000000000000000, 1.000000000000000000 ) ) ;
#4562 = CARTESIAN_POINT ( 'NONE',  ( -1.324999999999999067, -2.498378919205726108E-16, -1.450000000000039924 ) ) ;
#4563 = PRESENTATION_STYLE_ASSIGNMENT (( #8678 ) ) ;
#4564 = VECTOR ( 'NONE', #602, 1000.000000000000000 ) ;
#4565 = SURFACE_SIDE_STYLE ('',( #2807 ) ) ;
#4566 = ORIENTED_EDGE ( 'NONE', *, *, #6793, .T. ) ;
#4567 = CARTESIAN_POINT ( 'NONE',  ( 3.449999999999997957, 3.450000000000007283, -1.850000000000000533 ) ) ;
#4568 = ORIENTED_EDGE ( 'NONE', *, *, #10258, .F. ) ;
#4569 = ADVANCED_FACE ( 'NONE', ( #3049 ), #4483, .T. ) ;
#4570 = LINE ( 'NONE', #8998, #2199 ) ;
#4571 = VECTOR ( 'NONE', #1309, 1000.000000000000000 ) ;
#4572 = CARTESIAN_POINT ( 'NONE',  ( 4.119999999999993001, 21.00560209553989566, -1.849999999999996758 ) ) ;
#4573 = VERTEX_POINT ( 'NONE', #10520 ) ;
#4574 = DIRECTION ( 'NONE',  ( 0.000000000000000000, -4.814824860968089633E-32, -1.000000000000000000 ) ) ;
#4575 = CARTESIAN_POINT ( 'NONE',  ( 1.089999999999999858, 0.3000000000000002665, 4.065758146820575067E-17 ) ) ;
#4576 = PRESENTATION_STYLE_ASSIGNMENT (( #7079 ) ) ;
#4577 = VERTEX_POINT ( 'NONE', #3709 ) ;
#4578 = EDGE_CURVE ( 'NONE', #5777, #2284, #3759, .T. ) ;
#4579 = CARTESIAN_POINT ( 'NONE',  ( -4.000000000000001776, -1.029563014098700879, -1.850000000000000533 ) ) ;
#4580 = ADVANCED_FACE ( 'NONE', ( #2946 ), #406, .F. ) ;
#4581 =( NAMED_UNIT ( * ) PLANE_ANGLE_UNIT ( ) SI_UNIT ( $, .RADIAN. ) );
#4582 = DIRECTION ( 'NONE',  ( -1.000000000000000000, 1.573684882946029325E-15, -0.000000000000000000 ) ) ;
#4583 = EDGE_CURVE ( 'NONE', #6609, #2160, #6329, .T. ) ;
#4584 = STYLED_ITEM ( 'NONE', ( #984 ), #8856 ) ;
#4585 = ORIENTED_EDGE ( 'NONE', *, *, #6410, .F. ) ;
#4586 = LINE ( 'NONE', #4690, #8480 ) ;
#4587 = VERTEX_POINT ( 'NONE', #5500 ) ;
#4588 = DIRECTION ( 'NONE',  ( 0.000000000000000000, -0.000000000000000000, 1.000000000000000000 ) ) ;
#4589 = DIRECTION ( 'NONE',  ( -0.000000000000000000, -0.000000000000000000, 1.000000000000000000 ) ) ;
#4590 = VECTOR ( 'NONE', #9461, 1000.000000000000000 ) ;
#4591 = CARTESIAN_POINT ( 'NONE',  ( 3.500000000000000888, 0.2999999999999999889, 1.850000000000000533 ) ) ;
#4592 = SURFACE_STYLE_FILL_AREA ( #442 ) ;
#4593 =( NAMED_UNIT ( * ) SI_UNIT ( $, .STERADIAN. ) SOLID_ANGLE_UNIT ( ) );
#4594 = ORIENTED_EDGE ( 'NONE', *, *, #2601, .T. ) ;
#4595 = FACE_OUTER_BOUND ( 'NONE', #8128, .T. ) ;
#4596 = VERTEX_POINT ( 'NONE', #8876 ) ;
#4597 = VECTOR ( 'NONE', #4930, 1000.000000000000000 ) ;
#4598 = CARTESIAN_POINT ( 'NONE',  ( -3.400000000000024336, 1.749999999999999778, 0.9499999999999861888 ) ) ;
#4599 =( LENGTH_UNIT ( ) NAMED_UNIT ( * ) SI_UNIT ( .MILLI., .METRE. ) );
#4600 = PLANE ( 'NONE',  #2968 ) ;
#4601 = ORIENTED_EDGE ( 'NONE', *, *, #7541, .F. ) ;
#4602 = DIRECTION ( 'NONE',  ( -1.000000000000000000, -0.000000000000000000, -0.000000000000000000 ) ) ;
#4603 = PRESENTATION_STYLE_ASSIGNMENT (( #9808 ) ) ;
#4604 = FILL_AREA_STYLE_COLOUR ( '', #3091 ) ;
#4605 = CARTESIAN_POINT ( 'NONE',  ( 3.400000000000025224, 3.399999999999998579, 0.9499999999999854117 ) ) ;
#4606 = ORIENTED_EDGE ( 'NONE', *, *, #1890, .T. ) ;
#4607 = CARTESIAN_POINT ( 'NONE',  ( 1.089999999999999858, 0.000000000000000000, 0.000000000000000000 ) ) ;
#4608 = CARTESIAN_POINT ( 'NONE',  ( 4.000000000000001776, -0.9059928172283340242, -1.550000000000002709 ) ) ;
#4609 = DIRECTION ( 'NONE',  ( 1.000000000000000000, 0.000000000000000000, 0.000000000000000000 ) ) ;
#4610 = DIRECTION ( 'NONE',  ( -1.000000000000000000, 0.000000000000000000, 1.182766006347823109E-16 ) ) ;
#4611 = STYLED_ITEM ( 'NONE', ( #1697 ), #9792 ) ;
#4612 = CARTESIAN_POINT ( 'NONE',  ( 2.660000000000000142, 0.000000000000000000, 0.000000000000000000 ) ) ;
#4613 = EDGE_LOOP ( 'NONE', ( #236, #5185, #6005, #8638 ) ) ;
#4614 = FACE_OUTER_BOUND ( 'NONE', #9354, .T. ) ;
#4615 = ORIENTED_EDGE ( 'NONE', *, *, #3792, .F. ) ;
#4616 = CARTESIAN_POINT ( 'NONE',  ( 3.400000000000025224, 1.749999999999999778, 0.2249377794898757832 ) ) ;
#4617 = CARTESIAN_POINT ( 'NONE',  ( -2.660000000000000142, 2.865743636076471201, -1.125000000000033973 ) ) ;
#4618 = ADVANCED_FACE ( 'NONE', ( #4656 ), #8929, .F. ) ;
#4619 = VERTEX_POINT ( 'NONE', #2463 ) ;
#4620 = DIRECTION ( 'NONE',  ( 0.000000000000000000, -1.355252715606857123E-16, 1.000000000000000000 ) ) ;
#4621 = LINE ( 'NONE', #8077, #3862 ) ;
#4622 = ADVANCED_FACE ( 'NONE', ( #4951 ), #1425, .F. ) ;
#4623 = DIRECTION ( 'NONE',  ( 0.000000000000000000, 0.000000000000000000, -1.000000000000000000 ) ) ;
#4624 = LINE ( 'NONE', #2976, #10897 ) ;
#4625 = DIRECTION ( 'NONE',  ( -0.000000000000000000, -0.000000000000000000, 1.000000000000000000 ) ) ;
#4626 = EDGE_LOOP ( 'NONE', ( #6112, #7124, #3429, #6741 ) ) ;
#4627 = DIRECTION ( 'NONE',  ( 0.000000000000000000, 1.000000000000000000, 0.000000000000000000 ) ) ;
#4628 = EDGE_CURVE ( 'NONE', #2236, #10067, #10744, .T. ) ;
#4629 = DIRECTION ( 'NONE',  ( 1.000000000000000000, 0.000000000000000000, 0.000000000000000000 ) ) ;
#4630 = VERTEX_POINT ( 'NONE', #6546 ) ;
#4631 = EDGE_CURVE ( 'NONE', #10347, #5777, #1635, .T. ) ;
#4632 = VERTEX_POINT ( 'NONE', #9077 ) ;
#4633 = FACE_OUTER_BOUND ( 'NONE', #3655, .T. ) ;
#4634 = PRESENTATION_STYLE_ASSIGNMENT (( #9738 ) ) ;
#4636 = EDGE_CURVE ( 'NONE', #4719, #3030, #2351, .T. ) ;
#4635 = AXIS2_PLACEMENT_3D ( 'NONE', #6853, #9230, #8477 ) ;
#4637 = CARTESIAN_POINT ( 'NONE',  ( -3.400000000000024336, 4.400000000000002132, -1.450000000000039702 ) ) ;
#4638 = UNCERTAINTY_MEASURE_WITH_UNIT (LENGTH_MEASURE( 1.000000000000000082E-05 ), #6358, 'distance_accuracy_value', 'NONE');
#4639 = CARTESIAN_POINT ( 'NONE',  ( -0.1599999999999999756, 1.749999999999999778, -1.125000000000033973 ) ) ;
#4640 = UNCERTAINTY_MEASURE_WITH_UNIT (LENGTH_MEASURE( 1.000000000000000082E-05 ), #10336, 'distance_accuracy_value', 'NONE');
#4641 =( NAMED_UNIT ( * ) SI_UNIT ( $, .STERADIAN. ) SOLID_ANGLE_UNIT ( ) );
#4642 = VECTOR ( 'NONE', #2536, 1000.000000000000000 ) ;
#4643 = FILL_AREA_STYLE ('',( #6315 ) ) ;
#4644 = ORIENTED_EDGE ( 'NONE', *, *, #9990, .T. ) ;
#4645 = FACE_OUTER_BOUND ( 'NONE', #7556, .T. ) ;
#4646 = EDGE_CURVE ( 'NONE', #1839, #6684, #9969, .T. ) ;
#4647 = VERTEX_POINT ( 'NONE', #4890 ) ;
#4648 = CARTESIAN_POINT ( 'NONE',  ( 4.000000000000001776, 3.700000000000000178, 0.9499999999999855227 ) ) ;
#4649 = EDGE_CURVE ( 'NONE', #6606, #7053, #4122, .T. ) ;
#4650 = CARTESIAN_POINT ( 'NONE',  ( 3.449999999999997513, 3.450000000000007727, -1.550000000000003819 ) ) ;
#4651 = ORIENTED_EDGE ( 'NONE', *, *, #10059, .F. ) ;
#4652 =( GEOMETRIC_REPRESENTATION_CONTEXT ( 3 ) GLOBAL_UNCERTAINTY_ASSIGNED_CONTEXT ( ( #8529 ) ) GLOBAL_UNIT_ASSIGNED_CONTEXT ( ( #455, #5395, #1316 ) ) REPRESENTATION_CONTEXT ( 'NONE', 'WORKASPACE' ) );
#4653 = STYLED_ITEM ( 'NONE', ( #2346 ), #10130 ) ;
#4654 = DIRECTION ( 'NONE',  ( 0.000000000000000000, 0.000000000000000000, -1.000000000000000000 ) ) ;
#4655 = UNCERTAINTY_MEASURE_WITH_UNIT (LENGTH_MEASURE( 1.000000000000000082E-05 ), #1912, 'distance_accuracy_value', 'NONE');
#4656 = FACE_OUTER_BOUND ( 'NONE', #531, .T. ) ;
#4657 = SURFACE_STYLE_FILL_AREA ( #9646 ) ;
#4658 = LINE ( 'NONE', #8370, #7227 ) ;
#4659 = ORIENTED_EDGE ( 'NONE', *, *, #3566, .F. ) ;
#4660 = COLOUR_RGB ( '',1.000000000000000000, 1.000000000000000000, 1.000000000000000000 ) ;
#4661 = FACE_OUTER_BOUND ( 'NONE', #3528, .T. ) ;
#4662 = CARTESIAN_POINT ( 'NONE',  ( -1.310000000000000275, 4.000000000000000000, -0.5250000000000403233 ) ) ;
#4663 = SURFACE_STYLE_USAGE ( .BOTH. , #9761 ) ;
#4664 = SURFACE_STYLE_USAGE ( .BOTH. , #2851 ) ;
#4665 = CLOSED_SHELL ( 'NONE', ( #21, #2019, #6469, #2860, #10286, #6615, #9718, #8722, #4995, #6942, #10073, #8959, #3809, #938, #94, #1466, #8243, #1905, #6267, #10799, #8445, #5470, #1629, #104, #7413, #8856, #411, #9362, #3701, #8386, #3539, #4684, #10869, #6620, #489, #1160, #9098, #6314, #9826, #3445, #5772, #9577, #9842, #8081, #7182, #3079, #1659, #7340, #9096, #304, #7251, #8892, #7994, #10467, #6771, #8545, #887, #2051, #10444, #5411, #3056, #3906, #1556, #7653, #9791, #3616, #10502, #7552, #6807, #2874, #7847, #9233, #7377, #692, #4513, #1157, #8903, #6053, #9792, #3476, #1835, #10877, #2741, #4425, #6694, #4976, #8456, #8367, #3527, #591, #10741, #4569, #3684, #2828, #10320, #5530, #1964, #9335, #1018, #8320, #9904, #2763, #6877, #2574, #59, #8431, #761, #4700, #5338, #698, #10708, #7607, #9778, #7299, #7803, #2480, #7714, #5509, #5856, #9037, #4431, #561, #10487, #6648, #10851, #5004, #5353, #2667, #3585, #8862, #9080 ) ) ;
#4666 = CARTESIAN_POINT ( 'NONE',  ( 4.140849737787074325, 0.2999999999999999889, -1.849999999999996758 ) ) ;
#4667 = DIRECTION ( 'NONE',  ( 0.000000000000000000, -0.7071067811865391350, 0.7071067811865560104 ) ) ;
#4668 = ORIENTED_EDGE ( 'NONE', *, *, #10694, .F. ) ;
#4669 = EDGE_LOOP ( 'NONE', ( #2865, #1221, #3194, #1310 ) ) ;
#4670 = VECTOR ( 'NONE', #2550, 1000.000000000000000 ) ;
#4671 = DIRECTION ( 'NONE',  ( 0.000000000000000000, 0.000000000000000000, 1.000000000000000000 ) ) ;
#4672 = AXIS2_PLACEMENT_3D ( 'NONE', #6002, #3607, #1158 ) ;
#4673 = LINE ( 'NONE', #10691, #3828 ) ;
#4674 = DIRECTION ( 'NONE',  ( 8.260587980841935821E-16, -1.000000000000000000, -0.000000000000000000 ) ) ;
#4675 = ORIENTED_EDGE ( 'NONE', *, *, #7295, .T. ) ;
#4676 = MECHANICAL_DESIGN_GEOMETRIC_PRESENTATION_REPRESENTATION (  '', ( #5914 ), #5580 ) ;
#4677 = LINE ( 'NONE', #523, #7257 ) ;
#4678 = SURFACE_SIDE_STYLE ('',( #7189 ) ) ;
#4679 = SURFACE_SIDE_STYLE ('',( #4795 ) ) ;
#4680 = DIRECTION ( 'NONE',  ( -0.000000000000000000, 1.000000000000000000, -0.000000000000000000 ) ) ;
#4681 = AXIS2_PLACEMENT_3D ( 'NONE', #1568, #5758, #4985 ) ;
#4682 = ORIENTED_EDGE ( 'NONE', *, *, #6361, .F. ) ;
#4683 = DIRECTION ( 'NONE',  ( 0.000000000000000000, -0.000000000000000000, 1.000000000000000000 ) ) ;
#4684 = ADVANCED_FACE ( 'NONE', ( #5000 ), #4073, .T. ) ;
#4685 = COLOUR_RGB ( '',1.000000000000000000, 1.000000000000000000, 1.000000000000000000 ) ;
#4686 = DIRECTION ( 'NONE',  ( -0.000000000000000000, 0.000000000000000000, -1.000000000000000000 ) ) ;
#4687 = VECTOR ( 'NONE', #6186, 1000.000000000000114 ) ;
#4688 = LINE ( 'NONE', #8758, #7768 ) ;
#4689 = ORIENTED_EDGE ( 'NONE', *, *, #10855, .T. ) ;
#4690 = CARTESIAN_POINT ( 'NONE',  ( 1.725000000000005418, 4.699999999999996625, -1.850000000000000533 ) ) ;
#4691 = ORIENTED_EDGE ( 'NONE', *, *, #6486, .T. ) ;
#4692 = DIRECTION ( 'NONE',  ( 0.000000000000000000, 0.000000000000000000, -1.000000000000000000 ) ) ;
#4693 = DIRECTION ( 'NONE',  ( 0.000000000000000000, 0.4226182617406951114, -0.9063077870366520461 ) ) ;
#4694 = STYLED_ITEM ( 'NONE', ( #10621 ), #5772 ) ;
#4695 = PRESENTATION_STYLE_ASSIGNMENT (( #690 ) ) ;
#4696 = FACE_OUTER_BOUND ( 'NONE', #620, .T. ) ;
#4697 = EDGE_CURVE ( 'NONE', #9798, #2373, #8218, .T. ) ;
#4698 = SURFACE_STYLE_USAGE ( .BOTH. , #9796 ) ;
#4699 = STYLED_ITEM ( 'NONE', ( #10785 ), #5868 ) ;
#4700 = ADVANCED_FACE ( 'NONE', ( #9196 ), #4028, .F. ) ;
#4701 =( LENGTH_UNIT ( ) NAMED_UNIT ( * ) SI_UNIT ( .MILLI., .METRE. ) );
#4702 = SURFACE_STYLE_USAGE ( .BOTH. , #2133 ) ;
#4703 = ORIENTED_EDGE ( 'NONE', *, *, #1295, .T. ) ;
#4704 = MECHANICAL_DESIGN_GEOMETRIC_PRESENTATION_REPRESENTATION (  '', ( #2421 ), #7197 ) ;
#4705 = ORIENTED_EDGE ( 'NONE', *, *, #9704, .F. ) ;
#4706 = LINE ( 'NONE', #4598, #3033 ) ;
#4707 = CARTESIAN_POINT ( 'NONE',  ( 4.119999999999993001, 0.4499999999999999001, -1.849999999999996758 ) ) ;
#4709 = DIRECTION ( 'NONE',  ( 0.000000000000000000, 0.000000000000000000, -1.000000000000000000 ) ) ;
#4708 = STYLED_ITEM ( 'NONE', ( #9922 ), #7172 ) ;
#4710 = VECTOR ( 'NONE', #8011, 1000.000000000000000 ) ;
#4711 = EDGE_LOOP ( 'NONE', ( #1666, #1595, #4, #5355 ) ) ;
#4712 = PRESENTATION_STYLE_ASSIGNMENT (( #2898 ) ) ;
#4713 = MECHANICAL_DESIGN_GEOMETRIC_PRESENTATION_REPRESENTATION (  '', ( #8817 ), #518 ) ;
#4714 =( NAMED_UNIT ( * ) PLANE_ANGLE_UNIT ( ) SI_UNIT ( $, .RADIAN. ) );
#4715 = EDGE_CURVE ( 'NONE', #4632, #8463, #7661, .T. ) ;
#4716 = EDGE_CURVE ( 'NONE', #8161, #2798, #9243, .T. ) ;
#4717 = MECHANICAL_DESIGN_GEOMETRIC_PRESENTATION_REPRESENTATION (  '', ( #3994 ), #9140 ) ;
#4718 = AXIS2_PLACEMENT_3D ( 'NONE', #7740, #5174, #6944 ) ;
#4719 = VERTEX_POINT ( 'NONE', #4355 ) ;
#4720 = LINE ( 'NONE', #10749, #4740 ) ;
#4721 = ADVANCED_FACE ( 'NONE', ( #3371 ), #168, .F. ) ;
#4722 = CARTESIAN_POINT ( 'NONE',  ( -2.560000000000000053, 3.999999999999999112, -0.5250000000000403233 ) ) ;
#4723 = COLOUR_RGB ( '',1.000000000000000000, 1.000000000000000000, 1.000000000000000000 ) ;
#4724 = SURFACE_STYLE_FILL_AREA ( #1369 ) ;
#4725 = MECHANICAL_DESIGN_GEOMETRIC_PRESENTATION_REPRESENTATION (  '', ( #5623 ), #2445 ) ;
#4726 = PLANE ( 'NONE',  #231 ) ;
#4727 = CARTESIAN_POINT ( 'NONE',  ( -1.409999999999999920, 0.3000000000000002665, 4.065758146820575067E-17 ) ) ;
#4728 = PLANE ( 'NONE',  #1916 ) ;
#4729 = VERTEX_POINT ( 'NONE', #3421 ) ;
#4730 = PRESENTATION_STYLE_ASSIGNMENT (( #10474 ) ) ;
#4731 = ORIENTED_EDGE ( 'NONE', *, *, #384, .T. ) ;
#4732 = AXIS2_PLACEMENT_3D ( 'NONE', #5496, #2077, #3753 ) ;
#4733 = AXIS2_PLACEMENT_3D ( 'NONE', #3832, #7350, #7297 ) ;
#4734 = CARTESIAN_POINT ( 'NONE',  ( -4.000000000000001776, -1.029563014098700879, 0.9500000000000005107 ) ) ;
#4735 = VECTOR ( 'NONE', #1814, 1000.000000000000000 ) ;
#4736 = EDGE_CURVE ( 'NONE', #7075, #10695, #7836, .T. ) ;
#4737 = VECTOR ( 'NONE', #6324, 1000.000000000000000 ) ;
#4738 = CARTESIAN_POINT ( 'NONE',  ( -4.000000000000001776, -0.9059928172283340242, 0.6500000000000025757 ) ) ;
#4739 =( NAMED_UNIT ( * ) PLANE_ANGLE_UNIT ( ) SI_UNIT ( $, .RADIAN. ) );
#4740 = VECTOR ( 'NONE', #2148, 1000.000000000000000 ) ;
#4741 = VERTEX_POINT ( 'NONE', #3533 ) ;
#4742 = MECHANICAL_DESIGN_GEOMETRIC_PRESENTATION_REPRESENTATION (  '', ( #9867 ), #18 ) ;
#4743 = PLANE ( 'NONE',  #5339 ) ;
#4744 = CARTESIAN_POINT ( 'NONE',  ( -5.199999999999999289, -0.9059928172283340242, -1.550000000000000488 ) ) ;
#4745 = FILL_AREA_STYLE ('',( #3021 ) ) ;
#4746 = LINE ( 'NONE', #8897, #7864 ) ;
#4747 = CARTESIAN_POINT ( 'NONE',  ( 1.310000000000000053, 3.999999999999999112, -0.5250000000000403233 ) ) ;
#4748 = FILL_AREA_STYLE_COLOUR ( '', #3785 ) ;
#4749 = CARTESIAN_POINT ( 'NONE',  ( -1.090000000000000080, 0.000000000000000000, 2.350000000000004530 ) ) ;
#4750 = ORIENTED_EDGE ( 'NONE', *, *, #1819, .T. ) ;
#4751 = MECHANICAL_DESIGN_GEOMETRIC_PRESENTATION_REPRESENTATION (  '', ( #10063 ), #7960 ) ;
#4752 = CARTESIAN_POINT ( 'NONE',  ( -4.669999999999994600, 1.650000000000000133, 0.3500000000000037526 ) ) ;
#4753 = EDGE_LOOP ( 'NONE', ( #261, #7443, #10788, #9334, #2731, #10431 ) ) ;
#4754 = ADVANCED_FACE ( 'NONE', ( #7718 ), #6758, .T. ) ;
#4755 = VERTEX_POINT ( 'NONE', #8426 ) ;
#4756 =( GEOMETRIC_REPRESENTATION_CONTEXT ( 3 ) GLOBAL_UNCERTAINTY_ASSIGNED_CONTEXT ( ( #3852 ) ) GLOBAL_UNIT_ASSIGNED_CONTEXT ( ( #7604, #10898, #2395 ) ) REPRESENTATION_CONTEXT ( 'NONE', 'WORKASPACE' ) );
#4757 = CARTESIAN_POINT ( 'NONE',  ( -5.699999999999994849, 0.2500000000000028311, 0.1500000000000049349 ) ) ;
#4758 = LINE ( 'NONE', #10781, #6451 ) ;
#4759 = SURFACE_SIDE_STYLE ('',( #3951 ) ) ;
#4760 =( GEOMETRIC_REPRESENTATION_CONTEXT ( 3 ) GLOBAL_UNCERTAINTY_ASSIGNED_CONTEXT ( ( #10618 ) ) GLOBAL_UNIT_ASSIGNED_CONTEXT ( ( #2696, #7643, #2750 ) ) REPRESENTATION_CONTEXT ( 'NONE', 'WORKASPACE' ) );
#4761 = SURFACE_SIDE_STYLE ('',( #5384 ) ) ;
#4762 = ORIENTED_EDGE ( 'NONE', *, *, #6936, .F. ) ;
#4763 = CARTESIAN_POINT ( 'NONE',  ( -5.500000000000000000, 0.7999999999999999334, -1.850000000000000533 ) ) ;
#4764 = EDGE_CURVE ( 'NONE', #10782, #8904, #919, .T. ) ;
#4765 = ORIENTED_EDGE ( 'NONE', *, *, #2070, .T. ) ;
#4766 = LINE ( 'NONE', #144, #1115 ) ;
#4767 = CARTESIAN_POINT ( 'NONE',  ( 2.660000000000000142, -1.579062136966065191E-17, -0.3250000000000473066 ) ) ;
#4768 = CARTESIAN_POINT ( 'NONE',  ( 4.219999999999995310, 0.4499999999999999001, -1.849999999999996314 ) ) ;
#4769 = DIRECTION ( 'NONE',  ( -1.000000000000000000, -0.000000000000000000, -0.000000000000000000 ) ) ;
#4770 = DIRECTION ( 'NONE',  ( 0.000000000000000000, -0.9848077530122087975, -0.1736481776669268895 ) ) ;
#4771 = AXIS2_PLACEMENT_3D ( 'NONE', #223, #1798, #3635 ) ;
#4772 = ORIENTED_EDGE ( 'NONE', *, *, #4868, .T. ) ;
#4773 = FILL_AREA_STYLE_COLOUR ( '', #17 ) ;
#4774 = DIRECTION ( 'NONE',  ( -0.000000000000000000, -0.000000000000000000, -1.000000000000000000 ) ) ;
#4775 =( NAMED_UNIT ( * ) SI_UNIT ( $, .STERADIAN. ) SOLID_ANGLE_UNIT ( ) );
#4776 = DIRECTION ( 'NONE',  ( 1.000000000000000000, 0.000000000000000000, 0.000000000000000000 ) ) ;
#4777 = ADVANCED_FACE ( 'NONE', ( #966 ), #53, .T. ) ;
#4778 = CARTESIAN_POINT ( 'NONE',  ( 5.500000000000000888, 1.750000000000001554, -1.849999999999996980 ) ) ;
#4779 = LINE ( 'NONE', #3009, #7209 ) ;
#4780 = DIRECTION ( 'NONE',  ( -1.000000000000000000, -0.000000000000000000, -0.000000000000000000 ) ) ;
#4781 = VERTEX_POINT ( 'NONE', #2566 ) ;
#4782 = EDGE_CURVE ( 'NONE', #3190, #3549, #8489, .T. ) ;
#4783 = DIRECTION ( 'NONE',  ( 0.000000000000000000, -1.355252715606880049E-16, 1.000000000000000000 ) ) ;
#4784 = MECHANICAL_DESIGN_GEOMETRIC_PRESENTATION_REPRESENTATION (  '', ( #4046 ), #8502 ) ;
#4785 = ORIENTED_EDGE ( 'NONE', *, *, #1705, .T. ) ;
#4786 = DIRECTION ( 'NONE',  ( 0.000000000000000000, -0.7071067811865482389, 0.7071067811865469066 ) ) ;
#4787 = DIRECTION ( 'NONE',  ( -0.000000000000000000, 0.1736481776669264454, 0.9848077530122087975 ) ) ;
#4788 = DIRECTION ( 'NONE',  ( 0.000000000000000000, 0.000000000000000000, -1.000000000000000000 ) ) ;
#4789 = CARTESIAN_POINT ( 'NONE',  ( 2.560000000000000053, 4.000000000000000000, 0.000000000000000000 ) ) ;
#4790 = VECTOR ( 'NONE', #425, 1000.000000000000000 ) ;
#4791 = ORIENTED_EDGE ( 'NONE', *, *, #9840, .T. ) ;
#4792 = CARTESIAN_POINT ( 'NONE',  ( 3.700000000000019273, 1.749999999999999778, -0.6750000000000013767 ) ) ;
#4793 = CARTESIAN_POINT ( 'NONE',  ( -2.660000000000000142, 1.749999999999999778, -1.125000000000033973 ) ) ;
#4794 = FILL_AREA_STYLE_COLOUR ( '', #9790 ) ;
#4795 = SURFACE_STYLE_FILL_AREA ( #8023 ) ;
#4796 = DIRECTION ( 'NONE',  ( -0.000000000000000000, -1.000000000000000000, -0.000000000000000000 ) ) ;
#4797 = ORIENTED_EDGE ( 'NONE', *, *, #1079, .T. ) ;
#4798 = ADVANCED_FACE ( 'NONE', ( #5918 ), #3643, .F. ) ;
#4799 =( LENGTH_UNIT ( ) NAMED_UNIT ( * ) SI_UNIT ( .MILLI., .METRE. ) );
#4800 = ORIENTED_EDGE ( 'NONE', *, *, #2197, .F. ) ;
#4801 = DIRECTION ( 'NONE',  ( -0.000000000000000000, 1.000000000000000000, -0.000000000000000000 ) ) ;
#4802 = PRESENTATION_LAYER_ASSIGNMENT (  '', '', ( #7996 ) ) ;
#4803 = LINE ( 'NONE', #4100, #5246 ) ;
#4804 = PRESENTATION_STYLE_ASSIGNMENT (( #3296 ) ) ;
#4805 = ORIENTED_EDGE ( 'NONE', *, *, #10064, .F. ) ;
#4806 = PLANE ( 'NONE',  #10762 ) ;
#4807 = EDGE_LOOP ( 'NONE', ( #4109, #2523, #2892, #977 ) ) ;
#4808 = PRESENTATION_LAYER_ASSIGNMENT (  '', '', ( #4993 ) ) ;
#4809 = CARTESIAN_POINT ( 'NONE',  ( 2.660000000000000142, 0.3000000000000002665, 4.065758146820575067E-17 ) ) ;
#4810 = PLANE ( 'NONE',  #2924 ) ;
#4811 =( NAMED_UNIT ( * ) PLANE_ANGLE_UNIT ( ) SI_UNIT ( $, .RADIAN. ) );
#4812 = SURFACE_STYLE_USAGE ( .BOTH. , #1464 ) ;
#4813 = EDGE_CURVE ( 'NONE', #7594, #7193, #2129, .T. ) ;
#4814 =( LENGTH_UNIT ( ) NAMED_UNIT ( * ) SI_UNIT ( .MILLI., .METRE. ) );
#4815 = ORIENTED_EDGE ( 'NONE', *, *, #1094, .F. ) ;
#4816 =( GEOMETRIC_REPRESENTATION_CONTEXT ( 3 ) GLOBAL_UNCERTAINTY_ASSIGNED_CONTEXT ( ( #1117 ) ) GLOBAL_UNIT_ASSIGNED_CONTEXT ( ( #5332, #334, #8708 ) ) REPRESENTATION_CONTEXT ( 'NONE', 'WORKASPACE' ) );
#4817 = ORIENTED_EDGE ( 'NONE', *, *, #10461, .T. ) ;
#4818 = DIRECTION ( 'NONE',  ( 1.000000000000000000, 0.000000000000000000, -1.182766006347823109E-16 ) ) ;
#4819 =( NAMED_UNIT ( * ) PLANE_ANGLE_UNIT ( ) SI_UNIT ( $, .RADIAN. ) );
#4820 = DIRECTION ( 'NONE',  ( -0.000000000000000000, 1.000000000000000000, -0.000000000000000000 ) ) ;
#4821 = PRESENTATION_LAYER_ASSIGNMENT (  '', '', ( #4083 ) ) ;
#4822 = DIRECTION ( 'NONE',  ( -1.000000000000000000, 0.000000000000000000, 1.275531967629996124E-16 ) ) ;
#4823 = LINE ( 'NONE', #8220, #8413 ) ;
#4824 = FILL_AREA_STYLE ('',( #5617 ) ) ;
#4825 = EDGE_LOOP ( 'NONE', ( #7088, #5343, #6377, #3032 ) ) ;
#4826 = DIRECTION ( 'NONE',  ( 0.000000000000000000, 0.000000000000000000, -1.000000000000000000 ) ) ;
#4827 = SURFACE_SIDE_STYLE ('',( #2517 ) ) ;
#4829 = LINE ( 'NONE', #7455, #6289 ) ;
#4828 = AXIS2_PLACEMENT_3D ( 'NONE', #2207, #8071, #2966 ) ;
#4830 =( NAMED_UNIT ( * ) PLANE_ANGLE_UNIT ( ) SI_UNIT ( $, .RADIAN. ) );
#4831 = COLOUR_RGB ( '',1.000000000000000000, 0.8117647058823529438, 0.5019607843137254832 ) ;
#4832 = CARTESIAN_POINT ( 'NONE',  ( 4.119999999999993001, 0.4499999999999999001, -1.849999999999996758 ) ) ;
#4833 = DIRECTION ( 'NONE',  ( -0.000000000000000000, 0.7071067811865560104, 0.7071067811865391350 ) ) ;
#4834 =( NAMED_UNIT ( * ) SI_UNIT ( $, .STERADIAN. ) SOLID_ANGLE_UNIT ( ) );
#4835 = VERTEX_POINT ( 'NONE', #4469 ) ;
#4836 = LINE ( 'NONE', #8333, #4342 ) ;
#4837 = ORIENTED_EDGE ( 'NONE', *, *, #4087, .F. ) ;
#4838 =( NAMED_UNIT ( * ) PLANE_ANGLE_UNIT ( ) SI_UNIT ( $, .RADIAN. ) );
#4839 = EDGE_CURVE ( 'NONE', #9759, #8534, #10402, .T. ) ;
#4840 = UNCERTAINTY_MEASURE_WITH_UNIT (LENGTH_MEASURE( 1.000000000000000082E-05 ), #6390, 'distance_accuracy_value', 'NONE');
#4841 = FILL_AREA_STYLE_COLOUR ( '', #323 ) ;
#4842 =( GEOMETRIC_REPRESENTATION_CONTEXT ( 3 ) GLOBAL_UNCERTAINTY_ASSIGNED_CONTEXT ( ( #10072 ) ) GLOBAL_UNIT_ASSIGNED_CONTEXT ( ( #7410, #4838, #4085 ) ) REPRESENTATION_CONTEXT ( 'NONE', 'WORKASPACE' ) );
#4843 = EDGE_CURVE ( 'NONE', #159, #8957, #2778, .T. ) ;
#4844 = FACE_OUTER_BOUND ( 'NONE', #5902, .T. ) ;
#4845 = SURFACE_STYLE_USAGE ( .BOTH. , #3833 ) ;
#4846 = EDGE_CURVE ( 'NONE', #1459, #1564, #8097, .T. ) ;
#4847 = VECTOR ( 'NONE', #10482, 1000.000000000000000 ) ;
#4848 = SURFACE_STYLE_FILL_AREA ( #7353 ) ;
#4849 = CARTESIAN_POINT ( 'NONE',  ( 2.660000000000000142, 2.865743636076471201, -1.125000000000033973 ) ) ;
#4850 = EDGE_CURVE ( 'NONE', #6071, #424, #1973, .T. ) ;
#4851 = SURFACE_SIDE_STYLE ('',( #1653 ) ) ;
#4852 = SURFACE_STYLE_USAGE ( .BOTH. , #4679 ) ;
#4853 = SURFACE_SIDE_STYLE ('',( #6680 ) ) ;
#4854 = ORIENTED_EDGE ( 'NONE', *, *, #7164, .T. ) ;
#4855 = VECTOR ( 'NONE', #5050, 1000.000000000000000 ) ;
#4856 = DIRECTION ( 'NONE',  ( -1.000000000000000000, 0.000000000000000000, 8.131516293641279557E-17 ) ) ;
#4857 = ORIENTED_EDGE ( 'NONE', *, *, #9975, .T. ) ;
#4858 = COLOUR_RGB ( '',1.000000000000000000, 1.000000000000000000, 1.000000000000000000 ) ;
#4859 = LINE ( 'NONE', #8244, #2034 ) ;
#4860 = ADVANCED_FACE ( 'NONE', ( #6149 ), #3794, .F. ) ;
#4861 = FACE_OUTER_BOUND ( 'NONE', #3676, .T. ) ;
#4862 = AXIS2_PLACEMENT_3D ( 'NONE', #10833, #2451, #637 ) ;
#4863 = EDGE_CURVE ( 'NONE', #904, #8121, #9578, .T. ) ;
#4864 = CARTESIAN_POINT ( 'NONE',  ( 1.089999999999999858, 3.548929149633788693, -0.4454640388693684727 ) ) ;
#4865 = ORIENTED_EDGE ( 'NONE', *, *, #10429, .F. ) ;
#4866 =( GEOMETRIC_REPRESENTATION_CONTEXT ( 3 ) GLOBAL_UNCERTAINTY_ASSIGNED_CONTEXT ( ( #10400 ) ) GLOBAL_UNIT_ASSIGNED_CONTEXT ( ( #5159, #6984, #9739 ) ) REPRESENTATION_CONTEXT ( 'NONE', 'WORKASPACE' ) );
#4867 = FILL_AREA_STYLE_COLOUR ( '', #6709 ) ;
#4868 = EDGE_CURVE ( 'NONE', #9648, #6690, #6310, .T. ) ;
#4869 = ORIENTED_EDGE ( 'NONE', *, *, #6057, .F. ) ;
#4870 = DIRECTION ( 'NONE',  ( -1.000000000000000000, 0.000000000000000000, 1.182766006347823109E-16 ) ) ;
#4871 = DIRECTION ( 'NONE',  ( 0.000000000000000000, -0.000000000000000000, -1.000000000000000000 ) ) ;
#4872 = CARTESIAN_POINT ( 'NONE',  ( 5.250000000000002665, 0.5499999999999971578, -1.850000000000000533 ) ) ;
#4873 = VECTOR ( 'NONE', #978, 1000.000000000000000 ) ;
#4874 = UNCERTAINTY_MEASURE_WITH_UNIT (LENGTH_MEASURE( 1.000000000000000082E-05 ), #9551, 'distance_accuracy_value', 'NONE');
#4875 = DIRECTION ( 'NONE',  ( 0.000000000000000000, 0.9848077530122087975, -0.1736481776669264454 ) ) ;
#4876 = UNCERTAINTY_MEASURE_WITH_UNIT (LENGTH_MEASURE( 1.000000000000000082E-05 ), #10243, 'distance_accuracy_value', 'NONE');
#4877 = FILL_AREA_STYLE_COLOUR ( '', #7705 ) ;
#4878 = UNCERTAINTY_MEASURE_WITH_UNIT (LENGTH_MEASURE( 1.000000000000000082E-05 ), #4364, 'distance_accuracy_value', 'NONE');
#4879 = EDGE_CURVE ( 'NONE', #3598, #2979, #10565, .T. ) ;
#4880 = PRESENTATION_STYLE_ASSIGNMENT (( #2393 ) ) ;
#4881 = VERTEX_POINT ( 'NONE', #1133 ) ;
#4882 =( GEOMETRIC_REPRESENTATION_CONTEXT ( 3 ) GLOBAL_UNCERTAINTY_ASSIGNED_CONTEXT ( ( #4277 ) ) GLOBAL_UNIT_ASSIGNED_CONTEXT ( ( #8930, #2245, #1206 ) ) REPRESENTATION_CONTEXT ( 'NONE', 'WORKASPACE' ) );
#4883 = FACE_OUTER_BOUND ( 'NONE', #4306, .T. ) ;
#4884 = EDGE_LOOP ( 'NONE', ( #2858, #898, #3826, #4703, #10392, #6383 ) ) ;
#4885 = VECTOR ( 'NONE', #275, 1000.000000000000000 ) ;
#4886 =( NAMED_UNIT ( * ) PLANE_ANGLE_UNIT ( ) SI_UNIT ( $, .RADIAN. ) );
#4887 = FILL_AREA_STYLE ('',( #1522 ) ) ;
#4888 = LINE ( 'NONE', #8269, #8983 ) ;
#4889 = STYLED_ITEM ( 'NONE', ( #5531 ), #6053 ) ;
#4890 = CARTESIAN_POINT ( 'NONE',  ( 3.050000000000020695, 3.700000000000000178, 1.549999999999988720 ) ) ;
#4891 =( NAMED_UNIT ( * ) SI_UNIT ( $, .STERADIAN. ) SOLID_ANGLE_UNIT ( ) );
#4892 = PRESENTATION_LAYER_ASSIGNMENT (  '', '', ( #2770 ) ) ;
#4893 = PLANE ( 'NONE',  #9132 ) ;
#4894 = VERTEX_POINT ( 'NONE', #9630 ) ;
#4895 =( GEOMETRIC_REPRESENTATION_CONTEXT ( 3 ) GLOBAL_UNCERTAINTY_ASSIGNED_CONTEXT ( ( #9286 ) ) GLOBAL_UNIT_ASSIGNED_CONTEXT ( ( #192, #408, #554 ) ) REPRESENTATION_CONTEXT ( 'NONE', 'WORKASPACE' ) );
#4896 =( NAMED_UNIT ( * ) SI_UNIT ( $, .STERADIAN. ) SOLID_ANGLE_UNIT ( ) );
#4897 =( GEOMETRIC_REPRESENTATION_CONTEXT ( 3 ) GLOBAL_UNCERTAINTY_ASSIGNED_CONTEXT ( ( #2899 ) ) GLOBAL_UNIT_ASSIGNED_CONTEXT ( ( #3397, #7692, #2692 ) ) REPRESENTATION_CONTEXT ( 'NONE', 'WORKASPACE' ) );
#4898 = LINE ( 'NONE', #6555, #4403 ) ;
#4899 = EDGE_CURVE ( 'NONE', #8168, #9996, #9690, .T. ) ;
#4900 = CARTESIAN_POINT ( 'NONE',  ( 5.000000000000006217, 1.399999999999998801, 0.3500000000000037526 ) ) ;
#4901 =( NAMED_UNIT ( * ) PLANE_ANGLE_UNIT ( ) SI_UNIT ( $, .RADIAN. ) );
#4902 = DIRECTION ( 'NONE',  ( -0.000000000000000000, 1.000000000000000000, -0.000000000000000000 ) ) ;
#4903 = VERTEX_POINT ( 'NONE', #4639 ) ;
#4904 = VECTOR ( 'NONE', #834, 1000.000000000000000 ) ;
#4905 = PRESENTATION_STYLE_ASSIGNMENT (( #1538 ) ) ;
#4906 = ORIENTED_EDGE ( 'NONE', *, *, #3127, .T. ) ;
#4907 = SURFACE_STYLE_FILL_AREA ( #8384 ) ;
#4908 = SURFACE_SIDE_STYLE ('',( #7678 ) ) ;
#4909 = VECTOR ( 'NONE', #9659, 1000.000000000000000 ) ;
#4910 = SURFACE_STYLE_USAGE ( .BOTH. , #2209 ) ;
#4911 = AXIS2_PLACEMENT_3D ( 'NONE', #4612, #8837, #5512 ) ;
#4912 = PRESENTATION_STYLE_ASSIGNMENT (( #72 ) ) ;
#4913 = DIRECTION ( 'NONE',  ( -0.7071067811865483499, 2.232951577694237413E-16, 0.7071067811865467956 ) ) ;
#4914 = SURFACE_STYLE_USAGE ( .BOTH. , #4851 ) ;
#4915 = LINE ( 'NONE', #2532, #3757 ) ;
#4916 = PRESENTATION_LAYER_ASSIGNMENT (  '', '', ( #5268 ) ) ;
#4917 = LINE ( 'NONE', #1604, #4904 ) ;
#4918 = AXIS2_PLACEMENT_3D ( 'NONE', #4130, #2360, #7562 ) ;
#4919 = COLOUR_RGB ( '',1.000000000000000000, 0.8117647058823529438, 0.5019607843137254832 ) ;
#4920 = EDGE_LOOP ( 'NONE', ( #1683, #5446, #9449, #8794 ) ) ;
#4921 = LINE ( 'NONE', #8294, #6692 ) ;
#4922 = ORIENTED_EDGE ( 'NONE', *, *, #180, .T. ) ;
#4923 = VECTOR ( 'NONE', #5349, 1000.000000000000000 ) ;
#4924 = COLOUR_RGB ( '',1.000000000000000000, 1.000000000000000000, 1.000000000000000000 ) ;
#4925 = MECHANICAL_DESIGN_GEOMETRIC_PRESENTATION_REPRESENTATION (  '', ( #1939 ), #7769 ) ;
#4926 = LINE ( 'NONE', #3893, #1908 ) ;
#4927 = VECTOR ( 'NONE', #9424, 1000.000000000000000 ) ;
#4928 = LINE ( 'NONE', #582, #10736 ) ;
#4929 = ORIENTED_EDGE ( 'NONE', *, *, #7785, .F. ) ;
#4930 = DIRECTION ( 'NONE',  ( 0.000000000000000000, 0.000000000000000000, -1.000000000000000000 ) ) ;
#4931 = SURFACE_STYLE_FILL_AREA ( #10778 ) ;
#4932 = ORIENTED_EDGE ( 'NONE', *, *, #9490, .T. ) ;
#4933 = PLANE ( 'NONE',  #5071 ) ;
#4934 = LINE ( 'NONE', #3198, #9731 ) ;
#4935 = FILL_AREA_STYLE_COLOUR ( '', #7528 ) ;
#4936 = EDGE_CURVE ( 'NONE', #10066, #5090, #7149, .T. ) ;
#4937 = PRESENTATION_LAYER_ASSIGNMENT (  '', '', ( #7416 ) ) ;
#4938 = ORIENTED_EDGE ( 'NONE', *, *, #9763, .F. ) ;
#4939 = EDGE_CURVE ( 'NONE', #7667, #1471, #8709, .T. ) ;
#4940 = SURFACE_SIDE_STYLE ('',( #8258 ) ) ;
#4941 = EDGE_CURVE ( 'NONE', #8418, #3535, #7891, .T. ) ;
#4942 = LINE ( 'NONE', #8259, #8948 ) ;
#4943 = CARTESIAN_POINT ( 'NONE',  ( -2.339999999999999858, 0.4500000000000002331, 6.098637220230963674E-17 ) ) ;
#4944 = VECTOR ( 'NONE', #7488, 1000.000000000000000 ) ;
#4945 = EDGE_LOOP ( 'NONE', ( #3061, #327, #8036, #7526, #10635, #10735 ) ) ;
#4946 = ORIENTED_EDGE ( 'NONE', *, *, #6936, .T. ) ;
#4947 = PRESENTATION_STYLE_ASSIGNMENT (( #2507 ) ) ;
#4948 = DIRECTION ( 'NONE',  ( -0.000000000000000000, -0.000000000000000000, 1.000000000000000000 ) ) ;
#4949 =( NAMED_UNIT ( * ) SI_UNIT ( $, .STERADIAN. ) SOLID_ANGLE_UNIT ( ) );
#4950 = COLOUR_RGB ( '',1.000000000000000000, 0.8117647058823529438, 0.5019607843137254832 ) ;
#4951 = FACE_OUTER_BOUND ( 'NONE', #3998, .T. ) ;
#4952 = SURFACE_SIDE_STYLE ('',( #1588 ) ) ;
#4953 = ORIENTED_EDGE ( 'NONE', *, *, #1391, .F. ) ;
#4954 = SURFACE_SIDE_STYLE ('',( #3376 ) ) ;
#4955 = DIRECTION ( 'NONE',  ( 0.3420201433256627732, 0.9396926207859105373, 0.000000000000000000 ) ) ;
#4956 = SURFACE_STYLE_USAGE ( .BOTH. , #3874 ) ;
#4957 = CARTESIAN_POINT ( 'NONE',  ( 2.660000000000000142, 0.000000000000000000, 1.850000000000004530 ) ) ;
#4958 = DIRECTION ( 'NONE',  ( 0.000000000000000000, 0.9848077530122086864, 0.1736481776669268617 ) ) ;
#4959 = LINE ( 'NONE', #8331, #9502 ) ;
#4960 = EDGE_LOOP ( 'NONE', ( #10211, #3259, #9372, #3423 ) ) ;
#4961 = ORIENTED_EDGE ( 'NONE', *, *, #7787, .T. ) ;
#4962 = PLANE ( 'NONE',  #9419 ) ;
#4963 = CARTESIAN_POINT ( 'NONE',  ( -2.660000000000000142, 0.8750000000000023315, 0.8749999999999814593 ) ) ;
#4964 = EDGE_CURVE ( 'NONE', #8922, #2784, #9744, .T. ) ;
#4965 =( LENGTH_UNIT ( ) NAMED_UNIT ( * ) SI_UNIT ( .MILLI., .METRE. ) );
#4966 =( NAMED_UNIT ( * ) PLANE_ANGLE_UNIT ( ) SI_UNIT ( $, .RADIAN. ) );
#4967 = DIRECTION ( 'NONE',  ( -0.000000000000000000, 1.000000000000000000, -0.000000000000000000 ) ) ;
#4968 = CARTESIAN_POINT ( 'NONE',  ( 2.025000000000005240, 3.249999999999996891, -1.450000000000040368 ) ) ;
#4969 = CARTESIAN_POINT ( 'NONE',  ( -4.219999999999994422, 1.649999999999999023, 0.3500000000000037526 ) ) ;
#4970 = VECTOR ( 'NONE', #7596, 1000.000000000000000 ) ;
#4971 = DIRECTION ( 'NONE',  ( 0.7071067811865471286, 0.7071067811865479058, -8.363418636454763320E-17 ) ) ;
#4972 = ORIENTED_EDGE ( 'NONE', *, *, #1753, .F. ) ;
#4973 = SURFACE_SIDE_STYLE ('',( #5845 ) ) ;
#4974 = ORIENTED_EDGE ( 'NONE', *, *, #2440, .T. ) ;
#4975 = SURFACE_SIDE_STYLE ('',( #1555 ) ) ;
#4976 = ADVANCED_FACE ( 'NONE', ( #4696 ), #335, .T. ) ;
#4977 = COLOUR_RGB ( '',1.000000000000000000, 0.8117647058823529438, 0.5019607843137254832 ) ;
#4978 = CARTESIAN_POINT ( 'NONE',  ( -3.400000000000024780, 4.400000000000002132, 0.1533846645330081415 ) ) ;
#4979 = DIRECTION ( 'NONE',  ( 0.000000000000000000, 1.000000000000000000, 0.000000000000000000 ) ) ;
#4980 = ORIENTED_EDGE ( 'NONE', *, *, #1293, .T. ) ;
#4981 =( LENGTH_UNIT ( ) NAMED_UNIT ( * ) SI_UNIT ( .MILLI., .METRE. ) );
#4982 = ORIENTED_EDGE ( 'NONE', *, *, #6442, .F. ) ;
#4983 = DIRECTION ( 'NONE',  ( 0.000000000000000000, -1.000000000000000000, -1.355252715606857370E-16 ) ) ;
#4984 = DIRECTION ( 'NONE',  ( 0.000000000000000000, 0.000000000000000000, -1.000000000000000000 ) ) ;
#4985 = DIRECTION ( 'NONE',  ( 0.9659258262890690894, 0.000000000000000000, 0.2588190451025180194 ) ) ;
#4986 =( GEOMETRIC_REPRESENTATION_CONTEXT ( 3 ) GLOBAL_UNCERTAINTY_ASSIGNED_CONTEXT ( ( #6536 ) ) GLOBAL_UNIT_ASSIGNED_CONTEXT ( ( #5874, #4033, #4896 ) ) REPRESENTATION_CONTEXT ( 'NONE', 'WORKASPACE' ) );
#4987 = ORIENTED_EDGE ( 'NONE', *, *, #4843, .T. ) ;
#4988 = UNCERTAINTY_MEASURE_WITH_UNIT (LENGTH_MEASURE( 1.000000000000000082E-05 ), #9880, 'distance_accuracy_value', 'NONE');
#4989 = EDGE_CURVE ( 'NONE', #146, #496, #10619, .T. ) ;
#4990 = SURFACE_STYLE_USAGE ( .BOTH. , #2391 ) ;
#4991 = EDGE_CURVE ( 'NONE', #7597, #3226, #1624, .T. ) ;
#4992 = DIRECTION ( 'NONE',  ( -0.000000000000000000, 1.000000000000000000, -0.000000000000000000 ) ) ;
#4993 = STYLED_ITEM ( 'NONE', ( #5158 ), #9904 ) ;
#4994 = ORIENTED_EDGE ( 'NONE', *, *, #4258, .F. ) ;
#4995 = ADVANCED_FACE ( 'NONE', ( #7317 ), #590, .F. ) ;
#4996 = DIRECTION ( 'NONE',  ( -1.000000000000000000, 0.000000000000000000, -0.000000000000000000 ) ) ;
#4997 = ORIENTED_EDGE ( 'NONE', *, *, #3160, .F. ) ;
#4998 = DIRECTION ( 'NONE',  ( -0.000000000000000000, 1.000000000000000000, 0.000000000000000000 ) ) ;
#4999 = SURFACE_SIDE_STYLE ('',( #8985 ) ) ;
#5000 = FACE_OUTER_BOUND ( 'NONE', #838, .T. ) ;
#5001 = AXIS2_PLACEMENT_3D ( 'NONE', #2288, #6637, #4017 ) ;
#5002 = ADVANCED_FACE ( 'NONE', ( #5657 ), #8205, .T. ) ;
#5003 = ORIENTED_EDGE ( 'NONE', *, *, #10059, .T. ) ;
#5004 = ADVANCED_FACE ( 'NONE', ( #9020 ), #3205, .F. ) ;
#5005 = EDGE_LOOP ( 'NONE', ( #5220, #1857, #3845, #1064, #1451 ) ) ;
#5006 = SURFACE_STYLE_USAGE ( .BOTH. , #61 ) ;
#5007 = LINE ( 'NONE', #1535, #1746 ) ;
#5008 = ORIENTED_EDGE ( 'NONE', *, *, #8017, .F. ) ;
#5009 =( GEOMETRIC_REPRESENTATION_CONTEXT ( 3 ) GLOBAL_UNCERTAINTY_ASSIGNED_CONTEXT ( ( #9399 ) ) GLOBAL_UNIT_ASSIGNED_CONTEXT ( ( #10118, #3408, #5861 ) ) REPRESENTATION_CONTEXT ( 'NONE', 'WORKASPACE' ) );
#5010 =( NAMED_UNIT ( * ) SI_UNIT ( $, .STERADIAN. ) SOLID_ANGLE_UNIT ( ) );
#5011 = ORIENTED_EDGE ( 'NONE', *, *, #7074, .F. ) ;
#5012 = DIRECTION ( 'NONE',  ( 0.000000000000000000, 0.000000000000000000, 1.000000000000000000 ) ) ;
#5013 = FILL_AREA_STYLE_COLOUR ( '', #4919 ) ;
#5014 = AXIS2_PLACEMENT_3D ( 'NONE', #6231, #9662, #2100 ) ;
#5015 = STYLED_ITEM ( 'NONE', ( #6678 ), #10444 ) ;
#5016 = DIRECTION ( 'NONE',  ( -0.000000000000000000, -0.000000000000000000, 1.000000000000000000 ) ) ;
#5017 = CARTESIAN_POINT ( 'NONE',  ( 5.199999999999999289, 2.100000000000002753, -1.550000000000000488 ) ) ;
#5018 = PLANE ( 'NONE',  #7701 ) ;
#5019 =( NAMED_UNIT ( * ) SI_UNIT ( $, .STERADIAN. ) SOLID_ANGLE_UNIT ( ) );
#5020 = CARTESIAN_POINT ( 'NONE',  ( -0.1599999999999999756, 0.3000000000000002665, 4.065758146820575067E-17 ) ) ;
#5021 = ORIENTED_EDGE ( 'NONE', *, *, #4357, .T. ) ;
#5022 = ORIENTED_EDGE ( 'NONE', *, *, #4846, .T. ) ;
#5024 = COLOUR_RGB ( '',1.000000000000000000, 1.000000000000000000, 1.000000000000000000 ) ;
#5023 = FACE_OUTER_BOUND ( 'NONE', #9563, .T. ) ;
#5025 = CLOSED_SHELL ( 'NONE', ( #6454, #623, #2636, #824, #6523, #5202, #1616, #3620, #9116, #9320 ) ) ;
#5026 = CARTESIAN_POINT ( 'NONE',  ( 2.560000000000000053, 3.999999999999999112, -0.5250000000000403233 ) ) ;
#5027 = DIRECTION ( 'NONE',  ( 0.000000000000000000, -0.000000000000000000, -1.000000000000000000 ) ) ;
#5028 = ORIENTED_EDGE ( 'NONE', *, *, #237, .T. ) ;
#5029 = CARTESIAN_POINT ( 'NONE',  ( -5.000000000000006217, 1.650000000000000355, 0.3500000000000037526 ) ) ;
#5030 =( GEOMETRIC_REPRESENTATION_CONTEXT ( 3 ) GLOBAL_UNCERTAINTY_ASSIGNED_CONTEXT ( ( #5424 ) ) GLOBAL_UNIT_ASSIGNED_CONTEXT ( ( #3740, #750, #4112 ) ) REPRESENTATION_CONTEXT ( 'NONE', 'WORKASPACE' ) );
#5031 = FACE_OUTER_BOUND ( 'NONE', #1437, .T. ) ;
#5032 = ORIENTED_EDGE ( 'NONE', *, *, #5938, .F. ) ;
#5033 =( LENGTH_UNIT ( ) NAMED_UNIT ( * ) SI_UNIT ( .MILLI., .METRE. ) );
#5034 = LINE ( 'NONE', #2444, #418 ) ;
#5035 = CARTESIAN_POINT ( 'NONE',  ( -1.409999999999999920, 0.4499999999999999556, 2.250000000000004441 ) ) ;
#5036 = VECTOR ( 'NONE', #5681, 999.9999999999998863 ) ;
#5037 = VERTEX_POINT ( 'NONE', #10278 ) ;
#5038 = AXIS2_PLACEMENT_3D ( 'NONE', #3899, #10668, #2290 ) ;
#5039 = CARTESIAN_POINT ( 'NONE',  ( -5.000000000000006217, 1.400000000000000133, 0.3500000000000037526 ) ) ;
#5040 = DIRECTION ( 'NONE',  ( 1.000000000000000000, 0.000000000000000000, 0.000000000000000000 ) ) ;
#5041 = MECHANICAL_DESIGN_GEOMETRIC_PRESENTATION_REPRESENTATION (  '', ( #8405 ), #1698 ) ;
#5042 = DIRECTION ( 'NONE',  ( -0.7071067811865465735, -0.7071067811865485719, 0.000000000000000000 ) ) ;
#5043 = VERTEX_POINT ( 'NONE', #6792 ) ;
#5044 = CARTESIAN_POINT ( 'NONE',  ( -3.449999999999996181, 3.450000000000003730, 0.6500000000000030198 ) ) ;
#5045 = ORIENTED_EDGE ( 'NONE', *, *, #7621, .T. ) ;
#5046 = COLOUR_RGB ( '',1.000000000000000000, 1.000000000000000000, 1.000000000000000000 ) ;
#5047 =( NAMED_UNIT ( * ) SI_UNIT ( $, .STERADIAN. ) SOLID_ANGLE_UNIT ( ) );
#5048 = SURFACE_STYLE_USAGE ( .BOTH. , #9298 ) ;
#5049 = EDGE_CURVE ( 'NONE', #4903, #1111, #1897, .T. ) ;
#5050 = DIRECTION ( 'NONE',  ( 1.000000000000000000, -3.614007241618354687E-16, 0.000000000000000000 ) ) ;
#5051 = COLOUR_RGB ( '',1.000000000000000000, 0.8117647058823529438, 0.5019607843137254832 ) ;
#5052 = EDGE_CURVE ( 'NONE', #3252, #3796, #1067, .T. ) ;
#5053 = EDGE_LOOP ( 'NONE', ( #371, #4462, #4509, #8175, #10466 ) ) ;
#5054 = STYLED_ITEM ( 'NONE', ( #2273 ), #938 ) ;
#5055 =( NAMED_UNIT ( * ) SI_UNIT ( $, .STERADIAN. ) SOLID_ANGLE_UNIT ( ) );
#5056 = VERTEX_POINT ( 'NONE', #5973 ) ;
#5057 = DIRECTION ( 'NONE',  ( 0.000000000000000000, 1.000000000000000000, 0.000000000000000000 ) ) ;
#5058 = ORIENTED_EDGE ( 'NONE', *, *, #796, .F. ) ;
#5059 = VECTOR ( 'NONE', #5100, 1000.000000000000000 ) ;
#5060 = LINE ( 'NONE', #4426, #9322 ) ;
#5061 = VERTEX_POINT ( 'NONE', #1841 ) ;
#5062 = EDGE_CURVE ( 'NONE', #4630, #7193, #10075, .T. ) ;
#5063 = VECTOR ( 'NONE', #7831, 1000.000000000000000 ) ;
#5064 = CARTESIAN_POINT ( 'NONE',  ( 4.669999999999994600, 1.399999999999998801, -1.749999999999994005 ) ) ;
#5065 = SURFACE_SIDE_STYLE ('',( #7464 ) ) ;
#5066 = EDGE_CURVE ( 'NONE', #5777, #2204, #5199, .T. ) ;
#5067 = FACE_OUTER_BOUND ( 'NONE', #3611, .T. ) ;
#5068 = VECTOR ( 'NONE', #9503, 1000.000000000000000 ) ;
#5069 = CARTESIAN_POINT ( 'NONE',  ( 3.499999999950209606, 1.749999999999999778, -0.6249377795396816593 ) ) ;
#5070 = CARTESIAN_POINT ( 'NONE',  ( -4.469999999999994422, 1.200000000000000178, 0.3500000000000037526 ) ) ;
#5071 = AXIS2_PLACEMENT_3D ( 'NONE', #5708, #4983, #3303 ) ;
#5072 = CARTESIAN_POINT ( 'NONE',  ( -5.000000000000006217, 1.650000000000000355, 0.3500000000000037526 ) ) ;
#5073 = PRESENTATION_STYLE_ASSIGNMENT (( #4205 ) ) ;
#5074 = ORIENTED_EDGE ( 'NONE', *, *, #10909, .T. ) ;
#5075 = DIRECTION ( 'NONE',  ( 0.000000000000000000, 0.7071067811865391350, -0.7071067811865560104 ) ) ;
#5076 = ORIENTED_EDGE ( 'NONE', *, *, #3831, .F. ) ;
#5077 = STYLED_ITEM ( 'NONE', ( #8767 ), #7294 ) ;
#5078 =( GEOMETRIC_REPRESENTATION_CONTEXT ( 3 ) GLOBAL_UNCERTAINTY_ASSIGNED_CONTEXT ( ( #9956 ) ) GLOBAL_UNIT_ASSIGNED_CONTEXT ( ( #249, #1937, #7915 ) ) REPRESENTATION_CONTEXT ( 'NONE', 'WORKASPACE' ) );
#5079 =( GEOMETRIC_REPRESENTATION_CONTEXT ( 3 ) GLOBAL_UNCERTAINTY_ASSIGNED_CONTEXT ( ( #4655 ) ) GLOBAL_UNIT_ASSIGNED_CONTEXT ( ( #1912, #3588, #10865 ) ) REPRESENTATION_CONTEXT ( 'NONE', 'WORKASPACE' ) );
#5080 = EDGE_CURVE ( 'NONE', #29, #4573, #10891, .T. ) ;
#5081 =( NAMED_UNIT ( * ) SI_UNIT ( $, .STERADIAN. ) SOLID_ANGLE_UNIT ( ) );
#5082 = AXIS2_PLACEMENT_3D ( 'NONE', #7856, #6048, #1772 ) ;
#5083 = CARTESIAN_POINT ( 'NONE',  ( 3.500000000000000888, 0.000000000000000000, -1.850000000000000533 ) ) ;
#5084 = CARTESIAN_POINT ( 'NONE',  ( -3.499999999950209606, 1.749999999999999778, 0.2249377794898766159 ) ) ;
#5085 = ORIENTED_EDGE ( 'NONE', *, *, #10457, .F. ) ;
#5086 =( GEOMETRIC_REPRESENTATION_CONTEXT ( 3 ) GLOBAL_UNCERTAINTY_ASSIGNED_CONTEXT ( ( #8313 ) ) GLOBAL_UNIT_ASSIGNED_CONTEXT ( ( #8772, #1032, #4479 ) ) REPRESENTATION_CONTEXT ( 'NONE', 'WORKASPACE' ) );
#5087 = FACE_OUTER_BOUND ( 'NONE', #9226, .T. ) ;
#5088 = AXIS2_PLACEMENT_3D ( 'NONE', #6316, #5490, #3570 ) ;
#5089 = DIRECTION ( 'NONE',  ( 0.000000000000000000, 0.000000000000000000, -1.000000000000000000 ) ) ;
#5090 = VERTEX_POINT ( 'NONE', #3460 ) ;
#5091 = FILL_AREA_STYLE_COLOUR ( '', #7296 ) ;
#5092 = COLOUR_RGB ( '',1.000000000000000000, 1.000000000000000000, 1.000000000000000000 ) ;
#5094 = DIRECTION ( 'NONE',  ( 3.157870405297586439E-16, 1.000000000000000000, 0.000000000000000000 ) ) ;
#5093 =( GEOMETRIC_REPRESENTATION_CONTEXT ( 3 ) GLOBAL_UNCERTAINTY_ASSIGNED_CONTEXT ( ( #7649 ) ) GLOBAL_UNIT_ASSIGNED_CONTEXT ( ( #1277, #8733, #8786 ) ) REPRESENTATION_CONTEXT ( 'NONE', 'WORKASPACE' ) );
#5095 = EDGE_LOOP ( 'NONE', ( #4188, #10592, #3878, #10289 ) ) ;
#5096 = UNCERTAINTY_MEASURE_WITH_UNIT (LENGTH_MEASURE( 1.000000000000000082E-05 ), #8399, 'distance_accuracy_value', 'NONE');
#5097 = UNCERTAINTY_MEASURE_WITH_UNIT (LENGTH_MEASURE( 1.000000000000000082E-05 ), #1516, 'distance_accuracy_value', 'NONE');
#5098 = VECTOR ( 'NONE', #1766, 1000.000000000000000 ) ;
#5099 = CARTESIAN_POINT ( 'NONE',  ( -4.000000000000001776, 2.899999999999999467, 0.6500000000000025757 ) ) ;
#5100 = DIRECTION ( 'NONE',  ( -0.7071067811865485719, -0.7071067811865465735, 0.000000000000000000 ) ) ;
#5101 = EDGE_CURVE ( 'NONE', #705, #7404, #95, .T. ) ;
#5102 = FILL_AREA_STYLE_COLOUR ( '', #2268 ) ;
#5103 = ORIENTED_EDGE ( 'NONE', *, *, #2832, .T. ) ;
#5104 = CARTESIAN_POINT ( 'NONE',  ( 0.000000000000000000, 0.2999999999999999889, 0.3500000000000037526 ) ) ;
#5105 = ORIENTED_EDGE ( 'NONE', *, *, #2414, .F. ) ;
#5106 = VECTOR ( 'NONE', #6155, 1000.000000000000000 ) ;
#5107 = CARTESIAN_POINT ( 'NONE',  ( -1.090000000000000080, 0.03083447080518480002, 0.1748709736949816407 ) ) ;
#5108 = CARTESIAN_POINT ( 'NONE',  ( 2.660000000000000142, -1.579062136966065191E-17, -0.3250000000000473066 ) ) ;
#5109 = MECHANICAL_DESIGN_GEOMETRIC_PRESENTATION_REPRESENTATION (  '', ( #722 ), #4756 ) ;
#5110 = LINE ( 'NONE', #1974, #5588 ) ;
#5111 = ADVANCED_FACE ( 'NONE', ( #2500 ), #4172, .T. ) ;
#5112 = VERTEX_POINT ( 'NONE', #5039 ) ;
#5113 =( LENGTH_UNIT ( ) NAMED_UNIT ( * ) SI_UNIT ( .MILLI., .METRE. ) );
#5114 = ORIENTED_EDGE ( 'NONE', *, *, #7040, .F. ) ;
#5115 =( NAMED_UNIT ( * ) PLANE_ANGLE_UNIT ( ) SI_UNIT ( $, .RADIAN. ) );
#5116 = LINE ( 'NONE', #1087, #3262 ) ;
#5117 =( NAMED_UNIT ( * ) PLANE_ANGLE_UNIT ( ) SI_UNIT ( $, .RADIAN. ) );
#5118 = AXIS2_PLACEMENT_3D ( 'NONE', #2384, #6630, #7481 ) ;
#5119 = CARTESIAN_POINT ( 'NONE',  ( 4.669999999999994600, 1.199999999999999067, 0.3500000000000037526 ) ) ;
#5120 = ORIENTED_EDGE ( 'NONE', *, *, #3230, .T. ) ;
#5121 = CARTESIAN_POINT ( 'NONE',  ( -0.1599999999999999756, 0.03083447080518480002, 0.1748709736949816407 ) ) ;
#5122 = EDGE_LOOP ( 'NONE', ( #7202, #7176, #2319, #2496, #8242, #9862, #10475, #5147, #1489, #8432, #63, #130 ) ) ;
#5123 = CARTESIAN_POINT ( 'NONE',  ( 4.219999999999995310, 1.199999999999999067, -1.849999999999996314 ) ) ;
#5124 = SURFACE_STYLE_FILL_AREA ( #3387 ) ;
#5125 = VECTOR ( 'NONE', #10601, 1000.000000000000000 ) ;
#5126 = DIRECTION ( 'NONE',  ( 3.771137991253929559E-16, 1.000000000000000000, 0.000000000000000000 ) ) ;
#5128 = EDGE_CURVE ( 'NONE', #8352, #685, #9453, .T. ) ;
#5127 = DIRECTION ( 'NONE',  ( 0.000000000000000000, 1.000000000000000000, 0.000000000000000000 ) ) ;
#5129 = CARTESIAN_POINT ( 'NONE',  ( 0.1599999999999999756, 0.4500000000000000111, 1.850000000000004530 ) ) ;
#5130 = LINE ( 'NONE', #3237, #3577 ) ;
#5131 =( LENGTH_UNIT ( ) NAMED_UNIT ( * ) SI_UNIT ( .MILLI., .METRE. ) );
#5132 = SURFACE_STYLE_USAGE ( .BOTH. , #8562 ) ;
#5133 = STYLED_ITEM ( 'NONE', ( #161 ), #9037 ) ;
#5134 = EDGE_LOOP ( 'NONE', ( #4317, #9257, #7406, #1402 ) ) ;
#5135 = DIRECTION ( 'NONE',  ( -2.990902544787597113E-16, 1.000000000000000000, 3.814991807942487086E-32 ) ) ;
#5136 = ORIENTED_EDGE ( 'NONE', *, *, #10606, .T. ) ;
#5137 = CARTESIAN_POINT ( 'NONE',  ( 2.025000000000005684, 4.400000000000002132, -1.450000000000040368 ) ) ;
#5138 = VERTEX_POINT ( 'NONE', #8478 ) ;
#5139 = SURFACE_SIDE_STYLE ('',( #6015 ) ) ;
#5140 = FILL_AREA_STYLE_COLOUR ( '', #5943 ) ;
#5141 = ORIENTED_EDGE ( 'NONE', *, *, #7512, .F. ) ;
#5142 = DIRECTION ( 'NONE',  ( -5.981805089575198169E-16, -1.000000000000000000, 7.629983615884978551E-32 ) ) ;
#5143 = VECTOR ( 'NONE', #7186, 1000.000000000000000 ) ;
#5144 = UNCERTAINTY_MEASURE_WITH_UNIT (LENGTH_MEASURE( 1.000000000000000082E-05 ), #7833, 'distance_accuracy_value', 'NONE');
#5145 = ORIENTED_EDGE ( 'NONE', *, *, #10597, .F. ) ;
#5146 =( LENGTH_UNIT ( ) NAMED_UNIT ( * ) SI_UNIT ( .MILLI., .METRE. ) );
#5147 = ORIENTED_EDGE ( 'NONE', *, *, #2074, .F. ) ;
#5148 = STYLED_ITEM ( 'NONE', ( #8169 ), #9778 ) ;
#5149 = DIRECTION ( 'NONE',  ( -5.981291766781776942E-16, 0.000000000000000000, 1.000000000000000000 ) ) ;
#5150 =( NAMED_UNIT ( * ) PLANE_ANGLE_UNIT ( ) SI_UNIT ( $, .RADIAN. ) );
#5151 = FILL_AREA_STYLE_COLOUR ( '', #6897 ) ;
#5152 = PRESENTATION_STYLE_ASSIGNMENT (( #4237 ) ) ;
#5153 = VECTOR ( 'NONE', #9474, 1000.000000000000000 ) ;
#5154 = CARTESIAN_POINT ( 'NONE',  ( 5.499999999999987566, 1.299999999999992051, -1.849999999999996980 ) ) ;
#5155 = VERTEX_POINT ( 'NONE', #3364 ) ;
#5156 = LINE ( 'NONE', #342, #2806 ) ;
#5157 = ORIENTED_EDGE ( 'NONE', *, *, #3479, .T. ) ;
#5158 = PRESENTATION_STYLE_ASSIGNMENT (( #5928 ) ) ;
#5159 =( LENGTH_UNIT ( ) NAMED_UNIT ( * ) SI_UNIT ( .MILLI., .METRE. ) );
#5160 =( LENGTH_UNIT ( ) NAMED_UNIT ( * ) SI_UNIT ( .MILLI., .METRE. ) );
#5161 = DIRECTION ( 'NONE',  ( -1.000000000000000000, 0.000000000000000000, 0.000000000000000000 ) ) ;
#5162 = ORIENTED_EDGE ( 'NONE', *, *, #9720, .T. ) ;
#5163 = DIRECTION ( 'NONE',  ( 0.000000000000000000, 1.355252715606880296E-16, -1.000000000000000000 ) ) ;
#5164 = EDGE_LOOP ( 'NONE', ( #8371, #230, #9984, #2577 ) ) ;
#5165 = EDGE_CURVE ( 'NONE', #4755, #7282, #5253, .T. ) ;
#5166 =( NAMED_UNIT ( * ) PLANE_ANGLE_UNIT ( ) SI_UNIT ( $, .RADIAN. ) );
#5167 = DIRECTION ( 'NONE',  ( -1.000000000000000000, -2.804752346195004299E-31, 0.000000000000000000 ) ) ;
#5168 = PRESENTATION_STYLE_ASSIGNMENT (( #6822 ) ) ;
#5169 = DIRECTION ( 'NONE',  ( -0.000000000000000000, -0.000000000000000000, 1.000000000000000000 ) ) ;
#5171 =( LENGTH_UNIT ( ) NAMED_UNIT ( * ) SI_UNIT ( .MILLI., .METRE. ) );
#5170 = VECTOR ( 'NONE', #6128, 1000.000000000000000 ) ;
#5172 = LINE ( 'NONE', #5944, #3171 ) ;
#5173 = SURFACE_STYLE_FILL_AREA ( #10207 ) ;
#5174 = DIRECTION ( 'NONE',  ( -3.614007241618355673E-16, 1.000000000000000000, 0.000000000000000000 ) ) ;
#5175 = LINE ( 'NONE', #7000, #2781 ) ;
#5176 = VERTEX_POINT ( 'NONE', #5099 ) ;
#5177 = EDGE_CURVE ( 'NONE', #7885, #6551, #6909, .T. ) ;
#5178 = ORIENTED_EDGE ( 'NONE', *, *, #8116, .F. ) ;
#5179 = EDGE_CURVE ( 'NONE', #7916, #971, #908, .T. ) ;
#5180 = CARTESIAN_POINT ( 'NONE',  ( -2.339999999999999858, 0.000000000000000000, 1.850000000000004530 ) ) ;
#5182 = EDGE_CURVE ( 'NONE', #3179, #1353, #4520, .T. ) ;
#5181 =( GEOMETRIC_REPRESENTATION_CONTEXT ( 3 ) GLOBAL_UNCERTAINTY_ASSIGNED_CONTEXT ( ( #10276 ) ) GLOBAL_UNIT_ASSIGNED_CONTEXT ( ( #10878, #5804, #5081 ) ) REPRESENTATION_CONTEXT ( 'NONE', 'WORKASPACE' ) );
#5183 = ADVANCED_BREP_SHAPE_REPRESENTATION ( '533980571', ( #7379, #7322, #7196, #3509, #7172, #10811, #3526, #10763, #6997, #7044, #7101, #3656, #10845, #8978 ), #4359 ) ;
#5184 = FILL_AREA_STYLE ('',( #944 ) ) ;
#5185 = ORIENTED_EDGE ( 'NONE', *, *, #10331, .F. ) ;
#5186 = DIRECTION ( 'NONE',  ( -1.000000000000000000, 0.000000000000000000, -0.000000000000000000 ) ) ;
#5187 = EDGE_LOOP ( 'NONE', ( #10434, #10378, #2215, #10413 ) ) ;
#5188 = DIRECTION ( 'NONE',  ( 0.000000000000000000, 0.000000000000000000, -1.000000000000000000 ) ) ;
#5189 = PRESENTATION_STYLE_ASSIGNMENT (( #1113 ) ) ;
#5190 = STYLED_ITEM ( 'NONE', ( #5733 ), #4425 ) ;
#5191 = DIRECTION ( 'NONE',  ( 0.000000000000000000, -0.9848077530122087975, -0.1736481776669268895 ) ) ;
#5192 = VECTOR ( 'NONE', #2922, 1000.000000000000000 ) ;
#5193 = VERTEX_POINT ( 'NONE', #1119 ) ;
#5194 = UNCERTAINTY_MEASURE_WITH_UNIT (LENGTH_MEASURE( 1.000000000000000082E-05 ), #109, 'distance_accuracy_value', 'NONE');
#5195 = EDGE_CURVE ( 'NONE', #6071, #8418, #8395, .T. ) ;
#5197 = LINE ( 'NONE', #5906, #1840 ) ;
#5196 =( NAMED_UNIT ( * ) PLANE_ANGLE_UNIT ( ) SI_UNIT ( $, .RADIAN. ) );
#5198 = ADVANCED_FACE ( 'NONE', ( #4457 ), #9044, .T. ) ;
#5199 = LINE ( 'NONE', #6701, #4670 ) ;
#5200 = PRESENTATION_STYLE_ASSIGNMENT (( #6020 ) ) ;
#5201 = AXIS2_PLACEMENT_3D ( 'NONE', #6561, #1647, #7569 ) ;
#5202 = ADVANCED_FACE ( 'NONE', ( #2824 ), #5689, .F. ) ;
#5203 = PLANE ( 'NONE',  #8968 ) ;
#5204 = ORIENTED_EDGE ( 'NONE', *, *, #998, .F. ) ;
#5205 = CARTESIAN_POINT ( 'NONE',  ( 4.669999999999994600, 1.399999999999998801, 0.3500000000000037526 ) ) ;
#5206 = ORIENTED_EDGE ( 'NONE', *, *, #8318, .T. ) ;
#5207 = CARTESIAN_POINT ( 'NONE',  ( 1.089999999999999858, 0.000000000000000000, 0.000000000000000000 ) ) ;
#5208 = SURFACE_STYLE_USAGE ( .BOTH. , #1849 ) ;
#5209 = DIRECTION ( 'NONE',  ( 5.482685550564567009E-16, 0.7071067811865363595, 0.7071067811865586750 ) ) ;
#5210 = EDGE_CURVE ( 'NONE', #8360, #9459, #8755, .T. ) ;
#5211 =( NAMED_UNIT ( * ) PLANE_ANGLE_UNIT ( ) SI_UNIT ( $, .RADIAN. ) );
#5212 = DIRECTION ( 'NONE',  ( 0.000000000000000000, 0.000000000000000000, -1.000000000000000000 ) ) ;
#5213 = EDGE_LOOP ( 'NONE', ( #3177, #3072, #7622, #5644 ) ) ;
#5214 = VECTOR ( 'NONE', #1006, 1000.000000000000000 ) ;
#5215 = CARTESIAN_POINT ( 'NONE',  ( -4.000000000000001776, 0.2999999999999999889, -0.9500000000000009548 ) ) ;
#5216 = ORIENTED_EDGE ( 'NONE', *, *, #873, .F. ) ;
#5217 = SURFACE_STYLE_FILL_AREA ( #9368 ) ;
#5218 = SURFACE_STYLE_USAGE ( .BOTH. , #9475 ) ;
#5219 =( NAMED_UNIT ( * ) PLANE_ANGLE_UNIT ( ) SI_UNIT ( $, .RADIAN. ) );
#5220 = ORIENTED_EDGE ( 'NONE', *, *, #1205, .T. ) ;
#5221 = LINE ( 'NONE', #2676, #1576 ) ;
#5222 = ORIENTED_EDGE ( 'NONE', *, *, #8577, .T. ) ;
#5223 = VECTOR ( 'NONE', #6821, 1000.000000000000000 ) ;
#5224 = DIRECTION ( 'NONE',  ( 0.000000000000000000, 0.000000000000000000, -1.000000000000000000 ) ) ;
#5225 = CARTESIAN_POINT ( 'NONE',  ( 1.725000000000004530, 3.249999999999996891, -1.850000000000000533 ) ) ;
#5226 = MECHANICAL_DESIGN_GEOMETRIC_PRESENTATION_REPRESENTATION (  '', ( #4307 ), #1359 ) ;
#5227 = FILL_AREA_STYLE ('',( #4486 ) ) ;
#5228 = ORIENTED_EDGE ( 'NONE', *, *, #4026, .T. ) ;
#5229 = ADVANCED_FACE ( 'NONE', ( #6190 ), #10442, .T. ) ;
#5230 = CARTESIAN_POINT ( 'NONE',  ( -2.024999999999999911, 2.399999999999994582, 0.5499999999999801714 ) ) ;
#5231 = MECHANICAL_DESIGN_GEOMETRIC_PRESENTATION_REPRESENTATION (  '', ( #10169 ), #1354 ) ;
#5232 =( NAMED_UNIT ( * ) PLANE_ANGLE_UNIT ( ) SI_UNIT ( $, .RADIAN. ) );
#5233 = LINE ( 'NONE', #247, #1785 ) ;
#5234 = CARTESIAN_POINT ( 'NONE',  ( 0.1599999999999999756, 4.000000000000000000, -0.9250000000000404565 ) ) ;
#5235 = DIRECTION ( 'NONE',  ( 0.000000000000000000, -1.000000000000000000, 4.858652729125647824E-17 ) ) ;
#5236 = ORIENTED_EDGE ( 'NONE', *, *, #9436, .F. ) ;
#5237 = EDGE_LOOP ( 'NONE', ( #2514, #9963, #5912, #1672 ) ) ;
#5238 = DIRECTION ( 'NONE',  ( 0.000000000000000000, 0.000000000000000000, -1.000000000000000000 ) ) ;
#5239 = VECTOR ( 'NONE', #6132, 1000.000000000000000 ) ;
#5240 = DIRECTION ( 'NONE',  ( -1.000000000000000000, -0.000000000000000000, -0.000000000000000000 ) ) ;
#5241 = COLOUR_RGB ( '',1.000000000000000000, 1.000000000000000000, 1.000000000000000000 ) ;
#5242 = ORIENTED_EDGE ( 'NONE', *, *, #2344, .F. ) ;
#5243 = ORIENTED_EDGE ( 'NONE', *, *, #1831, .F. ) ;
#5244 = PRESENTATION_STYLE_ASSIGNMENT (( #1887 ) ) ;
#5245 =( GEOMETRIC_REPRESENTATION_CONTEXT ( 3 ) GLOBAL_UNCERTAINTY_ASSIGNED_CONTEXT ( ( #4876 ) ) GLOBAL_UNIT_ASSIGNED_CONTEXT ( ( #10243, #7664, #6152 ) ) REPRESENTATION_CONTEXT ( 'NONE', 'WORKASPACE' ) );
#5246 = VECTOR ( 'NONE', #9841, 1000.000000000000000 ) ;
#5247 =( NAMED_UNIT ( * ) SI_UNIT ( $, .STERADIAN. ) SOLID_ANGLE_UNIT ( ) );
#5248 = VERTEX_POINT ( 'NONE', #3923 ) ;
#5249 = AXIS2_PLACEMENT_3D ( 'NONE', #5798, #4207, #4856 ) ;
#5250 =( GEOMETRIC_REPRESENTATION_CONTEXT ( 3 ) GLOBAL_UNCERTAINTY_ASSIGNED_CONTEXT ( ( #7889 ) ) GLOBAL_UNIT_ASSIGNED_CONTEXT ( ( #6016, #6846, #10604 ) ) REPRESENTATION_CONTEXT ( 'NONE', 'WORKASPACE' ) );
#5252 = DIRECTION ( 'NONE',  ( 0.000000000000000000, 0.9848077530122087975, -0.1736481776669264454 ) ) ;
#5251 = DIRECTION ( 'NONE',  ( 0.000000000000000000, -0.7071067811865454633, 0.7071067811865495711 ) ) ;
#5253 = LINE ( 'NONE', #9288, #6791 ) ;
#5254 = AXIS2_PLACEMENT_3D ( 'NONE', #911, #7654, #6858 ) ;
#5255 = VECTOR ( 'NONE', #7174, 1000.000000000000000 ) ;
#5256 = FILL_AREA_STYLE_COLOUR ( '', #4319 ) ;
#5257 = MECHANICAL_DESIGN_GEOMETRIC_PRESENTATION_REPRESENTATION (  '', ( #2608 ), #10712 ) ;
#5258 = SURFACE_STYLE_USAGE ( .BOTH. , #1008 ) ;
#5259 = ORIENTED_EDGE ( 'NONE', *, *, #8737, .F. ) ;
#5260 = STYLED_ITEM ( 'NONE', ( #4905 ), #3079 ) ;
#5261 = COLOUR_RGB ( '',1.000000000000000000, 0.8117647058823529438, 0.5019607843137254832 ) ;
#5262 = DIRECTION ( 'NONE',  ( 0.000000000000000000, -1.000000000000000000, 0.000000000000000000 ) ) ;
#5263 = EDGE_CURVE ( 'NONE', #8768, #4049, #10862, .T. ) ;
#5264 = ORIENTED_EDGE ( 'NONE', *, *, #4339, .T. ) ;
#5265 = CARTESIAN_POINT ( 'NONE',  ( -2.660000000000000142, 0.4500000000000000111, 1.850000000000004530 ) ) ;
#5266 = LINE ( 'NONE', #8652, #580 ) ;
#5267 = EDGE_CURVE ( 'NONE', #5960, #1478, #6562, .T. ) ;
#5269 = CARTESIAN_POINT ( 'NONE',  ( 4.669999999999994600, 0.4499999999999999001, 0.3500000000000037526 ) ) ;
#5268 = STYLED_ITEM ( 'NONE', ( #7774 ), #7379 ) ;
#5270 = VECTOR ( 'NONE', #6263, 1000.000000000000000 ) ;
#5271 = MECHANICAL_DESIGN_GEOMETRIC_PRESENTATION_REPRESENTATION (  '', ( #5958 ), #6497 ) ;
#5272 =( LENGTH_UNIT ( ) NAMED_UNIT ( * ) SI_UNIT ( .MILLI., .METRE. ) );
#5273 = VECTOR ( 'NONE', #8828, 1000.000000000000000 ) ;
#5274 = VECTOR ( 'NONE', #2843, 1000.000000000000000 ) ;
#5275 = DIRECTION ( 'NONE',  ( 0.000000000000000000, 0.000000000000000000, 1.000000000000000000 ) ) ;
#5276 = DIRECTION ( 'NONE',  ( 1.000000000000000000, -0.000000000000000000, 0.000000000000000000 ) ) ;
#5277 = DIRECTION ( 'NONE',  ( 0.000000000000000000, 0.000000000000000000, -1.000000000000000000 ) ) ;
#5278 = SURFACE_SIDE_STYLE ('',( #3277 ) ) ;
#5279 = VECTOR ( 'NONE', #3629, 1000.000000000000000 ) ;
#5280 = ORIENTED_EDGE ( 'NONE', *, *, #9942, .F. ) ;
#5281 = COLOUR_RGB ( '',0.7921568627450980005, 0.8196078431372548767, 0.9333333333333333481 ) ;
#5282 = DIRECTION ( 'NONE',  ( 0.000000000000000000, 0.000000000000000000, 1.000000000000000000 ) ) ;
#5283 = ORIENTED_EDGE ( 'NONE', *, *, #6586, .T. ) ;
#5284 = FACE_OUTER_BOUND ( 'NONE', #10797, .T. ) ;
#5285 = EDGE_CURVE ( 'NONE', #6167, #10249, #8449, .T. ) ;
#5286 = VECTOR ( 'NONE', #1392, 1000.000000000000000 ) ;
#5287 = PRESENTATION_STYLE_ASSIGNMENT (( #5218 ) ) ;
#5288 = LINE ( 'NONE', #8603, #6837 ) ;
#5289 = VERTEX_POINT ( 'NONE', #9097 ) ;
#5290 = DIRECTION ( 'NONE',  ( 0.000000000000000000, -0.9848077530122087975, -0.1736481776669268895 ) ) ;
#5291 = ORIENTED_EDGE ( 'NONE', *, *, #7007, .F. ) ;
#5292 = VECTOR ( 'NONE', #10850, 1000.000000000000000 ) ;
#5293 = SURFACE_STYLE_FILL_AREA ( #2678 ) ;
#5294 =( NAMED_UNIT ( * ) SI_UNIT ( $, .STERADIAN. ) SOLID_ANGLE_UNIT ( ) );
#5295 = VERTEX_POINT ( 'NONE', #3181 ) ;
#5296 =( GEOMETRIC_REPRESENTATION_CONTEXT ( 3 ) GLOBAL_UNCERTAINTY_ASSIGNED_CONTEXT ( ( #5542 ) ) GLOBAL_UNIT_ASSIGNED_CONTEXT ( ( #2938, #7270, #7215 ) ) REPRESENTATION_CONTEXT ( 'NONE', 'WORKASPACE' ) );
#5297 = FILL_AREA_STYLE ('',( #7853 ) ) ;
#5298 = CARTESIAN_POINT ( 'NONE',  ( 4.000000000000001776, -0.9059928172283340242, 0.6500000000000025757 ) ) ;
#5299 = CARTESIAN_POINT ( 'NONE',  ( 2.660000000000000142, 1.083335593717822357E-31, 2.250000000000004441 ) ) ;
#5300 = CARTESIAN_POINT ( 'NONE',  ( -1.409999999999999920, 3.548929149633788249, -0.9250000000000404565 ) ) ;
#5301 = FILL_AREA_STYLE_COLOUR ( '', #10358 ) ;
#5302 =( LENGTH_UNIT ( ) NAMED_UNIT ( * ) SI_UNIT ( .MILLI., .METRE. ) );
#5303 = ORIENTED_EDGE ( 'NONE', *, *, #2726, .F. ) ;
#5304 = CARTESIAN_POINT ( 'NONE',  ( 4.669999999999994600, 0.4499999999999999001, 0.3500000000000037526 ) ) ;
#5305 = VERTEX_POINT ( 'NONE', #4086 ) ;
#5306 = CARTESIAN_POINT ( 'NONE',  ( -1.090000000000000080, 0.2999999999999999334, 1.449999999999997735 ) ) ;
#5307 = ADVANCED_FACE ( 'NONE', ( #9156 ), #7510, .F. ) ;
#5308 = PRESENTATION_LAYER_ASSIGNMENT (  '', '', ( #8666 ) ) ;
#5309 = DIRECTION ( 'NONE',  ( 0.000000000000000000, -0.7071067811865482389, 0.7071067811865469066 ) ) ;
#5310 = PLANE ( 'NONE',  #6862 ) ;
#5311 = EDGE_LOOP ( 'NONE', ( #10649, #1318, #2765, #10438 ) ) ;
#5312 = CARTESIAN_POINT ( 'NONE',  ( 4.669999999999994600, 0.2500000000000001110, -1.849999999999996314 ) ) ;
#5313 = ORIENTED_EDGE ( 'NONE', *, *, #3015, .T. ) ;
#5314 = CARTESIAN_POINT ( 'NONE',  ( -4.219999999999995310, 0.4500000000000008993, -1.849999999999996314 ) ) ;
#5315 = COLOUR_RGB ( '',1.000000000000000000, 1.000000000000000000, 1.000000000000000000 ) ;
#5316 = DIRECTION ( 'NONE',  ( 0.000000000000000000, 1.355252715606857370E-16, -1.000000000000000000 ) ) ;
#5317 = CARTESIAN_POINT ( 'NONE',  ( -1.409999999999999920, 0.2787990747163040517, -1.581148123764847258 ) ) ;
#5318 = ORIENTED_EDGE ( 'NONE', *, *, #2800, .T. ) ;
#5319 = UNCERTAINTY_MEASURE_WITH_UNIT (LENGTH_MEASURE( 1.000000000000000082E-05 ), #3966, 'distance_accuracy_value', 'NONE');
#5321 = SURFACE_STYLE_FILL_AREA ( #1959 ) ;
#5320 = DIRECTION ( 'NONE',  ( -0.000000000000000000, 0.000000000000000000, -1.000000000000000000 ) ) ;
#5322 = EDGE_CURVE ( 'NONE', #1471, #7802, #2582, .T. ) ;
#5323 = SURFACE_SIDE_STYLE ('',( #1961 ) ) ;
#5324 = ORIENTED_EDGE ( 'NONE', *, *, #6333, .T. ) ;
#5325 =( NAMED_UNIT ( * ) PLANE_ANGLE_UNIT ( ) SI_UNIT ( $, .RADIAN. ) );
#5326 = VERTEX_POINT ( 'NONE', #1648 ) ;
#5327 = LINE ( 'NONE', #8651, #10345 ) ;
#5328 = CARTESIAN_POINT ( 'NONE',  ( 4.469999999999994422, 1.199999999999998845, -1.749999999999994005 ) ) ;
#5329 =( NAMED_UNIT ( * ) SI_UNIT ( $, .STERADIAN. ) SOLID_ANGLE_UNIT ( ) );
#5330 = PRESENTATION_LAYER_ASSIGNMENT (  '', '', ( #4215 ) ) ;
#5331 = PLANE ( 'NONE',  #2289 ) ;
#5332 =( LENGTH_UNIT ( ) NAMED_UNIT ( * ) SI_UNIT ( .MILLI., .METRE. ) );
#5333 = EDGE_CURVE ( 'NONE', #4231, #2225, #6723, .T. ) ;
#5334 =( BOUNDED_CURVE ( )  B_SPLINE_CURVE ( 3, ( #1832, #2538, #32, #1780 ),
 .UNSPECIFIED., .F., .F. ) 
 B_SPLINE_CURVE_WITH_KNOTS ( ( 4, 4 ),
 ( 3.141592653589793116, 3.989654732571274565 ),
 .UNSPECIFIED. ) 
 CURVE ( )  GEOMETRIC_REPRESENTATION_ITEM ( )  RATIONAL_B_SPLINE_CURVE ( ( 1.000000000000000000, 0.9409585518440982677, 0.9409585518440982677, 1.000000000000000000 ) ) 
 REPRESENTATION_ITEM ( '' )  );
#5335 = DIRECTION ( 'NONE',  ( 0.000000000000000000, 4.814824860968090180E-32, 1.000000000000000000 ) ) ;
#5336 = EDGE_CURVE ( 'NONE', #7614, #8680, #9208, .T. ) ;
#5337 = UNCERTAINTY_MEASURE_WITH_UNIT (LENGTH_MEASURE( 1.000000000000000082E-05 ), #6787, 'distance_accuracy_value', 'NONE');
#5338 = ADVANCED_FACE ( 'NONE', ( #2415 ), #10094, .F. ) ;
#5340 = PLANE ( 'NONE',  #2951 ) ;
#5339 = AXIS2_PLACEMENT_3D ( 'NONE', #8137, #9725, #10650 ) ;
#5341 = EDGE_LOOP ( 'NONE', ( #388, #4243, #4299, #7883, #9545, #1182 ) ) ;
#5342 = PRESENTATION_STYLE_ASSIGNMENT (( #6212 ) ) ;
#5343 = ORIENTED_EDGE ( 'NONE', *, *, #8706, .T. ) ;
#5344 = PLANE ( 'NONE',  #5356 ) ;
#5345 = CARTESIAN_POINT ( 'NONE',  ( -1.090000000000000080, 1.350000000000001865, 1.350000000000004086 ) ) ;
#5346 = SURFACE_SIDE_STYLE ('',( #6814 ) ) ;
#5347 = PLANE ( 'NONE',  #7041 ) ;
#5348 = ORIENTED_EDGE ( 'NONE', *, *, #7498, .F. ) ;
#5349 = DIRECTION ( 'NONE',  ( -1.000000000000000000, -2.804752346195004299E-31, 0.000000000000000000 ) ) ;
#5350 = VERTEX_POINT ( 'NONE', #6770 ) ;
#5351 = PLANE ( 'NONE',  #6957 ) ;
#5352 = SURFACE_SIDE_STYLE ('',( #1988 ) ) ;
#5353 = ADVANCED_FACE ( 'NONE', ( #10147 ), #5937, .T. ) ;
#5354 = CARTESIAN_POINT ( 'NONE',  ( -1.409999999999999920, 3.548929149633788693, -0.4454640388693684727 ) ) ;
#5355 = ORIENTED_EDGE ( 'NONE', *, *, #6150, .T. ) ;
#5356 = AXIS2_PLACEMENT_3D ( 'NONE', #8162, #6381, #10460 ) ;
#5357 =( BOUNDED_CURVE ( )  B_SPLINE_CURVE ( 3, ( #6456, #9830, #614, #7574 ),
 .UNSPECIFIED., .F., .F. ) 
 B_SPLINE_CURVE_WITH_KNOTS ( ( 4, 4 ),
 ( 3.141592653589793116, 4.974188368183840581 ),
 .UNSPECIFIED. ) 
 CURVE ( )  GEOMETRIC_REPRESENTATION_ITEM ( )  RATIONAL_B_SPLINE_CURVE ( ( 1.000000000000000000, 0.7391742860058132525, 0.7391742860058132525, 1.000000000000000000 ) ) 
 REPRESENTATION_ITEM ( '' )  );
#5358 =( NAMED_UNIT ( * ) SI_UNIT ( $, .STERADIAN. ) SOLID_ANGLE_UNIT ( ) );
#5359 = SURFACE_STYLE_FILL_AREA ( #7807 ) ;
#5360 = ORIENTED_EDGE ( 'NONE', *, *, #5128, .T. ) ;
#5361 = CARTESIAN_POINT ( 'NONE',  ( -4.669999999999994600, 0.4500000000000010103, 0.3500000000000037526 ) ) ;
#5362 = ORIENTED_EDGE ( 'NONE', *, *, #1054, .T. ) ;
#5363 = CARTESIAN_POINT ( 'NONE',  ( -1.090000000000000080, 8.425943506694179847E-32, 1.750000000000004663 ) ) ;
#5364 = DIRECTION ( 'NONE',  ( 0.000000000000000000, -1.000000000000000000, 0.000000000000000000 ) ) ;
#5365 = VECTOR ( 'NONE', #10617, 1000.000000000000000 ) ;
#5366 = EDGE_LOOP ( 'NONE', ( #7954, #6844, #3005, #5818 ) ) ;
#5367 = SURFACE_STYLE_FILL_AREA ( #2864 ) ;
#5368 = VERTEX_POINT ( 'NONE', #5225 ) ;
#5369 = LINE ( 'NONE', #7016, #1706 ) ;
#5370 = EDGE_LOOP ( 'NONE', ( #10194, #8429, #8343, #1116 ) ) ;
#5371 = STYLED_ITEM ( 'NONE', ( #8902 ), #3824 ) ;
#5372 = FILL_AREA_STYLE ('',( #477 ) ) ;
#5373 = LINE ( 'NONE', #3029, #5279 ) ;
#5374 = ORIENTED_EDGE ( 'NONE', *, *, #5786, .F. ) ;
#5375 = VECTOR ( 'NONE', #203, 1000.000000000000000 ) ;
#5376 = CARTESIAN_POINT ( 'NONE',  ( 4.219999999999994422, 1.199999999999999067, 0.3500000000000037526 ) ) ;
#5377 = AXIS2_PLACEMENT_3D ( 'NONE', #7819, #1172, #262 ) ;
#5378 = EDGE_CURVE ( 'NONE', #1111, #481, #9484, .T. ) ;
#5379 = ORIENTED_EDGE ( 'NONE', *, *, #254, .T. ) ;
#5380 = LINE ( 'NONE', #6916, #5598 ) ;
#5381 = FILL_AREA_STYLE_COLOUR ( '', #9898 ) ;
#5382 = PRESENTATION_STYLE_ASSIGNMENT (( #278 ) ) ;
#5383 = DIRECTION ( 'NONE',  ( -0.7071067811865479058, -3.721585962823725940E-17, -0.7071067811865471286 ) ) ;
#5384 = SURFACE_STYLE_FILL_AREA ( #5443 ) ;
#5385 =( NAMED_UNIT ( * ) PLANE_ANGLE_UNIT ( ) SI_UNIT ( $, .RADIAN. ) );
#5386 = ORIENTED_EDGE ( 'NONE', *, *, #2419, .F. ) ;
#5387 = ORIENTED_EDGE ( 'NONE', *, *, #1079, .F. ) ;
#5388 = DIRECTION ( 'NONE',  ( -1.885568995626964287E-16, -1.000000000000000000, 0.000000000000000000 ) ) ;
#5389 = VECTOR ( 'NONE', #649, 1000.000000000000000 ) ;
#5390 = EDGE_CURVE ( 'NONE', #3366, #640, #6041, .T. ) ;
#5391 = DIRECTION ( 'NONE',  ( 0.000000000000000000, 4.814824860968090180E-32, 1.000000000000000000 ) ) ;
#5392 = ORIENTED_EDGE ( 'NONE', *, *, #3940, .T. ) ;
#5393 = VECTOR ( 'NONE', #5510, 1000.000000000000000 ) ;
#5394 = CARTESIAN_POINT ( 'NONE',  ( -1.090000000000000080, 2.865743636076471645, -0.3250000000000474731 ) ) ;
#5395 =( NAMED_UNIT ( * ) PLANE_ANGLE_UNIT ( ) SI_UNIT ( $, .RADIAN. ) );
#5396 = DIRECTION ( 'NONE',  ( -1.000000000000000000, 0.000000000000000000, -0.000000000000000000 ) ) ;
#5397 = STYLED_ITEM ( 'NONE', ( #6243 ), #5198 ) ;
#5398 = FILL_AREA_STYLE_COLOUR ( '', #5459 ) ;
#5399 = ORIENTED_EDGE ( 'NONE', *, *, #10386, .T. ) ;
#5400 = PRESENTATION_LAYER_ASSIGNMENT (  '', '', ( #9812 ) ) ;
#5401 = LINE ( 'NONE', #5506, #6915 ) ;
#5402 = DIRECTION ( 'NONE',  ( -1.000000000000000000, 1.084202172485504828E-15, 1.275531967629996124E-16 ) ) ;
#5403 = EDGE_CURVE ( 'NONE', #572, #1995, #7735, .T. ) ;
#5404 = FILL_AREA_STYLE_COLOUR ( '', #3604 ) ;
#5405 = PRESENTATION_STYLE_ASSIGNMENT (( #9597 ) ) ;
#5406 = ORIENTED_EDGE ( 'NONE', *, *, #9313, .T. ) ;
#5407 = PRESENTATION_LAYER_ASSIGNMENT (  '', '', ( #3609 ) ) ;
#5408 = EDGE_CURVE ( 'NONE', #9459, #6609, #191, .T. ) ;
#5409 = ORIENTED_EDGE ( 'NONE', *, *, #1490, .F. ) ;
#5410 = VECTOR ( 'NONE', #7805, 1000.000000000000000 ) ;
#5411 = ADVANCED_FACE ( 'NONE', ( #4484 ), #4253, .F. ) ;
#5412 = LINE ( 'NONE', #10428, #7863 ) ;
#5413 =( LENGTH_UNIT ( ) NAMED_UNIT ( * ) SI_UNIT ( .MILLI., .METRE. ) );
#5414 = AXIS2_PLACEMENT_3D ( 'NONE', #8491, #3422, #5212 ) ;
#5415 = ORIENTED_EDGE ( 'NONE', *, *, #2777, .T. ) ;
#5416 = COLOUR_RGB ( '',1.000000000000000000, 1.000000000000000000, 1.000000000000000000 ) ;
#5417 = LINE ( 'NONE', #7130, #5125 ) ;
#5418 = ORIENTED_EDGE ( 'NONE', *, *, #10348, .T. ) ;
#5419 = DIRECTION ( 'NONE',  ( -1.000000000000000000, 0.000000000000000000, 0.000000000000000000 ) ) ;
#5420 = DIRECTION ( 'NONE',  ( 0.000000000000000000, 0.000000000000000000, -1.000000000000000000 ) ) ;
#5421 = LINE ( 'NONE', #5317, #3095 ) ;
#5422 = ORIENTED_EDGE ( 'NONE', *, *, #4335, .F. ) ;
#5423 =( GEOMETRIC_REPRESENTATION_CONTEXT ( 3 ) GLOBAL_UNCERTAINTY_ASSIGNED_CONTEXT ( ( #6746 ) ) GLOBAL_UNIT_ASSIGNED_CONTEXT ( ( #8029, #325, #2060 ) ) REPRESENTATION_CONTEXT ( 'NONE', 'WORKASPACE' ) );
#5424 = UNCERTAINTY_MEASURE_WITH_UNIT (LENGTH_MEASURE( 1.000000000000000082E-05 ), #3740, 'distance_accuracy_value', 'NONE');
#5425 = SURFACE_STYLE_FILL_AREA ( #6241 ) ;
#5426 = VECTOR ( 'NONE', #8690, 1000.000000000000000 ) ;
#5427 = CARTESIAN_POINT ( 'NONE',  ( -2.339999999999999858, 0.4500000000000000111, 1.850000000000004530 ) ) ;
#5428 = DIRECTION ( 'NONE',  ( 0.000000000000000000, 0.1736481776669268617, -0.9848077530122086864 ) ) ;
#5429 = CARTESIAN_POINT ( 'NONE',  ( 4.669999999999994600, 0.4499999999999999001, -1.849999999999996314 ) ) ;
#5430 = EDGE_LOOP ( 'NONE', ( #6504, #41, #7335, #9109 ) ) ;
#5431 = PRESENTATION_LAYER_ASSIGNMENT (  '', '', ( #5940 ) ) ;
#5432 = FILL_AREA_STYLE ('',( #7946 ) ) ;
#5433 = VERTEX_POINT ( 'NONE', #292 ) ;
#5434 = PRESENTATION_STYLE_ASSIGNMENT (( #3034 ) ) ;
#5435 = SURFACE_SIDE_STYLE ('',( #632 ) ) ;
#5436 = DIRECTION ( 'NONE',  ( 1.000000000000000000, 0.000000000000000000, -1.275531967629996124E-16 ) ) ;
#5437 = STYLED_ITEM ( 'NONE', ( #5073 ), #10467 ) ;
#5438 = VECTOR ( 'NONE', #1708, 1000.000000000000000 ) ;
#5439 = CARTESIAN_POINT ( 'NONE',  ( -4.219999999999995310, 1.200000000000000178, 0.3500000000000037526 ) ) ;
#5440 = AXIS2_PLACEMENT_3D ( 'NONE', #3121, #6663, #5686 ) ;
#5441 = FACE_OUTER_BOUND ( 'NONE', #3241, .T. ) ;
#5442 = AXIS2_PLACEMENT_3D ( 'NONE', #4037, #7458, #10803 ) ;
#5443 = FILL_AREA_STYLE ('',( #3038 ) ) ;
#5444 = ORIENTED_EDGE ( 'NONE', *, *, #6333, .F. ) ;
#5445 = DIRECTION ( 'NONE',  ( 0.000000000000000000, -0.000000000000000000, 1.000000000000000000 ) ) ;
#5446 = ORIENTED_EDGE ( 'NONE', *, *, #5066, .F. ) ;
#5447 = COLOUR_RGB ( '',1.000000000000000000, 1.000000000000000000, 1.000000000000000000 ) ;
#5449 = LINE ( 'NONE', #2137, #7837 ) ;
#5448 = VECTOR ( 'NONE', #2031, 1000.000000000000000 ) ;
#5450 = VECTOR ( 'NONE', #542, 1000.000000000000000 ) ;
#5451 =( NAMED_UNIT ( * ) PLANE_ANGLE_UNIT ( ) SI_UNIT ( $, .RADIAN. ) );
#5452 = CARTESIAN_POINT ( 'NONE',  ( 1.409999999999999698, 1.749999999999999778, -1.125000000000033973 ) ) ;
#5453 = EDGE_LOOP ( 'NONE', ( #4750, #1137, #8049, #7648 ) ) ;
#5454 = STYLED_ITEM ( 'NONE', ( #6645 ), #2480 ) ;
#5455 = CARTESIAN_POINT ( 'NONE',  ( 4.302801047769945875, 11.20280104776992403, 0.9499999999999982903 ) ) ;
#5456 = SURFACE_STYLE_USAGE ( .BOTH. , #3866 ) ;
#5457 = EDGE_CURVE ( 'NONE', #6347, #7352, #6882, .T. ) ;
#5458 = AXIS2_PLACEMENT_3D ( 'NONE', #2281, #9056, #5027 ) ;
#5459 = COLOUR_RGB ( '',0.7921568627450980005, 0.8196078431372548767, 0.9333333333333333481 ) ;
#5460 = DIRECTION ( 'NONE',  ( -0.000000000000000000, -0.000000000000000000, 1.000000000000000000 ) ) ;
#5461 = ORIENTED_EDGE ( 'NONE', *, *, #293, .T. ) ;
#5462 = DIRECTION ( 'NONE',  ( 0.7071067811865479058, 0.000000000000000000, 0.7071067811865471286 ) ) ;
#5463 =( NAMED_UNIT ( * ) PLANE_ANGLE_UNIT ( ) SI_UNIT ( $, .RADIAN. ) );
#5464 = CARTESIAN_POINT ( 'NONE',  ( -3.500000000000001776, 0.000000000000000000, -0.9500000000000009548 ) ) ;
#5465 = MECHANICAL_DESIGN_GEOMETRIC_PRESENTATION_REPRESENTATION (  '', ( #10389 ), #713 ) ;
#5466 = ORIENTED_EDGE ( 'NONE', *, *, #3990, .T. ) ;
#5467 =( NAMED_UNIT ( * ) SI_UNIT ( $, .STERADIAN. ) SOLID_ANGLE_UNIT ( ) );
#5468 = ORIENTED_EDGE ( 'NONE', *, *, #1490, .T. ) ;
#5469 = LINE ( 'NONE', #3773, #2376 ) ;
#5470 = ADVANCED_FACE ( 'NONE', ( #7909 ), #1868, .F. ) ;
#5471 = CARTESIAN_POINT ( 'NONE',  ( 4.000000000000005329, 0.3000000000000009326, 0.8000000000000004885 ) ) ;
#5472 = EDGE_CURVE ( 'NONE', #8682, #5996, #8006, .T. ) ;
#5473 = ORIENTED_EDGE ( 'NONE', *, *, #9183, .F. ) ;
#5474 = LINE ( 'NONE', #1446, #10616 ) ;
#5475 = CARTESIAN_POINT ( 'NONE',  ( 3.433306879537639098E-16, 2.600000000000000977, -1.550000000000010703 ) ) ;
#5476 =( NAMED_UNIT ( * ) PLANE_ANGLE_UNIT ( ) SI_UNIT ( $, .RADIAN. ) );
#5477 = CARTESIAN_POINT ( 'NONE',  ( 4.669999999999994600, 0.4499999999999999001, -1.749999999999994005 ) ) ;
#5478 =( GEOMETRIC_REPRESENTATION_CONTEXT ( 3 ) GLOBAL_UNCERTAINTY_ASSIGNED_CONTEXT ( ( #6422 ) ) GLOBAL_UNIT_ASSIGNED_CONTEXT ( ( #3301, #10007, #3944 ) ) REPRESENTATION_CONTEXT ( 'NONE', 'WORKASPACE' ) );
#5479 = ORIENTED_EDGE ( 'NONE', *, *, #4939, .T. ) ;
#5480 =( NAMED_UNIT ( * ) SI_UNIT ( $, .STERADIAN. ) SOLID_ANGLE_UNIT ( ) );
#5481 = ADVANCED_FACE ( 'NONE', ( #7280 ), #10521, .F. ) ;
#5482 = DIRECTION ( 'NONE',  ( 0.000000000000000000, 0.7071067811865481278, -0.7071067811865470176 ) ) ;
#5483 = ORIENTED_EDGE ( 'NONE', *, *, #10235, .F. ) ;
#5484 = ORIENTED_EDGE ( 'NONE', *, *, #7139, .F. ) ;
#5485 = FILL_AREA_STYLE ('',( #10560 ) ) ;
#5486 =( NAMED_UNIT ( * ) SI_UNIT ( $, .STERADIAN. ) SOLID_ANGLE_UNIT ( ) );
#5487 =( GEOMETRIC_REPRESENTATION_CONTEXT ( 3 ) GLOBAL_UNCERTAINTY_ASSIGNED_CONTEXT ( ( #4840 ) ) GLOBAL_UNIT_ASSIGNED_CONTEXT ( ( #6390, #10527, #5508 ) ) REPRESENTATION_CONTEXT ( 'NONE', 'WORKASPACE' ) );
#5488 = DIRECTION ( 'NONE',  ( -1.000000000000000000, -0.000000000000000000, -0.000000000000000000 ) ) ;
#5489 = CARTESIAN_POINT ( 'NONE',  ( -1.324999999999999512, 2.099999999999997424, -1.850000000000000533 ) ) ;
#5490 = DIRECTION ( 'NONE',  ( 1.000000000000000000, -0.000000000000000000, 0.000000000000000000 ) ) ;
#5491 = VERTEX_POINT ( 'NONE', #2902 ) ;
#5492 = DIRECTION ( 'NONE',  ( -0.000000000000000000, -1.000000000000000000, -0.000000000000000000 ) ) ;
#5493 = ORIENTED_EDGE ( 'NONE', *, *, #8880, .T. ) ;
#5494 = PRESENTATION_LAYER_ASSIGNMENT (  '', '', ( #9560 ) ) ;
#5495 = CARTESIAN_POINT ( 'NONE',  ( -3.400000000000024336, 4.400000000000002132, 0.9499999999999861888 ) ) ;
#5496 = CARTESIAN_POINT ( 'NONE',  ( 0.1599999999999999756, -1.125000000000002442, 1.125000000000004663 ) ) ;
#5497 = CARTESIAN_POINT ( 'NONE',  ( 3.500000000000000888, -1.029563014098700879, -1.850000000000000533 ) ) ;
#5498 = ORIENTED_EDGE ( 'NONE', *, *, #5052, .T. ) ;
#5499 = CARTESIAN_POINT ( 'NONE',  ( -5.199999999999999289, 2.599999999999999645, -1.550000000000000488 ) ) ;
#5500 = CARTESIAN_POINT ( 'NONE',  ( -2.560000000000000053, 4.000000000000000000, -0.9250000000000404565 ) ) ;
#5501 =( GEOMETRIC_REPRESENTATION_CONTEXT ( 3 ) GLOBAL_UNCERTAINTY_ASSIGNED_CONTEXT ( ( #9857 ) ) GLOBAL_UNIT_ASSIGNED_CONTEXT ( ( #10764, #4200, #3340 ) ) REPRESENTATION_CONTEXT ( 'NONE', 'WORKASPACE' ) );
#5502 =( NAMED_UNIT ( * ) PLANE_ANGLE_UNIT ( ) SI_UNIT ( $, .RADIAN. ) );
#5503 = CARTESIAN_POINT ( 'NONE',  ( -2.339999999999999858, 3.999999999999999112, -0.5250000000000403233 ) ) ;
#5504 = ORIENTED_EDGE ( 'NONE', *, *, #5165, .T. ) ;
#5505 = CARTESIAN_POINT ( 'NONE',  ( -1.724999999999999645, 3.249999999999996891, -1.850000000000000533 ) ) ;
#5506 = CARTESIAN_POINT ( 'NONE',  ( 3.700000000000019273, 1.749999999999999778, -0.6750000000000013767 ) ) ;
#5507 = CARTESIAN_POINT ( 'NONE',  ( 4.000000000000001776, 2.900000000000004796, 0.6500000000000025757 ) ) ;
#5508 =( NAMED_UNIT ( * ) SI_UNIT ( $, .STERADIAN. ) SOLID_ANGLE_UNIT ( ) );
#5509 = ADVANCED_FACE ( 'NONE', ( #1426 ), #823, .F. ) ;
#5510 = DIRECTION ( 'NONE',  ( -1.000000000000000000, 0.000000000000000000, 8.131516293641279557E-17 ) ) ;
#5511 = CARTESIAN_POINT ( 'NONE',  ( -4.669999999999994600, 0.4500000000000010103, 0.3500000000000037526 ) ) ;
#5512 = DIRECTION ( 'NONE',  ( 0.000000000000000000, 0.000000000000000000, -1.000000000000000000 ) ) ;
#5513 = ORIENTED_EDGE ( 'NONE', *, *, #4244, .T. ) ;
#5514 =( NAMED_UNIT ( * ) PLANE_ANGLE_UNIT ( ) SI_UNIT ( $, .RADIAN. ) );
#5515 = VERTEX_POINT ( 'NONE', #407 ) ;
#5516 = CARTESIAN_POINT ( 'NONE',  ( -2.660000000000000142, 1.749999999999999778, -0.3250000000000474176 ) ) ;
#5518 = LINE ( 'NONE', #8072, #4546 ) ;
#5517 = VECTOR ( 'NONE', #9697, 1000.000000000000000 ) ;
#5519 = DIRECTION ( 'NONE',  ( -1.000000000000000000, -0.000000000000000000, -0.000000000000000000 ) ) ;
#5520 = ORIENTED_EDGE ( 'NONE', *, *, #5403, .T. ) ;
#5521 = CARTESIAN_POINT ( 'NONE',  ( 0.1599999999999999756, 2.865743636076471645, -0.3250000000000474731 ) ) ;
#5522 =( LENGTH_UNIT ( ) NAMED_UNIT ( * ) SI_UNIT ( .MILLI., .METRE. ) );
#5523 = FACE_OUTER_BOUND ( 'NONE', #5619, .T. ) ;
#5524 = DIRECTION ( 'NONE',  ( -1.000000000000000000, 0.000000000000000000, 1.807003620809178576E-16 ) ) ;
#5525 = EDGE_CURVE ( 'NONE', #7667, #5350, #10579, .T. ) ;
#5526 = EDGE_LOOP ( 'NONE', ( #785, #6816, #2396, #10116, #3414, #4797, #10873 ) ) ;
#5527 = EDGE_CURVE ( 'NONE', #9724, #9557, #8831, .T. ) ;
#5528 = PLANE ( 'NONE',  #8019 ) ;
#5529 = COLOUR_RGB ( '',0.7921568627450980005, 0.8196078431372548767, 0.9333333333333333481 ) ;
#5530 = ADVANCED_FACE ( 'NONE', ( #8167 ), #1268, .F. ) ;
#5531 = PRESENTATION_STYLE_ASSIGNMENT (( #8698 ) ) ;
#5532 = SURFACE_STYLE_USAGE ( .BOTH. , #4523 ) ;
#5533 = ORIENTED_EDGE ( 'NONE', *, *, #6178, .F. ) ;
#5534 = FACE_OUTER_BOUND ( 'NONE', #10886, .T. ) ;
#5535 = VERTEX_POINT ( 'NONE', #1477 ) ;
#5536 = CARTESIAN_POINT ( 'NONE',  ( -4.000000000000001776, 21.00560209553989566, 0.9500000000000025091 ) ) ;
#5537 = CARTESIAN_POINT ( 'NONE',  ( -2.350000000000001865, -2.350000000000000089, -1.850000000000000533 ) ) ;
#5538 = MECHANICAL_DESIGN_GEOMETRIC_PRESENTATION_REPRESENTATION (  '', ( #5371 ), #3569 ) ;
#5539 = DIRECTION ( 'NONE',  ( -0.000000000000000000, -0.000000000000000000, 1.000000000000000000 ) ) ;
#5540 = EDGE_CURVE ( 'NONE', #9909, #2675, #4029, .T. ) ;
#5541 = UNCERTAINTY_MEASURE_WITH_UNIT (LENGTH_MEASURE( 1.000000000000000082E-05 ), #9848, 'distance_accuracy_value', 'NONE');
#5542 = UNCERTAINTY_MEASURE_WITH_UNIT (LENGTH_MEASURE( 1.000000000000000082E-05 ), #2938, 'distance_accuracy_value', 'NONE');
#5543 = CARTESIAN_POINT ( 'NONE',  ( 2.660000000000000142, -1.125000000000002442, 1.125000000000004663 ) ) ;
#5544 = UNCERTAINTY_MEASURE_WITH_UNIT (LENGTH_MEASURE( 1.000000000000000082E-05 ), #1664, 'distance_accuracy_value', 'NONE');
#5545 = CARTESIAN_POINT ( 'NONE',  ( -2.660000000000000142, 0.000000000000000000, 0.000000000000000000 ) ) ;
#5546 = VECTOR ( 'NONE', #10593, 1000.000000000000000 ) ;
#5547 = VECTOR ( 'NONE', #8745, 1000.000000000000000 ) ;
#5548 = PRESENTATION_STYLE_ASSIGNMENT (( #9746 ) ) ;
#5549 = LINE ( 'NONE', #6257, #5950 ) ;
#5550 = ORIENTED_EDGE ( 'NONE', *, *, #7373, .F. ) ;
#5551 =( NAMED_UNIT ( * ) SI_UNIT ( $, .STERADIAN. ) SOLID_ANGLE_UNIT ( ) );
#5552 = VERTEX_POINT ( 'NONE', #10083 ) ;
#5553 = CARTESIAN_POINT ( 'NONE',  ( -3.500000000000001776, 0.2999999999999999889, -1.850000000000000533 ) ) ;
#5554 = CARTESIAN_POINT ( 'NONE',  ( 4.669999999999994600, 0.4499999999999999001, -1.849999999999996758 ) ) ;
#5555 = PRESENTATION_STYLE_ASSIGNMENT (( #499 ) ) ;
#5556 = VERTEX_POINT ( 'NONE', #1636 ) ;
#5557 = PRESENTATION_LAYER_ASSIGNMENT (  '', '', ( #9075 ) ) ;
#5558 = STYLED_ITEM ( 'NONE', ( #5244 ), #10286 ) ;
#5559 =( NAMED_UNIT ( * ) SI_UNIT ( $, .STERADIAN. ) SOLID_ANGLE_UNIT ( ) );
#5560 = PRESENTATION_STYLE_ASSIGNMENT (( #3909 ) ) ;
#5561 = CARTESIAN_POINT ( 'NONE',  ( 4.000000000000000888, 2.100000000000002309, -1.550000000000002709 ) ) ;
#5562 = ORIENTED_EDGE ( 'NONE', *, *, #5177, .T. ) ;
#5563 = MECHANICAL_DESIGN_GEOMETRIC_PRESENTATION_REPRESENTATION (  '', ( #10842 ), #5030 ) ;
#5564 = CARTESIAN_POINT ( 'NONE',  ( -1.090000000000000080, 0.2787990747163040517, -1.581148123764847258 ) ) ;
#5565 = DIRECTION ( 'NONE',  ( 0.000000000000000000, 0.9848077530122087975, -0.1736481776669264454 ) ) ;
#5566 = CARTESIAN_POINT ( 'NONE',  ( 2.660000000000000142, 0.4499999999999999556, 2.250000000000004441 ) ) ;
#5567 = CARTESIAN_POINT ( 'NONE',  ( -3.050000000000019806, 1.749999999999999778, 1.549999999999989386 ) ) ;
#5568 = LINE ( 'NONE', #3768, #5255 ) ;
#5569 = DIRECTION ( 'NONE',  ( 1.000000000000000000, 0.000000000000000000, -0.000000000000000000 ) ) ;
#5570 = VERTEX_POINT ( 'NONE', #4184 ) ;
#5571 = CARTESIAN_POINT ( 'NONE',  ( 3.400000000000025224, 4.400000000000002132, 0.2249377794898757832 ) ) ;
#5572 = VERTEX_POINT ( 'NONE', #9872 ) ;
#5573 =( GEOMETRIC_REPRESENTATION_CONTEXT ( 3 ) GLOBAL_UNCERTAINTY_ASSIGNED_CONTEXT ( ( #905 ) ) GLOBAL_UNIT_ASSIGNED_CONTEXT ( ( #9884, #4581, #9825 ) ) REPRESENTATION_CONTEXT ( 'NONE', 'WORKASPACE' ) );
#5574 = LINE ( 'NONE', #9717, #10296 ) ;
#5575 = AXIS2_PLACEMENT_3D ( 'NONE', #817, #3175, #9038 ) ;
#5576 = EDGE_CURVE ( 'NONE', #10425, #452, #9970, .T. ) ;
#5577 =( NAMED_UNIT ( * ) SI_UNIT ( $, .STERADIAN. ) SOLID_ANGLE_UNIT ( ) );
#5578 = VERTEX_POINT ( 'NONE', #5870 ) ;
#5579 = PLANE ( 'NONE',  #9205 ) ;
#5580 =( GEOMETRIC_REPRESENTATION_CONTEXT ( 3 ) GLOBAL_UNCERTAINTY_ASSIGNED_CONTEXT ( ( #10385 ) ) GLOBAL_UNIT_ASSIGNED_CONTEXT ( ( #10357, #6165, #6332 ) ) REPRESENTATION_CONTEXT ( 'NONE', 'WORKASPACE' ) );
#5581 = FILL_AREA_STYLE ('',( #6181 ) ) ;
#5582 = EDGE_LOOP ( 'NONE', ( #9972, #8744, #7934, #2700, #410 ) ) ;
#5583 = CARTESIAN_POINT ( 'NONE',  ( 1.409999999999999698, 0.2999999999999999889, 1.850000000000004530 ) ) ;
#5584 = CARTESIAN_POINT ( 'NONE',  ( 3.508751660540249784, 4.508751660540226247, -0.6249377795396816593 ) ) ;
#5585 = VECTOR ( 'NONE', #10349, 1000.000000000000000 ) ;
#5586 = ORIENTED_EDGE ( 'NONE', *, *, #7312, .F. ) ;
#5587 = FILL_AREA_STYLE_COLOUR ( '', #3224 ) ;
#5588 = VECTOR ( 'NONE', #4239, 1000.000000000000000 ) ;
#5589 = EDGE_CURVE ( 'NONE', #206, #1125, #6548, .T. ) ;
#5590 = CARTESIAN_POINT ( 'NONE',  ( 3.500000000000000888, 0.000000000000000000, -1.850000000000000533 ) ) ;
#5591 = EDGE_CURVE ( 'NONE', #7968, #5155, #9197, .T. ) ;
#5592 = DIRECTION ( 'NONE',  ( 0.000000000000000000, 1.000000000000000000, 0.000000000000000000 ) ) ;
#5593 = ORIENTED_EDGE ( 'NONE', *, *, #254, .F. ) ;
#5594 = ORIENTED_EDGE ( 'NONE', *, *, #3487, .F. ) ;
#5595 =( NAMED_UNIT ( * ) PLANE_ANGLE_UNIT ( ) SI_UNIT ( $, .RADIAN. ) );
#5596 = MECHANICAL_DESIGN_GEOMETRIC_PRESENTATION_REPRESENTATION (  '', ( #3108 ), #6295 ) ;
#5597 = CARTESIAN_POINT ( 'NONE',  ( -5.000000000000006217, 1.650000000000000355, 0.3500000000000037526 ) ) ;
#5598 = VECTOR ( 'NONE', #3579, 1000.000000000000114 ) ;
#5599 = PRESENTATION_STYLE_ASSIGNMENT (( #7485 ) ) ;
#5600 = DIRECTION ( 'NONE',  ( 0.000000000000000000, 0.000000000000000000, -1.000000000000000000 ) ) ;
#5601 = DIRECTION ( 'NONE',  ( 1.000000000000000000, -0.000000000000000000, 0.000000000000000000 ) ) ;
#5602 = AXIS2_PLACEMENT_3D ( 'NONE', #3193, #6625, #788 ) ;
#5603 = EDGE_CURVE ( 'NONE', #5289, #7711, #2465, .T. ) ;
#5604 = LINE ( 'NONE', #8974, #1028 ) ;
#5605 = ORIENTED_EDGE ( 'NONE', *, *, #154, .F. ) ;
#5606 = EDGE_CURVE ( 'NONE', #1353, #4038, #4823, .T. ) ;
#5607 = VERTEX_POINT ( 'NONE', #714 ) ;
#5608 = CARTESIAN_POINT ( 'NONE',  ( 5.500000000000001776, 2.599999999999999201, 0.9499999999999968470 ) ) ;
#5609 = EDGE_CURVE ( 'NONE', #9909, #9412, #7497, .T. ) ;
#5610 = SURFACE_STYLE_FILL_AREA ( #549 ) ;
#5612 = CARTESIAN_POINT ( 'NONE',  ( 4.669999999999994600, 0.4499999999999999001, 0.3500000000000037526 ) ) ;
#5611 =( GEOMETRIC_REPRESENTATION_CONTEXT ( 3 ) GLOBAL_UNCERTAINTY_ASSIGNED_CONTEXT ( ( #9853 ) ) GLOBAL_UNIT_ASSIGNED_CONTEXT ( ( #8044, #8819, #4593 ) ) REPRESENTATION_CONTEXT ( 'NONE', 'WORKASPACE' ) );
#5613 = COLOUR_RGB ( '',1.000000000000000000, 0.8117647058823529438, 0.5019607843137254832 ) ;
#5614 = PRESENTATION_LAYER_ASSIGNMENT (  '', '', ( #6312 ) ) ;
#5615 = VECTOR ( 'NONE', #10436, 1000.000000000000000 ) ;
#5616 = FILL_AREA_STYLE_COLOUR ( '', #7689 ) ;
#5617 = FILL_AREA_STYLE_COLOUR ( '', #9125 ) ;
#5618 = STYLED_ITEM ( 'NONE', ( #10738 ), #10851 ) ;
#5619 = EDGE_LOOP ( 'NONE', ( #4675, #7899, #3895, #2909, #3287, #5387, #8621, #10085 ) ) ;
#5620 = PRESENTATION_LAYER_ASSIGNMENT (  '', '', ( #6309 ) ) ;
#5621 = EDGE_CURVE ( 'NONE', #3206, #5570, #2379, .T. ) ;
#5622 =( NAMED_UNIT ( * ) SI_UNIT ( $, .STERADIAN. ) SOLID_ANGLE_UNIT ( ) );
#5623 = STYLED_ITEM ( 'NONE', ( #6346 ), #1964 ) ;
#5624 = FILL_AREA_STYLE ('',( #5404 ) ) ;
#5625 = DIRECTION ( 'NONE',  ( 0.000000000000000000, 1.000000000000000000, 0.000000000000000000 ) ) ;
#5626 = FILL_AREA_STYLE ('',( #2253 ) ) ;
#5627 = ORIENTED_EDGE ( 'NONE', *, *, #7541, .T. ) ;
#5628 = ORIENTED_EDGE ( 'NONE', *, *, #9720, .F. ) ;
#5629 = COLOUR_RGB ( '',1.000000000000000000, 1.000000000000000000, 1.000000000000000000 ) ;
#5630 = DIRECTION ( 'NONE',  ( 0.5773502691896248429, 0.5773502691896350569, -0.5773502691896172934 ) ) ;
#5631 = VECTOR ( 'NONE', #4194, 1000.000000000000000 ) ;
#5632 = VECTOR ( 'NONE', #4826, 1000.000000000000000 ) ;
#5633 = ORIENTED_EDGE ( 'NONE', *, *, #3001, .T. ) ;
#5634 = FACE_OUTER_BOUND ( 'NONE', #9004, .T. ) ;
#5635 =( NAMED_UNIT ( * ) SI_UNIT ( $, .STERADIAN. ) SOLID_ANGLE_UNIT ( ) );
#5636 = LINE ( 'NONE', #574, #4847 ) ;
#5637 = LINE ( 'NONE', #5583, #6248 ) ;
#5638 = DIRECTION ( 'NONE',  ( 0.000000000000000000, 0.000000000000000000, 1.000000000000000000 ) ) ;
#5639 = ORIENTED_EDGE ( 'NONE', *, *, #35, .F. ) ;
#5641 = SURFACE_SIDE_STYLE ('',( #1337 ) ) ;
#5640 = AXIS2_PLACEMENT_3D ( 'NONE', #4749, #9836, #9575 ) ;
#5642 = EDGE_CURVE ( 'NONE', #2264, #1167, #650, .T. ) ;
#5643 = LINE ( 'NONE', #1074, #8091 ) ;
#5644 = ORIENTED_EDGE ( 'NONE', *, *, #7495, .T. ) ;
#5645 = DIRECTION ( 'NONE',  ( 0.000000000000000000, 0.000000000000000000, -1.000000000000000000 ) ) ;
#5646 = DIRECTION ( 'NONE',  ( 0.000000000000000000, 0.7071067811865391350, -0.7071067811865560104 ) ) ;
#5647 = CARTESIAN_POINT ( 'NONE',  ( -2.294894598427659466E-15, 2.600000000000000977, 0.6500000000000047962 ) ) ;
#5648 = ORIENTED_EDGE ( 'NONE', *, *, #1408, .F. ) ;
#5649 = FACE_OUTER_BOUND ( 'NONE', #5134, .T. ) ;
#5650 = VERTEX_POINT ( 'NONE', #8323 ) ;
#5651 = DIRECTION ( 'NONE',  ( -0.000000000000000000, -1.000000000000000000, 0.000000000000000000 ) ) ;
#5652 = DIRECTION ( 'NONE',  ( 0.000000000000000000, 0.000000000000000000, -1.000000000000000000 ) ) ;
#5653 = ADVANCED_FACE ( 'NONE', ( #9138 ), #760, .F. ) ;
#5654 = UNCERTAINTY_MEASURE_WITH_UNIT (LENGTH_MEASURE( 1.000000000000000082E-05 ), #10888, 'distance_accuracy_value', 'NONE');
#5655 = SURFACE_STYLE_FILL_AREA ( #7316 ) ;
#5656 = UNCERTAINTY_MEASURE_WITH_UNIT (LENGTH_MEASURE( 1.000000000000000082E-05 ), #245, 'distance_accuracy_value', 'NONE');
#5657 = FACE_OUTER_BOUND ( 'NONE', #5164, .T. ) ;
#5658 = VECTOR ( 'NONE', #7355, 1000.000000000000000 ) ;
#5659 = DIRECTION ( 'NONE',  ( 0.000000000000000000, 0.000000000000000000, -1.000000000000000000 ) ) ;
#5660 = SURFACE_SIDE_STYLE ('',( #2293 ) ) ;
#5661 = ORIENTED_EDGE ( 'NONE', *, *, #1525, .T. ) ;
#5662 = DIRECTION ( 'NONE',  ( 2.710505431213767790E-15, 0.000000000000000000, 1.000000000000000000 ) ) ;
#5663 = ORIENTED_EDGE ( 'NONE', *, *, #9378, .F. ) ;
#5664 = FACE_OUTER_BOUND ( 'NONE', #4376, .T. ) ;
#5665 = ADVANCED_FACE ( 'NONE', ( #9410 ), #2619, .T. ) ;
#5666 = LINE ( 'NONE', #2189, #5270 ) ;
#5667 = PLANE ( 'NONE',  #4558 ) ;
#5668 = EDGE_CURVE ( 'NONE', #2784, #5894, #10135, .T. ) ;
#5669 = CARTESIAN_POINT ( 'NONE',  ( 2.025000000000004352, -6.056577653194896257E-16, -1.850000000000000533 ) ) ;
#5670 = EDGE_CURVE ( 'NONE', #8087, #5572, #2567, .T. ) ;
#5671 =( LENGTH_UNIT ( ) NAMED_UNIT ( * ) SI_UNIT ( .MILLI., .METRE. ) );
#5672 = SURFACE_SIDE_STYLE ('',( #10846 ) ) ;
#5673 = EDGE_CURVE ( 'NONE', #7352, #7968, #8656, .T. ) ;
#5674 = DIRECTION ( 'NONE',  ( 0.6847910787717369496, 0.2492435693639496186, -0.6847910787717367276 ) ) ;
#5675 = AXIS2_PLACEMENT_3D ( 'NONE', #1668, #9227, #2387 ) ;
#5676 = ORIENTED_EDGE ( 'NONE', *, *, #658, .F. ) ;
#5677 = CARTESIAN_POINT ( 'NONE',  ( 1.409999999999999698, 4.000000000000000000, 0.000000000000000000 ) ) ;
#5678 = DIRECTION ( 'NONE',  ( 0.9659258262890679791, 0.000000000000000000, -0.2588190451025218497 ) ) ;
#5679 =( LENGTH_UNIT ( ) NAMED_UNIT ( * ) SI_UNIT ( .MILLI., .METRE. ) );
#5680 = DIRECTION ( 'NONE',  ( -0.000000000000000000, -0.000000000000000000, -1.000000000000000000 ) ) ;
#5681 = DIRECTION ( 'NONE',  ( 0.000000000000000000, -0.7071067811865482389, 0.7071067811865469066 ) ) ;
#5682 = DIRECTION ( 'NONE',  ( 0.000000000000000000, 1.000000000000000000, 0.000000000000000000 ) ) ;
#5683 =( NAMED_UNIT ( * ) PLANE_ANGLE_UNIT ( ) SI_UNIT ( $, .RADIAN. ) );
#5684 = ORIENTED_EDGE ( 'NONE', *, *, #4839, .T. ) ;
#5685 = EDGE_CURVE ( 'NONE', #8394, #6684, #227, .T. ) ;
#5686 = DIRECTION ( 'NONE',  ( 1.000000000000000000, 0.000000000000000000, 0.000000000000000000 ) ) ;
#5687 = PRESENTATION_LAYER_ASSIGNMENT (  '', '', ( #9384 ) ) ;
#5688 = ORIENTED_EDGE ( 'NONE', *, *, #3940, .F. ) ;
#5689 = PLANE ( 'NONE',  #10674 ) ;
#5690 = EDGE_CURVE ( 'NONE', #10044, #8379, #9301, .T. ) ;
#5691 = DIRECTION ( 'NONE',  ( 0.000000000000000000, -1.355252715606857123E-16, 1.000000000000000000 ) ) ;
#5692 = SURFACE_STYLE_FILL_AREA ( #3067 ) ;
#5693 = AXIS2_PLACEMENT_3D ( 'NONE', #889, #9324, #5126 ) ;
#5694 = ORIENTED_EDGE ( 'NONE', *, *, #174, .F. ) ;
#5695 = CARTESIAN_POINT ( 'NONE',  ( 0.1599999999999999756, 0.3000000000000002665, 4.065758146820575067E-17 ) ) ;
#5696 = CARTESIAN_POINT ( 'NONE',  ( -4.669999999999994600, 0.2500000000000012768, -1.849999999999996314 ) ) ;
#5697 = CARTESIAN_POINT ( 'NONE',  ( -5.500000000000000000, 2.599999999999999201, -1.850000000000000533 ) ) ;
#5698 =( NAMED_UNIT ( * ) SI_UNIT ( $, .STERADIAN. ) SOLID_ANGLE_UNIT ( ) );
#5699 = CARTESIAN_POINT ( 'NONE',  ( 5.000000000000006217, 1.649999999999999023, -1.749999999999994005 ) ) ;
#5700 = ORIENTED_EDGE ( 'NONE', *, *, #1634, .F. ) ;
#5701 = LINE ( 'NONE', #10104, #3672 ) ;
#5702 = VERTEX_POINT ( 'NONE', #9361 ) ;
#5703 = LINE ( 'NONE', #9055, #347 ) ;
#5704 = VERTEX_POINT ( 'NONE', #8711 ) ;
#5705 = FACE_OUTER_BOUND ( 'NONE', #1794, .T. ) ;
#5706 = ORIENTED_EDGE ( 'NONE', *, *, #5788, .F. ) ;
#5707 = AXIS2_PLACEMENT_3D ( 'NONE', #6553, #4955, #7501 ) ;
#5708 = CARTESIAN_POINT ( 'NONE',  ( 1.409999999999999698, 0.3000000000000002665, 4.065758146820575067E-17 ) ) ;
#5709 = CARTESIAN_POINT ( 'NONE',  ( 4.669999999999994600, 1.399999999999998801, 0.3500000000000037526 ) ) ;
#5710 =( LENGTH_UNIT ( ) NAMED_UNIT ( * ) SI_UNIT ( .MILLI., .METRE. ) );
#5711 = EDGE_CURVE ( 'NONE', #900, #7675, #2714, .T. ) ;
#5712 = ORIENTED_EDGE ( 'NONE', *, *, #449, .F. ) ;
#5713 = MECHANICAL_DESIGN_GEOMETRIC_PRESENTATION_REPRESENTATION (  '', ( #6065 ), #3560 ) ;
#5714 = DIRECTION ( 'NONE',  ( -1.000000000000000000, -0.000000000000000000, -0.000000000000000000 ) ) ;
#5715 = EDGE_LOOP ( 'NONE', ( #8909, #2027, #2456, #3617, #1703 ) ) ;
#5716 = PRESENTATION_STYLE_ASSIGNMENT (( #8423 ) ) ;
#5717 = LINE ( 'NONE', #2348, #3149 ) ;
#5718 = FILL_AREA_STYLE ('',( #3905 ) ) ;
#5719 = PRESENTATION_LAYER_ASSIGNMENT (  '', '', ( #6584 ) ) ;
#5720 = CARTESIAN_POINT ( 'NONE',  ( -3.449999999999995293, 3.450000000000004619, -1.850000000000000533 ) ) ;
#5721 = VERTEX_POINT ( 'NONE', #1022 ) ;
#5722 = CARTESIAN_POINT ( 'NONE',  ( -0.1599999999999999756, 0.4500000000000002331, 6.098637220230963674E-17 ) ) ;
#5723 = EDGE_CURVE ( 'NONE', #4495, #10883, #4124, .T. ) ;
#5724 =( LENGTH_UNIT ( ) NAMED_UNIT ( * ) SI_UNIT ( .MILLI., .METRE. ) );
#5726 = SURFACE_SIDE_STYLE ('',( #4724 ) ) ;
#5725 =( GEOMETRIC_REPRESENTATION_CONTEXT ( 3 ) GLOBAL_UNCERTAINTY_ASSIGNED_CONTEXT ( ( #5096 ) ) GLOBAL_UNIT_ASSIGNED_CONTEXT ( ( #8399, #3350, #2591 ) ) REPRESENTATION_CONTEXT ( 'NONE', 'WORKASPACE' ) );
#5727 = VECTOR ( 'NONE', #428, 1000.000000000000000 ) ;
#5728 = LINE ( 'NONE', #4957, #6974 ) ;
#5729 = DIRECTION ( 'NONE',  ( -0.000000000000000000, -0.000000000000000000, 1.000000000000000000 ) ) ;
#5730 = ORIENTED_EDGE ( 'NONE', *, *, #3319, .T. ) ;
#5731 = CARTESIAN_POINT ( 'NONE',  ( -5.499999999999997335, 0.4499999999999968470, -1.849999999999996314 ) ) ;
#5732 = ORIENTED_EDGE ( 'NONE', *, *, #8094, .F. ) ;
#5733 = PRESENTATION_STYLE_ASSIGNMENT (( #3228 ) ) ;
#5734 = VECTOR ( 'NONE', #1817, 1000.000000000000000 ) ;
#5735 = PRESENTATION_STYLE_ASSIGNMENT (( #2969 ) ) ;
#5736 = MECHANICAL_DESIGN_GEOMETRIC_PRESENTATION_REPRESENTATION (  '', ( #1511 ), #1515 ) ;
#5737 = EDGE_CURVE ( 'NONE', #640, #424, #4416, .T. ) ;
#5738 = CARTESIAN_POINT ( 'NONE',  ( 4.669999999999994600, 1.399999999999998801, -1.849999999999996314 ) ) ;
#5739 = EDGE_CURVE ( 'NONE', #365, #10816, #5110, .T. ) ;
#5740 = DIRECTION ( 'NONE',  ( -1.000000000000000000, 0.000000000000000000, 0.000000000000000000 ) ) ;
#5741 = CARTESIAN_POINT ( 'NONE',  ( -4.669999999999994600, 0.4500000000000010103, 0.3500000000000037526 ) ) ;
#5742 = ORIENTED_EDGE ( 'NONE', *, *, #1094, .T. ) ;
#5743 = VECTOR ( 'NONE', #1853, 1000.000000000000000 ) ;
#5744 = ADVANCED_FACE ( 'NONE', ( #7662 ), #4356, .T. ) ;
#5745 =( LENGTH_UNIT ( ) NAMED_UNIT ( * ) SI_UNIT ( .MILLI., .METRE. ) );
#5746 = VERTEX_POINT ( 'NONE', #6922 ) ;
#5747 = PRESENTATION_LAYER_ASSIGNMENT (  '', '', ( #2732 ) ) ;
#5748 = FILL_AREA_STYLE ('',( #9943 ) ) ;
#5749 = CARTESIAN_POINT ( 'NONE',  ( -2.024999999999999911, 3.249999999999996891, -1.850000000000000533 ) ) ;
#5750 = VECTOR ( 'NONE', #7880, 1000.000000000000000 ) ;
#5751 = DIRECTION ( 'NONE',  ( 0.000000000000000000, 0.000000000000000000, 1.000000000000000000 ) ) ;
#5752 = ORIENTED_EDGE ( 'NONE', *, *, #5195, .T. ) ;
#5753 = EDGE_CURVE ( 'NONE', #6609, #6319, #3436, .T. ) ;
#5754 = MECHANICAL_DESIGN_GEOMETRIC_PRESENTATION_REPRESENTATION (  '', ( #6983 ), #8061 ) ;
#5755 = EDGE_LOOP ( 'NONE', ( #9052, #6778, #6850, #1864 ) ) ;
#5756 = DIRECTION ( 'NONE',  ( 0.000000000000000000, 0.7071067811865469066, -0.7071067811865482389 ) ) ;
#5757 = CARTESIAN_POINT ( 'NONE',  ( -2.339999999999999858, 0.3000000000000002665, 4.065758146820575067E-17 ) ) ;
#5758 = DIRECTION ( 'NONE',  ( -0.2588190451025180194, 0.000000000000000000, 0.9659258262890690894 ) ) ;
#5759 = ORIENTED_EDGE ( 'NONE', *, *, #1497, .F. ) ;
#5760 = VECTOR ( 'NONE', #1818, 999.9999999999998863 ) ;
#5761 = UNCERTAINTY_MEASURE_WITH_UNIT (LENGTH_MEASURE( 1.000000000000000082E-05 ), #10414, 'distance_accuracy_value', 'NONE');
#5762 = PRESENTATION_STYLE_ASSIGNMENT (( #9954 ) ) ;
#5763 = AXIS2_PLACEMENT_3D ( 'NONE', #9396, #6061, #6238 ) ;
#5764 = DIRECTION ( 'NONE',  ( -1.000000000000000000, -0.000000000000000000, -0.000000000000000000 ) ) ;
#5765 = UNCERTAINTY_MEASURE_WITH_UNIT (LENGTH_MEASURE( 1.000000000000000082E-05 ), #1699, 'distance_accuracy_value', 'NONE');
#5766 = LINE ( 'NONE', #3098, #4133 ) ;
#5767 = VERTEX_POINT ( 'NONE', #6255 ) ;
#5768 = CARTESIAN_POINT ( 'NONE',  ( -0.1599999999999999756, 3.548929149633788249, -1.004535961130712751 ) ) ;
#5769 = VERTEX_POINT ( 'NONE', #9631 ) ;
#5770 = DIRECTION ( 'NONE',  ( 7.486635212538412380E-16, -0.9063077870366518241, -0.4226182617406955555 ) ) ;
#5771 = FILL_AREA_STYLE_COLOUR ( '', #2275 ) ;
#5772 = ADVANCED_FACE ( 'NONE', ( #5441 ), #10454, .F. ) ;
#5773 = UNCERTAINTY_MEASURE_WITH_UNIT (LENGTH_MEASURE( 1.000000000000000082E-05 ), #8753, 'distance_accuracy_value', 'NONE');
#5774 = VECTOR ( 'NONE', #7211, 1000.000000000000000 ) ;
#5775 = CARTESIAN_POINT ( 'NONE',  ( 3.400000000000024336, 4.400000000000002132, -0.7249377794898664851 ) ) ;
#5776 = VECTOR ( 'NONE', #160, 1000.000000000000000 ) ;
#5777 = VERTEX_POINT ( 'NONE', #5489 ) ;
#5778 = DIRECTION ( 'NONE',  ( 0.000000000000000000, -1.000000000000000000, 0.000000000000000000 ) ) ;
#5779 = VECTOR ( 'NONE', #5240, 1000.000000000000000 ) ;
#5780 = DIRECTION ( 'NONE',  ( 0.000000000000000000, 1.000000000000000000, 0.000000000000000000 ) ) ;
#5781 = DIRECTION ( 'NONE',  ( 0.000000000000000000, 0.000000000000000000, -1.000000000000000000 ) ) ;
#5782 = CARTESIAN_POINT ( 'NONE',  ( -1.409999999999999920, 3.548929149633788249, 0.000000000000000000 ) ) ;
#5783 = ORIENTED_EDGE ( 'NONE', *, *, #3096, .T. ) ;
#5784 = MECHANICAL_DESIGN_GEOMETRIC_PRESENTATION_REPRESENTATION (  '', ( #680 ), #5250 ) ;
#5785 = DIRECTION ( 'NONE',  ( -1.000000000000000000, 0.000000000000000000, 1.275531967629996124E-16 ) ) ;
#5786 = EDGE_CURVE ( 'NONE', #7489, #10137, #9745, .T. ) ;
#5787 = ORIENTED_EDGE ( 'NONE', *, *, #3349, .T. ) ;
#5788 = EDGE_CURVE ( 'NONE', #3275, #9048, #8917, .T. ) ;
#5790 = DIRECTION ( 'NONE',  ( 0.000000000000000000, 1.000000000000000000, 0.000000000000000000 ) ) ;
#5789 = AXIS2_PLACEMENT_3D ( 'NONE', #8820, #3795, #6376 ) ;
#5791 = CARTESIAN_POINT ( 'NONE',  ( 4.469999999999994422, 1.199999999999999067, 0.3500000000000037526 ) ) ;
#5792 = CARTESIAN_POINT ( 'NONE',  ( 4.000000000000003553, 21.00560209553989566, 1.849999999999999423 ) ) ;
#5793 = CARTESIAN_POINT ( 'NONE',  ( 5.500000000000001776, 21.00560209553989566, 0.9499999999999977351 ) ) ;
#5794 = DIRECTION ( 'NONE',  ( 1.000000000000000000, 0.000000000000000000, -3.097720492815684271E-16 ) ) ;
#5795 = MECHANICAL_DESIGN_GEOMETRIC_PRESENTATION_REPRESENTATION (  '', ( #366 ), #6666 ) ;
#5796 = STYLED_ITEM ( 'NONE', ( #2009 ), #6771 ) ;
#5797 = ORIENTED_EDGE ( 'NONE', *, *, #47, .T. ) ;
#5798 = CARTESIAN_POINT ( 'NONE',  ( 4.000000000000001776, 3.700000000000000178, 0.9499999999999855227 ) ) ;
#5799 = EDGE_CURVE ( 'NONE', #506, #2206, #2024, .T. ) ;
#5800 = ORIENTED_EDGE ( 'NONE', *, *, #9100, .F. ) ;
#5801 = VECTOR ( 'NONE', #3597, 1000.000000000000000 ) ;
#5802 = VECTOR ( 'NONE', #2666, 1000.000000000000000 ) ;
#5803 = ADVANCED_FACE ( 'NONE', ( #1256 ), #7894, .F. ) ;
#5804 =( NAMED_UNIT ( * ) PLANE_ANGLE_UNIT ( ) SI_UNIT ( $, .RADIAN. ) );
#5805 = EDGE_CURVE ( 'NONE', #2408, #7974, #4539, .T. ) ;
#5806 =( GEOMETRIC_REPRESENTATION_CONTEXT ( 3 ) GLOBAL_UNCERTAINTY_ASSIGNED_CONTEXT ( ( #10832 ) ) GLOBAL_UNIT_ASSIGNED_CONTEXT ( ( #3561, #3815, #6441 ) ) REPRESENTATION_CONTEXT ( 'NONE', 'WORKASPACE' ) );
#5807 = CARTESIAN_POINT ( 'NONE',  ( -0.1599999999999999756, 0.4499999999999999556, 2.250000000000004441 ) ) ;
#5808 = VECTOR ( 'NONE', #10255, 1000.000000000000000 ) ;
#5809 = ORIENTED_EDGE ( 'NONE', *, *, #4628, .F. ) ;
#5810 = VERTEX_POINT ( 'NONE', #10566 ) ;
#5811 = SURFACE_STYLE_USAGE ( .BOTH. , #6632 ) ;
#5812 = LINE ( 'NONE', #1619, #6730 ) ;
#5813 = ORIENTED_EDGE ( 'NONE', *, *, #3093, .T. ) ;
#5814 = EDGE_CURVE ( 'NONE', #5090, #9798, #8766, .T. ) ;
#5815 = CARTESIAN_POINT ( 'NONE',  ( 1.089999999999999858, 3.548929149633788249, -0.9250000000000404565 ) ) ;
#5816 = CARTESIAN_POINT ( 'NONE',  ( 0.1599999999999999756, 1.083335593717822357E-31, 2.250000000000004441 ) ) ;
#5817 = VECTOR ( 'NONE', #5492, 1000.000000000000000 ) ;
#5818 = ORIENTED_EDGE ( 'NONE', *, *, #5875, .T. ) ;
#5819 = FACE_OUTER_BOUND ( 'NONE', #10291, .T. ) ;
#5820 = ORIENTED_EDGE ( 'NONE', *, *, #4064, .T. ) ;
#5821 = CARTESIAN_POINT ( 'NONE',  ( 3.400000000000025224, 2.212468889744939382, -0.2375311102550667630 ) ) ;
#5822 = CARTESIAN_POINT ( 'NONE',  ( 5.199999999999999289, -0.9059928172283340242, -1.550000000000000488 ) ) ;
#5823 =( LENGTH_UNIT ( ) NAMED_UNIT ( * ) SI_UNIT ( .MILLI., .METRE. ) );
#5824 = DIRECTION ( 'NONE',  ( -0.7071067811865485719, -0.7071067811865465735, 0.000000000000000000 ) ) ;
#5825 = CARTESIAN_POINT ( 'NONE',  ( -3.400000000000024336, 2.212468889744939382, -0.2375311102550659303 ) ) ;
#5826 = SURFACE_SIDE_STYLE ('',( #874 ) ) ;
#5827 = ORIENTED_EDGE ( 'NONE', *, *, #8229, .T. ) ;
#5828 = SURFACE_SIDE_STYLE ('',( #8329 ) ) ;
#5829 = PRESENTATION_STYLE_ASSIGNMENT (( #10043 ) ) ;
#5830 = ORIENTED_EDGE ( 'NONE', *, *, #1436, .F. ) ;
#5831 = ORIENTED_EDGE ( 'NONE', *, *, #387, .T. ) ;
#5832 = SURFACE_SIDE_STYLE ('',( #884 ) ) ;
#5833 = VECTOR ( 'NONE', #9815, 1000.000000000000000 ) ;
#5834 = CARTESIAN_POINT ( 'NONE',  ( -4.219999999999995310, 1.200000000000000178, -1.849999999999996314 ) ) ;
#5835 = FILL_AREA_STYLE_COLOUR ( '', #2108 ) ;
#5836 = FACE_OUTER_BOUND ( 'NONE', #4449, .T. ) ;
#5837 = EDGE_CURVE ( 'NONE', #7554, #176, #2502, .T. ) ;
#5838 = CARTESIAN_POINT ( 'NONE',  ( -5.100000000000008527, 1.750000000000005107, -1.849999999999995648 ) ) ;
#5839 = CARTESIAN_POINT ( 'NONE',  ( 5.000000000000006217, 1.399999999999998801, -1.749999999999994005 ) ) ;
#5840 = FACE_OUTER_BOUND ( 'NONE', #4269, .T. ) ;
#5841 = CARTESIAN_POINT ( 'NONE',  ( 0.9044571363637844419, 0.1909000140257102185, 0.1466470997434467238 ) ) ;
#5842 = AXIS2_PLACEMENT_3D ( 'NONE', #5537, #3947, #1251 ) ;
#5843 = LINE ( 'NONE', #9215, #7935 ) ;
#5844 = ORIENTED_EDGE ( 'NONE', *, *, #9736, .F. ) ;
#5845 = SURFACE_STYLE_FILL_AREA ( #10769 ) ;
#5846 = ORIENTED_EDGE ( 'NONE', *, *, #9236, .T. ) ;
#5847 = LINE ( 'NONE', #10062, #458 ) ;
#5848 = AXIS2_PLACEMENT_3D ( 'NONE', #5029, #314, #2815 ) ;
#5849 = SURFACE_SIDE_STYLE ('',( #8247 ) ) ;
#5850 = ORIENTED_EDGE ( 'NONE', *, *, #3555, .F. ) ;
#5851 = FACE_OUTER_BOUND ( 'NONE', #4020, .T. ) ;
#5852 = SURFACE_STYLE_USAGE ( .BOTH. , #9058 ) ;
#5853 = VERTEX_POINT ( 'NONE', #8358 ) ;
#5854 = DIRECTION ( 'NONE',  ( -0.000000000000000000, 0.000000000000000000, -1.000000000000000000 ) ) ;
#5855 = FACE_OUTER_BOUND ( 'NONE', #4177, .T. ) ;
#5856 = ADVANCED_FACE ( 'NONE', ( #2341 ), #8206, .F. ) ;
#5857 = PRESENTATION_LAYER_ASSIGNMENT (  '', '', ( #5148 ) ) ;
#5858 = VERTEX_POINT ( 'NONE', #3156 ) ;
#5859 = UNCERTAINTY_MEASURE_WITH_UNIT (LENGTH_MEASURE( 1.000000000000000082E-05 ), #5671, 'distance_accuracy_value', 'NONE');
#5860 = EDGE_CURVE ( 'NONE', #7305, #5552, #5766, .T. ) ;
#5861 =( NAMED_UNIT ( * ) SI_UNIT ( $, .STERADIAN. ) SOLID_ANGLE_UNIT ( ) );
#5862 =( LENGTH_UNIT ( ) NAMED_UNIT ( * ) SI_UNIT ( .MILLI., .METRE. ) );
#5863 = DIRECTION ( 'NONE',  ( 0.7071067811865475727, 0.000000000000000000, 0.7071067811865475727 ) ) ;
#5864 = ORIENTED_EDGE ( 'NONE', *, *, #2211, .T. ) ;
#5865 = EDGE_CURVE ( 'NONE', #1300, #5112, #1465, .T. ) ;
#5866 = EDGE_LOOP ( 'NONE', ( #9751, #2829, #8728, #9291 ) ) ;
#5867 = EDGE_CURVE ( 'NONE', #5746, #7860, #4942, .T. ) ;
#5868 = ADVANCED_FACE ( 'NONE', ( #9957 ), #10835, .T. ) ;
#5869 = PRESENTATION_STYLE_ASSIGNMENT (( #7835 ) ) ;
#5870 = CARTESIAN_POINT ( 'NONE',  ( -5.699999999999994849, 0.07279404685324135371, -1.650000000000029443 ) ) ;
#5871 = CARTESIAN_POINT ( 'NONE',  ( 2.339999999999999858, 8.425943506694179847E-32, 1.750000000000004663 ) ) ;
#5872 = ORIENTED_EDGE ( 'NONE', *, *, #6473, .T. ) ;
#5873 = VERTEX_POINT ( 'NONE', #10018 ) ;
#5874 =( LENGTH_UNIT ( ) NAMED_UNIT ( * ) SI_UNIT ( .MILLI., .METRE. ) );
#5875 = EDGE_CURVE ( 'NONE', #10673, #7489, #2452, .T. ) ;
#5876 = DIRECTION ( 'NONE',  ( 0.000000000000000000, 1.000000000000000000, 0.000000000000000000 ) ) ;
#5877 = DIRECTION ( 'NONE',  ( 0.000000000000000000, 0.000000000000000000, -1.000000000000000000 ) ) ;
#5878 = ORIENTED_EDGE ( 'NONE', *, *, #8307, .F. ) ;
#5879 = PRESENTATION_LAYER_ASSIGNMENT (  '', '', ( #8550 ) ) ;
#5880 = CARTESIAN_POINT ( 'NONE',  ( 4.000000000000001776, 4.700000000000000178, 0.9499999999999855227 ) ) ;
#5881 = VERTEX_POINT ( 'NONE', #9289 ) ;
#5882 = DIRECTION ( 'NONE',  ( 0.000000000000000000, 0.000000000000000000, -1.000000000000000000 ) ) ;
#5883 = CARTESIAN_POINT ( 'NONE',  ( 2.339999999999999858, 0.3000000000000002665, 4.065758146820575067E-17 ) ) ;
#5884 = CARTESIAN_POINT ( 'NONE',  ( -5.000000000000006217, 1.650000000000000355, 0.3500000000000037526 ) ) ;
#5885 = CIRCLE ( 'NONE', #964, 0.1999999999999996503 ) ;
#5886 =( GEOMETRIC_REPRESENTATION_CONTEXT ( 3 ) GLOBAL_UNCERTAINTY_ASSIGNED_CONTEXT ( ( #10403 ) ) GLOBAL_UNIT_ASSIGNED_CONTEXT ( ( #1385, #8954, #1291 ) ) REPRESENTATION_CONTEXT ( 'NONE', 'WORKASPACE' ) );
#5887 = FACE_OUTER_BOUND ( 'NONE', #2274, .T. ) ;
#5888 = CARTESIAN_POINT ( 'NONE',  ( -4.999999999999999112, 0.2999999999999989897, 0.8000000000000003775 ) ) ;
#5889 = CARTESIAN_POINT ( 'NONE',  ( 0.1599999999999999756, 0.3499999999999999223, 2.350000000000004530 ) ) ;
#5890 = DIRECTION ( 'NONE',  ( -0.2133021165724263701, 0.9621436710723738628, -0.1696518885279461875 ) ) ;
#5891 = FACE_OUTER_BOUND ( 'NONE', #5366, .T. ) ;
#5892 = ORIENTED_EDGE ( 'NONE', *, *, #998, .T. ) ;
#5893 = DIRECTION ( 'NONE',  ( -1.000000000000000000, 0.000000000000000000, 0.000000000000000000 ) ) ;
#5894 = VERTEX_POINT ( 'NONE', #216 ) ;
#5895 = VECTOR ( 'NONE', #5997, 1000.000000000000114 ) ;
#5896 = DIRECTION ( 'NONE',  ( 0.000000000000000000, 0.000000000000000000, 1.000000000000000000 ) ) ;
#5897 = EDGE_CURVE ( 'NONE', #6230, #1404, #1734, .T. ) ;
#5898 = CLOSED_SHELL ( 'NONE', ( #2169, #5665, #2091, #9147, #2679, #5002, #9024, #8182, #890, #612, #3279, #738, #9781, #10667, #1081, #8043, #2553 ) ) ;
#5899 = PRESENTATION_STYLE_ASSIGNMENT (( #4387 ) ) ;
#5900 = ORIENTED_EDGE ( 'NONE', *, *, #8757, .T. ) ;
#5901 = LINE ( 'NONE', #8469, #1455 ) ;
#5902 = EDGE_LOOP ( 'NONE', ( #6387, #5045, #8858, #513 ) ) ;
#5903 = LINE ( 'NONE', #9281, #6481 ) ;
#5904 = CARTESIAN_POINT ( 'NONE',  ( -1.090000000000000080, 2.865743636076471201, -1.125000000000033973 ) ) ;
#5905 = ORIENTED_EDGE ( 'NONE', *, *, #4429, .F. ) ;
#5906 = CARTESIAN_POINT ( 'NONE',  ( 1.725000000000002531, -1.031861377951722971E-15, -1.450000000000040368 ) ) ;
#5907 = EDGE_CURVE ( 'NONE', #7870, #8827, #8582, .T. ) ;
#5908 = SURFACE_STYLE_FILL_AREA ( #2604 ) ;
#5909 = CARTESIAN_POINT ( 'NONE',  ( 4.469999999999994422, 0.4499999999999999001, 0.3500000000000037526 ) ) ;
#5910 = ORIENTED_EDGE ( 'NONE', *, *, #9028, .T. ) ;
#5911 = LINE ( 'NONE', #5044, #4378 ) ;
#5912 = ORIENTED_EDGE ( 'NONE', *, *, #5978, .F. ) ;
#5913 = DIRECTION ( 'NONE',  ( 0.000000000000000000, -0.7071067811865482389, 0.7071067811865469066 ) ) ;
#5914 = STYLED_ITEM ( 'NONE', ( #10254 ), #5470 ) ;
#5915 = SURFACE_SIDE_STYLE ('',( #1128 ) ) ;
#5916 = LINE ( 'NONE', #6755, #8989 ) ;
#5917 = DIRECTION ( 'NONE',  ( 0.000000000000000000, -1.000000000000000000, 0.000000000000000000 ) ) ;
#5918 = FACE_OUTER_BOUND ( 'NONE', #9432, .T. ) ;
#5919 = EDGE_CURVE ( 'NONE', #5155, #6347, #1842, .T. ) ;
#5920 = DIRECTION ( 'NONE',  ( 1.000000000000000000, -6.570922257487672349E-16, -1.182766006347823109E-16 ) ) ;
#5921 = AXIS2_PLACEMENT_3D ( 'NONE', #6711, #9244, #2512 ) ;
#5922 = ADVANCED_FACE ( 'NONE', ( #6857 ), #10175, .T. ) ;
#5923 =( LENGTH_UNIT ( ) NAMED_UNIT ( * ) SI_UNIT ( .MILLI., .METRE. ) );
#5924 = EDGE_LOOP ( 'NONE', ( #4691, #4097, #6013, #8919 ) ) ;
#5925 =( GEOMETRIC_REPRESENTATION_CONTEXT ( 3 ) GLOBAL_UNCERTAINTY_ASSIGNED_CONTEXT ( ( #6533 ) ) GLOBAL_UNIT_ASSIGNED_CONTEXT ( ( #5679, #2250, #4775 ) ) REPRESENTATION_CONTEXT ( 'NONE', 'WORKASPACE' ) );
#5926 = DIRECTION ( 'NONE',  ( 1.000000000000000000, 0.000000000000000000, 0.000000000000000000 ) ) ;
#5927 = EDGE_LOOP ( 'NONE', ( #3750, #6038, #3406, #376, #6893, #5864, #2768, #5498 ) ) ;
#5928 = SURFACE_STYLE_USAGE ( .BOTH. , #344 ) ;
#5929 = DIRECTION ( 'NONE',  ( 0.000000000000000000, -1.355252715606880049E-16, 1.000000000000000000 ) ) ;
#5930 = LINE ( 'NONE', #117, #9682 ) ;
#5931 = VERTEX_POINT ( 'NONE', #9401 ) ;
#5932 = PRESENTATION_LAYER_ASSIGNMENT (  '', '', ( #10177 ) ) ;
#5933 = DIRECTION ( 'NONE',  ( -0.000000000000000000, -0.000000000000000000, 1.000000000000000000 ) ) ;
#5934 = VERTEX_POINT ( 'NONE', #153 ) ;
#5935 = MECHANICAL_DESIGN_GEOMETRIC_PRESENTATION_REPRESENTATION (  '', ( #4143 ), #9665 ) ;
#5936 = SURFACE_SIDE_STYLE ('',( #8671 ) ) ;
#5937 = PLANE ( 'NONE',  #651 ) ;
#5938 = EDGE_CURVE ( 'NONE', #7686, #2361, #3463, .T. ) ;
#5939 =( NAMED_UNIT ( * ) SI_UNIT ( $, .STERADIAN. ) SOLID_ANGLE_UNIT ( ) );
#5940 = STYLED_ITEM ( 'NONE', ( #7923 ), #6469 ) ;
#5941 = CARTESIAN_POINT ( 'NONE',  ( -1.409999999999999920, 0.4500000000000000111, 1.850000000000004530 ) ) ;
#5942 = CARTESIAN_POINT ( 'NONE',  ( 2.339999999999999858, 1.749999999999999778, 0.000000000000000000 ) ) ;
#5943 = COLOUR_RGB ( '',1.000000000000000000, 1.000000000000000000, 1.000000000000000000 ) ;
#5944 = CARTESIAN_POINT ( 'NONE',  ( -3.700000000000024603, 4.700000000000000178, 0.2249377794898766159 ) ) ;
#5945 = DIRECTION ( 'NONE',  ( -1.000000000000000000, -0.000000000000000000, -0.000000000000000000 ) ) ;
#5946 = FILL_AREA_STYLE ('',( #9386 ) ) ;
#5947 = ORIENTED_EDGE ( 'NONE', *, *, #839, .F. ) ;
#5948 = VECTOR ( 'NONE', #3323, 1000.000000000000114 ) ;
#5949 = COLOUR_RGB ( '',1.000000000000000000, 1.000000000000000000, 1.000000000000000000 ) ;
#5950 = VECTOR ( 'NONE', #9748, 1000.000000000000000 ) ;
#5951 = VECTOR ( 'NONE', #10533, 1000.000000000000000 ) ;
#5952 =( NAMED_UNIT ( * ) PLANE_ANGLE_UNIT ( ) SI_UNIT ( $, .RADIAN. ) );
#5953 = CARTESIAN_POINT ( 'NONE',  ( -2.024999999999999023, -6.056577653194881466E-16, -1.450000000000039924 ) ) ;
#5954 = VECTOR ( 'NONE', #6538, 1000.000000000000000 ) ;
#5955 = ORIENTED_EDGE ( 'NONE', *, *, #3227, .T. ) ;
#5956 = VECTOR ( 'NONE', #4302, 1000.000000000000000 ) ;
#5957 = CARTESIAN_POINT ( 'NONE',  ( -0.3980141686463231632, 0.4275827757330513124, -1.554913542985933761 ) ) ;
#5958 = STYLED_ITEM ( 'NONE', ( #5735 ), #6877 ) ;
#5959 =( LENGTH_UNIT ( ) NAMED_UNIT ( * ) SI_UNIT ( .MILLI., .METRE. ) );
#5960 = VERTEX_POINT ( 'NONE', #2552 ) ;
#5961 = FILL_AREA_STYLE ('',( #5091 ) ) ;
#5962 =( NAMED_UNIT ( * ) SI_UNIT ( $, .STERADIAN. ) SOLID_ANGLE_UNIT ( ) );
#5963 = VECTOR ( 'NONE', #5933, 1000.000000000000000 ) ;
#5965 = DIRECTION ( 'NONE',  ( 0.7071067811865471286, 0.7071067811865479058, 0.000000000000000000 ) ) ;
#5964 = MECHANICAL_DESIGN_GEOMETRIC_PRESENTATION_REPRESENTATION (  '', ( #8271 ), #5093 ) ;
#5966 = ORIENTED_EDGE ( 'NONE', *, *, #7108, .F. ) ;
#5967 = UNCERTAINTY_MEASURE_WITH_UNIT (LENGTH_MEASURE( 1.000000000000000082E-05 ), #3908, 'distance_accuracy_value', 'NONE');
#5968 = FACE_OUTER_BOUND ( 'NONE', #2612, .T. ) ;
#5969 = STYLED_ITEM ( 'NONE', ( #9897 ), #7607 ) ;
#5970 = UNCERTAINTY_MEASURE_WITH_UNIT (LENGTH_MEASURE( 1.000000000000000082E-05 ), #6364, 'distance_accuracy_value', 'NONE');
#5971 = PRESENTATION_LAYER_ASSIGNMENT (  '', '', ( #1410 ) ) ;
#5972 = VECTOR ( 'NONE', #811, 1000.000000000000000 ) ;
#5973 = CARTESIAN_POINT ( 'NONE',  ( -3.050000000000019806, 3.399999999999998579, 0.9499999999999860778 ) ) ;
#5974 = VECTOR ( 'NONE', #4820, 1000.000000000000000 ) ;
#5975 = CARTESIAN_POINT ( 'NONE',  ( 4.000000000000002665, 0.000000000000000000, -0.9500000000000009548 ) ) ;
#5976 = ORIENTED_EDGE ( 'NONE', *, *, #10185, .F. ) ;
#5977 = CARTESIAN_POINT ( 'NONE',  ( 1.409999999999999698, -1.125000000000002442, 1.125000000000004663 ) ) ;
#5978 = EDGE_CURVE ( 'NONE', #5702, #1594, #856, .T. ) ;
#5979 = ORIENTED_EDGE ( 'NONE', *, *, #2571, .F. ) ;
#5980 = MECHANICAL_DESIGN_GEOMETRIC_PRESENTATION_REPRESENTATION (  '', ( #10745 ), #10216 ) ;
#5981 = DIRECTION ( 'NONE',  ( 1.000000000000000000, -6.570922257487672349E-16, -1.182766006347823109E-16 ) ) ;
#5982 = DIRECTION ( 'NONE',  ( 0.000000000000000000, -0.000000000000000000, -1.000000000000000000 ) ) ;
#5983 = EDGE_CURVE ( 'NONE', #5090, #6429, #3410, .T. ) ;
#5984 = DIRECTION ( 'NONE',  ( 0.000000000000000000, -0.000000000000000000, 1.000000000000000000 ) ) ;
#5985 = DIRECTION ( 'NONE',  ( -5.782411586589146618E-15, -0.000000000000000000, -1.000000000000000000 ) ) ;
#5986 = ORIENTED_EDGE ( 'NONE', *, *, #1289, .F. ) ;
#5987 = EDGE_CURVE ( 'NONE', #7860, #685, #6750, .T. ) ;
#5988 = ORIENTED_EDGE ( 'NONE', *, *, #3146, .F. ) ;
#5989 = CARTESIAN_POINT ( 'NONE',  ( 5.000000000000006217, 1.649999999999999023, 0.3500000000000037526 ) ) ;
#5990 = SURFACE_STYLE_FILL_AREA ( #8719 ) ;
#5991 = MECHANICAL_DESIGN_GEOMETRIC_PRESENTATION_REPRESENTATION (  '', ( #37 ), #7431 ) ;
#5992 = CARTESIAN_POINT ( 'NONE',  ( 0.1599999999999999756, -1.579062136966065191E-17, -0.3250000000000473066 ) ) ;
#5993 = EDGE_LOOP ( 'NONE', ( #1605, #835, #1701, #8250, #4938, #8933, #4248, #1999, #1415 ) ) ;
#5994 = EDGE_CURVE ( 'NONE', #6108, #3375, #4337, .T. ) ;
#5995 = CARTESIAN_POINT ( 'NONE',  ( 5.500000000000001776, 2.599999999999999201, -1.850000000000000533 ) ) ;
#5996 = VERTEX_POINT ( 'NONE', #8479 ) ;
#5997 = DIRECTION ( 'NONE',  ( 0.7071067811865474617, -0.000000000000000000, -0.7071067811865474617 ) ) ;
#5998 = FILL_AREA_STYLE ('',( #7799 ) ) ;
#5999 =( NAMED_UNIT ( * ) PLANE_ANGLE_UNIT ( ) SI_UNIT ( $, .RADIAN. ) );
#6000 = AXIS2_PLACEMENT_3D ( 'NONE', #4744, #7976, #1383 ) ;
#6001 = PRESENTATION_STYLE_ASSIGNMENT (( #6828 ) ) ;
#6002 = CARTESIAN_POINT ( 'NONE',  ( 2.660000000000000142, 0.03083447080518480002, 0.1748709736949816407 ) ) ;
#6003 = DIRECTION ( 'NONE',  ( -0.000000000000000000, 4.858652729125647824E-17, 1.000000000000000000 ) ) ;
#6004 = DIRECTION ( 'NONE',  ( -0.000000000000000000, 1.000000000000000000, -0.000000000000000000 ) ) ;
#6005 = ORIENTED_EDGE ( 'NONE', *, *, #1442, .F. ) ;
#6006 = CARTESIAN_POINT ( 'NONE',  ( 3.500000000000000888, 0.000000000000000000, 1.850000000000000533 ) ) ;
#6007 = STYLED_ITEM ( 'NONE', ( #9652 ), #8892 ) ;
#6008 = EDGE_LOOP ( 'NONE', ( #4791, #5021, #10757, #6580, #6058, #10004, #3910, #5136 ) ) ;
#6009 = EDGE_CURVE ( 'NONE', #5650, #9091, #910, .T. ) ;
#6010 = DIRECTION ( 'NONE',  ( -8.260587980841928919E-16, 1.000000000000000000, 0.000000000000000000 ) ) ;
#6011 = FILL_AREA_STYLE ('',( #7589 ) ) ;
#6012 = MECHANICAL_DESIGN_GEOMETRIC_PRESENTATION_REPRESENTATION (  '', ( #9560 ), #6199 ) ;
#6013 = ORIENTED_EDGE ( 'NONE', *, *, #4182, .F. ) ;
#6014 = ORIENTED_EDGE ( 'NONE', *, *, #5062, .F. ) ;
#6015 = SURFACE_STYLE_FILL_AREA ( #5961 ) ;
#6016 =( LENGTH_UNIT ( ) NAMED_UNIT ( * ) SI_UNIT ( .MILLI., .METRE. ) );
#6017 = VERTEX_POINT ( 'NONE', #7652 ) ;
#6018 =( GEOMETRIC_REPRESENTATION_CONTEXT ( 3 ) GLOBAL_UNCERTAINTY_ASSIGNED_CONTEXT ( ( #3097 ) ) GLOBAL_UNIT_ASSIGNED_CONTEXT ( ( #7816, #10318, #6842 ) ) REPRESENTATION_CONTEXT ( 'NONE', 'WORKASPACE' ) );
#6019 = CARTESIAN_POINT ( 'NONE',  ( -1.090000000000000080, 1.083335593717822357E-31, 2.250000000000004441 ) ) ;
#6020 = SURFACE_STYLE_USAGE ( .BOTH. , #6794 ) ;
#6021 = ORIENTED_EDGE ( 'NONE', *, *, #4278, .T. ) ;
#6022 = FILL_AREA_STYLE ('',( #7032 ) ) ;
#6023 = ORIENTED_EDGE ( 'NONE', *, *, #9960, .F. ) ;
#6024 = STYLED_ITEM ( 'NONE', ( #4435 ), #9718 ) ;
#6025 = CARTESIAN_POINT ( 'NONE',  ( -4.469999999999994422, 0.4500000000000009548, 0.3500000000000037526 ) ) ;
#6026 = DIRECTION ( 'NONE',  ( -0.7071067811865471286, -0.7071067811865479058, 8.363418636454763320E-17 ) ) ;
#6027 =( NAMED_UNIT ( * ) PLANE_ANGLE_UNIT ( ) SI_UNIT ( $, .RADIAN. ) );
#6028 = SURFACE_STYLE_FILL_AREA ( #103 ) ;
#6029 =( NAMED_UNIT ( * ) SI_UNIT ( $, .STERADIAN. ) SOLID_ANGLE_UNIT ( ) );
#6030 = ADVANCED_FACE ( 'NONE', ( #9454 ), #1898, .T. ) ;
#6031 = CARTESIAN_POINT ( 'NONE',  ( 3.050000000000020695, 1.749999999999999778, 0.9499999999999854117 ) ) ;
#6032 = ORIENTED_EDGE ( 'NONE', *, *, #6866, .T. ) ;
#6033 = LINE ( 'NONE', #1809, #2287 ) ;
#6034 = VERTEX_POINT ( 'NONE', #4522 ) ;
#6035 = CARTESIAN_POINT ( 'NONE',  ( 8.279362044434747955E-16, 2.099999999999997868, -1.850000000000000533 ) ) ;
#6036 = LINE ( 'NONE', #1919, #2573 ) ;
#6037 = CARTESIAN_POINT ( 'NONE',  ( 4.669999999999994600, 0.4499999999999999001, 0.3500000000000037526 ) ) ;
#6038 = ORIENTED_EDGE ( 'NONE', *, *, #10377, .T. ) ;
#6039 = DIRECTION ( 'NONE',  ( -1.000000000000000000, -0.000000000000000000, -0.000000000000000000 ) ) ;
#6040 = EDGE_LOOP ( 'NONE', ( #10136, #7518, #7753, #6786 ) ) ;
#6041 = LINE ( 'NONE', #3497, #4873 ) ;
#6042 = SURFACE_STYLE_USAGE ( .BOTH. , #9548 ) ;
#6043 = ORIENTED_EDGE ( 'NONE', *, *, #9840, .F. ) ;
#6044 = SURFACE_SIDE_STYLE ('',( #195 ) ) ;
#6045 = LINE ( 'NONE', #10098, #10680 ) ;
#6046 =( NAMED_UNIT ( * ) SI_UNIT ( $, .STERADIAN. ) SOLID_ANGLE_UNIT ( ) );
#6047 = LINE ( 'NONE', #7914, #6444 ) ;
#6048 = DIRECTION ( 'NONE',  ( -0.000000000000000000, 0.000000000000000000, 1.000000000000000000 ) ) ;
#6049 = LINE ( 'NONE', #3394, #1737 ) ;
#6050 = EDGE_LOOP ( 'NONE', ( #737, #1882, #4011, #594 ) ) ;
#6051 = CARTESIAN_POINT ( 'NONE',  ( 4.000000000000003553, 4.699999999999999289, 1.849999999999999423 ) ) ;
#6052 = EDGE_CURVE ( 'NONE', #1714, #8957, #10443, .T. ) ;
#6053 = ADVANCED_FACE ( 'NONE', ( #9569 ), #1339, .F. ) ;
#6054 = PLANE ( 'NONE',  #1046 ) ;
#6055 = ORIENTED_EDGE ( 'NONE', *, *, #3389, .T. ) ;
#6056 = CARTESIAN_POINT ( 'NONE',  ( -2.439999999999999947, 4.000000000000000000, 0.000000000000000000 ) ) ;
#6057 = EDGE_CURVE ( 'NONE', #8687, #36, #10019, .T. ) ;
#6058 = ORIENTED_EDGE ( 'NONE', *, *, #7453, .T. ) ;
#6059 = LINE ( 'NONE', #7871, #2713 ) ;
#6060 = AXIS2_PLACEMENT_3D ( 'NONE', #7907, #350, #6270 ) ;
#6061 = DIRECTION ( 'NONE',  ( 1.000000000000000000, 0.000000000000000000, 0.000000000000000000 ) ) ;
#6062 = VECTOR ( 'NONE', #10379, 1000.000000000000000 ) ;
#6063 = ORIENTED_EDGE ( 'NONE', *, *, #211, .T. ) ;
#6064 = UNCERTAINTY_MEASURE_WITH_UNIT (LENGTH_MEASURE( 1.000000000000000082E-05 ), #5862, 'distance_accuracy_value', 'NONE');
#6065 = STYLED_ITEM ( 'NONE', ( #5869 ), #3509 ) ;
#6067 = DIRECTION ( 'NONE',  ( 0.000000000000000000, 0.000000000000000000, -1.000000000000000000 ) ) ;
#6066 =( NAMED_UNIT ( * ) PLANE_ANGLE_UNIT ( ) SI_UNIT ( $, .RADIAN. ) );
#6068 = CARTESIAN_POINT ( 'NONE',  ( -5.249999999999999112, 0.5499999999999997113, -1.850000000000000533 ) ) ;
#6069 = DIRECTION ( 'NONE',  ( 0.000000000000000000, 0.000000000000000000, 1.000000000000000000 ) ) ;
#6070 = VECTOR ( 'NONE', #10082, 999.9999999999998863 ) ;
#6071 = VERTEX_POINT ( 'NONE', #6297 ) ;
#6072 = CLOSED_SHELL ( 'NONE', ( #5111, #240, #4754, #5922, #7924, #6030, #1982, #6689, #4024, #6547 ) ) ;
#6073 = CARTESIAN_POINT ( 'NONE',  ( 1.409999999999999698, 0.000000000000000000, 2.350000000000004530 ) ) ;
#6074 = ORIENTED_EDGE ( 'NONE', *, *, #2509, .T. ) ;
#6075 = DIRECTION ( 'NONE',  ( -0.000000000000000000, 1.000000000000000000, -0.000000000000000000 ) ) ;
#6076 = FACE_OUTER_BOUND ( 'NONE', #9749, .T. ) ;
#6077 = VECTOR ( 'NONE', #10119, 1000.000000000000000 ) ;
#6078 = UNCERTAINTY_MEASURE_WITH_UNIT (LENGTH_MEASURE( 1.000000000000000082E-05 ), #6291, 'distance_accuracy_value', 'NONE');
#6079 = VECTOR ( 'NONE', #9816, 1000.000000000000000 ) ;
#6080 = DIRECTION ( 'NONE',  ( 0.000000000000000000, -1.000000000000000000, 4.858652729125647824E-17 ) ) ;
#6081 = CARTESIAN_POINT ( 'NONE',  ( 4.000000000000001776, 1.749999999999999778, 1.549999999999988498 ) ) ;
#6082 = SURFACE_STYLE_USAGE ( .BOTH. , #8658 ) ;
#6083 = FACE_OUTER_BOUND ( 'NONE', #6664, .T. ) ;
#6084 = ORIENTED_EDGE ( 'NONE', *, *, #6412, .F. ) ;
#6085 = MECHANICAL_DESIGN_GEOMETRIC_PRESENTATION_REPRESENTATION (  '', ( #9635 ), #2738 ) ;
#6086 =( LENGTH_UNIT ( ) NAMED_UNIT ( * ) SI_UNIT ( .MILLI., .METRE. ) );
#6087 = ORIENTED_EDGE ( 'NONE', *, *, #7164, .F. ) ;
#6088 = SURFACE_SIDE_STYLE ('',( #5217 ) ) ;
#6089 = COLOUR_RGB ( '',1.000000000000000000, 1.000000000000000000, 1.000000000000000000 ) ;
#6090 = ADVANCED_FACE ( 'NONE', ( #8084 ), #2011, .T. ) ;
#6091 = SURFACE_STYLE_USAGE ( .BOTH. , #2721 ) ;
#6092 =( NAMED_UNIT ( * ) SI_UNIT ( $, .STERADIAN. ) SOLID_ANGLE_UNIT ( ) );
#6093 = ORIENTED_EDGE ( 'NONE', *, *, #1124, .T. ) ;
#6094 = LINE ( 'NONE', #10196, #10041 ) ;
#6095 = ORIENTED_EDGE ( 'NONE', *, *, #10606, .F. ) ;
#6096 = DIRECTION ( 'NONE',  ( 1.000000000000000000, 0.000000000000000000, -1.275531967629996124E-16 ) ) ;
#6097 = SURFACE_SIDE_STYLE ('',( #10201 ) ) ;
#6098 = AXIS2_PLACEMENT_3D ( 'NONE', #7192, #10701, #2978 ) ;
#6099 = VERTEX_POINT ( 'NONE', #5590 ) ;
#6100 =( LENGTH_UNIT ( ) NAMED_UNIT ( * ) SI_UNIT ( .MILLI., .METRE. ) );
#6101 = MECHANICAL_DESIGN_GEOMETRIC_PRESENTATION_REPRESENTATION (  '', ( #4694 ), #10879 ) ;
#6102 = LINE ( 'NONE', #10304, #8148 ) ;
#6103 = EDGE_CURVE ( 'NONE', #4148, #9181, #4926, .T. ) ;
#6104 = DIRECTION ( 'NONE',  ( 0.000000000000000000, -1.000000000000000000, 0.000000000000000000 ) ) ;
#6105 = PLANE ( 'NONE',  #5082 ) ;
#6106 = VECTOR ( 'NONE', #3529, 1000.000000000000000 ) ;
#6107 = CARTESIAN_POINT ( 'NONE',  ( 2.425000000000005151, 3.249999999999996891, -1.850000000000000533 ) ) ;
#6108 = VERTEX_POINT ( 'NONE', #4005 ) ;
#6109 = CARTESIAN_POINT ( 'NONE',  ( 3.525881904447568882, 1.749999999999999778, -0.6283451969090770861 ) ) ;
#6110 = COLOUR_RGB ( '',1.000000000000000000, 0.8117647058823529438, 0.5019607843137254832 ) ;
#6111 = SURFACE_SIDE_STYLE ('',( #3511 ) ) ;
#6112 = ORIENTED_EDGE ( 'NONE', *, *, #535, .F. ) ;
#6113 = DIRECTION ( 'NONE',  ( 0.000000000000000000, 0.000000000000000000, -1.000000000000000000 ) ) ;
#6114 = EDGE_CURVE ( 'NONE', #8780, #734, #3144, .T. ) ;
#6115 = VERTEX_POINT ( 'NONE', #3082 ) ;
#6116 = CARTESIAN_POINT ( 'NONE',  ( -1.409999999999999920, 0.000000000000000000, -1.125000000000033973 ) ) ;
#6117 = VECTOR ( 'NONE', #5277, 1000.000000000000000 ) ;
#6118 = SURFACE_SIDE_STYLE ('',( #1786 ) ) ;
#6119 =( GEOMETRIC_REPRESENTATION_CONTEXT ( 3 ) GLOBAL_UNCERTAINTY_ASSIGNED_CONTEXT ( ( #2887 ) ) GLOBAL_UNIT_ASSIGNED_CONTEXT ( ( #1592, #4901, #10857 ) ) REPRESENTATION_CONTEXT ( 'NONE', 'WORKASPACE' ) );
#6120 = VECTOR ( 'NONE', #5519, 1000.000000000000000 ) ;
#6121 = CARTESIAN_POINT ( 'NONE',  ( 2.660000000000000142, 0.2999999999999999889, 1.850000000000004530 ) ) ;
#6122 = EDGE_CURVE ( 'NONE', #4514, #8394, #4803, .T. ) ;
#6123 = ORIENTED_EDGE ( 'NONE', *, *, #293, .F. ) ;
#6124 = PRESENTATION_LAYER_ASSIGNMENT (  '', '', ( #710 ) ) ;
#6125 = EDGE_CURVE ( 'NONE', #9571, #7597, #6464, .T. ) ;
#6126 = CIRCLE ( 'NONE', #1204, 0.4499999999999999001 ) ;
#6128 = DIRECTION ( 'NONE',  ( 1.000000000000000000, 3.614007241618355673E-16, -1.807003620809178823E-16 ) ) ;
#6127 = FACE_OUTER_BOUND ( 'NONE', #5311, .T. ) ;
#6129 = SURFACE_STYLE_USAGE ( .BOTH. , #10329 ) ;
#6130 = STYLED_ITEM ( 'NONE', ( #8699 ), #7413 ) ;
#6131 = STYLED_ITEM ( 'NONE', ( #2297 ), #10845 ) ;
#6132 = DIRECTION ( 'NONE',  ( -0.000000000000000000, -0.000000000000000000, 1.000000000000000000 ) ) ;
#6133 = AXIS2_PLACEMENT_3D ( 'NONE', #9003, #1444, #3926 ) ;
#6134 = CARTESIAN_POINT ( 'NONE',  ( 3.400000000000024336, 4.400000000000002132, -1.450000000000040368 ) ) ;
#6135 = VERTEX_POINT ( 'NONE', #5807 ) ;
#6136 = MECHANICAL_DESIGN_GEOMETRIC_PRESENTATION_REPRESENTATION (  '', ( #9135 ), #357 ) ;
#6137 = PRESENTATION_LAYER_ASSIGNMENT (  '', '', ( #10550 ) ) ;
#6138 = DIRECTION ( 'NONE',  ( -0.000000000000000000, 0.000000000000000000, 1.000000000000000000 ) ) ;
#6139 = ORIENTED_EDGE ( 'NONE', *, *, #7858, .F. ) ;
#6140 = CARTESIAN_POINT ( 'NONE',  ( 5.000000000000006217, 1.399999999999998801, -1.749999999999994005 ) ) ;
#6141 = CARTESIAN_POINT ( 'NONE',  ( 3.050000000000020695, 3.700000000000000178, 1.549999999999988720 ) ) ;
#6143 = DIRECTION ( 'NONE',  ( -1.000000000000000000, -0.000000000000000000, -0.000000000000000000 ) ) ;
#6142 = COLOUR_RGB ( '',1.000000000000000000, 0.8117647058823529438, 0.5019607843137254832 ) ;
#6144 = AXIS2_PLACEMENT_3D ( 'NONE', #8640, #5320, #6906 ) ;
#6145 = EDGE_CURVE ( 'NONE', #9525, #7829, #7427, .T. ) ;
#6146 = SURFACE_STYLE_USAGE ( .BOTH. , #2773 ) ;
#6147 = STYLED_ITEM ( 'NONE', ( #4712 ), #3281 ) ;
#6148 = STYLED_ITEM ( 'NONE', ( #7563 ), #2142 ) ;
#6149 = FACE_OUTER_BOUND ( 'NONE', #3705, .T. ) ;
#6150 = EDGE_CURVE ( 'NONE', #2167, #8680, #2279, .T. ) ;
#6151 = DIRECTION ( 'NONE',  ( 0.000000000000000000, 0.000000000000000000, -1.000000000000000000 ) ) ;
#6152 =( NAMED_UNIT ( * ) SI_UNIT ( $, .STERADIAN. ) SOLID_ANGLE_UNIT ( ) );
#6153 = PLANE ( 'NONE',  #1389 ) ;
#6154 = ORIENTED_EDGE ( 'NONE', *, *, #4366, .F. ) ;
#6155 = DIRECTION ( 'NONE',  ( 0.000000000000000000, 1.000000000000000000, 0.000000000000000000 ) ) ;
#6156 = ORIENTED_EDGE ( 'NONE', *, *, #6122, .T. ) ;
#6157 = FILL_AREA_STYLE_COLOUR ( '', #6571 ) ;
#6158 = AXIS2_PLACEMENT_3D ( 'NONE', #5269, #10399, #7096 ) ;
#6159 = FILL_AREA_STYLE_COLOUR ( '', #3996 ) ;
#6160 = CARTESIAN_POINT ( 'NONE',  ( 3.500000000000000888, 0.000000000000000000, 1.850000000000000533 ) ) ;
#6161 = ORIENTED_EDGE ( 'NONE', *, *, #3334, .T. ) ;
#6162 = DIRECTION ( 'NONE',  ( 0.000000000000000000, -1.000000000000000000, -1.355252715606880296E-16 ) ) ;
#6163 = ORIENTED_EDGE ( 'NONE', *, *, #7279, .F. ) ;
#6164 = STYLED_ITEM ( 'NONE', ( #8822 ), #7994 ) ;
#6165 =( NAMED_UNIT ( * ) PLANE_ANGLE_UNIT ( ) SI_UNIT ( $, .RADIAN. ) );
#6166 = DIRECTION ( 'NONE',  ( -0.000000000000000000, 1.000000000000000000, -0.000000000000000000 ) ) ;
#6167 = VERTEX_POINT ( 'NONE', #6414 ) ;
#6168 =( GEOMETRIC_REPRESENTATION_CONTEXT ( 3 ) GLOBAL_UNCERTAINTY_ASSIGNED_CONTEXT ( ( #1348 ) ) GLOBAL_UNIT_ASSIGNED_CONTEXT ( ( #4981, #9174, #10713 ) ) REPRESENTATION_CONTEXT ( 'NONE', 'WORKASPACE' ) );
#6169 =( NAMED_UNIT ( * ) PLANE_ANGLE_UNIT ( ) SI_UNIT ( $, .RADIAN. ) );
#6170 = CARTESIAN_POINT ( 'NONE',  ( -1.724999999999999645, 3.249999999999996891, -1.450000000000039924 ) ) ;
#6171 = LINE ( 'NONE', #5234, #309 ) ;
#6172 = FACE_OUTER_BOUND ( 'NONE', #10459, .T. ) ;
#6173 = FILL_AREA_STYLE_COLOUR ( '', #9136 ) ;
#6174 = VERTEX_POINT ( 'NONE', #8146 ) ;
#6175 = ORIENTED_EDGE ( 'NONE', *, *, #3744, .F. ) ;
#6176 = LINE ( 'NONE', #6109, #621 ) ;
#6177 = STYLED_ITEM ( 'NONE', ( #6418 ), #8373 ) ;
#6178 = EDGE_CURVE ( 'NONE', #4038, #9788, #9112, .T. ) ;
#6179 = DIRECTION ( 'NONE',  ( -0.7071067811865485719, -0.7071067811865465735, 0.000000000000000000 ) ) ;
#6180 = ORIENTED_EDGE ( 'NONE', *, *, #3679, .F. ) ;
#6181 = FILL_AREA_STYLE_COLOUR ( '', #7608 ) ;
#6182 = ORIENTED_EDGE ( 'NONE', *, *, #7638, .T. ) ;
#6183 = CARTESIAN_POINT ( 'NONE',  ( 2.660000000000000142, 0.000000000000000000, 0.000000000000000000 ) ) ;
#6184 = MECHANICAL_DESIGN_GEOMETRIC_PRESENTATION_REPRESENTATION (  '', ( #9549 ), #5487 ) ;
#6185 = CARTESIAN_POINT ( 'NONE',  ( -1.090000000000000080, 1.749999999999999778, -0.3250000000000474176 ) ) ;
#6186 = DIRECTION ( 'NONE',  ( -0.6947465906068676089, 0.6947465906068636121, -0.1861567878973860724 ) ) ;
#6187 = ORIENTED_EDGE ( 'NONE', *, *, #1642, .T. ) ;
#6188 = UNCERTAINTY_MEASURE_WITH_UNIT (LENGTH_MEASURE( 1.000000000000000082E-05 ), #8438, 'distance_accuracy_value', 'NONE');
#6189 =( LENGTH_UNIT ( ) NAMED_UNIT ( * ) SI_UNIT ( .MILLI., .METRE. ) );
#6190 = FACE_OUTER_BOUND ( 'NONE', #3059, .T. ) ;
#6191 = CARTESIAN_POINT ( 'NONE',  ( 2.660000000000000142, 0.2787990747163040517, -1.581148123764847258 ) ) ;
#6192 = EDGE_CURVE ( 'NONE', #7594, #6635, #8961, .T. ) ;
#6193 = CARTESIAN_POINT ( 'NONE',  ( 2.660000000000000142, 1.749999999999999778, -1.125000000000033973 ) ) ;
#6194 = VERTEX_POINT ( 'NONE', #10774 ) ;
#6195 = PRESENTATION_STYLE_ASSIGNMENT (( #6913 ) ) ;
#6196 = ORIENTED_EDGE ( 'NONE', *, *, #4715, .F. ) ;
#6197 = LINE ( 'NONE', #9573, #3963 ) ;
#6198 = CARTESIAN_POINT ( 'NONE',  ( 4.000000000000002665, -1.029563014098700879, -1.850000000000000533 ) ) ;
#6199 =( GEOMETRIC_REPRESENTATION_CONTEXT ( 3 ) GLOBAL_UNCERTAINTY_ASSIGNED_CONTEXT ( ( #2023 ) ) GLOBAL_UNIT_ASSIGNED_CONTEXT ( ( #7314, #5595, #1406 ) ) REPRESENTATION_CONTEXT ( 'NONE', 'WORKASPACE' ) );
#6200 =( NAMED_UNIT ( * ) SI_UNIT ( $, .STERADIAN. ) SOLID_ANGLE_UNIT ( ) );
#6201 = UNCERTAINTY_MEASURE_WITH_UNIT (LENGTH_MEASURE( 1.000000000000000082E-05 ), #3682, 'distance_accuracy_value', 'NONE');
#6202 = FACE_OUTER_BOUND ( 'NONE', #3901, .T. ) ;
#6203 = DIRECTION ( 'NONE',  ( 0.000000000000000000, 1.000000000000000000, -4.814824860968090180E-32 ) ) ;
#6204 = UNCERTAINTY_MEASURE_WITH_UNIT (LENGTH_MEASURE( 1.000000000000000082E-05 ), #5160, 'distance_accuracy_value', 'NONE');
#6205 = CARTESIAN_POINT ( 'NONE',  ( -4.000000000000001776, -1.029563014098700879, -0.9500000000000009548 ) ) ;
#6206 = EDGE_CURVE ( 'NONE', #2837, #3382, #9170, .T. ) ;
#6207 = DIRECTION ( 'NONE',  ( 0.000000000000000000, 0.000000000000000000, -1.000000000000000000 ) ) ;
#6209 = FACE_OUTER_BOUND ( 'NONE', #1663, .T. ) ;
#6208 = STYLED_ITEM ( 'NONE', ( #468 ), #9421 ) ;
#6210 = ORIENTED_EDGE ( 'NONE', *, *, #9000, .T. ) ;
#6211 = EDGE_CURVE ( 'NONE', #704, #1459, #6525, .T. ) ;
#6212 = SURFACE_STYLE_USAGE ( .BOTH. , #3590 ) ;
#6213 = VERTEX_POINT ( 'NONE', #4752 ) ;
#6214 = PLANE ( 'NONE',  #771 ) ;
#6215 = EDGE_CURVE ( 'NONE', #424, #3535, #8038, .T. ) ;
#6216 = CARTESIAN_POINT ( 'NONE',  ( 1.089999999999999858, -1.579062136966065191E-17, -0.3250000000000473066 ) ) ;
#6217 =( NAMED_UNIT ( * ) PLANE_ANGLE_UNIT ( ) SI_UNIT ( $, .RADIAN. ) );
#6218 = ORIENTED_EDGE ( 'NONE', *, *, #382, .T. ) ;
#6219 = CARTESIAN_POINT ( 'NONE',  ( -0.1599999999999999756, 0.000000000000000000, 0.000000000000000000 ) ) ;
#6220 = VECTOR ( 'NONE', #10420, 1000.000000000000000 ) ;
#6221 = DIRECTION ( 'NONE',  ( 0.000000000000000000, -0.7071067811865482389, 0.7071067811865469066 ) ) ;
#6222 = PLANE ( 'NONE',  #9520 ) ;
#6223 = ORIENTED_EDGE ( 'NONE', *, *, #311, .T. ) ;
#6224 = EDGE_CURVE ( 'NONE', #4719, #4781, #9896, .T. ) ;
#6225 = COLOUR_RGB ( '',1.000000000000000000, 1.000000000000000000, 1.000000000000000000 ) ;
#6226 = DIRECTION ( 'NONE',  ( 0.000000000000000000, 0.000000000000000000, 1.000000000000000000 ) ) ;
#6227 = SURFACE_SIDE_STYLE ('',( #1320 ) ) ;
#6228 =( NAMED_UNIT ( * ) SI_UNIT ( $, .STERADIAN. ) SOLID_ANGLE_UNIT ( ) );
#6229 = ORIENTED_EDGE ( 'NONE', *, *, #1757, .T. ) ;
#6230 = VERTEX_POINT ( 'NONE', #10821 ) ;
#6231 = CARTESIAN_POINT ( 'NONE',  ( -4.669999999999994600, 1.200000000000000178, 0.3500000000000037526 ) ) ;
#6232 = CARTESIAN_POINT ( 'NONE',  ( -2.424999999999998934, -9.145009628790772415E-16, -1.850000000000000533 ) ) ;
#6233 = MECHANICAL_DESIGN_GEOMETRIC_PRESENTATION_REPRESENTATION (  '', ( #1651 ), #6435 ) ;
#6234 = ORIENTED_EDGE ( 'NONE', *, *, #8912, .T. ) ;
#6235 = DIRECTION ( 'NONE',  ( -0.000000000000000000, 0.000000000000000000, 1.000000000000000000 ) ) ;
#6236 = ORIENTED_EDGE ( 'NONE', *, *, #1946, .F. ) ;
#6237 = DIRECTION ( 'NONE',  ( 0.000000000000000000, 4.814824860968090180E-32, 1.000000000000000000 ) ) ;
#6238 = DIRECTION ( 'NONE',  ( 0.000000000000000000, 0.000000000000000000, -1.000000000000000000 ) ) ;
#6239 = EDGE_CURVE ( 'NONE', #773, #9571, #5703, .T. ) ;
#6240 = ORIENTED_EDGE ( 'NONE', *, *, #8129, .F. ) ;
#6242 = DIRECTION ( 'NONE',  ( 0.7071067811865471286, 3.572722524310773550E-15, 0.7071067811865479058 ) ) ;
#6241 = FILL_AREA_STYLE ('',( #9451 ) ) ;
#6243 = PRESENTATION_STYLE_ASSIGNMENT (( #7984 ) ) ;
#6244 =( LENGTH_UNIT ( ) NAMED_UNIT ( * ) SI_UNIT ( .MILLI., .METRE. ) );
#6245 = CARTESIAN_POINT ( 'NONE',  ( 3.700000000000019273, 4.700000000000000178, 0.1750000000000098976 ) ) ;
#6246 = ORIENTED_EDGE ( 'NONE', *, *, #1554, .T. ) ;
#6247 = VECTOR ( 'NONE', #1283, 1000.000000000000000 ) ;
#6248 = VECTOR ( 'NONE', #10766, 1000.000000000000000 ) ;
#6249 = ORIENTED_EDGE ( 'NONE', *, *, #5723, .T. ) ;
#6250 = DIRECTION ( 'NONE',  ( 0.000000000000000000, -1.000000000000000000, -1.355252715606857370E-16 ) ) ;
#6251 = SURFACE_STYLE_FILL_AREA ( #2126 ) ;
#6252 = ADVANCED_FACE ( 'NONE', ( #4861 ), #3245, .F. ) ;
#6253 = FACE_OUTER_BOUND ( 'NONE', #4314, .T. ) ;
#6254 = DIRECTION ( 'NONE',  ( 0.000000000000000000, 0.000000000000000000, -1.000000000000000000 ) ) ;
#6255 = CARTESIAN_POINT ( 'NONE',  ( 2.660000000000000142, 0.3499999999999999223, 2.350000000000004530 ) ) ;
#6256 = MECHANICAL_DESIGN_GEOMETRIC_PRESENTATION_REPRESENTATION (  '', ( #2724 ), #10844 ) ;
#6257 = CARTESIAN_POINT ( 'NONE',  ( -3.700000000000019273, 1.749999999999999778, -0.6750000000000004885 ) ) ;
#6258 = ORIENTED_EDGE ( 'NONE', *, *, #2104, .F. ) ;
#6259 = CARTESIAN_POINT ( 'NONE',  ( 4.300000000000006928, 2.599999999999999645, 0.9500000000000002887 ) ) ;
#6260 = ORIENTED_EDGE ( 'NONE', *, *, #858, .T. ) ;
#6261 = DIRECTION ( 'NONE',  ( -0.7071067811865495711, 0.7071067811865454633, 5.749850312562667193E-17 ) ) ;
#6262 =( GEOMETRIC_REPRESENTATION_CONTEXT ( 3 ) GLOBAL_UNCERTAINTY_ASSIGNED_CONTEXT ( ( #5859 ) ) GLOBAL_UNIT_ASSIGNED_CONTEXT ( ( #5671, #6491, #2401 ) ) REPRESENTATION_CONTEXT ( 'NONE', 'WORKASPACE' ) );
#6263 = DIRECTION ( 'NONE',  ( 0.000000000000000000, 1.000000000000000000, -4.858652729125647208E-17 ) ) ;
#6264 = CARTESIAN_POINT ( 'NONE',  ( -2.660000000000000142, 0.000000000000000000, 2.350000000000004530 ) ) ;
#6265 = EDGE_LOOP ( 'NONE', ( #2493, #4000, #3747, #3932, #6766, #6448, #9340, #7484 ) ) ;
#6266 = MECHANICAL_DESIGN_GEOMETRIC_PRESENTATION_REPRESENTATION (  '', ( #6789 ), #1871 ) ;
#6267 = ADVANCED_FACE ( 'NONE', ( #6572 ), #9944, .F. ) ;
#6268 = CARTESIAN_POINT ( 'NONE',  ( 0.1599999999999999756, 0.2999999999999999889, 1.850000000000004530 ) ) ;
#6269 = EDGE_CURVE ( 'NONE', #3450, #6798, #7750, .T. ) ;
#6270 = DIRECTION ( 'NONE',  ( 0.000000000000000000, 0.000000000000000000, -1.000000000000000000 ) ) ;
#6271 = PRESENTATION_STYLE_ASSIGNMENT (( #9705 ) ) ;
#6272 = DIRECTION ( 'NONE',  ( 0.000000000000000000, -1.000000000000000000, 0.000000000000000000 ) ) ;
#6273 = ORIENTED_EDGE ( 'NONE', *, *, #9875, .F. ) ;
#6274 = VECTOR ( 'NONE', #9019, 999.9999999999998863 ) ;
#6275 = DIRECTION ( 'NONE',  ( 1.000000000000000000, 0.000000000000000000, -0.000000000000000000 ) ) ;
#6276 = CARTESIAN_POINT ( 'NONE',  ( -1.725000000000000533, 4.699999999999996625, -1.750000000000039968 ) ) ;
#6277 = PLANE ( 'NONE',  #8389 ) ;
#6278 = CARTESIAN_POINT ( 'NONE',  ( -3.525881904447568882, 1.749999999999999778, -0.6283451969090763090 ) ) ;
#6279 = VERTEX_POINT ( 'NONE', #9339 ) ;
#6280 = VECTOR ( 'NONE', #1039, 1000.000000000000000 ) ;
#6281 = CARTESIAN_POINT ( 'NONE',  ( 3.500000000000000888, -1.029563014098700879, -0.9500000000000009548 ) ) ;
#6282 = ORIENTED_EDGE ( 'NONE', *, *, #10061, .F. ) ;
#6283 =( GEOMETRIC_REPRESENTATION_CONTEXT ( 3 ) GLOBAL_UNCERTAINTY_ASSIGNED_CONTEXT ( ( #1252 ) ) GLOBAL_UNIT_ASSIGNED_CONTEXT ( ( #2004, #264, #5247 ) ) REPRESENTATION_CONTEXT ( 'NONE', 'WORKASPACE' ) );
#6284 = CARTESIAN_POINT ( 'NONE',  ( -2.024999999999999023, -6.056577653194881466E-16, -1.850000000000000533 ) ) ;
#6285 = SURFACE_STYLE_USAGE ( .BOTH. , #7069 ) ;
#6286 = COLOUR_RGB ( '',1.000000000000000000, 0.8117647058823529438, 0.5019607843137254832 ) ;
#6287 = ORIENTED_EDGE ( 'NONE', *, *, #6145, .T. ) ;
#6288 =( NAMED_UNIT ( * ) SI_UNIT ( $, .STERADIAN. ) SOLID_ANGLE_UNIT ( ) );
#6289 = VECTOR ( 'NONE', #10801, 1000.000000000000000 ) ;
#6290 =( NAMED_UNIT ( * ) PLANE_ANGLE_UNIT ( ) SI_UNIT ( $, .RADIAN. ) );
#6291 =( LENGTH_UNIT ( ) NAMED_UNIT ( * ) SI_UNIT ( .MILLI., .METRE. ) );
#6292 = FILL_AREA_STYLE ('',( #7929 ) ) ;
#6293 = CARTESIAN_POINT ( 'NONE',  ( -5.199999999999999289, 2.099999999999999645, -1.550000000000000488 ) ) ;
#6294 = ORIENTED_EDGE ( 'NONE', *, *, #6423, .T. ) ;
#6295 =( GEOMETRIC_REPRESENTATION_CONTEXT ( 3 ) GLOBAL_UNCERTAINTY_ASSIGNED_CONTEXT ( ( #42 ) ) GLOBAL_UNIT_ASSIGNED_CONTEXT ( ( #3573, #7825, #2704 ) ) REPRESENTATION_CONTEXT ( 'NONE', 'WORKASPACE' ) );
#6296 = VECTOR ( 'NONE', #846, 1000.000000000000000 ) ;
#6297 = CARTESIAN_POINT ( 'NONE',  ( -3.525881904447568882, 1.749999999999999778, 0.1283451969090873557 ) ) ;
#6298 = CYLINDRICAL_SURFACE ( 'NONE', #9328, 0.09999999995018485355 ) ;
#6299 = MECHANICAL_DESIGN_GEOMETRIC_PRESENTATION_REPRESENTATION (  '', ( #4554 ), #6507 ) ;
#6300 = ORIENTED_EDGE ( 'NONE', *, *, #3090, .F. ) ;
#6301 =( LENGTH_UNIT ( ) NAMED_UNIT ( * ) SI_UNIT ( .MILLI., .METRE. ) );
#6302 = ORIENTED_EDGE ( 'NONE', *, *, #928, .T. ) ;
#6303 = DIRECTION ( 'NONE',  ( 0.000000000000000000, -1.355252715606857123E-16, 1.000000000000000000 ) ) ;
#6304 = COLOUR_RGB ( '',1.000000000000000000, 1.000000000000000000, 1.000000000000000000 ) ;
#6305 = UNCERTAINTY_MEASURE_WITH_UNIT (LENGTH_MEASURE( 1.000000000000000082E-05 ), #9177, 'distance_accuracy_value', 'NONE');
#6306 = LINE ( 'NONE', #6973, #8749 ) ;
#6307 = COLOUR_RGB ( '',1.000000000000000000, 0.8117647058823529438, 0.5019607843137254832 ) ;
#6308 = STYLED_ITEM ( 'NONE', ( #10423 ), #10487 ) ;
#6309 = STYLED_ITEM ( 'NONE', ( #8452 ), #6620 ) ;
#6310 = LINE ( 'NONE', #4591, #3076 ) ;
#6311 = UNCERTAINTY_MEASURE_WITH_UNIT (LENGTH_MEASURE( 1.000000000000000082E-05 ), #7668, 'distance_accuracy_value', 'NONE');
#6312 = STYLED_ITEM ( 'NONE', ( #1942 ), #2828 ) ;
#6313 = FILL_AREA_STYLE_COLOUR ( '', #5051 ) ;
#6314 = ADVANCED_FACE ( 'NONE', ( #1830 ), #9437, .T. ) ;
#6315 = FILL_AREA_STYLE_COLOUR ( '', #9499 ) ;
#6316 = CARTESIAN_POINT ( 'NONE',  ( 2.339999999999999858, 0.000000000000000000, 0.000000000000000000 ) ) ;
#6317 = ORIENTED_EDGE ( 'NONE', *, *, #9194, .F. ) ;
#6318 = CARTESIAN_POINT ( 'NONE',  ( 5.699999999999970868, 4.700000000000057021, 0.1500000000000077660 ) ) ;
#6319 = VERTEX_POINT ( 'NONE', #2592 ) ;
#6320 = PRESENTATION_LAYER_ASSIGNMENT (  '', '', ( #6130 ) ) ;
#6322 = CARTESIAN_POINT ( 'NONE',  ( -3.500000000000001776, -1.029563014098700879, 1.850000000000000533 ) ) ;
#6321 = COLOUR_RGB ( '',1.000000000000000000, 1.000000000000000000, 1.000000000000000000 ) ;
#6323 = VECTOR ( 'NONE', #3987, 1000.000000000000000 ) ;
#6324 = DIRECTION ( 'NONE',  ( -0.000000000000000000, -0.000000000000000000, -1.000000000000000000 ) ) ;
#6325 = VECTOR ( 'NONE', #9807, 1000.000000000000000 ) ;
#6326 = VERTEX_POINT ( 'NONE', #9221 ) ;
#6327 = AXIS2_PLACEMENT_3D ( 'NONE', #9240, #5209, #3370 ) ;
#6328 = LINE ( 'NONE', #3758, #4923 ) ;
#6329 = LINE ( 'NONE', #9703, #8215 ) ;
#6330 = AXIS2_PLACEMENT_3D ( 'NONE', #5084, #993, #4323 ) ;
#6332 =( NAMED_UNIT ( * ) SI_UNIT ( $, .STERADIAN. ) SOLID_ANGLE_UNIT ( ) );
#6331 = STYLED_ITEM ( 'NONE', ( #5168 ), #7044 ) ;
#6333 = EDGE_CURVE ( 'NONE', #2695, #6135, #135, .T. ) ;
#6334 = CARTESIAN_POINT ( 'NONE',  ( -4.469999999999994422, 0.4500000000000009548, 0.3500000000000037526 ) ) ;
#6335 = ORIENTED_EDGE ( 'NONE', *, *, #1295, .F. ) ;
#6336 = COLOUR_RGB ( '',1.000000000000000000, 0.8117647058823529438, 0.5019607843137254832 ) ;
#6337 = FACE_OUTER_BOUND ( 'NONE', #10244, .T. ) ;
#6338 = EDGE_CURVE ( 'NONE', #881, #6099, #3352, .T. ) ;
#6339 = FILL_AREA_STYLE ('',( #10585 ) ) ;
#6341 = EDGE_CURVE ( 'NONE', #10282, #2147, #6781, .T. ) ;
#6340 = FILL_AREA_STYLE ('',( #1213 ) ) ;
#6342 = FILL_AREA_STYLE_COLOUR ( '', #10418 ) ;
#6343 = CARTESIAN_POINT ( 'NONE',  ( 2.350000000000004974, -2.350000000000002753, -1.850000000000000533 ) ) ;
#6344 = FACE_OUTER_BOUND ( 'NONE', #7310, .T. ) ;
#6345 = PRESENTATION_LAYER_ASSIGNMENT (  '', '', ( #9338 ) ) ;
#6346 = PRESENTATION_STYLE_ASSIGNMENT (( #2855 ) ) ;
#6347 = VERTEX_POINT ( 'NONE', #5026 ) ;
#6348 = PLANE ( 'NONE',  #10369 ) ;
#6349 = VERTEX_POINT ( 'NONE', #8400 ) ;
#6350 = DIRECTION ( 'NONE',  ( -1.000000000000000000, 0.000000000000000000, 1.182766006347823109E-16 ) ) ;
#6351 = FILL_AREA_STYLE_COLOUR ( '', #5629 ) ;
#6352 = VECTOR ( 'NONE', #3960, 1000.000000000000000 ) ;
#6353 = CARTESIAN_POINT ( 'NONE',  ( -1.090000000000000080, 0.4500000000000002331, 6.098637220230963674E-17 ) ) ;
#6354 = EDGE_CURVE ( 'NONE', #1915, #9923, #4155, .T. ) ;
#6355 = ORIENTED_EDGE ( 'NONE', *, *, #753, .T. ) ;
#6356 = SURFACE_SIDE_STYLE ('',( #4848 ) ) ;
#6357 =( NAMED_UNIT ( * ) SI_UNIT ( $, .STERADIAN. ) SOLID_ANGLE_UNIT ( ) );
#6358 =( LENGTH_UNIT ( ) NAMED_UNIT ( * ) SI_UNIT ( .MILLI., .METRE. ) );
#6359 = LINE ( 'NONE', #9727, #4461 ) ;
#6360 = FILL_AREA_STYLE ('',( #8080 ) ) ;
#6361 = EDGE_CURVE ( 'NONE', #8682, #4755, #3615, .T. ) ;
#6362 = MECHANICAL_DESIGN_GEOMETRIC_PRESENTATION_REPRESENTATION (  '', ( #3508 ), #6365 ) ;
#6363 = ORIENTED_EDGE ( 'NONE', *, *, #5177, .F. ) ;
#6364 =( LENGTH_UNIT ( ) NAMED_UNIT ( * ) SI_UNIT ( .MILLI., .METRE. ) );
#6365 =( GEOMETRIC_REPRESENTATION_CONTEXT ( 3 ) GLOBAL_UNCERTAINTY_ASSIGNED_CONTEXT ( ( #2232 ) ) GLOBAL_UNIT_ASSIGNED_CONTEXT ( ( #2541, #9342, #3563 ) ) REPRESENTATION_CONTEXT ( 'NONE', 'WORKASPACE' ) );
#6366 = VERTEX_POINT ( 'NONE', #8890 ) ;
#6367 = CARTESIAN_POINT ( 'NONE',  ( -4.669999999999994600, 1.399999999999999911, 0.3500000000000037526 ) ) ;
#6368 = ORIENTED_EDGE ( 'NONE', *, *, #2890, .F. ) ;
#6369 = CARTESIAN_POINT ( 'NONE',  ( 1.409999999999999698, 0.3000000000000002665, 4.065758146820575067E-17 ) ) ;
#6370 = DIRECTION ( 'NONE',  ( -1.000000000000000000, 0.000000000000000000, 0.000000000000000000 ) ) ;
#6371 = CARTESIAN_POINT ( 'NONE',  ( -2.425000000000000266, 3.249999999999996891, -1.850000000000000533 ) ) ;
#6372 =( NAMED_UNIT ( * ) SI_UNIT ( $, .STERADIAN. ) SOLID_ANGLE_UNIT ( ) );
#6373 = AXIS2_PLACEMENT_3D ( 'NONE', #2201, #300, #8732 ) ;
#6374 = CARTESIAN_POINT ( 'NONE',  ( -3.400000000000024336, 1.749999999999999778, 0.2249377794898766159 ) ) ;
#6375 = CARTESIAN_POINT ( 'NONE',  ( 0.000000000000000000, 3.249999999999996891, -1.850000000000000533 ) ) ;
#6376 = DIRECTION ( 'NONE',  ( 0.000000000000000000, 1.000000000000000000, 0.000000000000000000 ) ) ;
#6377 = ORIENTED_EDGE ( 'NONE', *, *, #2223, .F. ) ;
#6378 = FILL_AREA_STYLE_COLOUR ( '', #553 ) ;
#6379 = ORIENTED_EDGE ( 'NONE', *, *, #5609, .T. ) ;
#6380 = STYLED_ITEM ( 'NONE', ( #8200 ), #9080 ) ;
#6381 = DIRECTION ( 'NONE',  ( -1.000000000000000000, 0.000000000000000000, 0.000000000000000000 ) ) ;
#6382 = DIRECTION ( 'NONE',  ( -1.000000000000000000, -0.000000000000000000, -0.000000000000000000 ) ) ;
#6383 = ORIENTED_EDGE ( 'NONE', *, *, #5378, .T. ) ;
#6384 = EDGE_CURVE ( 'NONE', #8121, #4054, #7184, .T. ) ;
#6385 = AXIS2_PLACEMENT_3D ( 'NONE', #3778, #3133, #8235 ) ;
#6386 = CARTESIAN_POINT ( 'NONE',  ( 0.1599999999999999756, 0.1000000000000000056, 2.350000000000004530 ) ) ;
#6387 = ORIENTED_EDGE ( 'NONE', *, *, #2726, .T. ) ;
#6388 = DIRECTION ( 'NONE',  ( 0.000000000000000000, 0.1736481776669268617, -0.9848077530122086864 ) ) ;
#6389 = CARTESIAN_POINT ( 'NONE',  ( 4.000000000000001776, 3.700000000000000178, 1.549999999999988498 ) ) ;
#6390 =( LENGTH_UNIT ( ) NAMED_UNIT ( * ) SI_UNIT ( .MILLI., .METRE. ) );
#6391 = LINE ( 'NONE', #4562, #639 ) ;
#6392 = PLANE ( 'NONE',  #8434 ) ;
#6393 = MECHANICAL_DESIGN_GEOMETRIC_PRESENTATION_REPRESENTATION (  '', ( #6024 ), #4238 ) ;
#6394 = DIRECTION ( 'NONE',  ( -0.000000000000000000, -0.000000000000000000, 1.000000000000000000 ) ) ;
#6395 = ORIENTED_EDGE ( 'NONE', *, *, #8657, .T. ) ;
#6396 = DIRECTION ( 'NONE',  ( 1.000000000000000000, -0.000000000000000000, 0.000000000000000000 ) ) ;
#6397 = EDGE_CURVE ( 'NONE', #2284, #605, #8740, .T. ) ;
#6398 = ORIENTED_EDGE ( 'NONE', *, *, #1305, .F. ) ;
#6399 = LINE ( 'NONE', #10536, #9958 ) ;
#6400 = CARTESIAN_POINT ( 'NONE',  ( 1.409999999999999698, 0.4500000000000002331, 6.098637220230963674E-17 ) ) ;
#6401 = PRESENTATION_STYLE_ASSIGNMENT (( #4910 ) ) ;
#6402 = ORIENTED_EDGE ( 'NONE', *, *, #565, .F. ) ;
#6403 = CARTESIAN_POINT ( 'NONE',  ( -1.090000000000000080, 3.548929149633788249, 0.000000000000000000 ) ) ;
#6404 = CARTESIAN_POINT ( 'NONE',  ( 1.409999999999999698, 0.4500000000000000111, 1.850000000000004530 ) ) ;
#6405 = PRESENTATION_STYLE_ASSIGNMENT (( #1384 ) ) ;
#6406 = LINE ( 'NONE', #9775, #9068 ) ;
#6407 = DIRECTION ( 'NONE',  ( 1.000000000000000000, -3.614007241618355673E-16, 0.000000000000000000 ) ) ;
#6408 = DIRECTION ( 'NONE',  ( -1.000000000000000000, -0.000000000000000000, -0.000000000000000000 ) ) ;
#6409 = ORIENTED_EDGE ( 'NONE', *, *, #3479, .F. ) ;
#6410 = EDGE_CURVE ( 'NONE', #3485, #521, #7865, .T. ) ;
#6411 = FILL_AREA_STYLE ('',( #5587 ) ) ;
#6412 = EDGE_CURVE ( 'NONE', #2134, #723, #3776, .T. ) ;
#6413 = UNCERTAINTY_MEASURE_WITH_UNIT (LENGTH_MEASURE( 1.000000000000000082E-05 ), #708, 'distance_accuracy_value', 'NONE');
#6414 = CARTESIAN_POINT ( 'NONE',  ( -4.219999999999994422, 1.200000000000000178, -1.849999999999996314 ) ) ;
#6415 = EDGE_CURVE ( 'NONE', #7053, #1069, #1166, .T. ) ;
#6416 = DIRECTION ( 'NONE',  ( 0.000000000000000000, 0.000000000000000000, -1.000000000000000000 ) ) ;
#6417 = ORIENTED_EDGE ( 'NONE', *, *, #4080, .T. ) ;
#6418 = PRESENTATION_STYLE_ASSIGNMENT (( #9621 ) ) ;
#6419 = ORIENTED_EDGE ( 'NONE', *, *, #8129, .T. ) ;
#6420 = STYLED_ITEM ( 'NONE', ( #7424 ), #3906 ) ;
#6421 = FACE_OUTER_BOUND ( 'NONE', #8860, .T. ) ;
#6422 = UNCERTAINTY_MEASURE_WITH_UNIT (LENGTH_MEASURE( 1.000000000000000082E-05 ), #3301, 'distance_accuracy_value', 'NONE');
#6423 = EDGE_CURVE ( 'NONE', #7071, #176, #8791, .T. ) ;
#6424 = UNCERTAINTY_MEASURE_WITH_UNIT (LENGTH_MEASURE( 1.000000000000000082E-05 ), #5724, 'distance_accuracy_value', 'NONE');
#6425 = VECTOR ( 'NONE', #10312, 1000.000000000000000 ) ;
#6426 = VECTOR ( 'NONE', #2818, 1000.000000000000000 ) ;
#6427 =( LENGTH_UNIT ( ) NAMED_UNIT ( * ) SI_UNIT ( .MILLI., .METRE. ) );
#6428 = PRESENTATION_STYLE_ASSIGNMENT (( #9633 ) ) ;
#6429 = VERTEX_POINT ( 'NONE', #4617 ) ;
#6430 = LINE ( 'NONE', #8048, #9347 ) ;
#6431 = EDGE_LOOP ( 'NONE', ( #1569, #3239, #8015, #3737, #10703, #7943 ) ) ;
#6432 = CARTESIAN_POINT ( 'NONE',  ( 3.449999999999997957, 3.450000000000007283, -1.850000000000000533 ) ) ;
#6433 = PRESENTATION_STYLE_ASSIGNMENT (( #8110 ) ) ;
#6434 = CARTESIAN_POINT ( 'NONE',  ( -4.300000000000001599, 2.600000000000000533, -1.850000000000000533 ) ) ;
#6435 =( GEOMETRIC_REPRESENTATION_CONTEXT ( 3 ) GLOBAL_UNCERTAINTY_ASSIGNED_CONTEXT ( ( #7536 ) ) GLOBAL_UNIT_ASSIGNED_CONTEXT ( ( #5272, #7717, #6757 ) ) REPRESENTATION_CONTEXT ( 'NONE', 'WORKASPACE' ) );
#6436 = SURFACE_SIDE_STYLE ('',( #7331 ) ) ;
#6437 = CLOSED_SHELL ( 'NONE', ( #7798, #5229, #5198, #8973, #10130, #10681, #3824, #1012, #7237, #4489 ) ) ;
#6438 = DIRECTION ( 'NONE',  ( -0.000000000000000000, 0.000000000000000000, 1.000000000000000000 ) ) ;
#6439 = CARTESIAN_POINT ( 'NONE',  ( -0.1599999999999999756, 0.1000000000000000056, 2.350000000000004530 ) ) ;
#6440 = ORIENTED_EDGE ( 'NONE', *, *, #3017, .T. ) ;
#6441 =( NAMED_UNIT ( * ) SI_UNIT ( $, .STERADIAN. ) SOLID_ANGLE_UNIT ( ) );
#6442 = EDGE_CURVE ( 'NONE', #8567, #6230, #3559, .T. ) ;
#6443 = CARTESIAN_POINT ( 'NONE',  ( -4.000000000000001776, 1.749999999999999778, 1.850000000000000533 ) ) ;
#6444 = VECTOR ( 'NONE', #8559, 1000.000000000000000 ) ;
#6445 = CARTESIAN_POINT ( 'NONE',  ( -3.499999999950209606, 1.749999999999999778, -0.7249377794898655969 ) ) ;
#6446 = ORIENTED_EDGE ( 'NONE', *, *, #2303, .T. ) ;
#6447 = CARTESIAN_POINT ( 'NONE',  ( 2.439999999999999947, 4.000000000000000000, -0.5250000000000403233 ) ) ;
#6448 = ORIENTED_EDGE ( 'NONE', *, *, #5978, .T. ) ;
#6449 = LINE ( 'NONE', #7181, #9602 ) ;
#6450 = CARTESIAN_POINT ( 'NONE',  ( -3.499999999950209606, 1.749999999999999778, 0.2249377794898766159 ) ) ;
#6451 = VECTOR ( 'NONE', #5539, 1000.000000000000000 ) ;
#6452 = PLANE ( 'NONE',  #3474 ) ;
#6453 = DIRECTION ( 'NONE',  ( 0.000000000000000000, -4.814824860968089633E-32, -1.000000000000000000 ) ) ;
#6454 = ADVANCED_FACE ( 'NONE', ( #4501 ), #6951, .F. ) ;
#6455 = ORIENTED_EDGE ( 'NONE', *, *, #2961, .T. ) ;
#6456 = CARTESIAN_POINT ( 'NONE',  ( 3.400000000000025224, 4.400000000000002132, 0.2249377794898757832 ) ) ;
#6457 = SURFACE_STYLE_FILL_AREA ( #2265 ) ;
#6458 = FACE_OUTER_BOUND ( 'NONE', #4406, .T. ) ;
#6459 = CARTESIAN_POINT ( 'NONE',  ( 0.000000000000000000, 0.2999999999999999889, 0.000000000000000000 ) ) ;
#6460 = DIRECTION ( 'NONE',  ( -0.000000000000000000, 1.000000000000000000, -0.000000000000000000 ) ) ;
#6461 = EDGE_LOOP ( 'NONE', ( #6287, #6229, #10037, #1828, #3494, #1184 ) ) ;
#6462 = ORIENTED_EDGE ( 'NONE', *, *, #6756, .T. ) ;
#6463 = LINE ( 'NONE', #9839, #7487 ) ;
#6464 = LINE ( 'NONE', #10002, #2429 ) ;
#6465 = VECTOR ( 'NONE', #8637, 1000.000000000000000 ) ;
#6466 = EDGE_CURVE ( 'NONE', #6135, #6279, #3675, .T. ) ;
#6467 = DIRECTION ( 'NONE',  ( -0.000000000000000000, -0.000000000000000000, -1.000000000000000000 ) ) ;
#6468 = ORIENTED_EDGE ( 'NONE', *, *, #3919, .F. ) ;
#6469 = ADVANCED_FACE ( 'NONE', ( #9604 ), #1107, .T. ) ;
#6470 = ORIENTED_EDGE ( 'NONE', *, *, #5263, .T. ) ;
#6471 = SURFACE_STYLE_FILL_AREA ( #2064 ) ;
#6472 = AXIS2_PLACEMENT_3D ( 'NONE', #10731, #6639, #5659 ) ;
#6473 = EDGE_CURVE ( 'NONE', #9939, #435, #1998, .T. ) ;
#6474 = CARTESIAN_POINT ( 'NONE',  ( -5.249999999999999112, 0.5500000000000001554, 0.9500000000000002887 ) ) ;
#6475 = STYLED_ITEM ( 'NONE', ( #7118 ), #1018 ) ;
#6476 = CARTESIAN_POINT ( 'NONE',  ( 3.525881904447568882, 1.749999999999999778, -0.6283451969090770861 ) ) ;
#6477 = FILL_AREA_STYLE ('',( #1575 ) ) ;
#6478 = CARTESIAN_POINT ( 'NONE',  ( -4.669999999999994600, 1.399999999999999911, 0.3500000000000037526 ) ) ;
#6479 = VECTOR ( 'NONE', #2328, 1000.000000000000000 ) ;
#6480 = EDGE_LOOP ( 'NONE', ( #583, #7430, #6960, #3537 ) ) ;
#6481 = VECTOR ( 'NONE', #8251, 1000.000000000000000 ) ;
#6482 = CARTESIAN_POINT ( 'NONE',  ( -5.249999999999999112, 0.2999999999999981570, 0.8000000000000004885 ) ) ;
#6483 = EDGE_CURVE ( 'NONE', #10249, #6326, #857, .T. ) ;
#6484 = ORIENTED_EDGE ( 'NONE', *, *, #6009, .T. ) ;
#6485 = DIRECTION ( 'NONE',  ( -1.000000000000000000, 6.570922257487672349E-16, 1.182766006347823109E-16 ) ) ;
#6486 = EDGE_CURVE ( 'NONE', #176, #6174, #8844, .T. ) ;
#6487 = CARTESIAN_POINT ( 'NONE',  ( -2.339999999999999858, 1.749999999999999778, -0.3250000000000474176 ) ) ;
#6488 =( GEOMETRIC_REPRESENTATION_CONTEXT ( 3 ) GLOBAL_UNCERTAINTY_ASSIGNED_CONTEXT ( ( #9643 ) ) GLOBAL_UNIT_ASSIGNED_CONTEXT ( ( #6511, #4739, #5577 ) ) REPRESENTATION_CONTEXT ( 'NONE', 'WORKASPACE' ) );
#6489 = PRESENTATION_STYLE_ASSIGNMENT (( #8216 ) ) ;
#6490 = AXIS2_PLACEMENT_3D ( 'NONE', #5304, #81, #6891 ) ;
#6491 =( NAMED_UNIT ( * ) PLANE_ANGLE_UNIT ( ) SI_UNIT ( $, .RADIAN. ) );
#6492 = PRESENTATION_STYLE_ASSIGNMENT (( #9921 ) ) ;
#6493 = LINE ( 'NONE', #3003, #1751 ) ;
#6494 = AXIS2_PLACEMENT_3D ( 'NONE', #1341, #2172, #5482 ) ;
#6495 = PRESENTATION_LAYER_ASSIGNMENT (  '', '', ( #6131 ) ) ;
#6496 = ORIENTED_EDGE ( 'NONE', *, *, #387, .F. ) ;
#6497 =( GEOMETRIC_REPRESENTATION_CONTEXT ( 3 ) GLOBAL_UNCERTAINTY_ASSIGNED_CONTEXT ( ( #9299 ) ) GLOBAL_UNIT_ASSIGNED_CONTEXT ( ( #4965, #9158, #1707 ) ) REPRESENTATION_CONTEXT ( 'NONE', 'WORKASPACE' ) );
#6498 = PRESENTATION_STYLE_ASSIGNMENT (( #8992 ) ) ;
#6499 =( LENGTH_UNIT ( ) NAMED_UNIT ( * ) SI_UNIT ( .MILLI., .METRE. ) );
#6500 = MECHANICAL_DESIGN_GEOMETRIC_PRESENTATION_REPRESENTATION (  '', ( #2611 ), #7031 ) ;
#6501 = SURFACE_STYLE_USAGE ( .BOTH. , #5828 ) ;
#6502 = LINE ( 'NONE', #3821, #2086 ) ;
#6503 = PRESENTATION_STYLE_ASSIGNMENT (( #3978 ) ) ;
#6504 = ORIENTED_EDGE ( 'NONE', *, *, #4274, .F. ) ;
#6505 = EDGE_LOOP ( 'NONE', ( #9881, #9282, #57, #1301, #8839, #9081, #8926, #3842, #8584 ) ) ;
#6506 = VECTOR ( 'NONE', #5592, 1000.000000000000000 ) ;
#6507 =( GEOMETRIC_REPRESENTATION_CONTEXT ( 3 ) GLOBAL_UNCERTAINTY_ASSIGNED_CONTEXT ( ( #10725 ) ) GLOBAL_UNIT_ASSIGNED_CONTEXT ( ( #4139, #8450, #5939 ) ) REPRESENTATION_CONTEXT ( 'NONE', 'WORKASPACE' ) );
#6508 = FILL_AREA_STYLE_COLOUR ( '', #9269 ) ;
#6509 = VECTOR ( 'NONE', #8872, 1000.000000000000000 ) ;
#6510 = PLANE ( 'NONE',  #4733 ) ;
#6511 =( LENGTH_UNIT ( ) NAMED_UNIT ( * ) SI_UNIT ( .MILLI., .METRE. ) );
#6512 = COLOUR_RGB ( '',1.000000000000000000, 0.8117647058823529438, 0.5019607843137254832 ) ;
#6513 = ORIENTED_EDGE ( 'NONE', *, *, #10235, .T. ) ;
#6514 = DIRECTION ( 'NONE',  ( 0.000000000000000000, -0.7071067811865391350, 0.7071067811865560104 ) ) ;
#6515 = CARTESIAN_POINT ( 'NONE',  ( -2.339999999999999858, -1.125000000000002442, 1.125000000000004663 ) ) ;
#6516 = PLANE ( 'NONE',  #3068 ) ;
#6517 = FACE_OUTER_BOUND ( 'NONE', #10089, .T. ) ;
#6518 = LINE ( 'NONE', #1654, #4332 ) ;
#6519 = ORIENTED_EDGE ( 'NONE', *, *, #5739, .T. ) ;
#6520 = SURFACE_STYLE_FILL_AREA ( #2374 ) ;
#6521 = VERTEX_POINT ( 'NONE', #9159 ) ;
#6522 = DIRECTION ( 'NONE',  ( -1.000000000000000000, -0.000000000000000000, -0.000000000000000000 ) ) ;
#6523 = ADVANCED_FACE ( 'NONE', ( #7415 ), #1543, .F. ) ;
#6524 = AXIS2_PLACEMENT_3D ( 'NONE', #2767, #10281, #6138 ) ;
#6525 = LINE ( 'NONE', #1611, #7737 ) ;
#6526 = FILL_AREA_STYLE ('',( #4008 ) ) ;
#6527 = ORIENTED_EDGE ( 'NONE', *, *, #4335, .T. ) ;
#6528 = CARTESIAN_POINT ( 'NONE',  ( -3.400000000000024336, 1.749999999999999778, 0.2249377794898766159 ) ) ;
#6529 = ORIENTED_EDGE ( 'NONE', *, *, #9533, .F. ) ;
#6530 = VECTOR ( 'NONE', #3248, 1000.000000000000000 ) ;
#6531 = DIRECTION ( 'NONE',  ( 1.000000000000000000, -3.157870405297586439E-16, 0.000000000000000000 ) ) ;
#6532 = FILL_AREA_STYLE ('',( #8718 ) ) ;
#6533 = UNCERTAINTY_MEASURE_WITH_UNIT (LENGTH_MEASURE( 1.000000000000000082E-05 ), #5679, 'distance_accuracy_value', 'NONE');
#6534 = LINE ( 'NONE', #6476, #4255 ) ;
#6535 = UNCERTAINTY_MEASURE_WITH_UNIT (LENGTH_MEASURE( 1.000000000000000082E-05 ), #7311, 'distance_accuracy_value', 'NONE');
#6536 = UNCERTAINTY_MEASURE_WITH_UNIT (LENGTH_MEASURE( 1.000000000000000082E-05 ), #5874, 'distance_accuracy_value', 'NONE');
#6537 = SURFACE_STYLE_USAGE ( .BOTH. , #7437 ) ;
#6538 = DIRECTION ( 'NONE',  ( 0.000000000000000000, -1.355252715606880049E-16, 1.000000000000000000 ) ) ;
#6539 = ORIENTED_EDGE ( 'NONE', *, *, #577, .T. ) ;
#6540 = ORIENTED_EDGE ( 'NONE', *, *, #1819, .F. ) ;
#6541 = DIRECTION ( 'NONE',  ( -5.059610138265695576E-16, 0.000000000000000000, -1.000000000000000000 ) ) ;
#6542 = DIRECTION ( 'NONE',  ( -0.000000000000000000, 0.7071067811865495711, 0.7071067811865454633 ) ) ;
#6543 = MECHANICAL_DESIGN_GEOMETRIC_PRESENTATION_REPRESENTATION (  '', ( #5133 ), #7624 ) ;
#6544 = CARTESIAN_POINT ( 'NONE',  ( 0.1599999999999999756, 3.999999999999999112, -0.5250000000000403233 ) ) ;
#6545 = UNCERTAINTY_MEASURE_WITH_UNIT (LENGTH_MEASURE( 1.000000000000000082E-05 ), #5413, 'distance_accuracy_value', 'NONE');
#6546 = CARTESIAN_POINT ( 'NONE',  ( 2.339999999999999858, 1.083335593717822357E-31, 2.250000000000004441 ) ) ;
#6547 = ADVANCED_FACE ( 'NONE', ( #6612 ), #2318, .F. ) ;
#6548 = LINE ( 'NONE', #1587, #3959 ) ;
#6549 = EDGE_CURVE ( 'NONE', #10806, #2134, #7466, .T. ) ;
#6550 = AXIS2_PLACEMENT_3D ( 'NONE', #7146, #10498, #7262 ) ;
#6551 = VERTEX_POINT ( 'NONE', #7298 ) ;
#6552 = EDGE_CURVE ( 'NONE', #506, #951, #2263, .T. ) ;
#6553 = CARTESIAN_POINT ( 'NONE',  ( -5.499999999999995559, 2.449978563248832020E-15, -1.850000000000000533 ) ) ;
#6554 = CARTESIAN_POINT ( 'NONE',  ( 3.700000000000019273, 1.749999999999999778, 0.1750000000000098976 ) ) ;
#6555 = CARTESIAN_POINT ( 'NONE',  ( -4.000000000000001776, 0.2999999999999999889, 0.8000000000000004885 ) ) ;
#6556 =( NAMED_UNIT ( * ) PLANE_ANGLE_UNIT ( ) SI_UNIT ( $, .RADIAN. ) );
#6557 = ORIENTED_EDGE ( 'NONE', *, *, #3362, .T. ) ;
#6558 = FACE_OUTER_BOUND ( 'NONE', #5582, .T. ) ;
#6559 =( GEOMETRIC_REPRESENTATION_CONTEXT ( 3 ) GLOBAL_UNCERTAINTY_ASSIGNED_CONTEXT ( ( #5544 ) ) GLOBAL_UNIT_ASSIGNED_CONTEXT ( ( #1664, #9173, #6691 ) ) REPRESENTATION_CONTEXT ( 'NONE', 'WORKASPACE' ) );
#6560 = ORIENTED_EDGE ( 'NONE', *, *, #7710, .T. ) ;
#6561 = CARTESIAN_POINT ( 'NONE',  ( -4.669999999999994600, 0.4500000000000010103, 0.3500000000000037526 ) ) ;
#6562 = LINE ( 'NONE', #8336, #1881 ) ;
#6563 =( GEOMETRIC_REPRESENTATION_CONTEXT ( 3 ) GLOBAL_UNCERTAINTY_ASSIGNED_CONTEXT ( ( #8098 ) ) GLOBAL_UNIT_ASSIGNED_CONTEXT ( ( #9711, #558, #10637 ) ) REPRESENTATION_CONTEXT ( 'NONE', 'WORKASPACE' ) );
#6564 = CARTESIAN_POINT ( 'NONE',  ( -4.000000000000001776, 0.000000000000000000, 1.850000000000000533 ) ) ;
#6565 = DIRECTION ( 'NONE',  ( -1.000000000000000000, 6.570922257487672349E-16, 0.000000000000000000 ) ) ;
#6566 = CARTESIAN_POINT ( 'NONE',  ( -4.669999999999994600, 1.650000000000000133, -1.849999999999996314 ) ) ;
#6567 = ORIENTED_EDGE ( 'NONE', *, *, #1228, .T. ) ;
#6568 = DIRECTION ( 'NONE',  ( 0.000000000000000000, 0.000000000000000000, -1.000000000000000000 ) ) ;
#6569 = ORIENTED_EDGE ( 'NONE', *, *, #5472, .F. ) ;
#6570 = FACE_OUTER_BOUND ( 'NONE', #7452, .T. ) ;
#6571 = COLOUR_RGB ( '',1.000000000000000000, 1.000000000000000000, 1.000000000000000000 ) ;
#6572 = FACE_OUTER_BOUND ( 'NONE', #3554, .T. ) ;
#6573 = CARTESIAN_POINT ( 'NONE',  ( 1.409999999999999698, 1.749999999999999778, -0.3250000000000474176 ) ) ;
#6574 = ORIENTED_EDGE ( 'NONE', *, *, #2468, .F. ) ;
#6575 = PLANE ( 'NONE',  #5118 ) ;
#6576 = ADVANCED_FACE ( 'NONE', ( #668 ), #3883, .T. ) ;
#6577 = ORIENTED_EDGE ( 'NONE', *, *, #2685, .T. ) ;
#6578 = SURFACE_STYLE_FILL_AREA ( #4012 ) ;
#6579 = PLANE ( 'NONE',  #3186 ) ;
#6580 = ORIENTED_EDGE ( 'NONE', *, *, #7070, .T. ) ;
#6581 = SURFACE_SIDE_STYLE ('',( #5655 ) ) ;
#6582 = DIRECTION ( 'NONE',  ( -5.981291766781776942E-16, 0.000000000000000000, 1.000000000000000000 ) ) ;
#6583 = ORIENTED_EDGE ( 'NONE', *, *, #1228, .F. ) ;
#6584 = STYLED_ITEM ( 'NONE', ( #322 ), #3809 ) ;
#6585 = PRESENTATION_STYLE_ASSIGNMENT (( #7442 ) ) ;
#6586 = EDGE_CURVE ( 'NONE', #1839, #4514, #7351, .T. ) ;
#6587 = ORIENTED_EDGE ( 'NONE', *, *, #3481, .T. ) ;
#6588 = FILL_AREA_STYLE ('',( #8212 ) ) ;
#6589 = EDGE_CURVE ( 'NONE', #36, #7672, #8659, .T. ) ;
#6590 = PLANE ( 'NONE',  #6688 ) ;
#6591 = CARTESIAN_POINT ( 'NONE',  ( -6.489770460511939731, 0.3602469863822942431, -0.8602295394880543622 ) ) ;
#6592 = PLANE ( 'NONE',  #8635 ) ;
#6593 = AXIS2_PLACEMENT_3D ( 'NONE', #2489, #1718, #4153 ) ;
#6594 = DIRECTION ( 'NONE',  ( 0.000000000000000000, 1.355252715606880296E-16, -1.000000000000000000 ) ) ;
#6595 = CARTESIAN_POINT ( 'NONE',  ( 3.499999999950209606, 4.499999999950186513, -0.6249377795396816593 ) ) ;
#6596 = LINE ( 'NONE', #8324, #5972 ) ;
#6597 = ORIENTED_EDGE ( 'NONE', *, *, #8256, .F. ) ;
#6598 = CARTESIAN_POINT ( 'NONE',  ( -4.469999999999994422, 0.4500000000000009548, -1.749999999999994449 ) ) ;
#6599 = EDGE_CURVE ( 'NONE', #5368, #363, #70, .T. ) ;
#6600 = PRESENTATION_STYLE_ASSIGNMENT (( #3415 ) ) ;
#6601 = FILL_AREA_STYLE_COLOUR ( '', #8847 ) ;
#6602 = ADVANCED_FACE ( 'NONE', ( #6083 ), #5340, .F. ) ;
#6603 = AXIS2_PLACEMENT_3D ( 'NONE', #4219, #7645, #9868 ) ;
#6604 = DIRECTION ( 'NONE',  ( 0.000000000000000000, 0.000000000000000000, 1.000000000000000000 ) ) ;
#6605 = SURFACE_SIDE_STYLE ('',( #2472 ) ) ;
#6606 = VERTEX_POINT ( 'NONE', #340 ) ;
#6607 = EDGE_CURVE ( 'NONE', #10883, #5570, #4474, .T. ) ;
#6608 = CARTESIAN_POINT ( 'NONE',  ( 2.660000000000000142, 0.4500000000000002331, 6.098637220230963674E-17 ) ) ;
#6609 = VERTEX_POINT ( 'NONE', #7513 ) ;
#6610 = PLANE ( 'NONE',  #9967 ) ;
#6611 = DIRECTION ( 'NONE',  ( 0.000000000000000000, 0.7071067811865481278, -0.7071067811865470176 ) ) ;
#6612 = FACE_OUTER_BOUND ( 'NONE', #9114, .T. ) ;
#6613 = FILL_AREA_STYLE ('',( #3234 ) ) ;
#6614 = CARTESIAN_POINT ( 'NONE',  ( -4.569999999999998508, 21.00560209553989566, -1.849999999999995870 ) ) ;
#6615 = ADVANCED_FACE ( 'NONE', ( #6209 ), #6153, .F. ) ;
#6616 = SURFACE_STYLE_FILL_AREA ( #10814 ) ;
#6617 = LINE ( 'NONE', #782, #10706 ) ;
#6618 = ORIENTED_EDGE ( 'NONE', *, *, #9935, .F. ) ;
#6619 = VECTOR ( 'NONE', #488, 1000.000000000000000 ) ;
#6620 = ADVANCED_FACE ( 'NONE', ( #5836 ), #6978, .T. ) ;
#6621 = SURFACE_STYLE_USAGE ( .BOTH. , #9892 ) ;
#6622 = EDGE_LOOP ( 'NONE', ( #4615, #1536, #4284, #2175 ) ) ;
#6623 = STYLED_ITEM ( 'NONE', ( #673 ), #104 ) ;
#6624 = CARTESIAN_POINT ( 'NONE',  ( -4.669999999999994600, 0.4500000000000010103, 0.3500000000000037526 ) ) ;
#6625 = DIRECTION ( 'NONE',  ( 0.000000000000000000, 0.000000000000000000, 1.000000000000000000 ) ) ;
#6626 = MECHANICAL_DESIGN_GEOMETRIC_PRESENTATION_REPRESENTATION (  '', ( #5397 ), #5573 ) ;
#6627 = ORIENTED_EDGE ( 'NONE', *, *, #1631, .T. ) ;
#6628 = SURFACE_SIDE_STYLE ('',( #6783 ) ) ;
#6629 = MECHANICAL_DESIGN_GEOMETRIC_PRESENTATION_REPRESENTATION (  '', ( #8764 ), #647 ) ;
#6630 = DIRECTION ( 'NONE',  ( 0.000000000000000000, 1.000000000000000000, 0.000000000000000000 ) ) ;
#6631 = ORIENTED_EDGE ( 'NONE', *, *, #4152, .T. ) ;
#6632 = SURFACE_SIDE_STYLE ('',( #6578 ) ) ;
#6633 = CARTESIAN_POINT ( 'NONE',  ( -3.050000000000019806, 1.749999999999999778, 0.9499999999999860778 ) ) ;
#6634 = FACE_OUTER_BOUND ( 'NONE', #4370, .T. ) ;
#6635 = VERTEX_POINT ( 'NONE', #3339 ) ;
#6636 = UNCERTAINTY_MEASURE_WITH_UNIT (LENGTH_MEASURE( 1.000000000000000082E-05 ), #2352, 'distance_accuracy_value', 'NONE');
#6637 = DIRECTION ( 'NONE',  ( 0.000000000000000000, 0.000000000000000000, 1.000000000000000000 ) ) ;
#6638 = UNCERTAINTY_MEASURE_WITH_UNIT (LENGTH_MEASURE( 1.000000000000000082E-05 ), #8879, 'distance_accuracy_value', 'NONE');
#6639 = DIRECTION ( 'NONE',  ( 1.000000000000000000, -0.000000000000000000, 0.000000000000000000 ) ) ;
#6640 = EDGE_LOOP ( 'NONE', ( #3302, #567, #8498, #7271 ) ) ;
#6641 = VECTOR ( 'NONE', #5985, 1000.000000000000000 ) ;
#6642 = CARTESIAN_POINT ( 'NONE',  ( 4.219999999999995310, 1.199999999999999067, 0.3500000000000037526 ) ) ;
#6643 = ORIENTED_EDGE ( 'NONE', *, *, #5919, .T. ) ;
#6644 = CARTESIAN_POINT ( 'NONE',  ( 4.469999999999994422, 0.4499999999999999001, -1.849999999999996314 ) ) ;
#6645 = PRESENTATION_STYLE_ASSIGNMENT (( #3261 ) ) ;
#6646 = CARTESIAN_POINT ( 'NONE',  ( 2.339999999999999858, 0.8750000000000023315, 0.8749999999999814593 ) ) ;
#6647 = DIRECTION ( 'NONE',  ( -0.7071067811865465735, 0.7071067811865485719, 0.000000000000000000 ) ) ;
#6648 = ADVANCED_FACE ( 'NONE', ( #3388 ), #8045, .F. ) ;
#6649 = CIRCLE ( 'NONE', #671, 0.4499999999999999001 ) ;
#6650 = LINE ( 'NONE', #4030, #5948 ) ;
#6651 = ORIENTED_EDGE ( 'NONE', *, *, #2306, .T. ) ;
#6652 = LINE ( 'NONE', #814, #4016 ) ;
#6653 = VECTOR ( 'NONE', #1806, 1000.000000000000000 ) ;
#6654 = APPLICATION_CONTEXT ( 'automotive_design' ) ;
#6655 = MECHANICAL_DESIGN_GEOMETRIC_PRESENTATION_REPRESENTATION (  '', ( #6823 ), #2944 ) ;
#6656 = PLANE ( 'NONE',  #7810 ) ;
#6657 = DIRECTION ( 'NONE',  ( 0.5773502691896267303, -0.5773502691896236216, 0.5773502691896269523 ) ) ;
#6658 = SURFACE_STYLE_FILL_AREA ( #3271 ) ;
#6659 = DIRECTION ( 'NONE',  ( -0.9762960071199341394, 0.2164396139380997119, 0.000000000000000000 ) ) ;
#6660 = AXIS2_PLACEMENT_3D ( 'NONE', #9999, #6568, #5893 ) ;
#6661 = ORIENTED_EDGE ( 'NONE', *, *, #9390, .F. ) ;
#6662 = VECTOR ( 'NONE', #4680, 1000.000000000000000 ) ;
#6663 = DIRECTION ( 'NONE',  ( 0.000000000000000000, -0.000000000000000000, 1.000000000000000000 ) ) ;
#6664 = EDGE_LOOP ( 'NONE', ( #7479, #5444, #4022, #3514 ) ) ;
#6665 = FILL_AREA_STYLE_COLOUR ( '', #8747 ) ;
#6666 =( GEOMETRIC_REPRESENTATION_CONTEXT ( 3 ) GLOBAL_UNCERTAINTY_ASSIGNED_CONTEXT ( ( #5097 ) ) GLOBAL_UNIT_ASSIGNED_CONTEXT ( ( #1516, #703, #9188 ) ) REPRESENTATION_CONTEXT ( 'NONE', 'WORKASPACE' ) );
#6667 = VECTOR ( 'NONE', #2959, 1000.000000000000000 ) ;
#6669 = CARTESIAN_POINT ( 'NONE',  ( 4.219999999999995310, 1.199999999999999067, 0.3500000000000037526 ) ) ;
#6668 = PRESENTATION_LAYER_ASSIGNMENT (  '', '', ( #4160 ) ) ;
#6670 = EDGE_CURVE ( 'NONE', #4078, #10581, #5549, .T. ) ;
#6671 = LINE ( 'NONE', #777, #4328 ) ;
#6672 = VECTOR ( 'NONE', #9333, 1000.000000000000000 ) ;
#6673 = DIRECTION ( 'NONE',  ( -1.000000000000000000, 0.000000000000000000, 1.355252715606879556E-16 ) ) ;
#6674 = EDGE_CURVE ( 'NONE', #10837, #8026, #3039, .T. ) ;
#6675 = VECTOR ( 'NONE', #4780, 1000.000000000000000 ) ;
#6676 = LINE ( 'NONE', #6724, #6736 ) ;
#6677 = DIRECTION ( 'NONE',  ( -1.000000000000000000, 0.000000000000000000, 3.097720492815732589E-16 ) ) ;
#6678 = PRESENTATION_STYLE_ASSIGNMENT (( #9104 ) ) ;
#6679 = PRESENTATION_LAYER_ASSIGNMENT (  '', '', ( #4170 ) ) ;
#6680 = SURFACE_STYLE_FILL_AREA ( #1548 ) ;
#6681 = PRESENTATION_LAYER_ASSIGNMENT (  '', '', ( #866 ) ) ;
#6682 = ORIENTED_EDGE ( 'NONE', *, *, #3346, .F. ) ;
#6683 = CARTESIAN_POINT ( 'NONE',  ( 1.089999999999999858, 0.2787990747163040517, -1.581148123764847258 ) ) ;
#6684 = VERTEX_POINT ( 'NONE', #2235 ) ;
#6685 = VECTOR ( 'NONE', #1144, 1000.000000000000000 ) ;
#6686 = DIRECTION ( 'NONE',  ( -0.000000000000000000, 1.000000000000000000, -0.000000000000000000 ) ) ;
#6687 = EDGE_CURVE ( 'NONE', #9557, #734, #8102, .T. ) ;
#6688 = AXIS2_PLACEMENT_3D ( 'NONE', #7036, #7659, #6864 ) ;
#6689 = ADVANCED_FACE ( 'NONE', ( #3857 ), #10506, .F. ) ;
#6690 = VERTEX_POINT ( 'NONE', #4279 ) ;
#6691 =( NAMED_UNIT ( * ) SI_UNIT ( $, .STERADIAN. ) SOLID_ANGLE_UNIT ( ) );
#6692 = VECTOR ( 'NONE', #10875, 1000.000000000000000 ) ;
#6693 = CARTESIAN_POINT ( 'NONE',  ( -0.1599999999999999756, 0.4500000000000000111, 1.850000000000004530 ) ) ;
#6694 = ADVANCED_FACE ( 'NONE', ( #6127 ), #3688, .F. ) ;
#6695 = EDGE_LOOP ( 'NONE', ( #6782, #7064, #4161, #4997, #1261, #10858 ) ) ;
#6696 = LINE ( 'NONE', #10009, #3120 ) ;
#6697 = CARTESIAN_POINT ( 'NONE',  ( -5.499999999999995559, 2.449978563248832020E-15, -1.850000000000000533 ) ) ;
#6698 = AXIS2_PLACEMENT_3D ( 'NONE', #8990, #9813, #10636 ) ;
#6699 = VERTEX_POINT ( 'NONE', #4517 ) ;
#6700 =( LENGTH_UNIT ( ) NAMED_UNIT ( * ) SI_UNIT ( .MILLI., .METRE. ) );
#6701 = CARTESIAN_POINT ( 'NONE',  ( -1.324999999999999512, 2.099999999999997424, -1.850000000000000533 ) ) ;
#6702 = EDGE_CURVE ( 'NONE', #8774, #266, #7082, .T. ) ;
#6703 =( LENGTH_UNIT ( ) NAMED_UNIT ( * ) SI_UNIT ( .MILLI., .METRE. ) );
#6704 = ORIENTED_EDGE ( 'NONE', *, *, #6397, .T. ) ;
#6705 = CARTESIAN_POINT ( 'NONE',  ( 5.000000000000006217, 1.399999999999998801, 0.3500000000000037526 ) ) ;
#6706 = ORIENTED_EDGE ( 'NONE', *, *, #6206, .F. ) ;
#6707 = LINE ( 'NONE', #1632, #9154 ) ;
#6708 =( NAMED_UNIT ( * ) SI_UNIT ( $, .STERADIAN. ) SOLID_ANGLE_UNIT ( ) );
#6709 = COLOUR_RGB ( '',1.000000000000000000, 1.000000000000000000, 1.000000000000000000 ) ;
#6710 = CARTESIAN_POINT ( 'NONE',  ( 4.000000000000002665, 0.000000000000000000, 1.850000000000000533 ) ) ;
#6711 = CARTESIAN_POINT ( 'NONE',  ( -4.669999999999994600, 0.4500000000000010103, 0.3500000000000037526 ) ) ;
#6712 = LINE ( 'NONE', #8595, #6117 ) ;
#6713 = ORIENTED_EDGE ( 'NONE', *, *, #3829, .F. ) ;
#6714 = LINE ( 'NONE', #5722, #1242 ) ;
#6715 = EDGE_LOOP ( 'NONE', ( #1886, #1049, #7248, #6154 ) ) ;
#6716 = SURFACE_STYLE_FILL_AREA ( #718 ) ;
#6717 = EDGE_CURVE ( 'NONE', #9255, #9945, #6843, .T. ) ;
#6718 = LINE ( 'NONE', #3328, #2226 ) ;
#6719 = ORIENTED_EDGE ( 'NONE', *, *, #9706, .F. ) ;
#6720 = SURFACE_STYLE_FILL_AREA ( #2364 ) ;
#6721 = ORIENTED_EDGE ( 'NONE', *, *, #5403, .F. ) ;
#6722 = DIRECTION ( 'NONE',  ( -1.000000000000000000, 0.000000000000000000, 1.182766006347823109E-16 ) ) ;
#6723 = LINE ( 'NONE', #5883, #494 ) ;
#6724 = CARTESIAN_POINT ( 'NONE',  ( 4.219999999999995310, 0.4499999999999999001, 0.3500000000000037526 ) ) ;
#6725 = CARTESIAN_POINT ( 'NONE',  ( 1.725000000000005418, 4.700000000000000178, -1.750000000000040412 ) ) ;
#6726 = DIRECTION ( 'NONE',  ( 0.000000000000000000, -1.000000000000000000, 0.000000000000000000 ) ) ;
#6727 = EDGE_CURVE ( 'NONE', #5305, #6167, #10277, .T. ) ;
#6728 = PLANE ( 'NONE',  #1165 ) ;
#6729 = CARTESIAN_POINT ( 'NONE',  ( 5.000000000000006217, 1.649999999999999023, 0.3500000000000037526 ) ) ;
#6730 = VECTOR ( 'NONE', #4984, 1000.000000000000000 ) ;
#6731 = FILL_AREA_STYLE_COLOUR ( '', #1380 ) ;
#6732 = EDGE_LOOP ( 'NONE', ( #3707, #6947, #5586, #5157, #2727 ) ) ;
#6733 = ADVANCED_FACE ( 'NONE', ( #4400 ), #10439, .T. ) ;
#6734 = FACE_OUTER_BOUND ( 'NONE', #4451, .T. ) ;
#6735 = VERTEX_POINT ( 'NONE', #148 ) ;
#6736 = VECTOR ( 'NONE', #730, 1000.000000000000000 ) ;
#6737 = CARTESIAN_POINT ( 'NONE',  ( -1.595542863636215669, 0.1909000140257102185, 0.1466470997434467238 ) ) ;
#6738 = FACE_OUTER_BOUND ( 'NONE', #601, .T. ) ;
#6739 = ORIENTED_EDGE ( 'NONE', *, *, #827, .T. ) ;
#6740 = DIRECTION ( 'NONE',  ( 0.000000000000000000, 0.000000000000000000, -1.000000000000000000 ) ) ;
#6741 = ORIENTED_EDGE ( 'NONE', *, *, #981, .T. ) ;
#6742 = CARTESIAN_POINT ( 'NONE',  ( 4.669999999999994600, 1.199999999999999067, -1.849999999999996314 ) ) ;
#6743 = CARTESIAN_POINT ( 'NONE',  ( -4.469999999999994422, 0.3916994755741641243, -1.749999999999994449 ) ) ;
#6744 = EDGE_CURVE ( 'NONE', #5491, #775, #6963, .T. ) ;
#6745 = EDGE_LOOP ( 'NONE', ( #923, #2697, #7145, #5550, #596, #1986 ) ) ;
#6746 = UNCERTAINTY_MEASURE_WITH_UNIT (LENGTH_MEASURE( 1.000000000000000082E-05 ), #8029, 'distance_accuracy_value', 'NONE');
#6747 = EDGE_CURVE ( 'NONE', #9996, #584, #2757, .T. ) ;
#6748 = CARTESIAN_POINT ( 'NONE',  ( -5.700000000000017941, 4.700000000000000178, -1.649999999999997691 ) ) ;
#6749 = UNCERTAINTY_MEASURE_WITH_UNIT (LENGTH_MEASURE( 1.000000000000000082E-05 ), #4701, 'distance_accuracy_value', 'NONE');
#6750 = LINE ( 'NONE', #3365, #2766 ) ;
#6751 =( NAMED_UNIT ( * ) PLANE_ANGLE_UNIT ( ) SI_UNIT ( $, .RADIAN. ) );
#6752 = ORIENTED_EDGE ( 'NONE', *, *, #1829, .F. ) ;
#6753 = LINE ( 'NONE', #5104, #8995 ) ;
#6754 = ORIENTED_EDGE ( 'NONE', *, *, #8170, .F. ) ;
#6755 = CARTESIAN_POINT ( 'NONE',  ( 1.662573462385292133, 0.4932555058087318978, -1.543333668776807110 ) ) ;
#6756 = EDGE_CURVE ( 'NONE', #9418, #5061, #7878, .T. ) ;
#6757 =( NAMED_UNIT ( * ) SI_UNIT ( $, .STERADIAN. ) SOLID_ANGLE_UNIT ( ) );
#6758 = PLANE ( 'NONE',  #8756 ) ;
#6759 = DIRECTION ( 'NONE',  ( 1.000000000000000000, 0.000000000000000000, 0.000000000000000000 ) ) ;
#6760 = COLOUR_RGB ( '',1.000000000000000000, 1.000000000000000000, 1.000000000000000000 ) ;
#6761 = ORIENTED_EDGE ( 'NONE', *, *, #10064, .T. ) ;
#6762 = EDGE_LOOP ( 'NONE', ( #653, #1375, #5813, #3671 ) ) ;
#6763 = CARTESIAN_POINT ( 'NONE',  ( 0.1599999999999999756, 0.4500000000000002331, 6.098637220230963674E-17 ) ) ;
#6764 = FILL_AREA_STYLE ('',( #10754 ) ) ;
#6765 = DIRECTION ( 'NONE',  ( -1.000000000000000000, -0.000000000000000000, -0.000000000000000000 ) ) ;
#6766 = ORIENTED_EDGE ( 'NONE', *, *, #4182, .T. ) ;
#6767 = CIRCLE ( 'NONE', #1660, 0.4499999999999999001 ) ;
#6768 = CARTESIAN_POINT ( 'NONE',  ( 1.409999999999999698, 0.4500000000000002331, 6.098637220230963674E-17 ) ) ;
#6769 = ORIENTED_EDGE ( 'NONE', *, *, #3555, .T. ) ;
#6770 = CARTESIAN_POINT ( 'NONE',  ( -4.669999999999994600, 0.2500000000000012768, 0.3500000000000037526 ) ) ;
#6771 = ADVANCED_FACE ( 'NONE', ( #4455 ), #6452, .F. ) ;
#6772 = CARTESIAN_POINT ( 'NONE',  ( -4.669999999999994600, 1.399999999999999911, 0.3500000000000037526 ) ) ;
#6773 = VECTOR ( 'NONE', #5896, 1000.000000000000000 ) ;
#6774 = PRESENTATION_LAYER_ASSIGNMENT (  '', '', ( #4653 ) ) ;
#6775 = LINE ( 'NONE', #248, #10854 ) ;
#6776 = DIRECTION ( 'NONE',  ( -0.000000000000000000, -0.000000000000000000, 1.000000000000000000 ) ) ;
#6777 = ORIENTED_EDGE ( 'NONE', *, *, #10519, .T. ) ;
#6778 = ORIENTED_EDGE ( 'NONE', *, *, #5685, .F. ) ;
#6779 = CARTESIAN_POINT ( 'NONE',  ( -3.400000000000024336, 1.749999999999999778, 0.9499999999999861888 ) ) ;
#6780 = AXIS2_PLACEMENT_3D ( 'NONE', #5072, #2322, #6565 ) ;
#6781 = LINE ( 'NONE', #1055, #1021 ) ;
#6782 = ORIENTED_EDGE ( 'NONE', *, *, #3938, .F. ) ;
#6783 = SURFACE_STYLE_FILL_AREA ( #9224 ) ;
#6784 = COLOUR_RGB ( '',1.000000000000000000, 1.000000000000000000, 1.000000000000000000 ) ;
#6785 = SURFACE_STYLE_FILL_AREA ( #3401 ) ;
#6786 = ORIENTED_EDGE ( 'NONE', *, *, #10046, .T. ) ;
#6787 =( LENGTH_UNIT ( ) NAMED_UNIT ( * ) SI_UNIT ( .MILLI., .METRE. ) );
#6788 = SURFACE_STYLE_USAGE ( .BOTH. , #7646 ) ;
#6789 = STYLED_ITEM ( 'NONE', ( #3875 ), #411 ) ;
#6790 = EDGE_LOOP ( 'NONE', ( #5318, #10895, #10556, #8472, #4689, #329, #6395, #1013, #7743, #10109, #4392, #8949, #4566, #6249, #1979, #5827, #3272, #3805, #9374, #6187, #9364, #2441, #5752, #4385, #2943, #1209 ) ) ;
#6791 = VECTOR ( 'NONE', #1731, 1000.000000000000000 ) ;
#6792 = CARTESIAN_POINT ( 'NONE',  ( 1.725000000000005196, 4.699999999999999289, -1.849999999999996536 ) ) ;
#6793 = EDGE_CURVE ( 'NONE', #2754, #4495, #10375, .T. ) ;
#6794 = SURFACE_SIDE_STYLE ('',( #9351 ) ) ;
#6795 = STYLED_ITEM ( 'NONE', ( #233 ), #591 ) ;
#6796 = EDGE_CURVE ( 'NONE', #7546, #1105, #5518, .T. ) ;
#6797 = FILL_AREA_STYLE ('',( #9524 ) ) ;
#6798 = VERTEX_POINT ( 'NONE', #8018 ) ;
#6799 = EDGE_CURVE ( 'NONE', #2661, #7775, #517, .T. ) ;
#6800 = CARTESIAN_POINT ( 'NONE',  ( -3.400000000000024336, 4.400000000000002132, 0.9499999999999861888 ) ) ;
#6801 = VERTEX_POINT ( 'NONE', #9770 ) ;
#6802 =( LENGTH_UNIT ( ) NAMED_UNIT ( * ) SI_UNIT ( .MILLI., .METRE. ) );
#6803 = VECTOR ( 'NONE', #10115, 1000.000000000000000 ) ;
#6804 = DIRECTION ( 'NONE',  ( -0.000000000000000000, 1.000000000000000000, -0.000000000000000000 ) ) ;
#6805 = PRESENTATION_STYLE_ASSIGNMENT (( #968 ) ) ;
#6806 = MECHANICAL_DESIGN_GEOMETRIC_PRESENTATION_REPRESENTATION (  '', ( #2585 ), #4882 ) ;
#6807 = ADVANCED_FACE ( 'NONE', ( #10595 ), #6510, .F. ) ;
#6808 =( NAMED_UNIT ( * ) PLANE_ANGLE_UNIT ( ) SI_UNIT ( $, .RADIAN. ) );
#6809 = ORIENTED_EDGE ( 'NONE', *, *, #1860, .T. ) ;
#6810 = EDGE_CURVE ( 'NONE', #5326, #9009, #9001, .T. ) ;
#6811 = VECTOR ( 'NONE', #3634, 1000.000000000000000 ) ;
#6812 = ORIENTED_EDGE ( 'NONE', *, *, #2841, .T. ) ;
#6813 = CARTESIAN_POINT ( 'NONE',  ( -0.1599999999999999756, 2.865743636076471201, -1.125000000000033973 ) ) ;
#6814 = SURFACE_STYLE_FILL_AREA ( #4368 ) ;
#6815 = FILL_AREA_STYLE_COLOUR ( '', #7401 ) ;
#6816 = ORIENTED_EDGE ( 'NONE', *, *, #1631, .F. ) ;
#6817 = VECTOR ( 'NONE', #4582, 1000.000000000000000 ) ;
#6818 = CARTESIAN_POINT ( 'NONE',  ( 4.175660588106659077, 0.3000000000000000444, -1.816508780773699927 ) ) ;
#6819 = ORIENTED_EDGE ( 'NONE', *, *, #9078, .T. ) ;
#6820 = VECTOR ( 'NONE', #6303, 1000.000000000000000 ) ;
#6821 = DIRECTION ( 'NONE',  ( 0.000000000000000000, 0.000000000000000000, -1.000000000000000000 ) ) ;
#6822 = SURFACE_STYLE_USAGE ( .BOTH. , #4556 ) ;
#6823 = STYLED_ITEM ( 'NONE', ( #5899 ), #6267 ) ;
#6824 = EDGE_CURVE ( 'NONE', #7185, #4903, #4673, .T. ) ;
#6825 = CARTESIAN_POINT ( 'NONE',  ( 4.000000000000001776, 21.00560209553989566, 0.9500000000000015099 ) ) ;
#6826 = PRESENTATION_STYLE_ASSIGNMENT (( #3437 ) ) ;
#6827 = VECTOR ( 'NONE', #5638, 1000.000000000000000 ) ;
#6828 = SURFACE_STYLE_USAGE ( .BOTH. , #8509 ) ;
#6829 = DIRECTION ( 'NONE',  ( -1.275531967629996124E-16, 0.000000000000000000, -1.000000000000000000 ) ) ;
#6830 = DIRECTION ( 'NONE',  ( -0.000000000000000000, -1.000000000000000000, -0.000000000000000000 ) ) ;
#6831 = VERTEX_POINT ( 'NONE', #7243 ) ;
#6832 = CARTESIAN_POINT ( 'NONE',  ( -2.660000000000000142, 1.083335593717822357E-31, 2.250000000000004441 ) ) ;
#6833 = ORIENTED_EDGE ( 'NONE', *, *, #1147, .T. ) ;
#6834 = PRESENTATION_LAYER_ASSIGNMENT (  '', '', ( #2774 ) ) ;
#6835 = STYLED_ITEM ( 'NONE', ( #2737 ), #10499 ) ;
#6836 = LINE ( 'NONE', #2742, #5375 ) ;
#6837 = VECTOR ( 'NONE', #6929, 1000.000000000000000 ) ;
#6838 = SURFACE_STYLE_USAGE ( .BOTH. , #896 ) ;
#6839 = CARTESIAN_POINT ( 'NONE',  ( 4.669999999999994600, 1.399999999999998801, -1.749999999999994005 ) ) ;
#6840 = ORIENTED_EDGE ( 'NONE', *, *, #2038, .F. ) ;
#6841 = MECHANICAL_DESIGN_GEOMETRIC_PRESENTATION_REPRESENTATION (  '', ( #8969 ), #2449 ) ;
#6842 =( NAMED_UNIT ( * ) SI_UNIT ( $, .STERADIAN. ) SOLID_ANGLE_UNIT ( ) );
#6843 = CIRCLE ( 'NONE', #6144, 0.4499999999999999001 ) ;
#6844 = ORIENTED_EDGE ( 'NONE', *, *, #8158, .T. ) ;
#6845 = LINE ( 'NONE', #4270, #10107 ) ;
#6846 =( NAMED_UNIT ( * ) PLANE_ANGLE_UNIT ( ) SI_UNIT ( $, .RADIAN. ) );
#6847 = VECTOR ( 'NONE', #2792, 1000.000000000000000 ) ;
#6848 = VECTOR ( 'NONE', #8982, 1000.000000000000000 ) ;
#6849 = EDGE_CURVE ( 'NONE', #8576, #10344, #570, .T. ) ;
#6850 = ORIENTED_EDGE ( 'NONE', *, *, #6122, .F. ) ;
#6851 = UNCERTAINTY_MEASURE_WITH_UNIT (LENGTH_MEASURE( 1.000000000000000082E-05 ), #3739, 'distance_accuracy_value', 'NONE');
#6853 = CARTESIAN_POINT ( 'NONE',  ( 3.872150616019559240E-16, 3.700000000000000178, 1.249999999999985123 ) ) ;
#6852 = SURFACE_SIDE_STYLE ('',( #3628 ) ) ;
#6854 = VECTOR ( 'NONE', #10268, 1000.000000000000000 ) ;
#6855 = UNCERTAINTY_MEASURE_WITH_UNIT (LENGTH_MEASURE( 1.000000000000000082E-05 ), #6301, 'distance_accuracy_value', 'NONE');
#6856 =( NAMED_UNIT ( * ) SI_UNIT ( $, .STERADIAN. ) SOLID_ANGLE_UNIT ( ) );
#6857 = FACE_OUTER_BOUND ( 'NONE', #10591, .T. ) ;
#6858 = DIRECTION ( 'NONE',  ( -0.000000000000000000, 0.000000000000000000, -1.000000000000000000 ) ) ;
#6859 = ORIENTED_EDGE ( 'NONE', *, *, #2571, .T. ) ;
#6860 = CARTESIAN_POINT ( 'NONE',  ( -1.409999999999999920, 2.865743636076471201, -1.125000000000033973 ) ) ;
#6861 = ORIENTED_EDGE ( 'NONE', *, *, #10784, .T. ) ;
#6862 = AXIS2_PLACEMENT_3D ( 'NONE', #9247, #8275, #2355 ) ;
#6863 = LINE ( 'NONE', #9356, #664 ) ;
#6864 = DIRECTION ( 'NONE',  ( -1.000000000000000000, 0.000000000000000000, 8.131516293641279557E-17 ) ) ;
#6865 = DIRECTION ( 'NONE',  ( -0.3420201433256627732, 0.9396926207859105373, 0.000000000000000000 ) ) ;
#6866 = EDGE_CURVE ( 'NONE', #4049, #757, #8233, .T. ) ;
#6867 = VECTOR ( 'NONE', #5714, 1000.000000000000000 ) ;
#6868 = DIRECTION ( 'NONE',  ( -0.7071067811865495711, -0.7071067811865454633, 5.749850312562667193E-17 ) ) ;
#6869 = DIRECTION ( 'NONE',  ( 0.000000000000000000, 0.000000000000000000, 1.000000000000000000 ) ) ;
#6870 = ORIENTED_EDGE ( 'NONE', *, *, #8052, .F. ) ;
#6871 = PLANE ( 'NONE',  #3154 ) ;
#6872 = ORIENTED_EDGE ( 'NONE', *, *, #9111, .T. ) ;
#6873 = LINE ( 'NONE', #924, #990 ) ;
#6874 = PLANE ( 'NONE',  #8805 ) ;
#6875 = CARTESIAN_POINT ( 'NONE',  ( 1.089999999999999858, 1.749999999999999778, -1.125000000000033973 ) ) ;
#6876 = VERTEX_POINT ( 'NONE', #9046 ) ;
#6877 = ADVANCED_FACE ( 'NONE', ( #4844 ), #667, .T. ) ;
#6878 = LINE ( 'NONE', #5995, #5631 ) ;
#6879 = ORIENTED_EDGE ( 'NONE', *, *, #7312, .T. ) ;
#6880 = ADVANCED_FACE ( 'NONE', ( #69 ), #1542, .T. ) ;
#6881 = PRESENTATION_STYLE_ASSIGNMENT (( #4251 ) ) ;
#6882 = LINE ( 'NONE', #4374, #5223 ) ;
#6883 = EDGE_CURVE ( 'NONE', #7590, #6429, #8337, .T. ) ;
#6884 = LINE ( 'NONE', #1040, #5808 ) ;
#6885 = VECTOR ( 'NONE', #2816, 1000.000000000000000 ) ;
#6886 =( BOUNDED_CURVE ( )  B_SPLINE_CURVE ( 3, ( #9728, #7133, #5584, #429 ),
 .UNSPECIFIED., .F., .F. ) 
 B_SPLINE_CURVE_WITH_KNOTS ( ( 4, 4 ),
 ( 1.308996938995745429, 1.570796326794897002 ),
 .UNSPECIFIED. ) 
 CURVE ( )  GEOMETRIC_REPRESENTATION_ITEM ( )  RATIONAL_B_SPLINE_CURVE ( ( 1.000000000000000000, 0.9942965742492068104, 0.9942965742492068104, 1.000000000000000000 ) ) 
 REPRESENTATION_ITEM ( '' )  );
#6887 = DIRECTION ( 'NONE',  ( 4.818676322157797375E-16, -1.000000000000000000, 0.000000000000000000 ) ) ;
#6888 = CARTESIAN_POINT ( 'NONE',  ( 2.660000000000000142, 0.3000000000000002665, 4.065758146820575067E-17 ) ) ;
#6889 = FACE_OUTER_BOUND ( 'NONE', #7896, .T. ) ;
#6890 = LINE ( 'NONE', #4206, #9312 ) ;
#6891 = DIRECTION ( 'NONE',  ( 1.000000000000000000, 0.000000000000000000, -0.000000000000000000 ) ) ;
#6892 = COLOUR_RGB ( '',1.000000000000000000, 1.000000000000000000, 1.000000000000000000 ) ;
#6893 = ORIENTED_EDGE ( 'NONE', *, *, #6410, .T. ) ;
#6894 = CARTESIAN_POINT ( 'NONE',  ( 4.000000000000005329, 0.3000000000000009326, 0.8000000000000004885 ) ) ;
#6895 = SURFACE_SIDE_STYLE ('',( #2490 ) ) ;
#6896 = SURFACE_STYLE_USAGE ( .BOTH. , #6111 ) ;
#6897 = COLOUR_RGB ( '',0.7921568627450980005, 0.8196078431372548767, 0.9333333333333333481 ) ;
#6898 = AXIS2_PLACEMENT_3D ( 'NONE', #10884, #87, #10110 ) ;
#6899 = ORIENTED_EDGE ( 'NONE', *, *, #2156, .F. ) ;
#6900 = CARTESIAN_POINT ( 'NONE',  ( 4.000000000000001776, 2.078323961923561836, 0.7999999999999984901 ) ) ;
#6901 = DIRECTION ( 'NONE',  ( 0.000000000000000000, -1.355252715606880049E-16, 1.000000000000000000 ) ) ;
#6902 = VERTEX_POINT ( 'NONE', #4043 ) ;
#6903 = PLANE ( 'NONE',  #3243 ) ;
#6904 = FILL_AREA_STYLE ('',( #5140 ) ) ;
#6905 = ORIENTED_EDGE ( 'NONE', *, *, #5670, .T. ) ;
#6907 = FILL_AREA_STYLE ('',( #9285 ) ) ;
#6906 = DIRECTION ( 'NONE',  ( 1.000000000000000000, 0.000000000000000000, 0.000000000000000000 ) ) ;
#6908 = PRESENTATION_LAYER_ASSIGNMENT (  '', '', ( #8166 ) ) ;
#6909 = LINE ( 'NONE', #6019, #9627 ) ;
#6910 = DIRECTION ( 'NONE',  ( -1.885568995626964780E-16, -1.000000000000000000, 2.405103531094177914E-32 ) ) ;
#6911 = EDGE_CURVE ( 'NONE', #2594, #10078, #6671, .T. ) ;
#6912 = ORIENTED_EDGE ( 'NONE', *, *, #2114, .T. ) ;
#6913 = SURFACE_STYLE_USAGE ( .BOTH. , #9403 ) ;
#6914 = ORIENTED_EDGE ( 'NONE', *, *, #8853, .T. ) ;
#6915 = VECTOR ( 'NONE', #4774, 1000.000000000000000 ) ;
#6916 = CARTESIAN_POINT ( 'NONE',  ( -3.700000000000019273, 1.749999999999999778, 0.1750000000000117295 ) ) ;
#6917 = PLANE ( 'NONE',  #1792 ) ;
#6918 = SURFACE_STYLE_USAGE ( .BOTH. , #5915 ) ;
#6919 = DIRECTION ( 'NONE',  ( 0.000000000000000000, -1.000000000000000000, 0.000000000000000000 ) ) ;
#6920 = CARTESIAN_POINT ( 'NONE',  ( -5.199999999999999289, -0.9059928172283340242, 0.6500000000000019096 ) ) ;
#6921 = VECTOR ( 'NONE', #401, 1000.000000000000000 ) ;
#6922 = CARTESIAN_POINT ( 'NONE',  ( -5.500000000000000000, 2.599999999999999201, 0.9500000000000025091 ) ) ;
#6923 = EDGE_CURVE ( 'NONE', #5931, #2049, #10052, .T. ) ;
#6924 = ORIENTED_EDGE ( 'NONE', *, *, #7507, .F. ) ;
#6925 = CARTESIAN_POINT ( 'NONE',  ( -4.000000000000001776, 2.899999999999999467, 0.9499999999999998446 ) ) ;
#6926 = EDGE_LOOP ( 'NONE', ( #3443, #6833, #663, #10213, #7245, #7459, #5379, #883 ) ) ;
#6927 = DIRECTION ( 'NONE',  ( -0.000000000000000000, -1.000000000000000000, -0.000000000000000000 ) ) ;
#6928 = FILL_AREA_STYLE ('',( #3541 ) ) ;
#6929 = DIRECTION ( 'NONE',  ( -0.000000000000000000, -0.000000000000000000, 1.000000000000000000 ) ) ;
#6930 = ORIENTED_EDGE ( 'NONE', *, *, #1525, .F. ) ;
#6931 = CARTESIAN_POINT ( 'NONE',  ( -4.000000000000001776, 0.000000000000000000, 0.9500000000000005107 ) ) ;
#6932 = ORIENTED_EDGE ( 'NONE', *, *, #3017, .F. ) ;
#6933 =( GEOMETRIC_REPRESENTATION_CONTEXT ( 3 ) GLOBAL_UNCERTAINTY_ASSIGNED_CONTEXT ( ( #267 ) ) GLOBAL_UNIT_ASSIGNED_CONTEXT ( ( #165, #10131, #9534 ) ) REPRESENTATION_CONTEXT ( 'NONE', 'WORKASPACE' ) );
#6934 =( LENGTH_UNIT ( ) NAMED_UNIT ( * ) SI_UNIT ( .MILLI., .METRE. ) );
#6935 = CARTESIAN_POINT ( 'NONE',  ( -0.1599999999999999756, -1.579062136966065191E-17, -0.3250000000000473066 ) ) ;
#6936 = EDGE_CURVE ( 'NONE', #1469, #9865, #2526, .T. ) ;
#6937 = ORIENTED_EDGE ( 'NONE', *, *, #6923, .F. ) ;
#6938 = EDGE_CURVE ( 'NONE', #9248, #8168, #7465, .T. ) ;
#6939 = DIRECTION ( 'NONE',  ( -0.000000000000000000, 1.000000000000000000, -0.000000000000000000 ) ) ;
#6942 = ADVANCED_FACE ( 'NONE', ( #5067 ), #930, .F. ) ;
#6941 = DIRECTION ( 'NONE',  ( 0.000000000000000000, -1.000000000000000000, 0.000000000000000000 ) ) ;
#6940 = VECTOR ( 'NONE', #3730, 1000.000000000000000 ) ;
#6943 = DIRECTION ( 'NONE',  ( -3.771137991253929559E-16, 1.000000000000000000, 4.810207062188355829E-32 ) ) ;
#6944 = DIRECTION ( 'NONE',  ( -1.000000000000000000, -3.614007241618355673E-16, 0.000000000000000000 ) ) ;
#6945 = CARTESIAN_POINT ( 'NONE',  ( 1.409999999999999698, 0.3499999999999999223, 2.350000000000004530 ) ) ;
#6946 = DIRECTION ( 'NONE',  ( 0.000000000000000000, 0.000000000000000000, 1.000000000000000000 ) ) ;
#6947 = ORIENTED_EDGE ( 'NONE', *, *, #8109, .T. ) ;
#6948 = CARTESIAN_POINT ( 'NONE',  ( 4.669999999999994600, 1.649999999999999023, 0.3500000000000037526 ) ) ;
#6949 = CIRCLE ( 'NONE', #3913, 0.1999999999999996503 ) ;
#6950 = MECHANICAL_DESIGN_GEOMETRIC_PRESENTATION_REPRESENTATION (  '', ( #8908 ), #967 ) ;
#6951 = PLANE ( 'NONE',  #4525 ) ;
#6952 = EDGE_CURVE ( 'NONE', #9181, #7974, #6884, .T. ) ;
#6953 = VERTEX_POINT ( 'NONE', #7800 ) ;
#6954 = FILL_AREA_STYLE ('',( #8523 ) ) ;
#6955 = ORIENTED_EDGE ( 'NONE', *, *, #9913, .F. ) ;
#6956 = DIRECTION ( 'NONE',  ( 0.000000000000000000, 0.000000000000000000, -1.000000000000000000 ) ) ;
#6957 = AXIS2_PLACEMENT_3D ( 'NONE', #188, #10356, #3548 ) ;
#6958 = CARTESIAN_POINT ( 'NONE',  ( -3.700000000000024603, 4.700000000000000178, -1.450000000000039702 ) ) ;
#6959 = EDGE_CURVE ( 'NONE', #6798, #6876, #2680, .T. ) ;
#6960 = ORIENTED_EDGE ( 'NONE', *, *, #3230, .F. ) ;
#6961 = UNCERTAINTY_MEASURE_WITH_UNIT (LENGTH_MEASURE( 1.000000000000000082E-05 ), #6189, 'distance_accuracy_value', 'NONE');
#6962 = AXIS2_PLACEMENT_3D ( 'NONE', #3236, #10765, #5740 ) ;
#6963 = LINE ( 'NONE', #2872, #4352 ) ;
#6964 = CARTESIAN_POINT ( 'NONE',  ( 2.660000000000000142, 1.749999999999999778, 0.000000000000000000 ) ) ;
#6965 = VECTOR ( 'NONE', #3264, 1000.000000000000000 ) ;
#6966 = FACE_OUTER_BOUND ( 'NONE', #8724, .T. ) ;
#6967 = ORIENTED_EDGE ( 'NONE', *, *, #10600, .F. ) ;
#6968 = PLANE ( 'NONE',  #6524 ) ;
#6969 = ORIENTED_EDGE ( 'NONE', *, *, #1279, .F. ) ;
#6970 = DIRECTION ( 'NONE',  ( -0.5773502691896260641, -0.5773502691896238437, 0.5773502691896272854 ) ) ;
#6971 = DIRECTION ( 'NONE',  ( 0.7071067811865471286, 3.572722524310773550E-15, -0.7071067811865479058 ) ) ;
#6972 = AXIS2_PLACEMENT_3D ( 'NONE', #385, #3126, #2761 ) ;
#6973 = CARTESIAN_POINT ( 'NONE',  ( 5.199999999999999289, -0.9059928172283340242, 0.6499999999999993561 ) ) ;
#6974 = VECTOR ( 'NONE', #1643, 1000.000000000000000 ) ;
#6975 =( LENGTH_UNIT ( ) NAMED_UNIT ( * ) SI_UNIT ( .MILLI., .METRE. ) );
#6976 =( NAMED_UNIT ( * ) PLANE_ANGLE_UNIT ( ) SI_UNIT ( $, .RADIAN. ) );
#6977 = PLANE ( 'NONE',  #8086 ) ;
#6978 = PLANE ( 'NONE',  #9309 ) ;
#6979 = EDGE_LOOP ( 'NONE', ( #6196, #9025, #6993, #6074 ) ) ;
#6980 = AXIS2_PLACEMENT_3D ( 'NONE', #2040, #5396, #6438 ) ;
#6981 = LINE ( 'NONE', #10290, #5106 ) ;
#6982 = ORIENTED_EDGE ( 'NONE', *, *, #8577, .F. ) ;
#6983 = STYLED_ITEM ( 'NONE', ( #8527 ), #692 ) ;
#6984 =( NAMED_UNIT ( * ) PLANE_ANGLE_UNIT ( ) SI_UNIT ( $, .RADIAN. ) );
#6985 = LINE ( 'NONE', #10514, #4737 ) ;
#6986 = ORIENTED_EDGE ( 'NONE', *, *, #2344, .T. ) ;
#6987 = PLANE ( 'NONE',  #9858 ) ;
#6988 = VERTEX_POINT ( 'NONE', #5354 ) ;
#6989 = AXIS2_PLACEMENT_3D ( 'NONE', #6375, #7267, #541 ) ;
#6990 = SURFACE_STYLE_USAGE ( .BOTH. , #5936 ) ;
#6991 = PRESENTATION_LAYER_ASSIGNMENT (  '', '', ( #10512 ) ) ;
#6992 = CARTESIAN_POINT ( 'NONE',  ( -3.525881904447568882, 1.749999999999999778, -0.6283451969090765310 ) ) ;
#6993 = ORIENTED_EDGE ( 'NONE', *, *, #2485, .T. ) ;
#6994 = CARTESIAN_POINT ( 'NONE',  ( 1.725000000000002531, -1.031861377951722971E-15, -1.850000000000000533 ) ) ;
#6995 = PRESENTATION_LAYER_ASSIGNMENT (  '', '', ( #10011 ) ) ;
#6996 = PRESENTATION_STYLE_ASSIGNMENT (( #1215 ) ) ;
#6997 = MANIFOLD_SOLID_BREP ( 'LPattern1[4]', #1156 ) ;
#6998 = LINE ( 'NONE', #4312, #1688 ) ;
#6999 = DIRECTION ( 'NONE',  ( 8.363418636454743598E-17, 0.7071067811865496822, 0.7071067811865454633 ) ) ;
#7000 = CARTESIAN_POINT ( 'NONE',  ( 5.000000000000006217, 1.399999999999998801, -1.849999999999996314 ) ) ;
#7001 = EDGE_LOOP ( 'NONE', ( #9588, #7612, #912, #7788 ) ) ;
#7002 = VECTOR ( 'NONE', #8882, 1000.000000000000000 ) ;
#7003 =( NAMED_UNIT ( * ) PLANE_ANGLE_UNIT ( ) SI_UNIT ( $, .RADIAN. ) );
#7004 = EDGE_LOOP ( 'NONE', ( #742, #7796, #1941, #7423, #6462, #9874 ) ) ;
#7005 = DIRECTION ( 'NONE',  ( 1.000000000000000000, -0.000000000000000000, 0.000000000000000000 ) ) ;
#7006 = VECTOR ( 'NONE', #10159, 1000.000000000000000 ) ;
#7007 = EDGE_CURVE ( 'NONE', #1105, #2661, #1150, .T. ) ;
#7008 = MECHANICAL_DESIGN_GEOMETRIC_PRESENTATION_REPRESENTATION (  '', ( #1904 ), #349 ) ;
#7009 = ORIENTED_EDGE ( 'NONE', *, *, #1066, .T. ) ;
#7010 = FACE_OUTER_BOUND ( 'NONE', #2522, .T. ) ;
#7011 = ORIENTED_EDGE ( 'NONE', *, *, #5987, .F. ) ;
#7012 = DIRECTION ( 'NONE',  ( 0.000000000000000000, 0.000000000000000000, 1.000000000000000000 ) ) ;
#7013 = AXIS2_PLACEMENT_3D ( 'NONE', #9632, #3745, #3856 ) ;
#7014 = CARTESIAN_POINT ( 'NONE',  ( -3.400000000000024336, 1.749999999999999778, 0.2249377794898766159 ) ) ;
#7015 = COLOUR_RGB ( '',1.000000000000000000, 0.8117647058823529438, 0.5019607843137254832 ) ;
#7016 = CARTESIAN_POINT ( 'NONE',  ( 4.669999999999994600, 0.2500000000000001110, -1.849999999999996314 ) ) ;
#7017 = EDGE_LOOP ( 'NONE', ( #5483, #805, #1366, #9402 ) ) ;
#7018 = CIRCLE ( 'NONE', #5440, 0.1999999999999996503 ) ;
#7019 = MECHANICAL_DESIGN_GEOMETRIC_PRESENTATION_REPRESENTATION (  '', ( #862 ), #8442 ) ;
#7020 = SURFACE_STYLE_USAGE ( .BOTH. , #6852 ) ;
#7021 = EDGE_CURVE ( 'NONE', #7675, #9191, #1820, .T. ) ;
#7022 = DIRECTION ( 'NONE',  ( 0.000000000000000000, 0.000000000000000000, 1.000000000000000000 ) ) ;
#7023 = MECHANICAL_DESIGN_GEOMETRIC_PRESENTATION_REPRESENTATION (  '', ( #1222 ), #1386 ) ;
#7024 = PRESENTATION_LAYER_ASSIGNMENT (  '', '', ( #5618 ) ) ;
#7025 =( LENGTH_UNIT ( ) NAMED_UNIT ( * ) SI_UNIT ( .MILLI., .METRE. ) );
#7026 = PRESENTATION_LAYER_ASSIGNMENT (  '', '', ( #5958 ) ) ;
#7027 = ADVANCED_FACE ( 'NONE', ( #1929 ), #6222, .F. ) ;
#7028 = LINE ( 'NONE', #3734, #6506 ) ;
#7029 = EDGE_LOOP ( 'NONE', ( #763, #8734, #9822, #5392 ) ) ;
#7030 = VECTOR ( 'NONE', #5917, 1000.000000000000000 ) ;
#7031 =( GEOMETRIC_REPRESENTATION_CONTEXT ( 3 ) GLOBAL_UNCERTAINTY_ASSIGNED_CONTEXT ( ( #1570 ) ) GLOBAL_UNIT_ASSIGNED_CONTEXT ( ( #8378, #1485, #9090 ) ) REPRESENTATION_CONTEXT ( 'NONE', 'WORKASPACE' ) );
#7032 = FILL_AREA_STYLE_COLOUR ( '', #8475 ) ;
#7033 = ORIENTED_EDGE ( 'NONE', *, *, #5322, .T. ) ;
#7034 = LINE ( 'NONE', #7778, #9831 ) ;
#7035 = FACE_OUTER_BOUND ( 'NONE', #2856, .T. ) ;
#7036 = CARTESIAN_POINT ( 'NONE',  ( 4.000000000000001776, 3.700000000000000178, 0.9499999999999855227 ) ) ;
#7037 = COLOUR_RGB ( '',1.000000000000000000, 1.000000000000000000, 1.000000000000000000 ) ;
#7038 = VECTOR ( 'NONE', #3066, 1000.000000000000000 ) ;
#7039 = SURFACE_SIDE_STYLE ('',( #2128 ) ) ;
#7040 = EDGE_CURVE ( 'NONE', #9623, #10233, #7736, .T. ) ;
#7041 = AXIS2_PLACEMENT_3D ( 'NONE', #7052, #7110, #10462 ) ;
#7042 = DIRECTION ( 'NONE',  ( 0.000000000000000000, 0.7071067811865481278, -0.7071067811865470176 ) ) ;
#7043 = CARTESIAN_POINT ( 'NONE',  ( -3.500000000000001776, 0.2999999999999999889, 1.850000000000000533 ) ) ;
#7044 = MANIFOLD_SOLID_BREP ( 'LPattern2[1]', #2388 ) ;
#7045 = FILL_AREA_STYLE_COLOUR ( '', #2088 ) ;
#7046 = VERTEX_POINT ( 'NONE', #9758 ) ;
#7047 = DIRECTION ( 'NONE',  ( 0.000000000000000000, 0.000000000000000000, -1.000000000000000000 ) ) ;
#7048 = ORIENTED_EDGE ( 'NONE', *, *, #6269, .T. ) ;
#7049 = LINE ( 'NONE', #3800, #2682 ) ;
#7050 = AXIS2_PLACEMENT_3D ( 'NONE', #52, #4998, #5984 ) ;
#7051 = SURFACE_SIDE_STYLE ('',( #5990 ) ) ;
#7052 = CARTESIAN_POINT ( 'NONE',  ( -2.660000000000000142, 3.548929149633788249, 0.000000000000000000 ) ) ;
#7053 = VERTEX_POINT ( 'NONE', #3812 ) ;
#7054 = DIRECTION ( 'NONE',  ( 1.000000000000000000, -0.000000000000000000, 0.000000000000000000 ) ) ;
#7055 = AXIS2_PLACEMENT_3D ( 'NONE', #6642, #1682, #8420 ) ;
#7056 = CARTESIAN_POINT ( 'NONE',  ( 2.339999999999999858, 1.350000000000001865, 1.350000000000004086 ) ) ;
#7057 = VERTEX_POINT ( 'NONE', #1269 ) ;
#7058 = EDGE_CURVE ( 'NONE', #7154, #7071, #2041, .T. ) ;
#7059 = LINE ( 'NONE', #9379, #9572 ) ;
#7060 = DIRECTION ( 'NONE',  ( -1.000000000000000000, 0.000000000000000000, 1.182766006347823109E-16 ) ) ;
#7061 = FACE_OUTER_BOUND ( 'NONE', #7708, .T. ) ;
#7062 = FACE_OUTER_BOUND ( 'NONE', #2473, .T. ) ;
#7063 = FILL_AREA_STYLE_COLOUR ( '', #9500 ) ;
#7064 = ORIENTED_EDGE ( 'NONE', *, *, #9504, .T. ) ;
#7065 = DIRECTION ( 'NONE',  ( -5.981291766781776942E-16, 0.000000000000000000, -1.000000000000000000 ) ) ;
#7066 = ORIENTED_EDGE ( 'NONE', *, *, #5527, .T. ) ;
#7067 = CARTESIAN_POINT ( 'NONE',  ( -3.441421356216700644, 4.441421356216676664, -0.6249377795396807711 ) ) ;
#7068 = VECTOR ( 'NONE', #2214, 1000.000000000000000 ) ;
#7069 = SURFACE_SIDE_STYLE ('',( #10315 ) ) ;
#7070 = EDGE_CURVE ( 'NONE', #8688, #7885, #2195, .T. ) ;
#7071 = VERTEX_POINT ( 'NONE', #6439 ) ;
#7072 = CARTESIAN_POINT ( 'NONE',  ( -3.050000000000019806, 1.749999999999999778, 1.549999999999989386 ) ) ;
#7073 = DIRECTION ( 'NONE',  ( 1.000000000000000000, -3.614007241618355673E-16, 1.987703982890096458E-15 ) ) ;
#7074 = EDGE_CURVE ( 'NONE', #3936, #584, #6493, .T. ) ;
#7075 = VERTEX_POINT ( 'NONE', #10634 ) ;
#7076 = FACE_OUTER_BOUND ( 'NONE', #2191, .T. ) ;
#7077 = STYLED_ITEM ( 'NONE', ( #8278 ), #8959 ) ;
#7078 = PLANE ( 'NONE',  #8263 ) ;
#7079 = SURFACE_STYLE_USAGE ( .BOTH. , #3624 ) ;
#7080 = ORIENTED_EDGE ( 'NONE', *, *, #8158, .F. ) ;
#7081 = UNCERTAINTY_MEASURE_WITH_UNIT (LENGTH_MEASURE( 1.000000000000000082E-05 ), #2131, 'distance_accuracy_value', 'NONE');
#7083 = CARTESIAN_POINT ( 'NONE',  ( 3.700000000000019273, 4.700000000000000178, -0.6750000000000013767 ) ) ;
#7082 = LINE ( 'NONE', #1178, #8980 ) ;
#7084 = FILL_AREA_STYLE ('',( #6508 ) ) ;
#7085 =( GEOMETRIC_REPRESENTATION_CONTEXT ( 3 ) GLOBAL_UNCERTAINTY_ASSIGNED_CONTEXT ( ( #3644 ) ) GLOBAL_UNIT_ASSIGNED_CONTEXT ( ( #2881, #3088, #5486 ) ) REPRESENTATION_CONTEXT ( 'NONE', 'WORKASPACE' ) );
#7086 = PRESENTATION_STYLE_ASSIGNMENT (( #530 ) ) ;
#7087 =( NAMED_UNIT ( * ) SI_UNIT ( $, .STERADIAN. ) SOLID_ANGLE_UNIT ( ) );
#7088 = ORIENTED_EDGE ( 'NONE', *, *, #8928, .T. ) ;
#7089 = CARTESIAN_POINT ( 'NONE',  ( 3.400000000000024336, 4.400000000000002132, -1.450000000000040590 ) ) ;
#7090 = EDGE_CURVE ( 'NONE', #7968, #8682, #3761, .T. ) ;
#7091 = ORIENTED_EDGE ( 'NONE', *, *, #6338, .T. ) ;
#7092 = CARTESIAN_POINT ( 'NONE',  ( -3.400000000000024336, 1.749999999999999778, -1.450000000000039702 ) ) ;
#7093 = SURFACE_STYLE_FILL_AREA ( #3696 ) ;
#7094 = EDGE_CURVE ( 'NONE', #7665, #4577, #3867, .T. ) ;
#7095 = AXIS2_PLACEMENT_3D ( 'NONE', #3618, #995, #5186 ) ;
#7096 = DIRECTION ( 'NONE',  ( -1.000000000000000000, 0.000000000000000000, 0.000000000000000000 ) ) ;
#7097 = UNCERTAINTY_MEASURE_WITH_UNIT (LENGTH_MEASURE( 1.000000000000000082E-05 ), #5131, 'distance_accuracy_value', 'NONE');
#7098 = PRESENTATION_STYLE_ASSIGNMENT (( #4467 ) ) ;
#7099 = PRESENTATION_STYLE_ASSIGNMENT (( #3700 ) ) ;
#7100 = DIRECTION ( 'NONE',  ( 0.000000000000000000, 1.000000000000000000, 0.000000000000000000 ) ) ;
#7101 = MANIFOLD_SOLID_BREP ( 'LPattern2[2]', #3766 ) ;
#7102 = DIRECTION ( 'NONE',  ( 0.000000000000000000, 0.9848077530122086864, 0.1736481776669268617 ) ) ;
#7104 =( NAMED_UNIT ( * ) PLANE_ANGLE_UNIT ( ) SI_UNIT ( $, .RADIAN. ) );
#7103 =( GEOMETRIC_REPRESENTATION_CONTEXT ( 3 ) GLOBAL_UNCERTAINTY_ASSIGNED_CONTEXT ( ( #10729 ) ) GLOBAL_UNIT_ASSIGNED_CONTEXT ( ( #2198, #3052, #5622 ) ) REPRESENTATION_CONTEXT ( 'NONE', 'WORKASPACE' ) );
#7105 = VERTEX_POINT ( 'NONE', #7115 ) ;
#7106 = EDGE_LOOP ( 'NONE', ( #1646, #9800, #10122, #9584, #7903, #4346, #4067, #1922 ) ) ;
#7107 = CARTESIAN_POINT ( 'NONE',  ( 2.350000000000004974, -2.350000000000002753, -1.850000000000000533 ) ) ;
#7108 = EDGE_CURVE ( 'NONE', #9172, #6735, #7334, .T. ) ;
#7109 = PLANE ( 'NONE',  #4732 ) ;
#7110 = DIRECTION ( 'NONE',  ( -0.9762960071199341394, 0.2164396139380997119, 0.000000000000000000 ) ) ;
#7111 = ORIENTED_EDGE ( 'NONE', *, *, #7139, .T. ) ;
#7112 = DIRECTION ( 'NONE',  ( 0.000000000000000000, 0.000000000000000000, -1.000000000000000000 ) ) ;
#7113 = VECTOR ( 'NONE', #6939, 1000.000000000000000 ) ;
#7114 = CARTESIAN_POINT ( 'NONE',  ( 1.409999999999999698, 0.000000000000000000, 2.350000000000004530 ) ) ;
#7115 = CARTESIAN_POINT ( 'NONE',  ( 4.669999999999994600, 1.399999999999998801, 0.3500000000000037526 ) ) ;
#7116 = ORIENTED_EDGE ( 'NONE', *, *, #5860, .F. ) ;
#7117 = CARTESIAN_POINT ( 'NONE',  ( -4.469999999999994422, 1.199999999999999289, -1.749999999999994449 ) ) ;
#7118 = PRESENTATION_STYLE_ASSIGNMENT (( #4663 ) ) ;
#7119 = PLANE ( 'NONE',  #4041 ) ;
#7120 = SURFACE_STYLE_USAGE ( .BOTH. , #1371 ) ;
#7121 = CARTESIAN_POINT ( 'NONE',  ( -3.700000000000024603, 4.700000000000000178, 0.9499999999999861888 ) ) ;
#7122 = ORIENTED_EDGE ( 'NONE', *, *, #7507, .T. ) ;
#7123 = LINE ( 'NONE', #3060, #2790 ) ;
#7124 = ORIENTED_EDGE ( 'NONE', *, *, #6552, .F. ) ;
#7125 = DIRECTION ( 'NONE',  ( -1.000000000000000000, -0.000000000000000000, -0.000000000000000000 ) ) ;
#7126 = DIRECTION ( 'NONE',  ( -1.000000000000000000, 0.000000000000000000, 0.000000000000000000 ) ) ;
#7127 =( GEOMETRIC_REPRESENTATION_CONTEXT ( 3 ) GLOBAL_UNCERTAINTY_ASSIGNED_CONTEXT ( ( #8310 ) ) GLOBAL_UNIT_ASSIGNED_CONTEXT ( ( #8257, #2231, #749 ) ) REPRESENTATION_CONTEXT ( 'NONE', 'WORKASPACE' ) );
#7128 = ORIENTED_EDGE ( 'NONE', *, *, #5285, .F. ) ;
#7129 = CARTESIAN_POINT ( 'NONE',  ( 4.219999999999995310, 0.4499999999999999001, 0.3500000000000037526 ) ) ;
#7130 = CARTESIAN_POINT ( 'NONE',  ( -2.350000000000001865, -2.350000000000000089, 0.8000000000000003775 ) ) ;
#7131 = FILL_AREA_STYLE ('',( #4794 ) ) ;
#7132 = FACE_OUTER_BOUND ( 'NONE', #8350, .T. ) ;
#7133 = CARTESIAN_POINT ( 'NONE',  ( 3.517428449460732853, 4.517428449460709317, -0.6260801004721017193 ) ) ;
#7134 = FILL_AREA_STYLE ('',( #4748 ) ) ;
#7135 = EDGE_LOOP ( 'NONE', ( #10013, #7842, #2705, #2295, #8549, #9217 ) ) ;
#7136 = MECHANICAL_DESIGN_GEOMETRIC_PRESENTATION_REPRESENTATION (  '', ( #8550 ), #5009 ) ;
#7137 = EDGE_CURVE ( 'NONE', #9459, #8379, #1427, .T. ) ;
#7138 = DIRECTION ( 'NONE',  ( 0.000000000000000000, -0.7071067811865391350, 0.7071067811865560104 ) ) ;
#7139 = EDGE_CURVE ( 'NONE', #5578, #159, #9032, .T. ) ;
#7140 = SURFACE_STYLE_FILL_AREA ( #5372 ) ;
#7141 = FACE_OUTER_BOUND ( 'NONE', #10679, .T. ) ;
#7142 = VERTEX_POINT ( 'NONE', #4605 ) ;
#7143 = VECTOR ( 'NONE', #4786, 999.9999999999998863 ) ;
#7144 = DIRECTION ( 'NONE',  ( 5.981291766781776942E-16, -0.000000000000000000, 1.000000000000000000 ) ) ;
#7145 = ORIENTED_EDGE ( 'NONE', *, *, #10535, .T. ) ;
#7146 = CARTESIAN_POINT ( 'NONE',  ( -8.279362044434750913E-16, 2.099999999999997868, -1.850000000000000533 ) ) ;
#7147 = EDGE_CURVE ( 'NONE', #6194, #8687, #2948, .T. ) ;
#7148 = STYLED_ITEM ( 'NONE', ( #8553 ), #4472 ) ;
#7149 = LINE ( 'NONE', #1190, #2720 ) ;
#7150 = EDGE_CURVE ( 'NONE', #6798, #9768, #2145, .T. ) ;
#7151 = EDGE_CURVE ( 'NONE', #8534, #757, #4658, .T. ) ;
#7152 = DIRECTION ( 'NONE',  ( -0.000000000000000000, -0.000000000000000000, 1.000000000000000000 ) ) ;
#7153 = CARTESIAN_POINT ( 'NONE',  ( -1.409999999999999920, 0.4500000000000002331, 6.098637220230963674E-17 ) ) ;
#7154 = VERTEX_POINT ( 'NONE', #10747 ) ;
#7155 = CARTESIAN_POINT ( 'NONE',  ( 4.669999999999994600, 1.399999999999998801, 0.3500000000000037526 ) ) ;
#7156 = ORIENTED_EDGE ( 'NONE', *, *, #4077, .F. ) ;
#7157 = DIRECTION ( 'NONE',  ( 0.000000000000000000, -1.000000000000000000, 0.000000000000000000 ) ) ;
#7158 = ORIENTED_EDGE ( 'NONE', *, *, #440, .T. ) ;
#7159 = VECTOR ( 'NONE', #6104, 1000.000000000000000 ) ;
#7160 = DIRECTION ( 'NONE',  ( 0.000000000000000000, 0.000000000000000000, 1.000000000000000000 ) ) ;
#7161 = EDGE_CURVE ( 'NONE', #626, #2072, #6596, .T. ) ;
#7162 = CARTESIAN_POINT ( 'NONE',  ( 2.660000000000000142, 0.000000000000000000, -1.125000000000033973 ) ) ;
#7163 = STYLED_ITEM ( 'NONE', ( #270 ), #5229 ) ;
#7164 = EDGE_CURVE ( 'NONE', #3402, #6735, #9139, .T. ) ;
#7165 =( NAMED_UNIT ( * ) SI_UNIT ( $, .STERADIAN. ) SOLID_ANGLE_UNIT ( ) );
#7166 = EDGE_LOOP ( 'NONE', ( #9829, #1519, #7440, #9543 ) ) ;
#7167 = VECTOR ( 'NONE', #4245, 1000.000000000000000 ) ;
#7168 = PLANE ( 'NONE',  #8986 ) ;
#7169 = EDGE_CURVE ( 'NONE', #3226, #773, #6650, .T. ) ;
#7170 = CARTESIAN_POINT ( 'NONE',  ( -2.339999999999999858, 0.2999999999999999334, 1.449999999999997735 ) ) ;
#7171 = LINE ( 'NONE', #1099, #8246 ) ;
#7172 = MANIFOLD_SOLID_BREP ( 'Chamfer3', #7332 ) ;
#7173 = SURFACE_STYLE_FILL_AREA ( #1433 ) ;
#7174 = DIRECTION ( 'NONE',  ( -0.000000000000000000, 1.000000000000000000, -0.000000000000000000 ) ) ;
#7175 = DIRECTION ( 'NONE',  ( -0.000000000000000000, 0.000000000000000000, -1.000000000000000000 ) ) ;
#7176 = ORIENTED_EDGE ( 'NONE', *, *, #9180, .F. ) ;
#7177 = PRESENTATION_LAYER_ASSIGNMENT (  '', '', ( #10328 ) ) ;
#7178 = CARTESIAN_POINT ( 'NONE',  ( 1.610102157375184362, 0.2565727441013907484, 0.1350672255343202399 ) ) ;
#7179 = ORIENTED_EDGE ( 'NONE', *, *, #5182, .F. ) ;
#7180 =( GEOMETRIC_REPRESENTATION_CONTEXT ( 3 ) GLOBAL_UNCERTAINTY_ASSIGNED_CONTEXT ( ( #10722 ) ) GLOBAL_UNIT_ASSIGNED_CONTEXT ( ( #4799, #7358, #10486 ) ) REPRESENTATION_CONTEXT ( 'NONE', 'WORKASPACE' ) );
#7181 = CARTESIAN_POINT ( 'NONE',  ( -0.3455428636362156136, 0.1909000140257102185, 0.1466470997434467238 ) ) ;
#7182 = ADVANCED_FACE ( 'NONE', ( #2513 ), #4893, .F. ) ;
#7183 = SURFACE_STYLE_FILL_AREA ( #10761 ) ;
#7184 = LINE ( 'NONE', #5471, #3631 ) ;
#7185 = VERTEX_POINT ( 'NONE', #4185 ) ;
#7186 = DIRECTION ( 'NONE',  ( -0.000000000000000000, 1.000000000000000000, -0.000000000000000000 ) ) ;
#7187 = COLOUR_RGB ( '',1.000000000000000000, 0.8117647058823529438, 0.5019607843137254832 ) ;
#7188 = LINE ( 'NONE', #8795, #7068 ) ;
#7189 = SURFACE_STYLE_FILL_AREA ( #4745 ) ;
#7190 =( LENGTH_UNIT ( ) NAMED_UNIT ( * ) SI_UNIT ( .MILLI., .METRE. ) );
#7191 =( NAMED_UNIT ( * ) PLANE_ANGLE_UNIT ( ) SI_UNIT ( $, .RADIAN. ) );
#7192 = CARTESIAN_POINT ( 'NONE',  ( 4.669999999999994600, 0.4499999999999999001, 0.3500000000000037526 ) ) ;
#7193 = VERTEX_POINT ( 'NONE', #5871 ) ;
#7194 = MECHANICAL_DESIGN_GEOMETRIC_PRESENTATION_REPRESENTATION (  '', ( #10011 ), #9479 ) ;
#7195 = LINE ( 'NONE', #4579, #99 ) ;
#7196 = MANIFOLD_SOLID_BREP ( 'Chamfer2', #4665 ) ;
#7197 =( GEOMETRIC_REPRESENTATION_CONTEXT ( 3 ) GLOBAL_UNCERTAINTY_ASSIGNED_CONTEXT ( ( #5541 ) ) GLOBAL_UNIT_ASSIGNED_CONTEXT ( ( #9848, #8199, #9624 ) ) REPRESENTATION_CONTEXT ( 'NONE', 'WORKASPACE' ) );
#7198 = SURFACE_SIDE_STYLE ('',( #7140 ) ) ;
#7199 = ORIENTED_EDGE ( 'NONE', *, *, #5080, .T. ) ;
#7200 =( NAMED_UNIT ( * ) SI_UNIT ( $, .STERADIAN. ) SOLID_ANGLE_UNIT ( ) );
#7201 = EDGE_CURVE ( 'NONE', #10317, #10249, #6712, .T. ) ;
#7202 = ORIENTED_EDGE ( 'NONE', *, *, #5210, .F. ) ;
#7203 =( LENGTH_UNIT ( ) NAMED_UNIT ( * ) SI_UNIT ( .MILLI., .METRE. ) );
#7205 = SURFACE_SIDE_STYLE ('',( #586 ) ) ;
#7204 = VECTOR ( 'NONE', #10815, 1000.000000000000000 ) ;
#7206 = UNCERTAINTY_MEASURE_WITH_UNIT (LENGTH_MEASURE( 1.000000000000000082E-05 ), #9416, 'distance_accuracy_value', 'NONE');
#7207 = DIRECTION ( 'NONE',  ( -0.000000000000000000, 1.000000000000000000, -0.000000000000000000 ) ) ;
#7208 = UNCERTAINTY_MEASURE_WITH_UNIT (LENGTH_MEASURE( 1.000000000000000082E-05 ), #5113, 'distance_accuracy_value', 'NONE');
#7209 = VECTOR ( 'NONE', #4610, 1000.000000000000000 ) ;
#7210 = DIRECTION ( 'NONE',  ( -1.000000000000000000, -3.469446951953620598E-16, 0.000000000000000000 ) ) ;
#7211 = DIRECTION ( 'NONE',  ( -0.000000000000000000, 1.000000000000000000, -0.000000000000000000 ) ) ;
#7212 =( GEOMETRIC_REPRESENTATION_CONTEXT ( 3 ) GLOBAL_UNCERTAINTY_ASSIGNED_CONTEXT ( ( #4988 ) ) GLOBAL_UNIT_ASSIGNED_CONTEXT ( ( #9880, #5683, #4834 ) ) REPRESENTATION_CONTEXT ( 'NONE', 'WORKASPACE' ) );
#7213 = SURFACE_STYLE_FILL_AREA ( #4643 ) ;
#7214 = ORIENTED_EDGE ( 'NONE', *, *, #1554, .F. ) ;
#7215 =( NAMED_UNIT ( * ) SI_UNIT ( $, .STERADIAN. ) SOLID_ANGLE_UNIT ( ) );
#7216 = ORIENTED_EDGE ( 'NONE', *, *, #3652, .T. ) ;
#7217 = MECHANICAL_DESIGN_GEOMETRIC_PRESENTATION_REPRESENTATION (  '', ( #5268 ), #8447 ) ;
#7219 = LINE ( 'NONE', #2076, #8710 ) ;
#7218 = STYLED_ITEM ( 'NONE', ( #7670 ), #10763 ) ;
#7220 = EDGE_CURVE ( 'NONE', #8750, #10282, #4358, .T. ) ;
#7221 = CARTESIAN_POINT ( 'NONE',  ( 4.000000000000001776, 3.700000000000000178, 1.549999999999988498 ) ) ;
#7222 = VECTOR ( 'NONE', #3808, 1000.000000000000000 ) ;
#7223 = ORIENTED_EDGE ( 'NONE', *, *, #3855, .T. ) ;
#7224 = VECTOR ( 'NONE', #8053, 1000.000000000000000 ) ;
#7225 = CARTESIAN_POINT ( 'NONE',  ( -1.090000000000000080, 0.2999999999999999889, 1.850000000000004530 ) ) ;
#7226 = PRESENTATION_LAYER_ASSIGNMENT (  '', '', ( #5969 ) ) ;
#7228 = FILL_AREA_STYLE_COLOUR ( '', #5046 ) ;
#7227 = VECTOR ( 'NONE', #3970, 1000.000000000000000 ) ;
#7229 = DIRECTION ( 'NONE',  ( 0.000000000000000000, -0.7071067811865482389, -0.7071067811865469066 ) ) ;
#7230 = ORIENTED_EDGE ( 'NONE', *, *, #2121, .F. ) ;
#7231 = DIRECTION ( 'NONE',  ( -6.570922257487672349E-16, -1.000000000000000000, 0.000000000000000000 ) ) ;
#7232 = DIRECTION ( 'NONE',  ( 0.000000000000000000, 0.9848077530122086864, 0.1736481776669268617 ) ) ;
#7233 = CARTESIAN_POINT ( 'NONE',  ( -4.245735931288066922, 0.2999999999999999889, 0.3500000000000037526 ) ) ;
#7234 = LINE ( 'NONE', #1276, #9134 ) ;
#7235 = CARTESIAN_POINT ( 'NONE',  ( -4.219999999999995310, 1.200000000000000178, 0.3500000000000037526 ) ) ;
#7236 = ORIENTED_EDGE ( 'NONE', *, *, #7767, .T. ) ;
#7237 = ADVANCED_FACE ( 'NONE', ( #7838 ), #6977, .T. ) ;
#7238 = CARTESIAN_POINT ( 'NONE',  ( -4.000000000000001776, 0.000000000000000000, 1.850000000000000533 ) ) ;
#7239 = ORIENTED_EDGE ( 'NONE', *, *, #1753, .T. ) ;
#7240 = ADVANCED_FACE ( 'NONE', ( #2715 ), #172, .T. ) ;
#7241 = FACE_OUTER_BOUND ( 'NONE', #2467, .T. ) ;
#7242 = APPLICATION_CONTEXT ( 'automotive_design' ) ;
#7243 = CARTESIAN_POINT ( 'NONE',  ( -3.400000000000024336, 1.749999999999999778, -1.450000000000039702 ) ) ;
#7244 = VECTOR ( 'NONE', #3467, 1000.000000000000000 ) ;
#7245 = ORIENTED_EDGE ( 'NONE', *, *, #7785, .T. ) ;
#7246 = CARTESIAN_POINT ( 'NONE',  ( 5.499999999999995559, 2.661557160167709779E-15, 0.3500000000000063616 ) ) ;
#7247 = DIRECTION ( 'NONE',  ( -1.000000000000000000, -0.000000000000000000, -0.000000000000000000 ) ) ;
#7248 = ORIENTED_EDGE ( 'NONE', *, *, #10535, .F. ) ;
#7249 = FACE_OUTER_BOUND ( 'NONE', #8032, .T. ) ;
#7250 = LINE ( 'NONE', #4511, #170 ) ;
#7251 = ADVANCED_FACE ( 'NONE', ( #4240 ), #10187, .F. ) ;
#7252 = CARTESIAN_POINT ( 'NONE',  ( 5.250000000000000888, 2.078323961923566277, 0.8000000000000004885 ) ) ;
#7253 = MECHANICAL_DESIGN_GEOMETRIC_PRESENTATION_REPRESENTATION (  '', ( #6177 ), #4191 ) ;
#7254 = ORIENTED_EDGE ( 'NONE', *, *, #808, .F. ) ;
#7255 = DIRECTION ( 'NONE',  ( 0.000000000000000000, 0.000000000000000000, -1.000000000000000000 ) ) ;
#7256 = DIRECTION ( 'NONE',  ( 0.000000000000000000, 0.000000000000000000, -1.000000000000000000 ) ) ;
#7257 = VECTOR ( 'NONE', #7247, 1000.000000000000000 ) ;
#7258 = ORIENTED_EDGE ( 'NONE', *, *, #1355, .T. ) ;
#7259 = SURFACE_SIDE_STYLE ('',( #534 ) ) ;
#7260 = ORIENTED_EDGE ( 'NONE', *, *, #6687, .F. ) ;
#7261 = DIRECTION ( 'NONE',  ( 0.000000000000000000, 1.355252715606857370E-16, -1.000000000000000000 ) ) ;
#7262 = DIRECTION ( 'NONE',  ( -1.000000000000000000, -3.942553354492743531E-16, 0.000000000000000000 ) ) ;
#7263 = LINE ( 'NONE', #10665, #5365 ) ;
#7264 = AXIS2_PLACEMENT_3D ( 'NONE', #4608, #1274, #8784 ) ;
#7265 = DIRECTION ( 'NONE',  ( 0.000000000000000000, -1.355252715606857123E-16, 1.000000000000000000 ) ) ;
#7266 = EDGE_CURVE ( 'NONE', #3535, #8230, #5604, .T. ) ;
#7267 = DIRECTION ( 'NONE',  ( 0.000000000000000000, 1.000000000000000000, 0.000000000000000000 ) ) ;
#7268 = SURFACE_STYLE_FILL_AREA ( #8866 ) ;
#7269 = ORIENTED_EDGE ( 'NONE', *, *, #4211, .T. ) ;
#7270 =( NAMED_UNIT ( * ) PLANE_ANGLE_UNIT ( ) SI_UNIT ( $, .RADIAN. ) );
#7271 = ORIENTED_EDGE ( 'NONE', *, *, #152, .F. ) ;
#7272 = MECHANICAL_DESIGN_GEOMETRIC_PRESENTATION_REPRESENTATION (  '', ( #9199 ), #1623 ) ;
#7273 = LINE ( 'NONE', #8050, #3897 ) ;
#7274 = CARTESIAN_POINT ( 'NONE',  ( 3.500000000000000888, -1.029563014098700879, -0.9500000000000009548 ) ) ;
#7275 = LINE ( 'NONE', #10841, #6848 ) ;
#7276 = ORIENTED_EDGE ( 'NONE', *, *, #10316, .T. ) ;
#7277 = DIRECTION ( 'NONE',  ( -1.000000000000000000, -0.000000000000000000, -0.000000000000000000 ) ) ;
#7278 = PRESENTATION_STYLE_ASSIGNMENT (( #5456 ) ) ;
#7279 = EDGE_CURVE ( 'NONE', #642, #6213, #7323, .T. ) ;
#7280 = FACE_OUTER_BOUND ( 'NONE', #3786, .T. ) ;
#7281 = CARTESIAN_POINT ( 'NONE',  ( 5.499999999999992895, 0.4500000000000040634, -1.849999999999996314 ) ) ;
#7282 = VERTEX_POINT ( 'NONE', #10622 ) ;
#7283 = DIRECTION ( 'NONE',  ( 0.7071067811865429098, 0.000000000000000000, 0.7071067811865521247 ) ) ;
#7284 = CARTESIAN_POINT ( 'NONE',  ( -2.087426537614707645, 0.4932555058087318978, -1.543333668776807110 ) ) ;
#7285 = SURFACE_STYLE_FILL_AREA ( #7338 ) ;
#7286 = LINE ( 'NONE', #4778, #4295 ) ;
#7287 = DIRECTION ( 'NONE',  ( 0.000000000000000000, 0.000000000000000000, -1.000000000000000000 ) ) ;
#7288 = MECHANICAL_DESIGN_GEOMETRIC_PRESENTATION_REPRESENTATION (  '', ( #7996 ), #4986 ) ;
#7289 = SURFACE_STYLE_FILL_AREA ( #3822 ) ;
#7290 = ORIENTED_EDGE ( 'NONE', *, *, #10383, .T. ) ;
#7291 = DIRECTION ( 'NONE',  ( 0.000000000000000000, -0.9848077530122087975, -0.1736481776669268895 ) ) ;
#7292 = ORIENTED_EDGE ( 'NONE', *, *, #873, .T. ) ;
#7293 = LINE ( 'NONE', #6284, #1846 ) ;
#7294 = ADVANCED_FACE ( 'NONE', ( #2071 ), #8101, .T. ) ;
#7295 = EDGE_CURVE ( 'NONE', #3190, #445, #10455, .T. ) ;
#7297 = DIRECTION ( 'NONE',  ( -5.981291766781776942E-16, 0.000000000000000000, 1.000000000000000000 ) ) ;
#7296 = COLOUR_RGB ( '',1.000000000000000000, 1.000000000000000000, 1.000000000000000000 ) ;
#7298 = CARTESIAN_POINT ( 'NONE',  ( -1.409999999999999920, 1.083335593717822357E-31, 2.250000000000004441 ) ) ;
#7299 = ADVANCED_FACE ( 'NONE', ( #10505 ), #2936, .F. ) ;
#7300 = EDGE_LOOP ( 'NONE', ( #7846, #2751, #4805, #9598, #10652, #10542 ) ) ;
#7301 = CARTESIAN_POINT ( 'NONE',  ( 3.400000000000024336, 1.749999999999999778, -1.450000000000040590 ) ) ;
#7302 = CARTESIAN_POINT ( 'NONE',  ( -4.669999999999994600, 1.399999999999999689, 0.3500000000000037526 ) ) ;
#7303 = CARTESIAN_POINT ( 'NONE',  ( 4.000000000000001776, 1.749999999999999778, 1.549999999999988498 ) ) ;
#7304 = FILL_AREA_STYLE_COLOUR ( '', #2810 ) ;
#7305 = VERTEX_POINT ( 'NONE', #9961 ) ;
#7306 = DIRECTION ( 'NONE',  ( 0.000000000000000000, 0.9848077530122087975, -0.1736481776669264454 ) ) ;
#7307 = MECHANICAL_DESIGN_GEOMETRIC_PRESENTATION_REPRESENTATION (  '', ( #8357 ), #952 ) ;
#7308 = EDGE_CURVE ( 'NONE', #3179, #9128, #9861, .T. ) ;
#7309 = SURFACE_SIDE_STYLE ('',( #2434 ) ) ;
#7310 = EDGE_LOOP ( 'NONE', ( #6470, #3595, #2870, #5910 ) ) ;
#7311 =( LENGTH_UNIT ( ) NAMED_UNIT ( * ) SI_UNIT ( .MILLI., .METRE. ) );
#7312 = EDGE_CURVE ( 'NONE', #1125, #5176, #9022, .T. ) ;
#7313 = ORIENTED_EDGE ( 'NONE', *, *, #2746, .T. ) ;
#7314 =( LENGTH_UNIT ( ) NAMED_UNIT ( * ) SI_UNIT ( .MILLI., .METRE. ) );
#7315 = DIRECTION ( 'NONE',  ( 1.000000000000000000, -0.000000000000000000, 0.000000000000000000 ) ) ;
#7316 = FILL_AREA_STYLE ('',( #3203 ) ) ;
#7317 = FACE_OUTER_BOUND ( 'NONE', #3465, .T. ) ;
#7318 = UNCERTAINTY_MEASURE_WITH_UNIT (LENGTH_MEASURE( 1.000000000000000082E-05 ), #7579, 'distance_accuracy_value', 'NONE');
#7319 = PRESENTATION_STYLE_ASSIGNMENT (( #4990 ) ) ;
#7320 = PRESENTATION_LAYER_ASSIGNMENT (  '', '', ( #5190 ) ) ;
#7321 = COLOUR_RGB ( '',1.000000000000000000, 1.000000000000000000, 1.000000000000000000 ) ;
#7322 = MANIFOLD_SOLID_BREP ( 'Cut-Extrude6[2]', #7691 ) ;
#7323 = LINE ( 'NONE', #2026, #3640 ) ;
#7324 = ORIENTED_EDGE ( 'NONE', *, *, #4583, .T. ) ;
#7325 = FACE_OUTER_BOUND ( 'NONE', #5715, .T. ) ;
#7326 = EDGE_LOOP ( 'NONE', ( #9696, #2446, #3298, #6446 ) ) ;
#7327 = CARTESIAN_POINT ( 'NONE',  ( 4.000000000000002665, 0.000000000000000000, 1.850000000000000533 ) ) ;
#7328 = DIRECTION ( 'NONE',  ( -0.000000000000000000, 0.000000000000000000, 1.000000000000000000 ) ) ;
#7329 = PRESENTATION_LAYER_ASSIGNMENT (  '', '', ( #472 ) ) ;
#7330 = AXIS2_PLACEMENT_3D ( 'NONE', #693, #1512, #3036 ) ;
#7331 = SURFACE_STYLE_FILL_AREA ( #711 ) ;
#7332 = CLOSED_SHELL ( 'NONE', ( #7982, #8373, #10499, #7576, #7240, #7294, #5868, #5803, #2229, #8436 ) ) ;
#7333 = CARTESIAN_POINT ( 'NONE',  ( -1.725000000000000755, 4.400000000000002132, -1.450000000000039924 ) ) ;
#7334 = LINE ( 'NONE', #7281, #4361 ) ;
#7335 = ORIENTED_EDGE ( 'NONE', *, *, #9236, .F. ) ;
#7336 = SURFACE_STYLE_USAGE ( .BOTH. , #9709 ) ;
#7337 = DIRECTION ( 'NONE',  ( 1.000000000000000000, 0.000000000000000000, -0.000000000000000000 ) ) ;
#7338 = FILL_AREA_STYLE ('',( #6601 ) ) ;
#7339 = STYLED_ITEM ( 'NONE', ( #9429 ), #240 ) ;
#7340 = ADVANCED_FACE ( 'NONE', ( #3957 ), #8261, .F. ) ;
#7341 = CARTESIAN_POINT ( 'NONE',  ( 0.1599999999999999756, 1.350000000000001865, 1.350000000000004086 ) ) ;
#7342 = DIRECTION ( 'NONE',  ( 0.000000000000000000, 1.000000000000000000, 0.000000000000000000 ) ) ;
#7343 = EDGE_LOOP ( 'NONE', ( #8494, #5399, #1286, #5114 ) ) ;
#7344 = DIRECTION ( 'NONE',  ( 0.000000000000000000, 0.9063077870366520461, 0.4226182617406951114 ) ) ;
#7345 = EDGE_LOOP ( 'NONE', ( #8131, #1091, #14, #5562 ) ) ;
#7346 = VECTOR ( 'NONE', #5764, 1000.000000000000000 ) ;
#7347 =( LENGTH_UNIT ( ) NAMED_UNIT ( * ) SI_UNIT ( .MILLI., .METRE. ) );
#7348 = CARTESIAN_POINT ( 'NONE',  ( 5.499999999999996447, 0.4500000000000040634, 0.3500000000000037526 ) ) ;
#7349 = COLOUR_RGB ( '',1.000000000000000000, 0.8117647058823529438, 0.5019607843137254832 ) ;
#7350 = DIRECTION ( 'NONE',  ( -1.000000000000000000, 0.000000000000000000, -5.981291766781776942E-16 ) ) ;
#7351 = LINE ( 'NONE', #10692, #8268 ) ;
#7352 = VERTEX_POINT ( 'NONE', #2455 ) ;
#7353 = FILL_AREA_STYLE ('',( #2918 ) ) ;
#7354 =( GEOMETRIC_REPRESENTATION_CONTEXT ( 3 ) GLOBAL_UNCERTAINTY_ASSIGNED_CONTEXT ( ( #9516 ) ) GLOBAL_UNIT_ASSIGNED_CONTEXT ( ( #9423, #243, #8504 ) ) REPRESENTATION_CONTEXT ( 'NONE', 'WORKASPACE' ) );
#7355 = DIRECTION ( 'NONE',  ( 0.000000000000000000, -1.000000000000000000, 0.000000000000000000 ) ) ;
#7356 = DIRECTION ( 'NONE',  ( 0.000000000000000000, 0.000000000000000000, -1.000000000000000000 ) ) ;
#7357 = ORIENTED_EDGE ( 'NONE', *, *, #5390, .F. ) ;
#7358 =( NAMED_UNIT ( * ) PLANE_ANGLE_UNIT ( ) SI_UNIT ( $, .RADIAN. ) );
#7359 = AXIS2_PLACEMENT_3D ( 'NONE', #2586, #6941, #4310 ) ;
#7360 = EDGE_CURVE ( 'NONE', #3796, #447, #8417, .T. ) ;
#7361 = CARTESIAN_POINT ( 'NONE',  ( 1.409999999999999698, 1.083335593717822357E-31, 2.250000000000004441 ) ) ;
#7362 = ORIENTED_EDGE ( 'NONE', *, *, #8519, .T. ) ;
#7363 = LINE ( 'NONE', #8852, #787 ) ;
#7364 = MECHANICAL_DESIGN_GEOMETRIC_PRESENTATION_REPRESENTATION (  '', ( #9283 ), #4515 ) ;
#7365 = CARTESIAN_POINT ( 'NONE',  ( -3.400000000000024336, 4.400000000000002132, 0.2249377794898766159 ) ) ;
#7366 = MECHANICAL_DESIGN_GEOMETRIC_PRESENTATION_REPRESENTATION (  '', ( #6475 ), #9471 ) ;
#7367 = DIRECTION ( 'NONE',  ( -0.000000000000000000, 1.000000000000000000, -0.000000000000000000 ) ) ;
#7368 = VERTEX_POINT ( 'NONE', #7707 ) ;
#7369 = ORIENTED_EDGE ( 'NONE', *, *, #9028, .F. ) ;
#7370 = CARTESIAN_POINT ( 'NONE',  ( -2.339999999999999858, -1.125000000000002442, 1.125000000000004663 ) ) ;
#7371 = SURFACE_SIDE_STYLE ('',( #6251 ) ) ;
#7372 = MECHANICAL_DESIGN_GEOMETRIC_PRESENTATION_REPRESENTATION (  '', ( #10177 ), #5423 ) ;
#7373 = EDGE_CURVE ( 'NONE', #5570, #7962, #10121, .T. ) ;
#7374 = AXIS2_PLACEMENT_3D ( 'NONE', #1250, #10497, #4588 ) ;
#7375 = PLANE ( 'NONE',  #5001 ) ;
#7376 = SURFACE_STYLE_FILL_AREA ( #3954 ) ;
#7377 = ADVANCED_FACE ( 'NONE', ( #4228 ), #3523, .F. ) ;
#7378 = MECHANICAL_DESIGN_GEOMETRIC_PRESENTATION_REPRESENTATION (  '', ( #5940 ), #1210 ) ;
#7379 = MANIFOLD_SOLID_BREP ( 'Cut-Extrude6[1]', #5898 ) ;
#7380 = PRESENTATION_STYLE_ASSIGNMENT (( #10894 ) ) ;
#7381 = ORIENTED_EDGE ( 'NONE', *, *, #7873, .F. ) ;
#7382 = MECHANICAL_DESIGN_GEOMETRIC_PRESENTATION_REPRESENTATION (  '', ( #3457 ), #9849 ) ;
#7383 = ORIENTED_EDGE ( 'NONE', *, *, #137, .T. ) ;
#7384 = SURFACE_SIDE_STYLE ('',( #643 ) ) ;
#7386 = CARTESIAN_POINT ( 'NONE',  ( -1.090000000000000080, 0.3499999999999999223, 2.350000000000004530 ) ) ;
#7385 = MECHANICAL_DESIGN_GEOMETRIC_PRESENTATION_REPRESENTATION (  '', ( #9486 ), #1559 ) ;
#7387 = AXIS2_PLACEMENT_3D ( 'NONE', #9089, #2470, #4958 ) ;
#7388 = VECTOR ( 'NONE', #2583, 1000.000000000000000 ) ;
#7389 = EDGE_CURVE ( 'NONE', #2385, #1508, #97, .T. ) ;
#7390 = PLANE ( 'NONE',  #2797 ) ;
#7391 = COLOUR_RGB ( '',1.000000000000000000, 1.000000000000000000, 1.000000000000000000 ) ;
#7392 = PRESENTATION_LAYER_ASSIGNMENT (  '', '', ( #4165 ) ) ;
#7393 = DIRECTION ( 'NONE',  ( 0.000000000000000000, 1.355252715606880296E-16, -1.000000000000000000 ) ) ;
#7394 = CARTESIAN_POINT ( 'NONE',  ( 4.469999999999994422, 0.4499999999999999001, -1.749999999999994005 ) ) ;
#7395 =( NAMED_UNIT ( * ) SI_UNIT ( $, .STERADIAN. ) SOLID_ANGLE_UNIT ( ) );
#7396 = MECHANICAL_DESIGN_GEOMETRIC_PRESENTATION_REPRESENTATION (  '', ( #8096 ), #3297 ) ;
#7397 = ORIENTED_EDGE ( 'NONE', *, *, #1676, .F. ) ;
#7398 =( NAMED_UNIT ( * ) PLANE_ANGLE_UNIT ( ) SI_UNIT ( $, .RADIAN. ) );
#7399 = VECTOR ( 'NONE', #8499, 1000.000000000000000 ) ;
#7400 = FILL_AREA_STYLE_COLOUR ( '', #5416 ) ;
#7401 = COLOUR_RGB ( '',1.000000000000000000, 0.8117647058823529438, 0.5019607843137254832 ) ;
#7402 =( NAMED_UNIT ( * ) SI_UNIT ( $, .STERADIAN. ) SOLID_ANGLE_UNIT ( ) );
#7403 =( NAMED_UNIT ( * ) SI_UNIT ( $, .STERADIAN. ) SOLID_ANGLE_UNIT ( ) );
#7404 = VERTEX_POINT ( 'NONE', #5975 ) ;
#7405 = DIRECTION ( 'NONE',  ( 0.000000000000000000, 0.000000000000000000, 1.000000000000000000 ) ) ;
#7406 = ORIENTED_EDGE ( 'NONE', *, *, #2681, .F. ) ;
#7407 = VECTOR ( 'NONE', #8467, 1000.000000000000000 ) ;
#7408 =( GEOMETRIC_REPRESENTATION_CONTEXT ( 3 ) GLOBAL_UNCERTAINTY_ASSIGNED_CONTEXT ( ( #954 ) ) GLOBAL_UNIT_ASSIGNED_CONTEXT ( ( #962, #1740, #4465 ) ) REPRESENTATION_CONTEXT ( 'NONE', 'WORKASPACE' ) );
#7409 = VECTOR ( 'NONE', #9261, 1000.000000000000000 ) ;
#7410 =( LENGTH_UNIT ( ) NAMED_UNIT ( * ) SI_UNIT ( .MILLI., .METRE. ) );
#7411 = PRESENTATION_STYLE_ASSIGNMENT (( #666 ) ) ;
#7412 = VECTOR ( 'NONE', #3381, 1000.000000000000000 ) ;
#7413 = ADVANCED_FACE ( 'NONE', ( #6966 ), #5203, .F. ) ;
#7414 = FILL_AREA_STYLE_COLOUR ( '', #10727 ) ;
#7415 = FACE_OUTER_BOUND ( 'NONE', #7345, .T. ) ;
#7416 = STYLED_ITEM ( 'NONE', ( #1530 ), #7847 ) ;
#7417 = SURFACE_SIDE_STYLE ('',( #2528 ) ) ;
#7418 = DIRECTION ( 'NONE',  ( 1.000000000000000000, 5.263117342162644475E-17, -0.000000000000000000 ) ) ;
#7419 =( LENGTH_UNIT ( ) NAMED_UNIT ( * ) SI_UNIT ( .MILLI., .METRE. ) );
#7420 = DIRECTION ( 'NONE',  ( -1.000000000000000000, 0.000000000000000000, 0.000000000000000000 ) ) ;
#7421 = ORIENTED_EDGE ( 'NONE', *, *, #9100, .T. ) ;
#7422 = PLANE ( 'NONE',  #7773 ) ;
#7423 = ORIENTED_EDGE ( 'NONE', *, *, #4227, .F. ) ;
#7424 = PRESENTATION_STYLE_ASSIGNMENT (( #10106 ) ) ;
#7425 = AXIS2_PLACEMENT_3D ( 'NONE', #6318, #2135, #10672 ) ;
#7426 = EDGE_CURVE ( 'NONE', #5996, #1025, #7942, .T. ) ;
#7427 = LINE ( 'NONE', #581, #2249 ) ;
#7428 =( LENGTH_UNIT ( ) NAMED_UNIT ( * ) SI_UNIT ( .MILLI., .METRE. ) );
#7429 = ORIENTED_EDGE ( 'NONE', *, *, #4697, .T. ) ;
#7430 = ORIENTED_EDGE ( 'NONE', *, *, #1724, .F. ) ;
#7431 =( GEOMETRIC_REPRESENTATION_CONTEXT ( 3 ) GLOBAL_UNCERTAINTY_ASSIGNED_CONTEXT ( ( #9185 ) ) GLOBAL_UNIT_ASSIGNED_CONTEXT ( ( #5959, #1723, #10165 ) ) REPRESENTATION_CONTEXT ( 'NONE', 'WORKASPACE' ) );
#7432 = CARTESIAN_POINT ( 'NONE',  ( 3.050000000000020695, 3.399999999999998579, 0.9499999999999854117 ) ) ;
#7433 = UNCERTAINTY_MEASURE_WITH_UNIT (LENGTH_MEASURE( 1.000000000000000082E-05 ), #5745, 'distance_accuracy_value', 'NONE');
#7434 = FACE_OUTER_BOUND ( 'NONE', #7029, .T. ) ;
#7435 = UNCERTAINTY_MEASURE_WITH_UNIT (LENGTH_MEASURE( 1.000000000000000082E-05 ), #1637, 'distance_accuracy_value', 'NONE');
#7436 = MECHANICAL_DESIGN_GEOMETRIC_PRESENTATION_REPRESENTATION (  '', ( #4584 ), #8672 ) ;
#7437 = SURFACE_SIDE_STYLE ('',( #701 ) ) ;
#7438 = ADVANCED_FACE ( 'NONE', ( #1246 ), #2012, .F. ) ;
#7439 =( NAMED_UNIT ( * ) PLANE_ANGLE_UNIT ( ) SI_UNIT ( $, .RADIAN. ) );
#7440 = ORIENTED_EDGE ( 'NONE', *, *, #6192, .F. ) ;
#7441 = EDGE_CURVE ( 'NONE', #5996, #7282, #10555, .T. ) ;
#7442 = SURFACE_STYLE_USAGE ( .BOTH. , #2457 ) ;
#7443 = ORIENTED_EDGE ( 'NONE', *, *, #768, .T. ) ;
#7444 = DIRECTION ( 'NONE',  ( 0.000000000000000000, 0.9848077530122087975, -0.1736481776669264454 ) ) ;
#7445 = DIRECTION ( 'NONE',  ( -1.000000000000000000, 0.000000000000000000, 0.000000000000000000 ) ) ;
#7446 = LINE ( 'NONE', #6544, #2617 ) ;
#7447 = UNCERTAINTY_MEASURE_WITH_UNIT (LENGTH_MEASURE( 1.000000000000000082E-05 ), #3989, 'distance_accuracy_value', 'NONE');
#7448 = SURFACE_STYLE_FILL_AREA ( #8366 ) ;
#7449 = CARTESIAN_POINT ( 'NONE',  ( -3.500000000000001776, 0.000000000000000000, -1.850000000000000533 ) ) ;
#7450 = SURFACE_STYLE_USAGE ( .BOTH. , #8272 ) ;
#7451 = VECTOR ( 'NONE', #9178, 1000.000000000000000 ) ;
#7452 = EDGE_LOOP ( 'NONE', ( #7128, #2808, #9387, #8873 ) ) ;
#7453 = EDGE_CURVE ( 'NONE', #7885, #4056, #10611, .T. ) ;
#7454 = DIRECTION ( 'NONE',  ( -1.000000000000000000, 0.000000000000000000, 2.282530889443212381E-16 ) ) ;
#7455 = CARTESIAN_POINT ( 'NONE',  ( -4.469999999999994422, 1.200000000000000178, 0.3500000000000037526 ) ) ;
#7456 = DIRECTION ( 'NONE',  ( 1.000000000000000000, 1.084202172485504828E-15, 0.000000000000000000 ) ) ;
#7457 = DIRECTION ( 'NONE',  ( 0.000000000000000000, 1.000000000000000000, -4.814824860968090180E-32 ) ) ;
#7458 = DIRECTION ( 'NONE',  ( -3.614007241618355673E-16, 1.000000000000000000, 0.000000000000000000 ) ) ;
#7459 = ORIENTED_EDGE ( 'NONE', *, *, #6192, .T. ) ;
#7460 = CARTESIAN_POINT ( 'NONE',  ( -5.249999999999999112, 2.078323961923562724, 0.8000000000000004885 ) ) ;
#7461 = COLOUR_RGB ( '',1.000000000000000000, 0.8117647058823529438, 0.5019607843137254832 ) ;
#7462 = ORIENTED_EDGE ( 'NONE', *, *, #5457, .F. ) ;
#7463 = UNCERTAINTY_MEASURE_WITH_UNIT (LENGTH_MEASURE( 1.000000000000000082E-05 ), #3510, 'distance_accuracy_value', 'NONE');
#7464 = SURFACE_STYLE_FILL_AREA ( #68 ) ;
#7465 = LINE ( 'NONE', #5884, #7409 ) ;
#7466 = LINE ( 'NONE', #8181, #4338 ) ;
#7467 = AXIS2_PLACEMENT_3D ( 'NONE', #8935, #2907, #6275 ) ;
#7468 = LINE ( 'NONE', #5792, #9740 ) ;
#7469 =( NAMED_UNIT ( * ) SI_UNIT ( $, .STERADIAN. ) SOLID_ANGLE_UNIT ( ) );
#7470 = DIRECTION ( 'NONE',  ( -1.000000000000000000, 0.000000000000000000, 0.000000000000000000 ) ) ;
#7471 = CARTESIAN_POINT ( 'NONE',  ( -5.500000000000000888, 21.00560209553989566, -1.849999999999995648 ) ) ;
#7472 = ORIENTED_EDGE ( 'NONE', *, *, #7681, .T. ) ;
#7473 = DIRECTION ( 'NONE',  ( 0.000000000000000000, 0.000000000000000000, 1.000000000000000000 ) ) ;
#7474 = ORIENTED_EDGE ( 'NONE', *, *, #3202, .T. ) ;
#7475 = CARTESIAN_POINT ( 'NONE',  ( 2.660000000000000142, 0.000000000000000000, 2.350000000000004530 ) ) ;
#7476 = VECTOR ( 'NONE', #548, 1000.000000000000000 ) ;
#7477 = CARTESIAN_POINT ( 'NONE',  ( -1.090000000000000080, 1.749999999999999778, 0.000000000000000000 ) ) ;
#7478 = FACE_OUTER_BOUND ( 'NONE', #7688, .T. ) ;
#7479 = ORIENTED_EDGE ( 'NONE', *, *, #7843, .T. ) ;
#7480 = LINE ( 'NONE', #3356, #10253 ) ;
#7481 = DIRECTION ( 'NONE',  ( 0.000000000000000000, -0.000000000000000000, 1.000000000000000000 ) ) ;
#7482 = ORIENTED_EDGE ( 'NONE', *, *, #6052, .T. ) ;
#7483 =( NAMED_UNIT ( * ) SI_UNIT ( $, .STERADIAN. ) SOLID_ANGLE_UNIT ( ) );
#7484 = ORIENTED_EDGE ( 'NONE', *, *, #5788, .T. ) ;
#7485 = SURFACE_STYLE_USAGE ( .BOTH. , #4759 ) ;
#7486 = ORIENTED_EDGE ( 'NONE', *, *, #6727, .T. ) ;
#7487 = VECTOR ( 'NONE', #4801, 1000.000000000000000 ) ;
#7488 = DIRECTION ( 'NONE',  ( 0.000000000000000000, 0.000000000000000000, 1.000000000000000000 ) ) ;
#7489 = VERTEX_POINT ( 'NONE', #9784 ) ;
#7490 = CARTESIAN_POINT ( 'NONE',  ( -2.024999999999999023, -6.056577653194881466E-16, -1.850000000000000533 ) ) ;
#7491 = CARTESIAN_POINT ( 'NONE',  ( -4.000000000000001776, 0.000000000000000000, -0.9500000000000009548 ) ) ;
#7492 = EDGE_CURVE ( 'NONE', #100, #8316, #5373, .T. ) ;
#7493 = DIRECTION ( 'NONE',  ( 1.000000000000000000, -2.990902544787597113E-16, 0.000000000000000000 ) ) ;
#7495 = EDGE_CURVE ( 'NONE', #36, #5853, #2061, .T. ) ;
#7494 = PRESENTATION_LAYER_ASSIGNMENT (  '', '', ( #8207 ) ) ;
#7496 = CARTESIAN_POINT ( 'NONE',  ( -1.324999999999999067, -2.498378919205726108E-16, -1.850000000000000533 ) ) ;
#7497 = LINE ( 'NONE', #10033, #8942 ) ;
#7498 = EDGE_CURVE ( 'NONE', #6326, #3648, #10492, .T. ) ;
#7499 = EDGE_LOOP ( 'NONE', ( #2239, #1083, #5206, #5900, #3680, #5222, #10359, #3043, #3564, #4459, #10626, #9607 ) ) ;
#7500 = PRESENTATION_STYLE_ASSIGNMENT (( #2515 ) ) ;
#7501 = DIRECTION ( 'NONE',  ( -0.9396926207859105373, 0.3420201433256627732, 0.000000000000000000 ) ) ;
#7502 = CARTESIAN_POINT ( 'NONE',  ( 2.350000000000004974, -2.350000000000002753, 0.8000000000000003775 ) ) ;
#7503 = AXIS2_PLACEMENT_3D ( 'NONE', #6459, #10545, #3888 ) ;
#7504 = CARTESIAN_POINT ( 'NONE',  ( -4.000000000000001776, 0.2999999999999999889, 0.9500000000000003997 ) ) ;
#7505 =( NAMED_UNIT ( * ) SI_UNIT ( $, .STERADIAN. ) SOLID_ANGLE_UNIT ( ) );
#7506 = ORIENTED_EDGE ( 'NONE', *, *, #2501, .F. ) ;
#7507 = EDGE_CURVE ( 'NONE', #5767, #1995, #10445, .T. ) ;
#7508 =( LENGTH_UNIT ( ) NAMED_UNIT ( * ) SI_UNIT ( .MILLI., .METRE. ) );
#7509 = VERTEX_POINT ( 'NONE', #6245 ) ;
#7510 = PLANE ( 'NONE',  #4496 ) ;
#7511 = COLOUR_RGB ( '',1.000000000000000000, 0.8117647058823529438, 0.5019607843137254832 ) ;
#7512 = EDGE_CURVE ( 'NONE', #2225, #2049, #7028, .T. ) ;
#7513 = CARTESIAN_POINT ( 'NONE',  ( 4.669999999999994600, 4.336808689942017736E-16, 0.3500000000000037526 ) ) ;
#7514 = CARTESIAN_POINT ( 'NONE',  ( 8.789574831486696213E-16, 2.099999999999997868, -1.450000000000040146 ) ) ;
#7515 =( NAMED_UNIT ( * ) PLANE_ANGLE_UNIT ( ) SI_UNIT ( $, .RADIAN. ) );
#7516 = DIRECTION ( 'NONE',  ( -0.000000000000000000, -0.000000000000000000, 1.000000000000000000 ) ) ;
#7517 = CARTESIAN_POINT ( 'NONE',  ( 0.000000000000000000, 3.700000000000000178, 0.000000000000000000 ) ) ;
#7518 = ORIENTED_EDGE ( 'NONE', *, *, #7681, .F. ) ;
#7519 =( NAMED_UNIT ( * ) PLANE_ANGLE_UNIT ( ) SI_UNIT ( $, .RADIAN. ) );
#7520 = ORIENTED_EDGE ( 'NONE', *, *, #7583, .F. ) ;
#7521 = EDGE_CURVE ( 'NONE', #10848, #9395, #7580, .T. ) ;
#7522 = CARTESIAN_POINT ( 'NONE',  ( -2.339999999999999858, 1.749999999999999778, -0.3250000000000474176 ) ) ;
#7523 = DIRECTION ( 'NONE',  ( -0.2133021165724263701, -0.9621436710723738628, 0.1696518885279461875 ) ) ;
#7524 = AXIS2_PLACEMENT_3D ( 'NONE', #8727, #7677, #123 ) ;
#7525 = CARTESIAN_POINT ( 'NONE',  ( -2.660000000000000142, 3.548929149633788249, -1.004535961130712751 ) ) ;
#7526 = ORIENTED_EDGE ( 'NONE', *, *, #10258, .T. ) ;
#7527 = FACE_OUTER_BOUND ( 'NONE', #7852, .T. ) ;
#7528 = COLOUR_RGB ( '',1.000000000000000000, 1.000000000000000000, 1.000000000000000000 ) ;
#7529 = PRESENTATION_STYLE_ASSIGNMENT (( #2439 ) ) ;
#7530 = ORIENTED_EDGE ( 'NONE', *, *, #7007, .T. ) ;
#7531 = LINE ( 'NONE', #10716, #6296 ) ;
#7532 = FILL_AREA_STYLE ('',( #4164 ) ) ;
#7533 = CARTESIAN_POINT ( 'NONE',  ( 3.500000000000000888, 0.000000000000000000, -0.9500000000000009548 ) ) ;
#7534 = ORIENTED_EDGE ( 'NONE', *, *, #8783, .F. ) ;
#7535 = VECTOR ( 'NONE', #5920, 1000.000000000000000 ) ;
#7536 = UNCERTAINTY_MEASURE_WITH_UNIT (LENGTH_MEASURE( 1.000000000000000082E-05 ), #5272, 'distance_accuracy_value', 'NONE');
#7537 = SURFACE_STYLE_USAGE ( .BOTH. , #9452 ) ;
#7538 = AXIS2_PLACEMENT_3D ( 'NONE', #8355, #3405, #5965 ) ;
#7539 = DIRECTION ( 'NONE',  ( -0.000000000000000000, 0.000000000000000000, 1.000000000000000000 ) ) ;
#7540 = CARTESIAN_POINT ( 'NONE',  ( 4.469999999999994422, 0.4499999999999999001, -1.749999999999994005 ) ) ;
#7541 = EDGE_CURVE ( 'NONE', #8888, #572, #4688, .T. ) ;
#7542 = FILL_AREA_STYLE_COLOUR ( '', #3471 ) ;
#7543 = ORIENTED_EDGE ( 'NONE', *, *, #1097, .F. ) ;
#7544 =( GEOMETRIC_REPRESENTATION_CONTEXT ( 3 ) GLOBAL_UNCERTAINTY_ASSIGNED_CONTEXT ( ( #9182 ) ) GLOBAL_UNIT_ASSIGNED_CONTEXT ( ( #4814, #3956, #752 ) ) REPRESENTATION_CONTEXT ( 'NONE', 'WORKASPACE' ) );
#7545 = CARTESIAN_POINT ( 'NONE',  ( 4.669999999999994600, 0.2500000000000001110, 0.3500000000000037526 ) ) ;
#7546 = VERTEX_POINT ( 'NONE', #8807 ) ;
#7547 = STYLED_ITEM ( 'NONE', ( #6826 ), #1012 ) ;
#7548 = DIRECTION ( 'NONE',  ( -2.990902544787597113E-16, 1.000000000000000000, 0.000000000000000000 ) ) ;
#7549 = AXIS2_PLACEMENT_3D ( 'NONE', #7540, #5863, #10669 ) ;
#7550 = SURFACE_SIDE_STYLE ('',( #7448 ) ) ;
#7551 = VECTOR ( 'NONE', #1888, 1000.000000000000000 ) ;
#7552 = ADVANCED_FACE ( 'NONE', ( #7141 ), #6298, .T. ) ;
#7553 =( NAMED_UNIT ( * ) SI_UNIT ( $, .STERADIAN. ) SOLID_ANGLE_UNIT ( ) );
#7554 = VERTEX_POINT ( 'NONE', #10882 ) ;
#7555 = SURFACE_STYLE_FILL_AREA ( #10086 ) ;
#7556 = EDGE_LOOP ( 'NONE', ( #2063, #2739, #8760, #6023 ) ) ;
#7557 = COLOUR_RGB ( '',1.000000000000000000, 1.000000000000000000, 1.000000000000000000 ) ;
#7559 = PLANE ( 'NONE',  #8338 ) ;
#7558 = CIRCLE ( 'NONE', #2949, 0.5500000000000018208 ) ;
#7560 = VECTOR ( 'NONE', #10430, 1000.000000000000000 ) ;
#7561 = PRESENTATION_STYLE_ASSIGNMENT (( #6501 ) ) ;
#7562 = DIRECTION ( 'NONE',  ( 0.7071067811865471286, -0.7071067811865479058, 0.000000000000000000 ) ) ;
#7563 = PRESENTATION_STYLE_ASSIGNMENT (( #183 ) ) ;
#7564 = PRESENTATION_LAYER_ASSIGNMENT (  '', '', ( #8645 ) ) ;
#7565 = EDGE_LOOP ( 'NONE', ( #7958, #10572, #1271, #9715 ) ) ;
#7566 = AXIS2_PLACEMENT_3D ( 'NONE', #9938, #8292, #10056 ) ;
#7567 = PLANE ( 'NONE',  #8801 ) ;
#7568 = ORIENTED_EDGE ( 'NONE', *, *, #5867, .T. ) ;
#7569 = DIRECTION ( 'NONE',  ( -1.000000000000000000, 0.000000000000000000, 0.000000000000000000 ) ) ;
#7570 = FILL_AREA_STYLE_COLOUR ( '', #8769 ) ;
#7571 = VECTOR ( 'NONE', #10642, 1000.000000000000000 ) ;
#7572 = CARTESIAN_POINT ( 'NONE',  ( 0.1599999999999999756, 0.4500000000000002331, 6.098637220230963674E-17 ) ) ;
#7573 = COLOUR_RGB ( '',1.000000000000000000, 0.8117647058823529438, 0.5019607843137254832 ) ;
#7574 = CARTESIAN_POINT ( 'NONE',  ( 3.525881904447569770, 4.525881904447545345, 0.1283451969090864953 ) ) ;
#7576 = ADVANCED_FACE ( 'NONE', ( #7478 ), #1662, .T. ) ;
#7575 =( NAMED_UNIT ( * ) SI_UNIT ( $, .STERADIAN. ) SOLID_ANGLE_UNIT ( ) );
#7577 =( NAMED_UNIT ( * ) PLANE_ANGLE_UNIT ( ) SI_UNIT ( $, .RADIAN. ) );
#7578 = FILL_AREA_STYLE_COLOUR ( '', #2045 ) ;
#7579 =( LENGTH_UNIT ( ) NAMED_UNIT ( * ) SI_UNIT ( .MILLI., .METRE. ) );
#7580 = CIRCLE ( 'NONE', #1927, 0.1999999999999996503 ) ;
#7581 = DIRECTION ( 'NONE',  ( 0.000000000000000000, -1.355252715606857123E-16, 1.000000000000000000 ) ) ;
#7582 = ORIENTED_EDGE ( 'NONE', *, *, #8303, .T. ) ;
#7583 = EDGE_CURVE ( 'NONE', #1300, #1839, #4928, .T. ) ;
#7584 = PRESENTATION_STYLE_ASSIGNMENT (( #837 ) ) ;
#7585 = VERTEX_POINT ( 'NONE', #6573 ) ;
#7586 =( GEOMETRIC_REPRESENTATION_CONTEXT ( 3 ) GLOBAL_UNCERTAINTY_ASSIGNED_CONTEXT ( ( #5319 ) ) GLOBAL_UNIT_ASSIGNED_CONTEXT ( ( #3966, #2244, #4949 ) ) REPRESENTATION_CONTEXT ( 'NONE', 'WORKASPACE' ) );
#7587 = STYLED_ITEM ( 'NONE', ( #5555 ), #2229 ) ;
#7588 = MECHANICAL_DESIGN_GEOMETRIC_PRESENTATION_REPRESENTATION (  '', ( #8650 ), #1763 ) ;
#7589 = FILL_AREA_STYLE_COLOUR ( '', #9866 ) ;
#7590 = VERTEX_POINT ( 'NONE', #7525 ) ;
#7591 = DIRECTION ( 'NONE',  ( 0.000000000000000000, 0.000000000000000000, -1.000000000000000000 ) ) ;
#7592 = EDGE_CURVE ( 'NONE', #10695, #100, #10775, .T. ) ;
#7593 = PRESENTATION_LAYER_ASSIGNMENT (  '', '', ( #8817 ) ) ;
#7594 = VERTEX_POINT ( 'NONE', #8299 ) ;
#7595 = SURFACE_STYLE_USAGE ( .BOTH. , #792 ) ;
#7596 = DIRECTION ( 'NONE',  ( -1.000000000000000000, 0.000000000000000000, 1.275531967629996124E-16 ) ) ;
#7597 = VERTEX_POINT ( 'NONE', #4864 ) ;
#7598 = PLANE ( 'NONE',  #2889 ) ;
#7599 = DIRECTION ( 'NONE',  ( 0.000000000000000000, -0.000000000000000000, 1.000000000000000000 ) ) ;
#7600 = DIRECTION ( 'NONE',  ( 0.000000000000000000, 0.7071067811865391350, -0.7071067811865560104 ) ) ;
#7601 = DIRECTION ( 'NONE',  ( -0.6947465906068676089, -0.6947465906068636121, 0.1861567878973860724 ) ) ;
#7602 = AXIS2_PLACEMENT_3D ( 'NONE', #4055, #9225, #4104 ) ;
#7603 = EDGE_LOOP ( 'NONE', ( #1505, #4682, #121, #463 ) ) ;
#7604 =( LENGTH_UNIT ( ) NAMED_UNIT ( * ) SI_UNIT ( .MILLI., .METRE. ) );
#7605 = ORIENTED_EDGE ( 'NONE', *, *, #6938, .F. ) ;
#7606 = CARTESIAN_POINT ( 'NONE',  ( -5.000000000000006217, 1.650000000000000355, -1.749999999999994449 ) ) ;
#7607 = ADVANCED_FACE ( 'NONE', ( #3147 ), #1457, .F. ) ;
#7608 = COLOUR_RGB ( '',1.000000000000000000, 1.000000000000000000, 1.000000000000000000 ) ;
#7609 = DIRECTION ( 'NONE',  ( 0.000000000000000000, 0.000000000000000000, -1.000000000000000000 ) ) ;
#7610 = CARTESIAN_POINT ( 'NONE',  ( 3.441421356216700644, 4.441421356216676664, -0.6249377795396816593 ) ) ;
#7611 = FILL_AREA_STYLE_COLOUR ( '', #516 ) ;
#7612 = ORIENTED_EDGE ( 'NONE', *, *, #8840, .F. ) ;
#7613 = CARTESIAN_POINT ( 'NONE',  ( 3.400000000000025224, 3.700000000000000178, 1.249999999999985345 ) ) ;
#7614 = VERTEX_POINT ( 'NONE', #8349 ) ;
#7615 = MECHANICAL_DESIGN_GEOMETRIC_PRESENTATION_REPRESENTATION (  '', ( #9719 ), #2825 ) ;
#7616 = DIRECTION ( 'NONE',  ( 0.7071067811865483499, 0.000000000000000000, 0.7071067811865467956 ) ) ;
#7617 = LINE ( 'NONE', #2407, #2098 ) ;
#7618 = SURFACE_STYLE_FILL_AREA ( #2674 ) ;
#7619 = EDGE_LOOP ( 'NONE', ( #1230, #7635, #9550, #9304 ) ) ;
#7620 = LINE ( 'NONE', #8669, #5801 ) ;
#7621 = EDGE_CURVE ( 'NONE', #1167, #5881, #5334, .T. ) ;
#7622 = ORIENTED_EDGE ( 'NONE', *, *, #6057, .T. ) ;
#7623 = LINE ( 'NONE', #1926, #3582 ) ;
#7624 =( GEOMETRIC_REPRESENTATION_CONTEXT ( 3 ) GLOBAL_UNCERTAINTY_ASSIGNED_CONTEXT ( ( #4640 ) ) GLOBAL_UNIT_ASSIGNED_CONTEXT ( ( #10336, #961, #10238 ) ) REPRESENTATION_CONTEXT ( 'NONE', 'WORKASPACE' ) );
#7625 = DIRECTION ( 'NONE',  ( 1.000000000000000000, 0.000000000000000000, -1.275531967629996124E-16 ) ) ;
#7626 = DIRECTION ( 'NONE',  ( -0.000000000000000000, -0.000000000000000000, -1.000000000000000000 ) ) ;
#7627 = DIRECTION ( 'NONE',  ( 5.981805089575198169E-16, -1.000000000000000000, 0.000000000000000000 ) ) ;
#7628 = CARTESIAN_POINT ( 'NONE',  ( -4.000000000000001776, 2.899999999999999467, -1.850000000000000533 ) ) ;
#7629 = FACE_OUTER_BOUND ( 'NONE', #3799, .T. ) ;
#7630 = LINE ( 'NONE', #5299, #1607 ) ;
#7631 = DIRECTION ( 'NONE',  ( -1.000000000000000000, 0.000000000000000000, 1.927470528863123683E-15 ) ) ;
#7632 = CARTESIAN_POINT ( 'NONE',  ( -0.1599999999999999756, 3.548929149633788249, 0.000000000000000000 ) ) ;
#7633 = CARTESIAN_POINT ( 'NONE',  ( -3.400000000000024336, 3.399999999999998579, 0.9499999999999861888 ) ) ;
#7634 = EDGE_CURVE ( 'NONE', #1357, #9716, #897, .T. ) ;
#7635 = ORIENTED_EDGE ( 'NONE', *, *, #10519, .F. ) ;
#7636 = EDGE_CURVE ( 'NONE', #1781, #9716, #7641, .T. ) ;
#7637 = CARTESIAN_POINT ( 'NONE',  ( -4.000000000000001776, 1.749999999999999778, 1.549999999999989608 ) ) ;
#7638 = EDGE_CURVE ( 'NONE', #8774, #9788, #10217, .T. ) ;
#7639 = VECTOR ( 'NONE', #8339, 1000.000000000000000 ) ;
#7640 = FILL_AREA_STYLE ('',( #2647 ) ) ;
#7641 = LINE ( 'NONE', #8402, #2622 ) ;
#7642 = ORIENTED_EDGE ( 'NONE', *, *, #1695, .F. ) ;
#7643 =( NAMED_UNIT ( * ) PLANE_ANGLE_UNIT ( ) SI_UNIT ( $, .RADIAN. ) );
#7644 = EDGE_LOOP ( 'NONE', ( #1161, #6912, #7520, #914 ) ) ;
#7645 = DIRECTION ( 'NONE',  ( 1.000000000000000000, -0.000000000000000000, 0.000000000000000000 ) ) ;
#7646 = SURFACE_SIDE_STYLE ('',( #9179 ) ) ;
#7647 = VECTOR ( 'NONE', #1872, 1000.000000000000000 ) ;
#7648 = ORIENTED_EDGE ( 'NONE', *, *, #9918, .F. ) ;
#7649 = UNCERTAINTY_MEASURE_WITH_UNIT (LENGTH_MEASURE( 1.000000000000000082E-05 ), #1277, 'distance_accuracy_value', 'NONE');
#7650 = SURFACE_SIDE_STYLE ('',( #4223 ) ) ;
#7651 = CARTESIAN_POINT ( 'NONE',  ( 3.700000000000025047, 4.700000000000000178, -0.7249377794898667071 ) ) ;
#7652 = CARTESIAN_POINT ( 'NONE',  ( 5.699999999999993072, 0.2500000000000011102, -1.649999999999997691 ) ) ;
#7653 = ADVANCED_FACE ( 'NONE', ( #6738 ), #7693, .T. ) ;
#7654 = DIRECTION ( 'NONE',  ( 1.000000000000000000, 0.000000000000000000, -0.000000000000000000 ) ) ;
#7655 = MECHANICAL_DESIGN_GEOMETRIC_PRESENTATION_REPRESENTATION (  '', ( #1302 ), #9045 ) ;
#7656 = ORIENTED_EDGE ( 'NONE', *, *, #5897, .F. ) ;
#7657 = LINE ( 'NONE', #3413, #3500 ) ;
#7658 = ORIENTED_EDGE ( 'NONE', *, *, #9531, .T. ) ;
#7659 = DIRECTION ( 'NONE',  ( -8.131516293641279557E-17, 0.000000000000000000, -1.000000000000000000 ) ) ;
#7660 = CARTESIAN_POINT ( 'NONE',  ( -3.400000000000024780, 1.749999999999999778, -0.7249377794898655969 ) ) ;
#7661 = LINE ( 'NONE', #3478, #3418 ) ;
#7662 = FACE_OUTER_BOUND ( 'NONE', #5341, .T. ) ;
#7663 = COLOUR_RGB ( '',1.000000000000000000, 1.000000000000000000, 1.000000000000000000 ) ;
#7664 =( NAMED_UNIT ( * ) PLANE_ANGLE_UNIT ( ) SI_UNIT ( $, .RADIAN. ) );
#7665 = VERTEX_POINT ( 'NONE', #2694 ) ;
#7666 = CARTESIAN_POINT ( 'NONE',  ( -5.500000000000000000, 0.7999999999999999334, 0.9500000000000025091 ) ) ;
#7667 = VERTEX_POINT ( 'NONE', #2593 ) ;
#7668 =( LENGTH_UNIT ( ) NAMED_UNIT ( * ) SI_UNIT ( .MILLI., .METRE. ) );
#7669 =( NAMED_UNIT ( * ) SI_UNIT ( $, .STERADIAN. ) SOLID_ANGLE_UNIT ( ) );
#7670 = PRESENTATION_STYLE_ASSIGNMENT (( #2628 ) ) ;
#7671 = CARTESIAN_POINT ( 'NONE',  ( 5.000000000000006217, 1.649999999999999023, -1.849999999999996314 ) ) ;
#7672 = VERTEX_POINT ( 'NONE', #138 ) ;
#7673 =( GEOMETRIC_REPRESENTATION_CONTEXT ( 3 ) GLOBAL_UNCERTAINTY_ASSIGNED_CONTEXT ( ( #9284 ) ) GLOBAL_UNIT_ASSIGNED_CONTEXT ( ( #10015, #4811, #3155 ) ) REPRESENTATION_CONTEXT ( 'NONE', 'WORKASPACE' ) );
#7674 = CARTESIAN_POINT ( 'NONE',  ( 4.245735931288066034, 0.2999999999999999889, 0.3500000000000037526 ) ) ;
#7675 = VERTEX_POINT ( 'NONE', #7751 ) ;
#7676 = FILL_AREA_STYLE_COLOUR ( '', #7872 ) ;
#7677 = DIRECTION ( 'NONE',  ( -2.282530889443210409E-16, 0.000000000000000000, -1.000000000000000000 ) ) ;
#7678 = SURFACE_STYLE_FILL_AREA ( #3231 ) ;
#7679 = AXIS2_PLACEMENT_3D ( 'NONE', #3613, #8517, #9388 ) ;
#7680 =( GEOMETRIC_REPRESENTATION_CONTEXT ( 3 ) GLOBAL_UNCERTAINTY_ASSIGNED_CONTEXT ( ( #7318 ) ) GLOBAL_UNIT_ASSIGNED_CONTEXT ( ( #7579, #10101, #5019 ) ) REPRESENTATION_CONTEXT ( 'NONE', 'WORKASPACE' ) );
#7681 = EDGE_CURVE ( 'NONE', #3138, #5810, #4214, .T. ) ;
#7682 = PLANE ( 'NONE',  #7359 ) ;
#7683 = DIRECTION ( 'NONE',  ( 0.000000000000000000, 1.000000000000000000, 0.000000000000000000 ) ) ;
#7684 = CARTESIAN_POINT ( 'NONE',  ( 1.089999999999999858, 0.2999999999999999334, 1.449999999999997735 ) ) ;
#7685 = SURFACE_STYLE_USAGE ( .BOTH. , #8679 ) ;
#7686 = VERTEX_POINT ( 'NONE', #7814 ) ;
#7687 = DIRECTION ( 'NONE',  ( -1.000000000000000000, -0.000000000000000000, -0.000000000000000000 ) ) ;
#7688 = EDGE_LOOP ( 'NONE', ( #1259, #2503, #7429, #9404 ) ) ;
#7689 = COLOUR_RGB ( '',1.000000000000000000, 1.000000000000000000, 1.000000000000000000 ) ;
#7690 = PLANE ( 'NONE',  #1500 ) ;
#7691 = CLOSED_SHELL ( 'NONE', ( #9245, #9526, #8245, #8661, #4444, #4014, #4397, #92, #6733, #7782, #4580, #10246, #10654, #9352, #3733, #8987, #9805 ) ) ;
#7692 =( NAMED_UNIT ( * ) PLANE_ANGLE_UNIT ( ) SI_UNIT ( $, .RADIAN. ) );
#7693 = CYLINDRICAL_SURFACE ( 'NONE', #6330, 0.09999999995018510335 ) ;
#7694 = ORIENTED_EDGE ( 'NONE', *, *, #4941, .F. ) ;
#7695 = PRESENTATION_STYLE_ASSIGNMENT (( #4267 ) ) ;
#7696 = COLOUR_RGB ( '',1.000000000000000000, 1.000000000000000000, 1.000000000000000000 ) ;
#7697 = EDGE_CURVE ( 'NONE', #8680, #989, #9391, .T. ) ;
#7698 = EDGE_LOOP ( 'NONE', ( #9605, #10523, #2047, #7818 ) ) ;
#7699 = PRESENTATION_STYLE_ASSIGNMENT (( #8573 ) ) ;
#7700 = CARTESIAN_POINT ( 'NONE',  ( 1.089999999999999858, 1.749999999999999778, -0.3250000000000474176 ) ) ;
#7701 = AXIS2_PLACEMENT_3D ( 'NONE', #26, #7631, #9889 ) ;
#7702 = ORIENTED_EDGE ( 'NONE', *, *, #3782, .T. ) ;
#7704 =( NAMED_UNIT ( * ) PLANE_ANGLE_UNIT ( ) SI_UNIT ( $, .RADIAN. ) );
#7703 = FILL_AREA_STYLE_COLOUR ( '', #1400 ) ;
#7705 = COLOUR_RGB ( '',1.000000000000000000, 1.000000000000000000, 1.000000000000000000 ) ;
#7706 = DIRECTION ( 'NONE',  ( 0.000000000000000000, -1.000000000000000000, 0.000000000000000000 ) ) ;
#7707 = CARTESIAN_POINT ( 'NONE',  ( 5.199999999999999289, 2.599999999999999645, 0.6499999999999993561 ) ) ;
#7708 = EDGE_LOOP ( 'NONE', ( #10534, #6682, #4541, #1953, #219 ) ) ;
#7709 = CARTESIAN_POINT ( 'NONE',  ( -3.500000000000001776, -1.029563014098700879, 1.850000000000000533 ) ) ;
#7710 = EDGE_CURVE ( 'NONE', #9886, #1925, #8520, .T. ) ;
#7711 = VERTEX_POINT ( 'NONE', #205 ) ;
#7712 = CARTESIAN_POINT ( 'NONE',  ( 5.699999999999993960, 0.2499999999999997780, 0.3500000000000037526 ) ) ;
#7713 = LINE ( 'NONE', #3470, #3699 ) ;
#7714 = ADVANCED_FACE ( 'NONE', ( #258 ), #6054, .F. ) ;
#7715 = VECTOR ( 'NONE', #9514, 1000.000000000000000 ) ;
#7716 = EDGE_CURVE ( 'NONE', #5704, #3355, #1429, .T. ) ;
#7717 =( NAMED_UNIT ( * ) PLANE_ANGLE_UNIT ( ) SI_UNIT ( $, .RADIAN. ) );
#7718 = FACE_OUTER_BOUND ( 'NONE', #3069, .T. ) ;
#7719 = PRESENTATION_LAYER_ASSIGNMENT (  '', '', ( #10687 ) ) ;
#7720 = PRODUCT ( '533980571', '533980571', '', ( #4234 ) ) ;
#7721 = DIRECTION ( 'NONE',  ( -0.9762960071199341394, 0.2164396139380997119, 0.000000000000000000 ) ) ;
#7722 = VERTEX_POINT ( 'NONE', #312 ) ;
#7723 = VECTOR ( 'NONE', #8484, 1000.000000000000114 ) ;
#7724 = PRESENTATION_STYLE_ASSIGNMENT (( #2028 ) ) ;
#7725 = ORIENTED_EDGE ( 'NONE', *, *, #1776, .T. ) ;
#7726 = CARTESIAN_POINT ( 'NONE',  ( 4.469999999999994422, 1.199999999999999067, 0.3500000000000037526 ) ) ;
#7727 = FACE_OUTER_BOUND ( 'NONE', #5095, .T. ) ;
#7728 = DIRECTION ( 'NONE',  ( -0.000000000000000000, 0.7071067811865496822, 0.7071067811865454633 ) ) ;
#7729 = ORIENTED_EDGE ( 'NONE', *, *, #1695, .T. ) ;
#7730 = MECHANICAL_DESIGN_GEOMETRIC_PRESENTATION_REPRESENTATION (  '', ( #4889 ), #8088 ) ;
#7731 = CARTESIAN_POINT ( 'NONE',  ( -2.339999999999999858, 0.4500000000000000111, 1.850000000000004530 ) ) ;
#7732 = ORIENTED_EDGE ( 'NONE', *, *, #5814, .T. ) ;
#7733 = MECHANICAL_DESIGN_GEOMETRIC_PRESENTATION_REPRESENTATION (  '', ( #2770 ), #7925 ) ;
#7734 = DIRECTION ( 'NONE',  ( 0.000000000000000000, 1.000000000000000000, 0.000000000000000000 ) ) ;
#7735 = LINE ( 'NONE', #7056, #5760 ) ;
#7736 = LINE ( 'NONE', #6992, #10210 ) ;
#7737 = VECTOR ( 'NONE', #8196, 1000.000000000000000 ) ;
#7738 = CARTESIAN_POINT ( 'NONE',  ( -1.090000000000000080, 3.548929149633788693, -0.4454640388693684727 ) ) ;
#7739 =( LENGTH_UNIT ( ) NAMED_UNIT ( * ) SI_UNIT ( .MILLI., .METRE. ) );
#7740 = CARTESIAN_POINT ( 'NONE',  ( -7.589415207398548787E-16, 2.100000000000000977, -1.850000000000000533 ) ) ;
#7741 = CARTESIAN_POINT ( 'NONE',  ( 4.219999999999994422, 1.649999999999999023, -1.749999999999994005 ) ) ;
#7742 = FACE_OUTER_BOUND ( 'NONE', #6505, .T. ) ;
#7743 = ORIENTED_EDGE ( 'NONE', *, *, #1424, .T. ) ;
#7744 = VECTOR ( 'NONE', #512, 1000.000000000000114 ) ;
#7745 = COLOUR_RGB ( '',1.000000000000000000, 1.000000000000000000, 1.000000000000000000 ) ;
#7746 = CARTESIAN_POINT ( 'NONE',  ( -5.500000000000000000, 2.599999999999999201, -1.850000000000000533 ) ) ;
#7747 = ADVANCED_FACE ( 'NONE', ( #1479 ), #556, .T. ) ;
#7748 = PRESENTATION_LAYER_ASSIGNMENT (  '', '', ( #10549 ) ) ;
#7749 = STYLED_ITEM ( 'NONE', ( #9496 ), #1960 ) ;
#7750 = LINE ( 'NONE', #6737, #9489 ) ;
#7751 = CARTESIAN_POINT ( 'NONE',  ( 3.050000000000020695, 1.749999999999999778, 0.9499999999999854117 ) ) ;
#7752 = COLOUR_RGB ( '',1.000000000000000000, 1.000000000000000000, 1.000000000000000000 ) ;
#7753 = ORIENTED_EDGE ( 'NONE', *, *, #8030, .T. ) ;
#7754 = MECHANICAL_DESIGN_GEOMETRIC_PRESENTATION_REPRESENTATION (  '', ( #7218 ), #5086 ) ;
#7755 =( NAMED_UNIT ( * ) PLANE_ANGLE_UNIT ( ) SI_UNIT ( $, .RADIAN. ) );
#7756 = AXIS2_PLACEMENT_3D ( 'NONE', #8843, #9664, #4788 ) ;
#7757 = ORIENTED_EDGE ( 'NONE', *, *, #8692, .F. ) ;
#7758 = SURFACE_STYLE_FILL_AREA ( #6292 ) ;
#7759 = DIRECTION ( 'NONE',  ( 0.000000000000000000, 0.000000000000000000, 1.000000000000000000 ) ) ;
#7760 = MECHANICAL_DESIGN_GEOMETRIC_PRESENTATION_REPRESENTATION (  '', ( #6147 ), #4548 ) ;
#7762 = FACE_OUTER_BOUND ( 'NONE', #10092, .T. ) ;
#7761 = VECTOR ( 'NONE', #1850, 1000.000000000000000 ) ;
#7763 = VERTEX_POINT ( 'NONE', #8934 ) ;
#7764 = UNCERTAINTY_MEASURE_WITH_UNIT (LENGTH_MEASURE( 1.000000000000000082E-05 ), #3610, 'distance_accuracy_value', 'NONE');
#7766 = CARTESIAN_POINT ( 'NONE',  ( -3.525881904447568882, 4.525881904447545345, -0.6283451969090765310 ) ) ;
#7765 = DIRECTION ( 'NONE',  ( 0.000000000000000000, 0.000000000000000000, -1.000000000000000000 ) ) ;
#7767 = EDGE_CURVE ( 'NONE', #8922, #4504, #4720, .T. ) ;
#7768 = VECTOR ( 'NONE', #8031, 1000.000000000000000 ) ;
#7769 =( GEOMETRIC_REPRESENTATION_CONTEXT ( 3 ) GLOBAL_UNCERTAINTY_ASSIGNED_CONTEXT ( ( #96 ) ) GLOBAL_UNIT_ASSIGNED_CONTEXT ( ( #3369, #6027, #5329 ) ) REPRESENTATION_CONTEXT ( 'NONE', 'WORKASPACE' ) );
#7770 = PRESENTATION_LAYER_ASSIGNMENT (  '', '', ( #10537 ) ) ;
#7771 = DIRECTION ( 'NONE',  ( -1.000000000000000000, -0.000000000000000000, -0.000000000000000000 ) ) ;
#7772 = DIRECTION ( 'NONE',  ( -0.000000000000000000, -1.000000000000000000, -0.000000000000000000 ) ) ;
#7773 = AXIS2_PLACEMENT_3D ( 'NONE', #3137, #784, #10058 ) ;
#7774 = PRESENTATION_STYLE_ASSIGNMENT (( #2660 ) ) ;
#7775 = VERTEX_POINT ( 'NONE', #8062 ) ;
#7776 = CARTESIAN_POINT ( 'NONE',  ( -4.300000000000001599, 2.600000000000000533, 0.9500000000000020650 ) ) ;
#7777 = ORIENTED_EDGE ( 'NONE', *, *, #4458, .F. ) ;
#7778 = CARTESIAN_POINT ( 'NONE',  ( 3.050000000000020695, 1.749999999999999778, 1.549999999999988720 ) ) ;
#7779 = DIRECTION ( 'NONE',  ( -1.000000000000000000, 0.000000000000000000, 3.097720492815684271E-16 ) ) ;
#7780 = CARTESIAN_POINT ( 'NONE',  ( 3.400000000000024336, 1.749999999999999778, -0.7249377794898664851 ) ) ;
#7781 = PLANE ( 'NONE',  #3840 ) ;
#7782 = ADVANCED_FACE ( 'NONE', ( #6337 ), #7168, .T. ) ;
#7783 = EDGE_CURVE ( 'NONE', #4383, #7590, #9924, .T. ) ;
#7784 = PRESENTATION_LAYER_ASSIGNMENT (  '', '', ( #722 ) ) ;
#7785 = EDGE_CURVE ( 'NONE', #2979, #7594, #1368, .T. ) ;
#7786 = ORIENTED_EDGE ( 'NONE', *, *, #8726, .F. ) ;
#7787 = EDGE_CURVE ( 'NONE', #3332, #1122, #3763, .T. ) ;
#7788 = ORIENTED_EDGE ( 'NONE', *, *, #1243, .T. ) ;
#7789 = CARTESIAN_POINT ( 'NONE',  ( -1.090000000000000080, 0.4500000000000002331, 6.098637220230963674E-17 ) ) ;
#7790 = SURFACE_STYLE_FILL_AREA ( #4422 ) ;
#7791 = LINE ( 'NONE', #9370, #5956 ) ;
#7792 = STYLED_ITEM ( 'NONE', ( #88 ), #8436 ) ;
#7793 = LINE ( 'NONE', #8548, #1395 ) ;
#7794 = ORIENTED_EDGE ( 'NONE', *, *, #8519, .F. ) ;
#7795 = CARTESIAN_POINT ( 'NONE',  ( 5.000000000000006217, 1.399999999999998801, 0.3500000000000037526 ) ) ;
#7796 = ORIENTED_EDGE ( 'NONE', *, *, #9580, .T. ) ;
#7797 =( LENGTH_UNIT ( ) NAMED_UNIT ( * ) SI_UNIT ( .MILLI., .METRE. ) );
#7798 = ADVANCED_FACE ( 'NONE', ( #4661 ), #10524, .T. ) ;
#7799 = FILL_AREA_STYLE_COLOUR ( '', #4685 ) ;
#7800 = CARTESIAN_POINT ( 'NONE',  ( 2.339999999999999858, 3.548929149633788693, -0.4454640388693684727 ) ) ;
#7801 = COLOUR_RGB ( '',1.000000000000000000, 1.000000000000000000, 1.000000000000000000 ) ;
#7802 = VERTEX_POINT ( 'NONE', #3972 ) ;
#7803 = ADVANCED_FACE ( 'NONE', ( #3170 ), #5310, .F. ) ;
#7804 = LINE ( 'NONE', #2850, #3715 ) ;
#7805 = DIRECTION ( 'NONE',  ( 0.000000000000000000, 0.000000000000000000, -1.000000000000000000 ) ) ;
#7806 = SURFACE_SIDE_STYLE ('',( #9266 ) ) ;
#7807 = FILL_AREA_STYLE ('',( #5301 ) ) ;
#7808 = CARTESIAN_POINT ( 'NONE',  ( 3.700000000000019273, 4.700000000000000178, -0.6750000000000013767 ) ) ;
#7809 = ORIENTED_EDGE ( 'NONE', *, *, #5603, .F. ) ;
#7810 = AXIS2_PLACEMENT_3D ( 'NONE', #1127, #9574, #5982 ) ;
#7811 = ORIENTED_EDGE ( 'NONE', *, *, #7634, .F. ) ;
#7812 = CARTESIAN_POINT ( 'NONE',  ( -3.700000000000019273, 1.749999999999999778, -0.6750000000000004885 ) ) ;
#7813 = CARTESIAN_POINT ( 'NONE',  ( -2.424999999999998934, -9.145009628790772415E-16, -1.850000000000000533 ) ) ;
#7814 = CARTESIAN_POINT ( 'NONE',  ( -4.000000000000001776, 2.899999999999999467, -1.850000000000000533 ) ) ;
#7815 = EDGE_LOOP ( 'NONE', ( #10510, #2394, #6043, #7066 ) ) ;
#7816 =( LENGTH_UNIT ( ) NAMED_UNIT ( * ) SI_UNIT ( .MILLI., .METRE. ) );
#7817 = CARTESIAN_POINT ( 'NONE',  ( 3.400000000000024336, 4.400000000000002132, -1.450000000000040590 ) ) ;
#7818 = ORIENTED_EDGE ( 'NONE', *, *, #7783, .F. ) ;
#7819 = CARTESIAN_POINT ( 'NONE',  ( 0.1599999999999999756, 0.000000000000000000, 0.000000000000000000 ) ) ;
#7820 = PLANE ( 'NONE',  #359 ) ;
#7821 = EDGE_LOOP ( 'NONE', ( #9414, #9223, #8476, #5362 ) ) ;
#7823 = DIRECTION ( 'NONE',  ( 5.052592648476139091E-15, -1.000000000000000000, -0.000000000000000000 ) ) ;
#7822 = DIRECTION ( 'NONE',  ( 0.000000000000000000, 0.000000000000000000, 1.000000000000000000 ) ) ;
#7824 = FILL_AREA_STYLE_COLOUR ( '', #2730 ) ;
#7825 =( NAMED_UNIT ( * ) PLANE_ANGLE_UNIT ( ) SI_UNIT ( $, .RADIAN. ) );
#7826 =( NAMED_UNIT ( * ) SI_UNIT ( $, .STERADIAN. ) SOLID_ANGLE_UNIT ( ) );
#7827 = ORIENTED_EDGE ( 'NONE', *, *, #7308, .T. ) ;
#7828 = PLANE ( 'NONE',  #10225 ) ;
#7829 = VERTEX_POINT ( 'NONE', #7613 ) ;
#7830 = PRESENTATION_LAYER_ASSIGNMENT (  '', '', ( #6024 ) ) ;
#7831 = DIRECTION ( 'NONE',  ( -0.000000000000000000, -1.000000000000000000, -0.000000000000000000 ) ) ;
#7832 = DIRECTION ( 'NONE',  ( 0.000000000000000000, 0.000000000000000000, 1.000000000000000000 ) ) ;
#7833 =( LENGTH_UNIT ( ) NAMED_UNIT ( * ) SI_UNIT ( .MILLI., .METRE. ) );
#7834 = SURFACE_SIDE_STYLE ('',( #8142 ) ) ;
#7835 = SURFACE_STYLE_USAGE ( .BOTH. , #3419 ) ;
#7836 = LINE ( 'NONE', #6920, #9617 ) ;
#7837 = VECTOR ( 'NONE', #2995, 1000.000000000000000 ) ;
#7838 = FACE_OUTER_BOUND ( 'NONE', #5187, .T. ) ;
#7839 =( NAMED_UNIT ( * ) SI_UNIT ( $, .STERADIAN. ) SOLID_ANGLE_UNIT ( ) );
#7840 = ORIENTED_EDGE ( 'NONE', *, *, #940, .T. ) ;
#7841 = DIRECTION ( 'NONE',  ( -0.000000000000000000, -0.000000000000000000, -1.000000000000000000 ) ) ;
#7842 = ORIENTED_EDGE ( 'NONE', *, *, #820, .F. ) ;
#7843 = EDGE_CURVE ( 'NONE', #8382, #6135, #6714, .T. ) ;
#7844 = SURFACE_SIDE_STYLE ('',( #7790 ) ) ;
#7845 =( NAMED_UNIT ( * ) SI_UNIT ( $, .STERADIAN. ) SOLID_ANGLE_UNIT ( ) );
#7846 = ORIENTED_EDGE ( 'NONE', *, *, #4936, .F. ) ;
#7847 = ADVANCED_FACE ( 'NONE', ( #9083 ), #10798, .T. ) ;
#7848 = CARTESIAN_POINT ( 'NONE',  ( -3.499999999950209606, 1.749999999999999778, -0.6249377795396807711 ) ) ;
#7849 = VERTEX_POINT ( 'NONE', #6598 ) ;
#7850 = SURFACE_STYLE_USAGE ( .BOTH. , #5352 ) ;
#7851 = CARTESIAN_POINT ( 'NONE',  ( 4.000000000000001776, 2.899999999999999467, -1.850000000000000533 ) ) ;
#7852 = EDGE_LOOP ( 'NONE', ( #2296, #10363, #9554, #6527 ) ) ;
#7853 = FILL_AREA_STYLE_COLOUR ( '', #256 ) ;
#7854 = PRESENTATION_LAYER_ASSIGNMENT (  '', '', ( #6420 ) ) ;
#7855 = EDGE_CURVE ( 'NONE', #9191, #7142, #9974, .T. ) ;
#7856 = CARTESIAN_POINT ( 'NONE',  ( -4.000000000000001776, -1.029563014098700879, 0.9500000000000005107 ) ) ;
#7857 = ORIENTED_EDGE ( 'NONE', *, *, #5195, .F. ) ;
#7858 = EDGE_CURVE ( 'NONE', #10103, #4383, #10039, .T. ) ;
#7859 = PLANE ( 'NONE',  #9675 ) ;
#7860 = VERTEX_POINT ( 'NONE', #7666 ) ;
#7861 = EDGE_CURVE ( 'NONE', #8845, #8103, #6652, .T. ) ;
#7862 = LINE ( 'NONE', #308, #10653 ) ;
#7863 = VECTOR ( 'NONE', #8841, 1000.000000000000000 ) ;
#7864 = VECTOR ( 'NONE', #8188, 1000.000000000000000 ) ;
#7865 = LINE ( 'NONE', #257, #7560 ) ;
#7866 = CARTESIAN_POINT ( 'NONE',  ( -1.090000000000000080, 0.3000000000000002665, 4.065758146820575067E-17 ) ) ;
#7867 = ORIENTED_EDGE ( 'NONE', *, *, #9658, .T. ) ;
#7868 = LINE ( 'NONE', #7072, #1993 ) ;
#7869 = CARTESIAN_POINT ( 'NONE',  ( 2.339999999999999858, 0.4500000000000002331, 6.098637220230963674E-17 ) ) ;
#7870 = VERTEX_POINT ( 'NONE', #6 ) ;
#7871 = CARTESIAN_POINT ( 'NONE',  ( 2.101985831353676559, 0.4275827757330513124, -1.554913542985933761 ) ) ;
#7872 = COLOUR_RGB ( '',1.000000000000000000, 0.8117647058823529438, 0.5019607843137254832 ) ;
#7873 = EDGE_CURVE ( 'NONE', #1564, #3456, #3325, .T. ) ;
#7874 = CARTESIAN_POINT ( 'NONE',  ( 8.279362044434747955E-16, 2.099999999999997868, -1.850000000000000533 ) ) ;
#7875 = MECHANICAL_DESIGN_GEOMETRIC_PRESENTATION_REPRESENTATION (  '', ( #8725 ), #4816 ) ;
#7876 = EDGE_LOOP ( 'NONE', ( #939, #10473, #9766, #10689 ) ) ;
#7877 = UNCERTAINTY_MEASURE_WITH_UNIT (LENGTH_MEASURE( 1.000000000000000082E-05 ), #9521, 'distance_accuracy_value', 'NONE');
#7879 = DIRECTION ( 'NONE',  ( -1.000000000000000000, -0.000000000000000000, -0.000000000000000000 ) ) ;
#7878 = LINE ( 'NONE', #10387, #5 ) ;
#7880 = DIRECTION ( 'NONE',  ( 0.000000000000000000, 1.000000000000000000, 0.000000000000000000 ) ) ;
#7881 = MECHANICAL_DESIGN_GEOMETRIC_PRESENTATION_REPRESENTATION (  '', ( #9973 ), #10311 ) ;
#7882 =( NAMED_UNIT ( * ) PLANE_ANGLE_UNIT ( ) SI_UNIT ( $, .RADIAN. ) );
#7883 = ORIENTED_EDGE ( 'NONE', *, *, #3389, .F. ) ;
#7884 = LINE ( 'NONE', #5376, #8655 ) ;
#7885 = VERTEX_POINT ( 'NONE', #56 ) ;
#7886 = DIRECTION ( 'NONE',  ( -0.000000000000000000, -1.000000000000000000, -0.000000000000000000 ) ) ;
#7887 = CARTESIAN_POINT ( 'NONE',  ( 0.1599999999999999756, 0.2999999999999999889, 1.850000000000004530 ) ) ;
#7888 = PRESENTATION_LAYER_ASSIGNMENT (  '', '', ( #5397 ) ) ;
#7889 = UNCERTAINTY_MEASURE_WITH_UNIT (LENGTH_MEASURE( 1.000000000000000082E-05 ), #6016, 'distance_accuracy_value', 'NONE');
#7890 = VECTOR ( 'NONE', #8093, 1000.000000000000000 ) ;
#7891 = LINE ( 'NONE', #6374, #8385 ) ;
#7892 = EDGE_CURVE ( 'NONE', #2272, #9612, #6033, .T. ) ;
#7893 = UNCERTAINTY_MEASURE_WITH_UNIT (LENGTH_MEASURE( 1.000000000000000082E-05 ), #297, 'distance_accuracy_value', 'NONE');
#7894 = PLANE ( 'NONE',  #1719 ) ;
#7895 =( LENGTH_UNIT ( ) NAMED_UNIT ( * ) SI_UNIT ( .MILLI., .METRE. ) );
#7896 = EDGE_LOOP ( 'NONE', ( #2878, #89, #5688, #1891 ) ) ;
#7897 = VECTOR ( 'NONE', #4769, 1000.000000000000000 ) ;
#7898 = DIRECTION ( 'NONE',  ( 5.052592648476138302E-15, -1.000000000000000000, 0.000000000000000000 ) ) ;
#7899 = ORIENTED_EDGE ( 'NONE', *, *, #8461, .T. ) ;
#7900 = DIRECTION ( 'NONE',  ( -3.942553354492742052E-16, -1.000000000000000000, 0.000000000000000000 ) ) ;
#7901 =( NAMED_UNIT ( * ) PLANE_ANGLE_UNIT ( ) SI_UNIT ( $, .RADIAN. ) );
#7902 =( NAMED_UNIT ( * ) SI_UNIT ( $, .STERADIAN. ) SOLID_ANGLE_UNIT ( ) );
#7903 = ORIENTED_EDGE ( 'NONE', *, *, #31, .T. ) ;
#7904 = CARTESIAN_POINT ( 'NONE',  ( 1.409999999999999698, 0.1000000000000000056, 2.350000000000004530 ) ) ;
#7905 = ORIENTED_EDGE ( 'NONE', *, *, #75, .F. ) ;
#7906 = VECTOR ( 'NONE', #6868, 1000.000000000000000 ) ;
#7907 = CARTESIAN_POINT ( 'NONE',  ( -3.400000000000024336, 4.400000000000002132, 0.2249377794898766159 ) ) ;
#7908 = EDGE_CURVE ( 'NONE', #7667, #8957, #5156, .T. ) ;
#7909 = FACE_OUTER_BOUND ( 'NONE', #8113, .T. ) ;
#7910 = PRESENTATION_LAYER_ASSIGNMENT (  '', '', ( #2412 ) ) ;
#7911 = ORIENTED_EDGE ( 'NONE', *, *, #3157, .F. ) ;
#7912 = CARTESIAN_POINT ( 'NONE',  ( 4.669999999999994600, 1.399999999999998801, -1.749999999999994005 ) ) ;
#7913 = CARTESIAN_POINT ( 'NONE',  ( 2.660000000000000142, 1.749999999999999778, -0.3250000000000474176 ) ) ;
#7914 = CARTESIAN_POINT ( 'NONE',  ( 1.325000000000004396, 2.099999999999997424, -1.850000000000000533 ) ) ;
#7915 =( NAMED_UNIT ( * ) SI_UNIT ( $, .STERADIAN. ) SOLID_ANGLE_UNIT ( ) );
#7916 = VERTEX_POINT ( 'NONE', #8542 ) ;
#7917 = AXIS2_PLACEMENT_3D ( 'NONE', #559, #10180, #101 ) ;
#7918 =( NAMED_UNIT ( * ) SI_UNIT ( $, .STERADIAN. ) SOLID_ANGLE_UNIT ( ) );
#7919 = ORIENTED_EDGE ( 'NONE', *, *, #446, .F. ) ;
#7920 = LINE ( 'NONE', #9337, #9780 ) ;
#7921 = AXIS2_PLACEMENT_3D ( 'NONE', #10610, #3732, #1120 ) ;
#7922 = EDGE_CURVE ( 'NONE', #757, #1353, #6981, .T. ) ;
#7923 = PRESENTATION_STYLE_ASSIGNMENT (( #6285 ) ) ;
#7924 = ADVANCED_FACE ( 'NONE', ( #970 ), #4362, .T. ) ;
#7925 =( GEOMETRIC_REPRESENTATION_CONTEXT ( 3 ) GLOBAL_UNCERTAINTY_ASSIGNED_CONTEXT ( ( #9064 ) ) GLOBAL_UNIT_ASSIGNED_CONTEXT ( ( #5033, #10273, #8746 ) ) REPRESENTATION_CONTEXT ( 'NONE', 'WORKASPACE' ) );
#7926 = ORIENTED_EDGE ( 'NONE', *, *, #8192, .F. ) ;
#7927 = PLANE ( 'NONE',  #8488 ) ;
#7928 = ORIENTED_EDGE ( 'NONE', *, *, #8840, .T. ) ;
#7929 = FILL_AREA_STYLE_COLOUR ( '', #7321 ) ;
#7930 = LINE ( 'NONE', #2867, #8615 ) ;
#7931 = VECTOR ( 'NONE', #7342, 1000.000000000000000 ) ;
#7932 = VECTOR ( 'NONE', #8713, 1000.000000000000000 ) ;
#7933 = CARTESIAN_POINT ( 'NONE',  ( -3.510628445029388534, 4.510628445029364997, -0.6242580447761940654 ) ) ;
#7934 = ORIENTED_EDGE ( 'NONE', *, *, #3697, .T. ) ;
#7935 = VECTOR ( 'NONE', #9385, 1000.000000000000000 ) ;
#7937 = DIRECTION ( 'NONE',  ( -4.229774942574813988E-16, -0.7071067811865454633, 0.7071067811865495711 ) ) ;
#7936 = PRESENTATION_STYLE_ASSIGNMENT (( #1894 ) ) ;
#7938 = PRESENTATION_LAYER_ASSIGNMENT (  '', '', ( #1222 ) ) ;
#7939 = COLOUR_RGB ( '',1.000000000000000000, 1.000000000000000000, 1.000000000000000000 ) ;
#7940 = VECTOR ( 'NONE', #5691, 1000.000000000000000 ) ;
#7941 = EDGE_CURVE ( 'NONE', #2206, #8198, #1586, .T. ) ;
#7942 = LINE ( 'NONE', #3691, #3651 ) ;
#7943 = ORIENTED_EDGE ( 'NONE', *, *, #244, .F. ) ;
#7944 = VECTOR ( 'NONE', #8003, 1000.000000000000000 ) ;
#7945 = COLOUR_RGB ( '',1.000000000000000000, 1.000000000000000000, 1.000000000000000000 ) ;
#7946 = FILL_AREA_STYLE_COLOUR ( '', #3338 ) ;
#7947 = ORIENTED_EDGE ( 'NONE', *, *, #7090, .T. ) ;
#7948 = LINE ( 'NONE', #7092, #8427 ) ;
#7949 = LINE ( 'NONE', #9406, #1281 ) ;
#7950 = MECHANICAL_DESIGN_GEOMETRIC_PRESENTATION_REPRESENTATION (  '', ( #10537 ), #3145 ) ;
#7951 = CIRCLE ( 'NONE', #10557, 0.4499999999999999001 ) ;
#7952 = SURFACE_SIDE_STYLE ('',( #4536 ) ) ;
#7953 = DIRECTION ( 'NONE',  ( 0.000000000000000000, 0.1736481776669268617, -0.9848077530122086864 ) ) ;
#7954 = ORIENTED_EDGE ( 'NONE', *, *, #764, .F. ) ;
#7955 =( LENGTH_UNIT ( ) NAMED_UNIT ( * ) SI_UNIT ( .MILLI., .METRE. ) );
#7956 = EDGE_LOOP ( 'NONE', ( #1589, #8612, #9478, #6123 ) ) ;
#7957 = CARTESIAN_POINT ( 'NONE',  ( 4.469999999999994422, 0.4499999999999999001, 0.3500000000000037526 ) ) ;
#7958 = ORIENTED_EDGE ( 'NONE', *, *, #4074, .T. ) ;
#7959 = FILL_AREA_STYLE_COLOUR ( '', #1041 ) ;
#7960 =( GEOMETRIC_REPRESENTATION_CONTEXT ( 3 ) GLOBAL_UNCERTAINTY_ASSIGNED_CONTEXT ( ( #149 ) ) GLOBAL_UNIT_ASSIGNED_CONTEXT ( ( #5146, #2122, #7200 ) ) REPRESENTATION_CONTEXT ( 'NONE', 'WORKASPACE' ) );
#7961 = DIRECTION ( 'NONE',  ( 1.000000000000000000, 0.000000000000000000, -0.000000000000000000 ) ) ;
#7962 = VERTEX_POINT ( 'NONE', #9365 ) ;
#7963 = SURFACE_SIDE_STYLE ('',( #9876 ) ) ;
#7964 = CARTESIAN_POINT ( 'NONE',  ( -5.000000000000006217, 1.400000000000000133, 0.3500000000000037526 ) ) ;
#7965 = CARTESIAN_POINT ( 'NONE',  ( 5.499999999999995559, 2.449978563248832020E-15, -1.850000000000000533 ) ) ;
#7966 =( LENGTH_UNIT ( ) NAMED_UNIT ( * ) SI_UNIT ( .MILLI., .METRE. ) );
#7967 = SURFACE_STYLE_USAGE ( .BOTH. , #1994 ) ;
#7968 = VERTEX_POINT ( 'NONE', #1138 ) ;
#7969 = ADVANCED_FACE ( 'NONE', ( #9413 ), #6871, .F. ) ;
#7970 =( LENGTH_UNIT ( ) NAMED_UNIT ( * ) SI_UNIT ( .MILLI., .METRE. ) );
#7971 = ORIENTED_EDGE ( 'NONE', *, *, #4503, .F. ) ;
#7972 = LINE ( 'NONE', #515, #7143 ) ;
#7973 = VECTOR ( 'NONE', #1823, 1000.000000000000000 ) ;
#7974 = VERTEX_POINT ( 'NONE', #5215 ) ;
#7975 = SURFACE_SIDE_STYLE ('',( #5367 ) ) ;
#7976 = DIRECTION ( 'NONE',  ( -1.000000000000000000, 0.000000000000000000, 0.000000000000000000 ) ) ;
#7977 = EDGE_CURVE ( 'NONE', #3382, #10695, #229, .T. ) ;
#7978 = CARTESIAN_POINT ( 'NONE',  ( -3.525881904447568882, 4.525881904447545345, -0.6283451969090765310 ) ) ;
#7979 = CARTESIAN_POINT ( 'NONE',  ( -2.660000000000000142, 1.749999999999999778, 0.000000000000000000 ) ) ;
#7980 = EDGE_CURVE ( 'NONE', #5702, #6174, #1026, .T. ) ;
#7981 = VERTEX_POINT ( 'NONE', #6925 ) ;
#7982 = ADVANCED_FACE ( 'NONE', ( #4419 ), #4542, .T. ) ;
#7983 = LINE ( 'NONE', #431, #6940 ) ;
#7984 = SURFACE_STYLE_USAGE ( .BOTH. , #3063 ) ;
#7985 = VECTOR ( 'NONE', #4058, 1000.000000000000000 ) ;
#7986 = SURFACE_STYLE_USAGE ( .BOTH. , #271 ) ;
#7987 = CARTESIAN_POINT ( 'NONE',  ( 2.660000000000000142, 0.3499999999999999223, 2.350000000000004530 ) ) ;
#7988 = ORIENTED_EDGE ( 'NONE', *, *, #5525, .T. ) ;
#7989 = ORIENTED_EDGE ( 'NONE', *, *, #4485, .F. ) ;
#7990 =( NAMED_UNIT ( * ) PLANE_ANGLE_UNIT ( ) SI_UNIT ( $, .RADIAN. ) );
#7991 = UNCERTAINTY_MEASURE_WITH_UNIT (LENGTH_MEASURE( 1.000000000000000082E-05 ), #3502, 'distance_accuracy_value', 'NONE');
#7992 = EDGE_CURVE ( 'NONE', #2385, #8688, #595, .T. ) ;
#7993 = CARTESIAN_POINT ( 'NONE',  ( 1.725000000000005418, 4.699999999999996625, -1.750000000000040412 ) ) ;
#7994 = ADVANCED_FACE ( 'NONE', ( #7325 ), #10458, .F. ) ;
#7995 = CARTESIAN_POINT ( 'NONE',  ( 4.300000000000006928, 2.599999999999999645, -1.850000000000000533 ) ) ;
#7996 = STYLED_ITEM ( 'NONE', ( #655 ), #9791 ) ;
#7997 = ORIENTED_EDGE ( 'NONE', *, *, #2551, .F. ) ;
#7998 = VERTEX_POINT ( 'NONE', #3042 ) ;
#7999 = LINE ( 'NONE', #3861, #2176 ) ;
#8000 =( LENGTH_UNIT ( ) NAMED_UNIT ( * ) SI_UNIT ( .MILLI., .METRE. ) );
#8001 = CARTESIAN_POINT ( 'NONE',  ( 1.409999999999999698, 0.8750000000000023315, 0.8749999999999814593 ) ) ;
#8002 = VERTEX_POINT ( 'NONE', #6259 ) ;
#8003 = DIRECTION ( 'NONE',  ( -0.000000000000000000, 1.000000000000000000, -0.000000000000000000 ) ) ;
#8004 = VECTOR ( 'NONE', #1029, 1000.000000000000000 ) ;
#8005 = SURFACE_STYLE_FILL_AREA ( #3000 ) ;
#8006 = LINE ( 'NONE', #7162, #1180 ) ;
#8007 = ORIENTED_EDGE ( 'NONE', *, *, #7021, .F. ) ;
#8008 = PLANE ( 'NONE',  #1815 ) ;
#8009 = LINE ( 'NONE', #10526, #7002 ) ;
#8010 =( LENGTH_UNIT ( ) NAMED_UNIT ( * ) SI_UNIT ( .MILLI., .METRE. ) );
#8011 = DIRECTION ( 'NONE',  ( 1.000000000000000000, 0.000000000000000000, 0.000000000000000000 ) ) ;
#8012 =( LENGTH_UNIT ( ) NAMED_UNIT ( * ) SI_UNIT ( .MILLI., .METRE. ) );
#8013 = ORIENTED_EDGE ( 'NONE', *, *, #3288, .F. ) ;
#8014 = FILL_AREA_STYLE_COLOUR ( '', #9310 ) ;
#8015 = ORIENTED_EDGE ( 'NONE', *, *, #3652, .F. ) ;
#8016 = DIRECTION ( 'NONE',  ( -0.000000000000000000, 1.000000000000000000, -0.000000000000000000 ) ) ;
#8017 = EDGE_CURVE ( 'NONE', #8103, #6366, #6430, .T. ) ;
#8018 = CARTESIAN_POINT ( 'NONE',  ( -2.439999999999999947, 3.999999999999999112, -0.5250000000000403233 ) ) ;
#8019 = AXIS2_PLACEMENT_3D ( 'NONE', #9676, #4627, #4683 ) ;
#8020 = ORIENTED_EDGE ( 'NONE', *, *, #1293, .F. ) ;
#8021 = LINE ( 'NONE', #4792, #10091 ) ;
#8022 = SURFACE_STYLE_FILL_AREA ( #7131 ) ;
#8023 = FILL_AREA_STYLE ('',( #1449 ) ) ;
#8024 = FILL_AREA_STYLE ('',( #8898 ) ) ;
#8025 = SURFACE_STYLE_FILL_AREA ( #7134 ) ;
#8026 = VERTEX_POINT ( 'NONE', #495 ) ;
#8027 = MECHANICAL_DESIGN_GEOMETRIC_PRESENTATION_REPRESENTATION (  '', ( #5190 ), #2905 ) ;
#8028 = PLANE ( 'NONE',  #9067 ) ;
#8029 =( LENGTH_UNIT ( ) NAMED_UNIT ( * ) SI_UNIT ( .MILLI., .METRE. ) );
#8030 = EDGE_CURVE ( 'NONE', #3138, #7105, #2238, .T. ) ;
#8031 = DIRECTION ( 'NONE',  ( -1.000000000000000000, -0.000000000000000000, -0.000000000000000000 ) ) ;
#8032 = EDGE_LOOP ( 'NONE', ( #7642, #1009, #10777, #3787 ) ) ;
#8033 = VECTOR ( 'NONE', #5882, 1000.000000000000000 ) ;
#8034 = PRESENTATION_STYLE_ASSIGNMENT (( #3846 ) ) ;
#8035 = AXIS2_PLACEMENT_3D ( 'NONE', #6183, #3681, #6237 ) ;
#8036 = ORIENTED_EDGE ( 'NONE', *, *, #3127, .F. ) ;
#8037 = PLANE ( 'NONE',  #10181 ) ;
#8038 =( BOUNDED_CURVE ( )  B_SPLINE_CURVE ( 3, ( #739, #4053, #4978, #7365 ),
 .UNSPECIFIED., .F., .F. ) 
 B_SPLINE_CURVE_WITH_KNOTS ( ( 4, 4 ),
 ( 1.308996938995745429, 3.141592653589793116 ),
 .UNSPECIFIED. ) 
 CURVE ( )  GEOMETRIC_REPRESENTATION_ITEM ( )  RATIONAL_B_SPLINE_CURVE ( ( 1.000000000000000000, 0.7391742860058132525, 0.7391742860058132525, 1.000000000000000000 ) ) 
 REPRESENTATION_ITEM ( '' )  );
#8039 =( LENGTH_UNIT ( ) NAMED_UNIT ( * ) SI_UNIT ( .MILLI., .METRE. ) );
#8040 = VECTOR ( 'NONE', #395, 1000.000000000000000 ) ;
#8041 = CARTESIAN_POINT ( 'NONE',  ( -2.339999999999999858, 0.3000000000000002665, 4.065758146820575067E-17 ) ) ;
#8042 =( LENGTH_UNIT ( ) NAMED_UNIT ( * ) SI_UNIT ( .MILLI., .METRE. ) );
#8043 = ADVANCED_FACE ( 'NONE', ( #4595 ), #9695, .F. ) ;
#8044 =( LENGTH_UNIT ( ) NAMED_UNIT ( * ) SI_UNIT ( .MILLI., .METRE. ) );
#8045 = PLANE ( 'NONE',  #5789 ) ;
#8046 = ORIENTED_EDGE ( 'NONE', *, *, #4868, .F. ) ;
#8047 = EDGE_CURVE ( 'NONE', #3693, #8352, #3859, .T. ) ;
#8048 = CARTESIAN_POINT ( 'NONE',  ( -0.8374265376147079776, 0.4932555058087318978, -1.543333668776807110 ) ) ;
#8049 = ORIENTED_EDGE ( 'NONE', *, *, #7295, .F. ) ;
#8050 = CARTESIAN_POINT ( 'NONE',  ( -1.090000000000000080, 0.2999999999999999889, 1.850000000000004530 ) ) ;
#8051 = VECTOR ( 'NONE', #5383, 1000.000000000000000 ) ;
#8052 = EDGE_CURVE ( 'NONE', #6429, #8632, #8868, .T. ) ;
#8053 = DIRECTION ( 'NONE',  ( -0.000000000000000000, -0.000000000000000000, 1.000000000000000000 ) ) ;
#8054 = ORIENTED_EDGE ( 'NONE', *, *, #1760, .T. ) ;
#8055 = DIRECTION ( 'NONE',  ( 0.000000000000000000, -1.000000000000000000, -1.355252715606880296E-16 ) ) ;
#8056 =( NAMED_UNIT ( * ) SI_UNIT ( $, .STERADIAN. ) SOLID_ANGLE_UNIT ( ) );
#8057 = MECHANICAL_DESIGN_GEOMETRIC_PRESENTATION_REPRESENTATION (  '', ( #3424 ), #1521 ) ;
#8058 = DIRECTION ( 'NONE',  ( 1.000000000000000000, 3.614007241618355673E-16, 1.987703982890096458E-15 ) ) ;
#8059 = ORIENTED_EDGE ( 'NONE', *, *, #4007, .F. ) ;
#8060 = EDGE_CURVE ( 'NONE', #4619, #7860, #3798, .T. ) ;
#8061 =( GEOMETRIC_REPRESENTATION_CONTEXT ( 3 ) GLOBAL_UNCERTAINTY_ASSIGNED_CONTEXT ( ( #5654 ) ) GLOBAL_UNIT_ASSIGNED_CONTEXT ( ( #10888, #1670, #8474 ) ) REPRESENTATION_CONTEXT ( 'NONE', 'WORKASPACE' ) );
#8062 = CARTESIAN_POINT ( 'NONE',  ( 4.000000000000003553, 2.400000000000001688, 0.9500000000000003997 ) ) ;
#8063 = DIRECTION ( 'NONE',  ( -0.000000000000000000, -0.000000000000000000, 1.000000000000000000 ) ) ;
#8064 = DIRECTION ( 'NONE',  ( 0.000000000000000000, 0.7071067811865482389, 0.7071067811865469066 ) ) ;
#8065 = PRESENTATION_STYLE_ASSIGNMENT (( #7967 ) ) ;
#8066 = ORIENTED_EDGE ( 'NONE', *, *, #1424, .F. ) ;
#8067 = VECTOR ( 'NONE', #2525, 1000.000000000000000 ) ;
#8068 = SURFACE_SIDE_STYLE ('',( #1325 ) ) ;
#8069 = EDGE_LOOP ( 'NONE', ( #9392, #9847, #4974, #6246 ) ) ;
#8070 = AXIS2_PLACEMENT_3D ( 'NONE', #3567, #8691, #9611 ) ;
#8071 = DIRECTION ( 'NONE',  ( -0.000000000000000000, 0.000000000000000000, -1.000000000000000000 ) ) ;
#8072 = CARTESIAN_POINT ( 'NONE',  ( 3.450000000000001066, 3.450000000000003730, 0.6500000000000039080 ) ) ;
#8073 = DIRECTION ( 'NONE',  ( 0.000000000000000000, 0.000000000000000000, -1.000000000000000000 ) ) ;
#8074 = MECHANICAL_DESIGN_GEOMETRIC_PRESENTATION_REPRESENTATION (  '', ( #10687 ), #2745 ) ;
#8075 = ORIENTED_EDGE ( 'NONE', *, *, #9658, .F. ) ;
#8076 = DIRECTION ( 'NONE',  ( 0.000000000000000000, 0.000000000000000000, -1.000000000000000000 ) ) ;
#8077 = CARTESIAN_POINT ( 'NONE',  ( -4.669999999999994600, 1.399999999999999911, -1.849999999999996314 ) ) ;
#8078 = CARTESIAN_POINT ( 'NONE',  ( -4.669999999999994600, 0.4500000000000010103, 0.3500000000000037526 ) ) ;
#8079 = DIRECTION ( 'NONE',  ( -0.6785983445458553254, -0.2810846377148158992, -0.6785983445458405594 ) ) ;
#8080 = FILL_AREA_STYLE_COLOUR ( '', #654 ) ;
#8081 = ADVANCED_FACE ( 'NONE', ( #4645 ), #2993, .F. ) ;
#8082 = VERTEX_POINT ( 'NONE', #3161 ) ;
#8083 = SURFACE_SIDE_STYLE ('',( #8145 ) ) ;
#8084 = FACE_OUTER_BOUND ( 'NONE', #3084, .T. ) ;
#8085 =( NAMED_UNIT ( * ) PLANE_ANGLE_UNIT ( ) SI_UNIT ( $, .RADIAN. ) );
#8086 = AXIS2_PLACEMENT_3D ( 'NONE', #4473, #7721, #6869 ) ;
#8087 = VERTEX_POINT ( 'NONE', #2343 ) ;
#8088 =( GEOMETRIC_REPRESENTATION_CONTEXT ( 3 ) GLOBAL_UNCERTAINTY_ASSIGNED_CONTEXT ( ( #2548 ) ) GLOBAL_UNIT_ASSIGNED_CONTEXT ( ( #7025, #3690, #9732 ) ) REPRESENTATION_CONTEXT ( 'NONE', 'WORKASPACE' ) );
#8089 = EDGE_LOOP ( 'NONE', ( #2375, #7214, #9141, #1717 ) ) ;
#8090 = CARTESIAN_POINT ( 'NONE',  ( 4.000000000000002665, 0.000000000000000000, 0.9500000000000005107 ) ) ;
#8091 = VECTOR ( 'NONE', #2065, 1000.000000000000000 ) ;
#8093 = DIRECTION ( 'NONE',  ( -0.000000000000000000, 0.000000000000000000, 1.000000000000000000 ) ) ;
#8092 = STYLED_ITEM ( 'NONE', ( #3931 ), #1835 ) ;
#8094 = EDGE_CURVE ( 'NONE', #1085, #10407, #6753, .T. ) ;
#8095 = CARTESIAN_POINT ( 'NONE',  ( 1.409999999999999698, 2.865743636076471201, -1.125000000000033973 ) ) ;
#8096 = STYLED_ITEM ( 'NONE', ( #5548 ), #7299 ) ;
#8097 = LINE ( 'NONE', #2935, #636 ) ;
#8098 = UNCERTAINTY_MEASURE_WITH_UNIT (LENGTH_MEASURE( 1.000000000000000082E-05 ), #9711, 'distance_accuracy_value', 'NONE');
#8099 = PRESENTATION_LAYER_ASSIGNMENT (  '', '', ( #9135 ) ) ;
#8100 = AXIS2_PLACEMENT_3D ( 'NONE', #7632, #10261, #4313 ) ;
#8101 = PLANE ( 'NONE',  #4544 ) ;
#8102 = LINE ( 'NONE', #7153, #5450 ) ;
#8103 = VERTEX_POINT ( 'NONE', #5768 ) ;
#8104 = CARTESIAN_POINT ( 'NONE',  ( -2.339999999999999858, 4.000000000000000000, 0.000000000000000000 ) ) ;
#8105 = ORIENTED_EDGE ( 'NONE', *, *, #8778, .F. ) ;
#8106 = STYLED_ITEM ( 'NONE', ( #10108 ), #7653 ) ;
#8107 = DIRECTION ( 'NONE',  ( -0.000000000000000000, 1.000000000000000000, -0.000000000000000000 ) ) ;
#8108 = MECHANICAL_DESIGN_GEOMETRIC_PRESENTATION_REPRESENTATION (  '', ( #2099 ), #9855 ) ;
#8109 = EDGE_CURVE ( 'NONE', #100, #5176, #5911, .T. ) ;
#8110 = SURFACE_STYLE_USAGE ( .BOTH. , #9698 ) ;
#8111 = DIRECTION ( 'NONE',  ( -1.000000000000000000, 0.000000000000000000, 0.000000000000000000 ) ) ;
#8112 = VECTOR ( 'NONE', #8165, 1000.000000000000000 ) ;
#8113 = EDGE_LOOP ( 'NONE', ( #1866, #789, #2087, #2863 ) ) ;
#8114 = EDGE_CURVE ( 'NONE', #9128, #8774, #9293, .T. ) ;
#8115 = CARTESIAN_POINT ( 'NONE',  ( 4.245735931288066034, 0.2999999999999999889, -1.749999999999994005 ) ) ;
#8116 = EDGE_CURVE ( 'NONE', #1265, #10103, #9910, .T. ) ;
#8117 =( NAMED_UNIT ( * ) SI_UNIT ( $, .STERADIAN. ) SOLID_ANGLE_UNIT ( ) );
#8118 = COLOUR_RGB ( '',1.000000000000000000, 1.000000000000000000, 1.000000000000000000 ) ;
#8119 = VECTOR ( 'NONE', #2637, 1000.000000000000000 ) ;
#8120 =( NAMED_UNIT ( * ) PLANE_ANGLE_UNIT ( ) SI_UNIT ( $, .RADIAN. ) );
#8121 = VERTEX_POINT ( 'NONE', #4068 ) ;
#8122 =( NAMED_UNIT ( * ) SI_UNIT ( $, .STERADIAN. ) SOLID_ANGLE_UNIT ( ) );
#8123 = DIRECTION ( 'NONE',  ( 0.000000000000000000, -0.000000000000000000, 1.000000000000000000 ) ) ;
#8124 = SURFACE_STYLE_FILL_AREA ( #5624 ) ;
#8125 = PLANE ( 'NONE',  #8963 ) ;
#8126 = MECHANICAL_DESIGN_GEOMETRIC_PRESENTATION_REPRESENTATION (  '', ( #9338 ), #3158 ) ;
#8127 =( NAMED_UNIT ( * ) PLANE_ANGLE_UNIT ( ) SI_UNIT ( $, .RADIAN. ) );
#8128 = EDGE_LOOP ( 'NONE', ( #10456, #4557, #9666, #9315 ) ) ;
#8129 = EDGE_CURVE ( 'NONE', #5769, #9923, #9237, .T. ) ;
#8130 = LINE ( 'NONE', #7178, #3466 ) ;
#8131 = ORIENTED_EDGE ( 'NONE', *, *, #8524, .T. ) ;
#8132 = EDGE_CURVE ( 'NONE', #10008, #5061, #8317, .T. ) ;
#8133 = CARTESIAN_POINT ( 'NONE',  ( 2.339999999999999858, 0.2999999999999999334, 1.449999999999997735 ) ) ;
#8134 = CARTESIAN_POINT ( 'NONE',  ( 4.219999999999995310, 1.199999999999999067, 0.3500000000000037526 ) ) ;
#8135 = PRESENTATION_LAYER_ASSIGNMENT (  '', '', ( #10063 ) ) ;
#8136 = ORIENTED_EDGE ( 'NONE', *, *, #7137, .F. ) ;
#8137 = CARTESIAN_POINT ( 'NONE',  ( -4.669999999999994600, 0.2500000000000012768, 0.3500000000000037526 ) ) ;
#8138 = DIRECTION ( 'NONE',  ( 0.000000000000000000, 0.000000000000000000, 1.000000000000000000 ) ) ;
#8139 = CARTESIAN_POINT ( 'NONE',  ( 5.500000000000001776, 0.7999999999999966027, 0.9499999999999968470 ) ) ;
#8140 = DIRECTION ( 'NONE',  ( 0.000000000000000000, -0.7071067811865482389, -0.7071067811865469066 ) ) ;
#8141 = DIRECTION ( 'NONE',  ( -1.000000000000000000, -3.469446951953620598E-16, -0.000000000000000000 ) ) ;
#8142 = SURFACE_STYLE_FILL_AREA ( #4413 ) ;
#8143 = COLOUR_RGB ( '',1.000000000000000000, 1.000000000000000000, 1.000000000000000000 ) ;
#8144 = ORIENTED_EDGE ( 'NONE', *, *, #2759, .T. ) ;
#8145 = SURFACE_STYLE_FILL_AREA ( #6411 ) ;
#8146 = CARTESIAN_POINT ( 'NONE',  ( -0.1599999999999999756, 8.425943506694179847E-32, 1.750000000000004663 ) ) ;
#8147 = CARTESIAN_POINT ( 'NONE',  ( 3.500000000000000888, -1.029563014098700879, 1.850000000000000533 ) ) ;
#8148 = VECTOR ( 'NONE', #10099, 1000.000000000000000 ) ;
#8149 = ORIENTED_EDGE ( 'NONE', *, *, #7843, .F. ) ;
#8150 = ORIENTED_EDGE ( 'NONE', *, *, #2693, .F. ) ;
#8151 = CARTESIAN_POINT ( 'NONE',  ( 4.569999999999997620, 1.158578643762694149, -1.849999999999996758 ) ) ;
#8152 = FILL_AREA_STYLE_COLOUR ( '', #8686 ) ;
#8153 = CARTESIAN_POINT ( 'NONE',  ( 0.000000000000000000, 2.078323961923562724, 0.8000000000000004885 ) ) ;
#8154 = PLANE ( 'NONE',  #7330 ) ;
#8155 = VECTOR ( 'NONE', #5680, 1000.000000000000000 ) ;
#8156 =( LENGTH_UNIT ( ) NAMED_UNIT ( * ) SI_UNIT ( .MILLI., .METRE. ) );
#8157 = DIRECTION ( 'NONE',  ( 0.000000000000000000, -1.000000000000000000, 0.000000000000000000 ) ) ;
#8158 = EDGE_CURVE ( 'NONE', #5934, #3208, #10079, .T. ) ;
#8159 = PRESENTATION_STYLE_ASSIGNMENT (( #2132 ) ) ;
#8160 = EDGE_LOOP ( 'NONE', ( #3335, #3452, #2330, #5011 ) ) ;
#8161 = VERTEX_POINT ( 'NONE', #10838 ) ;
#8162 = CARTESIAN_POINT ( 'NONE',  ( -4.469999999999994422, 0.4500000000000009548, 0.3500000000000037526 ) ) ;
#8163 = DIRECTION ( 'NONE',  ( 1.000000000000000000, 0.000000000000000000, 0.000000000000000000 ) ) ;
#8164 = DIRECTION ( 'NONE',  ( 0.5773502691896268413, -0.5773502691896236216, 0.5773502691896268413 ) ) ;
#8165 = DIRECTION ( 'NONE',  ( 0.000000000000000000, 0.7071067811865391350, -0.7071067811865560104 ) ) ;
#8166 = STYLED_ITEM ( 'NONE', ( #1883 ), #9362 ) ;
#8167 = FACE_OUTER_BOUND ( 'NONE', #9053, .T. ) ;
#8168 = VERTEX_POINT ( 'NONE', #8482 ) ;
#8169 = PRESENTATION_STYLE_ASSIGNMENT (( #412 ) ) ;
#8170 = EDGE_CURVE ( 'NONE', #6690, #5721, #9071, .T. ) ;
#8171 = FACE_OUTER_BOUND ( 'NONE', #9930, .T. ) ;
#8172 = PRESENTATION_STYLE_ASSIGNMENT (( #7120 ) ) ;
#8173 = DIRECTION ( 'NONE',  ( 0.7071067811865471286, -0.7071067811865479058, -8.363418636454763320E-17 ) ) ;
#8174 = CARTESIAN_POINT ( 'NONE',  ( 2.339999999999999858, 0.4500000000000000111, 1.850000000000004530 ) ) ;
#8175 = ORIENTED_EDGE ( 'NONE', *, *, #5267, .F. ) ;
#8176 = DIRECTION ( 'NONE',  ( 0.000000000000000000, 0.000000000000000000, -1.000000000000000000 ) ) ;
#8177 = EDGE_LOOP ( 'NONE', ( #6539, #6496, #10275, #7362 ) ) ;
#8178 = LINE ( 'NONE', #8945, #6247 ) ;
#8179 = DIRECTION ( 'NONE',  ( -0.000000000000000000, -1.000000000000000000, -0.000000000000000000 ) ) ;
#8180 = VECTOR ( 'NONE', #10409, 999.9999999999998863 ) ;
#8181 = CARTESIAN_POINT ( 'NONE',  ( 1.089999999999999858, 0.000000000000000000, -1.125000000000033973 ) ) ;
#8182 = ADVANCED_FACE ( 'NONE', ( #4883 ), #3258, .T. ) ;
#8183 = ORIENTED_EDGE ( 'NONE', *, *, #9860, .F. ) ;
#8184 = FACE_OUTER_BOUND ( 'NONE', #9811, .T. ) ;
#8185 = ADVANCED_FACE ( 'NONE', ( #5819 ), #9190, .F. ) ;
#8186 = CARTESIAN_POINT ( 'NONE',  ( -4.000000000000001776, 4.699999999999999289, -1.850000000000000533 ) ) ;
#8187 = SURFACE_STYLE_USAGE ( .BOTH. , #2921 ) ;
#8188 = DIRECTION ( 'NONE',  ( -1.000000000000000000, -0.000000000000000000, -0.000000000000000000 ) ) ;
#8189 = LINE ( 'NONE', #3344, #1557 ) ;
#8190 = ORIENTED_EDGE ( 'NONE', *, *, #10583, .F. ) ;
#8191 = PRESENTATION_STYLE_ASSIGNMENT (( #3934 ) ) ;
#8192 = EDGE_CURVE ( 'NONE', #7763, #3332, #8362, .T. ) ;
#8193 = ORIENTED_EDGE ( 'NONE', *, *, #6952, .T. ) ;
#8194 = FACE_OUTER_BOUND ( 'NONE', #2342, .T. ) ;
#8195 = MECHANICAL_DESIGN_GEOMETRIC_PRESENTATION_REPRESENTATION (  '', ( #2018 ), #7673 ) ;
#8196 = DIRECTION ( 'NONE',  ( 0.000000000000000000, -1.000000000000000000, 0.000000000000000000 ) ) ;
#8197 = ORIENTED_EDGE ( 'NONE', *, *, #599, .F. ) ;
#8198 = VERTEX_POINT ( 'NONE', #7545 ) ;
#8199 =( NAMED_UNIT ( * ) PLANE_ANGLE_UNIT ( ) SI_UNIT ( $, .RADIAN. ) );
#8200 = PRESENTATION_STYLE_ASSIGNMENT (( #5208 ) ) ;
#8201 = COLOUR_RGB ( '',1.000000000000000000, 1.000000000000000000, 1.000000000000000000 ) ;
#8202 = DIRECTION ( 'NONE',  ( 0.000000000000000000, -0.7071067811865470176, -0.7071067811865481278 ) ) ;
#8203 = UNCERTAINTY_MEASURE_WITH_UNIT (LENGTH_MEASURE( 1.000000000000000082E-05 ), #9088, 'distance_accuracy_value', 'NONE');
#8204 = UNCERTAINTY_MEASURE_WITH_UNIT (LENGTH_MEASURE( 1.000000000000000082E-05 ), #2014, 'distance_accuracy_value', 'NONE');
#8205 = PLANE ( 'NONE',  #4862 ) ;
#8206 = PLANE ( 'NONE',  #7549 ) ;
#8207 = STYLED_ITEM ( 'NONE', ( #1658 ), #4024 ) ;
#8208 = COLOUR_RGB ( '',1.000000000000000000, 1.000000000000000000, 1.000000000000000000 ) ;
#8209 = SURFACE_SIDE_STYLE ('',( #8359 ) ) ;
#8210 = ORIENTED_EDGE ( 'NONE', *, *, #9580, .F. ) ;
#8211 = ORIENTED_EDGE ( 'NONE', *, *, #9559, .T. ) ;
#8212 = FILL_AREA_STYLE_COLOUR ( '', #4831 ) ;
#8213 = SURFACE_SIDE_STYLE ('',( #10900 ) ) ;
#8214 = LINE ( 'NONE', #4767, #1238 ) ;
#8215 = VECTOR ( 'NONE', #2143, 1000.000000000000000 ) ;
#8216 = SURFACE_STYLE_USAGE ( .BOTH. , #6436 ) ;
#8217 = EDGE_CURVE ( 'NONE', #626, #3138, #3313, .T. ) ;
#8218 = LINE ( 'NONE', #598, #1513 ) ;
#8219 = PRESENTATION_LAYER_ASSIGNMENT (  '', '', ( #6065 ) ) ;
#8220 = CARTESIAN_POINT ( 'NONE',  ( -2.660000000000000142, 0.4500000000000002331, 6.098637220230963674E-17 ) ) ;
#8221 = ORIENTED_EDGE ( 'NONE', *, *, #1574, .T. ) ;
#8222 = DIRECTION ( 'NONE',  ( 0.000000000000000000, -0.000000000000000000, 1.000000000000000000 ) ) ;
#8223 = CARTESIAN_POINT ( 'NONE',  ( 4.469999999999994422, 0.4499999999999999001, -1.749999999999994005 ) ) ;
#8224 = MECHANICAL_DESIGN_GEOMETRIC_PRESENTATION_REPRESENTATION (  '', ( #7339 ), #816 ) ;
#8225 = FACE_OUTER_BOUND ( 'NONE', #8069, .T. ) ;
#8226 = DIRECTION ( 'NONE',  ( -1.000000000000000000, 0.000000000000000000, -0.000000000000000000 ) ) ;
#8227 = ORIENTED_EDGE ( 'NONE', *, *, #3212, .F. ) ;
#8228 = DIRECTION ( 'NONE',  ( -1.000000000000000000, 0.000000000000000000, 0.000000000000000000 ) ) ;
#8229 = EDGE_CURVE ( 'NONE', #8714, #6831, #7657, .T. ) ;
#8230 = VERTEX_POINT ( 'NONE', #6800 ) ;
#8231 = SURFACE_SIDE_STYLE ('',( #4907 ) ) ;
#8232 = COLOUR_RGB ( '',1.000000000000000000, 1.000000000000000000, 1.000000000000000000 ) ;
#8233 = LINE ( 'NONE', #3128, #7940 ) ;
#8234 = DIRECTION ( 'NONE',  ( 0.000000000000000000, -1.000000000000000000, 0.000000000000000000 ) ) ;
#8235 = DIRECTION ( 'NONE',  ( 0.000000000000000000, -0.9848077530122087975, 0.1736481776669264454 ) ) ;
#8236 =( GEOMETRIC_REPRESENTATION_CONTEXT ( 3 ) GLOBAL_UNCERTAINTY_ASSIGNED_CONTEXT ( ( #8414 ) ) GLOBAL_UNIT_ASSIGNED_CONTEXT ( ( #9986, #9259, #3337 ) ) REPRESENTATION_CONTEXT ( 'NONE', 'WORKASPACE' ) );
#8237 = PRESENTATION_STYLE_ASSIGNMENT (( #4852 ) ) ;
#8238 = PLANE ( 'NONE',  #1023 ) ;
#8239 = ORIENTED_EDGE ( 'NONE', *, *, #6607, .T. ) ;
#8240 = PRESENTATION_LAYER_ASSIGNMENT (  '', '', ( #996 ) ) ;
#8241 = FACE_OUTER_BOUND ( 'NONE', #5993, .T. ) ;
#8242 = ORIENTED_EDGE ( 'NONE', *, *, #4211, .F. ) ;
#8243 = ADVANCED_FACE ( 'NONE', ( #10178 ), #7828, .F. ) ;
#8244 = CARTESIAN_POINT ( 'NONE',  ( -3.700000000000019273, 1.749999999999999778, -0.6750000000000004885 ) ) ;
#8245 = ADVANCED_FACE ( 'NONE', ( #4345 ), #6968, .T. ) ;
#8246 = VECTOR ( 'NONE', #509, 1000.000000000000000 ) ;
#8247 = SURFACE_STYLE_FILL_AREA ( #6526 ) ;
#8248 = ORIENTED_EDGE ( 'NONE', *, *, #9913, .T. ) ;
#8249 = SURFACE_SIDE_STYLE ('',( #790 ) ) ;
#8250 = ORIENTED_EDGE ( 'NONE', *, *, #3028, .T. ) ;
#8251 = DIRECTION ( 'NONE',  ( -0.000000000000000000, -0.000000000000000000, 1.000000000000000000 ) ) ;
#8252 = CARTESIAN_POINT ( 'NONE',  ( -1.090000000000000080, 3.999999999999999112, -0.5250000000000403233 ) ) ;
#8253 = VECTOR ( 'NONE', #5040, 1000.000000000000000 ) ;
#8254 = DIRECTION ( 'NONE',  ( -0.000000000000000000, 1.000000000000000000, -0.000000000000000000 ) ) ;
#8255 = MECHANICAL_DESIGN_GEOMETRIC_PRESENTATION_REPRESENTATION (  '', ( #8609 ), #162 ) ;
#8256 = EDGE_CURVE ( 'NONE', #452, #9982, #158, .T. ) ;
#8257 =( LENGTH_UNIT ( ) NAMED_UNIT ( * ) SI_UNIT ( .MILLI., .METRE. ) );
#8258 = SURFACE_STYLE_FILL_AREA ( #6477 ) ;
#8259 = CARTESIAN_POINT ( 'NONE',  ( -5.500000000000000000, 21.00560209553989566, 0.9500000000000032863 ) ) ;
#8260 = COLOUR_RGB ( '',1.000000000000000000, 1.000000000000000000, 1.000000000000000000 ) ;
#8261 = PLANE ( 'NONE',  #8804 ) ;
#8262 = ORIENTED_EDGE ( 'NONE', *, *, #8880, .F. ) ;
#8263 = AXIS2_PLACEMENT_3D ( 'NONE', #1173, #3023, #6407 ) ;
#8264 = CARTESIAN_POINT ( 'NONE',  ( -2.339999999999999858, 1.350000000000001865, 1.350000000000004086 ) ) ;
#8265 = ORIENTED_EDGE ( 'NONE', *, *, #4026, .F. ) ;
#8267 = CARTESIAN_POINT ( 'NONE',  ( -0.06000000000000015737, 3.999999999999999112, -0.5250000000000403233 ) ) ;
#8266 = COLOUR_RGB ( '',0.7921568627450980005, 0.8196078431372548767, 0.9333333333333333481 ) ;
#8268 = VECTOR ( 'NONE', #3130, 1000.000000000000000 ) ;
#8269 = CARTESIAN_POINT ( 'NONE',  ( -4.000000000000002665, 2.100000000000000089, 0.6500000000000025757 ) ) ;
#8270 = VECTOR ( 'NONE', #1488, 1000.000000000000000 ) ;
#8271 = STYLED_ITEM ( 'NONE', ( #5405 ), #1982 ) ;
#8272 = SURFACE_SIDE_STYLE ('',( #3266 ) ) ;
#8273 = PRESENTATION_LAYER_ASSIGNMENT (  '', '', ( #7218 ) ) ;
#8274 = ORIENTED_EDGE ( 'NONE', *, *, #10299, .F. ) ;
#8275 = DIRECTION ( 'NONE',  ( -0.7071067811865452413, 0.000000000000000000, 0.7071067811865497932 ) ) ;
#8276 =( GEOMETRIC_REPRESENTATION_CONTEXT ( 3 ) GLOBAL_UNCERTAINTY_ASSIGNED_CONTEXT ( ( #4516 ) ) GLOBAL_UNIT_ASSIGNED_CONTEXT ( ( #7508, #10805, #5010 ) ) REPRESENTATION_CONTEXT ( 'NONE', 'WORKASPACE' ) );
#8277 = VECTOR ( 'NONE', #6382, 1000.000000000000000 ) ;
#8278 = PRESENTATION_STYLE_ASSIGNMENT (( #4956 ) ) ;
#8279 = PLANE ( 'NONE',  #1037 ) ;
#8280 = PLANE ( 'NONE',  #5442 ) ;
#8281 = ORIENTED_EDGE ( 'NONE', *, *, #3146, .T. ) ;
#8282 = FILL_AREA_STYLE_COLOUR ( '', #10030 ) ;
#8283 = ORIENTED_EDGE ( 'NONE', *, *, #9016, .T. ) ;
#8284 = MECHANICAL_DESIGN_GEOMETRIC_PRESENTATION_REPRESENTATION (  '', ( #5969 ), #1229 ) ;
#8285 = AXIS2_PLACEMENT_3D ( 'NONE', #9485, #3602, #4432 ) ;
#8286 = CARTESIAN_POINT ( 'NONE',  ( 3.700000000000019273, 1.749999999999999778, 0.1750000000000098976 ) ) ;
#8287 =( GEOMETRIC_REPRESENTATION_CONTEXT ( 3 ) GLOBAL_UNCERTAINTY_ASSIGNED_CONTEXT ( ( #7433 ) ) GLOBAL_UNIT_ASSIGNED_CONTEXT ( ( #5745, #7519, #1498 ) ) REPRESENTATION_CONTEXT ( 'NONE', 'WORKASPACE' ) );
#8288 = SURFACE_STYLE_USAGE ( .BOTH. , #4908 ) ;
#8289 = MECHANICAL_DESIGN_GEOMETRIC_PRESENTATION_REPRESENTATION (  '', ( #7416 ), #1409 ) ;
#8290 = DIRECTION ( 'NONE',  ( 0.000000000000000000, 1.000000000000000000, 0.000000000000000000 ) ) ;
#8291 = CARTESIAN_POINT ( 'NONE',  ( 3.400000000000024336, 1.749999999999999778, -1.450000000000040590 ) ) ;
#8292 = DIRECTION ( 'NONE',  ( 0.000000000000000000, -1.000000000000000000, -1.355252715606857370E-16 ) ) ;
#8293 = ORIENTED_EDGE ( 'NONE', *, *, #4274, .T. ) ;
#8294 = CARTESIAN_POINT ( 'NONE',  ( -3.472635781872694190E-15, 3.249999999999998668, -1.450000000000040146 ) ) ;
#8295 = ORIENTED_EDGE ( 'NONE', *, *, #9622, .F. ) ;
#8296 = PRESENTATION_LAYER_ASSIGNMENT (  '', '', ( #6164 ) ) ;
#8297 = DIRECTION ( 'NONE',  ( -1.000000000000000000, -3.614007241618355673E-16, 1.807003620809178823E-16 ) ) ;
#8298 = ADVANCED_FACE ( 'NONE', ( #1965 ), #1900, .F. ) ;
#8299 = CARTESIAN_POINT ( 'NONE',  ( 2.660000000000000142, 8.425943506694179847E-32, 1.750000000000004663 ) ) ;
#8300 = ORIENTED_EDGE ( 'NONE', *, *, #3687, .F. ) ;
#8301 = PLANE ( 'NONE',  #5848 ) ;
#8302 = SURFACE_SIDE_STYLE ('',( #4931 ) ) ;
#8303 = EDGE_CURVE ( 'NONE', #9255, #4729, #7884, .T. ) ;
#8304 = ORIENTED_EDGE ( 'NONE', *, *, #6384, .T. ) ;
#8305 = FACE_OUTER_BOUND ( 'NONE', #4613, .T. ) ;
#8306 = SURFACE_SIDE_STYLE ('',( #1567 ) ) ;
#8307 = EDGE_CURVE ( 'NONE', #1915, #4835, #8701, .T. ) ;
#8308 = PRESENTATION_STYLE_ASSIGNMENT (( #4221 ) ) ;
#8309 = VERTEX_POINT ( 'NONE', #913 ) ;
#8310 = UNCERTAINTY_MEASURE_WITH_UNIT (LENGTH_MEASURE( 1.000000000000000082E-05 ), #8257, 'distance_accuracy_value', 'NONE');
#8311 = DIRECTION ( 'NONE',  ( 0.000000000000000000, -0.000000000000000000, 1.000000000000000000 ) ) ;
#8312 = UNCERTAINTY_MEASURE_WITH_UNIT (LENGTH_MEASURE( 1.000000000000000082E-05 ), #283, 'distance_accuracy_value', 'NONE');
#8313 = UNCERTAINTY_MEASURE_WITH_UNIT (LENGTH_MEASURE( 1.000000000000000082E-05 ), #8772, 'distance_accuracy_value', 'NONE');
#8314 = VECTOR ( 'NONE', #8138, 1000.000000000000000 ) ;
#8315 = DIRECTION ( 'NONE',  ( -3.810001823273681399E-16, -0.7071067811865484609, 0.7071067811865465735 ) ) ;
#8316 = VERTEX_POINT ( 'NONE', #7776 ) ;
#8317 = LINE ( 'NONE', #10024, #4944 ) ;
#8318 = EDGE_CURVE ( 'NONE', #2411, #5556, #888, .T. ) ;
#8319 = VERTEX_POINT ( 'NONE', #6860 ) ;
#8320 = ADVANCED_FACE ( 'NONE', ( #3525 ), #3632, .F. ) ;
#8321 = DIRECTION ( 'NONE',  ( -1.000000000000000000, -0.000000000000000000, 2.282530889443212381E-16 ) ) ;
#8322 = LINE ( 'NONE', #5822, #5974 ) ;
#8323 = CARTESIAN_POINT ( 'NONE',  ( -3.050000000000019806, 3.700000000000000178, 1.249999999999986011 ) ) ;
#8324 = CARTESIAN_POINT ( 'NONE',  ( 5.000000000000006217, 1.649999999999999023, 0.3500000000000037526 ) ) ;
#8325 = COLOUR_RGB ( '',1.000000000000000000, 1.000000000000000000, 1.000000000000000000 ) ;
#8326 = ORIENTED_EDGE ( 'NONE', *, *, #9795, .T. ) ;
#8327 = FILL_AREA_STYLE ('',( #3378 ) ) ;
#8328 = CARTESIAN_POINT ( 'NONE',  ( -3.050000000000019806, 1.749999999999999778, 0.9499999999999860778 ) ) ;
#8329 = SURFACE_STYLE_FILL_AREA ( #10753 ) ;
#8330 = FACE_OUTER_BOUND ( 'NONE', #4945, .T. ) ;
#8331 = CARTESIAN_POINT ( 'NONE',  ( 0.1599999999999999756, 0.000000000000000000, -1.125000000000033973 ) ) ;
#8332 = ORIENTED_EDGE ( 'NONE', *, *, #10074, .T. ) ;
#8333 = CARTESIAN_POINT ( 'NONE',  ( -4.669999999999994600, 1.572093150103981429E-15, 0.3500000000000037526 ) ) ;
#8334 = PRESENTATION_LAYER_ASSIGNMENT (  '', '', ( #1103 ) ) ;
#8335 = ORIENTED_EDGE ( 'NONE', *, *, #1893, .T. ) ;
#8336 = CARTESIAN_POINT ( 'NONE',  ( 4.569999999999997620, 21.00560209553989566, -1.849999999999996758 ) ) ;
#8337 = LINE ( 'NONE', #10095, #9687 ) ;
#8338 = AXIS2_PLACEMENT_3D ( 'NONE', #8435, #879, #7454 ) ;
#8339 = DIRECTION ( 'NONE',  ( -0.000000000000000000, 1.000000000000000000, -0.000000000000000000 ) ) ;
#8340 = CARTESIAN_POINT ( 'NONE',  ( 3.400000000000025224, 1.749999999999999778, 0.9499999999999854117 ) ) ;
#8341 = PLANE ( 'NONE',  #6780 ) ;
#8342 = LINE ( 'NONE', #3238, #4529 ) ;
#8343 = ORIENTED_EDGE ( 'NONE', *, *, #8928, .F. ) ;
#8344 = LINE ( 'NONE', #3999, #1052 ) ;
#8345 = ORIENTED_EDGE ( 'NONE', *, *, #4506, .T. ) ;
#8346 = EDGE_CURVE ( 'NONE', #5043, #3568, #4586, .T. ) ;
#8347 = VECTOR ( 'NONE', #4023, 1000.000000000000000 ) ;
#8348 = CARTESIAN_POINT ( 'NONE',  ( 1.409999999999999698, 0.8750000000000023315, 0.8749999999999814593 ) ) ;
#8349 = CARTESIAN_POINT ( 'NONE',  ( -2.425000000000000266, 3.249999999999996891, -1.450000000000039924 ) ) ;
#8350 = EDGE_LOOP ( 'NONE', ( #2247, #2389, #3858, #9473, #10218, #493, #7729, #5732, #8988, #4980, #9843, #10155, #4218, #994, #4039, #1696, #10143, #9106, #3249, #5120, #5955, #1796, #6417, #8345, #10226, #2839, #9070, #4441, #6754, #8046, #6719, #5374 ) ) ;
#8351 = PLANE ( 'NONE',  #10404 ) ;
#8352 = VERTEX_POINT ( 'NONE', #1183 ) ;
#8353 = PRESENTATION_STYLE_ASSIGNMENT (( #5811 ) ) ;
#8354 = LINE ( 'NONE', #9902, #1800 ) ;
#8355 = CARTESIAN_POINT ( 'NONE',  ( 4.469999999999994422, 1.199999999999999067, 0.3500000000000037526 ) ) ;
#8356 = ORIENTED_EDGE ( 'NONE', *, *, #10532, .T. ) ;
#8357 = STYLED_ITEM ( 'NONE', ( #7098 ), #3539 ) ;
#8358 = CARTESIAN_POINT ( 'NONE',  ( -4.669999999999994600, 1.399999999999999689, -1.849999999999996314 ) ) ;
#8359 = SURFACE_STYLE_FILL_AREA ( #1626 ) ;
#8360 = VERTEX_POINT ( 'NONE', #10495 ) ;
#8361 = PRESENTATION_LAYER_ASSIGNMENT (  '', '', ( #5371 ) ) ;
#8362 = LINE ( 'NONE', #804, #3674 ) ;
#8363 = VERTEX_POINT ( 'NONE', #2174 ) ;
#8364 =( NAMED_UNIT ( * ) SI_UNIT ( $, .STERADIAN. ) SOLID_ANGLE_UNIT ( ) );
#8365 = LINE ( 'NONE', #7660, #7761 ) ;
#8366 = FILL_AREA_STYLE ('',( #3320 ) ) ;
#8367 = ADVANCED_FACE ( 'NONE', ( #436 ), #3085, .T. ) ;
#8368 = DIRECTION ( 'NONE',  ( 0.000000000000000000, 0.000000000000000000, -1.000000000000000000 ) ) ;
#8369 = EDGE_CURVE ( 'NONE', #999, #9557, #9735, .T. ) ;
#8370 = CARTESIAN_POINT ( 'NONE',  ( -2.339999999999999858, 0.2999999999999999889, 1.850000000000004530 ) ) ;
#8371 = ORIENTED_EDGE ( 'NONE', *, *, #3614, .F. ) ;
#8372 = CARTESIAN_POINT ( 'NONE',  ( 3.499999999950209606, 1.749999999999999778, -0.7249377794898664851 ) ) ;
#8373 = ADVANCED_FACE ( 'NONE', ( #5534 ), #8906, .T. ) ;
#8374 = ORIENTED_EDGE ( 'NONE', *, *, #1692, .T. ) ;
#8375 = STYLED_ITEM ( 'NONE', ( #8383 ), #4431 ) ;
#8376 = STYLED_ITEM ( 'NONE', ( #1851 ), #3527 ) ;
#8377 =( NAMED_UNIT ( * ) SI_UNIT ( $, .STERADIAN. ) SOLID_ANGLE_UNIT ( ) );
#8378 =( LENGTH_UNIT ( ) NAMED_UNIT ( * ) SI_UNIT ( .MILLI., .METRE. ) );
#8379 = VERTEX_POINT ( 'NONE', #3195 ) ;
#8380 = VECTOR ( 'NONE', #1448, 1000.000000000000000 ) ;
#8381 = LINE ( 'NONE', #5880, #8270 ) ;
#8382 = VERTEX_POINT ( 'NONE', #6693 ) ;
#8383 = PRESENTATION_STYLE_ASSIGNMENT (( #4138 ) ) ;
#8384 = FILL_AREA_STYLE ('',( #7570 ) ) ;
#8385 = VECTOR ( 'NONE', #1254, 1000.000000000000000 ) ;
#8386 = ADVANCED_FACE ( 'NONE', ( #5705 ), #6575, .F. ) ;
#8387 = DIRECTION ( 'NONE',  ( -1.000000000000000000, -0.000000000000000000, -0.000000000000000000 ) ) ;
#8388 = DIRECTION ( 'NONE',  ( 0.000000000000000000, 1.355252715606880296E-16, -1.000000000000000000 ) ) ;
#8389 = AXIS2_PLACEMENT_3D ( 'NONE', #6343, #9713, #9654 ) ;
#8390 = PRESENTATION_STYLE_ASSIGNMENT (( #1650 ) ) ;
#8391 = DIRECTION ( 'NONE',  ( 0.000000000000000000, -1.000000000000000000, 0.000000000000000000 ) ) ;
#8392 =( LENGTH_UNIT ( ) NAMED_UNIT ( * ) SI_UNIT ( .MILLI., .METRE. ) );
#8393 = DIRECTION ( 'NONE',  ( 1.000000000000000000, 3.493540333564404009E-15, 0.000000000000000000 ) ) ;
#8394 = VERTEX_POINT ( 'NONE', #1665 ) ;
#8395 = CIRCLE ( 'NONE', #131, 0.09999999995018510335 ) ;
#8396 = FILL_AREA_STYLE_COLOUR ( '', #10022 ) ;
#8397 = EDGE_LOOP ( 'NONE', ( #4705, #7971, #3928, #6932 ) ) ;
#8398 = VECTOR ( 'NONE', #985, 1000.000000000000000 ) ;
#8399 =( LENGTH_UNIT ( ) NAMED_UNIT ( * ) SI_UNIT ( .MILLI., .METRE. ) );
#8400 = CARTESIAN_POINT ( 'NONE',  ( -1.409999999999999920, 3.548929149633788249, -1.004535961130712751 ) ) ;
#8401 = AXIS2_PLACEMENT_3D ( 'NONE', #2194, #4555, #3811 ) ;
#8402 = CARTESIAN_POINT ( 'NONE',  ( 4.692346999254248807, 1.346049571322027738, -1.803950428677965068 ) ) ;
#8403 = ORIENTED_EDGE ( 'NONE', *, *, #3801, .F. ) ;
#8404 = PLANE ( 'NONE',  #6898 ) ;
#8405 = STYLED_ITEM ( 'NONE', ( #5287 ), #561 ) ;
#8406 = PRESENTATION_STYLE_ASSIGNMENT (( #5852 ) ) ;
#8407 = EDGE_CURVE ( 'NONE', #6108, #2264, #3150, .T. ) ;
#8408 = VERTEX_POINT ( 'NONE', #9015 ) ;
#8409 = SURFACE_STYLE_FILL_AREA ( #2386 ) ;
#8410 = DIRECTION ( 'NONE',  ( 1.000000000000000000, 0.000000000000000000, 0.000000000000000000 ) ) ;
#8411 = FACE_OUTER_BOUND ( 'NONE', #7135, .T. ) ;
#8412 = ORIENTED_EDGE ( 'NONE', *, *, #7583, .T. ) ;
#8413 = VECTOR ( 'NONE', #2302, 1000.000000000000000 ) ;
#8414 = UNCERTAINTY_MEASURE_WITH_UNIT (LENGTH_MEASURE( 1.000000000000000082E-05 ), #9986, 'distance_accuracy_value', 'NONE');
#8415 = CARTESIAN_POINT ( 'NONE',  ( -4.000000000000001776, 2.400000000000000799, 0.9500000000000003997 ) ) ;
#8416 = DIRECTION ( 'NONE',  ( 1.000000000000000000, 8.260587980841928919E-16, 0.000000000000000000 ) ) ;
#8417 = LINE ( 'NONE', #859, #10724 ) ;
#8418 = VERTEX_POINT ( 'NONE', #6528 ) ;
#8419 = COLOUR_RGB ( '',1.000000000000000000, 0.8117647058823529438, 0.5019607843137254832 ) ;
#8420 = DIRECTION ( 'NONE',  ( -0.000000000000000000, 0.000000000000000000, 1.000000000000000000 ) ) ;
#8421 = ORIENTED_EDGE ( 'NONE', *, *, #4941, .T. ) ;
#8422 = VECTOR ( 'NONE', #5913, 999.9999999999998863 ) ;
#8423 = SURFACE_STYLE_USAGE ( .BOTH. , #8213 ) ;
#8424 = SURFACE_SIDE_STYLE ('',( #6028 ) ) ;
#8425 = CARTESIAN_POINT ( 'NONE',  ( 4.000000000000001776, 4.699999999999999289, -1.849999999999996758 ) ) ;
#8426 = CARTESIAN_POINT ( 'NONE',  ( 2.339999999999999858, 2.865743636076471201, -1.125000000000033973 ) ) ;
#8427 = VECTOR ( 'NONE', #5149, 1000.000000000000000 ) ;
#8428 = CARTESIAN_POINT ( 'NONE',  ( 3.523657060577888622E-15, 3.249999999999998668, -1.850000000000000533 ) ) ;
#8429 = ORIENTED_EDGE ( 'NONE', *, *, #10114, .T. ) ;
#8430 =( NAMED_UNIT ( * ) PLANE_ANGLE_UNIT ( ) SI_UNIT ( $, .RADIAN. ) );
#8431 = ADVANCED_FACE ( 'NONE', ( #5031 ), #8351, .F. ) ;
#8432 = ORIENTED_EDGE ( 'NONE', *, *, #1191, .F. ) ;
#8433 = COLOUR_RGB ( '',1.000000000000000000, 0.8117647058823529438, 0.5019607843137254832 ) ;
#8435 = CARTESIAN_POINT ( 'NONE',  ( 3.050000000000020695, 1.749999999999999778, 1.549999999999988720 ) ) ;
#8434 = AXIS2_PLACEMENT_3D ( 'NONE', #9878, #2252, #8064 ) ;
#8436 = ADVANCED_FACE ( 'NONE', ( #5649 ), #4806, .F. ) ;
#8437 = CARTESIAN_POINT ( 'NONE',  ( -5.199999999999999289, 2.599999999999999645, 0.6500000000000019096 ) ) ;
#8438 =( LENGTH_UNIT ( ) NAMED_UNIT ( * ) SI_UNIT ( .MILLI., .METRE. ) );
#8439 = VECTOR ( 'NONE', #7344, 1000.000000000000000 ) ;
#8440 = ORIENTED_EDGE ( 'NONE', *, *, #47, .F. ) ;
#8441 = EDGE_CURVE ( 'NONE', #2049, #572, #997, .T. ) ;
#8442 =( GEOMETRIC_REPRESENTATION_CONTEXT ( 3 ) GLOBAL_UNCERTAINTY_ASSIGNED_CONTEXT ( ( #4531 ) ) GLOBAL_UNIT_ASSIGNED_CONTEXT ( ( #5302, #4382, #78 ) ) REPRESENTATION_CONTEXT ( 'NONE', 'WORKASPACE' ) );
#8443 = DIRECTION ( 'NONE',  ( 0.000000000000000000, 1.000000000000000000, -4.858652729125647208E-17 ) ) ;
#8444 = ORIENTED_EDGE ( 'NONE', *, *, #658, .T. ) ;
#8445 = ADVANCED_FACE ( 'NONE', ( #316 ), #1059, .F. ) ;
#8446 = CARTESIAN_POINT ( 'NONE',  ( -4.669999999999994600, 1.650000000000000133, 0.3500000000000037526 ) ) ;
#8447 =( GEOMETRIC_REPRESENTATION_CONTEXT ( 3 ) GLOBAL_UNCERTAINTY_ASSIGNED_CONTEXT ( ( #9955 ) ) GLOBAL_UNIT_ASSIGNED_CONTEXT ( ( #272, #7882, #7826 ) ) REPRESENTATION_CONTEXT ( 'NONE', 'WORKASPACE' ) );
#8448 =( GEOMETRIC_REPRESENTATION_CONTEXT ( 3 ) GLOBAL_UNCERTAINTY_ASSIGNED_CONTEXT ( ( #6204 ) ) GLOBAL_UNIT_ASSIGNED_CONTEXT ( ( #5160, #7901, #7845 ) ) REPRESENTATION_CONTEXT ( 'NONE', 'WORKASPACE' ) );
#8449 = LINE ( 'NONE', #5834, #1527 ) ;
#8450 =( NAMED_UNIT ( * ) PLANE_ANGLE_UNIT ( ) SI_UNIT ( $, .RADIAN. ) );
#8451 = VECTOR ( 'NONE', #10843, 1000.000000000000000 ) ;
#8452 = PRESENTATION_STYLE_ASSIGNMENT (( #4417 ) ) ;
#8453 = MECHANICAL_DESIGN_GEOMETRIC_PRESENTATION_REPRESENTATION (  '', ( #10550 ), #7212 ) ;
#8454 = CARTESIAN_POINT ( 'NONE',  ( -1.409999999999999920, 0.2999999999999999889, 1.850000000000004530 ) ) ;
#8455 = CARTESIAN_POINT ( 'NONE',  ( 0.000000000000000000, 0.000000000000000000, 0.000000000000000000 ) ) ;
#8456 = ADVANCED_FACE ( 'NONE', ( #142 ), #947, .T. ) ;
#8457 = SURFACE_SIDE_STYLE ('',( #76 ) ) ;
#8458 = LINE ( 'NONE', #4440, #10186 ) ;
#8459 = VECTOR ( 'NONE', #3661, 1000.000000000000000 ) ;
#8460 = VERTEX_POINT ( 'NONE', #10481 ) ;
#8461 = EDGE_CURVE ( 'NONE', #445, #10247, #573, .T. ) ;
#8462 = FILL_AREA_STYLE_COLOUR ( '', #1944 ) ;
#8463 = VERTEX_POINT ( 'NONE', #8846 ) ;
#8464 = VECTOR ( 'NONE', #10739, 1000.000000000000114 ) ;
#8465 = PRESENTATION_LAYER_ASSIGNMENT (  '', '', ( #10389 ) ) ;
#8466 = CARTESIAN_POINT ( 'NONE',  ( 1.409999999999999698, 0.3499999999999999223, 2.350000000000004530 ) ) ;
#8467 = DIRECTION ( 'NONE',  ( -1.000000000000000000, 0.000000000000000000, 1.182766006347823109E-16 ) ) ;
#8468 = EDGE_LOOP ( 'NONE', ( #9276, #7543, #295, #3025 ) ) ;
#8469 = CARTESIAN_POINT ( 'NONE',  ( -2.660000000000000142, -1.125000000000002442, 1.125000000000004663 ) ) ;
#8470 = MECHANICAL_DESIGN_GEOMETRIC_PRESENTATION_REPRESENTATION (  '', ( #710 ), #2461 ) ;
#8471 = FILL_AREA_STYLE_COLOUR ( '', #8833 ) ;
#8472 = ORIENTED_EDGE ( 'NONE', *, *, #5668, .T. ) ;
#8473 = CARTESIAN_POINT ( 'NONE',  ( -5.500000000000000000, 21.00560209553989566, 0.9500000000000032863 ) ) ;
#8474 =( NAMED_UNIT ( * ) SI_UNIT ( $, .STERADIAN. ) SOLID_ANGLE_UNIT ( ) );
#8475 = COLOUR_RGB ( '',1.000000000000000000, 1.000000000000000000, 1.000000000000000000 ) ;
#8476 = ORIENTED_EDGE ( 'NONE', *, *, #8114, .F. ) ;
#8477 = DIRECTION ( 'NONE',  ( -1.000000000000000000, 0.000000000000000000, 3.097720492815684271E-16 ) ) ;
#8478 = CARTESIAN_POINT ( 'NONE',  ( 3.525881904447569770, 4.525881904447545345, 0.1283451969090864953 ) ) ;
#8479 = CARTESIAN_POINT ( 'NONE',  ( 2.660000000000000142, 1.749999999999999778, -1.125000000000033973 ) ) ;
#8480 = VECTOR ( 'NONE', #9846, 1000.000000000000000 ) ;
#8481 = EDGE_LOOP ( 'NONE', ( #3669, #745, #812, #9891 ) ) ;
#8482 = CARTESIAN_POINT ( 'NONE',  ( -4.219999999999994422, 1.649999999999999023, 0.3500000000000037526 ) ) ;
#8483 = ORIENTED_EDGE ( 'NONE', *, *, #5919, .F. ) ;
#8484 = DIRECTION ( 'NONE',  ( 0.2133021165724263424, 0.9621436710723737518, 0.1696518885279465760 ) ) ;
#8485 = APPLICATION_PROTOCOL_DEFINITION ( 'draft international standard', 'automotive_design', 1998, #7242 ) ;
#8486 = LINE ( 'NONE', #1685, #9689 ) ;
#8487 =( LENGTH_UNIT ( ) NAMED_UNIT ( * ) SI_UNIT ( .MILLI., .METRE. ) );
#8488 = AXIS2_PLACEMENT_3D ( 'NONE', #1333, #375, #9668 ) ;
#8489 = LINE ( 'NONE', #1689, #4855 ) ;
#8490 = EDGE_CURVE ( 'NONE', #7368, #7546, #7188, .T. ) ;
#8491 = CARTESIAN_POINT ( 'NONE',  ( 4.469999999999994422, 0.4499999999999999001, 0.3500000000000037526 ) ) ;
#8492 = ORIENTED_EDGE ( 'NONE', *, *, #3720, .F. ) ;
#8493 = CARTESIAN_POINT ( 'NONE',  ( 3.400000000000025224, 3.399999999999998579, 0.9499999999999854117 ) ) ;
#8494 = ORIENTED_EDGE ( 'NONE', *, *, #9672, .F. ) ;
#8495 = STYLED_ITEM ( 'NONE', ( #3055 ), #8973 ) ;
#8496 = SURFACE_STYLE_USAGE ( .BOTH. , #6088 ) ;
#8497 = LINE ( 'NONE', #4247, #9323 ) ;
#8498 = ORIENTED_EDGE ( 'NONE', *, *, #1124, .F. ) ;
#8499 = DIRECTION ( 'NONE',  ( 0.000000000000000000, 0.9848077530122087975, -0.1736481776669264454 ) ) ;
#8500 = ORIENTED_EDGE ( 'NONE', *, *, #5737, .F. ) ;
#8501 = LINE ( 'NONE', #3385, #5895 ) ;
#8502 =( GEOMETRIC_REPRESENTATION_CONTEXT ( 3 ) GLOBAL_UNCERTAINTY_ASSIGNED_CONTEXT ( ( #4252 ) ) GLOBAL_UNIT_ASSIGNED_CONTEXT ( ( #8039, #483, #9625 ) ) REPRESENTATION_CONTEXT ( 'NONE', 'WORKASPACE' ) );
#8503 = UNCERTAINTY_MEASURE_WITH_UNIT (LENGTH_MEASURE( 1.000000000000000082E-05 ), #2251, 'distance_accuracy_value', 'NONE');
#8504 =( NAMED_UNIT ( * ) SI_UNIT ( $, .STERADIAN. ) SOLID_ANGLE_UNIT ( ) );
#8505 = EDGE_CURVE ( 'NONE', #7154, #7554, #1234, .T. ) ;
#8506 = SURFACE_SIDE_STYLE ('',( #5124 ) ) ;
#8507 = CARTESIAN_POINT ( 'NONE',  ( -4.000000000000001776, 0.2999999999999999889, 1.850000000000000533 ) ) ;
#8508 = DIRECTION ( 'NONE',  ( -0.000000000000000000, 1.000000000000000000, -0.000000000000000000 ) ) ;
#8509 = SURFACE_SIDE_STYLE ('',( #3438 ) ) ;
#8510 = DIRECTION ( 'NONE',  ( 0.000000000000000000, 0.000000000000000000, -1.000000000000000000 ) ) ;
#8511 =( NAMED_UNIT ( * ) SI_UNIT ( $, .STERADIAN. ) SOLID_ANGLE_UNIT ( ) );
#8512 = AXIS2_PLACEMENT_3D ( 'NONE', #9441, #8742, #6235 ) ;
#8513 = FILL_AREA_STYLE ('',( #9329 ) ) ;
#8514 = ORIENTED_EDGE ( 'NONE', *, *, #5837, .F. ) ;
#8515 = SURFACE_STYLE_FILL_AREA ( #4497 ) ;
#8516 = ORIENTED_EDGE ( 'NONE', *, *, #2901, .F. ) ;
#8517 = DIRECTION ( 'NONE',  ( -0.9762960071199341394, 0.2164396139380997119, 0.000000000000000000 ) ) ;
#8518 = CIRCLE ( 'NONE', #1297, 0.09999999995018485355 ) ;
#8519 = EDGE_CURVE ( 'NONE', #8576, #4424, #3020, .T. ) ;
#8520 = LINE ( 'NONE', #4265, #9685 ) ;
#8521 = ORIENTED_EDGE ( 'NONE', *, *, #1692, .F. ) ;
#8522 = DIRECTION ( 'NONE',  ( -1.000000000000000000, 0.000000000000000000, 1.275531967629996124E-16 ) ) ;
#8523 = FILL_AREA_STYLE_COLOUR ( '', #8143 ) ;
#8524 = EDGE_CURVE ( 'NONE', #6551, #3630, #9773, .T. ) ;
#8525 = ORIENTED_EDGE ( 'NONE', *, *, #4503, .T. ) ;
#8526 = LINE ( 'NONE', #3403, #8347 ) ;
#8527 = PRESENTATION_STYLE_ASSIGNMENT (( #6788 ) ) ;
#8528 = ORIENTED_EDGE ( 'NONE', *, *, #31, .F. ) ;
#8529 = UNCERTAINTY_MEASURE_WITH_UNIT (LENGTH_MEASURE( 1.000000000000000082E-05 ), #455, 'distance_accuracy_value', 'NONE');
#8530 = PRESENTATION_STYLE_ASSIGNMENT (( #9349 ) ) ;
#8531 = UNCERTAINTY_MEASURE_WITH_UNIT (LENGTH_MEASURE( 1.000000000000000082E-05 ), #7428, 'distance_accuracy_value', 'NONE');
#8532 = ORIENTED_EDGE ( 'NONE', *, *, #1015, .T. ) ;
#8533 = DIRECTION ( 'NONE',  ( 0.000000000000000000, 0.000000000000000000, -1.000000000000000000 ) ) ;
#8534 = VERTEX_POINT ( 'NONE', #2001 ) ;
#8535 = LINE ( 'NONE', #7712, #5776 ) ;
#8536 = CARTESIAN_POINT ( 'NONE',  ( -2.339999999999999858, 8.425943506694179847E-32, 1.750000000000004663 ) ) ;
#8537 =( NAMED_UNIT ( * ) SI_UNIT ( $, .STERADIAN. ) SOLID_ANGLE_UNIT ( ) );
#8538 = FILL_AREA_STYLE ('',( #5151 ) ) ;
#8539 = CARTESIAN_POINT ( 'NONE',  ( -3.416854847499426473, 4.416854847499403824, 0.09913148504669050398 ) ) ;
#8540 = FILL_AREA_STYLE ('',( #9411 ) ) ;
#8541 = ORIENTED_EDGE ( 'NONE', *, *, #609, .F. ) ;
#8542 = CARTESIAN_POINT ( 'NONE',  ( -4.469999999999994422, 0.4500000000000009548, 0.3500000000000037526 ) ) ;
#8543 = ORIENTED_EDGE ( 'NONE', *, *, #10795, .T. ) ;
#8544 =( NAMED_UNIT ( * ) PLANE_ANGLE_UNIT ( ) SI_UNIT ( $, .RADIAN. ) );
#8545 = ADVANCED_FACE ( 'NONE', ( #9562 ), #8952, .F. ) ;
#8546 = PLANE ( 'NONE',  #2399 ) ;
#8547 = DIRECTION ( 'NONE',  ( 9.019373039313874089E-17, 0.7071067811865495711, 0.7071067811865454633 ) ) ;
#8548 = CARTESIAN_POINT ( 'NONE',  ( 3.400000000000025224, 1.749999999999999778, 0.9499999999999855227 ) ) ;
#8549 = ORIENTED_EDGE ( 'NONE', *, *, #8647, .F. ) ;
#8550 = STYLED_ITEM ( 'NONE', ( #8579 ), #3684 ) ;
#8551 = CARTESIAN_POINT ( 'NONE',  ( 4.210588248252448373, 0.2999999999999999889, -1.783137553356634708 ) ) ;
#8552 = ORIENTED_EDGE ( 'NONE', *, *, #7636, .F. ) ;
#8553 = PRESENTATION_STYLE_ASSIGNMENT (( #6990 ) ) ;
#8554 = VECTOR ( 'NONE', #8016, 1000.000000000000000 ) ;
#8555 = AXIS2_PLACEMENT_3D ( 'NONE', #5741, #7516, #7470 ) ;
#8556 = DIRECTION ( 'NONE',  ( -0.000000000000000000, 0.000000000000000000, 1.000000000000000000 ) ) ;
#8557 = PLANE ( 'NONE',  #4394 ) ;
#8558 = EDGE_CURVE ( 'NONE', #8352, #8827, #5417, .T. ) ;
#8559 = DIRECTION ( 'NONE',  ( -0.000000000000000000, -0.000000000000000000, 1.000000000000000000 ) ) ;
#8560 = CARTESIAN_POINT ( 'NONE',  ( 5.000000000000006217, 1.649999999999999023, -1.749999999999994005 ) ) ;
#8561 = ORIENTED_EDGE ( 'NONE', *, *, #1599, .F. ) ;
#8562 = SURFACE_SIDE_STYLE ('',( #1774 ) ) ;
#8563 = ORIENTED_EDGE ( 'NONE', *, *, #4458, .T. ) ;
#8564 = STYLED_ITEM ( 'NONE', ( #7278 ), #4513 ) ;
#8565 = LINE ( 'NONE', #7746, #6425 ) ;
#8566 = CLOSED_SHELL ( 'NONE', ( #6602, #7438, #8575, #10826, #10172, #9450, #1843, #7027, #4777, #10314 ) ) ;
#8567 = VERTEX_POINT ( 'NONE', #8743 ) ;
#8568 = DIRECTION ( 'NONE',  ( -0.000000000000000000, 1.000000000000000000, -0.000000000000000000 ) ) ;
#8569 = DIRECTION ( 'NONE',  ( 9.019373039313874089E-17, 0.7071067811865495711, 0.7071067811865454633 ) ) ;
#8570 = EDGE_CURVE ( 'NONE', #8418, #4261, #2920, .T. ) ;
#8571 = ORIENTED_EDGE ( 'NONE', *, *, #4839, .F. ) ;
#8572 = PRESENTATION_STYLE_ASSIGNMENT (( #2543 ) ) ;
#8573 = SURFACE_STYLE_USAGE ( .BOTH. , #2819 ) ;
#8574 = CARTESIAN_POINT ( 'NONE',  ( 2.339999999999999858, -1.579062136966065191E-17, -0.3250000000000473066 ) ) ;
#8575 = ADVANCED_FACE ( 'NONE', ( #4508 ), #7927, .F. ) ;
#8576 = VERTEX_POINT ( 'NONE', #1288 ) ;
#8577 = EDGE_CURVE ( 'NONE', #5853, #4632, #4621, .T. ) ;
#8579 = PRESENTATION_STYLE_ASSIGNMENT (( #7537 ) ) ;
#8578 =( NAMED_UNIT ( * ) SI_UNIT ( $, .STERADIAN. ) SOLID_ANGLE_UNIT ( ) );
#8580 =( GEOMETRIC_REPRESENTATION_CONTEXT ( 3 ) GLOBAL_UNCERTAINTY_ASSIGNED_CONTEXT ( ( #10831 ) ) GLOBAL_UNIT_ASSIGNED_CONTEXT ( ( #8156, #9856, #4063 ) ) REPRESENTATION_CONTEXT ( 'NONE', 'WORKASPACE' ) );
#8581 = CARTESIAN_POINT ( 'NONE',  ( 14.85280104776995280, 10.15280104776995174, 0.9499999999999740874 ) ) ;
#8582 = LINE ( 'NONE', #1007, #5239 ) ;
#8583 = SURFACE_STYLE_USAGE ( .BOTH. , #5323 ) ;
#8584 = ORIENTED_EDGE ( 'NONE', *, *, #3952, .T. ) ;
#8585 = DIRECTION ( 'NONE',  ( -0.000000000000000000, -1.000000000000000000, -0.000000000000000000 ) ) ;
#8586 = ORIENTED_EDGE ( 'NONE', *, *, #4649, .T. ) ;
#8587 = DIRECTION ( 'NONE',  ( 3.771137991253929559E-16, 1.000000000000000000, -4.810207062188355829E-32 ) ) ;
#8588 = CYLINDRICAL_SURFACE ( 'NONE', #4771, 0.4499999999999999001 ) ;
#8589 =( NAMED_UNIT ( * ) PLANE_ANGLE_UNIT ( ) SI_UNIT ( $, .RADIAN. ) );
#8590 = EDGE_CURVE ( 'NONE', #4587, #9768, #2109, .T. ) ;
#8591 = AXIS2_PLACEMENT_3D ( 'NONE', #9346, #5094, #1787 ) ;
#8592 = DIRECTION ( 'NONE',  ( 0.000000000000000000, 1.000000000000000000, 0.000000000000000000 ) ) ;
#8593 = CARTESIAN_POINT ( 'NONE',  ( 3.351985831353677003, 0.4275827757330513124, -1.554913542985933761 ) ) ;
#8594 = VECTOR ( 'NONE', #1805, 1000.000000000000000 ) ;
#8595 = CARTESIAN_POINT ( 'NONE',  ( -4.219999999999995310, 0.4500000000000008993, 0.3500000000000037526 ) ) ;
#8596 = ORIENTED_EDGE ( 'NONE', *, *, #8737, .T. ) ;
#8597 = AXIS2_PLACEMENT_3D ( 'NONE', #3115, #9877, #9036 ) ;
#8598 = CARTESIAN_POINT ( 'NONE',  ( 4.669999999999994600, 0.4499999999999999001, 0.3500000000000037526 ) ) ;
#8599 = ORIENTED_EDGE ( 'NONE', *, *, #691, .T. ) ;
#8600 =( LENGTH_UNIT ( ) NAMED_UNIT ( * ) SI_UNIT ( .MILLI., .METRE. ) );
#8601 = CARTESIAN_POINT ( 'NONE',  ( 2.025000000000005684, 4.699999999999997513, -1.850000000000000533 ) ) ;
#8602 = SURFACE_STYLE_USAGE ( .BOTH. , #7051 ) ;
#8603 = CARTESIAN_POINT ( 'NONE',  ( 4.300000000000006928, 2.599999999999999645, -1.850000000000000533 ) ) ;
#8604 = EDGE_LOOP ( 'NONE', ( #8421, #10280, #7009, #9561, #1362, #3159, #9835 ) ) ;
#8605 = VECTOR ( 'NONE', #4018, 1000.000000000000000 ) ;
#8606 = DIRECTION ( 'NONE',  ( -5.981805089575198169E-16, -1.000000000000000000, 0.000000000000000000 ) ) ;
#8607 = ORIENTED_EDGE ( 'NONE', *, *, #4343, .T. ) ;
#8608 = B_SPLINE_CURVE_WITH_KNOTS ( 'NONE', 3,
 ( #3430, #6818, #8551, #8115 ),
 .UNSPECIFIED., .F., .F.,
 ( 4, 4 ),
 ( 0.000000000000000000, 0.0001449176096515816272 ),
 .UNSPECIFIED. ) ;
#8609 = STYLED_ITEM ( 'NONE', ( #5434 ), #1466 ) ;
#8610 = FILL_AREA_STYLE_COLOUR ( '', #10485 ) ;
#8611 =( NAMED_UNIT ( * ) PLANE_ANGLE_UNIT ( ) SI_UNIT ( $, .RADIAN. ) );
#8612 = ORIENTED_EDGE ( 'NONE', *, *, #10114, .F. ) ;
#8613 = CARTESIAN_POINT ( 'NONE',  ( 4.000000000000002665, -1.029563014098700879, -0.9500000000000009548 ) ) ;
#8614 = CARTESIAN_POINT ( 'NONE',  ( -2.025000000000000355, 4.400000000000002132, -1.450000000000039924 ) ) ;
#8615 = VECTOR ( 'NONE', #5420, 1000.000000000000000 ) ;
#8616 = FILL_AREA_STYLE_COLOUR ( '', #3937 ) ;
#8617 = SURFACE_SIDE_STYLE ('',( #1992 ) ) ;
#8618 = SURFACE_STYLE_USAGE ( .BOTH. , #1047 ) ;
#8619 = ORIENTED_EDGE ( 'NONE', *, *, #6415, .T. ) ;
#8620 = LINE ( 'NONE', #305, #6672 ) ;
#8621 = ORIENTED_EDGE ( 'NONE', *, *, #3093, .F. ) ;
#8622 = MECHANICAL_DESIGN_GEOMETRIC_PRESENTATION_REPRESENTATION (  '', ( #4533 ), #10709 ) ;
#8623 =( GEOMETRIC_REPRESENTATION_CONTEXT ( 3 ) GLOBAL_UNCERTAINTY_ASSIGNED_CONTEXT ( ( #3854 ) ) GLOBAL_UNIT_ASSIGNED_CONTEXT ( ( #7966, #4381, #3058 ) ) REPRESENTATION_CONTEXT ( 'NONE', 'WORKASPACE' ) );
#8624 = CARTESIAN_POINT ( 'NONE',  ( -4.469999999999994422, 1.200000000000000178, -1.749999999999994449 ) ) ;
#8625 = MECHANICAL_DESIGN_GEOMETRIC_PRESENTATION_REPRESENTATION (  '', ( #2610 ), #10717 ) ;
#8626 = EDGE_CURVE ( 'NONE', #9759, #4049, #4677, .T. ) ;
#8627 = DIRECTION ( 'NONE',  ( -1.000000000000000000, 0.000000000000000000, -0.000000000000000000 ) ) ;
#8628 = SURFACE_STYLE_FILL_AREA ( #6011 ) ;
#8629 = ORIENTED_EDGE ( 'NONE', *, *, #7592, .F. ) ;
#8630 = AXIS2_PLACEMENT_3D ( 'NONE', #7274, #8163, #1199 ) ;
#8631 = FILL_AREA_STYLE ('',( #3677 ) ) ;
#8632 = VERTEX_POINT ( 'NONE', #4793 ) ;
#8633 = LINE ( 'NONE', #4575, #5547 ) ;
#8634 = DIRECTION ( 'NONE',  ( -1.000000000000000000, 0.000000000000000000, 0.000000000000000000 ) ) ;
#8635 = AXIS2_PLACEMENT_3D ( 'NONE', #5669, #7493, #9030 ) ;
#8637 = DIRECTION ( 'NONE',  ( 0.000000000000000000, 1.000000000000000000, -4.858652729125647208E-17 ) ) ;
#8636 = VECTOR ( 'NONE', #9587, 1000.000000000000000 ) ;
#8638 = ORIENTED_EDGE ( 'NONE', *, *, #1874, .T. ) ;
#8639 = UNCERTAINTY_MEASURE_WITH_UNIT (LENGTH_MEASURE( 1.000000000000000082E-05 ), #3010, 'distance_accuracy_value', 'NONE');
#8641 = CARTESIAN_POINT ( 'NONE',  ( 4.000000000000005329, 0.3000000000000009326, 0.8000000000000004885 ) ) ;
#8640 = CARTESIAN_POINT ( 'NONE',  ( 4.669999999999994600, 1.199999999999999067, 0.3500000000000037526 ) ) ;
#8642 = MECHANICAL_DESIGN_GEOMETRIC_PRESENTATION_REPRESENTATION (  '', ( #2796 ), #10372 ) ;
#8643 = VECTOR ( 'NONE', #505, 1000.000000000000000 ) ;
#8644 = FILL_AREA_STYLE ('',( #2607 ) ) ;
#8645 = STYLED_ITEM ( 'NONE', ( #9108 ), #2741 ) ;
#8646 = ORIENTED_EDGE ( 'NONE', *, *, #8369, .T. ) ;
#8647 = EDGE_CURVE ( 'NONE', #10044, #8360, #615, .T. ) ;
#8648 = SURFACE_STYLE_FILL_AREA ( #10234 ) ;
#8649 = EDGE_LOOP ( 'NONE', ( #4118, #7381, #3326, #5787 ) ) ;
#8650 = STYLED_ITEM ( 'NONE', ( #1108 ), #7798 ) ;
#8651 = CARTESIAN_POINT ( 'NONE',  ( -3.400000000000024336, 1.749999999999999778, 0.9499999999999861888 ) ) ;
#8652 = CARTESIAN_POINT ( 'NONE',  ( -2.339999999999999858, 3.548929149633788249, 0.000000000000000000 ) ) ;
#8653 = LINE ( 'NONE', #9532, #5286 ) ;
#8654 = UNCERTAINTY_MEASURE_WITH_UNIT (LENGTH_MEASURE( 1.000000000000000082E-05 ), #7739, 'distance_accuracy_value', 'NONE');
#8655 = VECTOR ( 'NONE', #8533, 1000.000000000000000 ) ;
#8656 = LINE ( 'NONE', #8593, #1537 ) ;
#8657 = EDGE_CURVE ( 'NONE', #7675, #3512, #9888, .T. ) ;
#8658 = SURFACE_SIDE_STYLE ('',( #2668 ) ) ;
#8659 = LINE ( 'NONE', #6772, #5438 ) ;
#8660 = ORIENTED_EDGE ( 'NONE', *, *, #211, .F. ) ;
#8661 = ADVANCED_FACE ( 'NONE', ( #9213 ), #3929, .T. ) ;
#8662 = SURFACE_STYLE_FILL_AREA ( #3649 ) ;
#8663 = ORIENTED_EDGE ( 'NONE', *, *, #6674, .F. ) ;
#8664 = FILL_AREA_STYLE ('',( #8717 ) ) ;
#8665 = LINE ( 'NONE', #9369, #9455 ) ;
#8666 = STYLED_ITEM ( 'NONE', ( #8406 ), #8386 ) ;
#8667 = PLANE ( 'NONE',  #1756 ) ;
#8668 = ORIENTED_EDGE ( 'NONE', *, *, #5668, .F. ) ;
#8669 = CARTESIAN_POINT ( 'NONE',  ( 3.525881904447569770, 1.749999999999999778, 0.1283451969090864953 ) ) ;
#8670 = VERTEX_POINT ( 'NONE', #8186 ) ;
#8671 = SURFACE_STYLE_FILL_AREA ( #2634 ) ;
#8672 =( GEOMETRIC_REPRESENTATION_CONTEXT ( 3 ) GLOBAL_UNCERTAINTY_ASSIGNED_CONTEXT ( ( #3520 ) ) GLOBAL_UNIT_ASSIGNED_CONTEXT ( ( #2686, #7577, #6046 ) ) REPRESENTATION_CONTEXT ( 'NONE', 'WORKASPACE' ) );
#8673 = ORIENTED_EDGE ( 'NONE', *, *, #80, .T. ) ;
#8674 = EDGE_CURVE ( 'NONE', #8408, #5037, #3134, .T. ) ;
#8675 = LINE ( 'NONE', #8613, #7113 ) ;
#8676 = FILL_AREA_STYLE ('',( #934 ) ) ;
#8677 = SURFACE_STYLE_USAGE ( .BOTH. , #1045 ) ;
#8678 = SURFACE_STYLE_USAGE ( .BOTH. , #1217 ) ;
#8679 = SURFACE_SIDE_STYLE ('',( #1713 ) ) ;
#8680 = VERTEX_POINT ( 'NONE', #10868 ) ;
#8681 = PLANE ( 'NONE',  #1921 ) ;
#8682 = VERTEX_POINT ( 'NONE', #4849 ) ;
#8683 = DIRECTION ( 'NONE',  ( -1.927470528863123683E-15, 0.000000000000000000, -1.000000000000000000 ) ) ;
#8684 =( NAMED_UNIT ( * ) SI_UNIT ( $, .STERADIAN. ) SOLID_ANGLE_UNIT ( ) );
#8685 = DIRECTION ( 'NONE',  ( 1.000000000000000000, -6.570922257487672349E-16, 0.000000000000000000 ) ) ;
#8686 = COLOUR_RGB ( '',1.000000000000000000, 1.000000000000000000, 1.000000000000000000 ) ;
#8687 = VERTEX_POINT ( 'NONE', #3283 ) ;
#8688 = VERTEX_POINT ( 'NONE', #2321 ) ;
#8689 = DIRECTION ( 'NONE',  ( -1.000000000000000000, 0.000000000000000000, -0.000000000000000000 ) ) ;
#8690 = DIRECTION ( 'NONE',  ( -0.000000000000000000, 0.000000000000000000, 1.000000000000000000 ) ) ;
#8691 = DIRECTION ( 'NONE',  ( 0.000000000000000000, 0.7071067811865469066, -0.7071067811865482389 ) ) ;
#8692 = EDGE_CURVE ( 'NONE', #155, #2411, #4091, .T. ) ;
#8693 = ORIENTED_EDGE ( 'NONE', *, *, #2630, .F. ) ;
#8695 = SURFACE_SIDE_STYLE ('',( #5321 ) ) ;
#8694 =( LENGTH_UNIT ( ) NAMED_UNIT ( * ) SI_UNIT ( .MILLI., .METRE. ) );
#8696 = MECHANICAL_DESIGN_GEOMETRIC_PRESENTATION_REPRESENTATION (  '', ( #6208 ), #65 ) ;
#8697 =( NAMED_UNIT ( * ) PLANE_ANGLE_UNIT ( ) SI_UNIT ( $, .RADIAN. ) );
#8698 = SURFACE_STYLE_USAGE ( .BOTH. , #7198 ) ;
#8699 = PRESENTATION_STYLE_ASSIGNMENT (( #8583 ) ) ;
#8700 = EDGE_LOOP ( 'NONE', ( #7111, #8403, #7033, #10197 ) ) ;
#8701 = LINE ( 'NONE', #6073, #3848 ) ;
#8702 = ORIENTED_EDGE ( 'NONE', *, *, #3481, .F. ) ;
#8703 = AXIS2_PLACEMENT_3D ( 'NONE', #58, #9035, #5678 ) ;
#8704 = DIRECTION ( 'NONE',  ( -0.000000000000000000, -0.000000000000000000, -1.000000000000000000 ) ) ;
#8705 = CARTESIAN_POINT ( 'NONE',  ( 0.1599999999999999756, 0.4500000000000000111, 1.850000000000004530 ) ) ;
#8706 = EDGE_CURVE ( 'NONE', #1813, #1357, #9832, .T. ) ;
#8707 = EDGE_CURVE ( 'NONE', #4504, #207, #9994, .T. ) ;
#8708 =( NAMED_UNIT ( * ) SI_UNIT ( $, .STERADIAN. ) SOLID_ANGLE_UNIT ( ) );
#8709 = LINE ( 'NONE', #2987, #8051 ) ;
#8710 = VECTOR ( 'NONE', #8870, 1000.000000000000000 ) ;
#8711 = CARTESIAN_POINT ( 'NONE',  ( -1.090000000000000080, 0.2999999999999999334, 1.449999999999997735 ) ) ;
#8712 = SURFACE_STYLE_FILL_AREA ( #2621 ) ;
#8713 = DIRECTION ( 'NONE',  ( -0.000000000000000000, -0.000000000000000000, 1.000000000000000000 ) ) ;
#8714 = VERTEX_POINT ( 'NONE', #7301 ) ;
#8715 =( NAMED_UNIT ( * ) PLANE_ANGLE_UNIT ( ) SI_UNIT ( $, .RADIAN. ) );
#8716 = EDGE_LOOP ( 'NONE', ( #547, #10427, #2572, #10071 ) ) ;
#8717 = FILL_AREA_STYLE_COLOUR ( '', #6225 ) ;
#8718 = FILL_AREA_STYLE_COLOUR ( '', #7349 ) ;
#8719 = FILL_AREA_STYLE ('',( #2673 ) ) ;
#8720 = LINE ( 'NONE', #4547, #5274 ) ;
#8721 = ORIENTED_EDGE ( 'NONE', *, *, #9592, .T. ) ;
#8722 = ADVANCED_FACE ( 'NONE', ( #9006 ), #10813, .F. ) ;
#8723 = CARTESIAN_POINT ( 'NONE',  ( -1.724999999999999645, 3.249999999999996891, -1.850000000000000533 ) ) ;
#8724 = EDGE_LOOP ( 'NONE', ( #2747, #6812, #850, #4772 ) ) ;
#8726 = EDGE_CURVE ( 'NONE', #4577, #1539, #2479, .T. ) ;
#8725 = STYLED_ITEM ( 'NONE', ( #8914 ), #3585 ) ;
#8727 = CARTESIAN_POINT ( 'NONE',  ( -3.050000000000019806, 1.749999999999999778, 1.549999999999989386 ) ) ;
#8728 = ORIENTED_EDGE ( 'NONE', *, *, #3855, .F. ) ;
#8729 =( NAMED_UNIT ( * ) SI_UNIT ( $, .STERADIAN. ) SOLID_ANGLE_UNIT ( ) );
#8731 = DIRECTION ( 'NONE',  ( -1.000000000000000000, 0.000000000000000000, 0.000000000000000000 ) ) ;
#8730 =( GEOMETRIC_REPRESENTATION_CONTEXT ( 3 ) GLOBAL_UNCERTAINTY_ASSIGNED_CONTEXT ( ( #3307 ) ) GLOBAL_UNIT_ASSIGNED_CONTEXT ( ( #6700, #7704, #1790 ) ) REPRESENTATION_CONTEXT ( 'NONE', 'WORKASPACE' ) );
#8732 = DIRECTION ( 'NONE',  ( -1.000000000000000000, -3.469446951953620598E-16, -0.000000000000000000 ) ) ;
#8733 =( NAMED_UNIT ( * ) PLANE_ANGLE_UNIT ( ) SI_UNIT ( $, .RADIAN. ) );
#8734 = ORIENTED_EDGE ( 'NONE', *, *, #8793, .F. ) ;
#8735 = CARTESIAN_POINT ( 'NONE',  ( -4.300000000000001599, 2.600000000000000533, -1.550000000000000488 ) ) ;
#8736 = ORIENTED_EDGE ( 'NONE', *, *, #10694, .T. ) ;
#8737 = EDGE_CURVE ( 'NONE', #266, #8161, #1601, .T. ) ;
#8738 = DIRECTION ( 'NONE',  ( -0.000000000000000000, -0.000000000000000000, -1.000000000000000000 ) ) ;
#8739 = MECHANICAL_DESIGN_GEOMETRIC_PRESENTATION_REPRESENTATION (  '', ( #8207 ), #5725 ) ;
#8740 = LINE ( 'NONE', #6232, #1378 ) ;
#8741 = ORIENTED_EDGE ( 'NONE', *, *, #10331, .T. ) ;
#8742 = DIRECTION ( 'NONE',  ( -1.000000000000000000, 0.000000000000000000, -0.000000000000000000 ) ) ;
#8743 = CARTESIAN_POINT ( 'NONE',  ( 1.325000000000004619, 3.249999999999997335, -1.850000000000000533 ) ) ;
#8744 = ORIENTED_EDGE ( 'NONE', *, *, #3792, .T. ) ;
#8745 = DIRECTION ( 'NONE',  ( 0.000000000000000000, -1.355252715606857123E-16, 1.000000000000000000 ) ) ;
#8746 =( NAMED_UNIT ( * ) SI_UNIT ( $, .STERADIAN. ) SOLID_ANGLE_UNIT ( ) );
#8747 = COLOUR_RGB ( '',1.000000000000000000, 1.000000000000000000, 1.000000000000000000 ) ;
#8748 = PLANE ( 'NONE',  #8070 ) ;
#8749 = VECTOR ( 'NONE', #7207, 1000.000000000000000 ) ;
#8750 = VERTEX_POINT ( 'NONE', #4968 ) ;
#8751 = UNCERTAINTY_MEASURE_WITH_UNIT (LENGTH_MEASURE( 1.000000000000000082E-05 ), #6802, 'distance_accuracy_value', 'NONE');
#8752 = CIRCLE ( 'NONE', #6962, 0.1999999999999996503 ) ;
#8754 = DIRECTION ( 'NONE',  ( 0.7071067811865479058, 0.000000000000000000, -0.7071067811865471286 ) ) ;
#8753 =( LENGTH_UNIT ( ) NAMED_UNIT ( * ) SI_UNIT ( .MILLI., .METRE. ) );
#8755 = LINE ( 'NONE', #7348, #988 ) ;
#8756 = AXIS2_PLACEMENT_3D ( 'NONE', #5108, #2712, #6080 ) ;
#8757 = EDGE_CURVE ( 'NONE', #5556, #7722, #1545, .T. ) ;
#8758 = CARTESIAN_POINT ( 'NONE',  ( 2.660000000000000142, 0.4499999999999999556, 2.250000000000004441 ) ) ;
#8759 = ORIENTED_EDGE ( 'NONE', *, *, #3459, .T. ) ;
#8760 = ORIENTED_EDGE ( 'NONE', *, *, #157, .F. ) ;
#8761 = CARTESIAN_POINT ( 'NONE',  ( 3.400000000000024336, 1.749999999999999778, -1.450000000000040590 ) ) ;
#8762 = LINE ( 'NONE', #6198, #4590 ) ;
#8763 = VECTOR ( 'NONE', #3572, 1000.000000000000000 ) ;
#8764 = STYLED_ITEM ( 'NONE', ( #4695 ), #629 ) ;
#8765 = FILL_AREA_STYLE ('',( #2022 ) ) ;
#8766 = LINE ( 'NONE', #1192, #1010 ) ;
#8767 = PRESENTATION_STYLE_ASSIGNMENT (( #492 ) ) ;
#8768 = VERTEX_POINT ( 'NONE', #9102 ) ;
#8769 = COLOUR_RGB ( '',1.000000000000000000, 1.000000000000000000, 1.000000000000000000 ) ;
#8770 = ORIENTED_EDGE ( 'NONE', *, *, #8991, .F. ) ;
#8771 = DIRECTION ( 'NONE',  ( 0.000000000000000000, -0.9848077530122087975, -0.1736481776669268895 ) ) ;
#8772 =( LENGTH_UNIT ( ) NAMED_UNIT ( * ) SI_UNIT ( .MILLI., .METRE. ) );
#8773 = CARTESIAN_POINT ( 'NONE',  ( -1.324999999999999512, 2.099999999999997424, -1.450000000000039924 ) ) ;
#8774 = VERTEX_POINT ( 'NONE', #9326 ) ;
#8775 = LINE ( 'NONE', #5455, #5273 ) ;
#8776 = VECTOR ( 'NONE', #1691, 1000.000000000000000 ) ;
#8777 = MECHANICAL_DESIGN_GEOMETRIC_PRESENTATION_REPRESENTATION (  '', ( #3103 ), #5925 ) ;
#8778 = EDGE_CURVE ( 'NONE', #1508, #5858, #5233, .T. ) ;
#8779 = FILL_AREA_STYLE ('',( #5398 ) ) ;
#8780 = VERTEX_POINT ( 'NONE', #4311 ) ;
#8781 = EDGE_CURVE ( 'NONE', #4266, #10103, #4257, .T. ) ;
#8782 = SURFACE_SIDE_STYLE ('',( #8881 ) ) ;
#8783 = EDGE_CURVE ( 'NONE', #6099, #705, #6102, .T. ) ;
#8784 = DIRECTION ( 'NONE',  ( -1.000000000000000000, 0.000000000000000000, -1.987703982890096458E-15 ) ) ;
#8785 = PLANE ( 'NONE',  #5575 ) ;
#8786 =( NAMED_UNIT ( * ) SI_UNIT ( $, .STERADIAN. ) SOLID_ANGLE_UNIT ( ) );
#8787 = ORIENTED_EDGE ( 'NONE', *, *, #2440, .F. ) ;
#8788 = ORIENTED_EDGE ( 'NONE', *, *, #3351, .T. ) ;
#8789 = CARTESIAN_POINT ( 'NONE',  ( 5.199999999999999289, 2.599999999999999645, -1.850000000000000533 ) ) ;
#8790 = COLOUR_RGB ( '',1.000000000000000000, 0.8117647058823529438, 0.5019607843137254832 ) ;
#8791 = LINE ( 'NONE', #466, #5068 ) ;
#8792 = MECHANICAL_DESIGN_GEOMETRIC_PRESENTATION_REPRESENTATION (  '', ( #8092 ), #3295 ) ;
#8793 = EDGE_CURVE ( 'NONE', #10581, #640, #74, .T. ) ;
#8794 = ORIENTED_EDGE ( 'NONE', *, *, #2901, .T. ) ;
#8795 = CARTESIAN_POINT ( 'NONE',  ( 7.715905460855230546E-15, 2.600000000000000977, 0.6500000000000134559 ) ) ;
#8796 = ORIENTED_EDGE ( 'NONE', *, *, #9390, .T. ) ;
#8797 = LINE ( 'NONE', #1236, #1329 ) ;
#8798 = VECTOR ( 'NONE', #1352, 1000.000000000000000 ) ;
#8799 = CARTESIAN_POINT ( 'NONE',  ( 4.669999999999994600, 1.649999999999999023, -1.849999999999996314 ) ) ;
#8800 = ORIENTED_EDGE ( 'NONE', *, *, #5670, .F. ) ;
#8801 = AXIS2_PLACEMENT_3D ( 'NONE', #10688, #8228, #7405 ) ;
#8802 = VECTOR ( 'NONE', #6394, 1000.000000000000000 ) ;
#8803 = DIRECTION ( 'NONE',  ( 0.000000000000000000, -0.7071067811865482389, -0.7071067811865469066 ) ) ;
#8804 = AXIS2_PLACEMENT_3D ( 'NONE', #4065, #5042, #10020 ) ;
#8805 = AXIS2_PLACEMENT_3D ( 'NONE', #974, #8547, #1143 ) ;
#8806 = MECHANICAL_DESIGN_GEOMETRIC_PRESENTATION_REPRESENTATION (  '', ( #9318 ), #3997 ) ;
#8807 = CARTESIAN_POINT ( 'NONE',  ( 4.300000000000006928, 2.600000000000000533, 0.6500000000000015765 ) ) ;
#8808 = ORIENTED_EDGE ( 'NONE', *, *, #5591, .T. ) ;
#8809 = MECHANICAL_DESIGN_GEOMETRIC_PRESENTATION_REPRESENTATION (  '', ( #2616 ), #4001 ) ;
#8810 = VECTOR ( 'NONE', #2243, 1000.000000000000000 ) ;
#8811 = DIRECTION ( 'NONE',  ( 0.000000000000000000, 1.000000000000000000, 0.000000000000000000 ) ) ;
#8812 = EDGE_LOOP ( 'NONE', ( #2534, #9017, #5409, #5145 ) ) ;
#8814 = FACE_OUTER_BOUND ( 'NONE', #1655, .T. ) ;
#8813 = MECHANICAL_DESIGN_GEOMETRIC_PRESENTATION_REPRESENTATION (  '', ( #8106 ), #706 ) ;
#8815 = PRODUCT_DEFINITION_FORMATION_WITH_SPECIFIED_SOURCE ( 'ANY', '', #7720, .NOT_KNOWN. ) ;
#8816 = CARTESIAN_POINT ( 'NONE',  ( 5.500000000000001776, 2.599999999999999201, -1.850000000000000533 ) ) ;
#8817 = STYLED_ITEM ( 'NONE', ( #224 ), #2561 ) ;
#8818 = DIRECTION ( 'NONE',  ( 0.000000000000000000, -1.000000000000000000, 0.000000000000000000 ) ) ;
#8819 =( NAMED_UNIT ( * ) PLANE_ANGLE_UNIT ( ) SI_UNIT ( $, .RADIAN. ) );
#8820 = CARTESIAN_POINT ( 'NONE',  ( 4.219999999999995310, 1.199999999999999067, -1.749999999999994005 ) ) ;
#8821 = VERTEX_POINT ( 'NONE', #25 ) ;
#8822 = PRESENTATION_STYLE_ASSIGNMENT (( #1470 ) ) ;
#8823 = ORIENTED_EDGE ( 'NONE', *, *, #1275, .F. ) ;
#8824 = LINE ( 'NONE', #7107, #8180 ) ;
#8825 = FILL_AREA_STYLE ('',( #1419 ) ) ;
#8826 =( LENGTH_UNIT ( ) NAMED_UNIT ( * ) SI_UNIT ( .MILLI., .METRE. ) );
#8827 = VERTEX_POINT ( 'NONE', #5888 ) ;
#8828 = DIRECTION ( 'NONE',  ( 0.7071067811865485719, 0.7071067811865465735, -3.577684638927884329E-16 ) ) ;
#8829 = ADVANCED_FACE ( 'NONE', ( #1873 ), #8557, .T. ) ;
#8830 = CARTESIAN_POINT ( 'NONE',  ( -4.669999999999994600, 1.200000000000000178, 0.3500000000000037526 ) ) ;
#8831 = LINE ( 'NONE', #2947, #7897 ) ;
#8832 = ORIENTED_EDGE ( 'NONE', *, *, #755, .T. ) ;
#8833 = COLOUR_RGB ( '',1.000000000000000000, 1.000000000000000000, 1.000000000000000000 ) ;
#8834 = DIRECTION ( 'NONE',  ( 0.000000000000000000, 0.000000000000000000, 1.000000000000000000 ) ) ;
#8835 = PLANE ( 'NONE',  #7264 ) ;
#8836 = DIRECTION ( 'NONE',  ( -0.7071067811865485719, 0.7071067811865465735, 1.788842319463939502E-15 ) ) ;
#8837 = DIRECTION ( 'NONE',  ( 1.000000000000000000, -0.000000000000000000, 0.000000000000000000 ) ) ;
#8838 = VERTEX_POINT ( 'NONE', #4202 ) ;
#8839 = ORIENTED_EDGE ( 'NONE', *, *, #6938, .T. ) ;
#8840 = EDGE_CURVE ( 'NONE', #2979, #4630, #7630, .T. ) ;
#8841 = DIRECTION ( 'NONE',  ( -0.000000000000000000, 1.000000000000000000, -0.000000000000000000 ) ) ;
#8842 = VECTOR ( 'NONE', #2422, 1000.000000000000000 ) ;
#8843 = CARTESIAN_POINT ( 'NONE',  ( 3.499999999950209606, 1.749999999999999778, -0.7249377794898664851 ) ) ;
#8844 = LINE ( 'NONE', #8947, #684 ) ;
#8845 = VERTEX_POINT ( 'NONE', #1769 ) ;
#8846 = CARTESIAN_POINT ( 'NONE',  ( -5.000000000000006217, 1.650000000000000355, -1.849999999999996314 ) ) ;
#8847 = COLOUR_RGB ( '',1.000000000000000000, 0.8117647058823529438, 0.5019607843137254832 ) ;
#8848 = DIRECTION ( 'NONE',  ( -0.000000000000000000, -0.000000000000000000, -1.000000000000000000 ) ) ;
#8849 = CARTESIAN_POINT ( 'NONE',  ( 3.050000000000020695, 1.749999999999999778, 1.549999999999988720 ) ) ;
#8850 = ORIENTED_EDGE ( 'NONE', *, *, #2743, .T. ) ;
#8851 = EDGE_CURVE ( 'NONE', #1989, #640, #5172, .T. ) ;
#8852 = CARTESIAN_POINT ( 'NONE',  ( 4.000000000000000888, 2.100000000000002309, 0.6500000000000025757 ) ) ;
#8853 = EDGE_CURVE ( 'NONE', #8670, #7686, #1710, .T. ) ;
#8854 = COLOUR_RGB ( '',1.000000000000000000, 1.000000000000000000, 1.000000000000000000 ) ;
#8855 = FILL_AREA_STYLE ('',( #2118 ) ) ;
#8856 = ADVANCED_FACE ( 'NONE', ( #3342 ), #3551, .F. ) ;
#8857 = CARTESIAN_POINT ( 'NONE',  ( -1.090000000000000080, 0.000000000000000000, 0.000000000000000000 ) ) ;
#8858 = ORIENTED_EDGE ( 'NONE', *, *, #4080, .F. ) ;
#8859 = SURFACE_SIDE_STYLE ('',( #4526 ) ) ;
#8860 = EDGE_LOOP ( 'NONE', ( #4731, #4147, #7324, #10899 ) ) ;
#8861 = CARTESIAN_POINT ( 'NONE',  ( 3.499999999950210494, 1.749999999999999778, 0.2249377794898757554 ) ) ;
#8862 = ADVANCED_FACE ( 'NONE', ( #3391 ), #2735, .F. ) ;
#8863 = DIRECTION ( 'NONE',  ( -0.000000000000000000, 1.000000000000000000, -0.000000000000000000 ) ) ;
#8864 = UNCERTAINTY_MEASURE_WITH_UNIT (LENGTH_MEASURE( 1.000000000000000082E-05 ), #7190, 'distance_accuracy_value', 'NONE');
#8865 = FILL_AREA_STYLE ('',( #1855 ) ) ;
#8866 = FILL_AREA_STYLE ('',( #1258 ) ) ;
#8867 = ORIENTED_EDGE ( 'NONE', *, *, #1436, .T. ) ;
#8868 = LINE ( 'NONE', #1356, #4571 ) ;
#8869 = ORIENTED_EDGE ( 'NONE', *, *, #8726, .T. ) ;
#8870 = DIRECTION ( 'NONE',  ( 0.000000000000000000, 0.7071067811865391350, -0.7071067811865560104 ) ) ;
#8871 = SURFACE_SIDE_STYLE ('',( #3104 ) ) ;
#8872 = DIRECTION ( 'NONE',  ( -0.000000000000000000, 1.000000000000000000, -0.000000000000000000 ) ) ;
#8873 = ORIENTED_EDGE ( 'NONE', *, *, #7201, .T. ) ;
#8874 = CARTESIAN_POINT ( 'NONE',  ( -4.000000000000001776, 0.2999999999999999889, -0.9500000000000009548 ) ) ;
#8875 = VECTOR ( 'NONE', #5388, 1000.000000000000000 ) ;
#8876 = CARTESIAN_POINT ( 'NONE',  ( -1.409999999999999920, 1.749999999999999778, -1.125000000000033973 ) ) ;
#8877 = DIRECTION ( 'NONE',  ( -1.000000000000000000, -0.000000000000000000, -0.000000000000000000 ) ) ;
#8878 = ORIENTED_EDGE ( 'NONE', *, *, #10657, .T. ) ;
#8879 =( LENGTH_UNIT ( ) NAMED_UNIT ( * ) SI_UNIT ( .MILLI., .METRE. ) );
#8880 = EDGE_CURVE ( 'NONE', #3630, #876, #3606, .T. ) ;
#8881 = SURFACE_STYLE_FILL_AREA ( #6339 ) ;
#8882 = DIRECTION ( 'NONE',  ( 0.000000000000000000, -1.000000000000000000, 0.000000000000000000 ) ) ;
#8883 = FILL_AREA_STYLE_COLOUR ( '', #6892 ) ;
#8884 = CARTESIAN_POINT ( 'NONE',  ( -2.660000000000000142, 0.1000000000000000056, 2.350000000000004530 ) ) ;
#8885 = LINE ( 'NONE', #10684, #3462 ) ;
#8886 = CARTESIAN_POINT ( 'NONE',  ( 2.339999999999999858, 0.3499999999999999223, 2.350000000000004530 ) ) ;
#8887 = VERTEX_POINT ( 'NONE', #3765 ) ;
#8888 = VERTEX_POINT ( 'NONE', #5566 ) ;
#8889 = CARTESIAN_POINT ( 'NONE',  ( 2.660000000000000142, 0.2999999999999999334, 1.449999999999997735 ) ) ;
#8890 = CARTESIAN_POINT ( 'NONE',  ( -0.06000000000000015737, 4.000000000000000000, -0.9250000000000404565 ) ) ;
#8891 = AXIS2_PLACEMENT_3D ( 'NONE', #1241, #5645, #622 ) ;
#8892 = ADVANCED_FACE ( 'NONE', ( #7061 ), #8835, .F. ) ;
#8893 = ORIENTED_EDGE ( 'NONE', *, *, #1831, .T. ) ;
#8894 = CARTESIAN_POINT ( 'NONE',  ( -3.499999999950209606, 4.499999999950186513, -0.6249377795396807711 ) ) ;
#8895 = DIRECTION ( 'NONE',  ( 0.000000000000000000, 0.000000000000000000, 1.000000000000000000 ) ) ;
#8896 = CARTESIAN_POINT ( 'NONE',  ( -3.500000000000001776, 0.000000000000000000, -0.9500000000000009548 ) ) ;
#8897 = CARTESIAN_POINT ( 'NONE',  ( -1.090000000000000080, 0.1000000000000000056, 2.350000000000004530 ) ) ;
#8898 = FILL_AREA_STYLE_COLOUR ( '', #6304 ) ;
#8899 = CARTESIAN_POINT ( 'NONE',  ( 4.000000000000002665, 0.000000000000000000, -1.850000000000000533 ) ) ;
#8900 = ORIENTED_EDGE ( 'NONE', *, *, #311, .F. ) ;
#8901 = VECTOR ( 'NONE', #3558, 1000.000000000000000 ) ;
#8902 = PRESENTATION_STYLE_ASSIGNMENT (( #9895 ) ) ;
#8903 = ADVANCED_FACE ( 'NONE', ( #2151 ), #7119, .F. ) ;
#8904 = VERTEX_POINT ( 'NONE', #1590 ) ;
#8905 =( GEOMETRIC_REPRESENTATION_CONTEXT ( 3 ) GLOBAL_UNCERTAINTY_ASSIGNED_CONTEXT ( ( #4060 ) ) GLOBAL_UNIT_ASSIGNED_CONTEXT ( ( #2039, #4714, #8117 ) ) REPRESENTATION_CONTEXT ( 'NONE', 'WORKASPACE' ) );
#8906 = PLANE ( 'NONE',  #7602 ) ;
#8907 = EDGE_CURVE ( 'NONE', #7722, #5853, #10603, .T. ) ;
#8908 = STYLED_ITEM ( 'NONE', ( #8237 ), #10320 ) ;
#8909 = ORIENTED_EDGE ( 'NONE', *, *, #3544, .F. ) ;
#8910 = DIRECTION ( 'NONE',  ( 1.000000000000000000, 0.000000000000000000, 0.000000000000000000 ) ) ;
#8911 = SURFACE_STYLE_USAGE ( .BOTH. , #5435 ) ;
#8912 = EDGE_CURVE ( 'NONE', #4741, #5515, #603, .T. ) ;
#8913 = FACE_OUTER_BOUND ( 'NONE', #8716, .T. ) ;
#8914 = PRESENTATION_STYLE_ASSIGNMENT (( #6146 ) ) ;
#8915 = PRESENTATION_LAYER_ASSIGNMENT (  '', '', ( #10842 ) ) ;
#8916 = DIRECTION ( 'NONE',  ( 0.000000000000000000, -0.9848077530122087975, -0.1736481776669268895 ) ) ;
#8917 = LINE ( 'NONE', #2069, #2237 ) ;
#8918 = PRESENTATION_STYLE_ASSIGNMENT (( #4702 ) ) ;
#8919 = ORIENTED_EDGE ( 'NONE', *, *, #5837, .T. ) ;
#8920 = SURFACE_SIDE_STYLE ('',( #3100 ) ) ;
#8921 = EDGE_CURVE ( 'NONE', #9121, #291, #1370, .T. ) ;
#8922 = VERTEX_POINT ( 'NONE', #6443 ) ;
#8923 = LINE ( 'NONE', #6322, #5517 ) ;
#8924 = EDGE_CURVE ( 'NONE', #8827, #201, #4898, .T. ) ;
#8925 = LINE ( 'NONE', #404, #7224 ) ;
#8926 = ORIENTED_EDGE ( 'NONE', *, *, #10125, .T. ) ;
#8927 = VECTOR ( 'NONE', #4259, 1000.000000000000000 ) ;
#8928 = EDGE_CURVE ( 'NONE', #10425, #1813, #2614, .T. ) ;
#8929 = PLANE ( 'NONE',  #9610 ) ;
#8930 =( LENGTH_UNIT ( ) NAMED_UNIT ( * ) SI_UNIT ( .MILLI., .METRE. ) );
#8931 = AXIS2_PLACEMENT_3D ( 'NONE', #7114, #2082, #2144 ) ;
#8932 = SURFACE_STYLE_FILL_AREA ( #4824 ) ;
#8933 = ORIENTED_EDGE ( 'NONE', *, *, #2316, .T. ) ;
#8934 = CARTESIAN_POINT ( 'NONE',  ( -1.725000000000000533, 4.699999999999996625, -1.850000000000000533 ) ) ;
#8935 = CARTESIAN_POINT ( 'NONE',  ( 4.669999999999994600, 0.4499999999999999001, 0.3500000000000037526 ) ) ;
#8936 = LINE ( 'NONE', #5107, #10173 ) ;
#8937 = DIRECTION ( 'NONE',  ( 0.000000000000000000, 0.000000000000000000, 1.000000000000000000 ) ) ;
#8938 = CARTESIAN_POINT ( 'NONE',  ( 2.425000000000005151, 3.249999999999996891, -1.450000000000040590 ) ) ;
#8939 = DIRECTION ( 'NONE',  ( -0.000000000000000000, 1.000000000000000000, -0.000000000000000000 ) ) ;
#8940 = FILL_AREA_STYLE ('',( #4494 ) ) ;
#8941 = ORIENTED_EDGE ( 'NONE', *, *, #9622, .T. ) ;
#8942 = VECTOR ( 'NONE', #8368, 1000.000000000000000 ) ;
#8943 = ORIENTED_EDGE ( 'NONE', *, *, #7892, .F. ) ;
#8944 = AXIS2_PLACEMENT_3D ( 'NONE', #2530, #5127, #1044 ) ;
#8945 = CARTESIAN_POINT ( 'NONE',  ( 3.400000000000024336, 4.700000000000000178, -1.750000000000040634 ) ) ;
#8946 = SURFACE_STYLE_FILL_AREA ( #2103 ) ;
#8947 = CARTESIAN_POINT ( 'NONE',  ( -0.1599999999999999756, 0.000000000000000000, 0.000000000000000000 ) ) ;
#8948 = VECTOR ( 'NONE', #2292, 1000.000000000000000 ) ;
#8949 = ORIENTED_EDGE ( 'NONE', *, *, #4051, .T. ) ;
#8950 = DIRECTION ( 'NONE',  ( 0.000000000000000000, 0.000000000000000000, 1.000000000000000000 ) ) ;
#8951 = VECTOR ( 'NONE', #7060, 1000.000000000000000 ) ;
#8952 = PLANE ( 'NONE',  #6000 ) ;
#8953 = CARTESIAN_POINT ( 'NONE',  ( 1.409999999999999698, 1.083335593717822357E-31, 2.250000000000004441 ) ) ;
#8954 =( NAMED_UNIT ( * ) PLANE_ANGLE_UNIT ( ) SI_UNIT ( $, .RADIAN. ) );
#8955 = LINE ( 'NONE', #6293, #5615 ) ;
#8956 = CARTESIAN_POINT ( 'NONE',  ( -1.409999999999999920, 0.2999999999999999334, 1.449999999999997735 ) ) ;
#8957 = VERTEX_POINT ( 'NONE', #9977 ) ;
#8958 = PLANE ( 'NONE',  #10123 ) ;
#8959 = ADVANCED_FACE ( 'NONE', ( #3220 ), #4726, .T. ) ;
#8960 = AXIS2_PLACEMENT_3D ( 'NONE', #9345, #2599, #5316 ) ;
#8961 = LINE ( 'NONE', #1399, #4141 ) ;
#8962 = ORIENTED_EDGE ( 'NONE', *, *, #4636, .T. ) ;
#8963 = AXIS2_PLACEMENT_3D ( 'NONE', #3117, #4833, #4667 ) ;
#8964 =( NAMED_UNIT ( * ) PLANE_ANGLE_UNIT ( ) SI_UNIT ( $, .RADIAN. ) );
#8965 = ORIENTED_EDGE ( 'NONE', *, *, #8114, .T. ) ;
#8967 = DIRECTION ( 'NONE',  ( 1.000000000000000000, 2.804752346195004299E-31, 0.000000000000000000 ) ) ;
#8966 = PRESENTATION_LAYER_ASSIGNMENT (  '', '', ( #862 ) ) ;
#8968 = AXIS2_PLACEMENT_3D ( 'NONE', #8147, #9618, #7256 ) ;
#8969 = STYLED_ITEM ( 'NONE', ( #9476 ), #10799 ) ;
#8970 = EDGE_CURVE ( 'NONE', #2718, #775, #3914, .T. ) ;
#8971 = VECTOR ( 'NONE', #417, 1000.000000000000000 ) ;
#8972 = FILL_AREA_STYLE_COLOUR ( '', #9468 ) ;
#8973 = ADVANCED_FACE ( 'NONE', ( #8171 ), #6656, .T. ) ;
#8974 = CARTESIAN_POINT ( 'NONE',  ( -3.400000000000024336, 4.400000000000002132, 0.9499999999999861888 ) ) ;
#8975 = ORIENTED_EDGE ( 'NONE', *, *, #7090, .F. ) ;
#8976 = ORIENTED_EDGE ( 'NONE', *, *, #5540, .F. ) ;
#8977 =( GEOMETRIC_REPRESENTATION_CONTEXT ( 3 ) GLOBAL_UNCERTAINTY_ASSIGNED_CONTEXT ( ( #44 ) ) GLOBAL_UNIT_ASSIGNED_CONTEXT ( ( #10659, #4101, #10822 ) ) REPRESENTATION_CONTEXT ( 'NONE', 'WORKASPACE' ) );
#8979 = CARTESIAN_POINT ( 'NONE',  ( 4.669999999999994600, 1.649999999999999023, 0.3500000000000037526 ) ) ;
#8978 = AXIS2_PLACEMENT_3D ( 'NONE', #4349, #3637, #4411 ) ;
#8980 = VECTOR ( 'NONE', #10227, 1000.000000000000000 ) ;
#8981 = LINE ( 'NONE', #4707, #3 ) ;
#8982 = DIRECTION ( 'NONE',  ( 1.000000000000000000, 1.084202172485504631E-15, 0.000000000000000000 ) ) ;
#8983 = VECTOR ( 'NONE', #9968, 1000.000000000000000 ) ;
#8984 = MECHANICAL_DESIGN_GEOMETRIC_PRESENTATION_REPRESENTATION (  '', ( #7587 ), #1403 ) ;
#8985 = SURFACE_STYLE_FILL_AREA ( #5718 ) ;
#8986 = AXIS2_PLACEMENT_3D ( 'NONE', #3051, #7231, #8685 ) ;
#8987 = ADVANCED_FACE ( 'NONE', ( #276 ), #6917, .F. ) ;
#8988 = ORIENTED_EDGE ( 'NONE', *, *, #2180, .T. ) ;
#8989 = VECTOR ( 'NONE', #865, 1000.000000000000114 ) ;
#8990 = CARTESIAN_POINT ( 'NONE',  ( 2.660000000000000142, 0.000000000000000000, 0.000000000000000000 ) ) ;
#8991 = EDGE_CURVE ( 'NONE', #881, #10816, #8762, .T. ) ;
#8992 = SURFACE_STYLE_USAGE ( .BOTH. , #7963 ) ;
#8993 =( NAMED_UNIT ( * ) PLANE_ANGLE_UNIT ( ) SI_UNIT ( $, .RADIAN. ) );
#8994 = DIRECTION ( 'NONE',  ( 0.000000000000000000, -1.355252715606857123E-16, 1.000000000000000000 ) ) ;
#8995 = VECTOR ( 'NONE', #2559, 1000.000000000000000 ) ;
#8996 = ORIENTED_EDGE ( 'NONE', *, *, #171, .T. ) ;
#8997 = ORIENTED_EDGE ( 'NONE', *, *, #7521, .T. ) ;
#8998 = CARTESIAN_POINT ( 'NONE',  ( 5.500000000000000888, 0.2999999999999999889, -1.849999999999996980 ) ) ;
#8999 =( NAMED_UNIT ( * ) SI_UNIT ( $, .STERADIAN. ) SOLID_ANGLE_UNIT ( ) );
#9000 = EDGE_CURVE ( 'NONE', #5650, #9909, #7713, .T. ) ;
#9001 = LINE ( 'NONE', #8134, #877 ) ;
#9002 = STYLED_ITEM ( 'NONE', ( #7529 ), #8431 ) ;
#9003 = CARTESIAN_POINT ( 'NONE',  ( 0.1599999999999999756, 0.000000000000000000, -1.125000000000033973 ) ) ;
#9004 = EDGE_LOOP ( 'NONE', ( #7421, #3040, #6713, #3099, #10559, #8293 ) ) ;
#9005 = CARTESIAN_POINT ( 'NONE',  ( 1.409999999999999698, -1.125000000000002442, 1.125000000000004663 ) ) ;
#9006 = FACE_OUTER_BOUND ( 'NONE', #6762, .T. ) ;
#9007 = LINE ( 'NONE', #427, #8380 ) ;
#9008 = DIRECTION ( 'NONE',  ( 0.000000000000000000, 0.000000000000000000, -1.000000000000000000 ) ) ;
#9009 = VERTEX_POINT ( 'NONE', #2017 ) ;
#9010 =( LENGTH_UNIT ( ) NAMED_UNIT ( * ) SI_UNIT ( .MILLI., .METRE. ) );
#9011 = VECTOR ( 'NONE', #4913, 1000.000000000000000 ) ;
#9012 = ORIENTED_EDGE ( 'NONE', *, *, #2363, .F. ) ;
#9013 = CARTESIAN_POINT ( 'NONE',  ( -3.499999999950209606, 1.749999999999999778, -0.7249377794898655969 ) ) ;
#9014 = ORIENTED_EDGE ( 'NONE', *, *, #4863, .T. ) ;
#9015 = CARTESIAN_POINT ( 'NONE',  ( -4.569999999999998508, 1.158578643762689486, -1.849999999999995870 ) ) ;
#9016 = EDGE_CURVE ( 'NONE', #2272, #4647, #4289, .T. ) ;
#9017 = ORIENTED_EDGE ( 'NONE', *, *, #8132, .F. ) ;
#9018 = PRESENTATION_STYLE_ASSIGNMENT (( #1460 ) ) ;
#9019 = DIRECTION ( 'NONE',  ( 0.7071067811865521247, 0.000000000000000000, -0.7071067811865430208 ) ) ;
#9020 = FACE_OUTER_BOUND ( 'NONE', #7565, .T. ) ;
#9021 = FILL_AREA_STYLE ('',( #638 ) ) ;
#9022 = LINE ( 'NONE', #9908, #1741 ) ;
#9023 = ORIENTED_EDGE ( 'NONE', *, *, #2495, .T. ) ;
#9024 = ADVANCED_FACE ( 'NONE', ( #10449 ), #8588, .T. ) ;
#9025 = ORIENTED_EDGE ( 'NONE', *, *, #9863, .F. ) ;
#9026 = VECTOR ( 'NONE', #3451, 1000.000000000000000 ) ;
#9027 = CARTESIAN_POINT ( 'NONE',  ( -2.339999999999999858, 3.548929149633788249, -1.004535961130712751 ) ) ;
#9028 = EDGE_CURVE ( 'NONE', #7057, #8768, #392, .T. ) ;
#9029 = FACE_OUTER_BOUND ( 'NONE', #2597, .T. ) ;
#9030 = DIRECTION ( 'NONE',  ( 2.990902544787597113E-16, 1.000000000000000000, 0.000000000000000000 ) ) ;
#9031 = VECTOR ( 'NONE', #4967, 1000.000000000000000 ) ;
#9032 = LINE ( 'NONE', #2084, #10563 ) ;
#9033 = EDGE_LOOP ( 'NONE', ( #3188, #4946, #10025, #9072 ) ) ;
#9034 = DIRECTION ( 'NONE',  ( -0.000000000000000000, 1.000000000000000000, 0.000000000000000000 ) ) ;
#9035 = DIRECTION ( 'NONE',  ( 0.2588190451025218497, 0.000000000000000000, 0.9659258262890679791 ) ) ;
#9036 = DIRECTION ( 'NONE',  ( 1.885568995626964780E-16, -1.000000000000000000, 0.000000000000000000 ) ) ;
#9037 = ADVANCED_FACE ( 'NONE', ( #1073 ), #9530, .F. ) ;
#9038 = DIRECTION ( 'NONE',  ( -1.000000000000000000, 0.000000000000000000, 0.000000000000000000 ) ) ;
#9039 = FACE_OUTER_BOUND ( 'NONE', #4326, .T. ) ;
#9040 = ORIENTED_EDGE ( 'NONE', *, *, #9661, .T. ) ;
#9041 = EDGE_CURVE ( 'NONE', #10066, #3450, #5266, .T. ) ;
#9042 =( NAMED_UNIT ( * ) SI_UNIT ( $, .STERADIAN. ) SOLID_ANGLE_UNIT ( ) );
#9043 = ORIENTED_EDGE ( 'NONE', *, *, #157, .T. ) ;
#9044 = PLANE ( 'NONE',  #6972 ) ;
#9046 = CARTESIAN_POINT ( 'NONE',  ( -2.439999999999999947, 4.000000000000000000, -0.9250000000000404565 ) ) ;
#9045 =( GEOMETRIC_REPRESENTATION_CONTEXT ( 3 ) GLOBAL_UNCERTAINTY_ASSIGNED_CONTEXT ( ( #4878 ) ) GLOBAL_UNIT_ASSIGNED_CONTEXT ( ( #4364, #5115, #4477 ) ) REPRESENTATION_CONTEXT ( 'NONE', 'WORKASPACE' ) );
#9047 = DIRECTION ( 'NONE',  ( 0.000000000000000000, 4.814824860968090180E-32, 1.000000000000000000 ) ) ;
#9048 = VERTEX_POINT ( 'NONE', #8705 ) ;
#9049 = CARTESIAN_POINT ( 'NONE',  ( 4.000000000000002665, -1.029563014098700879, 0.9500000000000005107 ) ) ;
#9050 = CARTESIAN_POINT ( 'NONE',  ( -5.699999999999993960, 2.764715539838036307E-15, 0.3500000000000037526 ) ) ;
#9051 = FILL_AREA_STYLE ('',( #1494 ) ) ;
#9052 = ORIENTED_EDGE ( 'NONE', *, *, #4646, .T. ) ;
#9053 = EDGE_LOOP ( 'NONE', ( #2488, #2505, #10641, #1151 ) ) ;
#9054 = PRESENTATION_LAYER_ASSIGNMENT (  '', '', ( #8376 ) ) ;
#9055 = CARTESIAN_POINT ( 'NONE',  ( 1.189999999999999725, 4.000000000000000000, -0.5250000000000403233 ) ) ;
#9056 = DIRECTION ( 'NONE',  ( 0.000000000000000000, -1.000000000000000000, 0.000000000000000000 ) ) ;
#9057 = ORIENTED_EDGE ( 'NONE', *, *, #7636, .T. ) ;
#9058 = SURFACE_SIDE_STYLE ('',( #1615 ) ) ;
#9059 = EDGE_LOOP ( 'NONE', ( #7474, #8867, #6930, #2649 ) ) ;
#9060 = DIRECTION ( 'NONE',  ( 0.000000000000000000, 0.7071067811865482389, 0.7071067811865469066 ) ) ;
#9061 = FACE_OUTER_BOUND ( 'NONE', #3314, .T. ) ;
#9062 = VECTOR ( 'NONE', #2498, 1000.000000000000000 ) ;
#9063 = DIRECTION ( 'NONE',  ( 5.981291766781776942E-16, 0.000000000000000000, -1.000000000000000000 ) ) ;
#9064 = UNCERTAINTY_MEASURE_WITH_UNIT (LENGTH_MEASURE( 1.000000000000000082E-05 ), #5033, 'distance_accuracy_value', 'NONE');
#9065 = UNCERTAINTY_MEASURE_WITH_UNIT (LENGTH_MEASURE( 1.000000000000000082E-05 ), #1493, 'distance_accuracy_value', 'NONE');
#9066 = UNCERTAINTY_MEASURE_WITH_UNIT (LENGTH_MEASURE( 1.000000000000000082E-05 ), #8392, 'distance_accuracy_value', 'NONE');
#9067 = AXIS2_PLACEMENT_3D ( 'NONE', #6779, #1609, #4210 ) ;
#9068 = VECTOR ( 'NONE', #2216, 1000.000000000000000 ) ;
#9069 = FILL_AREA_STYLE ('',( #7542 ) ) ;
#9070 = ORIENTED_EDGE ( 'NONE', *, *, #3782, .F. ) ;
#9071 = LINE ( 'NONE', #9130, #2124 ) ;
#9072 = ORIENTED_EDGE ( 'NONE', *, *, #8170, .T. ) ;
#9073 =( LENGTH_UNIT ( ) NAMED_UNIT ( * ) SI_UNIT ( .MILLI., .METRE. ) );
#9074 = LINE ( 'NONE', #3904, #2626 ) ;
#9075 = STYLED_ITEM ( 'NONE', ( #4603 ), #4569 ) ;
#9076 = UNCERTAINTY_MEASURE_WITH_UNIT (LENGTH_MEASURE( 1.000000000000000082E-05 ), #1194, 'distance_accuracy_value', 'NONE');
#9077 = CARTESIAN_POINT ( 'NONE',  ( -5.000000000000006217, 1.400000000000000133, -1.849999999999996314 ) ) ;
#9078 = EDGE_CURVE ( 'NONE', #7802, #155, #7949, .T. ) ;
#9079 =( NAMED_UNIT ( * ) PLANE_ANGLE_UNIT ( ) SI_UNIT ( $, .RADIAN. ) );
#9080 = ADVANCED_FACE ( 'NONE', ( #7035 ), #331, .F. ) ;
#9081 = ORIENTED_EDGE ( 'NONE', *, *, #4899, .T. ) ;
#9082 = VECTOR ( 'NONE', #1476, 1000.000000000000000 ) ;
#9083 = FACE_OUTER_BOUND ( 'NONE', #185, .T. ) ;
#9084 = FACE_OUTER_BOUND ( 'NONE', #4711, .T. ) ;
#9085 = LINE ( 'NONE', #9460, #1189 ) ;
#9086 = DIRECTION ( 'NONE',  ( 1.000000000000000000, 0.000000000000000000, -0.000000000000000000 ) ) ;
#9087 = MECHANICAL_DESIGN_GEOMETRIC_PRESENTATION_REPRESENTATION (  '', ( #6623 ), #9263 ) ;
#9088 =( LENGTH_UNIT ( ) NAMED_UNIT ( * ) SI_UNIT ( .MILLI., .METRE. ) );
#9089 = CARTESIAN_POINT ( 'NONE',  ( 1.409999999999999698, 0.2787990747163040517, -1.581148123764847258 ) ) ;
#9090 =( NAMED_UNIT ( * ) SI_UNIT ( $, .STERADIAN. ) SOLID_ANGLE_UNIT ( ) );
#9091 = VERTEX_POINT ( 'NONE', #1304 ) ;
#9092 = SURFACE_SIDE_STYLE ('',( #6720 ) ) ;
#9093 = ORIENTED_EDGE ( 'NONE', *, *, #7373, .T. ) ;
#9094 = COLOUR_RGB ( '',1.000000000000000000, 0.8117647058823529438, 0.5019607843137254832 ) ;
#9095 = DIRECTION ( 'NONE',  ( 1.000000000000000000, 0.000000000000000000, -0.000000000000000000 ) ) ;
#9096 = ADVANCED_FACE ( 'NONE', ( #10561 ), #9684, .F. ) ;
#9097 = CARTESIAN_POINT ( 'NONE',  ( -3.500000000000001776, 0.000000000000000000, -1.850000000000000533 ) ) ;
#9098 = ADVANCED_FACE ( 'NONE', ( #585 ), #3738, .T. ) ;
#9099 = DIRECTION ( 'NONE',  ( -1.000000000000000000, 0.000000000000000000, 0.000000000000000000 ) ) ;
#9100 = EDGE_CURVE ( 'NONE', #3488, #3517, #2933, .T. ) ;
#9101 = PLANE ( 'NONE',  #5693 ) ;
#9102 = CARTESIAN_POINT ( 'NONE',  ( -2.660000000000000142, 8.425943506694179847E-32, 1.750000000000004663 ) ) ;
#9103 =( NAMED_UNIT ( * ) PLANE_ANGLE_UNIT ( ) SI_UNIT ( $, .RADIAN. ) );
#9104 = SURFACE_STYLE_USAGE ( .BOTH. , #4145 ) ;
#9105 = DIRECTION ( 'NONE',  ( -0.000000000000000000, -0.000000000000000000, 1.000000000000000000 ) ) ;
#9106 = ORIENTED_EDGE ( 'NONE', *, *, #10719, .F. ) ;
#9107 = COLOUR_RGB ( '',1.000000000000000000, 0.8117647058823529438, 0.5019607843137254832 ) ;
#9108 = PRESENTATION_STYLE_ASSIGNMENT (( #6621 ) ) ;
#9109 = ORIENTED_EDGE ( 'NONE', *, *, #1705, .F. ) ;
#9110 = PRESENTATION_LAYER_ASSIGNMENT (  '', '', ( #4694 ) ) ;
#9111 = EDGE_CURVE ( 'NONE', #3648, #8957, #3251, .T. ) ;
#9112 = LINE ( 'NONE', #1558, #3806 ) ;
#9113 = VECTOR ( 'NONE', #8556, 1000.000000000000000 ) ;
#9114 = EDGE_LOOP ( 'NONE', ( #8483, #10671, #4048, #7462 ) ) ;
#9115 =( NAMED_UNIT ( * ) SI_UNIT ( $, .STERADIAN. ) SOLID_ANGLE_UNIT ( ) );
#9116 = ADVANCED_FACE ( 'NONE', ( #1510 ), #4107, .T. ) ;
#9117 = ORIENTED_EDGE ( 'NONE', *, *, #7512, .T. ) ;
#9118 = DIRECTION ( 'NONE',  ( 0.000000000000000000, -1.000000000000000000, -1.355252715606857370E-16 ) ) ;
#9119 = VECTOR ( 'NONE', #4281, 1000.000000000000000 ) ;
#9120 = CARTESIAN_POINT ( 'NONE',  ( 2.425000000000004707, 2.099999999999996980, -1.450000000000040368 ) ) ;
#9121 = VERTEX_POINT ( 'NONE', #6633 ) ;
#9122 = AXIS2_PLACEMENT_3D ( 'NONE', #7014, #8634, #7759 ) ;
#9123 = DIRECTION ( 'NONE',  ( 1.000000000000000000, 0.000000000000000000, -0.000000000000000000 ) ) ;
#9124 = DIRECTION ( 'NONE',  ( 0.000000000000000000, -0.000000000000000000, 1.000000000000000000 ) ) ;
#9125 = COLOUR_RGB ( '',0.7921568627450980005, 0.8196078431372548767, 0.9333333333333333481 ) ;
#9126 =( NAMED_UNIT ( * ) SI_UNIT ( $, .STERADIAN. ) SOLID_ANGLE_UNIT ( ) );
#9127 = STYLED_ITEM ( 'NONE', ( #7086 ), #6090 ) ;
#9128 = VERTEX_POINT ( 'NONE', #10780 ) ;
#9129 = VECTOR ( 'NONE', #8079, 1000.000000000000000 ) ;
#9130 = CARTESIAN_POINT ( 'NONE',  ( 4.000000000000002665, 0.2999999999999999889, 0.9500000000000005107 ) ) ;
#9131 = EDGE_LOOP ( 'NONE', ( #2917, #2382, #7397, #6409 ) ) ;
#9133 = SURFACE_STYLE_FILL_AREA ( #4887 ) ;
#9132 = AXIS2_PLACEMENT_3D ( 'NONE', #8428, #2353, #1 ) ;
#9134 = VECTOR ( 'NONE', #9714, 1000.000000000000000 ) ;
#9135 = STYLED_ITEM ( 'NONE', ( #4730 ), #2874 ) ;
#9136 = COLOUR_RGB ( '',1.000000000000000000, 1.000000000000000000, 1.000000000000000000 ) ;
#9137 = PRESENTATION_STYLE_ASSIGNMENT (( #3968 ) ) ;
#9138 = FACE_OUTER_BOUND ( 'NONE', #1313, .T. ) ;
#9139 = LINE ( 'NONE', #715, #3983 ) ;
#9140 =( GEOMETRIC_REPRESENTATION_CONTEXT ( 3 ) GLOBAL_UNCERTAINTY_ASSIGNED_CONTEXT ( ( #3204 ) ) GLOBAL_UNIT_ASSIGNED_CONTEXT ( ( #4283, #217, #9290 ) ) REPRESENTATION_CONTEXT ( 'NONE', 'WORKASPACE' ) );
#9141 = ORIENTED_EDGE ( 'NONE', *, *, #4631, .T. ) ;
#9142 = COLOUR_RGB ( '',1.000000000000000000, 1.000000000000000000, 1.000000000000000000 ) ;
#9143 =( LENGTH_UNIT ( ) NAMED_UNIT ( * ) SI_UNIT ( .MILLI., .METRE. ) );
#9144 = LINE ( 'NONE', #10800, #2869 ) ;
#9145 = PRESENTATION_LAYER_ASSIGNMENT (  '', '', ( #6147 ) ) ;
#9146 = CARTESIAN_POINT ( 'NONE',  ( 0.000000000000000000, 4.700000000000000178, 0.000000000000000000 ) ) ;
#9147 = ADVANCED_FACE ( 'NONE', ( #10010 ), #39, .T. ) ;
#9148 = CARTESIAN_POINT ( 'NONE',  ( 3.525881904447568882, 4.525881904447545345, -0.6283451969090770861 ) ) ;
#9149 = PRESENTATION_STYLE_ASSIGNMENT (( #5006 ) ) ;
#9150 = FACE_OUTER_BOUND ( 'NONE', #7343, .T. ) ;
#9151 = ORIENTED_EDGE ( 'NONE', *, *, #2241, .T. ) ;
#9152 = FILL_AREA_STYLE ('',( #662 ) ) ;
#9153 = ORIENTED_EDGE ( 'NONE', *, *, #10583, .T. ) ;
#9154 = VECTOR ( 'NONE', #8321, 1000.000000000000000 ) ;
#9155 = CARTESIAN_POINT ( 'NONE',  ( 0.000000000000000000, 3.700000000000000178, 0.000000000000000000 ) ) ;
#9156 = FACE_OUTER_BOUND ( 'NONE', #10447, .T. ) ;
#9157 = MECHANICAL_DESIGN_GEOMETRIC_PRESENTATION_REPRESENTATION (  '', ( #3318 ), #9523 ) ;
#9158 =( NAMED_UNIT ( * ) PLANE_ANGLE_UNIT ( ) SI_UNIT ( $, .RADIAN. ) );
#9159 = CARTESIAN_POINT ( 'NONE',  ( -1.324999999999999734, 3.249999999999997335, -1.450000000000039924 ) ) ;
#9160 = DIRECTION ( 'NONE',  ( -1.000000000000000000, -0.000000000000000000, -0.000000000000000000 ) ) ;
#9161 = DIRECTION ( 'NONE',  ( -1.573684882946029325E-15, -1.000000000000000000, 0.000000000000000000 ) ) ;
#9162 = CARTESIAN_POINT ( 'NONE',  ( 4.000000000000002665, -1.029563014098700879, 0.9500000000000005107 ) ) ;
#9163 = FILL_AREA_STYLE_COLOUR ( '', #5949 ) ;
#9164 = CARTESIAN_POINT ( 'NONE',  ( 0.000000000000000000, 3.700000000000000178, 1.249999999999985345 ) ) ;
#9165 = VERTEX_POINT ( 'NONE', #3359 ) ;
#9166 = EDGE_CURVE ( 'NONE', #2140, #6699, #5812, .T. ) ;
#9167 = ORIENTED_EDGE ( 'NONE', *, *, #4485, .T. ) ;
#9168 = DIRECTION ( 'NONE',  ( -1.000000000000000000, 0.000000000000000000, 0.000000000000000000 ) ) ;
#9169 = AXIS2_PLACEMENT_3D ( 'NONE', #1518, #4176, #10124 ) ;
#9170 = LINE ( 'NONE', #2432, #167 ) ;
#9171 = CARTESIAN_POINT ( 'NONE',  ( -4.469999999999994422, 0.4500000000000009548, -1.749999999999994449 ) ) ;
#9172 = VERTEX_POINT ( 'NONE', #10069 ) ;
#9173 =( NAMED_UNIT ( * ) PLANE_ANGLE_UNIT ( ) SI_UNIT ( $, .RADIAN. ) );
#9174 =( NAMED_UNIT ( * ) PLANE_ANGLE_UNIT ( ) SI_UNIT ( $, .RADIAN. ) );
#9175 = ORIENTED_EDGE ( 'NONE', *, *, #10600, .T. ) ;
#9176 = STYLED_ITEM ( 'NONE', ( #8034 ), #8367 ) ;
#9177 =( LENGTH_UNIT ( ) NAMED_UNIT ( * ) SI_UNIT ( .MILLI., .METRE. ) );
#9178 = DIRECTION ( 'NONE',  ( -1.000000000000000000, -0.000000000000000000, -0.000000000000000000 ) ) ;
#9179 = SURFACE_STYLE_FILL_AREA ( #3455 ) ;
#9180 = EDGE_CURVE ( 'NONE', #8198, #8360, #5034, .T. ) ;
#9181 = VERTEX_POINT ( 'NONE', #2494 ) ;
#9182 = UNCERTAINTY_MEASURE_WITH_UNIT (LENGTH_MEASURE( 1.000000000000000082E-05 ), #4814, 'distance_accuracy_value', 'NONE');
#9183 = EDGE_CURVE ( 'NONE', #380, #8750, #4013, .T. ) ;
#9184 = FILL_AREA_STYLE_COLOUR ( '', #6760 ) ;
#9185 = UNCERTAINTY_MEASURE_WITH_UNIT (LENGTH_MEASURE( 1.000000000000000082E-05 ), #5959, 'distance_accuracy_value', 'NONE');
#9186 = PRESENTATION_STYLE_ASSIGNMENT (( #4812 ) ) ;
#9187 = EDGE_CURVE ( 'NONE', #605, #2167, #8354, .T. ) ;
#9188 =( NAMED_UNIT ( * ) SI_UNIT ( $, .STERADIAN. ) SOLID_ANGLE_UNIT ( ) );
#9189 = ORIENTED_EDGE ( 'NONE', *, *, #827, .F. ) ;
#9190 = PLANE ( 'NONE',  #2812 ) ;
#9191 = VERTEX_POINT ( 'NONE', #7432 ) ;
#9192 =( GEOMETRIC_REPRESENTATION_CONTEXT ( 3 ) GLOBAL_UNCERTAINTY_ASSIGNED_CONTEXT ( ( #1764 ) ) GLOBAL_UNIT_ASSIGNED_CONTEXT ( ( #10588, #9762, #2803 ) ) REPRESENTATION_CONTEXT ( 'NONE', 'WORKASPACE' ) );
#9193 = CARTESIAN_POINT ( 'NONE',  ( 0.1599999999999999756, 0.3499999999999999223, 2.350000000000004530 ) ) ;
#9194 = EDGE_CURVE ( 'NONE', #7870, #4619, #793, .T. ) ;
#9195 = CARTESIAN_POINT ( 'NONE',  ( -5.100000000000008527, 21.00560209553989566, -1.849999999999995648 ) ) ;
#9196 = FACE_OUTER_BOUND ( 'NONE', #5370, .T. ) ;
#9197 = LINE ( 'NONE', #3969, #1709 ) ;
#9198 = DIRECTION ( 'NONE',  ( -0.6847910787717365055, -0.2492435693639495076, -0.6847910787717370606 ) ) ;
#9199 = STYLED_ITEM ( 'NONE', ( #747 ), #9233 ) ;
#9200 = ORIENTED_EDGE ( 'NONE', *, *, #3614, .T. ) ;
#9201 =( NAMED_UNIT ( * ) PLANE_ANGLE_UNIT ( ) SI_UNIT ( $, .RADIAN. ) );
#9202 = PLANE ( 'NONE',  #3721 ) ;
#9203 = DIRECTION ( 'NONE',  ( 0.7071067811865552333, -0.000000000000000000, 0.7071067811865398012 ) ) ;
#9204 = ORIENTED_EDGE ( 'NONE', *, *, #7495, .F. ) ;
#9205 = AXIS2_PLACEMENT_3D ( 'NONE', #3836, #2107, #6514 ) ;
#9206 = ORIENTED_EDGE ( 'NONE', *, *, #1163, .F. ) ;
#9207 =( NAMED_UNIT ( * ) PLANE_ANGLE_UNIT ( ) SI_UNIT ( $, .RADIAN. ) );
#9208 = LINE ( 'NONE', #10807, #4119 ) ;
#9209 = FILL_AREA_STYLE ('',( #7045 ) ) ;
#9210 = MECHANICAL_DESIGN_GEOMETRIC_PRESENTATION_REPRESENTATION (  '', ( #4427 ), #7103 ) ;
#9211 = SURFACE_SIDE_STYLE ('',( #10053 ) ) ;
#9212 =( BOUNDED_CURVE ( )  B_SPLINE_CURVE ( 3, ( #4386, #10266, #7067, #9558 ),
 .UNSPECIFIED., .F., .F. ) 
 B_SPLINE_CURVE_WITH_KNOTS ( ( 4, 4 ),
 ( 3.141592653589792672, 4.712388980384689674 ),
 .UNSPECIFIED. ) 
 CURVE ( )  GEOMETRIC_REPRESENTATION_ITEM ( )  RATIONAL_B_SPLINE_CURVE ( ( 1.000000000000000000, 0.8047378541243649375, 0.8047378541243649375, 1.000000000000000000 ) ) 
 REPRESENTATION_ITEM ( '' )  );
#9213 = FACE_OUTER_BOUND ( 'NONE', #317, .T. ) ;
#9214 = FACE_OUTER_BOUND ( 'NONE', #3945, .T. ) ;
#9215 = CARTESIAN_POINT ( 'NONE',  ( 1.409999999999999698, 0.2999999999999999334, 1.449999999999997735 ) ) ;
#9216 = ORIENTED_EDGE ( 'NONE', *, *, #491, .F. ) ;
#9217 = ORIENTED_EDGE ( 'NONE', *, *, #1418, .T. ) ;
#9218 = LINE ( 'NONE', #7522, #3575 ) ;
#9219 = AXIS2_PLACEMENT_3D ( 'NONE', #8473, #6541, #901 ) ;
#9220 = EDGE_CURVE ( 'NONE', #9798, #8632, #4934, .T. ) ;
#9221 = CARTESIAN_POINT ( 'NONE',  ( -4.669999999999994600, 1.572093150103981429E-15, -1.849999999999996314 ) ) ;
#9222 = SURFACE_STYLE_USAGE ( .BOTH. , #5849 ) ;
#9223 = ORIENTED_EDGE ( 'NONE', *, *, #7638, .F. ) ;
#9224 = FILL_AREA_STYLE ('',( #3400 ) ) ;
#9225 = DIRECTION ( 'NONE',  ( -0.000000000000000000, 0.1736481776669264454, 0.9848077530122087975 ) ) ;
#9226 = EDGE_LOOP ( 'NONE', ( #8332, #2992, #845, #7605 ) ) ;
#9227 = DIRECTION ( 'NONE',  ( 1.000000000000000000, -0.000000000000000000, 0.000000000000000000 ) ) ;
#9228 = CARTESIAN_POINT ( 'NONE',  ( -4.493987041127388338, 0.3385621722338523210, -1.773987041127387920 ) ) ;
#9229 = ORIENTED_EDGE ( 'NONE', *, *, #9297, .T. ) ;
#9230 = DIRECTION ( 'NONE',  ( 2.190419166690510782E-16, -0.7071067811865454633, 0.7071067811865496822 ) ) ;
#9231 = ADVANCED_FACE ( 'NONE', ( #9061 ), #6579, .F. ) ;
#9232 =( LENGTH_UNIT ( ) NAMED_UNIT ( * ) SI_UNIT ( .MILLI., .METRE. ) );
#9233 = ADVANCED_FACE ( 'NONE', ( #5855 ), #8404, .F. ) ;
#9234 = ORIENTED_EDGE ( 'NONE', *, *, #1330, .F. ) ;
#9236 = EDGE_CURVE ( 'NONE', #10837, #5535, #140, .T. ) ;
#9235 = MECHANICAL_DESIGN_GEOMETRIC_PRESENTATION_REPRESENTATION (  '', ( #4083 ), #8730 ) ;
#9237 = LINE ( 'NONE', #3207, #9528 ) ;
#9238 = ORIENTED_EDGE ( 'NONE', *, *, #7716, .F. ) ;
#9239 = LINE ( 'NONE', #5821, #4004 ) ;
#9240 = CARTESIAN_POINT ( 'NONE',  ( -5.000000000000006217, 1.650000000000000355, -1.749999999999994449 ) ) ;
#9241 = PLANE ( 'NONE',  #3041 ) ;
#9242 = VECTOR ( 'NONE', #10215, 1000.000000000000000 ) ;
#9243 = LINE ( 'NONE', #107, #5743 ) ;
#9244 = DIRECTION ( 'NONE',  ( -0.000000000000000000, -0.000000000000000000, -1.000000000000000000 ) ) ;
#9245 = ADVANCED_FACE ( 'NONE', ( #7527 ), #3299, .F. ) ;
#9246 = EDGE_LOOP ( 'NONE', ( #5313, #6905, #2631, #6402, #8211 ) ) ;
#9247 = CARTESIAN_POINT ( 'NONE',  ( -5.000000000000006217, 1.400000000000000133, -1.749999999999994449 ) ) ;
#9248 = VERTEX_POINT ( 'NONE', #9946 ) ;
#9249 = PLANE ( 'NONE',  #8703 ) ;
#9250 = EDGE_CURVE ( 'NONE', #8198, #9395, #7480, .T. ) ;
#9251 = VECTOR ( 'NONE', #3851, 1000.000000000000114 ) ;
#9252 = CARTESIAN_POINT ( 'NONE',  ( 1.409999999999999698, 0.000000000000000000, 1.850000000000004530 ) ) ;
#9253 = DIRECTION ( 'NONE',  ( 1.000000000000000000, 0.000000000000000000, 0.000000000000000000 ) ) ;
#9254 = CARTESIAN_POINT ( 'NONE',  ( 4.669999999999994600, 4.336808689942017736E-16, -1.849999999999996314 ) ) ;
#9255 = VERTEX_POINT ( 'NONE', #2383 ) ;
#9256 = PRESENTATION_STYLE_ASSIGNMENT (( #821 ) ) ;
#9257 = ORIENTED_EDGE ( 'NONE', *, *, #9041, .F. ) ;
#9258 = FACE_OUTER_BOUND ( 'NONE', #7004, .T. ) ;
#9259 =( NAMED_UNIT ( * ) PLANE_ANGLE_UNIT ( ) SI_UNIT ( $, .RADIAN. ) );
#9260 = PRESENTATION_LAYER_ASSIGNMENT (  '', '', ( #307 ) ) ;
#9261 = DIRECTION ( 'NONE',  ( 1.000000000000000000, -6.570922257487672349E-16, 0.000000000000000000 ) ) ;
#9262 = SURFACE_SIDE_STYLE ('',( #1082 ) ) ;
#9263 =( GEOMETRIC_REPRESENTATION_CONTEXT ( 3 ) GLOBAL_UNCERTAINTY_ASSIGNED_CONTEXT ( ( #3092 ) ) GLOBAL_UNIT_ASSIGNED_CONTEXT ( ( #7419, #7515, #7469 ) ) REPRESENTATION_CONTEXT ( 'NONE', 'WORKASPACE' ) );
#9264 = PLANE ( 'NONE',  #931 ) ;
#9265 = PLANE ( 'NONE',  #842 ) ;
#9266 = SURFACE_STYLE_FILL_AREA ( #8676 ) ;
#9267 = LINE ( 'NONE', #1711, #10313 ) ;
#9268 = CARTESIAN_POINT ( 'NONE',  ( -4.537712434446766530, 0.2999999999999999889, 0.3500000000000037526 ) ) ;
#9269 = COLOUR_RGB ( '',1.000000000000000000, 0.8117647058823529438, 0.5019607843137254832 ) ;
#9270 = CARTESIAN_POINT ( 'NONE',  ( 0.1599999999999999756, 0.4499999999999999556, 2.250000000000004441 ) ) ;
#9271 = ORIENTED_EDGE ( 'NONE', *, *, #7977, .F. ) ;
#9272 = AXIS2_PLACEMENT_3D ( 'NONE', #1142, #9951, #8967 ) ;
#9273 = LINE ( 'NONE', #7475, #4642 ) ;
#9274 = DIRECTION ( 'NONE',  ( -3.771137991253929559E-16, 1.000000000000000000, 0.000000000000000000 ) ) ;
#9275 = COLOUR_RGB ( '',1.000000000000000000, 1.000000000000000000, 1.000000000000000000 ) ;
#9276 = ORIENTED_EDGE ( 'NONE', *, *, #9381, .T. ) ;
#9277 = DIRECTION ( 'NONE',  ( 0.000000000000000000, 0.000000000000000000, -1.000000000000000000 ) ) ;
#9278 = VECTOR ( 'NONE', #210, 1000.000000000000000 ) ;
#9279 = ORIENTED_EDGE ( 'NONE', *, *, #5994, .F. ) ;
#9280 = CARTESIAN_POINT ( 'NONE',  ( 5.000000000000006217, 1.649999999999999023, -1.749999999999994005 ) ) ;
#9281 = CARTESIAN_POINT ( 'NONE',  ( -1.324999999999999734, 3.249999999999997335, -1.850000000000000533 ) ) ;
#9282 = ORIENTED_EDGE ( 'NONE', *, *, #2633, .T. ) ;
#9283 = STYLED_ITEM ( 'NONE', ( #3742 ), #5803 ) ;
#9284 = UNCERTAINTY_MEASURE_WITH_UNIT (LENGTH_MEASURE( 1.000000000000000082E-05 ), #10015, 'distance_accuracy_value', 'NONE');
#9285 = FILL_AREA_STYLE_COLOUR ( '', #2368 ) ;
#9286 = UNCERTAINTY_MEASURE_WITH_UNIT (LENGTH_MEASURE( 1.000000000000000082E-05 ), #192, 'distance_accuracy_value', 'NONE');
#9287 = PRESENTATION_LAYER_ASSIGNMENT (  '', '', ( #3103 ) ) ;
#9288 = CARTESIAN_POINT ( 'NONE',  ( 2.339999999999999858, 0.000000000000000000, -1.125000000000033973 ) ) ;
#9289 = CARTESIAN_POINT ( 'NONE',  ( 4.537712434446764753, 0.2999999999999999889, -1.817712434446764336 ) ) ;
#9290 =( NAMED_UNIT ( * ) SI_UNIT ( $, .STERADIAN. ) SOLID_ANGLE_UNIT ( ) );
#9291 = ORIENTED_EDGE ( 'NONE', *, *, #8657, .F. ) ;
#9292 = VECTOR ( 'NONE', #2659, 1000.000000000000000 ) ;
#9293 = LINE ( 'NONE', #8264, #2471 ) ;
#9294 = EDGE_LOOP ( 'NONE', ( #1560, #3729, #5259, #5730 ) ) ;
#9295 = PLANE ( 'NONE',  #8597 ) ;
#9296 = DIRECTION ( 'NONE',  ( 0.000000000000000000, 1.000000000000000000, 0.000000000000000000 ) ) ;
#9297 = EDGE_CURVE ( 'NONE', #10067, #1469, #1782, .T. ) ;
#9298 = SURFACE_SIDE_STYLE ('',( #1687 ) ) ;
#9299 = UNCERTAINTY_MEASURE_WITH_UNIT (LENGTH_MEASURE( 1.000000000000000082E-05 ), #4965, 'distance_accuracy_value', 'NONE');
#9300 = VECTOR ( 'NONE', #4446, 1000.000000000000000 ) ;
#9301 = LINE ( 'NONE', #9536, #10337 ) ;
#9302 = COLOUR_RGB ( '',1.000000000000000000, 0.8117647058823529438, 0.5019607843137254832 ) ;
#9303 = EDGE_CURVE ( 'NONE', #346, #2798, #5901, .T. ) ;
#9304 = ORIENTED_EDGE ( 'NONE', *, *, #2114, .F. ) ;
#9305 =( NAMED_UNIT ( * ) SI_UNIT ( $, .STERADIAN. ) SOLID_ANGLE_UNIT ( ) );
#9306 = ORIENTED_EDGE ( 'NONE', *, *, #2197, .T. ) ;
#9307 = PRESENTATION_LAYER_ASSIGNMENT (  '', '', ( #4708 ) ) ;
#9308 = MECHANICAL_DESIGN_GEOMETRIC_PRESENTATION_REPRESENTATION (  '', ( #6308 ), #3641 ) ;
#9309 = AXIS2_PLACEMENT_3D ( 'NONE', #1975, #4140, #7627 ) ;
#9310 = COLOUR_RGB ( '',1.000000000000000000, 1.000000000000000000, 1.000000000000000000 ) ;
#9311 = ORIENTED_EDGE ( 'NONE', *, *, #7426, .F. ) ;
#9312 = VECTOR ( 'NONE', #6004, 1000.000000000000000 ) ;
#9313 = EDGE_CURVE ( 'NONE', #1781, #5433, #743, .T. ) ;
#9314 = CARTESIAN_POINT ( 'NONE',  ( 5.500000000000001776, 0.7999999999999966027, -1.850000000000000533 ) ) ;
#9315 = ORIENTED_EDGE ( 'NONE', *, *, #8647, .T. ) ;
#9316 = EDGE_CURVE ( 'NONE', #7962, #10282, #10005, .T. ) ;
#9317 =( GEOMETRIC_REPRESENTATION_CONTEXT ( 3 ) GLOBAL_UNCERTAINTY_ASSIGNED_CONTEXT ( ( #4062 ) ) GLOBAL_UNIT_ASSIGNED_CONTEXT ( ( #6427, #1257, #2183 ) ) REPRESENTATION_CONTEXT ( 'NONE', 'WORKASPACE' ) );
#9319 = DIRECTION ( 'NONE',  ( 1.000000000000000000, 0.000000000000000000, 0.000000000000000000 ) ) ;
#9318 = STYLED_ITEM ( 'NONE', ( #3925 ), #6807 ) ;
#9320 = ADVANCED_FACE ( 'NONE', ( #5851 ), #2540, .F. ) ;
#9321 = CARTESIAN_POINT ( 'NONE',  ( 4.000000000000002665, 0.000000000000000000, 0.9500000000000005107 ) ) ;
#9322 = VECTOR ( 'NONE', #8443, 1000.000000000000000 ) ;
#9323 = VECTOR ( 'NONE', #10294, 1000.000000000000000 ) ;
#9324 = DIRECTION ( 'NONE',  ( 1.000000000000000000, -3.771137991253929559E-16, 0.000000000000000000 ) ) ;
#9325 = LINE ( 'NONE', #933, #5410 ) ;
#9326 = CARTESIAN_POINT ( 'NONE',  ( -2.339999999999999858, 0.3499999999999999223, 2.350000000000004530 ) ) ;
#9327 = CARTESIAN_POINT ( 'NONE',  ( -5.499999999999999112, 0.2500000000000012212, -1.849999999999996314 ) ) ;
#9328 = AXIS2_PLACEMENT_3D ( 'NONE', #9013, #7367, #5751 ) ;
#9329 = FILL_AREA_STYLE_COLOUR ( '', #10023 ) ;
#9330 =( GEOMETRIC_REPRESENTATION_CONTEXT ( 3 ) GLOBAL_UNCERTAINTY_ASSIGNED_CONTEXT ( ( #6413 ) ) GLOBAL_UNIT_ASSIGNED_CONTEXT ( ( #708, #4819, #5047 ) ) REPRESENTATION_CONTEXT ( 'NONE', 'WORKASPACE' ) );
#9331 = VECTOR ( 'NONE', #5674, 1000.000000000000000 ) ;
#9332 = ORIENTED_EDGE ( 'NONE', *, *, #8707, .T. ) ;
#9333 = DIRECTION ( 'NONE',  ( -1.000000000000000000, 0.000000000000000000, 2.282530889443210409E-16 ) ) ;
#9334 = ORIENTED_EDGE ( 'NONE', *, *, #2681, .T. ) ;
#9335 = ADVANCED_FACE ( 'NONE', ( #5087 ), #8301, .F. ) ;
#9336 = AXIS2_PLACEMENT_3D ( 'NONE', #5612, #10676, #9871 ) ;
#9337 = CARTESIAN_POINT ( 'NONE',  ( 4.537712434446764753, 0.2999999999999999889, 0.3500000000000037526 ) ) ;
#9338 = STYLED_ITEM ( 'NONE', ( #5342 ), #7982 ) ;
#9339 = CARTESIAN_POINT ( 'NONE',  ( -0.1599999999999999756, 0.3499999999999999223, 2.350000000000004530 ) ) ;
#9340 = ORIENTED_EDGE ( 'NONE', *, *, #9465, .T. ) ;
#9341 = CARTESIAN_POINT ( 'NONE',  ( 5.500000000000000888, 1.299999999999995604, -1.849999999999996980 ) ) ;
#9342 =( NAMED_UNIT ( * ) PLANE_ANGLE_UNIT ( ) SI_UNIT ( $, .RADIAN. ) );
#9343 = EDGE_LOOP ( 'NONE', ( #1177, #110, #4433, #10480, #6260, #9899 ) ) ;
#9344 = CARTESIAN_POINT ( 'NONE',  ( -4.669999999999994600, 0.4500000000000010103, 0.3500000000000037526 ) ) ;
#9345 = CARTESIAN_POINT ( 'NONE',  ( -1.090000000000000080, 0.3000000000000002665, 4.065758146820575067E-17 ) ) ;
#9346 = CARTESIAN_POINT ( 'NONE',  ( 4.669999999999994600, 0.2500000000000001110, 0.3500000000000037526 ) ) ;
#9347 = VECTOR ( 'NONE', #9799, 1000.000000000000114 ) ;
#9348 = EDGE_LOOP ( 'NONE', ( #5162, #5979, #1608, #959 ) ) ;
#9349 = SURFACE_STYLE_USAGE ( .BOTH. , #7650 ) ;
#9350 = CARTESIAN_POINT ( 'NONE',  ( -0.1599999999999999756, 1.749999999999999778, 0.000000000000000000 ) ) ;
#9351 = SURFACE_STYLE_FILL_AREA ( #8644 ) ;
#9352 = ADVANCED_FACE ( 'NONE', ( #9393 ), #1834, .T. ) ;
#9353 = DIRECTION ( 'NONE',  ( -1.000000000000000000, -0.000000000000000000, -0.000000000000000000 ) ) ;
#9354 = EDGE_LOOP ( 'NONE', ( #8239, #9093, #5639, #5986 ) ) ;
#9355 = ORIENTED_EDGE ( 'NONE', *, *, #2930, .F. ) ;
#9356 = CARTESIAN_POINT ( 'NONE',  ( 5.000000000000006217, 1.649999999999999023, -1.749999999999994005 ) ) ;
#9357 = DIRECTION ( 'NONE',  ( -1.000000000000000000, -0.000000000000000000, -0.000000000000000000 ) ) ;
#9358 = LINE ( 'NONE', #9193, #5802 ) ;
#9359 = FILL_AREA_STYLE_COLOUR ( '', #4076 ) ;
#9360 = SURFACE_SIDE_STYLE ('',( #1803 ) ) ;
#9361 = CARTESIAN_POINT ( 'NONE',  ( 0.1599999999999999756, 8.425943506694179847E-32, 1.750000000000004663 ) ) ;
#9362 = ADVANCED_FACE ( 'NONE', ( #7010 ), #2000, .F. ) ;
#9363 =( LENGTH_UNIT ( ) NAMED_UNIT ( * ) SI_UNIT ( .MILLI., .METRE. ) );
#9364 = ORIENTED_EDGE ( 'NONE', *, *, #6670, .T. ) ;
#9365 = CARTESIAN_POINT ( 'NONE',  ( 3.400000000000024336, 4.400000000000002132, -1.450000000000040590 ) ) ;
#9366 = ORIENTED_EDGE ( 'NONE', *, *, #4320, .T. ) ;
#9367 = PRESENTATION_LAYER_ASSIGNMENT (  '', '', ( #7077 ) ) ;
#9368 = FILL_AREA_STYLE ('',( #6157 ) ) ;
#9369 = CARTESIAN_POINT ( 'NONE',  ( 1.089999999999999858, 0.4500000000000002331, 6.098637220230963674E-17 ) ) ;
#9370 = CARTESIAN_POINT ( 'NONE',  ( 3.500000000000000888, -1.029563014098700879, 0.9500000000000005107 ) ) ;
#9371 = CARTESIAN_POINT ( 'NONE',  ( 0.1599999999999999756, 0.2999999999999999334, 1.449999999999997735 ) ) ;
#9372 = ORIENTED_EDGE ( 'NONE', *, *, #7941, .T. ) ;
#9373 = CARTESIAN_POINT ( 'NONE',  ( 2.339999999999999858, 1.749999999999999778, -0.3250000000000474176 ) ) ;
#9374 = ORIENTED_EDGE ( 'NONE', *, *, #9672, .T. ) ;
#9375 = FILL_AREA_STYLE_COLOUR ( '', #627 ) ;
#9376 = SURFACE_STYLE_USAGE ( .BOTH. , #6097 ) ;
#9377 = SURFACE_STYLE_FILL_AREA ( #5227 ) ;
#9378 = EDGE_CURVE ( 'NONE', #9716, #2264, #4450, .T. ) ;
#9379 = CARTESIAN_POINT ( 'NONE',  ( 1.089999999999999858, -1.125000000000002442, 1.125000000000004663 ) ) ;
#9381 = EDGE_CURVE ( 'NONE', #291, #9091, #7868, .T. ) ;
#9380 = CARTESIAN_POINT ( 'NONE',  ( 4.469999999999994422, 1.199999999999999067, -1.849999999999996314 ) ) ;
#9382 = CARTESIAN_POINT ( 'NONE',  ( -5.699999999999994849, 0.07279404685324135371, 0.1500000000000368261 ) ) ;
#9383 = PLANE ( 'NONE',  #10190 ) ;
#9384 = STYLED_ITEM ( 'NONE', ( #4912 ), #9577 ) ;
#9385 = DIRECTION ( 'NONE',  ( -1.000000000000000000, -0.000000000000000000, -0.000000000000000000 ) ) ;
#9386 = FILL_AREA_STYLE_COLOUR ( '', #3988 ) ;
#9387 = ORIENTED_EDGE ( 'NONE', *, *, #9993, .T. ) ;
#9388 = DIRECTION ( 'NONE',  ( 0.000000000000000000, 0.000000000000000000, 1.000000000000000000 ) ) ;
#9389 = COLOUR_RGB ( '',1.000000000000000000, 1.000000000000000000, 1.000000000000000000 ) ;
#9390 = EDGE_CURVE ( 'NONE', #8121, #7775, #4505, .T. ) ;
#9391 = LINE ( 'NONE', #5953, #2105 ) ;
#9392 = ORIENTED_EDGE ( 'NONE', *, *, #2746, .F. ) ;
#9393 = FACE_OUTER_BOUND ( 'NONE', #7499, .T. ) ;
#9394 = ADVANCED_FACE ( 'NONE', ( #4325 ), #2054, .T. ) ;
#9395 = VERTEX_POINT ( 'NONE', #5312 ) ;
#9396 = CARTESIAN_POINT ( 'NONE',  ( 5.000000000000006217, 1.399999999999998801, 0.3500000000000037526 ) ) ;
#9397 =( GEOMETRIC_REPRESENTATION_CONTEXT ( 3 ) GLOBAL_UNCERTAINTY_ASSIGNED_CONTEXT ( ( #6311 ) ) GLOBAL_UNIT_ASSIGNED_CONTEXT ( ( #7668, #8544, #1198 ) ) REPRESENTATION_CONTEXT ( 'NONE', 'WORKASPACE' ) );
#9398 = EDGE_LOOP ( 'NONE', ( #1750, #4276, #1338, #2053, #6583, #5628, #8702, #6240 ) ) ;
#9399 = UNCERTAINTY_MEASURE_WITH_UNIT (LENGTH_MEASURE( 1.000000000000000082E-05 ), #10118, 'distance_accuracy_value', 'NONE');
#9400 = CARTESIAN_POINT ( 'NONE',  ( 5.250000000000002665, 0.2999999999999994338, 0.8000000000000004885 ) ) ;
#9401 = CARTESIAN_POINT ( 'NONE',  ( 2.660000000000000142, 0.4500000000000000111, 1.850000000000004530 ) ) ;
#9402 = ORIENTED_EDGE ( 'NONE', *, *, #4429, .T. ) ;
#9403 = SURFACE_SIDE_STYLE ('',( #8648 ) ) ;
#9404 = ORIENTED_EDGE ( 'NONE', *, *, #3992, .T. ) ;
#9405 = DIRECTION ( 'NONE',  ( -0.000000000000000000, -0.000000000000000000, 1.000000000000000000 ) ) ;
#9406 = CARTESIAN_POINT ( 'NONE',  ( -6.184999999999994280, 0.2500000000000012212, -1.164999999999998259 ) ) ;
#9407 = CARTESIAN_POINT ( 'NONE',  ( 4.669999999999994600, 1.399999999999998801, -1.849999999999996314 ) ) ;
#9408 = FILL_AREA_STYLE ('',( #2710 ) ) ;
#9409 = CARTESIAN_POINT ( 'NONE',  ( 1.089999999999999858, 0.000000000000000000, 0.000000000000000000 ) ) ;
#9410 = FACE_OUTER_BOUND ( 'NONE', #4626, .T. ) ;
#9411 = FILL_AREA_STYLE_COLOUR ( '', #1907 ) ;
#9412 = VERTEX_POINT ( 'NONE', #1110 ) ;
#9413 = FACE_OUTER_BOUND ( 'NONE', #7166, .T. ) ;
#9414 = ORIENTED_EDGE ( 'NONE', *, *, #6178, .T. ) ;
#9415 = CARTESIAN_POINT ( 'NONE',  ( 1.409999999999999698, 1.749999999999999778, -0.3250000000000474176 ) ) ;
#9416 =( LENGTH_UNIT ( ) NAMED_UNIT ( * ) SI_UNIT ( .MILLI., .METRE. ) );
#9417 = DIRECTION ( 'NONE',  ( 0.000000000000000000, 0.000000000000000000, -1.000000000000000000 ) ) ;
#9418 = VERTEX_POINT ( 'NONE', #5521 ) ;
#9419 = AXIS2_PLACEMENT_3D ( 'NONE', #19, #1704, #9095 ) ;
#9420 = LINE ( 'NONE', #4249, #1745 ) ;
#9421 = ADVANCED_FACE ( 'NONE', ( #5634 ), #9667, .T. ) ;
#9422 = ORIENTED_EDGE ( 'NONE', *, *, #4198, .T. ) ;
#9423 =( LENGTH_UNIT ( ) NAMED_UNIT ( * ) SI_UNIT ( .MILLI., .METRE. ) );
#9424 = DIRECTION ( 'NONE',  ( 0.000000000000000000, 0.000000000000000000, -1.000000000000000000 ) ) ;
#9425 = EDGE_LOOP ( 'NONE', ( #555, #10818, #4132, #2484, #9440, #6643 ) ) ;
#9426 = VECTOR ( 'NONE', #1954, 1000.000000000000000 ) ;
#9427 =( NAMED_UNIT ( * ) SI_UNIT ( $, .STERADIAN. ) SOLID_ANGLE_UNIT ( ) );
#9428 = DIRECTION ( 'NONE',  ( 1.000000000000000000, -0.000000000000000000, 0.000000000000000000 ) ) ;
#9429 = PRESENTATION_STYLE_ASSIGNMENT (( #8677 ) ) ;
#9430 = LINE ( 'NONE', #7808, #3980 ) ;
#9431 =( NAMED_UNIT ( * ) PLANE_ANGLE_UNIT ( ) SI_UNIT ( $, .RADIAN. ) );
#9432 = EDGE_LOOP ( 'NONE', ( #6419, #3217, #7156, #5831 ) ) ;
#9433 = STYLED_ITEM ( 'NONE', ( #10792 ), #4700 ) ;
#9434 = EDGE_CURVE ( 'NONE', #1469, #5721, #3019, .T. ) ;
#9435 = LINE ( 'NONE', #4318, #1319 ) ;
#9436 = EDGE_CURVE ( 'NONE', #6319, #3412, #3724, .T. ) ;
#9437 = PLANE ( 'NONE',  #10538 ) ;
#9438 = EDGE_CURVE ( 'NONE', #4835, #16, #1382, .T. ) ;
#9439 = SURFACE_STYLE_USAGE ( .BOTH. , #3353 ) ;
#9440 = ORIENTED_EDGE ( 'NONE', *, *, #3679, .T. ) ;
#9441 = CARTESIAN_POINT ( 'NONE',  ( -3.500000000000001776, -1.029563014098700879, -0.9500000000000009548 ) ) ;
#9442 =( GEOMETRIC_REPRESENTATION_CONTEXT ( 3 ) GLOBAL_UNCERTAINTY_ASSIGNED_CONTEXT ( ( #3407 ) ) GLOBAL_UNIT_ASSIGNED_CONTEXT ( ( #9907, #2339, #800 ) ) REPRESENTATION_CONTEXT ( 'NONE', 'WORKASPACE' ) );
#9443 = PRESENTATION_STYLE_ASSIGNMENT (( #260 ) ) ;
#9444 = ORIENTED_EDGE ( 'NONE', *, *, #7074, .T. ) ;
#9445 = CARTESIAN_POINT ( 'NONE',  ( 6.184999999999994280, 0.2499999999999996392, -1.164999999999997149 ) ) ;
#9446 = DIRECTION ( 'NONE',  ( 0.000000000000000000, 0.9848077530122086864, 0.1736481776669268617 ) ) ;
#9447 = CARTESIAN_POINT ( 'NONE',  ( -3.500000000000001776, -1.029563014098700879, 0.9500000000000005107 ) ) ;
#9448 = CIRCLE ( 'NONE', #10149, 0.4499999999999999001 ) ;
#9449 = ORIENTED_EDGE ( 'NONE', *, *, #4578, .T. ) ;
#9450 = ADVANCED_FACE ( 'NONE', ( #522 ), #5579, .F. ) ;
#9452 = SURFACE_SIDE_STYLE ('',( #1730 ) ) ;
#9451 = FILL_AREA_STYLE_COLOUR ( '', #9142 ) ;
#9453 = LINE ( 'NONE', #6068, #485 ) ;
#9454 = FACE_OUTER_BOUND ( 'NONE', #1816, .T. ) ;
#9455 = VECTOR ( 'NONE', #5929, 1000.000000000000000 ) ;
#9456 = EDGE_CURVE ( 'NONE', #3517, #6988, #5474, .T. ) ;
#9457 = SURFACE_SIDE_STYLE ('',( #1121 ) ) ;
#9458 = ORIENTED_EDGE ( 'NONE', *, *, #1690, .F. ) ;
#9459 = VERTEX_POINT ( 'NONE', #7246 ) ;
#9460 = CARTESIAN_POINT ( 'NONE',  ( 4.219999999999995310, 1.199999999999999067, 0.3500000000000037526 ) ) ;
#9461 = DIRECTION ( 'NONE',  ( -0.000000000000000000, 1.000000000000000000, -0.000000000000000000 ) ) ;
#9462 =( GEOMETRIC_REPRESENTATION_CONTEXT ( 3 ) GLOBAL_UNCERTAINTY_ASSIGNED_CONTEXT ( ( #2447 ) ) GLOBAL_UNIT_ASSIGNED_CONTEXT ( ( #9934, #2729, #9547 ) ) REPRESENTATION_CONTEXT ( 'NONE', 'WORKASPACE' ) );
#9463 = AXIS2_PLACEMENT_3D ( 'NONE', #527, #3841, #5524 ) ;
#9464 = DIRECTION ( 'NONE',  ( 0.000000000000000000, 0.000000000000000000, 1.000000000000000000 ) ) ;
#9465 = EDGE_CURVE ( 'NONE', #1594, #3275, #1287, .T. ) ;
#9466 = CARTESIAN_POINT ( 'NONE',  ( 5.000000000000006217, 1.649999999999999023, 0.3500000000000037526 ) ) ;
#9467 = DIRECTION ( 'NONE',  ( 0.000000000000000000, 0.000000000000000000, -1.000000000000000000 ) ) ;
#9468 = COLOUR_RGB ( '',1.000000000000000000, 1.000000000000000000, 1.000000000000000000 ) ;
#9469 = SURFACE_STYLE_USAGE ( .BOTH. , #5278 ) ;
#9470 = ORIENTED_EDGE ( 'NONE', *, *, #8524, .F. ) ;
#9471 =( GEOMETRIC_REPRESENTATION_CONTEXT ( 3 ) GLOBAL_UNCERTAINTY_ASSIGNED_CONTEXT ( ( #4874 ) ) GLOBAL_UNIT_ASSIGNED_CONTEXT ( ( #9551, #3817, #3007 ) ) REPRESENTATION_CONTEXT ( 'NONE', 'WORKASPACE' ) );
#9472 = CARTESIAN_POINT ( 'NONE',  ( 2.660000000000000142, 0.8750000000000023315, 0.8749999999999814593 ) ) ;
#9473 = ORIENTED_EDGE ( 'NONE', *, *, #5907, .F. ) ;
#9474 = DIRECTION ( 'NONE',  ( -1.000000000000000000, -0.000000000000000000, -0.000000000000000000 ) ) ;
#9475 = SURFACE_SIDE_STYLE ('',( #115 ) ) ;
#9476 = PRESENTATION_STYLE_ASSIGNMENT (( #6091 ) ) ;
#9477 = LINE ( 'NONE', #1088, #7412 ) ;
#9478 = ORIENTED_EDGE ( 'NONE', *, *, #2453, .F. ) ;
#9479 =( GEOMETRIC_REPRESENTATION_CONTEXT ( 3 ) GLOBAL_UNCERTAINTY_ASSIGNED_CONTEXT ( ( #381 ) ) GLOBAL_UNIT_ASSIGNED_CONTEXT ( ( #9232, #10077, #9126 ) ) REPRESENTATION_CONTEXT ( 'NONE', 'WORKASPACE' ) );
#9480 = LINE ( 'NONE', #290, #9 ) ;
#9481 = ORIENTED_EDGE ( 'NONE', *, *, #8369, .F. ) ;
#9482 = AXIS2_PLACEMENT_3D ( 'NONE', #1618, #10828, #902 ) ;
#9483 = FACE_OUTER_BOUND ( 'NONE', #1833, .T. ) ;
#9484 = LINE ( 'NONE', #6935, #6280 ) ;
#9485 = CARTESIAN_POINT ( 'NONE',  ( -5.500000000000000888, 21.00560209553989566, -1.849999999999995648 ) ) ;
#9486 = STYLED_ITEM ( 'NONE', ( #339 ), #7240 ) ;
#9487 = AXIS2_PLACEMENT_3D ( 'NONE', #8560, #6999, #198 ) ;
#9488 = ORIENTED_EDGE ( 'NONE', *, *, #5987, .T. ) ;
#9489 = VECTOR ( 'NONE', #1779, 1000.000000000000000 ) ;
#9490 = EDGE_CURVE ( 'NONE', #10612, #3796, #8021, .T. ) ;
#9491 = DIRECTION ( 'NONE',  ( -5.981805089575197183E-16, -1.000000000000000000, 0.000000000000000000 ) ) ;
#9492 = PRESENTATION_LAYER_ASSIGNMENT (  '', '', ( #3294 ) ) ;
#9493 =( NAMED_UNIT ( * ) PLANE_ANGLE_UNIT ( ) SI_UNIT ( $, .RADIAN. ) );
#9494 = DIRECTION ( 'NONE',  ( -1.000000000000000000, -0.000000000000000000, -0.000000000000000000 ) ) ;
#9495 = DIRECTION ( 'NONE',  ( 0.000000000000000000, -0.9063077870366520461, -0.4226182617406951114 ) ) ;
#9496 = PRESENTATION_STYLE_ASSIGNMENT (( #7685 ) ) ;
#9497 = CARTESIAN_POINT ( 'NONE',  ( 4.000000000000003553, 1.749999999999999778, 1.849999999999999423 ) ) ;
#9498 = VERTEX_POINT ( 'NONE', #2161 ) ;
#9499 = COLOUR_RGB ( '',1.000000000000000000, 1.000000000000000000, 1.000000000000000000 ) ;
#9500 = COLOUR_RGB ( '',1.000000000000000000, 1.000000000000000000, 1.000000000000000000 ) ;
#9501 = VECTOR ( 'NONE', #252, 1000.000000000000000 ) ;
#9502 = VECTOR ( 'NONE', #1920, 1000.000000000000000 ) ;
#9503 = DIRECTION ( 'NONE',  ( 0.000000000000000000, -0.7071067811865482389, -0.7071067811865469066 ) ) ;
#9504 = EDGE_CURVE ( 'NONE', #5535, #9674, #2973, .T. ) ;
#9505 = FILL_AREA_STYLE_COLOUR ( '', #4924 ) ;
#9506 = VECTOR ( 'NONE', #10391, 1000.000000000000000 ) ;
#9507 = ORIENTED_EDGE ( 'NONE', *, *, #4491, .F. ) ;
#9508 = DIRECTION ( 'NONE',  ( 0.000000000000000000, -1.000000000000000000, 4.858652729125647824E-17 ) ) ;
#9509 = VECTOR ( 'NONE', #2656, 1000.000000000000000 ) ;
#9510 = SURFACE_STYLE_USAGE ( .BOTH. , #4391 ) ;
#9511 = EDGE_LOOP ( 'NONE', ( #9153, #5694, #5706, #4594 ) ) ;
#9512 = FACE_OUTER_BOUND ( 'NONE', #5924, .T. ) ;
#9514 = DIRECTION ( 'NONE',  ( -1.000000000000000000, -0.000000000000000000, -0.000000000000000000 ) ) ;
#9513 = VECTOR ( 'NONE', #3804, 1000.000000000000000 ) ;
#9515 = EDGE_LOOP ( 'NONE', ( #10804, #956, #8788, #6529 ) ) ;
#9516 = UNCERTAINTY_MEASURE_WITH_UNIT (LENGTH_MEASURE( 1.000000000000000082E-05 ), #9423, 'distance_accuracy_value', 'NONE');
#9518 = CARTESIAN_POINT ( 'NONE',  ( 1.725000000000005196, 4.400000000000003020, -1.450000000000041034 ) ) ;
#9517 = CARTESIAN_POINT ( 'NONE',  ( -5.000000000000006217, 1.400000000000000133, 0.3500000000000037526 ) ) ;
#9519 = PRESENTATION_LAYER_ASSIGNMENT (  '', '', ( #10745 ) ) ;
#9520 = AXIS2_PLACEMENT_3D ( 'NONE', #10417, #294, #7961 ) ;
#9521 =( LENGTH_UNIT ( ) NAMED_UNIT ( * ) SI_UNIT ( .MILLI., .METRE. ) );
#9522 =( NAMED_UNIT ( * ) PLANE_ANGLE_UNIT ( ) SI_UNIT ( $, .RADIAN. ) );
#9523 =( GEOMETRIC_REPRESENTATION_CONTEXT ( 3 ) GLOBAL_UNCERTAINTY_ASSIGNED_CONTEXT ( ( #7764 ) ) GLOBAL_UNIT_ASSIGNED_CONTEXT ( ( #3610, #7003, #10309 ) ) REPRESENTATION_CONTEXT ( 'NONE', 'WORKASPACE' ) );
#9524 = FILL_AREA_STYLE_COLOUR ( '', #7752 ) ;
#9525 = VERTEX_POINT ( 'NONE', #3886 ) ;
#9526 = ADVANCED_FACE ( 'NONE', ( #8184 ), #4743, .T. ) ;
#9527 = VERTEX_POINT ( 'NONE', #8894 ) ;
#9528 = VECTOR ( 'NONE', #2504, 999.9999999999998863 ) ;
#9529 = LINE ( 'NONE', #1126, #2255 ) ;
#9530 = PLANE ( 'NONE',  #242 ) ;
#9531 = EDGE_CURVE ( 'NONE', #8082, #5138, #5357, .T. ) ;
#9532 = CARTESIAN_POINT ( 'NONE',  ( 4.669999999999994600, 1.399999999999998801, 0.3500000000000037526 ) ) ;
#9533 = EDGE_CURVE ( 'NONE', #5176, #7981, #3070, .T. ) ;
#9534 =( NAMED_UNIT ( * ) SI_UNIT ( $, .STERADIAN. ) SOLID_ANGLE_UNIT ( ) );
#9535 = CARTESIAN_POINT ( 'NONE',  ( -2.339999999999999858, 0.000000000000000000, 0.000000000000000000 ) ) ;
#9536 = CARTESIAN_POINT ( 'NONE',  ( 5.699999999999970868, 4.700000000000057021, 0.1500000000000077660 ) ) ;
#9537 = CARTESIAN_POINT ( 'NONE',  ( -4.000000000000001776, 21.00560209553989566, 1.850000000000000533 ) ) ;
#9538 = ORIENTED_EDGE ( 'NONE', *, *, #10046, .F. ) ;
#9539 = ORIENTED_EDGE ( 'NONE', *, *, #4377, .F. ) ;
#9540 = EDGE_CURVE ( 'NONE', #1404, #724, #10097, .T. ) ;
#9541 = DIRECTION ( 'NONE',  ( -0.000000000000000000, -0.000000000000000000, 1.000000000000000000 ) ) ;
#9542 = FACE_OUTER_BOUND ( 'NONE', #7698, .T. ) ;
#9543 = ORIENTED_EDGE ( 'NONE', *, *, #4813, .T. ) ;
#9544 = CARTESIAN_POINT ( 'NONE',  ( -2.339999999999999858, 0.1000000000000000056, 2.350000000000004530 ) ) ;
#9545 = ORIENTED_EDGE ( 'NONE', *, *, #4217, .F. ) ;
#9546 =( NAMED_UNIT ( * ) PLANE_ANGLE_UNIT ( ) SI_UNIT ( $, .RADIAN. ) );
#9547 =( NAMED_UNIT ( * ) SI_UNIT ( $, .STERADIAN. ) SOLID_ANGLE_UNIT ( ) );
#9548 = SURFACE_SIDE_STYLE ('',( #9377 ) ) ;
#9549 = STYLED_ITEM ( 'NONE', ( #6001 ), #8862 ) ;
#9550 = ORIENTED_EDGE ( 'NONE', *, *, #4646, .F. ) ;
#9551 =( LENGTH_UNIT ( ) NAMED_UNIT ( * ) SI_UNIT ( .MILLI., .METRE. ) );
#9552 = LINE ( 'NONE', #1991, #10494 ) ;
#9553 = SURFACE_STYLE_USAGE ( .BOTH. , #361 ) ;
#9554 = ORIENTED_EDGE ( 'NONE', *, *, #10429, .T. ) ;
#9555 =( NAMED_UNIT ( * ) SI_UNIT ( $, .STERADIAN. ) SOLID_ANGLE_UNIT ( ) );
#9556 = VECTOR ( 'NONE', #9357, 1000.000000000000000 ) ;
#9557 = VERTEX_POINT ( 'NONE', #5941 ) ;
#9558 = CARTESIAN_POINT ( 'NONE',  ( -3.499999999950209606, 4.499999999950186513, -0.6249377795396807711 ) ) ;
#9559 = EDGE_CURVE ( 'NONE', #9612, #3306, #1768, .T. ) ;
#9560 = STYLED_ITEM ( 'NONE', ( #10615 ), #9098 ) ;
#9561 = ORIENTED_EDGE ( 'NONE', *, *, #5609, .F. ) ;
#9562 = FACE_OUTER_BOUND ( 'NONE', #4807, .T. ) ;
#9563 = EDGE_LOOP ( 'NONE', ( #1950, #9355, #7997, #3013 ) ) ;
#9564 = LINE ( 'NONE', #2752, #1671 ) ;
#9565 = CARTESIAN_POINT ( 'NONE',  ( -3.337426537614708089, 0.4932555058087318978, -1.543333668776807110 ) ) ;
#9566 = ORIENTED_EDGE ( 'NONE', *, *, #4782, .T. ) ;
#9567 = EDGE_CURVE ( 'NONE', #4495, #3206, #9991, .T. ) ;
#9568 = VECTOR ( 'NONE', #2213, 1000.000000000000000 ) ;
#9569 = FACE_OUTER_BOUND ( 'NONE', #10771, .T. ) ;
#9570 = VERTEX_POINT ( 'NONE', #2584 ) ;
#9571 = VERTEX_POINT ( 'NONE', #3184 ) ;
#9572 = VECTOR ( 'NONE', #9593, 1000.000000000000000 ) ;
#9573 = CARTESIAN_POINT ( 'NONE',  ( -2.025000000000000355, 4.699999999999997513, -1.850000000000000533 ) ) ;
#9574 = DIRECTION ( 'NONE',  ( 0.000000000000000000, -1.000000000000000000, 0.000000000000000000 ) ) ;
#9575 = DIRECTION ( 'NONE',  ( -1.000000000000000000, 0.000000000000000000, -0.000000000000000000 ) ) ;
#9576 = CARTESIAN_POINT ( 'NONE',  ( -3.400000000000024336, 4.400000000000002132, 0.2249377794898766159 ) ) ;
#9577 = ADVANCED_FACE ( 'NONE', ( #23 ), #9101, .F. ) ;
#9578 = LINE ( 'NONE', #2181, #124 ) ;
#9579 = AXIS2_PLACEMENT_3D ( 'NONE', #6035, #7900, #1981 ) ;
#9580 = EDGE_CURVE ( 'NONE', #2354, #8845, #4142, .T. ) ;
#9581 = DIRECTION ( 'NONE',  ( -1.000000000000000000, 0.000000000000000000, -0.000000000000000000 ) ) ;
#9582 = VERTEX_POINT ( 'NONE', #5838 ) ;
#9583 = FILL_AREA_STYLE ('',( #285 ) ) ;
#9584 = ORIENTED_EDGE ( 'NONE', *, *, #9438, .T. ) ;
#9585 = CARTESIAN_POINT ( 'NONE',  ( -2.339999999999999858, 1.350000000000001865, 1.350000000000004086 ) ) ;
#9586 = FACE_OUTER_BOUND ( 'NONE', #8397, .T. ) ;
#9587 = DIRECTION ( 'NONE',  ( -0.000000000000000000, -0.000000000000000000, -1.000000000000000000 ) ) ;
#9588 = ORIENTED_EDGE ( 'NONE', *, *, #3831, .T. ) ;
#9589 = CARTESIAN_POINT ( 'NONE',  ( 4.000000000000001776, 4.700000000000000178, 0.9499999999999855227 ) ) ;
#9590 = EDGE_CURVE ( 'NONE', #2784, #10067, #7468, .T. ) ;
#9591 = VERTEX_POINT ( 'NONE', #10866 ) ;
#9592 = EDGE_CURVE ( 'NONE', #5810, #2516, #3280, .T. ) ;
#9593 = DIRECTION ( 'NONE',  ( 0.000000000000000000, -0.7071067811865482389, -0.7071067811865469066 ) ) ;
#9595 = FACE_OUTER_BOUND ( 'NONE', #9933, .T. ) ;
#9594 = COLOUR_RGB ( '',1.000000000000000000, 1.000000000000000000, 1.000000000000000000 ) ;
#9596 = DIRECTION ( 'NONE',  ( 1.885568995626964780E-16, -1.000000000000000000, -2.405103531094177914E-32 ) ) ;
#9597 = SURFACE_STYLE_USAGE ( .BOTH. , #4565 ) ;
#9598 = ORIENTED_EDGE ( 'NONE', *, *, #10158, .F. ) ;
#9599 = DIRECTION ( 'NONE',  ( -0.7071067811865465735, -0.7071067811865485719, 0.000000000000000000 ) ) ;
#9600 = ORIENTED_EDGE ( 'NONE', *, *, #5179, .F. ) ;
#9601 = DIRECTION ( 'NONE',  ( 0.000000000000000000, 0.000000000000000000, -1.000000000000000000 ) ) ;
#9602 = VECTOR ( 'NONE', #3014, 1000.000000000000000 ) ;
#9603 =( GEOMETRIC_REPRESENTATION_CONTEXT ( 3 ) GLOBAL_UNCERTAINTY_ASSIGNED_CONTEXT ( ( #699 ) ) GLOBAL_UNIT_ASSIGNED_CONTEXT ( ( #9073, #9964, #4452 ) ) REPRESENTATION_CONTEXT ( 'NONE', 'WORKASPACE' ) );
#9604 = FACE_OUTER_BOUND ( 'NONE', #9515, .T. ) ;
#9605 = ORIENTED_EDGE ( 'NONE', *, *, #4198, .F. ) ;
#9606 = SURFACE_STYLE_FILL_AREA ( #8631 ) ;
#9607 = ORIENTED_EDGE ( 'NONE', *, *, #7498, .T. ) ;
#9608 = LINE ( 'NONE', #4393, #6062 ) ;
#9609 = DIRECTION ( 'NONE',  ( 0.000000000000000000, -0.000000000000000000, 1.000000000000000000 ) ) ;
#9610 = AXIS2_PLACEMENT_3D ( 'NONE', #1365, #8055, #7393 ) ;
#9611 = DIRECTION ( 'NONE',  ( 0.000000000000000000, 0.7071067811865482389, 0.7071067811865469066 ) ) ;
#9612 = VERTEX_POINT ( 'NONE', #1600 ) ;
#9613 = UNCERTAINTY_MEASURE_WITH_UNIT (LENGTH_MEASURE( 1.000000000000000082E-05 ), #6975, 'distance_accuracy_value', 'NONE');
#9615 = CARTESIAN_POINT ( 'NONE',  ( -5.700000000000017941, 4.700000000000000178, 0.1500000000000049349 ) ) ;
#9614 = CARTESIAN_POINT ( 'NONE',  ( -4.219999999999994422, 1.200000000000000178, 0.3500000000000037526 ) ) ;
#9616 = SURFACE_STYLE_FILL_AREA ( #2261 ) ;
#9617 = VECTOR ( 'NONE', #6804, 1000.000000000000000 ) ;
#9618 = DIRECTION ( 'NONE',  ( 1.000000000000000000, 0.000000000000000000, 0.000000000000000000 ) ) ;
#9619 = ORIENTED_EDGE ( 'NONE', *, *, #1893, .F. ) ;
#9620 = VECTOR ( 'NONE', #8836, 1000.000000000000000 ) ;
#9621 = SURFACE_STYLE_USAGE ( .BOTH. , #7259 ) ;
#9622 = EDGE_CURVE ( 'NONE', #5326, #9886, #6676, .T. ) ;
#9623 = VERTEX_POINT ( 'NONE', #10812 ) ;
#9624 =( NAMED_UNIT ( * ) SI_UNIT ( $, .STERADIAN. ) SOLID_ANGLE_UNIT ( ) );
#9625 =( NAMED_UNIT ( * ) SI_UNIT ( $, .STERADIAN. ) SOLID_ANGLE_UNIT ( ) );
#9626 = CARTESIAN_POINT ( 'NONE',  ( 1.409999999999999698, 3.548929149633788249, -1.004535961130712751 ) ) ;
#9627 = VECTOR ( 'NONE', #7771, 1000.000000000000000 ) ;
#9628 = UNCERTAINTY_MEASURE_WITH_UNIT (LENGTH_MEASURE( 1.000000000000000082E-05 ), #8012, 'distance_accuracy_value', 'NONE');
#9629 = VECTOR ( 'NONE', #4129, 1000.000000000000000 ) ;
#9630 = CARTESIAN_POINT ( 'NONE',  ( 2.439999999999999947, 4.000000000000000000, -0.9250000000000404565 ) ) ;
#9631 = CARTESIAN_POINT ( 'NONE',  ( 1.089999999999999858, 0.4499999999999999556, 2.250000000000004441 ) ) ;
#9632 = CARTESIAN_POINT ( 'NONE',  ( 5.199999999999999289, -0.9059928172283340242, -1.550000000000000488 ) ) ;
#9633 = SURFACE_STYLE_USAGE ( .BOTH. , #10624 ) ;
#9634 = ORIENTED_EDGE ( 'NONE', *, *, #8706, .F. ) ;
#9635 = STYLED_ITEM ( 'NONE', ( #6271 ), #5509 ) ;
#9636 = DIRECTION ( 'NONE',  ( -0.000000000000000000, 1.000000000000000000, 0.000000000000000000 ) ) ;
#9637 = ORIENTED_EDGE ( 'NONE', *, *, #6341, .T. ) ;
#9638 = DIRECTION ( 'NONE',  ( 0.000000000000000000, -0.7071067811865470176, -0.7071067811865481278 ) ) ;
#9639 = ADVANCED_FACE ( 'NONE', ( #4044 ), #9264, .F. ) ;
#9640 = FILL_AREA_STYLE_COLOUR ( '', #529 ) ;
#9641 = ORIENTED_EDGE ( 'NONE', *, *, #8116, .T. ) ;
#9642 = LINE ( 'NONE', #8874, #1226 ) ;
#9643 = UNCERTAINTY_MEASURE_WITH_UNIT (LENGTH_MEASURE( 1.000000000000000082E-05 ), #6511, 'distance_accuracy_value', 'NONE');
#9644 = PRESENTATION_LAYER_ASSIGNMENT (  '', '', ( #2585 ) ) ;
#9645 = DIRECTION ( 'NONE',  ( -0.000000000000000000, 1.000000000000000000, -0.000000000000000000 ) ) ;
#9646 = FILL_AREA_STYLE ('',( #7228 ) ) ;
#9647 = DIRECTION ( 'NONE',  ( 5.052592648476138302E-15, -1.000000000000000000, -0.000000000000000000 ) ) ;
#9648 = VERTEX_POINT ( 'NONE', #4379 ) ;
#9649 = CARTESIAN_POINT ( 'NONE',  ( -2.660000000000000142, 0.3499999999999999223, 2.350000000000004530 ) ) ;
#9650 = COLOUR_RGB ( '',1.000000000000000000, 1.000000000000000000, 1.000000000000000000 ) ;
#9651 = FACE_OUTER_BOUND ( 'NONE', #3650, .T. ) ;
#9652 = PRESENTATION_STYLE_ASSIGNMENT (( #4664 ) ) ;
#9653 = EDGE_CURVE ( 'NONE', #7404, #3557, #8675, .T. ) ;
#9654 = DIRECTION ( 'NONE',  ( 0.7071067811865473507, 0.7071067811865477948, 0.000000000000000000 ) ) ;
#9655 = CARTESIAN_POINT ( 'NONE',  ( 0.06000000000000015737, 4.000000000000000000, 0.000000000000000000 ) ) ;
#9656 = CARTESIAN_POINT ( 'NONE',  ( 1.089999999999999858, 0.1000000000000000056, 2.350000000000004530 ) ) ;
#9657 = EDGE_LOOP ( 'NONE', ( #1445, #3246, #7506, #6819 ) ) ;
#9658 = EDGE_CURVE ( 'NONE', #8363, #8750, #7804, .T. ) ;
#9659 = DIRECTION ( 'NONE',  ( -0.000000000000000000, 1.000000000000000000, -0.000000000000000000 ) ) ;
#9660 = ORIENTED_EDGE ( 'NONE', *, *, #8921, .F. ) ;
#9661 = EDGE_CURVE ( 'NONE', #10823, #685, #10302, .T. ) ;
#9662 = DIRECTION ( 'NONE',  ( 0.000000000000000000, 0.000000000000000000, -1.000000000000000000 ) ) ;
#9663 = PRESENTATION_LAYER_ASSIGNMENT (  '', '', ( #3114 ) ) ;
#9664 = DIRECTION ( 'NONE',  ( -0.000000000000000000, -1.000000000000000000, 0.000000000000000000 ) ) ;
#9665 =( GEOMETRIC_REPRESENTATION_CONTEXT ( 3 ) GLOBAL_UNCERTAINTY_ASSIGNED_CONTEXT ( ( #1130 ) ) GLOBAL_UNIT_ASSIGNED_CONTEXT ( ( #263, #90, #5962 ) ) REPRESENTATION_CONTEXT ( 'NONE', 'WORKASPACE' ) );
#9666 = ORIENTED_EDGE ( 'NONE', *, *, #5690, .F. ) ;
#9667 = PLANE ( 'NONE',  #6385 ) ;
#9668 = DIRECTION ( 'NONE',  ( -1.000000000000000000, 0.000000000000000000, -0.000000000000000000 ) ) ;
#9669 = PRESENTATION_STYLE_ASSIGNMENT (( #8187 ) ) ;
#9670 = LINE ( 'NONE', #2269, #6827 ) ;
#9671 =( GEOMETRIC_REPRESENTATION_CONTEXT ( 3 ) GLOBAL_UNCERTAINTY_ASSIGNED_CONTEXT ( ( #7447 ) ) GLOBAL_UNIT_ASSIGNED_CONTEXT ( ( #3989, #10596, #1598 ) ) REPRESENTATION_CONTEXT ( 'NONE', 'WORKASPACE' ) );
#9672 = EDGE_CURVE ( 'NONE', #3122, #9623, #8518, .T. ) ;
#9673 = FACE_OUTER_BOUND ( 'NONE', #2972, .T. ) ;
#9674 = VERTEX_POINT ( 'NONE', #7738 ) ;
#9675 = AXIS2_PLACEMENT_3D ( 'NONE', #4567, #9599, #2205 ) ;
#9676 = CARTESIAN_POINT ( 'NONE',  ( 0.000000000000000000, 4.700000000000000178, 0.000000000000000000 ) ) ;
#9677 = COLOUR_RGB ( '',0.7921568627450980005, 0.8196078431372548767, 0.9333333333333333481 ) ;
#9678 = STYLED_ITEM ( 'NONE', ( #5829 ), #10708 ) ;
#9679 = FILL_AREA_STYLE ('',( #1401 ) ) ;
#9680 = ORIENTED_EDGE ( 'NONE', *, *, #8217, .T. ) ;
#9681 = AXIS2_PLACEMENT_3D ( 'NONE', #6219, #7054, #9754 ) ;
#9682 = VECTOR ( 'NONE', #7728, 1000.000000000000114 ) ;
#9683 = ORIENTED_EDGE ( 'NONE', *, *, #2551, .T. ) ;
#9684 = PLANE ( 'NONE',  #5842 ) ;
#9685 = VECTOR ( 'NONE', #2648, 1000.000000000000000 ) ;
#9686 = COLOUR_RGB ( '',1.000000000000000000, 1.000000000000000000, 1.000000000000000000 ) ;
#9687 = VECTOR ( 'NONE', #2367, 999.9999999999998863 ) ;
#9688 = CARTESIAN_POINT ( 'NONE',  ( 1.089999999999999858, 0.03083447080518480002, 0.1748709736949816407 ) ) ;
#9689 = VECTOR ( 'NONE', #164, 1000.000000000000000 ) ;
#9690 = LINE ( 'NONE', #5439, #1869 ) ;
#9691 = EDGE_CURVE ( 'NONE', #5043, #5368, #2733, .T. ) ;
#9692 = SURFACE_STYLE_FILL_AREA ( #8865 ) ;
#9693 = VECTOR ( 'NONE', #3536, 1000.000000000000000 ) ;
#9694 = ORIENTED_EDGE ( 'NONE', *, *, #7201, .F. ) ;
#9695 = PLANE ( 'NONE',  #7425 ) ;
#9696 = ORIENTED_EDGE ( 'NONE', *, *, #2957, .F. ) ;
#9697 = DIRECTION ( 'NONE',  ( -0.000000000000000000, 1.000000000000000000, -0.000000000000000000 ) ) ;
#9698 = SURFACE_SIDE_STYLE ('',( #5610 ) ) ;
#9699 = CARTESIAN_POINT ( 'NONE',  ( -2.424999999999999822, 2.099999999999996980, -1.850000000000000533 ) ) ;
#9700 = EDGE_LOOP ( 'NONE', ( #6567, #3869, #8528, #6859 ) ) ;
#9701 = CARTESIAN_POINT ( 'NONE',  ( -3.700000000000019273, 4.700000000000000178, -0.6750000000000004885 ) ) ;
#9702 = VECTOR ( 'NONE', #9864, 1000.000000000000000 ) ;
#9703 = CARTESIAN_POINT ( 'NONE',  ( 4.669999999999994600, 4.336808689942017736E-16, 0.3500000000000037526 ) ) ;
#9704 = EDGE_CURVE ( 'NONE', #682, #989, #1153, .T. ) ;
#9705 = SURFACE_STYLE_USAGE ( .BOTH. , #10633 ) ;
#9706 = EDGE_CURVE ( 'NONE', #10137, #9648, #1933, .T. ) ;
#9707 = DIRECTION ( 'NONE',  ( 0.000000000000000000, 1.000000000000000000, 0.000000000000000000 ) ) ;
#9708 = ORIENTED_EDGE ( 'NONE', *, *, #7147, .F. ) ;
#9709 = SURFACE_SIDE_STYLE ('',( #10582 ) ) ;
#9710 = MECHANICAL_DESIGN_GEOMETRIC_PRESENTATION_REPRESENTATION (  '', ( #9176 ), #10068 ) ;
#9711 =( LENGTH_UNIT ( ) NAMED_UNIT ( * ) SI_UNIT ( .MILLI., .METRE. ) );
#9712 = LINE ( 'NONE', #6389, #1896 ) ;
#9713 = DIRECTION ( 'NONE',  ( 0.7071067811865477948, -0.7071067811865473507, 0.000000000000000000 ) ) ;
#9714 = DIRECTION ( 'NONE',  ( -1.000000000000000000, -0.000000000000000000, -0.000000000000000000 ) ) ;
#9715 = ORIENTED_EDGE ( 'NONE', *, *, #609, .T. ) ;
#9716 = VERTEX_POINT ( 'NONE', #7912 ) ;
#9717 = CARTESIAN_POINT ( 'NONE',  ( 1.409999999999999698, 1.749999999999999778, -1.125000000000033973 ) ) ;
#9718 = ADVANCED_FACE ( 'NONE', ( #2801 ), #2683, .F. ) ;
#9719 = STYLED_ITEM ( 'NONE', ( #426 ), #8545 ) ;
#9720 = EDGE_CURVE ( 'NONE', #1966, #9165, #7059, .T. ) ;
#9721 =( NAMED_UNIT ( * ) SI_UNIT ( $, .STERADIAN. ) SOLID_ANGLE_UNIT ( ) );
#9722 = DIRECTION ( 'NONE',  ( -0.7071067811865465735, 0.7071067811865485719, 0.000000000000000000 ) ) ;
#9723 = ADVANCED_FACE ( 'NONE', ( #2639 ), #3816, .T. ) ;
#9724 = VERTEX_POINT ( 'NONE', #9814 ) ;
#9725 = DIRECTION ( 'NONE',  ( -5.263117342162644475E-17, 1.000000000000000000, 0.000000000000000000 ) ) ;
#9726 = CARTESIAN_POINT ( 'NONE',  ( -3.400000000000024336, 1.749999999999999778, 0.2249377794898766159 ) ) ;
#9727 = CARTESIAN_POINT ( 'NONE',  ( 0.1599999999999999756, 0.2787990747163040517, -1.581148123764847258 ) ) ;
#9728 = CARTESIAN_POINT ( 'NONE',  ( 3.525881904447568882, 4.525881904447545345, -0.6283451969090770861 ) ) ;
#9729 = ORIENTED_EDGE ( 'NONE', *, *, #3090, .T. ) ;
#9730 = EDGE_CURVE ( 'NONE', #8026, #3517, #1272, .T. ) ;
#9731 = VECTOR ( 'NONE', #2335, 1000.000000000000000 ) ;
#9732 =( NAMED_UNIT ( * ) SI_UNIT ( $, .STERADIAN. ) SOLID_ANGLE_UNIT ( ) );
#9733 = DIRECTION ( 'NONE',  ( 0.000000000000000000, -0.000000000000000000, 1.000000000000000000 ) ) ;
#9734 = ORIENTED_EDGE ( 'NONE', *, *, #535, .T. ) ;
#9735 = LINE ( 'NONE', #2929, #10232 ) ;
#9736 = EDGE_CURVE ( 'NONE', #4420, #10612, #5401, .T. ) ;
#9737 = ORIENTED_EDGE ( 'NONE', *, *, #5685, .T. ) ;
#9738 = SURFACE_STYLE_USAGE ( .BOTH. , #7371 ) ;
#9739 =( NAMED_UNIT ( * ) SI_UNIT ( $, .STERADIAN. ) SOLID_ANGLE_UNIT ( ) );
#9740 = VECTOR ( 'NONE', #670, 1000.000000000000000 ) ;
#9741 = UNCERTAINTY_MEASURE_WITH_UNIT (LENGTH_MEASURE( 1.000000000000000082E-05 ), #9010, 'distance_accuracy_value', 'NONE');
#9742 = FILL_AREA_STYLE_COLOUR ( '', #2185 ) ;
#9743 = UNCERTAINTY_MEASURE_WITH_UNIT (LENGTH_MEASURE( 1.000000000000000082E-05 ), #9363, 'distance_accuracy_value', 'NONE');
#9744 = LINE ( 'NONE', #1349, #8040 ) ;
#9745 = LINE ( 'NONE', #7043, #1364 ) ;
#9746 = SURFACE_STYLE_USAGE ( .BOTH. , #10567 ) ;
#9748 = DIRECTION ( 'NONE',  ( 0.000000000000000000, 0.000000000000000000, 1.000000000000000000 ) ) ;
#9747 = VECTOR ( 'NONE', #3435, 1000.000000000000000 ) ;
#9749 = EDGE_LOOP ( 'NONE', ( #2793, #8274, #3345, #3711 ) ) ;
#9750 = FILL_AREA_STYLE ('',( #6378 ) ) ;
#9751 = ORIENTED_EDGE ( 'NONE', *, *, #7021, .T. ) ;
#9752 = CARTESIAN_POINT ( 'NONE',  ( -4.219999999999995310, 0.4500000000000008993, 0.3500000000000037526 ) ) ;
#9753 = ORIENTED_EDGE ( 'NONE', *, *, #8851, .F. ) ;
#9754 = DIRECTION ( 'NONE',  ( 0.000000000000000000, 0.000000000000000000, -1.000000000000000000 ) ) ;
#9755 = STYLED_ITEM ( 'NONE', ( #8572 ), #10073 ) ;
#9756 = DIRECTION ( 'NONE',  ( 0.000000000000000000, 0.000000000000000000, -1.000000000000000000 ) ) ;
#9757 = SURFACE_SIDE_STYLE ('',( #503 ) ) ;
#9758 = CARTESIAN_POINT ( 'NONE',  ( -4.000000000000001776, 2.899999999999999467, -1.550000000000000488 ) ) ;
#9759 = VERTEX_POINT ( 'NONE', #7170 ) ;
#9760 = CARTESIAN_POINT ( 'NONE',  ( 0.000000000000000000, 0.2999999999999999889, 0.3500000000000037526 ) ) ;
#9761 = SURFACE_SIDE_STYLE ('',( #1154 ) ) ;
#9762 =( NAMED_UNIT ( * ) PLANE_ANGLE_UNIT ( ) SI_UNIT ( $, .RADIAN. ) );
#9763 = EDGE_CURVE ( 'NONE', #10394, #9570, #10525, .T. ) ;
#9764 = LINE ( 'NONE', #4727, #1343 ) ;
#9765 = LINE ( 'NONE', #659, #7744 ) ;
#9766 = ORIENTED_EDGE ( 'NONE', *, *, #10839, .F. ) ;
#9767 = DIRECTION ( 'NONE',  ( 0.000000000000000000, 0.000000000000000000, -1.000000000000000000 ) ) ;
#9768 = VERTEX_POINT ( 'NONE', #4722 ) ;
#9769 = CARTESIAN_POINT ( 'NONE',  ( -4.469999999999994422, 0.4500000000000009548, 0.3500000000000037526 ) ) ;
#9770 = CARTESIAN_POINT ( 'NONE',  ( -3.700000000000024603, 4.700000000000000178, -1.750000000000039746 ) ) ;
#9771 = ORIENTED_EDGE ( 'NONE', *, *, #5182, .T. ) ;
#9772 =( NAMED_UNIT ( * ) PLANE_ANGLE_UNIT ( ) SI_UNIT ( $, .RADIAN. ) );
#9773 = LINE ( 'NONE', #2974, #226 ) ;
#9774 =( NAMED_UNIT ( * ) SI_UNIT ( $, .STERADIAN. ) SOLID_ANGLE_UNIT ( ) );
#9775 = CARTESIAN_POINT ( 'NONE',  ( 3.700000000000025491, 4.700000000000000178, 0.9499999999999855227 ) ) ;
#9776 = CARTESIAN_POINT ( 'NONE',  ( 0.1599999999999999756, 1.749999999999999778, -0.3250000000000474176 ) ) ;
#9777 = PLANE ( 'NONE',  #9463 ) ;
#9778 = ADVANCED_FACE ( 'NONE', ( #1211 ), #8008, .F. ) ;
#9779 = EDGE_LOOP ( 'NONE', ( #1035, #1963, #6840, #93 ) ) ;
#9781 = ADVANCED_FACE ( 'NONE', ( #3113 ), #10468, .T. ) ;
#9780 = VECTOR ( 'NONE', #8738, 1000.000000000000000 ) ;
#9782 = CIRCLE ( 'NONE', #8555, 0.1999999999999996503 ) ;
#9783 = DIRECTION ( 'NONE',  ( 0.000000000000000000, -1.000000000000000000, 0.000000000000000000 ) ) ;
#9784 = CARTESIAN_POINT ( 'NONE',  ( -3.500000000000001776, 0.2999999999999999889, 0.9500000000000005107 ) ) ;
#9785 = ORIENTED_EDGE ( 'NONE', *, *, #180, .F. ) ;
#9786 = AXIS2_PLACEMENT_3D ( 'NONE', #1867, #241, #5224 ) ;
#9787 = FILL_AREA_STYLE_COLOUR ( '', #4950 ) ;
#9788 = VERTEX_POINT ( 'NONE', #9649 ) ;
#9789 = CARTESIAN_POINT ( 'NONE',  ( -1.090000000000000080, 0.000000000000000000, 0.000000000000000000 ) ) ;
#9790 = COLOUR_RGB ( '',1.000000000000000000, 1.000000000000000000, 1.000000000000000000 ) ;
#9791 = ADVANCED_FACE ( 'NONE', ( #2090 ), #9249, .F. ) ;
#9792 = ADVANCED_FACE ( 'NONE', ( #2404 ), #7559, .F. ) ;
#9793 = VECTOR ( 'NONE', #540, 1000.000000000000114 ) ;
#9794 = SURFACE_STYLE_USAGE ( .BOTH. , #4940 ) ;
#9795 = EDGE_CURVE ( 'NONE', #1995, #8821, #9144, .T. ) ;
#9796 = SURFACE_SIDE_STYLE ('',( #4592 ) ) ;
#9797 = VECTOR ( 'NONE', #8063, 1000.000000000000000 ) ;
#9798 = VERTEX_POINT ( 'NONE', #4189 ) ;
#9799 = DIRECTION ( 'NONE',  ( 0.2133021165724263424, 0.9621436710723737518, 0.1696518885279465760 ) ) ;
#9800 = ORIENTED_EDGE ( 'NONE', *, *, #4077, .T. ) ;
#9801 = LINE ( 'NONE', #2240, #8875 ) ;
#9802 = PRESENTATION_LAYER_ASSIGNMENT (  '', '', ( #3260 ) ) ;
#9803 =( NAMED_UNIT ( * ) SI_UNIT ( $, .STERADIAN. ) SOLID_ANGLE_UNIT ( ) );
#9804 = LINE ( 'NONE', #9966, #8810 ) ;
#9805 = ADVANCED_FACE ( 'NONE', ( #3172 ), #3219, .F. ) ;
#9806 =( GEOMETRIC_REPRESENTATION_CONTEXT ( 3 ) GLOBAL_UNCERTAINTY_ASSIGNED_CONTEXT ( ( #279 ) ) GLOBAL_UNIT_ASSIGNED_CONTEXT ( ( #1483, #6556, #8377 ) ) REPRESENTATION_CONTEXT ( 'NONE', 'WORKASPACE' ) );
#9807 = DIRECTION ( 'NONE',  ( 0.000000000000000000, 1.000000000000000000, -4.858652729125647208E-17 ) ) ;
#9808 = SURFACE_STYLE_USAGE ( .BOTH. , #2900 ) ;
#9809 =( LENGTH_UNIT ( ) NAMED_UNIT ( * ) SI_UNIT ( .MILLI., .METRE. ) );
#9810 = STYLED_ITEM ( 'NONE', ( #2848 ), #5411 ) ;
#9811 = EDGE_LOOP ( 'NONE', ( #4175, #7988, #6651, #7757, #10779, #10408 ) ) ;
#9812 = STYLED_ITEM ( 'NONE', ( #7561 ), #489 ) ;
#9813 = DIRECTION ( 'NONE',  ( 1.000000000000000000, -0.000000000000000000, 0.000000000000000000 ) ) ;
#9814 = CARTESIAN_POINT ( 'NONE',  ( -1.090000000000000080, 0.4500000000000000111, 1.850000000000004530 ) ) ;
#9815 = DIRECTION ( 'NONE',  ( 3.771137991253928573E-16, 1.000000000000000000, 0.000000000000000000 ) ) ;
#9816 = DIRECTION ( 'NONE',  ( 0.000000000000000000, -1.355252715606857123E-16, 1.000000000000000000 ) ) ;
#9817 = DIRECTION ( 'NONE',  ( -0.9659258262890682012, 0.000000000000000000, -0.2588190451025208505 ) ) ;
#9818 = SURFACE_STYLE_USAGE ( .BOTH. , #6605 ) ;
#9819 = ORIENTED_EDGE ( 'NONE', *, *, #6799, .F. ) ;
#9820 = VECTOR ( 'NONE', #10405, 1000.000000000000000 ) ;
#9821 = DIRECTION ( 'NONE',  ( 0.000000000000000000, 0.000000000000000000, 1.000000000000000000 ) ) ;
#9822 = ORIENTED_EDGE ( 'NONE', *, *, #6670, .F. ) ;
#9823 = VECTOR ( 'NONE', #1114, 1000.000000000000000 ) ;
#9824 = DIRECTION ( 'NONE',  ( -1.000000000000000000, -0.000000000000000000, -0.000000000000000000 ) ) ;
#9825 =( NAMED_UNIT ( * ) SI_UNIT ( $, .STERADIAN. ) SOLID_ANGLE_UNIT ( ) );
#9826 = ADVANCED_FACE ( 'NONE', ( #9084 ), #9202, .T. ) ;
#9827 = DIRECTION ( 'NONE',  ( -5.421010862427535975E-16, 0.000000000000000000, 1.000000000000000000 ) ) ;
#9828 = PRESENTATION_LAYER_ASSIGNMENT (  '', '', ( #4699 ) ) ;
#9829 = ORIENTED_EDGE ( 'NONE', *, *, #3416, .T. ) ;
#9830 = CARTESIAN_POINT ( 'NONE',  ( 3.400000000000026557, 4.400000000000002132, 0.1533846645330072533 ) ) ;
#9831 = VECTOR ( 'NONE', #10283, 1000.000000000000000 ) ;
#9832 = LINE ( 'NONE', #5839, #5658 ) ;
#9833 = LINE ( 'NONE', #8896, #119 ) ;
#9834 = SURFACE_SIDE_STYLE ('',( #10484 ) ) ;
#9835 = ORIENTED_EDGE ( 'NONE', *, *, #8570, .F. ) ;
#9836 = DIRECTION ( 'NONE',  ( 0.000000000000000000, 0.000000000000000000, -1.000000000000000000 ) ) ;
#9837 = ORIENTED_EDGE ( 'NONE', *, *, #8346, .F. ) ;
#9838 = VECTOR ( 'NONE', #1284, 1000.000000000000000 ) ;
#9839 = CARTESIAN_POINT ( 'NONE',  ( 3.400000000000025224, 1.749999999999999778, 0.9499999999999854117 ) ) ;
#9840 = EDGE_CURVE ( 'NONE', #9724, #8780, #972, .T. ) ;
#9841 = DIRECTION ( 'NONE',  ( -0.5773502691896288397, -0.5773502691896232886, -0.5773502691896251759 ) ) ;
#9842 = ADVANCED_FACE ( 'NONE', ( #3592 ), #10138, .F. ) ;
#9843 = ORIENTED_EDGE ( 'NONE', *, *, #9975, .F. ) ;
#9844 = STYLED_ITEM ( 'NONE', ( #4563 ), #10502 ) ;
#9845 = AXIS2_PLACEMENT_3D ( 'NONE', #10810, #3232, #9047 ) ;
#9846 = DIRECTION ( 'NONE',  ( -0.000000000000000000, -0.000000000000000000, 1.000000000000000000 ) ) ;
#9847 = ORIENTED_EDGE ( 'NONE', *, *, #7787, .F. ) ;
#9848 =( LENGTH_UNIT ( ) NAMED_UNIT ( * ) SI_UNIT ( .MILLI., .METRE. ) );
#9850 = LINE ( 'NONE', #3850, #4488 ) ;
#9849 =( GEOMETRIC_REPRESENTATION_CONTEXT ( 3 ) GLOBAL_UNCERTAINTY_ASSIGNED_CONTEXT ( ( #6201 ) ) GLOBAL_UNIT_ASSIGNED_CONTEXT ( ( #3682, #7191, #2923 ) ) REPRESENTATION_CONTEXT ( 'NONE', 'WORKASPACE' ) );
#9851 = UNCERTAINTY_MEASURE_WITH_UNIT (LENGTH_MEASURE( 1.000000000000000082E-05 ), #5710, 'distance_accuracy_value', 'NONE');
#9852 = CARTESIAN_POINT ( 'NONE',  ( 2.660000000000000142, 0.1000000000000000056, 2.350000000000004530 ) ) ;
#9853 = UNCERTAINTY_MEASURE_WITH_UNIT (LENGTH_MEASURE( 1.000000000000000082E-05 ), #8044, 'distance_accuracy_value', 'NONE');
#9854 = MECHANICAL_DESIGN_GEOMETRIC_PRESENTATION_REPRESENTATION (  '', ( #6131 ), #10726 ) ;
#9855 =( GEOMETRIC_REPRESENTATION_CONTEXT ( 3 ) GLOBAL_UNCERTAINTY_ASSIGNED_CONTEXT ( ( #3213 ) ) GLOBAL_UNIT_ASSIGNED_CONTEXT ( ( #953, #6066, #8578 ) ) REPRESENTATION_CONTEXT ( 'NONE', 'WORKASPACE' ) );
#9856 =( NAMED_UNIT ( * ) PLANE_ANGLE_UNIT ( ) SI_UNIT ( $, .RADIAN. ) );
#9857 = UNCERTAINTY_MEASURE_WITH_UNIT (LENGTH_MEASURE( 1.000000000000000082E-05 ), #10764, 'distance_accuracy_value', 'NONE');
#9858 = AXIS2_PLACEMENT_3D ( 'NONE', #6768, #6162, #5163 ) ;
#9859 = FILL_AREA_STYLE ('',( #592 ) ) ;
#9860 = EDGE_CURVE ( 'NONE', #7585, #723, #2719, .T. ) ;
#9861 = LINE ( 'NONE', #4943, #5954 ) ;
#9862 = ORIENTED_EDGE ( 'NONE', *, *, #8030, .F. ) ;
#9863 = EDGE_CURVE ( 'NONE', #7672, #4632, #1858, .T. ) ;
#9864 = DIRECTION ( 'NONE',  ( -0.000000000000000000, -0.000000000000000000, 1.000000000000000000 ) ) ;
#9865 = VERTEX_POINT ( 'NONE', #232 ) ;
#9866 = COLOUR_RGB ( '',1.000000000000000000, 1.000000000000000000, 1.000000000000000000 ) ;
#9868 = DIRECTION ( 'NONE',  ( 0.000000000000000000, 0.000000000000000000, -1.000000000000000000 ) ) ;
#9867 = STYLED_ITEM ( 'NONE', ( #5716 ), #10869 ) ;
#9869 =( GEOMETRIC_REPRESENTATION_CONTEXT ( 3 ) GLOBAL_UNCERTAINTY_ASSIGNED_CONTEXT ( ( #3409 ) ) GLOBAL_UNIT_ASSIGNED_CONTEXT ( ( #4375, #5999, #3499 ) ) REPRESENTATION_CONTEXT ( 'NONE', 'WORKASPACE' ) );
#9870 = SURFACE_STYLE_USAGE ( .BOTH. , #8871 ) ;
#9871 = DIRECTION ( 'NONE',  ( 1.000000000000000000, 0.000000000000000000, 0.000000000000000000 ) ) ;
#9872 = CARTESIAN_POINT ( 'NONE',  ( 3.400000000000025224, 4.400000000000002132, 0.9499999999999855227 ) ) ;
#9873 =( LENGTH_UNIT ( ) NAMED_UNIT ( * ) SI_UNIT ( .MILLI., .METRE. ) );
#9874 = ORIENTED_EDGE ( 'NONE', *, *, #10397, .T. ) ;
#9875 = EDGE_CURVE ( 'NONE', #1630, #5295, #3538, .T. ) ;
#9876 = SURFACE_STYLE_FILL_AREA ( #2149 ) ;
#9877 = DIRECTION ( 'NONE',  ( -1.000000000000000000, -1.885568995626964780E-16, 0.000000000000000000 ) ) ;
#9878 = CARTESIAN_POINT ( 'NONE',  ( 2.660000000000000142, -1.125000000000002442, 1.125000000000004663 ) ) ;
#9879 = VECTOR ( 'NONE', #2893, 1000.000000000000000 ) ;
#9880 =( LENGTH_UNIT ( ) NAMED_UNIT ( * ) SI_UNIT ( .MILLI., .METRE. ) );
#9881 = ORIENTED_EDGE ( 'NONE', *, *, #5179, .T. ) ;
#9882 = ORIENTED_EDGE ( 'NONE', *, *, #3351, .F. ) ;
#9883 = FILL_AREA_STYLE ('',( #10760 ) ) ;
#9884 =( LENGTH_UNIT ( ) NAMED_UNIT ( * ) SI_UNIT ( .MILLI., .METRE. ) );
#9885 = DIRECTION ( 'NONE',  ( -0.7071067811865485719, 0.7071067811865465735, 1.916616770854225290E-15 ) ) ;
#9886 = VERTEX_POINT ( 'NONE', #4300 ) ;
#9887 =( LENGTH_UNIT ( ) NAMED_UNIT ( * ) SI_UNIT ( .MILLI., .METRE. ) );
#9888 = LINE ( 'NONE', #8340, #2996 ) ;
#9889 = DIRECTION ( 'NONE',  ( 1.927470528863123683E-15, 0.000000000000000000, 1.000000000000000000 ) ) ;
#9890 = LINE ( 'NONE', #5020, #10541 ) ;
#9891 = ORIENTED_EDGE ( 'NONE', *, *, #2168, .T. ) ;
#9892 = SURFACE_SIDE_STYLE ('',( #6520 ) ) ;
#9893 = VECTOR ( 'NONE', #8391, 1000.000000000000000 ) ;
#9894 = ORIENTED_EDGE ( 'NONE', *, *, #1874, .F. ) ;
#9895 = SURFACE_STYLE_USAGE ( .BOTH. , #8083 ) ;
#9896 = LINE ( 'NONE', #8348, #6479 ) ;
#9897 = PRESENTATION_STYLE_ASSIGNMENT (( #9222 ) ) ;
#9898 = COLOUR_RGB ( '',1.000000000000000000, 1.000000000000000000, 1.000000000000000000 ) ;
#9899 = ORIENTED_EDGE ( 'NONE', *, *, #8781, .T. ) ;
#9900 = ORIENTED_EDGE ( 'NONE', *, *, #4843, .F. ) ;
#9901 = LINE ( 'NONE', #3358, #10696 ) ;
#9902 = CARTESIAN_POINT ( 'NONE',  ( 0.000000000000000000, 3.249999999999996891, -1.850000000000000533 ) ) ;
#9903 = FILL_AREA_STYLE_COLOUR ( '', #1523 ) ;
#9904 = ADVANCED_FACE ( 'NONE', ( #5284 ), #5344, .F. ) ;
#9905 = CARTESIAN_POINT ( 'NONE',  ( -5.000000000000006217, 1.650000000000000355, -1.749999999999994449 ) ) ;
#9906 = AXIS2_PLACEMENT_3D ( 'NONE', #5709, #688, #4871 ) ;
#9907 =( LENGTH_UNIT ( ) NAMED_UNIT ( * ) SI_UNIT ( .MILLI., .METRE. ) );
#9908 = CARTESIAN_POINT ( 'NONE',  ( -4.000000000000001776, -0.9059928172283340242, 0.6500000000000025757 ) ) ;
#9909 = VERTEX_POINT ( 'NONE', #10511 ) ;
#9910 = LINE ( 'NONE', #1738, #6867 ) ;
#9911 = ORIENTED_EDGE ( 'NONE', *, *, #7151, .T. ) ;
#9912 = LINE ( 'NONE', #9280, #10631 ) ;
#9913 = EDGE_CURVE ( 'NONE', #3355, #999, #7273, .T. ) ;
#9914 = FILL_AREA_STYLE_COLOUR ( '', #9686 ) ;
#9915 = DIRECTION ( 'NONE',  ( 0.000000000000000000, 0.000000000000000000, 1.000000000000000000 ) ) ;
#9916 = EDGE_CURVE ( 'NONE', #9412, #2817, #10627, .T. ) ;
#9917 =( NAMED_UNIT ( * ) PLANE_ANGLE_UNIT ( ) SI_UNIT ( $, .RADIAN. ) );
#9918 = EDGE_CURVE ( 'NONE', #10373, #3190, #3706, .T. ) ;
#9919 = FILL_AREA_STYLE ('',( #1526 ) ) ;
#9920 = AXIS2_PLACEMENT_3D ( 'NONE', #5564, #6388, #7232 ) ;
#9921 = SURFACE_STYLE_USAGE ( .BOTH. , #5672 ) ;
#9922 = PRESENTATION_STYLE_ASSIGNMENT (( #9971 ) ) ;
#9923 = VERTEX_POINT ( 'NONE', #1417 ) ;
#9924 = LINE ( 'NONE', #507, #5632 ) ;
#9925 = SURFACE_STYLE_USAGE ( .BOTH. , #766 ) ;
#9926 = FACE_OUTER_BOUND ( 'NONE', #8089, .T. ) ;
#9927 = CARTESIAN_POINT ( 'NONE',  ( -3.523657060577888622E-15, 3.249999999999998668, -1.850000000000000533 ) ) ;
#9928 = VECTOR ( 'NONE', #287, 1000.000000000000000 ) ;
#9929 = FILL_AREA_STYLE_COLOUR ( '', #10907 ) ;
#9930 = EDGE_LOOP ( 'NONE', ( #6084, #716, #797, #2136 ) ) ;
#9931 = EDGE_CURVE ( 'NONE', #4056, #5704, #7219, .T. ) ;
#9932 = PLANE ( 'NONE',  #3139 ) ;
#9933 = EDGE_LOOP ( 'NONE', ( #10000, #9167, #1057, #6899 ) ) ;
#9934 =( LENGTH_UNIT ( ) NAMED_UNIT ( * ) SI_UNIT ( .MILLI., .METRE. ) );
#9935 = EDGE_CURVE ( 'NONE', #10179, #4755, #7049, .T. ) ;
#9936 = CARTESIAN_POINT ( 'NONE',  ( -4.469999999999994422, 0.4500000000000009548, -1.849999999999996314 ) ) ;
#9937 = CARTESIAN_POINT ( 'NONE',  ( 1.409999999999999698, 0.4499999999999999556, 2.250000000000004441 ) ) ;
#9938 = CARTESIAN_POINT ( 'NONE',  ( 0.1599999999999999756, 0.3000000000000002665, 4.065758146820575067E-17 ) ) ;
#9939 = VERTEX_POINT ( 'NONE', #3044 ) ;
#9940 = PLANE ( 'NONE',  #5249 ) ;
#9941 = VERTEX_POINT ( 'NONE', #5553 ) ;
#9942 = EDGE_CURVE ( 'NONE', #5491, #3132, #8824, .T. ) ;
#9943 = FILL_AREA_STYLE_COLOUR ( '', #3053 ) ;
#9944 = PLANE ( 'NONE',  #2080 ) ;
#9945 = VERTEX_POINT ( 'NONE', #8979 ) ;
#9946 = CARTESIAN_POINT ( 'NONE',  ( -5.000000000000006217, 1.650000000000000355, 0.3500000000000037526 ) ) ;
#9947 = ORIENTED_EDGE ( 'NONE', *, *, #9691, .T. ) ;
#9948 = DIRECTION ( 'NONE',  ( 0.2133021165724263424, -0.9621436710723737518, -0.1696518885279465760 ) ) ;
#9949 = DIRECTION ( 'NONE',  ( 0.000000000000000000, 1.355252715606857370E-16, -1.000000000000000000 ) ) ;
#9950 = VECTOR ( 'NONE', #3922, 1000.000000000000000 ) ;
#9951 = DIRECTION ( 'NONE',  ( 2.804752346195004299E-31, -1.000000000000000000, 0.000000000000000000 ) ) ;
#9952 = EDGE_LOOP ( 'NONE', ( #2282, #630, #2015, #8059, #7223, #3823, #4229 ) ) ;
#9953 = UNCERTAINTY_MEASURE_WITH_UNIT (LENGTH_MEASURE( 1.000000000000000082E-05 ), #937, 'distance_accuracy_value', 'NONE');
#9954 = SURFACE_STYLE_USAGE ( .BOTH. , #6581 ) ;
#9955 = UNCERTAINTY_MEASURE_WITH_UNIT (LENGTH_MEASURE( 1.000000000000000082E-05 ), #272, 'distance_accuracy_value', 'NONE');
#9956 = UNCERTAINTY_MEASURE_WITH_UNIT (LENGTH_MEASURE( 1.000000000000000082E-05 ), #249, 'distance_accuracy_value', 'NONE');
#9957 = FACE_OUTER_BOUND ( 'NONE', #7300, .T. ) ;
#9958 = VECTOR ( 'NONE', #1327, 1000.000000000000000 ) ;
#9959 = AXIS2_PLACEMENT_3D ( 'NONE', #2110, #6956, #8689 ) ;
#9960 = EDGE_CURVE ( 'NONE', #8567, #514, #9801, .T. ) ;
#9961 = CARTESIAN_POINT ( 'NONE',  ( -3.400000000000024336, 4.400000000000002132, -1.450000000000039702 ) ) ;
#9962 = ORIENTED_EDGE ( 'NONE', *, *, #8924, .T. ) ;
#9963 = ORIENTED_EDGE ( 'NONE', *, *, #2168, .F. ) ;
#9964 =( NAMED_UNIT ( * ) PLANE_ANGLE_UNIT ( ) SI_UNIT ( $, .RADIAN. ) );
#9965 = SURFACE_STYLE_FILL_AREA ( #4070 ) ;
#9966 = CARTESIAN_POINT ( 'NONE',  ( 3.500000000000000888, -1.029563014098700879, 1.850000000000000533 ) ) ;
#9967 = AXIS2_PLACEMENT_3D ( 'NONE', #9155, #3982, #9985 ) ;
#9968 = DIRECTION ( 'NONE',  ( -1.000000000000000000, -3.614007241618355673E-16, -5.421010862427535975E-16 ) ) ;
#9969 = LINE ( 'NONE', #3109, #6070 ) ;
#9970 = LINE ( 'NONE', #10794, #8776 ) ;
#9971 = SURFACE_STYLE_USAGE ( .BOTH. , #5826 ) ;
#9972 = ORIENTED_EDGE ( 'NONE', *, *, #8346, .T. ) ;
#9973 = STYLED_ITEM ( 'NONE', ( #5152 ), #4754 ) ;
#9974 = LINE ( 'NONE', #8493, #204 ) ;
#9975 = EDGE_CURVE ( 'NONE', #9591, #6115, #2840, .T. ) ;
#9976 = LINE ( 'NONE', #7284, #7723 ) ;
#9977 = CARTESIAN_POINT ( 'NONE',  ( -5.499999999999995559, 2.449978563248832020E-15, 0.3500000000000037526 ) ) ;
#9978 = VECTOR ( 'NONE', #5945, 1000.000000000000000 ) ;
#9979 = LINE ( 'NONE', #3976, #3080 ) ;
#9980 = SURFACE_STYLE_FILL_AREA ( #6764 ) ;
#9981 = SURFACE_SIDE_STYLE ('',( #10756 ) ) ;
#9982 = VERTEX_POINT ( 'NONE', #10573 ) ;
#9983 = CARTESIAN_POINT ( 'NONE',  ( 2.660000000000000142, 1.083335593717822357E-31, 2.250000000000004441 ) ) ;
#9984 = ORIENTED_EDGE ( 'NONE', *, *, #2074, .T. ) ;
#9985 = DIRECTION ( 'NONE',  ( 0.000000000000000000, -0.000000000000000000, -1.000000000000000000 ) ) ;
#9986 =( LENGTH_UNIT ( ) NAMED_UNIT ( * ) SI_UNIT ( .MILLI., .METRE. ) );
#9987 = AXIS2_PLACEMENT_3D ( 'NONE', #9789, #7315, #5652 ) ;
#9988 = CARTESIAN_POINT ( 'NONE',  ( 2.660000000000000142, 0.4500000000000000111, 1.850000000000004530 ) ) ;
#9989 = FILL_AREA_STYLE_COLOUR ( '', #10367 ) ;
#9990 = EDGE_CURVE ( 'NONE', #207, #10137, #8923, .T. ) ;
#9991 = LINE ( 'NONE', #5069, #9031 ) ;
#9992 = MECHANICAL_DESIGN_GEOMETRIC_PRESENTATION_REPRESENTATION (  '', ( #9810 ), #7354 ) ;
#9993 = EDGE_CURVE ( 'NONE', #5305, #10317, #5449, .T. ) ;
#9994 = LINE ( 'NONE', #6564, #8842 ) ;
#9995 = LINE ( 'NONE', #1495, #1910 ) ;
#9996 = VERTEX_POINT ( 'NONE', #9752 ) ;
#9997 = VECTOR ( 'NONE', #6408, 1000.000000000000000 ) ;
#9998 = EDGE_CURVE ( 'NONE', #8230, #1989, #2895, .T. ) ;
#9999 = CARTESIAN_POINT ( 'NONE',  ( -4.669999999999994600, 1.200000000000000178, 0.3500000000000037526 ) ) ;
#10000 = ORIENTED_EDGE ( 'NONE', *, *, #10184, .T. ) ;
#10001 = AXIS2_PLACEMENT_3D ( 'NONE', #1748, #1080, #9467 ) ;
#10002 = CARTESIAN_POINT ( 'NONE',  ( 0.3601021573751842508, 0.2565727441013907484, 0.1350672255343202399 ) ) ;
#10003 = VECTOR ( 'NONE', #8704, 1000.000000000000000 ) ;
#10004 = ORIENTED_EDGE ( 'NONE', *, *, #9931, .T. ) ;
#10005 = LINE ( 'NONE', #5137, #1987 ) ;
#10006 = ADVANCED_FACE ( 'NONE', ( #1311 ), #6214, .F. ) ;
#10007 =( NAMED_UNIT ( * ) PLANE_ANGLE_UNIT ( ) SI_UNIT ( $, .RADIAN. ) );
#10008 = VERTEX_POINT ( 'NONE', #1358 ) ;
#10009 = CARTESIAN_POINT ( 'NONE',  ( 5.500000000000000888, 4.699999999999999289, -1.849999999999996980 ) ) ;
#10010 = FACE_OUTER_BOUND ( 'NONE', #6040, .T. ) ;
#10011 = STYLED_ITEM ( 'NONE', ( #7319 ), #5856 ) ;
#10012 = PLANE ( 'NONE',  #7538 ) ;
#10013 = ORIENTED_EDGE ( 'NONE', *, *, #10198, .F. ) ;
#10014 = PRESENTATION_LAYER_ASSIGNMENT (  '', '', ( #8609 ) ) ;
#10015 =( LENGTH_UNIT ( ) NAMED_UNIT ( * ) SI_UNIT ( .MILLI., .METRE. ) );
#10016 = PRESENTATION_STYLE_ASSIGNMENT (( #9794 ) ) ;
#10017 = MECHANICAL_DESIGN_GEOMETRIC_PRESENTATION_REPRESENTATION (  '', ( #4708 ), #4149 ) ;
#10018 = CARTESIAN_POINT ( 'NONE',  ( -2.025000000000000355, 4.699999999999997513, -1.850000000000000533 ) ) ;
#10019 = CIRCLE ( 'NONE', #7921, 0.1999999999999996503 ) ;
#10020 = DIRECTION ( 'NONE',  ( 0.7071067811865485719, -0.7071067811865465735, 0.000000000000000000 ) ) ;
#10021 = ORIENTED_EDGE ( 'NONE', *, *, #5711, .F. ) ;
#10022 = COLOUR_RGB ( '',1.000000000000000000, 1.000000000000000000, 1.000000000000000000 ) ;
#10023 = COLOUR_RGB ( '',1.000000000000000000, 1.000000000000000000, 1.000000000000000000 ) ;
#10024 = CARTESIAN_POINT ( 'NONE',  ( 0.1599999999999999756, 3.548929149633788249, 0.000000000000000000 ) ) ;
#10025 = ORIENTED_EDGE ( 'NONE', *, *, #10773, .T. ) ;
#10026 = SURFACE_STYLE_USAGE ( .BOTH. , #10128 ) ;
#10027 = MECHANICAL_DESIGN_GEOMETRIC_PRESENTATION_REPRESENTATION (  '', ( #9844 ), #8623 ) ;
#10028 = CARTESIAN_POINT ( 'NONE',  ( -1.409999999999999920, 1.749999999999999778, -0.3250000000000474176 ) ) ;
#10029 = EDGE_CURVE ( 'NONE', #4261, #2675, #4706, .T. ) ;
#10030 = COLOUR_RGB ( '',1.000000000000000000, 1.000000000000000000, 1.000000000000000000 ) ;
#10031 = AXIS2_PLACEMENT_3D ( 'NONE', #5782, #6659, #10640 ) ;
#10032 = SURFACE_SIDE_STYLE ('',( #10908 ) ) ;
#10033 = CARTESIAN_POINT ( 'NONE',  ( -3.400000000000024336, 3.700000000000000178, 0.000000000000000000 ) ) ;
#10034 = PRESENTATION_STYLE_ASSIGNMENT (( #7450 ) ) ;
#10035 = VECTOR ( 'NONE', #2119, 1000.000000000000000 ) ;
#10036 = VECTOR ( 'NONE', #3490, 1000.000000000000000 ) ;
#10037 = ORIENTED_EDGE ( 'NONE', *, *, #440, .F. ) ;
#10038 =( GEOMETRIC_REPRESENTATION_CONTEXT ( 3 ) GLOBAL_UNCERTAINTY_ASSIGNED_CONTEXT ( ( #9076 ) ) GLOBAL_UNIT_ASSIGNED_CONTEXT ( ( #1194, #5385, #398 ) ) REPRESENTATION_CONTEXT ( 'NONE', 'WORKASPACE' ) );
#10039 = LINE ( 'NONE', #765, #5292 ) ;
#10040 = SURFACE_SIDE_STYLE ('',( #6716 ) ) ;
#10041 = VECTOR ( 'NONE', #10144, 1000.000000000000000 ) ;
#10042 = VECTOR ( 'NONE', #7157, 1000.000000000000000 ) ;
#10043 = SURFACE_STYLE_USAGE ( .BOTH. , #3380 ) ;
#10044 = VERTEX_POINT ( 'NONE', #2030 ) ;
#10045 = SURFACE_STYLE_FILL_AREA ( #9152 ) ;
#10046 = EDGE_CURVE ( 'NONE', #7105, #2516, #7999, .T. ) ;
#10047 = VERTEX_POINT ( 'NONE', #5608 ) ;
#10048 = MECHANICAL_DESIGN_GEOMETRIC_PRESENTATION_REPRESENTATION (  '', ( #4170 ), #8977 ) ;
#10049 = LINE ( 'NONE', #665, #801 ) ;
#10050 = PRESENTATION_STYLE_ASSIGNMENT (( #3229 ) ) ;
#10051 =( GEOMETRIC_REPRESENTATION_CONTEXT ( 3 ) GLOBAL_UNCERTAINTY_ASSIGNED_CONTEXT ( ( #2871 ) ) GLOBAL_UNIT_ASSIGNED_CONTEXT ( ( #10702, #393, #6200 ) ) REPRESENTATION_CONTEXT ( 'NONE', 'WORKASPACE' ) );
#10052 = LINE ( 'NONE', #9988, #1020 ) ;
#10053 = SURFACE_STYLE_FILL_AREA ( #6613 ) ;
#10054 = DIRECTION ( 'NONE',  ( 3.097720492815732589E-16, 0.000000000000000000, 1.000000000000000000 ) ) ;
#10055 =( NAMED_UNIT ( * ) SI_UNIT ( $, .STERADIAN. ) SOLID_ANGLE_UNIT ( ) );
#10056 = DIRECTION ( 'NONE',  ( 0.000000000000000000, 1.355252715606857370E-16, -1.000000000000000000 ) ) ;
#10057 = ORIENTED_EDGE ( 'NONE', *, *, #9378, .T. ) ;
#10058 = DIRECTION ( 'NONE',  ( 0.000000000000000000, 0.000000000000000000, -1.000000000000000000 ) ) ;
#10059 = EDGE_CURVE ( 'NONE', #748, #9582, #4766, .T. ) ;
#10060 = ORIENTED_EDGE ( 'NONE', *, *, #8017, .T. ) ;
#10061 = EDGE_CURVE ( 'NONE', #7352, #4894, #8526, .T. ) ;
#10062 = CARTESIAN_POINT ( 'NONE',  ( 3.400000000000025224, 1.749999999999999778, 0.2249377794898757832 ) ) ;
#10063 = STYLED_ITEM ( 'NONE', ( #958 ), #8320 ) ;
#10064 = EDGE_CURVE ( 'NONE', #1265, #3450, #6845, .T. ) ;
#10065 =( NAMED_UNIT ( * ) SI_UNIT ( $, .STERADIAN. ) SOLID_ANGLE_UNIT ( ) );
#10066 = VERTEX_POINT ( 'NONE', #9027 ) ;
#10067 = VERTEX_POINT ( 'NONE', #7327 ) ;
#10068 =( GEOMETRIC_REPRESENTATION_CONTEXT ( 3 ) GLOBAL_UNCERTAINTY_ASSIGNED_CONTEXT ( ( #6535 ) ) GLOBAL_UNIT_ASSIGNED_CONTEXT ( ( #7311, #3736, #389 ) ) REPRESENTATION_CONTEXT ( 'NONE', 'WORKASPACE' ) );
#10069 = CARTESIAN_POINT ( 'NONE',  ( 5.499999999999994671, 0.2500000000000019429, -1.849999999999996092 ) ) ;
#10070 = CARTESIAN_POINT ( 'NONE',  ( -4.537712434446766530, 0.2999999999999999889, -1.817712434446764780 ) ) ;
#10071 = ORIENTED_EDGE ( 'NONE', *, *, #6114, .T. ) ;
#10072 = UNCERTAINTY_MEASURE_WITH_UNIT (LENGTH_MEASURE( 1.000000000000000082E-05 ), #7410, 'distance_accuracy_value', 'NONE');
#10073 = ADVANCED_FACE ( 'NONE', ( #1726 ), #707, .F. ) ;
#10074 = EDGE_CURVE ( 'NONE', #9248, #3524, #2598, .T. ) ;
#10075 = LINE ( 'NONE', #3521, #6077 ) ;
#10076 = AXIS2_PLACEMENT_3D ( 'NONE', #8455, #7683, #129 ) ;
#10077 =( NAMED_UNIT ( * ) PLANE_ANGLE_UNIT ( ) SI_UNIT ( $, .RADIAN. ) );
#10078 = VERTEX_POINT ( 'NONE', #2652 ) ;
#10079 = LINE ( 'NONE', #4021, #6352 ) ;
#10080 = ORIENTED_EDGE ( 'NONE', *, *, #10714, .T. ) ;
#10081 = DIRECTION ( 'NONE',  ( -0.9396926207859105373, -0.3420201433256627732, 0.000000000000000000 ) ) ;
#10082 = DIRECTION ( 'NONE',  ( -0.2810846377148348840, -0.6785983445458431129, -0.6785983445458450003 ) ) ;
#10083 = CARTESIAN_POINT ( 'NONE',  ( -3.400000000000024780, 4.400000000000002132, -0.7249377794898655969 ) ) ;
#10084 = AXIS2_PLACEMENT_3D ( 'NONE', #34, #7591, #2492 ) ;
#10085 = ORIENTED_EDGE ( 'NONE', *, *, #4782, .F. ) ;
#10086 = FILL_AREA_STYLE ('',( #1752 ) ) ;
#10087 = ORIENTED_EDGE ( 'NONE', *, *, #1776, .F. ) ;
#10088 = CARTESIAN_POINT ( 'NONE',  ( -4.669999999999994600, 0.4500000000000010103, -1.849999999999995648 ) ) ;
#10089 = EDGE_LOOP ( 'NONE', ( #8149, #8190, #3348, #1373, #4084, #2542, #10087, #4389 ) ) ;
#10090 = LINE ( 'NONE', #6608, #4538 ) ;
#10091 = VECTOR ( 'NONE', #1491, 1000.000000000000000 ) ;
#10092 = EDGE_LOOP ( 'NONE', ( #7276, #6363, #3917, #1326 ) ) ;
#10093 = LINE ( 'NONE', #8446, #8033 ) ;
#10094 = PLANE ( 'NONE',  #136 ) ;
#10095 = CARTESIAN_POINT ( 'NONE',  ( -2.660000000000000142, 0.2787990747163040517, -1.581148123764847258 ) ) ;
#10096 = COLOUR_RGB ( '',1.000000000000000000, 1.000000000000000000, 1.000000000000000000 ) ;
#10097 = LINE ( 'NONE', #7514, #10441 ) ;
#10098 = CARTESIAN_POINT ( 'NONE',  ( 2.660000000000000142, 2.865743636076471645, -0.3250000000000474731 ) ) ;
#10099 = DIRECTION ( 'NONE',  ( 0.000000000000000000, 0.000000000000000000, 1.000000000000000000 ) ) ;
#10100 = CARTESIAN_POINT ( 'NONE',  ( -1.724999999999997868, -1.031861377951720210E-15, -1.450000000000039924 ) ) ;
#10101 =( NAMED_UNIT ( * ) PLANE_ANGLE_UNIT ( ) SI_UNIT ( $, .RADIAN. ) );
#10102 = LINE ( 'NONE', #9164, #7204 ) ;
#10103 = VERTEX_POINT ( 'NONE', #1837 ) ;
#10104 = CARTESIAN_POINT ( 'NONE',  ( -2.339999999999999858, 0.8750000000000023315, 0.8749999999999814593 ) ) ;
#10105 = ORIENTED_EDGE ( 'NONE', *, *, #4850, .T. ) ;
#10106 = SURFACE_STYLE_USAGE ( .BOTH. , #4050 ) ;
#10107 = VECTOR ( 'NONE', #7444, 1000.000000000000000 ) ;
#10108 = PRESENTATION_STYLE_ASSIGNMENT (( #9439 ) ) ;
#10109 = ORIENTED_EDGE ( 'NONE', *, *, #1174, .T. ) ;
#10110 = DIRECTION ( 'NONE',  ( -0.9659258262890682012, 0.000000000000000000, 0.2588190451025208505 ) ) ;
#10111 = DIRECTION ( 'NONE',  ( 0.000000000000000000, -1.000000000000000000, 0.000000000000000000 ) ) ;
#10112 = ORIENTED_EDGE ( 'NONE', *, *, #1724, .T. ) ;
#10113 = CARTESIAN_POINT ( 'NONE',  ( -1.409999999999999920, 0.3499999999999999223, 2.350000000000004530 ) ) ;
#10114 = EDGE_CURVE ( 'NONE', #1925, #1813, #9912, .T. ) ;
#10115 = DIRECTION ( 'NONE',  ( 0.000000000000000000, 0.7071067811865391350, -0.7071067811865560104 ) ) ;
#10116 = ORIENTED_EDGE ( 'NONE', *, *, #5080, .F. ) ;
#10117 = STYLED_ITEM ( 'NONE', ( #5599 ), #3616 ) ;
#10118 =( LENGTH_UNIT ( ) NAMED_UNIT ( * ) SI_UNIT ( .MILLI., .METRE. ) );
#10119 = DIRECTION ( 'NONE',  ( 0.000000000000000000, -4.814824860968089633E-32, -1.000000000000000000 ) ) ;
#10120 = DIRECTION ( 'NONE',  ( 0.7071067811865473507, -0.7071067811865477948, -3.577684638927878412E-16 ) ) ;
#10121 = LINE ( 'NONE', #6134, #10552 ) ;
#10122 = ORIENTED_EDGE ( 'NONE', *, *, #8307, .T. ) ;
#10123 = AXIS2_PLACEMENT_3D ( 'NONE', #3892, #3081, #7255 ) ;
#10124 = DIRECTION ( 'NONE',  ( -1.885568995626964780E-16, -1.000000000000000000, 0.000000000000000000 ) ) ;
#10125 = EDGE_CURVE ( 'NONE', #9996, #1085, #2006, .T. ) ;
#10126 = EDGE_LOOP ( 'NONE', ( #3591, #3543, #5700, #9785, #1578 ) ) ;
#10127 = ADVANCED_FACE ( 'NONE', ( #1784 ), #3102, .F. ) ;
#10128 = SURFACE_SIDE_STYLE ('',( #1684 ) ) ;
#10129 = LINE ( 'NONE', #4235, #4179 ) ;
#10130 = ADVANCED_FACE ( 'NONE', ( #5664 ), #1472, .T. ) ;
#10131 =( NAMED_UNIT ( * ) PLANE_ANGLE_UNIT ( ) SI_UNIT ( $, .RADIAN. ) );
#10132 = AXIS2_PLACEMENT_3D ( 'NONE', #679, #10819, #10772 ) ;
#10133 = FILL_AREA_STYLE ('',( #1747 ) ) ;
#10134 = MECHANICAL_DESIGN_GEOMETRIC_PRESENTATION_REPRESENTATION (  '', ( #5558 ), #5886 ) ;
#10135 = LINE ( 'NONE', #6081, #6641 ) ;
#10136 = ORIENTED_EDGE ( 'NONE', *, *, #9592, .F. ) ;
#10137 = VERTEX_POINT ( 'NONE', #2055 ) ;
#10138 = PLANE ( 'NONE',  #9579 ) ;
#10139 = VECTOR ( 'NONE', #6221, 999.9999999999998863 ) ;
#10140 = EDGE_CURVE ( 'NONE', #213, #9498, #8633, .T. ) ;
#10141 = CARTESIAN_POINT ( 'NONE',  ( -4.219999999999995310, 0.4500000000000008993, -1.749999999999994449 ) ) ;
#10142 = DIRECTION ( 'NONE',  ( 0.000000000000000000, -0.000000000000000000, 1.000000000000000000 ) ) ;
#10143 = ORIENTED_EDGE ( 'NONE', *, *, #2303, .F. ) ;
#10144 = DIRECTION ( 'NONE',  ( -0.000000000000000000, -1.000000000000000000, -0.000000000000000000 ) ) ;
#10145 = EDGE_LOOP ( 'NONE', ( #5759, #2723, #3399, #6631 ) ) ;
#10146 =( NAMED_UNIT ( * ) SI_UNIT ( $, .STERADIAN. ) SOLID_ANGLE_UNIT ( ) );
#10147 = FACE_OUTER_BOUND ( 'NONE', #3920, .T. ) ;
#10148 = VECTOR ( 'NONE', #4822, 1000.000000000000000 ) ;
#10149 = AXIS2_PLACEMENT_3D ( 'NONE', #3666, #3767, #4609 ) ;
#10150 = PLANE ( 'NONE',  #8944 ) ;
#10151 = FILL_AREA_STYLE ('',( #1935 ) ) ;
#10152 = PLANE ( 'NONE',  #4672 ) ;
#10153 = SURFACE_STYLE_FILL_AREA ( #781 ) ;
#10154 = PRESENTATION_STYLE_ASSIGNMENT (( #8618 ) ) ;
#10155 = ORIENTED_EDGE ( 'NONE', *, *, #3255, .F. ) ;
#10156 = LINE ( 'NONE', #6006, #1212 ) ;
#10157 = ORIENTED_EDGE ( 'NONE', *, *, #80, .F. ) ;
#10158 = EDGE_CURVE ( 'NONE', #2373, #1265, #9608, .T. ) ;
#10159 = DIRECTION ( 'NONE',  ( -1.000000000000000000, -0.000000000000000000, -0.000000000000000000 ) ) ;
#10160 = MECHANICAL_DESIGN_GEOMETRIC_PRESENTATION_REPRESENTATION (  '', ( #10328 ), #8236 ) ;
#10161 =( NAMED_UNIT ( * ) PLANE_ANGLE_UNIT ( ) SI_UNIT ( $, .RADIAN. ) );
#10162 = EDGE_LOOP ( 'NONE', ( #8941, #6560, #5712, #2120 ) ) ;
#10163 = DIRECTION ( 'NONE',  ( 0.000000000000000000, -0.7071067811865482389, -0.7071067811865469066 ) ) ;
#10164 = VECTOR ( 'NONE', #8508, 1000.000000000000000 ) ;
#10165 =( NAMED_UNIT ( * ) SI_UNIT ( $, .STERADIAN. ) SOLID_ANGLE_UNIT ( ) );
#10166 = ORIENTED_EDGE ( 'NONE', *, *, #1540, .F. ) ;
#10167 = CARTESIAN_POINT ( 'NONE',  ( 0.1599999999999999756, 0.2787990747163040517, -1.581148123764847258 ) ) ;
#10168 = ORIENTED_EDGE ( 'NONE', *, *, #6552, .T. ) ;
#10169 = STYLED_ITEM ( 'NONE', ( #6492 ), #5653 ) ;
#10170 = UNCERTAINTY_MEASURE_WITH_UNIT (LENGTH_MEASURE( 1.000000000000000082E-05 ), #6244, 'distance_accuracy_value', 'NONE');
#10171 = FILL_AREA_STYLE_COLOUR ( '', #2025 ) ;
#10172 = ADVANCED_FACE ( 'NONE', ( #9512 ), #377, .F. ) ;
#10173 = VECTOR ( 'NONE', #5565, 1000.000000000000000 ) ;
#10174 = FILL_AREA_STYLE_COLOUR ( '', #9094 ) ;
#10175 = PLANE ( 'NONE',  #3446 ) ;
#10176 = EDGE_LOOP ( 'NONE', ( #9488, #10786, #8492, #6300, #9882, #4815, #7568 ) ) ;
#10177 = STYLED_ITEM ( 'NONE', ( #10553 ), #6030 ) ;
#10178 = FACE_OUTER_BOUND ( 'NONE', #4669, .T. ) ;
#10179 = VERTEX_POINT ( 'NONE', #1061 ) ;
#10180 = DIRECTION ( 'NONE',  ( 1.000000000000000000, 0.000000000000000000, -0.000000000000000000 ) ) ;
#10181 = AXIS2_PLACEMENT_3D ( 'NONE', #5536, #8910, #4692 ) ;
#10182 = CARTESIAN_POINT ( 'NONE',  ( -1.310000000000000275, 3.999999999999999112, -0.5250000000000403233 ) ) ;
#10183 = VECTOR ( 'NONE', #5309, 999.9999999999998863 ) ;
#10184 = EDGE_CURVE ( 'NONE', #5112, #4514, #2003, .T. ) ;
#10185 = EDGE_CURVE ( 'NONE', #2817, #6902, #9564, .T. ) ;
#10186 = VECTOR ( 'NONE', #6776, 1000.000000000000000 ) ;
#10187 = PLANE ( 'NONE',  #7013 ) ;
#10188 = ORIENTED_EDGE ( 'NONE', *, *, #384, .F. ) ;
#10189 = EDGE_LOOP ( 'NONE', ( #4260, #253, #50, #5648 ) ) ;
#10191 = CARTESIAN_POINT ( 'NONE',  ( -5.000000000000006217, 1.400000000000000133, 0.3500000000000037526 ) ) ;
#10190 = AXIS2_PLACEMENT_3D ( 'NONE', #6278, #1434, #9817 ) ;
#10192 = MECHANICAL_DESIGN_GEOMETRIC_PRESENTATION_REPRESENTATION (  '', ( #2438 ), #6488 ) ;
#10193 = PRESENTATION_LAYER_ASSIGNMENT (  '', '', ( #5260 ) ) ;
#10194 = ORIENTED_EDGE ( 'NONE', *, *, #449, .T. ) ;
#10195 =( GEOMETRIC_REPRESENTATION_CONTEXT ( 3 ) GLOBAL_UNCERTAINTY_ASSIGNED_CONTEXT ( ( #7097 ) ) GLOBAL_UNIT_ASSIGNED_CONTEXT ( ( #5131, #10307, #3440 ) ) REPRESENTATION_CONTEXT ( 'NONE', 'WORKASPACE' ) );
#10196 = CARTESIAN_POINT ( 'NONE',  ( -4.000000000000001776, 21.00560209553989566, 0.9500000000000025091 ) ) ;
#10197 = ORIENTED_EDGE ( 'NONE', *, *, #2501, .T. ) ;
#10198 = EDGE_CURVE ( 'NONE', #9172, #6017, #10435, .T. ) ;
#10199 = MECHANICAL_DESIGN_GEOMETRIC_PRESENTATION_REPRESENTATION (  '', ( #9678 ), #2786 ) ;
#10201 = SURFACE_STYLE_FILL_AREA ( #351 ) ;
#10200 = PRESENTATION_LAYER_ASSIGNMENT (  '', '', ( #2099 ) ) ;
#10202 = ADVANCED_FACE ( 'NONE', ( #10272 ), #10322, .F. ) ;
#10203 = STYLED_ITEM ( 'NONE', ( #3107 ), #3476 ) ;
#10204 = VECTOR ( 'NONE', #4948, 1000.000000000000000 ) ;
#10205 = DIRECTION ( 'NONE',  ( -1.000000000000000000, 0.000000000000000000, 2.529805069132844337E-15 ) ) ;
#10206 = DIRECTION ( 'NONE',  ( 0.000000000000000000, 0.000000000000000000, -1.000000000000000000 ) ) ;
#10207 = FILL_AREA_STYLE ('',( #8616 ) ) ;
#10208 = FACE_OUTER_BOUND ( 'NONE', #2184, .T. ) ;
#10209 = VECTOR ( 'NONE', #2877, 1000.000000000000000 ) ;
#10210 = VECTOR ( 'NONE', #6166, 1000.000000000000000 ) ;
#10211 = ORIENTED_EDGE ( 'NONE', *, *, #7521, .F. ) ;
#10212 = CARTESIAN_POINT ( 'NONE',  ( -0.1599999999999999756, 0.2999999999999999889, 1.850000000000004530 ) ) ;
#10213 = ORIENTED_EDGE ( 'NONE', *, *, #4879, .T. ) ;
#10214 = VECTOR ( 'NONE', #3240, 1000.000000000000000 ) ;
#10215 = DIRECTION ( 'NONE',  ( 0.000000000000000000, 1.000000000000000000, 0.000000000000000000 ) ) ;
#10216 =( GEOMETRIC_REPRESENTATION_CONTEXT ( 3 ) GLOBAL_UNCERTAINTY_ASSIGNED_CONTEXT ( ( #7208 ) ) GLOBAL_UNIT_ASSIGNED_CONTEXT ( ( #5113, #9201, #9305 ) ) REPRESENTATION_CONTEXT ( 'NONE', 'WORKASPACE' ) );
#10217 = LINE ( 'NONE', #1949, #3658 ) ;
#10218 = ORIENTED_EDGE ( 'NONE', *, *, #1015, .F. ) ;
#10219 =( LENGTH_UNIT ( ) NAMED_UNIT ( * ) SI_UNIT ( .MILLI., .METRE. ) );
#10220 = SURFACE_STYLE_FILL_AREA ( #6954 ) ;
#10221 = ORIENTED_EDGE ( 'NONE', *, *, #502, .T. ) ;
#10222 =( NAMED_UNIT ( * ) SI_UNIT ( $, .STERADIAN. ) SOLID_ANGLE_UNIT ( ) );
#10223 = CARTESIAN_POINT ( 'NONE',  ( -1.409999999999999920, 1.749999999999999778, 0.000000000000000000 ) ) ;
#10224 = PLANE ( 'NONE',  #5763 ) ;
#10225 = AXIS2_PLACEMENT_3D ( 'NONE', #7709, #3576, #1123 ) ;
#10226 = ORIENTED_EDGE ( 'NONE', *, *, #4339, .F. ) ;
#10228 = DIRECTION ( 'NONE',  ( 1.000000000000000000, 0.000000000000000000, 0.000000000000000000 ) ) ;
#10227 = DIRECTION ( 'NONE',  ( 0.000000000000000000, -1.000000000000000000, 0.000000000000000000 ) ) ;
#10229 = CARTESIAN_POINT ( 'NONE',  ( 2.660000000000000142, 4.000000000000000000, 0.000000000000000000 ) ) ;
#10230 = CARTESIAN_POINT ( 'NONE',  ( 3.404457136363784553, 0.1909000140257102185, 0.1466470997434467238 ) ) ;
#10231 = FILL_AREA_STYLE_COLOUR ( '', #9677 ) ;
#10232 = VECTOR ( 'NONE', #8811, 1000.000000000000000 ) ;
#10233 = VERTEX_POINT ( 'NONE', #7978 ) ;
#10234 = FILL_AREA_STYLE ('',( #1070 ) ) ;
#10235 = EDGE_CURVE ( 'NONE', #8319, #4596, #1000, .T. ) ;
#10236 = EDGE_LOOP ( 'NONE', ( #10157, #9538, #7269, #10168 ) ) ;
#10237 = FACE_OUTER_BOUND ( 'NONE', #10334, .T. ) ;
#10238 =( NAMED_UNIT ( * ) SI_UNIT ( $, .STERADIAN. ) SOLID_ANGLE_UNIT ( ) );
#10239 = FILL_AREA_STYLE_COLOUR ( '', #6336 ) ;
#10240 = STYLED_ITEM ( 'NONE', ( #1447 ), #8722 ) ;
#10241 = DIRECTION ( 'NONE',  ( 1.000000000000000000, -0.000000000000000000, 0.000000000000000000 ) ) ;
#10242 = FILL_AREA_STYLE_COLOUR ( '', #6286 ) ;
#10243 =( LENGTH_UNIT ( ) NAMED_UNIT ( * ) SI_UNIT ( .MILLI., .METRE. ) );
#10244 = EDGE_LOOP ( 'NONE', ( #6982, #9204, #82, #3755 ) ) ;
#10245 = DIRECTION ( 'NONE',  ( 0.000000000000000000, -0.7071067811865391350, 0.7071067811865560104 ) ) ;
#10246 = ADVANCED_FACE ( 'NONE', ( #7076 ), #6903, .T. ) ;
#10247 = VERTEX_POINT ( 'NONE', #4327 ) ;
#10248 = CARTESIAN_POINT ( 'NONE',  ( 0.000000000000000000, 3.249999999999996891, -1.850000000000000533 ) ) ;
#10249 = VERTEX_POINT ( 'NONE', #5314 ) ;
#10250 = EDGE_CURVE ( 'NONE', #5433, #8309, #8797, .T. ) ;
#10251 = DIRECTION ( 'NONE',  ( -1.000000000000000000, 5.981805089575198169E-16, 0.000000000000000000 ) ) ;
#10252 = ORIENTED_EDGE ( 'NONE', *, *, #8626, .T. ) ;
#10253 = VECTOR ( 'NONE', #6740, 1000.000000000000000 ) ;
#10254 = PRESENTATION_STYLE_ASSIGNMENT (( #9376 ) ) ;
#10255 = DIRECTION ( 'NONE',  ( -1.000000000000000000, 0.000000000000000000, 0.000000000000000000 ) ) ;
#10256 = SURFACE_SIDE_STYLE ('',( #10303 ) ) ;
#10257 = CARTESIAN_POINT ( 'NONE',  ( -2.660000000000000142, -1.579062136966065191E-17, -0.3250000000000473066 ) ) ;
#10258 = EDGE_CURVE ( 'NONE', #5295, #2594, #6059, .T. ) ;
#10259 = LINE ( 'NONE', #4492, #8398 ) ;
#10260 =( NAMED_UNIT ( * ) PLANE_ANGLE_UNIT ( ) SI_UNIT ( $, .RADIAN. ) );
#10261 = DIRECTION ( 'NONE',  ( -0.9762960071199341394, 0.2164396139380997119, 0.000000000000000000 ) ) ;
#10262 = EDGE_LOOP ( 'NONE', ( #819, #1645, #10493, #2325 ) ) ;
#10263 = EDGE_CURVE ( 'NONE', #704, #8319, #3622, .T. ) ;
#10264 = CARTESIAN_POINT ( 'NONE',  ( -4.000000000000001776, 3.700000000000000178, 0.9499999999999861888 ) ) ;
#10265 = ORIENTED_EDGE ( 'NONE', *, *, #9960, .T. ) ;
#10266 = CARTESIAN_POINT ( 'NONE',  ( -3.400000000000024336, 4.400000000000002132, -0.6663591357563560802 ) ) ;
#10267 =( GEOMETRIC_REPRESENTATION_CONTEXT ( 3 ) GLOBAL_UNCERTAINTY_ASSIGNED_CONTEXT ( ( #6424 ) ) GLOBAL_UNIT_ASSIGNED_CONTEXT ( ( #5724, #10750, #2356 ) ) REPRESENTATION_CONTEXT ( 'NONE', 'WORKASPACE' ) );
#10268 = DIRECTION ( 'NONE',  ( 0.000000000000000000, 0.000000000000000000, -1.000000000000000000 ) ) ;
#10269 = ORIENTED_EDGE ( 'NONE', *, *, #8060, .F. ) ;
#10270 =( NAMED_UNIT ( * ) SI_UNIT ( $, .STERADIAN. ) SOLID_ANGLE_UNIT ( ) );
#10271 = ORIENTED_EDGE ( 'NONE', *, *, #625, .T. ) ;
#10272 = FACE_OUTER_BOUND ( 'NONE', #2569, .T. ) ;
#10273 =( NAMED_UNIT ( * ) PLANE_ANGLE_UNIT ( ) SI_UNIT ( $, .RADIAN. ) );
#10274 = COLOUR_RGB ( '',1.000000000000000000, 1.000000000000000000, 1.000000000000000000 ) ;
#10275 = ORIENTED_EDGE ( 'NONE', *, *, #6849, .F. ) ;
#10276 = UNCERTAINTY_MEASURE_WITH_UNIT (LENGTH_MEASURE( 1.000000000000000082E-05 ), #10878, 'distance_accuracy_value', 'NONE');
#10277 = LINE ( 'NONE', #9614, #1928 ) ;
#10278 = CARTESIAN_POINT ( 'NONE',  ( -4.569999999999998508, 0.2999999999999999889, -1.849999999999995870 ) ) ;
#10279 = PRESENTATION_STYLE_ASSIGNMENT (( #5258 ) ) ;
#10280 = ORIENTED_EDGE ( 'NONE', *, *, #7266, .T. ) ;
#10281 = DIRECTION ( 'NONE',  ( -1.000000000000000000, 0.000000000000000000, -0.000000000000000000 ) ) ;
#10282 = VERTEX_POINT ( 'NONE', #3726 ) ;
#10283 = DIRECTION ( 'NONE',  ( -0.000000000000000000, 1.000000000000000000, -0.000000000000000000 ) ) ;
#10284 = SURFACE_STYLE_USAGE ( .BOTH. , #3580 ) ;
#10285 = PRESENTATION_LAYER_ASSIGNMENT (  '', '', ( #8357 ) ) ;
#10286 = ADVANCED_FACE ( 'NONE', ( #7132 ), #10483, .F. ) ;
#10287 = SURFACE_SIDE_STYLE ('',( #3480 ) ) ;
#10288 =( NAMED_UNIT ( * ) SI_UNIT ( $, .STERADIAN. ) SOLID_ANGLE_UNIT ( ) );
#10289 = ORIENTED_EDGE ( 'NONE', *, *, #9166, .T. ) ;
#10290 = CARTESIAN_POINT ( 'NONE',  ( -2.660000000000000142, 0.000000000000000000, 1.850000000000004530 ) ) ;
#10291 = EDGE_LOOP ( 'NONE', ( #8326, #3196, #6468, #7122 ) ) ;
#10292 = CARTESIAN_POINT ( 'NONE',  ( -4.000000000000001776, 4.700000000000000178, 0.9499999999999861888 ) ) ;
#10293 = SURFACE_STYLE_FILL_AREA ( #6928 ) ;
#10294 = DIRECTION ( 'NONE',  ( 0.000000000000000000, -4.814824860968089633E-32, -1.000000000000000000 ) ) ;
#10295 = ORIENTED_EDGE ( 'NONE', *, *, #6744, .F. ) ;
#10296 = VECTOR ( 'NONE', #9824, 1000.000000000000000 ) ;
#10297 = CARTESIAN_POINT ( 'NONE',  ( 1.089999999999999858, 3.548929149633788249, -1.004535961130712751 ) ) ;
#10298 = ORIENTED_EDGE ( 'NONE', *, *, #8970, .T. ) ;
#10299 = EDGE_CURVE ( 'NONE', #8688, #5858, #4746, .T. ) ;
#10300 = ORIENTED_EDGE ( 'NONE', *, *, #8441, .T. ) ;
#10301 = AXIS2_PLACEMENT_3D ( 'NONE', #501, #9645, #10578 ) ;
#10302 = LINE ( 'NONE', #3501, #6220 ) ;
#10303 = SURFACE_STYLE_FILL_AREA ( #3550 ) ;
#10304 = CARTESIAN_POINT ( 'NONE',  ( 3.500000000000000888, 0.000000000000000000, -0.9500000000000009548 ) ) ;
#10305 = CARTESIAN_POINT ( 'NONE',  ( -0.1599999999999999756, 1.083335593717822357E-31, 2.250000000000004441 ) ) ;
#10306 = FILL_AREA_STYLE ('',( #7063 ) ) ;
#10307 =( NAMED_UNIT ( * ) PLANE_ANGLE_UNIT ( ) SI_UNIT ( $, .RADIAN. ) );
#10308 = ORIENTED_EDGE ( 'NONE', *, *, #6824, .F. ) ;
#10309 =( NAMED_UNIT ( * ) SI_UNIT ( $, .STERADIAN. ) SOLID_ANGLE_UNIT ( ) );
#10310 = ORIENTED_EDGE ( 'NONE', *, *, #4203, .F. ) ;
#10311 =( GEOMETRIC_REPRESENTATION_CONTEXT ( 3 ) GLOBAL_UNCERTAINTY_ASSIGNED_CONTEXT ( ( #9613 ) ) GLOBAL_UNIT_ASSIGNED_CONTEXT ( ( #6975, #10340, #6029 ) ) REPRESENTATION_CONTEXT ( 'NONE', 'WORKASPACE' ) );
#10312 = DIRECTION ( 'NONE',  ( -0.000000000000000000, -0.000000000000000000, 1.000000000000000000 ) ) ;
#10313 = VECTOR ( 'NONE', #3185, 1000.000000000000000 ) ;
#10314 = ADVANCED_FACE ( 'NONE', ( #6517 ), #2267, .F. ) ;
#10315 = SURFACE_STYLE_FILL_AREA ( #2862 ) ;
#10316 = EDGE_CURVE ( 'NONE', #5858, #6551, #1335, .T. ) ;
#10317 = VERTEX_POINT ( 'NONE', #575 ) ;
#10318 =( NAMED_UNIT ( * ) PLANE_ANGLE_UNIT ( ) SI_UNIT ( $, .RADIAN. ) );
#10319 = AXIS2_PLACEMENT_3D ( 'NONE', #9400, #8416, #4225 ) ;
#10320 = ADVANCED_FACE ( 'NONE', ( #7249 ), #10602, .T. ) ;
#10321 = VERTEX_POINT ( 'NONE', #6566 ) ;
#10322 = PLANE ( 'NONE',  #8035 ) ;
#10323 = FACE_OUTER_BOUND ( 'NONE', #500, .T. ) ;
#10324 = DIRECTION ( 'NONE',  ( 0.2133021165724263424, 0.9621436710723737518, 0.1696518885279465760 ) ) ;
#10325 = ORIENTED_EDGE ( 'NONE', *, *, #9220, .T. ) ;
#10327 = CARTESIAN_POINT ( 'NONE',  ( -1.090000000000000080, 8.425943506694179847E-32, 1.750000000000004663 ) ) ;
#10326 = DIRECTION ( 'NONE',  ( -0.000000000000000000, -0.000000000000000000, 1.000000000000000000 ) ) ;
#10328 = STYLED_ITEM ( 'NONE', ( #10050 ), #5338 ) ;
#10329 = SURFACE_SIDE_STYLE ('',( #4402 ) ) ;
#10330 = CARTESIAN_POINT ( 'NONE',  ( -3.449999999999995293, 3.450000000000004619, -1.850000000000000533 ) ) ;
#10331 = EDGE_CURVE ( 'NONE', #5607, #9498, #5637, .T. ) ;
#10332 = AXIS2_PLACEMENT_3D ( 'NONE', #9927, #4036, #7456 ) ;
#10333 = ORIENTED_EDGE ( 'NONE', *, *, #8707, .F. ) ;
#10334 = EDGE_LOOP ( 'NONE', ( #3942, #5947, #5593, #5513 ) ) ;
#10335 = DIRECTION ( 'NONE',  ( 5.052592648476139091E-15, -1.000000000000000000, -0.000000000000000000 ) ) ;
#10336 =( LENGTH_UNIT ( ) NAMED_UNIT ( * ) SI_UNIT ( .MILLI., .METRE. ) );
#10337 = VECTOR ( 'NONE', #920, 1000.000000000000000 ) ;
#10338 = APPLICATION_PROTOCOL_DEFINITION ( 'draft international standard', 'automotive_design', 1998, #6654 ) ;
#10339 =( GEOMETRIC_REPRESENTATION_CONTEXT ( 3 ) GLOBAL_UNCERTAINTY_ASSIGNED_CONTEXT ( ( #2772 ) ) GLOBAL_UNIT_ASSIGNED_CONTEXT ( ( #91, #3360, #10829 ) ) REPRESENTATION_CONTEXT ( 'NONE', 'WORKASPACE' ) );
#10340 =( NAMED_UNIT ( * ) PLANE_ANGLE_UNIT ( ) SI_UNIT ( $, .RADIAN. ) );
#10341 = CARTESIAN_POINT ( 'NONE',  ( 0.1599999999999999756, 0.000000000000000000, 0.000000000000000000 ) ) ;
#10342 = FILL_AREA_STYLE_COLOUR ( '', #6307 ) ;
#10343 = DIRECTION ( 'NONE',  ( -1.355252715606879556E-16, 0.000000000000000000, -1.000000000000000000 ) ) ;
#10344 = VERTEX_POINT ( 'NONE', #9937 ) ;
#10345 = VECTOR ( 'NONE', #1014, 1000.000000000000000 ) ;
#10346 =( NAMED_UNIT ( * ) SI_UNIT ( $, .STERADIAN. ) SOLID_ANGLE_UNIT ( ) );
#10347 = VERTEX_POINT ( 'NONE', #2372 ) ;
#10348 = EDGE_CURVE ( 'NONE', #10008, #146, #6359, .T. ) ;
#10349 = DIRECTION ( 'NONE',  ( 1.000000000000000000, -0.000000000000000000, -0.000000000000000000 ) ) ;
#10350 = SURFACE_SIDE_STYLE ('',( #4423 ) ) ;
#10351 = ORIENTED_EDGE ( 'NONE', *, *, #8558, .T. ) ;
#10352 = VECTOR ( 'NONE', #10540, 1000.000000000000000 ) ;
#10353 = LINE ( 'NONE', #1761, #6847 ) ;
#10354 = ORIENTED_EDGE ( 'NONE', *, *, #4764, .T. ) ;
#10355 = VECTOR ( 'NONE', #2984, 1000.000000000000114 ) ;
#10356 = DIRECTION ( 'NONE',  ( -0.000000000000000000, 0.1736481776669264454, 0.9848077530122087975 ) ) ;
#10357 =( LENGTH_UNIT ( ) NAMED_UNIT ( * ) SI_UNIT ( .MILLI., .METRE. ) );
#10358 = COLOUR_RGB ( '',1.000000000000000000, 1.000000000000000000, 1.000000000000000000 ) ;
#10359 = ORIENTED_EDGE ( 'NONE', *, *, #4715, .T. ) ;
#10360 = MECHANICAL_DESIGN_GEOMETRIC_PRESENTATION_REPRESENTATION (  '', ( #6309 ), #3125 ) ;
#10361 = LINE ( 'NONE', #5300, #2565 ) ;
#10362 = DIRECTION ( 'NONE',  ( -0.000000000000000000, -0.000000000000000000, -1.000000000000000000 ) ) ;
#10363 = ORIENTED_EDGE ( 'NONE', *, *, #2306, .F. ) ;
#10364 = DIRECTION ( 'NONE',  ( 0.000000000000000000, 0.000000000000000000, -1.000000000000000000 ) ) ;
#10365 = VERTEX_POINT ( 'NONE', #3838 ) ;
#10366 = COLOUR_RGB ( '',1.000000000000000000, 1.000000000000000000, 1.000000000000000000 ) ;
#10367 = COLOUR_RGB ( '',1.000000000000000000, 0.8117647058823529438, 0.5019607843137254832 ) ;
#10368 = LINE ( 'NONE', #6948, #3404 ) ;
#10369 = AXIS2_PLACEMENT_3D ( 'NONE', #3012, #6396, #9767 ) ;
#10370 = PRESENTATION_LAYER_ASSIGNMENT (  '', '', ( #2611 ) ) ;
#10371 = DIRECTION ( 'NONE',  ( 0.000000000000000000, 1.355252715606880296E-16, -1.000000000000000000 ) ) ;
#10372 =( GEOMETRIC_REPRESENTATION_CONTEXT ( 3 ) GLOBAL_UNCERTAINTY_ASSIGNED_CONTEXT ( ( #5970 ) ) GLOBAL_UNIT_ASSIGNED_CONTEXT ( ( #6364, #8085, #3844 ) ) REPRESENTATION_CONTEXT ( 'NONE', 'WORKASPACE' ) );
#10373 = VERTEX_POINT ( 'NONE', #3022 ) ;
#10374 = SURFACE_STYLE_USAGE ( .BOTH. , #7975 ) ;
#10375 = CIRCLE ( 'NONE', #7756, 0.09999999995018485355 ) ;
#10376 = SURFACE_STYLE_USAGE ( .BOTH. , #10433 ) ;
#10377 = EDGE_CURVE ( 'NONE', #7509, #8087, #6406, .T. ) ;
#10378 = ORIENTED_EDGE ( 'NONE', *, *, #6239, .F. ) ;
#10379 = DIRECTION ( 'NONE',  ( 0.000000000000000000, 1.000000000000000000, -4.858652729125647208E-17 ) ) ;
#10380 = CARTESIAN_POINT ( 'NONE',  ( 4.469999999999994422, 1.199999999999999067, 0.3500000000000037526 ) ) ;
#10381 = AXIS2_PLACEMENT_3D ( 'NONE', #868, #3532, #9464 ) ;
#10382 = LINE ( 'NONE', #7874, #1884 ) ;
#10383 = EDGE_CURVE ( 'NONE', #3456, #2436, #5130, .T. ) ;
#10384 = ORIENTED_EDGE ( 'NONE', *, *, #2509, .F. ) ;
#10385 = UNCERTAINTY_MEASURE_WITH_UNIT (LENGTH_MEASURE( 1.000000000000000082E-05 ), #10357, 'distance_accuracy_value', 'NONE');
#10386 = EDGE_CURVE ( 'NONE', #3122, #9527, #833, .T. ) ;
#10388 = LINE ( 'NONE', #1179, #4263 ) ;
#10387 = CARTESIAN_POINT ( 'NONE',  ( 0.1599999999999999756, 0.03083447080518480002, 0.1748709736949816407 ) ) ;
#10389 = STYLED_ITEM ( 'NONE', ( #7724 ), #7924 ) ;
#10390 = DIRECTION ( 'NONE',  ( 5.052592648476138302E-15, -1.000000000000000000, 0.000000000000000000 ) ) ;
#10391 = DIRECTION ( 'NONE',  ( 0.000000000000000000, -4.814824860968089633E-32, -1.000000000000000000 ) ) ;
#10392 = ORIENTED_EDGE ( 'NONE', *, *, #5049, .T. ) ;
#10393 = SURFACE_STYLE_FILL_AREA ( #6022 ) ;
#10394 = VERTEX_POINT ( 'NONE', #1547 ) ;
#10395 = MECHANICAL_DESIGN_GEOMETRIC_PRESENTATION_REPRESENTATION (  '', ( #1593 ), #1063 ) ;
#10396 = LINE ( 'NONE', #4288, #5063 ) ;
#10397 = EDGE_CURVE ( 'NONE', #5061, #8838, #4093, .T. ) ;
#10398 = FILL_AREA_STYLE_COLOUR ( '', #3484 ) ;
#10399 = DIRECTION ( 'NONE',  ( -0.000000000000000000, -0.000000000000000000, -1.000000000000000000 ) ) ;
#10400 = UNCERTAINTY_MEASURE_WITH_UNIT (LENGTH_MEASURE( 1.000000000000000082E-05 ), #5159, 'distance_accuracy_value', 'NONE');
#10401 = CARTESIAN_POINT ( 'NONE',  ( 5.699999999999994849, 0.07279404685324135371, -1.850000000000000533 ) ) ;
#10402 = LINE ( 'NONE', #8041, #1859 ) ;
#10403 = UNCERTAINTY_MEASURE_WITH_UNIT (LENGTH_MEASURE( 1.000000000000000082E-05 ), #1385, 'distance_accuracy_value', 'NONE');
#10404 = AXIS2_PLACEMENT_3D ( 'NONE', #10885, #10111, #1563 ) ;
#10405 = DIRECTION ( 'NONE',  ( -0.000000000000000000, -1.000000000000000000, -0.000000000000000000 ) ) ;
#10406 = CARTESIAN_POINT ( 'NONE',  ( 2.025000000000004352, -6.056577653194896257E-16, -1.450000000000040368 ) ) ;
#10407 = VERTEX_POINT ( 'NONE', #9268 ) ;
#10408 = ORIENTED_EDGE ( 'NONE', *, *, #5322, .F. ) ;
#10409 = DIRECTION ( 'NONE',  ( 0.7071067811865472397, 0.7071067811865479058, 0.000000000000000000 ) ) ;
#10410 = PRESENTATION_STYLE_ASSIGNMENT (( #8602 ) ) ;
#10411 = PRESENTATION_LAYER_ASSIGNMENT (  '', '', ( #10240 ) ) ;
#10412 = CARTESIAN_POINT ( 'NONE',  ( 4.469999999999994422, 1.199999999999999067, -1.749999999999994005 ) ) ;
#10413 = ORIENTED_EDGE ( 'NONE', *, *, #4991, .F. ) ;
#10414 =( LENGTH_UNIT ( ) NAMED_UNIT ( * ) SI_UNIT ( .MILLI., .METRE. ) );
#10415 = CARTESIAN_POINT ( 'NONE',  ( -5.000000000000006217, 1.400000000000000133, -1.749999999999994449 ) ) ;
#10416 = CARTESIAN_POINT ( 'NONE',  ( 5.699999999999993960, 2.888894916580853780E-31, 0.3500000000000037526 ) ) ;
#10417 = CARTESIAN_POINT ( 'NONE',  ( 0.1599999999999999756, 0.000000000000000000, 1.850000000000004530 ) ) ;
#10418 = COLOUR_RGB ( '',1.000000000000000000, 1.000000000000000000, 1.000000000000000000 ) ;
#10419 = ORIENTED_EDGE ( 'NONE', *, *, #2121, .T. ) ;
#10420 = DIRECTION ( 'NONE',  ( -0.000000000000000000, -1.000000000000000000, -0.000000000000000000 ) ) ;
#10421 = CARTESIAN_POINT ( 'NONE',  ( 3.574678339283083448E-15, 3.249999999999998668, -1.450000000000040146 ) ) ;
#10422 = LINE ( 'NONE', #2852, #5393 ) ;
#10423 = PRESENTATION_STYLE_ASSIGNMENT (( #9553 ) ) ;
#10424 = FILL_AREA_STYLE ('',( #461 ) ) ;
#10425 = VERTEX_POINT ( 'NONE', #6729 ) ;
#10426 = DIRECTION ( 'NONE',  ( -0.2133021165724263701, -0.9621436710723738628, 0.1696518885279461875 ) ) ;
#10427 = ORIENTED_EDGE ( 'NONE', *, *, #7389, .F. ) ;
#10428 = CARTESIAN_POINT ( 'NONE',  ( -4.000000000000001776, 1.749999999999999778, 1.549999999999989608 ) ) ;
#10429 = EDGE_CURVE ( 'NONE', #5350, #6194, #9782, .T. ) ;
#10430 = DIRECTION ( 'NONE',  ( -1.000000000000000000, 0.000000000000000000, 1.182766006347823109E-16 ) ) ;
#10431 = ORIENTED_EDGE ( 'NONE', *, *, #5983, .T. ) ;
#10432 = FILL_AREA_STYLE_COLOUR ( '', #2327 ) ;
#10433 = SURFACE_SIDE_STYLE ('',( #3678 ) ) ;
#10434 = ORIENTED_EDGE ( 'NONE', *, *, #6125, .F. ) ;
#10435 = LINE ( 'NONE', #9445, #9426 ) ;
#10436 = DIRECTION ( 'NONE',  ( 0.000000000000000000, 0.000000000000000000, -1.000000000000000000 ) ) ;
#10437 = CARTESIAN_POINT ( 'NONE',  ( 5.000000000000006217, 0.2999999999999999334, 0.7999999999999994893 ) ) ;
#10438 = ORIENTED_EDGE ( 'NONE', *, *, #1757, .F. ) ;
#10440 = CARTESIAN_POINT ( 'NONE',  ( -4.119999999999993001, 0.4500000000000008993, -1.849999999999995870 ) ) ;
#10439 = PLANE ( 'NONE',  #10554 ) ;
#10441 = VECTOR ( 'NONE', #4090, 1000.000000000000000 ) ;
#10442 = PLANE ( 'NONE',  #2570 ) ;
#10443 = LINE ( 'NONE', #2170, #6817 ) ;
#10444 = ADVANCED_FACE ( 'NONE', ( #10208 ), #2482, .F. ) ;
#10445 = LINE ( 'NONE', #7987, #10209 ) ;
#10446 = ORIENTED_EDGE ( 'NONE', *, *, #394, .T. ) ;
#10447 = EDGE_LOOP ( 'NONE', ( #5520, #6924, #480, #5627 ) ) ;
#10448 = SURFACE_SIDE_STYLE ('',( #6471 ) ) ;
#10449 = FACE_OUTER_BOUND ( 'NONE', #10145, .T. ) ;
#10450 = FILL_AREA_STYLE ('',( #7304 ) ) ;
#10451 = PLANE ( 'NONE',  #3065 ) ;
#10452 = CARTESIAN_POINT ( 'NONE',  ( 1.409999999999999698, 1.350000000000001865, 1.350000000000004086 ) ) ;
#10453 = MECHANICAL_DESIGN_GEOMETRIC_PRESENTATION_REPRESENTATION (  '', ( #4993 ), #9397 ) ;
#10454 = PLANE ( 'NONE',  #6989 ) ;
#10455 = LINE ( 'NONE', #7995, #525 ) ;
#10456 = ORIENTED_EDGE ( 'NONE', *, *, #5210, .T. ) ;
#10457 = EDGE_CURVE ( 'NONE', #2675, #5056, #4915, .T. ) ;
#10458 = PLANE ( 'NONE',  #4183 ) ;
#10459 = EDGE_LOOP ( 'NONE', ( #2998, #969, #2809, #9641 ) ) ;
#10460 = DIRECTION ( 'NONE',  ( 0.000000000000000000, 0.000000000000000000, 1.000000000000000000 ) ) ;
#10461 = EDGE_CURVE ( 'NONE', #8168, #3936, #732, .T. ) ;
#10462 = DIRECTION ( 'NONE',  ( 0.000000000000000000, 0.000000000000000000, 1.000000000000000000 ) ) ;
#10463 = ORIENTED_EDGE ( 'NONE', *, *, #5263, .F. ) ;
#10464 = PRESENTATION_LAYER_ASSIGNMENT (  '', '', ( #10117 ) ) ;
#10465 = CARTESIAN_POINT ( 'NONE',  ( -4.669999999999994600, 0.2500000000000012768, 0.3500000000000037526 ) ) ;
#10466 = ORIENTED_EDGE ( 'NONE', *, *, #4506, .F. ) ;
#10467 = ADVANCED_FACE ( 'NONE', ( #892 ), #4045, .T. ) ;
#10468 = PLANE ( 'NONE',  #7467 ) ;
#10469 = VECTOR ( 'NONE', #4401, 1000.000000000000000 ) ;
#10470 = CARTESIAN_POINT ( 'NONE',  ( -5.052801047769943210, 11.95280104776992580, 0.9500000000000243805 ) ) ;
#10471 = CARTESIAN_POINT ( 'NONE',  ( -1.090000000000000080, 0.000000000000000000, 1.850000000000004530 ) ) ;
#10472 = CARTESIAN_POINT ( 'NONE',  ( 5.500000000000001776, 0.7999999999999966027, -1.850000000000000533 ) ) ;
#10473 = ORIENTED_EDGE ( 'NONE', *, *, #7710, .F. ) ;
#10474 = SURFACE_STYLE_USAGE ( .BOTH. , #8068 ) ;
#10475 = ORIENTED_EDGE ( 'NONE', *, *, #8217, .F. ) ;
#10476 = DIRECTION ( 'NONE',  ( -1.000000000000000000, -0.000000000000000000, -0.000000000000000000 ) ) ;
#10477 = CIRCLE ( 'NONE', #10132, 0.5500000000000018208 ) ;
#10478 = VECTOR ( 'NONE', #1712, 1000.000000000000000 ) ;
#10479 = FILL_AREA_STYLE_COLOUR ( '', #10704 ) ;
#10480 = ORIENTED_EDGE ( 'NONE', *, *, #8052, .T. ) ;
#10481 = CARTESIAN_POINT ( 'NONE',  ( 4.000000000000001776, 2.100000000000002309, 0.6500000000000025757 ) ) ;
#10482 = DIRECTION ( 'NONE',  ( 0.000000000000000000, -4.814824860968089633E-32, -1.000000000000000000 ) ) ;
#10483 = PLANE ( 'NONE',  #7503 ) ;
#10484 = SURFACE_STYLE_FILL_AREA ( #8024 ) ;
#10485 = COLOUR_RGB ( '',1.000000000000000000, 0.8117647058823529438, 0.5019607843137254832 ) ;
#10486 =( NAMED_UNIT ( * ) SI_UNIT ( $, .STERADIAN. ) SOLID_ANGLE_UNIT ( ) );
#10487 = ADVANCED_FACE ( 'NONE', ( #2805 ), #302, .F. ) ;
#10488 = ORIENTED_EDGE ( 'NONE', *, *, #6702, .T. ) ;
#10489 = MECHANICAL_DESIGN_GEOMETRIC_PRESENTATION_REPRESENTATION (  '', ( #4285 ), #634 ) ;
#10490 = DIRECTION ( 'NONE',  ( -1.000000000000000000, -3.614007241618355673E-16, 2.710505431213768185E-15 ) ) ;
#10491 = MECHANICAL_DESIGN_GEOMETRIC_PRESENTATION_REPRESENTATION (  '', ( #9433 ), #1336 ) ;
#10492 = LINE ( 'NONE', #434, #3143 ) ;
#10493 = ORIENTED_EDGE ( 'NONE', *, *, #4850, .F. ) ;
#10494 = VECTOR ( 'NONE', #9495, 1000.000000000000000 ) ;
#10495 = CARTESIAN_POINT ( 'NONE',  ( 5.499999999999994671, 0.2499999999999998335, 0.3500000000000037526 ) ) ;
#10496 = ORIENTED_EDGE ( 'NONE', *, *, #10795, .F. ) ;
#10497 = DIRECTION ( 'NONE',  ( -0.000000000000000000, 1.000000000000000000, 0.000000000000000000 ) ) ;
#10498 = DIRECTION ( 'NONE',  ( -3.942553354492743531E-16, 1.000000000000000000, 0.000000000000000000 ) ) ;
#10499 = ADVANCED_FACE ( 'NONE', ( #6172 ), #986, .T. ) ;
#10500 = COLOUR_RGB ( '',1.000000000000000000, 1.000000000000000000, 1.000000000000000000 ) ;
#10501 = UNCERTAINTY_MEASURE_WITH_UNIT (LENGTH_MEASURE( 1.000000000000000082E-05 ), #832, 'distance_accuracy_value', 'NONE');
#10502 = ADVANCED_FACE ( 'NONE', ( #6889 ), #9383, .F. ) ;
#10503 = PRESENTATION_LAYER_ASSIGNMENT (  '', '', ( #8405 ) ) ;
#10504 =( NAMED_UNIT ( * ) SI_UNIT ( $, .STERADIAN. ) SOLID_ANGLE_UNIT ( ) );
#10505 = FACE_OUTER_BOUND ( 'NONE', #5755, .T. ) ;
#10506 = PLANE ( 'NONE',  #5088 ) ;
#10507 = ORIENTED_EDGE ( 'NONE', *, *, #2906, .F. ) ;
#10508 = PRESENTATION_LAYER_ASSIGNMENT (  '', '', ( #9810 ) ) ;
#10509 = FILL_AREA_STYLE_COLOUR ( '', #3330 ) ;
#10510 = ORIENTED_EDGE ( 'NONE', *, *, #6687, .T. ) ;
#10511 = CARTESIAN_POINT ( 'NONE',  ( -3.400000000000024336, 3.700000000000000178, 1.249999999999986233 ) ) ;
#10512 = STYLED_ITEM ( 'NONE', ( #8191 ), #887 ) ;
#10513 = ADVANCED_FACE ( 'NONE', ( #1322 ), #6392, .F. ) ;
#10514 = CARTESIAN_POINT ( 'NONE',  ( 5.000000000000006217, 1.399999999999998801, 0.3500000000000037526 ) ) ;
#10515 = ORIENTED_EDGE ( 'NONE', *, *, #9381, .F. ) ;
#10516 = ADVANCED_FACE ( 'NONE', ( #6344 ), #8125, .F. ) ;
#10517 = LINE ( 'NONE', #3708, #7944 ) ;
#10518 = AXIS2_PLACEMENT_3D ( 'NONE', #3322, #5276, #6151 ) ;
#10519 = EDGE_CURVE ( 'NONE', #6684, #8408, #6502, .T. ) ;
#10520 = CARTESIAN_POINT ( 'NONE',  ( 5.250000000000002665, 0.5499999999999974909, 0.9500000000000002887 ) ) ;
#10521 = PLANE ( 'NONE',  #8931 ) ;
#10522 = COLOUR_RGB ( '',1.000000000000000000, 1.000000000000000000, 1.000000000000000000 ) ;
#10523 = ORIENTED_EDGE ( 'NONE', *, *, #8590, .F. ) ;
#10524 = PLANE ( 'NONE',  #3315 ) ;
#10525 = LINE ( 'NONE', #9760, #3546 ) ;
#10526 = CARTESIAN_POINT ( 'NONE',  ( -3.400000000000024336, 1.749999999999999778, 0.9499999999999861888 ) ) ;
#10527 =( NAMED_UNIT ( * ) PLANE_ANGLE_UNIT ( ) SI_UNIT ( $, .RADIAN. ) );
#10528 = CARTESIAN_POINT ( 'NONE',  ( -0.1599999999999999756, 0.8750000000000023315, 0.8749999999999814593 ) ) ;
#10529 =( NAMED_UNIT ( * ) PLANE_ANGLE_UNIT ( ) SI_UNIT ( $, .RADIAN. ) );
#10530 = EDGE_LOOP ( 'NONE', ( #6355, #5663, #8552, #98 ) ) ;
#10531 = COLOUR_RGB ( '',1.000000000000000000, 0.8117647058823529438, 0.5019607843137254832 ) ;
#10532 = EDGE_CURVE ( 'NONE', #1638, #1111, #7234, .T. ) ;
#10533 = DIRECTION ( 'NONE',  ( 0.000000000000000000, 0.000000000000000000, 1.000000000000000000 ) ) ;
#10534 = ORIENTED_EDGE ( 'NONE', *, *, #2301, .F. ) ;
#10535 = EDGE_CURVE ( 'NONE', #3252, #7962, #9765, .T. ) ;
#10536 = CARTESIAN_POINT ( 'NONE',  ( 0.000000000000000000, 3.249999999999996891, -1.850000000000000533 ) ) ;
#10537 = STYLED_ITEM ( 'NONE', ( #2304 ), #7101 ) ;
#10538 = AXIS2_PLACEMENT_3D ( 'NONE', #7813, #1880, #9274 ) ;
#10539 = SURFACE_SIDE_STYLE ('',( #7183 ) ) ;
#10540 = DIRECTION ( 'NONE',  ( -0.000000000000000000, 0.000000000000000000, 1.000000000000000000 ) ) ;
#10541 = VECTOR ( 'NONE', #7581, 1000.000000000000000 ) ;
#10542 = ORIENTED_EDGE ( 'NONE', *, *, #5814, .F. ) ;
#10543 = DIRECTION ( 'NONE',  ( -1.000000000000000000, -0.000000000000000000, -0.000000000000000000 ) ) ;
#10544 = DIRECTION ( 'NONE',  ( 0.000000000000000000, 0.000000000000000000, 1.000000000000000000 ) ) ;
#10545 = DIRECTION ( 'NONE',  ( 0.000000000000000000, 1.000000000000000000, 0.000000000000000000 ) ) ;
#10546 = PRESENTATION_LAYER_ASSIGNMENT (  '', '', ( #6835 ) ) ;
#10547 = FACE_OUTER_BOUND ( 'NONE', #1913, .T. ) ;
#10548 = ORIENTED_EDGE ( 'NONE', *, *, #4550, .F. ) ;
#10549 = STYLED_ITEM ( 'NONE', ( #1827 ), #2860 ) ;
#10550 = STYLED_ITEM ( 'NONE', ( #6503 ), #2051 ) ;
#10551 = FILL_AREA_STYLE ('',( #3784 ) ) ;
#10552 = VECTOR ( 'NONE', #4340, 1000.000000000000000 ) ;
#10553 = PRESENTATION_STYLE_ASSIGNMENT (( #7986 ) ) ;
#10554 = AXIS2_PLACEMENT_3D ( 'NONE', #9517, #268, #7822 ) ;
#10555 = LINE ( 'NONE', #6193, #10035 ) ;
#10556 = ORIENTED_EDGE ( 'NONE', *, *, #4964, .T. ) ;
#10557 = AXIS2_PLACEMENT_3D ( 'NONE', #4071, #4709, #8111 ) ;
#10558 = DIRECTION ( 'NONE',  ( 1.000000000000000000, -6.570922257487672349E-16, 0.000000000000000000 ) ) ;
#10559 = ORIENTED_EDGE ( 'NONE', *, *, #1141, .T. ) ;
#10560 = FILL_AREA_STYLE_COLOUR ( '', #3448 ) ;
#10561 = FACE_OUTER_BOUND ( 'NONE', #2643, .T. ) ;
#10562 = VECTOR ( 'NONE', #6416, 1000.000000000000000 ) ;
#10563 = VECTOR ( 'NONE', #5460, 1000.000000000000000 ) ;
#10564 = CARTESIAN_POINT ( 'NONE',  ( 4.000000000000002665, 0.2999999999999999889, -0.9500000000000009548 ) ) ;
#10565 = LINE ( 'NONE', #5543, #6619 ) ;
#10566 = CARTESIAN_POINT ( 'NONE',  ( 5.000000000000006217, 1.399999999999998801, -1.849999999999996314 ) ) ;
#10567 = SURFACE_SIDE_STYLE ('',( #7213 ) ) ;
#10568 = FILL_AREA_STYLE_COLOUR ( '', #7745 ) ;
#10569 = COLOUR_RGB ( '',1.000000000000000000, 1.000000000000000000, 1.000000000000000000 ) ;
#10570 = ORIENTED_EDGE ( 'NONE', *, *, #4410, .T. ) ;
#10571 = CARTESIAN_POINT ( 'NONE',  ( 4.000000000000001776, -0.9059928172283340242, 0.6500000000000025757 ) ) ;
#10572 = ORIENTED_EDGE ( 'NONE', *, *, #2468, .T. ) ;
#10573 = CARTESIAN_POINT ( 'NONE',  ( 4.669999999999994600, 1.399999999999998801, 0.3500000000000037526 ) ) ;
#10574 =( NAMED_UNIT ( * ) PLANE_ANGLE_UNIT ( ) SI_UNIT ( $, .RADIAN. ) );
#10575 = LINE ( 'NONE', #2997, #8277 ) ;
#10576 = ORIENTED_EDGE ( 'NONE', *, *, #8970, .F. ) ;
#10577 = LINE ( 'NONE', #4121, #6325 ) ;
#10578 = DIRECTION ( 'NONE',  ( 0.000000000000000000, 0.000000000000000000, 1.000000000000000000 ) ) ;
#10579 = LINE ( 'NONE', #10465, #2580 ) ;
#10580 = SURFACE_SIDE_STYLE ('',( #8932 ) ) ;
#10581 = VERTEX_POINT ( 'NONE', #460 ) ;
#10582 = SURFACE_STYLE_FILL_AREA ( #2952 ) ;
#10583 = EDGE_CURVE ( 'NONE', #2821, #8382, #563, .T. ) ;
#10584 = COLOUR_RGB ( '',1.000000000000000000, 0.8117647058823529438, 0.5019607843137254832 ) ;
#10585 = FILL_AREA_STYLE_COLOUR ( '', #593 ) ;
#10587 = EDGE_CURVE ( 'NONE', #5873, #8670, #4779, .T. ) ;
#10586 = DIRECTION ( 'NONE',  ( -0.7071067811865471286, -3.572722524310773550E-15, 0.7071067811865479058 ) ) ;
#10588 =( LENGTH_UNIT ( ) NAMED_UNIT ( * ) SI_UNIT ( .MILLI., .METRE. ) );
#10589 = CARTESIAN_POINT ( 'NONE',  ( 1.409999999999999698, 0.4499999999999999556, 2.250000000000004441 ) ) ;
#10590 = CARTESIAN_POINT ( 'NONE',  ( -0.1599999999999999756, 0.000000000000000000, 1.850000000000004530 ) ) ;
#10591 = EDGE_LOOP ( 'NONE', ( #5204, #284, #4167, #8281 ) ) ;
#10592 = ORIENTED_EDGE ( 'NONE', *, *, #8783, .T. ) ;
#10593 = DIRECTION ( 'NONE',  ( -0.000000000000000000, 0.000000000000000000, 1.000000000000000000 ) ) ;
#10594 = VECTOR ( 'NONE', #891, 1000.000000000000000 ) ;
#10595 = FACE_OUTER_BOUND ( 'NONE', #10189, .T. ) ;
#10596 =( NAMED_UNIT ( * ) PLANE_ANGLE_UNIT ( ) SI_UNIT ( $, .RADIAN. ) );
#10597 = EDGE_CURVE ( 'NONE', #8838, #4881, #2202, .T. ) ;
#10598 = VERTEX_POINT ( 'NONE', #3977 ) ;
#10599 = SURFACE_STYLE_USAGE ( .BOTH. , #6356 ) ;
#10600 = EDGE_CURVE ( 'NONE', #2408, #4148, #2094, .T. ) ;
#10601 = DIRECTION ( 'NONE',  ( 0.7071067811865473507, -0.7071067811865477948, -0.000000000000000000 ) ) ;
#10602 = CYLINDRICAL_SURFACE ( 'NONE', #2377, 0.1999999999999996503 ) ;
#10603 = CIRCLE ( 'NONE', #2658, 0.1999999999999996503 ) ;
#10604 =( NAMED_UNIT ( * ) SI_UNIT ( $, .STERADIAN. ) SOLID_ANGLE_UNIT ( ) );
#10605 = CARTESIAN_POINT ( 'NONE',  ( -3.400000000000024780, 1.749999999999999778, -0.7249377794898655969 ) ) ;
#10606 = EDGE_CURVE ( 'NONE', #3355, #9724, #3916, .T. ) ;
#10607 = ORIENTED_EDGE ( 'NONE', *, *, #6361, .T. ) ;
#10608 = CARTESIAN_POINT ( 'NONE',  ( -1.409999999999999920, 0.03083447080518480002, 0.1748709736949816407 ) ) ;
#10609 = AXIS2_PLACEMENT_3D ( 'NONE', #3849, #4693, #6370 ) ;
#10610 = CARTESIAN_POINT ( 'NONE',  ( -4.669999999999994600, 1.200000000000000178, 0.3500000000000037526 ) ) ;
#10611 = LINE ( 'NONE', #8857, #9506 ) ;
#10612 = VERTEX_POINT ( 'NONE', #2908 ) ;
#10613 = ORIENTED_EDGE ( 'NONE', *, *, #796, .T. ) ;
#10614 = DIRECTION ( 'NONE',  ( 0.000000000000000000, 0.000000000000000000, -1.000000000000000000 ) ) ;
#10615 = PRESENTATION_STYLE_ASSIGNMENT (( #8911 ) ) ;
#10616 = VECTOR ( 'NONE', #2320, 1000.000000000000000 ) ;
#10617 = DIRECTION ( 'NONE',  ( 1.000000000000000000, -0.000000000000000000, -0.000000000000000000 ) ) ;
#10618 = UNCERTAINTY_MEASURE_WITH_UNIT (LENGTH_MEASURE( 1.000000000000000082E-05 ), #2696, 'distance_accuracy_value', 'NONE');
#10619 = LINE ( 'NONE', #10728, #7346 ) ;
#10620 = UNCERTAINTY_MEASURE_WITH_UNIT (LENGTH_MEASURE( 1.000000000000000082E-05 ), #6100, 'distance_accuracy_value', 'NONE');
#10621 = PRESENTATION_STYLE_ASSIGNMENT (( #3037 ) ) ;
#10622 = CARTESIAN_POINT ( 'NONE',  ( 2.339999999999999858, 1.749999999999999778, -1.125000000000033973 ) ) ;
#10624 = SURFACE_SIDE_STYLE ('',( #7268 ) ) ;
#10623 = VECTOR ( 'NONE', #4559, 1000.000000000000000 ) ;
#10625 = EDGE_LOOP ( 'NONE', ( #3902, #5243, #3694, #7786 ) ) ;
#10626 = ORIENTED_EDGE ( 'NONE', *, *, #6483, .T. ) ;
#10627 = LINE ( 'NONE', #4648, #6921 ) ;
#10628 = DIRECTION ( 'NONE',  ( 0.000000000000000000, 0.000000000000000000, -1.000000000000000000 ) ) ;
#10629 = DIRECTION ( 'NONE',  ( 1.000000000000000000, 0.000000000000000000, 0.000000000000000000 ) ) ;
#10630 = EDGE_CURVE ( 'NONE', #2817, #579, #3876, .T. ) ;
#10631 = VECTOR ( 'NONE', #4818, 1000.000000000000000 ) ;
#10632 = CARTESIAN_POINT ( 'NONE',  ( -1.409999999999999920, 1.350000000000001865, 1.350000000000004086 ) ) ;
#10633 = SURFACE_SIDE_STYLE ('',( #4657 ) ) ;
#10634 = CARTESIAN_POINT ( 'NONE',  ( -5.199999999999999289, 2.099999999999999645, 0.6500000000000019096 ) ) ;
#10635 = ORIENTED_EDGE ( 'NONE', *, *, #2914, .T. ) ;
#10636 = DIRECTION ( 'NONE',  ( 0.000000000000000000, 0.000000000000000000, -1.000000000000000000 ) ) ;
#10637 =( NAMED_UNIT ( * ) SI_UNIT ( $, .STERADIAN. ) SOLID_ANGLE_UNIT ( ) );
#10638 = LINE ( 'NONE', #915, #8422 ) ;
#10639 = FACE_OUTER_BOUND ( 'NONE', #1722, .T. ) ;
#10640 = DIRECTION ( 'NONE',  ( 0.000000000000000000, 0.000000000000000000, 1.000000000000000000 ) ) ;
#10641 = ORIENTED_EDGE ( 'NONE', *, *, #2180, .F. ) ;
#10642 = DIRECTION ( 'NONE',  ( -1.000000000000000000, 1.084202172485504631E-15, 0.000000000000000000 ) ) ;
#10643 = EDGE_CURVE ( 'NONE', #10748, #3382, #5568, .T. ) ;
#10644 = EDGE_LOOP ( 'NONE', ( #1739, #2654, #4982, #10507 ) ) ;
#10645 = EDGE_CURVE ( 'NONE', #6174, #3162, #1372, .T. ) ;
#10646 = DIRECTION ( 'NONE',  ( -2.990902544787597113E-16, 1.000000000000000000, 0.000000000000000000 ) ) ;
#10647 = DIRECTION ( 'NONE',  ( 1.000000000000000000, 0.000000000000000000, 5.421010862427535975E-16 ) ) ;
#10648 = VECTOR ( 'NONE', #852, 1000.000000000000000 ) ;
#10649 = ORIENTED_EDGE ( 'NONE', *, *, #10859, .F. ) ;
#10650 = DIRECTION ( 'NONE',  ( -1.000000000000000000, -5.263117342162644475E-17, 0.000000000000000000 ) ) ;
#10651 = LINE ( 'NONE', #3074, #10720 ) ;
#10652 = ORIENTED_EDGE ( 'NONE', *, *, #4697, .F. ) ;
#10653 = VECTOR ( 'NONE', #4500, 1000.000000000000000 ) ;
#10654 = ADVANCED_FACE ( 'NONE', ( #10639 ), #4728, .F. ) ;
#10656 = CARTESIAN_POINT ( 'NONE',  ( 2.339999999999999858, -1.125000000000002442, 1.125000000000004663 ) ) ;
#10655 = VECTOR ( 'NONE', #5890, 1000.000000000000000 ) ;
#10657 = EDGE_CURVE ( 'NONE', #3783, #748, #8885, .T. ) ;
#10658 = DIRECTION ( 'NONE',  ( 0.000000000000000000, -0.000000000000000000, -1.000000000000000000 ) ) ;
#10659 =( LENGTH_UNIT ( ) NAMED_UNIT ( * ) SI_UNIT ( .MILLI., .METRE. ) );
#10660 = ORIENTED_EDGE ( 'NONE', *, *, #10784, .F. ) ;
#10661 = DIRECTION ( 'NONE',  ( -6.570922257487672349E-16, -1.000000000000000000, 0.000000000000000000 ) ) ;
#10662 = EDGE_LOOP ( 'NONE', ( #2535, #4115, #7530, #1089 ) ) ;
#10663 = FACE_OUTER_BOUND ( 'NONE', #9294, .T. ) ;
#10664 = DIRECTION ( 'NONE',  ( -1.000000000000000000, 0.000000000000000000, 0.000000000000000000 ) ) ;
#10665 = CARTESIAN_POINT ( 'NONE',  ( 5.000000000000006217, 1.649999999999999023, -1.849999999999996314 ) ) ;
#10666 = AXIS2_PLACEMENT_3D ( 'NONE', #10452, #2886, #7042 ) ;
#10667 = ADVANCED_FACE ( 'NONE', ( #9039 ), #1484, .F. ) ;
#10668 = DIRECTION ( 'NONE',  ( 1.182766006347823109E-16, -0.000000000000000000, 1.000000000000000000 ) ) ;
#10669 = DIRECTION ( 'NONE',  ( 0.000000000000000000, -1.000000000000000000, -0.000000000000000000 ) ) ;
#10670 = CARTESIAN_POINT ( 'NONE',  ( -2.339999999999999858, 0.2787990747163040517, -1.581148123764847258 ) ) ;
#10671 = ORIENTED_EDGE ( 'NONE', *, *, #5591, .F. ) ;
#10672 = DIRECTION ( 'NONE',  ( -0.7071067811865483499, 0.000000000000000000, 0.7071067811865467956 ) ) ;
#10673 = VERTEX_POINT ( 'NONE', #7504 ) ;
#10674 = AXIS2_PLACEMENT_3D ( 'NONE', #3731, #324, #7138 ) ;
#10675 = CARTESIAN_POINT ( 'NONE',  ( 4.000000000000002665, 0.2999999999999999889, -1.850000000000000533 ) ) ;
#10676 = DIRECTION ( 'NONE',  ( -0.000000000000000000, 0.000000000000000000, -1.000000000000000000 ) ) ;
#10677 = MECHANICAL_DESIGN_GEOMETRIC_PRESENTATION_REPRESENTATION (  '', ( #9812 ), #9806 ) ;
#10678 = CARTESIAN_POINT ( 'NONE',  ( 2.660000000000000142, 0.2787990747163040517, -1.581148123764847258 ) ) ;
#10679 = EDGE_LOOP ( 'NONE', ( #1034, #286, #9023, #5820 ) ) ;
#10680 = VECTOR ( 'NONE', #3390, 1000.000000000000000 ) ;
#10681 = ADVANCED_FACE ( 'NONE', ( #8330 ), #818, .T. ) ;
#10682 = CARTESIAN_POINT ( 'NONE',  ( 5.000000000000006217, 1.649999999999999023, 0.3500000000000037526 ) ) ;
#10683 =( NAMED_UNIT ( * ) PLANE_ANGLE_UNIT ( ) SI_UNIT ( $, .RADIAN. ) );
#10684 = CARTESIAN_POINT ( 'NONE',  ( -4.119999999999993001, 21.00560209553989566, -1.849999999999995870 ) ) ;
#10685 = FACE_OUTER_BOUND ( 'NONE', #9131, .T. ) ;
#10686 = ORIENTED_EDGE ( 'NONE', *, *, #2497, .T. ) ;
#10687 = STYLED_ITEM ( 'NONE', ( #6805 ), #5744 ) ;
#10688 = CARTESIAN_POINT ( 'NONE',  ( -3.050000000000019806, 1.749999999999999778, 0.9499999999999860778 ) ) ;
#10689 = ORIENTED_EDGE ( 'NONE', *, *, #6473, .F. ) ;
#10690 = DIRECTION ( 'NONE',  ( -1.000000000000000000, -0.000000000000000000, -0.000000000000000000 ) ) ;
#10691 = CARTESIAN_POINT ( 'NONE',  ( 0.1599999999999999756, 1.749999999999999778, -1.125000000000033973 ) ) ;
#10692 = CARTESIAN_POINT ( 'NONE',  ( -4.669999999999994600, 1.399999999999999911, -1.749999999999994449 ) ) ;
#10693 = VECTOR ( 'NONE', #6069, 1000.000000000000000 ) ;
#10694 = EDGE_CURVE ( 'NONE', #6115, #3783, #7558, .T. ) ;
#10695 = VERTEX_POINT ( 'NONE', #8437 ) ;
#10696 = VECTOR ( 'NONE', #9948, 1000.000000000000114 ) ;
#10697 = DIRECTION ( 'NONE',  ( 0.000000000000000000, 0.000000000000000000, 1.000000000000000000 ) ) ;
#10698 = CARTESIAN_POINT ( 'NONE',  ( -0.1599999999999999756, 0.000000000000000000, 0.000000000000000000 ) ) ;
#10699 =( LENGTH_UNIT ( ) NAMED_UNIT ( * ) SI_UNIT ( .MILLI., .METRE. ) );
#10700 = ORIENTED_EDGE ( 'NONE', *, *, #9942, .T. ) ;
#10701 = DIRECTION ( 'NONE',  ( 0.000000000000000000, 0.000000000000000000, -1.000000000000000000 ) ) ;
#10702 =( LENGTH_UNIT ( ) NAMED_UNIT ( * ) SI_UNIT ( .MILLI., .METRE. ) );
#10703 = ORIENTED_EDGE ( 'NONE', *, *, #2416, .F. ) ;
#10704 = COLOUR_RGB ( '',1.000000000000000000, 1.000000000000000000, 1.000000000000000000 ) ;
#10705 = LINE ( 'NONE', #475, #3907 ) ;
#10706 = VECTOR ( 'NONE', #9105, 1000.000000000000000 ) ;
#10707 =( NAMED_UNIT ( * ) SI_UNIT ( $, .STERADIAN. ) SOLID_ANGLE_UNIT ( ) );
#10708 = ADVANCED_FACE ( 'NONE', ( #12 ), #4081, .F. ) ;
#10709 =( GEOMETRIC_REPRESENTATION_CONTEXT ( 3 ) GLOBAL_UNCERTAINTY_ASSIGNED_CONTEXT ( ( #8312 ) ) GLOBAL_UNIT_ASSIGNED_CONTEXT ( ( #283, #3482, #1911 ) ) REPRESENTATION_CONTEXT ( 'NONE', 'WORKASPACE' ) );
#10710 = ORIENTED_EDGE ( 'NONE', *, *, #9540, .T. ) ;
#10711 = PRESENTATION_LAYER_ASSIGNMENT (  '', '', ( #4150 ) ) ;
#10712 =( GEOMETRIC_REPRESENTATION_CONTEXT ( 3 ) GLOBAL_UNCERTAINTY_ASSIGNED_CONTEXT ( ( #10743 ) ) GLOBAL_UNIT_ASSIGNED_CONTEXT ( ( #2891, #7104, #1307 ) ) REPRESENTATION_CONTEXT ( 'NONE', 'WORKASPACE' ) );
#10713 =( NAMED_UNIT ( * ) SI_UNIT ( $, .STERADIAN. ) SOLID_ANGLE_UNIT ( ) );
#10714 = EDGE_CURVE ( 'NONE', #6366, #2354, #10802, .T. ) ;
#10715 = EDGE_LOOP ( 'NONE', ( #3011, #8136, #10188, #6087 ) ) ;
#10716 = CARTESIAN_POINT ( 'NONE',  ( -4.000000000000001776, 0.2999999999999999889, 0.8000000000000004885 ) ) ;
#10717 =( GEOMETRIC_REPRESENTATION_CONTEXT ( 3 ) GLOBAL_UNCERTAINTY_ASSIGNED_CONTEXT ( ( #2655 ) ) GLOBAL_UNIT_ASSIGNED_CONTEXT ( ( #4135, #774, #9042 ) ) REPRESENTATION_CONTEXT ( 'NONE', 'WORKASPACE' ) );
#10718 = CARTESIAN_POINT ( 'NONE',  ( 5.102127870519477038E-17, 3.249999999999996891, -1.450000000000040146 ) ) ;
#10719 = EDGE_CURVE ( 'NONE', #10816, #3557, #7617, .T. ) ;
#10721 = PLANE ( 'NONE',  #4681 ) ;
#10720 = VECTOR ( 'NONE', #6460, 1000.000000000000000 ) ;
#10722 = UNCERTAINTY_MEASURE_WITH_UNIT (LENGTH_MEASURE( 1.000000000000000082E-05 ), #4799, 'distance_accuracy_value', 'NONE');
#10723 = LINE ( 'NONE', #906, #9062 ) ;
#10724 = VECTOR ( 'NONE', #7601, 1000.000000000000114 ) ;
#10725 = UNCERTAINTY_MEASURE_WITH_UNIT (LENGTH_MEASURE( 1.000000000000000082E-05 ), #4139, 'distance_accuracy_value', 'NONE');
#10726 =( GEOMETRIC_REPRESENTATION_CONTEXT ( 3 ) GLOBAL_UNCERTAINTY_ASSIGNED_CONTEXT ( ( #4521 ) ) GLOBAL_UNIT_ASSIGNED_CONTEXT ( ( #4599, #2940, #3802 ) ) REPRESENTATION_CONTEXT ( 'NONE', 'WORKASPACE' ) );
#10727 = COLOUR_RGB ( '',1.000000000000000000, 1.000000000000000000, 1.000000000000000000 ) ;
#10728 = CARTESIAN_POINT ( 'NONE',  ( 0.1599999999999999756, 2.865743636076471201, -1.125000000000033973 ) ) ;
#10729 = UNCERTAINTY_MEASURE_WITH_UNIT (LENGTH_MEASURE( 1.000000000000000082E-05 ), #2198, 'distance_accuracy_value', 'NONE');
#10730 = PRESENTATION_LAYER_ASSIGNMENT (  '', '', ( #2616 ) ) ;
#10731 = CARTESIAN_POINT ( 'NONE',  ( -2.339999999999999858, 0.000000000000000000, 0.000000000000000000 ) ) ;
#10732 = MECHANICAL_DESIGN_GEOMETRIC_PRESENTATION_REPRESENTATION (  '', ( #7749 ), #10195 ) ;
#10733 = ORIENTED_EDGE ( 'NONE', *, *, #3106, .T. ) ;
#10734 = ADVANCED_FACE ( 'NONE', ( #1534 ), #8279, .F. ) ;
#10735 = ORIENTED_EDGE ( 'NONE', *, *, #3884, .T. ) ;
#10736 = VECTOR ( 'NONE', #6467, 1000.000000000000000 ) ;
#10737 = VECTOR ( 'NONE', #9707, 1000.000000000000000 ) ;
#10738 = PRESENTATION_STYLE_ASSIGNMENT (( #10026 ) ) ;
#10739 = DIRECTION ( 'NONE',  ( -0.6847910787717377268, 0.2492435693639498961, 0.6847910787717356174 ) ) ;
#10740 = PRESENTATION_LAYER_ASSIGNMENT (  '', '', ( #7587 ) ) ;
#10741 = ADVANCED_FACE ( 'NONE', ( #9586 ), #6874, .T. ) ;
#10742 = SURFACE_STYLE_USAGE ( .BOTH. , #4999 ) ;
#10743 = UNCERTAINTY_MEASURE_WITH_UNIT (LENGTH_MEASURE( 1.000000000000000082E-05 ), #2891, 'distance_accuracy_value', 'NONE');
#10744 = LINE ( 'NONE', #6710, #9082 ) ;
#10745 = STYLED_ITEM ( 'NONE', ( #7500 ), #7803 ) ;
#10746 = DIRECTION ( 'NONE',  ( 0.000000000000000000, -1.000000000000000000, 0.000000000000000000 ) ) ;
#10747 = CARTESIAN_POINT ( 'NONE',  ( 0.1599999999999999756, 0.1000000000000000056, 2.350000000000004530 ) ) ;
#10748 = VERTEX_POINT ( 'NONE', #182 ) ;
#10749 = CARTESIAN_POINT ( 'NONE',  ( -4.000000000000001776, 21.00560209553989566, 1.850000000000000533 ) ) ;
#10750 =( NAMED_UNIT ( * ) PLANE_ANGLE_UNIT ( ) SI_UNIT ( $, .RADIAN. ) );
#10751 = PRESENTATION_STYLE_ASSIGNMENT (( #2357 ) ) ;
#10752 = SURFACE_STYLE_USAGE ( .BOTH. , #10853 ) ;
#10753 = FILL_AREA_STYLE ('',( #2469 ) ) ;
#10754 = FILL_AREA_STYLE_COLOUR ( '', #4534 ) ;
#10755 = VECTOR ( 'NONE', #8585, 1000.000000000000000 ) ;
#10756 = SURFACE_STYLE_FILL_AREA ( #604 ) ;
#10757 = ORIENTED_EDGE ( 'NONE', *, *, #7992, .T. ) ;
#10758 = LINE ( 'NONE', #5731, #3645 ) ;
#10759 = ORIENTED_EDGE ( 'NONE', *, *, #2630, .T. ) ;
#10760 = FILL_AREA_STYLE_COLOUR ( '', #3756 ) ;
#10761 = FILL_AREA_STYLE ('',( #7414 ) ) ;
#10762 = AXIS2_PLACEMENT_3D ( 'NONE', #6056, #2650, #5089 ) ;
#10763 = MANIFOLD_SOLID_BREP ( 'LPattern1[3]', #301 ) ;
#10764 =( LENGTH_UNIT ( ) NAMED_UNIT ( * ) SI_UNIT ( .MILLI., .METRE. ) );
#10765 = DIRECTION ( 'NONE',  ( -0.000000000000000000, -0.000000000000000000, 1.000000000000000000 ) ) ;
#10766 = DIRECTION ( 'NONE',  ( -1.000000000000000000, -0.000000000000000000, -0.000000000000000000 ) ) ;
#10767 = DIRECTION ( 'NONE',  ( -0.000000000000000000, -0.7071067811865495711, -0.7071067811865454633 ) ) ;
#10768 = ORIENTED_EDGE ( 'NONE', *, *, #839, .T. ) ;
#10769 = FILL_AREA_STYLE ('',( #8462 ) ) ;
#10770 = VECTOR ( 'NONE', #7418, 1000.000000000000000 ) ;
#10771 = EDGE_LOOP ( 'NONE', ( #7158, #8054, #8007, #10021, #3735 ) ) ;
#10772 = DIRECTION ( 'NONE',  ( 1.000000000000000000, 0.000000000000000000, 0.000000000000000000 ) ) ;
#10773 = EDGE_CURVE ( 'NONE', #9865, #6690, #7791, .T. ) ;
#10774 = CARTESIAN_POINT ( 'NONE',  ( -4.469999999999994422, 0.4500000000000009548, 0.3500000000000037526 ) ) ;
#10775 = LINE ( 'NONE', #5647, #3483 ) ;
#10776 = MECHANICAL_DESIGN_GEOMETRIC_PRESENTATION_REPRESENTATION (  '', ( #909 ), #9192 ) ;
#10777 = ORIENTED_EDGE ( 'NONE', *, *, #1245, .F. ) ;
#10778 = FILL_AREA_STYLE ('',( #2331 ) ) ;
#10779 = ORIENTED_EDGE ( 'NONE', *, *, #9078, .F. ) ;
#10780 = CARTESIAN_POINT ( 'NONE',  ( -2.339999999999999858, 0.4499999999999999556, 2.250000000000004441 ) ) ;
#10781 = CARTESIAN_POINT ( 'NONE',  ( 2.425000000000004707, 2.099999999999996980, -1.850000000000000533 ) ) ;
#10782 = VERTEX_POINT ( 'NONE', #2842 ) ;
#10783 = CARTESIAN_POINT ( 'NONE',  ( -5.499999999999995559, 2.449978563248832020E-15, -1.850000000000000533 ) ) ;
#10784 = EDGE_CURVE ( 'NONE', #5433, #1357, #116, .T. ) ;
#10785 = PRESENTATION_STYLE_ASSIGNMENT (( #6537 ) ) ;
#10786 = ORIENTED_EDGE ( 'NONE', *, *, #9661, .F. ) ;
#10787 = DIRECTION ( 'NONE',  ( 0.7071067811865485719, 0.7071067811865465735, 3.833233541708450876E-16 ) ) ;
#10788 = ORIENTED_EDGE ( 'NONE', *, *, #2777, .F. ) ;
#10789 = FILL_AREA_STYLE ('',( #1473 ) ) ;
#10790 = CARTESIAN_POINT ( 'NONE',  ( -4.669999999999994600, 0.2500000000000012768, -1.849999999999996314 ) ) ;
#10791 = CARTESIAN_POINT ( 'NONE',  ( -2.339999999999999858, 3.548929149633788693, -0.4454640388693684727 ) ) ;
#10792 = PRESENTATION_STYLE_ASSIGNMENT (( #2510 ) ) ;
#10793 = MECHANICAL_DESIGN_GEOMETRIC_PRESENTATION_REPRESENTATION (  '', ( #4611 ), #10267 ) ;
#10794 = CARTESIAN_POINT ( 'NONE',  ( 5.000000000000006217, 1.399999999999998801, 0.3500000000000037526 ) ) ;
#10795 = EDGE_CURVE ( 'NONE', #723, #8904, #1862, .T. ) ;
#10796 = FILL_AREA_STYLE ('',( #7611 ) ) ;
#10797 = EDGE_LOOP ( 'NONE', ( #3971, #4922, #9206, #9600 ) ) ;
#10798 = CYLINDRICAL_SURFACE ( 'NONE', #4178, 0.09999999995018485355 ) ;
#10799 = ADVANCED_FACE ( 'NONE', ( #7727 ), #234, .F. ) ;
#10800 = CARTESIAN_POINT ( 'NONE',  ( 2.339999999999999858, 0.000000000000000000, 2.350000000000004530 ) ) ;
#10801 = DIRECTION ( 'NONE',  ( -0.000000000000000000, -0.000000000000000000, -1.000000000000000000 ) ) ;
#10802 = LINE ( 'NONE', #2519, #3473 ) ;
#10803 = DIRECTION ( 'NONE',  ( -1.000000000000000000, -3.614007241618355673E-16, 0.000000000000000000 ) ) ;
#10804 = ORIENTED_EDGE ( 'NONE', *, *, #8109, .F. ) ;
#10805 =( NAMED_UNIT ( * ) PLANE_ANGLE_UNIT ( ) SI_UNIT ( $, .RADIAN. ) );
#10806 = VERTEX_POINT ( 'NONE', #3045 ) ;
#10807 = CARTESIAN_POINT ( 'NONE',  ( 5.102127870519477038E-17, 3.249999999999996891, -1.450000000000040146 ) ) ;
#10808 = EDGE_CURVE ( 'NONE', #7585, #10782, #5666, .T. ) ;
#10809 = DIRECTION ( 'NONE',  ( 0.000000000000000000, 0.000000000000000000, 1.000000000000000000 ) ) ;
#10810 = CARTESIAN_POINT ( 'NONE',  ( -1.090000000000000080, 0.000000000000000000, 0.000000000000000000 ) ) ;
#10811 = MANIFOLD_SOLID_BREP ( 'LPattern1[1]', #5025 ) ;
#10812 = CARTESIAN_POINT ( 'NONE',  ( -3.525881904447568882, 1.749999999999999778, -0.6283451969090765310 ) ) ;
#10813 = PLANE ( 'NONE',  #2307 ) ;
#10814 = FILL_AREA_STYLE ('',( #10871 ) ) ;
#10815 = DIRECTION ( 'NONE',  ( -1.000000000000000000, 0.000000000000000000, 0.000000000000000000 ) ) ;
#10816 = VERTEX_POINT ( 'NONE', #10675 ) ;
#10817 = FACE_OUTER_BOUND ( 'NONE', #4095, .T. ) ;
#10818 = ORIENTED_EDGE ( 'NONE', *, *, #2885, .T. ) ;
#10819 = DIRECTION ( 'NONE',  ( 1.182766006347823109E-16, -0.000000000000000000, 1.000000000000000000 ) ) ;
#10820 =( GEOMETRIC_REPRESENTATION_CONTEXT ( 3 ) GLOBAL_UNCERTAINTY_ASSIGNED_CONTEXT ( ( #6961 ) ) GLOBAL_UNIT_ASSIGNED_CONTEXT ( ( #6189, #1390, #2326 ) ) REPRESENTATION_CONTEXT ( 'NONE', 'WORKASPACE' ) );
#10821 = CARTESIAN_POINT ( 'NONE',  ( 1.325000000000004619, 3.249999999999997335, -1.450000000000040368 ) ) ;
#10822 =( NAMED_UNIT ( * ) SI_UNIT ( $, .STERADIAN. ) SOLID_ANGLE_UNIT ( ) );
#10823 = VERTEX_POINT ( 'NONE', #450 ) ;
#10824 = CARTESIAN_POINT ( 'NONE',  ( 4.000000000000002665, 0.000000000000000000, 1.850000000000000533 ) ) ;
#10825 = CARTESIAN_POINT ( 'NONE',  ( 4.469999999999994422, 1.199999999999999067, 0.3500000000000037526 ) ) ;
#10826 = ADVANCED_FACE ( 'NONE', ( #2242 ), #7109, .F. ) ;
#10827 = ORIENTED_EDGE ( 'NONE', *, *, #7873, .T. ) ;
#10828 = DIRECTION ( 'NONE',  ( -0.9762960071199341394, -0.2164396139380997119, -0.000000000000000000 ) ) ;
#10829 =( NAMED_UNIT ( * ) SI_UNIT ( $, .STERADIAN. ) SOLID_ANGLE_UNIT ( ) );
#10830 = ORIENTED_EDGE ( 'NONE', *, *, #10184, .F. ) ;
#10831 = UNCERTAINTY_MEASURE_WITH_UNIT (LENGTH_MEASURE( 1.000000000000000082E-05 ), #8156, 'distance_accuracy_value', 'NONE');
#10832 = UNCERTAINTY_MEASURE_WITH_UNIT (LENGTH_MEASURE( 1.000000000000000082E-05 ), #3561, 'distance_accuracy_value', 'NONE');
#10833 = CARTESIAN_POINT ( 'NONE',  ( 5.000000000000006217, 1.649999999999999023, 0.3500000000000037526 ) ) ;
#10834 = UNCERTAINTY_MEASURE_WITH_UNIT (LENGTH_MEASURE( 1.000000000000000082E-05 ), #1100, 'distance_accuracy_value', 'NONE');
#10835 = PLANE ( 'NONE',  #6472 ) ;
#10836 = MECHANICAL_DESIGN_GEOMETRIC_PRESENTATION_REPRESENTATION (  '', ( #4653 ), #9603 ) ;
#10837 = VERTEX_POINT ( 'NONE', #402 ) ;
#10838 = CARTESIAN_POINT ( 'NONE',  ( -2.339999999999999858, 1.083335593717822357E-31, 2.250000000000004441 ) ) ;
#10839 = EDGE_CURVE ( 'NONE', #435, #9886, #8981, .T. ) ;
#10840 = ORIENTED_EDGE ( 'NONE', *, *, #2431, .F. ) ;
#10841 = CARTESIAN_POINT ( 'NONE',  ( -3.523657060577888622E-15, 3.249999999999998668, -1.850000000000000533 ) ) ;
#10842 = STYLED_ITEM ( 'NONE', ( #7099 ), #4976 ) ;
#10843 = DIRECTION ( 'NONE',  ( 0.000000000000000000, -1.000000000000000000, 0.000000000000000000 ) ) ;
#10844 =( GEOMETRIC_REPRESENTATION_CONTEXT ( 3 ) GLOBAL_UNCERTAINTY_ASSIGNED_CONTEXT ( ( #4638 ) ) GLOBAL_UNIT_ASSIGNED_CONTEXT ( ( #6358, #3930, #524 ) ) REPRESENTATION_CONTEXT ( 'NONE', 'WORKASPACE' ) );
#10845 = MANIFOLD_SOLID_BREP ( 'LPattern2[4]', #6072 ) ;
#10846 = SURFACE_STYLE_FILL_AREA ( #872 ) ;
#10847 = FILL_AREA_STYLE ('',( #2466 ) ) ;
#10848 = VERTEX_POINT ( 'NONE', #6644 ) ;
#10849 = AXIS2_PLACEMENT_3D ( 'NONE', #1514, #3254, #9124 ) ;
#10850 = DIRECTION ( 'NONE',  ( 0.000000000000000000, 0.9848077530122087975, -0.1736481776669264454 ) ) ;
#10851 = ADVANCED_FACE ( 'NONE', ( #806 ), #2623, .F. ) ;
#10852 = FILL_AREA_STYLE ('',( #1481 ) ) ;
#10853 = SURFACE_SIDE_STYLE ('',( #7285 ) ) ;
#10854 = VECTOR ( 'NONE', #8510, 1000.000000000000000 ) ;
#10855 = EDGE_CURVE ( 'NONE', #5894, #900, #6707, .T. ) ;
#10856 = CARTESIAN_POINT ( 'NONE',  ( -3.525881904447568882, 4.525881904447545345, 0.1283451969090873557 ) ) ;
#10857 =( NAMED_UNIT ( * ) SI_UNIT ( $, .STERADIAN. ) SOLID_ANGLE_UNIT ( ) );
#10858 = ORIENTED_EDGE ( 'NONE', *, *, #6211, .F. ) ;
#10859 = EDGE_CURVE ( 'NONE', #7142, #7829, #9239, .T. ) ;
#10860 = ORIENTED_EDGE ( 'NONE', *, *, #5938, .T. ) ;
#10861 = PRESENTATION_LAYER_ASSIGNMENT (  '', '', ( #9635 ) ) ;
#10862 = LINE ( 'NONE', #4963, #8067 ) ;
#10863 = VECTOR ( 'NONE', #5876, 1000.000000000000000 ) ;
#10864 = DIRECTION ( 'NONE',  ( -1.000000000000000000, 0.000000000000000000, -0.000000000000000000 ) ) ;
#10865 =( NAMED_UNIT ( * ) SI_UNIT ( $, .STERADIAN. ) SOLID_ANGLE_UNIT ( ) );
#10866 = CARTESIAN_POINT ( 'NONE',  ( -4.000000000000000888, 0.2999999999999999889, -1.849999999999995870 ) ) ;
#10867 = PRESENTATION_LAYER_ASSIGNMENT (  '', '', ( #5914 ) ) ;
#10868 = CARTESIAN_POINT ( 'NONE',  ( -2.024999999999999911, 3.249999999999996891, -1.450000000000039924 ) ) ;
#10869 = ADVANCED_FACE ( 'NONE', ( #3164 ), #1582, .T. ) ;
#10870 = LINE ( 'NONE', #10100, #126 ) ;
#10871 = FILL_AREA_STYLE_COLOUR ( '', #1148 ) ;
#10872 = DIRECTION ( 'NONE',  ( 0.000000000000000000, -1.000000000000000000, 0.000000000000000000 ) ) ;
#10873 = ORIENTED_EDGE ( 'NONE', *, *, #299, .T. ) ;
#10874 = VECTOR ( 'NONE', #24, 1000.000000000000000 ) ;
#10875 = DIRECTION ( 'NONE',  ( 1.000000000000000000, 1.084202172485504828E-15, -1.275531967629996124E-16 ) ) ;
#10876 = ORIENTED_EDGE ( 'NONE', *, *, #7108, .T. ) ;
#10877 = ADVANCED_FACE ( 'NONE', ( #3316 ), #6590, .F. ) ;
#10878 =( LENGTH_UNIT ( ) NAMED_UNIT ( * ) SI_UNIT ( .MILLI., .METRE. ) );
#10879 =( GEOMETRIC_REPRESENTATION_CONTEXT ( 3 ) GLOBAL_UNCERTAINTY_ASSIGNED_CONTEXT ( ( #3518 ) ) GLOBAL_UNIT_ASSIGNED_CONTEXT ( ( #8042, #2234, #10504 ) ) REPRESENTATION_CONTEXT ( 'NONE', 'WORKASPACE' ) );
#10880 = DIRECTION ( 'NONE',  ( 0.000000000000000000, 0.000000000000000000, 1.000000000000000000 ) ) ;
#10881 = AXIS2_PLACEMENT_3D ( 'NONE', #7964, #8731, #8834 ) ;
#10882 = CARTESIAN_POINT ( 'NONE',  ( 0.1599999999999999756, 1.083335593717822357E-31, 2.250000000000004441 ) ) ;
#10883 = VERTEX_POINT ( 'NONE', #7780 ) ;
#10884 = CARTESIAN_POINT ( 'NONE',  ( 3.525881904447568882, 1.749999999999999778, -0.6283451969090770861 ) ) ;
#10885 = CARTESIAN_POINT ( 'NONE',  ( 4.669999999999994600, 1.399999999999998801, 0.3500000000000037526 ) ) ;
#10886 = EDGE_LOOP ( 'NONE', ( #1145, #9422, #6139, #5178, #6761, #7048 ) ) ;
#10887 = FILL_AREA_STYLE_COLOUR ( '', #10531 ) ;
#10888 =( LENGTH_UNIT ( ) NAMED_UNIT ( * ) SI_UNIT ( .MILLI., .METRE. ) );
#10889 = EDGE_LOOP ( 'NONE', ( #6175, #7777, #8850, #7486 ) ) ;
#10890 = COLOUR_RGB ( '',1.000000000000000000, 1.000000000000000000, 1.000000000000000000 ) ;
#10891 = LINE ( 'NONE', #8581, #2919 ) ;
#10892 =( GEOMETRIC_REPRESENTATION_CONTEXT ( 3 ) GLOBAL_UNCERTAINTY_ASSIGNED_CONTEXT ( ( #1572 ) ) GLOBAL_UNIT_ASSIGNED_CONTEXT ( ( #5923, #3216, #7553 ) ) REPRESENTATION_CONTEXT ( 'NONE', 'WORKASPACE' ) );
#10893 = MECHANICAL_DESIGN_GEOMETRIC_PRESENTATION_REPRESENTATION (  '', ( #4150 ), #6119 ) ;
#10894 = SURFACE_STYLE_USAGE ( .BOTH. , #8209 ) ;
#10895 = ORIENTED_EDGE ( 'NONE', *, *, #3921, .T. ) ;
#10896 = VECTOR ( 'NONE', #6143, 1000.000000000000000 ) ;
#10897 = VECTOR ( 'NONE', #1237, 1000.000000000000114 ) ;
#10898 =( NAMED_UNIT ( * ) PLANE_ANGLE_UNIT ( ) SI_UNIT ( $, .RADIAN. ) );
#10899 = ORIENTED_EDGE ( 'NONE', *, *, #3334, .F. ) ;
#10900 = SURFACE_STYLE_FILL_AREA ( #10789 ) ;
#10902 = CARTESIAN_POINT ( 'NONE',  ( 5.499999999999995559, 2.449978563248832020E-15, -1.850000000000000533 ) ) ;
#10901 = VECTOR ( 'NONE', #9353, 1000.000000000000000 ) ;
#10903 = COLOUR_RGB ( '',0.7921568627450980005, 0.8196078431372548767, 0.9333333333333333481 ) ;
#10904 = VECTOR ( 'NONE', #5364, 1000.000000000000000 ) ;
#10905 = FACE_OUTER_BOUND ( 'NONE', #3290, .T. ) ;
#10906 =( GEOMETRIC_REPRESENTATION_CONTEXT ( 3 ) GLOBAL_UNCERTAINTY_ASSIGNED_CONTEXT ( ( #3627 ) ) GLOBAL_UNIT_ASSIGNED_CONTEXT ( ( #4316, #364, #5467 ) ) REPRESENTATION_CONTEXT ( 'NONE', 'WORKASPACE' ) );
#10907 = COLOUR_RGB ( '',1.000000000000000000, 1.000000000000000000, 1.000000000000000000 ) ;
#10908 = SURFACE_STYLE_FILL_AREA ( #9919 ) ;
#10909 = EDGE_CURVE ( 'NONE', #6953, #10179, #1799, .T. ) ;
#10910 = DIRECTION ( 'NONE',  ( -1.000000000000000000, 0.000000000000000000, 0.000000000000000000 ) ) ;
ENDSEC;
END-ISO-10303-21;
