ISO-10303-21;
HEADER;
FILE_DESCRIPTION((''),'2;1');
FILE_NAME('791098404','2013-09-30T',('me'),(''),
'PRO/ENGINEER BY PARAMETRIC TECHNOLOGY CORPORATION, 2011490',
'PRO/ENGINEER BY PARAMETRIC TECHNOLOGY CORPORATION, 2011490','');
FILE_SCHEMA(('CONFIG_CONTROL_DESIGN'));
ENDSEC;
DATA;
#1=DIRECTION('',(0.E0,1.E0,0.E0));
#2=VECTOR('',#1,1.6E-1);
#3=CARTESIAN_POINT('',(2.005E-1,-7.2E-2,-8.25E-2));
#4=LINE('',#3,#2);
#5=DIRECTION('',(-1.E0,0.E0,0.E0));
#6=VECTOR('',#5,4.01E-1);
#7=CARTESIAN_POINT('',(2.005E-1,8.8E-2,-8.25E-2));
#8=LINE('',#7,#6);
#9=DIRECTION('',(0.E0,-1.E0,0.E0));
#10=VECTOR('',#9,1.6E-1);
#11=CARTESIAN_POINT('',(-2.005E-1,8.8E-2,-8.25E-2));
#12=LINE('',#11,#10);
#13=DIRECTION('',(0.E0,0.E0,-1.E0));
#14=VECTOR('',#13,3.6E-2);
#15=CARTESIAN_POINT('',(-5.23E-2,-7.2E-2,1.8E-2));
#16=LINE('',#15,#14);
#17=DIRECTION('',(0.E0,0.E0,-1.E0));
#18=VECTOR('',#17,3.6E-2);
#19=CARTESIAN_POINT('',(2.64E-2,-7.2E-2,1.8E-2));
#20=LINE('',#19,#18);
#21=DIRECTION('',(0.E0,0.E0,-1.E0));
#22=VECTOR('',#21,3.6E-2);
#23=CARTESIAN_POINT('',(1.051E-1,-7.2E-2,1.8E-2));
#24=LINE('',#23,#22);
#25=DIRECTION('',(0.E0,0.E0,-1.E0));
#26=VECTOR('',#25,3.6E-2);
#27=CARTESIAN_POINT('',(1.838E-1,-7.2E-2,1.8E-2));
#28=LINE('',#27,#26);
#29=DIRECTION('',(0.E0,0.E0,-1.E0));
#30=VECTOR('',#29,3.6E-2);
#31=CARTESIAN_POINT('',(-1.31E-1,-7.2E-2,1.8E-2));
#32=LINE('',#31,#30);
#33=DIRECTION('',(0.E0,0.E0,1.E0));
#34=VECTOR('',#33,6.E-3);
#35=CARTESIAN_POINT('',(1.663E-1,-7.2E-2,-6.5E-2));
#36=LINE('',#35,#34);
#37=DIRECTION('',(-1.E0,0.E0,0.E0));
#38=VECTOR('',#37,6.E-3);
#39=CARTESIAN_POINT('',(1.898E-1,-7.2E-2,-5.1E-2));
#40=LINE('',#39,#38);
#41=DIRECTION('',(0.E0,0.E0,1.E0));
#42=VECTOR('',#41,1.8E-2);
#43=CARTESIAN_POINT('',(1.898E-1,-7.2E-2,-6.9E-2));
#44=LINE('',#43,#42);
#45=DIRECTION('',(1.E0,0.E0,0.E0));
#46=VECTOR('',#45,1.07E-2);
#47=CARTESIAN_POINT('',(1.898E-1,-7.2E-2,-6.9E-2));
#48=LINE('',#47,#46);
#49=DIRECTION('',(-1.E0,0.E0,0.E0));
#50=VECTOR('',#49,4.01E-1);
#51=CARTESIAN_POINT('',(2.005E-1,-7.2E-2,-8.25E-2));
#52=LINE('',#51,#50);
#53=DIRECTION('',(1.E0,0.E0,0.E0));
#54=VECTOR('',#53,1.05E-2);
#55=CARTESIAN_POINT('',(-2.005E-1,-7.2E-2,-6.9E-2));
#56=LINE('',#55,#54);
#57=DIRECTION('',(0.E0,0.E0,-1.E0));
#58=VECTOR('',#57,1.8E-2);
#59=CARTESIAN_POINT('',(-1.9E-1,-7.2E-2,-5.1E-2));
#60=LINE('',#59,#58);
#61=DIRECTION('',(-1.E0,0.E0,0.E0));
#62=VECTOR('',#61,5.999999999991E-3);
#63=CARTESIAN_POINT('',(-1.84E-1,-7.2E-2,-5.1E-2));
#64=LINE('',#63,#62);
#65=DIRECTION('',(0.E0,0.E0,1.E0));
#66=VECTOR('',#65,6.E-3);
#67=CARTESIAN_POINT('',(-1.665E-1,-7.2E-2,-6.5E-2));
#68=LINE('',#67,#66);
#69=DIRECTION('',(-1.E0,0.E0,0.E0));
#70=VECTOR('',#69,1.8E-2);
#71=CARTESIAN_POINT('',(-1.485E-1,-7.2E-2,-6.5E-2));
#72=LINE('',#71,#70);
#73=DIRECTION('',(0.E0,0.E0,1.E0));
#74=VECTOR('',#73,6.E-3);
#75=CARTESIAN_POINT('',(-1.485E-1,-7.2E-2,-6.5E-2));
#76=LINE('',#75,#74);
#77=DIRECTION('',(-1.E0,0.E0,0.E0));
#78=VECTOR('',#77,6.000000000009E-3);
#79=CARTESIAN_POINT('',(-1.25E-1,-7.2E-2,-5.1E-2));
#80=LINE('',#79,#78);
#81=DIRECTION('',(0.E0,0.E0,1.E0));
#82=VECTOR('',#81,1.8E-2);
#83=CARTESIAN_POINT('',(-1.25E-1,-7.2E-2,-6.9E-2));
#84=LINE('',#83,#82);
#85=DIRECTION('',(1.E0,0.E0,0.E0));
#86=VECTOR('',#85,1.37E-2);
#87=CARTESIAN_POINT('',(-1.25E-1,-7.2E-2,-6.9E-2));
#88=LINE('',#87,#86);
#89=DIRECTION('',(0.E0,0.E0,-1.E0));
#90=VECTOR('',#89,1.8E-2);
#91=CARTESIAN_POINT('',(-1.113E-1,-7.2E-2,-5.1E-2));
#92=LINE('',#91,#90);
#93=DIRECTION('',(-1.E0,0.E0,0.E0));
#94=VECTOR('',#93,6.E-3);
#95=CARTESIAN_POINT('',(-1.053E-1,-7.2E-2,-5.1E-2));
#96=LINE('',#95,#94);
#97=DIRECTION('',(0.E0,0.E0,1.E0));
#98=VECTOR('',#97,6.E-3);
#99=CARTESIAN_POINT('',(-8.78E-2,-7.2E-2,-6.5E-2));
#100=LINE('',#99,#98);
#101=DIRECTION('',(-1.E0,0.E0,0.E0));
#102=VECTOR('',#101,1.8E-2);
#103=CARTESIAN_POINT('',(-6.98E-2,-7.2E-2,-6.5E-2));
#104=LINE('',#103,#102);
#105=DIRECTION('',(0.E0,0.E0,1.E0));
#106=VECTOR('',#105,6.E-3);
#107=CARTESIAN_POINT('',(-6.98E-2,-7.2E-2,-6.5E-2));
#108=LINE('',#107,#106);
#109=DIRECTION('',(-1.E0,0.E0,0.E0));
#110=VECTOR('',#109,6.E-3);
#111=CARTESIAN_POINT('',(-4.63E-2,-7.2E-2,-5.1E-2));
#112=LINE('',#111,#110);
#113=DIRECTION('',(0.E0,0.E0,1.E0));
#114=VECTOR('',#113,1.8E-2);
#115=CARTESIAN_POINT('',(-4.63E-2,-7.2E-2,-6.9E-2));
#116=LINE('',#115,#114);
#117=DIRECTION('',(1.E0,0.E0,0.E0));
#118=VECTOR('',#117,1.37E-2);
#119=CARTESIAN_POINT('',(-4.63E-2,-7.2E-2,-6.9E-2));
#120=LINE('',#119,#118);
#121=DIRECTION('',(0.E0,0.E0,-1.E0));
#122=VECTOR('',#121,1.8E-2);
#123=CARTESIAN_POINT('',(-3.26E-2,-7.2E-2,-5.1E-2));
#124=LINE('',#123,#122);
#125=DIRECTION('',(-1.E0,0.E0,0.E0));
#126=VECTOR('',#125,6.E-3);
#127=CARTESIAN_POINT('',(-2.66E-2,-7.2E-2,-5.1E-2));
#128=LINE('',#127,#126);
#129=DIRECTION('',(0.E0,0.E0,1.E0));
#130=VECTOR('',#129,6.E-3);
#131=CARTESIAN_POINT('',(-9.1E-3,-7.2E-2,-6.5E-2));
#132=LINE('',#131,#130);
#133=DIRECTION('',(-1.E0,0.E0,0.E0));
#134=VECTOR('',#133,1.8E-2);
#135=CARTESIAN_POINT('',(8.9E-3,-7.2E-2,-6.5E-2));
#136=LINE('',#135,#134);
#137=DIRECTION('',(0.E0,0.E0,1.E0));
#138=VECTOR('',#137,6.E-3);
#139=CARTESIAN_POINT('',(8.9E-3,-7.2E-2,-6.5E-2));
#140=LINE('',#139,#138);
#141=DIRECTION('',(-1.E0,0.E0,0.E0));
#142=VECTOR('',#141,6.E-3);
#143=CARTESIAN_POINT('',(3.24E-2,-7.2E-2,-5.1E-2));
#144=LINE('',#143,#142);
#145=DIRECTION('',(0.E0,0.E0,1.E0));
#146=VECTOR('',#145,1.8E-2);
#147=CARTESIAN_POINT('',(3.24E-2,-7.2E-2,-6.9E-2));
#148=LINE('',#147,#146);
#149=DIRECTION('',(1.E0,0.E0,0.E0));
#150=VECTOR('',#149,1.37E-2);
#151=CARTESIAN_POINT('',(3.24E-2,-7.2E-2,-6.9E-2));
#152=LINE('',#151,#150);
#153=DIRECTION('',(0.E0,0.E0,-1.E0));
#154=VECTOR('',#153,1.8E-2);
#155=CARTESIAN_POINT('',(4.61E-2,-7.2E-2,-5.1E-2));
#156=LINE('',#155,#154);
#157=DIRECTION('',(-1.E0,0.E0,0.E0));
#158=VECTOR('',#157,6.E-3);
#159=CARTESIAN_POINT('',(5.21E-2,-7.2E-2,-5.1E-2));
#160=LINE('',#159,#158);
#161=DIRECTION('',(0.E0,0.E0,1.E0));
#162=VECTOR('',#161,6.E-3);
#163=CARTESIAN_POINT('',(6.96E-2,-7.2E-2,-6.5E-2));
#164=LINE('',#163,#162);
#165=DIRECTION('',(-1.E0,0.E0,0.E0));
#166=VECTOR('',#165,1.8E-2);
#167=CARTESIAN_POINT('',(8.76E-2,-7.2E-2,-6.5E-2));
#168=LINE('',#167,#166);
#169=DIRECTION('',(0.E0,0.E0,1.E0));
#170=VECTOR('',#169,6.E-3);
#171=CARTESIAN_POINT('',(8.76E-2,-7.2E-2,-6.5E-2));
#172=LINE('',#171,#170);
#173=DIRECTION('',(-1.E0,0.E0,0.E0));
#174=VECTOR('',#173,6.E-3);
#175=CARTESIAN_POINT('',(1.111E-1,-7.2E-2,-5.1E-2));
#176=LINE('',#175,#174);
#177=DIRECTION('',(0.E0,0.E0,1.E0));
#178=VECTOR('',#177,1.8E-2);
#179=CARTESIAN_POINT('',(1.111E-1,-7.2E-2,-6.9E-2));
#180=LINE('',#179,#178);
#181=DIRECTION('',(1.E0,0.E0,0.E0));
#182=VECTOR('',#181,1.37E-2);
#183=CARTESIAN_POINT('',(1.111E-1,-7.2E-2,-6.9E-2));
#184=LINE('',#183,#182);
#185=DIRECTION('',(0.E0,0.E0,-1.E0));
#186=VECTOR('',#185,1.8E-2);
#187=CARTESIAN_POINT('',(1.248E-1,-7.2E-2,-5.1E-2));
#188=LINE('',#187,#186);
#189=DIRECTION('',(-1.E0,0.E0,0.E0));
#190=VECTOR('',#189,6.E-3);
#191=CARTESIAN_POINT('',(1.308E-1,-7.2E-2,-5.1E-2));
#192=LINE('',#191,#190);
#193=DIRECTION('',(0.E0,0.E0,1.E0));
#194=VECTOR('',#193,6.E-3);
#195=CARTESIAN_POINT('',(1.483E-1,-7.2E-2,-6.5E-2));
#196=LINE('',#195,#194);
#197=DIRECTION('',(-1.E0,0.E0,0.E0));
#198=VECTOR('',#197,1.8E-2);
#199=CARTESIAN_POINT('',(1.663E-1,-7.2E-2,-6.5E-2));
#200=LINE('',#199,#198);
#201=DIRECTION('',(0.E0,0.E0,-1.E0));
#202=VECTOR('',#201,6.E-3);
#203=CARTESIAN_POINT('',(1.663E-1,-7.2E-2,6.5E-2));
#204=LINE('',#203,#202);
#205=DIRECTION('',(-1.E0,0.E0,0.E0));
#206=VECTOR('',#205,1.8E-2);
#207=CARTESIAN_POINT('',(1.663E-1,-7.2E-2,6.5E-2));
#208=LINE('',#207,#206);
#209=DIRECTION('',(0.E0,0.E0,-1.E0));
#210=VECTOR('',#209,6.E-3);
#211=CARTESIAN_POINT('',(1.483E-1,-7.2E-2,6.5E-2));
#212=LINE('',#211,#210);
#213=DIRECTION('',(-1.E0,0.E0,0.E0));
#214=VECTOR('',#213,1.300000000001E-2);
#215=CARTESIAN_POINT('',(1.483E-1,-7.2E-2,5.9E-2));
#216=LINE('',#215,#214);
#217=DIRECTION('',(1.E0,0.E0,0.E0));
#218=VECTOR('',#217,6.E-3);
#219=CARTESIAN_POINT('',(1.248E-1,-7.2E-2,5.1E-2));
#220=LINE('',#219,#218);
#221=DIRECTION('',(0.E0,0.E0,-1.E0));
#222=VECTOR('',#221,1.8E-2);
#223=CARTESIAN_POINT('',(1.248E-1,-7.2E-2,6.9E-2));
#224=LINE('',#223,#222);
#225=DIRECTION('',(0.E0,0.E0,1.E0));
#226=VECTOR('',#225,1.8E-2);
#227=CARTESIAN_POINT('',(1.111E-1,-7.2E-2,5.1E-2));
#228=LINE('',#227,#226);
#229=DIRECTION('',(1.E0,0.E0,0.E0));
#230=VECTOR('',#229,6.E-3);
#231=CARTESIAN_POINT('',(1.051E-1,-7.2E-2,5.1E-2));
#232=LINE('',#231,#230);
#233=DIRECTION('',(-1.E0,0.E0,0.E0));
#234=VECTOR('',#233,1.299999999999E-2);
#235=CARTESIAN_POINT('',(1.006E-1,-7.2E-2,5.9E-2));
#236=LINE('',#235,#234);
#237=DIRECTION('',(0.E0,0.E0,-1.E0));
#238=VECTOR('',#237,6.E-3);
#239=CARTESIAN_POINT('',(8.76E-2,-7.2E-2,6.5E-2));
#240=LINE('',#239,#238);
#241=DIRECTION('',(-1.E0,0.E0,0.E0));
#242=VECTOR('',#241,1.8E-2);
#243=CARTESIAN_POINT('',(8.76E-2,-7.2E-2,6.5E-2));
#244=LINE('',#243,#242);
#245=DIRECTION('',(0.E0,0.E0,-1.E0));
#246=VECTOR('',#245,6.E-3);
#247=CARTESIAN_POINT('',(6.96E-2,-7.2E-2,6.5E-2));
#248=LINE('',#247,#246);
#249=DIRECTION('',(-1.E0,0.E0,0.E0));
#250=VECTOR('',#249,1.300000000001E-2);
#251=CARTESIAN_POINT('',(6.96E-2,-7.2E-2,5.9E-2));
#252=LINE('',#251,#250);
#253=DIRECTION('',(1.E0,0.E0,0.E0));
#254=VECTOR('',#253,6.E-3);
#255=CARTESIAN_POINT('',(4.61E-2,-7.2E-2,5.1E-2));
#256=LINE('',#255,#254);
#257=DIRECTION('',(0.E0,0.E0,-1.E0));
#258=VECTOR('',#257,1.8E-2);
#259=CARTESIAN_POINT('',(4.61E-2,-7.2E-2,6.9E-2));
#260=LINE('',#259,#258);
#261=DIRECTION('',(0.E0,0.E0,1.E0));
#262=VECTOR('',#261,1.8E-2);
#263=CARTESIAN_POINT('',(3.24E-2,-7.2E-2,5.1E-2));
#264=LINE('',#263,#262);
#265=DIRECTION('',(1.E0,0.E0,0.E0));
#266=VECTOR('',#265,6.E-3);
#267=CARTESIAN_POINT('',(2.64E-2,-7.2E-2,5.1E-2));
#268=LINE('',#267,#266);
#269=DIRECTION('',(-1.E0,0.E0,0.E0));
#270=VECTOR('',#269,1.299999999999E-2);
#271=CARTESIAN_POINT('',(2.189999999999E-2,-7.2E-2,5.9E-2));
#272=LINE('',#271,#270);
#273=DIRECTION('',(0.E0,0.E0,-1.E0));
#274=VECTOR('',#273,6.E-3);
#275=CARTESIAN_POINT('',(8.9E-3,-7.2E-2,6.5E-2));
#276=LINE('',#275,#274);
#277=DIRECTION('',(-1.E0,0.E0,0.E0));
#278=VECTOR('',#277,1.8E-2);
#279=CARTESIAN_POINT('',(8.9E-3,-7.2E-2,6.5E-2));
#280=LINE('',#279,#278);
#281=DIRECTION('',(0.E0,0.E0,-1.E0));
#282=VECTOR('',#281,6.E-3);
#283=CARTESIAN_POINT('',(-9.1E-3,-7.2E-2,6.5E-2));
#284=LINE('',#283,#282);
#285=DIRECTION('',(-1.E0,0.E0,0.E0));
#286=VECTOR('',#285,1.300000000001E-2);
#287=CARTESIAN_POINT('',(-9.1E-3,-7.2E-2,5.9E-2));
#288=LINE('',#287,#286);
#289=DIRECTION('',(1.E0,0.E0,0.E0));
#290=VECTOR('',#289,6.E-3);
#291=CARTESIAN_POINT('',(-3.26E-2,-7.2E-2,5.1E-2));
#292=LINE('',#291,#290);
#293=DIRECTION('',(0.E0,0.E0,-1.E0));
#294=VECTOR('',#293,1.8E-2);
#295=CARTESIAN_POINT('',(-3.26E-2,-7.2E-2,6.9E-2));
#296=LINE('',#295,#294);
#297=DIRECTION('',(0.E0,0.E0,1.E0));
#298=VECTOR('',#297,1.8E-2);
#299=CARTESIAN_POINT('',(-4.63E-2,-7.2E-2,5.1E-2));
#300=LINE('',#299,#298);
#301=DIRECTION('',(1.E0,0.E0,0.E0));
#302=VECTOR('',#301,6.E-3);
#303=CARTESIAN_POINT('',(-5.23E-2,-7.2E-2,5.1E-2));
#304=LINE('',#303,#302);
#305=DIRECTION('',(-1.E0,0.E0,0.E0));
#306=VECTOR('',#305,1.299999999999E-2);
#307=CARTESIAN_POINT('',(-5.680000000001E-2,-7.2E-2,5.9E-2));
#308=LINE('',#307,#306);
#309=DIRECTION('',(0.E0,0.E0,-1.E0));
#310=VECTOR('',#309,6.E-3);
#311=CARTESIAN_POINT('',(-6.98E-2,-7.2E-2,6.5E-2));
#312=LINE('',#311,#310);
#313=DIRECTION('',(-1.E0,0.E0,0.E0));
#314=VECTOR('',#313,1.8E-2);
#315=CARTESIAN_POINT('',(-6.98E-2,-7.2E-2,6.5E-2));
#316=LINE('',#315,#314);
#317=DIRECTION('',(0.E0,0.E0,-1.E0));
#318=VECTOR('',#317,6.E-3);
#319=CARTESIAN_POINT('',(-8.78E-2,-7.2E-2,6.5E-2));
#320=LINE('',#319,#318);
#321=DIRECTION('',(-1.E0,0.E0,0.E0));
#322=VECTOR('',#321,1.300000000001E-2);
#323=CARTESIAN_POINT('',(-8.78E-2,-7.2E-2,5.9E-2));
#324=LINE('',#323,#322);
#325=DIRECTION('',(1.E0,0.E0,0.E0));
#326=VECTOR('',#325,6.E-3);
#327=CARTESIAN_POINT('',(-1.113E-1,-7.2E-2,5.1E-2));
#328=LINE('',#327,#326);
#329=DIRECTION('',(0.E0,0.E0,-1.E0));
#330=VECTOR('',#329,1.8E-2);
#331=CARTESIAN_POINT('',(-1.113E-1,-7.2E-2,6.9E-2));
#332=LINE('',#331,#330);
#333=DIRECTION('',(0.E0,0.E0,1.E0));
#334=VECTOR('',#333,1.8E-2);
#335=CARTESIAN_POINT('',(-1.25E-1,-7.2E-2,5.1E-2));
#336=LINE('',#335,#334);
#337=DIRECTION('',(1.E0,0.E0,0.E0));
#338=VECTOR('',#337,6.000000000009E-3);
#339=CARTESIAN_POINT('',(-1.31E-1,-7.2E-2,5.1E-2));
#340=LINE('',#339,#338);
#341=DIRECTION('',(-1.E0,0.E0,0.E0));
#342=VECTOR('',#341,1.299999999999E-2);
#343=CARTESIAN_POINT('',(-1.355E-1,-7.2E-2,5.9E-2));
#344=LINE('',#343,#342);
#345=DIRECTION('',(0.E0,0.E0,1.E0));
#346=VECTOR('',#345,6.E-3);
#347=CARTESIAN_POINT('',(-1.485E-1,-7.2E-2,5.9E-2));
#348=LINE('',#347,#346);
#349=DIRECTION('',(-1.E0,0.E0,0.E0));
#350=VECTOR('',#349,1.8E-2);
#351=CARTESIAN_POINT('',(-1.485E-1,-7.2E-2,6.5E-2));
#352=LINE('',#351,#350);
#353=DIRECTION('',(0.E0,0.E0,1.E0));
#354=VECTOR('',#353,6.E-3);
#355=CARTESIAN_POINT('',(-1.665E-1,-7.2E-2,5.9E-2));
#356=LINE('',#355,#354);
#357=DIRECTION('',(-1.E0,0.E0,0.E0));
#358=VECTOR('',#357,1.300000000001E-2);
#359=CARTESIAN_POINT('',(-1.665E-1,-7.2E-2,5.9E-2));
#360=LINE('',#359,#358);
#361=DIRECTION('',(1.E0,0.E0,0.E0));
#362=VECTOR('',#361,5.999999999991E-3);
#363=CARTESIAN_POINT('',(-1.9E-1,-7.2E-2,5.1E-2));
#364=LINE('',#363,#362);
#365=DIRECTION('',(0.E0,0.E0,-1.E0));
#366=VECTOR('',#365,1.8E-2);
#367=CARTESIAN_POINT('',(-1.9E-1,-7.2E-2,6.9E-2));
#368=LINE('',#367,#366);
#369=DIRECTION('',(1.E0,0.E0,0.E0));
#370=VECTOR('',#369,4.01E-1);
#371=CARTESIAN_POINT('',(-2.005E-1,-7.2E-2,8.25E-2));
#372=LINE('',#371,#370);
#373=DIRECTION('',(0.E0,0.E0,1.E0));
#374=VECTOR('',#373,1.8E-2);
#375=CARTESIAN_POINT('',(1.898E-1,-7.2E-2,5.1E-2));
#376=LINE('',#375,#374);
#377=DIRECTION('',(1.E0,0.E0,0.E0));
#378=VECTOR('',#377,6.E-3);
#379=CARTESIAN_POINT('',(1.838E-1,-7.2E-2,5.1E-2));
#380=LINE('',#379,#378);
#381=DIRECTION('',(-1.E0,0.E0,0.E0));
#382=VECTOR('',#381,1.299999999999E-2);
#383=CARTESIAN_POINT('',(1.793E-1,-7.2E-2,5.9E-2));
#384=LINE('',#383,#382);
#385=DIRECTION('',(0.E0,-1.E0,0.E0));
#386=VECTOR('',#385,7.E-3);
#387=CARTESIAN_POINT('',(-1.053E-1,-7.2E-2,-5.1E-2));
#388=LINE('',#387,#386);
#389=DIRECTION('',(0.E0,8.E-1,-6.E-1));
#390=VECTOR('',#389,2.5E-3);
#391=CARTESIAN_POINT('',(-1.053E-1,-8.1E-2,-4.95E-2));
#392=LINE('',#391,#390);
#393=DIRECTION('',(0.E0,0.E0,1.E0));
#394=VECTOR('',#393,9.9E-2);
#395=CARTESIAN_POINT('',(-1.053E-1,-8.1E-2,-4.95E-2));
#396=LINE('',#395,#394);
#397=DIRECTION('',(0.E0,8.E-1,6.E-1));
#398=VECTOR('',#397,2.5E-3);
#399=CARTESIAN_POINT('',(-1.053E-1,-8.1E-2,4.95E-2));
#400=LINE('',#399,#398);
#401=DIRECTION('',(0.E0,-1.E0,0.E0));
#402=VECTOR('',#401,7.E-3);
#403=CARTESIAN_POINT('',(-1.053E-1,-7.2E-2,5.1E-2));
#404=LINE('',#403,#402);
#405=DIRECTION('',(-2.170882521365E-13,0.E0,1.E0));
#406=VECTOR('',#405,1.4E-2);
#407=CARTESIAN_POINT('',(-1.053E-1,-7.2E-2,5.1E-2));
#408=LINE('',#407,#406);
#409=DIRECTION('',(2.151057110211E-14,-1.E0,0.E0));
#410=VECTOR('',#409,1.4E-1);
#411=CARTESIAN_POINT('',(-1.053E-1,6.8E-2,6.5E-2));
#412=LINE('',#411,#410);
#413=DIRECTION('',(0.E0,0.E0,1.E0));
#414=VECTOR('',#413,4.7E-2);
#415=CARTESIAN_POINT('',(-1.053E-1,6.8E-2,1.8E-2));
#416=LINE('',#415,#414);
#417=DIRECTION('',(-2.141144404634E-14,1.E0,0.E0));
#418=VECTOR('',#417,1.4E-1);
#419=CARTESIAN_POINT('',(-1.053E-1,-7.2E-2,1.8E-2));
#420=LINE('',#419,#418);
#421=DIRECTION('',(0.E0,0.E0,-1.E0));
#422=VECTOR('',#421,3.6E-2);
#423=CARTESIAN_POINT('',(-1.053E-1,-7.2E-2,1.8E-2));
#424=LINE('',#423,#422);
#425=DIRECTION('',(2.151057110211E-14,-1.E0,0.E0));
#426=VECTOR('',#425,1.4E-1);
#427=CARTESIAN_POINT('',(-1.053E-1,6.8E-2,-1.8E-2));
#428=LINE('',#427,#426);
#429=DIRECTION('',(0.E0,0.E0,1.E0));
#430=VECTOR('',#429,4.7E-2);
#431=CARTESIAN_POINT('',(-1.053E-1,6.8E-2,-6.5E-2));
#432=LINE('',#431,#430);
#433=DIRECTION('',(-2.141144404634E-14,1.E0,0.E0));
#434=VECTOR('',#433,1.4E-1);
#435=CARTESIAN_POINT('',(-1.053E-1,-7.2E-2,-6.5E-2));
#436=LINE('',#435,#434);
#437=DIRECTION('',(2.170882521365E-13,0.E0,1.E0));
#438=VECTOR('',#437,1.4E-2);
#439=CARTESIAN_POINT('',(-1.053E-1,-7.2E-2,-6.5E-2));
#440=LINE('',#439,#438);
#441=DIRECTION('',(-1.E0,0.E0,0.E0));
#442=VECTOR('',#441,6.E-3);
#443=CARTESIAN_POINT('',(-1.053E-1,-7.9E-2,-5.1E-2));
#444=LINE('',#443,#442);
#445=DIRECTION('',(-6.246950475544E-1,-6.246950475544E-1,4.685212856658E-1));
#446=VECTOR('',#445,9.604686356149E-3);
#447=CARTESIAN_POINT('',(-1.053E-1,-8.1E-2,-4.95E-2));
#448=LINE('',#447,#446);
#449=DIRECTION('',(-6.246950475544E-1,-6.246950475544E-1,-4.685212856658E-1));
#450=VECTOR('',#449,9.604686356149E-3);
#451=CARTESIAN_POINT('',(-1.053E-1,-8.1E-2,4.95E-2));
#452=LINE('',#451,#450);
#453=DIRECTION('',(1.E0,0.E0,0.E0));
#454=VECTOR('',#453,1.05E-2);
#455=CARTESIAN_POINT('',(-2.005E-1,-8.7E-2,-6.9E-2));
#456=LINE('',#455,#454);
#457=DIRECTION('',(0.E0,0.E0,1.E0));
#458=VECTOR('',#457,1.38E-1);
#459=CARTESIAN_POINT('',(-2.005E-1,-8.7E-2,-6.9E-2));
#460=LINE('',#459,#458);
#461=DIRECTION('',(1.E0,0.E0,0.E0));
#462=VECTOR('',#461,1.05E-2);
#463=CARTESIAN_POINT('',(-2.005E-1,-8.7E-2,6.9E-2));
#464=LINE('',#463,#462);
#465=DIRECTION('',(0.E0,0.E0,1.E0));
#466=VECTOR('',#465,9.E-2);
#467=CARTESIAN_POINT('',(-1.9E-1,-8.7E-2,-4.5E-2));
#468=LINE('',#467,#466);
#469=DIRECTION('',(1.E0,0.E0,0.E0));
#470=VECTOR('',#469,1.37E-2);
#471=CARTESIAN_POINT('',(-1.25E-1,-8.7E-2,-6.9E-2));
#472=LINE('',#471,#470);
#473=DIRECTION('',(0.E0,0.E0,1.E0));
#474=VECTOR('',#473,9.E-2);
#475=CARTESIAN_POINT('',(-1.25E-1,-8.7E-2,-4.5E-2));
#476=LINE('',#475,#474);
#477=DIRECTION('',(1.E0,0.E0,0.E0));
#478=VECTOR('',#477,1.37E-2);
#479=CARTESIAN_POINT('',(-1.25E-1,-8.7E-2,6.9E-2));
#480=LINE('',#479,#478);
#481=DIRECTION('',(0.E0,0.E0,1.E0));
#482=VECTOR('',#481,9.E-2);
#483=CARTESIAN_POINT('',(-1.113E-1,-8.7E-2,-4.5E-2));
#484=LINE('',#483,#482);
#485=DIRECTION('',(1.E0,0.E0,0.E0));
#486=VECTOR('',#485,1.37E-2);
#487=CARTESIAN_POINT('',(-4.63E-2,-8.7E-2,-6.9E-2));
#488=LINE('',#487,#486);
#489=DIRECTION('',(0.E0,0.E0,1.E0));
#490=VECTOR('',#489,9.E-2);
#491=CARTESIAN_POINT('',(-4.63E-2,-8.7E-2,-4.5E-2));
#492=LINE('',#491,#490);
#493=DIRECTION('',(1.E0,0.E0,0.E0));
#494=VECTOR('',#493,1.37E-2);
#495=CARTESIAN_POINT('',(-4.63E-2,-8.7E-2,6.9E-2));
#496=LINE('',#495,#494);
#497=DIRECTION('',(0.E0,0.E0,1.E0));
#498=VECTOR('',#497,9.E-2);
#499=CARTESIAN_POINT('',(-3.26E-2,-8.7E-2,-4.5E-2));
#500=LINE('',#499,#498);
#501=DIRECTION('',(1.E0,0.E0,0.E0));
#502=VECTOR('',#501,1.37E-2);
#503=CARTESIAN_POINT('',(3.24E-2,-8.7E-2,-6.9E-2));
#504=LINE('',#503,#502);
#505=DIRECTION('',(0.E0,0.E0,1.E0));
#506=VECTOR('',#505,9.E-2);
#507=CARTESIAN_POINT('',(3.24E-2,-8.7E-2,-4.5E-2));
#508=LINE('',#507,#506);
#509=DIRECTION('',(1.E0,0.E0,0.E0));
#510=VECTOR('',#509,1.37E-2);
#511=CARTESIAN_POINT('',(3.24E-2,-8.7E-2,6.9E-2));
#512=LINE('',#511,#510);
#513=DIRECTION('',(0.E0,0.E0,1.E0));
#514=VECTOR('',#513,9.E-2);
#515=CARTESIAN_POINT('',(4.61E-2,-8.7E-2,-4.5E-2));
#516=LINE('',#515,#514);
#517=DIRECTION('',(1.E0,0.E0,0.E0));
#518=VECTOR('',#517,1.37E-2);
#519=CARTESIAN_POINT('',(1.111E-1,-8.7E-2,-6.9E-2));
#520=LINE('',#519,#518);
#521=DIRECTION('',(0.E0,0.E0,1.E0));
#522=VECTOR('',#521,9.E-2);
#523=CARTESIAN_POINT('',(1.111E-1,-8.7E-2,-4.5E-2));
#524=LINE('',#523,#522);
#525=DIRECTION('',(1.E0,0.E0,0.E0));
#526=VECTOR('',#525,1.37E-2);
#527=CARTESIAN_POINT('',(1.111E-1,-8.7E-2,6.9E-2));
#528=LINE('',#527,#526);
#529=DIRECTION('',(0.E0,0.E0,1.E0));
#530=VECTOR('',#529,9.E-2);
#531=CARTESIAN_POINT('',(1.248E-1,-8.7E-2,-4.5E-2));
#532=LINE('',#531,#530);
#533=DIRECTION('',(0.E0,0.E0,1.E0));
#534=VECTOR('',#533,9.E-2);
#535=CARTESIAN_POINT('',(1.898E-1,-8.7E-2,-4.5E-2));
#536=LINE('',#535,#534);
#537=DIRECTION('',(1.E0,0.E0,0.E0));
#538=VECTOR('',#537,1.07E-2);
#539=CARTESIAN_POINT('',(1.898E-1,-8.7E-2,6.9E-2));
#540=LINE('',#539,#538);
#541=DIRECTION('',(-1.E0,0.E0,0.E0));
#542=VECTOR('',#541,5.E-3);
#543=CARTESIAN_POINT('',(2.005E-1,-8.7E-2,3.E-2));
#544=LINE('',#543,#542);
#545=DIRECTION('',(0.E0,0.E0,1.E0));
#546=VECTOR('',#545,6.E-2);
#547=CARTESIAN_POINT('',(1.955E-1,-8.7E-2,-3.E-2));
#548=LINE('',#547,#546);
#549=DIRECTION('',(-1.E0,0.E0,0.E0));
#550=VECTOR('',#549,5.E-3);
#551=CARTESIAN_POINT('',(2.005E-1,-8.7E-2,-3.E-2));
#552=LINE('',#551,#550);
#553=DIRECTION('',(1.E0,0.E0,0.E0));
#554=VECTOR('',#553,1.07E-2);
#555=CARTESIAN_POINT('',(1.898E-1,-8.7E-2,-6.9E-2));
#556=LINE('',#555,#554);
#557=DIRECTION('',(0.E0,0.E0,1.E0));
#558=VECTOR('',#557,2.4E-2);
#559=CARTESIAN_POINT('',(-1.9E-1,-8.7E-2,4.5E-2));
#560=LINE('',#559,#558);
#561=DIRECTION('',(0.E0,-8.E-1,-6.E-1));
#562=VECTOR('',#561,1.E-2);
#563=CARTESIAN_POINT('',(-1.9E-1,-7.9E-2,5.1E-2));
#564=LINE('',#563,#562);
#565=DIRECTION('',(0.E0,0.E0,1.E0));
#566=VECTOR('',#565,2.4E-2);
#567=CARTESIAN_POINT('',(-1.9E-1,-8.7E-2,-6.9E-2));
#568=LINE('',#567,#566);
#569=DIRECTION('',(0.E0,8.E-1,-6.E-1));
#570=VECTOR('',#569,1.E-2);
#571=CARTESIAN_POINT('',(-1.9E-1,-8.7E-2,-4.5E-2));
#572=LINE('',#571,#570);
#573=DIRECTION('',(0.E0,1.E0,0.E0));
#574=VECTOR('',#573,7.E-3);
#575=CARTESIAN_POINT('',(-1.9E-1,-7.9E-2,-5.1E-2));
#576=LINE('',#575,#574);
#577=DIRECTION('',(0.E0,-1.E0,0.E0));
#578=VECTOR('',#577,1.5E-2);
#579=CARTESIAN_POINT('',(-1.9E-1,-7.2E-2,6.9E-2));
#580=LINE('',#579,#578);
#581=DIRECTION('',(1.E0,0.E0,0.E0));
#582=VECTOR('',#581,1.05E-2);
#583=CARTESIAN_POINT('',(-2.005E-1,-7.2E-2,6.9E-2));
#584=LINE('',#583,#582);
#585=DIRECTION('',(0.E0,-1.E0,0.E0));
#586=VECTOR('',#585,1.5E-2);
#587=CARTESIAN_POINT('',(-1.113E-1,-7.2E-2,6.9E-2));
#588=LINE('',#587,#586);
#589=DIRECTION('',(0.E0,-1.E0,0.E0));
#590=VECTOR('',#589,1.5E-2);
#591=CARTESIAN_POINT('',(-1.25E-1,-7.2E-2,6.9E-2));
#592=LINE('',#591,#590);
#593=DIRECTION('',(1.E0,0.E0,0.E0));
#594=VECTOR('',#593,1.37E-2);
#595=CARTESIAN_POINT('',(-1.25E-1,-7.2E-2,6.9E-2));
#596=LINE('',#595,#594);
#597=DIRECTION('',(0.E0,-1.E0,0.E0));
#598=VECTOR('',#597,1.5E-2);
#599=CARTESIAN_POINT('',(-3.26E-2,-7.2E-2,6.9E-2));
#600=LINE('',#599,#598);
#601=DIRECTION('',(0.E0,-1.E0,0.E0));
#602=VECTOR('',#601,1.5E-2);
#603=CARTESIAN_POINT('',(-4.63E-2,-7.2E-2,6.9E-2));
#604=LINE('',#603,#602);
#605=DIRECTION('',(1.E0,0.E0,0.E0));
#606=VECTOR('',#605,1.37E-2);
#607=CARTESIAN_POINT('',(-4.63E-2,-7.2E-2,6.9E-2));
#608=LINE('',#607,#606);
#609=DIRECTION('',(0.E0,-1.E0,0.E0));
#610=VECTOR('',#609,1.5E-2);
#611=CARTESIAN_POINT('',(4.61E-2,-7.2E-2,6.9E-2));
#612=LINE('',#611,#610);
#613=DIRECTION('',(0.E0,-1.E0,0.E0));
#614=VECTOR('',#613,1.5E-2);
#615=CARTESIAN_POINT('',(3.24E-2,-7.2E-2,6.9E-2));
#616=LINE('',#615,#614);
#617=DIRECTION('',(1.E0,0.E0,0.E0));
#618=VECTOR('',#617,1.37E-2);
#619=CARTESIAN_POINT('',(3.24E-2,-7.2E-2,6.9E-2));
#620=LINE('',#619,#618);
#621=DIRECTION('',(0.E0,-1.E0,0.E0));
#622=VECTOR('',#621,1.5E-2);
#623=CARTESIAN_POINT('',(1.248E-1,-7.2E-2,6.9E-2));
#624=LINE('',#623,#622);
#625=DIRECTION('',(0.E0,-1.E0,0.E0));
#626=VECTOR('',#625,1.5E-2);
#627=CARTESIAN_POINT('',(1.111E-1,-7.2E-2,6.9E-2));
#628=LINE('',#627,#626);
#629=DIRECTION('',(1.E0,0.E0,0.E0));
#630=VECTOR('',#629,1.37E-2);
#631=CARTESIAN_POINT('',(1.111E-1,-7.2E-2,6.9E-2));
#632=LINE('',#631,#630);
#633=DIRECTION('',(0.E0,-1.E0,0.E0));
#634=VECTOR('',#633,1.5E-2);
#635=CARTESIAN_POINT('',(1.898E-1,-7.2E-2,6.9E-2));
#636=LINE('',#635,#634);
#637=DIRECTION('',(1.E0,0.E0,0.E0));
#638=VECTOR('',#637,1.07E-2);
#639=CARTESIAN_POINT('',(1.898E-1,-7.2E-2,6.9E-2));
#640=LINE('',#639,#638);
#641=DIRECTION('',(0.E0,1.E0,0.E0));
#642=VECTOR('',#641,1.5E-2);
#643=CARTESIAN_POINT('',(-2.005E-1,-8.7E-2,6.9E-2));
#644=LINE('',#643,#642);
#645=DIRECTION('',(0.E0,1.E0,0.E0));
#646=VECTOR('',#645,1.5E-2);
#647=CARTESIAN_POINT('',(-2.005E-1,-8.7E-2,-6.9E-2));
#648=LINE('',#647,#646);
#649=DIRECTION('',(0.E0,0.E0,1.E0));
#650=VECTOR('',#649,1.35E-2);
#651=CARTESIAN_POINT('',(-2.005E-1,-7.2E-2,-8.25E-2));
#652=LINE('',#651,#650);
#653=DIRECTION('',(0.E0,0.E0,1.E0));
#654=VECTOR('',#653,1.65E-1);
#655=CARTESIAN_POINT('',(-2.005E-1,8.8E-2,-8.25E-2));
#656=LINE('',#655,#654);
#657=DIRECTION('',(0.E0,0.E0,-1.E0));
#658=VECTOR('',#657,1.35E-2);
#659=CARTESIAN_POINT('',(-2.005E-1,-7.2E-2,8.25E-2));
#660=LINE('',#659,#658);
#661=DIRECTION('',(0.E0,1.E0,0.E0));
#662=VECTOR('',#661,1.5E-2);
#663=CARTESIAN_POINT('',(-1.9E-1,-8.7E-2,-6.9E-2));
#664=LINE('',#663,#662);
#665=DIRECTION('',(0.E0,1.E0,0.E0));
#666=VECTOR('',#665,1.5E-2);
#667=CARTESIAN_POINT('',(-1.113E-1,-8.7E-2,-6.9E-2));
#668=LINE('',#667,#666);
#669=DIRECTION('',(0.E0,1.E0,0.E0));
#670=VECTOR('',#669,1.5E-2);
#671=CARTESIAN_POINT('',(-1.25E-1,-8.7E-2,-6.9E-2));
#672=LINE('',#671,#670);
#673=DIRECTION('',(0.E0,1.E0,0.E0));
#674=VECTOR('',#673,1.5E-2);
#675=CARTESIAN_POINT('',(-3.26E-2,-8.7E-2,-6.9E-2));
#676=LINE('',#675,#674);
#677=DIRECTION('',(0.E0,1.E0,0.E0));
#678=VECTOR('',#677,1.5E-2);
#679=CARTESIAN_POINT('',(-4.63E-2,-8.7E-2,-6.9E-2));
#680=LINE('',#679,#678);
#681=DIRECTION('',(0.E0,1.E0,0.E0));
#682=VECTOR('',#681,1.5E-2);
#683=CARTESIAN_POINT('',(4.61E-2,-8.7E-2,-6.9E-2));
#684=LINE('',#683,#682);
#685=DIRECTION('',(0.E0,1.E0,0.E0));
#686=VECTOR('',#685,1.5E-2);
#687=CARTESIAN_POINT('',(3.24E-2,-8.7E-2,-6.9E-2));
#688=LINE('',#687,#686);
#689=DIRECTION('',(0.E0,1.E0,0.E0));
#690=VECTOR('',#689,1.5E-2);
#691=CARTESIAN_POINT('',(1.248E-1,-8.7E-2,-6.9E-2));
#692=LINE('',#691,#690);
#693=DIRECTION('',(0.E0,1.E0,0.E0));
#694=VECTOR('',#693,1.5E-2);
#695=CARTESIAN_POINT('',(1.111E-1,-8.7E-2,-6.9E-2));
#696=LINE('',#695,#694);
#697=DIRECTION('',(0.E0,1.E0,0.E0));
#698=VECTOR('',#697,1.5E-2);
#699=CARTESIAN_POINT('',(1.898E-1,-8.7E-2,-6.9E-2));
#700=LINE('',#699,#698);
#701=DIRECTION('',(0.E0,0.E0,1.E0));
#702=VECTOR('',#701,2.4E-2);
#703=CARTESIAN_POINT('',(-1.113E-1,-8.7E-2,4.5E-2));
#704=LINE('',#703,#702);
#705=DIRECTION('',(0.E0,-8.E-1,-6.E-1));
#706=VECTOR('',#705,1.E-2);
#707=CARTESIAN_POINT('',(-1.113E-1,-7.9E-2,5.1E-2));
#708=LINE('',#707,#706);
#709=DIRECTION('',(0.E0,0.E0,1.E0));
#710=VECTOR('',#709,2.4E-2);
#711=CARTESIAN_POINT('',(-1.113E-1,-8.7E-2,-6.9E-2));
#712=LINE('',#711,#710);
#713=DIRECTION('',(0.E0,8.E-1,-6.E-1));
#714=VECTOR('',#713,1.E-2);
#715=CARTESIAN_POINT('',(-1.113E-1,-8.7E-2,-4.5E-2));
#716=LINE('',#715,#714);
#717=DIRECTION('',(0.E0,1.E0,0.E0));
#718=VECTOR('',#717,7.E-3);
#719=CARTESIAN_POINT('',(-1.113E-1,-7.9E-2,-5.1E-2));
#720=LINE('',#719,#718);
#721=DIRECTION('',(1.E0,0.E0,0.E0));
#722=VECTOR('',#721,6.E-3);
#723=CARTESIAN_POINT('',(-1.113E-1,-7.9E-2,5.1E-2));
#724=LINE('',#723,#722);
#725=DIRECTION('',(0.E0,1.E0,0.E0));
#726=VECTOR('',#725,7.E-3);
#727=CARTESIAN_POINT('',(-1.113E-1,-7.9E-2,5.1E-2));
#728=LINE('',#727,#726);
#729=DIRECTION('',(-6.246950475544E-1,6.246950475544E-1,-4.685212856658E-1));
#730=VECTOR('',#729,9.604686356149E-3);
#731=CARTESIAN_POINT('',(-4.63E-2,-8.7E-2,-4.5E-2));
#732=LINE('',#731,#730);
#733=DIRECTION('',(6.246950475544E-1,-6.246950475544E-1,-4.685212856658E-1));
#734=VECTOR('',#733,9.604686356149E-3);
#735=CARTESIAN_POINT('',(-5.23E-2,-8.1E-2,4.95E-2));
#736=LINE('',#735,#734);
#737=DIRECTION('',(0.E0,1.E0,0.E0));
#738=VECTOR('',#737,7.E-3);
#739=CARTESIAN_POINT('',(-5.23E-2,-7.9E-2,-5.1E-2));
#740=LINE('',#739,#738);
#741=DIRECTION('',(0.E0,0.E0,1.E0));
#742=VECTOR('',#741,1.4E-2);
#743=CARTESIAN_POINT('',(-5.23E-2,-7.2E-2,-6.5E-2));
#744=LINE('',#743,#742);
#745=DIRECTION('',(-4.292201514845E-14,1.E0,0.E0));
#746=VECTOR('',#745,1.4E-1);
#747=CARTESIAN_POINT('',(-5.23E-2,-7.2E-2,-6.5E-2));
#748=LINE('',#747,#746);
#749=DIRECTION('',(0.E0,0.E0,1.E0));
#750=VECTOR('',#749,4.7E-2);
#751=CARTESIAN_POINT('',(-5.230000000001E-2,6.8E-2,-6.5E-2));
#752=LINE('',#751,#750);
#753=DIRECTION('',(2.141144404634E-14,-1.E0,0.E0));
#754=VECTOR('',#753,1.4E-1);
#755=CARTESIAN_POINT('',(-5.230000000001E-2,6.8E-2,-1.8E-2));
#756=LINE('',#755,#754);
#757=DIRECTION('',(-2.141144404634E-14,1.E0,0.E0));
#758=VECTOR('',#757,1.4E-1);
#759=CARTESIAN_POINT('',(-5.23E-2,-7.2E-2,1.8E-2));
#760=LINE('',#759,#758);
#761=DIRECTION('',(0.E0,0.E0,1.E0));
#762=VECTOR('',#761,4.7E-2);
#763=CARTESIAN_POINT('',(-5.230000000001E-2,6.8E-2,1.8E-2));
#764=LINE('',#763,#762);
#765=DIRECTION('',(4.292201514845E-14,-1.E0,0.E0));
#766=VECTOR('',#765,1.4E-1);
#767=CARTESIAN_POINT('',(-5.230000000001E-2,6.8E-2,6.5E-2));
#768=LINE('',#767,#766);
#769=DIRECTION('',(0.E0,0.E0,1.E0));
#770=VECTOR('',#769,1.4E-2);
#771=CARTESIAN_POINT('',(-5.23E-2,-7.2E-2,5.1E-2));
#772=LINE('',#771,#770);
#773=DIRECTION('',(0.E0,1.E0,0.E0));
#774=VECTOR('',#773,7.E-3);
#775=CARTESIAN_POINT('',(-5.23E-2,-7.9E-2,5.1E-2));
#776=LINE('',#775,#774);
#777=DIRECTION('',(0.E0,8.E-1,6.E-1));
#778=VECTOR('',#777,2.5E-3);
#779=CARTESIAN_POINT('',(-5.23E-2,-8.1E-2,4.95E-2));
#780=LINE('',#779,#778);
#781=DIRECTION('',(0.E0,0.E0,-1.E0));
#782=VECTOR('',#781,9.9E-2);
#783=CARTESIAN_POINT('',(-5.23E-2,-8.1E-2,4.95E-2));
#784=LINE('',#783,#782);
#785=DIRECTION('',(0.E0,8.E-1,-6.E-1));
#786=VECTOR('',#785,2.5E-3);
#787=CARTESIAN_POINT('',(-5.23E-2,-8.1E-2,-4.95E-2));
#788=LINE('',#787,#786);
#789=DIRECTION('',(-1.E0,0.E0,0.E0));
#790=VECTOR('',#789,6.E-3);
#791=CARTESIAN_POINT('',(-4.63E-2,-7.9E-2,-5.1E-2));
#792=LINE('',#791,#790);
#793=DIRECTION('',(0.E0,1.E0,0.E0));
#794=VECTOR('',#793,7.E-3);
#795=CARTESIAN_POINT('',(-4.63E-2,-7.9E-2,-5.1E-2));
#796=LINE('',#795,#794);
#797=DIRECTION('',(0.E0,-8.E-1,-6.E-1));
#798=VECTOR('',#797,1.E-2);
#799=CARTESIAN_POINT('',(-4.63E-2,-7.9E-2,5.1E-2));
#800=LINE('',#799,#798);
#801=DIRECTION('',(0.E0,1.E0,0.E0));
#802=VECTOR('',#801,7.E-3);
#803=CARTESIAN_POINT('',(-4.63E-2,-7.9E-2,5.1E-2));
#804=LINE('',#803,#802);
#805=DIRECTION('',(0.E0,0.E0,-1.E0));
#806=VECTOR('',#805,2.4E-2);
#807=CARTESIAN_POINT('',(-4.63E-2,-8.7E-2,6.9E-2));
#808=LINE('',#807,#806);
#809=DIRECTION('',(0.E0,8.E-1,-6.E-1));
#810=VECTOR('',#809,1.E-2);
#811=CARTESIAN_POINT('',(-4.63E-2,-8.7E-2,-4.5E-2));
#812=LINE('',#811,#810);
#813=DIRECTION('',(0.E0,0.E0,-1.E0));
#814=VECTOR('',#813,2.4E-2);
#815=CARTESIAN_POINT('',(-4.63E-2,-8.7E-2,-4.5E-2));
#816=LINE('',#815,#814);
#817=DIRECTION('',(1.E0,0.E0,0.E0));
#818=VECTOR('',#817,6.E-3);
#819=CARTESIAN_POINT('',(-5.23E-2,-7.9E-2,5.1E-2));
#820=LINE('',#819,#818);
#821=DIRECTION('',(1.E0,1.850371707705E-14,0.E0));
#822=VECTOR('',#821,4.500000000009E-3);
#823=CARTESIAN_POINT('',(-5.680000000001E-2,-7.2E-2,-6.5E-2));
#824=LINE('',#823,#822);
#825=DIRECTION('',(0.E0,1.E0,0.E0));
#826=VECTOR('',#825,1.38E-1);
#827=CARTESIAN_POINT('',(-5.680000000001E-2,-7.2E-2,-6.5E-2));
#828=LINE('',#827,#826);
#829=DIRECTION('',(-1.E0,0.E0,0.E0));
#830=VECTOR('',#829,4.4E-2);
#831=CARTESIAN_POINT('',(-5.680000000001E-2,6.6E-2,-6.5E-2));
#832=LINE('',#831,#830);
#833=DIRECTION('',(0.E0,1.E0,0.E0));
#834=VECTOR('',#833,1.38E-1);
#835=CARTESIAN_POINT('',(-1.008E-1,-7.2E-2,-6.5E-2));
#836=LINE('',#835,#834);
#837=DIRECTION('',(1.E0,-1.850371707711E-14,0.E0));
#838=VECTOR('',#837,4.499999999994E-3);
#839=CARTESIAN_POINT('',(-1.053E-1,-7.2E-2,-6.5E-2));
#840=LINE('',#839,#838);
#841=DIRECTION('',(0.E0,1.E0,0.E0));
#842=VECTOR('',#841,2.5E-2);
#843=CARTESIAN_POINT('',(-5.680000000001E-2,-3.9E-2,2.1E-2));
#844=LINE('',#843,#842);
#845=DIRECTION('',(0.E0,-1.E0,0.E0));
#846=VECTOR('',#845,3.3E-2);
#847=CARTESIAN_POINT('',(-5.680000000001E-2,-3.9E-2,5.9E-2));
#848=LINE('',#847,#846);
#849=DIRECTION('',(0.E0,0.E0,1.E0));
#850=VECTOR('',#849,6.E-3);
#851=CARTESIAN_POINT('',(-5.680000000001E-2,-7.2E-2,5.9E-2));
#852=LINE('',#851,#850);
#853=DIRECTION('',(0.E0,0.E0,-1.E0));
#854=VECTOR('',#853,6.E-3);
#855=CARTESIAN_POINT('',(-5.680000000001E-2,6.6E-2,6.5E-2));
#856=LINE('',#855,#854);
#857=DIRECTION('',(0.E0,-1.E0,0.E0));
#858=VECTOR('',#857,8.E-2);
#859=CARTESIAN_POINT('',(-5.680000000001E-2,6.6E-2,5.9E-2));
#860=LINE('',#859,#858);
#861=DIRECTION('',(0.E0,0.E0,-1.E0));
#862=VECTOR('',#861,3.E-2);
#863=CARTESIAN_POINT('',(-5.680000000001E-2,-1.4E-2,5.1E-2));
#864=LINE('',#863,#862);
#865=DIRECTION('',(0.E0,1.E0,0.E0));
#866=VECTOR('',#865,8.E-2);
#867=CARTESIAN_POINT('',(-5.680000000001E-2,-1.4E-2,-5.9E-2));
#868=LINE('',#867,#866);
#869=DIRECTION('',(0.E0,0.E0,-1.E0));
#870=VECTOR('',#869,6.E-3);
#871=CARTESIAN_POINT('',(-5.680000000001E-2,6.6E-2,-5.9E-2));
#872=LINE('',#871,#870);
#873=DIRECTION('',(0.E0,-1.156482317318E-14,1.E0));
#874=VECTOR('',#873,6.E-3);
#875=CARTESIAN_POINT('',(-5.680000000001E-2,-7.2E-2,-6.5E-2));
#876=LINE('',#875,#874);
#877=DIRECTION('',(0.E0,1.E0,0.E0));
#878=VECTOR('',#877,3.3E-2);
#879=CARTESIAN_POINT('',(-5.680000000001E-2,-7.2E-2,-5.9E-2));
#880=LINE('',#879,#878);
#881=DIRECTION('',(0.E0,0.E0,1.E0));
#882=VECTOR('',#881,3.E-2);
#883=CARTESIAN_POINT('',(-5.680000000001E-2,-1.4E-2,-5.1E-2));
#884=LINE('',#883,#882);
#885=DIRECTION('',(2.399101481970E-1,9.707950972229E-1,0.E0));
#886=VECTOR('',#885,4.058667775492E-2);
#887=CARTESIAN_POINT('',(-1.008E-1,-1.4E-2,2.1E-2));
#888=LINE('',#887,#886);
#889=DIRECTION('',(0.E0,1.E0,0.E0));
#890=VECTOR('',#889,2.5E-2);
#891=CARTESIAN_POINT('',(-1.008E-1,-3.9E-2,2.1E-2));
#892=LINE('',#891,#890);
#893=DIRECTION('',(-2.399101481970E-1,-9.707950972229E-1,0.E0));
#894=VECTOR('',#893,3.914721686574E-2);
#895=CARTESIAN_POINT('',(-8.540818540025E-2,2.400392620318E-2,2.1E-2));
#896=LINE('',#895,#894);
#897=CARTESIAN_POINT('',(-1.056247705833E-1,2.9E-2,2.1E-2));
#898=DIRECTION('',(0.E0,0.E0,-1.E0));
#899=DIRECTION('',(9.518255596667E-1,3.066400234235E-1,0.E0));
#900=AXIS2_PLACEMENT_3D('',#897,#898,#899);
#902=DIRECTION('',(3.066400234235E-1,-9.518255596667E-1,0.E0));
#903=VECTOR('',#902,1.955641101617E-2);
#904=CARTESIAN_POINT('',(-9.180000000001E-2,5.4E-2,2.1E-2));
#905=LINE('',#904,#903);
#906=DIRECTION('',(9.518255596667E-1,3.066400234235E-1,0.E0));
#907=VECTOR('',#906,3.E-3);
#908=CARTESIAN_POINT('',(-9.465547667901E-2,5.308007992973E-2,2.1E-2));
#909=LINE('',#908,#907);
#910=DIRECTION('',(4.562150678010E-1,8.898695476930E-1,0.E0));
#911=VECTOR('',#910,3.994828869549E-3);
#912=CARTESIAN_POINT('',(-9.647797780258E-2,4.952520337047E-2,2.1E-2));
#913=LINE('',#912,#911);
#914=DIRECTION('',(-3.066400234235E-1,9.518255596667E-1,0.E0));
#915=VECTOR('',#914,1.673164043283E-2);
#916=CARTESIAN_POINT('',(-9.134738718835E-2,3.359960035135E-2,2.1E-2));
#917=LINE('',#916,#915);
#918=CARTESIAN_POINT('',(-1.056247705833E-1,2.9E-2,2.1E-2));
#919=DIRECTION('',(0.E0,0.E0,1.E0));
#920=DIRECTION('',(9.707950972229E-1,-2.399101481970E-1,0.E0));
#921=AXIS2_PLACEMENT_3D('',#918,#919,#920);
#923=DIRECTION('',(2.399101481970E-1,-9.707950972229E-1,0.E0));
#924=VECTOR('',#923,4.058667775492E-2);
#925=CARTESIAN_POINT('',(-6.653715587502E-2,2.540134777705E-2,2.1E-2));
#926=LINE('',#925,#924);
#927=CARTESIAN_POINT('',(-5.197522941667E-2,2.9E-2,2.1E-2));
#928=DIRECTION('',(0.E0,0.E0,1.E0));
#929=DIRECTION('',(-9.518255596667E-1,3.066400234235E-1,0.E0));
#930=AXIS2_PLACEMENT_3D('',#927,#928,#929);
#932=DIRECTION('',(-3.066400234235E-1,-9.518255596667E-1,0.E0));
#933=VECTOR('',#932,1.673164043283E-2);
#934=CARTESIAN_POINT('',(-6.112202219743E-2,4.952520337047E-2,2.1E-2));
#935=LINE('',#934,#933);
#936=DIRECTION('',(4.562150678010E-1,-8.898695476930E-1,0.E0));
#937=VECTOR('',#936,3.994828869549E-3);
#938=CARTESIAN_POINT('',(-6.294452332101E-2,5.308007992973E-2,2.1E-2));
#939=LINE('',#938,#937);
#940=DIRECTION('',(9.518255596667E-1,-3.066400234235E-1,0.E0));
#941=VECTOR('',#940,3.E-3);
#942=CARTESIAN_POINT('',(-6.580000000001E-2,5.4E-2,2.1E-2));
#943=LINE('',#942,#941);
#944=DIRECTION('',(3.066400234235E-1,9.518255596667E-1,0.E0));
#945=VECTOR('',#944,1.955641101617E-2);
#946=CARTESIAN_POINT('',(-7.179677833209E-2,3.538570813946E-2,2.1E-2));
#947=LINE('',#946,#945);
#948=CARTESIAN_POINT('',(-5.197522941667E-2,2.9E-2,2.1E-2));
#949=DIRECTION('',(0.E0,0.E0,-1.E0));
#950=DIRECTION('',(-9.707950972229E-1,-2.399101481970E-1,0.E0));
#951=AXIS2_PLACEMENT_3D('',#948,#949,#950);
#953=DIRECTION('',(-2.399101481970E-1,9.707950972229E-1,0.E0));
#954=VECTOR('',#953,3.914721686574E-2);
#955=CARTESIAN_POINT('',(-6.280000000001E-2,-1.4E-2,2.1E-2));
#956=LINE('',#955,#954);
#957=DIRECTION('',(0.E0,1.E0,0.E0));
#958=VECTOR('',#957,2.5E-2);
#959=CARTESIAN_POINT('',(-6.280000000001E-2,-3.9E-2,2.1E-2));
#960=LINE('',#959,#958);
#961=DIRECTION('',(0.E0,-1.E0,0.E0));
#962=VECTOR('',#961,8.E-2);
#963=CARTESIAN_POINT('',(-1.008E-1,6.6E-2,5.9E-2));
#964=LINE('',#963,#962);
#965=DIRECTION('',(0.E0,0.E0,-1.E0));
#966=VECTOR('',#965,6.E-3);
#967=CARTESIAN_POINT('',(-1.008E-1,6.6E-2,6.5E-2));
#968=LINE('',#967,#966);
#969=DIRECTION('',(0.E0,0.E0,1.E0));
#970=VECTOR('',#969,6.E-3);
#971=CARTESIAN_POINT('',(-1.008E-1,-7.2E-2,5.9E-2));
#972=LINE('',#971,#970);
#973=DIRECTION('',(0.E0,-1.E0,0.E0));
#974=VECTOR('',#973,3.3E-2);
#975=CARTESIAN_POINT('',(-1.008E-1,-3.9E-2,5.9E-2));
#976=LINE('',#975,#974);
#977=DIRECTION('',(0.E0,0.E0,-1.E0));
#978=VECTOR('',#977,3.E-2);
#979=CARTESIAN_POINT('',(-1.008E-1,-1.4E-2,5.1E-2));
#980=LINE('',#979,#978);
#981=DIRECTION('',(0.E0,1.E0,0.E0));
#982=VECTOR('',#981,2.5E-2);
#983=CARTESIAN_POINT('',(-1.008E-1,-3.9E-2,-2.1E-2));
#984=LINE('',#983,#982);
#985=DIRECTION('',(0.E0,1.E0,0.E0));
#986=VECTOR('',#985,3.3E-2);
#987=CARTESIAN_POINT('',(-1.008E-1,-7.2E-2,-5.9E-2));
#988=LINE('',#987,#986);
#989=DIRECTION('',(0.E0,-1.156482317318E-14,1.E0));
#990=VECTOR('',#989,6.E-3);
#991=CARTESIAN_POINT('',(-1.008E-1,-7.2E-2,-6.5E-2));
#992=LINE('',#991,#990);
#993=DIRECTION('',(0.E0,0.E0,-1.E0));
#994=VECTOR('',#993,6.E-3);
#995=CARTESIAN_POINT('',(-1.008E-1,6.6E-2,-5.9E-2));
#996=LINE('',#995,#994);
#997=DIRECTION('',(0.E0,1.E0,0.E0));
#998=VECTOR('',#997,8.E-2);
#999=CARTESIAN_POINT('',(-1.008E-1,-1.4E-2,-5.9E-2));
#1000=LINE('',#999,#998);
#1001=DIRECTION('',(0.E0,0.E0,1.E0));
#1002=VECTOR('',#1001,3.E-2);
#1003=CARTESIAN_POINT('',(-1.008E-1,-1.4E-2,-5.1E-2));
#1004=LINE('',#1003,#1002);
#1005=DIRECTION('',(-1.E0,0.E0,0.E0));
#1006=VECTOR('',#1005,6.E-3);
#1007=CARTESIAN_POINT('',(-5.680000000001E-2,-1.4E-2,5.1E-2));
#1008=LINE('',#1007,#1006);
#1009=DIRECTION('',(0.E0,0.E0,1.E0));
#1010=VECTOR('',#1009,8.E-3);
#1011=CARTESIAN_POINT('',(-5.680000000001E-2,-1.4E-2,5.1E-2));
#1012=LINE('',#1011,#1010);
#1013=DIRECTION('',(0.E0,0.E0,-1.E0));
#1014=VECTOR('',#1013,8.E-3);
#1015=CARTESIAN_POINT('',(-6.280000000001E-2,-1.4E-2,5.9E-2));
#1016=LINE('',#1015,#1014);
#1017=DIRECTION('',(-1.E0,0.E0,0.E0));
#1018=VECTOR('',#1017,6.E-3);
#1019=CARTESIAN_POINT('',(-9.480000000001E-2,-1.4E-2,5.1E-2));
#1020=LINE('',#1019,#1018);
#1021=DIRECTION('',(0.E0,0.E0,1.E0));
#1022=VECTOR('',#1021,8.E-3);
#1023=CARTESIAN_POINT('',(-9.480000000001E-2,-1.4E-2,5.1E-2));
#1024=LINE('',#1023,#1022);
#1025=DIRECTION('',(0.E0,0.E0,-1.E0));
#1026=VECTOR('',#1025,8.E-3);
#1027=CARTESIAN_POINT('',(-1.008E-1,-1.4E-2,5.9E-2));
#1028=LINE('',#1027,#1026);
#1029=DIRECTION('',(-1.E0,0.E0,0.E0));
#1030=VECTOR('',#1029,6.E-3);
#1031=CARTESIAN_POINT('',(-5.680000000001E-2,-1.4E-2,-5.1E-2));
#1032=LINE('',#1031,#1030);
#1033=DIRECTION('',(0.E0,0.E0,-1.E0));
#1034=VECTOR('',#1033,8.E-3);
#1035=CARTESIAN_POINT('',(-6.280000000001E-2,-1.4E-2,-5.1E-2));
#1036=LINE('',#1035,#1034);
#1037=DIRECTION('',(0.E0,0.E0,1.E0));
#1038=VECTOR('',#1037,8.E-3);
#1039=CARTESIAN_POINT('',(-5.680000000001E-2,-1.4E-2,-5.9E-2));
#1040=LINE('',#1039,#1038);
#1041=DIRECTION('',(-1.E0,0.E0,0.E0));
#1042=VECTOR('',#1041,6.E-3);
#1043=CARTESIAN_POINT('',(-9.480000000001E-2,-1.4E-2,-5.1E-2));
#1044=LINE('',#1043,#1042);
#1045=DIRECTION('',(0.E0,0.E0,-1.E0));
#1046=VECTOR('',#1045,8.E-3);
#1047=CARTESIAN_POINT('',(-1.008E-1,-1.4E-2,-5.1E-2));
#1048=LINE('',#1047,#1046);
#1049=DIRECTION('',(0.E0,0.E0,1.E0));
#1050=VECTOR('',#1049,8.E-3);
#1051=CARTESIAN_POINT('',(-9.480000000001E-2,-1.4E-2,-5.9E-2));
#1052=LINE('',#1051,#1050);
#1053=DIRECTION('',(-2.399101481970E-1,9.707950972229E-1,0.E0));
#1054=VECTOR('',#1053,3.914721686574E-2);
#1055=CARTESIAN_POINT('',(-6.280000000001E-2,-1.4E-2,5.1E-2));
#1056=LINE('',#1055,#1054);
#1057=CARTESIAN_POINT('',(-5.197522941667E-2,2.9E-2,5.1E-2));
#1058=DIRECTION('',(0.E0,0.E0,-1.E0));
#1059=DIRECTION('',(-9.707950972229E-1,-2.399101481970E-1,0.E0));
#1060=AXIS2_PLACEMENT_3D('',#1057,#1058,#1059);
#1062=DIRECTION('',(3.066400234235E-1,9.518255596667E-1,0.E0));
#1063=VECTOR('',#1062,1.955641101617E-2);
#1064=CARTESIAN_POINT('',(-7.179677833209E-2,3.538570813946E-2,5.1E-2));
#1065=LINE('',#1064,#1063);
#1066=DIRECTION('',(9.518255596667E-1,-3.066400234235E-1,0.E0));
#1067=VECTOR('',#1066,3.E-3);
#1068=CARTESIAN_POINT('',(-6.580000000001E-2,5.4E-2,5.1E-2));
#1069=LINE('',#1068,#1067);
#1070=DIRECTION('',(4.562150678010E-1,-8.898695476930E-1,0.E0));
#1071=VECTOR('',#1070,3.994828869549E-3);
#1072=CARTESIAN_POINT('',(-6.294452332101E-2,5.308007992973E-2,5.1E-2));
#1073=LINE('',#1072,#1071);
#1074=DIRECTION('',(-3.066400234235E-1,-9.518255596667E-1,0.E0));
#1075=VECTOR('',#1074,1.673164043283E-2);
#1076=CARTESIAN_POINT('',(-6.112202219743E-2,4.952520337047E-2,5.1E-2));
#1077=LINE('',#1076,#1075);
#1078=CARTESIAN_POINT('',(-5.197522941667E-2,2.9E-2,5.1E-2));
#1079=DIRECTION('',(0.E0,0.E0,1.E0));
#1080=DIRECTION('',(-9.518255596667E-1,3.066400234235E-1,0.E0));
#1081=AXIS2_PLACEMENT_3D('',#1078,#1079,#1080);
#1083=DIRECTION('',(2.399101481970E-1,-9.707950972229E-1,0.E0));
#1084=VECTOR('',#1083,4.058667775492E-2);
#1085=CARTESIAN_POINT('',(-6.653715587502E-2,2.540134777705E-2,5.1E-2));
#1086=LINE('',#1085,#1084);
#1087=DIRECTION('',(2.399101481970E-1,9.707950972229E-1,0.E0));
#1088=VECTOR('',#1087,4.058667775492E-2);
#1089=CARTESIAN_POINT('',(-1.008E-1,-1.4E-2,5.1E-2));
#1090=LINE('',#1089,#1088);
#1091=CARTESIAN_POINT('',(-1.056247705833E-1,2.9E-2,5.1E-2));
#1092=DIRECTION('',(0.E0,0.E0,1.E0));
#1093=DIRECTION('',(9.707950972229E-1,-2.399101481970E-1,0.E0));
#1094=AXIS2_PLACEMENT_3D('',#1091,#1092,#1093);
#1096=DIRECTION('',(-3.066400234235E-1,9.518255596667E-1,0.E0));
#1097=VECTOR('',#1096,1.673164043283E-2);
#1098=CARTESIAN_POINT('',(-9.134738718835E-2,3.359960035135E-2,5.1E-2));
#1099=LINE('',#1098,#1097);
#1100=DIRECTION('',(4.562150678010E-1,8.898695476930E-1,0.E0));
#1101=VECTOR('',#1100,3.994828869549E-3);
#1102=CARTESIAN_POINT('',(-9.647797780258E-2,4.952520337047E-2,5.1E-2));
#1103=LINE('',#1102,#1101);
#1104=DIRECTION('',(9.518255596667E-1,3.066400234235E-1,0.E0));
#1105=VECTOR('',#1104,3.E-3);
#1106=CARTESIAN_POINT('',(-9.465547667901E-2,5.308007992973E-2,5.1E-2));
#1107=LINE('',#1106,#1105);
#1108=DIRECTION('',(3.066400234235E-1,-9.518255596667E-1,0.E0));
#1109=VECTOR('',#1108,1.955641101617E-2);
#1110=CARTESIAN_POINT('',(-9.180000000001E-2,5.4E-2,5.1E-2));
#1111=LINE('',#1110,#1109);
#1112=CARTESIAN_POINT('',(-1.056247705833E-1,2.9E-2,5.1E-2));
#1113=DIRECTION('',(0.E0,0.E0,-1.E0));
#1114=DIRECTION('',(9.518255596667E-1,3.066400234235E-1,0.E0));
#1115=AXIS2_PLACEMENT_3D('',#1112,#1113,#1114);
#1117=DIRECTION('',(-2.399101481970E-1,-9.707950972229E-1,0.E0));
#1118=VECTOR('',#1117,3.914721686574E-2);
#1119=CARTESIAN_POINT('',(-8.540818540025E-2,2.400392620318E-2,5.1E-2));
#1120=LINE('',#1119,#1118);
#1121=DIRECTION('',(0.E0,0.E0,-1.E0));
#1122=VECTOR('',#1121,3.E-2);
#1123=CARTESIAN_POINT('',(-6.280000000001E-2,-1.4E-2,5.1E-2));
#1124=LINE('',#1123,#1122);
#1125=DIRECTION('',(-1.E0,0.E0,0.E0));
#1126=VECTOR('',#1125,6.E-3);
#1127=CARTESIAN_POINT('',(-5.680000000001E-2,-3.9E-2,5.9E-2));
#1128=LINE('',#1127,#1126);
#1129=DIRECTION('',(0.E0,-1.E0,0.E0));
#1130=VECTOR('',#1129,2.5E-2);
#1131=CARTESIAN_POINT('',(-6.280000000001E-2,-1.4E-2,5.9E-2));
#1132=LINE('',#1131,#1130);
#1133=DIRECTION('',(-1.E0,0.E0,0.E0));
#1134=VECTOR('',#1133,6.E-3);
#1135=CARTESIAN_POINT('',(-5.680000000001E-2,-1.4E-2,5.9E-2));
#1136=LINE('',#1135,#1134);
#1137=DIRECTION('',(-1.E0,0.E0,0.E0));
#1138=VECTOR('',#1137,4.4E-2);
#1139=CARTESIAN_POINT('',(-5.680000000001E-2,6.6E-2,5.9E-2));
#1140=LINE('',#1139,#1138);
#1141=DIRECTION('',(-1.E0,0.E0,0.E0));
#1142=VECTOR('',#1141,6.E-3);
#1143=CARTESIAN_POINT('',(-9.480000000001E-2,-1.4E-2,5.9E-2));
#1144=LINE('',#1143,#1142);
#1145=DIRECTION('',(0.E0,-1.E0,0.E0));
#1146=VECTOR('',#1145,2.5E-2);
#1147=CARTESIAN_POINT('',(-9.480000000001E-2,-1.4E-2,5.9E-2));
#1148=LINE('',#1147,#1146);
#1149=DIRECTION('',(-1.E0,0.E0,0.E0));
#1150=VECTOR('',#1149,6.E-3);
#1151=CARTESIAN_POINT('',(-9.480000000001E-2,-3.9E-2,5.9E-2));
#1152=LINE('',#1151,#1150);
#1153=DIRECTION('',(0.E0,-1.E0,0.E0));
#1154=VECTOR('',#1153,1.1E-2);
#1155=CARTESIAN_POINT('',(-6.98E-2,-7.2E-2,5.9E-2));
#1156=LINE('',#1155,#1154);
#1157=CARTESIAN_POINT('',(-6.98E-2,-8.3E-2,7.1E-2));
#1158=DIRECTION('',(-1.E0,0.E0,0.E0));
#1159=DIRECTION('',(0.E0,0.E0,-1.E0));
#1160=AXIS2_PLACEMENT_3D('',#1157,#1158,#1159);
#1162=DIRECTION('',(0.E0,0.E0,1.E0));
#1163=VECTOR('',#1162,3.4E-2);
#1164=CARTESIAN_POINT('',(-6.98E-2,-9.5E-2,7.1E-2));
#1165=LINE('',#1164,#1163);
#1166=DIRECTION('',(0.E0,1.E0,0.E0));
#1167=VECTOR('',#1166,6.E-3);
#1168=CARTESIAN_POINT('',(-6.98E-2,-9.5E-2,1.05E-1));
#1169=LINE('',#1168,#1167);
#1170=DIRECTION('',(0.E0,0.E0,-1.E0));
#1171=VECTOR('',#1170,3.4E-2);
#1172=CARTESIAN_POINT('',(-6.98E-2,-8.9E-2,1.05E-1));
#1173=LINE('',#1172,#1171);
#1174=CARTESIAN_POINT('',(-6.98E-2,-8.3E-2,7.1E-2));
#1175=DIRECTION('',(1.E0,0.E0,0.E0));
#1176=DIRECTION('',(0.E0,-1.E0,0.E0));
#1177=AXIS2_PLACEMENT_3D('',#1174,#1175,#1176);
#1179=DIRECTION('',(0.E0,1.E0,0.E0));
#1180=VECTOR('',#1179,1.1E-2);
#1181=CARTESIAN_POINT('',(-6.98E-2,-8.3E-2,6.5E-2));
#1182=LINE('',#1181,#1180);
#1183=DIRECTION('',(-1.E0,0.E0,0.E0));
#1184=VECTOR('',#1183,1.8E-2);
#1185=CARTESIAN_POINT('',(-6.98E-2,-8.3E-2,5.9E-2));
#1186=LINE('',#1185,#1184);
#1187=DIRECTION('',(0.E0,1.E0,0.E0));
#1188=VECTOR('',#1187,1.1E-2);
#1189=CARTESIAN_POINT('',(-8.78E-2,-8.3E-2,6.5E-2));
#1190=LINE('',#1189,#1188);
#1191=CARTESIAN_POINT('',(-8.78E-2,-8.3E-2,7.1E-2));
#1192=DIRECTION('',(1.E0,0.E0,0.E0));
#1193=DIRECTION('',(0.E0,-1.E0,0.E0));
#1194=AXIS2_PLACEMENT_3D('',#1191,#1192,#1193);
#1196=DIRECTION('',(0.E0,0.E0,-1.E0));
#1197=VECTOR('',#1196,3.4E-2);
#1198=CARTESIAN_POINT('',(-8.78E-2,-8.9E-2,1.05E-1));
#1199=LINE('',#1198,#1197);
#1200=DIRECTION('',(0.E0,1.E0,0.E0));
#1201=VECTOR('',#1200,6.E-3);
#1202=CARTESIAN_POINT('',(-8.78E-2,-9.5E-2,1.05E-1));
#1203=LINE('',#1202,#1201);
#1204=DIRECTION('',(0.E0,0.E0,1.E0));
#1205=VECTOR('',#1204,3.4E-2);
#1206=CARTESIAN_POINT('',(-8.78E-2,-9.5E-2,7.1E-2));
#1207=LINE('',#1206,#1205);
#1208=CARTESIAN_POINT('',(-8.78E-2,-8.3E-2,7.1E-2));
#1209=DIRECTION('',(-1.E0,0.E0,0.E0));
#1210=DIRECTION('',(0.E0,0.E0,-1.E0));
#1211=AXIS2_PLACEMENT_3D('',#1208,#1209,#1210);
#1213=DIRECTION('',(0.E0,-1.E0,0.E0));
#1214=VECTOR('',#1213,1.1E-2);
#1215=CARTESIAN_POINT('',(-8.78E-2,-7.2E-2,5.9E-2));
#1216=LINE('',#1215,#1214);
#1217=DIRECTION('',(-1.E0,0.E0,0.E0));
#1218=VECTOR('',#1217,1.8E-2);
#1219=CARTESIAN_POINT('',(-6.98E-2,-8.3E-2,6.5E-2));
#1220=LINE('',#1219,#1218);
#1221=DIRECTION('',(-1.E0,0.E0,0.E0));
#1222=VECTOR('',#1221,1.8E-2);
#1223=CARTESIAN_POINT('',(-6.98E-2,-8.9E-2,7.1E-2));
#1224=LINE('',#1223,#1222);
#1225=DIRECTION('',(-1.E0,0.E0,0.E0));
#1226=VECTOR('',#1225,1.8E-2);
#1227=CARTESIAN_POINT('',(-6.98E-2,-8.9E-2,1.05E-1));
#1228=LINE('',#1227,#1226);
#1229=DIRECTION('',(-1.E0,0.E0,0.E0));
#1230=VECTOR('',#1229,1.8E-2);
#1231=CARTESIAN_POINT('',(-6.98E-2,-9.5E-2,1.05E-1));
#1232=LINE('',#1231,#1230);
#1233=DIRECTION('',(-1.E0,0.E0,0.E0));
#1234=VECTOR('',#1233,1.8E-2);
#1235=CARTESIAN_POINT('',(-6.98E-2,-9.5E-2,7.1E-2));
#1236=LINE('',#1235,#1234);
#1237=DIRECTION('',(0.E0,0.E0,-1.E0));
#1238=VECTOR('',#1237,3.8E-2);
#1239=CARTESIAN_POINT('',(-6.280000000001E-2,-3.9E-2,-2.1E-2));
#1240=LINE('',#1239,#1238);
#1241=DIRECTION('',(-1.E0,0.E0,0.E0));
#1242=VECTOR('',#1241,6.E-3);
#1243=CARTESIAN_POINT('',(-5.680000000001E-2,-3.9E-2,-2.1E-2));
#1244=LINE('',#1243,#1242);
#1245=DIRECTION('',(0.E0,0.E0,1.E0));
#1246=VECTOR('',#1245,3.8E-2);
#1247=CARTESIAN_POINT('',(-5.680000000001E-2,-3.9E-2,-5.9E-2));
#1248=LINE('',#1247,#1246);
#1249=DIRECTION('',(0.E0,0.E0,-1.E0));
#1250=VECTOR('',#1249,3.8E-2);
#1251=CARTESIAN_POINT('',(-1.008E-1,-3.9E-2,-2.1E-2));
#1252=LINE('',#1251,#1250);
#1253=DIRECTION('',(-1.E0,0.E0,0.E0));
#1254=VECTOR('',#1253,6.E-3);
#1255=CARTESIAN_POINT('',(-9.480000000001E-2,-3.9E-2,-2.1E-2));
#1256=LINE('',#1255,#1254);
#1257=DIRECTION('',(0.E0,0.E0,1.E0));
#1258=VECTOR('',#1257,3.8E-2);
#1259=CARTESIAN_POINT('',(-9.480000000001E-2,-3.9E-2,-5.9E-2));
#1260=LINE('',#1259,#1258);
#1261=DIRECTION('',(0.E0,0.E0,1.E0));
#1262=VECTOR('',#1261,3.8E-2);
#1263=CARTESIAN_POINT('',(-5.680000000001E-2,-3.9E-2,2.1E-2));
#1264=LINE('',#1263,#1262);
#1265=DIRECTION('',(1.E0,0.E0,0.E0));
#1266=VECTOR('',#1265,6.E-3);
#1267=CARTESIAN_POINT('',(-6.280000000001E-2,-3.9E-2,2.1E-2));
#1268=LINE('',#1267,#1266);
#1269=DIRECTION('',(0.E0,0.E0,-1.E0));
#1270=VECTOR('',#1269,3.8E-2);
#1271=CARTESIAN_POINT('',(-6.280000000001E-2,-3.9E-2,5.9E-2));
#1272=LINE('',#1271,#1270);
#1273=DIRECTION('',(0.E0,0.E0,1.E0));
#1274=VECTOR('',#1273,3.8E-2);
#1275=CARTESIAN_POINT('',(-9.480000000001E-2,-3.9E-2,2.1E-2));
#1276=LINE('',#1275,#1274);
#1277=DIRECTION('',(1.E0,0.E0,0.E0));
#1278=VECTOR('',#1277,6.E-3);
#1279=CARTESIAN_POINT('',(-1.008E-1,-3.9E-2,2.1E-2));
#1280=LINE('',#1279,#1278);
#1281=DIRECTION('',(0.E0,0.E0,-1.E0));
#1282=VECTOR('',#1281,3.8E-2);
#1283=CARTESIAN_POINT('',(-1.008E-1,-3.9E-2,5.9E-2));
#1284=LINE('',#1283,#1282);
#1285=DIRECTION('',(-1.E0,0.E0,0.E0));
#1286=VECTOR('',#1285,1.300000000001E-2);
#1287=CARTESIAN_POINT('',(-8.78E-2,-7.2E-2,-5.9E-2));
#1288=LINE('',#1287,#1286);
#1289=DIRECTION('',(-1.E0,0.E0,0.E0));
#1290=VECTOR('',#1289,6.E-3);
#1291=CARTESIAN_POINT('',(-9.480000000001E-2,-3.9E-2,-5.9E-2));
#1292=LINE('',#1291,#1290);
#1293=DIRECTION('',(0.E0,-1.E0,0.E0));
#1294=VECTOR('',#1293,2.5E-2);
#1295=CARTESIAN_POINT('',(-9.480000000001E-2,-1.4E-2,-5.9E-2));
#1296=LINE('',#1295,#1294);
#1297=DIRECTION('',(-1.E0,0.E0,0.E0));
#1298=VECTOR('',#1297,6.E-3);
#1299=CARTESIAN_POINT('',(-9.480000000001E-2,-1.4E-2,-5.9E-2));
#1300=LINE('',#1299,#1298);
#1301=DIRECTION('',(-1.E0,0.E0,0.E0));
#1302=VECTOR('',#1301,6.E-3);
#1303=CARTESIAN_POINT('',(-5.680000000001E-2,-1.4E-2,-5.9E-2));
#1304=LINE('',#1303,#1302);
#1305=DIRECTION('',(0.E0,-1.E0,0.E0));
#1306=VECTOR('',#1305,2.5E-2);
#1307=CARTESIAN_POINT('',(-6.280000000001E-2,-1.4E-2,-5.9E-2));
#1308=LINE('',#1307,#1306);
#1309=DIRECTION('',(-1.E0,0.E0,0.E0));
#1310=VECTOR('',#1309,6.E-3);
#1311=CARTESIAN_POINT('',(-5.680000000001E-2,-3.9E-2,-5.9E-2));
#1312=LINE('',#1311,#1310);
#1313=DIRECTION('',(-1.E0,0.E0,0.E0));
#1314=VECTOR('',#1313,1.299999999999E-2);
#1315=CARTESIAN_POINT('',(-5.680000000001E-2,-7.2E-2,-5.9E-2));
#1316=LINE('',#1315,#1314);
#1317=DIRECTION('',(-1.E0,0.E0,0.E0));
#1318=VECTOR('',#1317,1.8E-2);
#1319=CARTESIAN_POINT('',(-6.98E-2,-8.3E-2,-5.9E-2));
#1320=LINE('',#1319,#1318);
#1321=DIRECTION('',(0.E0,1.E0,0.E0));
#1322=VECTOR('',#1321,1.1E-2);
#1323=CARTESIAN_POINT('',(-8.78E-2,-8.3E-2,-5.9E-2));
#1324=LINE('',#1323,#1322);
#1325=CARTESIAN_POINT('',(-8.78E-2,-8.3E-2,-7.1E-2));
#1326=DIRECTION('',(-1.E0,0.E0,0.E0));
#1327=DIRECTION('',(0.E0,-1.E0,0.E0));
#1328=AXIS2_PLACEMENT_3D('',#1325,#1326,#1327);
#1330=DIRECTION('',(0.E0,0.E0,1.E0));
#1331=VECTOR('',#1330,3.4E-2);
#1332=CARTESIAN_POINT('',(-8.78E-2,-9.5E-2,-1.05E-1));
#1333=LINE('',#1332,#1331);
#1334=DIRECTION('',(0.E0,-1.E0,0.E0));
#1335=VECTOR('',#1334,6.E-3);
#1336=CARTESIAN_POINT('',(-8.78E-2,-8.9E-2,-1.05E-1));
#1337=LINE('',#1336,#1335);
#1338=DIRECTION('',(0.E0,0.E0,-1.E0));
#1339=VECTOR('',#1338,3.4E-2);
#1340=CARTESIAN_POINT('',(-8.78E-2,-8.9E-2,-7.1E-2));
#1341=LINE('',#1340,#1339);
#1342=CARTESIAN_POINT('',(-8.78E-2,-8.3E-2,-7.1E-2));
#1343=DIRECTION('',(1.E0,0.E0,0.E0));
#1344=DIRECTION('',(0.E0,0.E0,1.E0));
#1345=AXIS2_PLACEMENT_3D('',#1342,#1343,#1344);
#1347=DIRECTION('',(0.E0,-1.E0,0.E0));
#1348=VECTOR('',#1347,1.1E-2);
#1349=CARTESIAN_POINT('',(-8.78E-2,-7.2E-2,-6.5E-2));
#1350=LINE('',#1349,#1348);
#1351=DIRECTION('',(-1.E0,0.E0,0.E0));
#1352=VECTOR('',#1351,1.8E-2);
#1353=CARTESIAN_POINT('',(-6.98E-2,-9.5E-2,-7.1E-2));
#1354=LINE('',#1353,#1352);
#1355=DIRECTION('',(0.E0,-1.E0,0.E0));
#1356=VECTOR('',#1355,1.1E-2);
#1357=CARTESIAN_POINT('',(-6.98E-2,-7.2E-2,-6.5E-2));
#1358=LINE('',#1357,#1356);
#1359=CARTESIAN_POINT('',(-6.98E-2,-8.3E-2,-7.1E-2));
#1360=DIRECTION('',(1.E0,0.E0,0.E0));
#1361=DIRECTION('',(0.E0,0.E0,1.E0));
#1362=AXIS2_PLACEMENT_3D('',#1359,#1360,#1361);
#1364=DIRECTION('',(0.E0,0.E0,-1.E0));
#1365=VECTOR('',#1364,3.4E-2);
#1366=CARTESIAN_POINT('',(-6.98E-2,-8.9E-2,-7.1E-2));
#1367=LINE('',#1366,#1365);
#1368=DIRECTION('',(0.E0,-1.E0,0.E0));
#1369=VECTOR('',#1368,6.E-3);
#1370=CARTESIAN_POINT('',(-6.98E-2,-8.9E-2,-1.05E-1));
#1371=LINE('',#1370,#1369);
#1372=DIRECTION('',(0.E0,0.E0,1.E0));
#1373=VECTOR('',#1372,3.4E-2);
#1374=CARTESIAN_POINT('',(-6.98E-2,-9.5E-2,-1.05E-1));
#1375=LINE('',#1374,#1373);
#1376=CARTESIAN_POINT('',(-6.98E-2,-8.3E-2,-7.1E-2));
#1377=DIRECTION('',(-1.E0,0.E0,0.E0));
#1378=DIRECTION('',(0.E0,-1.E0,0.E0));
#1379=AXIS2_PLACEMENT_3D('',#1376,#1377,#1378);
#1381=DIRECTION('',(0.E0,1.E0,0.E0));
#1382=VECTOR('',#1381,1.1E-2);
#1383=CARTESIAN_POINT('',(-6.98E-2,-8.3E-2,-5.9E-2));
#1384=LINE('',#1383,#1382);
#1385=DIRECTION('',(-1.E0,0.E0,0.E0));
#1386=VECTOR('',#1385,1.8E-2);
#1387=CARTESIAN_POINT('',(-6.98E-2,-8.3E-2,-6.5E-2));
#1388=LINE('',#1387,#1386);
#1389=DIRECTION('',(-1.E0,0.E0,0.E0));
#1390=VECTOR('',#1389,1.8E-2);
#1391=CARTESIAN_POINT('',(-6.98E-2,-8.9E-2,-7.1E-2));
#1392=LINE('',#1391,#1390);
#1393=DIRECTION('',(-1.E0,0.E0,0.E0));
#1394=VECTOR('',#1393,1.8E-2);
#1395=CARTESIAN_POINT('',(-6.98E-2,-8.9E-2,-1.05E-1));
#1396=LINE('',#1395,#1394);
#1397=DIRECTION('',(-1.E0,0.E0,0.E0));
#1398=VECTOR('',#1397,1.8E-2);
#1399=CARTESIAN_POINT('',(-6.98E-2,-9.5E-2,-1.05E-1));
#1400=LINE('',#1399,#1398);
#1401=DIRECTION('',(0.E0,0.E0,1.E0));
#1402=VECTOR('',#1401,3.E-2);
#1403=CARTESIAN_POINT('',(-9.480000000001E-2,-1.4E-2,-5.1E-2));
#1404=LINE('',#1403,#1402);
#1405=DIRECTION('',(2.399101481970E-1,9.707950972229E-1,0.E0));
#1406=VECTOR('',#1405,3.914721686574E-2);
#1407=CARTESIAN_POINT('',(-9.480000000001E-2,-1.4E-2,-2.1E-2));
#1408=LINE('',#1407,#1406);
#1409=DIRECTION('',(0.E0,1.E0,0.E0));
#1410=VECTOR('',#1409,2.5E-2);
#1411=CARTESIAN_POINT('',(-9.480000000001E-2,-3.9E-2,-2.1E-2));
#1412=LINE('',#1411,#1410);
#1413=DIRECTION('',(-2.399101481970E-1,-9.707950972229E-1,0.E0));
#1414=VECTOR('',#1413,4.058667775492E-2);
#1415=CARTESIAN_POINT('',(-9.106284412500E-2,2.540134777705E-2,-2.1E-2));
#1416=LINE('',#1415,#1414);
#1417=CARTESIAN_POINT('',(-1.056247705833E-1,2.9E-2,-2.1E-2));
#1418=DIRECTION('',(0.E0,0.E0,-1.E0));
#1419=DIRECTION('',(9.518255596667E-1,3.066400234235E-1,0.E0));
#1420=AXIS2_PLACEMENT_3D('',#1417,#1418,#1419);
#1422=DIRECTION('',(3.066400234235E-1,-9.518255596667E-1,0.E0));
#1423=VECTOR('',#1422,1.673164043283E-2);
#1424=CARTESIAN_POINT('',(-9.647797780258E-2,4.952520337047E-2,-2.1E-2));
#1425=LINE('',#1424,#1423);
#1426=DIRECTION('',(-4.562150678010E-1,-8.898695476930E-1,0.E0));
#1427=VECTOR('',#1426,3.994828869549E-3);
#1428=CARTESIAN_POINT('',(-9.465547667901E-2,5.308007992973E-2,-2.1E-2));
#1429=LINE('',#1428,#1427);
#1430=DIRECTION('',(-9.518255596667E-1,-3.066400234235E-1,0.E0));
#1431=VECTOR('',#1430,3.E-3);
#1432=CARTESIAN_POINT('',(-9.180000000001E-2,5.4E-2,-2.1E-2));
#1433=LINE('',#1432,#1431);
#1434=DIRECTION('',(-3.066400234235E-1,9.518255596667E-1,0.E0));
#1435=VECTOR('',#1434,1.955641101617E-2);
#1436=CARTESIAN_POINT('',(-8.580322166793E-2,3.538570813946E-2,-2.1E-2));
#1437=LINE('',#1436,#1435);
#1438=CARTESIAN_POINT('',(-1.056247705833E-1,2.9E-2,-2.1E-2));
#1439=DIRECTION('',(0.E0,0.E0,1.E0));
#1440=DIRECTION('',(9.707950972229E-1,-2.399101481970E-1,0.E0));
#1441=AXIS2_PLACEMENT_3D('',#1438,#1439,#1440);
#1443=DIRECTION('',(2.399101481970E-1,-9.707950972229E-1,0.E0));
#1444=VECTOR('',#1443,3.914721686574E-2);
#1445=CARTESIAN_POINT('',(-7.219181459977E-2,2.400392620318E-2,-2.1E-2));
#1446=LINE('',#1445,#1444);
#1447=CARTESIAN_POINT('',(-5.197522941667E-2,2.9E-2,-2.1E-2));
#1448=DIRECTION('',(0.E0,0.E0,1.E0));
#1449=DIRECTION('',(-9.518255596667E-1,3.066400234235E-1,0.E0));
#1450=AXIS2_PLACEMENT_3D('',#1447,#1448,#1449);
#1452=DIRECTION('',(-3.066400234235E-1,-9.518255596667E-1,0.E0));
#1453=VECTOR('',#1452,1.955641101617E-2);
#1454=CARTESIAN_POINT('',(-6.580000000001E-2,5.4E-2,-2.1E-2));
#1455=LINE('',#1454,#1453);
#1456=DIRECTION('',(-9.518255596667E-1,3.066400234235E-1,0.E0));
#1457=VECTOR('',#1456,3.E-3);
#1458=CARTESIAN_POINT('',(-6.294452332101E-2,5.308007992973E-2,-2.1E-2));
#1459=LINE('',#1458,#1457);
#1460=DIRECTION('',(-4.562150678010E-1,8.898695476930E-1,0.E0));
#1461=VECTOR('',#1460,3.994828869549E-3);
#1462=CARTESIAN_POINT('',(-6.112202219743E-2,4.952520337047E-2,-2.1E-2));
#1463=LINE('',#1462,#1461);
#1464=DIRECTION('',(3.066400234235E-1,9.518255596667E-1,0.E0));
#1465=VECTOR('',#1464,1.673164043283E-2);
#1466=CARTESIAN_POINT('',(-6.625261281167E-2,3.359960035135E-2,-2.1E-2));
#1467=LINE('',#1466,#1465);
#1468=CARTESIAN_POINT('',(-5.197522941667E-2,2.9E-2,-2.1E-2));
#1469=DIRECTION('',(0.E0,0.E0,-1.E0));
#1470=DIRECTION('',(-9.707950972229E-1,-2.399101481970E-1,0.E0));
#1471=AXIS2_PLACEMENT_3D('',#1468,#1469,#1470);
#1473=DIRECTION('',(-2.399101481970E-1,9.707950972229E-1,0.E0));
#1474=VECTOR('',#1473,4.058667775492E-2);
#1475=CARTESIAN_POINT('',(-5.680000000001E-2,-1.4E-2,-2.1E-2));
#1476=LINE('',#1475,#1474);
#1477=DIRECTION('',(0.E0,1.E0,0.E0));
#1478=VECTOR('',#1477,2.5E-2);
#1479=CARTESIAN_POINT('',(-5.680000000001E-2,-3.9E-2,-2.1E-2));
#1480=LINE('',#1479,#1478);
#1481=DIRECTION('',(0.E0,0.E0,-1.E0));
#1482=VECTOR('',#1481,3.E-2);
#1483=CARTESIAN_POINT('',(-9.106284412500E-2,2.540134777705E-2,-2.1E-2));
#1484=LINE('',#1483,#1482);
#1485=DIRECTION('',(-2.399101481970E-1,9.707950972229E-1,0.E0));
#1486=VECTOR('',#1485,4.058667775492E-2);
#1487=CARTESIAN_POINT('',(-5.680000000001E-2,-1.4E-2,-5.1E-2));
#1488=LINE('',#1487,#1486);
#1489=CARTESIAN_POINT('',(-5.197522941667E-2,2.9E-2,-5.1E-2));
#1490=DIRECTION('',(0.E0,0.E0,-1.E0));
#1491=DIRECTION('',(-9.707950972229E-1,-2.399101481970E-1,0.E0));
#1492=AXIS2_PLACEMENT_3D('',#1489,#1490,#1491);
#1494=DIRECTION('',(3.066400234235E-1,9.518255596667E-1,0.E0));
#1495=VECTOR('',#1494,1.673164043283E-2);
#1496=CARTESIAN_POINT('',(-6.625261281167E-2,3.359960035135E-2,-5.1E-2));
#1497=LINE('',#1496,#1495);
#1498=DIRECTION('',(-4.562150678010E-1,8.898695476930E-1,0.E0));
#1499=VECTOR('',#1498,3.994828869549E-3);
#1500=CARTESIAN_POINT('',(-6.112202219743E-2,4.952520337047E-2,-5.1E-2));
#1501=LINE('',#1500,#1499);
#1502=DIRECTION('',(-9.518255596667E-1,3.066400234235E-1,0.E0));
#1503=VECTOR('',#1502,3.E-3);
#1504=CARTESIAN_POINT('',(-6.294452332101E-2,5.308007992973E-2,-5.1E-2));
#1505=LINE('',#1504,#1503);
#1506=DIRECTION('',(-3.066400234235E-1,-9.518255596667E-1,0.E0));
#1507=VECTOR('',#1506,1.955641101617E-2);
#1508=CARTESIAN_POINT('',(-6.580000000001E-2,5.4E-2,-5.1E-2));
#1509=LINE('',#1508,#1507);
#1510=CARTESIAN_POINT('',(-5.197522941667E-2,2.9E-2,-5.1E-2));
#1511=DIRECTION('',(0.E0,0.E0,1.E0));
#1512=DIRECTION('',(-9.518255596667E-1,3.066400234235E-1,0.E0));
#1513=AXIS2_PLACEMENT_3D('',#1510,#1511,#1512);
#1515=DIRECTION('',(2.399101481970E-1,-9.707950972229E-1,0.E0));
#1516=VECTOR('',#1515,3.914721686574E-2);
#1517=CARTESIAN_POINT('',(-7.219181459977E-2,2.400392620318E-2,-5.1E-2));
#1518=LINE('',#1517,#1516);
#1519=DIRECTION('',(2.399101481970E-1,9.707950972229E-1,0.E0));
#1520=VECTOR('',#1519,3.914721686574E-2);
#1521=CARTESIAN_POINT('',(-9.480000000001E-2,-1.4E-2,-5.1E-2));
#1522=LINE('',#1521,#1520);
#1523=CARTESIAN_POINT('',(-1.056247705833E-1,2.9E-2,-5.1E-2));
#1524=DIRECTION('',(0.E0,0.E0,1.E0));
#1525=DIRECTION('',(9.707950972229E-1,-2.399101481970E-1,0.E0));
#1526=AXIS2_PLACEMENT_3D('',#1523,#1524,#1525);
#1528=DIRECTION('',(-3.066400234235E-1,9.518255596667E-1,0.E0));
#1529=VECTOR('',#1528,1.955641101617E-2);
#1530=CARTESIAN_POINT('',(-8.580322166793E-2,3.538570813946E-2,-5.1E-2));
#1531=LINE('',#1530,#1529);
#1532=DIRECTION('',(-9.518255596667E-1,-3.066400234235E-1,0.E0));
#1533=VECTOR('',#1532,3.E-3);
#1534=CARTESIAN_POINT('',(-9.180000000001E-2,5.4E-2,-5.1E-2));
#1535=LINE('',#1534,#1533);
#1536=DIRECTION('',(-4.562150678010E-1,-8.898695476930E-1,0.E0));
#1537=VECTOR('',#1536,3.994828869549E-3);
#1538=CARTESIAN_POINT('',(-9.465547667901E-2,5.308007992973E-2,-5.1E-2));
#1539=LINE('',#1538,#1537);
#1540=DIRECTION('',(3.066400234235E-1,-9.518255596667E-1,0.E0));
#1541=VECTOR('',#1540,1.673164043283E-2);
#1542=CARTESIAN_POINT('',(-9.647797780258E-2,4.952520337047E-2,-5.1E-2));
#1543=LINE('',#1542,#1541);
#1544=CARTESIAN_POINT('',(-1.056247705833E-1,2.9E-2,-5.1E-2));
#1545=DIRECTION('',(0.E0,0.E0,-1.E0));
#1546=DIRECTION('',(9.518255596667E-1,3.066400234235E-1,0.E0));
#1547=AXIS2_PLACEMENT_3D('',#1544,#1545,#1546);
#1549=DIRECTION('',(-2.399101481970E-1,-9.707950972229E-1,0.E0));
#1550=VECTOR('',#1549,4.058667775492E-2);
#1551=CARTESIAN_POINT('',(-9.106284412500E-2,2.540134777705E-2,-5.1E-2));
#1552=LINE('',#1551,#1550);
#1553=DIRECTION('',(0.E0,0.E0,-1.E0));
#1554=VECTOR('',#1553,3.E-2);
#1555=CARTESIAN_POINT('',(-6.653715587502E-2,2.540134777705E-2,-2.1E-2));
#1556=LINE('',#1555,#1554);
#1557=DIRECTION('',(0.E0,0.E0,-1.E0));
#1558=VECTOR('',#1557,3.E-2);
#1559=CARTESIAN_POINT('',(-6.625261281167E-2,3.359960035135E-2,-2.1E-2));
#1560=LINE('',#1559,#1558);
#1561=DIRECTION('',(0.E0,0.E0,-1.E0));
#1562=VECTOR('',#1561,3.E-2);
#1563=CARTESIAN_POINT('',(-6.112202219743E-2,4.952520337047E-2,-2.1E-2));
#1564=LINE('',#1563,#1562);
#1565=DIRECTION('',(0.E0,0.E0,-1.E0));
#1566=VECTOR('',#1565,3.E-2);
#1567=CARTESIAN_POINT('',(-6.294452332101E-2,5.308007992973E-2,-2.1E-2));
#1568=LINE('',#1567,#1566);
#1569=DIRECTION('',(0.E0,0.E0,-1.E0));
#1570=VECTOR('',#1569,3.E-2);
#1571=CARTESIAN_POINT('',(-6.580000000001E-2,5.4E-2,-2.1E-2));
#1572=LINE('',#1571,#1570);
#1573=DIRECTION('',(0.E0,0.E0,-1.E0));
#1574=VECTOR('',#1573,3.E-2);
#1575=CARTESIAN_POINT('',(-7.179677833209E-2,3.538570813946E-2,-2.1E-2));
#1576=LINE('',#1575,#1574);
#1577=DIRECTION('',(0.E0,0.E0,-1.E0));
#1578=VECTOR('',#1577,3.E-2);
#1579=CARTESIAN_POINT('',(-7.219181459977E-2,2.400392620318E-2,-2.1E-2));
#1580=LINE('',#1579,#1578);
#1581=DIRECTION('',(0.E0,0.E0,1.E0));
#1582=VECTOR('',#1581,3.E-2);
#1583=CARTESIAN_POINT('',(-6.280000000001E-2,-1.4E-2,-5.1E-2));
#1584=LINE('',#1583,#1582);
#1585=DIRECTION('',(0.E0,1.E0,0.E0));
#1586=VECTOR('',#1585,2.5E-2);
#1587=CARTESIAN_POINT('',(-6.280000000001E-2,-3.9E-2,-2.1E-2));
#1588=LINE('',#1587,#1586);
#1589=DIRECTION('',(0.E0,0.E0,-1.E0));
#1590=VECTOR('',#1589,3.E-2);
#1591=CARTESIAN_POINT('',(-8.540818540025E-2,2.400392620318E-2,-2.1E-2));
#1592=LINE('',#1591,#1590);
#1593=DIRECTION('',(0.E0,0.E0,-1.E0));
#1594=VECTOR('',#1593,3.E-2);
#1595=CARTESIAN_POINT('',(-8.580322166793E-2,3.538570813946E-2,-2.1E-2));
#1596=LINE('',#1595,#1594);
#1597=DIRECTION('',(0.E0,0.E0,-1.E0));
#1598=VECTOR('',#1597,3.E-2);
#1599=CARTESIAN_POINT('',(-9.180000000001E-2,5.4E-2,-2.1E-2));
#1600=LINE('',#1599,#1598);
#1601=DIRECTION('',(0.E0,0.E0,-1.E0));
#1602=VECTOR('',#1601,3.E-2);
#1603=CARTESIAN_POINT('',(-9.465547667901E-2,5.308007992973E-2,-2.1E-2));
#1604=LINE('',#1603,#1602);
#1605=DIRECTION('',(0.E0,0.E0,-1.E0));
#1606=VECTOR('',#1605,3.E-2);
#1607=CARTESIAN_POINT('',(-9.647797780258E-2,4.952520337047E-2,-2.1E-2));
#1608=LINE('',#1607,#1606);
#1609=DIRECTION('',(0.E0,0.E0,-1.E0));
#1610=VECTOR('',#1609,3.E-2);
#1611=CARTESIAN_POINT('',(-9.134738718835E-2,3.359960035135E-2,-2.1E-2));
#1612=LINE('',#1611,#1610);
#1613=DIRECTION('',(-1.E0,0.E0,0.E0));
#1614=VECTOR('',#1613,4.4E-2);
#1615=CARTESIAN_POINT('',(-5.680000000001E-2,6.6E-2,-5.9E-2));
#1616=LINE('',#1615,#1614);
#1617=DIRECTION('',(0.E0,0.E0,-1.E0));
#1618=VECTOR('',#1617,3.E-2);
#1619=CARTESIAN_POINT('',(-9.480000000001E-2,-1.4E-2,5.1E-2));
#1620=LINE('',#1619,#1618);
#1621=DIRECTION('',(0.E0,1.E0,0.E0));
#1622=VECTOR('',#1621,2.5E-2);
#1623=CARTESIAN_POINT('',(-9.480000000001E-2,-3.9E-2,2.1E-2));
#1624=LINE('',#1623,#1622);
#1625=DIRECTION('',(0.E0,0.E0,1.E0));
#1626=VECTOR('',#1625,3.E-2);
#1627=CARTESIAN_POINT('',(-8.540818540025E-2,2.400392620318E-2,2.1E-2));
#1628=LINE('',#1627,#1626);
#1629=DIRECTION('',(0.E0,0.E0,1.E0));
#1630=VECTOR('',#1629,3.E-2);
#1631=CARTESIAN_POINT('',(-8.580322166793E-2,3.538570813946E-2,2.1E-2));
#1632=LINE('',#1631,#1630);
#1633=DIRECTION('',(0.E0,0.E0,1.E0));
#1634=VECTOR('',#1633,3.E-2);
#1635=CARTESIAN_POINT('',(-9.180000000001E-2,5.4E-2,2.1E-2));
#1636=LINE('',#1635,#1634);
#1637=DIRECTION('',(0.E0,0.E0,1.E0));
#1638=VECTOR('',#1637,3.E-2);
#1639=CARTESIAN_POINT('',(-9.465547667901E-2,5.308007992973E-2,2.1E-2));
#1640=LINE('',#1639,#1638);
#1641=DIRECTION('',(0.E0,0.E0,1.E0));
#1642=VECTOR('',#1641,3.E-2);
#1643=CARTESIAN_POINT('',(-9.647797780258E-2,4.952520337047E-2,2.1E-2));
#1644=LINE('',#1643,#1642);
#1645=DIRECTION('',(0.E0,0.E0,1.E0));
#1646=VECTOR('',#1645,3.E-2);
#1647=CARTESIAN_POINT('',(-9.134738718835E-2,3.359960035135E-2,2.1E-2));
#1648=LINE('',#1647,#1646);
#1649=DIRECTION('',(0.E0,0.E0,1.E0));
#1650=VECTOR('',#1649,3.E-2);
#1651=CARTESIAN_POINT('',(-9.106284412500E-2,2.540134777705E-2,2.1E-2));
#1652=LINE('',#1651,#1650);
#1653=DIRECTION('',(-1.E0,0.E0,0.E0));
#1654=VECTOR('',#1653,5.3E-2);
#1655=CARTESIAN_POINT('',(-5.230000000001E-2,6.8E-2,6.5E-2));
#1656=LINE('',#1655,#1654);
#1657=DIRECTION('',(1.E0,0.E0,0.E0));
#1658=VECTOR('',#1657,4.499999999994E-3);
#1659=CARTESIAN_POINT('',(-1.053E-1,-7.2E-2,6.5E-2));
#1660=LINE('',#1659,#1658);
#1661=DIRECTION('',(0.E0,1.E0,0.E0));
#1662=VECTOR('',#1661,1.38E-1);
#1663=CARTESIAN_POINT('',(-1.008E-1,-7.2E-2,6.5E-2));
#1664=LINE('',#1663,#1662);
#1665=DIRECTION('',(-1.E0,0.E0,0.E0));
#1666=VECTOR('',#1665,4.4E-2);
#1667=CARTESIAN_POINT('',(-5.680000000001E-2,6.6E-2,6.5E-2));
#1668=LINE('',#1667,#1666);
#1669=DIRECTION('',(0.E0,1.E0,0.E0));
#1670=VECTOR('',#1669,1.38E-1);
#1671=CARTESIAN_POINT('',(-5.680000000001E-2,-7.2E-2,6.5E-2));
#1672=LINE('',#1671,#1670);
#1673=DIRECTION('',(1.E0,0.E0,0.E0));
#1674=VECTOR('',#1673,4.500000000009E-3);
#1675=CARTESIAN_POINT('',(-5.680000000001E-2,-7.2E-2,6.5E-2));
#1676=LINE('',#1675,#1674);
#1677=DIRECTION('',(-1.E0,0.E0,0.E0));
#1678=VECTOR('',#1677,5.3E-2);
#1679=CARTESIAN_POINT('',(-5.230000000001E-2,6.8E-2,1.8E-2));
#1680=LINE('',#1679,#1678);
#1681=DIRECTION('',(1.E0,0.E0,0.E0));
#1682=VECTOR('',#1681,5.3E-2);
#1683=CARTESIAN_POINT('',(-1.053E-1,-7.2E-2,1.8E-2));
#1684=LINE('',#1683,#1682);
#1685=DIRECTION('',(0.E0,0.E0,1.E0));
#1686=VECTOR('',#1685,2.6E-2);
#1687=CARTESIAN_POINT('',(-9.18E-2,7.3E-2,2.635E-2));
#1688=LINE('',#1687,#1686);
#1689=DIRECTION('',(0.E0,1.E0,0.E0));
#1690=VECTOR('',#1689,5.E-3);
#1691=CARTESIAN_POINT('',(-9.18E-2,6.8E-2,2.635E-2));
#1692=LINE('',#1691,#1690);
#1693=DIRECTION('',(0.E0,0.E0,1.E0));
#1694=VECTOR('',#1693,2.6E-2);
#1695=CARTESIAN_POINT('',(-9.18E-2,6.8E-2,2.635E-2));
#1696=LINE('',#1695,#1694);
#1697=DIRECTION('',(0.E0,0.E0,1.E0));
#1698=VECTOR('',#1697,2.6E-2);
#1699=CARTESIAN_POINT('',(6.559999999999E-2,7.3E-2,-5.235E-2));
#1700=LINE('',#1699,#1698);
#1701=DIRECTION('',(0.E0,1.E0,0.E0));
#1702=VECTOR('',#1701,5.E-3);
#1703=CARTESIAN_POINT('',(6.559999999999E-2,6.8E-2,-5.235E-2));
#1704=LINE('',#1703,#1702);
#1705=DIRECTION('',(0.E0,0.E0,1.E0));
#1706=VECTOR('',#1705,2.6E-2);
#1707=CARTESIAN_POINT('',(6.559999999999E-2,6.8E-2,-5.235E-2));
#1708=LINE('',#1707,#1706);
#1709=DIRECTION('',(-1.E0,0.E0,0.E0));
#1710=VECTOR('',#1709,2.600000000002E-2);
#1711=CARTESIAN_POINT('',(9.160000000001E-2,7.3E-2,-5.235E-2));
#1712=LINE('',#1711,#1710);
#1713=DIRECTION('',(0.E0,1.E0,0.E0));
#1714=VECTOR('',#1713,5.E-3);
#1715=CARTESIAN_POINT('',(9.160000000001E-2,6.8E-2,-5.235E-2));
#1716=LINE('',#1715,#1714);
#1717=DIRECTION('',(-1.E0,0.E0,0.E0));
#1718=VECTOR('',#1717,2.600000000002E-2);
#1719=CARTESIAN_POINT('',(9.160000000001E-2,6.8E-2,-5.235E-2));
#1720=LINE('',#1719,#1718);
#1721=DIRECTION('',(0.E0,0.E0,-1.E0));
#1722=VECTOR('',#1721,2.6E-2);
#1723=CARTESIAN_POINT('',(9.160000000001E-2,7.3E-2,-2.635E-2));
#1724=LINE('',#1723,#1722);
#1725=DIRECTION('',(0.E0,1.E0,0.E0));
#1726=VECTOR('',#1725,5.E-3);
#1727=CARTESIAN_POINT('',(9.160000000001E-2,6.8E-2,-2.635E-2));
#1728=LINE('',#1727,#1726);
#1729=DIRECTION('',(0.E0,0.E0,-1.E0));
#1730=VECTOR('',#1729,2.6E-2);
#1731=CARTESIAN_POINT('',(9.160000000001E-2,6.8E-2,-2.635E-2));
#1732=LINE('',#1731,#1730);
#1733=DIRECTION('',(1.E0,0.E0,0.E0));
#1734=VECTOR('',#1733,2.600000000002E-2);
#1735=CARTESIAN_POINT('',(6.559999999999E-2,7.3E-2,-2.635E-2));
#1736=LINE('',#1735,#1734);
#1737=DIRECTION('',(0.E0,1.E0,0.E0));
#1738=VECTOR('',#1737,5.E-3);
#1739=CARTESIAN_POINT('',(6.559999999999E-2,6.8E-2,-2.635E-2));
#1740=LINE('',#1739,#1738);
#1741=DIRECTION('',(1.E0,0.E0,0.E0));
#1742=VECTOR('',#1741,2.600000000002E-2);
#1743=CARTESIAN_POINT('',(6.559999999999E-2,6.8E-2,-2.635E-2));
#1744=LINE('',#1743,#1742);
#1745=DIRECTION('',(-1.E0,0.E0,0.E0));
#1746=VECTOR('',#1745,5.3E-2);
#1747=CARTESIAN_POINT('',(1.051E-1,6.8E-2,-6.5E-2));
#1748=LINE('',#1747,#1746);
#1749=DIRECTION('',(0.E0,1.E0,0.E0));
#1750=VECTOR('',#1749,7.E-3);
#1751=CARTESIAN_POINT('',(1.051E-1,-7.9E-2,-5.1E-2));
#1752=LINE('',#1751,#1750);
#1753=DIRECTION('',(0.E0,0.E0,1.E0));
#1754=VECTOR('',#1753,1.4E-2);
#1755=CARTESIAN_POINT('',(1.051E-1,-7.2E-2,-6.5E-2));
#1756=LINE('',#1755,#1754);
#1757=DIRECTION('',(-4.302114220422E-14,1.E0,0.E0));
#1758=VECTOR('',#1757,1.4E-1);
#1759=CARTESIAN_POINT('',(1.051E-1,-7.2E-2,-6.5E-2));
#1760=LINE('',#1759,#1758);
#1761=DIRECTION('',(0.E0,0.E0,1.E0));
#1762=VECTOR('',#1761,4.7E-2);
#1763=CARTESIAN_POINT('',(1.051E-1,6.8E-2,-6.5E-2));
#1764=LINE('',#1763,#1762);
#1765=DIRECTION('',(2.180795226942E-14,-1.E0,0.E0));
#1766=VECTOR('',#1765,1.4E-1);
#1767=CARTESIAN_POINT('',(1.051E-1,6.8E-2,-1.8E-2));
#1768=LINE('',#1767,#1766);
#1769=DIRECTION('',(-2.141144404634E-14,1.E0,0.E0));
#1770=VECTOR('',#1769,1.4E-1);
#1771=CARTESIAN_POINT('',(1.051E-1,-7.2E-2,1.8E-2));
#1772=LINE('',#1771,#1770);
#1773=DIRECTION('',(0.E0,0.E0,1.E0));
#1774=VECTOR('',#1773,4.7E-2);
#1775=CARTESIAN_POINT('',(1.051E-1,6.8E-2,1.8E-2));
#1776=LINE('',#1775,#1774);
#1777=DIRECTION('',(4.321939631577E-14,-1.E0,0.E0));
#1778=VECTOR('',#1777,1.4E-1);
#1779=CARTESIAN_POINT('',(1.051E-1,6.8E-2,6.5E-2));
#1780=LINE('',#1779,#1778);
#1781=DIRECTION('',(0.E0,0.E0,1.E0));
#1782=VECTOR('',#1781,1.4E-2);
#1783=CARTESIAN_POINT('',(1.051E-1,-7.2E-2,5.1E-2));
#1784=LINE('',#1783,#1782);
#1785=DIRECTION('',(0.E0,1.E0,0.E0));
#1786=VECTOR('',#1785,7.E-3);
#1787=CARTESIAN_POINT('',(1.051E-1,-7.9E-2,5.1E-2));
#1788=LINE('',#1787,#1786);
#1789=DIRECTION('',(0.E0,8.E-1,6.E-1));
#1790=VECTOR('',#1789,2.5E-3);
#1791=CARTESIAN_POINT('',(1.051E-1,-8.1E-2,4.95E-2));
#1792=LINE('',#1791,#1790);
#1793=DIRECTION('',(0.E0,0.E0,-1.E0));
#1794=VECTOR('',#1793,9.9E-2);
#1795=CARTESIAN_POINT('',(1.051E-1,-8.1E-2,4.95E-2));
#1796=LINE('',#1795,#1794);
#1797=DIRECTION('',(0.E0,8.E-1,-6.E-1));
#1798=VECTOR('',#1797,2.5E-3);
#1799=CARTESIAN_POINT('',(1.051E-1,-8.1E-2,-4.95E-2));
#1800=LINE('',#1799,#1798);
#1801=DIRECTION('',(-1.E0,0.E0,0.E0));
#1802=VECTOR('',#1801,6.E-3);
#1803=CARTESIAN_POINT('',(1.111E-1,-7.9E-2,-5.1E-2));
#1804=LINE('',#1803,#1802);
#1805=DIRECTION('',(0.E0,1.E0,0.E0));
#1806=VECTOR('',#1805,7.E-3);
#1807=CARTESIAN_POINT('',(1.111E-1,-7.9E-2,-5.1E-2));
#1808=LINE('',#1807,#1806);
#1809=DIRECTION('',(-6.246950475544E-1,-6.246950475544E-1,4.685212856658E-1));
#1810=VECTOR('',#1809,9.604686356149E-3);
#1811=CARTESIAN_POINT('',(5.21E-2,-8.1E-2,-4.95E-2));
#1812=LINE('',#1811,#1810);
#1813=DIRECTION('',(-6.246950475544E-1,-6.246950475544E-1,-4.685212856658E-1));
#1814=VECTOR('',#1813,9.604686356149E-3);
#1815=CARTESIAN_POINT('',(5.21E-2,-8.1E-2,4.95E-2));
#1816=LINE('',#1815,#1814);
#1817=DIRECTION('',(0.E0,0.E0,1.E0));
#1818=VECTOR('',#1817,2.4E-2);
#1819=CARTESIAN_POINT('',(4.61E-2,-8.7E-2,4.5E-2));
#1820=LINE('',#1819,#1818);
#1821=DIRECTION('',(0.E0,-8.E-1,-6.E-1));
#1822=VECTOR('',#1821,1.E-2);
#1823=CARTESIAN_POINT('',(4.61E-2,-7.9E-2,5.1E-2));
#1824=LINE('',#1823,#1822);
#1825=DIRECTION('',(0.E0,0.E0,1.E0));
#1826=VECTOR('',#1825,2.4E-2);
#1827=CARTESIAN_POINT('',(4.61E-2,-8.7E-2,-6.9E-2));
#1828=LINE('',#1827,#1826);
#1829=DIRECTION('',(0.E0,8.E-1,-6.E-1));
#1830=VECTOR('',#1829,1.E-2);
#1831=CARTESIAN_POINT('',(4.61E-2,-8.7E-2,-4.5E-2));
#1832=LINE('',#1831,#1830);
#1833=DIRECTION('',(0.E0,1.E0,0.E0));
#1834=VECTOR('',#1833,7.E-3);
#1835=CARTESIAN_POINT('',(4.61E-2,-7.9E-2,-5.1E-2));
#1836=LINE('',#1835,#1834);
#1837=DIRECTION('',(1.E0,0.E0,0.E0));
#1838=VECTOR('',#1837,6.E-3);
#1839=CARTESIAN_POINT('',(4.61E-2,-7.9E-2,5.1E-2));
#1840=LINE('',#1839,#1838);
#1841=DIRECTION('',(0.E0,1.E0,0.E0));
#1842=VECTOR('',#1841,7.E-3);
#1843=CARTESIAN_POINT('',(4.61E-2,-7.9E-2,5.1E-2));
#1844=LINE('',#1843,#1842);
#1845=DIRECTION('',(0.E0,-1.E0,0.E0));
#1846=VECTOR('',#1845,7.E-3);
#1847=CARTESIAN_POINT('',(5.21E-2,-7.2E-2,-5.1E-2));
#1848=LINE('',#1847,#1846);
#1849=DIRECTION('',(0.E0,8.E-1,-6.E-1));
#1850=VECTOR('',#1849,2.5E-3);
#1851=CARTESIAN_POINT('',(5.21E-2,-8.1E-2,-4.95E-2));
#1852=LINE('',#1851,#1850);
#1853=DIRECTION('',(0.E0,0.E0,1.E0));
#1854=VECTOR('',#1853,9.9E-2);
#1855=CARTESIAN_POINT('',(5.21E-2,-8.1E-2,-4.95E-2));
#1856=LINE('',#1855,#1854);
#1857=DIRECTION('',(0.E0,8.E-1,6.E-1));
#1858=VECTOR('',#1857,2.5E-3);
#1859=CARTESIAN_POINT('',(5.21E-2,-8.1E-2,4.95E-2));
#1860=LINE('',#1859,#1858);
#1861=DIRECTION('',(0.E0,-1.E0,0.E0));
#1862=VECTOR('',#1861,7.E-3);
#1863=CARTESIAN_POINT('',(5.21E-2,-7.2E-2,5.1E-2));
#1864=LINE('',#1863,#1862);
#1865=DIRECTION('',(-2.170882521365E-13,0.E0,1.E0));
#1866=VECTOR('',#1865,1.4E-2);
#1867=CARTESIAN_POINT('',(5.21E-2,-7.2E-2,5.1E-2));
#1868=LINE('',#1867,#1866);
#1869=DIRECTION('',(2.141144404634E-14,-1.E0,0.E0));
#1870=VECTOR('',#1869,1.4E-1);
#1871=CARTESIAN_POINT('',(5.209999999999E-2,6.8E-2,6.5E-2));
#1872=LINE('',#1871,#1870);
#1873=DIRECTION('',(0.E0,0.E0,1.E0));
#1874=VECTOR('',#1873,4.7E-2);
#1875=CARTESIAN_POINT('',(5.209999999999E-2,6.8E-2,1.8E-2));
#1876=LINE('',#1875,#1874);
#1877=DIRECTION('',(-2.141144404634E-14,1.E0,0.E0));
#1878=VECTOR('',#1877,1.4E-1);
#1879=CARTESIAN_POINT('',(5.21E-2,-7.2E-2,1.8E-2));
#1880=LINE('',#1879,#1878);
#1881=DIRECTION('',(0.E0,0.E0,-1.E0));
#1882=VECTOR('',#1881,3.6E-2);
#1883=CARTESIAN_POINT('',(5.21E-2,-7.2E-2,1.8E-2));
#1884=LINE('',#1883,#1882);
#1885=DIRECTION('',(2.141144404634E-14,-1.E0,0.E0));
#1886=VECTOR('',#1885,1.4E-1);
#1887=CARTESIAN_POINT('',(5.209999999999E-2,6.8E-2,-1.8E-2));
#1888=LINE('',#1887,#1886);
#1889=DIRECTION('',(0.E0,0.E0,1.E0));
#1890=VECTOR('',#1889,4.7E-2);
#1891=CARTESIAN_POINT('',(5.209999999999E-2,6.8E-2,-6.5E-2));
#1892=LINE('',#1891,#1890);
#1893=DIRECTION('',(-2.141144404634E-14,1.E0,0.E0));
#1894=VECTOR('',#1893,1.4E-1);
#1895=CARTESIAN_POINT('',(5.21E-2,-7.2E-2,-6.5E-2));
#1896=LINE('',#1895,#1894);
#1897=DIRECTION('',(2.170882521365E-13,0.E0,1.E0));
#1898=VECTOR('',#1897,1.4E-2);
#1899=CARTESIAN_POINT('',(5.21E-2,-7.2E-2,-6.5E-2));
#1900=LINE('',#1899,#1898);
#1901=DIRECTION('',(-1.E0,0.E0,0.E0));
#1902=VECTOR('',#1901,6.E-3);
#1903=CARTESIAN_POINT('',(5.21E-2,-7.9E-2,-5.1E-2));
#1904=LINE('',#1903,#1902);
#1905=DIRECTION('',(-1.E0,0.E0,0.E0));
#1906=VECTOR('',#1905,5.3E-2);
#1907=CARTESIAN_POINT('',(1.051E-1,6.8E-2,6.5E-2));
#1908=LINE('',#1907,#1906);
#1909=DIRECTION('',(1.E0,0.E0,0.E0));
#1910=VECTOR('',#1909,4.499999999994E-3);
#1911=CARTESIAN_POINT('',(5.21E-2,-7.2E-2,6.5E-2));
#1912=LINE('',#1911,#1910);
#1913=DIRECTION('',(0.E0,1.E0,0.E0));
#1914=VECTOR('',#1913,1.38E-1);
#1915=CARTESIAN_POINT('',(5.659999999999E-2,-7.2E-2,6.5E-2));
#1916=LINE('',#1915,#1914);
#1917=DIRECTION('',(-1.E0,0.E0,0.E0));
#1918=VECTOR('',#1917,4.4E-2);
#1919=CARTESIAN_POINT('',(1.006E-1,6.6E-2,6.5E-2));
#1920=LINE('',#1919,#1918);
#1921=DIRECTION('',(0.E0,1.E0,0.E0));
#1922=VECTOR('',#1921,1.38E-1);
#1923=CARTESIAN_POINT('',(1.006E-1,-7.2E-2,6.5E-2));
#1924=LINE('',#1923,#1922);
#1925=DIRECTION('',(1.E0,0.E0,0.E0));
#1926=VECTOR('',#1925,4.500000000009E-3);
#1927=CARTESIAN_POINT('',(1.006E-1,-7.2E-2,6.5E-2));
#1928=LINE('',#1927,#1926);
#1929=DIRECTION('',(-1.E0,0.E0,0.E0));
#1930=VECTOR('',#1929,5.3E-2);
#1931=CARTESIAN_POINT('',(1.051E-1,6.8E-2,1.8E-2));
#1932=LINE('',#1931,#1930);
#1933=DIRECTION('',(1.E0,0.E0,0.E0));
#1934=VECTOR('',#1933,5.3E-2);
#1935=CARTESIAN_POINT('',(5.21E-2,-7.2E-2,1.8E-2));
#1936=LINE('',#1935,#1934);
#1937=DIRECTION('',(0.E0,0.E0,1.E0));
#1938=VECTOR('',#1937,2.6E-2);
#1939=CARTESIAN_POINT('',(6.56E-2,7.3E-2,2.635E-2));
#1940=LINE('',#1939,#1938);
#1941=DIRECTION('',(0.E0,1.E0,0.E0));
#1942=VECTOR('',#1941,5.E-3);
#1943=CARTESIAN_POINT('',(6.56E-2,6.8E-2,2.635E-2));
#1944=LINE('',#1943,#1942);
#1945=DIRECTION('',(0.E0,0.E0,1.E0));
#1946=VECTOR('',#1945,2.6E-2);
#1947=CARTESIAN_POINT('',(6.56E-2,6.8E-2,2.635E-2));
#1948=LINE('',#1947,#1946);
#1949=DIRECTION('',(-1.E0,0.E0,0.E0));
#1950=VECTOR('',#1949,2.6E-2);
#1951=CARTESIAN_POINT('',(9.16E-2,7.3E-2,2.635E-2));
#1952=LINE('',#1951,#1950);
#1953=DIRECTION('',(0.E0,1.E0,0.E0));
#1954=VECTOR('',#1953,5.E-3);
#1955=CARTESIAN_POINT('',(9.16E-2,6.8E-2,2.635E-2));
#1956=LINE('',#1955,#1954);
#1957=DIRECTION('',(-1.E0,0.E0,0.E0));
#1958=VECTOR('',#1957,2.6E-2);
#1959=CARTESIAN_POINT('',(9.16E-2,6.8E-2,2.635E-2));
#1960=LINE('',#1959,#1958);
#1961=DIRECTION('',(0.E0,0.E0,-1.E0));
#1962=VECTOR('',#1961,2.6E-2);
#1963=CARTESIAN_POINT('',(9.16E-2,7.3E-2,5.235E-2));
#1964=LINE('',#1963,#1962);
#1965=DIRECTION('',(0.E0,1.E0,0.E0));
#1966=VECTOR('',#1965,5.E-3);
#1967=CARTESIAN_POINT('',(9.16E-2,6.8E-2,5.235E-2));
#1968=LINE('',#1967,#1966);
#1969=DIRECTION('',(0.E0,0.E0,-1.E0));
#1970=VECTOR('',#1969,2.6E-2);
#1971=CARTESIAN_POINT('',(9.16E-2,6.8E-2,5.235E-2));
#1972=LINE('',#1971,#1970);
#1973=DIRECTION('',(1.E0,0.E0,0.E0));
#1974=VECTOR('',#1973,2.6E-2);
#1975=CARTESIAN_POINT('',(6.56E-2,7.3E-2,5.235E-2));
#1976=LINE('',#1975,#1974);
#1977=DIRECTION('',(0.E0,1.E0,0.E0));
#1978=VECTOR('',#1977,5.E-3);
#1979=CARTESIAN_POINT('',(6.56E-2,6.8E-2,5.235E-2));
#1980=LINE('',#1979,#1978);
#1981=DIRECTION('',(1.E0,0.E0,0.E0));
#1982=VECTOR('',#1981,2.6E-2);
#1983=CARTESIAN_POINT('',(6.56E-2,6.8E-2,5.235E-2));
#1984=LINE('',#1983,#1982);
#1985=DIRECTION('',(0.E0,-1.E0,0.E0));
#1986=VECTOR('',#1985,8.E-2);
#1987=CARTESIAN_POINT('',(5.659999999999E-2,6.6E-2,5.9E-2));
#1988=LINE('',#1987,#1986);
#1989=DIRECTION('',(0.E0,0.E0,-1.E0));
#1990=VECTOR('',#1989,6.E-3);
#1991=CARTESIAN_POINT('',(5.659999999999E-2,6.6E-2,6.5E-2));
#1992=LINE('',#1991,#1990);
#1993=DIRECTION('',(0.E0,0.E0,1.E0));
#1994=VECTOR('',#1993,6.E-3);
#1995=CARTESIAN_POINT('',(5.659999999999E-2,-7.2E-2,5.9E-2));
#1996=LINE('',#1995,#1994);
#1997=DIRECTION('',(0.E0,-1.E0,0.E0));
#1998=VECTOR('',#1997,3.3E-2);
#1999=CARTESIAN_POINT('',(5.659999999999E-2,-3.9E-2,5.9E-2));
#2000=LINE('',#1999,#1998);
#2001=DIRECTION('',(0.E0,0.E0,-1.E0));
#2002=VECTOR('',#2001,3.E-2);
#2003=CARTESIAN_POINT('',(5.659999999999E-2,-1.4E-2,5.1E-2));
#2004=LINE('',#2003,#2002);
#2005=DIRECTION('',(0.E0,1.E0,0.E0));
#2006=VECTOR('',#2005,2.5E-2);
#2007=CARTESIAN_POINT('',(5.659999999999E-2,-3.9E-2,-2.1E-2));
#2008=LINE('',#2007,#2006);
#2009=DIRECTION('',(0.E0,1.E0,0.E0));
#2010=VECTOR('',#2009,3.3E-2);
#2011=CARTESIAN_POINT('',(5.659999999999E-2,-7.2E-2,-5.9E-2));
#2012=LINE('',#2011,#2010);
#2013=DIRECTION('',(0.E0,-1.156482317318E-14,1.E0));
#2014=VECTOR('',#2013,6.E-3);
#2015=CARTESIAN_POINT('',(5.659999999999E-2,-7.2E-2,-6.5E-2));
#2016=LINE('',#2015,#2014);
#2017=DIRECTION('',(0.E0,0.E0,-1.E0));
#2018=VECTOR('',#2017,6.E-3);
#2019=CARTESIAN_POINT('',(5.659999999999E-2,6.6E-2,-5.9E-2));
#2020=LINE('',#2019,#2018);
#2021=DIRECTION('',(0.E0,1.E0,0.E0));
#2022=VECTOR('',#2021,8.E-2);
#2023=CARTESIAN_POINT('',(5.659999999999E-2,-1.4E-2,-5.9E-2));
#2024=LINE('',#2023,#2022);
#2025=DIRECTION('',(0.E0,0.E0,1.E0));
#2026=VECTOR('',#2025,3.E-2);
#2027=CARTESIAN_POINT('',(5.659999999999E-2,-1.4E-2,-5.1E-2));
#2028=LINE('',#2027,#2026);
#2029=DIRECTION('',(-1.E0,0.E0,0.E0));
#2030=VECTOR('',#2029,6.E-3);
#2031=CARTESIAN_POINT('',(1.006E-1,-1.4E-2,5.1E-2));
#2032=LINE('',#2031,#2030);
#2033=DIRECTION('',(0.E0,0.E0,1.E0));
#2034=VECTOR('',#2033,8.E-3);
#2035=CARTESIAN_POINT('',(1.006E-1,-1.4E-2,5.1E-2));
#2036=LINE('',#2035,#2034);
#2037=DIRECTION('',(0.E0,0.E0,-1.E0));
#2038=VECTOR('',#2037,8.E-3);
#2039=CARTESIAN_POINT('',(9.459999999999E-2,-1.4E-2,5.9E-2));
#2040=LINE('',#2039,#2038);
#2041=DIRECTION('',(-1.E0,0.E0,0.E0));
#2042=VECTOR('',#2041,6.E-3);
#2043=CARTESIAN_POINT('',(6.259999999999E-2,-1.4E-2,5.1E-2));
#2044=LINE('',#2043,#2042);
#2045=DIRECTION('',(0.E0,0.E0,1.E0));
#2046=VECTOR('',#2045,8.E-3);
#2047=CARTESIAN_POINT('',(6.259999999999E-2,-1.4E-2,5.1E-2));
#2048=LINE('',#2047,#2046);
#2049=DIRECTION('',(0.E0,0.E0,-1.E0));
#2050=VECTOR('',#2049,8.E-3);
#2051=CARTESIAN_POINT('',(5.659999999999E-2,-1.4E-2,5.9E-2));
#2052=LINE('',#2051,#2050);
#2053=DIRECTION('',(-1.E0,0.E0,0.E0));
#2054=VECTOR('',#2053,6.E-3);
#2055=CARTESIAN_POINT('',(1.006E-1,-1.4E-2,-5.1E-2));
#2056=LINE('',#2055,#2054);
#2057=DIRECTION('',(0.E0,0.E0,-1.E0));
#2058=VECTOR('',#2057,8.E-3);
#2059=CARTESIAN_POINT('',(9.459999999999E-2,-1.4E-2,-5.1E-2));
#2060=LINE('',#2059,#2058);
#2061=DIRECTION('',(0.E0,0.E0,1.E0));
#2062=VECTOR('',#2061,8.E-3);
#2063=CARTESIAN_POINT('',(1.006E-1,-1.4E-2,-5.9E-2));
#2064=LINE('',#2063,#2062);
#2065=DIRECTION('',(-1.E0,0.E0,0.E0));
#2066=VECTOR('',#2065,6.E-3);
#2067=CARTESIAN_POINT('',(6.259999999999E-2,-1.4E-2,-5.1E-2));
#2068=LINE('',#2067,#2066);
#2069=DIRECTION('',(0.E0,0.E0,-1.E0));
#2070=VECTOR('',#2069,8.E-3);
#2071=CARTESIAN_POINT('',(5.659999999999E-2,-1.4E-2,-5.1E-2));
#2072=LINE('',#2071,#2070);
#2073=DIRECTION('',(0.E0,0.E0,1.E0));
#2074=VECTOR('',#2073,8.E-3);
#2075=CARTESIAN_POINT('',(6.259999999999E-2,-1.4E-2,-5.9E-2));
#2076=LINE('',#2075,#2074);
#2077=DIRECTION('',(-2.399101481970E-1,9.707950972229E-1,0.E0));
#2078=VECTOR('',#2077,3.914721686574E-2);
#2079=CARTESIAN_POINT('',(9.459999999999E-2,-1.4E-2,5.1E-2));
#2080=LINE('',#2079,#2078);
#2081=CARTESIAN_POINT('',(1.054247705833E-1,2.9E-2,5.1E-2));
#2082=DIRECTION('',(0.E0,0.E0,-1.E0));
#2083=DIRECTION('',(-9.707950972229E-1,-2.399101481970E-1,0.E0));
#2084=AXIS2_PLACEMENT_3D('',#2081,#2082,#2083);
#2086=DIRECTION('',(3.066400234235E-1,9.518255596667E-1,0.E0));
#2087=VECTOR('',#2086,1.955641101617E-2);
#2088=CARTESIAN_POINT('',(8.560322166791E-2,3.538570813946E-2,5.1E-2));
#2089=LINE('',#2088,#2087);
#2090=DIRECTION('',(9.518255596667E-1,-3.066400234236E-1,0.E0));
#2091=VECTOR('',#2090,3.E-3);
#2092=CARTESIAN_POINT('',(9.159999999999E-2,5.4E-2,5.1E-2));
#2093=LINE('',#2092,#2091);
#2094=DIRECTION('',(4.562150678010E-1,-8.898695476930E-1,0.E0));
#2095=VECTOR('',#2094,3.994828869549E-3);
#2096=CARTESIAN_POINT('',(9.445547667899E-2,5.308007992973E-2,5.1E-2));
#2097=LINE('',#2096,#2095);
#2098=DIRECTION('',(-3.066400234235E-1,-9.518255596667E-1,0.E0));
#2099=VECTOR('',#2098,1.673164043283E-2);
#2100=CARTESIAN_POINT('',(9.627797780257E-2,4.952520337047E-2,5.1E-2));
#2101=LINE('',#2100,#2099);
#2102=CARTESIAN_POINT('',(1.054247705833E-1,2.9E-2,5.1E-2));
#2103=DIRECTION('',(0.E0,0.E0,1.E0));
#2104=DIRECTION('',(-9.518255596667E-1,3.066400234235E-1,0.E0));
#2105=AXIS2_PLACEMENT_3D('',#2102,#2103,#2104);
#2107=DIRECTION('',(2.399101481970E-1,-9.707950972229E-1,0.E0));
#2108=VECTOR('',#2107,4.058667775492E-2);
#2109=CARTESIAN_POINT('',(9.086284412498E-2,2.540134777705E-2,5.1E-2));
#2110=LINE('',#2109,#2108);
#2111=DIRECTION('',(2.399101481970E-1,9.707950972229E-1,0.E0));
#2112=VECTOR('',#2111,4.058667775492E-2);
#2113=CARTESIAN_POINT('',(5.659999999999E-2,-1.4E-2,5.1E-2));
#2114=LINE('',#2113,#2112);
#2115=CARTESIAN_POINT('',(5.177522941665E-2,2.9E-2,5.1E-2));
#2116=DIRECTION('',(0.E0,0.E0,1.E0));
#2117=DIRECTION('',(9.707950972229E-1,-2.399101481970E-1,0.E0));
#2118=AXIS2_PLACEMENT_3D('',#2115,#2116,#2117);
#2120=DIRECTION('',(-3.066400234235E-1,9.518255596667E-1,0.E0));
#2121=VECTOR('',#2120,1.673164043283E-2);
#2122=CARTESIAN_POINT('',(6.605261281165E-2,3.359960035135E-2,5.1E-2));
#2123=LINE('',#2122,#2121);
#2124=DIRECTION('',(4.562150678010E-1,8.898695476930E-1,0.E0));
#2125=VECTOR('',#2124,3.994828869549E-3);
#2126=CARTESIAN_POINT('',(6.092202219742E-2,4.952520337047E-2,5.1E-2));
#2127=LINE('',#2126,#2125);
#2128=DIRECTION('',(9.518255596667E-1,3.066400234236E-1,0.E0));
#2129=VECTOR('',#2128,3.E-3);
#2130=CARTESIAN_POINT('',(6.274452332099E-2,5.308007992973E-2,5.1E-2));
#2131=LINE('',#2130,#2129);
#2132=DIRECTION('',(3.066400234235E-1,-9.518255596667E-1,0.E0));
#2133=VECTOR('',#2132,1.955641101617E-2);
#2134=CARTESIAN_POINT('',(6.559999999999E-2,5.4E-2,5.1E-2));
#2135=LINE('',#2134,#2133);
#2136=CARTESIAN_POINT('',(5.177522941665E-2,2.9E-2,5.1E-2));
#2137=DIRECTION('',(0.E0,0.E0,-1.E0));
#2138=DIRECTION('',(9.518255596667E-1,3.066400234235E-1,0.E0));
#2139=AXIS2_PLACEMENT_3D('',#2136,#2137,#2138);
#2141=DIRECTION('',(-2.399101481970E-1,-9.707950972229E-1,0.E0));
#2142=VECTOR('',#2141,3.914721686574E-2);
#2143=CARTESIAN_POINT('',(7.199181459975E-2,2.400392620318E-2,5.1E-2));
#2144=LINE('',#2143,#2142);
#2145=DIRECTION('',(0.E0,0.E0,-1.E0));
#2146=VECTOR('',#2145,3.E-2);
#2147=CARTESIAN_POINT('',(9.459999999999E-2,-1.4E-2,5.1E-2));
#2148=LINE('',#2147,#2146);
#2149=DIRECTION('',(-1.E0,0.E0,0.E0));
#2150=VECTOR('',#2149,6.E-3);
#2151=CARTESIAN_POINT('',(1.006E-1,-3.9E-2,5.9E-2));
#2152=LINE('',#2151,#2150);
#2153=DIRECTION('',(0.E0,-1.E0,0.E0));
#2154=VECTOR('',#2153,2.5E-2);
#2155=CARTESIAN_POINT('',(9.459999999999E-2,-1.4E-2,5.9E-2));
#2156=LINE('',#2155,#2154);
#2157=DIRECTION('',(-1.E0,0.E0,0.E0));
#2158=VECTOR('',#2157,6.E-3);
#2159=CARTESIAN_POINT('',(1.006E-1,-1.4E-2,5.9E-2));
#2160=LINE('',#2159,#2158);
#2161=DIRECTION('',(-1.E0,0.E0,0.E0));
#2162=VECTOR('',#2161,4.4E-2);
#2163=CARTESIAN_POINT('',(1.006E-1,6.6E-2,5.9E-2));
#2164=LINE('',#2163,#2162);
#2165=DIRECTION('',(-1.E0,0.E0,0.E0));
#2166=VECTOR('',#2165,6.E-3);
#2167=CARTESIAN_POINT('',(6.259999999999E-2,-1.4E-2,5.9E-2));
#2168=LINE('',#2167,#2166);
#2169=DIRECTION('',(0.E0,-1.E0,0.E0));
#2170=VECTOR('',#2169,2.5E-2);
#2171=CARTESIAN_POINT('',(6.259999999999E-2,-1.4E-2,5.9E-2));
#2172=LINE('',#2171,#2170);
#2173=DIRECTION('',(-1.E0,0.E0,0.E0));
#2174=VECTOR('',#2173,6.E-3);
#2175=CARTESIAN_POINT('',(6.259999999999E-2,-3.9E-2,5.9E-2));
#2176=LINE('',#2175,#2174);
#2177=DIRECTION('',(0.E0,-1.E0,0.E0));
#2178=VECTOR('',#2177,1.1E-2);
#2179=CARTESIAN_POINT('',(8.76E-2,-7.2E-2,5.9E-2));
#2180=LINE('',#2179,#2178);
#2181=CARTESIAN_POINT('',(8.76E-2,-8.3E-2,7.1E-2));
#2182=DIRECTION('',(-1.E0,0.E0,0.E0));
#2183=DIRECTION('',(0.E0,0.E0,-1.E0));
#2184=AXIS2_PLACEMENT_3D('',#2181,#2182,#2183);
#2186=DIRECTION('',(0.E0,0.E0,1.E0));
#2187=VECTOR('',#2186,3.4E-2);
#2188=CARTESIAN_POINT('',(8.76E-2,-9.5E-2,7.1E-2));
#2189=LINE('',#2188,#2187);
#2190=DIRECTION('',(0.E0,1.E0,0.E0));
#2191=VECTOR('',#2190,6.E-3);
#2192=CARTESIAN_POINT('',(8.76E-2,-9.5E-2,1.05E-1));
#2193=LINE('',#2192,#2191);
#2194=DIRECTION('',(0.E0,0.E0,-1.E0));
#2195=VECTOR('',#2194,3.4E-2);
#2196=CARTESIAN_POINT('',(8.76E-2,-8.9E-2,1.05E-1));
#2197=LINE('',#2196,#2195);
#2198=CARTESIAN_POINT('',(8.76E-2,-8.3E-2,7.1E-2));
#2199=DIRECTION('',(1.E0,0.E0,0.E0));
#2200=DIRECTION('',(0.E0,-1.E0,0.E0));
#2201=AXIS2_PLACEMENT_3D('',#2198,#2199,#2200);
#2203=DIRECTION('',(0.E0,1.E0,0.E0));
#2204=VECTOR('',#2203,1.1E-2);
#2205=CARTESIAN_POINT('',(8.76E-2,-8.3E-2,6.5E-2));
#2206=LINE('',#2205,#2204);
#2207=DIRECTION('',(-1.E0,0.E0,0.E0));
#2208=VECTOR('',#2207,1.8E-2);
#2209=CARTESIAN_POINT('',(8.76E-2,-8.3E-2,5.9E-2));
#2210=LINE('',#2209,#2208);
#2211=DIRECTION('',(0.E0,1.E0,0.E0));
#2212=VECTOR('',#2211,1.1E-2);
#2213=CARTESIAN_POINT('',(6.96E-2,-8.3E-2,6.5E-2));
#2214=LINE('',#2213,#2212);
#2215=CARTESIAN_POINT('',(6.96E-2,-8.3E-2,7.1E-2));
#2216=DIRECTION('',(1.E0,0.E0,0.E0));
#2217=DIRECTION('',(0.E0,-1.E0,0.E0));
#2218=AXIS2_PLACEMENT_3D('',#2215,#2216,#2217);
#2220=DIRECTION('',(0.E0,0.E0,-1.E0));
#2221=VECTOR('',#2220,3.4E-2);
#2222=CARTESIAN_POINT('',(6.96E-2,-8.9E-2,1.05E-1));
#2223=LINE('',#2222,#2221);
#2224=DIRECTION('',(0.E0,1.E0,0.E0));
#2225=VECTOR('',#2224,6.E-3);
#2226=CARTESIAN_POINT('',(6.96E-2,-9.5E-2,1.05E-1));
#2227=LINE('',#2226,#2225);
#2228=DIRECTION('',(0.E0,0.E0,1.E0));
#2229=VECTOR('',#2228,3.4E-2);
#2230=CARTESIAN_POINT('',(6.96E-2,-9.5E-2,7.1E-2));
#2231=LINE('',#2230,#2229);
#2232=CARTESIAN_POINT('',(6.96E-2,-8.3E-2,7.1E-2));
#2233=DIRECTION('',(-1.E0,0.E0,0.E0));
#2234=DIRECTION('',(0.E0,0.E0,-1.E0));
#2235=AXIS2_PLACEMENT_3D('',#2232,#2233,#2234);
#2237=DIRECTION('',(0.E0,-1.E0,0.E0));
#2238=VECTOR('',#2237,1.1E-2);
#2239=CARTESIAN_POINT('',(6.96E-2,-7.2E-2,5.9E-2));
#2240=LINE('',#2239,#2238);
#2241=DIRECTION('',(-1.E0,0.E0,0.E0));
#2242=VECTOR('',#2241,1.8E-2);
#2243=CARTESIAN_POINT('',(8.76E-2,-8.3E-2,6.5E-2));
#2244=LINE('',#2243,#2242);
#2245=DIRECTION('',(-1.E0,0.E0,0.E0));
#2246=VECTOR('',#2245,1.8E-2);
#2247=CARTESIAN_POINT('',(8.76E-2,-8.9E-2,7.1E-2));
#2248=LINE('',#2247,#2246);
#2249=DIRECTION('',(-1.E0,0.E0,0.E0));
#2250=VECTOR('',#2249,1.8E-2);
#2251=CARTESIAN_POINT('',(8.76E-2,-8.9E-2,1.05E-1));
#2252=LINE('',#2251,#2250);
#2253=DIRECTION('',(-1.E0,0.E0,0.E0));
#2254=VECTOR('',#2253,1.8E-2);
#2255=CARTESIAN_POINT('',(8.76E-2,-9.5E-2,1.05E-1));
#2256=LINE('',#2255,#2254);
#2257=DIRECTION('',(-1.E0,0.E0,0.E0));
#2258=VECTOR('',#2257,1.8E-2);
#2259=CARTESIAN_POINT('',(8.76E-2,-9.5E-2,7.1E-2));
#2260=LINE('',#2259,#2258);
#2261=DIRECTION('',(0.E0,1.E0,0.E0));
#2262=VECTOR('',#2261,2.5E-2);
#2263=CARTESIAN_POINT('',(1.006E-1,-3.9E-2,2.1E-2));
#2264=LINE('',#2263,#2262);
#2265=DIRECTION('',(0.E0,-1.E0,0.E0));
#2266=VECTOR('',#2265,3.3E-2);
#2267=CARTESIAN_POINT('',(1.006E-1,-3.9E-2,5.9E-2));
#2268=LINE('',#2267,#2266);
#2269=DIRECTION('',(0.E0,0.E0,1.E0));
#2270=VECTOR('',#2269,6.E-3);
#2271=CARTESIAN_POINT('',(1.006E-1,-7.2E-2,5.9E-2));
#2272=LINE('',#2271,#2270);
#2273=DIRECTION('',(0.E0,0.E0,-1.E0));
#2274=VECTOR('',#2273,6.E-3);
#2275=CARTESIAN_POINT('',(1.006E-1,6.6E-2,6.5E-2));
#2276=LINE('',#2275,#2274);
#2277=DIRECTION('',(0.E0,-1.E0,0.E0));
#2278=VECTOR('',#2277,8.E-2);
#2279=CARTESIAN_POINT('',(1.006E-1,6.6E-2,5.9E-2));
#2280=LINE('',#2279,#2278);
#2281=DIRECTION('',(0.E0,0.E0,-1.E0));
#2282=VECTOR('',#2281,3.E-2);
#2283=CARTESIAN_POINT('',(1.006E-1,-1.4E-2,5.1E-2));
#2284=LINE('',#2283,#2282);
#2285=DIRECTION('',(0.E0,1.E0,0.E0));
#2286=VECTOR('',#2285,8.E-2);
#2287=CARTESIAN_POINT('',(1.006E-1,-1.4E-2,-5.9E-2));
#2288=LINE('',#2287,#2286);
#2289=DIRECTION('',(0.E0,0.E0,-1.E0));
#2290=VECTOR('',#2289,6.E-3);
#2291=CARTESIAN_POINT('',(1.006E-1,6.6E-2,-5.9E-2));
#2292=LINE('',#2291,#2290);
#2293=DIRECTION('',(0.E0,-1.156482317318E-14,1.E0));
#2294=VECTOR('',#2293,6.E-3);
#2295=CARTESIAN_POINT('',(1.006E-1,-7.2E-2,-6.5E-2));
#2296=LINE('',#2295,#2294);
#2297=DIRECTION('',(0.E0,1.E0,0.E0));
#2298=VECTOR('',#2297,3.3E-2);
#2299=CARTESIAN_POINT('',(1.006E-1,-7.2E-2,-5.9E-2));
#2300=LINE('',#2299,#2298);
#2301=DIRECTION('',(0.E0,0.E0,1.E0));
#2302=VECTOR('',#2301,3.E-2);
#2303=CARTESIAN_POINT('',(1.006E-1,-1.4E-2,-5.1E-2));
#2304=LINE('',#2303,#2302);
#2305=DIRECTION('',(2.399101481970E-1,9.707950972229E-1,0.E0));
#2306=VECTOR('',#2305,4.058667775492E-2);
#2307=CARTESIAN_POINT('',(5.659999999999E-2,-1.4E-2,2.1E-2));
#2308=LINE('',#2307,#2306);
#2309=DIRECTION('',(0.E0,1.E0,0.E0));
#2310=VECTOR('',#2309,2.5E-2);
#2311=CARTESIAN_POINT('',(5.659999999999E-2,-3.9E-2,2.1E-2));
#2312=LINE('',#2311,#2310);
#2313=DIRECTION('',(-2.399101481970E-1,-9.707950972229E-1,0.E0));
#2314=VECTOR('',#2313,3.914721686574E-2);
#2315=CARTESIAN_POINT('',(7.199181459975E-2,2.400392620318E-2,2.1E-2));
#2316=LINE('',#2315,#2314);
#2317=CARTESIAN_POINT('',(5.177522941665E-2,2.9E-2,2.1E-2));
#2318=DIRECTION('',(0.E0,0.E0,-1.E0));
#2319=DIRECTION('',(9.518255596667E-1,3.066400234235E-1,0.E0));
#2320=AXIS2_PLACEMENT_3D('',#2317,#2318,#2319);
#2322=DIRECTION('',(3.066400234235E-1,-9.518255596667E-1,0.E0));
#2323=VECTOR('',#2322,1.955641101617E-2);
#2324=CARTESIAN_POINT('',(6.559999999999E-2,5.4E-2,2.1E-2));
#2325=LINE('',#2324,#2323);
#2326=DIRECTION('',(9.518255596667E-1,3.066400234236E-1,0.E0));
#2327=VECTOR('',#2326,3.E-3);
#2328=CARTESIAN_POINT('',(6.274452332099E-2,5.308007992973E-2,2.1E-2));
#2329=LINE('',#2328,#2327);
#2330=DIRECTION('',(4.562150678010E-1,8.898695476930E-1,0.E0));
#2331=VECTOR('',#2330,3.994828869549E-3);
#2332=CARTESIAN_POINT('',(6.092202219742E-2,4.952520337047E-2,2.1E-2));
#2333=LINE('',#2332,#2331);
#2334=DIRECTION('',(-3.066400234235E-1,9.518255596667E-1,0.E0));
#2335=VECTOR('',#2334,1.673164043283E-2);
#2336=CARTESIAN_POINT('',(6.605261281165E-2,3.359960035135E-2,2.1E-2));
#2337=LINE('',#2336,#2335);
#2338=CARTESIAN_POINT('',(5.177522941665E-2,2.9E-2,2.1E-2));
#2339=DIRECTION('',(0.E0,0.E0,1.E0));
#2340=DIRECTION('',(9.707950972229E-1,-2.399101481970E-1,0.E0));
#2341=AXIS2_PLACEMENT_3D('',#2338,#2339,#2340);
#2343=DIRECTION('',(2.399101481970E-1,-9.707950972229E-1,0.E0));
#2344=VECTOR('',#2343,4.058667775492E-2);
#2345=CARTESIAN_POINT('',(9.086284412498E-2,2.540134777705E-2,2.1E-2));
#2346=LINE('',#2345,#2344);
#2347=CARTESIAN_POINT('',(1.054247705833E-1,2.9E-2,2.1E-2));
#2348=DIRECTION('',(0.E0,0.E0,1.E0));
#2349=DIRECTION('',(-9.518255596667E-1,3.066400234235E-1,0.E0));
#2350=AXIS2_PLACEMENT_3D('',#2347,#2348,#2349);
#2352=DIRECTION('',(-3.066400234235E-1,-9.518255596667E-1,0.E0));
#2353=VECTOR('',#2352,1.673164043283E-2);
#2354=CARTESIAN_POINT('',(9.627797780257E-2,4.952520337047E-2,2.1E-2));
#2355=LINE('',#2354,#2353);
#2356=DIRECTION('',(4.562150678010E-1,-8.898695476930E-1,0.E0));
#2357=VECTOR('',#2356,3.994828869549E-3);
#2358=CARTESIAN_POINT('',(9.445547667899E-2,5.308007992973E-2,2.1E-2));
#2359=LINE('',#2358,#2357);
#2360=DIRECTION('',(9.518255596667E-1,-3.066400234236E-1,0.E0));
#2361=VECTOR('',#2360,3.E-3);
#2362=CARTESIAN_POINT('',(9.159999999999E-2,5.4E-2,2.1E-2));
#2363=LINE('',#2362,#2361);
#2364=DIRECTION('',(3.066400234235E-1,9.518255596667E-1,0.E0));
#2365=VECTOR('',#2364,1.955641101617E-2);
#2366=CARTESIAN_POINT('',(8.560322166791E-2,3.538570813946E-2,2.1E-2));
#2367=LINE('',#2366,#2365);
#2368=CARTESIAN_POINT('',(1.054247705833E-1,2.9E-2,2.1E-2));
#2369=DIRECTION('',(0.E0,0.E0,-1.E0));
#2370=DIRECTION('',(-9.707950972229E-1,-2.399101481970E-1,0.E0));
#2371=AXIS2_PLACEMENT_3D('',#2368,#2369,#2370);
#2373=DIRECTION('',(-2.399101481970E-1,9.707950972229E-1,0.E0));
#2374=VECTOR('',#2373,3.914721686574E-2);
#2375=CARTESIAN_POINT('',(9.459999999999E-2,-1.4E-2,2.1E-2));
#2376=LINE('',#2375,#2374);
#2377=DIRECTION('',(0.E0,1.E0,0.E0));
#2378=VECTOR('',#2377,2.5E-2);
#2379=CARTESIAN_POINT('',(9.459999999999E-2,-3.9E-2,2.1E-2));
#2380=LINE('',#2379,#2378);
#2381=DIRECTION('',(0.E0,0.E0,1.E0));
#2382=VECTOR('',#2381,3.E-2);
#2383=CARTESIAN_POINT('',(6.633715587500E-2,2.540134777705E-2,2.1E-2));
#2384=LINE('',#2383,#2382);
#2385=DIRECTION('',(0.E0,0.E0,1.E0));
#2386=VECTOR('',#2385,3.E-2);
#2387=CARTESIAN_POINT('',(6.605261281165E-2,3.359960035135E-2,2.1E-2));
#2388=LINE('',#2387,#2386);
#2389=DIRECTION('',(0.E0,0.E0,1.E0));
#2390=VECTOR('',#2389,3.E-2);
#2391=CARTESIAN_POINT('',(6.092202219742E-2,4.952520337047E-2,2.1E-2));
#2392=LINE('',#2391,#2390);
#2393=DIRECTION('',(0.E0,0.E0,1.E0));
#2394=VECTOR('',#2393,3.E-2);
#2395=CARTESIAN_POINT('',(6.274452332099E-2,5.308007992973E-2,2.1E-2));
#2396=LINE('',#2395,#2394);
#2397=DIRECTION('',(0.E0,0.E0,1.E0));
#2398=VECTOR('',#2397,3.E-2);
#2399=CARTESIAN_POINT('',(6.559999999999E-2,5.4E-2,2.1E-2));
#2400=LINE('',#2399,#2398);
#2401=DIRECTION('',(0.E0,0.E0,1.E0));
#2402=VECTOR('',#2401,3.E-2);
#2403=CARTESIAN_POINT('',(7.159677833207E-2,3.538570813946E-2,2.1E-2));
#2404=LINE('',#2403,#2402);
#2405=DIRECTION('',(0.E0,0.E0,1.E0));
#2406=VECTOR('',#2405,3.E-2);
#2407=CARTESIAN_POINT('',(7.199181459975E-2,2.400392620318E-2,2.1E-2));
#2408=LINE('',#2407,#2406);
#2409=DIRECTION('',(0.E0,0.E0,-1.E0));
#2410=VECTOR('',#2409,3.E-2);
#2411=CARTESIAN_POINT('',(6.259999999999E-2,-1.4E-2,5.1E-2));
#2412=LINE('',#2411,#2410);
#2413=DIRECTION('',(0.E0,1.E0,0.E0));
#2414=VECTOR('',#2413,2.5E-2);
#2415=CARTESIAN_POINT('',(6.259999999999E-2,-3.9E-2,2.1E-2));
#2416=LINE('',#2415,#2414);
#2417=DIRECTION('',(0.E0,0.E0,-1.E0));
#2418=VECTOR('',#2417,3.8E-2);
#2419=CARTESIAN_POINT('',(9.459999999999E-2,-3.9E-2,-2.1E-2));
#2420=LINE('',#2419,#2418);
#2421=DIRECTION('',(-1.E0,0.E0,0.E0));
#2422=VECTOR('',#2421,6.E-3);
#2423=CARTESIAN_POINT('',(1.006E-1,-3.9E-2,-2.1E-2));
#2424=LINE('',#2423,#2422);
#2425=DIRECTION('',(0.E0,0.E0,1.E0));
#2426=VECTOR('',#2425,3.8E-2);
#2427=CARTESIAN_POINT('',(1.006E-1,-3.9E-2,-5.9E-2));
#2428=LINE('',#2427,#2426);
#2429=DIRECTION('',(0.E0,0.E0,-1.E0));
#2430=VECTOR('',#2429,3.8E-2);
#2431=CARTESIAN_POINT('',(5.659999999999E-2,-3.9E-2,-2.1E-2));
#2432=LINE('',#2431,#2430);
#2433=DIRECTION('',(-1.E0,0.E0,0.E0));
#2434=VECTOR('',#2433,6.E-3);
#2435=CARTESIAN_POINT('',(6.259999999999E-2,-3.9E-2,-2.1E-2));
#2436=LINE('',#2435,#2434);
#2437=DIRECTION('',(0.E0,0.E0,1.E0));
#2438=VECTOR('',#2437,3.8E-2);
#2439=CARTESIAN_POINT('',(6.259999999999E-2,-3.9E-2,-5.9E-2));
#2440=LINE('',#2439,#2438);
#2441=DIRECTION('',(0.E0,0.E0,1.E0));
#2442=VECTOR('',#2441,3.8E-2);
#2443=CARTESIAN_POINT('',(1.006E-1,-3.9E-2,2.1E-2));
#2444=LINE('',#2443,#2442);
#2445=DIRECTION('',(1.E0,0.E0,0.E0));
#2446=VECTOR('',#2445,6.E-3);
#2447=CARTESIAN_POINT('',(9.459999999999E-2,-3.9E-2,2.1E-2));
#2448=LINE('',#2447,#2446);
#2449=DIRECTION('',(0.E0,0.E0,-1.E0));
#2450=VECTOR('',#2449,3.8E-2);
#2451=CARTESIAN_POINT('',(9.459999999999E-2,-3.9E-2,5.9E-2));
#2452=LINE('',#2451,#2450);
#2453=DIRECTION('',(0.E0,0.E0,1.E0));
#2454=VECTOR('',#2453,3.8E-2);
#2455=CARTESIAN_POINT('',(6.259999999999E-2,-3.9E-2,2.1E-2));
#2456=LINE('',#2455,#2454);
#2457=DIRECTION('',(1.E0,0.E0,0.E0));
#2458=VECTOR('',#2457,6.E-3);
#2459=CARTESIAN_POINT('',(5.659999999999E-2,-3.9E-2,2.1E-2));
#2460=LINE('',#2459,#2458);
#2461=DIRECTION('',(0.E0,0.E0,-1.E0));
#2462=VECTOR('',#2461,3.8E-2);
#2463=CARTESIAN_POINT('',(5.659999999999E-2,-3.9E-2,5.9E-2));
#2464=LINE('',#2463,#2462);
#2465=DIRECTION('',(-1.E0,0.E0,0.E0));
#2466=VECTOR('',#2465,1.300000000001E-2);
#2467=CARTESIAN_POINT('',(6.96E-2,-7.2E-2,-5.9E-2));
#2468=LINE('',#2467,#2466);
#2469=DIRECTION('',(-1.E0,0.E0,0.E0));
#2470=VECTOR('',#2469,6.E-3);
#2471=CARTESIAN_POINT('',(6.259999999999E-2,-3.9E-2,-5.9E-2));
#2472=LINE('',#2471,#2470);
#2473=DIRECTION('',(0.E0,-1.E0,0.E0));
#2474=VECTOR('',#2473,2.5E-2);
#2475=CARTESIAN_POINT('',(6.259999999999E-2,-1.4E-2,-5.9E-2));
#2476=LINE('',#2475,#2474);
#2477=DIRECTION('',(-1.E0,0.E0,0.E0));
#2478=VECTOR('',#2477,6.E-3);
#2479=CARTESIAN_POINT('',(6.259999999999E-2,-1.4E-2,-5.9E-2));
#2480=LINE('',#2479,#2478);
#2481=DIRECTION('',(-1.E0,0.E0,0.E0));
#2482=VECTOR('',#2481,6.E-3);
#2483=CARTESIAN_POINT('',(1.006E-1,-1.4E-2,-5.9E-2));
#2484=LINE('',#2483,#2482);
#2485=DIRECTION('',(0.E0,-1.E0,0.E0));
#2486=VECTOR('',#2485,2.5E-2);
#2487=CARTESIAN_POINT('',(9.459999999999E-2,-1.4E-2,-5.9E-2));
#2488=LINE('',#2487,#2486);
#2489=DIRECTION('',(-1.E0,0.E0,0.E0));
#2490=VECTOR('',#2489,6.E-3);
#2491=CARTESIAN_POINT('',(1.006E-1,-3.9E-2,-5.9E-2));
#2492=LINE('',#2491,#2490);
#2493=DIRECTION('',(-1.E0,0.E0,0.E0));
#2494=VECTOR('',#2493,1.299999999999E-2);
#2495=CARTESIAN_POINT('',(1.006E-1,-7.2E-2,-5.9E-2));
#2496=LINE('',#2495,#2494);
#2497=DIRECTION('',(-1.E0,0.E0,0.E0));
#2498=VECTOR('',#2497,1.8E-2);
#2499=CARTESIAN_POINT('',(8.76E-2,-8.3E-2,-5.9E-2));
#2500=LINE('',#2499,#2498);
#2501=DIRECTION('',(0.E0,1.E0,0.E0));
#2502=VECTOR('',#2501,1.1E-2);
#2503=CARTESIAN_POINT('',(6.96E-2,-8.3E-2,-5.9E-2));
#2504=LINE('',#2503,#2502);
#2505=CARTESIAN_POINT('',(6.96E-2,-8.3E-2,-7.1E-2));
#2506=DIRECTION('',(-1.E0,0.E0,0.E0));
#2507=DIRECTION('',(0.E0,-1.E0,0.E0));
#2508=AXIS2_PLACEMENT_3D('',#2505,#2506,#2507);
#2510=DIRECTION('',(0.E0,0.E0,1.E0));
#2511=VECTOR('',#2510,3.4E-2);
#2512=CARTESIAN_POINT('',(6.96E-2,-9.5E-2,-1.05E-1));
#2513=LINE('',#2512,#2511);
#2514=DIRECTION('',(0.E0,-1.E0,0.E0));
#2515=VECTOR('',#2514,6.E-3);
#2516=CARTESIAN_POINT('',(6.96E-2,-8.9E-2,-1.05E-1));
#2517=LINE('',#2516,#2515);
#2518=DIRECTION('',(0.E0,0.E0,-1.E0));
#2519=VECTOR('',#2518,3.4E-2);
#2520=CARTESIAN_POINT('',(6.96E-2,-8.9E-2,-7.1E-2));
#2521=LINE('',#2520,#2519);
#2522=CARTESIAN_POINT('',(6.96E-2,-8.3E-2,-7.1E-2));
#2523=DIRECTION('',(1.E0,0.E0,0.E0));
#2524=DIRECTION('',(0.E0,0.E0,1.E0));
#2525=AXIS2_PLACEMENT_3D('',#2522,#2523,#2524);
#2527=DIRECTION('',(0.E0,-1.E0,0.E0));
#2528=VECTOR('',#2527,1.1E-2);
#2529=CARTESIAN_POINT('',(6.96E-2,-7.2E-2,-6.5E-2));
#2530=LINE('',#2529,#2528);
#2531=DIRECTION('',(-1.E0,0.E0,0.E0));
#2532=VECTOR('',#2531,1.8E-2);
#2533=CARTESIAN_POINT('',(8.76E-2,-9.5E-2,-7.1E-2));
#2534=LINE('',#2533,#2532);
#2535=DIRECTION('',(0.E0,-1.E0,0.E0));
#2536=VECTOR('',#2535,1.1E-2);
#2537=CARTESIAN_POINT('',(8.76E-2,-7.2E-2,-6.5E-2));
#2538=LINE('',#2537,#2536);
#2539=CARTESIAN_POINT('',(8.76E-2,-8.3E-2,-7.1E-2));
#2540=DIRECTION('',(1.E0,0.E0,0.E0));
#2541=DIRECTION('',(0.E0,0.E0,1.E0));
#2542=AXIS2_PLACEMENT_3D('',#2539,#2540,#2541);
#2544=DIRECTION('',(0.E0,0.E0,-1.E0));
#2545=VECTOR('',#2544,3.4E-2);
#2546=CARTESIAN_POINT('',(8.76E-2,-8.9E-2,-7.1E-2));
#2547=LINE('',#2546,#2545);
#2548=DIRECTION('',(0.E0,-1.E0,0.E0));
#2549=VECTOR('',#2548,6.E-3);
#2550=CARTESIAN_POINT('',(8.76E-2,-8.9E-2,-1.05E-1));
#2551=LINE('',#2550,#2549);
#2552=DIRECTION('',(0.E0,0.E0,1.E0));
#2553=VECTOR('',#2552,3.4E-2);
#2554=CARTESIAN_POINT('',(8.76E-2,-9.5E-2,-1.05E-1));
#2555=LINE('',#2554,#2553);
#2556=CARTESIAN_POINT('',(8.76E-2,-8.3E-2,-7.1E-2));
#2557=DIRECTION('',(-1.E0,0.E0,0.E0));
#2558=DIRECTION('',(0.E0,-1.E0,0.E0));
#2559=AXIS2_PLACEMENT_3D('',#2556,#2557,#2558);
#2561=DIRECTION('',(0.E0,1.E0,0.E0));
#2562=VECTOR('',#2561,1.1E-2);
#2563=CARTESIAN_POINT('',(8.76E-2,-8.3E-2,-5.9E-2));
#2564=LINE('',#2563,#2562);
#2565=DIRECTION('',(-1.E0,0.E0,0.E0));
#2566=VECTOR('',#2565,1.8E-2);
#2567=CARTESIAN_POINT('',(8.76E-2,-8.3E-2,-6.5E-2));
#2568=LINE('',#2567,#2566);
#2569=DIRECTION('',(-1.E0,0.E0,0.E0));
#2570=VECTOR('',#2569,1.8E-2);
#2571=CARTESIAN_POINT('',(8.76E-2,-8.9E-2,-7.1E-2));
#2572=LINE('',#2571,#2570);
#2573=DIRECTION('',(-1.E0,0.E0,0.E0));
#2574=VECTOR('',#2573,1.8E-2);
#2575=CARTESIAN_POINT('',(8.76E-2,-8.9E-2,-1.05E-1));
#2576=LINE('',#2575,#2574);
#2577=DIRECTION('',(-1.E0,0.E0,0.E0));
#2578=VECTOR('',#2577,1.8E-2);
#2579=CARTESIAN_POINT('',(8.76E-2,-9.5E-2,-1.05E-1));
#2580=LINE('',#2579,#2578);
#2581=DIRECTION('',(0.E0,0.E0,1.E0));
#2582=VECTOR('',#2581,3.E-2);
#2583=CARTESIAN_POINT('',(6.259999999999E-2,-1.4E-2,-5.1E-2));
#2584=LINE('',#2583,#2582);
#2585=DIRECTION('',(2.399101481970E-1,9.707950972229E-1,0.E0));
#2586=VECTOR('',#2585,3.914721686574E-2);
#2587=CARTESIAN_POINT('',(6.259999999999E-2,-1.4E-2,-2.1E-2));
#2588=LINE('',#2587,#2586);
#2589=DIRECTION('',(0.E0,1.E0,0.E0));
#2590=VECTOR('',#2589,2.5E-2);
#2591=CARTESIAN_POINT('',(6.259999999999E-2,-3.9E-2,-2.1E-2));
#2592=LINE('',#2591,#2590);
#2593=DIRECTION('',(-2.399101481970E-1,-9.707950972229E-1,0.E0));
#2594=VECTOR('',#2593,4.058667775492E-2);
#2595=CARTESIAN_POINT('',(6.633715587500E-2,2.540134777705E-2,-2.1E-2));
#2596=LINE('',#2595,#2594);
#2597=CARTESIAN_POINT('',(5.177522941665E-2,2.9E-2,-2.1E-2));
#2598=DIRECTION('',(0.E0,0.E0,-1.E0));
#2599=DIRECTION('',(9.518255596667E-1,3.066400234235E-1,0.E0));
#2600=AXIS2_PLACEMENT_3D('',#2597,#2598,#2599);
#2602=DIRECTION('',(3.066400234235E-1,-9.518255596667E-1,0.E0));
#2603=VECTOR('',#2602,1.673164043283E-2);
#2604=CARTESIAN_POINT('',(6.092202219742E-2,4.952520337047E-2,-2.1E-2));
#2605=LINE('',#2604,#2603);
#2606=DIRECTION('',(-4.562150678010E-1,-8.898695476930E-1,0.E0));
#2607=VECTOR('',#2606,3.994828869549E-3);
#2608=CARTESIAN_POINT('',(6.274452332099E-2,5.308007992973E-2,-2.1E-2));
#2609=LINE('',#2608,#2607);
#2610=DIRECTION('',(-9.518255596667E-1,-3.066400234236E-1,0.E0));
#2611=VECTOR('',#2610,3.E-3);
#2612=CARTESIAN_POINT('',(6.559999999999E-2,5.4E-2,-2.1E-2));
#2613=LINE('',#2612,#2611);
#2614=DIRECTION('',(-3.066400234235E-1,9.518255596667E-1,0.E0));
#2615=VECTOR('',#2614,1.955641101617E-2);
#2616=CARTESIAN_POINT('',(7.159677833207E-2,3.538570813946E-2,-2.1E-2));
#2617=LINE('',#2616,#2615);
#2618=CARTESIAN_POINT('',(5.177522941665E-2,2.9E-2,-2.1E-2));
#2619=DIRECTION('',(0.E0,0.E0,1.E0));
#2620=DIRECTION('',(9.707950972229E-1,-2.399101481970E-1,0.E0));
#2621=AXIS2_PLACEMENT_3D('',#2618,#2619,#2620);
#2623=DIRECTION('',(2.399101481970E-1,-9.707950972229E-1,0.E0));
#2624=VECTOR('',#2623,3.914721686574E-2);
#2625=CARTESIAN_POINT('',(8.520818540023E-2,2.400392620318E-2,-2.1E-2));
#2626=LINE('',#2625,#2624);
#2627=CARTESIAN_POINT('',(1.054247705833E-1,2.9E-2,-2.1E-2));
#2628=DIRECTION('',(0.E0,0.E0,1.E0));
#2629=DIRECTION('',(-9.518255596667E-1,3.066400234235E-1,0.E0));
#2630=AXIS2_PLACEMENT_3D('',#2627,#2628,#2629);
#2632=DIRECTION('',(-3.066400234235E-1,-9.518255596667E-1,0.E0));
#2633=VECTOR('',#2632,1.955641101617E-2);
#2634=CARTESIAN_POINT('',(9.159999999999E-2,5.4E-2,-2.1E-2));
#2635=LINE('',#2634,#2633);
#2636=DIRECTION('',(-9.518255596667E-1,3.066400234236E-1,0.E0));
#2637=VECTOR('',#2636,3.E-3);
#2638=CARTESIAN_POINT('',(9.445547667899E-2,5.308007992973E-2,-2.1E-2));
#2639=LINE('',#2638,#2637);
#2640=DIRECTION('',(-4.562150678010E-1,8.898695476930E-1,0.E0));
#2641=VECTOR('',#2640,3.994828869549E-3);
#2642=CARTESIAN_POINT('',(9.627797780257E-2,4.952520337047E-2,-2.1E-2));
#2643=LINE('',#2642,#2641);
#2644=DIRECTION('',(3.066400234235E-1,9.518255596667E-1,0.E0));
#2645=VECTOR('',#2644,1.673164043283E-2);
#2646=CARTESIAN_POINT('',(9.114738718833E-2,3.359960035135E-2,-2.1E-2));
#2647=LINE('',#2646,#2645);
#2648=CARTESIAN_POINT('',(1.054247705833E-1,2.9E-2,-2.1E-2));
#2649=DIRECTION('',(0.E0,0.E0,-1.E0));
#2650=DIRECTION('',(-9.707950972229E-1,-2.399101481970E-1,0.E0));
#2651=AXIS2_PLACEMENT_3D('',#2648,#2649,#2650);
#2653=DIRECTION('',(-2.399101481970E-1,9.707950972229E-1,0.E0));
#2654=VECTOR('',#2653,4.058667775492E-2);
#2655=CARTESIAN_POINT('',(1.006E-1,-1.4E-2,-2.1E-2));
#2656=LINE('',#2655,#2654);
#2657=DIRECTION('',(0.E0,1.E0,0.E0));
#2658=VECTOR('',#2657,2.5E-2);
#2659=CARTESIAN_POINT('',(1.006E-1,-3.9E-2,-2.1E-2));
#2660=LINE('',#2659,#2658);
#2661=DIRECTION('',(0.E0,0.E0,-1.E0));
#2662=VECTOR('',#2661,3.E-2);
#2663=CARTESIAN_POINT('',(6.633715587500E-2,2.540134777705E-2,-2.1E-2));
#2664=LINE('',#2663,#2662);
#2665=DIRECTION('',(-2.399101481970E-1,9.707950972229E-1,0.E0));
#2666=VECTOR('',#2665,4.058667775492E-2);
#2667=CARTESIAN_POINT('',(1.006E-1,-1.4E-2,-5.1E-2));
#2668=LINE('',#2667,#2666);
#2669=CARTESIAN_POINT('',(1.054247705833E-1,2.9E-2,-5.1E-2));
#2670=DIRECTION('',(0.E0,0.E0,-1.E0));
#2671=DIRECTION('',(-9.707950972229E-1,-2.399101481970E-1,0.E0));
#2672=AXIS2_PLACEMENT_3D('',#2669,#2670,#2671);
#2674=DIRECTION('',(3.066400234235E-1,9.518255596667E-1,0.E0));
#2675=VECTOR('',#2674,1.673164043283E-2);
#2676=CARTESIAN_POINT('',(9.114738718833E-2,3.359960035135E-2,-5.1E-2));
#2677=LINE('',#2676,#2675);
#2678=DIRECTION('',(-4.562150678010E-1,8.898695476930E-1,0.E0));
#2679=VECTOR('',#2678,3.994828869549E-3);
#2680=CARTESIAN_POINT('',(9.627797780257E-2,4.952520337047E-2,-5.1E-2));
#2681=LINE('',#2680,#2679);
#2682=DIRECTION('',(-9.518255596667E-1,3.066400234236E-1,0.E0));
#2683=VECTOR('',#2682,3.E-3);
#2684=CARTESIAN_POINT('',(9.445547667899E-2,5.308007992973E-2,-5.1E-2));
#2685=LINE('',#2684,#2683);
#2686=DIRECTION('',(-3.066400234235E-1,-9.518255596667E-1,0.E0));
#2687=VECTOR('',#2686,1.955641101617E-2);
#2688=CARTESIAN_POINT('',(9.159999999999E-2,5.4E-2,-5.1E-2));
#2689=LINE('',#2688,#2687);
#2690=CARTESIAN_POINT('',(1.054247705833E-1,2.9E-2,-5.1E-2));
#2691=DIRECTION('',(0.E0,0.E0,1.E0));
#2692=DIRECTION('',(-9.518255596667E-1,3.066400234235E-1,0.E0));
#2693=AXIS2_PLACEMENT_3D('',#2690,#2691,#2692);
#2695=DIRECTION('',(2.399101481970E-1,-9.707950972229E-1,0.E0));
#2696=VECTOR('',#2695,3.914721686574E-2);
#2697=CARTESIAN_POINT('',(8.520818540023E-2,2.400392620318E-2,-5.1E-2));
#2698=LINE('',#2697,#2696);
#2699=DIRECTION('',(2.399101481970E-1,9.707950972229E-1,0.E0));
#2700=VECTOR('',#2699,3.914721686574E-2);
#2701=CARTESIAN_POINT('',(6.259999999999E-2,-1.4E-2,-5.1E-2));
#2702=LINE('',#2701,#2700);
#2703=CARTESIAN_POINT('',(5.177522941665E-2,2.9E-2,-5.1E-2));
#2704=DIRECTION('',(0.E0,0.E0,1.E0));
#2705=DIRECTION('',(9.707950972229E-1,-2.399101481970E-1,0.E0));
#2706=AXIS2_PLACEMENT_3D('',#2703,#2704,#2705);
#2708=DIRECTION('',(-3.066400234235E-1,9.518255596667E-1,0.E0));
#2709=VECTOR('',#2708,1.955641101617E-2);
#2710=CARTESIAN_POINT('',(7.159677833207E-2,3.538570813946E-2,-5.1E-2));
#2711=LINE('',#2710,#2709);
#2712=DIRECTION('',(-9.518255596667E-1,-3.066400234236E-1,0.E0));
#2713=VECTOR('',#2712,3.E-3);
#2714=CARTESIAN_POINT('',(6.559999999999E-2,5.4E-2,-5.1E-2));
#2715=LINE('',#2714,#2713);
#2716=DIRECTION('',(-4.562150678010E-1,-8.898695476930E-1,0.E0));
#2717=VECTOR('',#2716,3.994828869549E-3);
#2718=CARTESIAN_POINT('',(6.274452332099E-2,5.308007992973E-2,-5.1E-2));
#2719=LINE('',#2718,#2717);
#2720=DIRECTION('',(3.066400234235E-1,-9.518255596667E-1,0.E0));
#2721=VECTOR('',#2720,1.673164043283E-2);
#2722=CARTESIAN_POINT('',(6.092202219742E-2,4.952520337047E-2,-5.1E-2));
#2723=LINE('',#2722,#2721);
#2724=CARTESIAN_POINT('',(5.177522941665E-2,2.9E-2,-5.1E-2));
#2725=DIRECTION('',(0.E0,0.E0,-1.E0));
#2726=DIRECTION('',(9.518255596667E-1,3.066400234235E-1,0.E0));
#2727=AXIS2_PLACEMENT_3D('',#2724,#2725,#2726);
#2729=DIRECTION('',(-2.399101481970E-1,-9.707950972229E-1,0.E0));
#2730=VECTOR('',#2729,4.058667775492E-2);
#2731=CARTESIAN_POINT('',(6.633715587500E-2,2.540134777705E-2,-5.1E-2));
#2732=LINE('',#2731,#2730);
#2733=DIRECTION('',(0.E0,0.E0,-1.E0));
#2734=VECTOR('',#2733,3.E-2);
#2735=CARTESIAN_POINT('',(9.086284412498E-2,2.540134777705E-2,-2.1E-2));
#2736=LINE('',#2735,#2734);
#2737=DIRECTION('',(0.E0,0.E0,-1.E0));
#2738=VECTOR('',#2737,3.E-2);
#2739=CARTESIAN_POINT('',(9.114738718833E-2,3.359960035135E-2,-2.1E-2));
#2740=LINE('',#2739,#2738);
#2741=DIRECTION('',(0.E0,0.E0,-1.E0));
#2742=VECTOR('',#2741,3.E-2);
#2743=CARTESIAN_POINT('',(9.627797780257E-2,4.952520337047E-2,-2.1E-2));
#2744=LINE('',#2743,#2742);
#2745=DIRECTION('',(0.E0,0.E0,-1.E0));
#2746=VECTOR('',#2745,3.E-2);
#2747=CARTESIAN_POINT('',(9.445547667899E-2,5.308007992973E-2,-2.1E-2));
#2748=LINE('',#2747,#2746);
#2749=DIRECTION('',(0.E0,0.E0,-1.E0));
#2750=VECTOR('',#2749,3.E-2);
#2751=CARTESIAN_POINT('',(9.159999999999E-2,5.4E-2,-2.1E-2));
#2752=LINE('',#2751,#2750);
#2753=DIRECTION('',(0.E0,0.E0,-1.E0));
#2754=VECTOR('',#2753,3.E-2);
#2755=CARTESIAN_POINT('',(8.560322166791E-2,3.538570813946E-2,-2.1E-2));
#2756=LINE('',#2755,#2754);
#2757=DIRECTION('',(0.E0,0.E0,-1.E0));
#2758=VECTOR('',#2757,3.E-2);
#2759=CARTESIAN_POINT('',(8.520818540023E-2,2.400392620318E-2,-2.1E-2));
#2760=LINE('',#2759,#2758);
#2761=DIRECTION('',(0.E0,0.E0,1.E0));
#2762=VECTOR('',#2761,3.E-2);
#2763=CARTESIAN_POINT('',(9.459999999999E-2,-1.4E-2,-5.1E-2));
#2764=LINE('',#2763,#2762);
#2765=DIRECTION('',(0.E0,1.E0,0.E0));
#2766=VECTOR('',#2765,2.5E-2);
#2767=CARTESIAN_POINT('',(9.459999999999E-2,-3.9E-2,-2.1E-2));
#2768=LINE('',#2767,#2766);
#2769=DIRECTION('',(0.E0,0.E0,-1.E0));
#2770=VECTOR('',#2769,3.E-2);
#2771=CARTESIAN_POINT('',(7.199181459975E-2,2.400392620318E-2,-2.1E-2));
#2772=LINE('',#2771,#2770);
#2773=DIRECTION('',(0.E0,0.E0,-1.E0));
#2774=VECTOR('',#2773,3.E-2);
#2775=CARTESIAN_POINT('',(7.159677833207E-2,3.538570813946E-2,-2.1E-2));
#2776=LINE('',#2775,#2774);
#2777=DIRECTION('',(0.E0,0.E0,-1.E0));
#2778=VECTOR('',#2777,3.E-2);
#2779=CARTESIAN_POINT('',(6.559999999999E-2,5.4E-2,-2.1E-2));
#2780=LINE('',#2779,#2778);
#2781=DIRECTION('',(0.E0,0.E0,-1.E0));
#2782=VECTOR('',#2781,3.E-2);
#2783=CARTESIAN_POINT('',(6.274452332099E-2,5.308007992973E-2,-2.1E-2));
#2784=LINE('',#2783,#2782);
#2785=DIRECTION('',(0.E0,0.E0,-1.E0));
#2786=VECTOR('',#2785,3.E-2);
#2787=CARTESIAN_POINT('',(6.092202219742E-2,4.952520337047E-2,-2.1E-2));
#2788=LINE('',#2787,#2786);
#2789=DIRECTION('',(0.E0,0.E0,-1.E0));
#2790=VECTOR('',#2789,3.E-2);
#2791=CARTESIAN_POINT('',(6.605261281165E-2,3.359960035135E-2,-2.1E-2));
#2792=LINE('',#2791,#2790);
#2793=DIRECTION('',(-1.E0,0.E0,0.E0));
#2794=VECTOR('',#2793,4.4E-2);
#2795=CARTESIAN_POINT('',(1.006E-1,6.6E-2,-5.9E-2));
#2796=LINE('',#2795,#2794);
#2797=DIRECTION('',(1.E0,1.541976423087E-14,0.E0));
#2798=VECTOR('',#2797,4.500000000009E-3);
#2799=CARTESIAN_POINT('',(1.006E-1,-7.2E-2,-6.5E-2));
#2800=LINE('',#2799,#2798);
#2801=DIRECTION('',(0.E0,1.E0,0.E0));
#2802=VECTOR('',#2801,1.38E-1);
#2803=CARTESIAN_POINT('',(1.006E-1,-7.2E-2,-6.5E-2));
#2804=LINE('',#2803,#2802);
#2805=DIRECTION('',(-1.E0,0.E0,0.E0));
#2806=VECTOR('',#2805,4.4E-2);
#2807=CARTESIAN_POINT('',(1.006E-1,6.6E-2,-6.5E-2));
#2808=LINE('',#2807,#2806);
#2809=DIRECTION('',(0.E0,1.E0,0.E0));
#2810=VECTOR('',#2809,1.38E-1);
#2811=CARTESIAN_POINT('',(5.659999999999E-2,-7.2E-2,-6.5E-2));
#2812=LINE('',#2811,#2810);
#2813=DIRECTION('',(1.E0,-1.850371707711E-14,0.E0));
#2814=VECTOR('',#2813,4.499999999994E-3);
#2815=CARTESIAN_POINT('',(5.21E-2,-7.2E-2,-6.5E-2));
#2816=LINE('',#2815,#2814);
#2817=DIRECTION('',(0.E0,0.E0,1.E0));
#2818=VECTOR('',#2817,3.E-2);
#2819=CARTESIAN_POINT('',(9.086284412498E-2,2.540134777705E-2,2.1E-2));
#2820=LINE('',#2819,#2818);
#2821=DIRECTION('',(0.E0,0.E0,1.E0));
#2822=VECTOR('',#2821,3.E-2);
#2823=CARTESIAN_POINT('',(9.114738718833E-2,3.359960035135E-2,2.1E-2));
#2824=LINE('',#2823,#2822);
#2825=DIRECTION('',(0.E0,0.E0,1.E0));
#2826=VECTOR('',#2825,3.E-2);
#2827=CARTESIAN_POINT('',(9.627797780257E-2,4.952520337047E-2,2.1E-2));
#2828=LINE('',#2827,#2826);
#2829=DIRECTION('',(0.E0,0.E0,1.E0));
#2830=VECTOR('',#2829,3.E-2);
#2831=CARTESIAN_POINT('',(9.445547667899E-2,5.308007992973E-2,2.1E-2));
#2832=LINE('',#2831,#2830);
#2833=DIRECTION('',(0.E0,0.E0,1.E0));
#2834=VECTOR('',#2833,3.E-2);
#2835=CARTESIAN_POINT('',(9.159999999999E-2,5.4E-2,2.1E-2));
#2836=LINE('',#2835,#2834);
#2837=DIRECTION('',(0.E0,0.E0,1.E0));
#2838=VECTOR('',#2837,3.E-2);
#2839=CARTESIAN_POINT('',(8.560322166791E-2,3.538570813946E-2,2.1E-2));
#2840=LINE('',#2839,#2838);
#2841=DIRECTION('',(0.E0,0.E0,1.E0));
#2842=VECTOR('',#2841,3.E-2);
#2843=CARTESIAN_POINT('',(8.520818540023E-2,2.400392620318E-2,2.1E-2));
#2844=LINE('',#2843,#2842);
#2845=DIRECTION('',(1.E0,0.E0,0.E0));
#2846=VECTOR('',#2845,5.3E-2);
#2847=CARTESIAN_POINT('',(5.21E-2,-7.2E-2,-1.8E-2));
#2848=LINE('',#2847,#2846);
#2849=DIRECTION('',(-1.E0,0.E0,0.E0));
#2850=VECTOR('',#2849,5.3E-2);
#2851=CARTESIAN_POINT('',(1.051E-1,6.8E-2,-1.8E-2));
#2852=LINE('',#2851,#2850);
#2853=DIRECTION('',(-6.246950475544E-1,6.246950475544E-1,-4.685212856658E-1));
#2854=VECTOR('',#2853,9.604686356149E-3);
#2855=CARTESIAN_POINT('',(1.111E-1,-8.7E-2,-4.5E-2));
#2856=LINE('',#2855,#2854);
#2857=DIRECTION('',(6.246950475544E-1,-6.246950475544E-1,-4.685212856658E-1));
#2858=VECTOR('',#2857,9.604686356149E-3);
#2859=CARTESIAN_POINT('',(1.051E-1,-8.1E-2,4.95E-2));
#2860=LINE('',#2859,#2858);
#2861=DIRECTION('',(1.E0,0.E0,0.E0));
#2862=VECTOR('',#2861,6.E-3);
#2863=CARTESIAN_POINT('',(1.051E-1,-7.9E-2,5.1E-2));
#2864=LINE('',#2863,#2862);
#2865=DIRECTION('',(0.E0,-8.E-1,-6.E-1));
#2866=VECTOR('',#2865,1.E-2);
#2867=CARTESIAN_POINT('',(1.111E-1,-7.9E-2,5.1E-2));
#2868=LINE('',#2867,#2866);
#2869=DIRECTION('',(0.E0,1.E0,0.E0));
#2870=VECTOR('',#2869,7.E-3);
#2871=CARTESIAN_POINT('',(1.111E-1,-7.9E-2,5.1E-2));
#2872=LINE('',#2871,#2870);
#2873=DIRECTION('',(0.E0,0.E0,-1.E0));
#2874=VECTOR('',#2873,2.4E-2);
#2875=CARTESIAN_POINT('',(1.111E-1,-8.7E-2,6.9E-2));
#2876=LINE('',#2875,#2874);
#2877=DIRECTION('',(0.E0,8.E-1,-6.E-1));
#2878=VECTOR('',#2877,1.E-2);
#2879=CARTESIAN_POINT('',(1.111E-1,-8.7E-2,-4.5E-2));
#2880=LINE('',#2879,#2878);
#2881=DIRECTION('',(0.E0,0.E0,-1.E0));
#2882=VECTOR('',#2881,2.4E-2);
#2883=CARTESIAN_POINT('',(1.111E-1,-8.7E-2,-4.5E-2));
#2884=LINE('',#2883,#2882);
#2885=DIRECTION('',(0.E0,0.E0,1.E0));
#2886=VECTOR('',#2885,2.6E-2);
#2887=CARTESIAN_POINT('',(-1.310000000001E-2,7.3E-2,-5.235E-2));
#2888=LINE('',#2887,#2886);
#2889=DIRECTION('',(0.E0,1.E0,0.E0));
#2890=VECTOR('',#2889,5.E-3);
#2891=CARTESIAN_POINT('',(-1.310000000001E-2,6.8E-2,-5.235E-2));
#2892=LINE('',#2891,#2890);
#2893=DIRECTION('',(0.E0,0.E0,1.E0));
#2894=VECTOR('',#2893,2.6E-2);
#2895=CARTESIAN_POINT('',(-1.310000000001E-2,6.8E-2,-5.235E-2));
#2896=LINE('',#2895,#2894);
#2897=DIRECTION('',(-1.E0,0.E0,0.E0));
#2898=VECTOR('',#2897,2.600000000002E-2);
#2899=CARTESIAN_POINT('',(1.290000000001E-2,7.3E-2,-5.235E-2));
#2900=LINE('',#2899,#2898);
#2901=DIRECTION('',(0.E0,1.E0,0.E0));
#2902=VECTOR('',#2901,5.E-3);
#2903=CARTESIAN_POINT('',(1.290000000001E-2,6.8E-2,-5.235E-2));
#2904=LINE('',#2903,#2902);
#2905=DIRECTION('',(-1.E0,0.E0,0.E0));
#2906=VECTOR('',#2905,2.600000000002E-2);
#2907=CARTESIAN_POINT('',(1.290000000001E-2,6.8E-2,-5.235E-2));
#2908=LINE('',#2907,#2906);
#2909=DIRECTION('',(0.E0,0.E0,-1.E0));
#2910=VECTOR('',#2909,2.6E-2);
#2911=CARTESIAN_POINT('',(1.290000000001E-2,7.3E-2,-2.635E-2));
#2912=LINE('',#2911,#2910);
#2913=DIRECTION('',(0.E0,1.E0,0.E0));
#2914=VECTOR('',#2913,5.E-3);
#2915=CARTESIAN_POINT('',(1.290000000001E-2,6.8E-2,-2.635E-2));
#2916=LINE('',#2915,#2914);
#2917=DIRECTION('',(0.E0,0.E0,-1.E0));
#2918=VECTOR('',#2917,2.6E-2);
#2919=CARTESIAN_POINT('',(1.290000000001E-2,6.8E-2,-2.635E-2));
#2920=LINE('',#2919,#2918);
#2921=DIRECTION('',(1.E0,0.E0,0.E0));
#2922=VECTOR('',#2921,2.600000000002E-2);
#2923=CARTESIAN_POINT('',(-1.310000000001E-2,7.3E-2,-2.635E-2));
#2924=LINE('',#2923,#2922);
#2925=DIRECTION('',(0.E0,1.E0,0.E0));
#2926=VECTOR('',#2925,5.E-3);
#2927=CARTESIAN_POINT('',(-1.310000000001E-2,6.8E-2,-2.635E-2));
#2928=LINE('',#2927,#2926);
#2929=DIRECTION('',(1.E0,0.E0,0.E0));
#2930=VECTOR('',#2929,2.600000000002E-2);
#2931=CARTESIAN_POINT('',(-1.310000000001E-2,6.8E-2,-2.635E-2));
#2932=LINE('',#2931,#2930);
#2933=DIRECTION('',(-1.E0,0.E0,0.E0));
#2934=VECTOR('',#2933,5.3E-2);
#2935=CARTESIAN_POINT('',(2.639999999999E-2,6.8E-2,-6.5E-2));
#2936=LINE('',#2935,#2934);
#2937=DIRECTION('',(0.E0,1.E0,0.E0));
#2938=VECTOR('',#2937,7.E-3);
#2939=CARTESIAN_POINT('',(2.64E-2,-7.9E-2,-5.1E-2));
#2940=LINE('',#2939,#2938);
#2941=DIRECTION('',(0.E0,0.E0,1.E0));
#2942=VECTOR('',#2941,1.4E-2);
#2943=CARTESIAN_POINT('',(2.64E-2,-7.2E-2,-6.5E-2));
#2944=LINE('',#2943,#2942);
#2945=DIRECTION('',(-4.324417807971E-14,1.E0,0.E0));
#2946=VECTOR('',#2945,1.4E-1);
#2947=CARTESIAN_POINT('',(2.64E-2,-7.2E-2,-6.5E-2));
#2948=LINE('',#2947,#2946);
#2949=DIRECTION('',(0.E0,0.E0,1.E0));
#2950=VECTOR('',#2949,4.7E-2);
#2951=CARTESIAN_POINT('',(2.639999999999E-2,6.8E-2,-6.5E-2));
#2952=LINE('',#2951,#2950);
#2953=DIRECTION('',(2.160969815788E-14,-1.E0,0.E0));
#2954=VECTOR('',#2953,1.4E-1);
#2955=CARTESIAN_POINT('',(2.639999999999E-2,6.8E-2,-1.8E-2));
#2956=LINE('',#2955,#2954);
#2957=DIRECTION('',(-2.160969815788E-14,1.E0,0.E0));
#2958=VECTOR('',#2957,1.4E-1);
#2959=CARTESIAN_POINT('',(2.64E-2,-7.2E-2,1.8E-2));
#2960=LINE('',#2959,#2958);
#2961=DIRECTION('',(0.E0,0.E0,1.E0));
#2962=VECTOR('',#2961,4.7E-2);
#2963=CARTESIAN_POINT('',(2.639999999999E-2,6.8E-2,1.8E-2));
#2964=LINE('',#2963,#2962);
#2965=DIRECTION('',(4.324417807971E-14,-1.E0,0.E0));
#2966=VECTOR('',#2965,1.4E-1);
#2967=CARTESIAN_POINT('',(2.639999999999E-2,6.8E-2,6.5E-2));
#2968=LINE('',#2967,#2966);
#2969=DIRECTION('',(0.E0,0.E0,1.E0));
#2970=VECTOR('',#2969,1.4E-2);
#2971=CARTESIAN_POINT('',(2.64E-2,-7.2E-2,5.1E-2));
#2972=LINE('',#2971,#2970);
#2973=DIRECTION('',(0.E0,1.E0,0.E0));
#2974=VECTOR('',#2973,7.E-3);
#2975=CARTESIAN_POINT('',(2.64E-2,-7.9E-2,5.1E-2));
#2976=LINE('',#2975,#2974);
#2977=DIRECTION('',(0.E0,8.E-1,6.E-1));
#2978=VECTOR('',#2977,2.5E-3);
#2979=CARTESIAN_POINT('',(2.64E-2,-8.1E-2,4.95E-2));
#2980=LINE('',#2979,#2978);
#2981=DIRECTION('',(0.E0,0.E0,-1.E0));
#2982=VECTOR('',#2981,9.9E-2);
#2983=CARTESIAN_POINT('',(2.64E-2,-8.1E-2,4.95E-2));
#2984=LINE('',#2983,#2982);
#2985=DIRECTION('',(0.E0,8.E-1,-6.E-1));
#2986=VECTOR('',#2985,2.5E-3);
#2987=CARTESIAN_POINT('',(2.64E-2,-8.1E-2,-4.95E-2));
#2988=LINE('',#2987,#2986);
#2989=DIRECTION('',(-1.E0,0.E0,0.E0));
#2990=VECTOR('',#2989,6.E-3);
#2991=CARTESIAN_POINT('',(3.24E-2,-7.9E-2,-5.1E-2));
#2992=LINE('',#2991,#2990);
#2993=DIRECTION('',(0.E0,1.E0,0.E0));
#2994=VECTOR('',#2993,7.E-3);
#2995=CARTESIAN_POINT('',(3.24E-2,-7.9E-2,-5.1E-2));
#2996=LINE('',#2995,#2994);
#2997=DIRECTION('',(-6.246950475544E-1,-6.246950475544E-1,4.685212856658E-1));
#2998=VECTOR('',#2997,9.604686356149E-3);
#2999=CARTESIAN_POINT('',(-2.66E-2,-8.1E-2,-4.95E-2));
#3000=LINE('',#2999,#2998);
#3001=DIRECTION('',(-6.246950475544E-1,-6.246950475544E-1,-4.685212856658E-1));
#3002=VECTOR('',#3001,9.604686356149E-3);
#3003=CARTESIAN_POINT('',(-2.66E-2,-8.1E-2,4.95E-2));
#3004=LINE('',#3003,#3002);
#3005=DIRECTION('',(0.E0,0.E0,1.E0));
#3006=VECTOR('',#3005,2.4E-2);
#3007=CARTESIAN_POINT('',(-3.26E-2,-8.7E-2,4.5E-2));
#3008=LINE('',#3007,#3006);
#3009=DIRECTION('',(0.E0,-8.E-1,-6.E-1));
#3010=VECTOR('',#3009,1.E-2);
#3011=CARTESIAN_POINT('',(-3.26E-2,-7.9E-2,5.1E-2));
#3012=LINE('',#3011,#3010);
#3013=DIRECTION('',(0.E0,0.E0,1.E0));
#3014=VECTOR('',#3013,2.4E-2);
#3015=CARTESIAN_POINT('',(-3.26E-2,-8.7E-2,-6.9E-2));
#3016=LINE('',#3015,#3014);
#3017=DIRECTION('',(0.E0,8.E-1,-6.E-1));
#3018=VECTOR('',#3017,1.E-2);
#3019=CARTESIAN_POINT('',(-3.26E-2,-8.7E-2,-4.5E-2));
#3020=LINE('',#3019,#3018);
#3021=DIRECTION('',(0.E0,1.E0,0.E0));
#3022=VECTOR('',#3021,7.E-3);
#3023=CARTESIAN_POINT('',(-3.26E-2,-7.9E-2,-5.1E-2));
#3024=LINE('',#3023,#3022);
#3025=DIRECTION('',(1.E0,0.E0,0.E0));
#3026=VECTOR('',#3025,6.E-3);
#3027=CARTESIAN_POINT('',(-3.26E-2,-7.9E-2,5.1E-2));
#3028=LINE('',#3027,#3026);
#3029=DIRECTION('',(0.E0,1.E0,0.E0));
#3030=VECTOR('',#3029,7.E-3);
#3031=CARTESIAN_POINT('',(-3.26E-2,-7.9E-2,5.1E-2));
#3032=LINE('',#3031,#3030);
#3033=DIRECTION('',(0.E0,-1.E0,0.E0));
#3034=VECTOR('',#3033,7.E-3);
#3035=CARTESIAN_POINT('',(-2.66E-2,-7.2E-2,-5.1E-2));
#3036=LINE('',#3035,#3034);
#3037=DIRECTION('',(0.E0,8.E-1,-6.E-1));
#3038=VECTOR('',#3037,2.5E-3);
#3039=CARTESIAN_POINT('',(-2.66E-2,-8.1E-2,-4.95E-2));
#3040=LINE('',#3039,#3038);
#3041=DIRECTION('',(0.E0,0.E0,1.E0));
#3042=VECTOR('',#3041,9.9E-2);
#3043=CARTESIAN_POINT('',(-2.66E-2,-8.1E-2,-4.95E-2));
#3044=LINE('',#3043,#3042);
#3045=DIRECTION('',(0.E0,8.E-1,6.E-1));
#3046=VECTOR('',#3045,2.5E-3);
#3047=CARTESIAN_POINT('',(-2.66E-2,-8.1E-2,4.95E-2));
#3048=LINE('',#3047,#3046);
#3049=DIRECTION('',(0.E0,-1.E0,0.E0));
#3050=VECTOR('',#3049,7.E-3);
#3051=CARTESIAN_POINT('',(-2.66E-2,-7.2E-2,5.1E-2));
#3052=LINE('',#3051,#3050);
#3053=DIRECTION('',(-2.168404344971E-13,0.E0,1.E0));
#3054=VECTOR('',#3053,1.4E-2);
#3055=CARTESIAN_POINT('',(-2.66E-2,-7.2E-2,5.1E-2));
#3056=LINE('',#3055,#3054);
#3057=DIRECTION('',(2.160969815788E-14,-1.E0,0.E0));
#3058=VECTOR('',#3057,1.4E-1);
#3059=CARTESIAN_POINT('',(-2.660000000001E-2,6.8E-2,6.5E-2));
#3060=LINE('',#3059,#3058);
#3061=DIRECTION('',(0.E0,0.E0,1.E0));
#3062=VECTOR('',#3061,4.7E-2);
#3063=CARTESIAN_POINT('',(-2.660000000001E-2,6.8E-2,1.8E-2));
#3064=LINE('',#3063,#3062);
#3065=DIRECTION('',(-2.153535286605E-14,1.E0,0.E0));
#3066=VECTOR('',#3065,1.4E-1);
#3067=CARTESIAN_POINT('',(-2.66E-2,-7.2E-2,1.8E-2));
#3068=LINE('',#3067,#3066);
#3069=DIRECTION('',(0.E0,0.E0,-1.E0));
#3070=VECTOR('',#3069,3.6E-2);
#3071=CARTESIAN_POINT('',(-2.66E-2,-7.2E-2,1.8E-2));
#3072=LINE('',#3071,#3070);
#3073=DIRECTION('',(2.160969815788E-14,-1.E0,0.E0));
#3074=VECTOR('',#3073,1.4E-1);
#3075=CARTESIAN_POINT('',(-2.660000000001E-2,6.8E-2,-1.8E-2));
#3076=LINE('',#3075,#3074);
#3077=DIRECTION('',(0.E0,0.E0,1.E0));
#3078=VECTOR('',#3077,4.7E-2);
#3079=CARTESIAN_POINT('',(-2.660000000001E-2,6.8E-2,-6.5E-2));
#3080=LINE('',#3079,#3078);
#3081=DIRECTION('',(-2.153535286605E-14,1.E0,0.E0));
#3082=VECTOR('',#3081,1.4E-1);
#3083=CARTESIAN_POINT('',(-2.66E-2,-7.2E-2,-6.5E-2));
#3084=LINE('',#3083,#3082);
#3085=DIRECTION('',(2.156013463E-13,0.E0,1.E0));
#3086=VECTOR('',#3085,1.4E-2);
#3087=CARTESIAN_POINT('',(-2.66E-2,-7.2E-2,-6.5E-2));
#3088=LINE('',#3087,#3086);
#3089=DIRECTION('',(-1.E0,0.E0,0.E0));
#3090=VECTOR('',#3089,6.E-3);
#3091=CARTESIAN_POINT('',(-2.66E-2,-7.9E-2,-5.1E-2));
#3092=LINE('',#3091,#3090);
#3093=DIRECTION('',(-1.E0,0.E0,0.E0));
#3094=VECTOR('',#3093,5.3E-2);
#3095=CARTESIAN_POINT('',(2.639999999999E-2,6.8E-2,6.5E-2));
#3096=LINE('',#3095,#3094);
#3097=DIRECTION('',(1.E0,0.E0,0.E0));
#3098=VECTOR('',#3097,4.499999999994E-3);
#3099=CARTESIAN_POINT('',(-2.66E-2,-7.2E-2,6.5E-2));
#3100=LINE('',#3099,#3098);
#3101=DIRECTION('',(0.E0,1.E0,0.E0));
#3102=VECTOR('',#3101,1.38E-1);
#3103=CARTESIAN_POINT('',(-2.210000000001E-2,-7.2E-2,6.5E-2));
#3104=LINE('',#3103,#3102);
#3105=DIRECTION('',(-1.E0,0.E0,0.E0));
#3106=VECTOR('',#3105,4.4E-2);
#3107=CARTESIAN_POINT('',(2.189999999999E-2,6.6E-2,6.5E-2));
#3108=LINE('',#3107,#3106);
#3109=DIRECTION('',(0.E0,1.E0,0.E0));
#3110=VECTOR('',#3109,1.38E-1);
#3111=CARTESIAN_POINT('',(2.189999999999E-2,-7.2E-2,6.5E-2));
#3112=LINE('',#3111,#3110);
#3113=DIRECTION('',(1.E0,0.E0,0.E0));
#3114=VECTOR('',#3113,4.500000000009E-3);
#3115=CARTESIAN_POINT('',(2.189999999999E-2,-7.2E-2,6.5E-2));
#3116=LINE('',#3115,#3114);
#3117=DIRECTION('',(-1.E0,0.E0,0.E0));
#3118=VECTOR('',#3117,5.3E-2);
#3119=CARTESIAN_POINT('',(2.639999999999E-2,6.8E-2,1.8E-2));
#3120=LINE('',#3119,#3118);
#3121=DIRECTION('',(1.E0,0.E0,0.E0));
#3122=VECTOR('',#3121,5.3E-2);
#3123=CARTESIAN_POINT('',(-2.66E-2,-7.2E-2,1.8E-2));
#3124=LINE('',#3123,#3122);
#3125=DIRECTION('',(0.E0,0.E0,1.E0));
#3126=VECTOR('',#3125,2.6E-2);
#3127=CARTESIAN_POINT('',(-1.31E-2,7.3E-2,2.635E-2));
#3128=LINE('',#3127,#3126);
#3129=DIRECTION('',(0.E0,1.E0,0.E0));
#3130=VECTOR('',#3129,5.E-3);
#3131=CARTESIAN_POINT('',(-1.31E-2,6.8E-2,2.635E-2));
#3132=LINE('',#3131,#3130);
#3133=DIRECTION('',(0.E0,0.E0,1.E0));
#3134=VECTOR('',#3133,2.6E-2);
#3135=CARTESIAN_POINT('',(-1.31E-2,6.8E-2,2.635E-2));
#3136=LINE('',#3135,#3134);
#3137=DIRECTION('',(-1.E0,0.E0,0.E0));
#3138=VECTOR('',#3137,2.6E-2);
#3139=CARTESIAN_POINT('',(1.29E-2,7.3E-2,2.635E-2));
#3140=LINE('',#3139,#3138);
#3141=DIRECTION('',(0.E0,1.E0,0.E0));
#3142=VECTOR('',#3141,5.E-3);
#3143=CARTESIAN_POINT('',(1.29E-2,6.8E-2,2.635E-2));
#3144=LINE('',#3143,#3142);
#3145=DIRECTION('',(-1.E0,0.E0,0.E0));
#3146=VECTOR('',#3145,2.6E-2);
#3147=CARTESIAN_POINT('',(1.29E-2,6.8E-2,2.635E-2));
#3148=LINE('',#3147,#3146);
#3149=DIRECTION('',(0.E0,0.E0,-1.E0));
#3150=VECTOR('',#3149,2.6E-2);
#3151=CARTESIAN_POINT('',(1.29E-2,7.3E-2,5.235E-2));
#3152=LINE('',#3151,#3150);
#3153=DIRECTION('',(0.E0,1.E0,0.E0));
#3154=VECTOR('',#3153,5.E-3);
#3155=CARTESIAN_POINT('',(1.29E-2,6.8E-2,5.235E-2));
#3156=LINE('',#3155,#3154);
#3157=DIRECTION('',(0.E0,0.E0,-1.E0));
#3158=VECTOR('',#3157,2.6E-2);
#3159=CARTESIAN_POINT('',(1.29E-2,6.8E-2,5.235E-2));
#3160=LINE('',#3159,#3158);
#3161=DIRECTION('',(1.E0,0.E0,0.E0));
#3162=VECTOR('',#3161,2.6E-2);
#3163=CARTESIAN_POINT('',(-1.31E-2,7.3E-2,5.235E-2));
#3164=LINE('',#3163,#3162);
#3165=DIRECTION('',(0.E0,1.E0,0.E0));
#3166=VECTOR('',#3165,5.E-3);
#3167=CARTESIAN_POINT('',(-1.31E-2,6.8E-2,5.235E-2));
#3168=LINE('',#3167,#3166);
#3169=DIRECTION('',(1.E0,0.E0,0.E0));
#3170=VECTOR('',#3169,2.6E-2);
#3171=CARTESIAN_POINT('',(-1.31E-2,6.8E-2,5.235E-2));
#3172=LINE('',#3171,#3170);
#3173=DIRECTION('',(0.E0,-1.E0,0.E0));
#3174=VECTOR('',#3173,8.E-2);
#3175=CARTESIAN_POINT('',(-2.210000000001E-2,6.6E-2,5.9E-2));
#3176=LINE('',#3175,#3174);
#3177=DIRECTION('',(0.E0,0.E0,-1.E0));
#3178=VECTOR('',#3177,6.E-3);
#3179=CARTESIAN_POINT('',(-2.210000000001E-2,6.6E-2,6.5E-2));
#3180=LINE('',#3179,#3178);
#3181=DIRECTION('',(0.E0,0.E0,1.E0));
#3182=VECTOR('',#3181,6.E-3);
#3183=CARTESIAN_POINT('',(-2.210000000001E-2,-7.2E-2,5.9E-2));
#3184=LINE('',#3183,#3182);
#3185=DIRECTION('',(0.E0,-1.E0,0.E0));
#3186=VECTOR('',#3185,3.3E-2);
#3187=CARTESIAN_POINT('',(-2.210000000001E-2,-3.9E-2,5.9E-2));
#3188=LINE('',#3187,#3186);
#3189=DIRECTION('',(0.E0,0.E0,-1.E0));
#3190=VECTOR('',#3189,3.E-2);
#3191=CARTESIAN_POINT('',(-2.210000000001E-2,-1.4E-2,5.1E-2));
#3192=LINE('',#3191,#3190);
#3193=DIRECTION('',(0.E0,1.E0,0.E0));
#3194=VECTOR('',#3193,2.5E-2);
#3195=CARTESIAN_POINT('',(-2.210000000001E-2,-3.9E-2,-2.1E-2));
#3196=LINE('',#3195,#3194);
#3197=DIRECTION('',(0.E0,1.E0,0.E0));
#3198=VECTOR('',#3197,3.3E-2);
#3199=CARTESIAN_POINT('',(-2.210000000001E-2,-7.2E-2,-5.9E-2));
#3200=LINE('',#3199,#3198);
#3201=DIRECTION('',(0.E0,-1.156482317318E-14,1.E0));
#3202=VECTOR('',#3201,6.E-3);
#3203=CARTESIAN_POINT('',(-2.210000000001E-2,-7.2E-2,-6.5E-2));
#3204=LINE('',#3203,#3202);
#3205=DIRECTION('',(0.E0,0.E0,-1.E0));
#3206=VECTOR('',#3205,6.E-3);
#3207=CARTESIAN_POINT('',(-2.210000000001E-2,6.6E-2,-5.9E-2));
#3208=LINE('',#3207,#3206);
#3209=DIRECTION('',(0.E0,1.E0,0.E0));
#3210=VECTOR('',#3209,8.E-2);
#3211=CARTESIAN_POINT('',(-2.210000000001E-2,-1.4E-2,-5.9E-2));
#3212=LINE('',#3211,#3210);
#3213=DIRECTION('',(0.E0,0.E0,1.E0));
#3214=VECTOR('',#3213,3.E-2);
#3215=CARTESIAN_POINT('',(-2.210000000001E-2,-1.4E-2,-5.1E-2));
#3216=LINE('',#3215,#3214);
#3217=DIRECTION('',(-1.E0,0.E0,0.E0));
#3218=VECTOR('',#3217,6.E-3);
#3219=CARTESIAN_POINT('',(2.189999999999E-2,-1.4E-2,5.1E-2));
#3220=LINE('',#3219,#3218);
#3221=DIRECTION('',(0.E0,0.E0,1.E0));
#3222=VECTOR('',#3221,8.E-3);
#3223=CARTESIAN_POINT('',(2.189999999999E-2,-1.4E-2,5.1E-2));
#3224=LINE('',#3223,#3222);
#3225=DIRECTION('',(0.E0,0.E0,-1.E0));
#3226=VECTOR('',#3225,8.E-3);
#3227=CARTESIAN_POINT('',(1.589999999999E-2,-1.4E-2,5.9E-2));
#3228=LINE('',#3227,#3226);
#3229=DIRECTION('',(-1.E0,0.E0,0.E0));
#3230=VECTOR('',#3229,6.E-3);
#3231=CARTESIAN_POINT('',(-1.610000000001E-2,-1.4E-2,5.1E-2));
#3232=LINE('',#3231,#3230);
#3233=DIRECTION('',(0.E0,0.E0,1.E0));
#3234=VECTOR('',#3233,8.E-3);
#3235=CARTESIAN_POINT('',(-1.610000000001E-2,-1.4E-2,5.1E-2));
#3236=LINE('',#3235,#3234);
#3237=DIRECTION('',(0.E0,0.E0,-1.E0));
#3238=VECTOR('',#3237,8.E-3);
#3239=CARTESIAN_POINT('',(-2.210000000001E-2,-1.4E-2,5.9E-2));
#3240=LINE('',#3239,#3238);
#3241=DIRECTION('',(-1.E0,0.E0,0.E0));
#3242=VECTOR('',#3241,6.E-3);
#3243=CARTESIAN_POINT('',(2.189999999999E-2,-1.4E-2,-5.1E-2));
#3244=LINE('',#3243,#3242);
#3245=DIRECTION('',(0.E0,0.E0,-1.E0));
#3246=VECTOR('',#3245,8.E-3);
#3247=CARTESIAN_POINT('',(1.589999999999E-2,-1.4E-2,-5.1E-2));
#3248=LINE('',#3247,#3246);
#3249=DIRECTION('',(0.E0,0.E0,1.E0));
#3250=VECTOR('',#3249,8.E-3);
#3251=CARTESIAN_POINT('',(2.189999999999E-2,-1.4E-2,-5.9E-2));
#3252=LINE('',#3251,#3250);
#3253=DIRECTION('',(-1.E0,0.E0,0.E0));
#3254=VECTOR('',#3253,6.E-3);
#3255=CARTESIAN_POINT('',(-1.610000000001E-2,-1.4E-2,-5.1E-2));
#3256=LINE('',#3255,#3254);
#3257=DIRECTION('',(0.E0,0.E0,-1.E0));
#3258=VECTOR('',#3257,8.E-3);
#3259=CARTESIAN_POINT('',(-2.210000000001E-2,-1.4E-2,-5.1E-2));
#3260=LINE('',#3259,#3258);
#3261=DIRECTION('',(0.E0,0.E0,1.E0));
#3262=VECTOR('',#3261,8.E-3);
#3263=CARTESIAN_POINT('',(-1.610000000001E-2,-1.4E-2,-5.9E-2));
#3264=LINE('',#3263,#3262);
#3265=DIRECTION('',(-2.399101481970E-1,9.707950972229E-1,0.E0));
#3266=VECTOR('',#3265,3.914721686574E-2);
#3267=CARTESIAN_POINT('',(1.589999999999E-2,-1.4E-2,5.1E-2));
#3268=LINE('',#3267,#3266);
#3269=CARTESIAN_POINT('',(2.672477058333E-2,2.9E-2,5.1E-2));
#3270=DIRECTION('',(0.E0,0.E0,-1.E0));
#3271=DIRECTION('',(-9.707950972229E-1,-2.399101481970E-1,0.E0));
#3272=AXIS2_PLACEMENT_3D('',#3269,#3270,#3271);
#3274=DIRECTION('',(3.066400234235E-1,9.518255596667E-1,0.E0));
#3275=VECTOR('',#3274,1.955641101617E-2);
#3276=CARTESIAN_POINT('',(6.903221667913E-3,3.538570813946E-2,5.1E-2));
#3277=LINE('',#3276,#3275);
#3278=DIRECTION('',(9.518255596667E-1,-3.066400234235E-1,0.E0));
#3279=VECTOR('',#3278,3.E-3);
#3280=CARTESIAN_POINT('',(1.289999999999E-2,5.4E-2,5.1E-2));
#3281=LINE('',#3280,#3279);
#3282=DIRECTION('',(4.562150678010E-1,-8.898695476930E-1,0.E0));
#3283=VECTOR('',#3282,3.994828869549E-3);
#3284=CARTESIAN_POINT('',(1.575547667899E-2,5.308007992973E-2,5.1E-2));
#3285=LINE('',#3284,#3283);
#3286=DIRECTION('',(-3.066400234235E-1,-9.518255596667E-1,0.E0));
#3287=VECTOR('',#3286,1.673164043283E-2);
#3288=CARTESIAN_POINT('',(1.757797780257E-2,4.952520337047E-2,5.1E-2));
#3289=LINE('',#3288,#3287);
#3290=CARTESIAN_POINT('',(2.672477058333E-2,2.9E-2,5.1E-2));
#3291=DIRECTION('',(0.E0,0.E0,1.E0));
#3292=DIRECTION('',(-9.518255596667E-1,3.066400234235E-1,0.E0));
#3293=AXIS2_PLACEMENT_3D('',#3290,#3291,#3292);
#3295=DIRECTION('',(2.399101481970E-1,-9.707950972229E-1,0.E0));
#3296=VECTOR('',#3295,4.058667775492E-2);
#3297=CARTESIAN_POINT('',(1.216284412498E-2,2.540134777705E-2,5.1E-2));
#3298=LINE('',#3297,#3296);
#3299=DIRECTION('',(2.399101481970E-1,9.707950972229E-1,0.E0));
#3300=VECTOR('',#3299,4.058667775492E-2);
#3301=CARTESIAN_POINT('',(-2.210000000001E-2,-1.4E-2,5.1E-2));
#3302=LINE('',#3301,#3300);
#3303=CARTESIAN_POINT('',(-2.692477058335E-2,2.9E-2,5.1E-2));
#3304=DIRECTION('',(0.E0,0.E0,1.E0));
#3305=DIRECTION('',(9.707950972229E-1,-2.399101481970E-1,0.E0));
#3306=AXIS2_PLACEMENT_3D('',#3303,#3304,#3305);
#3308=DIRECTION('',(-3.066400234235E-1,9.518255596667E-1,0.E0));
#3309=VECTOR('',#3308,1.673164043283E-2);
#3310=CARTESIAN_POINT('',(-1.264738718835E-2,3.359960035135E-2,5.1E-2));
#3311=LINE('',#3310,#3309);
#3312=DIRECTION('',(4.562150678010E-1,8.898695476930E-1,0.E0));
#3313=VECTOR('',#3312,3.994828869549E-3);
#3314=CARTESIAN_POINT('',(-1.777797780258E-2,4.952520337047E-2,5.1E-2));
#3315=LINE('',#3314,#3313);
#3316=DIRECTION('',(9.518255596667E-1,3.066400234235E-1,0.E0));
#3317=VECTOR('',#3316,3.E-3);
#3318=CARTESIAN_POINT('',(-1.595547667901E-2,5.308007992973E-2,5.1E-2));
#3319=LINE('',#3318,#3317);
#3320=DIRECTION('',(3.066400234235E-1,-9.518255596667E-1,0.E0));
#3321=VECTOR('',#3320,1.955641101617E-2);
#3322=CARTESIAN_POINT('',(-1.310000000001E-2,5.4E-2,5.1E-2));
#3323=LINE('',#3322,#3321);
#3324=CARTESIAN_POINT('',(-2.692477058335E-2,2.9E-2,5.1E-2));
#3325=DIRECTION('',(0.E0,0.E0,-1.E0));
#3326=DIRECTION('',(9.518255596667E-1,3.066400234235E-1,0.E0));
#3327=AXIS2_PLACEMENT_3D('',#3324,#3325,#3326);
#3329=DIRECTION('',(-2.399101481970E-1,-9.707950972229E-1,0.E0));
#3330=VECTOR('',#3329,3.914721686574E-2);
#3331=CARTESIAN_POINT('',(-6.708185400250E-3,2.400392620318E-2,5.1E-2));
#3332=LINE('',#3331,#3330);
#3333=DIRECTION('',(0.E0,0.E0,-1.E0));
#3334=VECTOR('',#3333,3.E-2);
#3335=CARTESIAN_POINT('',(1.589999999999E-2,-1.4E-2,5.1E-2));
#3336=LINE('',#3335,#3334);
#3337=DIRECTION('',(-1.E0,0.E0,0.E0));
#3338=VECTOR('',#3337,6.E-3);
#3339=CARTESIAN_POINT('',(2.189999999999E-2,-3.9E-2,5.9E-2));
#3340=LINE('',#3339,#3338);
#3341=DIRECTION('',(0.E0,-1.E0,0.E0));
#3342=VECTOR('',#3341,2.5E-2);
#3343=CARTESIAN_POINT('',(1.589999999999E-2,-1.4E-2,5.9E-2));
#3344=LINE('',#3343,#3342);
#3345=DIRECTION('',(-1.E0,0.E0,0.E0));
#3346=VECTOR('',#3345,6.E-3);
#3347=CARTESIAN_POINT('',(2.189999999999E-2,-1.4E-2,5.9E-2));
#3348=LINE('',#3347,#3346);
#3349=DIRECTION('',(-1.E0,0.E0,0.E0));
#3350=VECTOR('',#3349,4.4E-2);
#3351=CARTESIAN_POINT('',(2.189999999999E-2,6.6E-2,5.9E-2));
#3352=LINE('',#3351,#3350);
#3353=DIRECTION('',(-1.E0,0.E0,0.E0));
#3354=VECTOR('',#3353,6.E-3);
#3355=CARTESIAN_POINT('',(-1.610000000001E-2,-1.4E-2,5.9E-2));
#3356=LINE('',#3355,#3354);
#3357=DIRECTION('',(0.E0,-1.E0,0.E0));
#3358=VECTOR('',#3357,2.5E-2);
#3359=CARTESIAN_POINT('',(-1.610000000001E-2,-1.4E-2,5.9E-2));
#3360=LINE('',#3359,#3358);
#3361=DIRECTION('',(-1.E0,0.E0,0.E0));
#3362=VECTOR('',#3361,6.E-3);
#3363=CARTESIAN_POINT('',(-1.610000000001E-2,-3.9E-2,5.9E-2));
#3364=LINE('',#3363,#3362);
#3365=DIRECTION('',(0.E0,-1.E0,0.E0));
#3366=VECTOR('',#3365,1.1E-2);
#3367=CARTESIAN_POINT('',(8.9E-3,-7.2E-2,5.9E-2));
#3368=LINE('',#3367,#3366);
#3369=CARTESIAN_POINT('',(8.9E-3,-8.3E-2,7.1E-2));
#3370=DIRECTION('',(-1.E0,0.E0,0.E0));
#3371=DIRECTION('',(0.E0,0.E0,-1.E0));
#3372=AXIS2_PLACEMENT_3D('',#3369,#3370,#3371);
#3374=DIRECTION('',(0.E0,0.E0,1.E0));
#3375=VECTOR('',#3374,3.4E-2);
#3376=CARTESIAN_POINT('',(8.9E-3,-9.5E-2,7.1E-2));
#3377=LINE('',#3376,#3375);
#3378=DIRECTION('',(0.E0,1.E0,0.E0));
#3379=VECTOR('',#3378,6.E-3);
#3380=CARTESIAN_POINT('',(8.9E-3,-9.5E-2,1.05E-1));
#3381=LINE('',#3380,#3379);
#3382=DIRECTION('',(0.E0,0.E0,-1.E0));
#3383=VECTOR('',#3382,3.4E-2);
#3384=CARTESIAN_POINT('',(8.9E-3,-8.9E-2,1.05E-1));
#3385=LINE('',#3384,#3383);
#3386=CARTESIAN_POINT('',(8.9E-3,-8.3E-2,7.1E-2));
#3387=DIRECTION('',(1.E0,0.E0,0.E0));
#3388=DIRECTION('',(0.E0,-1.E0,0.E0));
#3389=AXIS2_PLACEMENT_3D('',#3386,#3387,#3388);
#3391=DIRECTION('',(0.E0,1.E0,0.E0));
#3392=VECTOR('',#3391,1.1E-2);
#3393=CARTESIAN_POINT('',(8.9E-3,-8.3E-2,6.5E-2));
#3394=LINE('',#3393,#3392);
#3395=DIRECTION('',(-1.E0,0.E0,0.E0));
#3396=VECTOR('',#3395,1.8E-2);
#3397=CARTESIAN_POINT('',(8.9E-3,-8.3E-2,5.9E-2));
#3398=LINE('',#3397,#3396);
#3399=DIRECTION('',(0.E0,1.E0,0.E0));
#3400=VECTOR('',#3399,1.1E-2);
#3401=CARTESIAN_POINT('',(-9.1E-3,-8.3E-2,6.5E-2));
#3402=LINE('',#3401,#3400);
#3403=CARTESIAN_POINT('',(-9.1E-3,-8.3E-2,7.1E-2));
#3404=DIRECTION('',(1.E0,0.E0,0.E0));
#3405=DIRECTION('',(0.E0,-1.E0,0.E0));
#3406=AXIS2_PLACEMENT_3D('',#3403,#3404,#3405);
#3408=DIRECTION('',(0.E0,0.E0,-1.E0));
#3409=VECTOR('',#3408,3.4E-2);
#3410=CARTESIAN_POINT('',(-9.1E-3,-8.9E-2,1.05E-1));
#3411=LINE('',#3410,#3409);
#3412=DIRECTION('',(0.E0,1.E0,0.E0));
#3413=VECTOR('',#3412,6.E-3);
#3414=CARTESIAN_POINT('',(-9.1E-3,-9.5E-2,1.05E-1));
#3415=LINE('',#3414,#3413);
#3416=DIRECTION('',(0.E0,0.E0,1.E0));
#3417=VECTOR('',#3416,3.4E-2);
#3418=CARTESIAN_POINT('',(-9.1E-3,-9.5E-2,7.1E-2));
#3419=LINE('',#3418,#3417);
#3420=CARTESIAN_POINT('',(-9.1E-3,-8.3E-2,7.1E-2));
#3421=DIRECTION('',(-1.E0,0.E0,0.E0));
#3422=DIRECTION('',(0.E0,0.E0,-1.E0));
#3423=AXIS2_PLACEMENT_3D('',#3420,#3421,#3422);
#3425=DIRECTION('',(0.E0,-1.E0,0.E0));
#3426=VECTOR('',#3425,1.1E-2);
#3427=CARTESIAN_POINT('',(-9.1E-3,-7.2E-2,5.9E-2));
#3428=LINE('',#3427,#3426);
#3429=DIRECTION('',(-1.E0,0.E0,0.E0));
#3430=VECTOR('',#3429,1.8E-2);
#3431=CARTESIAN_POINT('',(8.9E-3,-8.3E-2,6.5E-2));
#3432=LINE('',#3431,#3430);
#3433=DIRECTION('',(-1.E0,0.E0,0.E0));
#3434=VECTOR('',#3433,1.8E-2);
#3435=CARTESIAN_POINT('',(8.9E-3,-8.9E-2,7.1E-2));
#3436=LINE('',#3435,#3434);
#3437=DIRECTION('',(-1.E0,0.E0,0.E0));
#3438=VECTOR('',#3437,1.8E-2);
#3439=CARTESIAN_POINT('',(8.9E-3,-8.9E-2,1.05E-1));
#3440=LINE('',#3439,#3438);
#3441=DIRECTION('',(-1.E0,0.E0,0.E0));
#3442=VECTOR('',#3441,1.8E-2);
#3443=CARTESIAN_POINT('',(8.9E-3,-9.5E-2,1.05E-1));
#3444=LINE('',#3443,#3442);
#3445=DIRECTION('',(-1.E0,0.E0,0.E0));
#3446=VECTOR('',#3445,1.8E-2);
#3447=CARTESIAN_POINT('',(8.9E-3,-9.5E-2,7.1E-2));
#3448=LINE('',#3447,#3446);
#3449=DIRECTION('',(0.E0,1.E0,0.E0));
#3450=VECTOR('',#3449,2.5E-2);
#3451=CARTESIAN_POINT('',(2.189999999999E-2,-3.9E-2,2.1E-2));
#3452=LINE('',#3451,#3450);
#3453=DIRECTION('',(0.E0,-1.E0,0.E0));
#3454=VECTOR('',#3453,3.3E-2);
#3455=CARTESIAN_POINT('',(2.189999999999E-2,-3.9E-2,5.9E-2));
#3456=LINE('',#3455,#3454);
#3457=DIRECTION('',(0.E0,0.E0,1.E0));
#3458=VECTOR('',#3457,6.E-3);
#3459=CARTESIAN_POINT('',(2.189999999999E-2,-7.2E-2,5.9E-2));
#3460=LINE('',#3459,#3458);
#3461=DIRECTION('',(0.E0,0.E0,-1.E0));
#3462=VECTOR('',#3461,6.E-3);
#3463=CARTESIAN_POINT('',(2.189999999999E-2,6.6E-2,6.5E-2));
#3464=LINE('',#3463,#3462);
#3465=DIRECTION('',(0.E0,-1.E0,0.E0));
#3466=VECTOR('',#3465,8.E-2);
#3467=CARTESIAN_POINT('',(2.189999999999E-2,6.6E-2,5.9E-2));
#3468=LINE('',#3467,#3466);
#3469=DIRECTION('',(0.E0,0.E0,-1.E0));
#3470=VECTOR('',#3469,3.E-2);
#3471=CARTESIAN_POINT('',(2.189999999999E-2,-1.4E-2,5.1E-2));
#3472=LINE('',#3471,#3470);
#3473=DIRECTION('',(0.E0,1.E0,0.E0));
#3474=VECTOR('',#3473,8.E-2);
#3475=CARTESIAN_POINT('',(2.189999999999E-2,-1.4E-2,-5.9E-2));
#3476=LINE('',#3475,#3474);
#3477=DIRECTION('',(0.E0,0.E0,-1.E0));
#3478=VECTOR('',#3477,6.E-3);
#3479=CARTESIAN_POINT('',(2.189999999999E-2,6.6E-2,-5.9E-2));
#3480=LINE('',#3479,#3478);
#3481=DIRECTION('',(0.E0,-1.156482317318E-14,1.E0));
#3482=VECTOR('',#3481,6.E-3);
#3483=CARTESIAN_POINT('',(2.189999999999E-2,-7.2E-2,-6.5E-2));
#3484=LINE('',#3483,#3482);
#3485=DIRECTION('',(0.E0,1.E0,0.E0));
#3486=VECTOR('',#3485,3.3E-2);
#3487=CARTESIAN_POINT('',(2.189999999999E-2,-7.2E-2,-5.9E-2));
#3488=LINE('',#3487,#3486);
#3489=DIRECTION('',(0.E0,0.E0,1.E0));
#3490=VECTOR('',#3489,3.E-2);
#3491=CARTESIAN_POINT('',(2.189999999999E-2,-1.4E-2,-5.1E-2));
#3492=LINE('',#3491,#3490);
#3493=DIRECTION('',(2.399101481970E-1,9.707950972229E-1,0.E0));
#3494=VECTOR('',#3493,4.058667775492E-2);
#3495=CARTESIAN_POINT('',(-2.210000000001E-2,-1.4E-2,2.1E-2));
#3496=LINE('',#3495,#3494);
#3497=DIRECTION('',(0.E0,1.E0,0.E0));
#3498=VECTOR('',#3497,2.5E-2);
#3499=CARTESIAN_POINT('',(-2.210000000001E-2,-3.9E-2,2.1E-2));
#3500=LINE('',#3499,#3498);
#3501=DIRECTION('',(-2.399101481970E-1,-9.707950972229E-1,0.E0));
#3502=VECTOR('',#3501,3.914721686574E-2);
#3503=CARTESIAN_POINT('',(-6.708185400250E-3,2.400392620318E-2,2.1E-2));
#3504=LINE('',#3503,#3502);
#3505=CARTESIAN_POINT('',(-2.692477058335E-2,2.9E-2,2.1E-2));
#3506=DIRECTION('',(0.E0,0.E0,-1.E0));
#3507=DIRECTION('',(9.518255596667E-1,3.066400234235E-1,0.E0));
#3508=AXIS2_PLACEMENT_3D('',#3505,#3506,#3507);
#3510=DIRECTION('',(3.066400234235E-1,-9.518255596667E-1,0.E0));
#3511=VECTOR('',#3510,1.955641101617E-2);
#3512=CARTESIAN_POINT('',(-1.310000000001E-2,5.4E-2,2.1E-2));
#3513=LINE('',#3512,#3511);
#3514=DIRECTION('',(9.518255596667E-1,3.066400234235E-1,0.E0));
#3515=VECTOR('',#3514,3.E-3);
#3516=CARTESIAN_POINT('',(-1.595547667901E-2,5.308007992973E-2,2.1E-2));
#3517=LINE('',#3516,#3515);
#3518=DIRECTION('',(4.562150678010E-1,8.898695476930E-1,0.E0));
#3519=VECTOR('',#3518,3.994828869549E-3);
#3520=CARTESIAN_POINT('',(-1.777797780258E-2,4.952520337047E-2,2.1E-2));
#3521=LINE('',#3520,#3519);
#3522=DIRECTION('',(-3.066400234235E-1,9.518255596667E-1,0.E0));
#3523=VECTOR('',#3522,1.673164043283E-2);
#3524=CARTESIAN_POINT('',(-1.264738718835E-2,3.359960035135E-2,2.1E-2));
#3525=LINE('',#3524,#3523);
#3526=CARTESIAN_POINT('',(-2.692477058335E-2,2.9E-2,2.1E-2));
#3527=DIRECTION('',(0.E0,0.E0,1.E0));
#3528=DIRECTION('',(9.707950972229E-1,-2.399101481970E-1,0.E0));
#3529=AXIS2_PLACEMENT_3D('',#3526,#3527,#3528);
#3531=DIRECTION('',(2.399101481970E-1,-9.707950972229E-1,0.E0));
#3532=VECTOR('',#3531,4.058667775492E-2);
#3533=CARTESIAN_POINT('',(1.216284412498E-2,2.540134777705E-2,2.1E-2));
#3534=LINE('',#3533,#3532);
#3535=CARTESIAN_POINT('',(2.672477058333E-2,2.9E-2,2.1E-2));
#3536=DIRECTION('',(0.E0,0.E0,1.E0));
#3537=DIRECTION('',(-9.518255596667E-1,3.066400234235E-1,0.E0));
#3538=AXIS2_PLACEMENT_3D('',#3535,#3536,#3537);
#3540=DIRECTION('',(-3.066400234235E-1,-9.518255596667E-1,0.E0));
#3541=VECTOR('',#3540,1.673164043283E-2);
#3542=CARTESIAN_POINT('',(1.757797780257E-2,4.952520337047E-2,2.1E-2));
#3543=LINE('',#3542,#3541);
#3544=DIRECTION('',(4.562150678010E-1,-8.898695476930E-1,0.E0));
#3545=VECTOR('',#3544,3.994828869549E-3);
#3546=CARTESIAN_POINT('',(1.575547667899E-2,5.308007992973E-2,2.1E-2));
#3547=LINE('',#3546,#3545);
#3548=DIRECTION('',(9.518255596667E-1,-3.066400234235E-1,0.E0));
#3549=VECTOR('',#3548,3.E-3);
#3550=CARTESIAN_POINT('',(1.289999999999E-2,5.4E-2,2.1E-2));
#3551=LINE('',#3550,#3549);
#3552=DIRECTION('',(3.066400234235E-1,9.518255596667E-1,0.E0));
#3553=VECTOR('',#3552,1.955641101617E-2);
#3554=CARTESIAN_POINT('',(6.903221667913E-3,3.538570813946E-2,2.1E-2));
#3555=LINE('',#3554,#3553);
#3556=CARTESIAN_POINT('',(2.672477058333E-2,2.9E-2,2.1E-2));
#3557=DIRECTION('',(0.E0,0.E0,-1.E0));
#3558=DIRECTION('',(-9.707950972229E-1,-2.399101481970E-1,0.E0));
#3559=AXIS2_PLACEMENT_3D('',#3556,#3557,#3558);
#3561=DIRECTION('',(-2.399101481970E-1,9.707950972229E-1,0.E0));
#3562=VECTOR('',#3561,3.914721686574E-2);
#3563=CARTESIAN_POINT('',(1.589999999999E-2,-1.4E-2,2.1E-2));
#3564=LINE('',#3563,#3562);
#3565=DIRECTION('',(0.E0,1.E0,0.E0));
#3566=VECTOR('',#3565,2.5E-2);
#3567=CARTESIAN_POINT('',(1.589999999999E-2,-3.9E-2,2.1E-2));
#3568=LINE('',#3567,#3566);
#3569=DIRECTION('',(0.E0,0.E0,1.E0));
#3570=VECTOR('',#3569,3.E-2);
#3571=CARTESIAN_POINT('',(-1.236284412500E-2,2.540134777705E-2,2.1E-2));
#3572=LINE('',#3571,#3570);
#3573=DIRECTION('',(0.E0,0.E0,1.E0));
#3574=VECTOR('',#3573,3.E-2);
#3575=CARTESIAN_POINT('',(-1.264738718835E-2,3.359960035135E-2,2.1E-2));
#3576=LINE('',#3575,#3574);
#3577=DIRECTION('',(0.E0,0.E0,1.E0));
#3578=VECTOR('',#3577,3.E-2);
#3579=CARTESIAN_POINT('',(-1.777797780258E-2,4.952520337047E-2,2.1E-2));
#3580=LINE('',#3579,#3578);
#3581=DIRECTION('',(0.E0,0.E0,1.E0));
#3582=VECTOR('',#3581,3.E-2);
#3583=CARTESIAN_POINT('',(-1.595547667901E-2,5.308007992973E-2,2.1E-2));
#3584=LINE('',#3583,#3582);
#3585=DIRECTION('',(0.E0,0.E0,1.E0));
#3586=VECTOR('',#3585,3.E-2);
#3587=CARTESIAN_POINT('',(-1.310000000001E-2,5.4E-2,2.1E-2));
#3588=LINE('',#3587,#3586);
#3589=DIRECTION('',(0.E0,0.E0,1.E0));
#3590=VECTOR('',#3589,3.E-2);
#3591=CARTESIAN_POINT('',(-7.103221667931E-3,3.538570813946E-2,2.1E-2));
#3592=LINE('',#3591,#3590);
#3593=DIRECTION('',(0.E0,0.E0,1.E0));
#3594=VECTOR('',#3593,3.E-2);
#3595=CARTESIAN_POINT('',(-6.708185400250E-3,2.400392620318E-2,2.1E-2));
#3596=LINE('',#3595,#3594);
#3597=DIRECTION('',(0.E0,0.E0,-1.E0));
#3598=VECTOR('',#3597,3.E-2);
#3599=CARTESIAN_POINT('',(-1.610000000001E-2,-1.4E-2,5.1E-2));
#3600=LINE('',#3599,#3598);
#3601=DIRECTION('',(0.E0,1.E0,0.E0));
#3602=VECTOR('',#3601,2.5E-2);
#3603=CARTESIAN_POINT('',(-1.610000000001E-2,-3.9E-2,2.1E-2));
#3604=LINE('',#3603,#3602);
#3605=DIRECTION('',(0.E0,0.E0,-1.E0));
#3606=VECTOR('',#3605,3.8E-2);
#3607=CARTESIAN_POINT('',(1.589999999999E-2,-3.9E-2,-2.1E-2));
#3608=LINE('',#3607,#3606);
#3609=DIRECTION('',(-1.E0,0.E0,0.E0));
#3610=VECTOR('',#3609,6.E-3);
#3611=CARTESIAN_POINT('',(2.189999999999E-2,-3.9E-2,-2.1E-2));
#3612=LINE('',#3611,#3610);
#3613=DIRECTION('',(0.E0,0.E0,1.E0));
#3614=VECTOR('',#3613,3.8E-2);
#3615=CARTESIAN_POINT('',(2.189999999999E-2,-3.9E-2,-5.9E-2));
#3616=LINE('',#3615,#3614);
#3617=DIRECTION('',(0.E0,0.E0,-1.E0));
#3618=VECTOR('',#3617,3.8E-2);
#3619=CARTESIAN_POINT('',(-2.210000000001E-2,-3.9E-2,-2.1E-2));
#3620=LINE('',#3619,#3618);
#3621=DIRECTION('',(-1.E0,0.E0,0.E0));
#3622=VECTOR('',#3621,6.E-3);
#3623=CARTESIAN_POINT('',(-1.610000000001E-2,-3.9E-2,-2.1E-2));
#3624=LINE('',#3623,#3622);
#3625=DIRECTION('',(0.E0,0.E0,1.E0));
#3626=VECTOR('',#3625,3.8E-2);
#3627=CARTESIAN_POINT('',(-1.610000000001E-2,-3.9E-2,-5.9E-2));
#3628=LINE('',#3627,#3626);
#3629=DIRECTION('',(0.E0,0.E0,1.E0));
#3630=VECTOR('',#3629,3.8E-2);
#3631=CARTESIAN_POINT('',(2.189999999999E-2,-3.9E-2,2.1E-2));
#3632=LINE('',#3631,#3630);
#3633=DIRECTION('',(1.E0,0.E0,0.E0));
#3634=VECTOR('',#3633,6.E-3);
#3635=CARTESIAN_POINT('',(1.589999999999E-2,-3.9E-2,2.1E-2));
#3636=LINE('',#3635,#3634);
#3637=DIRECTION('',(0.E0,0.E0,-1.E0));
#3638=VECTOR('',#3637,3.8E-2);
#3639=CARTESIAN_POINT('',(1.589999999999E-2,-3.9E-2,5.9E-2));
#3640=LINE('',#3639,#3638);
#3641=DIRECTION('',(0.E0,0.E0,1.E0));
#3642=VECTOR('',#3641,3.8E-2);
#3643=CARTESIAN_POINT('',(-1.610000000001E-2,-3.9E-2,2.1E-2));
#3644=LINE('',#3643,#3642);
#3645=DIRECTION('',(1.E0,0.E0,0.E0));
#3646=VECTOR('',#3645,6.E-3);
#3647=CARTESIAN_POINT('',(-2.210000000001E-2,-3.9E-2,2.1E-2));
#3648=LINE('',#3647,#3646);
#3649=DIRECTION('',(0.E0,0.E0,-1.E0));
#3650=VECTOR('',#3649,3.8E-2);
#3651=CARTESIAN_POINT('',(-2.210000000001E-2,-3.9E-2,5.9E-2));
#3652=LINE('',#3651,#3650);
#3653=DIRECTION('',(-1.E0,0.E0,0.E0));
#3654=VECTOR('',#3653,1.300000000001E-2);
#3655=CARTESIAN_POINT('',(-9.1E-3,-7.2E-2,-5.9E-2));
#3656=LINE('',#3655,#3654);
#3657=DIRECTION('',(-1.E0,0.E0,0.E0));
#3658=VECTOR('',#3657,6.E-3);
#3659=CARTESIAN_POINT('',(-1.610000000001E-2,-3.9E-2,-5.9E-2));
#3660=LINE('',#3659,#3658);
#3661=DIRECTION('',(0.E0,-1.E0,0.E0));
#3662=VECTOR('',#3661,2.5E-2);
#3663=CARTESIAN_POINT('',(-1.610000000001E-2,-1.4E-2,-5.9E-2));
#3664=LINE('',#3663,#3662);
#3665=DIRECTION('',(-1.E0,0.E0,0.E0));
#3666=VECTOR('',#3665,6.E-3);
#3667=CARTESIAN_POINT('',(-1.610000000001E-2,-1.4E-2,-5.9E-2));
#3668=LINE('',#3667,#3666);
#3669=DIRECTION('',(-1.E0,0.E0,0.E0));
#3670=VECTOR('',#3669,6.E-3);
#3671=CARTESIAN_POINT('',(2.189999999999E-2,-1.4E-2,-5.9E-2));
#3672=LINE('',#3671,#3670);
#3673=DIRECTION('',(0.E0,-1.E0,0.E0));
#3674=VECTOR('',#3673,2.5E-2);
#3675=CARTESIAN_POINT('',(1.589999999999E-2,-1.4E-2,-5.9E-2));
#3676=LINE('',#3675,#3674);
#3677=DIRECTION('',(-1.E0,0.E0,0.E0));
#3678=VECTOR('',#3677,6.E-3);
#3679=CARTESIAN_POINT('',(2.189999999999E-2,-3.9E-2,-5.9E-2));
#3680=LINE('',#3679,#3678);
#3681=DIRECTION('',(-1.E0,0.E0,0.E0));
#3682=VECTOR('',#3681,1.299999999999E-2);
#3683=CARTESIAN_POINT('',(2.189999999999E-2,-7.2E-2,-5.9E-2));
#3684=LINE('',#3683,#3682);
#3685=DIRECTION('',(-1.E0,0.E0,0.E0));
#3686=VECTOR('',#3685,1.8E-2);
#3687=CARTESIAN_POINT('',(8.9E-3,-8.3E-2,-5.9E-2));
#3688=LINE('',#3687,#3686);
#3689=DIRECTION('',(0.E0,1.E0,0.E0));
#3690=VECTOR('',#3689,1.1E-2);
#3691=CARTESIAN_POINT('',(-9.1E-3,-8.3E-2,-5.9E-2));
#3692=LINE('',#3691,#3690);
#3693=CARTESIAN_POINT('',(-9.1E-3,-8.3E-2,-7.1E-2));
#3694=DIRECTION('',(-1.E0,0.E0,0.E0));
#3695=DIRECTION('',(0.E0,-1.E0,0.E0));
#3696=AXIS2_PLACEMENT_3D('',#3693,#3694,#3695);
#3698=DIRECTION('',(0.E0,0.E0,1.E0));
#3699=VECTOR('',#3698,3.4E-2);
#3700=CARTESIAN_POINT('',(-9.1E-3,-9.5E-2,-1.05E-1));
#3701=LINE('',#3700,#3699);
#3702=DIRECTION('',(0.E0,-1.E0,0.E0));
#3703=VECTOR('',#3702,6.E-3);
#3704=CARTESIAN_POINT('',(-9.1E-3,-8.9E-2,-1.05E-1));
#3705=LINE('',#3704,#3703);
#3706=DIRECTION('',(0.E0,0.E0,-1.E0));
#3707=VECTOR('',#3706,3.4E-2);
#3708=CARTESIAN_POINT('',(-9.1E-3,-8.9E-2,-7.1E-2));
#3709=LINE('',#3708,#3707);
#3710=CARTESIAN_POINT('',(-9.1E-3,-8.3E-2,-7.1E-2));
#3711=DIRECTION('',(1.E0,0.E0,0.E0));
#3712=DIRECTION('',(0.E0,0.E0,1.E0));
#3713=AXIS2_PLACEMENT_3D('',#3710,#3711,#3712);
#3715=DIRECTION('',(0.E0,-1.E0,0.E0));
#3716=VECTOR('',#3715,1.1E-2);
#3717=CARTESIAN_POINT('',(-9.1E-3,-7.2E-2,-6.5E-2));
#3718=LINE('',#3717,#3716);
#3719=DIRECTION('',(-1.E0,0.E0,0.E0));
#3720=VECTOR('',#3719,1.8E-2);
#3721=CARTESIAN_POINT('',(8.9E-3,-9.5E-2,-7.1E-2));
#3722=LINE('',#3721,#3720);
#3723=DIRECTION('',(0.E0,-1.E0,0.E0));
#3724=VECTOR('',#3723,1.1E-2);
#3725=CARTESIAN_POINT('',(8.9E-3,-7.2E-2,-6.5E-2));
#3726=LINE('',#3725,#3724);
#3727=CARTESIAN_POINT('',(8.9E-3,-8.3E-2,-7.1E-2));
#3728=DIRECTION('',(1.E0,0.E0,0.E0));
#3729=DIRECTION('',(0.E0,0.E0,1.E0));
#3730=AXIS2_PLACEMENT_3D('',#3727,#3728,#3729);
#3732=DIRECTION('',(0.E0,0.E0,-1.E0));
#3733=VECTOR('',#3732,3.4E-2);
#3734=CARTESIAN_POINT('',(8.9E-3,-8.9E-2,-7.1E-2));
#3735=LINE('',#3734,#3733);
#3736=DIRECTION('',(0.E0,-1.E0,0.E0));
#3737=VECTOR('',#3736,6.E-3);
#3738=CARTESIAN_POINT('',(8.9E-3,-8.9E-2,-1.05E-1));
#3739=LINE('',#3738,#3737);
#3740=DIRECTION('',(0.E0,0.E0,1.E0));
#3741=VECTOR('',#3740,3.4E-2);
#3742=CARTESIAN_POINT('',(8.9E-3,-9.5E-2,-1.05E-1));
#3743=LINE('',#3742,#3741);
#3744=CARTESIAN_POINT('',(8.9E-3,-8.3E-2,-7.1E-2));
#3745=DIRECTION('',(-1.E0,0.E0,0.E0));
#3746=DIRECTION('',(0.E0,-1.E0,0.E0));
#3747=AXIS2_PLACEMENT_3D('',#3744,#3745,#3746);
#3749=DIRECTION('',(0.E0,1.E0,0.E0));
#3750=VECTOR('',#3749,1.1E-2);
#3751=CARTESIAN_POINT('',(8.9E-3,-8.3E-2,-5.9E-2));
#3752=LINE('',#3751,#3750);
#3753=DIRECTION('',(-1.E0,0.E0,0.E0));
#3754=VECTOR('',#3753,1.8E-2);
#3755=CARTESIAN_POINT('',(8.9E-3,-8.3E-2,-6.5E-2));
#3756=LINE('',#3755,#3754);
#3757=DIRECTION('',(-1.E0,0.E0,0.E0));
#3758=VECTOR('',#3757,1.8E-2);
#3759=CARTESIAN_POINT('',(8.9E-3,-8.9E-2,-7.1E-2));
#3760=LINE('',#3759,#3758);
#3761=DIRECTION('',(-1.E0,0.E0,0.E0));
#3762=VECTOR('',#3761,1.8E-2);
#3763=CARTESIAN_POINT('',(8.9E-3,-8.9E-2,-1.05E-1));
#3764=LINE('',#3763,#3762);
#3765=DIRECTION('',(-1.E0,0.E0,0.E0));
#3766=VECTOR('',#3765,1.8E-2);
#3767=CARTESIAN_POINT('',(8.9E-3,-9.5E-2,-1.05E-1));
#3768=LINE('',#3767,#3766);
#3769=DIRECTION('',(0.E0,0.E0,1.E0));
#3770=VECTOR('',#3769,3.E-2);
#3771=CARTESIAN_POINT('',(-1.610000000001E-2,-1.4E-2,-5.1E-2));
#3772=LINE('',#3771,#3770);
#3773=DIRECTION('',(2.399101481970E-1,9.707950972229E-1,0.E0));
#3774=VECTOR('',#3773,3.914721686574E-2);
#3775=CARTESIAN_POINT('',(-1.610000000001E-2,-1.4E-2,-2.1E-2));
#3776=LINE('',#3775,#3774);
#3777=DIRECTION('',(0.E0,1.E0,0.E0));
#3778=VECTOR('',#3777,2.5E-2);
#3779=CARTESIAN_POINT('',(-1.610000000001E-2,-3.9E-2,-2.1E-2));
#3780=LINE('',#3779,#3778);
#3781=DIRECTION('',(-2.399101481970E-1,-9.707950972229E-1,0.E0));
#3782=VECTOR('',#3781,4.058667775492E-2);
#3783=CARTESIAN_POINT('',(-1.236284412500E-2,2.540134777705E-2,-2.1E-2));
#3784=LINE('',#3783,#3782);
#3785=CARTESIAN_POINT('',(-2.692477058335E-2,2.9E-2,-2.1E-2));
#3786=DIRECTION('',(0.E0,0.E0,-1.E0));
#3787=DIRECTION('',(9.518255596667E-1,3.066400234235E-1,0.E0));
#3788=AXIS2_PLACEMENT_3D('',#3785,#3786,#3787);
#3790=DIRECTION('',(3.066400234235E-1,-9.518255596667E-1,0.E0));
#3791=VECTOR('',#3790,1.673164043283E-2);
#3792=CARTESIAN_POINT('',(-1.777797780258E-2,4.952520337047E-2,-2.1E-2));
#3793=LINE('',#3792,#3791);
#3794=DIRECTION('',(-4.562150678010E-1,-8.898695476930E-1,0.E0));
#3795=VECTOR('',#3794,3.994828869549E-3);
#3796=CARTESIAN_POINT('',(-1.595547667901E-2,5.308007992973E-2,-2.1E-2));
#3797=LINE('',#3796,#3795);
#3798=DIRECTION('',(-9.518255596667E-1,-3.066400234235E-1,0.E0));
#3799=VECTOR('',#3798,3.E-3);
#3800=CARTESIAN_POINT('',(-1.310000000001E-2,5.4E-2,-2.1E-2));
#3801=LINE('',#3800,#3799);
#3802=DIRECTION('',(-3.066400234235E-1,9.518255596667E-1,0.E0));
#3803=VECTOR('',#3802,1.955641101617E-2);
#3804=CARTESIAN_POINT('',(-7.103221667931E-3,3.538570813946E-2,-2.1E-2));
#3805=LINE('',#3804,#3803);
#3806=CARTESIAN_POINT('',(-2.692477058335E-2,2.9E-2,-2.1E-2));
#3807=DIRECTION('',(0.E0,0.E0,1.E0));
#3808=DIRECTION('',(9.707950972229E-1,-2.399101481970E-1,0.E0));
#3809=AXIS2_PLACEMENT_3D('',#3806,#3807,#3808);
#3811=DIRECTION('',(2.399101481970E-1,-9.707950972229E-1,0.E0));
#3812=VECTOR('',#3811,3.914721686574E-2);
#3813=CARTESIAN_POINT('',(6.508185400232E-3,2.400392620318E-2,-2.1E-2));
#3814=LINE('',#3813,#3812);
#3815=CARTESIAN_POINT('',(2.672477058333E-2,2.9E-2,-2.1E-2));
#3816=DIRECTION('',(0.E0,0.E0,1.E0));
#3817=DIRECTION('',(-9.518255596667E-1,3.066400234235E-1,0.E0));
#3818=AXIS2_PLACEMENT_3D('',#3815,#3816,#3817);
#3820=DIRECTION('',(-3.066400234235E-1,-9.518255596667E-1,0.E0));
#3821=VECTOR('',#3820,1.955641101617E-2);
#3822=CARTESIAN_POINT('',(1.289999999999E-2,5.4E-2,-2.1E-2));
#3823=LINE('',#3822,#3821);
#3824=DIRECTION('',(-9.518255596667E-1,3.066400234235E-1,0.E0));
#3825=VECTOR('',#3824,3.E-3);
#3826=CARTESIAN_POINT('',(1.575547667899E-2,5.308007992973E-2,-2.1E-2));
#3827=LINE('',#3826,#3825);
#3828=DIRECTION('',(-4.562150678010E-1,8.898695476930E-1,0.E0));
#3829=VECTOR('',#3828,3.994828869549E-3);
#3830=CARTESIAN_POINT('',(1.757797780257E-2,4.952520337047E-2,-2.1E-2));
#3831=LINE('',#3830,#3829);
#3832=DIRECTION('',(3.066400234235E-1,9.518255596667E-1,0.E0));
#3833=VECTOR('',#3832,1.673164043283E-2);
#3834=CARTESIAN_POINT('',(1.244738718833E-2,3.359960035135E-2,-2.1E-2));
#3835=LINE('',#3834,#3833);
#3836=CARTESIAN_POINT('',(2.672477058333E-2,2.9E-2,-2.1E-2));
#3837=DIRECTION('',(0.E0,0.E0,-1.E0));
#3838=DIRECTION('',(-9.707950972229E-1,-2.399101481970E-1,0.E0));
#3839=AXIS2_PLACEMENT_3D('',#3836,#3837,#3838);
#3841=DIRECTION('',(-2.399101481970E-1,9.707950972229E-1,0.E0));
#3842=VECTOR('',#3841,4.058667775492E-2);
#3843=CARTESIAN_POINT('',(2.189999999999E-2,-1.4E-2,-2.1E-2));
#3844=LINE('',#3843,#3842);
#3845=DIRECTION('',(0.E0,1.E0,0.E0));
#3846=VECTOR('',#3845,2.5E-2);
#3847=CARTESIAN_POINT('',(2.189999999999E-2,-3.9E-2,-2.1E-2));
#3848=LINE('',#3847,#3846);
#3849=DIRECTION('',(0.E0,0.E0,-1.E0));
#3850=VECTOR('',#3849,3.E-2);
#3851=CARTESIAN_POINT('',(-1.236284412500E-2,2.540134777705E-2,-2.1E-2));
#3852=LINE('',#3851,#3850);
#3853=DIRECTION('',(-2.399101481970E-1,9.707950972229E-1,0.E0));
#3854=VECTOR('',#3853,4.058667775492E-2);
#3855=CARTESIAN_POINT('',(2.189999999999E-2,-1.4E-2,-5.1E-2));
#3856=LINE('',#3855,#3854);
#3857=CARTESIAN_POINT('',(2.672477058333E-2,2.9E-2,-5.1E-2));
#3858=DIRECTION('',(0.E0,0.E0,-1.E0));
#3859=DIRECTION('',(-9.707950972229E-1,-2.399101481970E-1,0.E0));
#3860=AXIS2_PLACEMENT_3D('',#3857,#3858,#3859);
#3862=DIRECTION('',(3.066400234235E-1,9.518255596667E-1,0.E0));
#3863=VECTOR('',#3862,1.673164043283E-2);
#3864=CARTESIAN_POINT('',(1.244738718833E-2,3.359960035135E-2,-5.1E-2));
#3865=LINE('',#3864,#3863);
#3866=DIRECTION('',(-4.562150678010E-1,8.898695476930E-1,0.E0));
#3867=VECTOR('',#3866,3.994828869549E-3);
#3868=CARTESIAN_POINT('',(1.757797780257E-2,4.952520337047E-2,-5.1E-2));
#3869=LINE('',#3868,#3867);
#3870=DIRECTION('',(-9.518255596667E-1,3.066400234235E-1,0.E0));
#3871=VECTOR('',#3870,3.E-3);
#3872=CARTESIAN_POINT('',(1.575547667899E-2,5.308007992973E-2,-5.1E-2));
#3873=LINE('',#3872,#3871);
#3874=DIRECTION('',(-3.066400234235E-1,-9.518255596667E-1,0.E0));
#3875=VECTOR('',#3874,1.955641101617E-2);
#3876=CARTESIAN_POINT('',(1.289999999999E-2,5.4E-2,-5.1E-2));
#3877=LINE('',#3876,#3875);
#3878=CARTESIAN_POINT('',(2.672477058333E-2,2.9E-2,-5.1E-2));
#3879=DIRECTION('',(0.E0,0.E0,1.E0));
#3880=DIRECTION('',(-9.518255596667E-1,3.066400234235E-1,0.E0));
#3881=AXIS2_PLACEMENT_3D('',#3878,#3879,#3880);
#3883=DIRECTION('',(2.399101481970E-1,-9.707950972229E-1,0.E0));
#3884=VECTOR('',#3883,3.914721686574E-2);
#3885=CARTESIAN_POINT('',(6.508185400232E-3,2.400392620318E-2,-5.1E-2));
#3886=LINE('',#3885,#3884);
#3887=DIRECTION('',(2.399101481970E-1,9.707950972229E-1,0.E0));
#3888=VECTOR('',#3887,3.914721686574E-2);
#3889=CARTESIAN_POINT('',(-1.610000000001E-2,-1.4E-2,-5.1E-2));
#3890=LINE('',#3889,#3888);
#3891=CARTESIAN_POINT('',(-2.692477058335E-2,2.9E-2,-5.1E-2));
#3892=DIRECTION('',(0.E0,0.E0,1.E0));
#3893=DIRECTION('',(9.707950972229E-1,-2.399101481970E-1,0.E0));
#3894=AXIS2_PLACEMENT_3D('',#3891,#3892,#3893);
#3896=DIRECTION('',(-3.066400234235E-1,9.518255596667E-1,0.E0));
#3897=VECTOR('',#3896,1.955641101617E-2);
#3898=CARTESIAN_POINT('',(-7.103221667931E-3,3.538570813946E-2,-5.1E-2));
#3899=LINE('',#3898,#3897);
#3900=DIRECTION('',(-9.518255596667E-1,-3.066400234235E-1,0.E0));
#3901=VECTOR('',#3900,3.E-3);
#3902=CARTESIAN_POINT('',(-1.310000000001E-2,5.4E-2,-5.1E-2));
#3903=LINE('',#3902,#3901);
#3904=DIRECTION('',(-4.562150678010E-1,-8.898695476930E-1,0.E0));
#3905=VECTOR('',#3904,3.994828869549E-3);
#3906=CARTESIAN_POINT('',(-1.595547667901E-2,5.308007992973E-2,-5.1E-2));
#3907=LINE('',#3906,#3905);
#3908=DIRECTION('',(3.066400234235E-1,-9.518255596667E-1,0.E0));
#3909=VECTOR('',#3908,1.673164043283E-2);
#3910=CARTESIAN_POINT('',(-1.777797780258E-2,4.952520337047E-2,-5.1E-2));
#3911=LINE('',#3910,#3909);
#3912=CARTESIAN_POINT('',(-2.692477058335E-2,2.9E-2,-5.1E-2));
#3913=DIRECTION('',(0.E0,0.E0,-1.E0));
#3914=DIRECTION('',(9.518255596667E-1,3.066400234235E-1,0.E0));
#3915=AXIS2_PLACEMENT_3D('',#3912,#3913,#3914);
#3917=DIRECTION('',(-2.399101481970E-1,-9.707950972229E-1,0.E0));
#3918=VECTOR('',#3917,4.058667775492E-2);
#3919=CARTESIAN_POINT('',(-1.236284412500E-2,2.540134777705E-2,-5.1E-2));
#3920=LINE('',#3919,#3918);
#3921=DIRECTION('',(0.E0,0.E0,-1.E0));
#3922=VECTOR('',#3921,3.E-2);
#3923=CARTESIAN_POINT('',(1.216284412498E-2,2.540134777705E-2,-2.1E-2));
#3924=LINE('',#3923,#3922);
#3925=DIRECTION('',(0.E0,0.E0,-1.E0));
#3926=VECTOR('',#3925,3.E-2);
#3927=CARTESIAN_POINT('',(1.244738718833E-2,3.359960035135E-2,-2.1E-2));
#3928=LINE('',#3927,#3926);
#3929=DIRECTION('',(0.E0,0.E0,-1.E0));
#3930=VECTOR('',#3929,3.E-2);
#3931=CARTESIAN_POINT('',(1.757797780257E-2,4.952520337047E-2,-2.1E-2));
#3932=LINE('',#3931,#3930);
#3933=DIRECTION('',(0.E0,0.E0,-1.E0));
#3934=VECTOR('',#3933,3.E-2);
#3935=CARTESIAN_POINT('',(1.575547667899E-2,5.308007992973E-2,-2.1E-2));
#3936=LINE('',#3935,#3934);
#3937=DIRECTION('',(0.E0,0.E0,-1.E0));
#3938=VECTOR('',#3937,3.E-2);
#3939=CARTESIAN_POINT('',(1.289999999999E-2,5.4E-2,-2.1E-2));
#3940=LINE('',#3939,#3938);
#3941=DIRECTION('',(0.E0,0.E0,-1.E0));
#3942=VECTOR('',#3941,3.E-2);
#3943=CARTESIAN_POINT('',(6.903221667913E-3,3.538570813946E-2,-2.1E-2));
#3944=LINE('',#3943,#3942);
#3945=DIRECTION('',(0.E0,0.E0,-1.E0));
#3946=VECTOR('',#3945,3.E-2);
#3947=CARTESIAN_POINT('',(6.508185400232E-3,2.400392620318E-2,-2.1E-2));
#3948=LINE('',#3947,#3946);
#3949=DIRECTION('',(0.E0,0.E0,1.E0));
#3950=VECTOR('',#3949,3.E-2);
#3951=CARTESIAN_POINT('',(1.589999999999E-2,-1.4E-2,-5.1E-2));
#3952=LINE('',#3951,#3950);
#3953=DIRECTION('',(0.E0,1.E0,0.E0));
#3954=VECTOR('',#3953,2.5E-2);
#3955=CARTESIAN_POINT('',(1.589999999999E-2,-3.9E-2,-2.1E-2));
#3956=LINE('',#3955,#3954);
#3957=DIRECTION('',(0.E0,0.E0,-1.E0));
#3958=VECTOR('',#3957,3.E-2);
#3959=CARTESIAN_POINT('',(-6.708185400250E-3,2.400392620318E-2,-2.1E-2));
#3960=LINE('',#3959,#3958);
#3961=DIRECTION('',(0.E0,0.E0,-1.E0));
#3962=VECTOR('',#3961,3.E-2);
#3963=CARTESIAN_POINT('',(-7.103221667931E-3,3.538570813946E-2,-2.1E-2));
#3964=LINE('',#3963,#3962);
#3965=DIRECTION('',(0.E0,0.E0,-1.E0));
#3966=VECTOR('',#3965,3.E-2);
#3967=CARTESIAN_POINT('',(-1.310000000001E-2,5.4E-2,-2.1E-2));
#3968=LINE('',#3967,#3966);
#3969=DIRECTION('',(0.E0,0.E0,-1.E0));
#3970=VECTOR('',#3969,3.E-2);
#3971=CARTESIAN_POINT('',(-1.595547667901E-2,5.308007992973E-2,-2.1E-2));
#3972=LINE('',#3971,#3970);
#3973=DIRECTION('',(0.E0,0.E0,-1.E0));
#3974=VECTOR('',#3973,3.E-2);
#3975=CARTESIAN_POINT('',(-1.777797780258E-2,4.952520337047E-2,-2.1E-2));
#3976=LINE('',#3975,#3974);
#3977=DIRECTION('',(0.E0,0.E0,-1.E0));
#3978=VECTOR('',#3977,3.E-2);
#3979=CARTESIAN_POINT('',(-1.264738718835E-2,3.359960035135E-2,-2.1E-2));
#3980=LINE('',#3979,#3978);
#3981=DIRECTION('',(-1.E0,0.E0,0.E0));
#3982=VECTOR('',#3981,4.4E-2);
#3983=CARTESIAN_POINT('',(2.189999999999E-2,6.6E-2,-5.9E-2));
#3984=LINE('',#3983,#3982);
#3985=DIRECTION('',(1.E0,1.850371707705E-14,0.E0));
#3986=VECTOR('',#3985,4.500000000009E-3);
#3987=CARTESIAN_POINT('',(2.189999999999E-2,-7.2E-2,-6.5E-2));
#3988=LINE('',#3987,#3986);
#3989=DIRECTION('',(0.E0,1.E0,0.E0));
#3990=VECTOR('',#3989,1.38E-1);
#3991=CARTESIAN_POINT('',(2.189999999999E-2,-7.2E-2,-6.5E-2));
#3992=LINE('',#3991,#3990);
#3993=DIRECTION('',(-1.E0,0.E0,0.E0));
#3994=VECTOR('',#3993,4.4E-2);
#3995=CARTESIAN_POINT('',(2.189999999999E-2,6.6E-2,-6.5E-2));
#3996=LINE('',#3995,#3994);
#3997=DIRECTION('',(0.E0,1.E0,0.E0));
#3998=VECTOR('',#3997,1.38E-1);
#3999=CARTESIAN_POINT('',(-2.210000000001E-2,-7.2E-2,-6.5E-2));
#4000=LINE('',#3999,#3998);
#4001=DIRECTION('',(1.E0,-1.850371707711E-14,0.E0));
#4002=VECTOR('',#4001,4.499999999994E-3);
#4003=CARTESIAN_POINT('',(-2.66E-2,-7.2E-2,-6.5E-2));
#4004=LINE('',#4003,#4002);
#4005=DIRECTION('',(0.E0,0.E0,1.E0));
#4006=VECTOR('',#4005,3.E-2);
#4007=CARTESIAN_POINT('',(1.216284412498E-2,2.540134777705E-2,2.1E-2));
#4008=LINE('',#4007,#4006);
#4009=DIRECTION('',(0.E0,0.E0,1.E0));
#4010=VECTOR('',#4009,3.E-2);
#4011=CARTESIAN_POINT('',(1.244738718833E-2,3.359960035135E-2,2.1E-2));
#4012=LINE('',#4011,#4010);
#4013=DIRECTION('',(0.E0,0.E0,1.E0));
#4014=VECTOR('',#4013,3.E-2);
#4015=CARTESIAN_POINT('',(1.757797780257E-2,4.952520337047E-2,2.1E-2));
#4016=LINE('',#4015,#4014);
#4017=DIRECTION('',(0.E0,0.E0,1.E0));
#4018=VECTOR('',#4017,3.E-2);
#4019=CARTESIAN_POINT('',(1.575547667899E-2,5.308007992973E-2,2.1E-2));
#4020=LINE('',#4019,#4018);
#4021=DIRECTION('',(0.E0,0.E0,1.E0));
#4022=VECTOR('',#4021,3.E-2);
#4023=CARTESIAN_POINT('',(1.289999999999E-2,5.4E-2,2.1E-2));
#4024=LINE('',#4023,#4022);
#4025=DIRECTION('',(0.E0,0.E0,1.E0));
#4026=VECTOR('',#4025,3.E-2);
#4027=CARTESIAN_POINT('',(6.903221667913E-3,3.538570813946E-2,2.1E-2));
#4028=LINE('',#4027,#4026);
#4029=DIRECTION('',(0.E0,0.E0,1.E0));
#4030=VECTOR('',#4029,3.E-2);
#4031=CARTESIAN_POINT('',(6.508185400232E-3,2.400392620318E-2,2.1E-2));
#4032=LINE('',#4031,#4030);
#4033=DIRECTION('',(1.E0,0.E0,0.E0));
#4034=VECTOR('',#4033,5.3E-2);
#4035=CARTESIAN_POINT('',(-2.66E-2,-7.2E-2,-1.8E-2));
#4036=LINE('',#4035,#4034);
#4037=DIRECTION('',(-1.E0,0.E0,0.E0));
#4038=VECTOR('',#4037,5.3E-2);
#4039=CARTESIAN_POINT('',(2.639999999999E-2,6.8E-2,-1.8E-2));
#4040=LINE('',#4039,#4038);
#4041=DIRECTION('',(-6.246950475544E-1,6.246950475544E-1,-4.685212856658E-1));
#4042=VECTOR('',#4041,9.604686356149E-3);
#4043=CARTESIAN_POINT('',(3.24E-2,-8.7E-2,-4.5E-2));
#4044=LINE('',#4043,#4042);
#4045=DIRECTION('',(6.246950475544E-1,-6.246950475544E-1,-4.685212856658E-1));
#4046=VECTOR('',#4045,9.604686356149E-3);
#4047=CARTESIAN_POINT('',(2.64E-2,-8.1E-2,4.95E-2));
#4048=LINE('',#4047,#4046);
#4049=DIRECTION('',(1.E0,0.E0,0.E0));
#4050=VECTOR('',#4049,6.E-3);
#4051=CARTESIAN_POINT('',(2.64E-2,-7.9E-2,5.1E-2));
#4052=LINE('',#4051,#4050);
#4053=DIRECTION('',(0.E0,-8.E-1,-6.E-1));
#4054=VECTOR('',#4053,1.E-2);
#4055=CARTESIAN_POINT('',(3.24E-2,-7.9E-2,5.1E-2));
#4056=LINE('',#4055,#4054);
#4057=DIRECTION('',(0.E0,1.E0,0.E0));
#4058=VECTOR('',#4057,7.E-3);
#4059=CARTESIAN_POINT('',(3.24E-2,-7.9E-2,5.1E-2));
#4060=LINE('',#4059,#4058);
#4061=DIRECTION('',(0.E0,0.E0,-1.E0));
#4062=VECTOR('',#4061,2.4E-2);
#4063=CARTESIAN_POINT('',(3.24E-2,-8.7E-2,6.9E-2));
#4064=LINE('',#4063,#4062);
#4065=DIRECTION('',(0.E0,8.E-1,-6.E-1));
#4066=VECTOR('',#4065,1.E-2);
#4067=CARTESIAN_POINT('',(3.24E-2,-8.7E-2,-4.5E-2));
#4068=LINE('',#4067,#4066);
#4069=DIRECTION('',(0.E0,0.E0,-1.E0));
#4070=VECTOR('',#4069,2.4E-2);
#4071=CARTESIAN_POINT('',(3.24E-2,-8.7E-2,-4.5E-2));
#4072=LINE('',#4071,#4070);
#4073=DIRECTION('',(0.E0,0.E0,1.E0));
#4074=VECTOR('',#4073,2.6E-2);
#4075=CARTESIAN_POINT('',(-9.180000000001E-2,7.3E-2,-5.235E-2));
#4076=LINE('',#4075,#4074);
#4077=DIRECTION('',(0.E0,1.E0,0.E0));
#4078=VECTOR('',#4077,5.E-3);
#4079=CARTESIAN_POINT('',(-9.180000000001E-2,6.8E-2,-5.235E-2));
#4080=LINE('',#4079,#4078);
#4081=DIRECTION('',(0.E0,0.E0,1.E0));
#4082=VECTOR('',#4081,2.6E-2);
#4083=CARTESIAN_POINT('',(-9.180000000001E-2,6.8E-2,-5.235E-2));
#4084=LINE('',#4083,#4082);
#4085=DIRECTION('',(-1.E0,0.E0,0.E0));
#4086=VECTOR('',#4085,2.600000000002E-2);
#4087=CARTESIAN_POINT('',(-6.579999999999E-2,7.3E-2,-5.235E-2));
#4088=LINE('',#4087,#4086);
#4089=DIRECTION('',(0.E0,1.E0,0.E0));
#4090=VECTOR('',#4089,5.E-3);
#4091=CARTESIAN_POINT('',(-6.579999999999E-2,6.8E-2,-5.235E-2));
#4092=LINE('',#4091,#4090);
#4093=DIRECTION('',(-1.E0,0.E0,0.E0));
#4094=VECTOR('',#4093,2.600000000002E-2);
#4095=CARTESIAN_POINT('',(-6.579999999999E-2,6.8E-2,-5.235E-2));
#4096=LINE('',#4095,#4094);
#4097=DIRECTION('',(0.E0,0.E0,-1.E0));
#4098=VECTOR('',#4097,2.6E-2);
#4099=CARTESIAN_POINT('',(-6.579999999999E-2,7.3E-2,-2.635E-2));
#4100=LINE('',#4099,#4098);
#4101=DIRECTION('',(0.E0,1.E0,0.E0));
#4102=VECTOR('',#4101,5.E-3);
#4103=CARTESIAN_POINT('',(-6.579999999999E-2,6.8E-2,-2.635E-2));
#4104=LINE('',#4103,#4102);
#4105=DIRECTION('',(0.E0,0.E0,-1.E0));
#4106=VECTOR('',#4105,2.6E-2);
#4107=CARTESIAN_POINT('',(-6.579999999999E-2,6.8E-2,-2.635E-2));
#4108=LINE('',#4107,#4106);
#4109=DIRECTION('',(1.E0,0.E0,0.E0));
#4110=VECTOR('',#4109,2.600000000002E-2);
#4111=CARTESIAN_POINT('',(-9.180000000001E-2,7.3E-2,-2.635E-2));
#4112=LINE('',#4111,#4110);
#4113=DIRECTION('',(0.E0,1.E0,0.E0));
#4114=VECTOR('',#4113,5.E-3);
#4115=CARTESIAN_POINT('',(-9.180000000001E-2,6.8E-2,-2.635E-2));
#4116=LINE('',#4115,#4114);
#4117=DIRECTION('',(1.E0,0.E0,0.E0));
#4118=VECTOR('',#4117,2.600000000002E-2);
#4119=CARTESIAN_POINT('',(-9.180000000001E-2,6.8E-2,-2.635E-2));
#4120=LINE('',#4119,#4118);
#4121=DIRECTION('',(-1.E0,0.E0,0.E0));
#4122=VECTOR('',#4121,5.3E-2);
#4123=CARTESIAN_POINT('',(-5.230000000001E-2,6.8E-2,-6.5E-2));
#4124=LINE('',#4123,#4122);
#4125=DIRECTION('',(1.E0,0.E0,0.E0));
#4126=VECTOR('',#4125,5.3E-2);
#4127=CARTESIAN_POINT('',(-1.053E-1,-7.2E-2,-1.8E-2));
#4128=LINE('',#4127,#4126);
#4129=DIRECTION('',(-1.E0,0.E0,0.E0));
#4130=VECTOR('',#4129,5.3E-2);
#4131=CARTESIAN_POINT('',(-5.230000000001E-2,6.8E-2,-1.8E-2));
#4132=LINE('',#4131,#4130);
#4133=DIRECTION('',(1.E0,0.E0,0.E0));
#4134=VECTOR('',#4133,2.6E-2);
#4135=CARTESIAN_POINT('',(-9.18E-2,7.3E-2,5.235E-2));
#4136=LINE('',#4135,#4134);
#4137=DIRECTION('',(0.E0,1.E0,0.E0));
#4138=VECTOR('',#4137,5.E-3);
#4139=CARTESIAN_POINT('',(-9.18E-2,6.8E-2,5.235E-2));
#4140=LINE('',#4139,#4138);
#4141=DIRECTION('',(1.E0,0.E0,0.E0));
#4142=VECTOR('',#4141,2.6E-2);
#4143=CARTESIAN_POINT('',(-9.18E-2,6.8E-2,5.235E-2));
#4144=LINE('',#4143,#4142);
#4145=DIRECTION('',(0.E0,0.E0,-1.E0));
#4146=VECTOR('',#4145,2.6E-2);
#4147=CARTESIAN_POINT('',(-6.58E-2,7.3E-2,5.235E-2));
#4148=LINE('',#4147,#4146);
#4149=DIRECTION('',(0.E0,1.E0,0.E0));
#4150=VECTOR('',#4149,5.E-3);
#4151=CARTESIAN_POINT('',(-6.58E-2,6.8E-2,5.235E-2));
#4152=LINE('',#4151,#4150);
#4153=DIRECTION('',(0.E0,0.E0,-1.E0));
#4154=VECTOR('',#4153,2.6E-2);
#4155=CARTESIAN_POINT('',(-6.58E-2,6.8E-2,5.235E-2));
#4156=LINE('',#4155,#4154);
#4157=DIRECTION('',(-1.E0,0.E0,0.E0));
#4158=VECTOR('',#4157,2.6E-2);
#4159=CARTESIAN_POINT('',(-6.58E-2,7.3E-2,2.635E-2));
#4160=LINE('',#4159,#4158);
#4161=DIRECTION('',(0.E0,1.E0,0.E0));
#4162=VECTOR('',#4161,5.E-3);
#4163=CARTESIAN_POINT('',(-6.58E-2,6.8E-2,2.635E-2));
#4164=LINE('',#4163,#4162);
#4165=DIRECTION('',(-1.E0,0.E0,0.E0));
#4166=VECTOR('',#4165,2.6E-2);
#4167=CARTESIAN_POINT('',(-6.58E-2,6.8E-2,2.635E-2));
#4168=LINE('',#4167,#4166);
#4169=DIRECTION('',(0.E0,0.E0,1.E0));
#4170=VECTOR('',#4169,3.E-2);
#4171=CARTESIAN_POINT('',(-7.219181459977E-2,2.400392620318E-2,2.1E-2));
#4172=LINE('',#4171,#4170);
#4173=DIRECTION('',(0.E0,0.E0,1.E0));
#4174=VECTOR('',#4173,3.E-2);
#4175=CARTESIAN_POINT('',(-7.179677833209E-2,3.538570813946E-2,2.1E-2));
#4176=LINE('',#4175,#4174);
#4177=DIRECTION('',(0.E0,0.E0,1.E0));
#4178=VECTOR('',#4177,3.E-2);
#4179=CARTESIAN_POINT('',(-6.580000000001E-2,5.4E-2,2.1E-2));
#4180=LINE('',#4179,#4178);
#4181=DIRECTION('',(0.E0,0.E0,1.E0));
#4182=VECTOR('',#4181,3.E-2);
#4183=CARTESIAN_POINT('',(-6.294452332101E-2,5.308007992973E-2,2.1E-2));
#4184=LINE('',#4183,#4182);
#4185=DIRECTION('',(0.E0,0.E0,1.E0));
#4186=VECTOR('',#4185,3.E-2);
#4187=CARTESIAN_POINT('',(-6.112202219743E-2,4.952520337047E-2,2.1E-2));
#4188=LINE('',#4187,#4186);
#4189=DIRECTION('',(0.E0,0.E0,1.E0));
#4190=VECTOR('',#4189,3.E-2);
#4191=CARTESIAN_POINT('',(-6.625261281167E-2,3.359960035135E-2,2.1E-2));
#4192=LINE('',#4191,#4190);
#4193=DIRECTION('',(0.E0,0.E0,1.E0));
#4194=VECTOR('',#4193,3.E-2);
#4195=CARTESIAN_POINT('',(-6.653715587502E-2,2.540134777705E-2,2.1E-2));
#4196=LINE('',#4195,#4194);
#4197=DIRECTION('',(0.E0,-8.E-1,-6.E-1));
#4198=VECTOR('',#4197,1.E-2);
#4199=CARTESIAN_POINT('',(-1.25E-1,-7.9E-2,5.1E-2));
#4200=LINE('',#4199,#4198);
#4201=DIRECTION('',(0.E0,1.E0,0.E0));
#4202=VECTOR('',#4201,7.E-3);
#4203=CARTESIAN_POINT('',(-1.25E-1,-7.9E-2,5.1E-2));
#4204=LINE('',#4203,#4202);
#4205=DIRECTION('',(0.E0,0.E0,-1.E0));
#4206=VECTOR('',#4205,2.4E-2);
#4207=CARTESIAN_POINT('',(-1.25E-1,-8.7E-2,6.9E-2));
#4208=LINE('',#4207,#4206);
#4209=DIRECTION('',(0.E0,8.E-1,-6.E-1));
#4210=VECTOR('',#4209,1.E-2);
#4211=CARTESIAN_POINT('',(-1.25E-1,-8.7E-2,-4.5E-2));
#4212=LINE('',#4211,#4210);
#4213=DIRECTION('',(0.E0,0.E0,-1.E0));
#4214=VECTOR('',#4213,2.4E-2);
#4215=CARTESIAN_POINT('',(-1.25E-1,-8.7E-2,-4.5E-2));
#4216=LINE('',#4215,#4214);
#4217=DIRECTION('',(-6.246950475544E-1,-6.246950475544E-1,4.685212856658E-1));
#4218=VECTOR('',#4217,9.604686356135E-3);
#4219=CARTESIAN_POINT('',(-1.84E-1,-8.100000000001E-2,-4.949999999999E-2));
#4220=LINE('',#4219,#4218);
#4221=DIRECTION('',(-6.246950475544E-1,-6.246950475544E-1,-4.685212856658E-1));
#4222=VECTOR('',#4221,9.604686356135E-3);
#4223=CARTESIAN_POINT('',(-1.84E-1,-8.100000000001E-2,4.949999999999E-2));
#4224=LINE('',#4223,#4222);
#4225=DIRECTION('',(0.E0,8.E-1,-6.E-1));
#4226=VECTOR('',#4225,2.500000000011E-3);
#4227=CARTESIAN_POINT('',(-1.84E-1,-8.100000000001E-2,-4.949999999999E-2));
#4228=LINE('',#4227,#4226);
#4229=DIRECTION('',(0.E0,0.E0,1.E0));
#4230=VECTOR('',#4229,9.899999999999E-2);
#4231=CARTESIAN_POINT('',(-1.84E-1,-8.100000000001E-2,-4.949999999999E-2));
#4232=LINE('',#4231,#4230);
#4233=DIRECTION('',(0.E0,8.E-1,6.E-1));
#4234=VECTOR('',#4233,2.500000000011E-3);
#4235=CARTESIAN_POINT('',(-1.84E-1,-8.100000000001E-2,4.949999999999E-2));
#4236=LINE('',#4235,#4234);
#4237=DIRECTION('',(0.E0,1.E0,0.E0));
#4238=VECTOR('',#4237,7.E-3);
#4239=CARTESIAN_POINT('',(-1.84E-1,-7.9E-2,5.1E-2));
#4240=LINE('',#4239,#4238);
#4241=DIRECTION('',(0.E0,0.E0,-1.E0));
#4242=VECTOR('',#4241,1.4E-2);
#4243=CARTESIAN_POINT('',(-1.84E-1,-7.2E-2,6.5E-2));
#4244=LINE('',#4243,#4242);
#4245=DIRECTION('',(0.E0,-1.E0,0.E0));
#4246=VECTOR('',#4245,1.4E-1);
#4247=CARTESIAN_POINT('',(-1.84E-1,6.8E-2,6.5E-2));
#4248=LINE('',#4247,#4246);
#4249=DIRECTION('',(0.E0,0.E0,1.E0));
#4250=VECTOR('',#4249,4.7E-2);
#4251=CARTESIAN_POINT('',(-1.84E-1,6.8E-2,1.8E-2));
#4252=LINE('',#4251,#4250);
#4253=DIRECTION('',(-2.180795226942E-14,1.E0,0.E0));
#4254=VECTOR('',#4253,1.4E-1);
#4255=CARTESIAN_POINT('',(-1.84E-1,-7.2E-2,1.8E-2));
#4256=LINE('',#4255,#4254);
#4257=DIRECTION('',(0.E0,0.E0,-1.E0));
#4258=VECTOR('',#4257,3.6E-2);
#4259=CARTESIAN_POINT('',(-1.84E-1,-7.2E-2,1.8E-2));
#4260=LINE('',#4259,#4258);
#4261=DIRECTION('',(2.180795226942E-14,-1.E0,0.E0));
#4262=VECTOR('',#4261,1.4E-1);
#4263=CARTESIAN_POINT('',(-1.84E-1,6.8E-2,-1.8E-2));
#4264=LINE('',#4263,#4262);
#4265=DIRECTION('',(0.E0,0.E0,1.E0));
#4266=VECTOR('',#4265,4.7E-2);
#4267=CARTESIAN_POINT('',(-1.84E-1,6.8E-2,-6.5E-2));
#4268=LINE('',#4267,#4266);
#4269=DIRECTION('',(0.E0,1.E0,0.E0));
#4270=VECTOR('',#4269,1.4E-1);
#4271=CARTESIAN_POINT('',(-1.84E-1,-7.2E-2,-6.5E-2));
#4272=LINE('',#4271,#4270);
#4273=DIRECTION('',(0.E0,0.E0,-1.E0));
#4274=VECTOR('',#4273,1.4E-2);
#4275=CARTESIAN_POINT('',(-1.84E-1,-7.2E-2,-5.1E-2));
#4276=LINE('',#4275,#4274);
#4277=DIRECTION('',(0.E0,1.E0,0.E0));
#4278=VECTOR('',#4277,7.E-3);
#4279=CARTESIAN_POINT('',(-1.84E-1,-7.9E-2,-5.1E-2));
#4280=LINE('',#4279,#4278);
#4281=DIRECTION('',(1.E0,0.E0,0.E0));
#4282=VECTOR('',#4281,5.999999999991E-3);
#4283=CARTESIAN_POINT('',(-1.9E-1,-7.9E-2,5.1E-2));
#4284=LINE('',#4283,#4282);
#4285=DIRECTION('',(0.E0,1.E0,0.E0));
#4286=VECTOR('',#4285,7.E-3);
#4287=CARTESIAN_POINT('',(-1.9E-1,-7.9E-2,5.1E-2));
#4288=LINE('',#4287,#4286);
#4289=DIRECTION('',(-1.E0,0.E0,0.E0));
#4290=VECTOR('',#4289,5.3E-2);
#4291=CARTESIAN_POINT('',(-1.31E-1,6.8E-2,6.5E-2));
#4292=LINE('',#4291,#4290);
#4293=DIRECTION('',(1.E0,0.E0,0.E0));
#4294=VECTOR('',#4293,4.5E-3);
#4295=CARTESIAN_POINT('',(-1.84E-1,-7.2E-2,6.5E-2));
#4296=LINE('',#4295,#4294);
#4297=DIRECTION('',(0.E0,1.E0,0.E0));
#4298=VECTOR('',#4297,1.38E-1);
#4299=CARTESIAN_POINT('',(-1.795E-1,-7.2E-2,6.5E-2));
#4300=LINE('',#4299,#4298);
#4301=DIRECTION('',(-1.E0,0.E0,0.E0));
#4302=VECTOR('',#4301,4.4E-2);
#4303=CARTESIAN_POINT('',(-1.355E-1,6.6E-2,6.5E-2));
#4304=LINE('',#4303,#4302);
#4305=DIRECTION('',(0.E0,1.E0,0.E0));
#4306=VECTOR('',#4305,1.38E-1);
#4307=CARTESIAN_POINT('',(-1.355E-1,-7.2E-2,6.5E-2));
#4308=LINE('',#4307,#4306);
#4309=DIRECTION('',(1.E0,0.E0,0.E0));
#4310=VECTOR('',#4309,4.5E-3);
#4311=CARTESIAN_POINT('',(-1.355E-1,-7.2E-2,6.5E-2));
#4312=LINE('',#4311,#4310);
#4313=DIRECTION('',(0.E0,8.E-1,-6.E-1));
#4314=VECTOR('',#4313,2.499999999989E-3);
#4315=CARTESIAN_POINT('',(-1.31E-1,-8.099999999999E-2,-4.950000000001E-2));
#4316=LINE('',#4315,#4314);
#4317=DIRECTION('',(0.E0,1.E0,0.E0));
#4318=VECTOR('',#4317,7.E-3);
#4319=CARTESIAN_POINT('',(-1.31E-1,-7.9E-2,-5.1E-2));
#4320=LINE('',#4319,#4318);
#4321=DIRECTION('',(0.E0,0.E0,-1.E0));
#4322=VECTOR('',#4321,1.4E-2);
#4323=CARTESIAN_POINT('',(-1.31E-1,-7.2E-2,-5.1E-2));
#4324=LINE('',#4323,#4322);
#4325=DIRECTION('',(0.E0,1.E0,0.E0));
#4326=VECTOR('',#4325,1.4E-1);
#4327=CARTESIAN_POINT('',(-1.31E-1,-7.2E-2,-6.5E-2));
#4328=LINE('',#4327,#4326);
#4329=DIRECTION('',(0.E0,0.E0,1.E0));
#4330=VECTOR('',#4329,4.7E-2);
#4331=CARTESIAN_POINT('',(-1.31E-1,6.8E-2,-6.5E-2));
#4332=LINE('',#4331,#4330);
#4333=DIRECTION('',(2.160969815788E-14,-1.E0,0.E0));
#4334=VECTOR('',#4333,1.4E-1);
#4335=CARTESIAN_POINT('',(-1.31E-1,6.8E-2,-1.8E-2));
#4336=LINE('',#4335,#4334);
#4337=DIRECTION('',(-2.160969815788E-14,1.E0,0.E0));
#4338=VECTOR('',#4337,1.4E-1);
#4339=CARTESIAN_POINT('',(-1.31E-1,-7.2E-2,1.8E-2));
#4340=LINE('',#4339,#4338);
#4341=DIRECTION('',(0.E0,0.E0,1.E0));
#4342=VECTOR('',#4341,4.7E-2);
#4343=CARTESIAN_POINT('',(-1.31E-1,6.8E-2,1.8E-2));
#4344=LINE('',#4343,#4342);
#4345=DIRECTION('',(0.E0,-1.E0,0.E0));
#4346=VECTOR('',#4345,1.4E-1);
#4347=CARTESIAN_POINT('',(-1.31E-1,6.8E-2,6.5E-2));
#4348=LINE('',#4347,#4346);
#4349=DIRECTION('',(0.E0,0.E0,-1.E0));
#4350=VECTOR('',#4349,1.4E-2);
#4351=CARTESIAN_POINT('',(-1.31E-1,-7.2E-2,6.5E-2));
#4352=LINE('',#4351,#4350);
#4353=DIRECTION('',(0.E0,1.E0,0.E0));
#4354=VECTOR('',#4353,7.E-3);
#4355=CARTESIAN_POINT('',(-1.31E-1,-7.9E-2,5.1E-2));
#4356=LINE('',#4355,#4354);
#4357=DIRECTION('',(0.E0,8.E-1,6.E-1));
#4358=VECTOR('',#4357,2.499999999989E-3);
#4359=CARTESIAN_POINT('',(-1.31E-1,-8.099999999999E-2,4.950000000001E-2));
#4360=LINE('',#4359,#4358);
#4361=DIRECTION('',(0.E0,0.E0,-1.E0));
#4362=VECTOR('',#4361,9.900000000001E-2);
#4363=CARTESIAN_POINT('',(-1.31E-1,-8.099999999999E-2,4.950000000001E-2));
#4364=LINE('',#4363,#4362);
#4365=DIRECTION('',(-1.E0,0.E0,0.E0));
#4366=VECTOR('',#4365,6.000000000009E-3);
#4367=CARTESIAN_POINT('',(-1.25E-1,-7.9E-2,-5.1E-2));
#4368=LINE('',#4367,#4366);
#4369=DIRECTION('',(0.E0,1.E0,0.E0));
#4370=VECTOR('',#4369,7.E-3);
#4371=CARTESIAN_POINT('',(-1.25E-1,-7.9E-2,-5.1E-2));
#4372=LINE('',#4371,#4370);
#4373=DIRECTION('',(1.E0,1.850371707709E-14,0.E0));
#4374=VECTOR('',#4373,4.5E-3);
#4375=CARTESIAN_POINT('',(-1.355E-1,-7.2E-2,-6.5E-2));
#4376=LINE('',#4375,#4374);
#4377=DIRECTION('',(0.E0,1.E0,0.E0));
#4378=VECTOR('',#4377,1.38E-1);
#4379=CARTESIAN_POINT('',(-1.355E-1,-7.2E-2,-6.5E-2));
#4380=LINE('',#4379,#4378);
#4381=DIRECTION('',(-1.E0,0.E0,0.E0));
#4382=VECTOR('',#4381,4.4E-2);
#4383=CARTESIAN_POINT('',(-1.355E-1,6.6E-2,-6.5E-2));
#4384=LINE('',#4383,#4382);
#4385=DIRECTION('',(0.E0,1.E0,0.E0));
#4386=VECTOR('',#4385,1.38E-1);
#4387=CARTESIAN_POINT('',(-1.795E-1,-7.2E-2,-6.5E-2));
#4388=LINE('',#4387,#4386);
#4389=DIRECTION('',(1.E0,-1.850371707709E-14,0.E0));
#4390=VECTOR('',#4389,4.5E-3);
#4391=CARTESIAN_POINT('',(-1.84E-1,-7.2E-2,-6.5E-2));
#4392=LINE('',#4391,#4390);
#4393=DIRECTION('',(0.E0,1.E0,0.E0));
#4394=VECTOR('',#4393,2.5E-2);
#4395=CARTESIAN_POINT('',(-1.355E-1,-3.9E-2,2.1E-2));
#4396=LINE('',#4395,#4394);
#4397=DIRECTION('',(0.E0,-1.E0,0.E0));
#4398=VECTOR('',#4397,3.3E-2);
#4399=CARTESIAN_POINT('',(-1.355E-1,-3.9E-2,5.9E-2));
#4400=LINE('',#4399,#4398);
#4401=DIRECTION('',(0.E0,0.E0,1.E0));
#4402=VECTOR('',#4401,6.E-3);
#4403=CARTESIAN_POINT('',(-1.355E-1,-7.2E-2,5.9E-2));
#4404=LINE('',#4403,#4402);
#4405=DIRECTION('',(0.E0,0.E0,-1.E0));
#4406=VECTOR('',#4405,6.E-3);
#4407=CARTESIAN_POINT('',(-1.355E-1,6.6E-2,6.5E-2));
#4408=LINE('',#4407,#4406);
#4409=DIRECTION('',(0.E0,-1.E0,0.E0));
#4410=VECTOR('',#4409,8.E-2);
#4411=CARTESIAN_POINT('',(-1.355E-1,6.6E-2,5.9E-2));
#4412=LINE('',#4411,#4410);
#4413=DIRECTION('',(0.E0,0.E0,-1.E0));
#4414=VECTOR('',#4413,3.E-2);
#4415=CARTESIAN_POINT('',(-1.355E-1,-1.4E-2,5.1E-2));
#4416=LINE('',#4415,#4414);
#4417=DIRECTION('',(0.E0,1.E0,0.E0));
#4418=VECTOR('',#4417,8.E-2);
#4419=CARTESIAN_POINT('',(-1.355E-1,-1.4E-2,-5.9E-2));
#4420=LINE('',#4419,#4418);
#4421=DIRECTION('',(0.E0,0.E0,-1.E0));
#4422=VECTOR('',#4421,6.E-3);
#4423=CARTESIAN_POINT('',(-1.355E-1,6.6E-2,-5.9E-2));
#4424=LINE('',#4423,#4422);
#4425=DIRECTION('',(0.E0,-1.156482317318E-14,1.E0));
#4426=VECTOR('',#4425,6.E-3);
#4427=CARTESIAN_POINT('',(-1.355E-1,-7.2E-2,-6.5E-2));
#4428=LINE('',#4427,#4426);
#4429=DIRECTION('',(0.E0,1.E0,0.E0));
#4430=VECTOR('',#4429,3.3E-2);
#4431=CARTESIAN_POINT('',(-1.355E-1,-7.2E-2,-5.9E-2));
#4432=LINE('',#4431,#4430);
#4433=DIRECTION('',(0.E0,0.E0,1.E0));
#4434=VECTOR('',#4433,3.E-2);
#4435=CARTESIAN_POINT('',(-1.355E-1,-1.4E-2,-5.1E-2));
#4436=LINE('',#4435,#4434);
#4437=DIRECTION('',(2.399101481970E-1,9.707950972229E-1,0.E0));
#4438=VECTOR('',#4437,4.058667775492E-2);
#4439=CARTESIAN_POINT('',(-1.795E-1,-1.4E-2,2.1E-2));
#4440=LINE('',#4439,#4438);
#4441=DIRECTION('',(0.E0,1.E0,0.E0));
#4442=VECTOR('',#4441,2.5E-2);
#4443=CARTESIAN_POINT('',(-1.795E-1,-3.9E-2,2.1E-2));
#4444=LINE('',#4443,#4442);
#4445=DIRECTION('',(-2.399101481970E-1,-9.707950972229E-1,0.E0));
#4446=VECTOR('',#4445,3.914721686574E-2);
#4447=CARTESIAN_POINT('',(-1.641081854002E-1,2.400392620318E-2,2.1E-2));
#4448=LINE('',#4447,#4446);
#4449=CARTESIAN_POINT('',(-1.843247705833E-1,2.9E-2,2.1E-2));
#4450=DIRECTION('',(0.E0,0.E0,-1.E0));
#4451=DIRECTION('',(9.518255596667E-1,3.066400234235E-1,0.E0));
#4452=AXIS2_PLACEMENT_3D('',#4449,#4450,#4451);
#4454=DIRECTION('',(3.066400234235E-1,-9.518255596667E-1,0.E0));
#4455=VECTOR('',#4454,1.955641101617E-2);
#4456=CARTESIAN_POINT('',(-1.705E-1,5.4E-2,2.1E-2));
#4457=LINE('',#4456,#4455);
#4458=DIRECTION('',(9.518255596667E-1,3.066400234235E-1,0.E0));
#4459=VECTOR('',#4458,3.E-3);
#4460=CARTESIAN_POINT('',(-1.733554766790E-1,5.308007992973E-2,2.1E-2));
#4461=LINE('',#4460,#4459);
#4462=DIRECTION('',(4.562150678010E-1,8.898695476930E-1,0.E0));
#4463=VECTOR('',#4462,3.994828869549E-3);
#4464=CARTESIAN_POINT('',(-1.751779778026E-1,4.952520337047E-2,2.1E-2));
#4465=LINE('',#4464,#4463);
#4466=DIRECTION('',(-3.066400234236E-1,9.518255596667E-1,0.E0));
#4467=VECTOR('',#4466,1.673164043283E-2);
#4468=CARTESIAN_POINT('',(-1.700473871883E-1,3.359960035135E-2,2.1E-2));
#4469=LINE('',#4468,#4467);
#4470=CARTESIAN_POINT('',(-1.843247705833E-1,2.9E-2,2.1E-2));
#4471=DIRECTION('',(0.E0,0.E0,1.E0));
#4472=DIRECTION('',(9.707950972229E-1,-2.399101481970E-1,0.E0));
#4473=AXIS2_PLACEMENT_3D('',#4470,#4471,#4472);
#4475=DIRECTION('',(2.399101481970E-1,-9.707950972229E-1,0.E0));
#4476=VECTOR('',#4475,4.058667775492E-2);
#4477=CARTESIAN_POINT('',(-1.452371558750E-1,2.540134777705E-2,2.1E-2));
#4478=LINE('',#4477,#4476);
#4479=CARTESIAN_POINT('',(-1.306752294167E-1,2.9E-2,2.1E-2));
#4480=DIRECTION('',(0.E0,0.E0,1.E0));
#4481=DIRECTION('',(-9.518255596667E-1,3.066400234235E-1,0.E0));
#4482=AXIS2_PLACEMENT_3D('',#4479,#4480,#4481);
#4484=DIRECTION('',(-3.066400234235E-1,-9.518255596667E-1,0.E0));
#4485=VECTOR('',#4484,1.673164043283E-2);
#4486=CARTESIAN_POINT('',(-1.398220221974E-1,4.952520337047E-2,2.1E-2));
#4487=LINE('',#4486,#4485);
#4488=DIRECTION('',(4.562150678010E-1,-8.898695476930E-1,0.E0));
#4489=VECTOR('',#4488,3.994828869549E-3);
#4490=CARTESIAN_POINT('',(-1.416445233210E-1,5.308007992973E-2,2.1E-2));
#4491=LINE('',#4490,#4489);
#4492=DIRECTION('',(9.518255596667E-1,-3.066400234235E-1,0.E0));
#4493=VECTOR('',#4492,3.E-3);
#4494=CARTESIAN_POINT('',(-1.445E-1,5.4E-2,2.1E-2));
#4495=LINE('',#4494,#4493);
#4496=DIRECTION('',(3.066400234235E-1,9.518255596667E-1,0.E0));
#4497=VECTOR('',#4496,1.955641101617E-2);
#4498=CARTESIAN_POINT('',(-1.504967783321E-1,3.538570813946E-2,2.1E-2));
#4499=LINE('',#4498,#4497);
#4500=CARTESIAN_POINT('',(-1.306752294167E-1,2.9E-2,2.1E-2));
#4501=DIRECTION('',(0.E0,0.E0,-1.E0));
#4502=DIRECTION('',(-9.707950972229E-1,-2.399101481970E-1,0.E0));
#4503=AXIS2_PLACEMENT_3D('',#4500,#4501,#4502);
#4505=DIRECTION('',(-2.399101481970E-1,9.707950972229E-1,0.E0));
#4506=VECTOR('',#4505,3.914721686574E-2);
#4507=CARTESIAN_POINT('',(-1.415E-1,-1.4E-2,2.1E-2));
#4508=LINE('',#4507,#4506);
#4509=DIRECTION('',(0.E0,1.E0,0.E0));
#4510=VECTOR('',#4509,2.5E-2);
#4511=CARTESIAN_POINT('',(-1.415E-1,-3.9E-2,2.1E-2));
#4512=LINE('',#4511,#4510);
#4513=DIRECTION('',(0.E0,-1.E0,0.E0));
#4514=VECTOR('',#4513,8.E-2);
#4515=CARTESIAN_POINT('',(-1.795E-1,6.6E-2,5.9E-2));
#4516=LINE('',#4515,#4514);
#4517=DIRECTION('',(0.E0,0.E0,-1.E0));
#4518=VECTOR('',#4517,6.E-3);
#4519=CARTESIAN_POINT('',(-1.795E-1,6.6E-2,6.5E-2));
#4520=LINE('',#4519,#4518);
#4521=DIRECTION('',(0.E0,0.E0,1.E0));
#4522=VECTOR('',#4521,6.E-3);
#4523=CARTESIAN_POINT('',(-1.795E-1,-7.2E-2,5.9E-2));
#4524=LINE('',#4523,#4522);
#4525=DIRECTION('',(0.E0,-1.E0,0.E0));
#4526=VECTOR('',#4525,3.3E-2);
#4527=CARTESIAN_POINT('',(-1.795E-1,-3.9E-2,5.9E-2));
#4528=LINE('',#4527,#4526);
#4529=DIRECTION('',(0.E0,0.E0,-1.E0));
#4530=VECTOR('',#4529,3.E-2);
#4531=CARTESIAN_POINT('',(-1.795E-1,-1.4E-2,5.1E-2));
#4532=LINE('',#4531,#4530);
#4533=DIRECTION('',(0.E0,1.E0,0.E0));
#4534=VECTOR('',#4533,2.5E-2);
#4535=CARTESIAN_POINT('',(-1.795E-1,-3.9E-2,-2.1E-2));
#4536=LINE('',#4535,#4534);
#4537=DIRECTION('',(0.E0,1.E0,0.E0));
#4538=VECTOR('',#4537,3.3E-2);
#4539=CARTESIAN_POINT('',(-1.795E-1,-7.2E-2,-5.9E-2));
#4540=LINE('',#4539,#4538);
#4541=DIRECTION('',(0.E0,-1.156482317318E-14,1.E0));
#4542=VECTOR('',#4541,6.E-3);
#4543=CARTESIAN_POINT('',(-1.795E-1,-7.2E-2,-6.5E-2));
#4544=LINE('',#4543,#4542);
#4545=DIRECTION('',(0.E0,0.E0,-1.E0));
#4546=VECTOR('',#4545,6.E-3);
#4547=CARTESIAN_POINT('',(-1.795E-1,6.6E-2,-5.9E-2));
#4548=LINE('',#4547,#4546);
#4549=DIRECTION('',(0.E0,1.E0,0.E0));
#4550=VECTOR('',#4549,8.E-2);
#4551=CARTESIAN_POINT('',(-1.795E-1,-1.4E-2,-5.9E-2));
#4552=LINE('',#4551,#4550);
#4553=DIRECTION('',(0.E0,0.E0,1.E0));
#4554=VECTOR('',#4553,3.E-2);
#4555=CARTESIAN_POINT('',(-1.795E-1,-1.4E-2,-5.1E-2));
#4556=LINE('',#4555,#4554);
#4557=DIRECTION('',(-1.E0,0.E0,0.E0));
#4558=VECTOR('',#4557,6.E-3);
#4559=CARTESIAN_POINT('',(-1.355E-1,-1.4E-2,5.1E-2));
#4560=LINE('',#4559,#4558);
#4561=DIRECTION('',(0.E0,0.E0,1.E0));
#4562=VECTOR('',#4561,8.E-3);
#4563=CARTESIAN_POINT('',(-1.355E-1,-1.4E-2,5.1E-2));
#4564=LINE('',#4563,#4562);
#4565=DIRECTION('',(0.E0,0.E0,-1.E0));
#4566=VECTOR('',#4565,8.E-3);
#4567=CARTESIAN_POINT('',(-1.415E-1,-1.4E-2,5.9E-2));
#4568=LINE('',#4567,#4566);
#4569=DIRECTION('',(-1.E0,0.E0,0.E0));
#4570=VECTOR('',#4569,6.E-3);
#4571=CARTESIAN_POINT('',(-1.735E-1,-1.4E-2,5.1E-2));
#4572=LINE('',#4571,#4570);
#4573=DIRECTION('',(0.E0,0.E0,1.E0));
#4574=VECTOR('',#4573,8.E-3);
#4575=CARTESIAN_POINT('',(-1.735E-1,-1.4E-2,5.1E-2));
#4576=LINE('',#4575,#4574);
#4577=DIRECTION('',(0.E0,0.E0,-1.E0));
#4578=VECTOR('',#4577,8.E-3);
#4579=CARTESIAN_POINT('',(-1.795E-1,-1.4E-2,5.9E-2));
#4580=LINE('',#4579,#4578);
#4581=DIRECTION('',(-1.E0,0.E0,0.E0));
#4582=VECTOR('',#4581,6.E-3);
#4583=CARTESIAN_POINT('',(-1.355E-1,-1.4E-2,-5.1E-2));
#4584=LINE('',#4583,#4582);
#4585=DIRECTION('',(0.E0,1.040834085586E-14,-1.E0));
#4586=VECTOR('',#4585,8.E-3);
#4587=CARTESIAN_POINT('',(-1.415E-1,-1.4E-2,-5.1E-2));
#4588=LINE('',#4587,#4586);
#4589=DIRECTION('',(0.E0,0.E0,1.E0));
#4590=VECTOR('',#4589,8.E-3);
#4591=CARTESIAN_POINT('',(-1.355E-1,-1.4E-2,-5.9E-2));
#4592=LINE('',#4591,#4590);
#4593=DIRECTION('',(-1.E0,0.E0,0.E0));
#4594=VECTOR('',#4593,6.E-3);
#4595=CARTESIAN_POINT('',(-1.735E-1,-1.4E-2,-5.1E-2));
#4596=LINE('',#4595,#4594);
#4597=DIRECTION('',(0.E0,0.E0,-1.E0));
#4598=VECTOR('',#4597,8.E-3);
#4599=CARTESIAN_POINT('',(-1.795E-1,-1.4E-2,-5.1E-2));
#4600=LINE('',#4599,#4598);
#4601=DIRECTION('',(0.E0,0.E0,1.E0));
#4602=VECTOR('',#4601,8.E-3);
#4603=CARTESIAN_POINT('',(-1.735E-1,-1.4E-2,-5.9E-2));
#4604=LINE('',#4603,#4602);
#4605=DIRECTION('',(-2.399101481970E-1,9.707950972229E-1,0.E0));
#4606=VECTOR('',#4605,3.914721686574E-2);
#4607=CARTESIAN_POINT('',(-1.415E-1,-1.4E-2,5.1E-2));
#4608=LINE('',#4607,#4606);
#4609=CARTESIAN_POINT('',(-1.306752294167E-1,2.9E-2,5.1E-2));
#4610=DIRECTION('',(0.E0,0.E0,-1.E0));
#4611=DIRECTION('',(-9.707950972229E-1,-2.399101481970E-1,0.E0));
#4612=AXIS2_PLACEMENT_3D('',#4609,#4610,#4611);
#4614=DIRECTION('',(3.066400234235E-1,9.518255596667E-1,0.E0));
#4615=VECTOR('',#4614,1.955641101617E-2);
#4616=CARTESIAN_POINT('',(-1.504967783321E-1,3.538570813946E-2,5.1E-2));
#4617=LINE('',#4616,#4615);
#4618=DIRECTION('',(9.518255596667E-1,-3.066400234235E-1,0.E0));
#4619=VECTOR('',#4618,3.E-3);
#4620=CARTESIAN_POINT('',(-1.445E-1,5.4E-2,5.1E-2));
#4621=LINE('',#4620,#4619);
#4622=DIRECTION('',(4.562150678010E-1,-8.898695476930E-1,0.E0));
#4623=VECTOR('',#4622,3.994828869549E-3);
#4624=CARTESIAN_POINT('',(-1.416445233210E-1,5.308007992973E-2,5.1E-2));
#4625=LINE('',#4624,#4623);
#4626=DIRECTION('',(-3.066400234235E-1,-9.518255596667E-1,0.E0));
#4627=VECTOR('',#4626,1.673164043283E-2);
#4628=CARTESIAN_POINT('',(-1.398220221974E-1,4.952520337047E-2,5.1E-2));
#4629=LINE('',#4628,#4627);
#4630=CARTESIAN_POINT('',(-1.306752294167E-1,2.9E-2,5.1E-2));
#4631=DIRECTION('',(0.E0,0.E0,1.E0));
#4632=DIRECTION('',(-9.518255596667E-1,3.066400234235E-1,0.E0));
#4633=AXIS2_PLACEMENT_3D('',#4630,#4631,#4632);
#4635=DIRECTION('',(2.399101481970E-1,-9.707950972229E-1,0.E0));
#4636=VECTOR('',#4635,4.058667775492E-2);
#4637=CARTESIAN_POINT('',(-1.452371558750E-1,2.540134777705E-2,5.1E-2));
#4638=LINE('',#4637,#4636);
#4639=DIRECTION('',(2.399101481970E-1,9.707950972229E-1,0.E0));
#4640=VECTOR('',#4639,4.058667775492E-2);
#4641=CARTESIAN_POINT('',(-1.795E-1,-1.4E-2,5.1E-2));
#4642=LINE('',#4641,#4640);
#4643=CARTESIAN_POINT('',(-1.843247705833E-1,2.9E-2,5.1E-2));
#4644=DIRECTION('',(0.E0,0.E0,1.E0));
#4645=DIRECTION('',(9.707950972229E-1,-2.399101481970E-1,0.E0));
#4646=AXIS2_PLACEMENT_3D('',#4643,#4644,#4645);
#4648=DIRECTION('',(-3.066400234236E-1,9.518255596667E-1,0.E0));
#4649=VECTOR('',#4648,1.673164043283E-2);
#4650=CARTESIAN_POINT('',(-1.700473871883E-1,3.359960035135E-2,5.1E-2));
#4651=LINE('',#4650,#4649);
#4652=DIRECTION('',(4.562150678010E-1,8.898695476930E-1,0.E0));
#4653=VECTOR('',#4652,3.994828869549E-3);
#4654=CARTESIAN_POINT('',(-1.751779778026E-1,4.952520337047E-2,5.1E-2));
#4655=LINE('',#4654,#4653);
#4656=DIRECTION('',(9.518255596667E-1,3.066400234235E-1,0.E0));
#4657=VECTOR('',#4656,3.E-3);
#4658=CARTESIAN_POINT('',(-1.733554766790E-1,5.308007992973E-2,5.1E-2));
#4659=LINE('',#4658,#4657);
#4660=DIRECTION('',(3.066400234235E-1,-9.518255596667E-1,0.E0));
#4661=VECTOR('',#4660,1.955641101617E-2);
#4662=CARTESIAN_POINT('',(-1.705E-1,5.4E-2,5.1E-2));
#4663=LINE('',#4662,#4661);
#4664=CARTESIAN_POINT('',(-1.843247705833E-1,2.9E-2,5.1E-2));
#4665=DIRECTION('',(0.E0,0.E0,-1.E0));
#4666=DIRECTION('',(9.518255596667E-1,3.066400234235E-1,0.E0));
#4667=AXIS2_PLACEMENT_3D('',#4664,#4665,#4666);
#4669=DIRECTION('',(-2.399101481970E-1,-9.707950972229E-1,0.E0));
#4670=VECTOR('',#4669,3.914721686574E-2);
#4671=CARTESIAN_POINT('',(-1.641081854002E-1,2.400392620318E-2,5.1E-2));
#4672=LINE('',#4671,#4670);
#4673=DIRECTION('',(0.E0,0.E0,-1.E0));
#4674=VECTOR('',#4673,3.E-2);
#4675=CARTESIAN_POINT('',(-1.415E-1,-1.4E-2,5.1E-2));
#4676=LINE('',#4675,#4674);
#4677=DIRECTION('',(-1.E0,0.E0,0.E0));
#4678=VECTOR('',#4677,6.E-3);
#4679=CARTESIAN_POINT('',(-1.355E-1,-3.9E-2,5.9E-2));
#4680=LINE('',#4679,#4678);
#4681=DIRECTION('',(0.E0,-1.E0,0.E0));
#4682=VECTOR('',#4681,2.5E-2);
#4683=CARTESIAN_POINT('',(-1.415E-1,-1.4E-2,5.9E-2));
#4684=LINE('',#4683,#4682);
#4685=DIRECTION('',(-1.E0,0.E0,0.E0));
#4686=VECTOR('',#4685,6.E-3);
#4687=CARTESIAN_POINT('',(-1.355E-1,-1.4E-2,5.9E-2));
#4688=LINE('',#4687,#4686);
#4689=DIRECTION('',(-1.E0,0.E0,0.E0));
#4690=VECTOR('',#4689,4.4E-2);
#4691=CARTESIAN_POINT('',(-1.355E-1,6.6E-2,5.9E-2));
#4692=LINE('',#4691,#4690);
#4693=DIRECTION('',(-1.E0,0.E0,0.E0));
#4694=VECTOR('',#4693,6.E-3);
#4695=CARTESIAN_POINT('',(-1.735E-1,-1.4E-2,5.9E-2));
#4696=LINE('',#4695,#4694);
#4697=DIRECTION('',(0.E0,-1.E0,0.E0));
#4698=VECTOR('',#4697,2.5E-2);
#4699=CARTESIAN_POINT('',(-1.735E-1,-1.4E-2,5.9E-2));
#4700=LINE('',#4699,#4698);
#4701=DIRECTION('',(-1.E0,0.E0,0.E0));
#4702=VECTOR('',#4701,6.E-3);
#4703=CARTESIAN_POINT('',(-1.735E-1,-3.9E-2,5.9E-2));
#4704=LINE('',#4703,#4702);
#4705=DIRECTION('',(0.E0,1.E0,0.E0));
#4706=VECTOR('',#4705,1.1E-2);
#4707=CARTESIAN_POINT('',(-1.665E-1,-8.3E-2,6.5E-2));
#4708=LINE('',#4707,#4706);
#4709=CARTESIAN_POINT('',(-1.665E-1,-8.3E-2,7.1E-2));
#4710=DIRECTION('',(1.E0,0.E0,0.E0));
#4711=DIRECTION('',(0.E0,-1.E0,0.E0));
#4712=AXIS2_PLACEMENT_3D('',#4709,#4710,#4711);
#4714=DIRECTION('',(0.E0,0.E0,-1.E0));
#4715=VECTOR('',#4714,3.4E-2);
#4716=CARTESIAN_POINT('',(-1.665E-1,-8.9E-2,1.05E-1));
#4717=LINE('',#4716,#4715);
#4718=DIRECTION('',(0.E0,1.E0,0.E0));
#4719=VECTOR('',#4718,6.E-3);
#4720=CARTESIAN_POINT('',(-1.665E-1,-9.5E-2,1.05E-1));
#4721=LINE('',#4720,#4719);
#4722=DIRECTION('',(0.E0,0.E0,1.E0));
#4723=VECTOR('',#4722,3.4E-2);
#4724=CARTESIAN_POINT('',(-1.665E-1,-9.5E-2,7.1E-2));
#4725=LINE('',#4724,#4723);
#4726=CARTESIAN_POINT('',(-1.665E-1,-8.3E-2,7.1E-2));
#4727=DIRECTION('',(-1.E0,0.E0,0.E0));
#4728=DIRECTION('',(0.E0,0.E0,-1.E0));
#4729=AXIS2_PLACEMENT_3D('',#4726,#4727,#4728);
#4731=DIRECTION('',(0.E0,-1.E0,0.E0));
#4732=VECTOR('',#4731,1.1E-2);
#4733=CARTESIAN_POINT('',(-1.665E-1,-7.2E-2,5.9E-2));
#4734=LINE('',#4733,#4732);
#4735=DIRECTION('',(-1.E0,0.E0,0.E0));
#4736=VECTOR('',#4735,1.8E-2);
#4737=CARTESIAN_POINT('',(-1.485E-1,-8.3E-2,6.5E-2));
#4738=LINE('',#4737,#4736);
#4739=DIRECTION('',(0.E0,-1.E0,0.E0));
#4740=VECTOR('',#4739,1.1E-2);
#4741=CARTESIAN_POINT('',(-1.485E-1,-7.2E-2,5.9E-2));
#4742=LINE('',#4741,#4740);
#4743=CARTESIAN_POINT('',(-1.485E-1,-8.3E-2,7.1E-2));
#4744=DIRECTION('',(-1.E0,0.E0,0.E0));
#4745=DIRECTION('',(0.E0,0.E0,-1.E0));
#4746=AXIS2_PLACEMENT_3D('',#4743,#4744,#4745);
#4748=DIRECTION('',(0.E0,0.E0,1.E0));
#4749=VECTOR('',#4748,3.4E-2);
#4750=CARTESIAN_POINT('',(-1.485E-1,-9.5E-2,7.1E-2));
#4751=LINE('',#4750,#4749);
#4752=DIRECTION('',(0.E0,1.E0,0.E0));
#4753=VECTOR('',#4752,6.E-3);
#4754=CARTESIAN_POINT('',(-1.485E-1,-9.5E-2,1.05E-1));
#4755=LINE('',#4754,#4753);
#4756=DIRECTION('',(0.E0,0.E0,-1.E0));
#4757=VECTOR('',#4756,3.4E-2);
#4758=CARTESIAN_POINT('',(-1.485E-1,-8.9E-2,1.05E-1));
#4759=LINE('',#4758,#4757);
#4760=CARTESIAN_POINT('',(-1.485E-1,-8.3E-2,7.1E-2));
#4761=DIRECTION('',(1.E0,0.E0,0.E0));
#4762=DIRECTION('',(0.E0,-1.E0,0.E0));
#4763=AXIS2_PLACEMENT_3D('',#4760,#4761,#4762);
#4765=DIRECTION('',(0.E0,1.E0,0.E0));
#4766=VECTOR('',#4765,1.1E-2);
#4767=CARTESIAN_POINT('',(-1.485E-1,-8.3E-2,6.5E-2));
#4768=LINE('',#4767,#4766);
#4769=DIRECTION('',(-1.E0,0.E0,0.E0));
#4770=VECTOR('',#4769,1.8E-2);
#4771=CARTESIAN_POINT('',(-1.485E-1,-8.3E-2,5.9E-2));
#4772=LINE('',#4771,#4770);
#4773=DIRECTION('',(-1.E0,0.E0,0.E0));
#4774=VECTOR('',#4773,1.8E-2);
#4775=CARTESIAN_POINT('',(-1.485E-1,-9.5E-2,7.1E-2));
#4776=LINE('',#4775,#4774);
#4777=DIRECTION('',(-1.E0,0.E0,0.E0));
#4778=VECTOR('',#4777,1.8E-2);
#4779=CARTESIAN_POINT('',(-1.485E-1,-9.5E-2,1.05E-1));
#4780=LINE('',#4779,#4778);
#4781=DIRECTION('',(-1.E0,0.E0,0.E0));
#4782=VECTOR('',#4781,1.8E-2);
#4783=CARTESIAN_POINT('',(-1.485E-1,-8.9E-2,1.05E-1));
#4784=LINE('',#4783,#4782);
#4785=DIRECTION('',(-1.E0,0.E0,0.E0));
#4786=VECTOR('',#4785,1.8E-2);
#4787=CARTESIAN_POINT('',(-1.485E-1,-8.9E-2,7.1E-2));
#4788=LINE('',#4787,#4786);
#4789=DIRECTION('',(0.E0,0.E0,-1.E0));
#4790=VECTOR('',#4789,3.8E-2);
#4791=CARTESIAN_POINT('',(-1.415E-1,-3.9E-2,-2.1E-2));
#4792=LINE('',#4791,#4790);
#4793=DIRECTION('',(-1.E0,0.E0,0.E0));
#4794=VECTOR('',#4793,6.E-3);
#4795=CARTESIAN_POINT('',(-1.355E-1,-3.9E-2,-2.1E-2));
#4796=LINE('',#4795,#4794);
#4797=DIRECTION('',(0.E0,0.E0,1.E0));
#4798=VECTOR('',#4797,3.8E-2);
#4799=CARTESIAN_POINT('',(-1.355E-1,-3.9E-2,-5.9E-2));
#4800=LINE('',#4799,#4798);
#4801=DIRECTION('',(0.E0,0.E0,-1.E0));
#4802=VECTOR('',#4801,3.8E-2);
#4803=CARTESIAN_POINT('',(-1.795E-1,-3.9E-2,-2.1E-2));
#4804=LINE('',#4803,#4802);
#4805=DIRECTION('',(-1.E0,0.E0,0.E0));
#4806=VECTOR('',#4805,6.E-3);
#4807=CARTESIAN_POINT('',(-1.735E-1,-3.9E-2,-2.1E-2));
#4808=LINE('',#4807,#4806);
#4809=DIRECTION('',(0.E0,0.E0,1.E0));
#4810=VECTOR('',#4809,3.8E-2);
#4811=CARTESIAN_POINT('',(-1.735E-1,-3.9E-2,-5.9E-2));
#4812=LINE('',#4811,#4810);
#4813=DIRECTION('',(0.E0,0.E0,1.E0));
#4814=VECTOR('',#4813,3.8E-2);
#4815=CARTESIAN_POINT('',(-1.355E-1,-3.9E-2,2.1E-2));
#4816=LINE('',#4815,#4814);
#4817=DIRECTION('',(1.E0,0.E0,0.E0));
#4818=VECTOR('',#4817,6.E-3);
#4819=CARTESIAN_POINT('',(-1.415E-1,-3.9E-2,2.1E-2));
#4820=LINE('',#4819,#4818);
#4821=DIRECTION('',(0.E0,0.E0,-1.E0));
#4822=VECTOR('',#4821,3.8E-2);
#4823=CARTESIAN_POINT('',(-1.415E-1,-3.9E-2,5.9E-2));
#4824=LINE('',#4823,#4822);
#4825=DIRECTION('',(0.E0,0.E0,1.E0));
#4826=VECTOR('',#4825,3.8E-2);
#4827=CARTESIAN_POINT('',(-1.735E-1,-3.9E-2,2.1E-2));
#4828=LINE('',#4827,#4826);
#4829=DIRECTION('',(1.E0,0.E0,0.E0));
#4830=VECTOR('',#4829,6.E-3);
#4831=CARTESIAN_POINT('',(-1.795E-1,-3.9E-2,2.1E-2));
#4832=LINE('',#4831,#4830);
#4833=DIRECTION('',(0.E0,0.E0,-1.E0));
#4834=VECTOR('',#4833,3.8E-2);
#4835=CARTESIAN_POINT('',(-1.795E-1,-3.9E-2,5.9E-2));
#4836=LINE('',#4835,#4834);
#4837=DIRECTION('',(-1.E0,0.E0,0.E0));
#4838=VECTOR('',#4837,1.299999999999E-2);
#4839=CARTESIAN_POINT('',(-1.355E-1,-7.2E-2,-5.9E-2));
#4840=LINE('',#4839,#4838);
#4841=DIRECTION('',(-1.E0,0.E0,0.E0));
#4842=VECTOR('',#4841,1.8E-2);
#4843=CARTESIAN_POINT('',(-1.485E-1,-8.3E-2,-5.9E-2));
#4844=LINE('',#4843,#4842);
#4845=DIRECTION('',(-1.E0,0.E0,0.E0));
#4846=VECTOR('',#4845,1.300000000001E-2);
#4847=CARTESIAN_POINT('',(-1.665E-1,-7.2E-2,-5.9E-2));
#4848=LINE('',#4847,#4846);
#4849=DIRECTION('',(-1.E0,0.E0,0.E0));
#4850=VECTOR('',#4849,6.E-3);
#4851=CARTESIAN_POINT('',(-1.735E-1,-3.9E-2,-5.9E-2));
#4852=LINE('',#4851,#4850);
#4853=DIRECTION('',(0.E0,-1.E0,0.E0));
#4854=VECTOR('',#4853,2.5E-2);
#4855=CARTESIAN_POINT('',(-1.735E-1,-1.4E-2,-5.9E-2));
#4856=LINE('',#4855,#4854);
#4857=DIRECTION('',(-1.E0,0.E0,0.E0));
#4858=VECTOR('',#4857,6.E-3);
#4859=CARTESIAN_POINT('',(-1.735E-1,-1.4E-2,-5.9E-2));
#4860=LINE('',#4859,#4858);
#4861=DIRECTION('',(-1.E0,0.E0,0.E0));
#4862=VECTOR('',#4861,6.E-3);
#4863=CARTESIAN_POINT('',(-1.355E-1,-1.4E-2,-5.9E-2));
#4864=LINE('',#4863,#4862);
#4865=DIRECTION('',(0.E0,-1.E0,0.E0));
#4866=VECTOR('',#4865,2.5E-2);
#4867=CARTESIAN_POINT('',(-1.415E-1,-1.4E-2,-5.9E-2));
#4868=LINE('',#4867,#4866);
#4869=DIRECTION('',(-1.E0,0.E0,0.E0));
#4870=VECTOR('',#4869,6.E-3);
#4871=CARTESIAN_POINT('',(-1.355E-1,-3.9E-2,-5.9E-2));
#4872=LINE('',#4871,#4870);
#4873=DIRECTION('',(0.E0,-1.E0,0.E0));
#4874=VECTOR('',#4873,1.1E-2);
#4875=CARTESIAN_POINT('',(-1.485E-1,-7.2E-2,-6.5E-2));
#4876=LINE('',#4875,#4874);
#4877=CARTESIAN_POINT('',(-1.485E-1,-8.3E-2,-7.1E-2));
#4878=DIRECTION('',(1.E0,0.E0,0.E0));
#4879=DIRECTION('',(0.E0,0.E0,1.E0));
#4880=AXIS2_PLACEMENT_3D('',#4877,#4878,#4879);
#4882=DIRECTION('',(0.E0,0.E0,-1.E0));
#4883=VECTOR('',#4882,3.4E-2);
#4884=CARTESIAN_POINT('',(-1.485E-1,-8.9E-2,-7.1E-2));
#4885=LINE('',#4884,#4883);
#4886=DIRECTION('',(0.E0,-1.E0,0.E0));
#4887=VECTOR('',#4886,6.E-3);
#4888=CARTESIAN_POINT('',(-1.485E-1,-8.9E-2,-1.05E-1));
#4889=LINE('',#4888,#4887);
#4890=DIRECTION('',(0.E0,0.E0,1.E0));
#4891=VECTOR('',#4890,3.4E-2);
#4892=CARTESIAN_POINT('',(-1.485E-1,-9.5E-2,-1.05E-1));
#4893=LINE('',#4892,#4891);
#4894=CARTESIAN_POINT('',(-1.485E-1,-8.3E-2,-7.1E-2));
#4895=DIRECTION('',(-1.E0,0.E0,0.E0));
#4896=DIRECTION('',(0.E0,-1.E0,0.E0));
#4897=AXIS2_PLACEMENT_3D('',#4894,#4895,#4896);
#4899=DIRECTION('',(0.E0,1.E0,0.E0));
#4900=VECTOR('',#4899,1.1E-2);
#4901=CARTESIAN_POINT('',(-1.485E-1,-8.3E-2,-5.9E-2));
#4902=LINE('',#4901,#4900);
#4903=DIRECTION('',(0.E0,1.E0,0.E0));
#4904=VECTOR('',#4903,1.1E-2);
#4905=CARTESIAN_POINT('',(-1.665E-1,-8.3E-2,-5.9E-2));
#4906=LINE('',#4905,#4904);
#4907=CARTESIAN_POINT('',(-1.665E-1,-8.3E-2,-7.1E-2));
#4908=DIRECTION('',(-1.E0,0.E0,0.E0));
#4909=DIRECTION('',(0.E0,-1.E0,0.E0));
#4910=AXIS2_PLACEMENT_3D('',#4907,#4908,#4909);
#4912=DIRECTION('',(0.E0,0.E0,1.E0));
#4913=VECTOR('',#4912,3.4E-2);
#4914=CARTESIAN_POINT('',(-1.665E-1,-9.5E-2,-1.05E-1));
#4915=LINE('',#4914,#4913);
#4916=DIRECTION('',(0.E0,-1.E0,0.E0));
#4917=VECTOR('',#4916,6.E-3);
#4918=CARTESIAN_POINT('',(-1.665E-1,-8.9E-2,-1.05E-1));
#4919=LINE('',#4918,#4917);
#4920=DIRECTION('',(0.E0,0.E0,-1.E0));
#4921=VECTOR('',#4920,3.4E-2);
#4922=CARTESIAN_POINT('',(-1.665E-1,-8.9E-2,-7.1E-2));
#4923=LINE('',#4922,#4921);
#4924=CARTESIAN_POINT('',(-1.665E-1,-8.3E-2,-7.1E-2));
#4925=DIRECTION('',(1.E0,0.E0,0.E0));
#4926=DIRECTION('',(0.E0,0.E0,1.E0));
#4927=AXIS2_PLACEMENT_3D('',#4924,#4925,#4926);
#4929=DIRECTION('',(0.E0,-1.E0,0.E0));
#4930=VECTOR('',#4929,1.1E-2);
#4931=CARTESIAN_POINT('',(-1.665E-1,-7.2E-2,-6.5E-2));
#4932=LINE('',#4931,#4930);
#4933=DIRECTION('',(-1.E0,0.E0,0.E0));
#4934=VECTOR('',#4933,1.8E-2);
#4935=CARTESIAN_POINT('',(-1.485E-1,-9.5E-2,-7.1E-2));
#4936=LINE('',#4935,#4934);
#4937=DIRECTION('',(-1.E0,0.E0,0.E0));
#4938=VECTOR('',#4937,1.8E-2);
#4939=CARTESIAN_POINT('',(-1.485E-1,-9.5E-2,-1.05E-1));
#4940=LINE('',#4939,#4938);
#4941=DIRECTION('',(-1.E0,0.E0,0.E0));
#4942=VECTOR('',#4941,1.8E-2);
#4943=CARTESIAN_POINT('',(-1.485E-1,-8.9E-2,-1.05E-1));
#4944=LINE('',#4943,#4942);
#4945=DIRECTION('',(-1.E0,0.E0,0.E0));
#4946=VECTOR('',#4945,1.8E-2);
#4947=CARTESIAN_POINT('',(-1.485E-1,-8.9E-2,-7.1E-2));
#4948=LINE('',#4947,#4946);
#4949=DIRECTION('',(-1.E0,0.E0,0.E0));
#4950=VECTOR('',#4949,1.8E-2);
#4951=CARTESIAN_POINT('',(-1.485E-1,-8.3E-2,-6.5E-2));
#4952=LINE('',#4951,#4950);
#4953=DIRECTION('',(0.E0,0.E0,1.E0));
#4954=VECTOR('',#4953,3.E-2);
#4955=CARTESIAN_POINT('',(-1.735E-1,-1.4E-2,-5.1E-2));
#4956=LINE('',#4955,#4954);
#4957=DIRECTION('',(2.399101481970E-1,9.707950972229E-1,0.E0));
#4958=VECTOR('',#4957,3.914721686574E-2);
#4959=CARTESIAN_POINT('',(-1.735E-1,-1.4E-2,-2.1E-2));
#4960=LINE('',#4959,#4958);
#4961=DIRECTION('',(0.E0,1.E0,0.E0));
#4962=VECTOR('',#4961,2.5E-2);
#4963=CARTESIAN_POINT('',(-1.735E-1,-3.9E-2,-2.1E-2));
#4964=LINE('',#4963,#4962);
#4965=DIRECTION('',(-2.399101481970E-1,-9.707950972229E-1,0.E0));
#4966=VECTOR('',#4965,4.058667775492E-2);
#4967=CARTESIAN_POINT('',(-1.697628441250E-1,2.540134777705E-2,-2.1E-2));
#4968=LINE('',#4967,#4966);
#4969=CARTESIAN_POINT('',(-1.843247705833E-1,2.9E-2,-2.1E-2));
#4970=DIRECTION('',(0.E0,0.E0,-1.E0));
#4971=DIRECTION('',(9.518255596667E-1,3.066400234235E-1,0.E0));
#4972=AXIS2_PLACEMENT_3D('',#4969,#4970,#4971);
#4974=DIRECTION('',(3.066400234235E-1,-9.518255596667E-1,0.E0));
#4975=VECTOR('',#4974,1.673164043283E-2);
#4976=CARTESIAN_POINT('',(-1.751779778026E-1,4.952520337047E-2,-2.1E-2));
#4977=LINE('',#4976,#4975);
#4978=DIRECTION('',(-4.562150678010E-1,-8.898695476930E-1,0.E0));
#4979=VECTOR('',#4978,3.994828869549E-3);
#4980=CARTESIAN_POINT('',(-1.733554766790E-1,5.308007992973E-2,-2.1E-2));
#4981=LINE('',#4980,#4979);
#4982=DIRECTION('',(-9.518255596667E-1,-3.066400234235E-1,0.E0));
#4983=VECTOR('',#4982,3.E-3);
#4984=CARTESIAN_POINT('',(-1.705E-1,5.4E-2,-2.1E-2));
#4985=LINE('',#4984,#4983);
#4986=DIRECTION('',(-3.066400234235E-1,9.518255596667E-1,0.E0));
#4987=VECTOR('',#4986,1.955641101617E-2);
#4988=CARTESIAN_POINT('',(-1.645032216679E-1,3.538570813946E-2,-2.1E-2));
#4989=LINE('',#4988,#4987);
#4990=CARTESIAN_POINT('',(-1.843247705833E-1,2.9E-2,-2.1E-2));
#4991=DIRECTION('',(0.E0,0.E0,1.E0));
#4992=DIRECTION('',(9.707950972229E-1,-2.399101481970E-1,0.E0));
#4993=AXIS2_PLACEMENT_3D('',#4990,#4991,#4992);
#4995=DIRECTION('',(2.399101481970E-1,-9.707950972229E-1,0.E0));
#4996=VECTOR('',#4995,3.914721686574E-2);
#4997=CARTESIAN_POINT('',(-1.508918145998E-1,2.400392620318E-2,-2.1E-2));
#4998=LINE('',#4997,#4996);
#4999=CARTESIAN_POINT('',(-1.306752294167E-1,2.9E-2,-2.1E-2));
#5000=DIRECTION('',(0.E0,0.E0,1.E0));
#5001=DIRECTION('',(-9.518255596667E-1,3.066400234235E-1,0.E0));
#5002=AXIS2_PLACEMENT_3D('',#4999,#5000,#5001);
#5004=DIRECTION('',(-3.066400234235E-1,-9.518255596667E-1,0.E0));
#5005=VECTOR('',#5004,1.955641101617E-2);
#5006=CARTESIAN_POINT('',(-1.445E-1,5.4E-2,-2.1E-2));
#5007=LINE('',#5006,#5005);
#5008=DIRECTION('',(-9.518255596667E-1,3.066400234235E-1,0.E0));
#5009=VECTOR('',#5008,3.E-3);
#5010=CARTESIAN_POINT('',(-1.416445233210E-1,5.308007992973E-2,-2.1E-2));
#5011=LINE('',#5010,#5009);
#5012=DIRECTION('',(-4.562150678010E-1,8.898695476930E-1,0.E0));
#5013=VECTOR('',#5012,3.994828869549E-3);
#5014=CARTESIAN_POINT('',(-1.398220221974E-1,4.952520337047E-2,-2.1E-2));
#5015=LINE('',#5014,#5013);
#5016=DIRECTION('',(3.066400234235E-1,9.518255596667E-1,0.E0));
#5017=VECTOR('',#5016,1.673164043283E-2);
#5018=CARTESIAN_POINT('',(-1.449526128117E-1,3.359960035135E-2,-2.1E-2));
#5019=LINE('',#5018,#5017);
#5020=CARTESIAN_POINT('',(-1.306752294167E-1,2.9E-2,-2.1E-2));
#5021=DIRECTION('',(0.E0,0.E0,-1.E0));
#5022=DIRECTION('',(-9.707950972229E-1,-2.399101481970E-1,0.E0));
#5023=AXIS2_PLACEMENT_3D('',#5020,#5021,#5022);
#5025=DIRECTION('',(-2.399101481970E-1,9.707950972229E-1,0.E0));
#5026=VECTOR('',#5025,4.058667775492E-2);
#5027=CARTESIAN_POINT('',(-1.355E-1,-1.4E-2,-2.1E-2));
#5028=LINE('',#5027,#5026);
#5029=DIRECTION('',(0.E0,1.E0,0.E0));
#5030=VECTOR('',#5029,2.5E-2);
#5031=CARTESIAN_POINT('',(-1.355E-1,-3.9E-2,-2.1E-2));
#5032=LINE('',#5031,#5030);
#5033=DIRECTION('',(0.E0,0.E0,-1.E0));
#5034=VECTOR('',#5033,3.E-2);
#5035=CARTESIAN_POINT('',(-1.697628441250E-1,2.540134777705E-2,-2.1E-2));
#5036=LINE('',#5035,#5034);
#5037=DIRECTION('',(-2.399101481970E-1,9.707950972229E-1,0.E0));
#5038=VECTOR('',#5037,4.058667775492E-2);
#5039=CARTESIAN_POINT('',(-1.355E-1,-1.4E-2,-5.1E-2));
#5040=LINE('',#5039,#5038);
#5041=CARTESIAN_POINT('',(-1.306752294167E-1,2.9E-2,-5.1E-2));
#5042=DIRECTION('',(0.E0,0.E0,-1.E0));
#5043=DIRECTION('',(-9.707950972229E-1,-2.399101481970E-1,0.E0));
#5044=AXIS2_PLACEMENT_3D('',#5041,#5042,#5043);
#5046=DIRECTION('',(3.066400234235E-1,9.518255596667E-1,0.E0));
#5047=VECTOR('',#5046,1.673164043283E-2);
#5048=CARTESIAN_POINT('',(-1.449526128117E-1,3.359960035135E-2,-5.1E-2));
#5049=LINE('',#5048,#5047);
#5050=DIRECTION('',(-4.562150678010E-1,8.898695476930E-1,0.E0));
#5051=VECTOR('',#5050,3.994828869549E-3);
#5052=CARTESIAN_POINT('',(-1.398220221974E-1,4.952520337047E-2,-5.1E-2));
#5053=LINE('',#5052,#5051);
#5054=DIRECTION('',(-9.518255596667E-1,3.066400234235E-1,0.E0));
#5055=VECTOR('',#5054,3.E-3);
#5056=CARTESIAN_POINT('',(-1.416445233210E-1,5.308007992973E-2,-5.1E-2));
#5057=LINE('',#5056,#5055);
#5058=DIRECTION('',(-3.066400234235E-1,-9.518255596667E-1,0.E0));
#5059=VECTOR('',#5058,1.955641101617E-2);
#5060=CARTESIAN_POINT('',(-1.445E-1,5.4E-2,-5.1E-2));
#5061=LINE('',#5060,#5059);
#5062=CARTESIAN_POINT('',(-1.306752294167E-1,2.9E-2,-5.1E-2));
#5063=DIRECTION('',(0.E0,0.E0,1.E0));
#5064=DIRECTION('',(-9.518255596667E-1,3.066400234235E-1,0.E0));
#5065=AXIS2_PLACEMENT_3D('',#5062,#5063,#5064);
#5067=DIRECTION('',(2.399101481970E-1,-9.707950972229E-1,0.E0));
#5068=VECTOR('',#5067,3.914721686574E-2);
#5069=CARTESIAN_POINT('',(-1.508918145998E-1,2.400392620318E-2,-5.1E-2));
#5070=LINE('',#5069,#5068);
#5071=DIRECTION('',(2.399101481970E-1,9.707950972229E-1,0.E0));
#5072=VECTOR('',#5071,3.914721686574E-2);
#5073=CARTESIAN_POINT('',(-1.735E-1,-1.4E-2,-5.1E-2));
#5074=LINE('',#5073,#5072);
#5075=CARTESIAN_POINT('',(-1.843247705833E-1,2.9E-2,-5.1E-2));
#5076=DIRECTION('',(0.E0,0.E0,1.E0));
#5077=DIRECTION('',(9.707950972229E-1,-2.399101481970E-1,0.E0));
#5078=AXIS2_PLACEMENT_3D('',#5075,#5076,#5077);
#5080=DIRECTION('',(-3.066400234235E-1,9.518255596667E-1,0.E0));
#5081=VECTOR('',#5080,1.955641101617E-2);
#5082=CARTESIAN_POINT('',(-1.645032216679E-1,3.538570813946E-2,-5.1E-2));
#5083=LINE('',#5082,#5081);
#5084=DIRECTION('',(-9.518255596667E-1,-3.066400234235E-1,0.E0));
#5085=VECTOR('',#5084,3.E-3);
#5086=CARTESIAN_POINT('',(-1.705E-1,5.4E-2,-5.1E-2));
#5087=LINE('',#5086,#5085);
#5088=DIRECTION('',(-4.562150678010E-1,-8.898695476930E-1,0.E0));
#5089=VECTOR('',#5088,3.994828869549E-3);
#5090=CARTESIAN_POINT('',(-1.733554766790E-1,5.308007992973E-2,-5.1E-2));
#5091=LINE('',#5090,#5089);
#5092=DIRECTION('',(3.066400234235E-1,-9.518255596667E-1,0.E0));
#5093=VECTOR('',#5092,1.673164043283E-2);
#5094=CARTESIAN_POINT('',(-1.751779778026E-1,4.952520337047E-2,-5.1E-2));
#5095=LINE('',#5094,#5093);
#5096=CARTESIAN_POINT('',(-1.843247705833E-1,2.9E-2,-5.1E-2));
#5097=DIRECTION('',(0.E0,0.E0,-1.E0));
#5098=DIRECTION('',(9.518255596667E-1,3.066400234235E-1,0.E0));
#5099=AXIS2_PLACEMENT_3D('',#5096,#5097,#5098);
#5101=DIRECTION('',(-2.399101481970E-1,-9.707950972229E-1,0.E0));
#5102=VECTOR('',#5101,4.058667775492E-2);
#5103=CARTESIAN_POINT('',(-1.697628441250E-1,2.540134777705E-2,-5.1E-2));
#5104=LINE('',#5103,#5102);
#5105=DIRECTION('',(0.E0,0.E0,-1.E0));
#5106=VECTOR('',#5105,3.E-2);
#5107=CARTESIAN_POINT('',(-1.452371558750E-1,2.540134777705E-2,-2.1E-2));
#5108=LINE('',#5107,#5106);
#5109=DIRECTION('',(0.E0,0.E0,-1.E0));
#5110=VECTOR('',#5109,3.E-2);
#5111=CARTESIAN_POINT('',(-1.449526128117E-1,3.359960035135E-2,-2.1E-2));
#5112=LINE('',#5111,#5110);
#5113=DIRECTION('',(0.E0,0.E0,-1.E0));
#5114=VECTOR('',#5113,3.E-2);
#5115=CARTESIAN_POINT('',(-1.398220221974E-1,4.952520337047E-2,-2.1E-2));
#5116=LINE('',#5115,#5114);
#5117=DIRECTION('',(0.E0,0.E0,-1.E0));
#5118=VECTOR('',#5117,3.E-2);
#5119=CARTESIAN_POINT('',(-1.416445233210E-1,5.308007992973E-2,-2.1E-2));
#5120=LINE('',#5119,#5118);
#5121=DIRECTION('',(0.E0,0.E0,-1.E0));
#5122=VECTOR('',#5121,3.E-2);
#5123=CARTESIAN_POINT('',(-1.445E-1,5.4E-2,-2.1E-2));
#5124=LINE('',#5123,#5122);
#5125=DIRECTION('',(0.E0,0.E0,-1.E0));
#5126=VECTOR('',#5125,3.E-2);
#5127=CARTESIAN_POINT('',(-1.504967783321E-1,3.538570813946E-2,-2.1E-2));
#5128=LINE('',#5127,#5126);
#5129=DIRECTION('',(0.E0,0.E0,-1.E0));
#5130=VECTOR('',#5129,3.E-2);
#5131=CARTESIAN_POINT('',(-1.508918145998E-1,2.400392620318E-2,-2.1E-2));
#5132=LINE('',#5131,#5130);
#5133=DIRECTION('',(0.E0,0.E0,1.E0));
#5134=VECTOR('',#5133,3.E-2);
#5135=CARTESIAN_POINT('',(-1.415E-1,-1.4E-2,-5.1E-2));
#5136=LINE('',#5135,#5134);
#5137=DIRECTION('',(0.E0,1.E0,0.E0));
#5138=VECTOR('',#5137,2.5E-2);
#5139=CARTESIAN_POINT('',(-1.415E-1,-3.9E-2,-2.1E-2));
#5140=LINE('',#5139,#5138);
#5141=DIRECTION('',(0.E0,0.E0,-1.E0));
#5142=VECTOR('',#5141,3.E-2);
#5143=CARTESIAN_POINT('',(-1.641081854002E-1,2.400392620318E-2,-2.1E-2));
#5144=LINE('',#5143,#5142);
#5145=DIRECTION('',(0.E0,0.E0,-1.E0));
#5146=VECTOR('',#5145,3.E-2);
#5147=CARTESIAN_POINT('',(-1.645032216679E-1,3.538570813946E-2,-2.1E-2));
#5148=LINE('',#5147,#5146);
#5149=DIRECTION('',(0.E0,0.E0,-1.E0));
#5150=VECTOR('',#5149,3.E-2);
#5151=CARTESIAN_POINT('',(-1.705E-1,5.4E-2,-2.1E-2));
#5152=LINE('',#5151,#5150);
#5153=DIRECTION('',(0.E0,0.E0,-1.E0));
#5154=VECTOR('',#5153,3.E-2);
#5155=CARTESIAN_POINT('',(-1.733554766790E-1,5.308007992973E-2,-2.1E-2));
#5156=LINE('',#5155,#5154);
#5157=DIRECTION('',(0.E0,0.E0,-1.E0));
#5158=VECTOR('',#5157,3.E-2);
#5159=CARTESIAN_POINT('',(-1.751779778026E-1,4.952520337047E-2,-2.1E-2));
#5160=LINE('',#5159,#5158);
#5161=DIRECTION('',(0.E0,0.E0,-1.E0));
#5162=VECTOR('',#5161,3.E-2);
#5163=CARTESIAN_POINT('',(-1.700473871883E-1,3.359960035135E-2,-2.1E-2));
#5164=LINE('',#5163,#5162);
#5165=DIRECTION('',(-1.E0,0.E0,0.E0));
#5166=VECTOR('',#5165,4.4E-2);
#5167=CARTESIAN_POINT('',(-1.355E-1,6.6E-2,-5.9E-2));
#5168=LINE('',#5167,#5166);
#5169=DIRECTION('',(0.E0,0.E0,-1.E0));
#5170=VECTOR('',#5169,3.E-2);
#5171=CARTESIAN_POINT('',(-1.735E-1,-1.4E-2,5.1E-2));
#5172=LINE('',#5171,#5170);
#5173=DIRECTION('',(0.E0,1.E0,0.E0));
#5174=VECTOR('',#5173,2.5E-2);
#5175=CARTESIAN_POINT('',(-1.735E-1,-3.9E-2,2.1E-2));
#5176=LINE('',#5175,#5174);
#5177=DIRECTION('',(0.E0,0.E0,1.E0));
#5178=VECTOR('',#5177,3.E-2);
#5179=CARTESIAN_POINT('',(-1.641081854002E-1,2.400392620318E-2,2.1E-2));
#5180=LINE('',#5179,#5178);
#5181=DIRECTION('',(0.E0,0.E0,1.E0));
#5182=VECTOR('',#5181,3.E-2);
#5183=CARTESIAN_POINT('',(-1.645032216679E-1,3.538570813946E-2,2.1E-2));
#5184=LINE('',#5183,#5182);
#5185=DIRECTION('',(0.E0,0.E0,1.E0));
#5186=VECTOR('',#5185,3.E-2);
#5187=CARTESIAN_POINT('',(-1.705E-1,5.4E-2,2.1E-2));
#5188=LINE('',#5187,#5186);
#5189=DIRECTION('',(0.E0,0.E0,1.E0));
#5190=VECTOR('',#5189,3.E-2);
#5191=CARTESIAN_POINT('',(-1.733554766790E-1,5.308007992973E-2,2.1E-2));
#5192=LINE('',#5191,#5190);
#5193=DIRECTION('',(0.E0,0.E0,1.E0));
#5194=VECTOR('',#5193,3.E-2);
#5195=CARTESIAN_POINT('',(-1.751779778026E-1,4.952520337047E-2,2.1E-2));
#5196=LINE('',#5195,#5194);
#5197=DIRECTION('',(0.E0,0.E0,1.E0));
#5198=VECTOR('',#5197,3.E-2);
#5199=CARTESIAN_POINT('',(-1.700473871883E-1,3.359960035135E-2,2.1E-2));
#5200=LINE('',#5199,#5198);
#5201=DIRECTION('',(0.E0,0.E0,1.E0));
#5202=VECTOR('',#5201,3.E-2);
#5203=CARTESIAN_POINT('',(-1.697628441250E-1,2.540134777705E-2,2.1E-2));
#5204=LINE('',#5203,#5202);
#5205=DIRECTION('',(0.E0,0.E0,1.E0));
#5206=VECTOR('',#5205,3.E-2);
#5207=CARTESIAN_POINT('',(-1.508918145998E-1,2.400392620318E-2,2.1E-2));
#5208=LINE('',#5207,#5206);
#5209=DIRECTION('',(0.E0,0.E0,1.E0));
#5210=VECTOR('',#5209,3.E-2);
#5211=CARTESIAN_POINT('',(-1.504967783321E-1,3.538570813946E-2,2.1E-2));
#5212=LINE('',#5211,#5210);
#5213=DIRECTION('',(0.E0,0.E0,1.E0));
#5214=VECTOR('',#5213,3.E-2);
#5215=CARTESIAN_POINT('',(-1.445E-1,5.4E-2,2.1E-2));
#5216=LINE('',#5215,#5214);
#5217=DIRECTION('',(0.E0,0.E0,1.E0));
#5218=VECTOR('',#5217,3.E-2);
#5219=CARTESIAN_POINT('',(-1.416445233210E-1,5.308007992973E-2,2.1E-2));
#5220=LINE('',#5219,#5218);
#5221=DIRECTION('',(0.E0,0.E0,1.E0));
#5222=VECTOR('',#5221,3.E-2);
#5223=CARTESIAN_POINT('',(-1.398220221974E-1,4.952520337047E-2,2.1E-2));
#5224=LINE('',#5223,#5222);
#5225=DIRECTION('',(0.E0,0.E0,1.E0));
#5226=VECTOR('',#5225,3.E-2);
#5227=CARTESIAN_POINT('',(-1.449526128117E-1,3.359960035135E-2,2.1E-2));
#5228=LINE('',#5227,#5226);
#5229=DIRECTION('',(0.E0,0.E0,1.E0));
#5230=VECTOR('',#5229,3.E-2);
#5231=CARTESIAN_POINT('',(-1.452371558750E-1,2.540134777705E-2,2.1E-2));
#5232=LINE('',#5231,#5230);
#5233=DIRECTION('',(-1.E0,0.E0,0.E0));
#5234=VECTOR('',#5233,5.3E-2);
#5235=CARTESIAN_POINT('',(-1.31E-1,6.8E-2,-6.5E-2));
#5236=LINE('',#5235,#5234);
#5237=DIRECTION('',(1.E0,0.E0,0.E0));
#5238=VECTOR('',#5237,5.3E-2);
#5239=CARTESIAN_POINT('',(-1.84E-1,-7.2E-2,-1.8E-2));
#5240=LINE('',#5239,#5238);
#5241=DIRECTION('',(-1.E0,0.E0,0.E0));
#5242=VECTOR('',#5241,5.3E-2);
#5243=CARTESIAN_POINT('',(-1.31E-1,6.8E-2,-1.8E-2));
#5244=LINE('',#5243,#5242);
#5245=DIRECTION('',(0.E0,0.E0,1.E0));
#5246=VECTOR('',#5245,2.6E-2);
#5247=CARTESIAN_POINT('',(-1.705E-1,6.8E-2,-5.235E-2));
#5248=LINE('',#5247,#5246);
#5249=DIRECTION('',(0.E0,1.E0,0.E0));
#5250=VECTOR('',#5249,1.E-2);
#5251=CARTESIAN_POINT('',(-1.705E-1,6.8E-2,-5.235E-2));
#5252=LINE('',#5251,#5250);
#5253=DIRECTION('',(1.E0,0.E0,0.E0));
#5254=VECTOR('',#5253,2.600000000002E-2);
#5255=CARTESIAN_POINT('',(-1.705E-1,6.8E-2,-2.635E-2));
#5256=LINE('',#5255,#5254);
#5257=DIRECTION('',(0.E0,1.E0,0.E0));
#5258=VECTOR('',#5257,1.E-2);
#5259=CARTESIAN_POINT('',(-1.705E-1,6.8E-2,-2.635E-2));
#5260=LINE('',#5259,#5258);
#5261=DIRECTION('',(0.E0,0.E0,-1.E0));
#5262=VECTOR('',#5261,2.6E-2);
#5263=CARTESIAN_POINT('',(-1.445E-1,6.8E-2,-2.635E-2));
#5264=LINE('',#5263,#5262);
#5265=DIRECTION('',(0.E0,1.E0,0.E0));
#5266=VECTOR('',#5265,1.E-2);
#5267=CARTESIAN_POINT('',(-1.445E-1,6.8E-2,-2.635E-2));
#5268=LINE('',#5267,#5266);
#5269=DIRECTION('',(-1.E0,0.E0,0.E0));
#5270=VECTOR('',#5269,2.600000000002E-2);
#5271=CARTESIAN_POINT('',(-1.445E-1,6.8E-2,-5.235E-2));
#5272=LINE('',#5271,#5270);
#5273=DIRECTION('',(0.E0,1.E0,0.E0));
#5274=VECTOR('',#5273,1.E-2);
#5275=CARTESIAN_POINT('',(-1.445E-1,6.8E-2,-5.235E-2));
#5276=LINE('',#5275,#5274);
#5277=DIRECTION('',(5.773502691893E-1,5.773502691898E-1,-5.773502691898E-1));
#5278=VECTOR('',#5277,1.732050807568E-2);
#5279=CARTESIAN_POINT('',(-1.445E-1,7.8E-2,-5.235E-2));
#5280=LINE('',#5279,#5278);
#5281=DIRECTION('',(-1.E0,0.E0,0.E0));
#5282=VECTOR('',#5281,2.600000000002E-2);
#5283=CARTESIAN_POINT('',(-1.445E-1,7.8E-2,-5.235E-2));
#5284=LINE('',#5283,#5282);
#5285=DIRECTION('',(0.E0,0.E0,1.E0));
#5286=VECTOR('',#5285,4.6E-2);
#5287=CARTESIAN_POINT('',(-1.805E-1,8.8E-2,-6.235E-2));
#5288=LINE('',#5287,#5286);
#5289=DIRECTION('',(1.E0,0.E0,0.E0));
#5290=VECTOR('',#5289,4.6E-2);
#5291=CARTESIAN_POINT('',(-1.805E-1,8.8E-2,-1.635E-2));
#5292=LINE('',#5291,#5290);
#5293=DIRECTION('',(0.E0,0.E0,-1.E0));
#5294=VECTOR('',#5293,4.6E-2);
#5295=CARTESIAN_POINT('',(-1.345E-1,8.8E-2,-1.635E-2));
#5296=LINE('',#5295,#5294);
#5297=DIRECTION('',(-1.E0,0.E0,0.E0));
#5298=VECTOR('',#5297,4.6E-2);
#5299=CARTESIAN_POINT('',(-1.345E-1,8.8E-2,-6.235E-2));
#5300=LINE('',#5299,#5298);
#5301=DIRECTION('',(0.E0,0.E0,1.E0));
#5302=VECTOR('',#5301,4.6E-2);
#5303=CARTESIAN_POINT('',(1.343E-1,8.8E-2,-6.235E-2));
#5304=LINE('',#5303,#5302);
#5305=DIRECTION('',(1.E0,0.E0,0.E0));
#5306=VECTOR('',#5305,4.6E-2);
#5307=CARTESIAN_POINT('',(1.343E-1,8.8E-2,-1.635E-2));
#5308=LINE('',#5307,#5306);
#5309=DIRECTION('',(0.E0,0.E0,-1.E0));
#5310=VECTOR('',#5309,4.6E-2);
#5311=CARTESIAN_POINT('',(1.803E-1,8.8E-2,-1.635E-2));
#5312=LINE('',#5311,#5310);
#5313=DIRECTION('',(-1.E0,0.E0,0.E0));
#5314=VECTOR('',#5313,4.6E-2);
#5315=CARTESIAN_POINT('',(1.803E-1,8.8E-2,-6.235E-2));
#5316=LINE('',#5315,#5314);
#5317=DIRECTION('',(0.E0,0.E0,1.E0));
#5318=VECTOR('',#5317,4.6E-2);
#5319=CARTESIAN_POINT('',(-1.805E-1,8.8E-2,1.635E-2));
#5320=LINE('',#5319,#5318);
#5321=DIRECTION('',(1.E0,0.E0,0.E0));
#5322=VECTOR('',#5321,4.6E-2);
#5323=CARTESIAN_POINT('',(-1.805E-1,8.8E-2,6.235E-2));
#5324=LINE('',#5323,#5322);
#5325=DIRECTION('',(0.E0,0.E0,-1.E0));
#5326=VECTOR('',#5325,4.6E-2);
#5327=CARTESIAN_POINT('',(-1.345E-1,8.8E-2,6.235E-2));
#5328=LINE('',#5327,#5326);
#5329=DIRECTION('',(-1.E0,0.E0,0.E0));
#5330=VECTOR('',#5329,4.6E-2);
#5331=CARTESIAN_POINT('',(-1.345E-1,8.8E-2,1.635E-2));
#5332=LINE('',#5331,#5330);
#5333=DIRECTION('',(0.E0,0.E0,1.E0));
#5334=VECTOR('',#5333,4.6E-2);
#5335=CARTESIAN_POINT('',(1.343E-1,8.8E-2,1.635E-2));
#5336=LINE('',#5335,#5334);
#5337=DIRECTION('',(1.E0,0.E0,0.E0));
#5338=VECTOR('',#5337,4.6E-2);
#5339=CARTESIAN_POINT('',(1.343E-1,8.8E-2,6.235E-2));
#5340=LINE('',#5339,#5338);
#5341=DIRECTION('',(0.E0,0.E0,-1.E0));
#5342=VECTOR('',#5341,4.6E-2);
#5343=CARTESIAN_POINT('',(1.803E-1,8.8E-2,6.235E-2));
#5344=LINE('',#5343,#5342);
#5345=DIRECTION('',(-1.E0,0.E0,0.E0));
#5346=VECTOR('',#5345,4.6E-2);
#5347=CARTESIAN_POINT('',(1.803E-1,8.8E-2,1.635E-2));
#5348=LINE('',#5347,#5346);
#5349=DIRECTION('',(0.E0,0.E0,1.E0));
#5350=VECTOR('',#5349,6.E-2);
#5351=CARTESIAN_POINT('',(1.955E-1,8.8E-2,-3.E-2));
#5352=LINE('',#5351,#5350);
#5353=DIRECTION('',(-1.E0,0.E0,0.E0));
#5354=VECTOR('',#5353,5.E-3);
#5355=CARTESIAN_POINT('',(2.005E-1,8.8E-2,3.E-2));
#5356=LINE('',#5355,#5354);
#5357=DIRECTION('',(0.E0,0.E0,1.E0));
#5358=VECTOR('',#5357,5.25E-2);
#5359=CARTESIAN_POINT('',(2.005E-1,8.8E-2,3.E-2));
#5360=LINE('',#5359,#5358);
#5361=DIRECTION('',(0.E0,0.E0,1.E0));
#5362=VECTOR('',#5361,5.25E-2);
#5363=CARTESIAN_POINT('',(2.005E-1,8.8E-2,-8.25E-2));
#5364=LINE('',#5363,#5362);
#5365=DIRECTION('',(-1.E0,0.E0,0.E0));
#5366=VECTOR('',#5365,5.E-3);
#5367=CARTESIAN_POINT('',(2.005E-1,8.8E-2,-3.E-2));
#5368=LINE('',#5367,#5366);
#5369=DIRECTION('',(0.E0,0.E0,-1.E0));
#5370=VECTOR('',#5369,7.65E-3);
#5371=CARTESIAN_POINT('',(-1.E-1,8.8E-2,7.E-2));
#5372=LINE('',#5371,#5370);
#5373=DIRECTION('',(1.E0,0.E0,0.E0));
#5374=VECTOR('',#5373,2.E-1);
#5375=CARTESIAN_POINT('',(-1.E-1,8.8E-2,7.E-2));
#5376=LINE('',#5375,#5374);
#5377=DIRECTION('',(0.E0,0.E0,-1.E0));
#5378=VECTOR('',#5377,7.65E-3);
#5379=CARTESIAN_POINT('',(1.E-1,8.8E-2,7.E-2));
#5380=LINE('',#5379,#5378);
#5381=DIRECTION('',(1.E0,0.E0,1.301042606983E-14));
#5382=VECTOR('',#5381,1.6E-3);
#5383=CARTESIAN_POINT('',(1.E-1,8.8E-2,6.235E-2));
#5384=LINE('',#5383,#5382);
#5385=DIRECTION('',(0.E0,0.E0,-1.E0));
#5386=VECTOR('',#5385,4.6E-2);
#5387=CARTESIAN_POINT('',(1.016E-1,8.8E-2,6.235E-2));
#5388=LINE('',#5387,#5386);
#5389=DIRECTION('',(-1.E0,0.E0,0.E0));
#5390=VECTOR('',#5389,1.6E-3);
#5391=CARTESIAN_POINT('',(1.016E-1,8.8E-2,1.635E-2));
#5392=LINE('',#5391,#5390);
#5393=DIRECTION('',(0.E0,0.E0,-1.E0));
#5394=VECTOR('',#5393,3.27E-2);
#5395=CARTESIAN_POINT('',(1.E-1,8.8E-2,1.635E-2));
#5396=LINE('',#5395,#5394);
#5397=DIRECTION('',(1.E0,0.E0,0.E0));
#5398=VECTOR('',#5397,1.6E-3);
#5399=CARTESIAN_POINT('',(1.E-1,8.8E-2,-1.635E-2));
#5400=LINE('',#5399,#5398);
#5401=DIRECTION('',(0.E0,0.E0,-1.E0));
#5402=VECTOR('',#5401,4.6E-2);
#5403=CARTESIAN_POINT('',(1.016E-1,8.8E-2,-1.635E-2));
#5404=LINE('',#5403,#5402);
#5405=DIRECTION('',(-1.E0,0.E0,0.E0));
#5406=VECTOR('',#5405,1.6E-3);
#5407=CARTESIAN_POINT('',(1.016E-1,8.8E-2,-6.235E-2));
#5408=LINE('',#5407,#5406);
#5409=DIRECTION('',(0.E0,0.E0,-1.E0));
#5410=VECTOR('',#5409,7.65E-3);
#5411=CARTESIAN_POINT('',(1.E-1,8.8E-2,-6.235E-2));
#5412=LINE('',#5411,#5410);
#5413=DIRECTION('',(1.E0,0.E0,0.E0));
#5414=VECTOR('',#5413,2.E-1);
#5415=CARTESIAN_POINT('',(-1.E-1,8.8E-2,-7.E-2));
#5416=LINE('',#5415,#5414);
#5417=DIRECTION('',(0.E0,0.E0,-1.E0));
#5418=VECTOR('',#5417,7.65E-3);
#5419=CARTESIAN_POINT('',(-1.E-1,8.8E-2,-6.235E-2));
#5420=LINE('',#5419,#5418);
#5421=DIRECTION('',(-1.E0,0.E0,-1.156482317318E-14));
#5422=VECTOR('',#5421,1.8E-3);
#5423=CARTESIAN_POINT('',(-1.E-1,8.8E-2,-6.235E-2));
#5424=LINE('',#5423,#5422);
#5425=DIRECTION('',(0.E0,0.E0,1.E0));
#5426=VECTOR('',#5425,4.6E-2);
#5427=CARTESIAN_POINT('',(-1.018E-1,8.8E-2,-6.235E-2));
#5428=LINE('',#5427,#5426);
#5429=DIRECTION('',(1.E0,0.E0,0.E0));
#5430=VECTOR('',#5429,1.8E-3);
#5431=CARTESIAN_POINT('',(-1.018E-1,8.8E-2,-1.635E-2));
#5432=LINE('',#5431,#5430);
#5433=DIRECTION('',(0.E0,0.E0,-1.E0));
#5434=VECTOR('',#5433,3.27E-2);
#5435=CARTESIAN_POINT('',(-1.E-1,8.8E-2,1.635E-2));
#5436=LINE('',#5435,#5434);
#5437=DIRECTION('',(-1.E0,0.E0,0.E0));
#5438=VECTOR('',#5437,1.8E-3);
#5439=CARTESIAN_POINT('',(-1.E-1,8.8E-2,1.635E-2));
#5440=LINE('',#5439,#5438);
#5441=DIRECTION('',(0.E0,0.E0,1.E0));
#5442=VECTOR('',#5441,4.6E-2);
#5443=CARTESIAN_POINT('',(-1.018E-1,8.8E-2,1.635E-2));
#5444=LINE('',#5443,#5442);
#5445=DIRECTION('',(1.E0,0.E0,0.E0));
#5446=VECTOR('',#5445,1.8E-3);
#5447=CARTESIAN_POINT('',(-1.018E-1,8.8E-2,6.235E-2));
#5448=LINE('',#5447,#5446);
#5449=DIRECTION('',(-5.773502691893E-1,5.773502691898E-1,-5.773502691898E-1));
#5450=VECTOR('',#5449,1.732050807568E-2);
#5451=CARTESIAN_POINT('',(-1.705E-1,7.8E-2,-5.235E-2));
#5452=LINE('',#5451,#5450);
#5453=DIRECTION('',(0.E0,0.E0,1.E0));
#5454=VECTOR('',#5453,2.6E-2);
#5455=CARTESIAN_POINT('',(-1.705E-1,7.8E-2,-5.235E-2));
#5456=LINE('',#5455,#5454);
#5457=DIRECTION('',(-5.773502691893E-1,5.773502691898E-1,5.773502691898E-1));
#5458=VECTOR('',#5457,1.732050807568E-2);
#5459=CARTESIAN_POINT('',(-1.705E-1,7.8E-2,-2.635E-2));
#5460=LINE('',#5459,#5458);
#5461=DIRECTION('',(1.E0,0.E0,0.E0));
#5462=VECTOR('',#5461,2.600000000002E-2);
#5463=CARTESIAN_POINT('',(-1.705E-1,7.8E-2,-2.635E-2));
#5464=LINE('',#5463,#5462);
#5465=DIRECTION('',(5.773502691893E-1,5.773502691898E-1,5.773502691898E-1));
#5466=VECTOR('',#5465,1.732050807568E-2);
#5467=CARTESIAN_POINT('',(-1.445E-1,7.8E-2,-2.635E-2));
#5468=LINE('',#5467,#5466);
#5469=DIRECTION('',(0.E0,0.E0,-1.E0));
#5470=VECTOR('',#5469,2.6E-2);
#5471=CARTESIAN_POINT('',(-1.445E-1,7.8E-2,-2.635E-2));
#5472=LINE('',#5471,#5470);
#5473=DIRECTION('',(-5.773502691893E-1,5.773502691898E-1,-5.773502691898E-1));
#5474=VECTOR('',#5473,1.732050807568E-2);
#5475=CARTESIAN_POINT('',(1.443E-1,7.8E-2,-5.235E-2));
#5476=LINE('',#5475,#5474);
#5477=DIRECTION('',(0.E0,0.E0,1.E0));
#5478=VECTOR('',#5477,2.6E-2);
#5479=CARTESIAN_POINT('',(1.443E-1,7.8E-2,-5.235E-2));
#5480=LINE('',#5479,#5478);
#5481=DIRECTION('',(5.773502691893E-1,5.773502691898E-1,-5.773502691898E-1));
#5482=VECTOR('',#5481,1.732050807568E-2);
#5483=CARTESIAN_POINT('',(1.703E-1,7.8E-2,-5.235E-2));
#5484=LINE('',#5483,#5482);
#5485=DIRECTION('',(-1.E0,0.E0,0.E0));
#5486=VECTOR('',#5485,2.600000000002E-2);
#5487=CARTESIAN_POINT('',(1.703E-1,7.8E-2,-5.235E-2));
#5488=LINE('',#5487,#5486);
#5489=DIRECTION('',(5.773502691893E-1,5.773502691898E-1,5.773502691898E-1));
#5490=VECTOR('',#5489,1.732050807568E-2);
#5491=CARTESIAN_POINT('',(1.703E-1,7.8E-2,-2.635E-2));
#5492=LINE('',#5491,#5490);
#5493=DIRECTION('',(0.E0,0.E0,-1.E0));
#5494=VECTOR('',#5493,2.6E-2);
#5495=CARTESIAN_POINT('',(1.703E-1,7.8E-2,-2.635E-2));
#5496=LINE('',#5495,#5494);
#5497=DIRECTION('',(-5.773502691893E-1,5.773502691898E-1,5.773502691898E-1));
#5498=VECTOR('',#5497,1.732050807568E-2);
#5499=CARTESIAN_POINT('',(1.443E-1,7.8E-2,-2.635E-2));
#5500=LINE('',#5499,#5498);
#5501=DIRECTION('',(1.E0,0.E0,0.E0));
#5502=VECTOR('',#5501,2.600000000002E-2);
#5503=CARTESIAN_POINT('',(1.443E-1,7.8E-2,-2.635E-2));
#5504=LINE('',#5503,#5502);
#5505=DIRECTION('',(1.E0,0.E0,0.E0));
#5506=VECTOR('',#5505,2.600000000002E-2);
#5507=CARTESIAN_POINT('',(1.443E-1,6.8E-2,-2.635E-2));
#5508=LINE('',#5507,#5506);
#5509=DIRECTION('',(0.E0,1.E0,0.E0));
#5510=VECTOR('',#5509,1.E-2);
#5511=CARTESIAN_POINT('',(1.443E-1,6.8E-2,-2.635E-2));
#5512=LINE('',#5511,#5510);
#5513=DIRECTION('',(-1.E0,0.E0,0.E0));
#5514=VECTOR('',#5513,5.3E-2);
#5515=CARTESIAN_POINT('',(1.838E-1,6.8E-2,-6.5E-2));
#5516=LINE('',#5515,#5514);
#5517=DIRECTION('',(0.E0,1.E0,0.E0));
#5518=VECTOR('',#5517,7.E-3);
#5519=CARTESIAN_POINT('',(1.838E-1,-7.9E-2,-5.1E-2));
#5520=LINE('',#5519,#5518);
#5521=DIRECTION('',(0.E0,0.E0,1.E0));
#5522=VECTOR('',#5521,1.4E-2);
#5523=CARTESIAN_POINT('',(1.838E-1,-7.2E-2,-6.5E-2));
#5524=LINE('',#5523,#5522);
#5525=DIRECTION('',(-4.282288809268E-14,1.E0,0.E0));
#5526=VECTOR('',#5525,1.4E-1);
#5527=CARTESIAN_POINT('',(1.838E-1,-7.2E-2,-6.5E-2));
#5528=LINE('',#5527,#5526);
#5529=DIRECTION('',(0.E0,0.E0,1.E0));
#5530=VECTOR('',#5529,4.7E-2);
#5531=CARTESIAN_POINT('',(1.838E-1,6.8E-2,-6.5E-2));
#5532=LINE('',#5531,#5530);
#5533=DIRECTION('',(2.141144404634E-14,-1.E0,0.E0));
#5534=VECTOR('',#5533,1.4E-1);
#5535=CARTESIAN_POINT('',(1.838E-1,6.8E-2,-1.8E-2));
#5536=LINE('',#5535,#5534);
#5537=DIRECTION('',(-2.141144404634E-14,1.E0,0.E0));
#5538=VECTOR('',#5537,1.4E-1);
#5539=CARTESIAN_POINT('',(1.838E-1,-7.2E-2,1.8E-2));
#5540=LINE('',#5539,#5538);
#5541=DIRECTION('',(0.E0,0.E0,1.E0));
#5542=VECTOR('',#5541,4.7E-2);
#5543=CARTESIAN_POINT('',(1.838E-1,6.8E-2,1.8E-2));
#5544=LINE('',#5543,#5542);
#5545=DIRECTION('',(4.282288809268E-14,-1.E0,0.E0));
#5546=VECTOR('',#5545,1.4E-1);
#5547=CARTESIAN_POINT('',(1.838E-1,6.8E-2,6.5E-2));
#5548=LINE('',#5547,#5546);
#5549=DIRECTION('',(0.E0,0.E0,1.E0));
#5550=VECTOR('',#5549,1.4E-2);
#5551=CARTESIAN_POINT('',(1.838E-1,-7.2E-2,5.1E-2));
#5552=LINE('',#5551,#5550);
#5553=DIRECTION('',(0.E0,1.E0,0.E0));
#5554=VECTOR('',#5553,7.E-3);
#5555=CARTESIAN_POINT('',(1.838E-1,-7.9E-2,5.1E-2));
#5556=LINE('',#5555,#5554);
#5557=DIRECTION('',(0.E0,8.E-1,6.E-1));
#5558=VECTOR('',#5557,2.5E-3);
#5559=CARTESIAN_POINT('',(1.838E-1,-8.1E-2,4.95E-2));
#5560=LINE('',#5559,#5558);
#5561=DIRECTION('',(0.E0,0.E0,-1.E0));
#5562=VECTOR('',#5561,9.9E-2);
#5563=CARTESIAN_POINT('',(1.838E-1,-8.1E-2,4.95E-2));
#5564=LINE('',#5563,#5562);
#5565=DIRECTION('',(0.E0,8.E-1,-6.E-1));
#5566=VECTOR('',#5565,2.5E-3);
#5567=CARTESIAN_POINT('',(1.838E-1,-8.1E-2,-4.95E-2));
#5568=LINE('',#5567,#5566);
#5569=DIRECTION('',(-1.E0,0.E0,0.E0));
#5570=VECTOR('',#5569,6.E-3);
#5571=CARTESIAN_POINT('',(1.898E-1,-7.9E-2,-5.1E-2));
#5572=LINE('',#5571,#5570);
#5573=DIRECTION('',(0.E0,1.E0,0.E0));
#5574=VECTOR('',#5573,7.E-3);
#5575=CARTESIAN_POINT('',(1.898E-1,-7.9E-2,-5.1E-2));
#5576=LINE('',#5575,#5574);
#5577=DIRECTION('',(-6.246950475544E-1,-6.246950475544E-1,4.685212856658E-1));
#5578=VECTOR('',#5577,9.604686356149E-3);
#5579=CARTESIAN_POINT('',(1.308E-1,-8.1E-2,-4.95E-2));
#5580=LINE('',#5579,#5578);
#5581=DIRECTION('',(-6.246950475544E-1,-6.246950475544E-1,-4.685212856658E-1));
#5582=VECTOR('',#5581,9.604686356149E-3);
#5583=CARTESIAN_POINT('',(1.308E-1,-8.1E-2,4.95E-2));
#5584=LINE('',#5583,#5582);
#5585=DIRECTION('',(0.E0,0.E0,1.E0));
#5586=VECTOR('',#5585,2.4E-2);
#5587=CARTESIAN_POINT('',(1.248E-1,-8.7E-2,4.5E-2));
#5588=LINE('',#5587,#5586);
#5589=DIRECTION('',(0.E0,-8.E-1,-6.E-1));
#5590=VECTOR('',#5589,1.E-2);
#5591=CARTESIAN_POINT('',(1.248E-1,-7.9E-2,5.1E-2));
#5592=LINE('',#5591,#5590);
#5593=DIRECTION('',(0.E0,0.E0,1.E0));
#5594=VECTOR('',#5593,2.4E-2);
#5595=CARTESIAN_POINT('',(1.248E-1,-8.7E-2,-6.9E-2));
#5596=LINE('',#5595,#5594);
#5597=DIRECTION('',(0.E0,8.E-1,-6.E-1));
#5598=VECTOR('',#5597,1.E-2);
#5599=CARTESIAN_POINT('',(1.248E-1,-8.7E-2,-4.5E-2));
#5600=LINE('',#5599,#5598);
#5601=DIRECTION('',(0.E0,1.E0,0.E0));
#5602=VECTOR('',#5601,7.E-3);
#5603=CARTESIAN_POINT('',(1.248E-1,-7.9E-2,-5.1E-2));
#5604=LINE('',#5603,#5602);
#5605=DIRECTION('',(1.E0,0.E0,0.E0));
#5606=VECTOR('',#5605,6.E-3);
#5607=CARTESIAN_POINT('',(1.248E-1,-7.9E-2,5.1E-2));
#5608=LINE('',#5607,#5606);
#5609=DIRECTION('',(0.E0,1.E0,0.E0));
#5610=VECTOR('',#5609,7.E-3);
#5611=CARTESIAN_POINT('',(1.248E-1,-7.9E-2,5.1E-2));
#5612=LINE('',#5611,#5610);
#5613=DIRECTION('',(0.E0,-1.E0,0.E0));
#5614=VECTOR('',#5613,7.E-3);
#5615=CARTESIAN_POINT('',(1.308E-1,-7.2E-2,-5.1E-2));
#5616=LINE('',#5615,#5614);
#5617=DIRECTION('',(0.E0,8.E-1,-6.E-1));
#5618=VECTOR('',#5617,2.5E-3);
#5619=CARTESIAN_POINT('',(1.308E-1,-8.1E-2,-4.95E-2));
#5620=LINE('',#5619,#5618);
#5621=DIRECTION('',(0.E0,0.E0,1.E0));
#5622=VECTOR('',#5621,9.9E-2);
#5623=CARTESIAN_POINT('',(1.308E-1,-8.1E-2,-4.95E-2));
#5624=LINE('',#5623,#5622);
#5625=DIRECTION('',(0.E0,8.E-1,6.E-1));
#5626=VECTOR('',#5625,2.5E-3);
#5627=CARTESIAN_POINT('',(1.308E-1,-8.1E-2,4.95E-2));
#5628=LINE('',#5627,#5626);
#5629=DIRECTION('',(0.E0,-1.E0,0.E0));
#5630=VECTOR('',#5629,7.E-3);
#5631=CARTESIAN_POINT('',(1.308E-1,-7.2E-2,5.1E-2));
#5632=LINE('',#5631,#5630);
#5633=DIRECTION('',(-2.180795226942E-13,0.E0,1.E0));
#5634=VECTOR('',#5633,1.4E-2);
#5635=CARTESIAN_POINT('',(1.308E-1,-7.2E-2,5.1E-2));
#5636=LINE('',#5635,#5634);
#5637=DIRECTION('',(2.061842760018E-14,-1.E0,0.E0));
#5638=VECTOR('',#5637,1.4E-1);
#5639=CARTESIAN_POINT('',(1.308E-1,6.8E-2,6.5E-2));
#5640=LINE('',#5639,#5638);
#5641=DIRECTION('',(0.E0,0.E0,1.E0));
#5642=VECTOR('',#5641,4.7E-2);
#5643=CARTESIAN_POINT('',(1.308E-1,6.8E-2,1.8E-2));
#5644=LINE('',#5643,#5642);
#5645=DIRECTION('',(-2.061842760018E-14,1.E0,0.E0));
#5646=VECTOR('',#5645,1.4E-1);
#5647=CARTESIAN_POINT('',(1.308E-1,-7.2E-2,1.8E-2));
#5648=LINE('',#5647,#5646);
#5649=DIRECTION('',(0.E0,0.E0,-1.E0));
#5650=VECTOR('',#5649,3.6E-2);
#5651=CARTESIAN_POINT('',(1.308E-1,-7.2E-2,1.8E-2));
#5652=LINE('',#5651,#5650);
#5653=DIRECTION('',(2.061842760018E-14,-1.E0,0.E0));
#5654=VECTOR('',#5653,1.4E-1);
#5655=CARTESIAN_POINT('',(1.308E-1,6.8E-2,-1.8E-2));
#5656=LINE('',#5655,#5654);
#5657=DIRECTION('',(0.E0,0.E0,1.E0));
#5658=VECTOR('',#5657,4.7E-2);
#5659=CARTESIAN_POINT('',(1.308E-1,6.8E-2,-6.5E-2));
#5660=LINE('',#5659,#5658);
#5661=DIRECTION('',(-2.061842760018E-14,1.E0,0.E0));
#5662=VECTOR('',#5661,1.4E-1);
#5663=CARTESIAN_POINT('',(1.308E-1,-7.2E-2,-6.5E-2));
#5664=LINE('',#5663,#5662);
#5665=DIRECTION('',(2.180795226942E-13,0.E0,1.E0));
#5666=VECTOR('',#5665,1.4E-2);
#5667=CARTESIAN_POINT('',(1.308E-1,-7.2E-2,-6.5E-2));
#5668=LINE('',#5667,#5666);
#5669=DIRECTION('',(-1.E0,0.E0,0.E0));
#5670=VECTOR('',#5669,6.E-3);
#5671=CARTESIAN_POINT('',(1.308E-1,-7.9E-2,-5.1E-2));
#5672=LINE('',#5671,#5670);
#5673=DIRECTION('',(-1.E0,0.E0,0.E0));
#5674=VECTOR('',#5673,5.3E-2);
#5675=CARTESIAN_POINT('',(1.838E-1,6.8E-2,6.5E-2));
#5676=LINE('',#5675,#5674);
#5677=DIRECTION('',(1.E0,0.E0,0.E0));
#5678=VECTOR('',#5677,4.499999999994E-3);
#5679=CARTESIAN_POINT('',(1.308E-1,-7.2E-2,6.5E-2));
#5680=LINE('',#5679,#5678);
#5681=DIRECTION('',(0.E0,1.E0,0.E0));
#5682=VECTOR('',#5681,1.38E-1);
#5683=CARTESIAN_POINT('',(1.353E-1,-7.2E-2,6.5E-2));
#5684=LINE('',#5683,#5682);
#5685=DIRECTION('',(-1.E0,0.E0,0.E0));
#5686=VECTOR('',#5685,4.4E-2);
#5687=CARTESIAN_POINT('',(1.793E-1,6.6E-2,6.5E-2));
#5688=LINE('',#5687,#5686);
#5689=DIRECTION('',(0.E0,1.E0,0.E0));
#5690=VECTOR('',#5689,1.38E-1);
#5691=CARTESIAN_POINT('',(1.793E-1,-7.2E-2,6.5E-2));
#5692=LINE('',#5691,#5690);
#5693=DIRECTION('',(1.E0,0.E0,0.E0));
#5694=VECTOR('',#5693,4.500000000009E-3);
#5695=CARTESIAN_POINT('',(1.793E-1,-7.2E-2,6.5E-2));
#5696=LINE('',#5695,#5694);
#5697=DIRECTION('',(-1.E0,0.E0,0.E0));
#5698=VECTOR('',#5697,5.3E-2);
#5699=CARTESIAN_POINT('',(1.838E-1,6.8E-2,1.8E-2));
#5700=LINE('',#5699,#5698);
#5701=DIRECTION('',(1.E0,0.E0,0.E0));
#5702=VECTOR('',#5701,5.3E-2);
#5703=CARTESIAN_POINT('',(1.308E-1,-7.2E-2,1.8E-2));
#5704=LINE('',#5703,#5702);
#5705=DIRECTION('',(0.E0,0.E0,1.E0));
#5706=VECTOR('',#5705,2.6E-2);
#5707=CARTESIAN_POINT('',(1.443E-1,6.8E-2,2.635E-2));
#5708=LINE('',#5707,#5706);
#5709=DIRECTION('',(0.E0,1.E0,0.E0));
#5710=VECTOR('',#5709,1.E-2);
#5711=CARTESIAN_POINT('',(1.443E-1,6.8E-2,2.635E-2));
#5712=LINE('',#5711,#5710);
#5713=DIRECTION('',(1.E0,0.E0,0.E0));
#5714=VECTOR('',#5713,2.6E-2);
#5715=CARTESIAN_POINT('',(1.443E-1,6.8E-2,5.235E-2));
#5716=LINE('',#5715,#5714);
#5717=DIRECTION('',(0.E0,1.E0,0.E0));
#5718=VECTOR('',#5717,1.E-2);
#5719=CARTESIAN_POINT('',(1.443E-1,6.8E-2,5.235E-2));
#5720=LINE('',#5719,#5718);
#5721=DIRECTION('',(0.E0,0.E0,-1.E0));
#5722=VECTOR('',#5721,2.6E-2);
#5723=CARTESIAN_POINT('',(1.703E-1,6.8E-2,5.235E-2));
#5724=LINE('',#5723,#5722);
#5725=DIRECTION('',(0.E0,1.E0,0.E0));
#5726=VECTOR('',#5725,1.E-2);
#5727=CARTESIAN_POINT('',(1.703E-1,6.8E-2,5.235E-2));
#5728=LINE('',#5727,#5726);
#5729=DIRECTION('',(-1.E0,0.E0,0.E0));
#5730=VECTOR('',#5729,2.6E-2);
#5731=CARTESIAN_POINT('',(1.703E-1,6.8E-2,2.635E-2));
#5732=LINE('',#5731,#5730);
#5733=DIRECTION('',(0.E0,1.E0,0.E0));
#5734=VECTOR('',#5733,1.E-2);
#5735=CARTESIAN_POINT('',(1.703E-1,6.8E-2,2.635E-2));
#5736=LINE('',#5735,#5734);
#5737=DIRECTION('',(5.773502691896E-1,5.773502691896E-1,-5.773502691896E-1));
#5738=VECTOR('',#5737,1.732050807569E-2);
#5739=CARTESIAN_POINT('',(1.703E-1,7.8E-2,2.635E-2));
#5740=LINE('',#5739,#5738);
#5741=DIRECTION('',(-1.E0,0.E0,0.E0));
#5742=VECTOR('',#5741,2.6E-2);
#5743=CARTESIAN_POINT('',(1.703E-1,7.8E-2,2.635E-2));
#5744=LINE('',#5743,#5742);
#5745=DIRECTION('',(5.773502691896E-1,5.773502691896E-1,5.773502691896E-1));
#5746=VECTOR('',#5745,1.732050807569E-2);
#5747=CARTESIAN_POINT('',(1.703E-1,7.8E-2,5.235E-2));
#5748=LINE('',#5747,#5746);
#5749=DIRECTION('',(0.E0,0.E0,-1.E0));
#5750=VECTOR('',#5749,2.6E-2);
#5751=CARTESIAN_POINT('',(1.703E-1,7.8E-2,5.235E-2));
#5752=LINE('',#5751,#5750);
#5753=DIRECTION('',(-5.773502691896E-1,5.773502691896E-1,5.773502691896E-1));
#5754=VECTOR('',#5753,1.732050807569E-2);
#5755=CARTESIAN_POINT('',(1.443E-1,7.8E-2,5.235E-2));
#5756=LINE('',#5755,#5754);
#5757=DIRECTION('',(1.E0,0.E0,0.E0));
#5758=VECTOR('',#5757,2.6E-2);
#5759=CARTESIAN_POINT('',(1.443E-1,7.8E-2,5.235E-2));
#5760=LINE('',#5759,#5758);
#5761=DIRECTION('',(-5.773502691896E-1,5.773502691896E-1,-5.773502691896E-1));
#5762=VECTOR('',#5761,1.732050807569E-2);
#5763=CARTESIAN_POINT('',(1.443E-1,7.8E-2,2.635E-2));
#5764=LINE('',#5763,#5762);
#5765=DIRECTION('',(0.E0,0.E0,1.E0));
#5766=VECTOR('',#5765,2.6E-2);
#5767=CARTESIAN_POINT('',(1.443E-1,7.8E-2,2.635E-2));
#5768=LINE('',#5767,#5766);
#5769=DIRECTION('',(0.E0,-1.E0,0.E0));
#5770=VECTOR('',#5769,8.E-2);
#5771=CARTESIAN_POINT('',(1.353E-1,6.6E-2,5.9E-2));
#5772=LINE('',#5771,#5770);
#5773=DIRECTION('',(0.E0,0.E0,-1.E0));
#5774=VECTOR('',#5773,6.E-3);
#5775=CARTESIAN_POINT('',(1.353E-1,6.6E-2,6.5E-2));
#5776=LINE('',#5775,#5774);
#5777=DIRECTION('',(0.E0,0.E0,1.E0));
#5778=VECTOR('',#5777,6.E-3);
#5779=CARTESIAN_POINT('',(1.353E-1,-7.2E-2,5.9E-2));
#5780=LINE('',#5779,#5778);
#5781=DIRECTION('',(0.E0,-1.E0,0.E0));
#5782=VECTOR('',#5781,3.3E-2);
#5783=CARTESIAN_POINT('',(1.353E-1,-3.9E-2,5.9E-2));
#5784=LINE('',#5783,#5782);
#5785=DIRECTION('',(0.E0,0.E0,-1.E0));
#5786=VECTOR('',#5785,3.E-2);
#5787=CARTESIAN_POINT('',(1.353E-1,-1.4E-2,5.1E-2));
#5788=LINE('',#5787,#5786);
#5789=DIRECTION('',(0.E0,1.E0,0.E0));
#5790=VECTOR('',#5789,2.5E-2);
#5791=CARTESIAN_POINT('',(1.353E-1,-3.9E-2,-2.1E-2));
#5792=LINE('',#5791,#5790);
#5793=DIRECTION('',(0.E0,1.E0,0.E0));
#5794=VECTOR('',#5793,3.3E-2);
#5795=CARTESIAN_POINT('',(1.353E-1,-7.2E-2,-5.9E-2));
#5796=LINE('',#5795,#5794);
#5797=DIRECTION('',(0.E0,-1.156482317318E-14,1.E0));
#5798=VECTOR('',#5797,6.E-3);
#5799=CARTESIAN_POINT('',(1.353E-1,-7.2E-2,-6.5E-2));
#5800=LINE('',#5799,#5798);
#5801=DIRECTION('',(0.E0,0.E0,-1.E0));
#5802=VECTOR('',#5801,6.E-3);
#5803=CARTESIAN_POINT('',(1.353E-1,6.6E-2,-5.9E-2));
#5804=LINE('',#5803,#5802);
#5805=DIRECTION('',(0.E0,1.E0,0.E0));
#5806=VECTOR('',#5805,8.E-2);
#5807=CARTESIAN_POINT('',(1.353E-1,-1.4E-2,-5.9E-2));
#5808=LINE('',#5807,#5806);
#5809=DIRECTION('',(0.E0,0.E0,1.E0));
#5810=VECTOR('',#5809,3.E-2);
#5811=CARTESIAN_POINT('',(1.353E-1,-1.4E-2,-5.1E-2));
#5812=LINE('',#5811,#5810);
#5813=DIRECTION('',(-1.E0,0.E0,0.E0));
#5814=VECTOR('',#5813,6.E-3);
#5815=CARTESIAN_POINT('',(1.793E-1,-1.4E-2,5.1E-2));
#5816=LINE('',#5815,#5814);
#5817=DIRECTION('',(0.E0,0.E0,1.E0));
#5818=VECTOR('',#5817,8.E-3);
#5819=CARTESIAN_POINT('',(1.793E-1,-1.4E-2,5.1E-2));
#5820=LINE('',#5819,#5818);
#5821=DIRECTION('',(0.E0,0.E0,-1.E0));
#5822=VECTOR('',#5821,8.E-3);
#5823=CARTESIAN_POINT('',(1.733E-1,-1.4E-2,5.9E-2));
#5824=LINE('',#5823,#5822);
#5825=DIRECTION('',(-1.E0,0.E0,0.E0));
#5826=VECTOR('',#5825,6.E-3);
#5827=CARTESIAN_POINT('',(1.413E-1,-1.4E-2,5.1E-2));
#5828=LINE('',#5827,#5826);
#5829=DIRECTION('',(0.E0,0.E0,1.E0));
#5830=VECTOR('',#5829,8.E-3);
#5831=CARTESIAN_POINT('',(1.413E-1,-1.4E-2,5.1E-2));
#5832=LINE('',#5831,#5830);
#5833=DIRECTION('',(0.E0,0.E0,-1.E0));
#5834=VECTOR('',#5833,8.E-3);
#5835=CARTESIAN_POINT('',(1.353E-1,-1.4E-2,5.9E-2));
#5836=LINE('',#5835,#5834);
#5837=DIRECTION('',(-1.E0,0.E0,0.E0));
#5838=VECTOR('',#5837,6.E-3);
#5839=CARTESIAN_POINT('',(1.793E-1,-1.4E-2,-5.1E-2));
#5840=LINE('',#5839,#5838);
#5841=DIRECTION('',(0.E0,0.E0,-1.E0));
#5842=VECTOR('',#5841,8.E-3);
#5843=CARTESIAN_POINT('',(1.733E-1,-1.4E-2,-5.1E-2));
#5844=LINE('',#5843,#5842);
#5845=DIRECTION('',(0.E0,0.E0,1.E0));
#5846=VECTOR('',#5845,8.E-3);
#5847=CARTESIAN_POINT('',(1.793E-1,-1.4E-2,-5.9E-2));
#5848=LINE('',#5847,#5846);
#5849=DIRECTION('',(-1.E0,0.E0,0.E0));
#5850=VECTOR('',#5849,6.E-3);
#5851=CARTESIAN_POINT('',(1.413E-1,-1.4E-2,-5.1E-2));
#5852=LINE('',#5851,#5850);
#5853=DIRECTION('',(0.E0,0.E0,-1.E0));
#5854=VECTOR('',#5853,8.E-3);
#5855=CARTESIAN_POINT('',(1.353E-1,-1.4E-2,-5.1E-2));
#5856=LINE('',#5855,#5854);
#5857=DIRECTION('',(0.E0,0.E0,1.E0));
#5858=VECTOR('',#5857,8.E-3);
#5859=CARTESIAN_POINT('',(1.413E-1,-1.4E-2,-5.9E-2));
#5860=LINE('',#5859,#5858);
#5861=DIRECTION('',(-2.399101481970E-1,9.707950972229E-1,0.E0));
#5862=VECTOR('',#5861,3.914721686574E-2);
#5863=CARTESIAN_POINT('',(1.733E-1,-1.4E-2,5.1E-2));
#5864=LINE('',#5863,#5862);
#5865=CARTESIAN_POINT('',(1.841247705833E-1,2.9E-2,5.1E-2));
#5866=DIRECTION('',(0.E0,0.E0,-1.E0));
#5867=DIRECTION('',(-9.707950972229E-1,-2.399101481970E-1,0.E0));
#5868=AXIS2_PLACEMENT_3D('',#5865,#5866,#5867);
#5870=DIRECTION('',(3.066400234235E-1,9.518255596667E-1,0.E0));
#5871=VECTOR('',#5870,1.955641101617E-2);
#5872=CARTESIAN_POINT('',(1.643032216679E-1,3.538570813946E-2,5.1E-2));
#5873=LINE('',#5872,#5871);
#5874=DIRECTION('',(9.518255596667E-1,-3.066400234235E-1,0.E0));
#5875=VECTOR('',#5874,3.E-3);
#5876=CARTESIAN_POINT('',(1.703E-1,5.4E-2,5.1E-2));
#5877=LINE('',#5876,#5875);
#5878=DIRECTION('',(4.562150678010E-1,-8.898695476930E-1,0.E0));
#5879=VECTOR('',#5878,3.994828869549E-3);
#5880=CARTESIAN_POINT('',(1.731554766790E-1,5.308007992973E-2,5.1E-2));
#5881=LINE('',#5880,#5879);
#5882=DIRECTION('',(-3.066400234235E-1,-9.518255596667E-1,0.E0));
#5883=VECTOR('',#5882,1.673164043283E-2);
#5884=CARTESIAN_POINT('',(1.749779778026E-1,4.952520337047E-2,5.1E-2));
#5885=LINE('',#5884,#5883);
#5886=CARTESIAN_POINT('',(1.841247705833E-1,2.9E-2,5.1E-2));
#5887=DIRECTION('',(0.E0,0.E0,1.E0));
#5888=DIRECTION('',(-9.518255596667E-1,3.066400234235E-1,0.E0));
#5889=AXIS2_PLACEMENT_3D('',#5886,#5887,#5888);
#5891=DIRECTION('',(2.399101481970E-1,-9.707950972229E-1,0.E0));
#5892=VECTOR('',#5891,4.058667775492E-2);
#5893=CARTESIAN_POINT('',(1.695628441250E-1,2.540134777705E-2,5.1E-2));
#5894=LINE('',#5893,#5892);
#5895=DIRECTION('',(2.399101481970E-1,9.707950972229E-1,0.E0));
#5896=VECTOR('',#5895,4.058667775492E-2);
#5897=CARTESIAN_POINT('',(1.353E-1,-1.4E-2,5.1E-2));
#5898=LINE('',#5897,#5896);
#5899=CARTESIAN_POINT('',(1.304752294167E-1,2.9E-2,5.1E-2));
#5900=DIRECTION('',(0.E0,0.E0,1.E0));
#5901=DIRECTION('',(9.707950972229E-1,-2.399101481970E-1,0.E0));
#5902=AXIS2_PLACEMENT_3D('',#5899,#5900,#5901);
#5904=DIRECTION('',(-3.066400234235E-1,9.518255596667E-1,0.E0));
#5905=VECTOR('',#5904,1.673164043283E-2);
#5906=CARTESIAN_POINT('',(1.447526128117E-1,3.359960035135E-2,5.1E-2));
#5907=LINE('',#5906,#5905);
#5908=DIRECTION('',(4.562150678010E-1,8.898695476930E-1,0.E0));
#5909=VECTOR('',#5908,3.994828869549E-3);
#5910=CARTESIAN_POINT('',(1.396220221974E-1,4.952520337047E-2,5.1E-2));
#5911=LINE('',#5910,#5909);
#5912=DIRECTION('',(9.518255596667E-1,3.066400234235E-1,0.E0));
#5913=VECTOR('',#5912,3.E-3);
#5914=CARTESIAN_POINT('',(1.414445233210E-1,5.308007992973E-2,5.1E-2));
#5915=LINE('',#5914,#5913);
#5916=DIRECTION('',(3.066400234235E-1,-9.518255596667E-1,0.E0));
#5917=VECTOR('',#5916,1.955641101617E-2);
#5918=CARTESIAN_POINT('',(1.443E-1,5.4E-2,5.1E-2));
#5919=LINE('',#5918,#5917);
#5920=CARTESIAN_POINT('',(1.304752294167E-1,2.9E-2,5.1E-2));
#5921=DIRECTION('',(0.E0,0.E0,-1.E0));
#5922=DIRECTION('',(9.518255596667E-1,3.066400234235E-1,0.E0));
#5923=AXIS2_PLACEMENT_3D('',#5920,#5921,#5922);
#5925=DIRECTION('',(-2.399101481970E-1,-9.707950972229E-1,0.E0));
#5926=VECTOR('',#5925,3.914721686574E-2);
#5927=CARTESIAN_POINT('',(1.506918145998E-1,2.400392620318E-2,5.1E-2));
#5928=LINE('',#5927,#5926);
#5929=DIRECTION('',(0.E0,0.E0,-1.E0));
#5930=VECTOR('',#5929,3.E-2);
#5931=CARTESIAN_POINT('',(1.733E-1,-1.4E-2,5.1E-2));
#5932=LINE('',#5931,#5930);
#5933=DIRECTION('',(-1.E0,0.E0,0.E0));
#5934=VECTOR('',#5933,6.E-3);
#5935=CARTESIAN_POINT('',(1.793E-1,-3.9E-2,5.9E-2));
#5936=LINE('',#5935,#5934);
#5937=DIRECTION('',(0.E0,-1.E0,0.E0));
#5938=VECTOR('',#5937,2.5E-2);
#5939=CARTESIAN_POINT('',(1.733E-1,-1.4E-2,5.9E-2));
#5940=LINE('',#5939,#5938);
#5941=DIRECTION('',(-1.E0,0.E0,0.E0));
#5942=VECTOR('',#5941,6.E-3);
#5943=CARTESIAN_POINT('',(1.793E-1,-1.4E-2,5.9E-2));
#5944=LINE('',#5943,#5942);
#5945=DIRECTION('',(-1.E0,0.E0,0.E0));
#5946=VECTOR('',#5945,4.4E-2);
#5947=CARTESIAN_POINT('',(1.793E-1,6.6E-2,5.9E-2));
#5948=LINE('',#5947,#5946);
#5949=DIRECTION('',(-1.E0,0.E0,0.E0));
#5950=VECTOR('',#5949,6.E-3);
#5951=CARTESIAN_POINT('',(1.413E-1,-1.4E-2,5.9E-2));
#5952=LINE('',#5951,#5950);
#5953=DIRECTION('',(0.E0,-1.E0,0.E0));
#5954=VECTOR('',#5953,2.5E-2);
#5955=CARTESIAN_POINT('',(1.413E-1,-1.4E-2,5.9E-2));
#5956=LINE('',#5955,#5954);
#5957=DIRECTION('',(-1.E0,0.E0,0.E0));
#5958=VECTOR('',#5957,6.E-3);
#5959=CARTESIAN_POINT('',(1.413E-1,-3.9E-2,5.9E-2));
#5960=LINE('',#5959,#5958);
#5961=DIRECTION('',(0.E0,-1.E0,0.E0));
#5962=VECTOR('',#5961,1.1E-2);
#5963=CARTESIAN_POINT('',(1.663E-1,-7.2E-2,5.9E-2));
#5964=LINE('',#5963,#5962);
#5965=CARTESIAN_POINT('',(1.663E-1,-8.3E-2,7.1E-2));
#5966=DIRECTION('',(-1.E0,0.E0,0.E0));
#5967=DIRECTION('',(0.E0,0.E0,-1.E0));
#5968=AXIS2_PLACEMENT_3D('',#5965,#5966,#5967);
#5970=DIRECTION('',(0.E0,0.E0,1.E0));
#5971=VECTOR('',#5970,3.4E-2);
#5972=CARTESIAN_POINT('',(1.663E-1,-9.5E-2,7.1E-2));
#5973=LINE('',#5972,#5971);
#5974=DIRECTION('',(0.E0,1.E0,0.E0));
#5975=VECTOR('',#5974,6.E-3);
#5976=CARTESIAN_POINT('',(1.663E-1,-9.5E-2,1.05E-1));
#5977=LINE('',#5976,#5975);
#5978=DIRECTION('',(0.E0,0.E0,-1.E0));
#5979=VECTOR('',#5978,3.4E-2);
#5980=CARTESIAN_POINT('',(1.663E-1,-8.9E-2,1.05E-1));
#5981=LINE('',#5980,#5979);
#5982=CARTESIAN_POINT('',(1.663E-1,-8.3E-2,7.1E-2));
#5983=DIRECTION('',(1.E0,0.E0,0.E0));
#5984=DIRECTION('',(0.E0,-1.E0,0.E0));
#5985=AXIS2_PLACEMENT_3D('',#5982,#5983,#5984);
#5987=DIRECTION('',(0.E0,1.E0,0.E0));
#5988=VECTOR('',#5987,1.1E-2);
#5989=CARTESIAN_POINT('',(1.663E-1,-8.3E-2,6.5E-2));
#5990=LINE('',#5989,#5988);
#5991=DIRECTION('',(-1.E0,0.E0,0.E0));
#5992=VECTOR('',#5991,1.8E-2);
#5993=CARTESIAN_POINT('',(1.663E-1,-8.3E-2,5.9E-2));
#5994=LINE('',#5993,#5992);
#5995=DIRECTION('',(0.E0,1.E0,0.E0));
#5996=VECTOR('',#5995,1.1E-2);
#5997=CARTESIAN_POINT('',(1.483E-1,-8.3E-2,6.5E-2));
#5998=LINE('',#5997,#5996);
#5999=CARTESIAN_POINT('',(1.483E-1,-8.3E-2,7.1E-2));
#6000=DIRECTION('',(1.E0,0.E0,0.E0));
#6001=DIRECTION('',(0.E0,-1.E0,0.E0));
#6002=AXIS2_PLACEMENT_3D('',#5999,#6000,#6001);
#6004=DIRECTION('',(0.E0,0.E0,-1.E0));
#6005=VECTOR('',#6004,3.4E-2);
#6006=CARTESIAN_POINT('',(1.483E-1,-8.9E-2,1.05E-1));
#6007=LINE('',#6006,#6005);
#6008=DIRECTION('',(0.E0,1.E0,0.E0));
#6009=VECTOR('',#6008,6.E-3);
#6010=CARTESIAN_POINT('',(1.483E-1,-9.5E-2,1.05E-1));
#6011=LINE('',#6010,#6009);
#6012=DIRECTION('',(0.E0,0.E0,1.E0));
#6013=VECTOR('',#6012,3.4E-2);
#6014=CARTESIAN_POINT('',(1.483E-1,-9.5E-2,7.1E-2));
#6015=LINE('',#6014,#6013);
#6016=CARTESIAN_POINT('',(1.483E-1,-8.3E-2,7.1E-2));
#6017=DIRECTION('',(-1.E0,0.E0,0.E0));
#6018=DIRECTION('',(0.E0,0.E0,-1.E0));
#6019=AXIS2_PLACEMENT_3D('',#6016,#6017,#6018);
#6021=DIRECTION('',(0.E0,-1.E0,0.E0));
#6022=VECTOR('',#6021,1.1E-2);
#6023=CARTESIAN_POINT('',(1.483E-1,-7.2E-2,5.9E-2));
#6024=LINE('',#6023,#6022);
#6025=DIRECTION('',(-1.E0,0.E0,0.E0));
#6026=VECTOR('',#6025,1.8E-2);
#6027=CARTESIAN_POINT('',(1.663E-1,-8.3E-2,6.5E-2));
#6028=LINE('',#6027,#6026);
#6029=DIRECTION('',(-1.E0,0.E0,0.E0));
#6030=VECTOR('',#6029,1.8E-2);
#6031=CARTESIAN_POINT('',(1.663E-1,-8.9E-2,7.1E-2));
#6032=LINE('',#6031,#6030);
#6033=DIRECTION('',(-1.E0,0.E0,0.E0));
#6034=VECTOR('',#6033,1.8E-2);
#6035=CARTESIAN_POINT('',(1.663E-1,-8.9E-2,1.05E-1));
#6036=LINE('',#6035,#6034);
#6037=DIRECTION('',(-1.E0,0.E0,0.E0));
#6038=VECTOR('',#6037,1.8E-2);
#6039=CARTESIAN_POINT('',(1.663E-1,-9.5E-2,1.05E-1));
#6040=LINE('',#6039,#6038);
#6041=DIRECTION('',(-1.E0,0.E0,0.E0));
#6042=VECTOR('',#6041,1.8E-2);
#6043=CARTESIAN_POINT('',(1.663E-1,-9.5E-2,7.1E-2));
#6044=LINE('',#6043,#6042);
#6045=DIRECTION('',(0.E0,1.E0,0.E0));
#6046=VECTOR('',#6045,2.5E-2);
#6047=CARTESIAN_POINT('',(1.793E-1,-3.9E-2,2.1E-2));
#6048=LINE('',#6047,#6046);
#6049=DIRECTION('',(0.E0,-1.E0,0.E0));
#6050=VECTOR('',#6049,3.3E-2);
#6051=CARTESIAN_POINT('',(1.793E-1,-3.9E-2,5.9E-2));
#6052=LINE('',#6051,#6050);
#6053=DIRECTION('',(0.E0,0.E0,1.E0));
#6054=VECTOR('',#6053,6.E-3);
#6055=CARTESIAN_POINT('',(1.793E-1,-7.2E-2,5.9E-2));
#6056=LINE('',#6055,#6054);
#6057=DIRECTION('',(0.E0,0.E0,-1.E0));
#6058=VECTOR('',#6057,6.E-3);
#6059=CARTESIAN_POINT('',(1.793E-1,6.6E-2,6.5E-2));
#6060=LINE('',#6059,#6058);
#6061=DIRECTION('',(0.E0,-1.E0,0.E0));
#6062=VECTOR('',#6061,8.E-2);
#6063=CARTESIAN_POINT('',(1.793E-1,6.6E-2,5.9E-2));
#6064=LINE('',#6063,#6062);
#6065=DIRECTION('',(0.E0,0.E0,-1.E0));
#6066=VECTOR('',#6065,3.E-2);
#6067=CARTESIAN_POINT('',(1.793E-1,-1.4E-2,5.1E-2));
#6068=LINE('',#6067,#6066);
#6069=DIRECTION('',(0.E0,1.E0,0.E0));
#6070=VECTOR('',#6069,8.E-2);
#6071=CARTESIAN_POINT('',(1.793E-1,-1.4E-2,-5.9E-2));
#6072=LINE('',#6071,#6070);
#6073=DIRECTION('',(0.E0,0.E0,-1.E0));
#6074=VECTOR('',#6073,6.E-3);
#6075=CARTESIAN_POINT('',(1.793E-1,6.6E-2,-5.9E-2));
#6076=LINE('',#6075,#6074);
#6077=DIRECTION('',(0.E0,-1.156482317318E-14,1.E0));
#6078=VECTOR('',#6077,6.E-3);
#6079=CARTESIAN_POINT('',(1.793E-1,-7.2E-2,-6.5E-2));
#6080=LINE('',#6079,#6078);
#6081=DIRECTION('',(0.E0,1.E0,0.E0));
#6082=VECTOR('',#6081,3.3E-2);
#6083=CARTESIAN_POINT('',(1.793E-1,-7.2E-2,-5.9E-2));
#6084=LINE('',#6083,#6082);
#6085=DIRECTION('',(0.E0,0.E0,1.E0));
#6086=VECTOR('',#6085,3.E-2);
#6087=CARTESIAN_POINT('',(1.793E-1,-1.4E-2,-5.1E-2));
#6088=LINE('',#6087,#6086);
#6089=DIRECTION('',(2.399101481970E-1,9.707950972229E-1,0.E0));
#6090=VECTOR('',#6089,4.058667775492E-2);
#6091=CARTESIAN_POINT('',(1.353E-1,-1.4E-2,2.1E-2));
#6092=LINE('',#6091,#6090);
#6093=DIRECTION('',(0.E0,1.E0,0.E0));
#6094=VECTOR('',#6093,2.5E-2);
#6095=CARTESIAN_POINT('',(1.353E-1,-3.9E-2,2.1E-2));
#6096=LINE('',#6095,#6094);
#6097=DIRECTION('',(-2.399101481970E-1,-9.707950972229E-1,0.E0));
#6098=VECTOR('',#6097,3.914721686574E-2);
#6099=CARTESIAN_POINT('',(1.506918145998E-1,2.400392620318E-2,2.1E-2));
#6100=LINE('',#6099,#6098);
#6101=CARTESIAN_POINT('',(1.304752294167E-1,2.9E-2,2.1E-2));
#6102=DIRECTION('',(0.E0,0.E0,-1.E0));
#6103=DIRECTION('',(9.518255596667E-1,3.066400234235E-1,0.E0));
#6104=AXIS2_PLACEMENT_3D('',#6101,#6102,#6103);
#6106=DIRECTION('',(3.066400234235E-1,-9.518255596667E-1,0.E0));
#6107=VECTOR('',#6106,1.955641101617E-2);
#6108=CARTESIAN_POINT('',(1.443E-1,5.4E-2,2.1E-2));
#6109=LINE('',#6108,#6107);
#6110=DIRECTION('',(9.518255596667E-1,3.066400234235E-1,0.E0));
#6111=VECTOR('',#6110,3.E-3);
#6112=CARTESIAN_POINT('',(1.414445233210E-1,5.308007992973E-2,2.1E-2));
#6113=LINE('',#6112,#6111);
#6114=DIRECTION('',(4.562150678010E-1,8.898695476930E-1,0.E0));
#6115=VECTOR('',#6114,3.994828869549E-3);
#6116=CARTESIAN_POINT('',(1.396220221974E-1,4.952520337047E-2,2.1E-2));
#6117=LINE('',#6116,#6115);
#6118=DIRECTION('',(-3.066400234235E-1,9.518255596667E-1,0.E0));
#6119=VECTOR('',#6118,1.673164043283E-2);
#6120=CARTESIAN_POINT('',(1.447526128117E-1,3.359960035135E-2,2.1E-2));
#6121=LINE('',#6120,#6119);
#6122=CARTESIAN_POINT('',(1.304752294167E-1,2.9E-2,2.1E-2));
#6123=DIRECTION('',(0.E0,0.E0,1.E0));
#6124=DIRECTION('',(9.707950972229E-1,-2.399101481970E-1,0.E0));
#6125=AXIS2_PLACEMENT_3D('',#6122,#6123,#6124);
#6127=DIRECTION('',(2.399101481970E-1,-9.707950972229E-1,0.E0));
#6128=VECTOR('',#6127,4.058667775492E-2);
#6129=CARTESIAN_POINT('',(1.695628441250E-1,2.540134777705E-2,2.1E-2));
#6130=LINE('',#6129,#6128);
#6131=CARTESIAN_POINT('',(1.841247705833E-1,2.9E-2,2.1E-2));
#6132=DIRECTION('',(0.E0,0.E0,1.E0));
#6133=DIRECTION('',(-9.518255596667E-1,3.066400234235E-1,0.E0));
#6134=AXIS2_PLACEMENT_3D('',#6131,#6132,#6133);
#6136=DIRECTION('',(-3.066400234235E-1,-9.518255596667E-1,0.E0));
#6137=VECTOR('',#6136,1.673164043283E-2);
#6138=CARTESIAN_POINT('',(1.749779778026E-1,4.952520337047E-2,2.1E-2));
#6139=LINE('',#6138,#6137);
#6140=DIRECTION('',(4.562150678010E-1,-8.898695476930E-1,0.E0));
#6141=VECTOR('',#6140,3.994828869549E-3);
#6142=CARTESIAN_POINT('',(1.731554766790E-1,5.308007992973E-2,2.1E-2));
#6143=LINE('',#6142,#6141);
#6144=DIRECTION('',(9.518255596667E-1,-3.066400234235E-1,0.E0));
#6145=VECTOR('',#6144,3.E-3);
#6146=CARTESIAN_POINT('',(1.703E-1,5.4E-2,2.1E-2));
#6147=LINE('',#6146,#6145);
#6148=DIRECTION('',(3.066400234235E-1,9.518255596667E-1,0.E0));
#6149=VECTOR('',#6148,1.955641101617E-2);
#6150=CARTESIAN_POINT('',(1.643032216679E-1,3.538570813946E-2,2.1E-2));
#6151=LINE('',#6150,#6149);
#6152=CARTESIAN_POINT('',(1.841247705833E-1,2.9E-2,2.1E-2));
#6153=DIRECTION('',(0.E0,0.E0,-1.E0));
#6154=DIRECTION('',(-9.707950972229E-1,-2.399101481970E-1,0.E0));
#6155=AXIS2_PLACEMENT_3D('',#6152,#6153,#6154);
#6157=DIRECTION('',(-2.399101481970E-1,9.707950972229E-1,0.E0));
#6158=VECTOR('',#6157,3.914721686574E-2);
#6159=CARTESIAN_POINT('',(1.733E-1,-1.4E-2,2.1E-2));
#6160=LINE('',#6159,#6158);
#6161=DIRECTION('',(0.E0,1.E0,0.E0));
#6162=VECTOR('',#6161,2.5E-2);
#6163=CARTESIAN_POINT('',(1.733E-1,-3.9E-2,2.1E-2));
#6164=LINE('',#6163,#6162);
#6165=DIRECTION('',(0.E0,0.E0,1.E0));
#6166=VECTOR('',#6165,3.E-2);
#6167=CARTESIAN_POINT('',(1.450371558750E-1,2.540134777705E-2,2.1E-2));
#6168=LINE('',#6167,#6166);
#6169=DIRECTION('',(0.E0,0.E0,1.E0));
#6170=VECTOR('',#6169,3.E-2);
#6171=CARTESIAN_POINT('',(1.447526128117E-1,3.359960035135E-2,2.1E-2));
#6172=LINE('',#6171,#6170);
#6173=DIRECTION('',(0.E0,0.E0,1.E0));
#6174=VECTOR('',#6173,3.E-2);
#6175=CARTESIAN_POINT('',(1.396220221974E-1,4.952520337047E-2,2.1E-2));
#6176=LINE('',#6175,#6174);
#6177=DIRECTION('',(0.E0,0.E0,1.E0));
#6178=VECTOR('',#6177,3.E-2);
#6179=CARTESIAN_POINT('',(1.414445233210E-1,5.308007992973E-2,2.1E-2));
#6180=LINE('',#6179,#6178);
#6181=DIRECTION('',(0.E0,0.E0,1.E0));
#6182=VECTOR('',#6181,3.E-2);
#6183=CARTESIAN_POINT('',(1.443E-1,5.4E-2,2.1E-2));
#6184=LINE('',#6183,#6182);
#6185=DIRECTION('',(0.E0,0.E0,1.E0));
#6186=VECTOR('',#6185,3.E-2);
#6187=CARTESIAN_POINT('',(1.502967783321E-1,3.538570813946E-2,2.1E-2));
#6188=LINE('',#6187,#6186);
#6189=DIRECTION('',(0.E0,0.E0,1.E0));
#6190=VECTOR('',#6189,3.E-2);
#6191=CARTESIAN_POINT('',(1.506918145998E-1,2.400392620318E-2,2.1E-2));
#6192=LINE('',#6191,#6190);
#6193=DIRECTION('',(0.E0,0.E0,-1.E0));
#6194=VECTOR('',#6193,3.E-2);
#6195=CARTESIAN_POINT('',(1.413E-1,-1.4E-2,5.1E-2));
#6196=LINE('',#6195,#6194);
#6197=DIRECTION('',(0.E0,1.E0,0.E0));
#6198=VECTOR('',#6197,2.5E-2);
#6199=CARTESIAN_POINT('',(1.413E-1,-3.9E-2,2.1E-2));
#6200=LINE('',#6199,#6198);
#6201=DIRECTION('',(0.E0,0.E0,-1.E0));
#6202=VECTOR('',#6201,3.8E-2);
#6203=CARTESIAN_POINT('',(1.733E-1,-3.9E-2,-2.1E-2));
#6204=LINE('',#6203,#6202);
#6205=DIRECTION('',(-1.E0,0.E0,0.E0));
#6206=VECTOR('',#6205,6.E-3);
#6207=CARTESIAN_POINT('',(1.793E-1,-3.9E-2,-2.1E-2));
#6208=LINE('',#6207,#6206);
#6209=DIRECTION('',(0.E0,0.E0,1.E0));
#6210=VECTOR('',#6209,3.8E-2);
#6211=CARTESIAN_POINT('',(1.793E-1,-3.9E-2,-5.9E-2));
#6212=LINE('',#6211,#6210);
#6213=DIRECTION('',(0.E0,0.E0,-1.E0));
#6214=VECTOR('',#6213,3.8E-2);
#6215=CARTESIAN_POINT('',(1.353E-1,-3.9E-2,-2.1E-2));
#6216=LINE('',#6215,#6214);
#6217=DIRECTION('',(-1.E0,0.E0,0.E0));
#6218=VECTOR('',#6217,6.E-3);
#6219=CARTESIAN_POINT('',(1.413E-1,-3.9E-2,-2.1E-2));
#6220=LINE('',#6219,#6218);
#6221=DIRECTION('',(0.E0,0.E0,1.E0));
#6222=VECTOR('',#6221,3.8E-2);
#6223=CARTESIAN_POINT('',(1.413E-1,-3.9E-2,-5.9E-2));
#6224=LINE('',#6223,#6222);
#6225=DIRECTION('',(0.E0,0.E0,1.E0));
#6226=VECTOR('',#6225,3.8E-2);
#6227=CARTESIAN_POINT('',(1.793E-1,-3.9E-2,2.1E-2));
#6228=LINE('',#6227,#6226);
#6229=DIRECTION('',(1.E0,0.E0,0.E0));
#6230=VECTOR('',#6229,6.E-3);
#6231=CARTESIAN_POINT('',(1.733E-1,-3.9E-2,2.1E-2));
#6232=LINE('',#6231,#6230);
#6233=DIRECTION('',(0.E0,0.E0,-1.E0));
#6234=VECTOR('',#6233,3.8E-2);
#6235=CARTESIAN_POINT('',(1.733E-1,-3.9E-2,5.9E-2));
#6236=LINE('',#6235,#6234);
#6237=DIRECTION('',(0.E0,0.E0,1.E0));
#6238=VECTOR('',#6237,3.8E-2);
#6239=CARTESIAN_POINT('',(1.413E-1,-3.9E-2,2.1E-2));
#6240=LINE('',#6239,#6238);
#6241=DIRECTION('',(1.E0,0.E0,0.E0));
#6242=VECTOR('',#6241,6.E-3);
#6243=CARTESIAN_POINT('',(1.353E-1,-3.9E-2,2.1E-2));
#6244=LINE('',#6243,#6242);
#6245=DIRECTION('',(0.E0,0.E0,-1.E0));
#6246=VECTOR('',#6245,3.8E-2);
#6247=CARTESIAN_POINT('',(1.353E-1,-3.9E-2,5.9E-2));
#6248=LINE('',#6247,#6246);
#6249=DIRECTION('',(-1.E0,0.E0,0.E0));
#6250=VECTOR('',#6249,1.300000000001E-2);
#6251=CARTESIAN_POINT('',(1.483E-1,-7.2E-2,-5.9E-2));
#6252=LINE('',#6251,#6250);
#6253=DIRECTION('',(-1.E0,0.E0,0.E0));
#6254=VECTOR('',#6253,6.E-3);
#6255=CARTESIAN_POINT('',(1.413E-1,-3.9E-2,-5.9E-2));
#6256=LINE('',#6255,#6254);
#6257=DIRECTION('',(0.E0,-1.E0,0.E0));
#6258=VECTOR('',#6257,2.5E-2);
#6259=CARTESIAN_POINT('',(1.413E-1,-1.4E-2,-5.9E-2));
#6260=LINE('',#6259,#6258);
#6261=DIRECTION('',(-1.E0,0.E0,0.E0));
#6262=VECTOR('',#6261,6.E-3);
#6263=CARTESIAN_POINT('',(1.413E-1,-1.4E-2,-5.9E-2));
#6264=LINE('',#6263,#6262);
#6265=DIRECTION('',(-1.E0,0.E0,0.E0));
#6266=VECTOR('',#6265,6.E-3);
#6267=CARTESIAN_POINT('',(1.793E-1,-1.4E-2,-5.9E-2));
#6268=LINE('',#6267,#6266);
#6269=DIRECTION('',(0.E0,-1.E0,0.E0));
#6270=VECTOR('',#6269,2.5E-2);
#6271=CARTESIAN_POINT('',(1.733E-1,-1.4E-2,-5.9E-2));
#6272=LINE('',#6271,#6270);
#6273=DIRECTION('',(-1.E0,0.E0,0.E0));
#6274=VECTOR('',#6273,6.E-3);
#6275=CARTESIAN_POINT('',(1.793E-1,-3.9E-2,-5.9E-2));
#6276=LINE('',#6275,#6274);
#6277=DIRECTION('',(-1.E0,0.E0,0.E0));
#6278=VECTOR('',#6277,1.299999999999E-2);
#6279=CARTESIAN_POINT('',(1.793E-1,-7.2E-2,-5.9E-2));
#6280=LINE('',#6279,#6278);
#6281=DIRECTION('',(-1.E0,0.E0,0.E0));
#6282=VECTOR('',#6281,1.8E-2);
#6283=CARTESIAN_POINT('',(1.663E-1,-8.3E-2,-5.9E-2));
#6284=LINE('',#6283,#6282);
#6285=DIRECTION('',(0.E0,1.E0,0.E0));
#6286=VECTOR('',#6285,1.1E-2);
#6287=CARTESIAN_POINT('',(1.483E-1,-8.3E-2,-5.9E-2));
#6288=LINE('',#6287,#6286);
#6289=CARTESIAN_POINT('',(1.483E-1,-8.3E-2,-7.1E-2));
#6290=DIRECTION('',(-1.E0,0.E0,0.E0));
#6291=DIRECTION('',(0.E0,-1.E0,0.E0));
#6292=AXIS2_PLACEMENT_3D('',#6289,#6290,#6291);
#6294=DIRECTION('',(0.E0,0.E0,1.E0));
#6295=VECTOR('',#6294,3.4E-2);
#6296=CARTESIAN_POINT('',(1.483E-1,-9.5E-2,-1.05E-1));
#6297=LINE('',#6296,#6295);
#6298=DIRECTION('',(0.E0,-1.E0,0.E0));
#6299=VECTOR('',#6298,6.E-3);
#6300=CARTESIAN_POINT('',(1.483E-1,-8.9E-2,-1.05E-1));
#6301=LINE('',#6300,#6299);
#6302=DIRECTION('',(0.E0,0.E0,-1.E0));
#6303=VECTOR('',#6302,3.4E-2);
#6304=CARTESIAN_POINT('',(1.483E-1,-8.9E-2,-7.1E-2));
#6305=LINE('',#6304,#6303);
#6306=CARTESIAN_POINT('',(1.483E-1,-8.3E-2,-7.1E-2));
#6307=DIRECTION('',(1.E0,0.E0,0.E0));
#6308=DIRECTION('',(0.E0,0.E0,1.E0));
#6309=AXIS2_PLACEMENT_3D('',#6306,#6307,#6308);
#6311=DIRECTION('',(0.E0,-1.E0,0.E0));
#6312=VECTOR('',#6311,1.1E-2);
#6313=CARTESIAN_POINT('',(1.483E-1,-7.2E-2,-6.5E-2));
#6314=LINE('',#6313,#6312);
#6315=DIRECTION('',(-1.E0,0.E0,0.E0));
#6316=VECTOR('',#6315,1.8E-2);
#6317=CARTESIAN_POINT('',(1.663E-1,-9.5E-2,-7.1E-2));
#6318=LINE('',#6317,#6316);
#6319=DIRECTION('',(0.E0,-1.E0,0.E0));
#6320=VECTOR('',#6319,1.1E-2);
#6321=CARTESIAN_POINT('',(1.663E-1,-7.2E-2,-6.5E-2));
#6322=LINE('',#6321,#6320);
#6323=CARTESIAN_POINT('',(1.663E-1,-8.3E-2,-7.1E-2));
#6324=DIRECTION('',(1.E0,0.E0,0.E0));
#6325=DIRECTION('',(0.E0,0.E0,1.E0));
#6326=AXIS2_PLACEMENT_3D('',#6323,#6324,#6325);
#6328=DIRECTION('',(0.E0,0.E0,-1.E0));
#6329=VECTOR('',#6328,3.4E-2);
#6330=CARTESIAN_POINT('',(1.663E-1,-8.9E-2,-7.1E-2));
#6331=LINE('',#6330,#6329);
#6332=DIRECTION('',(0.E0,-1.E0,0.E0));
#6333=VECTOR('',#6332,6.E-3);
#6334=CARTESIAN_POINT('',(1.663E-1,-8.9E-2,-1.05E-1));
#6335=LINE('',#6334,#6333);
#6336=DIRECTION('',(0.E0,0.E0,1.E0));
#6337=VECTOR('',#6336,3.4E-2);
#6338=CARTESIAN_POINT('',(1.663E-1,-9.5E-2,-1.05E-1));
#6339=LINE('',#6338,#6337);
#6340=CARTESIAN_POINT('',(1.663E-1,-8.3E-2,-7.1E-2));
#6341=DIRECTION('',(-1.E0,0.E0,0.E0));
#6342=DIRECTION('',(0.E0,-1.E0,0.E0));
#6343=AXIS2_PLACEMENT_3D('',#6340,#6341,#6342);
#6345=DIRECTION('',(0.E0,1.E0,0.E0));
#6346=VECTOR('',#6345,1.1E-2);
#6347=CARTESIAN_POINT('',(1.663E-1,-8.3E-2,-5.9E-2));
#6348=LINE('',#6347,#6346);
#6349=DIRECTION('',(-1.E0,0.E0,0.E0));
#6350=VECTOR('',#6349,1.8E-2);
#6351=CARTESIAN_POINT('',(1.663E-1,-8.3E-2,-6.5E-2));
#6352=LINE('',#6351,#6350);
#6353=DIRECTION('',(-1.E0,0.E0,0.E0));
#6354=VECTOR('',#6353,1.8E-2);
#6355=CARTESIAN_POINT('',(1.663E-1,-8.9E-2,-7.1E-2));
#6356=LINE('',#6355,#6354);
#6357=DIRECTION('',(-1.E0,0.E0,0.E0));
#6358=VECTOR('',#6357,1.8E-2);
#6359=CARTESIAN_POINT('',(1.663E-1,-8.9E-2,-1.05E-1));
#6360=LINE('',#6359,#6358);
#6361=DIRECTION('',(-1.E0,0.E0,0.E0));
#6362=VECTOR('',#6361,1.8E-2);
#6363=CARTESIAN_POINT('',(1.663E-1,-9.5E-2,-1.05E-1));
#6364=LINE('',#6363,#6362);
#6365=DIRECTION('',(0.E0,0.E0,1.E0));
#6366=VECTOR('',#6365,3.E-2);
#6367=CARTESIAN_POINT('',(1.413E-1,-1.4E-2,-5.1E-2));
#6368=LINE('',#6367,#6366);
#6369=DIRECTION('',(2.399101481970E-1,9.707950972229E-1,0.E0));
#6370=VECTOR('',#6369,3.914721686574E-2);
#6371=CARTESIAN_POINT('',(1.413E-1,-1.4E-2,-2.1E-2));
#6372=LINE('',#6371,#6370);
#6373=DIRECTION('',(0.E0,1.E0,0.E0));
#6374=VECTOR('',#6373,2.5E-2);
#6375=CARTESIAN_POINT('',(1.413E-1,-3.9E-2,-2.1E-2));
#6376=LINE('',#6375,#6374);
#6377=DIRECTION('',(-2.399101481970E-1,-9.707950972229E-1,0.E0));
#6378=VECTOR('',#6377,4.058667775492E-2);
#6379=CARTESIAN_POINT('',(1.450371558750E-1,2.540134777705E-2,-2.1E-2));
#6380=LINE('',#6379,#6378);
#6381=CARTESIAN_POINT('',(1.304752294167E-1,2.9E-2,-2.1E-2));
#6382=DIRECTION('',(0.E0,0.E0,-1.E0));
#6383=DIRECTION('',(9.518255596667E-1,3.066400234235E-1,0.E0));
#6384=AXIS2_PLACEMENT_3D('',#6381,#6382,#6383);
#6386=DIRECTION('',(3.066400234235E-1,-9.518255596667E-1,0.E0));
#6387=VECTOR('',#6386,1.673164043283E-2);
#6388=CARTESIAN_POINT('',(1.396220221974E-1,4.952520337047E-2,-2.1E-2));
#6389=LINE('',#6388,#6387);
#6390=DIRECTION('',(-4.562150678010E-1,-8.898695476930E-1,0.E0));
#6391=VECTOR('',#6390,3.994828869549E-3);
#6392=CARTESIAN_POINT('',(1.414445233210E-1,5.308007992973E-2,-2.1E-2));
#6393=LINE('',#6392,#6391);
#6394=DIRECTION('',(-9.518255596667E-1,-3.066400234236E-1,0.E0));
#6395=VECTOR('',#6394,3.E-3);
#6396=CARTESIAN_POINT('',(1.443E-1,5.4E-2,-2.1E-2));
#6397=LINE('',#6396,#6395);
#6398=DIRECTION('',(-3.066400234236E-1,9.518255596667E-1,0.E0));
#6399=VECTOR('',#6398,1.955641101617E-2);
#6400=CARTESIAN_POINT('',(1.502967783321E-1,3.538570813946E-2,-2.1E-2));
#6401=LINE('',#6400,#6399);
#6402=CARTESIAN_POINT('',(1.304752294167E-1,2.9E-2,-2.1E-2));
#6403=DIRECTION('',(0.E0,0.E0,1.E0));
#6404=DIRECTION('',(9.707950972229E-1,-2.399101481970E-1,0.E0));
#6405=AXIS2_PLACEMENT_3D('',#6402,#6403,#6404);
#6407=DIRECTION('',(2.399101481970E-1,-9.707950972229E-1,0.E0));
#6408=VECTOR('',#6407,3.914721686574E-2);
#6409=CARTESIAN_POINT('',(1.639081854002E-1,2.400392620318E-2,-2.1E-2));
#6410=LINE('',#6409,#6408);
#6411=CARTESIAN_POINT('',(1.841247705833E-1,2.9E-2,-2.1E-2));
#6412=DIRECTION('',(0.E0,0.E0,1.E0));
#6413=DIRECTION('',(-9.518255596667E-1,3.066400234235E-1,0.E0));
#6414=AXIS2_PLACEMENT_3D('',#6411,#6412,#6413);
#6416=DIRECTION('',(-3.066400234236E-1,-9.518255596667E-1,0.E0));
#6417=VECTOR('',#6416,1.955641101617E-2);
#6418=CARTESIAN_POINT('',(1.703E-1,5.4E-2,-2.1E-2));
#6419=LINE('',#6418,#6417);
#6420=DIRECTION('',(-9.518255596667E-1,3.066400234235E-1,0.E0));
#6421=VECTOR('',#6420,3.E-3);
#6422=CARTESIAN_POINT('',(1.731554766790E-1,5.308007992973E-2,-2.1E-2));
#6423=LINE('',#6422,#6421);
#6424=DIRECTION('',(-4.562150678010E-1,8.898695476930E-1,0.E0));
#6425=VECTOR('',#6424,3.994828869549E-3);
#6426=CARTESIAN_POINT('',(1.749779778026E-1,4.952520337047E-2,-2.1E-2));
#6427=LINE('',#6426,#6425);
#6428=DIRECTION('',(3.066400234236E-1,9.518255596667E-1,0.E0));
#6429=VECTOR('',#6428,1.673164043283E-2);
#6430=CARTESIAN_POINT('',(1.698473871883E-1,3.359960035135E-2,-2.1E-2));
#6431=LINE('',#6430,#6429);
#6432=CARTESIAN_POINT('',(1.841247705833E-1,2.9E-2,-2.1E-2));
#6433=DIRECTION('',(0.E0,0.E0,-1.E0));
#6434=DIRECTION('',(-9.707950972229E-1,-2.399101481970E-1,0.E0));
#6435=AXIS2_PLACEMENT_3D('',#6432,#6433,#6434);
#6437=DIRECTION('',(-2.399101481970E-1,9.707950972229E-1,0.E0));
#6438=VECTOR('',#6437,4.058667775492E-2);
#6439=CARTESIAN_POINT('',(1.793E-1,-1.4E-2,-2.1E-2));
#6440=LINE('',#6439,#6438);
#6441=DIRECTION('',(0.E0,1.E0,0.E0));
#6442=VECTOR('',#6441,2.5E-2);
#6443=CARTESIAN_POINT('',(1.793E-1,-3.9E-2,-2.1E-2));
#6444=LINE('',#6443,#6442);
#6445=DIRECTION('',(0.E0,0.E0,-1.E0));
#6446=VECTOR('',#6445,3.E-2);
#6447=CARTESIAN_POINT('',(1.450371558750E-1,2.540134777705E-2,-2.1E-2));
#6448=LINE('',#6447,#6446);
#6449=DIRECTION('',(-2.399101481970E-1,9.707950972229E-1,0.E0));
#6450=VECTOR('',#6449,4.058667775492E-2);
#6451=CARTESIAN_POINT('',(1.793E-1,-1.4E-2,-5.1E-2));
#6452=LINE('',#6451,#6450);
#6453=CARTESIAN_POINT('',(1.841247705833E-1,2.9E-2,-5.1E-2));
#6454=DIRECTION('',(0.E0,0.E0,-1.E0));
#6455=DIRECTION('',(-9.707950972229E-1,-2.399101481970E-1,0.E0));
#6456=AXIS2_PLACEMENT_3D('',#6453,#6454,#6455);
#6458=DIRECTION('',(3.066400234236E-1,9.518255596667E-1,0.E0));
#6459=VECTOR('',#6458,1.673164043283E-2);
#6460=CARTESIAN_POINT('',(1.698473871883E-1,3.359960035135E-2,-5.1E-2));
#6461=LINE('',#6460,#6459);
#6462=DIRECTION('',(-4.562150678010E-1,8.898695476930E-1,0.E0));
#6463=VECTOR('',#6462,3.994828869549E-3);
#6464=CARTESIAN_POINT('',(1.749779778026E-1,4.952520337047E-2,-5.1E-2));
#6465=LINE('',#6464,#6463);
#6466=DIRECTION('',(-9.518255596667E-1,3.066400234235E-1,0.E0));
#6467=VECTOR('',#6466,3.E-3);
#6468=CARTESIAN_POINT('',(1.731554766790E-1,5.308007992973E-2,-5.1E-2));
#6469=LINE('',#6468,#6467);
#6470=DIRECTION('',(-3.066400234236E-1,-9.518255596667E-1,0.E0));
#6471=VECTOR('',#6470,1.955641101617E-2);
#6472=CARTESIAN_POINT('',(1.703E-1,5.4E-2,-5.1E-2));
#6473=LINE('',#6472,#6471);
#6474=CARTESIAN_POINT('',(1.841247705833E-1,2.9E-2,-5.1E-2));
#6475=DIRECTION('',(0.E0,0.E0,1.E0));
#6476=DIRECTION('',(-9.518255596667E-1,3.066400234235E-1,0.E0));
#6477=AXIS2_PLACEMENT_3D('',#6474,#6475,#6476);
#6479=DIRECTION('',(2.399101481970E-1,-9.707950972229E-1,0.E0));
#6480=VECTOR('',#6479,3.914721686574E-2);
#6481=CARTESIAN_POINT('',(1.639081854002E-1,2.400392620318E-2,-5.1E-2));
#6482=LINE('',#6481,#6480);
#6483=DIRECTION('',(2.399101481970E-1,9.707950972229E-1,0.E0));
#6484=VECTOR('',#6483,3.914721686574E-2);
#6485=CARTESIAN_POINT('',(1.413E-1,-1.4E-2,-5.1E-2));
#6486=LINE('',#6485,#6484);
#6487=CARTESIAN_POINT('',(1.304752294167E-1,2.9E-2,-5.1E-2));
#6488=DIRECTION('',(0.E0,0.E0,1.E0));
#6489=DIRECTION('',(9.707950972229E-1,-2.399101481970E-1,0.E0));
#6490=AXIS2_PLACEMENT_3D('',#6487,#6488,#6489);
#6492=DIRECTION('',(-3.066400234236E-1,9.518255596667E-1,0.E0));
#6493=VECTOR('',#6492,1.955641101617E-2);
#6494=CARTESIAN_POINT('',(1.502967783321E-1,3.538570813946E-2,-5.1E-2));
#6495=LINE('',#6494,#6493);
#6496=DIRECTION('',(-9.518255596667E-1,-3.066400234236E-1,0.E0));
#6497=VECTOR('',#6496,3.E-3);
#6498=CARTESIAN_POINT('',(1.443E-1,5.4E-2,-5.1E-2));
#6499=LINE('',#6498,#6497);
#6500=DIRECTION('',(-4.562150678010E-1,-8.898695476930E-1,0.E0));
#6501=VECTOR('',#6500,3.994828869549E-3);
#6502=CARTESIAN_POINT('',(1.414445233210E-1,5.308007992973E-2,-5.1E-2));
#6503=LINE('',#6502,#6501);
#6504=DIRECTION('',(3.066400234235E-1,-9.518255596667E-1,0.E0));
#6505=VECTOR('',#6504,1.673164043283E-2);
#6506=CARTESIAN_POINT('',(1.396220221974E-1,4.952520337047E-2,-5.1E-2));
#6507=LINE('',#6506,#6505);
#6508=CARTESIAN_POINT('',(1.304752294167E-1,2.9E-2,-5.1E-2));
#6509=DIRECTION('',(0.E0,0.E0,-1.E0));
#6510=DIRECTION('',(9.518255596667E-1,3.066400234235E-1,0.E0));
#6511=AXIS2_PLACEMENT_3D('',#6508,#6509,#6510);
#6513=DIRECTION('',(-2.399101481970E-1,-9.707950972229E-1,0.E0));
#6514=VECTOR('',#6513,4.058667775492E-2);
#6515=CARTESIAN_POINT('',(1.450371558750E-1,2.540134777705E-2,-5.1E-2));
#6516=LINE('',#6515,#6514);
#6517=DIRECTION('',(0.E0,0.E0,-1.E0));
#6518=VECTOR('',#6517,3.E-2);
#6519=CARTESIAN_POINT('',(1.695628441250E-1,2.540134777705E-2,-2.1E-2));
#6520=LINE('',#6519,#6518);
#6521=DIRECTION('',(0.E0,0.E0,-1.E0));
#6522=VECTOR('',#6521,3.E-2);
#6523=CARTESIAN_POINT('',(1.698473871883E-1,3.359960035135E-2,-2.1E-2));
#6524=LINE('',#6523,#6522);
#6525=DIRECTION('',(0.E0,0.E0,-1.E0));
#6526=VECTOR('',#6525,3.E-2);
#6527=CARTESIAN_POINT('',(1.749779778026E-1,4.952520337047E-2,-2.1E-2));
#6528=LINE('',#6527,#6526);
#6529=DIRECTION('',(0.E0,0.E0,-1.E0));
#6530=VECTOR('',#6529,3.E-2);
#6531=CARTESIAN_POINT('',(1.731554766790E-1,5.308007992973E-2,-2.1E-2));
#6532=LINE('',#6531,#6530);
#6533=DIRECTION('',(0.E0,0.E0,-1.E0));
#6534=VECTOR('',#6533,3.E-2);
#6535=CARTESIAN_POINT('',(1.703E-1,5.4E-2,-2.1E-2));
#6536=LINE('',#6535,#6534);
#6537=DIRECTION('',(0.E0,0.E0,-1.E0));
#6538=VECTOR('',#6537,3.E-2);
#6539=CARTESIAN_POINT('',(1.643032216679E-1,3.538570813946E-2,-2.1E-2));
#6540=LINE('',#6539,#6538);
#6541=DIRECTION('',(0.E0,0.E0,-1.E0));
#6542=VECTOR('',#6541,3.E-2);
#6543=CARTESIAN_POINT('',(1.639081854002E-1,2.400392620318E-2,-2.1E-2));
#6544=LINE('',#6543,#6542);
#6545=DIRECTION('',(0.E0,0.E0,1.E0));
#6546=VECTOR('',#6545,3.E-2);
#6547=CARTESIAN_POINT('',(1.733E-1,-1.4E-2,-5.1E-2));
#6548=LINE('',#6547,#6546);
#6549=DIRECTION('',(0.E0,1.E0,0.E0));
#6550=VECTOR('',#6549,2.5E-2);
#6551=CARTESIAN_POINT('',(1.733E-1,-3.9E-2,-2.1E-2));
#6552=LINE('',#6551,#6550);
#6553=DIRECTION('',(0.E0,0.E0,-1.E0));
#6554=VECTOR('',#6553,3.E-2);
#6555=CARTESIAN_POINT('',(1.506918145998E-1,2.400392620318E-2,-2.1E-2));
#6556=LINE('',#6555,#6554);
#6557=DIRECTION('',(0.E0,0.E0,-1.E0));
#6558=VECTOR('',#6557,3.E-2);
#6559=CARTESIAN_POINT('',(1.502967783321E-1,3.538570813946E-2,-2.1E-2));
#6560=LINE('',#6559,#6558);
#6561=DIRECTION('',(0.E0,0.E0,-1.E0));
#6562=VECTOR('',#6561,3.E-2);
#6563=CARTESIAN_POINT('',(1.443E-1,5.4E-2,-2.1E-2));
#6564=LINE('',#6563,#6562);
#6565=DIRECTION('',(0.E0,0.E0,-1.E0));
#6566=VECTOR('',#6565,3.E-2);
#6567=CARTESIAN_POINT('',(1.414445233210E-1,5.308007992973E-2,-2.1E-2));
#6568=LINE('',#6567,#6566);
#6569=DIRECTION('',(0.E0,0.E0,-1.E0));
#6570=VECTOR('',#6569,3.E-2);
#6571=CARTESIAN_POINT('',(1.396220221974E-1,4.952520337047E-2,-2.1E-2));
#6572=LINE('',#6571,#6570);
#6573=DIRECTION('',(0.E0,0.E0,-1.E0));
#6574=VECTOR('',#6573,3.E-2);
#6575=CARTESIAN_POINT('',(1.447526128117E-1,3.359960035135E-2,-2.1E-2));
#6576=LINE('',#6575,#6574);
#6577=DIRECTION('',(-1.E0,0.E0,0.E0));
#6578=VECTOR('',#6577,4.4E-2);
#6579=CARTESIAN_POINT('',(1.793E-1,6.6E-2,-5.9E-2));
#6580=LINE('',#6579,#6578);
#6581=DIRECTION('',(1.E0,1.541976423087E-14,0.E0));
#6582=VECTOR('',#6581,4.500000000009E-3);
#6583=CARTESIAN_POINT('',(1.793E-1,-7.2E-2,-6.5E-2));
#6584=LINE('',#6583,#6582);
#6585=DIRECTION('',(0.E0,1.E0,0.E0));
#6586=VECTOR('',#6585,1.38E-1);
#6587=CARTESIAN_POINT('',(1.793E-1,-7.2E-2,-6.5E-2));
#6588=LINE('',#6587,#6586);
#6589=DIRECTION('',(-1.E0,0.E0,0.E0));
#6590=VECTOR('',#6589,4.4E-2);
#6591=CARTESIAN_POINT('',(1.793E-1,6.6E-2,-6.5E-2));
#6592=LINE('',#6591,#6590);
#6593=DIRECTION('',(0.E0,1.E0,0.E0));
#6594=VECTOR('',#6593,1.38E-1);
#6595=CARTESIAN_POINT('',(1.353E-1,-7.2E-2,-6.5E-2));
#6596=LINE('',#6595,#6594);
#6597=DIRECTION('',(1.E0,-1.541976423093E-14,0.E0));
#6598=VECTOR('',#6597,4.499999999994E-3);
#6599=CARTESIAN_POINT('',(1.308E-1,-7.2E-2,-6.5E-2));
#6600=LINE('',#6599,#6598);
#6601=DIRECTION('',(0.E0,0.E0,1.E0));
#6602=VECTOR('',#6601,3.E-2);
#6603=CARTESIAN_POINT('',(1.695628441250E-1,2.540134777705E-2,2.1E-2));
#6604=LINE('',#6603,#6602);
#6605=DIRECTION('',(0.E0,0.E0,1.E0));
#6606=VECTOR('',#6605,3.E-2);
#6607=CARTESIAN_POINT('',(1.698473871883E-1,3.359960035135E-2,2.1E-2));
#6608=LINE('',#6607,#6606);
#6609=DIRECTION('',(0.E0,0.E0,1.E0));
#6610=VECTOR('',#6609,3.E-2);
#6611=CARTESIAN_POINT('',(1.749779778026E-1,4.952520337047E-2,2.1E-2));
#6612=LINE('',#6611,#6610);
#6613=DIRECTION('',(0.E0,0.E0,1.E0));
#6614=VECTOR('',#6613,3.E-2);
#6615=CARTESIAN_POINT('',(1.731554766790E-1,5.308007992973E-2,2.1E-2));
#6616=LINE('',#6615,#6614);
#6617=DIRECTION('',(0.E0,0.E0,1.E0));
#6618=VECTOR('',#6617,3.E-2);
#6619=CARTESIAN_POINT('',(1.703E-1,5.4E-2,2.1E-2));
#6620=LINE('',#6619,#6618);
#6621=DIRECTION('',(0.E0,0.E0,1.E0));
#6622=VECTOR('',#6621,3.E-2);
#6623=CARTESIAN_POINT('',(1.643032216679E-1,3.538570813946E-2,2.1E-2));
#6624=LINE('',#6623,#6622);
#6625=DIRECTION('',(0.E0,0.E0,1.E0));
#6626=VECTOR('',#6625,3.E-2);
#6627=CARTESIAN_POINT('',(1.639081854002E-1,2.400392620318E-2,2.1E-2));
#6628=LINE('',#6627,#6626);
#6629=DIRECTION('',(1.E0,0.E0,0.E0));
#6630=VECTOR('',#6629,5.3E-2);
#6631=CARTESIAN_POINT('',(1.308E-1,-7.2E-2,-1.8E-2));
#6632=LINE('',#6631,#6630);
#6633=DIRECTION('',(-1.E0,0.E0,0.E0));
#6634=VECTOR('',#6633,5.3E-2);
#6635=CARTESIAN_POINT('',(1.838E-1,6.8E-2,-1.8E-2));
#6636=LINE('',#6635,#6634);
#6637=DIRECTION('',(-6.246950475544E-1,6.246950475544E-1,-4.685212856658E-1));
#6638=VECTOR('',#6637,9.604686356149E-3);
#6639=CARTESIAN_POINT('',(1.898E-1,-8.7E-2,-4.5E-2));
#6640=LINE('',#6639,#6638);
#6641=DIRECTION('',(6.246950475544E-1,-6.246950475544E-1,-4.685212856658E-1));
#6642=VECTOR('',#6641,9.604686356149E-3);
#6643=CARTESIAN_POINT('',(1.838E-1,-8.1E-2,4.95E-2));
#6644=LINE('',#6643,#6642);
#6645=DIRECTION('',(1.E0,0.E0,0.E0));
#6646=VECTOR('',#6645,6.E-3);
#6647=CARTESIAN_POINT('',(1.838E-1,-7.9E-2,5.1E-2));
#6648=LINE('',#6647,#6646);
#6649=DIRECTION('',(0.E0,-8.E-1,-6.E-1));
#6650=VECTOR('',#6649,1.E-2);
#6651=CARTESIAN_POINT('',(1.898E-1,-7.9E-2,5.1E-2));
#6652=LINE('',#6651,#6650);
#6653=DIRECTION('',(0.E0,1.E0,0.E0));
#6654=VECTOR('',#6653,7.E-3);
#6655=CARTESIAN_POINT('',(1.898E-1,-7.9E-2,5.1E-2));
#6656=LINE('',#6655,#6654);
#6657=DIRECTION('',(0.E0,0.E0,-1.E0));
#6658=VECTOR('',#6657,2.4E-2);
#6659=CARTESIAN_POINT('',(1.898E-1,-8.7E-2,6.9E-2));
#6660=LINE('',#6659,#6658);
#6661=DIRECTION('',(0.E0,8.E-1,-6.E-1));
#6662=VECTOR('',#6661,1.E-2);
#6663=CARTESIAN_POINT('',(1.898E-1,-8.7E-2,-4.5E-2));
#6664=LINE('',#6663,#6662);
#6665=DIRECTION('',(0.E0,0.E0,-1.E0));
#6666=VECTOR('',#6665,2.4E-2);
#6667=CARTESIAN_POINT('',(1.898E-1,-8.7E-2,-4.5E-2));
#6668=LINE('',#6667,#6666);
#6669=DIRECTION('',(0.E0,0.E0,1.E0));
#6670=VECTOR('',#6669,2.6E-2);
#6671=CARTESIAN_POINT('',(1.443E-1,6.8E-2,-5.235E-2));
#6672=LINE('',#6671,#6670);
#6673=DIRECTION('',(0.E0,1.E0,0.E0));
#6674=VECTOR('',#6673,1.E-2);
#6675=CARTESIAN_POINT('',(1.443E-1,6.8E-2,-5.235E-2));
#6676=LINE('',#6675,#6674);
#6677=DIRECTION('',(-1.E0,0.E0,0.E0));
#6678=VECTOR('',#6677,2.600000000002E-2);
#6679=CARTESIAN_POINT('',(1.703E-1,6.8E-2,-5.235E-2));
#6680=LINE('',#6679,#6678);
#6681=DIRECTION('',(0.E0,1.E0,0.E0));
#6682=VECTOR('',#6681,1.E-2);
#6683=CARTESIAN_POINT('',(1.703E-1,6.8E-2,-5.235E-2));
#6684=LINE('',#6683,#6682);
#6685=DIRECTION('',(0.E0,0.E0,-1.E0));
#6686=VECTOR('',#6685,2.6E-2);
#6687=CARTESIAN_POINT('',(1.703E-1,6.8E-2,-2.635E-2));
#6688=LINE('',#6687,#6686);
#6689=DIRECTION('',(0.E0,1.E0,0.E0));
#6690=VECTOR('',#6689,1.E-2);
#6691=CARTESIAN_POINT('',(1.703E-1,6.8E-2,-2.635E-2));
#6692=LINE('',#6691,#6690);
#6693=DIRECTION('',(-5.773502691896E-1,5.773502691896E-1,-5.773502691896E-1));
#6694=VECTOR('',#6693,1.732050807569E-2);
#6695=CARTESIAN_POINT('',(-1.705E-1,7.8E-2,2.635E-2));
#6696=LINE('',#6695,#6694);
#6697=DIRECTION('',(0.E0,0.E0,1.E0));
#6698=VECTOR('',#6697,2.6E-2);
#6699=CARTESIAN_POINT('',(-1.705E-1,7.8E-2,2.635E-2));
#6700=LINE('',#6699,#6698);
#6701=DIRECTION('',(5.773502691896E-1,5.773502691896E-1,-5.773502691896E-1));
#6702=VECTOR('',#6701,1.732050807569E-2);
#6703=CARTESIAN_POINT('',(-1.445E-1,7.8E-2,2.635E-2));
#6704=LINE('',#6703,#6702);
#6705=DIRECTION('',(-1.E0,0.E0,0.E0));
#6706=VECTOR('',#6705,2.6E-2);
#6707=CARTESIAN_POINT('',(-1.445E-1,7.8E-2,2.635E-2));
#6708=LINE('',#6707,#6706);
#6709=DIRECTION('',(5.773502691896E-1,5.773502691896E-1,5.773502691896E-1));
#6710=VECTOR('',#6709,1.732050807569E-2);
#6711=CARTESIAN_POINT('',(-1.445E-1,7.8E-2,5.235E-2));
#6712=LINE('',#6711,#6710);
#6713=DIRECTION('',(0.E0,0.E0,-1.E0));
#6714=VECTOR('',#6713,2.6E-2);
#6715=CARTESIAN_POINT('',(-1.445E-1,7.8E-2,5.235E-2));
#6716=LINE('',#6715,#6714);
#6717=DIRECTION('',(-5.773502691896E-1,5.773502691896E-1,5.773502691896E-1));
#6718=VECTOR('',#6717,1.732050807569E-2);
#6719=CARTESIAN_POINT('',(-1.705E-1,7.8E-2,5.235E-2));
#6720=LINE('',#6719,#6718);
#6721=DIRECTION('',(1.E0,0.E0,0.E0));
#6722=VECTOR('',#6721,2.6E-2);
#6723=CARTESIAN_POINT('',(-1.705E-1,7.8E-2,5.235E-2));
#6724=LINE('',#6723,#6722);
#6725=DIRECTION('',(1.E0,0.E0,0.E0));
#6726=VECTOR('',#6725,2.6E-2);
#6727=CARTESIAN_POINT('',(-1.705E-1,6.8E-2,5.235E-2));
#6728=LINE('',#6727,#6726);
#6729=DIRECTION('',(0.E0,1.E0,0.E0));
#6730=VECTOR('',#6729,1.E-2);
#6731=CARTESIAN_POINT('',(-1.705E-1,6.8E-2,5.235E-2));
#6732=LINE('',#6731,#6730);
#6733=DIRECTION('',(-1.E0,0.E0,0.E0));
#6734=VECTOR('',#6733,5.3E-2);
#6735=CARTESIAN_POINT('',(-1.31E-1,6.8E-2,1.8E-2));
#6736=LINE('',#6735,#6734);
#6737=DIRECTION('',(1.E0,0.E0,0.E0));
#6738=VECTOR('',#6737,5.3E-2);
#6739=CARTESIAN_POINT('',(-1.84E-1,-7.2E-2,1.8E-2));
#6740=LINE('',#6739,#6738);
#6741=DIRECTION('',(0.E0,0.E0,1.E0));
#6742=VECTOR('',#6741,2.6E-2);
#6743=CARTESIAN_POINT('',(-1.705E-1,6.8E-2,2.635E-2));
#6744=LINE('',#6743,#6742);
#6745=DIRECTION('',(0.E0,1.E0,0.E0));
#6746=VECTOR('',#6745,1.E-2);
#6747=CARTESIAN_POINT('',(-1.705E-1,6.8E-2,2.635E-2));
#6748=LINE('',#6747,#6746);
#6749=DIRECTION('',(-1.E0,0.E0,0.E0));
#6750=VECTOR('',#6749,2.6E-2);
#6751=CARTESIAN_POINT('',(-1.445E-1,6.8E-2,2.635E-2));
#6752=LINE('',#6751,#6750);
#6753=DIRECTION('',(0.E0,1.E0,0.E0));
#6754=VECTOR('',#6753,1.E-2);
#6755=CARTESIAN_POINT('',(-1.445E-1,6.8E-2,2.635E-2));
#6756=LINE('',#6755,#6754);
#6757=DIRECTION('',(0.E0,0.E0,-1.E0));
#6758=VECTOR('',#6757,2.6E-2);
#6759=CARTESIAN_POINT('',(-1.445E-1,6.8E-2,5.235E-2));
#6760=LINE('',#6759,#6758);
#6761=DIRECTION('',(0.E0,1.E0,0.E0));
#6762=VECTOR('',#6761,1.E-2);
#6763=CARTESIAN_POINT('',(-1.445E-1,6.8E-2,5.235E-2));
#6764=LINE('',#6763,#6762);
#6765=DIRECTION('',(0.E0,-1.E0,0.E0));
#6766=VECTOR('',#6765,1.75E-1);
#6767=CARTESIAN_POINT('',(1.955E-1,8.8E-2,-3.E-2));
#6768=LINE('',#6767,#6766);
#6769=DIRECTION('',(0.E0,-1.E0,0.E0));
#6770=VECTOR('',#6769,1.75E-1);
#6771=CARTESIAN_POINT('',(1.955E-1,8.8E-2,3.E-2));
#6772=LINE('',#6771,#6770);
#6773=DIRECTION('',(0.E0,1.E0,0.E0));
#6774=VECTOR('',#6773,1.75E-1);
#6775=CARTESIAN_POINT('',(2.005E-1,-8.7E-2,3.E-2));
#6776=LINE('',#6775,#6774);
#6777=DIRECTION('',(0.E0,0.E0,1.E0));
#6778=VECTOR('',#6777,3.9E-2);
#6779=CARTESIAN_POINT('',(2.005E-1,-8.7E-2,3.E-2));
#6780=LINE('',#6779,#6778);
#6781=DIRECTION('',(0.E0,1.E0,0.E0));
#6782=VECTOR('',#6781,1.5E-2);
#6783=CARTESIAN_POINT('',(2.005E-1,-8.7E-2,6.9E-2));
#6784=LINE('',#6783,#6782);
#6785=DIRECTION('',(0.E0,0.E0,-1.E0));
#6786=VECTOR('',#6785,1.35E-2);
#6787=CARTESIAN_POINT('',(2.005E-1,-7.2E-2,8.25E-2));
#6788=LINE('',#6787,#6786);
#6789=DIRECTION('',(0.E0,1.E0,0.E0));
#6790=VECTOR('',#6789,1.75E-1);
#6791=CARTESIAN_POINT('',(2.005E-1,-8.7E-2,-3.E-2));
#6792=LINE('',#6791,#6790);
#6793=DIRECTION('',(0.E0,0.E0,1.E0));
#6794=VECTOR('',#6793,1.35E-2);
#6795=CARTESIAN_POINT('',(2.005E-1,-7.2E-2,-8.25E-2));
#6796=LINE('',#6795,#6794);
#6797=DIRECTION('',(0.E0,1.E0,0.E0));
#6798=VECTOR('',#6797,1.5E-2);
#6799=CARTESIAN_POINT('',(2.005E-1,-8.7E-2,-6.9E-2));
#6800=LINE('',#6799,#6798);
#6801=DIRECTION('',(0.E0,0.E0,1.E0));
#6802=VECTOR('',#6801,3.9E-2);
#6803=CARTESIAN_POINT('',(2.005E-1,-8.7E-2,-6.9E-2));
#6804=LINE('',#6803,#6802);
#6805=DIRECTION('',(0.E0,-1.E0,0.E0));
#6806=VECTOR('',#6805,1.6E-1);
#6807=CARTESIAN_POINT('',(-2.005E-1,8.8E-2,8.25E-2));
#6808=LINE('',#6807,#6806);
#6809=DIRECTION('',(-1.E0,0.E0,0.E0));
#6810=VECTOR('',#6809,4.01E-1);
#6811=CARTESIAN_POINT('',(2.005E-1,8.8E-2,8.25E-2));
#6812=LINE('',#6811,#6810);
#6813=DIRECTION('',(0.E0,1.E0,0.E0));
#6814=VECTOR('',#6813,1.6E-1);
#6815=CARTESIAN_POINT('',(2.005E-1,-7.2E-2,8.25E-2));
#6816=LINE('',#6815,#6814);
#6817=DIRECTION('',(0.E0,7.071067811865E-1,-7.071067811865E-1));
#6818=VECTOR('',#6817,1.414213562373E-2);
#6819=CARTESIAN_POINT('',(-1.E-1,8.8E-2,-7.E-2));
#6820=LINE('',#6819,#6818);
#6821=DIRECTION('',(0.E0,1.E0,0.E0));
#6822=VECTOR('',#6821,5.E-3);
#6823=CARTESIAN_POINT('',(-1.E-1,9.8E-2,-8.E-2));
#6824=LINE('',#6823,#6822);
#6825=DIRECTION('',(0.E0,0.E0,1.E0));
#6826=VECTOR('',#6825,1.6E-1);
#6827=CARTESIAN_POINT('',(-1.E-1,1.03E-1,-8.E-2));
#6828=LINE('',#6827,#6826);
#6829=DIRECTION('',(0.E0,-1.E0,0.E0));
#6830=VECTOR('',#6829,5.E-3);
#6831=CARTESIAN_POINT('',(-1.E-1,1.03E-1,8.E-2));
#6832=LINE('',#6831,#6830);
#6833=DIRECTION('',(0.E0,-7.071067811865E-1,-7.071067811865E-1));
#6834=VECTOR('',#6833,1.414213562373E-2);
#6835=CARTESIAN_POINT('',(-1.E-1,9.8E-2,8.E-2));
#6836=LINE('',#6835,#6834);
#6837=DIRECTION('',(0.E0,7.071067811865E-1,7.071067811865E-1));
#6838=VECTOR('',#6837,2.545584412272E-3);
#6839=CARTESIAN_POINT('',(-1.E-1,8.62E-2,6.055E-2));
#6840=LINE('',#6839,#6838);
#6841=DIRECTION('',(-5.773502691896E-1,5.773502691896E-1,5.773502691896E-1));
#6842=VECTOR('',#6841,3.117691453624E-3);
#6843=CARTESIAN_POINT('',(-1.E-1,8.62E-2,6.055E-2));
#6844=LINE('',#6843,#6842);
#6845=DIRECTION('',(0.E0,0.E0,1.E0));
#6846=VECTOR('',#6845,4.24E-2);
#6847=CARTESIAN_POINT('',(-1.E-1,8.62E-2,1.815E-2));
#6848=LINE('',#6847,#6846);
#6849=DIRECTION('',(-5.773502691896E-1,5.773502691896E-1,-5.773502691896E-1));
#6850=VECTOR('',#6849,3.117691453624E-3);
#6851=CARTESIAN_POINT('',(-1.E-1,8.62E-2,1.815E-2));
#6852=LINE('',#6851,#6850);
#6853=DIRECTION('',(0.E0,7.071067811865E-1,-7.071067811865E-1));
#6854=VECTOR('',#6853,2.545584412272E-3);
#6855=CARTESIAN_POINT('',(-1.E-1,8.62E-2,1.815E-2));
#6856=LINE('',#6855,#6854);
#6857=DIRECTION('',(0.E0,7.071067811865E-1,7.071067811865E-1));
#6858=VECTOR('',#6857,2.545584412274E-3);
#6859=CARTESIAN_POINT('',(-1.E-1,8.62E-2,-1.815E-2));
#6860=LINE('',#6859,#6858);
#6861=DIRECTION('',(-5.773502691893E-1,5.773502691898E-1,5.773502691898E-1));
#6862=VECTOR('',#6861,3.117691453626E-3);
#6863=CARTESIAN_POINT('',(-1.E-1,8.62E-2,-1.815E-2));
#6864=LINE('',#6863,#6862);
#6865=DIRECTION('',(0.E0,0.E0,1.E0));
#6866=VECTOR('',#6865,4.24E-2);
#6867=CARTESIAN_POINT('',(-1.E-1,8.62E-2,-6.055E-2));
#6868=LINE('',#6867,#6866);
#6869=DIRECTION('',(-5.773502691893E-1,5.773502691898E-1,-5.773502691898E-1));
#6870=VECTOR('',#6869,3.117691453626E-3);
#6871=CARTESIAN_POINT('',(-1.E-1,8.62E-2,-6.055E-2));
#6872=LINE('',#6871,#6870);
#6873=DIRECTION('',(0.E0,7.071067811866E-1,-7.071067811865E-1));
#6874=VECTOR('',#6873,2.545584412274E-3);
#6875=CARTESIAN_POINT('',(-1.E-1,8.62E-2,-6.055E-2));
#6876=LINE('',#6875,#6874);
#6877=DIRECTION('',(0.E0,-7.071067811865E-1,-7.071067811865E-1));
#6878=VECTOR('',#6877,1.414213562373E-2);
#6879=CARTESIAN_POINT('',(1.E-1,9.8E-2,8.E-2));
#6880=LINE('',#6879,#6878);
#6881=DIRECTION('',(0.E0,-1.E0,0.E0));
#6882=VECTOR('',#6881,5.E-3);
#6883=CARTESIAN_POINT('',(1.E-1,1.03E-1,8.E-2));
#6884=LINE('',#6883,#6882);
#6885=DIRECTION('',(0.E0,0.E0,1.E0));
#6886=VECTOR('',#6885,1.6E-1);
#6887=CARTESIAN_POINT('',(1.E-1,1.03E-1,-8.E-2));
#6888=LINE('',#6887,#6886);
#6889=DIRECTION('',(0.E0,1.E0,0.E0));
#6890=VECTOR('',#6889,5.E-3);
#6891=CARTESIAN_POINT('',(1.E-1,9.8E-2,-8.E-2));
#6892=LINE('',#6891,#6890);
#6893=DIRECTION('',(0.E0,7.071067811865E-1,-7.071067811865E-1));
#6894=VECTOR('',#6893,1.414213562373E-2);
#6895=CARTESIAN_POINT('',(1.E-1,8.8E-2,-7.E-2));
#6896=LINE('',#6895,#6894);
#6897=DIRECTION('',(1.E0,0.E0,0.E0));
#6898=VECTOR('',#6897,2.E-1);
#6899=CARTESIAN_POINT('',(-1.E-1,9.8E-2,8.E-2));
#6900=LINE('',#6899,#6898);
#6901=DIRECTION('',(1.E0,0.E0,0.E0));
#6902=VECTOR('',#6901,2.E-1);
#6903=CARTESIAN_POINT('',(-1.E-1,1.03E-1,8.E-2));
#6904=LINE('',#6903,#6902);
#6905=DIRECTION('',(1.E0,0.E0,0.E0));
#6906=VECTOR('',#6905,2.E-1);
#6907=CARTESIAN_POINT('',(-1.E-1,1.03E-1,-8.E-2));
#6908=LINE('',#6907,#6906);
#6909=DIRECTION('',(1.E0,0.E0,0.E0));
#6910=VECTOR('',#6909,2.E-1);
#6911=CARTESIAN_POINT('',(-1.E-1,9.8E-2,-8.E-2));
#6912=LINE('',#6911,#6910);
#6913=DIRECTION('',(0.E0,7.071067811865E-1,-7.071067811865E-1));
#6914=VECTOR('',#6913,2.262741699799E-3);
#6915=CARTESIAN_POINT('',(1.E-1,8.64E-2,-6.075E-2));
#6916=LINE('',#6915,#6914);
#6917=DIRECTION('',(5.773502691893E-1,5.773502691898E-1,-5.773502691898E-1));
#6918=VECTOR('',#6917,2.771281292112E-3);
#6919=CARTESIAN_POINT('',(1.E-1,8.64E-2,-6.075E-2));
#6920=LINE('',#6919,#6918);
#6921=DIRECTION('',(5.773502691893E-1,5.773502691898E-1,5.773502691898E-1));
#6922=VECTOR('',#6921,2.771281292112E-3);
#6923=CARTESIAN_POINT('',(1.E-1,8.64E-2,-1.795E-2));
#6924=LINE('',#6923,#6922);
#6925=DIRECTION('',(0.E0,0.E0,-1.E0));
#6926=VECTOR('',#6925,4.28E-2);
#6927=CARTESIAN_POINT('',(1.E-1,8.64E-2,-1.795E-2));
#6928=LINE('',#6927,#6926);
#6929=DIRECTION('',(0.E0,7.071067811865E-1,7.071067811865E-1));
#6930=VECTOR('',#6929,2.262741699799E-3);
#6931=CARTESIAN_POINT('',(1.E-1,8.64E-2,-1.795E-2));
#6932=LINE('',#6931,#6930);
#6933=DIRECTION('',(0.E0,7.071067811865E-1,-7.071067811865E-1));
#6934=VECTOR('',#6933,2.262741699797E-3);
#6935=CARTESIAN_POINT('',(1.E-1,8.64E-2,1.795E-2));
#6936=LINE('',#6935,#6934);
#6937=DIRECTION('',(5.773502691896E-1,5.773502691896E-1,-5.773502691896E-1));
#6938=VECTOR('',#6937,2.771281292110E-3);
#6939=CARTESIAN_POINT('',(1.E-1,8.64E-2,1.795E-2));
#6940=LINE('',#6939,#6938);
#6941=DIRECTION('',(5.773502691896E-1,5.773502691896E-1,5.773502691896E-1));
#6942=VECTOR('',#6941,2.771281292110E-3);
#6943=CARTESIAN_POINT('',(1.E-1,8.64E-2,6.075E-2));
#6944=LINE('',#6943,#6942);
#6945=DIRECTION('',(0.E0,0.E0,-1.E0));
#6946=VECTOR('',#6945,4.28E-2);
#6947=CARTESIAN_POINT('',(1.E-1,8.64E-2,6.075E-2));
#6948=LINE('',#6947,#6946);
#6949=DIRECTION('',(0.E0,7.071067811865E-1,7.071067811865E-1));
#6950=VECTOR('',#6949,2.262741699797E-3);
#6951=CARTESIAN_POINT('',(1.E-1,8.64E-2,6.075E-2));
#6952=LINE('',#6951,#6950);
#6953=DIRECTION('',(1.E0,0.E0,0.E0));
#6954=VECTOR('',#6953,6.000000000009E-3);
#6955=CARTESIAN_POINT('',(-1.31E-1,-7.9E-2,5.1E-2));
#6956=LINE('',#6955,#6954);
#6957=DIRECTION('',(-6.246950475544E-1,6.246950475544E-1,-4.685212856658E-1));
#6958=VECTOR('',#6957,9.604686356164E-3);
#6959=CARTESIAN_POINT('',(-1.25E-1,-8.7E-2,-4.5E-2));
#6960=LINE('',#6959,#6958);
#6961=DIRECTION('',(6.246950475544E-1,-6.246950475544E-1,-4.685212856658E-1));
#6962=VECTOR('',#6961,9.604686356164E-3);
#6963=CARTESIAN_POINT('',(-1.31E-1,-8.099999999999E-2,4.950000000001E-2));
#6964=LINE('',#6963,#6962);
#6965=DIRECTION('',(-1.E0,0.E0,0.E0));
#6966=VECTOR('',#6965,5.999999999991E-3);
#6967=CARTESIAN_POINT('',(-1.84E-1,-7.9E-2,-5.1E-2));
#6968=LINE('',#6967,#6966);
#6969=CARTESIAN_POINT('',(2.005E-1,8.8E-2,-8.25E-2));
#6970=CARTESIAN_POINT('',(-2.005E-1,8.8E-2,-8.25E-2));
#6971=VERTEX_POINT('',#6969);
#6972=VERTEX_POINT('',#6970);
#6973=CARTESIAN_POINT('',(2.005E-1,8.8E-2,8.25E-2));
#6974=CARTESIAN_POINT('',(-2.005E-1,8.8E-2,8.25E-2));
#6975=VERTEX_POINT('',#6973);
#6976=VERTEX_POINT('',#6974);
#6977=CARTESIAN_POINT('',(-1.705E-1,7.8E-2,-5.235E-2));
#6978=CARTESIAN_POINT('',(-1.705E-1,7.8E-2,-2.635E-2));
#6979=VERTEX_POINT('',#6977);
#6980=VERTEX_POINT('',#6978);
#6981=CARTESIAN_POINT('',(-1.445E-1,7.8E-2,-2.635E-2));
#6982=VERTEX_POINT('',#6981);
#6983=CARTESIAN_POINT('',(-1.445E-1,7.8E-2,-5.235E-2));
#6984=VERTEX_POINT('',#6983);
#6985=CARTESIAN_POINT('',(-1.805E-1,8.8E-2,-6.235E-2));
#6986=CARTESIAN_POINT('',(-1.805E-1,8.8E-2,-1.635E-2));
#6987=VERTEX_POINT('',#6985);
#6988=VERTEX_POINT('',#6986);
#6989=CARTESIAN_POINT('',(-1.345E-1,8.8E-2,-1.635E-2));
#6990=VERTEX_POINT('',#6989);
#6991=CARTESIAN_POINT('',(-1.345E-1,8.8E-2,-6.235E-2));
#6992=VERTEX_POINT('',#6991);
#6993=CARTESIAN_POINT('',(-1.705E-1,7.8E-2,2.635E-2));
#6994=CARTESIAN_POINT('',(-1.705E-1,7.8E-2,5.235E-2));
#6995=VERTEX_POINT('',#6993);
#6996=VERTEX_POINT('',#6994);
#6997=CARTESIAN_POINT('',(-1.445E-1,7.8E-2,5.235E-2));
#6998=VERTEX_POINT('',#6997);
#6999=CARTESIAN_POINT('',(-1.445E-1,7.8E-2,2.635E-2));
#7000=VERTEX_POINT('',#6999);
#7001=CARTESIAN_POINT('',(-1.805E-1,8.8E-2,1.635E-2));
#7002=CARTESIAN_POINT('',(-1.805E-1,8.8E-2,6.235E-2));
#7003=VERTEX_POINT('',#7001);
#7004=VERTEX_POINT('',#7002);
#7005=CARTESIAN_POINT('',(-1.345E-1,8.8E-2,6.235E-2));
#7006=VERTEX_POINT('',#7005);
#7007=CARTESIAN_POINT('',(-1.345E-1,8.8E-2,1.635E-2));
#7008=VERTEX_POINT('',#7007);
#7009=CARTESIAN_POINT('',(-1.31E-1,6.8E-2,1.8E-2));
#7010=CARTESIAN_POINT('',(-1.31E-1,6.8E-2,6.5E-2));
#7011=VERTEX_POINT('',#7009);
#7012=VERTEX_POINT('',#7010);
#7013=CARTESIAN_POINT('',(-1.31E-1,6.8E-2,-6.5E-2));
#7014=CARTESIAN_POINT('',(-1.31E-1,6.8E-2,-1.8E-2));
#7015=VERTEX_POINT('',#7013);
#7016=VERTEX_POINT('',#7014);
#7017=CARTESIAN_POINT('',(-1.84E-1,6.8E-2,1.8E-2));
#7018=CARTESIAN_POINT('',(-1.84E-1,6.8E-2,6.5E-2));
#7019=VERTEX_POINT('',#7017);
#7020=VERTEX_POINT('',#7018);
#7021=CARTESIAN_POINT('',(-1.84E-1,6.8E-2,-6.5E-2));
#7022=CARTESIAN_POINT('',(-1.84E-1,6.8E-2,-1.8E-2));
#7023=VERTEX_POINT('',#7021);
#7024=VERTEX_POINT('',#7022);
#7025=CARTESIAN_POINT('',(-1.705E-1,6.8E-2,-5.235E-2));
#7026=CARTESIAN_POINT('',(-1.705E-1,6.8E-2,-2.635E-2));
#7027=VERTEX_POINT('',#7025);
#7028=VERTEX_POINT('',#7026);
#7029=CARTESIAN_POINT('',(-1.445E-1,6.8E-2,-2.635E-2));
#7030=VERTEX_POINT('',#7029);
#7031=CARTESIAN_POINT('',(-1.445E-1,6.8E-2,-5.235E-2));
#7032=VERTEX_POINT('',#7031);
#7033=CARTESIAN_POINT('',(-1.705E-1,6.8E-2,2.635E-2));
#7034=CARTESIAN_POINT('',(-1.705E-1,6.8E-2,5.235E-2));
#7035=VERTEX_POINT('',#7033);
#7036=VERTEX_POINT('',#7034);
#7037=CARTESIAN_POINT('',(-1.445E-1,6.8E-2,5.235E-2));
#7038=VERTEX_POINT('',#7037);
#7039=CARTESIAN_POINT('',(-1.445E-1,6.8E-2,2.635E-2));
#7040=VERTEX_POINT('',#7039);
#7041=CARTESIAN_POINT('',(-1.355E-1,-7.2E-2,6.5E-2));
#7042=CARTESIAN_POINT('',(-1.355E-1,6.6E-2,6.5E-2));
#7043=VERTEX_POINT('',#7041);
#7044=VERTEX_POINT('',#7042);
#7045=CARTESIAN_POINT('',(-1.795E-1,-7.2E-2,6.5E-2));
#7046=CARTESIAN_POINT('',(-1.795E-1,6.6E-2,6.5E-2));
#7047=VERTEX_POINT('',#7045);
#7048=VERTEX_POINT('',#7046);
#7049=CARTESIAN_POINT('',(-1.355E-1,-7.2E-2,-6.5E-2));
#7050=CARTESIAN_POINT('',(-1.355E-1,6.6E-2,-6.5E-2));
#7051=VERTEX_POINT('',#7049);
#7052=VERTEX_POINT('',#7050);
#7053=CARTESIAN_POINT('',(-1.795E-1,-7.2E-2,-6.5E-2));
#7054=CARTESIAN_POINT('',(-1.795E-1,6.6E-2,-6.5E-2));
#7055=VERTEX_POINT('',#7053);
#7056=VERTEX_POINT('',#7054);
#7057=CARTESIAN_POINT('',(-1.355E-1,6.6E-2,-5.9E-2));
#7058=VERTEX_POINT('',#7057);
#7059=CARTESIAN_POINT('',(-1.355E-1,6.6E-2,5.9E-2));
#7060=VERTEX_POINT('',#7059);
#7061=CARTESIAN_POINT('',(-1.795E-1,6.6E-2,-5.9E-2));
#7062=VERTEX_POINT('',#7061);
#7063=CARTESIAN_POINT('',(-1.795E-1,6.6E-2,5.9E-2));
#7064=VERTEX_POINT('',#7063);
#7065=CARTESIAN_POINT('',(-2.005E-1,-8.7E-2,6.9E-2));
#7066=CARTESIAN_POINT('',(-2.005E-1,-7.2E-2,6.9E-2));
#7067=VERTEX_POINT('',#7065);
#7068=VERTEX_POINT('',#7066);
#7069=CARTESIAN_POINT('',(-2.005E-1,-7.2E-2,8.25E-2));
#7070=VERTEX_POINT('',#7069);
#7071=CARTESIAN_POINT('',(-2.005E-1,-7.2E-2,-8.25E-2));
#7072=CARTESIAN_POINT('',(-2.005E-1,-7.2E-2,-6.9E-2));
#7073=VERTEX_POINT('',#7071);
#7074=VERTEX_POINT('',#7072);
#7075=CARTESIAN_POINT('',(-2.005E-1,-8.7E-2,-6.9E-2));
#7076=VERTEX_POINT('',#7075);
#7077=CARTESIAN_POINT('',(2.005E-1,-8.7E-2,6.9E-2));
#7078=CARTESIAN_POINT('',(2.005E-1,-7.2E-2,6.9E-2));
#7079=VERTEX_POINT('',#7077);
#7080=VERTEX_POINT('',#7078);
#7081=CARTESIAN_POINT('',(2.005E-1,-7.2E-2,8.25E-2));
#7082=VERTEX_POINT('',#7081);
#7083=CARTESIAN_POINT('',(2.005E-1,-7.2E-2,-8.25E-2));
#7084=CARTESIAN_POINT('',(2.005E-1,-7.2E-2,-6.9E-2));
#7085=VERTEX_POINT('',#7083);
#7086=VERTEX_POINT('',#7084);
#7087=CARTESIAN_POINT('',(2.005E-1,-8.7E-2,-6.9E-2));
#7088=VERTEX_POINT('',#7087);
#7089=CARTESIAN_POINT('',(1.955E-1,-8.7E-2,-3.E-2));
#7090=CARTESIAN_POINT('',(1.955E-1,-8.7E-2,3.E-2));
#7091=VERTEX_POINT('',#7089);
#7092=VERTEX_POINT('',#7090);
#7093=CARTESIAN_POINT('',(2.005E-1,-8.7E-2,3.E-2));
#7094=VERTEX_POINT('',#7093);
#7095=CARTESIAN_POINT('',(2.005E-1,-8.7E-2,-3.E-2));
#7096=VERTEX_POINT('',#7095);
#7097=CARTESIAN_POINT('',(2.005E-1,8.8E-2,3.E-2));
#7098=VERTEX_POINT('',#7097);
#7099=CARTESIAN_POINT('',(2.005E-1,8.8E-2,-3.E-2));
#7100=VERTEX_POINT('',#7099);
#7101=CARTESIAN_POINT('',(1.955E-1,8.8E-2,-3.E-2));
#7102=CARTESIAN_POINT('',(1.955E-1,8.8E-2,3.E-2));
#7103=VERTEX_POINT('',#7101);
#7104=VERTEX_POINT('',#7102);
#7105=CARTESIAN_POINT('',(-1.9E-1,-7.2E-2,6.9E-2));
#7106=CARTESIAN_POINT('',(-1.9E-1,-8.7E-2,6.9E-2));
#7107=VERTEX_POINT('',#7105);
#7108=VERTEX_POINT('',#7106);
#7109=CARTESIAN_POINT('',(-1.25E-1,-7.2E-2,6.9E-2));
#7110=CARTESIAN_POINT('',(-1.25E-1,-8.7E-2,6.9E-2));
#7111=VERTEX_POINT('',#7109);
#7112=VERTEX_POINT('',#7110);
#7113=CARTESIAN_POINT('',(-1.9E-1,-8.7E-2,-6.9E-2));
#7114=CARTESIAN_POINT('',(-1.9E-1,-7.2E-2,-6.9E-2));
#7115=VERTEX_POINT('',#7113);
#7116=VERTEX_POINT('',#7114);
#7117=CARTESIAN_POINT('',(-1.25E-1,-8.7E-2,-6.9E-2));
#7118=CARTESIAN_POINT('',(-1.25E-1,-7.2E-2,-6.9E-2));
#7119=VERTEX_POINT('',#7117);
#7120=VERTEX_POINT('',#7118);
#7121=CARTESIAN_POINT('',(-1.84E-1,-7.2E-2,-5.1E-2));
#7122=CARTESIAN_POINT('',(-1.9E-1,-7.2E-2,-5.1E-2));
#7123=VERTEX_POINT('',#7121);
#7124=VERTEX_POINT('',#7122);
#7125=CARTESIAN_POINT('',(-1.9E-1,-7.2E-2,5.1E-2));
#7126=VERTEX_POINT('',#7125);
#7127=CARTESIAN_POINT('',(-1.84E-1,-7.2E-2,5.1E-2));
#7128=VERTEX_POINT('',#7127);
#7129=CARTESIAN_POINT('',(-1.25E-1,-7.2E-2,-5.1E-2));
#7130=VERTEX_POINT('',#7129);
#7131=CARTESIAN_POINT('',(-1.31E-1,-7.2E-2,-5.1E-2));
#7132=VERTEX_POINT('',#7131);
#7133=CARTESIAN_POINT('',(-1.31E-1,-7.2E-2,5.1E-2));
#7134=CARTESIAN_POINT('',(-1.25E-1,-7.2E-2,5.1E-2));
#7135=VERTEX_POINT('',#7133);
#7136=VERTEX_POINT('',#7134);
#7137=CARTESIAN_POINT('',(-1.84E-1,-8.100000000001E-2,-4.949999999999E-2));
#7138=CARTESIAN_POINT('',(-1.9E-1,-8.7E-2,-4.5E-2));
#7139=VERTEX_POINT('',#7137);
#7140=VERTEX_POINT('',#7138);
#7141=CARTESIAN_POINT('',(-1.84E-1,-8.100000000001E-2,4.949999999999E-2));
#7142=CARTESIAN_POINT('',(-1.9E-1,-8.7E-2,4.5E-2));
#7143=VERTEX_POINT('',#7141);
#7144=VERTEX_POINT('',#7142);
#7145=CARTESIAN_POINT('',(-1.25E-1,-8.7E-2,-4.5E-2));
#7146=CARTESIAN_POINT('',(-1.31E-1,-8.099999999999E-2,-4.950000000001E-2));
#7147=VERTEX_POINT('',#7145);
#7148=VERTEX_POINT('',#7146);
#7149=CARTESIAN_POINT('',(-1.31E-1,-8.099999999999E-2,4.950000000001E-2));
#7150=CARTESIAN_POINT('',(-1.25E-1,-8.7E-2,4.5E-2));
#7151=VERTEX_POINT('',#7149);
#7152=VERTEX_POINT('',#7150);
#7153=CARTESIAN_POINT('',(-1.84E-1,-7.9E-2,-5.1E-2));
#7154=CARTESIAN_POINT('',(-1.9E-1,-7.9E-2,-5.1E-2));
#7155=VERTEX_POINT('',#7153);
#7156=VERTEX_POINT('',#7154);
#7157=CARTESIAN_POINT('',(-1.9E-1,-7.9E-2,5.1E-2));
#7158=CARTESIAN_POINT('',(-1.84E-1,-7.9E-2,5.1E-2));
#7159=VERTEX_POINT('',#7157);
#7160=VERTEX_POINT('',#7158);
#7161=CARTESIAN_POINT('',(-1.25E-1,-7.9E-2,-5.1E-2));
#7162=CARTESIAN_POINT('',(-1.31E-1,-7.9E-2,-5.1E-2));
#7163=VERTEX_POINT('',#7161);
#7164=VERTEX_POINT('',#7162);
#7165=CARTESIAN_POINT('',(-1.31E-1,-7.9E-2,5.1E-2));
#7166=CARTESIAN_POINT('',(-1.25E-1,-7.9E-2,5.1E-2));
#7167=VERTEX_POINT('',#7165);
#7168=VERTEX_POINT('',#7166);
#7169=CARTESIAN_POINT('',(-1.485E-1,-7.2E-2,-6.5E-2));
#7170=CARTESIAN_POINT('',(-1.485E-1,-7.2E-2,-5.9E-2));
#7171=VERTEX_POINT('',#7169);
#7172=VERTEX_POINT('',#7170);
#7173=CARTESIAN_POINT('',(-1.665E-1,-7.2E-2,-6.5E-2));
#7174=CARTESIAN_POINT('',(-1.665E-1,-7.2E-2,-5.9E-2));
#7175=VERTEX_POINT('',#7173);
#7176=VERTEX_POINT('',#7174);
#7177=CARTESIAN_POINT('',(-1.485E-1,-7.2E-2,5.9E-2));
#7178=CARTESIAN_POINT('',(-1.485E-1,-7.2E-2,6.5E-2));
#7179=VERTEX_POINT('',#7177);
#7180=VERTEX_POINT('',#7178);
#7181=CARTESIAN_POINT('',(-1.665E-1,-7.2E-2,5.9E-2));
#7182=CARTESIAN_POINT('',(-1.665E-1,-7.2E-2,6.5E-2));
#7183=VERTEX_POINT('',#7181);
#7184=VERTEX_POINT('',#7182);
#7185=CARTESIAN_POINT('',(-1.485E-1,-8.9E-2,-7.1E-2));
#7186=CARTESIAN_POINT('',(-1.485E-1,-8.9E-2,-1.05E-1));
#7187=VERTEX_POINT('',#7185);
#7188=VERTEX_POINT('',#7186);
#7189=CARTESIAN_POINT('',(-1.485E-1,-9.5E-2,-1.05E-1));
#7190=VERTEX_POINT('',#7189);
#7191=CARTESIAN_POINT('',(-1.485E-1,-9.5E-2,-7.1E-2));
#7192=VERTEX_POINT('',#7191);
#7193=CARTESIAN_POINT('',(-1.665E-1,-8.9E-2,-7.1E-2));
#7194=CARTESIAN_POINT('',(-1.665E-1,-8.9E-2,-1.05E-1));
#7195=VERTEX_POINT('',#7193);
#7196=VERTEX_POINT('',#7194);
#7197=CARTESIAN_POINT('',(-1.665E-1,-9.5E-2,-1.05E-1));
#7198=VERTEX_POINT('',#7197);
#7199=CARTESIAN_POINT('',(-1.665E-1,-9.5E-2,-7.1E-2));
#7200=VERTEX_POINT('',#7199);
#7201=CARTESIAN_POINT('',(-1.485E-1,-8.3E-2,-6.5E-2));
#7202=VERTEX_POINT('',#7201);
#7203=CARTESIAN_POINT('',(-1.485E-1,-8.3E-2,-5.9E-2));
#7204=VERTEX_POINT('',#7203);
#7205=CARTESIAN_POINT('',(-1.665E-1,-8.3E-2,-6.5E-2));
#7206=VERTEX_POINT('',#7205);
#7207=CARTESIAN_POINT('',(-1.665E-1,-8.3E-2,-5.9E-2));
#7208=VERTEX_POINT('',#7207);
#7209=CARTESIAN_POINT('',(-1.485E-1,-9.5E-2,7.1E-2));
#7210=CARTESIAN_POINT('',(-1.485E-1,-9.5E-2,1.05E-1));
#7211=VERTEX_POINT('',#7209);
#7212=VERTEX_POINT('',#7210);
#7213=CARTESIAN_POINT('',(-1.485E-1,-8.9E-2,1.05E-1));
#7214=VERTEX_POINT('',#7213);
#7215=CARTESIAN_POINT('',(-1.485E-1,-8.9E-2,7.1E-2));
#7216=VERTEX_POINT('',#7215);
#7217=CARTESIAN_POINT('',(-1.665E-1,-9.5E-2,7.1E-2));
#7218=CARTESIAN_POINT('',(-1.665E-1,-9.5E-2,1.05E-1));
#7219=VERTEX_POINT('',#7217);
#7220=VERTEX_POINT('',#7218);
#7221=CARTESIAN_POINT('',(-1.665E-1,-8.9E-2,1.05E-1));
#7222=VERTEX_POINT('',#7221);
#7223=CARTESIAN_POINT('',(-1.665E-1,-8.9E-2,7.1E-2));
#7224=VERTEX_POINT('',#7223);
#7225=CARTESIAN_POINT('',(-1.485E-1,-8.3E-2,5.9E-2));
#7226=VERTEX_POINT('',#7225);
#7227=CARTESIAN_POINT('',(-1.485E-1,-8.3E-2,6.5E-2));
#7228=VERTEX_POINT('',#7227);
#7229=CARTESIAN_POINT('',(-1.665E-1,-8.3E-2,5.9E-2));
#7230=VERTEX_POINT('',#7229);
#7231=CARTESIAN_POINT('',(-1.665E-1,-8.3E-2,6.5E-2));
#7232=VERTEX_POINT('',#7231);
#7233=CARTESIAN_POINT('',(-1.113E-1,-7.2E-2,6.9E-2));
#7234=CARTESIAN_POINT('',(-1.113E-1,-8.7E-2,6.9E-2));
#7235=VERTEX_POINT('',#7233);
#7236=VERTEX_POINT('',#7234);
#7237=CARTESIAN_POINT('',(-4.63E-2,-7.2E-2,6.9E-2));
#7238=CARTESIAN_POINT('',(-4.63E-2,-8.7E-2,6.9E-2));
#7239=VERTEX_POINT('',#7237);
#7240=VERTEX_POINT('',#7238);
#7241=CARTESIAN_POINT('',(-1.113E-1,-8.7E-2,-6.9E-2));
#7242=CARTESIAN_POINT('',(-1.113E-1,-7.2E-2,-6.9E-2));
#7243=VERTEX_POINT('',#7241);
#7244=VERTEX_POINT('',#7242);
#7245=CARTESIAN_POINT('',(-4.63E-2,-8.7E-2,-6.9E-2));
#7246=CARTESIAN_POINT('',(-4.63E-2,-7.2E-2,-6.9E-2));
#7247=VERTEX_POINT('',#7245);
#7248=VERTEX_POINT('',#7246);
#7249=CARTESIAN_POINT('',(-1.053E-1,-7.2E-2,-5.1E-2));
#7250=CARTESIAN_POINT('',(-1.113E-1,-7.2E-2,-5.1E-2));
#7251=VERTEX_POINT('',#7249);
#7252=VERTEX_POINT('',#7250);
#7253=CARTESIAN_POINT('',(-1.113E-1,-7.2E-2,5.1E-2));
#7254=VERTEX_POINT('',#7253);
#7255=CARTESIAN_POINT('',(-1.053E-1,-7.2E-2,5.1E-2));
#7256=VERTEX_POINT('',#7255);
#7257=CARTESIAN_POINT('',(-4.63E-2,-7.2E-2,-5.1E-2));
#7258=VERTEX_POINT('',#7257);
#7259=CARTESIAN_POINT('',(-5.23E-2,-7.2E-2,-5.1E-2));
#7260=VERTEX_POINT('',#7259);
#7261=CARTESIAN_POINT('',(-5.23E-2,-7.2E-2,5.1E-2));
#7262=CARTESIAN_POINT('',(-4.63E-2,-7.2E-2,5.1E-2));
#7263=VERTEX_POINT('',#7261);
#7264=VERTEX_POINT('',#7262);
#7265=CARTESIAN_POINT('',(-3.26E-2,-7.2E-2,6.9E-2));
#7266=CARTESIAN_POINT('',(-3.26E-2,-8.7E-2,6.9E-2));
#7267=VERTEX_POINT('',#7265);
#7268=VERTEX_POINT('',#7266);
#7269=CARTESIAN_POINT('',(3.24E-2,-7.2E-2,6.9E-2));
#7270=CARTESIAN_POINT('',(3.24E-2,-8.7E-2,6.9E-2));
#7271=VERTEX_POINT('',#7269);
#7272=VERTEX_POINT('',#7270);
#7273=CARTESIAN_POINT('',(-3.26E-2,-8.7E-2,-6.9E-2));
#7274=CARTESIAN_POINT('',(-3.26E-2,-7.2E-2,-6.9E-2));
#7275=VERTEX_POINT('',#7273);
#7276=VERTEX_POINT('',#7274);
#7277=CARTESIAN_POINT('',(3.24E-2,-8.7E-2,-6.9E-2));
#7278=CARTESIAN_POINT('',(3.24E-2,-7.2E-2,-6.9E-2));
#7279=VERTEX_POINT('',#7277);
#7280=VERTEX_POINT('',#7278);
#7281=CARTESIAN_POINT('',(-2.66E-2,-7.2E-2,-5.1E-2));
#7282=CARTESIAN_POINT('',(-3.26E-2,-7.2E-2,-5.1E-2));
#7283=VERTEX_POINT('',#7281);
#7284=VERTEX_POINT('',#7282);
#7285=CARTESIAN_POINT('',(-3.26E-2,-7.2E-2,5.1E-2));
#7286=VERTEX_POINT('',#7285);
#7287=CARTESIAN_POINT('',(-2.66E-2,-7.2E-2,5.1E-2));
#7288=VERTEX_POINT('',#7287);
#7289=CARTESIAN_POINT('',(3.24E-2,-7.2E-2,-5.1E-2));
#7290=VERTEX_POINT('',#7289);
#7291=CARTESIAN_POINT('',(2.64E-2,-7.2E-2,-5.1E-2));
#7292=VERTEX_POINT('',#7291);
#7293=CARTESIAN_POINT('',(2.64E-2,-7.2E-2,5.1E-2));
#7294=CARTESIAN_POINT('',(3.24E-2,-7.2E-2,5.1E-2));
#7295=VERTEX_POINT('',#7293);
#7296=VERTEX_POINT('',#7294);
#7297=CARTESIAN_POINT('',(4.61E-2,-7.2E-2,6.9E-2));
#7298=CARTESIAN_POINT('',(4.61E-2,-8.7E-2,6.9E-2));
#7299=VERTEX_POINT('',#7297);
#7300=VERTEX_POINT('',#7298);
#7301=CARTESIAN_POINT('',(1.111E-1,-7.2E-2,6.9E-2));
#7302=CARTESIAN_POINT('',(1.111E-1,-8.7E-2,6.9E-2));
#7303=VERTEX_POINT('',#7301);
#7304=VERTEX_POINT('',#7302);
#7305=CARTESIAN_POINT('',(4.61E-2,-8.7E-2,-6.9E-2));
#7306=CARTESIAN_POINT('',(4.61E-2,-7.2E-2,-6.9E-2));
#7307=VERTEX_POINT('',#7305);
#7308=VERTEX_POINT('',#7306);
#7309=CARTESIAN_POINT('',(1.111E-1,-8.7E-2,-6.9E-2));
#7310=CARTESIAN_POINT('',(1.111E-1,-7.2E-2,-6.9E-2));
#7311=VERTEX_POINT('',#7309);
#7312=VERTEX_POINT('',#7310);
#7313=CARTESIAN_POINT('',(5.21E-2,-7.2E-2,-5.1E-2));
#7314=CARTESIAN_POINT('',(4.61E-2,-7.2E-2,-5.1E-2));
#7315=VERTEX_POINT('',#7313);
#7316=VERTEX_POINT('',#7314);
#7317=CARTESIAN_POINT('',(4.61E-2,-7.2E-2,5.1E-2));
#7318=VERTEX_POINT('',#7317);
#7319=CARTESIAN_POINT('',(5.21E-2,-7.2E-2,5.1E-2));
#7320=VERTEX_POINT('',#7319);
#7321=CARTESIAN_POINT('',(1.111E-1,-7.2E-2,-5.1E-2));
#7322=VERTEX_POINT('',#7321);
#7323=CARTESIAN_POINT('',(1.051E-1,-7.2E-2,-5.1E-2));
#7324=VERTEX_POINT('',#7323);
#7325=CARTESIAN_POINT('',(1.051E-1,-7.2E-2,5.1E-2));
#7326=CARTESIAN_POINT('',(1.111E-1,-7.2E-2,5.1E-2));
#7327=VERTEX_POINT('',#7325);
#7328=VERTEX_POINT('',#7326);
#7329=CARTESIAN_POINT('',(1.248E-1,-7.2E-2,6.9E-2));
#7330=CARTESIAN_POINT('',(1.248E-1,-8.7E-2,6.9E-2));
#7331=VERTEX_POINT('',#7329);
#7332=VERTEX_POINT('',#7330);
#7333=CARTESIAN_POINT('',(1.898E-1,-7.2E-2,6.9E-2));
#7334=CARTESIAN_POINT('',(1.898E-1,-8.7E-2,6.9E-2));
#7335=VERTEX_POINT('',#7333);
#7336=VERTEX_POINT('',#7334);
#7337=CARTESIAN_POINT('',(1.248E-1,-8.7E-2,-6.9E-2));
#7338=CARTESIAN_POINT('',(1.248E-1,-7.2E-2,-6.9E-2));
#7339=VERTEX_POINT('',#7337);
#7340=VERTEX_POINT('',#7338);
#7341=CARTESIAN_POINT('',(1.898E-1,-8.7E-2,-6.9E-2));
#7342=CARTESIAN_POINT('',(1.898E-1,-7.2E-2,-6.9E-2));
#7343=VERTEX_POINT('',#7341);
#7344=VERTEX_POINT('',#7342);
#7345=CARTESIAN_POINT('',(1.308E-1,-7.2E-2,-5.1E-2));
#7346=CARTESIAN_POINT('',(1.248E-1,-7.2E-2,-5.1E-2));
#7347=VERTEX_POINT('',#7345);
#7348=VERTEX_POINT('',#7346);
#7349=CARTESIAN_POINT('',(1.248E-1,-7.2E-2,5.1E-2));
#7350=VERTEX_POINT('',#7349);
#7351=CARTESIAN_POINT('',(1.308E-1,-7.2E-2,5.1E-2));
#7352=VERTEX_POINT('',#7351);
#7353=CARTESIAN_POINT('',(1.898E-1,-7.2E-2,-5.1E-2));
#7354=VERTEX_POINT('',#7353);
#7355=CARTESIAN_POINT('',(1.838E-1,-7.2E-2,-5.1E-2));
#7356=VERTEX_POINT('',#7355);
#7357=CARTESIAN_POINT('',(1.838E-1,-7.2E-2,5.1E-2));
#7358=CARTESIAN_POINT('',(1.898E-1,-7.2E-2,5.1E-2));
#7359=VERTEX_POINT('',#7357);
#7360=VERTEX_POINT('',#7358);
#7361=CARTESIAN_POINT('',(-1.053E-1,-8.1E-2,-4.95E-2));
#7362=CARTESIAN_POINT('',(-1.113E-1,-8.7E-2,-4.5E-2));
#7363=VERTEX_POINT('',#7361);
#7364=VERTEX_POINT('',#7362);
#7365=CARTESIAN_POINT('',(-1.053E-1,-8.1E-2,4.95E-2));
#7366=CARTESIAN_POINT('',(-1.113E-1,-8.7E-2,4.5E-2));
#7367=VERTEX_POINT('',#7365);
#7368=VERTEX_POINT('',#7366);
#7369=CARTESIAN_POINT('',(-4.63E-2,-8.7E-2,-4.5E-2));
#7370=CARTESIAN_POINT('',(-5.23E-2,-8.1E-2,-4.95E-2));
#7371=VERTEX_POINT('',#7369);
#7372=VERTEX_POINT('',#7370);
#7373=CARTESIAN_POINT('',(-5.23E-2,-8.1E-2,4.95E-2));
#7374=CARTESIAN_POINT('',(-4.63E-2,-8.7E-2,4.5E-2));
#7375=VERTEX_POINT('',#7373);
#7376=VERTEX_POINT('',#7374);
#7377=CARTESIAN_POINT('',(-1.053E-1,-7.9E-2,-5.1E-2));
#7378=CARTESIAN_POINT('',(-1.113E-1,-7.9E-2,-5.1E-2));
#7379=VERTEX_POINT('',#7377);
#7380=VERTEX_POINT('',#7378);
#7381=CARTESIAN_POINT('',(-1.113E-1,-7.9E-2,5.1E-2));
#7382=CARTESIAN_POINT('',(-1.053E-1,-7.9E-2,5.1E-2));
#7383=VERTEX_POINT('',#7381);
#7384=VERTEX_POINT('',#7382);
#7385=CARTESIAN_POINT('',(-4.63E-2,-7.9E-2,-5.1E-2));
#7386=CARTESIAN_POINT('',(-5.23E-2,-7.9E-2,-5.1E-2));
#7387=VERTEX_POINT('',#7385);
#7388=VERTEX_POINT('',#7386);
#7389=CARTESIAN_POINT('',(-5.23E-2,-7.9E-2,5.1E-2));
#7390=CARTESIAN_POINT('',(-4.63E-2,-7.9E-2,5.1E-2));
#7391=VERTEX_POINT('',#7389);
#7392=VERTEX_POINT('',#7390);
#7393=CARTESIAN_POINT('',(-2.66E-2,-8.1E-2,-4.95E-2));
#7394=CARTESIAN_POINT('',(-3.26E-2,-8.7E-2,-4.5E-2));
#7395=VERTEX_POINT('',#7393);
#7396=VERTEX_POINT('',#7394);
#7397=CARTESIAN_POINT('',(-2.66E-2,-8.1E-2,4.95E-2));
#7398=CARTESIAN_POINT('',(-3.26E-2,-8.7E-2,4.5E-2));
#7399=VERTEX_POINT('',#7397);
#7400=VERTEX_POINT('',#7398);
#7401=CARTESIAN_POINT('',(3.24E-2,-8.7E-2,-4.5E-2));
#7402=CARTESIAN_POINT('',(2.64E-2,-8.1E-2,-4.95E-2));
#7403=VERTEX_POINT('',#7401);
#7404=VERTEX_POINT('',#7402);
#7405=CARTESIAN_POINT('',(2.64E-2,-8.1E-2,4.95E-2));
#7406=CARTESIAN_POINT('',(3.24E-2,-8.7E-2,4.5E-2));
#7407=VERTEX_POINT('',#7405);
#7408=VERTEX_POINT('',#7406);
#7409=CARTESIAN_POINT('',(-2.66E-2,-7.9E-2,-5.1E-2));
#7410=CARTESIAN_POINT('',(-3.26E-2,-7.9E-2,-5.1E-2));
#7411=VERTEX_POINT('',#7409);
#7412=VERTEX_POINT('',#7410);
#7413=CARTESIAN_POINT('',(-3.26E-2,-7.9E-2,5.1E-2));
#7414=CARTESIAN_POINT('',(-2.66E-2,-7.9E-2,5.1E-2));
#7415=VERTEX_POINT('',#7413);
#7416=VERTEX_POINT('',#7414);
#7417=CARTESIAN_POINT('',(3.24E-2,-7.9E-2,-5.1E-2));
#7418=CARTESIAN_POINT('',(2.64E-2,-7.9E-2,-5.1E-2));
#7419=VERTEX_POINT('',#7417);
#7420=VERTEX_POINT('',#7418);
#7421=CARTESIAN_POINT('',(2.64E-2,-7.9E-2,5.1E-2));
#7422=CARTESIAN_POINT('',(3.24E-2,-7.9E-2,5.1E-2));
#7423=VERTEX_POINT('',#7421);
#7424=VERTEX_POINT('',#7422);
#7425=CARTESIAN_POINT('',(5.21E-2,-8.1E-2,-4.95E-2));
#7426=CARTESIAN_POINT('',(4.61E-2,-8.7E-2,-4.5E-2));
#7427=VERTEX_POINT('',#7425);
#7428=VERTEX_POINT('',#7426);
#7429=CARTESIAN_POINT('',(5.21E-2,-8.1E-2,4.95E-2));
#7430=CARTESIAN_POINT('',(4.61E-2,-8.7E-2,4.5E-2));
#7431=VERTEX_POINT('',#7429);
#7432=VERTEX_POINT('',#7430);
#7433=CARTESIAN_POINT('',(1.111E-1,-8.7E-2,-4.5E-2));
#7434=CARTESIAN_POINT('',(1.051E-1,-8.1E-2,-4.95E-2));
#7435=VERTEX_POINT('',#7433);
#7436=VERTEX_POINT('',#7434);
#7437=CARTESIAN_POINT('',(1.051E-1,-8.1E-2,4.95E-2));
#7438=CARTESIAN_POINT('',(1.111E-1,-8.7E-2,4.5E-2));
#7439=VERTEX_POINT('',#7437);
#7440=VERTEX_POINT('',#7438);
#7441=CARTESIAN_POINT('',(5.21E-2,-7.9E-2,-5.1E-2));
#7442=CARTESIAN_POINT('',(4.61E-2,-7.9E-2,-5.1E-2));
#7443=VERTEX_POINT('',#7441);
#7444=VERTEX_POINT('',#7442);
#7445=CARTESIAN_POINT('',(4.61E-2,-7.9E-2,5.1E-2));
#7446=CARTESIAN_POINT('',(5.21E-2,-7.9E-2,5.1E-2));
#7447=VERTEX_POINT('',#7445);
#7448=VERTEX_POINT('',#7446);
#7449=CARTESIAN_POINT('',(1.111E-1,-7.9E-2,-5.1E-2));
#7450=CARTESIAN_POINT('',(1.051E-1,-7.9E-2,-5.1E-2));
#7451=VERTEX_POINT('',#7449);
#7452=VERTEX_POINT('',#7450);
#7453=CARTESIAN_POINT('',(1.051E-1,-7.9E-2,5.1E-2));
#7454=CARTESIAN_POINT('',(1.111E-1,-7.9E-2,5.1E-2));
#7455=VERTEX_POINT('',#7453);
#7456=VERTEX_POINT('',#7454);
#7457=CARTESIAN_POINT('',(1.308E-1,-8.1E-2,-4.95E-2));
#7458=CARTESIAN_POINT('',(1.248E-1,-8.7E-2,-4.5E-2));
#7459=VERTEX_POINT('',#7457);
#7460=VERTEX_POINT('',#7458);
#7461=CARTESIAN_POINT('',(1.308E-1,-8.1E-2,4.95E-2));
#7462=CARTESIAN_POINT('',(1.248E-1,-8.7E-2,4.5E-2));
#7463=VERTEX_POINT('',#7461);
#7464=VERTEX_POINT('',#7462);
#7465=CARTESIAN_POINT('',(1.898E-1,-8.7E-2,-4.5E-2));
#7466=CARTESIAN_POINT('',(1.838E-1,-8.1E-2,-4.95E-2));
#7467=VERTEX_POINT('',#7465);
#7468=VERTEX_POINT('',#7466);
#7469=CARTESIAN_POINT('',(1.838E-1,-8.1E-2,4.95E-2));
#7470=CARTESIAN_POINT('',(1.898E-1,-8.7E-2,4.5E-2));
#7471=VERTEX_POINT('',#7469);
#7472=VERTEX_POINT('',#7470);
#7473=CARTESIAN_POINT('',(1.308E-1,-7.9E-2,-5.1E-2));
#7474=CARTESIAN_POINT('',(1.248E-1,-7.9E-2,-5.1E-2));
#7475=VERTEX_POINT('',#7473);
#7476=VERTEX_POINT('',#7474);
#7477=CARTESIAN_POINT('',(1.248E-1,-7.9E-2,5.1E-2));
#7478=CARTESIAN_POINT('',(1.308E-1,-7.9E-2,5.1E-2));
#7479=VERTEX_POINT('',#7477);
#7480=VERTEX_POINT('',#7478);
#7481=CARTESIAN_POINT('',(1.898E-1,-7.9E-2,-5.1E-2));
#7482=CARTESIAN_POINT('',(1.838E-1,-7.9E-2,-5.1E-2));
#7483=VERTEX_POINT('',#7481);
#7484=VERTEX_POINT('',#7482);
#7485=CARTESIAN_POINT('',(1.838E-1,-7.9E-2,5.1E-2));
#7486=CARTESIAN_POINT('',(1.898E-1,-7.9E-2,5.1E-2));
#7487=VERTEX_POINT('',#7485);
#7488=VERTEX_POINT('',#7486);
#7489=CARTESIAN_POINT('',(-6.98E-2,-8.3E-2,5.9E-2));
#7490=CARTESIAN_POINT('',(-6.98E-2,-9.5E-2,7.1E-2));
#7491=VERTEX_POINT('',#7489);
#7492=VERTEX_POINT('',#7490);
#7493=CARTESIAN_POINT('',(-6.98E-2,-9.5E-2,1.05E-1));
#7494=VERTEX_POINT('',#7493);
#7495=CARTESIAN_POINT('',(-6.98E-2,-8.9E-2,1.05E-1));
#7496=VERTEX_POINT('',#7495);
#7497=CARTESIAN_POINT('',(-6.98E-2,-8.9E-2,7.1E-2));
#7498=VERTEX_POINT('',#7497);
#7499=CARTESIAN_POINT('',(-6.98E-2,-8.3E-2,6.5E-2));
#7500=VERTEX_POINT('',#7499);
#7501=CARTESIAN_POINT('',(-8.78E-2,-8.3E-2,5.9E-2));
#7502=CARTESIAN_POINT('',(-8.78E-2,-9.5E-2,7.1E-2));
#7503=VERTEX_POINT('',#7501);
#7504=VERTEX_POINT('',#7502);
#7505=CARTESIAN_POINT('',(-8.78E-2,-9.5E-2,1.05E-1));
#7506=VERTEX_POINT('',#7505);
#7507=CARTESIAN_POINT('',(-8.78E-2,-8.9E-2,1.05E-1));
#7508=VERTEX_POINT('',#7507);
#7509=CARTESIAN_POINT('',(-8.78E-2,-8.9E-2,7.1E-2));
#7510=VERTEX_POINT('',#7509);
#7511=CARTESIAN_POINT('',(-8.78E-2,-8.3E-2,6.5E-2));
#7512=VERTEX_POINT('',#7511);
#7513=CARTESIAN_POINT('',(-6.98E-2,-7.2E-2,6.5E-2));
#7514=CARTESIAN_POINT('',(-6.98E-2,-7.2E-2,5.9E-2));
#7515=VERTEX_POINT('',#7513);
#7516=VERTEX_POINT('',#7514);
#7517=CARTESIAN_POINT('',(-8.78E-2,-7.2E-2,6.5E-2));
#7518=CARTESIAN_POINT('',(-8.78E-2,-7.2E-2,5.9E-2));
#7519=VERTEX_POINT('',#7517);
#7520=VERTEX_POINT('',#7518);
#7521=CARTESIAN_POINT('',(8.9E-3,-8.3E-2,5.9E-2));
#7522=CARTESIAN_POINT('',(8.9E-3,-9.5E-2,7.1E-2));
#7523=VERTEX_POINT('',#7521);
#7524=VERTEX_POINT('',#7522);
#7525=CARTESIAN_POINT('',(8.9E-3,-9.5E-2,1.05E-1));
#7526=VERTEX_POINT('',#7525);
#7527=CARTESIAN_POINT('',(8.9E-3,-8.9E-2,1.05E-1));
#7528=VERTEX_POINT('',#7527);
#7529=CARTESIAN_POINT('',(8.9E-3,-8.9E-2,7.1E-2));
#7530=VERTEX_POINT('',#7529);
#7531=CARTESIAN_POINT('',(8.9E-3,-8.3E-2,6.5E-2));
#7532=VERTEX_POINT('',#7531);
#7533=CARTESIAN_POINT('',(-9.1E-3,-8.3E-2,5.9E-2));
#7534=CARTESIAN_POINT('',(-9.1E-3,-9.5E-2,7.1E-2));
#7535=VERTEX_POINT('',#7533);
#7536=VERTEX_POINT('',#7534);
#7537=CARTESIAN_POINT('',(-9.1E-3,-9.5E-2,1.05E-1));
#7538=VERTEX_POINT('',#7537);
#7539=CARTESIAN_POINT('',(-9.1E-3,-8.9E-2,1.05E-1));
#7540=VERTEX_POINT('',#7539);
#7541=CARTESIAN_POINT('',(-9.1E-3,-8.9E-2,7.1E-2));
#7542=VERTEX_POINT('',#7541);
#7543=CARTESIAN_POINT('',(-9.1E-3,-8.3E-2,6.5E-2));
#7544=VERTEX_POINT('',#7543);
#7545=CARTESIAN_POINT('',(8.9E-3,-7.2E-2,6.5E-2));
#7546=CARTESIAN_POINT('',(8.9E-3,-7.2E-2,5.9E-2));
#7547=VERTEX_POINT('',#7545);
#7548=VERTEX_POINT('',#7546);
#7549=CARTESIAN_POINT('',(-9.1E-3,-7.2E-2,6.5E-2));
#7550=CARTESIAN_POINT('',(-9.1E-3,-7.2E-2,5.9E-2));
#7551=VERTEX_POINT('',#7549);
#7552=VERTEX_POINT('',#7550);
#7553=CARTESIAN_POINT('',(8.76E-2,-8.3E-2,5.9E-2));
#7554=CARTESIAN_POINT('',(8.76E-2,-9.5E-2,7.1E-2));
#7555=VERTEX_POINT('',#7553);
#7556=VERTEX_POINT('',#7554);
#7557=CARTESIAN_POINT('',(8.76E-2,-9.5E-2,1.05E-1));
#7558=VERTEX_POINT('',#7557);
#7559=CARTESIAN_POINT('',(8.76E-2,-8.9E-2,1.05E-1));
#7560=VERTEX_POINT('',#7559);
#7561=CARTESIAN_POINT('',(8.76E-2,-8.9E-2,7.1E-2));
#7562=VERTEX_POINT('',#7561);
#7563=CARTESIAN_POINT('',(8.76E-2,-8.3E-2,6.5E-2));
#7564=VERTEX_POINT('',#7563);
#7565=CARTESIAN_POINT('',(6.96E-2,-8.3E-2,5.9E-2));
#7566=CARTESIAN_POINT('',(6.96E-2,-9.5E-2,7.1E-2));
#7567=VERTEX_POINT('',#7565);
#7568=VERTEX_POINT('',#7566);
#7569=CARTESIAN_POINT('',(6.96E-2,-9.5E-2,1.05E-1));
#7570=VERTEX_POINT('',#7569);
#7571=CARTESIAN_POINT('',(6.96E-2,-8.9E-2,1.05E-1));
#7572=VERTEX_POINT('',#7571);
#7573=CARTESIAN_POINT('',(6.96E-2,-8.9E-2,7.1E-2));
#7574=VERTEX_POINT('',#7573);
#7575=CARTESIAN_POINT('',(6.96E-2,-8.3E-2,6.5E-2));
#7576=VERTEX_POINT('',#7575);
#7577=CARTESIAN_POINT('',(8.76E-2,-7.2E-2,6.5E-2));
#7578=CARTESIAN_POINT('',(8.76E-2,-7.2E-2,5.9E-2));
#7579=VERTEX_POINT('',#7577);
#7580=VERTEX_POINT('',#7578);
#7581=CARTESIAN_POINT('',(6.96E-2,-7.2E-2,6.5E-2));
#7582=CARTESIAN_POINT('',(6.96E-2,-7.2E-2,5.9E-2));
#7583=VERTEX_POINT('',#7581);
#7584=VERTEX_POINT('',#7582);
#7585=CARTESIAN_POINT('',(1.663E-1,-8.3E-2,5.9E-2));
#7586=CARTESIAN_POINT('',(1.663E-1,-9.5E-2,7.1E-2));
#7587=VERTEX_POINT('',#7585);
#7588=VERTEX_POINT('',#7586);
#7589=CARTESIAN_POINT('',(1.663E-1,-9.5E-2,1.05E-1));
#7590=VERTEX_POINT('',#7589);
#7591=CARTESIAN_POINT('',(1.663E-1,-8.9E-2,1.05E-1));
#7592=VERTEX_POINT('',#7591);
#7593=CARTESIAN_POINT('',(1.663E-1,-8.9E-2,7.1E-2));
#7594=VERTEX_POINT('',#7593);
#7595=CARTESIAN_POINT('',(1.663E-1,-8.3E-2,6.5E-2));
#7596=VERTEX_POINT('',#7595);
#7597=CARTESIAN_POINT('',(1.483E-1,-8.3E-2,5.9E-2));
#7598=CARTESIAN_POINT('',(1.483E-1,-9.5E-2,7.1E-2));
#7599=VERTEX_POINT('',#7597);
#7600=VERTEX_POINT('',#7598);
#7601=CARTESIAN_POINT('',(1.483E-1,-9.5E-2,1.05E-1));
#7602=VERTEX_POINT('',#7601);
#7603=CARTESIAN_POINT('',(1.483E-1,-8.9E-2,1.05E-1));
#7604=VERTEX_POINT('',#7603);
#7605=CARTESIAN_POINT('',(1.483E-1,-8.9E-2,7.1E-2));
#7606=VERTEX_POINT('',#7605);
#7607=CARTESIAN_POINT('',(1.483E-1,-8.3E-2,6.5E-2));
#7608=VERTEX_POINT('',#7607);
#7609=CARTESIAN_POINT('',(1.663E-1,-7.2E-2,6.5E-2));
#7610=CARTESIAN_POINT('',(1.663E-1,-7.2E-2,5.9E-2));
#7611=VERTEX_POINT('',#7609);
#7612=VERTEX_POINT('',#7610);
#7613=CARTESIAN_POINT('',(1.483E-1,-7.2E-2,6.5E-2));
#7614=CARTESIAN_POINT('',(1.483E-1,-7.2E-2,5.9E-2));
#7615=VERTEX_POINT('',#7613);
#7616=VERTEX_POINT('',#7614);
#7617=CARTESIAN_POINT('',(-6.98E-2,-8.3E-2,-6.5E-2));
#7618=CARTESIAN_POINT('',(-6.98E-2,-8.9E-2,-7.1E-2));
#7619=VERTEX_POINT('',#7617);
#7620=VERTEX_POINT('',#7618);
#7621=CARTESIAN_POINT('',(-6.98E-2,-8.9E-2,-1.05E-1));
#7622=VERTEX_POINT('',#7621);
#7623=CARTESIAN_POINT('',(-6.98E-2,-9.5E-2,-1.05E-1));
#7624=VERTEX_POINT('',#7623);
#7625=CARTESIAN_POINT('',(-6.98E-2,-9.5E-2,-7.1E-2));
#7626=VERTEX_POINT('',#7625);
#7627=CARTESIAN_POINT('',(-6.98E-2,-8.3E-2,-5.9E-2));
#7628=VERTEX_POINT('',#7627);
#7629=CARTESIAN_POINT('',(-8.78E-2,-8.3E-2,-6.5E-2));
#7630=CARTESIAN_POINT('',(-8.78E-2,-8.9E-2,-7.1E-2));
#7631=VERTEX_POINT('',#7629);
#7632=VERTEX_POINT('',#7630);
#7633=CARTESIAN_POINT('',(-8.78E-2,-8.9E-2,-1.05E-1));
#7634=VERTEX_POINT('',#7633);
#7635=CARTESIAN_POINT('',(-8.78E-2,-9.5E-2,-1.05E-1));
#7636=VERTEX_POINT('',#7635);
#7637=CARTESIAN_POINT('',(-8.78E-2,-9.5E-2,-7.1E-2));
#7638=VERTEX_POINT('',#7637);
#7639=CARTESIAN_POINT('',(-8.78E-2,-8.3E-2,-5.9E-2));
#7640=VERTEX_POINT('',#7639);
#7641=CARTESIAN_POINT('',(-6.98E-2,-7.2E-2,-6.5E-2));
#7642=CARTESIAN_POINT('',(-6.98E-2,-7.2E-2,-5.9E-2));
#7643=VERTEX_POINT('',#7641);
#7644=VERTEX_POINT('',#7642);
#7645=CARTESIAN_POINT('',(-8.78E-2,-7.2E-2,-6.5E-2));
#7646=CARTESIAN_POINT('',(-8.78E-2,-7.2E-2,-5.9E-2));
#7647=VERTEX_POINT('',#7645);
#7648=VERTEX_POINT('',#7646);
#7649=CARTESIAN_POINT('',(8.9E-3,-8.3E-2,-6.5E-2));
#7650=CARTESIAN_POINT('',(8.9E-3,-8.9E-2,-7.1E-2));
#7651=VERTEX_POINT('',#7649);
#7652=VERTEX_POINT('',#7650);
#7653=CARTESIAN_POINT('',(8.9E-3,-8.9E-2,-1.05E-1));
#7654=VERTEX_POINT('',#7653);
#7655=CARTESIAN_POINT('',(8.9E-3,-9.5E-2,-1.05E-1));
#7656=VERTEX_POINT('',#7655);
#7657=CARTESIAN_POINT('',(8.9E-3,-9.5E-2,-7.1E-2));
#7658=VERTEX_POINT('',#7657);
#7659=CARTESIAN_POINT('',(8.9E-3,-8.3E-2,-5.9E-2));
#7660=VERTEX_POINT('',#7659);
#7661=CARTESIAN_POINT('',(-9.1E-3,-8.3E-2,-6.5E-2));
#7662=CARTESIAN_POINT('',(-9.1E-3,-8.9E-2,-7.1E-2));
#7663=VERTEX_POINT('',#7661);
#7664=VERTEX_POINT('',#7662);
#7665=CARTESIAN_POINT('',(-9.1E-3,-8.9E-2,-1.05E-1));
#7666=VERTEX_POINT('',#7665);
#7667=CARTESIAN_POINT('',(-9.1E-3,-9.5E-2,-1.05E-1));
#7668=VERTEX_POINT('',#7667);
#7669=CARTESIAN_POINT('',(-9.1E-3,-9.5E-2,-7.1E-2));
#7670=VERTEX_POINT('',#7669);
#7671=CARTESIAN_POINT('',(-9.1E-3,-8.3E-2,-5.9E-2));
#7672=VERTEX_POINT('',#7671);
#7673=CARTESIAN_POINT('',(8.9E-3,-7.2E-2,-6.5E-2));
#7674=CARTESIAN_POINT('',(8.9E-3,-7.2E-2,-5.9E-2));
#7675=VERTEX_POINT('',#7673);
#7676=VERTEX_POINT('',#7674);
#7677=CARTESIAN_POINT('',(-9.1E-3,-7.2E-2,-6.5E-2));
#7678=CARTESIAN_POINT('',(-9.1E-3,-7.2E-2,-5.9E-2));
#7679=VERTEX_POINT('',#7677);
#7680=VERTEX_POINT('',#7678);
#7681=CARTESIAN_POINT('',(8.76E-2,-8.3E-2,-6.5E-2));
#7682=CARTESIAN_POINT('',(8.76E-2,-8.9E-2,-7.1E-2));
#7683=VERTEX_POINT('',#7681);
#7684=VERTEX_POINT('',#7682);
#7685=CARTESIAN_POINT('',(8.76E-2,-8.9E-2,-1.05E-1));
#7686=VERTEX_POINT('',#7685);
#7687=CARTESIAN_POINT('',(8.76E-2,-9.5E-2,-1.05E-1));
#7688=VERTEX_POINT('',#7687);
#7689=CARTESIAN_POINT('',(8.76E-2,-9.5E-2,-7.1E-2));
#7690=VERTEX_POINT('',#7689);
#7691=CARTESIAN_POINT('',(8.76E-2,-8.3E-2,-5.9E-2));
#7692=VERTEX_POINT('',#7691);
#7693=CARTESIAN_POINT('',(6.96E-2,-8.3E-2,-6.5E-2));
#7694=CARTESIAN_POINT('',(6.96E-2,-8.9E-2,-7.1E-2));
#7695=VERTEX_POINT('',#7693);
#7696=VERTEX_POINT('',#7694);
#7697=CARTESIAN_POINT('',(6.96E-2,-8.9E-2,-1.05E-1));
#7698=VERTEX_POINT('',#7697);
#7699=CARTESIAN_POINT('',(6.96E-2,-9.5E-2,-1.05E-1));
#7700=VERTEX_POINT('',#7699);
#7701=CARTESIAN_POINT('',(6.96E-2,-9.5E-2,-7.1E-2));
#7702=VERTEX_POINT('',#7701);
#7703=CARTESIAN_POINT('',(6.96E-2,-8.3E-2,-5.9E-2));
#7704=VERTEX_POINT('',#7703);
#7705=CARTESIAN_POINT('',(8.76E-2,-7.2E-2,-6.5E-2));
#7706=CARTESIAN_POINT('',(8.76E-2,-7.2E-2,-5.9E-2));
#7707=VERTEX_POINT('',#7705);
#7708=VERTEX_POINT('',#7706);
#7709=CARTESIAN_POINT('',(6.96E-2,-7.2E-2,-6.5E-2));
#7710=CARTESIAN_POINT('',(6.96E-2,-7.2E-2,-5.9E-2));
#7711=VERTEX_POINT('',#7709);
#7712=VERTEX_POINT('',#7710);
#7713=CARTESIAN_POINT('',(1.663E-1,-8.3E-2,-6.5E-2));
#7714=CARTESIAN_POINT('',(1.663E-1,-8.9E-2,-7.1E-2));
#7715=VERTEX_POINT('',#7713);
#7716=VERTEX_POINT('',#7714);
#7717=CARTESIAN_POINT('',(1.663E-1,-8.9E-2,-1.05E-1));
#7718=VERTEX_POINT('',#7717);
#7719=CARTESIAN_POINT('',(1.663E-1,-9.5E-2,-1.05E-1));
#7720=VERTEX_POINT('',#7719);
#7721=CARTESIAN_POINT('',(1.663E-1,-9.5E-2,-7.1E-2));
#7722=VERTEX_POINT('',#7721);
#7723=CARTESIAN_POINT('',(1.663E-1,-8.3E-2,-5.9E-2));
#7724=VERTEX_POINT('',#7723);
#7725=CARTESIAN_POINT('',(1.483E-1,-8.3E-2,-6.5E-2));
#7726=CARTESIAN_POINT('',(1.483E-1,-8.9E-2,-7.1E-2));
#7727=VERTEX_POINT('',#7725);
#7728=VERTEX_POINT('',#7726);
#7729=CARTESIAN_POINT('',(1.483E-1,-8.9E-2,-1.05E-1));
#7730=VERTEX_POINT('',#7729);
#7731=CARTESIAN_POINT('',(1.483E-1,-9.5E-2,-1.05E-1));
#7732=VERTEX_POINT('',#7731);
#7733=CARTESIAN_POINT('',(1.483E-1,-9.5E-2,-7.1E-2));
#7734=VERTEX_POINT('',#7733);
#7735=CARTESIAN_POINT('',(1.483E-1,-8.3E-2,-5.9E-2));
#7736=VERTEX_POINT('',#7735);
#7737=CARTESIAN_POINT('',(1.663E-1,-7.2E-2,-6.5E-2));
#7738=CARTESIAN_POINT('',(1.663E-1,-7.2E-2,-5.9E-2));
#7739=VERTEX_POINT('',#7737);
#7740=VERTEX_POINT('',#7738);
#7741=CARTESIAN_POINT('',(1.483E-1,-7.2E-2,-6.5E-2));
#7742=CARTESIAN_POINT('',(1.483E-1,-7.2E-2,-5.9E-2));
#7743=VERTEX_POINT('',#7741);
#7744=VERTEX_POINT('',#7742);
#7745=CARTESIAN_POINT('',(-1.84E-1,-7.2E-2,1.8E-2));
#7746=CARTESIAN_POINT('',(-1.84E-1,-7.2E-2,-1.8E-2));
#7747=VERTEX_POINT('',#7745);
#7748=VERTEX_POINT('',#7746);
#7749=CARTESIAN_POINT('',(-1.31E-1,-7.2E-2,1.8E-2));
#7750=CARTESIAN_POINT('',(-1.31E-1,-7.2E-2,-1.8E-2));
#7751=VERTEX_POINT('',#7749);
#7752=VERTEX_POINT('',#7750);
#7753=CARTESIAN_POINT('',(-1.053E-1,-7.2E-2,1.8E-2));
#7754=CARTESIAN_POINT('',(-1.053E-1,-7.2E-2,-1.8E-2));
#7755=VERTEX_POINT('',#7753);
#7756=VERTEX_POINT('',#7754);
#7757=CARTESIAN_POINT('',(-2.66E-2,-7.2E-2,1.8E-2));
#7758=CARTESIAN_POINT('',(-2.66E-2,-7.2E-2,-1.8E-2));
#7759=VERTEX_POINT('',#7757);
#7760=VERTEX_POINT('',#7758);
#7761=CARTESIAN_POINT('',(5.21E-2,-7.2E-2,1.8E-2));
#7762=CARTESIAN_POINT('',(5.21E-2,-7.2E-2,-1.8E-2));
#7763=VERTEX_POINT('',#7761);
#7764=VERTEX_POINT('',#7762);
#7765=CARTESIAN_POINT('',(1.308E-1,-7.2E-2,1.8E-2));
#7766=CARTESIAN_POINT('',(1.308E-1,-7.2E-2,-1.8E-2));
#7767=VERTEX_POINT('',#7765);
#7768=VERTEX_POINT('',#7766);
#7769=CARTESIAN_POINT('',(-5.23E-2,-7.2E-2,1.8E-2));
#7770=CARTESIAN_POINT('',(-5.23E-2,-7.2E-2,-1.8E-2));
#7771=VERTEX_POINT('',#7769);
#7772=VERTEX_POINT('',#7770);
#7773=CARTESIAN_POINT('',(2.64E-2,-7.2E-2,1.8E-2));
#7774=CARTESIAN_POINT('',(2.64E-2,-7.2E-2,-1.8E-2));
#7775=VERTEX_POINT('',#7773);
#7776=VERTEX_POINT('',#7774);
#7777=CARTESIAN_POINT('',(1.051E-1,-7.2E-2,1.8E-2));
#7778=CARTESIAN_POINT('',(1.051E-1,-7.2E-2,-1.8E-2));
#7779=VERTEX_POINT('',#7777);
#7780=VERTEX_POINT('',#7778);
#7781=CARTESIAN_POINT('',(1.838E-1,-7.2E-2,1.8E-2));
#7782=CARTESIAN_POINT('',(1.838E-1,-7.2E-2,-1.8E-2));
#7783=VERTEX_POINT('',#7781);
#7784=VERTEX_POINT('',#7782);
#7785=CARTESIAN_POINT('',(-1.31E-1,-7.2E-2,6.5E-2));
#7786=VERTEX_POINT('',#7785);
#7787=CARTESIAN_POINT('',(-1.31E-1,-7.2E-2,-6.5E-2));
#7788=VERTEX_POINT('',#7787);
#7789=CARTESIAN_POINT('',(-1.84E-1,-7.2E-2,6.5E-2));
#7790=VERTEX_POINT('',#7789);
#7791=CARTESIAN_POINT('',(-1.84E-1,-7.2E-2,-6.5E-2));
#7792=VERTEX_POINT('',#7791);
#7793=CARTESIAN_POINT('',(-1.053E-1,-7.2E-2,-6.5E-2));
#7794=VERTEX_POINT('',#7793);
#7795=CARTESIAN_POINT('',(-1.053E-1,-7.2E-2,6.5E-2));
#7796=VERTEX_POINT('',#7795);
#7797=CARTESIAN_POINT('',(-5.23E-2,-7.2E-2,-6.5E-2));
#7798=VERTEX_POINT('',#7797);
#7799=CARTESIAN_POINT('',(-5.23E-2,-7.2E-2,6.5E-2));
#7800=VERTEX_POINT('',#7799);
#7801=CARTESIAN_POINT('',(-2.66E-2,-7.2E-2,-6.5E-2));
#7802=VERTEX_POINT('',#7801);
#7803=CARTESIAN_POINT('',(-2.66E-2,-7.2E-2,6.5E-2));
#7804=VERTEX_POINT('',#7803);
#7805=CARTESIAN_POINT('',(2.64E-2,-7.2E-2,-6.5E-2));
#7806=VERTEX_POINT('',#7805);
#7807=CARTESIAN_POINT('',(2.64E-2,-7.2E-2,6.5E-2));
#7808=VERTEX_POINT('',#7807);
#7809=CARTESIAN_POINT('',(5.21E-2,-7.2E-2,-6.5E-2));
#7810=VERTEX_POINT('',#7809);
#7811=CARTESIAN_POINT('',(5.21E-2,-7.2E-2,6.5E-2));
#7812=VERTEX_POINT('',#7811);
#7813=CARTESIAN_POINT('',(1.051E-1,-7.2E-2,-6.5E-2));
#7814=VERTEX_POINT('',#7813);
#7815=CARTESIAN_POINT('',(1.051E-1,-7.2E-2,6.5E-2));
#7816=VERTEX_POINT('',#7815);
#7817=CARTESIAN_POINT('',(1.308E-1,-7.2E-2,-6.5E-2));
#7818=VERTEX_POINT('',#7817);
#7819=CARTESIAN_POINT('',(1.308E-1,-7.2E-2,6.5E-2));
#7820=VERTEX_POINT('',#7819);
#7821=CARTESIAN_POINT('',(1.838E-1,-7.2E-2,-6.5E-2));
#7822=VERTEX_POINT('',#7821);
#7823=CARTESIAN_POINT('',(1.838E-1,-7.2E-2,6.5E-2));
#7824=VERTEX_POINT('',#7823);
#7825=CARTESIAN_POINT('',(-1.018E-1,8.8E-2,-6.235E-2));
#7826=CARTESIAN_POINT('',(-1.018E-1,8.8E-2,-1.635E-2));
#7827=VERTEX_POINT('',#7825);
#7828=VERTEX_POINT('',#7826);
#7829=CARTESIAN_POINT('',(1.016E-1,8.8E-2,-1.635E-2));
#7830=CARTESIAN_POINT('',(1.016E-1,8.8E-2,-6.235E-2));
#7831=VERTEX_POINT('',#7829);
#7832=VERTEX_POINT('',#7830);
#7833=CARTESIAN_POINT('',(1.443E-1,7.8E-2,-5.235E-2));
#7834=CARTESIAN_POINT('',(1.443E-1,7.8E-2,-2.635E-2));
#7835=VERTEX_POINT('',#7833);
#7836=VERTEX_POINT('',#7834);
#7837=CARTESIAN_POINT('',(1.703E-1,7.8E-2,-2.635E-2));
#7838=VERTEX_POINT('',#7837);
#7839=CARTESIAN_POINT('',(1.703E-1,7.8E-2,-5.235E-2));
#7840=VERTEX_POINT('',#7839);
#7841=CARTESIAN_POINT('',(1.343E-1,8.8E-2,-6.235E-2));
#7842=CARTESIAN_POINT('',(1.343E-1,8.8E-2,-1.635E-2));
#7843=VERTEX_POINT('',#7841);
#7844=VERTEX_POINT('',#7842);
#7845=CARTESIAN_POINT('',(1.803E-1,8.8E-2,-1.635E-2));
#7846=VERTEX_POINT('',#7845);
#7847=CARTESIAN_POINT('',(1.803E-1,8.8E-2,-6.235E-2));
#7848=VERTEX_POINT('',#7847);
#7849=CARTESIAN_POINT('',(-5.230000000001E-2,6.8E-2,1.8E-2));
#7850=CARTESIAN_POINT('',(-5.230000000001E-2,6.8E-2,6.5E-2));
#7851=VERTEX_POINT('',#7849);
#7852=VERTEX_POINT('',#7850);
#7853=CARTESIAN_POINT('',(-5.230000000001E-2,6.8E-2,-6.5E-2));
#7854=CARTESIAN_POINT('',(-5.230000000001E-2,6.8E-2,-1.8E-2));
#7855=VERTEX_POINT('',#7853);
#7856=VERTEX_POINT('',#7854);
#7857=CARTESIAN_POINT('',(-1.053E-1,6.8E-2,1.8E-2));
#7858=CARTESIAN_POINT('',(-1.053E-1,6.8E-2,6.5E-2));
#7859=VERTEX_POINT('',#7857);
#7860=VERTEX_POINT('',#7858);
#7861=CARTESIAN_POINT('',(-1.053E-1,6.8E-2,-6.5E-2));
#7862=CARTESIAN_POINT('',(-1.053E-1,6.8E-2,-1.8E-2));
#7863=VERTEX_POINT('',#7861);
#7864=VERTEX_POINT('',#7862);
#7865=CARTESIAN_POINT('',(-9.180000000001E-2,6.8E-2,-5.235E-2));
#7866=CARTESIAN_POINT('',(-9.180000000001E-2,6.8E-2,-2.635E-2));
#7867=VERTEX_POINT('',#7865);
#7868=VERTEX_POINT('',#7866);
#7869=CARTESIAN_POINT('',(-6.579999999999E-2,6.8E-2,-2.635E-2));
#7870=VERTEX_POINT('',#7869);
#7871=CARTESIAN_POINT('',(-6.579999999999E-2,6.8E-2,-5.235E-2));
#7872=VERTEX_POINT('',#7871);
#7873=CARTESIAN_POINT('',(2.639999999999E-2,6.8E-2,1.8E-2));
#7874=CARTESIAN_POINT('',(2.639999999999E-2,6.8E-2,6.5E-2));
#7875=VERTEX_POINT('',#7873);
#7876=VERTEX_POINT('',#7874);
#7877=CARTESIAN_POINT('',(2.639999999999E-2,6.8E-2,-6.5E-2));
#7878=CARTESIAN_POINT('',(2.639999999999E-2,6.8E-2,-1.8E-2));
#7879=VERTEX_POINT('',#7877);
#7880=VERTEX_POINT('',#7878);
#7881=CARTESIAN_POINT('',(-2.660000000001E-2,6.8E-2,1.8E-2));
#7882=CARTESIAN_POINT('',(-2.660000000001E-2,6.8E-2,6.5E-2));
#7883=VERTEX_POINT('',#7881);
#7884=VERTEX_POINT('',#7882);
#7885=CARTESIAN_POINT('',(-2.660000000001E-2,6.8E-2,-6.5E-2));
#7886=CARTESIAN_POINT('',(-2.660000000001E-2,6.8E-2,-1.8E-2));
#7887=VERTEX_POINT('',#7885);
#7888=VERTEX_POINT('',#7886);
#7889=CARTESIAN_POINT('',(-1.310000000001E-2,6.8E-2,-5.235E-2));
#7890=CARTESIAN_POINT('',(-1.310000000001E-2,6.8E-2,-2.635E-2));
#7891=VERTEX_POINT('',#7889);
#7892=VERTEX_POINT('',#7890);
#7893=CARTESIAN_POINT('',(1.290000000001E-2,6.8E-2,-2.635E-2));
#7894=VERTEX_POINT('',#7893);
#7895=CARTESIAN_POINT('',(1.290000000001E-2,6.8E-2,-5.235E-2));
#7896=VERTEX_POINT('',#7895);
#7897=CARTESIAN_POINT('',(1.051E-1,6.8E-2,1.8E-2));
#7898=CARTESIAN_POINT('',(1.051E-1,6.8E-2,6.5E-2));
#7899=VERTEX_POINT('',#7897);
#7900=VERTEX_POINT('',#7898);
#7901=CARTESIAN_POINT('',(1.051E-1,6.8E-2,-6.5E-2));
#7902=CARTESIAN_POINT('',(1.051E-1,6.8E-2,-1.8E-2));
#7903=VERTEX_POINT('',#7901);
#7904=VERTEX_POINT('',#7902);
#7905=CARTESIAN_POINT('',(5.209999999999E-2,6.8E-2,1.8E-2));
#7906=CARTESIAN_POINT('',(5.209999999999E-2,6.8E-2,6.5E-2));
#7907=VERTEX_POINT('',#7905);
#7908=VERTEX_POINT('',#7906);
#7909=CARTESIAN_POINT('',(5.209999999999E-2,6.8E-2,-6.5E-2));
#7910=CARTESIAN_POINT('',(5.209999999999E-2,6.8E-2,-1.8E-2));
#7911=VERTEX_POINT('',#7909);
#7912=VERTEX_POINT('',#7910);
#7913=CARTESIAN_POINT('',(6.559999999999E-2,6.8E-2,-5.235E-2));
#7914=CARTESIAN_POINT('',(6.559999999999E-2,6.8E-2,-2.635E-2));
#7915=VERTEX_POINT('',#7913);
#7916=VERTEX_POINT('',#7914);
#7917=CARTESIAN_POINT('',(9.160000000001E-2,6.8E-2,-2.635E-2));
#7918=VERTEX_POINT('',#7917);
#7919=CARTESIAN_POINT('',(9.160000000001E-2,6.8E-2,-5.235E-2));
#7920=VERTEX_POINT('',#7919);
#7921=CARTESIAN_POINT('',(1.838E-1,6.8E-2,1.8E-2));
#7922=CARTESIAN_POINT('',(1.838E-1,6.8E-2,6.5E-2));
#7923=VERTEX_POINT('',#7921);
#7924=VERTEX_POINT('',#7922);
#7925=CARTESIAN_POINT('',(1.838E-1,6.8E-2,-6.5E-2));
#7926=CARTESIAN_POINT('',(1.838E-1,6.8E-2,-1.8E-2));
#7927=VERTEX_POINT('',#7925);
#7928=VERTEX_POINT('',#7926);
#7929=CARTESIAN_POINT('',(1.308E-1,6.8E-2,1.8E-2));
#7930=CARTESIAN_POINT('',(1.308E-1,6.8E-2,6.5E-2));
#7931=VERTEX_POINT('',#7929);
#7932=VERTEX_POINT('',#7930);
#7933=CARTESIAN_POINT('',(1.308E-1,6.8E-2,-6.5E-2));
#7934=CARTESIAN_POINT('',(1.308E-1,6.8E-2,-1.8E-2));
#7935=VERTEX_POINT('',#7933);
#7936=VERTEX_POINT('',#7934);
#7937=CARTESIAN_POINT('',(1.443E-1,6.8E-2,-5.235E-2));
#7938=CARTESIAN_POINT('',(1.443E-1,6.8E-2,-2.635E-2));
#7939=VERTEX_POINT('',#7937);
#7940=VERTEX_POINT('',#7938);
#7941=CARTESIAN_POINT('',(1.703E-1,6.8E-2,-2.635E-2));
#7942=VERTEX_POINT('',#7941);
#7943=CARTESIAN_POINT('',(1.703E-1,6.8E-2,-5.235E-2));
#7944=VERTEX_POINT('',#7943);
#7945=CARTESIAN_POINT('',(-5.680000000001E-2,-7.2E-2,6.5E-2));
#7946=CARTESIAN_POINT('',(-5.680000000001E-2,6.6E-2,6.5E-2));
#7947=VERTEX_POINT('',#7945);
#7948=VERTEX_POINT('',#7946);
#7949=CARTESIAN_POINT('',(-1.008E-1,-7.2E-2,6.5E-2));
#7950=CARTESIAN_POINT('',(-1.008E-1,6.6E-2,6.5E-2));
#7951=VERTEX_POINT('',#7949);
#7952=VERTEX_POINT('',#7950);
#7953=CARTESIAN_POINT('',(-5.680000000001E-2,-7.2E-2,-6.5E-2));
#7954=CARTESIAN_POINT('',(-5.680000000001E-2,6.6E-2,-6.5E-2));
#7955=VERTEX_POINT('',#7953);
#7956=VERTEX_POINT('',#7954);
#7957=CARTESIAN_POINT('',(-1.008E-1,-7.2E-2,-6.5E-2));
#7958=CARTESIAN_POINT('',(-1.008E-1,6.6E-2,-6.5E-2));
#7959=VERTEX_POINT('',#7957);
#7960=VERTEX_POINT('',#7958);
#7961=CARTESIAN_POINT('',(-5.680000000001E-2,6.6E-2,-5.9E-2));
#7962=VERTEX_POINT('',#7961);
#7963=CARTESIAN_POINT('',(-5.680000000001E-2,6.6E-2,5.9E-2));
#7964=VERTEX_POINT('',#7963);
#7965=CARTESIAN_POINT('',(-1.008E-1,6.6E-2,-5.9E-2));
#7966=VERTEX_POINT('',#7965);
#7967=CARTESIAN_POINT('',(-1.008E-1,6.6E-2,5.9E-2));
#7968=VERTEX_POINT('',#7967);
#7969=CARTESIAN_POINT('',(2.189999999999E-2,-7.2E-2,6.5E-2));
#7970=CARTESIAN_POINT('',(2.189999999999E-2,6.6E-2,6.5E-2));
#7971=VERTEX_POINT('',#7969);
#7972=VERTEX_POINT('',#7970);
#7973=CARTESIAN_POINT('',(-2.210000000001E-2,-7.2E-2,6.5E-2));
#7974=CARTESIAN_POINT('',(-2.210000000001E-2,6.6E-2,6.5E-2));
#7975=VERTEX_POINT('',#7973);
#7976=VERTEX_POINT('',#7974);
#7977=CARTESIAN_POINT('',(2.189999999999E-2,-7.2E-2,-6.5E-2));
#7978=CARTESIAN_POINT('',(2.189999999999E-2,6.6E-2,-6.5E-2));
#7979=VERTEX_POINT('',#7977);
#7980=VERTEX_POINT('',#7978);
#7981=CARTESIAN_POINT('',(-2.210000000001E-2,-7.2E-2,-6.5E-2));
#7982=CARTESIAN_POINT('',(-2.210000000001E-2,6.6E-2,-6.5E-2));
#7983=VERTEX_POINT('',#7981);
#7984=VERTEX_POINT('',#7982);
#7985=CARTESIAN_POINT('',(2.189999999999E-2,6.6E-2,-5.9E-2));
#7986=VERTEX_POINT('',#7985);
#7987=CARTESIAN_POINT('',(2.189999999999E-2,6.6E-2,5.9E-2));
#7988=VERTEX_POINT('',#7987);
#7989=CARTESIAN_POINT('',(-2.210000000001E-2,6.6E-2,-5.9E-2));
#7990=VERTEX_POINT('',#7989);
#7991=CARTESIAN_POINT('',(-2.210000000001E-2,6.6E-2,5.9E-2));
#7992=VERTEX_POINT('',#7991);
#7993=CARTESIAN_POINT('',(1.006E-1,-7.2E-2,6.5E-2));
#7994=CARTESIAN_POINT('',(1.006E-1,6.6E-2,6.5E-2));
#7995=VERTEX_POINT('',#7993);
#7996=VERTEX_POINT('',#7994);
#7997=CARTESIAN_POINT('',(5.659999999999E-2,-7.2E-2,6.5E-2));
#7998=CARTESIAN_POINT('',(5.659999999999E-2,6.6E-2,6.5E-2));
#7999=VERTEX_POINT('',#7997);
#8000=VERTEX_POINT('',#7998);
#8001=CARTESIAN_POINT('',(1.006E-1,-7.2E-2,-6.5E-2));
#8002=CARTESIAN_POINT('',(1.006E-1,6.6E-2,-6.5E-2));
#8003=VERTEX_POINT('',#8001);
#8004=VERTEX_POINT('',#8002);
#8005=CARTESIAN_POINT('',(5.659999999999E-2,-7.2E-2,-6.5E-2));
#8006=CARTESIAN_POINT('',(5.659999999999E-2,6.6E-2,-6.5E-2));
#8007=VERTEX_POINT('',#8005);
#8008=VERTEX_POINT('',#8006);
#8009=CARTESIAN_POINT('',(1.006E-1,6.6E-2,-5.9E-2));
#8010=VERTEX_POINT('',#8009);
#8011=CARTESIAN_POINT('',(1.006E-1,6.6E-2,5.9E-2));
#8012=VERTEX_POINT('',#8011);
#8013=CARTESIAN_POINT('',(5.659999999999E-2,6.6E-2,-5.9E-2));
#8014=VERTEX_POINT('',#8013);
#8015=CARTESIAN_POINT('',(5.659999999999E-2,6.6E-2,5.9E-2));
#8016=VERTEX_POINT('',#8015);
#8017=CARTESIAN_POINT('',(1.793E-1,-7.2E-2,6.5E-2));
#8018=CARTESIAN_POINT('',(1.793E-1,6.6E-2,6.5E-2));
#8019=VERTEX_POINT('',#8017);
#8020=VERTEX_POINT('',#8018);
#8021=CARTESIAN_POINT('',(1.353E-1,-7.2E-2,6.5E-2));
#8022=CARTESIAN_POINT('',(1.353E-1,6.6E-2,6.5E-2));
#8023=VERTEX_POINT('',#8021);
#8024=VERTEX_POINT('',#8022);
#8025=CARTESIAN_POINT('',(1.793E-1,-7.2E-2,-6.5E-2));
#8026=CARTESIAN_POINT('',(1.793E-1,6.6E-2,-6.5E-2));
#8027=VERTEX_POINT('',#8025);
#8028=VERTEX_POINT('',#8026);
#8029=CARTESIAN_POINT('',(1.353E-1,-7.2E-2,-6.5E-2));
#8030=CARTESIAN_POINT('',(1.353E-1,6.6E-2,-6.5E-2));
#8031=VERTEX_POINT('',#8029);
#8032=VERTEX_POINT('',#8030);
#8033=CARTESIAN_POINT('',(1.793E-1,6.6E-2,-5.9E-2));
#8034=VERTEX_POINT('',#8033);
#8035=CARTESIAN_POINT('',(1.793E-1,6.6E-2,5.9E-2));
#8036=VERTEX_POINT('',#8035);
#8037=CARTESIAN_POINT('',(1.353E-1,6.6E-2,-5.9E-2));
#8038=VERTEX_POINT('',#8037);
#8039=CARTESIAN_POINT('',(1.353E-1,6.6E-2,5.9E-2));
#8040=VERTEX_POINT('',#8039);
#8041=CARTESIAN_POINT('',(-1.018E-1,8.8E-2,1.635E-2));
#8042=CARTESIAN_POINT('',(-1.018E-1,8.8E-2,6.235E-2));
#8043=VERTEX_POINT('',#8041);
#8044=VERTEX_POINT('',#8042);
#8045=CARTESIAN_POINT('',(1.016E-1,8.8E-2,6.235E-2));
#8046=CARTESIAN_POINT('',(1.016E-1,8.8E-2,1.635E-2));
#8047=VERTEX_POINT('',#8045);
#8048=VERTEX_POINT('',#8046);
#8049=CARTESIAN_POINT('',(1.443E-1,7.8E-2,2.635E-2));
#8050=CARTESIAN_POINT('',(1.443E-1,7.8E-2,5.235E-2));
#8051=VERTEX_POINT('',#8049);
#8052=VERTEX_POINT('',#8050);
#8053=CARTESIAN_POINT('',(1.703E-1,7.8E-2,5.235E-2));
#8054=VERTEX_POINT('',#8053);
#8055=CARTESIAN_POINT('',(1.703E-1,7.8E-2,2.635E-2));
#8056=VERTEX_POINT('',#8055);
#8057=CARTESIAN_POINT('',(1.343E-1,8.8E-2,1.635E-2));
#8058=CARTESIAN_POINT('',(1.343E-1,8.8E-2,6.235E-2));
#8059=VERTEX_POINT('',#8057);
#8060=VERTEX_POINT('',#8058);
#8061=CARTESIAN_POINT('',(1.803E-1,8.8E-2,6.235E-2));
#8062=VERTEX_POINT('',#8061);
#8063=CARTESIAN_POINT('',(1.803E-1,8.8E-2,1.635E-2));
#8064=VERTEX_POINT('',#8063);
#8065=CARTESIAN_POINT('',(-9.18E-2,6.8E-2,2.635E-2));
#8066=CARTESIAN_POINT('',(-9.18E-2,6.8E-2,5.235E-2));
#8067=VERTEX_POINT('',#8065);
#8068=VERTEX_POINT('',#8066);
#8069=CARTESIAN_POINT('',(-6.58E-2,6.8E-2,5.235E-2));
#8070=VERTEX_POINT('',#8069);
#8071=CARTESIAN_POINT('',(-6.58E-2,6.8E-2,2.635E-2));
#8072=VERTEX_POINT('',#8071);
#8073=CARTESIAN_POINT('',(-1.31E-2,6.8E-2,2.635E-2));
#8074=CARTESIAN_POINT('',(-1.31E-2,6.8E-2,5.235E-2));
#8075=VERTEX_POINT('',#8073);
#8076=VERTEX_POINT('',#8074);
#8077=CARTESIAN_POINT('',(1.29E-2,6.8E-2,5.235E-2));
#8078=VERTEX_POINT('',#8077);
#8079=CARTESIAN_POINT('',(1.29E-2,6.8E-2,2.635E-2));
#8080=VERTEX_POINT('',#8079);
#8081=CARTESIAN_POINT('',(6.56E-2,6.8E-2,2.635E-2));
#8082=CARTESIAN_POINT('',(6.56E-2,6.8E-2,5.235E-2));
#8083=VERTEX_POINT('',#8081);
#8084=VERTEX_POINT('',#8082);
#8085=CARTESIAN_POINT('',(9.16E-2,6.8E-2,5.235E-2));
#8086=VERTEX_POINT('',#8085);
#8087=CARTESIAN_POINT('',(9.16E-2,6.8E-2,2.635E-2));
#8088=VERTEX_POINT('',#8087);
#8089=CARTESIAN_POINT('',(1.443E-1,6.8E-2,2.635E-2));
#8090=CARTESIAN_POINT('',(1.443E-1,6.8E-2,5.235E-2));
#8091=VERTEX_POINT('',#8089);
#8092=VERTEX_POINT('',#8090);
#8093=CARTESIAN_POINT('',(1.703E-1,6.8E-2,5.235E-2));
#8094=VERTEX_POINT('',#8093);
#8095=CARTESIAN_POINT('',(1.703E-1,6.8E-2,2.635E-2));
#8096=VERTEX_POINT('',#8095);
#8097=CARTESIAN_POINT('',(-1.355E-1,-3.9E-2,-2.1E-2));
#8098=CARTESIAN_POINT('',(-1.415E-1,-3.9E-2,-2.1E-2));
#8099=VERTEX_POINT('',#8097);
#8100=VERTEX_POINT('',#8098);
#8101=CARTESIAN_POINT('',(-1.735E-1,-3.9E-2,-2.1E-2));
#8102=CARTESIAN_POINT('',(-1.795E-1,-3.9E-2,-2.1E-2));
#8103=VERTEX_POINT('',#8101);
#8104=VERTEX_POINT('',#8102);
#8105=CARTESIAN_POINT('',(-1.415E-1,-3.9E-2,2.1E-2));
#8106=CARTESIAN_POINT('',(-1.355E-1,-3.9E-2,2.1E-2));
#8107=VERTEX_POINT('',#8105);
#8108=VERTEX_POINT('',#8106);
#8109=CARTESIAN_POINT('',(-1.795E-1,-3.9E-2,2.1E-2));
#8110=CARTESIAN_POINT('',(-1.735E-1,-3.9E-2,2.1E-2));
#8111=VERTEX_POINT('',#8109);
#8112=VERTEX_POINT('',#8110);
#8113=CARTESIAN_POINT('',(-1.355E-1,-3.9E-2,-5.9E-2));
#8114=CARTESIAN_POINT('',(-1.415E-1,-3.9E-2,-5.9E-2));
#8115=VERTEX_POINT('',#8113);
#8116=VERTEX_POINT('',#8114);
#8117=CARTESIAN_POINT('',(-1.735E-1,-3.9E-2,-5.9E-2));
#8118=CARTESIAN_POINT('',(-1.795E-1,-3.9E-2,-5.9E-2));
#8119=VERTEX_POINT('',#8117);
#8120=VERTEX_POINT('',#8118);
#8121=CARTESIAN_POINT('',(-1.355E-1,-1.4E-2,-5.9E-2));
#8122=CARTESIAN_POINT('',(-1.415E-1,-1.4E-2,-5.9E-2));
#8123=VERTEX_POINT('',#8121);
#8124=VERTEX_POINT('',#8122);
#8125=CARTESIAN_POINT('',(-1.735E-1,-1.4E-2,-5.9E-2));
#8126=CARTESIAN_POINT('',(-1.795E-1,-1.4E-2,-5.9E-2));
#8127=VERTEX_POINT('',#8125);
#8128=VERTEX_POINT('',#8126);
#8129=CARTESIAN_POINT('',(-1.355E-1,-3.9E-2,5.9E-2));
#8130=CARTESIAN_POINT('',(-1.415E-1,-3.9E-2,5.9E-2));
#8131=VERTEX_POINT('',#8129);
#8132=VERTEX_POINT('',#8130);
#8133=CARTESIAN_POINT('',(-1.735E-1,-3.9E-2,5.9E-2));
#8134=CARTESIAN_POINT('',(-1.795E-1,-3.9E-2,5.9E-2));
#8135=VERTEX_POINT('',#8133);
#8136=VERTEX_POINT('',#8134);
#8137=CARTESIAN_POINT('',(-1.355E-1,-1.4E-2,5.9E-2));
#8138=CARTESIAN_POINT('',(-1.415E-1,-1.4E-2,5.9E-2));
#8139=VERTEX_POINT('',#8137);
#8140=VERTEX_POINT('',#8138);
#8141=CARTESIAN_POINT('',(-1.735E-1,-1.4E-2,5.9E-2));
#8142=CARTESIAN_POINT('',(-1.795E-1,-1.4E-2,5.9E-2));
#8143=VERTEX_POINT('',#8141);
#8144=VERTEX_POINT('',#8142);
#8145=CARTESIAN_POINT('',(-1.355E-1,-7.2E-2,-5.9E-2));
#8146=VERTEX_POINT('',#8145);
#8147=CARTESIAN_POINT('',(-1.355E-1,-7.2E-2,5.9E-2));
#8148=VERTEX_POINT('',#8147);
#8149=CARTESIAN_POINT('',(-1.795E-1,-7.2E-2,-5.9E-2));
#8150=VERTEX_POINT('',#8149);
#8151=CARTESIAN_POINT('',(-1.795E-1,-7.2E-2,5.9E-2));
#8152=VERTEX_POINT('',#8151);
#8153=CARTESIAN_POINT('',(-1.508918145998E-1,2.400392620318E-2,2.1E-2));
#8154=CARTESIAN_POINT('',(-1.504967783321E-1,3.538570813946E-2,2.1E-2));
#8155=VERTEX_POINT('',#8153);
#8156=VERTEX_POINT('',#8154);
#8157=CARTESIAN_POINT('',(-1.445E-1,5.4E-2,2.1E-2));
#8158=VERTEX_POINT('',#8157);
#8159=CARTESIAN_POINT('',(-1.416445233210E-1,5.308007992973E-2,2.1E-2));
#8160=VERTEX_POINT('',#8159);
#8161=CARTESIAN_POINT('',(-1.398220221974E-1,4.952520337047E-2,2.1E-2));
#8162=VERTEX_POINT('',#8161);
#8163=CARTESIAN_POINT('',(-1.449526128117E-1,3.359960035135E-2,2.1E-2));
#8164=VERTEX_POINT('',#8163);
#8165=CARTESIAN_POINT('',(-1.452371558750E-1,2.540134777705E-2,2.1E-2));
#8166=VERTEX_POINT('',#8165);
#8167=CARTESIAN_POINT('',(-1.697628441250E-1,2.540134777705E-2,2.1E-2));
#8168=CARTESIAN_POINT('',(-1.700473871883E-1,3.359960035135E-2,2.1E-2));
#8169=VERTEX_POINT('',#8167);
#8170=VERTEX_POINT('',#8168);
#8171=CARTESIAN_POINT('',(-1.751779778026E-1,4.952520337047E-2,2.1E-2));
#8172=VERTEX_POINT('',#8171);
#8173=CARTESIAN_POINT('',(-1.733554766790E-1,5.308007992973E-2,2.1E-2));
#8174=VERTEX_POINT('',#8173);
#8175=CARTESIAN_POINT('',(-1.705E-1,5.4E-2,2.1E-2));
#8176=VERTEX_POINT('',#8175);
#8177=CARTESIAN_POINT('',(-1.645032216679E-1,3.538570813946E-2,2.1E-2));
#8178=VERTEX_POINT('',#8177);
#8179=CARTESIAN_POINT('',(-1.641081854002E-1,2.400392620318E-2,2.1E-2));
#8180=VERTEX_POINT('',#8179);
#8181=CARTESIAN_POINT('',(-1.508918145998E-1,2.400392620318E-2,5.1E-2));
#8182=CARTESIAN_POINT('',(-1.504967783321E-1,3.538570813946E-2,5.1E-2));
#8183=VERTEX_POINT('',#8181);
#8184=VERTEX_POINT('',#8182);
#8185=CARTESIAN_POINT('',(-1.445E-1,5.4E-2,5.1E-2));
#8186=VERTEX_POINT('',#8185);
#8187=CARTESIAN_POINT('',(-1.416445233210E-1,5.308007992973E-2,5.1E-2));
#8188=VERTEX_POINT('',#8187);
#8189=CARTESIAN_POINT('',(-1.398220221974E-1,4.952520337047E-2,5.1E-2));
#8190=VERTEX_POINT('',#8189);
#8191=CARTESIAN_POINT('',(-1.449526128117E-1,3.359960035135E-2,5.1E-2));
#8192=VERTEX_POINT('',#8191);
#8193=CARTESIAN_POINT('',(-1.452371558750E-1,2.540134777705E-2,5.1E-2));
#8194=VERTEX_POINT('',#8193);
#8195=CARTESIAN_POINT('',(-1.697628441250E-1,2.540134777705E-2,5.1E-2));
#8196=CARTESIAN_POINT('',(-1.700473871883E-1,3.359960035135E-2,5.1E-2));
#8197=VERTEX_POINT('',#8195);
#8198=VERTEX_POINT('',#8196);
#8199=CARTESIAN_POINT('',(-1.751779778026E-1,4.952520337047E-2,5.1E-2));
#8200=VERTEX_POINT('',#8199);
#8201=CARTESIAN_POINT('',(-1.733554766790E-1,5.308007992973E-2,5.1E-2));
#8202=VERTEX_POINT('',#8201);
#8203=CARTESIAN_POINT('',(-1.705E-1,5.4E-2,5.1E-2));
#8204=VERTEX_POINT('',#8203);
#8205=CARTESIAN_POINT('',(-1.645032216679E-1,3.538570813946E-2,5.1E-2));
#8206=VERTEX_POINT('',#8205);
#8207=CARTESIAN_POINT('',(-1.641081854002E-1,2.400392620318E-2,5.1E-2));
#8208=VERTEX_POINT('',#8207);
#8209=CARTESIAN_POINT('',(-1.355E-1,-1.4E-2,5.1E-2));
#8210=CARTESIAN_POINT('',(-1.355E-1,-1.4E-2,2.1E-2));
#8211=VERTEX_POINT('',#8209);
#8212=VERTEX_POINT('',#8210);
#8213=CARTESIAN_POINT('',(-1.795E-1,-1.4E-2,5.1E-2));
#8214=CARTESIAN_POINT('',(-1.795E-1,-1.4E-2,2.1E-2));
#8215=VERTEX_POINT('',#8213);
#8216=VERTEX_POINT('',#8214);
#8217=CARTESIAN_POINT('',(-1.415E-1,-1.4E-2,5.1E-2));
#8218=VERTEX_POINT('',#8217);
#8219=CARTESIAN_POINT('',(-1.735E-1,-1.4E-2,5.1E-2));
#8220=VERTEX_POINT('',#8219);
#8221=CARTESIAN_POINT('',(-1.415E-1,-1.4E-2,2.1E-2));
#8222=VERTEX_POINT('',#8221);
#8223=CARTESIAN_POINT('',(-1.735E-1,-1.4E-2,2.1E-2));
#8224=VERTEX_POINT('',#8223);
#8225=CARTESIAN_POINT('',(-1.641081854002E-1,2.400392620318E-2,-2.1E-2));
#8226=CARTESIAN_POINT('',(-1.645032216679E-1,3.538570813946E-2,-2.1E-2));
#8227=VERTEX_POINT('',#8225);
#8228=VERTEX_POINT('',#8226);
#8229=CARTESIAN_POINT('',(-1.705E-1,5.4E-2,-2.1E-2));
#8230=VERTEX_POINT('',#8229);
#8231=CARTESIAN_POINT('',(-1.733554766790E-1,5.308007992973E-2,-2.1E-2));
#8232=VERTEX_POINT('',#8231);
#8233=CARTESIAN_POINT('',(-1.751779778026E-1,4.952520337047E-2,-2.1E-2));
#8234=VERTEX_POINT('',#8233);
#8235=CARTESIAN_POINT('',(-1.700473871883E-1,3.359960035135E-2,-2.1E-2));
#8236=VERTEX_POINT('',#8235);
#8237=CARTESIAN_POINT('',(-1.697628441250E-1,2.540134777705E-2,-2.1E-2));
#8238=VERTEX_POINT('',#8237);
#8239=CARTESIAN_POINT('',(-1.452371558750E-1,2.540134777705E-2,-2.1E-2));
#8240=CARTESIAN_POINT('',(-1.449526128117E-1,3.359960035135E-2,-2.1E-2));
#8241=VERTEX_POINT('',#8239);
#8242=VERTEX_POINT('',#8240);
#8243=CARTESIAN_POINT('',(-1.398220221974E-1,4.952520337047E-2,-2.1E-2));
#8244=VERTEX_POINT('',#8243);
#8245=CARTESIAN_POINT('',(-1.416445233210E-1,5.308007992973E-2,-2.1E-2));
#8246=VERTEX_POINT('',#8245);
#8247=CARTESIAN_POINT('',(-1.445E-1,5.4E-2,-2.1E-2));
#8248=VERTEX_POINT('',#8247);
#8249=CARTESIAN_POINT('',(-1.504967783321E-1,3.538570813946E-2,-2.1E-2));
#8250=VERTEX_POINT('',#8249);
#8251=CARTESIAN_POINT('',(-1.508918145998E-1,2.400392620318E-2,-2.1E-2));
#8252=VERTEX_POINT('',#8251);
#8253=CARTESIAN_POINT('',(-1.641081854002E-1,2.400392620318E-2,-5.1E-2));
#8254=CARTESIAN_POINT('',(-1.645032216679E-1,3.538570813946E-2,-5.1E-2));
#8255=VERTEX_POINT('',#8253);
#8256=VERTEX_POINT('',#8254);
#8257=CARTESIAN_POINT('',(-1.705E-1,5.4E-2,-5.1E-2));
#8258=VERTEX_POINT('',#8257);
#8259=CARTESIAN_POINT('',(-1.733554766790E-1,5.308007992973E-2,-5.1E-2));
#8260=VERTEX_POINT('',#8259);
#8261=CARTESIAN_POINT('',(-1.751779778026E-1,4.952520337047E-2,-5.1E-2));
#8262=VERTEX_POINT('',#8261);
#8263=CARTESIAN_POINT('',(-1.700473871883E-1,3.359960035135E-2,-5.1E-2));
#8264=VERTEX_POINT('',#8263);
#8265=CARTESIAN_POINT('',(-1.697628441250E-1,2.540134777705E-2,-5.1E-2));
#8266=VERTEX_POINT('',#8265);
#8267=CARTESIAN_POINT('',(-1.452371558750E-1,2.540134777705E-2,-5.1E-2));
#8268=CARTESIAN_POINT('',(-1.449526128117E-1,3.359960035135E-2,-5.1E-2));
#8269=VERTEX_POINT('',#8267);
#8270=VERTEX_POINT('',#8268);
#8271=CARTESIAN_POINT('',(-1.398220221974E-1,4.952520337047E-2,-5.1E-2));
#8272=VERTEX_POINT('',#8271);
#8273=CARTESIAN_POINT('',(-1.416445233210E-1,5.308007992973E-2,-5.1E-2));
#8274=VERTEX_POINT('',#8273);
#8275=CARTESIAN_POINT('',(-1.445E-1,5.4E-2,-5.1E-2));
#8276=VERTEX_POINT('',#8275);
#8277=CARTESIAN_POINT('',(-1.504967783321E-1,3.538570813946E-2,-5.1E-2));
#8278=VERTEX_POINT('',#8277);
#8279=CARTESIAN_POINT('',(-1.508918145998E-1,2.400392620318E-2,-5.1E-2));
#8280=VERTEX_POINT('',#8279);
#8281=CARTESIAN_POINT('',(-1.355E-1,-1.4E-2,-5.1E-2));
#8282=CARTESIAN_POINT('',(-1.355E-1,-1.4E-2,-2.1E-2));
#8283=VERTEX_POINT('',#8281);
#8284=VERTEX_POINT('',#8282);
#8285=CARTESIAN_POINT('',(-1.795E-1,-1.4E-2,-5.1E-2));
#8286=CARTESIAN_POINT('',(-1.795E-1,-1.4E-2,-2.1E-2));
#8287=VERTEX_POINT('',#8285);
#8288=VERTEX_POINT('',#8286);
#8289=CARTESIAN_POINT('',(-1.415E-1,-1.4E-2,-5.1E-2));
#8290=VERTEX_POINT('',#8289);
#8291=CARTESIAN_POINT('',(-1.735E-1,-1.4E-2,-5.1E-2));
#8292=VERTEX_POINT('',#8291);
#8293=CARTESIAN_POINT('',(-1.735E-1,-1.4E-2,-2.1E-2));
#8294=VERTEX_POINT('',#8293);
#8295=CARTESIAN_POINT('',(-1.415E-1,-1.4E-2,-2.1E-2));
#8296=VERTEX_POINT('',#8295);
#8297=CARTESIAN_POINT('',(-5.680000000001E-2,-3.9E-2,-2.1E-2));
#8298=CARTESIAN_POINT('',(-6.280000000001E-2,-3.9E-2,-2.1E-2));
#8299=VERTEX_POINT('',#8297);
#8300=VERTEX_POINT('',#8298);
#8301=CARTESIAN_POINT('',(-9.480000000001E-2,-3.9E-2,-2.1E-2));
#8302=CARTESIAN_POINT('',(-1.008E-1,-3.9E-2,-2.1E-2));
#8303=VERTEX_POINT('',#8301);
#8304=VERTEX_POINT('',#8302);
#8305=CARTESIAN_POINT('',(-6.280000000001E-2,-3.9E-2,2.1E-2));
#8306=CARTESIAN_POINT('',(-5.680000000001E-2,-3.9E-2,2.1E-2));
#8307=VERTEX_POINT('',#8305);
#8308=VERTEX_POINT('',#8306);
#8309=CARTESIAN_POINT('',(-1.008E-1,-3.9E-2,2.1E-2));
#8310=CARTESIAN_POINT('',(-9.480000000001E-2,-3.9E-2,2.1E-2));
#8311=VERTEX_POINT('',#8309);
#8312=VERTEX_POINT('',#8310);
#8313=CARTESIAN_POINT('',(-5.680000000001E-2,-3.9E-2,-5.9E-2));
#8314=CARTESIAN_POINT('',(-6.280000000001E-2,-3.9E-2,-5.9E-2));
#8315=VERTEX_POINT('',#8313);
#8316=VERTEX_POINT('',#8314);
#8317=CARTESIAN_POINT('',(-9.480000000001E-2,-3.9E-2,-5.9E-2));
#8318=CARTESIAN_POINT('',(-1.008E-1,-3.9E-2,-5.9E-2));
#8319=VERTEX_POINT('',#8317);
#8320=VERTEX_POINT('',#8318);
#8321=CARTESIAN_POINT('',(-5.680000000001E-2,-1.4E-2,-5.9E-2));
#8322=CARTESIAN_POINT('',(-6.280000000001E-2,-1.4E-2,-5.9E-2));
#8323=VERTEX_POINT('',#8321);
#8324=VERTEX_POINT('',#8322);
#8325=CARTESIAN_POINT('',(-9.480000000001E-2,-1.4E-2,-5.9E-2));
#8326=CARTESIAN_POINT('',(-1.008E-1,-1.4E-2,-5.9E-2));
#8327=VERTEX_POINT('',#8325);
#8328=VERTEX_POINT('',#8326);
#8329=CARTESIAN_POINT('',(-5.680000000001E-2,-3.9E-2,5.9E-2));
#8330=CARTESIAN_POINT('',(-6.280000000001E-2,-3.9E-2,5.9E-2));
#8331=VERTEX_POINT('',#8329);
#8332=VERTEX_POINT('',#8330);
#8333=CARTESIAN_POINT('',(-9.480000000001E-2,-3.9E-2,5.9E-2));
#8334=CARTESIAN_POINT('',(-1.008E-1,-3.9E-2,5.9E-2));
#8335=VERTEX_POINT('',#8333);
#8336=VERTEX_POINT('',#8334);
#8337=CARTESIAN_POINT('',(-5.680000000001E-2,-1.4E-2,5.9E-2));
#8338=CARTESIAN_POINT('',(-6.280000000001E-2,-1.4E-2,5.9E-2));
#8339=VERTEX_POINT('',#8337);
#8340=VERTEX_POINT('',#8338);
#8341=CARTESIAN_POINT('',(-9.480000000001E-2,-1.4E-2,5.9E-2));
#8342=CARTESIAN_POINT('',(-1.008E-1,-1.4E-2,5.9E-2));
#8343=VERTEX_POINT('',#8341);
#8344=VERTEX_POINT('',#8342);
#8345=CARTESIAN_POINT('',(-5.680000000001E-2,-7.2E-2,-5.9E-2));
#8346=VERTEX_POINT('',#8345);
#8347=CARTESIAN_POINT('',(-5.680000000001E-2,-7.2E-2,5.9E-2));
#8348=VERTEX_POINT('',#8347);
#8349=CARTESIAN_POINT('',(-1.008E-1,-7.2E-2,-5.9E-2));
#8350=VERTEX_POINT('',#8349);
#8351=CARTESIAN_POINT('',(-1.008E-1,-7.2E-2,5.9E-2));
#8352=VERTEX_POINT('',#8351);
#8353=CARTESIAN_POINT('',(-7.219181459977E-2,2.400392620318E-2,2.1E-2));
#8354=CARTESIAN_POINT('',(-7.179677833209E-2,3.538570813946E-2,2.1E-2));
#8355=VERTEX_POINT('',#8353);
#8356=VERTEX_POINT('',#8354);
#8357=CARTESIAN_POINT('',(-6.580000000001E-2,5.4E-2,2.1E-2));
#8358=VERTEX_POINT('',#8357);
#8359=CARTESIAN_POINT('',(-6.294452332101E-2,5.308007992973E-2,2.1E-2));
#8360=VERTEX_POINT('',#8359);
#8361=CARTESIAN_POINT('',(-6.112202219743E-2,4.952520337047E-2,2.1E-2));
#8362=VERTEX_POINT('',#8361);
#8363=CARTESIAN_POINT('',(-6.625261281167E-2,3.359960035135E-2,2.1E-2));
#8364=VERTEX_POINT('',#8363);
#8365=CARTESIAN_POINT('',(-6.653715587502E-2,2.540134777705E-2,2.1E-2));
#8366=VERTEX_POINT('',#8365);
#8367=CARTESIAN_POINT('',(-9.106284412500E-2,2.540134777705E-2,2.1E-2));
#8368=CARTESIAN_POINT('',(-9.134738718835E-2,3.359960035135E-2,2.1E-2));
#8369=VERTEX_POINT('',#8367);
#8370=VERTEX_POINT('',#8368);
#8371=CARTESIAN_POINT('',(-9.647797780258E-2,4.952520337047E-2,2.1E-2));
#8372=VERTEX_POINT('',#8371);
#8373=CARTESIAN_POINT('',(-9.465547667901E-2,5.308007992973E-2,2.1E-2));
#8374=VERTEX_POINT('',#8373);
#8375=CARTESIAN_POINT('',(-9.180000000001E-2,5.4E-2,2.1E-2));
#8376=VERTEX_POINT('',#8375);
#8377=CARTESIAN_POINT('',(-8.580322166793E-2,3.538570813946E-2,2.1E-2));
#8378=VERTEX_POINT('',#8377);
#8379=CARTESIAN_POINT('',(-8.540818540025E-2,2.400392620318E-2,2.1E-2));
#8380=VERTEX_POINT('',#8379);
#8381=CARTESIAN_POINT('',(-7.219181459977E-2,2.400392620318E-2,5.1E-2));
#8382=CARTESIAN_POINT('',(-7.179677833209E-2,3.538570813946E-2,5.1E-2));
#8383=VERTEX_POINT('',#8381);
#8384=VERTEX_POINT('',#8382);
#8385=CARTESIAN_POINT('',(-6.580000000001E-2,5.4E-2,5.1E-2));
#8386=VERTEX_POINT('',#8385);
#8387=CARTESIAN_POINT('',(-6.294452332101E-2,5.308007992973E-2,5.1E-2));
#8388=VERTEX_POINT('',#8387);
#8389=CARTESIAN_POINT('',(-6.112202219743E-2,4.952520337047E-2,5.1E-2));
#8390=VERTEX_POINT('',#8389);
#8391=CARTESIAN_POINT('',(-6.625261281167E-2,3.359960035135E-2,5.1E-2));
#8392=VERTEX_POINT('',#8391);
#8393=CARTESIAN_POINT('',(-6.653715587502E-2,2.540134777705E-2,5.1E-2));
#8394=VERTEX_POINT('',#8393);
#8395=CARTESIAN_POINT('',(-9.106284412500E-2,2.540134777705E-2,5.1E-2));
#8396=CARTESIAN_POINT('',(-9.134738718835E-2,3.359960035135E-2,5.1E-2));
#8397=VERTEX_POINT('',#8395);
#8398=VERTEX_POINT('',#8396);
#8399=CARTESIAN_POINT('',(-9.647797780258E-2,4.952520337047E-2,5.1E-2));
#8400=VERTEX_POINT('',#8399);
#8401=CARTESIAN_POINT('',(-9.465547667901E-2,5.308007992973E-2,5.1E-2));
#8402=VERTEX_POINT('',#8401);
#8403=CARTESIAN_POINT('',(-9.180000000001E-2,5.4E-2,5.1E-2));
#8404=VERTEX_POINT('',#8403);
#8405=CARTESIAN_POINT('',(-8.580322166793E-2,3.538570813946E-2,5.1E-2));
#8406=VERTEX_POINT('',#8405);
#8407=CARTESIAN_POINT('',(-8.540818540025E-2,2.400392620318E-2,5.1E-2));
#8408=VERTEX_POINT('',#8407);
#8409=CARTESIAN_POINT('',(-5.680000000001E-2,-1.4E-2,5.1E-2));
#8410=CARTESIAN_POINT('',(-5.680000000001E-2,-1.4E-2,2.1E-2));
#8411=VERTEX_POINT('',#8409);
#8412=VERTEX_POINT('',#8410);
#8413=CARTESIAN_POINT('',(-1.008E-1,-1.4E-2,5.1E-2));
#8414=CARTESIAN_POINT('',(-1.008E-1,-1.4E-2,2.1E-2));
#8415=VERTEX_POINT('',#8413);
#8416=VERTEX_POINT('',#8414);
#8417=CARTESIAN_POINT('',(-6.280000000001E-2,-1.4E-2,5.1E-2));
#8418=VERTEX_POINT('',#8417);
#8419=CARTESIAN_POINT('',(-9.480000000001E-2,-1.4E-2,5.1E-2));
#8420=VERTEX_POINT('',#8419);
#8421=CARTESIAN_POINT('',(-6.280000000001E-2,-1.4E-2,2.1E-2));
#8422=VERTEX_POINT('',#8421);
#8423=CARTESIAN_POINT('',(-9.480000000001E-2,-1.4E-2,2.1E-2));
#8424=VERTEX_POINT('',#8423);
#8425=CARTESIAN_POINT('',(-8.540818540025E-2,2.400392620318E-2,-2.1E-2));
#8426=CARTESIAN_POINT('',(-8.580322166793E-2,3.538570813946E-2,-2.1E-2));
#8427=VERTEX_POINT('',#8425);
#8428=VERTEX_POINT('',#8426);
#8429=CARTESIAN_POINT('',(-9.180000000001E-2,5.4E-2,-2.1E-2));
#8430=VERTEX_POINT('',#8429);
#8431=CARTESIAN_POINT('',(-9.465547667901E-2,5.308007992973E-2,-2.1E-2));
#8432=VERTEX_POINT('',#8431);
#8433=CARTESIAN_POINT('',(-9.647797780258E-2,4.952520337047E-2,-2.1E-2));
#8434=VERTEX_POINT('',#8433);
#8435=CARTESIAN_POINT('',(-9.134738718835E-2,3.359960035135E-2,-2.1E-2));
#8436=VERTEX_POINT('',#8435);
#8437=CARTESIAN_POINT('',(-9.106284412500E-2,2.540134777705E-2,-2.1E-2));
#8438=VERTEX_POINT('',#8437);
#8439=CARTESIAN_POINT('',(-6.653715587502E-2,2.540134777705E-2,-2.1E-2));
#8440=CARTESIAN_POINT('',(-6.625261281167E-2,3.359960035135E-2,-2.1E-2));
#8441=VERTEX_POINT('',#8439);
#8442=VERTEX_POINT('',#8440);
#8443=CARTESIAN_POINT('',(-6.112202219743E-2,4.952520337047E-2,-2.1E-2));
#8444=VERTEX_POINT('',#8443);
#8445=CARTESIAN_POINT('',(-6.294452332101E-2,5.308007992973E-2,-2.1E-2));
#8446=VERTEX_POINT('',#8445);
#8447=CARTESIAN_POINT('',(-6.580000000001E-2,5.4E-2,-2.1E-2));
#8448=VERTEX_POINT('',#8447);
#8449=CARTESIAN_POINT('',(-7.179677833209E-2,3.538570813946E-2,-2.1E-2));
#8450=VERTEX_POINT('',#8449);
#8451=CARTESIAN_POINT('',(-7.219181459977E-2,2.400392620318E-2,-2.1E-2));
#8452=VERTEX_POINT('',#8451);
#8453=CARTESIAN_POINT('',(-8.540818540025E-2,2.400392620318E-2,-5.1E-2));
#8454=CARTESIAN_POINT('',(-8.580322166793E-2,3.538570813946E-2,-5.1E-2));
#8455=VERTEX_POINT('',#8453);
#8456=VERTEX_POINT('',#8454);
#8457=CARTESIAN_POINT('',(-9.180000000001E-2,5.4E-2,-5.1E-2));
#8458=VERTEX_POINT('',#8457);
#8459=CARTESIAN_POINT('',(-9.465547667901E-2,5.308007992973E-2,-5.1E-2));
#8460=VERTEX_POINT('',#8459);
#8461=CARTESIAN_POINT('',(-9.647797780258E-2,4.952520337047E-2,-5.1E-2));
#8462=VERTEX_POINT('',#8461);
#8463=CARTESIAN_POINT('',(-9.134738718835E-2,3.359960035135E-2,-5.1E-2));
#8464=VERTEX_POINT('',#8463);
#8465=CARTESIAN_POINT('',(-9.106284412500E-2,2.540134777705E-2,-5.1E-2));
#8466=VERTEX_POINT('',#8465);
#8467=CARTESIAN_POINT('',(-6.653715587502E-2,2.540134777705E-2,-5.1E-2));
#8468=CARTESIAN_POINT('',(-6.625261281167E-2,3.359960035135E-2,-5.1E-2));
#8469=VERTEX_POINT('',#8467);
#8470=VERTEX_POINT('',#8468);
#8471=CARTESIAN_POINT('',(-6.112202219743E-2,4.952520337047E-2,-5.1E-2));
#8472=VERTEX_POINT('',#8471);
#8473=CARTESIAN_POINT('',(-6.294452332101E-2,5.308007992973E-2,-5.1E-2));
#8474=VERTEX_POINT('',#8473);
#8475=CARTESIAN_POINT('',(-6.580000000001E-2,5.4E-2,-5.1E-2));
#8476=VERTEX_POINT('',#8475);
#8477=CARTESIAN_POINT('',(-7.179677833209E-2,3.538570813946E-2,-5.1E-2));
#8478=VERTEX_POINT('',#8477);
#8479=CARTESIAN_POINT('',(-7.219181459977E-2,2.400392620318E-2,-5.1E-2));
#8480=VERTEX_POINT('',#8479);
#8481=CARTESIAN_POINT('',(-5.680000000001E-2,-1.4E-2,-5.1E-2));
#8482=CARTESIAN_POINT('',(-5.680000000001E-2,-1.4E-2,-2.1E-2));
#8483=VERTEX_POINT('',#8481);
#8484=VERTEX_POINT('',#8482);
#8485=CARTESIAN_POINT('',(-1.008E-1,-1.4E-2,-5.1E-2));
#8486=CARTESIAN_POINT('',(-1.008E-1,-1.4E-2,-2.1E-2));
#8487=VERTEX_POINT('',#8485);
#8488=VERTEX_POINT('',#8486);
#8489=CARTESIAN_POINT('',(-6.280000000001E-2,-1.4E-2,-5.1E-2));
#8490=VERTEX_POINT('',#8489);
#8491=CARTESIAN_POINT('',(-9.480000000001E-2,-1.4E-2,-5.1E-2));
#8492=VERTEX_POINT('',#8491);
#8493=CARTESIAN_POINT('',(-9.480000000001E-2,-1.4E-2,-2.1E-2));
#8494=VERTEX_POINT('',#8493);
#8495=CARTESIAN_POINT('',(-6.280000000001E-2,-1.4E-2,-2.1E-2));
#8496=VERTEX_POINT('',#8495);
#8497=CARTESIAN_POINT('',(2.189999999999E-2,-3.9E-2,-2.1E-2));
#8498=CARTESIAN_POINT('',(1.589999999999E-2,-3.9E-2,-2.1E-2));
#8499=VERTEX_POINT('',#8497);
#8500=VERTEX_POINT('',#8498);
#8501=CARTESIAN_POINT('',(-1.610000000001E-2,-3.9E-2,-2.1E-2));
#8502=CARTESIAN_POINT('',(-2.210000000001E-2,-3.9E-2,-2.1E-2));
#8503=VERTEX_POINT('',#8501);
#8504=VERTEX_POINT('',#8502);
#8505=CARTESIAN_POINT('',(1.589999999999E-2,-3.9E-2,2.1E-2));
#8506=CARTESIAN_POINT('',(2.189999999999E-2,-3.9E-2,2.1E-2));
#8507=VERTEX_POINT('',#8505);
#8508=VERTEX_POINT('',#8506);
#8509=CARTESIAN_POINT('',(-2.210000000001E-2,-3.9E-2,2.1E-2));
#8510=CARTESIAN_POINT('',(-1.610000000001E-2,-3.9E-2,2.1E-2));
#8511=VERTEX_POINT('',#8509);
#8512=VERTEX_POINT('',#8510);
#8513=CARTESIAN_POINT('',(2.189999999999E-2,-3.9E-2,-5.9E-2));
#8514=CARTESIAN_POINT('',(1.589999999999E-2,-3.9E-2,-5.9E-2));
#8515=VERTEX_POINT('',#8513);
#8516=VERTEX_POINT('',#8514);
#8517=CARTESIAN_POINT('',(-1.610000000001E-2,-3.9E-2,-5.9E-2));
#8518=CARTESIAN_POINT('',(-2.210000000001E-2,-3.9E-2,-5.9E-2));
#8519=VERTEX_POINT('',#8517);
#8520=VERTEX_POINT('',#8518);
#8521=CARTESIAN_POINT('',(2.189999999999E-2,-1.4E-2,-5.9E-2));
#8522=CARTESIAN_POINT('',(1.589999999999E-2,-1.4E-2,-5.9E-2));
#8523=VERTEX_POINT('',#8521);
#8524=VERTEX_POINT('',#8522);
#8525=CARTESIAN_POINT('',(-1.610000000001E-2,-1.4E-2,-5.9E-2));
#8526=CARTESIAN_POINT('',(-2.210000000001E-2,-1.4E-2,-5.9E-2));
#8527=VERTEX_POINT('',#8525);
#8528=VERTEX_POINT('',#8526);
#8529=CARTESIAN_POINT('',(2.189999999999E-2,-3.9E-2,5.9E-2));
#8530=CARTESIAN_POINT('',(1.589999999999E-2,-3.9E-2,5.9E-2));
#8531=VERTEX_POINT('',#8529);
#8532=VERTEX_POINT('',#8530);
#8533=CARTESIAN_POINT('',(-1.610000000001E-2,-3.9E-2,5.9E-2));
#8534=CARTESIAN_POINT('',(-2.210000000001E-2,-3.9E-2,5.9E-2));
#8535=VERTEX_POINT('',#8533);
#8536=VERTEX_POINT('',#8534);
#8537=CARTESIAN_POINT('',(2.189999999999E-2,-1.4E-2,5.9E-2));
#8538=CARTESIAN_POINT('',(1.589999999999E-2,-1.4E-2,5.9E-2));
#8539=VERTEX_POINT('',#8537);
#8540=VERTEX_POINT('',#8538);
#8541=CARTESIAN_POINT('',(-1.610000000001E-2,-1.4E-2,5.9E-2));
#8542=CARTESIAN_POINT('',(-2.210000000001E-2,-1.4E-2,5.9E-2));
#8543=VERTEX_POINT('',#8541);
#8544=VERTEX_POINT('',#8542);
#8545=CARTESIAN_POINT('',(2.189999999999E-2,-7.2E-2,-5.9E-2));
#8546=VERTEX_POINT('',#8545);
#8547=CARTESIAN_POINT('',(2.189999999999E-2,-7.2E-2,5.9E-2));
#8548=VERTEX_POINT('',#8547);
#8549=CARTESIAN_POINT('',(-2.210000000001E-2,-7.2E-2,-5.9E-2));
#8550=VERTEX_POINT('',#8549);
#8551=CARTESIAN_POINT('',(-2.210000000001E-2,-7.2E-2,5.9E-2));
#8552=VERTEX_POINT('',#8551);
#8553=CARTESIAN_POINT('',(6.508185400232E-3,2.400392620318E-2,2.1E-2));
#8554=CARTESIAN_POINT('',(6.903221667913E-3,3.538570813946E-2,2.1E-2));
#8555=VERTEX_POINT('',#8553);
#8556=VERTEX_POINT('',#8554);
#8557=CARTESIAN_POINT('',(1.289999999999E-2,5.4E-2,2.1E-2));
#8558=VERTEX_POINT('',#8557);
#8559=CARTESIAN_POINT('',(1.575547667899E-2,5.308007992973E-2,2.1E-2));
#8560=VERTEX_POINT('',#8559);
#8561=CARTESIAN_POINT('',(1.757797780257E-2,4.952520337047E-2,2.1E-2));
#8562=VERTEX_POINT('',#8561);
#8563=CARTESIAN_POINT('',(1.244738718833E-2,3.359960035135E-2,2.1E-2));
#8564=VERTEX_POINT('',#8563);
#8565=CARTESIAN_POINT('',(1.216284412498E-2,2.540134777705E-2,2.1E-2));
#8566=VERTEX_POINT('',#8565);
#8567=CARTESIAN_POINT('',(-1.236284412500E-2,2.540134777705E-2,2.1E-2));
#8568=CARTESIAN_POINT('',(-1.264738718835E-2,3.359960035135E-2,2.1E-2));
#8569=VERTEX_POINT('',#8567);
#8570=VERTEX_POINT('',#8568);
#8571=CARTESIAN_POINT('',(-1.777797780258E-2,4.952520337047E-2,2.1E-2));
#8572=VERTEX_POINT('',#8571);
#8573=CARTESIAN_POINT('',(-1.595547667901E-2,5.308007992973E-2,2.1E-2));
#8574=VERTEX_POINT('',#8573);
#8575=CARTESIAN_POINT('',(-1.310000000001E-2,5.4E-2,2.1E-2));
#8576=VERTEX_POINT('',#8575);
#8577=CARTESIAN_POINT('',(-7.103221667931E-3,3.538570813946E-2,2.1E-2));
#8578=VERTEX_POINT('',#8577);
#8579=CARTESIAN_POINT('',(-6.708185400250E-3,2.400392620318E-2,2.1E-2));
#8580=VERTEX_POINT('',#8579);
#8581=CARTESIAN_POINT('',(6.508185400232E-3,2.400392620318E-2,5.1E-2));
#8582=CARTESIAN_POINT('',(6.903221667913E-3,3.538570813946E-2,5.1E-2));
#8583=VERTEX_POINT('',#8581);
#8584=VERTEX_POINT('',#8582);
#8585=CARTESIAN_POINT('',(1.289999999999E-2,5.4E-2,5.1E-2));
#8586=VERTEX_POINT('',#8585);
#8587=CARTESIAN_POINT('',(1.575547667899E-2,5.308007992973E-2,5.1E-2));
#8588=VERTEX_POINT('',#8587);
#8589=CARTESIAN_POINT('',(1.757797780257E-2,4.952520337047E-2,5.1E-2));
#8590=VERTEX_POINT('',#8589);
#8591=CARTESIAN_POINT('',(1.244738718833E-2,3.359960035135E-2,5.1E-2));
#8592=VERTEX_POINT('',#8591);
#8593=CARTESIAN_POINT('',(1.216284412498E-2,2.540134777705E-2,5.1E-2));
#8594=VERTEX_POINT('',#8593);
#8595=CARTESIAN_POINT('',(-1.236284412500E-2,2.540134777705E-2,5.1E-2));
#8596=CARTESIAN_POINT('',(-1.264738718835E-2,3.359960035135E-2,5.1E-2));
#8597=VERTEX_POINT('',#8595);
#8598=VERTEX_POINT('',#8596);
#8599=CARTESIAN_POINT('',(-1.777797780258E-2,4.952520337047E-2,5.1E-2));
#8600=VERTEX_POINT('',#8599);
#8601=CARTESIAN_POINT('',(-1.595547667901E-2,5.308007992973E-2,5.1E-2));
#8602=VERTEX_POINT('',#8601);
#8603=CARTESIAN_POINT('',(-1.310000000001E-2,5.4E-2,5.1E-2));
#8604=VERTEX_POINT('',#8603);
#8605=CARTESIAN_POINT('',(-7.103221667931E-3,3.538570813946E-2,5.1E-2));
#8606=VERTEX_POINT('',#8605);
#8607=CARTESIAN_POINT('',(-6.708185400250E-3,2.400392620318E-2,5.1E-2));
#8608=VERTEX_POINT('',#8607);
#8609=CARTESIAN_POINT('',(2.189999999999E-2,-1.4E-2,5.1E-2));
#8610=CARTESIAN_POINT('',(2.189999999999E-2,-1.4E-2,2.1E-2));
#8611=VERTEX_POINT('',#8609);
#8612=VERTEX_POINT('',#8610);
#8613=CARTESIAN_POINT('',(-2.210000000001E-2,-1.4E-2,5.1E-2));
#8614=CARTESIAN_POINT('',(-2.210000000001E-2,-1.4E-2,2.1E-2));
#8615=VERTEX_POINT('',#8613);
#8616=VERTEX_POINT('',#8614);
#8617=CARTESIAN_POINT('',(1.589999999999E-2,-1.4E-2,5.1E-2));
#8618=VERTEX_POINT('',#8617);
#8619=CARTESIAN_POINT('',(-1.610000000001E-2,-1.4E-2,5.1E-2));
#8620=VERTEX_POINT('',#8619);
#8621=CARTESIAN_POINT('',(1.589999999999E-2,-1.4E-2,2.1E-2));
#8622=VERTEX_POINT('',#8621);
#8623=CARTESIAN_POINT('',(-1.610000000001E-2,-1.4E-2,2.1E-2));
#8624=VERTEX_POINT('',#8623);
#8625=CARTESIAN_POINT('',(-6.708185400250E-3,2.400392620318E-2,-2.1E-2));
#8626=CARTESIAN_POINT('',(-7.103221667931E-3,3.538570813946E-2,-2.1E-2));
#8627=VERTEX_POINT('',#8625);
#8628=VERTEX_POINT('',#8626);
#8629=CARTESIAN_POINT('',(-1.310000000001E-2,5.4E-2,-2.1E-2));
#8630=VERTEX_POINT('',#8629);
#8631=CARTESIAN_POINT('',(-1.595547667901E-2,5.308007992973E-2,-2.1E-2));
#8632=VERTEX_POINT('',#8631);
#8633=CARTESIAN_POINT('',(-1.777797780258E-2,4.952520337047E-2,-2.1E-2));
#8634=VERTEX_POINT('',#8633);
#8635=CARTESIAN_POINT('',(-1.264738718835E-2,3.359960035135E-2,-2.1E-2));
#8636=VERTEX_POINT('',#8635);
#8637=CARTESIAN_POINT('',(-1.236284412500E-2,2.540134777705E-2,-2.1E-2));
#8638=VERTEX_POINT('',#8637);
#8639=CARTESIAN_POINT('',(1.216284412498E-2,2.540134777705E-2,-2.1E-2));
#8640=CARTESIAN_POINT('',(1.244738718833E-2,3.359960035135E-2,-2.1E-2));
#8641=VERTEX_POINT('',#8639);
#8642=VERTEX_POINT('',#8640);
#8643=CARTESIAN_POINT('',(1.757797780257E-2,4.952520337047E-2,-2.1E-2));
#8644=VERTEX_POINT('',#8643);
#8645=CARTESIAN_POINT('',(1.575547667899E-2,5.308007992973E-2,-2.1E-2));
#8646=VERTEX_POINT('',#8645);
#8647=CARTESIAN_POINT('',(1.289999999999E-2,5.4E-2,-2.1E-2));
#8648=VERTEX_POINT('',#8647);
#8649=CARTESIAN_POINT('',(6.903221667913E-3,3.538570813946E-2,-2.1E-2));
#8650=VERTEX_POINT('',#8649);
#8651=CARTESIAN_POINT('',(6.508185400232E-3,2.400392620318E-2,-2.1E-2));
#8652=VERTEX_POINT('',#8651);
#8653=CARTESIAN_POINT('',(-6.708185400250E-3,2.400392620318E-2,-5.1E-2));
#8654=CARTESIAN_POINT('',(-7.103221667931E-3,3.538570813946E-2,-5.1E-2));
#8655=VERTEX_POINT('',#8653);
#8656=VERTEX_POINT('',#8654);
#8657=CARTESIAN_POINT('',(-1.310000000001E-2,5.4E-2,-5.1E-2));
#8658=VERTEX_POINT('',#8657);
#8659=CARTESIAN_POINT('',(-1.595547667901E-2,5.308007992973E-2,-5.1E-2));
#8660=VERTEX_POINT('',#8659);
#8661=CARTESIAN_POINT('',(-1.777797780258E-2,4.952520337047E-2,-5.1E-2));
#8662=VERTEX_POINT('',#8661);
#8663=CARTESIAN_POINT('',(-1.264738718835E-2,3.359960035135E-2,-5.1E-2));
#8664=VERTEX_POINT('',#8663);
#8665=CARTESIAN_POINT('',(-1.236284412500E-2,2.540134777705E-2,-5.1E-2));
#8666=VERTEX_POINT('',#8665);
#8667=CARTESIAN_POINT('',(1.216284412498E-2,2.540134777705E-2,-5.1E-2));
#8668=CARTESIAN_POINT('',(1.244738718833E-2,3.359960035135E-2,-5.1E-2));
#8669=VERTEX_POINT('',#8667);
#8670=VERTEX_POINT('',#8668);
#8671=CARTESIAN_POINT('',(1.757797780257E-2,4.952520337047E-2,-5.1E-2));
#8672=VERTEX_POINT('',#8671);
#8673=CARTESIAN_POINT('',(1.575547667899E-2,5.308007992973E-2,-5.1E-2));
#8674=VERTEX_POINT('',#8673);
#8675=CARTESIAN_POINT('',(1.289999999999E-2,5.4E-2,-5.1E-2));
#8676=VERTEX_POINT('',#8675);
#8677=CARTESIAN_POINT('',(6.903221667913E-3,3.538570813946E-2,-5.1E-2));
#8678=VERTEX_POINT('',#8677);
#8679=CARTESIAN_POINT('',(6.508185400232E-3,2.400392620318E-2,-5.1E-2));
#8680=VERTEX_POINT('',#8679);
#8681=CARTESIAN_POINT('',(2.189999999999E-2,-1.4E-2,-5.1E-2));
#8682=CARTESIAN_POINT('',(2.189999999999E-2,-1.4E-2,-2.1E-2));
#8683=VERTEX_POINT('',#8681);
#8684=VERTEX_POINT('',#8682);
#8685=CARTESIAN_POINT('',(-2.210000000001E-2,-1.4E-2,-5.1E-2));
#8686=CARTESIAN_POINT('',(-2.210000000001E-2,-1.4E-2,-2.1E-2));
#8687=VERTEX_POINT('',#8685);
#8688=VERTEX_POINT('',#8686);
#8689=CARTESIAN_POINT('',(1.589999999999E-2,-1.4E-2,-5.1E-2));
#8690=VERTEX_POINT('',#8689);
#8691=CARTESIAN_POINT('',(-1.610000000001E-2,-1.4E-2,-5.1E-2));
#8692=VERTEX_POINT('',#8691);
#8693=CARTESIAN_POINT('',(-1.610000000001E-2,-1.4E-2,-2.1E-2));
#8694=VERTEX_POINT('',#8693);
#8695=CARTESIAN_POINT('',(1.589999999999E-2,-1.4E-2,-2.1E-2));
#8696=VERTEX_POINT('',#8695);
#8697=CARTESIAN_POINT('',(1.006E-1,-3.9E-2,-2.1E-2));
#8698=CARTESIAN_POINT('',(9.459999999999E-2,-3.9E-2,-2.1E-2));
#8699=VERTEX_POINT('',#8697);
#8700=VERTEX_POINT('',#8698);
#8701=CARTESIAN_POINT('',(6.259999999999E-2,-3.9E-2,-2.1E-2));
#8702=CARTESIAN_POINT('',(5.659999999999E-2,-3.9E-2,-2.1E-2));
#8703=VERTEX_POINT('',#8701);
#8704=VERTEX_POINT('',#8702);
#8705=CARTESIAN_POINT('',(9.459999999999E-2,-3.9E-2,2.1E-2));
#8706=CARTESIAN_POINT('',(1.006E-1,-3.9E-2,2.1E-2));
#8707=VERTEX_POINT('',#8705);
#8708=VERTEX_POINT('',#8706);
#8709=CARTESIAN_POINT('',(5.659999999999E-2,-3.9E-2,2.1E-2));
#8710=CARTESIAN_POINT('',(6.259999999999E-2,-3.9E-2,2.1E-2));
#8711=VERTEX_POINT('',#8709);
#8712=VERTEX_POINT('',#8710);
#8713=CARTESIAN_POINT('',(1.006E-1,-3.9E-2,-5.9E-2));
#8714=CARTESIAN_POINT('',(9.459999999999E-2,-3.9E-2,-5.9E-2));
#8715=VERTEX_POINT('',#8713);
#8716=VERTEX_POINT('',#8714);
#8717=CARTESIAN_POINT('',(6.259999999999E-2,-3.9E-2,-5.9E-2));
#8718=CARTESIAN_POINT('',(5.659999999999E-2,-3.9E-2,-5.9E-2));
#8719=VERTEX_POINT('',#8717);
#8720=VERTEX_POINT('',#8718);
#8721=CARTESIAN_POINT('',(1.006E-1,-1.4E-2,-5.9E-2));
#8722=CARTESIAN_POINT('',(9.459999999999E-2,-1.4E-2,-5.9E-2));
#8723=VERTEX_POINT('',#8721);
#8724=VERTEX_POINT('',#8722);
#8725=CARTESIAN_POINT('',(6.259999999999E-2,-1.4E-2,-5.9E-2));
#8726=CARTESIAN_POINT('',(5.659999999999E-2,-1.4E-2,-5.9E-2));
#8727=VERTEX_POINT('',#8725);
#8728=VERTEX_POINT('',#8726);
#8729=CARTESIAN_POINT('',(1.006E-1,-3.9E-2,5.9E-2));
#8730=CARTESIAN_POINT('',(9.459999999999E-2,-3.9E-2,5.9E-2));
#8731=VERTEX_POINT('',#8729);
#8732=VERTEX_POINT('',#8730);
#8733=CARTESIAN_POINT('',(6.259999999999E-2,-3.9E-2,5.9E-2));
#8734=CARTESIAN_POINT('',(5.659999999999E-2,-3.9E-2,5.9E-2));
#8735=VERTEX_POINT('',#8733);
#8736=VERTEX_POINT('',#8734);
#8737=CARTESIAN_POINT('',(1.006E-1,-1.4E-2,5.9E-2));
#8738=CARTESIAN_POINT('',(9.459999999999E-2,-1.4E-2,5.9E-2));
#8739=VERTEX_POINT('',#8737);
#8740=VERTEX_POINT('',#8738);
#8741=CARTESIAN_POINT('',(6.259999999999E-2,-1.4E-2,5.9E-2));
#8742=CARTESIAN_POINT('',(5.659999999999E-2,-1.4E-2,5.9E-2));
#8743=VERTEX_POINT('',#8741);
#8744=VERTEX_POINT('',#8742);
#8745=CARTESIAN_POINT('',(1.006E-1,-7.2E-2,-5.9E-2));
#8746=VERTEX_POINT('',#8745);
#8747=CARTESIAN_POINT('',(1.006E-1,-7.2E-2,5.9E-2));
#8748=VERTEX_POINT('',#8747);
#8749=CARTESIAN_POINT('',(5.659999999999E-2,-7.2E-2,-5.9E-2));
#8750=VERTEX_POINT('',#8749);
#8751=CARTESIAN_POINT('',(5.659999999999E-2,-7.2E-2,5.9E-2));
#8752=VERTEX_POINT('',#8751);
#8753=CARTESIAN_POINT('',(8.520818540023E-2,2.400392620318E-2,2.1E-2));
#8754=CARTESIAN_POINT('',(8.560322166791E-2,3.538570813946E-2,2.1E-2));
#8755=VERTEX_POINT('',#8753);
#8756=VERTEX_POINT('',#8754);
#8757=CARTESIAN_POINT('',(9.159999999999E-2,5.4E-2,2.1E-2));
#8758=VERTEX_POINT('',#8757);
#8759=CARTESIAN_POINT('',(9.445547667899E-2,5.308007992973E-2,2.1E-2));
#8760=VERTEX_POINT('',#8759);
#8761=CARTESIAN_POINT('',(9.627797780257E-2,4.952520337047E-2,2.1E-2));
#8762=VERTEX_POINT('',#8761);
#8763=CARTESIAN_POINT('',(9.114738718833E-2,3.359960035135E-2,2.1E-2));
#8764=VERTEX_POINT('',#8763);
#8765=CARTESIAN_POINT('',(9.086284412498E-2,2.540134777705E-2,2.1E-2));
#8766=VERTEX_POINT('',#8765);
#8767=CARTESIAN_POINT('',(6.633715587500E-2,2.540134777705E-2,2.1E-2));
#8768=CARTESIAN_POINT('',(6.605261281165E-2,3.359960035135E-2,2.1E-2));
#8769=VERTEX_POINT('',#8767);
#8770=VERTEX_POINT('',#8768);
#8771=CARTESIAN_POINT('',(6.092202219742E-2,4.952520337047E-2,2.1E-2));
#8772=VERTEX_POINT('',#8771);
#8773=CARTESIAN_POINT('',(6.274452332099E-2,5.308007992973E-2,2.1E-2));
#8774=VERTEX_POINT('',#8773);
#8775=CARTESIAN_POINT('',(6.559999999999E-2,5.4E-2,2.1E-2));
#8776=VERTEX_POINT('',#8775);
#8777=CARTESIAN_POINT('',(7.159677833207E-2,3.538570813946E-2,2.1E-2));
#8778=VERTEX_POINT('',#8777);
#8779=CARTESIAN_POINT('',(7.199181459975E-2,2.400392620318E-2,2.1E-2));
#8780=VERTEX_POINT('',#8779);
#8781=CARTESIAN_POINT('',(8.520818540023E-2,2.400392620318E-2,5.1E-2));
#8782=CARTESIAN_POINT('',(8.560322166791E-2,3.538570813946E-2,5.1E-2));
#8783=VERTEX_POINT('',#8781);
#8784=VERTEX_POINT('',#8782);
#8785=CARTESIAN_POINT('',(9.159999999999E-2,5.4E-2,5.1E-2));
#8786=VERTEX_POINT('',#8785);
#8787=CARTESIAN_POINT('',(9.445547667899E-2,5.308007992973E-2,5.1E-2));
#8788=VERTEX_POINT('',#8787);
#8789=CARTESIAN_POINT('',(9.627797780257E-2,4.952520337047E-2,5.1E-2));
#8790=VERTEX_POINT('',#8789);
#8791=CARTESIAN_POINT('',(9.114738718833E-2,3.359960035135E-2,5.1E-2));
#8792=VERTEX_POINT('',#8791);
#8793=CARTESIAN_POINT('',(9.086284412498E-2,2.540134777705E-2,5.1E-2));
#8794=VERTEX_POINT('',#8793);
#8795=CARTESIAN_POINT('',(6.633715587500E-2,2.540134777705E-2,5.1E-2));
#8796=CARTESIAN_POINT('',(6.605261281165E-2,3.359960035135E-2,5.1E-2));
#8797=VERTEX_POINT('',#8795);
#8798=VERTEX_POINT('',#8796);
#8799=CARTESIAN_POINT('',(6.092202219742E-2,4.952520337047E-2,5.1E-2));
#8800=VERTEX_POINT('',#8799);
#8801=CARTESIAN_POINT('',(6.274452332099E-2,5.308007992973E-2,5.1E-2));
#8802=VERTEX_POINT('',#8801);
#8803=CARTESIAN_POINT('',(6.559999999999E-2,5.4E-2,5.1E-2));
#8804=VERTEX_POINT('',#8803);
#8805=CARTESIAN_POINT('',(7.159677833207E-2,3.538570813946E-2,5.1E-2));
#8806=VERTEX_POINT('',#8805);
#8807=CARTESIAN_POINT('',(7.199181459975E-2,2.400392620318E-2,5.1E-2));
#8808=VERTEX_POINT('',#8807);
#8809=CARTESIAN_POINT('',(1.006E-1,-1.4E-2,5.1E-2));
#8810=CARTESIAN_POINT('',(1.006E-1,-1.4E-2,2.1E-2));
#8811=VERTEX_POINT('',#8809);
#8812=VERTEX_POINT('',#8810);
#8813=CARTESIAN_POINT('',(5.659999999999E-2,-1.4E-2,5.1E-2));
#8814=CARTESIAN_POINT('',(5.659999999999E-2,-1.4E-2,2.1E-2));
#8815=VERTEX_POINT('',#8813);
#8816=VERTEX_POINT('',#8814);
#8817=CARTESIAN_POINT('',(9.459999999999E-2,-1.4E-2,5.1E-2));
#8818=VERTEX_POINT('',#8817);
#8819=CARTESIAN_POINT('',(6.259999999999E-2,-1.4E-2,5.1E-2));
#8820=VERTEX_POINT('',#8819);
#8821=CARTESIAN_POINT('',(9.459999999999E-2,-1.4E-2,2.1E-2));
#8822=VERTEX_POINT('',#8821);
#8823=CARTESIAN_POINT('',(6.259999999999E-2,-1.4E-2,2.1E-2));
#8824=VERTEX_POINT('',#8823);
#8825=CARTESIAN_POINT('',(7.199181459975E-2,2.400392620318E-2,-2.1E-2));
#8826=CARTESIAN_POINT('',(7.159677833207E-2,3.538570813946E-2,-2.1E-2));
#8827=VERTEX_POINT('',#8825);
#8828=VERTEX_POINT('',#8826);
#8829=CARTESIAN_POINT('',(6.559999999999E-2,5.4E-2,-2.1E-2));
#8830=VERTEX_POINT('',#8829);
#8831=CARTESIAN_POINT('',(6.274452332099E-2,5.308007992973E-2,-2.1E-2));
#8832=VERTEX_POINT('',#8831);
#8833=CARTESIAN_POINT('',(6.092202219742E-2,4.952520337047E-2,-2.1E-2));
#8834=VERTEX_POINT('',#8833);
#8835=CARTESIAN_POINT('',(6.605261281165E-2,3.359960035135E-2,-2.1E-2));
#8836=VERTEX_POINT('',#8835);
#8837=CARTESIAN_POINT('',(6.633715587500E-2,2.540134777705E-2,-2.1E-2));
#8838=VERTEX_POINT('',#8837);
#8839=CARTESIAN_POINT('',(9.086284412498E-2,2.540134777705E-2,-2.1E-2));
#8840=CARTESIAN_POINT('',(9.114738718833E-2,3.359960035135E-2,-2.1E-2));
#8841=VERTEX_POINT('',#8839);
#8842=VERTEX_POINT('',#8840);
#8843=CARTESIAN_POINT('',(9.627797780257E-2,4.952520337047E-2,-2.1E-2));
#8844=VERTEX_POINT('',#8843);
#8845=CARTESIAN_POINT('',(9.445547667899E-2,5.308007992973E-2,-2.1E-2));
#8846=VERTEX_POINT('',#8845);
#8847=CARTESIAN_POINT('',(9.159999999999E-2,5.4E-2,-2.1E-2));
#8848=VERTEX_POINT('',#8847);
#8849=CARTESIAN_POINT('',(8.560322166791E-2,3.538570813946E-2,-2.1E-2));
#8850=VERTEX_POINT('',#8849);
#8851=CARTESIAN_POINT('',(8.520818540023E-2,2.400392620318E-2,-2.1E-2));
#8852=VERTEX_POINT('',#8851);
#8853=CARTESIAN_POINT('',(7.199181459975E-2,2.400392620318E-2,-5.1E-2));
#8854=CARTESIAN_POINT('',(7.159677833207E-2,3.538570813946E-2,-5.1E-2));
#8855=VERTEX_POINT('',#8853);
#8856=VERTEX_POINT('',#8854);
#8857=CARTESIAN_POINT('',(6.559999999999E-2,5.4E-2,-5.1E-2));
#8858=VERTEX_POINT('',#8857);
#8859=CARTESIAN_POINT('',(6.274452332099E-2,5.308007992973E-2,-5.1E-2));
#8860=VERTEX_POINT('',#8859);
#8861=CARTESIAN_POINT('',(6.092202219742E-2,4.952520337047E-2,-5.1E-2));
#8862=VERTEX_POINT('',#8861);
#8863=CARTESIAN_POINT('',(6.605261281165E-2,3.359960035135E-2,-5.1E-2));
#8864=VERTEX_POINT('',#8863);
#8865=CARTESIAN_POINT('',(6.633715587500E-2,2.540134777705E-2,-5.1E-2));
#8866=VERTEX_POINT('',#8865);
#8867=CARTESIAN_POINT('',(9.086284412498E-2,2.540134777705E-2,-5.1E-2));
#8868=CARTESIAN_POINT('',(9.114738718833E-2,3.359960035135E-2,-5.1E-2));
#8869=VERTEX_POINT('',#8867);
#8870=VERTEX_POINT('',#8868);
#8871=CARTESIAN_POINT('',(9.627797780257E-2,4.952520337047E-2,-5.1E-2));
#8872=VERTEX_POINT('',#8871);
#8873=CARTESIAN_POINT('',(9.445547667899E-2,5.308007992973E-2,-5.1E-2));
#8874=VERTEX_POINT('',#8873);
#8875=CARTESIAN_POINT('',(9.159999999999E-2,5.4E-2,-5.1E-2));
#8876=VERTEX_POINT('',#8875);
#8877=CARTESIAN_POINT('',(8.560322166791E-2,3.538570813946E-2,-5.1E-2));
#8878=VERTEX_POINT('',#8877);
#8879=CARTESIAN_POINT('',(8.520818540023E-2,2.400392620318E-2,-5.1E-2));
#8880=VERTEX_POINT('',#8879);
#8881=CARTESIAN_POINT('',(1.006E-1,-1.4E-2,-5.1E-2));
#8882=CARTESIAN_POINT('',(1.006E-1,-1.4E-2,-2.1E-2));
#8883=VERTEX_POINT('',#8881);
#8884=VERTEX_POINT('',#8882);
#8885=CARTESIAN_POINT('',(5.659999999999E-2,-1.4E-2,-5.1E-2));
#8886=CARTESIAN_POINT('',(5.659999999999E-2,-1.4E-2,-2.1E-2));
#8887=VERTEX_POINT('',#8885);
#8888=VERTEX_POINT('',#8886);
#8889=CARTESIAN_POINT('',(9.459999999999E-2,-1.4E-2,-5.1E-2));
#8890=VERTEX_POINT('',#8889);
#8891=CARTESIAN_POINT('',(6.259999999999E-2,-1.4E-2,-5.1E-2));
#8892=VERTEX_POINT('',#8891);
#8893=CARTESIAN_POINT('',(6.259999999999E-2,-1.4E-2,-2.1E-2));
#8894=VERTEX_POINT('',#8893);
#8895=CARTESIAN_POINT('',(9.459999999999E-2,-1.4E-2,-2.1E-2));
#8896=VERTEX_POINT('',#8895);
#8897=CARTESIAN_POINT('',(1.793E-1,-3.9E-2,-2.1E-2));
#8898=CARTESIAN_POINT('',(1.733E-1,-3.9E-2,-2.1E-2));
#8899=VERTEX_POINT('',#8897);
#8900=VERTEX_POINT('',#8898);
#8901=CARTESIAN_POINT('',(1.413E-1,-3.9E-2,-2.1E-2));
#8902=CARTESIAN_POINT('',(1.353E-1,-3.9E-2,-2.1E-2));
#8903=VERTEX_POINT('',#8901);
#8904=VERTEX_POINT('',#8902);
#8905=CARTESIAN_POINT('',(1.733E-1,-3.9E-2,2.1E-2));
#8906=CARTESIAN_POINT('',(1.793E-1,-3.9E-2,2.1E-2));
#8907=VERTEX_POINT('',#8905);
#8908=VERTEX_POINT('',#8906);
#8909=CARTESIAN_POINT('',(1.353E-1,-3.9E-2,2.1E-2));
#8910=CARTESIAN_POINT('',(1.413E-1,-3.9E-2,2.1E-2));
#8911=VERTEX_POINT('',#8909);
#8912=VERTEX_POINT('',#8910);
#8913=CARTESIAN_POINT('',(1.793E-1,-3.9E-2,-5.9E-2));
#8914=CARTESIAN_POINT('',(1.733E-1,-3.9E-2,-5.9E-2));
#8915=VERTEX_POINT('',#8913);
#8916=VERTEX_POINT('',#8914);
#8917=CARTESIAN_POINT('',(1.413E-1,-3.9E-2,-5.9E-2));
#8918=CARTESIAN_POINT('',(1.353E-1,-3.9E-2,-5.9E-2));
#8919=VERTEX_POINT('',#8917);
#8920=VERTEX_POINT('',#8918);
#8921=CARTESIAN_POINT('',(1.793E-1,-1.4E-2,-5.9E-2));
#8922=CARTESIAN_POINT('',(1.733E-1,-1.4E-2,-5.9E-2));
#8923=VERTEX_POINT('',#8921);
#8924=VERTEX_POINT('',#8922);
#8925=CARTESIAN_POINT('',(1.413E-1,-1.4E-2,-5.9E-2));
#8926=CARTESIAN_POINT('',(1.353E-1,-1.4E-2,-5.9E-2));
#8927=VERTEX_POINT('',#8925);
#8928=VERTEX_POINT('',#8926);
#8929=CARTESIAN_POINT('',(1.793E-1,-3.9E-2,5.9E-2));
#8930=CARTESIAN_POINT('',(1.733E-1,-3.9E-2,5.9E-2));
#8931=VERTEX_POINT('',#8929);
#8932=VERTEX_POINT('',#8930);
#8933=CARTESIAN_POINT('',(1.413E-1,-3.9E-2,5.9E-2));
#8934=CARTESIAN_POINT('',(1.353E-1,-3.9E-2,5.9E-2));
#8935=VERTEX_POINT('',#8933);
#8936=VERTEX_POINT('',#8934);
#8937=CARTESIAN_POINT('',(1.793E-1,-1.4E-2,5.9E-2));
#8938=CARTESIAN_POINT('',(1.733E-1,-1.4E-2,5.9E-2));
#8939=VERTEX_POINT('',#8937);
#8940=VERTEX_POINT('',#8938);
#8941=CARTESIAN_POINT('',(1.413E-1,-1.4E-2,5.9E-2));
#8942=CARTESIAN_POINT('',(1.353E-1,-1.4E-2,5.9E-2));
#8943=VERTEX_POINT('',#8941);
#8944=VERTEX_POINT('',#8942);
#8945=CARTESIAN_POINT('',(1.793E-1,-7.2E-2,-5.9E-2));
#8946=VERTEX_POINT('',#8945);
#8947=CARTESIAN_POINT('',(1.793E-1,-7.2E-2,5.9E-2));
#8948=VERTEX_POINT('',#8947);
#8949=CARTESIAN_POINT('',(1.353E-1,-7.2E-2,-5.9E-2));
#8950=VERTEX_POINT('',#8949);
#8951=CARTESIAN_POINT('',(1.353E-1,-7.2E-2,5.9E-2));
#8952=VERTEX_POINT('',#8951);
#8953=CARTESIAN_POINT('',(1.639081854002E-1,2.400392620318E-2,2.1E-2));
#8954=CARTESIAN_POINT('',(1.643032216679E-1,3.538570813946E-2,2.1E-2));
#8955=VERTEX_POINT('',#8953);
#8956=VERTEX_POINT('',#8954);
#8957=CARTESIAN_POINT('',(1.703E-1,5.4E-2,2.1E-2));
#8958=VERTEX_POINT('',#8957);
#8959=CARTESIAN_POINT('',(1.731554766790E-1,5.308007992973E-2,2.1E-2));
#8960=VERTEX_POINT('',#8959);
#8961=CARTESIAN_POINT('',(1.749779778026E-1,4.952520337047E-2,2.1E-2));
#8962=VERTEX_POINT('',#8961);
#8963=CARTESIAN_POINT('',(1.698473871883E-1,3.359960035135E-2,2.1E-2));
#8964=VERTEX_POINT('',#8963);
#8965=CARTESIAN_POINT('',(1.695628441250E-1,2.540134777705E-2,2.1E-2));
#8966=VERTEX_POINT('',#8965);
#8967=CARTESIAN_POINT('',(1.450371558750E-1,2.540134777705E-2,2.1E-2));
#8968=CARTESIAN_POINT('',(1.447526128117E-1,3.359960035135E-2,2.1E-2));
#8969=VERTEX_POINT('',#8967);
#8970=VERTEX_POINT('',#8968);
#8971=CARTESIAN_POINT('',(1.396220221974E-1,4.952520337047E-2,2.1E-2));
#8972=VERTEX_POINT('',#8971);
#8973=CARTESIAN_POINT('',(1.414445233210E-1,5.308007992973E-2,2.1E-2));
#8974=VERTEX_POINT('',#8973);
#8975=CARTESIAN_POINT('',(1.443E-1,5.4E-2,2.1E-2));
#8976=VERTEX_POINT('',#8975);
#8977=CARTESIAN_POINT('',(1.502967783321E-1,3.538570813946E-2,2.1E-2));
#8978=VERTEX_POINT('',#8977);
#8979=CARTESIAN_POINT('',(1.506918145998E-1,2.400392620318E-2,2.1E-2));
#8980=VERTEX_POINT('',#8979);
#8981=CARTESIAN_POINT('',(1.639081854002E-1,2.400392620318E-2,5.1E-2));
#8982=CARTESIAN_POINT('',(1.643032216679E-1,3.538570813946E-2,5.1E-2));
#8983=VERTEX_POINT('',#8981);
#8984=VERTEX_POINT('',#8982);
#8985=CARTESIAN_POINT('',(1.703E-1,5.4E-2,5.1E-2));
#8986=VERTEX_POINT('',#8985);
#8987=CARTESIAN_POINT('',(1.731554766790E-1,5.308007992973E-2,5.1E-2));
#8988=VERTEX_POINT('',#8987);
#8989=CARTESIAN_POINT('',(1.749779778026E-1,4.952520337047E-2,5.1E-2));
#8990=VERTEX_POINT('',#8989);
#8991=CARTESIAN_POINT('',(1.698473871883E-1,3.359960035135E-2,5.1E-2));
#8992=VERTEX_POINT('',#8991);
#8993=CARTESIAN_POINT('',(1.695628441250E-1,2.540134777705E-2,5.1E-2));
#8994=VERTEX_POINT('',#8993);
#8995=CARTESIAN_POINT('',(1.450371558750E-1,2.540134777705E-2,5.1E-2));
#8996=CARTESIAN_POINT('',(1.447526128117E-1,3.359960035135E-2,5.1E-2));
#8997=VERTEX_POINT('',#8995);
#8998=VERTEX_POINT('',#8996);
#8999=CARTESIAN_POINT('',(1.396220221974E-1,4.952520337047E-2,5.1E-2));
#9000=VERTEX_POINT('',#8999);
#9001=CARTESIAN_POINT('',(1.414445233210E-1,5.308007992973E-2,5.1E-2));
#9002=VERTEX_POINT('',#9001);
#9003=CARTESIAN_POINT('',(1.443E-1,5.4E-2,5.1E-2));
#9004=VERTEX_POINT('',#9003);
#9005=CARTESIAN_POINT('',(1.502967783321E-1,3.538570813946E-2,5.1E-2));
#9006=VERTEX_POINT('',#9005);
#9007=CARTESIAN_POINT('',(1.506918145998E-1,2.400392620318E-2,5.1E-2));
#9008=VERTEX_POINT('',#9007);
#9009=CARTESIAN_POINT('',(1.793E-1,-1.4E-2,5.1E-2));
#9010=CARTESIAN_POINT('',(1.793E-1,-1.4E-2,2.1E-2));
#9011=VERTEX_POINT('',#9009);
#9012=VERTEX_POINT('',#9010);
#9013=CARTESIAN_POINT('',(1.353E-1,-1.4E-2,5.1E-2));
#9014=CARTESIAN_POINT('',(1.353E-1,-1.4E-2,2.1E-2));
#9015=VERTEX_POINT('',#9013);
#9016=VERTEX_POINT('',#9014);
#9017=CARTESIAN_POINT('',(1.733E-1,-1.4E-2,5.1E-2));
#9018=VERTEX_POINT('',#9017);
#9019=CARTESIAN_POINT('',(1.413E-1,-1.4E-2,5.1E-2));
#9020=VERTEX_POINT('',#9019);
#9021=CARTESIAN_POINT('',(1.733E-1,-1.4E-2,2.1E-2));
#9022=VERTEX_POINT('',#9021);
#9023=CARTESIAN_POINT('',(1.413E-1,-1.4E-2,2.1E-2));
#9024=VERTEX_POINT('',#9023);
#9025=CARTESIAN_POINT('',(1.506918145998E-1,2.400392620318E-2,-2.1E-2));
#9026=CARTESIAN_POINT('',(1.502967783321E-1,3.538570813946E-2,-2.1E-2));
#9027=VERTEX_POINT('',#9025);
#9028=VERTEX_POINT('',#9026);
#9029=CARTESIAN_POINT('',(1.443E-1,5.4E-2,-2.1E-2));
#9030=VERTEX_POINT('',#9029);
#9031=CARTESIAN_POINT('',(1.414445233210E-1,5.308007992973E-2,-2.1E-2));
#9032=VERTEX_POINT('',#9031);
#9033=CARTESIAN_POINT('',(1.396220221974E-1,4.952520337047E-2,-2.1E-2));
#9034=VERTEX_POINT('',#9033);
#9035=CARTESIAN_POINT('',(1.447526128117E-1,3.359960035135E-2,-2.1E-2));
#9036=VERTEX_POINT('',#9035);
#9037=CARTESIAN_POINT('',(1.450371558750E-1,2.540134777705E-2,-2.1E-2));
#9038=VERTEX_POINT('',#9037);
#9039=CARTESIAN_POINT('',(1.695628441250E-1,2.540134777705E-2,-2.1E-2));
#9040=CARTESIAN_POINT('',(1.698473871883E-1,3.359960035135E-2,-2.1E-2));
#9041=VERTEX_POINT('',#9039);
#9042=VERTEX_POINT('',#9040);
#9043=CARTESIAN_POINT('',(1.749779778026E-1,4.952520337047E-2,-2.1E-2));
#9044=VERTEX_POINT('',#9043);
#9045=CARTESIAN_POINT('',(1.731554766790E-1,5.308007992973E-2,-2.1E-2));
#9046=VERTEX_POINT('',#9045);
#9047=CARTESIAN_POINT('',(1.703E-1,5.4E-2,-2.1E-2));
#9048=VERTEX_POINT('',#9047);
#9049=CARTESIAN_POINT('',(1.643032216679E-1,3.538570813946E-2,-2.1E-2));
#9050=VERTEX_POINT('',#9049);
#9051=CARTESIAN_POINT('',(1.639081854002E-1,2.400392620318E-2,-2.1E-2));
#9052=VERTEX_POINT('',#9051);
#9053=CARTESIAN_POINT('',(1.506918145998E-1,2.400392620318E-2,-5.1E-2));
#9054=CARTESIAN_POINT('',(1.502967783321E-1,3.538570813946E-2,-5.1E-2));
#9055=VERTEX_POINT('',#9053);
#9056=VERTEX_POINT('',#9054);
#9057=CARTESIAN_POINT('',(1.443E-1,5.4E-2,-5.1E-2));
#9058=VERTEX_POINT('',#9057);
#9059=CARTESIAN_POINT('',(1.414445233210E-1,5.308007992973E-2,-5.1E-2));
#9060=VERTEX_POINT('',#9059);
#9061=CARTESIAN_POINT('',(1.396220221974E-1,4.952520337047E-2,-5.1E-2));
#9062=VERTEX_POINT('',#9061);
#9063=CARTESIAN_POINT('',(1.447526128117E-1,3.359960035135E-2,-5.1E-2));
#9064=VERTEX_POINT('',#9063);
#9065=CARTESIAN_POINT('',(1.450371558750E-1,2.540134777705E-2,-5.1E-2));
#9066=VERTEX_POINT('',#9065);
#9067=CARTESIAN_POINT('',(1.695628441250E-1,2.540134777705E-2,-5.1E-2));
#9068=CARTESIAN_POINT('',(1.698473871883E-1,3.359960035135E-2,-5.1E-2));
#9069=VERTEX_POINT('',#9067);
#9070=VERTEX_POINT('',#9068);
#9071=CARTESIAN_POINT('',(1.749779778026E-1,4.952520337047E-2,-5.1E-2));
#9072=VERTEX_POINT('',#9071);
#9073=CARTESIAN_POINT('',(1.731554766790E-1,5.308007992973E-2,-5.1E-2));
#9074=VERTEX_POINT('',#9073);
#9075=CARTESIAN_POINT('',(1.703E-1,5.4E-2,-5.1E-2));
#9076=VERTEX_POINT('',#9075);
#9077=CARTESIAN_POINT('',(1.643032216679E-1,3.538570813946E-2,-5.1E-2));
#9078=VERTEX_POINT('',#9077);
#9079=CARTESIAN_POINT('',(1.639081854002E-1,2.400392620318E-2,-5.1E-2));
#9080=VERTEX_POINT('',#9079);
#9081=CARTESIAN_POINT('',(1.793E-1,-1.4E-2,-5.1E-2));
#9082=CARTESIAN_POINT('',(1.793E-1,-1.4E-2,-2.1E-2));
#9083=VERTEX_POINT('',#9081);
#9084=VERTEX_POINT('',#9082);
#9085=CARTESIAN_POINT('',(1.353E-1,-1.4E-2,-5.1E-2));
#9086=CARTESIAN_POINT('',(1.353E-1,-1.4E-2,-2.1E-2));
#9087=VERTEX_POINT('',#9085);
#9088=VERTEX_POINT('',#9086);
#9089=CARTESIAN_POINT('',(1.733E-1,-1.4E-2,-5.1E-2));
#9090=VERTEX_POINT('',#9089);
#9091=CARTESIAN_POINT('',(1.413E-1,-1.4E-2,-5.1E-2));
#9092=VERTEX_POINT('',#9091);
#9093=CARTESIAN_POINT('',(1.413E-1,-1.4E-2,-2.1E-2));
#9094=VERTEX_POINT('',#9093);
#9095=CARTESIAN_POINT('',(1.733E-1,-1.4E-2,-2.1E-2));
#9096=VERTEX_POINT('',#9095);
#9097=CARTESIAN_POINT('',(-1.E-1,9.8E-2,-8.E-2));
#9098=CARTESIAN_POINT('',(-1.E-1,1.03E-1,-8.E-2));
#9099=VERTEX_POINT('',#9097);
#9100=VERTEX_POINT('',#9098);
#9101=CARTESIAN_POINT('',(-1.E-1,1.03E-1,8.E-2));
#9102=VERTEX_POINT('',#9101);
#9103=CARTESIAN_POINT('',(1.E-1,9.8E-2,-8.E-2));
#9104=CARTESIAN_POINT('',(1.E-1,1.03E-1,-8.E-2));
#9105=VERTEX_POINT('',#9103);
#9106=VERTEX_POINT('',#9104);
#9107=CARTESIAN_POINT('',(1.E-1,1.03E-1,8.E-2));
#9108=VERTEX_POINT('',#9107);
#9109=CARTESIAN_POINT('',(-1.E-1,8.8E-2,7.E-2));
#9110=CARTESIAN_POINT('',(-1.E-1,8.8E-2,6.235E-2));
#9111=VERTEX_POINT('',#9109);
#9112=VERTEX_POINT('',#9110);
#9113=CARTESIAN_POINT('',(1.E-1,8.8E-2,7.E-2));
#9114=CARTESIAN_POINT('',(1.E-1,8.8E-2,6.235E-2));
#9115=VERTEX_POINT('',#9113);
#9116=VERTEX_POINT('',#9114);
#9117=CARTESIAN_POINT('',(1.E-1,8.8E-2,1.635E-2));
#9118=CARTESIAN_POINT('',(1.E-1,8.8E-2,-1.635E-2));
#9119=VERTEX_POINT('',#9117);
#9120=VERTEX_POINT('',#9118);
#9121=CARTESIAN_POINT('',(1.E-1,8.8E-2,-6.235E-2));
#9122=CARTESIAN_POINT('',(1.E-1,8.8E-2,-7.E-2));
#9123=VERTEX_POINT('',#9121);
#9124=VERTEX_POINT('',#9122);
#9125=CARTESIAN_POINT('',(6.559999999999E-2,7.3E-2,-5.235E-2));
#9126=CARTESIAN_POINT('',(6.559999999999E-2,7.3E-2,-2.635E-2));
#9127=VERTEX_POINT('',#9125);
#9128=VERTEX_POINT('',#9126);
#9129=CARTESIAN_POINT('',(9.160000000001E-2,7.3E-2,-2.635E-2));
#9130=VERTEX_POINT('',#9129);
#9131=CARTESIAN_POINT('',(9.160000000001E-2,7.3E-2,-5.235E-2));
#9132=VERTEX_POINT('',#9131);
#9133=CARTESIAN_POINT('',(6.56E-2,7.3E-2,2.635E-2));
#9134=CARTESIAN_POINT('',(6.56E-2,7.3E-2,5.235E-2));
#9135=VERTEX_POINT('',#9133);
#9136=VERTEX_POINT('',#9134);
#9137=CARTESIAN_POINT('',(9.16E-2,7.3E-2,5.235E-2));
#9138=VERTEX_POINT('',#9137);
#9139=CARTESIAN_POINT('',(9.16E-2,7.3E-2,2.635E-2));
#9140=VERTEX_POINT('',#9139);
#9141=CARTESIAN_POINT('',(-1.E-1,8.8E-2,1.635E-2));
#9142=CARTESIAN_POINT('',(-1.E-1,8.8E-2,-1.635E-2));
#9143=VERTEX_POINT('',#9141);
#9144=VERTEX_POINT('',#9142);
#9145=CARTESIAN_POINT('',(-1.E-1,8.8E-2,-6.235E-2));
#9146=CARTESIAN_POINT('',(-1.E-1,8.8E-2,-7.E-2));
#9147=VERTEX_POINT('',#9145);
#9148=VERTEX_POINT('',#9146);
#9149=CARTESIAN_POINT('',(-1.E-1,8.62E-2,-1.815E-2));
#9150=VERTEX_POINT('',#9149);
#9151=CARTESIAN_POINT('',(-1.E-1,8.62E-2,-6.055E-2));
#9152=VERTEX_POINT('',#9151);
#9153=CARTESIAN_POINT('',(-1.310000000001E-2,7.3E-2,-5.235E-2));
#9154=CARTESIAN_POINT('',(-1.310000000001E-2,7.3E-2,-2.635E-2));
#9155=VERTEX_POINT('',#9153);
#9156=VERTEX_POINT('',#9154);
#9157=CARTESIAN_POINT('',(1.290000000001E-2,7.3E-2,-2.635E-2));
#9158=VERTEX_POINT('',#9157);
#9159=CARTESIAN_POINT('',(1.290000000001E-2,7.3E-2,-5.235E-2));
#9160=VERTEX_POINT('',#9159);
#9161=CARTESIAN_POINT('',(-1.E-1,8.62E-2,6.055E-2));
#9162=VERTEX_POINT('',#9161);
#9163=CARTESIAN_POINT('',(-1.E-1,8.62E-2,1.815E-2));
#9164=VERTEX_POINT('',#9163);
#9165=CARTESIAN_POINT('',(-1.31E-2,7.3E-2,2.635E-2));
#9166=CARTESIAN_POINT('',(-1.31E-2,7.3E-2,5.235E-2));
#9167=VERTEX_POINT('',#9165);
#9168=VERTEX_POINT('',#9166);
#9169=CARTESIAN_POINT('',(1.29E-2,7.3E-2,5.235E-2));
#9170=VERTEX_POINT('',#9169);
#9171=CARTESIAN_POINT('',(1.29E-2,7.3E-2,2.635E-2));
#9172=VERTEX_POINT('',#9171);
#9173=CARTESIAN_POINT('',(-9.180000000001E-2,7.3E-2,-5.235E-2));
#9174=CARTESIAN_POINT('',(-9.180000000001E-2,7.3E-2,-2.635E-2));
#9175=VERTEX_POINT('',#9173);
#9176=VERTEX_POINT('',#9174);
#9177=CARTESIAN_POINT('',(-6.579999999999E-2,7.3E-2,-2.635E-2));
#9178=VERTEX_POINT('',#9177);
#9179=CARTESIAN_POINT('',(-6.579999999999E-2,7.3E-2,-5.235E-2));
#9180=VERTEX_POINT('',#9179);
#9181=CARTESIAN_POINT('',(-9.18E-2,7.3E-2,2.635E-2));
#9182=CARTESIAN_POINT('',(-9.18E-2,7.3E-2,5.235E-2));
#9183=VERTEX_POINT('',#9181);
#9184=VERTEX_POINT('',#9182);
#9185=CARTESIAN_POINT('',(-6.58E-2,7.3E-2,5.235E-2));
#9186=VERTEX_POINT('',#9185);
#9187=CARTESIAN_POINT('',(-6.58E-2,7.3E-2,2.635E-2));
#9188=VERTEX_POINT('',#9187);
#9189=CARTESIAN_POINT('',(1.E-1,8.64E-2,-1.795E-2));
#9190=VERTEX_POINT('',#9189);
#9191=CARTESIAN_POINT('',(1.E-1,8.64E-2,-6.075E-2));
#9192=VERTEX_POINT('',#9191);
#9193=CARTESIAN_POINT('',(1.E-1,8.64E-2,6.075E-2));
#9194=VERTEX_POINT('',#9193);
#9195=CARTESIAN_POINT('',(1.E-1,8.64E-2,1.795E-2));
#9196=VERTEX_POINT('',#9195);
#9197=CARTESIAN_POINT('',(-1.E-1,9.8E-2,8.E-2));
#9198=VERTEX_POINT('',#9197);
#9199=CARTESIAN_POINT('',(1.E-1,9.8E-2,8.E-2));
#9200=VERTEX_POINT('',#9199);
#9201=CARTESIAN_POINT('',(0.E0,0.E0,-8.25E-2));
#9202=DIRECTION('',(0.E0,0.E0,1.E0));
#9203=DIRECTION('',(1.E0,0.E0,0.E0));
#9204=AXIS2_PLACEMENT_3D('',#9201,#9202,#9203);
#9205=PLANE('',#9204);
#9207=ORIENTED_EDGE('',*,*,#9206,.F.);
#9209=ORIENTED_EDGE('',*,*,#9208,.T.);
#9211=ORIENTED_EDGE('',*,*,#9210,.T.);
#9213=ORIENTED_EDGE('',*,*,#9212,.T.);
#9214=EDGE_LOOP('',(#9207,#9209,#9211,#9213));
#9215=FACE_OUTER_BOUND('',#9214,.F.);
#9216=ADVANCED_FACE('',(#9215),#9205,.F.);
#9217=CARTESIAN_POINT('',(-1.31E-1,-7.2E-2,8.25E-2));
#9218=DIRECTION('',(0.E0,1.E0,0.E0));
#9219=DIRECTION('',(-1.E0,0.E0,0.E0));
#9220=AXIS2_PLACEMENT_3D('',#9217,#9218,#9219);
#9221=PLANE('',#9220);
#9223=ORIENTED_EDGE('',*,*,#9222,.F.);
#9225=ORIENTED_EDGE('',*,*,#9224,.T.);
#9227=ORIENTED_EDGE('',*,*,#9226,.T.);
#9229=ORIENTED_EDGE('',*,*,#9228,.F.);
#9230=EDGE_LOOP('',(#9223,#9225,#9227,#9229));
#9231=FACE_OUTER_BOUND('',#9230,.F.);
#9232=ADVANCED_FACE('',(#9231),#9221,.F.);
#9233=CARTESIAN_POINT('',(-1.31E-1,-7.2E-2,8.25E-2));
#9234=DIRECTION('',(0.E0,1.E0,0.E0));
#9235=DIRECTION('',(-1.E0,0.E0,0.E0));
#9236=AXIS2_PLACEMENT_3D('',#9233,#9234,#9235);
#9237=PLANE('',#9236);
#9239=ORIENTED_EDGE('',*,*,#9238,.F.);
#9241=ORIENTED_EDGE('',*,*,#9240,.T.);
#9243=ORIENTED_EDGE('',*,*,#9242,.T.);
#9245=ORIENTED_EDGE('',*,*,#9244,.F.);
#9246=EDGE_LOOP('',(#9239,#9241,#9243,#9245));
#9247=FACE_OUTER_BOUND('',#9246,.F.);
#9248=ADVANCED_FACE('',(#9247),#9237,.F.);
#9249=CARTESIAN_POINT('',(-1.31E-1,-7.2E-2,8.25E-2));
#9250=DIRECTION('',(0.E0,1.E0,0.E0));
#9251=DIRECTION('',(-1.E0,0.E0,0.E0));
#9252=AXIS2_PLACEMENT_3D('',#9249,#9250,#9251);
#9253=PLANE('',#9252);
#9255=ORIENTED_EDGE('',*,*,#9254,.F.);
#9257=ORIENTED_EDGE('',*,*,#9256,.T.);
#9259=ORIENTED_EDGE('',*,*,#9258,.T.);
#9261=ORIENTED_EDGE('',*,*,#9260,.F.);
#9262=EDGE_LOOP('',(#9255,#9257,#9259,#9261));
#9263=FACE_OUTER_BOUND('',#9262,.F.);
#9264=ADVANCED_FACE('',(#9263),#9253,.F.);
#9265=CARTESIAN_POINT('',(-1.31E-1,-7.2E-2,8.25E-2));
#9266=DIRECTION('',(0.E0,1.E0,0.E0));
#9267=DIRECTION('',(-1.E0,0.E0,0.E0));
#9268=AXIS2_PLACEMENT_3D('',#9265,#9266,#9267);
#9269=PLANE('',#9268);
#9271=ORIENTED_EDGE('',*,*,#9270,.F.);
#9273=ORIENTED_EDGE('',*,*,#9272,.T.);
#9275=ORIENTED_EDGE('',*,*,#9274,.T.);
#9277=ORIENTED_EDGE('',*,*,#9276,.F.);
#9278=EDGE_LOOP('',(#9271,#9273,#9275,#9277));
#9279=FACE_OUTER_BOUND('',#9278,.F.);
#9280=ADVANCED_FACE('',(#9279),#9269,.F.);
#9281=CARTESIAN_POINT('',(-1.31E-1,-7.2E-2,8.25E-2));
#9282=DIRECTION('',(0.E0,1.E0,0.E0));
#9283=DIRECTION('',(-1.E0,0.E0,0.E0));
#9284=AXIS2_PLACEMENT_3D('',#9281,#9282,#9283);
#9285=PLANE('',#9284);
#9287=ORIENTED_EDGE('',*,*,#9286,.F.);
#9289=ORIENTED_EDGE('',*,*,#9288,.T.);
#9291=ORIENTED_EDGE('',*,*,#9290,.T.);
#9293=ORIENTED_EDGE('',*,*,#9292,.F.);
#9294=EDGE_LOOP('',(#9287,#9289,#9291,#9293));
#9295=FACE_OUTER_BOUND('',#9294,.F.);
#9296=ADVANCED_FACE('',(#9295),#9285,.F.);
#9297=CARTESIAN_POINT('',(-1.31E-1,-7.2E-2,8.25E-2));
#9298=DIRECTION('',(0.E0,1.E0,0.E0));
#9299=DIRECTION('',(-1.E0,0.E0,0.E0));
#9300=AXIS2_PLACEMENT_3D('',#9297,#9298,#9299);
#9301=PLANE('',#9300);
#9303=ORIENTED_EDGE('',*,*,#9302,.T.);
#9305=ORIENTED_EDGE('',*,*,#9304,.F.);
#9307=ORIENTED_EDGE('',*,*,#9306,.F.);
#9309=ORIENTED_EDGE('',*,*,#9308,.T.);
#9311=ORIENTED_EDGE('',*,*,#9310,.T.);
#9313=ORIENTED_EDGE('',*,*,#9312,.F.);
#9315=ORIENTED_EDGE('',*,*,#9314,.F.);
#9317=ORIENTED_EDGE('',*,*,#9316,.T.);
#9319=ORIENTED_EDGE('',*,*,#9318,.F.);
#9320=ORIENTED_EDGE('',*,*,#9206,.T.);
#9322=ORIENTED_EDGE('',*,*,#9321,.T.);
#9324=ORIENTED_EDGE('',*,*,#9323,.T.);
#9326=ORIENTED_EDGE('',*,*,#9325,.F.);
#9328=ORIENTED_EDGE('',*,*,#9327,.F.);
#9330=ORIENTED_EDGE('',*,*,#9329,.T.);
#9332=ORIENTED_EDGE('',*,*,#9331,.T.);
#9334=ORIENTED_EDGE('',*,*,#9333,.T.);
#9336=ORIENTED_EDGE('',*,*,#9335,.F.);
#9338=ORIENTED_EDGE('',*,*,#9337,.F.);
#9340=ORIENTED_EDGE('',*,*,#9339,.F.);
#9342=ORIENTED_EDGE('',*,*,#9341,.T.);
#9344=ORIENTED_EDGE('',*,*,#9343,.F.);
#9346=ORIENTED_EDGE('',*,*,#9345,.F.);
#9348=ORIENTED_EDGE('',*,*,#9347,.T.);
#9350=ORIENTED_EDGE('',*,*,#9349,.F.);
#9352=ORIENTED_EDGE('',*,*,#9351,.F.);
#9354=ORIENTED_EDGE('',*,*,#9353,.F.);
#9356=ORIENTED_EDGE('',*,*,#9355,.T.);
#9358=ORIENTED_EDGE('',*,*,#9357,.F.);
#9360=ORIENTED_EDGE('',*,*,#9359,.F.);
#9362=ORIENTED_EDGE('',*,*,#9361,.F.);
#9364=ORIENTED_EDGE('',*,*,#9363,.T.);
#9366=ORIENTED_EDGE('',*,*,#9365,.T.);
#9368=ORIENTED_EDGE('',*,*,#9367,.F.);
#9370=ORIENTED_EDGE('',*,*,#9369,.F.);
#9372=ORIENTED_EDGE('',*,*,#9371,.F.);
#9374=ORIENTED_EDGE('',*,*,#9373,.T.);
#9376=ORIENTED_EDGE('',*,*,#9375,.F.);
#9378=ORIENTED_EDGE('',*,*,#9377,.F.);
#9380=ORIENTED_EDGE('',*,*,#9379,.T.);
#9382=ORIENTED_EDGE('',*,*,#9381,.T.);
#9384=ORIENTED_EDGE('',*,*,#9383,.F.);
#9386=ORIENTED_EDGE('',*,*,#9385,.F.);
#9388=ORIENTED_EDGE('',*,*,#9387,.T.);
#9390=ORIENTED_EDGE('',*,*,#9389,.F.);
#9392=ORIENTED_EDGE('',*,*,#9391,.F.);
#9394=ORIENTED_EDGE('',*,*,#9393,.F.);
#9396=ORIENTED_EDGE('',*,*,#9395,.T.);
#9398=ORIENTED_EDGE('',*,*,#9397,.T.);
#9400=ORIENTED_EDGE('',*,*,#9399,.F.);
#9402=ORIENTED_EDGE('',*,*,#9401,.F.);
#9404=ORIENTED_EDGE('',*,*,#9403,.F.);
#9406=ORIENTED_EDGE('',*,*,#9405,.T.);
#9408=ORIENTED_EDGE('',*,*,#9407,.F.);
#9410=ORIENTED_EDGE('',*,*,#9409,.F.);
#9412=ORIENTED_EDGE('',*,*,#9411,.T.);
#9414=ORIENTED_EDGE('',*,*,#9413,.T.);
#9416=ORIENTED_EDGE('',*,*,#9415,.F.);
#9418=ORIENTED_EDGE('',*,*,#9417,.F.);
#9420=ORIENTED_EDGE('',*,*,#9419,.T.);
#9422=ORIENTED_EDGE('',*,*,#9421,.F.);
#9424=ORIENTED_EDGE('',*,*,#9423,.F.);
#9426=ORIENTED_EDGE('',*,*,#9425,.F.);
#9428=ORIENTED_EDGE('',*,*,#9427,.T.);
#9430=ORIENTED_EDGE('',*,*,#9429,.T.);
#9432=ORIENTED_EDGE('',*,*,#9431,.F.);
#9434=ORIENTED_EDGE('',*,*,#9433,.F.);
#9436=ORIENTED_EDGE('',*,*,#9435,.F.);
#9438=ORIENTED_EDGE('',*,*,#9437,.T.);
#9440=ORIENTED_EDGE('',*,*,#9439,.F.);
#9442=ORIENTED_EDGE('',*,*,#9441,.F.);
#9444=ORIENTED_EDGE('',*,*,#9443,.T.);
#9446=ORIENTED_EDGE('',*,*,#9445,.T.);
#9448=ORIENTED_EDGE('',*,*,#9447,.F.);
#9450=ORIENTED_EDGE('',*,*,#9449,.F.);
#9452=ORIENTED_EDGE('',*,*,#9451,.T.);
#9454=ORIENTED_EDGE('',*,*,#9453,.F.);
#9456=ORIENTED_EDGE('',*,*,#9455,.F.);
#9458=ORIENTED_EDGE('',*,*,#9457,.F.);
#9460=ORIENTED_EDGE('',*,*,#9459,.T.);
#9462=ORIENTED_EDGE('',*,*,#9461,.T.);
#9464=ORIENTED_EDGE('',*,*,#9463,.F.);
#9466=ORIENTED_EDGE('',*,*,#9465,.F.);
#9468=ORIENTED_EDGE('',*,*,#9467,.F.);
#9469=EDGE_LOOP('',(#9303,#9305,#9307,#9309,#9311,#9313,#9315,#9317,#9319,#9320,
#9322,#9324,#9326,#9328,#9330,#9332,#9334,#9336,#9338,#9340,#9342,#9344,#9346,
#9348,#9350,#9352,#9354,#9356,#9358,#9360,#9362,#9364,#9366,#9368,#9370,#9372,
#9374,#9376,#9378,#9380,#9382,#9384,#9386,#9388,#9390,#9392,#9394,#9396,#9398,
#9400,#9402,#9404,#9406,#9408,#9410,#9412,#9414,#9416,#9418,#9420,#9422,#9424,
#9426,#9428,#9430,#9432,#9434,#9436,#9438,#9440,#9442,#9444,#9446,#9448,#9450,
#9452,#9454,#9456,#9458,#9460,#9462,#9464,#9466,#9468));
#9470=FACE_OUTER_BOUND('',#9469,.F.);
#9471=ADVANCED_FACE('',(#9470),#9301,.F.);
#9472=CARTESIAN_POINT('',(-1.31E-1,-7.2E-2,8.25E-2));
#9473=DIRECTION('',(0.E0,1.E0,0.E0));
#9474=DIRECTION('',(-1.E0,0.E0,0.E0));
#9475=AXIS2_PLACEMENT_3D('',#9472,#9473,#9474);
#9476=PLANE('',#9475);
#9478=ORIENTED_EDGE('',*,*,#9477,.F.);
#9480=ORIENTED_EDGE('',*,*,#9479,.T.);
#9482=ORIENTED_EDGE('',*,*,#9481,.T.);
#9484=ORIENTED_EDGE('',*,*,#9483,.T.);
#9486=ORIENTED_EDGE('',*,*,#9485,.T.);
#9488=ORIENTED_EDGE('',*,*,#9487,.F.);
#9490=ORIENTED_EDGE('',*,*,#9489,.F.);
#9492=ORIENTED_EDGE('',*,*,#9491,.F.);
#9494=ORIENTED_EDGE('',*,*,#9493,.F.);
#9496=ORIENTED_EDGE('',*,*,#9495,.F.);
#9498=ORIENTED_EDGE('',*,*,#9497,.F.);
#9500=ORIENTED_EDGE('',*,*,#9499,.F.);
#9502=ORIENTED_EDGE('',*,*,#9501,.T.);
#9504=ORIENTED_EDGE('',*,*,#9503,.F.);
#9506=ORIENTED_EDGE('',*,*,#9505,.F.);
#9508=ORIENTED_EDGE('',*,*,#9507,.T.);
#9510=ORIENTED_EDGE('',*,*,#9509,.F.);
#9512=ORIENTED_EDGE('',*,*,#9511,.T.);
#9514=ORIENTED_EDGE('',*,*,#9513,.T.);
#9516=ORIENTED_EDGE('',*,*,#9515,.T.);
#9518=ORIENTED_EDGE('',*,*,#9517,.T.);
#9520=ORIENTED_EDGE('',*,*,#9519,.F.);
#9522=ORIENTED_EDGE('',*,*,#9521,.F.);
#9524=ORIENTED_EDGE('',*,*,#9523,.F.);
#9526=ORIENTED_EDGE('',*,*,#9525,.F.);
#9528=ORIENTED_EDGE('',*,*,#9527,.F.);
#9530=ORIENTED_EDGE('',*,*,#9529,.F.);
#9532=ORIENTED_EDGE('',*,*,#9531,.F.);
#9534=ORIENTED_EDGE('',*,*,#9533,.T.);
#9536=ORIENTED_EDGE('',*,*,#9535,.F.);
#9538=ORIENTED_EDGE('',*,*,#9537,.F.);
#9540=ORIENTED_EDGE('',*,*,#9539,.T.);
#9542=ORIENTED_EDGE('',*,*,#9541,.F.);
#9544=ORIENTED_EDGE('',*,*,#9543,.T.);
#9546=ORIENTED_EDGE('',*,*,#9545,.T.);
#9548=ORIENTED_EDGE('',*,*,#9547,.T.);
#9550=ORIENTED_EDGE('',*,*,#9549,.T.);
#9552=ORIENTED_EDGE('',*,*,#9551,.F.);
#9554=ORIENTED_EDGE('',*,*,#9553,.F.);
#9556=ORIENTED_EDGE('',*,*,#9555,.F.);
#9558=ORIENTED_EDGE('',*,*,#9557,.F.);
#9560=ORIENTED_EDGE('',*,*,#9559,.F.);
#9562=ORIENTED_EDGE('',*,*,#9561,.F.);
#9564=ORIENTED_EDGE('',*,*,#9563,.F.);
#9566=ORIENTED_EDGE('',*,*,#9565,.T.);
#9568=ORIENTED_EDGE('',*,*,#9567,.F.);
#9570=ORIENTED_EDGE('',*,*,#9569,.F.);
#9572=ORIENTED_EDGE('',*,*,#9571,.T.);
#9574=ORIENTED_EDGE('',*,*,#9573,.F.);
#9576=ORIENTED_EDGE('',*,*,#9575,.T.);
#9578=ORIENTED_EDGE('',*,*,#9577,.T.);
#9580=ORIENTED_EDGE('',*,*,#9579,.T.);
#9582=ORIENTED_EDGE('',*,*,#9581,.T.);
#9584=ORIENTED_EDGE('',*,*,#9583,.F.);
#9586=ORIENTED_EDGE('',*,*,#9585,.F.);
#9588=ORIENTED_EDGE('',*,*,#9587,.F.);
#9590=ORIENTED_EDGE('',*,*,#9589,.F.);
#9592=ORIENTED_EDGE('',*,*,#9591,.F.);
#9594=ORIENTED_EDGE('',*,*,#9593,.F.);
#9596=ORIENTED_EDGE('',*,*,#9595,.F.);
#9598=ORIENTED_EDGE('',*,*,#9597,.F.);
#9600=ORIENTED_EDGE('',*,*,#9599,.F.);
#9602=ORIENTED_EDGE('',*,*,#9601,.F.);
#9604=ORIENTED_EDGE('',*,*,#9603,.T.);
#9606=ORIENTED_EDGE('',*,*,#9605,.T.);
#9608=ORIENTED_EDGE('',*,*,#9607,.T.);
#9610=ORIENTED_EDGE('',*,*,#9609,.F.);
#9612=ORIENTED_EDGE('',*,*,#9611,.T.);
#9614=ORIENTED_EDGE('',*,*,#9613,.T.);
#9616=ORIENTED_EDGE('',*,*,#9615,.F.);
#9618=ORIENTED_EDGE('',*,*,#9617,.T.);
#9620=ORIENTED_EDGE('',*,*,#9619,.F.);
#9622=ORIENTED_EDGE('',*,*,#9621,.F.);
#9624=ORIENTED_EDGE('',*,*,#9623,.F.);
#9626=ORIENTED_EDGE('',*,*,#9625,.F.);
#9628=ORIENTED_EDGE('',*,*,#9627,.T.);
#9630=ORIENTED_EDGE('',*,*,#9629,.T.);
#9632=ORIENTED_EDGE('',*,*,#9631,.F.);
#9634=ORIENTED_EDGE('',*,*,#9633,.F.);
#9636=ORIENTED_EDGE('',*,*,#9635,.F.);
#9638=ORIENTED_EDGE('',*,*,#9637,.T.);
#9640=ORIENTED_EDGE('',*,*,#9639,.F.);
#9642=ORIENTED_EDGE('',*,*,#9641,.F.);
#9644=ORIENTED_EDGE('',*,*,#9643,.T.);
#9645=EDGE_LOOP('',(#9478,#9480,#9482,#9484,#9486,#9488,#9490,#9492,#9494,#9496,
#9498,#9500,#9502,#9504,#9506,#9508,#9510,#9512,#9514,#9516,#9518,#9520,#9522,
#9524,#9526,#9528,#9530,#9532,#9534,#9536,#9538,#9540,#9542,#9544,#9546,#9548,
#9550,#9552,#9554,#9556,#9558,#9560,#9562,#9564,#9566,#9568,#9570,#9572,#9574,
#9576,#9578,#9580,#9582,#9584,#9586,#9588,#9590,#9592,#9594,#9596,#9598,#9600,
#9602,#9604,#9606,#9608,#9610,#9612,#9614,#9616,#9618,#9620,#9622,#9624,#9626,
#9628,#9630,#9632,#9634,#9636,#9638,#9640,#9642,#9644));
#9646=FACE_OUTER_BOUND('',#9645,.F.);
#9647=ADVANCED_FACE('',(#9646),#9476,.F.);
#9648=CARTESIAN_POINT('',(-1.053E-1,-7.2E-2,8.25E-2));
#9649=DIRECTION('',(-1.E0,0.E0,0.E0));
#9650=DIRECTION('',(0.E0,-1.E0,0.E0));
#9651=AXIS2_PLACEMENT_3D('',#9648,#9649,#9650);
#9652=PLANE('',#9651);
#9654=ORIENTED_EDGE('',*,*,#9653,.T.);
#9656=ORIENTED_EDGE('',*,*,#9655,.F.);
#9658=ORIENTED_EDGE('',*,*,#9657,.T.);
#9660=ORIENTED_EDGE('',*,*,#9659,.T.);
#9662=ORIENTED_EDGE('',*,*,#9661,.F.);
#9663=ORIENTED_EDGE('',*,*,#9585,.T.);
#9665=ORIENTED_EDGE('',*,*,#9664,.F.);
#9667=ORIENTED_EDGE('',*,*,#9666,.F.);
#9669=ORIENTED_EDGE('',*,*,#9668,.F.);
#9670=ORIENTED_EDGE('',*,*,#9222,.T.);
#9672=ORIENTED_EDGE('',*,*,#9671,.F.);
#9674=ORIENTED_EDGE('',*,*,#9673,.F.);
#9676=ORIENTED_EDGE('',*,*,#9675,.F.);
#9677=ORIENTED_EDGE('',*,*,#9361,.T.);
#9678=EDGE_LOOP('',(#9654,#9656,#9658,#9660,#9662,#9663,#9665,#9667,#9669,#9670,
#9672,#9674,#9676,#9677));
#9679=FACE_OUTER_BOUND('',#9678,.F.);
#9680=ADVANCED_FACE('',(#9679),#9652,.F.);
#9681=CARTESIAN_POINT('',(-1.053E-1,-8.7E-2,-5.1E-2));
#9682=DIRECTION('',(0.E0,0.E0,1.E0));
#9683=DIRECTION('',(-1.E0,0.E0,0.E0));
#9684=AXIS2_PLACEMENT_3D('',#9681,#9682,#9683);
#9685=PLANE('',#9684);
#9687=ORIENTED_EDGE('',*,*,#9686,.F.);
#9688=ORIENTED_EDGE('',*,*,#9653,.F.);
#9689=ORIENTED_EDGE('',*,*,#9359,.T.);
#9691=ORIENTED_EDGE('',*,*,#9690,.F.);
#9692=EDGE_LOOP('',(#9687,#9688,#9689,#9691));
#9693=FACE_OUTER_BOUND('',#9692,.F.);
#9694=ADVANCED_FACE('',(#9693),#9685,.F.);
#9695=CARTESIAN_POINT('',(-1.113E-1,-8.7E-2,-4.5E-2));
#9696=DIRECTION('',(0.E0,6.E-1,8.E-1));
#9697=DIRECTION('',(0.E0,8.E-1,-6.E-1));
#9698=AXIS2_PLACEMENT_3D('',#9695,#9696,#9697);
#9699=PLANE('',#9698);
#9701=ORIENTED_EDGE('',*,*,#9700,.F.);
#9702=ORIENTED_EDGE('',*,*,#9655,.T.);
#9703=ORIENTED_EDGE('',*,*,#9686,.T.);
#9705=ORIENTED_EDGE('',*,*,#9704,.F.);
#9706=EDGE_LOOP('',(#9701,#9702,#9703,#9705));
#9707=FACE_OUTER_BOUND('',#9706,.F.);
#9708=ADVANCED_FACE('',(#9707),#9699,.F.);
#9709=CARTESIAN_POINT('',(-1.113E-1,-8.7E-2,-4.5E-2));
#9710=DIRECTION('',(0.E0,6.E-1,8.E-1));
#9711=DIRECTION('',(0.E0,8.E-1,-6.E-1));
#9712=AXIS2_PLACEMENT_3D('',#9709,#9710,#9711);
#9713=PLANE('',#9712);
#9715=ORIENTED_EDGE('',*,*,#9714,.F.);
#9717=ORIENTED_EDGE('',*,*,#9716,.T.);
#9719=ORIENTED_EDGE('',*,*,#9718,.T.);
#9721=ORIENTED_EDGE('',*,*,#9720,.F.);
#9722=EDGE_LOOP('',(#9715,#9717,#9719,#9721));
#9723=FACE_OUTER_BOUND('',#9722,.F.);
#9724=ADVANCED_FACE('',(#9723),#9713,.F.);
#9725=CARTESIAN_POINT('',(-1.053E-1,-8.1E-2,8.25E-2));
#9726=DIRECTION('',(-7.071067811865E-1,7.071067811865E-1,0.E0));
#9727=DIRECTION('',(-7.071067811865E-1,-7.071067811865E-1,0.E0));
#9728=AXIS2_PLACEMENT_3D('',#9725,#9726,#9727);
#9729=PLANE('',#9728);
#9730=ORIENTED_EDGE('',*,*,#9700,.T.);
#9732=ORIENTED_EDGE('',*,*,#9731,.T.);
#9734=ORIENTED_EDGE('',*,*,#9733,.F.);
#9735=ORIENTED_EDGE('',*,*,#9657,.F.);
#9736=EDGE_LOOP('',(#9730,#9732,#9734,#9735));
#9737=FACE_OUTER_BOUND('',#9736,.F.);
#9738=ADVANCED_FACE('',(#9737),#9729,.F.);
#9739=CARTESIAN_POINT('',(-2.005E-1,-8.7E-2,-8.25E-2));
#9740=DIRECTION('',(0.E0,-1.E0,0.E0));
#9741=DIRECTION('',(1.E0,0.E0,0.E0));
#9742=AXIS2_PLACEMENT_3D('',#9739,#9740,#9741);
#9743=PLANE('',#9742);
#9745=ORIENTED_EDGE('',*,*,#9744,.F.);
#9747=ORIENTED_EDGE('',*,*,#9746,.F.);
#9749=ORIENTED_EDGE('',*,*,#9748,.T.);
#9751=ORIENTED_EDGE('',*,*,#9750,.T.);
#9753=ORIENTED_EDGE('',*,*,#9752,.F.);
#9755=ORIENTED_EDGE('',*,*,#9754,.F.);
#9756=EDGE_LOOP('',(#9745,#9747,#9749,#9751,#9753,#9755));
#9757=FACE_OUTER_BOUND('',#9756,.F.);
#9758=ADVANCED_FACE('',(#9757),#9743,.T.);
#9759=CARTESIAN_POINT('',(-2.005E-1,-8.7E-2,-8.25E-2));
#9760=DIRECTION('',(0.E0,-1.E0,0.E0));
#9761=DIRECTION('',(1.E0,0.E0,0.E0));
#9762=AXIS2_PLACEMENT_3D('',#9759,#9760,#9761);
#9763=PLANE('',#9762);
#9765=ORIENTED_EDGE('',*,*,#9764,.F.);
#9767=ORIENTED_EDGE('',*,*,#9766,.F.);
#9769=ORIENTED_EDGE('',*,*,#9768,.F.);
#9771=ORIENTED_EDGE('',*,*,#9770,.T.);
#9773=ORIENTED_EDGE('',*,*,#9772,.F.);
#9775=ORIENTED_EDGE('',*,*,#9774,.T.);
#9777=ORIENTED_EDGE('',*,*,#9776,.F.);
#9778=ORIENTED_EDGE('',*,*,#9731,.F.);
#9779=EDGE_LOOP('',(#9765,#9767,#9769,#9771,#9773,#9775,#9777,#9778));
#9780=FACE_OUTER_BOUND('',#9779,.F.);
#9781=ADVANCED_FACE('',(#9780),#9763,.T.);
#9782=CARTESIAN_POINT('',(-2.005E-1,-8.7E-2,-8.25E-2));
#9783=DIRECTION('',(0.E0,-1.E0,0.E0));
#9784=DIRECTION('',(1.E0,0.E0,0.E0));
#9785=AXIS2_PLACEMENT_3D('',#9782,#9783,#9784);
#9786=PLANE('',#9785);
#9788=ORIENTED_EDGE('',*,*,#9787,.F.);
#9790=ORIENTED_EDGE('',*,*,#9789,.F.);
#9792=ORIENTED_EDGE('',*,*,#9791,.F.);
#9794=ORIENTED_EDGE('',*,*,#9793,.T.);
#9796=ORIENTED_EDGE('',*,*,#9795,.F.);
#9798=ORIENTED_EDGE('',*,*,#9797,.T.);
#9800=ORIENTED_EDGE('',*,*,#9799,.F.);
#9802=ORIENTED_EDGE('',*,*,#9801,.F.);
#9803=EDGE_LOOP('',(#9788,#9790,#9792,#9794,#9796,#9798,#9800,#9802));
#9804=FACE_OUTER_BOUND('',#9803,.F.);
#9805=ADVANCED_FACE('',(#9804),#9786,.T.);
#9806=CARTESIAN_POINT('',(-2.005E-1,-8.7E-2,-8.25E-2));
#9807=DIRECTION('',(0.E0,-1.E0,0.E0));
#9808=DIRECTION('',(1.E0,0.E0,0.E0));
#9809=AXIS2_PLACEMENT_3D('',#9806,#9807,#9808);
#9810=PLANE('',#9809);
#9812=ORIENTED_EDGE('',*,*,#9811,.F.);
#9814=ORIENTED_EDGE('',*,*,#9813,.F.);
#9816=ORIENTED_EDGE('',*,*,#9815,.F.);
#9818=ORIENTED_EDGE('',*,*,#9817,.T.);
#9820=ORIENTED_EDGE('',*,*,#9819,.F.);
#9822=ORIENTED_EDGE('',*,*,#9821,.T.);
#9824=ORIENTED_EDGE('',*,*,#9823,.F.);
#9826=ORIENTED_EDGE('',*,*,#9825,.F.);
#9827=EDGE_LOOP('',(#9812,#9814,#9816,#9818,#9820,#9822,#9824,#9826));
#9828=FACE_OUTER_BOUND('',#9827,.F.);
#9829=ADVANCED_FACE('',(#9828),#9810,.T.);
#9830=CARTESIAN_POINT('',(-2.005E-1,-8.7E-2,-8.25E-2));
#9831=DIRECTION('',(0.E0,-1.E0,0.E0));
#9832=DIRECTION('',(1.E0,0.E0,0.E0));
#9833=AXIS2_PLACEMENT_3D('',#9830,#9831,#9832);
#9834=PLANE('',#9833);
#9836=ORIENTED_EDGE('',*,*,#9835,.F.);
#9838=ORIENTED_EDGE('',*,*,#9837,.F.);
#9840=ORIENTED_EDGE('',*,*,#9839,.F.);
#9842=ORIENTED_EDGE('',*,*,#9841,.T.);
#9844=ORIENTED_EDGE('',*,*,#9843,.F.);
#9846=ORIENTED_EDGE('',*,*,#9845,.T.);
#9848=ORIENTED_EDGE('',*,*,#9847,.F.);
#9850=ORIENTED_EDGE('',*,*,#9849,.F.);
#9851=EDGE_LOOP('',(#9836,#9838,#9840,#9842,#9844,#9846,#9848,#9850));
#9852=FACE_OUTER_BOUND('',#9851,.F.);
#9853=ADVANCED_FACE('',(#9852),#9834,.T.);
#9854=CARTESIAN_POINT('',(-2.005E-1,-8.7E-2,-8.25E-2));
#9855=DIRECTION('',(0.E0,-1.E0,0.E0));
#9856=DIRECTION('',(1.E0,0.E0,0.E0));
#9857=AXIS2_PLACEMENT_3D('',#9854,#9855,#9856);
#9858=PLANE('',#9857);
#9860=ORIENTED_EDGE('',*,*,#9859,.T.);
#9862=ORIENTED_EDGE('',*,*,#9861,.F.);
#9864=ORIENTED_EDGE('',*,*,#9863,.T.);
#9866=ORIENTED_EDGE('',*,*,#9865,.F.);
#9868=ORIENTED_EDGE('',*,*,#9867,.T.);
#9870=ORIENTED_EDGE('',*,*,#9869,.F.);
#9872=ORIENTED_EDGE('',*,*,#9871,.F.);
#9874=ORIENTED_EDGE('',*,*,#9873,.F.);
#9876=ORIENTED_EDGE('',*,*,#9875,.F.);
#9878=ORIENTED_EDGE('',*,*,#9877,.F.);
#9879=EDGE_LOOP('',(#9860,#9862,#9864,#9866,#9868,#9870,#9872,#9874,#9876,
#9878));
#9880=FACE_OUTER_BOUND('',#9879,.F.);
#9881=ADVANCED_FACE('',(#9880),#9858,.T.);
#9882=CARTESIAN_POINT('',(-1.9E-1,-8.7E-2,-5.1E-2));
#9883=DIRECTION('',(-1.E0,0.E0,0.E0));
#9884=DIRECTION('',(0.E0,0.E0,-1.E0));
#9885=AXIS2_PLACEMENT_3D('',#9882,#9883,#9884);
#9886=PLANE('',#9885);
#9887=ORIENTED_EDGE('',*,*,#9752,.T.);
#9889=ORIENTED_EDGE('',*,*,#9888,.F.);
#9890=ORIENTED_EDGE('',*,*,#9621,.T.);
#9892=ORIENTED_EDGE('',*,*,#9891,.F.);
#9894=ORIENTED_EDGE('',*,*,#9893,.T.);
#9895=EDGE_LOOP('',(#9887,#9889,#9890,#9892,#9894));
#9896=FACE_OUTER_BOUND('',#9895,.F.);
#9897=ADVANCED_FACE('',(#9896),#9886,.F.);
#9898=CARTESIAN_POINT('',(-1.9E-1,-8.7E-2,-5.1E-2));
#9899=DIRECTION('',(-1.E0,0.E0,0.E0));
#9900=DIRECTION('',(0.E0,0.E0,-1.E0));
#9901=AXIS2_PLACEMENT_3D('',#9898,#9899,#9900);
#9902=PLANE('',#9901);
#9903=ORIENTED_EDGE('',*,*,#9744,.T.);
#9905=ORIENTED_EDGE('',*,*,#9904,.T.);
#9907=ORIENTED_EDGE('',*,*,#9906,.T.);
#9908=ORIENTED_EDGE('',*,*,#9325,.T.);
#9910=ORIENTED_EDGE('',*,*,#9909,.F.);
#9911=EDGE_LOOP('',(#9903,#9905,#9907,#9908,#9910));
#9912=FACE_OUTER_BOUND('',#9911,.F.);
#9913=ADVANCED_FACE('',(#9912),#9902,.F.);
#9914=CARTESIAN_POINT('',(-2.005E-1,-7.2E-2,6.9E-2));
#9915=DIRECTION('',(0.E0,0.E0,-1.E0));
#9916=DIRECTION('',(0.E0,-1.E0,0.E0));
#9917=AXIS2_PLACEMENT_3D('',#9914,#9915,#9916);
#9918=PLANE('',#9917);
#9919=ORIENTED_EDGE('',*,*,#9888,.T.);
#9920=ORIENTED_EDGE('',*,*,#9750,.F.);
#9922=ORIENTED_EDGE('',*,*,#9921,.T.);
#9923=ORIENTED_EDGE('',*,*,#9623,.T.);
#9924=EDGE_LOOP('',(#9919,#9920,#9922,#9923));
#9925=FACE_OUTER_BOUND('',#9924,.F.);
#9926=ADVANCED_FACE('',(#9925),#9918,.F.);
#9927=CARTESIAN_POINT('',(-2.005E-1,-7.2E-2,6.9E-2));
#9928=DIRECTION('',(0.E0,0.E0,-1.E0));
#9929=DIRECTION('',(0.E0,-1.E0,0.E0));
#9930=AXIS2_PLACEMENT_3D('',#9927,#9928,#9929);
#9931=PLANE('',#9930);
#9933=ORIENTED_EDGE('',*,*,#9932,.T.);
#9934=ORIENTED_EDGE('',*,*,#9774,.F.);
#9936=ORIENTED_EDGE('',*,*,#9935,.F.);
#9937=ORIENTED_EDGE('',*,*,#9591,.T.);
#9938=EDGE_LOOP('',(#9933,#9934,#9936,#9937));
#9939=FACE_OUTER_BOUND('',#9938,.F.);
#9940=ADVANCED_FACE('',(#9939),#9931,.F.);
#9941=CARTESIAN_POINT('',(-2.005E-1,-7.2E-2,6.9E-2));
#9942=DIRECTION('',(0.E0,0.E0,-1.E0));
#9943=DIRECTION('',(0.E0,-1.E0,0.E0));
#9944=AXIS2_PLACEMENT_3D('',#9941,#9942,#9943);
#9945=PLANE('',#9944);
#9947=ORIENTED_EDGE('',*,*,#9946,.T.);
#9948=ORIENTED_EDGE('',*,*,#9797,.F.);
#9950=ORIENTED_EDGE('',*,*,#9949,.F.);
#9951=ORIENTED_EDGE('',*,*,#9559,.T.);
#9952=EDGE_LOOP('',(#9947,#9948,#9950,#9951));
#9953=FACE_OUTER_BOUND('',#9952,.F.);
#9954=ADVANCED_FACE('',(#9953),#9945,.F.);
#9955=CARTESIAN_POINT('',(-2.005E-1,-7.2E-2,6.9E-2));
#9956=DIRECTION('',(0.E0,0.E0,-1.E0));
#9957=DIRECTION('',(0.E0,-1.E0,0.E0));
#9958=AXIS2_PLACEMENT_3D('',#9955,#9956,#9957);
#9959=PLANE('',#9958);
#9961=ORIENTED_EDGE('',*,*,#9960,.T.);
#9962=ORIENTED_EDGE('',*,*,#9821,.F.);
#9964=ORIENTED_EDGE('',*,*,#9963,.F.);
#9965=ORIENTED_EDGE('',*,*,#9527,.T.);
#9966=EDGE_LOOP('',(#9961,#9962,#9964,#9965));
#9967=FACE_OUTER_BOUND('',#9966,.F.);
#9968=ADVANCED_FACE('',(#9967),#9959,.F.);
#9969=CARTESIAN_POINT('',(-2.005E-1,-7.2E-2,6.9E-2));
#9970=DIRECTION('',(0.E0,0.E0,-1.E0));
#9971=DIRECTION('',(0.E0,-1.E0,0.E0));
#9972=AXIS2_PLACEMENT_3D('',#9969,#9970,#9971);
#9973=PLANE('',#9972);
#9975=ORIENTED_EDGE('',*,*,#9974,.T.);
#9976=ORIENTED_EDGE('',*,*,#9845,.F.);
#9978=ORIENTED_EDGE('',*,*,#9977,.F.);
#9979=ORIENTED_EDGE('',*,*,#9495,.T.);
#9980=EDGE_LOOP('',(#9975,#9976,#9978,#9979));
#9981=FACE_OUTER_BOUND('',#9980,.F.);
#9982=ADVANCED_FACE('',(#9981),#9973,.F.);
#9983=CARTESIAN_POINT('',(-2.005E-1,-7.2E-2,6.9E-2));
#9984=DIRECTION('',(0.E0,0.E0,-1.E0));
#9985=DIRECTION('',(0.E0,-1.E0,0.E0));
#9986=AXIS2_PLACEMENT_3D('',#9983,#9984,#9985);
#9987=PLANE('',#9986);
#9989=ORIENTED_EDGE('',*,*,#9988,.F.);
#9990=ORIENTED_EDGE('',*,*,#9631,.T.);
#9992=ORIENTED_EDGE('',*,*,#9991,.F.);
#9993=ORIENTED_EDGE('',*,*,#9863,.F.);
#9994=EDGE_LOOP('',(#9989,#9990,#9992,#9993));
#9995=FACE_OUTER_BOUND('',#9994,.F.);
#9996=ADVANCED_FACE('',(#9995),#9987,.F.);
#9997=CARTESIAN_POINT('',(-2.005E-1,8.8E-2,-8.25E-2));
#9998=DIRECTION('',(-1.E0,0.E0,0.E0));
#9999=DIRECTION('',(0.E0,-1.E0,0.E0));
#10000=AXIS2_PLACEMENT_3D('',#9997,#9998,#9999);
#10001=PLANE('',#10000);
#10002=ORIENTED_EDGE('',*,*,#9921,.F.);
#10003=ORIENTED_EDGE('',*,*,#9748,.F.);
#10005=ORIENTED_EDGE('',*,*,#10004,.T.);
#10006=ORIENTED_EDGE('',*,*,#9321,.F.);
#10007=ORIENTED_EDGE('',*,*,#9212,.F.);
#10009=ORIENTED_EDGE('',*,*,#10008,.T.);
#10011=ORIENTED_EDGE('',*,*,#10010,.T.);
#10012=ORIENTED_EDGE('',*,*,#9625,.T.);
#10013=EDGE_LOOP('',(#10002,#10003,#10005,#10006,#10007,#10009,#10011,#10012));
#10014=FACE_OUTER_BOUND('',#10013,.F.);
#10015=ADVANCED_FACE('',(#10014),#10001,.T.);
#10016=CARTESIAN_POINT('',(-2.005E-1,-8.7E-2,-6.9E-2));
#10017=DIRECTION('',(0.E0,0.E0,1.E0));
#10018=DIRECTION('',(0.E0,1.E0,0.E0));
#10019=AXIS2_PLACEMENT_3D('',#10016,#10017,#10018);
#10020=PLANE('',#10019);
#10021=ORIENTED_EDGE('',*,*,#9909,.T.);
#10022=ORIENTED_EDGE('',*,*,#9323,.F.);
#10023=ORIENTED_EDGE('',*,*,#10004,.F.);
#10024=ORIENTED_EDGE('',*,*,#9746,.T.);
#10025=EDGE_LOOP('',(#10021,#10022,#10023,#10024));
#10026=FACE_OUTER_BOUND('',#10025,.F.);
#10027=ADVANCED_FACE('',(#10026),#10020,.F.);
#10028=CARTESIAN_POINT('',(-2.005E-1,-8.7E-2,-6.9E-2));
#10029=DIRECTION('',(0.E0,0.E0,1.E0));
#10030=DIRECTION('',(0.E0,1.E0,0.E0));
#10031=AXIS2_PLACEMENT_3D('',#10028,#10029,#10030);
#10032=PLANE('',#10031);
#10034=ORIENTED_EDGE('',*,*,#10033,.T.);
#10035=ORIENTED_EDGE('',*,*,#9355,.F.);
#10037=ORIENTED_EDGE('',*,*,#10036,.F.);
#10038=ORIENTED_EDGE('',*,*,#9766,.T.);
#10039=EDGE_LOOP('',(#10034,#10035,#10037,#10038));
#10040=FACE_OUTER_BOUND('',#10039,.F.);
#10041=ADVANCED_FACE('',(#10040),#10032,.F.);
#10042=CARTESIAN_POINT('',(-2.005E-1,-8.7E-2,-6.9E-2));
#10043=DIRECTION('',(0.E0,0.E0,1.E0));
#10044=DIRECTION('',(0.E0,1.E0,0.E0));
#10045=AXIS2_PLACEMENT_3D('',#10042,#10043,#10044);
#10046=PLANE('',#10045);
#10048=ORIENTED_EDGE('',*,*,#10047,.T.);
#10049=ORIENTED_EDGE('',*,*,#9387,.F.);
#10051=ORIENTED_EDGE('',*,*,#10050,.F.);
#10052=ORIENTED_EDGE('',*,*,#9789,.T.);
#10053=EDGE_LOOP('',(#10048,#10049,#10051,#10052));
#10054=FACE_OUTER_BOUND('',#10053,.F.);
#10055=ADVANCED_FACE('',(#10054),#10046,.F.);
#10056=CARTESIAN_POINT('',(-2.005E-1,-8.7E-2,-6.9E-2));
#10057=DIRECTION('',(0.E0,0.E0,1.E0));
#10058=DIRECTION('',(0.E0,1.E0,0.E0));
#10059=AXIS2_PLACEMENT_3D('',#10056,#10057,#10058);
#10060=PLANE('',#10059);
#10062=ORIENTED_EDGE('',*,*,#10061,.T.);
#10063=ORIENTED_EDGE('',*,*,#9419,.F.);
#10065=ORIENTED_EDGE('',*,*,#10064,.F.);
#10066=ORIENTED_EDGE('',*,*,#9813,.T.);
#10067=EDGE_LOOP('',(#10062,#10063,#10065,#10066));
#10068=FACE_OUTER_BOUND('',#10067,.F.);
#10069=ADVANCED_FACE('',(#10068),#10060,.F.);
#10070=CARTESIAN_POINT('',(-2.005E-1,-8.7E-2,-6.9E-2));
#10071=DIRECTION('',(0.E0,0.E0,1.E0));
#10072=DIRECTION('',(0.E0,1.E0,0.E0));
#10073=AXIS2_PLACEMENT_3D('',#10070,#10071,#10072);
#10074=PLANE('',#10073);
#10076=ORIENTED_EDGE('',*,*,#10075,.T.);
#10077=ORIENTED_EDGE('',*,*,#9451,.F.);
#10079=ORIENTED_EDGE('',*,*,#10078,.F.);
#10080=ORIENTED_EDGE('',*,*,#9837,.T.);
#10081=EDGE_LOOP('',(#10076,#10077,#10079,#10080));
#10082=FACE_OUTER_BOUND('',#10081,.F.);
#10083=ADVANCED_FACE('',(#10082),#10074,.F.);
#10084=CARTESIAN_POINT('',(-2.005E-1,-8.7E-2,-6.9E-2));
#10085=DIRECTION('',(0.E0,0.E0,1.E0));
#10086=DIRECTION('',(0.E0,1.E0,0.E0));
#10087=AXIS2_PLACEMENT_3D('',#10084,#10085,#10086);
#10088=PLANE('',#10087);
#10090=ORIENTED_EDGE('',*,*,#10089,.F.);
#10091=ORIENTED_EDGE('',*,*,#9875,.T.);
#10093=ORIENTED_EDGE('',*,*,#10092,.T.);
#10094=ORIENTED_EDGE('',*,*,#9316,.F.);
#10095=EDGE_LOOP('',(#10090,#10091,#10093,#10094));
#10096=FACE_OUTER_BOUND('',#10095,.F.);
#10097=ADVANCED_FACE('',(#10096),#10088,.F.);
#10098=CARTESIAN_POINT('',(-1.113E-1,-8.7E-2,-5.1E-2));
#10099=DIRECTION('',(-1.E0,0.E0,0.E0));
#10100=DIRECTION('',(0.E0,0.E0,-1.E0));
#10101=AXIS2_PLACEMENT_3D('',#10098,#10099,#10100);
#10102=PLANE('',#10101);
#10103=ORIENTED_EDGE('',*,*,#9776,.T.);
#10104=ORIENTED_EDGE('',*,*,#9932,.F.);
#10105=ORIENTED_EDGE('',*,*,#9589,.T.);
#10107=ORIENTED_EDGE('',*,*,#10106,.F.);
#10109=ORIENTED_EDGE('',*,*,#10108,.T.);
#10110=EDGE_LOOP('',(#10103,#10104,#10105,#10107,#10109));
#10111=FACE_OUTER_BOUND('',#10110,.F.);
#10112=ADVANCED_FACE('',(#10111),#10102,.F.);
#10113=CARTESIAN_POINT('',(-1.113E-1,-8.7E-2,-5.1E-2));
#10114=DIRECTION('',(-1.E0,0.E0,0.E0));
#10115=DIRECTION('',(0.E0,0.E0,-1.E0));
#10116=AXIS2_PLACEMENT_3D('',#10113,#10114,#10115);
#10117=PLANE('',#10116);
#10118=ORIENTED_EDGE('',*,*,#9764,.T.);
#10119=ORIENTED_EDGE('',*,*,#9704,.T.);
#10120=ORIENTED_EDGE('',*,*,#9690,.T.);
#10121=ORIENTED_EDGE('',*,*,#9357,.T.);
#10122=ORIENTED_EDGE('',*,*,#10033,.F.);
#10123=EDGE_LOOP('',(#10118,#10119,#10120,#10121,#10122));
#10124=FACE_OUTER_BOUND('',#10123,.F.);
#10125=ADVANCED_FACE('',(#10124),#10117,.F.);
#10126=CARTESIAN_POINT('',(-1.113E-1,-8.7E-2,5.1E-2));
#10127=DIRECTION('',(0.E0,0.E0,-1.E0));
#10128=DIRECTION('',(1.E0,0.E0,0.E0));
#10129=AXIS2_PLACEMENT_3D('',#10126,#10127,#10128);
#10130=PLANE('',#10129);
#10132=ORIENTED_EDGE('',*,*,#10131,.F.);
#10133=ORIENTED_EDGE('',*,*,#10106,.T.);
#10134=ORIENTED_EDGE('',*,*,#9587,.T.);
#10135=ORIENTED_EDGE('',*,*,#9661,.T.);
#10136=EDGE_LOOP('',(#10132,#10133,#10134,#10135));
#10137=FACE_OUTER_BOUND('',#10136,.F.);
#10138=ADVANCED_FACE('',(#10137),#10130,.F.);
#10139=CARTESIAN_POINT('',(-1.113E-1,-7.9E-2,5.1E-2));
#10140=DIRECTION('',(0.E0,6.E-1,-8.E-1));
#10141=DIRECTION('',(0.E0,-8.E-1,-6.E-1));
#10142=AXIS2_PLACEMENT_3D('',#10139,#10140,#10141);
#10143=PLANE('',#10142);
#10144=ORIENTED_EDGE('',*,*,#9733,.T.);
#10145=ORIENTED_EDGE('',*,*,#10108,.F.);
#10146=ORIENTED_EDGE('',*,*,#10131,.T.);
#10147=ORIENTED_EDGE('',*,*,#9659,.F.);
#10148=EDGE_LOOP('',(#10144,#10145,#10146,#10147));
#10149=FACE_OUTER_BOUND('',#10148,.F.);
#10150=ADVANCED_FACE('',(#10149),#10143,.F.);
#10151=CARTESIAN_POINT('',(-1.113E-1,-7.9E-2,5.1E-2));
#10152=DIRECTION('',(0.E0,6.E-1,-8.E-1));
#10153=DIRECTION('',(0.E0,-8.E-1,-6.E-1));
#10154=AXIS2_PLACEMENT_3D('',#10151,#10152,#10153);
#10155=PLANE('',#10154);
#10157=ORIENTED_EDGE('',*,*,#10156,.F.);
#10159=ORIENTED_EDGE('',*,*,#10158,.T.);
#10161=ORIENTED_EDGE('',*,*,#10160,.T.);
#10163=ORIENTED_EDGE('',*,*,#10162,.T.);
#10164=EDGE_LOOP('',(#10157,#10159,#10161,#10163));
#10165=FACE_OUTER_BOUND('',#10164,.F.);
#10166=ADVANCED_FACE('',(#10165),#10155,.F.);
#10167=CARTESIAN_POINT('',(-4.63E-2,-8.7E-2,8.25E-2));
#10168=DIRECTION('',(7.071067811865E-1,7.071067811865E-1,0.E0));
#10169=DIRECTION('',(-7.071067811865E-1,7.071067811865E-1,0.E0));
#10170=AXIS2_PLACEMENT_3D('',#10167,#10168,#10169);
#10171=PLANE('',#10170);
#10172=ORIENTED_EDGE('',*,*,#9714,.T.);
#10174=ORIENTED_EDGE('',*,*,#10173,.F.);
#10175=ORIENTED_EDGE('',*,*,#10156,.T.);
#10176=ORIENTED_EDGE('',*,*,#9793,.F.);
#10177=EDGE_LOOP('',(#10172,#10174,#10175,#10176));
#10178=FACE_OUTER_BOUND('',#10177,.F.);
#10179=ADVANCED_FACE('',(#10178),#10171,.F.);
#10180=CARTESIAN_POINT('',(-5.23E-2,-8.1E-2,8.25E-2));
#10181=DIRECTION('',(1.E0,0.E0,0.E0));
#10182=DIRECTION('',(0.E0,1.E0,0.E0));
#10183=AXIS2_PLACEMENT_3D('',#10180,#10181,#10182);
#10184=PLANE('',#10183);
#10186=ORIENTED_EDGE('',*,*,#10185,.T.);
#10187=ORIENTED_EDGE('',*,*,#9381,.F.);
#10189=ORIENTED_EDGE('',*,*,#10188,.T.);
#10191=ORIENTED_EDGE('',*,*,#10190,.T.);
#10193=ORIENTED_EDGE('',*,*,#10192,.T.);
#10194=ORIENTED_EDGE('',*,*,#9226,.F.);
#10196=ORIENTED_EDGE('',*,*,#10195,.T.);
#10198=ORIENTED_EDGE('',*,*,#10197,.T.);
#10200=ORIENTED_EDGE('',*,*,#10199,.T.);
#10201=ORIENTED_EDGE('',*,*,#9565,.F.);
#10203=ORIENTED_EDGE('',*,*,#10202,.F.);
#10204=ORIENTED_EDGE('',*,*,#10158,.F.);
#10205=ORIENTED_EDGE('',*,*,#10173,.T.);
#10206=ORIENTED_EDGE('',*,*,#9720,.T.);
#10207=EDGE_LOOP('',(#10186,#10187,#10189,#10191,#10193,#10194,#10196,#10198,
#10200,#10201,#10203,#10204,#10205,#10206));
#10208=FACE_OUTER_BOUND('',#10207,.F.);
#10209=ADVANCED_FACE('',(#10208),#10184,.F.);
#10210=CARTESIAN_POINT('',(-4.63E-2,-8.7E-2,-5.1E-2));
#10211=DIRECTION('',(0.E0,0.E0,1.E0));
#10212=DIRECTION('',(-1.E0,0.E0,0.E0));
#10213=AXIS2_PLACEMENT_3D('',#10210,#10211,#10212);
#10214=PLANE('',#10213);
#10215=ORIENTED_EDGE('',*,*,#9718,.F.);
#10217=ORIENTED_EDGE('',*,*,#10216,.T.);
#10218=ORIENTED_EDGE('',*,*,#9383,.T.);
#10219=ORIENTED_EDGE('',*,*,#10185,.F.);
#10220=EDGE_LOOP('',(#10215,#10217,#10218,#10219));
#10221=FACE_OUTER_BOUND('',#10220,.F.);
#10222=ADVANCED_FACE('',(#10221),#10214,.F.);
#10223=CARTESIAN_POINT('',(-4.63E-2,-8.7E-2,-6.9E-2));
#10224=DIRECTION('',(1.E0,0.E0,0.E0));
#10225=DIRECTION('',(0.E0,0.E0,1.E0));
#10226=AXIS2_PLACEMENT_3D('',#10223,#10224,#10225);
#10227=PLANE('',#10226);
#10228=ORIENTED_EDGE('',*,*,#10162,.F.);
#10230=ORIENTED_EDGE('',*,*,#10229,.T.);
#10231=ORIENTED_EDGE('',*,*,#9561,.T.);
#10232=ORIENTED_EDGE('',*,*,#9949,.T.);
#10233=ORIENTED_EDGE('',*,*,#9795,.T.);
#10234=EDGE_LOOP('',(#10228,#10230,#10231,#10232,#10233));
#10235=FACE_OUTER_BOUND('',#10234,.F.);
#10236=ADVANCED_FACE('',(#10235),#10227,.F.);
#10237=CARTESIAN_POINT('',(-4.63E-2,-8.7E-2,-6.9E-2));
#10238=DIRECTION('',(1.E0,0.E0,0.E0));
#10239=DIRECTION('',(0.E0,0.E0,1.E0));
#10240=AXIS2_PLACEMENT_3D('',#10237,#10238,#10239);
#10241=PLANE('',#10240);
#10242=ORIENTED_EDGE('',*,*,#10216,.F.);
#10243=ORIENTED_EDGE('',*,*,#9716,.F.);
#10244=ORIENTED_EDGE('',*,*,#9791,.T.);
#10245=ORIENTED_EDGE('',*,*,#10050,.T.);
#10246=ORIENTED_EDGE('',*,*,#9385,.T.);
#10247=EDGE_LOOP('',(#10242,#10243,#10244,#10245,#10246));
#10248=FACE_OUTER_BOUND('',#10247,.F.);
#10249=ADVANCED_FACE('',(#10248),#10241,.F.);
#10250=CARTESIAN_POINT('',(-5.23E-2,-8.7E-2,5.1E-2));
#10251=DIRECTION('',(0.E0,0.E0,-1.E0));
#10252=DIRECTION('',(1.E0,0.E0,0.E0));
#10253=AXIS2_PLACEMENT_3D('',#10250,#10251,#10252);
#10254=PLANE('',#10253);
#10255=ORIENTED_EDGE('',*,*,#10160,.F.);
#10256=ORIENTED_EDGE('',*,*,#10202,.T.);
#10257=ORIENTED_EDGE('',*,*,#9563,.T.);
#10258=ORIENTED_EDGE('',*,*,#10229,.F.);
#10259=EDGE_LOOP('',(#10255,#10256,#10257,#10258));
#10260=FACE_OUTER_BOUND('',#10259,.F.);
#10261=ADVANCED_FACE('',(#10260),#10254,.F.);
#10262=CARTESIAN_POINT('',(-5.230000000001E-2,-8.7E-2,-6.5E-2));
#10263=DIRECTION('',(0.E0,0.E0,-1.E0));
#10264=DIRECTION('',(0.E0,1.E0,0.E0));
#10265=AXIS2_PLACEMENT_3D('',#10262,#10263,#10264);
#10266=PLANE('',#10265);
#10267=ORIENTED_EDGE('',*,*,#10188,.F.);
#10268=ORIENTED_EDGE('',*,*,#9379,.F.);
#10270=ORIENTED_EDGE('',*,*,#10269,.T.);
#10272=ORIENTED_EDGE('',*,*,#10271,.T.);
#10274=ORIENTED_EDGE('',*,*,#10273,.F.);
#10275=ORIENTED_EDGE('',*,*,#9363,.F.);
#10276=ORIENTED_EDGE('',*,*,#9675,.T.);
#10278=ORIENTED_EDGE('',*,*,#10277,.F.);
#10279=EDGE_LOOP('',(#10267,#10268,#10270,#10272,#10274,#10275,#10276,#10278));
#10280=FACE_OUTER_BOUND('',#10279,.F.);
#10281=ADVANCED_FACE('',(#10280),#10266,.F.);
#10282=CARTESIAN_POINT('',(-5.680000000001E-2,7.3E-2,-3.935E-2));
#10283=DIRECTION('',(-1.E0,0.E0,0.E0));
#10284=DIRECTION('',(0.E0,0.E0,1.E0));
#10285=AXIS2_PLACEMENT_3D('',#10282,#10283,#10284);
#10286=PLANE('',#10285);
#10288=ORIENTED_EDGE('',*,*,#10287,.F.);
#10290=ORIENTED_EDGE('',*,*,#10289,.T.);
#10292=ORIENTED_EDGE('',*,*,#10291,.T.);
#10293=ORIENTED_EDGE('',*,*,#9569,.T.);
#10295=ORIENTED_EDGE('',*,*,#10294,.T.);
#10297=ORIENTED_EDGE('',*,*,#10296,.T.);
#10299=ORIENTED_EDGE('',*,*,#10298,.T.);
#10301=ORIENTED_EDGE('',*,*,#10300,.F.);
#10303=ORIENTED_EDGE('',*,*,#10302,.T.);
#10304=EDGE_LOOP('',(#10288,#10290,#10292,#10293,#10295,#10297,#10299,#10301,
#10303));
#10305=FACE_OUTER_BOUND('',#10304,.F.);
#10306=ADVANCED_FACE('',(#10305),#10286,.F.);
#10307=CARTESIAN_POINT('',(-5.680000000001E-2,7.3E-2,-3.935E-2));
#10308=DIRECTION('',(-1.E0,0.E0,0.E0));
#10309=DIRECTION('',(0.E0,0.E0,1.E0));
#10310=AXIS2_PLACEMENT_3D('',#10307,#10308,#10309);
#10311=PLANE('',#10310);
#10313=ORIENTED_EDGE('',*,*,#10312,.F.);
#10315=ORIENTED_EDGE('',*,*,#10314,.T.);
#10317=ORIENTED_EDGE('',*,*,#10316,.T.);
#10318=ORIENTED_EDGE('',*,*,#10269,.F.);
#10319=ORIENTED_EDGE('',*,*,#9377,.T.);
#10321=ORIENTED_EDGE('',*,*,#10320,.T.);
#10323=ORIENTED_EDGE('',*,*,#10322,.T.);
#10325=ORIENTED_EDGE('',*,*,#10324,.T.);
#10327=ORIENTED_EDGE('',*,*,#10326,.F.);
#10328=EDGE_LOOP('',(#10313,#10315,#10317,#10318,#10319,#10321,#10323,#10325,
#10327));
#10329=FACE_OUTER_BOUND('',#10328,.F.);
#10330=ADVANCED_FACE('',(#10329),#10311,.F.);
#10331=CARTESIAN_POINT('',(-6.280000000001E-2,-3.9E-2,2.1E-2));
#10332=DIRECTION('',(0.E0,0.E0,-1.E0));
#10333=DIRECTION('',(1.E0,0.E0,0.E0));
#10334=AXIS2_PLACEMENT_3D('',#10331,#10332,#10333);
#10335=PLANE('',#10334);
#10337=ORIENTED_EDGE('',*,*,#10336,.F.);
#10339=ORIENTED_EDGE('',*,*,#10338,.F.);
#10341=ORIENTED_EDGE('',*,*,#10340,.T.);
#10343=ORIENTED_EDGE('',*,*,#10342,.T.);
#10345=ORIENTED_EDGE('',*,*,#10344,.F.);
#10347=ORIENTED_EDGE('',*,*,#10346,.F.);
#10349=ORIENTED_EDGE('',*,*,#10348,.F.);
#10351=ORIENTED_EDGE('',*,*,#10350,.F.);
#10353=ORIENTED_EDGE('',*,*,#10352,.F.);
#10355=ORIENTED_EDGE('',*,*,#10354,.F.);
#10357=ORIENTED_EDGE('',*,*,#10356,.F.);
#10358=EDGE_LOOP('',(#10337,#10339,#10341,#10343,#10345,#10347,#10349,#10351,
#10353,#10355,#10357));
#10359=FACE_OUTER_BOUND('',#10358,.F.);
#10360=ADVANCED_FACE('',(#10359),#10335,.T.);
#10361=CARTESIAN_POINT('',(-6.280000000001E-2,-3.9E-2,2.1E-2));
#10362=DIRECTION('',(0.E0,0.E0,-1.E0));
#10363=DIRECTION('',(1.E0,0.E0,0.E0));
#10364=AXIS2_PLACEMENT_3D('',#10361,#10362,#10363);
#10365=PLANE('',#10364);
#10366=ORIENTED_EDGE('',*,*,#10287,.T.);
#10368=ORIENTED_EDGE('',*,*,#10367,.F.);
#10370=ORIENTED_EDGE('',*,*,#10369,.F.);
#10372=ORIENTED_EDGE('',*,*,#10371,.F.);
#10374=ORIENTED_EDGE('',*,*,#10373,.F.);
#10376=ORIENTED_EDGE('',*,*,#10375,.F.);
#10378=ORIENTED_EDGE('',*,*,#10377,.F.);
#10380=ORIENTED_EDGE('',*,*,#10379,.F.);
#10382=ORIENTED_EDGE('',*,*,#10381,.F.);
#10384=ORIENTED_EDGE('',*,*,#10383,.F.);
#10386=ORIENTED_EDGE('',*,*,#10385,.T.);
#10387=EDGE_LOOP('',(#10366,#10368,#10370,#10372,#10374,#10376,#10378,#10380,
#10382,#10384,#10386));
#10388=FACE_OUTER_BOUND('',#10387,.F.);
#10389=ADVANCED_FACE('',(#10388),#10365,.T.);
#10390=CARTESIAN_POINT('',(-1.008E-1,-1.4E-2,2.1E-2));
#10391=DIRECTION('',(-9.707950972229E-1,2.399101481970E-1,0.E0));
#10392=DIRECTION('',(2.399101481970E-1,9.707950972229E-1,0.E0));
#10393=AXIS2_PLACEMENT_3D('',#10390,#10391,#10392);
#10394=PLANE('',#10393);
#10396=ORIENTED_EDGE('',*,*,#10395,.T.);
#10397=ORIENTED_EDGE('',*,*,#10336,.T.);
#10399=ORIENTED_EDGE('',*,*,#10398,.T.);
#10401=ORIENTED_EDGE('',*,*,#10400,.F.);
#10402=EDGE_LOOP('',(#10396,#10397,#10399,#10401));
#10403=FACE_OUTER_BOUND('',#10402,.F.);
#10404=ADVANCED_FACE('',(#10403),#10394,.T.);
#10405=CARTESIAN_POINT('',(-1.008E-1,7.3E-2,-3.935E-2));
#10406=DIRECTION('',(-1.E0,0.E0,0.E0));
#10407=DIRECTION('',(0.E0,0.E0,1.E0));
#10408=AXIS2_PLACEMENT_3D('',#10405,#10406,#10407);
#10409=PLANE('',#10408);
#10411=ORIENTED_EDGE('',*,*,#10410,.F.);
#10413=ORIENTED_EDGE('',*,*,#10412,.F.);
#10415=ORIENTED_EDGE('',*,*,#10414,.F.);
#10417=ORIENTED_EDGE('',*,*,#10416,.F.);
#10418=ORIENTED_EDGE('',*,*,#9581,.F.);
#10420=ORIENTED_EDGE('',*,*,#10419,.F.);
#10422=ORIENTED_EDGE('',*,*,#10421,.T.);
#10423=ORIENTED_EDGE('',*,*,#10338,.T.);
#10424=ORIENTED_EDGE('',*,*,#10395,.F.);
#10425=EDGE_LOOP('',(#10411,#10413,#10415,#10417,#10418,#10420,#10422,#10423,
#10424));
#10426=FACE_OUTER_BOUND('',#10425,.F.);
#10427=ADVANCED_FACE('',(#10426),#10409,.T.);
#10428=CARTESIAN_POINT('',(-1.008E-1,7.3E-2,-3.935E-2));
#10429=DIRECTION('',(-1.E0,0.E0,0.E0));
#10430=DIRECTION('',(0.E0,0.E0,1.E0));
#10431=AXIS2_PLACEMENT_3D('',#10428,#10429,#10430);
#10432=PLANE('',#10431);
#10434=ORIENTED_EDGE('',*,*,#10433,.F.);
#10436=ORIENTED_EDGE('',*,*,#10435,.T.);
#10438=ORIENTED_EDGE('',*,*,#10437,.F.);
#10439=ORIENTED_EDGE('',*,*,#9365,.F.);
#10440=ORIENTED_EDGE('',*,*,#10273,.T.);
#10442=ORIENTED_EDGE('',*,*,#10441,.F.);
#10444=ORIENTED_EDGE('',*,*,#10443,.F.);
#10446=ORIENTED_EDGE('',*,*,#10445,.F.);
#10448=ORIENTED_EDGE('',*,*,#10447,.T.);
#10449=EDGE_LOOP('',(#10434,#10436,#10438,#10439,#10440,#10442,#10444,#10446,
#10448));
#10450=FACE_OUTER_BOUND('',#10449,.F.);
#10451=ADVANCED_FACE('',(#10450),#10432,.T.);
#10452=CARTESIAN_POINT('',(-5.680000000001E-2,-1.4E-2,-3.935E-2));
#10453=DIRECTION('',(0.E0,-1.E0,0.E0));
#10454=DIRECTION('',(-1.E0,0.E0,0.E0));
#10455=AXIS2_PLACEMENT_3D('',#10452,#10453,#10454);
#10456=PLANE('',#10455);
#10458=ORIENTED_EDGE('',*,*,#10457,.F.);
#10459=ORIENTED_EDGE('',*,*,#10300,.T.);
#10461=ORIENTED_EDGE('',*,*,#10460,.T.);
#10463=ORIENTED_EDGE('',*,*,#10462,.T.);
#10464=EDGE_LOOP('',(#10458,#10459,#10461,#10463));
#10465=FACE_OUTER_BOUND('',#10464,.F.);
#10466=ADVANCED_FACE('',(#10465),#10456,.F.);
#10467=CARTESIAN_POINT('',(-5.680000000001E-2,-1.4E-2,-3.935E-2));
#10468=DIRECTION('',(0.E0,-1.E0,0.E0));
#10469=DIRECTION('',(-1.E0,0.E0,0.E0));
#10470=AXIS2_PLACEMENT_3D('',#10467,#10468,#10469);
#10471=PLANE('',#10470);
#10473=ORIENTED_EDGE('',*,*,#10472,.F.);
#10475=ORIENTED_EDGE('',*,*,#10474,.T.);
#10477=ORIENTED_EDGE('',*,*,#10476,.T.);
#10478=ORIENTED_EDGE('',*,*,#10410,.T.);
#10479=EDGE_LOOP('',(#10473,#10475,#10477,#10478));
#10480=FACE_OUTER_BOUND('',#10479,.F.);
#10481=ADVANCED_FACE('',(#10480),#10471,.F.);
#10482=CARTESIAN_POINT('',(-5.680000000001E-2,-1.4E-2,-3.935E-2));
#10483=DIRECTION('',(0.E0,-1.E0,0.E0));
#10484=DIRECTION('',(-1.E0,0.E0,0.E0));
#10485=AXIS2_PLACEMENT_3D('',#10482,#10483,#10484);
#10486=PLANE('',#10485);
#10488=ORIENTED_EDGE('',*,*,#10487,.T.);
#10490=ORIENTED_EDGE('',*,*,#10489,.T.);
#10492=ORIENTED_EDGE('',*,*,#10491,.F.);
#10493=ORIENTED_EDGE('',*,*,#10312,.T.);
#10494=EDGE_LOOP('',(#10488,#10490,#10492,#10493));
#10495=FACE_OUTER_BOUND('',#10494,.F.);
#10496=ADVANCED_FACE('',(#10495),#10486,.F.);
#10497=CARTESIAN_POINT('',(-5.680000000001E-2,-1.4E-2,-3.935E-2));
#10498=DIRECTION('',(0.E0,-1.E0,0.E0));
#10499=DIRECTION('',(-1.E0,0.E0,0.E0));
#10500=AXIS2_PLACEMENT_3D('',#10497,#10498,#10499);
#10501=PLANE('',#10500);
#10503=ORIENTED_EDGE('',*,*,#10502,.T.);
#10504=ORIENTED_EDGE('',*,*,#10445,.T.);
#10506=ORIENTED_EDGE('',*,*,#10505,.F.);
#10508=ORIENTED_EDGE('',*,*,#10507,.T.);
#10509=EDGE_LOOP('',(#10503,#10504,#10506,#10508));
#10510=FACE_OUTER_BOUND('',#10509,.F.);
#10511=ADVANCED_FACE('',(#10510),#10501,.F.);
#10512=CARTESIAN_POINT('',(-5.680000000001E-2,-3.9E-2,5.1E-2));
#10513=DIRECTION('',(0.E0,0.E0,-1.E0));
#10514=DIRECTION('',(-1.E0,0.E0,0.E0));
#10515=AXIS2_PLACEMENT_3D('',#10512,#10513,#10514);
#10516=PLANE('',#10515);
#10517=ORIENTED_EDGE('',*,*,#10457,.T.);
#10519=ORIENTED_EDGE('',*,*,#10518,.T.);
#10521=ORIENTED_EDGE('',*,*,#10520,.T.);
#10523=ORIENTED_EDGE('',*,*,#10522,.T.);
#10525=ORIENTED_EDGE('',*,*,#10524,.T.);
#10527=ORIENTED_EDGE('',*,*,#10526,.T.);
#10529=ORIENTED_EDGE('',*,*,#10528,.T.);
#10531=ORIENTED_EDGE('',*,*,#10530,.T.);
#10533=ORIENTED_EDGE('',*,*,#10532,.T.);
#10534=EDGE_LOOP('',(#10517,#10519,#10521,#10523,#10525,#10527,#10529,#10531,
#10533));
#10535=FACE_OUTER_BOUND('',#10534,.F.);
#10536=ADVANCED_FACE('',(#10535),#10516,.F.);
#10537=CARTESIAN_POINT('',(-5.680000000001E-2,-3.9E-2,5.1E-2));
#10538=DIRECTION('',(0.E0,0.E0,-1.E0));
#10539=DIRECTION('',(-1.E0,0.E0,0.E0));
#10540=AXIS2_PLACEMENT_3D('',#10537,#10538,#10539);
#10541=PLANE('',#10540);
#10542=ORIENTED_EDGE('',*,*,#10472,.T.);
#10543=ORIENTED_EDGE('',*,*,#10400,.T.);
#10545=ORIENTED_EDGE('',*,*,#10544,.T.);
#10547=ORIENTED_EDGE('',*,*,#10546,.T.);
#10549=ORIENTED_EDGE('',*,*,#10548,.T.);
#10551=ORIENTED_EDGE('',*,*,#10550,.T.);
#10553=ORIENTED_EDGE('',*,*,#10552,.T.);
#10555=ORIENTED_EDGE('',*,*,#10554,.T.);
#10557=ORIENTED_EDGE('',*,*,#10556,.T.);
#10558=EDGE_LOOP('',(#10542,#10543,#10545,#10547,#10549,#10551,#10553,#10555,
#10557));
#10559=FACE_OUTER_BOUND('',#10558,.F.);
#10560=ADVANCED_FACE('',(#10559),#10541,.F.);
#10561=CARTESIAN_POINT('',(-6.280000000001E-2,-1.4E-2,2.1E-2));
#10562=DIRECTION('',(-9.707950972229E-1,-2.399101481970E-1,0.E0));
#10563=DIRECTION('',(-2.399101481970E-1,9.707950972229E-1,0.E0));
#10564=AXIS2_PLACEMENT_3D('',#10561,#10562,#10563);
#10565=PLANE('',#10564);
#10567=ORIENTED_EDGE('',*,*,#10566,.T.);
#10568=ORIENTED_EDGE('',*,*,#10381,.T.);
#10570=ORIENTED_EDGE('',*,*,#10569,.T.);
#10571=ORIENTED_EDGE('',*,*,#10518,.F.);
#10572=EDGE_LOOP('',(#10567,#10568,#10570,#10571));
#10573=FACE_OUTER_BOUND('',#10572,.F.);
#10574=ADVANCED_FACE('',(#10573),#10565,.T.);
#10575=CARTESIAN_POINT('',(-6.280000000001E-2,-3.9E-2,5.9E-2));
#10576=DIRECTION('',(-1.E0,0.E0,0.E0));
#10577=DIRECTION('',(0.E0,0.E0,-1.E0));
#10578=AXIS2_PLACEMENT_3D('',#10575,#10576,#10577);
#10579=PLANE('',#10578);
#10580=ORIENTED_EDGE('',*,*,#10566,.F.);
#10581=ORIENTED_EDGE('',*,*,#10462,.F.);
#10583=ORIENTED_EDGE('',*,*,#10582,.T.);
#10585=ORIENTED_EDGE('',*,*,#10584,.T.);
#10586=ORIENTED_EDGE('',*,*,#10383,.T.);
#10587=EDGE_LOOP('',(#10580,#10581,#10583,#10585,#10586));
#10588=FACE_OUTER_BOUND('',#10587,.F.);
#10589=ADVANCED_FACE('',(#10588),#10579,.T.);
#10590=CARTESIAN_POINT('',(-6.98E-2,-7.1E-2,5.9E-2));
#10591=DIRECTION('',(0.E0,0.E0,-1.E0));
#10592=DIRECTION('',(0.E0,-1.E0,0.E0));
#10593=AXIS2_PLACEMENT_3D('',#10590,#10591,#10592);
#10594=PLANE('',#10593);
#10596=ORIENTED_EDGE('',*,*,#10595,.F.);
#10597=ORIENTED_EDGE('',*,*,#9571,.F.);
#10598=ORIENTED_EDGE('',*,*,#10291,.F.);
#10600=ORIENTED_EDGE('',*,*,#10599,.T.);
#10601=ORIENTED_EDGE('',*,*,#10582,.F.);
#10602=ORIENTED_EDGE('',*,*,#10460,.F.);
#10603=ORIENTED_EDGE('',*,*,#10298,.F.);
#10605=ORIENTED_EDGE('',*,*,#10604,.T.);
#10606=ORIENTED_EDGE('',*,*,#10412,.T.);
#10607=ORIENTED_EDGE('',*,*,#10476,.F.);
#10609=ORIENTED_EDGE('',*,*,#10608,.T.);
#10611=ORIENTED_EDGE('',*,*,#10610,.T.);
#10612=ORIENTED_EDGE('',*,*,#10419,.T.);
#10613=ORIENTED_EDGE('',*,*,#9579,.F.);
#10615=ORIENTED_EDGE('',*,*,#10614,.T.);
#10617=ORIENTED_EDGE('',*,*,#10616,.F.);
#10618=EDGE_LOOP('',(#10596,#10597,#10598,#10600,#10601,#10602,#10603,#10605,
#10606,#10607,#10609,#10611,#10612,#10613,#10615,#10617));
#10619=FACE_OUTER_BOUND('',#10618,.F.);
#10620=ADVANCED_FACE('',(#10619),#10594,.T.);
#10621=CARTESIAN_POINT('',(-6.98E-2,0.E0,0.E0));
#10622=DIRECTION('',(-1.E0,0.E0,0.E0));
#10623=DIRECTION('',(0.E0,0.E0,1.E0));
#10624=AXIS2_PLACEMENT_3D('',#10621,#10622,#10623);
#10625=PLANE('',#10624);
#10626=ORIENTED_EDGE('',*,*,#9573,.T.);
#10627=ORIENTED_EDGE('',*,*,#10595,.T.);
#10629=ORIENTED_EDGE('',*,*,#10628,.T.);
#10631=ORIENTED_EDGE('',*,*,#10630,.T.);
#10633=ORIENTED_EDGE('',*,*,#10632,.T.);
#10635=ORIENTED_EDGE('',*,*,#10634,.T.);
#10637=ORIENTED_EDGE('',*,*,#10636,.T.);
#10639=ORIENTED_EDGE('',*,*,#10638,.T.);
#10640=EDGE_LOOP('',(#10626,#10627,#10629,#10631,#10633,#10635,#10637,#10639));
#10641=FACE_OUTER_BOUND('',#10640,.F.);
#10642=ADVANCED_FACE('',(#10641),#10625,.F.);
#10643=CARTESIAN_POINT('',(-6.98E-2,-8.3E-2,7.1E-2));
#10644=DIRECTION('',(-1.E0,0.E0,0.E0));
#10645=DIRECTION('',(0.E0,0.E0,1.E0));
#10646=AXIS2_PLACEMENT_3D('',#10643,#10644,#10645);
#10647=CYLINDRICAL_SURFACE('',#10646,1.2E-2);
#10648=ORIENTED_EDGE('',*,*,#10628,.F.);
#10649=ORIENTED_EDGE('',*,*,#10616,.T.);
#10651=ORIENTED_EDGE('',*,*,#10650,.T.);
#10653=ORIENTED_EDGE('',*,*,#10652,.F.);
#10654=EDGE_LOOP('',(#10648,#10649,#10651,#10653));
#10655=FACE_OUTER_BOUND('',#10654,.F.);
#10656=ADVANCED_FACE('',(#10655),#10647,.T.);
#10657=CARTESIAN_POINT('',(-8.78E-2,0.E0,0.E0));
#10658=DIRECTION('',(-1.E0,0.E0,0.E0));
#10659=DIRECTION('',(0.E0,0.E0,1.E0));
#10660=AXIS2_PLACEMENT_3D('',#10657,#10658,#10659);
#10661=PLANE('',#10660);
#10662=ORIENTED_EDGE('',*,*,#9577,.F.);
#10664=ORIENTED_EDGE('',*,*,#10663,.F.);
#10666=ORIENTED_EDGE('',*,*,#10665,.F.);
#10668=ORIENTED_EDGE('',*,*,#10667,.F.);
#10670=ORIENTED_EDGE('',*,*,#10669,.F.);
#10672=ORIENTED_EDGE('',*,*,#10671,.F.);
#10673=ORIENTED_EDGE('',*,*,#10650,.F.);
#10674=ORIENTED_EDGE('',*,*,#10614,.F.);
#10675=EDGE_LOOP('',(#10662,#10664,#10666,#10668,#10670,#10672,#10673,#10674));
#10676=FACE_OUTER_BOUND('',#10675,.F.);
#10677=ADVANCED_FACE('',(#10676),#10661,.T.);
#10678=CARTESIAN_POINT('',(-6.98E-2,-8.3E-2,6.5E-2));
#10679=DIRECTION('',(0.E0,0.E0,1.E0));
#10680=DIRECTION('',(0.E0,1.E0,0.E0));
#10681=AXIS2_PLACEMENT_3D('',#10678,#10679,#10680);
#10682=PLANE('',#10681);
#10683=ORIENTED_EDGE('',*,*,#9575,.F.);
#10684=ORIENTED_EDGE('',*,*,#10638,.F.);
#10686=ORIENTED_EDGE('',*,*,#10685,.T.);
#10687=ORIENTED_EDGE('',*,*,#10663,.T.);
#10688=EDGE_LOOP('',(#10683,#10684,#10686,#10687));
#10689=FACE_OUTER_BOUND('',#10688,.F.);
#10690=ADVANCED_FACE('',(#10689),#10682,.T.);
#10691=CARTESIAN_POINT('',(-6.98E-2,-8.3E-2,7.1E-2));
#10692=DIRECTION('',(-1.E0,0.E0,0.E0));
#10693=DIRECTION('',(0.E0,0.E0,1.E0));
#10694=AXIS2_PLACEMENT_3D('',#10691,#10692,#10693);
#10695=CYLINDRICAL_SURFACE('',#10694,6.E-3);
#10696=ORIENTED_EDGE('',*,*,#10636,.F.);
#10698=ORIENTED_EDGE('',*,*,#10697,.T.);
#10699=ORIENTED_EDGE('',*,*,#10665,.T.);
#10700=ORIENTED_EDGE('',*,*,#10685,.F.);
#10701=EDGE_LOOP('',(#10696,#10698,#10699,#10700));
#10702=FACE_OUTER_BOUND('',#10701,.F.);
#10703=ADVANCED_FACE('',(#10702),#10695,.F.);
#10704=CARTESIAN_POINT('',(-6.98E-2,-8.9E-2,1.05E-1));
#10705=DIRECTION('',(0.E0,1.E0,0.E0));
#10706=DIRECTION('',(0.E0,0.E0,-1.E0));
#10707=AXIS2_PLACEMENT_3D('',#10704,#10705,#10706);
#10708=PLANE('',#10707);
#10709=ORIENTED_EDGE('',*,*,#10634,.F.);
#10711=ORIENTED_EDGE('',*,*,#10710,.T.);
#10712=ORIENTED_EDGE('',*,*,#10667,.T.);
#10713=ORIENTED_EDGE('',*,*,#10697,.F.);
#10714=EDGE_LOOP('',(#10709,#10711,#10712,#10713));
#10715=FACE_OUTER_BOUND('',#10714,.F.);
#10716=ADVANCED_FACE('',(#10715),#10708,.T.);
#10717=CARTESIAN_POINT('',(-6.98E-2,-9.5E-2,1.05E-1));
#10718=DIRECTION('',(0.E0,0.E0,1.E0));
#10719=DIRECTION('',(0.E0,1.E0,0.E0));
#10720=AXIS2_PLACEMENT_3D('',#10717,#10718,#10719);
#10721=PLANE('',#10720);
#10722=ORIENTED_EDGE('',*,*,#10632,.F.);
#10724=ORIENTED_EDGE('',*,*,#10723,.T.);
#10725=ORIENTED_EDGE('',*,*,#10669,.T.);
#10726=ORIENTED_EDGE('',*,*,#10710,.F.);
#10727=EDGE_LOOP('',(#10722,#10724,#10725,#10726));
#10728=FACE_OUTER_BOUND('',#10727,.F.);
#10729=ADVANCED_FACE('',(#10728),#10721,.T.);
#10730=CARTESIAN_POINT('',(-6.98E-2,-9.5E-2,7.1E-2));
#10731=DIRECTION('',(0.E0,-1.E0,0.E0));
#10732=DIRECTION('',(0.E0,0.E0,1.E0));
#10733=AXIS2_PLACEMENT_3D('',#10730,#10731,#10732);
#10734=PLANE('',#10733);
#10735=ORIENTED_EDGE('',*,*,#10630,.F.);
#10736=ORIENTED_EDGE('',*,*,#10652,.T.);
#10737=ORIENTED_EDGE('',*,*,#10671,.T.);
#10738=ORIENTED_EDGE('',*,*,#10723,.F.);
#10739=EDGE_LOOP('',(#10735,#10736,#10737,#10738));
#10740=FACE_OUTER_BOUND('',#10739,.F.);
#10741=ADVANCED_FACE('',(#10740),#10734,.T.);
#10742=CARTESIAN_POINT('',(-5.680000000001E-2,-3.9E-2,-3.935E-2));
#10743=DIRECTION('',(0.E0,-1.E0,0.E0));
#10744=DIRECTION('',(-1.E0,0.E0,0.E0));
#10745=AXIS2_PLACEMENT_3D('',#10742,#10743,#10744);
#10746=PLANE('',#10745);
#10748=ORIENTED_EDGE('',*,*,#10747,.T.);
#10750=ORIENTED_EDGE('',*,*,#10749,.F.);
#10752=ORIENTED_EDGE('',*,*,#10751,.F.);
#10753=ORIENTED_EDGE('',*,*,#10322,.F.);
#10754=EDGE_LOOP('',(#10748,#10750,#10752,#10753));
#10755=FACE_OUTER_BOUND('',#10754,.F.);
#10756=ADVANCED_FACE('',(#10755),#10746,.T.);
#10757=CARTESIAN_POINT('',(-5.680000000001E-2,-3.9E-2,-3.935E-2));
#10758=DIRECTION('',(0.E0,-1.E0,0.E0));
#10759=DIRECTION('',(-1.E0,0.E0,0.E0));
#10760=AXIS2_PLACEMENT_3D('',#10757,#10758,#10759);
#10761=PLANE('',#10760);
#10763=ORIENTED_EDGE('',*,*,#10762,.T.);
#10764=ORIENTED_EDGE('',*,*,#10435,.F.);
#10766=ORIENTED_EDGE('',*,*,#10765,.F.);
#10768=ORIENTED_EDGE('',*,*,#10767,.F.);
#10769=EDGE_LOOP('',(#10763,#10764,#10766,#10768));
#10770=FACE_OUTER_BOUND('',#10769,.F.);
#10771=ADVANCED_FACE('',(#10770),#10761,.T.);
#10772=CARTESIAN_POINT('',(-5.680000000001E-2,-3.9E-2,-3.935E-2));
#10773=DIRECTION('',(0.E0,-1.E0,0.E0));
#10774=DIRECTION('',(-1.E0,0.E0,0.E0));
#10775=AXIS2_PLACEMENT_3D('',#10772,#10773,#10774);
#10776=PLANE('',#10775);
#10777=ORIENTED_EDGE('',*,*,#10599,.F.);
#10778=ORIENTED_EDGE('',*,*,#10289,.F.);
#10779=ORIENTED_EDGE('',*,*,#10385,.F.);
#10780=ORIENTED_EDGE('',*,*,#10584,.F.);
#10781=EDGE_LOOP('',(#10777,#10778,#10779,#10780));
#10782=FACE_OUTER_BOUND('',#10781,.F.);
#10783=ADVANCED_FACE('',(#10782),#10776,.T.);
#10784=CARTESIAN_POINT('',(-5.680000000001E-2,-3.9E-2,-3.935E-2));
#10785=DIRECTION('',(0.E0,-1.E0,0.E0));
#10786=DIRECTION('',(-1.E0,0.E0,0.E0));
#10787=AXIS2_PLACEMENT_3D('',#10784,#10785,#10786);
#10788=PLANE('',#10787);
#10789=ORIENTED_EDGE('',*,*,#10610,.F.);
#10791=ORIENTED_EDGE('',*,*,#10790,.F.);
#10792=ORIENTED_EDGE('',*,*,#10340,.F.);
#10793=ORIENTED_EDGE('',*,*,#10421,.F.);
#10794=EDGE_LOOP('',(#10789,#10791,#10792,#10793));
#10795=FACE_OUTER_BOUND('',#10794,.F.);
#10796=ADVANCED_FACE('',(#10795),#10788,.T.);
#10797=CARTESIAN_POINT('',(-6.98E-2,-8.3E-2,-5.9E-2));
#10798=DIRECTION('',(0.E0,0.E0,1.E0));
#10799=DIRECTION('',(0.E0,1.E0,0.E0));
#10800=AXIS2_PLACEMENT_3D('',#10797,#10798,#10799);
#10801=PLANE('',#10800);
#10803=ORIENTED_EDGE('',*,*,#10802,.T.);
#10804=ORIENTED_EDGE('',*,*,#9367,.T.);
#10805=ORIENTED_EDGE('',*,*,#10437,.T.);
#10806=ORIENTED_EDGE('',*,*,#10762,.F.);
#10808=ORIENTED_EDGE('',*,*,#10807,.F.);
#10809=ORIENTED_EDGE('',*,*,#10505,.T.);
#10810=ORIENTED_EDGE('',*,*,#10443,.T.);
#10812=ORIENTED_EDGE('',*,*,#10811,.F.);
#10813=ORIENTED_EDGE('',*,*,#10314,.F.);
#10814=ORIENTED_EDGE('',*,*,#10491,.T.);
#10816=ORIENTED_EDGE('',*,*,#10815,.T.);
#10817=ORIENTED_EDGE('',*,*,#10747,.F.);
#10818=ORIENTED_EDGE('',*,*,#10320,.F.);
#10819=ORIENTED_EDGE('',*,*,#9375,.T.);
#10821=ORIENTED_EDGE('',*,*,#10820,.F.);
#10823=ORIENTED_EDGE('',*,*,#10822,.T.);
#10824=EDGE_LOOP('',(#10803,#10804,#10805,#10806,#10808,#10809,#10810,#10812,
#10813,#10814,#10816,#10817,#10818,#10819,#10821,#10823));
#10825=FACE_OUTER_BOUND('',#10824,.F.);
#10826=ADVANCED_FACE('',(#10825),#10801,.T.);
#10827=CARTESIAN_POINT('',(-8.78E-2,0.E0,0.E0));
#10828=DIRECTION('',(-1.E0,0.E0,0.E0));
#10829=DIRECTION('',(0.E0,0.E0,1.E0));
#10830=AXIS2_PLACEMENT_3D('',#10827,#10828,#10829);
#10831=PLANE('',#10830);
#10832=ORIENTED_EDGE('',*,*,#9369,.T.);
#10833=ORIENTED_EDGE('',*,*,#10802,.F.);
#10835=ORIENTED_EDGE('',*,*,#10834,.F.);
#10837=ORIENTED_EDGE('',*,*,#10836,.F.);
#10839=ORIENTED_EDGE('',*,*,#10838,.F.);
#10841=ORIENTED_EDGE('',*,*,#10840,.F.);
#10843=ORIENTED_EDGE('',*,*,#10842,.F.);
#10845=ORIENTED_EDGE('',*,*,#10844,.F.);
#10846=EDGE_LOOP('',(#10832,#10833,#10835,#10837,#10839,#10841,#10843,#10845));
#10847=FACE_OUTER_BOUND('',#10846,.F.);
#10848=ADVANCED_FACE('',(#10847),#10831,.T.);
#10849=CARTESIAN_POINT('',(-6.98E-2,-8.3E-2,-7.1E-2));
#10850=DIRECTION('',(-1.E0,0.E0,0.E0));
#10851=DIRECTION('',(0.E0,0.E0,1.E0));
#10852=AXIS2_PLACEMENT_3D('',#10849,#10850,#10851);
#10853=CYLINDRICAL_SURFACE('',#10852,1.2E-2);
#10855=ORIENTED_EDGE('',*,*,#10854,.F.);
#10857=ORIENTED_EDGE('',*,*,#10856,.T.);
#10858=ORIENTED_EDGE('',*,*,#10834,.T.);
#10859=ORIENTED_EDGE('',*,*,#10822,.F.);
#10860=EDGE_LOOP('',(#10855,#10857,#10858,#10859));
#10861=FACE_OUTER_BOUND('',#10860,.F.);
#10862=ADVANCED_FACE('',(#10861),#10853,.T.);
#10863=CARTESIAN_POINT('',(-6.98E-2,0.E0,0.E0));
#10864=DIRECTION('',(-1.E0,0.E0,0.E0));
#10865=DIRECTION('',(0.E0,0.E0,1.E0));
#10866=AXIS2_PLACEMENT_3D('',#10863,#10864,#10865);
#10867=PLANE('',#10866);
#10868=ORIENTED_EDGE('',*,*,#9373,.F.);
#10870=ORIENTED_EDGE('',*,*,#10869,.T.);
#10872=ORIENTED_EDGE('',*,*,#10871,.T.);
#10874=ORIENTED_EDGE('',*,*,#10873,.T.);
#10876=ORIENTED_EDGE('',*,*,#10875,.T.);
#10878=ORIENTED_EDGE('',*,*,#10877,.T.);
#10879=ORIENTED_EDGE('',*,*,#10854,.T.);
#10880=ORIENTED_EDGE('',*,*,#10820,.T.);
#10881=EDGE_LOOP('',(#10868,#10870,#10872,#10874,#10876,#10878,#10879,#10880));
#10882=FACE_OUTER_BOUND('',#10881,.F.);
#10883=ADVANCED_FACE('',(#10882),#10867,.F.);
#10884=CARTESIAN_POINT('',(-6.98E-2,-7.1E-2,-6.5E-2));
#10885=DIRECTION('',(0.E0,0.E0,-1.E0));
#10886=DIRECTION('',(0.E0,-1.E0,0.E0));
#10887=AXIS2_PLACEMENT_3D('',#10884,#10885,#10886);
#10888=PLANE('',#10887);
#10889=ORIENTED_EDGE('',*,*,#9371,.T.);
#10890=ORIENTED_EDGE('',*,*,#10844,.T.);
#10892=ORIENTED_EDGE('',*,*,#10891,.F.);
#10893=ORIENTED_EDGE('',*,*,#10869,.F.);
#10894=EDGE_LOOP('',(#10889,#10890,#10892,#10893));
#10895=FACE_OUTER_BOUND('',#10894,.F.);
#10896=ADVANCED_FACE('',(#10895),#10888,.T.);
#10897=CARTESIAN_POINT('',(-6.98E-2,-8.3E-2,-7.1E-2));
#10898=DIRECTION('',(-1.E0,0.E0,0.E0));
#10899=DIRECTION('',(0.E0,0.E0,1.E0));
#10900=AXIS2_PLACEMENT_3D('',#10897,#10898,#10899);
#10901=CYLINDRICAL_SURFACE('',#10900,6.E-3);
#10902=ORIENTED_EDGE('',*,*,#10871,.F.);
#10903=ORIENTED_EDGE('',*,*,#10891,.T.);
#10904=ORIENTED_EDGE('',*,*,#10842,.T.);
#10906=ORIENTED_EDGE('',*,*,#10905,.F.);
#10907=EDGE_LOOP('',(#10902,#10903,#10904,#10906));
#10908=FACE_OUTER_BOUND('',#10907,.F.);
#10909=ADVANCED_FACE('',(#10908),#10901,.F.);
#10910=CARTESIAN_POINT('',(-6.98E-2,-8.9E-2,-7.1E-2));
#10911=DIRECTION('',(0.E0,1.E0,0.E0));
#10912=DIRECTION('',(0.E0,0.E0,-1.E0));
#10913=AXIS2_PLACEMENT_3D('',#10910,#10911,#10912);
#10914=PLANE('',#10913);
#10915=ORIENTED_EDGE('',*,*,#10873,.F.);
#10916=ORIENTED_EDGE('',*,*,#10905,.T.);
#10917=ORIENTED_EDGE('',*,*,#10840,.T.);
#10919=ORIENTED_EDGE('',*,*,#10918,.F.);
#10920=EDGE_LOOP('',(#10915,#10916,#10917,#10919));
#10921=FACE_OUTER_BOUND('',#10920,.F.);
#10922=ADVANCED_FACE('',(#10921),#10914,.T.);
#10923=CARTESIAN_POINT('',(-6.98E-2,-8.9E-2,-1.05E-1));
#10924=DIRECTION('',(0.E0,0.E0,-1.E0));
#10925=DIRECTION('',(0.E0,-1.E0,0.E0));
#10926=AXIS2_PLACEMENT_3D('',#10923,#10924,#10925);
#10927=PLANE('',#10926);
#10928=ORIENTED_EDGE('',*,*,#10875,.F.);
#10929=ORIENTED_EDGE('',*,*,#10918,.T.);
#10930=ORIENTED_EDGE('',*,*,#10838,.T.);
#10932=ORIENTED_EDGE('',*,*,#10931,.F.);
#10933=EDGE_LOOP('',(#10928,#10929,#10930,#10932));
#10934=FACE_OUTER_BOUND('',#10933,.F.);
#10935=ADVANCED_FACE('',(#10934),#10927,.T.);
#10936=CARTESIAN_POINT('',(-6.98E-2,-9.5E-2,-1.05E-1));
#10937=DIRECTION('',(0.E0,-1.E0,0.E0));
#10938=DIRECTION('',(0.E0,0.E0,1.E0));
#10939=AXIS2_PLACEMENT_3D('',#10936,#10937,#10938);
#10940=PLANE('',#10939);
#10941=ORIENTED_EDGE('',*,*,#10877,.F.);
#10942=ORIENTED_EDGE('',*,*,#10931,.T.);
#10943=ORIENTED_EDGE('',*,*,#10836,.T.);
#10944=ORIENTED_EDGE('',*,*,#10856,.F.);
#10945=EDGE_LOOP('',(#10941,#10942,#10943,#10944));
#10946=FACE_OUTER_BOUND('',#10945,.F.);
#10947=ADVANCED_FACE('',(#10946),#10940,.T.);
#10948=CARTESIAN_POINT('',(-9.480000000001E-2,-3.9E-2,-5.9E-2));
#10949=DIRECTION('',(1.E0,0.E0,0.E0));
#10950=DIRECTION('',(0.E0,0.E0,1.E0));
#10951=AXIS2_PLACEMENT_3D('',#10948,#10949,#10950);
#10952=PLANE('',#10951);
#10954=ORIENTED_EDGE('',*,*,#10953,.F.);
#10955=ORIENTED_EDGE('',*,*,#10507,.F.);
#10956=ORIENTED_EDGE('',*,*,#10807,.T.);
#10957=ORIENTED_EDGE('',*,*,#10767,.T.);
#10959=ORIENTED_EDGE('',*,*,#10958,.T.);
#10960=EDGE_LOOP('',(#10954,#10955,#10956,#10957,#10959));
#10961=FACE_OUTER_BOUND('',#10960,.F.);
#10962=ADVANCED_FACE('',(#10961),#10952,.T.);
#10963=CARTESIAN_POINT('',(-9.480000000001E-2,-1.4E-2,-2.1E-2));
#10964=DIRECTION('',(9.707950972229E-1,-2.399101481970E-1,0.E0));
#10965=DIRECTION('',(2.399101481970E-1,9.707950972229E-1,0.E0));
#10966=AXIS2_PLACEMENT_3D('',#10963,#10964,#10965);
#10967=PLANE('',#10966);
#10968=ORIENTED_EDGE('',*,*,#10953,.T.);
#10970=ORIENTED_EDGE('',*,*,#10969,.T.);
#10972=ORIENTED_EDGE('',*,*,#10971,.T.);
#10974=ORIENTED_EDGE('',*,*,#10973,.F.);
#10975=EDGE_LOOP('',(#10968,#10970,#10972,#10974));
#10976=FACE_OUTER_BOUND('',#10975,.F.);
#10977=ADVANCED_FACE('',(#10976),#10967,.T.);
#10978=CARTESIAN_POINT('',(-5.680000000001E-2,-3.9E-2,-2.1E-2));
#10979=DIRECTION('',(0.E0,0.E0,1.E0));
#10980=DIRECTION('',(-1.E0,0.E0,0.E0));
#10981=AXIS2_PLACEMENT_3D('',#10978,#10979,#10980);
#10982=PLANE('',#10981);
#10983=ORIENTED_EDGE('',*,*,#10969,.F.);
#10984=ORIENTED_EDGE('',*,*,#10958,.F.);
#10985=ORIENTED_EDGE('',*,*,#10765,.T.);
#10986=ORIENTED_EDGE('',*,*,#10433,.T.);
#10988=ORIENTED_EDGE('',*,*,#10987,.F.);
#10990=ORIENTED_EDGE('',*,*,#10989,.F.);
#10992=ORIENTED_EDGE('',*,*,#10991,.F.);
#10994=ORIENTED_EDGE('',*,*,#10993,.F.);
#10996=ORIENTED_EDGE('',*,*,#10995,.F.);
#10998=ORIENTED_EDGE('',*,*,#10997,.F.);
#11000=ORIENTED_EDGE('',*,*,#10999,.F.);
#11001=EDGE_LOOP('',(#10983,#10984,#10985,#10986,#10988,#10990,#10992,#10994,
#10996,#10998,#11000));
#11002=FACE_OUTER_BOUND('',#11001,.F.);
#11003=ADVANCED_FACE('',(#11002),#10982,.T.);
#11004=CARTESIAN_POINT('',(-5.680000000001E-2,-3.9E-2,-2.1E-2));
#11005=DIRECTION('',(0.E0,0.E0,1.E0));
#11006=DIRECTION('',(-1.E0,0.E0,0.E0));
#11007=AXIS2_PLACEMENT_3D('',#11004,#11005,#11006);
#11008=PLANE('',#11007);
#11010=ORIENTED_EDGE('',*,*,#11009,.T.);
#11012=ORIENTED_EDGE('',*,*,#11011,.F.);
#11014=ORIENTED_EDGE('',*,*,#11013,.F.);
#11016=ORIENTED_EDGE('',*,*,#11015,.F.);
#11018=ORIENTED_EDGE('',*,*,#11017,.F.);
#11020=ORIENTED_EDGE('',*,*,#11019,.F.);
#11022=ORIENTED_EDGE('',*,*,#11021,.F.);
#11024=ORIENTED_EDGE('',*,*,#11023,.F.);
#11026=ORIENTED_EDGE('',*,*,#11025,.F.);
#11027=ORIENTED_EDGE('',*,*,#10324,.F.);
#11028=ORIENTED_EDGE('',*,*,#10751,.T.);
#11029=EDGE_LOOP('',(#11010,#11012,#11014,#11016,#11018,#11020,#11022,#11024,
#11026,#11027,#11028));
#11030=FACE_OUTER_BOUND('',#11029,.F.);
#11031=ADVANCED_FACE('',(#11030),#11008,.T.);
#11032=CARTESIAN_POINT('',(-9.106284412500E-2,2.540134777705E-2,-2.1E-2));
#11033=DIRECTION('',(-9.707950972229E-1,2.399101481970E-1,0.E0));
#11034=DIRECTION('',(-2.399101481970E-1,-9.707950972229E-1,0.E0));
#11035=AXIS2_PLACEMENT_3D('',#11032,#11033,#11034);
#11036=PLANE('',#11035);
#11037=ORIENTED_EDGE('',*,*,#10447,.F.);
#11039=ORIENTED_EDGE('',*,*,#11038,.F.);
#11041=ORIENTED_EDGE('',*,*,#11040,.F.);
#11042=ORIENTED_EDGE('',*,*,#10987,.T.);
#11043=EDGE_LOOP('',(#11037,#11039,#11041,#11042));
#11044=FACE_OUTER_BOUND('',#11043,.F.);
#11045=ADVANCED_FACE('',(#11044),#11036,.T.);
#11046=CARTESIAN_POINT('',(-5.680000000001E-2,-3.9E-2,-5.1E-2));
#11047=DIRECTION('',(0.E0,0.E0,1.E0));
#11048=DIRECTION('',(1.E0,0.E0,0.E0));
#11049=AXIS2_PLACEMENT_3D('',#11046,#11047,#11048);
#11050=PLANE('',#11049);
#11051=ORIENTED_EDGE('',*,*,#10487,.F.);
#11053=ORIENTED_EDGE('',*,*,#11052,.T.);
#11055=ORIENTED_EDGE('',*,*,#11054,.T.);
#11057=ORIENTED_EDGE('',*,*,#11056,.T.);
#11059=ORIENTED_EDGE('',*,*,#11058,.T.);
#11061=ORIENTED_EDGE('',*,*,#11060,.T.);
#11063=ORIENTED_EDGE('',*,*,#11062,.T.);
#11065=ORIENTED_EDGE('',*,*,#11064,.T.);
#11067=ORIENTED_EDGE('',*,*,#11066,.T.);
#11068=EDGE_LOOP('',(#11051,#11053,#11055,#11057,#11059,#11061,#11063,#11065,
#11067));
#11069=FACE_OUTER_BOUND('',#11068,.F.);
#11070=ADVANCED_FACE('',(#11069),#11050,.F.);
#11071=CARTESIAN_POINT('',(-5.680000000001E-2,-3.9E-2,-5.1E-2));
#11072=DIRECTION('',(0.E0,0.E0,1.E0));
#11073=DIRECTION('',(1.E0,0.E0,0.E0));
#11074=AXIS2_PLACEMENT_3D('',#11071,#11072,#11073);
#11075=PLANE('',#11074);
#11076=ORIENTED_EDGE('',*,*,#10502,.F.);
#11077=ORIENTED_EDGE('',*,*,#10973,.T.);
#11079=ORIENTED_EDGE('',*,*,#11078,.T.);
#11081=ORIENTED_EDGE('',*,*,#11080,.T.);
#11083=ORIENTED_EDGE('',*,*,#11082,.T.);
#11085=ORIENTED_EDGE('',*,*,#11084,.T.);
#11087=ORIENTED_EDGE('',*,*,#11086,.T.);
#11089=ORIENTED_EDGE('',*,*,#11088,.T.);
#11090=ORIENTED_EDGE('',*,*,#11038,.T.);
#11091=EDGE_LOOP('',(#11076,#11077,#11079,#11081,#11083,#11085,#11087,#11089,
#11090));
#11092=FACE_OUTER_BOUND('',#11091,.F.);
#11093=ADVANCED_FACE('',(#11092),#11075,.F.);
#11094=CARTESIAN_POINT('',(-5.680000000001E-2,-1.4E-2,-2.1E-2));
#11095=DIRECTION('',(9.707950972229E-1,2.399101481970E-1,0.E0));
#11096=DIRECTION('',(-2.399101481970E-1,9.707950972229E-1,0.E0));
#11097=AXIS2_PLACEMENT_3D('',#11094,#11095,#11096);
#11098=PLANE('',#11097);
#11099=ORIENTED_EDGE('',*,*,#10326,.T.);
#11100=ORIENTED_EDGE('',*,*,#11025,.T.);
#11102=ORIENTED_EDGE('',*,*,#11101,.T.);
#11103=ORIENTED_EDGE('',*,*,#11052,.F.);
#11104=EDGE_LOOP('',(#11099,#11100,#11102,#11103));
#11105=FACE_OUTER_BOUND('',#11104,.F.);
#11106=ADVANCED_FACE('',(#11105),#11098,.T.);
#11107=CARTESIAN_POINT('',(-5.197522941667E-2,2.9E-2,-2.1E-2));
#11108=DIRECTION('',(0.E0,0.E0,1.E0));
#11109=DIRECTION('',(1.E0,0.E0,0.E0));
#11110=AXIS2_PLACEMENT_3D('',#11107,#11108,#11109);
#11111=CYLINDRICAL_SURFACE('',#11110,1.5E-2);
#11112=ORIENTED_EDGE('',*,*,#11023,.T.);
#11114=ORIENTED_EDGE('',*,*,#11113,.T.);
#11115=ORIENTED_EDGE('',*,*,#11054,.F.);
#11116=ORIENTED_EDGE('',*,*,#11101,.F.);
#11117=EDGE_LOOP('',(#11112,#11114,#11115,#11116));
#11118=FACE_OUTER_BOUND('',#11117,.F.);
#11119=ADVANCED_FACE('',(#11118),#11111,.F.);
#11120=CARTESIAN_POINT('',(-6.625261281167E-2,3.359960035135E-2,-2.1E-2));
#11121=DIRECTION('',(9.518255596667E-1,-3.066400234235E-1,0.E0));
#11122=DIRECTION('',(3.066400234235E-1,9.518255596667E-1,0.E0));
#11123=AXIS2_PLACEMENT_3D('',#11120,#11121,#11122);
#11124=PLANE('',#11123);
#11125=ORIENTED_EDGE('',*,*,#11021,.T.);
#11127=ORIENTED_EDGE('',*,*,#11126,.T.);
#11128=ORIENTED_EDGE('',*,*,#11056,.F.);
#11129=ORIENTED_EDGE('',*,*,#11113,.F.);
#11130=EDGE_LOOP('',(#11125,#11127,#11128,#11129));
#11131=FACE_OUTER_BOUND('',#11130,.F.);
#11132=ADVANCED_FACE('',(#11131),#11124,.T.);
#11133=CARTESIAN_POINT('',(-6.112202219743E-2,4.952520337047E-2,-2.1E-2));
#11134=DIRECTION('',(8.898695476930E-1,4.562150678010E-1,0.E0));
#11135=DIRECTION('',(-4.562150678010E-1,8.898695476930E-1,0.E0));
#11136=AXIS2_PLACEMENT_3D('',#11133,#11134,#11135);
#11137=PLANE('',#11136);
#11138=ORIENTED_EDGE('',*,*,#11019,.T.);
#11140=ORIENTED_EDGE('',*,*,#11139,.T.);
#11141=ORIENTED_EDGE('',*,*,#11058,.F.);
#11142=ORIENTED_EDGE('',*,*,#11126,.F.);
#11143=EDGE_LOOP('',(#11138,#11140,#11141,#11142));
#11144=FACE_OUTER_BOUND('',#11143,.F.);
#11145=ADVANCED_FACE('',(#11144),#11137,.T.);
#11146=CARTESIAN_POINT('',(-6.294452332101E-2,5.308007992973E-2,-2.1E-2));
#11147=DIRECTION('',(3.066400234235E-1,9.518255596667E-1,0.E0));
#11148=DIRECTION('',(-9.518255596667E-1,3.066400234235E-1,0.E0));
#11149=AXIS2_PLACEMENT_3D('',#11146,#11147,#11148);
#11150=PLANE('',#11149);
#11151=ORIENTED_EDGE('',*,*,#11017,.T.);
#11153=ORIENTED_EDGE('',*,*,#11152,.T.);
#11154=ORIENTED_EDGE('',*,*,#11060,.F.);
#11155=ORIENTED_EDGE('',*,*,#11139,.F.);
#11156=EDGE_LOOP('',(#11151,#11153,#11154,#11155));
#11157=FACE_OUTER_BOUND('',#11156,.F.);
#11158=ADVANCED_FACE('',(#11157),#11150,.T.);
#11159=CARTESIAN_POINT('',(-6.580000000001E-2,5.4E-2,-2.1E-2));
#11160=DIRECTION('',(-9.518255596667E-1,3.066400234235E-1,0.E0));
#11161=DIRECTION('',(-3.066400234235E-1,-9.518255596667E-1,0.E0));
#11162=AXIS2_PLACEMENT_3D('',#11159,#11160,#11161);
#11163=PLANE('',#11162);
#11164=ORIENTED_EDGE('',*,*,#11015,.T.);
#11166=ORIENTED_EDGE('',*,*,#11165,.T.);
#11167=ORIENTED_EDGE('',*,*,#11062,.F.);
#11168=ORIENTED_EDGE('',*,*,#11152,.F.);
#11169=EDGE_LOOP('',(#11164,#11166,#11167,#11168));
#11170=FACE_OUTER_BOUND('',#11169,.F.);
#11171=ADVANCED_FACE('',(#11170),#11163,.T.);
#11172=CARTESIAN_POINT('',(-5.197522941667E-2,2.9E-2,-2.1E-2));
#11173=DIRECTION('',(0.E0,0.E0,1.E0));
#11174=DIRECTION('',(1.E0,0.E0,0.E0));
#11175=AXIS2_PLACEMENT_3D('',#11172,#11173,#11174);
#11176=CYLINDRICAL_SURFACE('',#11175,2.082477058334E-2);
#11177=ORIENTED_EDGE('',*,*,#11013,.T.);
#11179=ORIENTED_EDGE('',*,*,#11178,.T.);
#11180=ORIENTED_EDGE('',*,*,#11064,.F.);
#11181=ORIENTED_EDGE('',*,*,#11165,.F.);
#11182=EDGE_LOOP('',(#11177,#11179,#11180,#11181));
#11183=FACE_OUTER_BOUND('',#11182,.F.);
#11184=ADVANCED_FACE('',(#11183),#11176,.T.);
#11185=CARTESIAN_POINT('',(-7.219181459977E-2,2.400392620318E-2,-2.1E-2));
#11186=DIRECTION('',(-9.707950972229E-1,-2.399101481970E-1,0.E0));
#11187=DIRECTION('',(2.399101481970E-1,-9.707950972229E-1,0.E0));
#11188=AXIS2_PLACEMENT_3D('',#11185,#11186,#11187);
#11189=PLANE('',#11188);
#11191=ORIENTED_EDGE('',*,*,#11190,.F.);
#11192=ORIENTED_EDGE('',*,*,#11066,.F.);
#11193=ORIENTED_EDGE('',*,*,#11178,.F.);
#11194=ORIENTED_EDGE('',*,*,#11011,.T.);
#11195=EDGE_LOOP('',(#11191,#11192,#11193,#11194));
#11196=FACE_OUTER_BOUND('',#11195,.F.);
#11197=ADVANCED_FACE('',(#11196),#11189,.T.);
#11198=CARTESIAN_POINT('',(-6.280000000001E-2,-3.9E-2,-2.1E-2));
#11199=DIRECTION('',(-1.E0,0.E0,0.E0));
#11200=DIRECTION('',(0.E0,0.E0,-1.E0));
#11201=AXIS2_PLACEMENT_3D('',#11198,#11199,#11200);
#11202=PLANE('',#11201);
#11203=ORIENTED_EDGE('',*,*,#11190,.T.);
#11204=ORIENTED_EDGE('',*,*,#11009,.F.);
#11205=ORIENTED_EDGE('',*,*,#10749,.T.);
#11206=ORIENTED_EDGE('',*,*,#10815,.F.);
#11207=ORIENTED_EDGE('',*,*,#10489,.F.);
#11208=EDGE_LOOP('',(#11203,#11204,#11205,#11206,#11207));
#11209=FACE_OUTER_BOUND('',#11208,.F.);
#11210=ADVANCED_FACE('',(#11209),#11202,.T.);
#11211=CARTESIAN_POINT('',(-1.056247705833E-1,2.9E-2,-2.1E-2));
#11212=DIRECTION('',(0.E0,0.E0,1.E0));
#11213=DIRECTION('',(1.E0,0.E0,0.E0));
#11214=AXIS2_PLACEMENT_3D('',#11211,#11212,#11213);
#11215=CYLINDRICAL_SURFACE('',#11214,2.082477058334E-2);
#11216=ORIENTED_EDGE('',*,*,#10999,.T.);
#11218=ORIENTED_EDGE('',*,*,#11217,.T.);
#11219=ORIENTED_EDGE('',*,*,#11078,.F.);
#11220=ORIENTED_EDGE('',*,*,#10971,.F.);
#11221=EDGE_LOOP('',(#11216,#11218,#11219,#11220));
#11222=FACE_OUTER_BOUND('',#11221,.F.);
#11223=ADVANCED_FACE('',(#11222),#11215,.T.);
#11224=CARTESIAN_POINT('',(-8.580322166793E-2,3.538570813946E-2,-2.1E-2));
#11225=DIRECTION('',(9.518255596667E-1,3.066400234235E-1,0.E0));
#11226=DIRECTION('',(-3.066400234235E-1,9.518255596667E-1,0.E0));
#11227=AXIS2_PLACEMENT_3D('',#11224,#11225,#11226);
#11228=PLANE('',#11227);
#11229=ORIENTED_EDGE('',*,*,#10997,.T.);
#11231=ORIENTED_EDGE('',*,*,#11230,.T.);
#11232=ORIENTED_EDGE('',*,*,#11080,.F.);
#11233=ORIENTED_EDGE('',*,*,#11217,.F.);
#11234=EDGE_LOOP('',(#11229,#11231,#11232,#11233));
#11235=FACE_OUTER_BOUND('',#11234,.F.);
#11236=ADVANCED_FACE('',(#11235),#11228,.T.);
#11237=CARTESIAN_POINT('',(-9.180000000001E-2,5.4E-2,-2.1E-2));
#11238=DIRECTION('',(-3.066400234235E-1,9.518255596667E-1,0.E0));
#11239=DIRECTION('',(-9.518255596667E-1,-3.066400234235E-1,0.E0));
#11240=AXIS2_PLACEMENT_3D('',#11237,#11238,#11239);
#11241=PLANE('',#11240);
#11242=ORIENTED_EDGE('',*,*,#10995,.T.);
#11244=ORIENTED_EDGE('',*,*,#11243,.T.);
#11245=ORIENTED_EDGE('',*,*,#11082,.F.);
#11246=ORIENTED_EDGE('',*,*,#11230,.F.);
#11247=EDGE_LOOP('',(#11242,#11244,#11245,#11246));
#11248=FACE_OUTER_BOUND('',#11247,.F.);
#11249=ADVANCED_FACE('',(#11248),#11241,.T.);
#11250=CARTESIAN_POINT('',(-9.465547667901E-2,5.308007992973E-2,-2.1E-2));
#11251=DIRECTION('',(-8.898695476930E-1,4.562150678010E-1,0.E0));
#11252=DIRECTION('',(-4.562150678010E-1,-8.898695476930E-1,0.E0));
#11253=AXIS2_PLACEMENT_3D('',#11250,#11251,#11252);
#11254=PLANE('',#11253);
#11255=ORIENTED_EDGE('',*,*,#10993,.T.);
#11257=ORIENTED_EDGE('',*,*,#11256,.T.);
#11258=ORIENTED_EDGE('',*,*,#11084,.F.);
#11259=ORIENTED_EDGE('',*,*,#11243,.F.);
#11260=EDGE_LOOP('',(#11255,#11257,#11258,#11259));
#11261=FACE_OUTER_BOUND('',#11260,.F.);
#11262=ADVANCED_FACE('',(#11261),#11254,.T.);
#11263=CARTESIAN_POINT('',(-9.647797780258E-2,4.952520337047E-2,-2.1E-2));
#11264=DIRECTION('',(-9.518255596667E-1,-3.066400234235E-1,0.E0));
#11265=DIRECTION('',(3.066400234235E-1,-9.518255596667E-1,0.E0));
#11266=AXIS2_PLACEMENT_3D('',#11263,#11264,#11265);
#11267=PLANE('',#11266);
#11268=ORIENTED_EDGE('',*,*,#10991,.T.);
#11270=ORIENTED_EDGE('',*,*,#11269,.T.);
#11271=ORIENTED_EDGE('',*,*,#11086,.F.);
#11272=ORIENTED_EDGE('',*,*,#11256,.F.);
#11273=EDGE_LOOP('',(#11268,#11270,#11271,#11272));
#11274=FACE_OUTER_BOUND('',#11273,.F.);
#11275=ADVANCED_FACE('',(#11274),#11267,.T.);
#11276=CARTESIAN_POINT('',(-1.056247705833E-1,2.9E-2,-2.1E-2));
#11277=DIRECTION('',(0.E0,0.E0,1.E0));
#11278=DIRECTION('',(1.E0,0.E0,0.E0));
#11279=AXIS2_PLACEMENT_3D('',#11276,#11277,#11278);
#11280=CYLINDRICAL_SURFACE('',#11279,1.5E-2);
#11281=ORIENTED_EDGE('',*,*,#10989,.T.);
#11282=ORIENTED_EDGE('',*,*,#11040,.T.);
#11283=ORIENTED_EDGE('',*,*,#11088,.F.);
#11284=ORIENTED_EDGE('',*,*,#11269,.F.);
#11285=EDGE_LOOP('',(#11281,#11282,#11283,#11284));
#11286=FACE_OUTER_BOUND('',#11285,.F.);
#11287=ADVANCED_FACE('',(#11286),#11280,.F.);
#11288=CARTESIAN_POINT('',(-5.680000000001E-2,6.6E-2,-5.9E-2));
#11289=DIRECTION('',(0.E0,1.E0,0.E0));
#11290=DIRECTION('',(0.E0,0.E0,-1.E0));
#11291=AXIS2_PLACEMENT_3D('',#11288,#11289,#11290);
#11292=PLANE('',#11291);
#11293=ORIENTED_EDGE('',*,*,#10271,.F.);
#11294=ORIENTED_EDGE('',*,*,#10316,.F.);
#11295=ORIENTED_EDGE('',*,*,#10811,.T.);
#11296=ORIENTED_EDGE('',*,*,#10441,.T.);
#11297=EDGE_LOOP('',(#11293,#11294,#11295,#11296));
#11298=FACE_OUTER_BOUND('',#11297,.F.);
#11299=ADVANCED_FACE('',(#11298),#11292,.T.);
#11300=CARTESIAN_POINT('',(-9.480000000001E-2,-3.9E-2,2.1E-2));
#11301=DIRECTION('',(1.E0,0.E0,0.E0));
#11302=DIRECTION('',(0.E0,0.E0,1.E0));
#11303=AXIS2_PLACEMENT_3D('',#11300,#11301,#11302);
#11304=PLANE('',#11303);
#11306=ORIENTED_EDGE('',*,*,#11305,.T.);
#11307=ORIENTED_EDGE('',*,*,#10342,.F.);
#11308=ORIENTED_EDGE('',*,*,#10790,.T.);
#11309=ORIENTED_EDGE('',*,*,#10608,.F.);
#11310=ORIENTED_EDGE('',*,*,#10474,.F.);
#11311=EDGE_LOOP('',(#11306,#11307,#11308,#11309,#11310));
#11312=FACE_OUTER_BOUND('',#11311,.F.);
#11313=ADVANCED_FACE('',(#11312),#11304,.T.);
#11314=CARTESIAN_POINT('',(-8.540818540025E-2,2.400392620318E-2,2.1E-2));
#11315=DIRECTION('',(9.707950972229E-1,-2.399101481970E-1,0.E0));
#11316=DIRECTION('',(-2.399101481970E-1,-9.707950972229E-1,0.E0));
#11317=AXIS2_PLACEMENT_3D('',#11314,#11315,#11316);
#11318=PLANE('',#11317);
#11319=ORIENTED_EDGE('',*,*,#11305,.F.);
#11320=ORIENTED_EDGE('',*,*,#10556,.F.);
#11322=ORIENTED_EDGE('',*,*,#11321,.F.);
#11323=ORIENTED_EDGE('',*,*,#10344,.T.);
#11324=EDGE_LOOP('',(#11319,#11320,#11322,#11323));
#11325=FACE_OUTER_BOUND('',#11324,.F.);
#11326=ADVANCED_FACE('',(#11325),#11318,.T.);
#11327=CARTESIAN_POINT('',(-1.056247705833E-1,2.9E-2,2.1E-2));
#11328=DIRECTION('',(0.E0,0.E0,-1.E0));
#11329=DIRECTION('',(-1.E0,0.E0,0.E0));
#11330=AXIS2_PLACEMENT_3D('',#11327,#11328,#11329);
#11331=CYLINDRICAL_SURFACE('',#11330,2.082477058334E-2);
#11332=ORIENTED_EDGE('',*,*,#10346,.T.);
#11333=ORIENTED_EDGE('',*,*,#11321,.T.);
#11334=ORIENTED_EDGE('',*,*,#10554,.F.);
#11336=ORIENTED_EDGE('',*,*,#11335,.F.);
#11337=EDGE_LOOP('',(#11332,#11333,#11334,#11336));
#11338=FACE_OUTER_BOUND('',#11337,.F.);
#11339=ADVANCED_FACE('',(#11338),#11331,.T.);
#11340=CARTESIAN_POINT('',(-9.180000000001E-2,5.4E-2,2.1E-2));
#11341=DIRECTION('',(9.518255596667E-1,3.066400234235E-1,0.E0));
#11342=DIRECTION('',(3.066400234235E-1,-9.518255596667E-1,0.E0));
#11343=AXIS2_PLACEMENT_3D('',#11340,#11341,#11342);
#11344=PLANE('',#11343);
#11345=ORIENTED_EDGE('',*,*,#10348,.T.);
#11346=ORIENTED_EDGE('',*,*,#11335,.T.);
#11347=ORIENTED_EDGE('',*,*,#10552,.F.);
#11349=ORIENTED_EDGE('',*,*,#11348,.F.);
#11350=EDGE_LOOP('',(#11345,#11346,#11347,#11349));
#11351=FACE_OUTER_BOUND('',#11350,.F.);
#11352=ADVANCED_FACE('',(#11351),#11344,.T.);
#11353=CARTESIAN_POINT('',(-9.465547667901E-2,5.308007992973E-2,2.1E-2));
#11354=DIRECTION('',(-3.066400234235E-1,9.518255596667E-1,0.E0));
#11355=DIRECTION('',(9.518255596667E-1,3.066400234235E-1,0.E0));
#11356=AXIS2_PLACEMENT_3D('',#11353,#11354,#11355);
#11357=PLANE('',#11356);
#11358=ORIENTED_EDGE('',*,*,#10350,.T.);
#11359=ORIENTED_EDGE('',*,*,#11348,.T.);
#11360=ORIENTED_EDGE('',*,*,#10550,.F.);
#11362=ORIENTED_EDGE('',*,*,#11361,.F.);
#11363=EDGE_LOOP('',(#11358,#11359,#11360,#11362));
#11364=FACE_OUTER_BOUND('',#11363,.F.);
#11365=ADVANCED_FACE('',(#11364),#11357,.T.);
#11366=CARTESIAN_POINT('',(-9.647797780258E-2,4.952520337047E-2,2.1E-2));
#11367=DIRECTION('',(-8.898695476930E-1,4.562150678010E-1,0.E0));
#11368=DIRECTION('',(4.562150678010E-1,8.898695476930E-1,0.E0));
#11369=AXIS2_PLACEMENT_3D('',#11366,#11367,#11368);
#11370=PLANE('',#11369);
#11371=ORIENTED_EDGE('',*,*,#10352,.T.);
#11372=ORIENTED_EDGE('',*,*,#11361,.T.);
#11373=ORIENTED_EDGE('',*,*,#10548,.F.);
#11375=ORIENTED_EDGE('',*,*,#11374,.F.);
#11376=EDGE_LOOP('',(#11371,#11372,#11373,#11375));
#11377=FACE_OUTER_BOUND('',#11376,.F.);
#11378=ADVANCED_FACE('',(#11377),#11370,.T.);
#11379=CARTESIAN_POINT('',(-9.134738718835E-2,3.359960035135E-2,2.1E-2));
#11380=DIRECTION('',(-9.518255596667E-1,-3.066400234235E-1,0.E0));
#11381=DIRECTION('',(-3.066400234235E-1,9.518255596667E-1,0.E0));
#11382=AXIS2_PLACEMENT_3D('',#11379,#11380,#11381);
#11383=PLANE('',#11382);
#11384=ORIENTED_EDGE('',*,*,#10354,.T.);
#11385=ORIENTED_EDGE('',*,*,#11374,.T.);
#11386=ORIENTED_EDGE('',*,*,#10546,.F.);
#11388=ORIENTED_EDGE('',*,*,#11387,.F.);
#11389=EDGE_LOOP('',(#11384,#11385,#11386,#11388));
#11390=FACE_OUTER_BOUND('',#11389,.F.);
#11391=ADVANCED_FACE('',(#11390),#11383,.T.);
#11392=CARTESIAN_POINT('',(-1.056247705833E-1,2.9E-2,2.1E-2));
#11393=DIRECTION('',(0.E0,0.E0,-1.E0));
#11394=DIRECTION('',(-1.E0,0.E0,0.E0));
#11395=AXIS2_PLACEMENT_3D('',#11392,#11393,#11394);
#11396=CYLINDRICAL_SURFACE('',#11395,1.5E-2);
#11397=ORIENTED_EDGE('',*,*,#10356,.T.);
#11398=ORIENTED_EDGE('',*,*,#11387,.T.);
#11399=ORIENTED_EDGE('',*,*,#10544,.F.);
#11400=ORIENTED_EDGE('',*,*,#10398,.F.);
#11401=EDGE_LOOP('',(#11397,#11398,#11399,#11400));
#11402=FACE_OUTER_BOUND('',#11401,.F.);
#11403=ADVANCED_FACE('',(#11402),#11396,.F.);
#11404=CARTESIAN_POINT('',(-5.680000000001E-2,6.6E-2,6.5E-2));
#11405=DIRECTION('',(0.E0,1.E0,0.E0));
#11406=DIRECTION('',(0.E0,0.E0,-1.E0));
#11407=AXIS2_PLACEMENT_3D('',#11404,#11405,#11406);
#11408=PLANE('',#11407);
#11410=ORIENTED_EDGE('',*,*,#11409,.T.);
#11411=ORIENTED_EDGE('',*,*,#10414,.T.);
#11412=ORIENTED_EDGE('',*,*,#10604,.F.);
#11413=ORIENTED_EDGE('',*,*,#10296,.F.);
#11414=EDGE_LOOP('',(#11410,#11411,#11412,#11413));
#11415=FACE_OUTER_BOUND('',#11414,.F.);
#11416=ADVANCED_FACE('',(#11415),#11408,.T.);
#11417=CARTESIAN_POINT('',(-5.230000000001E-2,6.8E-2,6.5E-2));
#11418=DIRECTION('',(0.E0,0.E0,1.E0));
#11419=DIRECTION('',(0.E0,-1.E0,0.E0));
#11420=AXIS2_PLACEMENT_3D('',#11417,#11418,#11419);
#11421=PLANE('',#11420);
#11422=ORIENTED_EDGE('',*,*,#10199,.F.);
#11424=ORIENTED_EDGE('',*,*,#11423,.T.);
#11425=ORIENTED_EDGE('',*,*,#9664,.T.);
#11426=ORIENTED_EDGE('',*,*,#9583,.T.);
#11427=ORIENTED_EDGE('',*,*,#10416,.T.);
#11428=ORIENTED_EDGE('',*,*,#11409,.F.);
#11429=ORIENTED_EDGE('',*,*,#10294,.F.);
#11430=ORIENTED_EDGE('',*,*,#9567,.T.);
#11431=EDGE_LOOP('',(#11422,#11424,#11425,#11426,#11427,#11428,#11429,#11430));
#11432=FACE_OUTER_BOUND('',#11431,.F.);
#11433=ADVANCED_FACE('',(#11432),#11421,.F.);
#11434=CARTESIAN_POINT('',(-5.230000000001E-2,6.8E-2,1.8E-2));
#11435=DIRECTION('',(0.E0,1.E0,0.E0));
#11436=DIRECTION('',(0.E0,0.E0,1.E0));
#11437=AXIS2_PLACEMENT_3D('',#11434,#11435,#11436);
#11438=PLANE('',#11437);
#11439=ORIENTED_EDGE('',*,*,#10197,.F.);
#11441=ORIENTED_EDGE('',*,*,#11440,.T.);
#11442=ORIENTED_EDGE('',*,*,#9666,.T.);
#11443=ORIENTED_EDGE('',*,*,#11423,.F.);
#11444=EDGE_LOOP('',(#11439,#11441,#11442,#11443));
#11445=FACE_OUTER_BOUND('',#11444,.F.);
#11447=ORIENTED_EDGE('',*,*,#11446,.F.);
#11449=ORIENTED_EDGE('',*,*,#11448,.F.);
#11451=ORIENTED_EDGE('',*,*,#11450,.F.);
#11453=ORIENTED_EDGE('',*,*,#11452,.F.);
#11454=EDGE_LOOP('',(#11447,#11449,#11451,#11453));
#11455=FACE_BOUND('',#11454,.F.);
#11456=ADVANCED_FACE('',(#11445,#11455),#11438,.F.);
#11457=CARTESIAN_POINT('',(-5.230000000001E-2,-8.7E-2,1.8E-2));
#11458=DIRECTION('',(0.E0,0.E0,-1.E0));
#11459=DIRECTION('',(0.E0,1.E0,0.E0));
#11460=AXIS2_PLACEMENT_3D('',#11457,#11458,#11459);
#11461=PLANE('',#11460);
#11462=ORIENTED_EDGE('',*,*,#9224,.F.);
#11463=ORIENTED_EDGE('',*,*,#9668,.T.);
#11464=ORIENTED_EDGE('',*,*,#11440,.F.);
#11465=ORIENTED_EDGE('',*,*,#10195,.F.);
#11466=EDGE_LOOP('',(#11462,#11463,#11464,#11465));
#11467=FACE_OUTER_BOUND('',#11466,.F.);
#11468=ADVANCED_FACE('',(#11467),#11461,.F.);
#11469=CARTESIAN_POINT('',(-9.18E-2,7.3E-2,3.935E-2));
#11470=DIRECTION('',(-1.E0,0.E0,0.E0));
#11471=DIRECTION('',(0.E0,0.E0,1.E0));
#11472=AXIS2_PLACEMENT_3D('',#11469,#11470,#11471);
#11473=PLANE('',#11472);
#11475=ORIENTED_EDGE('',*,*,#11474,.F.);
#11477=ORIENTED_EDGE('',*,*,#11476,.F.);
#11478=ORIENTED_EDGE('',*,*,#11446,.T.);
#11480=ORIENTED_EDGE('',*,*,#11479,.T.);
#11481=EDGE_LOOP('',(#11475,#11477,#11478,#11480));
#11482=FACE_OUTER_BOUND('',#11481,.F.);
#11483=ADVANCED_FACE('',(#11482),#11473,.F.);
#11484=CARTESIAN_POINT('',(-1.E-1,7.3E-2,6.75E-2));
#11485=DIRECTION('',(0.E0,-1.E0,0.E0));
#11486=DIRECTION('',(0.E0,0.E0,-1.E0));
#11487=AXIS2_PLACEMENT_3D('',#11484,#11485,#11486);
#11488=PLANE('',#11487);
#11490=ORIENTED_EDGE('',*,*,#11489,.T.);
#11492=ORIENTED_EDGE('',*,*,#11491,.T.);
#11494=ORIENTED_EDGE('',*,*,#11493,.T.);
#11496=ORIENTED_EDGE('',*,*,#11495,.T.);
#11497=EDGE_LOOP('',(#11490,#11492,#11494,#11496));
#11498=FACE_OUTER_BOUND('',#11497,.F.);
#11499=ADVANCED_FACE('',(#11498),#11488,.T.);
#11500=CARTESIAN_POINT('',(-1.E-1,7.3E-2,6.75E-2));
#11501=DIRECTION('',(0.E0,-1.E0,0.E0));
#11502=DIRECTION('',(0.E0,0.E0,-1.E0));
#11503=AXIS2_PLACEMENT_3D('',#11500,#11501,#11502);
#11504=PLANE('',#11503);
#11506=ORIENTED_EDGE('',*,*,#11505,.T.);
#11508=ORIENTED_EDGE('',*,*,#11507,.T.);
#11510=ORIENTED_EDGE('',*,*,#11509,.T.);
#11512=ORIENTED_EDGE('',*,*,#11511,.T.);
#11513=EDGE_LOOP('',(#11506,#11508,#11510,#11512));
#11514=FACE_OUTER_BOUND('',#11513,.F.);
#11515=ADVANCED_FACE('',(#11514),#11504,.T.);
#11516=CARTESIAN_POINT('',(-1.E-1,7.3E-2,6.75E-2));
#11517=DIRECTION('',(0.E0,-1.E0,0.E0));
#11518=DIRECTION('',(0.E0,0.E0,-1.E0));
#11519=AXIS2_PLACEMENT_3D('',#11516,#11517,#11518);
#11520=PLANE('',#11519);
#11522=ORIENTED_EDGE('',*,*,#11521,.T.);
#11524=ORIENTED_EDGE('',*,*,#11523,.T.);
#11526=ORIENTED_EDGE('',*,*,#11525,.T.);
#11528=ORIENTED_EDGE('',*,*,#11527,.T.);
#11529=EDGE_LOOP('',(#11522,#11524,#11526,#11528));
#11530=FACE_OUTER_BOUND('',#11529,.F.);
#11531=ADVANCED_FACE('',(#11530),#11520,.T.);
#11532=CARTESIAN_POINT('',(-1.E-1,7.3E-2,6.75E-2));
#11533=DIRECTION('',(0.E0,-1.E0,0.E0));
#11534=DIRECTION('',(0.E0,0.E0,-1.E0));
#11535=AXIS2_PLACEMENT_3D('',#11532,#11533,#11534);
#11536=PLANE('',#11535);
#11538=ORIENTED_EDGE('',*,*,#11537,.T.);
#11540=ORIENTED_EDGE('',*,*,#11539,.T.);
#11542=ORIENTED_EDGE('',*,*,#11541,.T.);
#11544=ORIENTED_EDGE('',*,*,#11543,.T.);
#11545=EDGE_LOOP('',(#11538,#11540,#11542,#11544));
#11546=FACE_OUTER_BOUND('',#11545,.F.);
#11547=ADVANCED_FACE('',(#11546),#11536,.T.);
#11548=CARTESIAN_POINT('',(-1.E-1,7.3E-2,6.75E-2));
#11549=DIRECTION('',(0.E0,-1.E0,0.E0));
#11550=DIRECTION('',(0.E0,0.E0,-1.E0));
#11551=AXIS2_PLACEMENT_3D('',#11548,#11549,#11550);
#11552=PLANE('',#11551);
#11554=ORIENTED_EDGE('',*,*,#11553,.T.);
#11556=ORIENTED_EDGE('',*,*,#11555,.T.);
#11558=ORIENTED_EDGE('',*,*,#11557,.T.);
#11560=ORIENTED_EDGE('',*,*,#11559,.T.);
#11561=EDGE_LOOP('',(#11554,#11556,#11558,#11560));
#11562=FACE_OUTER_BOUND('',#11561,.F.);
#11563=ADVANCED_FACE('',(#11562),#11552,.T.);
#11564=CARTESIAN_POINT('',(-1.E-1,7.3E-2,6.75E-2));
#11565=DIRECTION('',(0.E0,-1.E0,0.E0));
#11566=DIRECTION('',(0.E0,0.E0,-1.E0));
#11567=AXIS2_PLACEMENT_3D('',#11564,#11565,#11566);
#11568=PLANE('',#11567);
#11569=ORIENTED_EDGE('',*,*,#11474,.T.);
#11571=ORIENTED_EDGE('',*,*,#11570,.T.);
#11573=ORIENTED_EDGE('',*,*,#11572,.T.);
#11575=ORIENTED_EDGE('',*,*,#11574,.T.);
#11576=EDGE_LOOP('',(#11569,#11571,#11573,#11575));
#11577=FACE_OUTER_BOUND('',#11576,.F.);
#11578=ADVANCED_FACE('',(#11577),#11568,.T.);
#11579=CARTESIAN_POINT('',(6.559999999999E-2,7.3E-2,-3.935E-2));
#11580=DIRECTION('',(-1.E0,0.E0,0.E0));
#11581=DIRECTION('',(0.E0,0.E0,1.E0));
#11582=AXIS2_PLACEMENT_3D('',#11579,#11580,#11581);
#11583=PLANE('',#11582);
#11584=ORIENTED_EDGE('',*,*,#11489,.F.);
#11586=ORIENTED_EDGE('',*,*,#11585,.F.);
#11588=ORIENTED_EDGE('',*,*,#11587,.T.);
#11590=ORIENTED_EDGE('',*,*,#11589,.T.);
#11591=EDGE_LOOP('',(#11584,#11586,#11588,#11590));
#11592=FACE_OUTER_BOUND('',#11591,.F.);
#11593=ADVANCED_FACE('',(#11592),#11583,.F.);
#11594=CARTESIAN_POINT('',(7.86E-2,7.3E-2,-5.235E-2));
#11595=DIRECTION('',(0.E0,0.E0,-1.E0));
#11596=DIRECTION('',(-1.E0,0.E0,0.E0));
#11597=AXIS2_PLACEMENT_3D('',#11594,#11595,#11596);
#11598=PLANE('',#11597);
#11599=ORIENTED_EDGE('',*,*,#11495,.F.);
#11601=ORIENTED_EDGE('',*,*,#11600,.F.);
#11603=ORIENTED_EDGE('',*,*,#11602,.T.);
#11604=ORIENTED_EDGE('',*,*,#11585,.T.);
#11605=EDGE_LOOP('',(#11599,#11601,#11603,#11604));
#11606=FACE_OUTER_BOUND('',#11605,.F.);
#11607=ADVANCED_FACE('',(#11606),#11598,.F.);
#11608=CARTESIAN_POINT('',(9.160000000001E-2,7.3E-2,-3.935E-2));
#11609=DIRECTION('',(1.E0,0.E0,0.E0));
#11610=DIRECTION('',(0.E0,0.E0,-1.E0));
#11611=AXIS2_PLACEMENT_3D('',#11608,#11609,#11610);
#11612=PLANE('',#11611);
#11613=ORIENTED_EDGE('',*,*,#11493,.F.);
#11615=ORIENTED_EDGE('',*,*,#11614,.F.);
#11617=ORIENTED_EDGE('',*,*,#11616,.T.);
#11618=ORIENTED_EDGE('',*,*,#11600,.T.);
#11619=EDGE_LOOP('',(#11613,#11615,#11617,#11618));
#11620=FACE_OUTER_BOUND('',#11619,.F.);
#11621=ADVANCED_FACE('',(#11620),#11612,.F.);
#11622=CARTESIAN_POINT('',(7.86E-2,7.3E-2,-2.635E-2));
#11623=DIRECTION('',(0.E0,0.E0,1.E0));
#11624=DIRECTION('',(1.E0,0.E0,0.E0));
#11625=AXIS2_PLACEMENT_3D('',#11622,#11623,#11624);
#11626=PLANE('',#11625);
#11627=ORIENTED_EDGE('',*,*,#11491,.F.);
#11628=ORIENTED_EDGE('',*,*,#11589,.F.);
#11630=ORIENTED_EDGE('',*,*,#11629,.T.);
#11631=ORIENTED_EDGE('',*,*,#11614,.T.);
#11632=EDGE_LOOP('',(#11627,#11628,#11630,#11631));
#11633=FACE_OUTER_BOUND('',#11632,.F.);
#11634=ADVANCED_FACE('',(#11633),#11626,.F.);
#11635=CARTESIAN_POINT('',(1.051E-1,6.8E-2,-6.5E-2));
#11636=DIRECTION('',(0.E0,1.E0,0.E0));
#11637=DIRECTION('',(0.E0,0.E0,1.E0));
#11638=AXIS2_PLACEMENT_3D('',#11635,#11636,#11637);
#11639=PLANE('',#11638);
#11641=ORIENTED_EDGE('',*,*,#11640,.F.);
#11643=ORIENTED_EDGE('',*,*,#11642,.T.);
#11645=ORIENTED_EDGE('',*,*,#11644,.T.);
#11647=ORIENTED_EDGE('',*,*,#11646,.F.);
#11648=EDGE_LOOP('',(#11641,#11643,#11645,#11647));
#11649=FACE_OUTER_BOUND('',#11648,.F.);
#11650=ORIENTED_EDGE('',*,*,#11587,.F.);
#11651=ORIENTED_EDGE('',*,*,#11602,.F.);
#11652=ORIENTED_EDGE('',*,*,#11616,.F.);
#11653=ORIENTED_EDGE('',*,*,#11629,.F.);
#11654=EDGE_LOOP('',(#11650,#11651,#11652,#11653));
#11655=FACE_BOUND('',#11654,.F.);
#11656=ADVANCED_FACE('',(#11649,#11655),#11639,.F.);
#11657=CARTESIAN_POINT('',(1.051E-1,-8.1E-2,8.25E-2));
#11658=DIRECTION('',(1.E0,0.E0,0.E0));
#11659=DIRECTION('',(0.E0,1.E0,0.E0));
#11660=AXIS2_PLACEMENT_3D('',#11657,#11658,#11659);
#11661=PLANE('',#11660);
#11663=ORIENTED_EDGE('',*,*,#11662,.T.);
#11664=ORIENTED_EDGE('',*,*,#9445,.F.);
#11666=ORIENTED_EDGE('',*,*,#11665,.T.);
#11667=ORIENTED_EDGE('',*,*,#11640,.T.);
#11669=ORIENTED_EDGE('',*,*,#11668,.T.);
#11670=ORIENTED_EDGE('',*,*,#9258,.F.);
#11672=ORIENTED_EDGE('',*,*,#11671,.T.);
#11674=ORIENTED_EDGE('',*,*,#11673,.T.);
#11676=ORIENTED_EDGE('',*,*,#11675,.T.);
#11677=ORIENTED_EDGE('',*,*,#9501,.F.);
#11679=ORIENTED_EDGE('',*,*,#11678,.F.);
#11681=ORIENTED_EDGE('',*,*,#11680,.F.);
#11683=ORIENTED_EDGE('',*,*,#11682,.T.);
#11685=ORIENTED_EDGE('',*,*,#11684,.T.);
#11686=EDGE_LOOP('',(#11663,#11664,#11666,#11667,#11669,#11670,#11672,#11674,
#11676,#11677,#11679,#11681,#11683,#11685));
#11687=FACE_OUTER_BOUND('',#11686,.F.);
#11688=ADVANCED_FACE('',(#11687),#11661,.F.);
#11689=CARTESIAN_POINT('',(1.111E-1,-8.7E-2,-5.1E-2));
#11690=DIRECTION('',(0.E0,0.E0,1.E0));
#11691=DIRECTION('',(-1.E0,0.E0,0.E0));
#11692=AXIS2_PLACEMENT_3D('',#11689,#11690,#11691);
#11693=PLANE('',#11692);
#11695=ORIENTED_EDGE('',*,*,#11694,.F.);
#11697=ORIENTED_EDGE('',*,*,#11696,.T.);
#11698=ORIENTED_EDGE('',*,*,#9447,.T.);
#11699=ORIENTED_EDGE('',*,*,#11662,.F.);
#11700=EDGE_LOOP('',(#11695,#11697,#11698,#11699));
#11701=FACE_OUTER_BOUND('',#11700,.F.);
#11702=ADVANCED_FACE('',(#11701),#11693,.F.);
#11703=CARTESIAN_POINT('',(4.61E-2,-8.7E-2,-4.5E-2));
#11704=DIRECTION('',(0.E0,6.E-1,8.E-1));
#11705=DIRECTION('',(0.E0,8.E-1,-6.E-1));
#11706=AXIS2_PLACEMENT_3D('',#11703,#11704,#11705);
#11707=PLANE('',#11706);
#11709=ORIENTED_EDGE('',*,*,#11708,.F.);
#11711=ORIENTED_EDGE('',*,*,#11710,.T.);
#11713=ORIENTED_EDGE('',*,*,#11712,.T.);
#11715=ORIENTED_EDGE('',*,*,#11714,.F.);
#11716=EDGE_LOOP('',(#11709,#11711,#11713,#11715));
#11717=FACE_OUTER_BOUND('',#11716,.F.);
#11718=ADVANCED_FACE('',(#11717),#11707,.F.);
#11719=CARTESIAN_POINT('',(4.61E-2,-8.7E-2,-4.5E-2));
#11720=DIRECTION('',(0.E0,6.E-1,8.E-1));
#11721=DIRECTION('',(0.E0,8.E-1,-6.E-1));
#11722=AXIS2_PLACEMENT_3D('',#11719,#11720,#11721);
#11723=PLANE('',#11722);
#11725=ORIENTED_EDGE('',*,*,#11724,.F.);
#11727=ORIENTED_EDGE('',*,*,#11726,.T.);
#11728=ORIENTED_EDGE('',*,*,#11694,.T.);
#11729=ORIENTED_EDGE('',*,*,#11684,.F.);
#11730=EDGE_LOOP('',(#11725,#11727,#11728,#11729));
#11731=FACE_OUTER_BOUND('',#11730,.F.);
#11732=ADVANCED_FACE('',(#11731),#11723,.F.);
#11733=CARTESIAN_POINT('',(5.21E-2,-8.1E-2,8.25E-2));
#11734=DIRECTION('',(-7.071067811865E-1,7.071067811865E-1,0.E0));
#11735=DIRECTION('',(-7.071067811865E-1,-7.071067811865E-1,0.E0));
#11736=AXIS2_PLACEMENT_3D('',#11733,#11734,#11735);
#11737=PLANE('',#11736);
#11738=ORIENTED_EDGE('',*,*,#11708,.T.);
#11739=ORIENTED_EDGE('',*,*,#9825,.T.);
#11741=ORIENTED_EDGE('',*,*,#11740,.F.);
#11743=ORIENTED_EDGE('',*,*,#11742,.F.);
#11744=EDGE_LOOP('',(#11738,#11739,#11741,#11743));
#11745=FACE_OUTER_BOUND('',#11744,.F.);
#11746=ADVANCED_FACE('',(#11745),#11737,.F.);
#11747=CARTESIAN_POINT('',(4.61E-2,-7.9E-2,5.1E-2));
#11748=DIRECTION('',(0.E0,6.E-1,-8.E-1));
#11749=DIRECTION('',(0.E0,-8.E-1,-6.E-1));
#11750=AXIS2_PLACEMENT_3D('',#11747,#11748,#11749);
#11751=PLANE('',#11750);
#11752=ORIENTED_EDGE('',*,*,#11740,.T.);
#11754=ORIENTED_EDGE('',*,*,#11753,.F.);
#11756=ORIENTED_EDGE('',*,*,#11755,.T.);
#11758=ORIENTED_EDGE('',*,*,#11757,.F.);
#11759=EDGE_LOOP('',(#11752,#11754,#11756,#11758));
#11760=FACE_OUTER_BOUND('',#11759,.F.);
#11761=ADVANCED_FACE('',(#11760),#11751,.F.);
#11762=CARTESIAN_POINT('',(4.61E-2,-7.9E-2,5.1E-2));
#11763=DIRECTION('',(0.E0,6.E-1,-8.E-1));
#11764=DIRECTION('',(0.E0,-8.E-1,-6.E-1));
#11765=AXIS2_PLACEMENT_3D('',#11762,#11763,#11764);
#11766=PLANE('',#11765);
#11768=ORIENTED_EDGE('',*,*,#11767,.F.);
#11769=ORIENTED_EDGE('',*,*,#11680,.T.);
#11771=ORIENTED_EDGE('',*,*,#11770,.T.);
#11773=ORIENTED_EDGE('',*,*,#11772,.T.);
#11774=EDGE_LOOP('',(#11768,#11769,#11771,#11773));
#11775=FACE_OUTER_BOUND('',#11774,.F.);
#11776=ADVANCED_FACE('',(#11775),#11766,.F.);
#11777=CARTESIAN_POINT('',(4.61E-2,-8.7E-2,-5.1E-2));
#11778=DIRECTION('',(-1.E0,0.E0,0.E0));
#11779=DIRECTION('',(0.E0,0.E0,-1.E0));
#11780=AXIS2_PLACEMENT_3D('',#11777,#11778,#11779);
#11781=PLANE('',#11780);
#11782=ORIENTED_EDGE('',*,*,#9823,.T.);
#11783=ORIENTED_EDGE('',*,*,#9960,.F.);
#11784=ORIENTED_EDGE('',*,*,#9525,.T.);
#11786=ORIENTED_EDGE('',*,*,#11785,.F.);
#11787=ORIENTED_EDGE('',*,*,#11753,.T.);
#11788=EDGE_LOOP('',(#11782,#11783,#11784,#11786,#11787));
#11789=FACE_OUTER_BOUND('',#11788,.F.);
#11790=ADVANCED_FACE('',(#11789),#11781,.F.);
#11791=CARTESIAN_POINT('',(4.61E-2,-8.7E-2,-5.1E-2));
#11792=DIRECTION('',(-1.E0,0.E0,0.E0));
#11793=DIRECTION('',(0.E0,0.E0,-1.E0));
#11794=AXIS2_PLACEMENT_3D('',#11791,#11792,#11793);
#11795=PLANE('',#11794);
#11796=ORIENTED_EDGE('',*,*,#9811,.T.);
#11797=ORIENTED_EDGE('',*,*,#11714,.T.);
#11799=ORIENTED_EDGE('',*,*,#11798,.T.);
#11800=ORIENTED_EDGE('',*,*,#9421,.T.);
#11801=ORIENTED_EDGE('',*,*,#10061,.F.);
#11802=EDGE_LOOP('',(#11796,#11797,#11799,#11800,#11801));
#11803=FACE_OUTER_BOUND('',#11802,.F.);
#11804=ADVANCED_FACE('',(#11803),#11795,.F.);
#11805=CARTESIAN_POINT('',(4.61E-2,-8.7E-2,5.1E-2));
#11806=DIRECTION('',(0.E0,0.E0,-1.E0));
#11807=DIRECTION('',(1.E0,0.E0,0.E0));
#11808=AXIS2_PLACEMENT_3D('',#11805,#11806,#11807);
#11809=PLANE('',#11808);
#11810=ORIENTED_EDGE('',*,*,#11755,.F.);
#11811=ORIENTED_EDGE('',*,*,#11785,.T.);
#11812=ORIENTED_EDGE('',*,*,#9523,.T.);
#11814=ORIENTED_EDGE('',*,*,#11813,.T.);
#11815=EDGE_LOOP('',(#11810,#11811,#11812,#11814));
#11816=FACE_OUTER_BOUND('',#11815,.F.);
#11817=ADVANCED_FACE('',(#11816),#11809,.F.);
#11818=CARTESIAN_POINT('',(5.21E-2,-7.2E-2,8.25E-2));
#11819=DIRECTION('',(-1.E0,0.E0,0.E0));
#11820=DIRECTION('',(0.E0,-1.E0,0.E0));
#11821=AXIS2_PLACEMENT_3D('',#11818,#11819,#11820);
#11822=PLANE('',#11821);
#11824=ORIENTED_EDGE('',*,*,#11823,.T.);
#11825=ORIENTED_EDGE('',*,*,#11710,.F.);
#11826=ORIENTED_EDGE('',*,*,#11742,.T.);
#11827=ORIENTED_EDGE('',*,*,#11757,.T.);
#11828=ORIENTED_EDGE('',*,*,#11813,.F.);
#11829=ORIENTED_EDGE('',*,*,#9521,.T.);
#11831=ORIENTED_EDGE('',*,*,#11830,.F.);
#11833=ORIENTED_EDGE('',*,*,#11832,.F.);
#11835=ORIENTED_EDGE('',*,*,#11834,.F.);
#11836=ORIENTED_EDGE('',*,*,#9254,.T.);
#11838=ORIENTED_EDGE('',*,*,#11837,.F.);
#11839=ORIENTED_EDGE('',*,*,#11644,.F.);
#11841=ORIENTED_EDGE('',*,*,#11840,.F.);
#11842=ORIENTED_EDGE('',*,*,#9425,.T.);
#11843=EDGE_LOOP('',(#11824,#11825,#11826,#11827,#11828,#11829,#11831,#11833,
#11835,#11836,#11838,#11839,#11841,#11842));
#11844=FACE_OUTER_BOUND('',#11843,.F.);
#11845=ADVANCED_FACE('',(#11844),#11822,.F.);
#11846=CARTESIAN_POINT('',(5.21E-2,-8.7E-2,-5.1E-2));
#11847=DIRECTION('',(0.E0,0.E0,1.E0));
#11848=DIRECTION('',(-1.E0,0.E0,0.E0));
#11849=AXIS2_PLACEMENT_3D('',#11846,#11847,#11848);
#11850=PLANE('',#11849);
#11851=ORIENTED_EDGE('',*,*,#11712,.F.);
#11852=ORIENTED_EDGE('',*,*,#11823,.F.);
#11853=ORIENTED_EDGE('',*,*,#9423,.T.);
#11854=ORIENTED_EDGE('',*,*,#11798,.F.);
#11855=EDGE_LOOP('',(#11851,#11852,#11853,#11854));
#11856=FACE_OUTER_BOUND('',#11855,.F.);
#11857=ADVANCED_FACE('',(#11856),#11850,.F.);
#11858=CARTESIAN_POINT('',(1.051E-1,6.8E-2,6.5E-2));
#11859=DIRECTION('',(0.E0,0.E0,1.E0));
#11860=DIRECTION('',(0.E0,-1.E0,0.E0));
#11861=AXIS2_PLACEMENT_3D('',#11858,#11859,#11860);
#11862=PLANE('',#11861);
#11863=ORIENTED_EDGE('',*,*,#11675,.F.);
#11865=ORIENTED_EDGE('',*,*,#11864,.T.);
#11866=ORIENTED_EDGE('',*,*,#11830,.T.);
#11867=ORIENTED_EDGE('',*,*,#9519,.T.);
#11869=ORIENTED_EDGE('',*,*,#11868,.T.);
#11871=ORIENTED_EDGE('',*,*,#11870,.F.);
#11873=ORIENTED_EDGE('',*,*,#11872,.F.);
#11874=ORIENTED_EDGE('',*,*,#9503,.T.);
#11875=EDGE_LOOP('',(#11863,#11865,#11866,#11867,#11869,#11871,#11873,#11874));
#11876=FACE_OUTER_BOUND('',#11875,.F.);
#11877=ADVANCED_FACE('',(#11876),#11862,.F.);
#11878=CARTESIAN_POINT('',(1.051E-1,6.8E-2,1.8E-2));
#11879=DIRECTION('',(0.E0,1.E0,0.E0));
#11880=DIRECTION('',(0.E0,0.E0,1.E0));
#11881=AXIS2_PLACEMENT_3D('',#11878,#11879,#11880);
#11882=PLANE('',#11881);
#11883=ORIENTED_EDGE('',*,*,#11673,.F.);
#11885=ORIENTED_EDGE('',*,*,#11884,.T.);
#11886=ORIENTED_EDGE('',*,*,#11832,.T.);
#11887=ORIENTED_EDGE('',*,*,#11864,.F.);
#11888=EDGE_LOOP('',(#11883,#11885,#11886,#11887));
#11889=FACE_OUTER_BOUND('',#11888,.F.);
#11891=ORIENTED_EDGE('',*,*,#11890,.F.);
#11893=ORIENTED_EDGE('',*,*,#11892,.F.);
#11895=ORIENTED_EDGE('',*,*,#11894,.F.);
#11897=ORIENTED_EDGE('',*,*,#11896,.F.);
#11898=EDGE_LOOP('',(#11891,#11893,#11895,#11897));
#11899=FACE_BOUND('',#11898,.F.);
#11900=ADVANCED_FACE('',(#11889,#11899),#11882,.F.);
#11901=CARTESIAN_POINT('',(1.051E-1,-8.7E-2,1.8E-2));
#11902=DIRECTION('',(0.E0,0.E0,-1.E0));
#11903=DIRECTION('',(0.E0,1.E0,0.E0));
#11904=AXIS2_PLACEMENT_3D('',#11901,#11902,#11903);
#11905=PLANE('',#11904);
#11906=ORIENTED_EDGE('',*,*,#9256,.F.);
#11907=ORIENTED_EDGE('',*,*,#11834,.T.);
#11908=ORIENTED_EDGE('',*,*,#11884,.F.);
#11909=ORIENTED_EDGE('',*,*,#11671,.F.);
#11910=EDGE_LOOP('',(#11906,#11907,#11908,#11909));
#11911=FACE_OUTER_BOUND('',#11910,.F.);
#11912=ADVANCED_FACE('',(#11911),#11905,.F.);
#11913=CARTESIAN_POINT('',(6.56E-2,7.3E-2,3.935E-2));
#11914=DIRECTION('',(-1.E0,0.E0,0.E0));
#11915=DIRECTION('',(0.E0,0.E0,1.E0));
#11916=AXIS2_PLACEMENT_3D('',#11913,#11914,#11915);
#11917=PLANE('',#11916);
#11918=ORIENTED_EDGE('',*,*,#11505,.F.);
#11920=ORIENTED_EDGE('',*,*,#11919,.F.);
#11921=ORIENTED_EDGE('',*,*,#11890,.T.);
#11923=ORIENTED_EDGE('',*,*,#11922,.T.);
#11924=EDGE_LOOP('',(#11918,#11920,#11921,#11923));
#11925=FACE_OUTER_BOUND('',#11924,.F.);
#11926=ADVANCED_FACE('',(#11925),#11917,.F.);
#11927=CARTESIAN_POINT('',(7.86E-2,7.3E-2,2.635E-2));
#11928=DIRECTION('',(0.E0,0.E0,-1.E0));
#11929=DIRECTION('',(-1.E0,0.E0,0.E0));
#11930=AXIS2_PLACEMENT_3D('',#11927,#11928,#11929);
#11931=PLANE('',#11930);
#11932=ORIENTED_EDGE('',*,*,#11511,.F.);
#11934=ORIENTED_EDGE('',*,*,#11933,.F.);
#11935=ORIENTED_EDGE('',*,*,#11892,.T.);
#11936=ORIENTED_EDGE('',*,*,#11919,.T.);
#11937=EDGE_LOOP('',(#11932,#11934,#11935,#11936));
#11938=FACE_OUTER_BOUND('',#11937,.F.);
#11939=ADVANCED_FACE('',(#11938),#11931,.F.);
#11940=CARTESIAN_POINT('',(9.16E-2,7.3E-2,3.935E-2));
#11941=DIRECTION('',(1.E0,0.E0,0.E0));
#11942=DIRECTION('',(0.E0,0.E0,-1.E0));
#11943=AXIS2_PLACEMENT_3D('',#11940,#11941,#11942);
#11944=PLANE('',#11943);
#11945=ORIENTED_EDGE('',*,*,#11509,.F.);
#11947=ORIENTED_EDGE('',*,*,#11946,.F.);
#11948=ORIENTED_EDGE('',*,*,#11894,.T.);
#11949=ORIENTED_EDGE('',*,*,#11933,.T.);
#11950=EDGE_LOOP('',(#11945,#11947,#11948,#11949));
#11951=FACE_OUTER_BOUND('',#11950,.F.);
#11952=ADVANCED_FACE('',(#11951),#11944,.F.);
#11953=CARTESIAN_POINT('',(7.86E-2,7.3E-2,5.235E-2));
#11954=DIRECTION('',(0.E0,0.E0,1.E0));
#11955=DIRECTION('',(1.E0,0.E0,0.E0));
#11956=AXIS2_PLACEMENT_3D('',#11953,#11954,#11955);
#11957=PLANE('',#11956);
#11958=ORIENTED_EDGE('',*,*,#11507,.F.);
#11959=ORIENTED_EDGE('',*,*,#11922,.F.);
#11960=ORIENTED_EDGE('',*,*,#11896,.T.);
#11961=ORIENTED_EDGE('',*,*,#11946,.T.);
#11962=EDGE_LOOP('',(#11958,#11959,#11960,#11961));
#11963=FACE_OUTER_BOUND('',#11962,.F.);
#11964=ADVANCED_FACE('',(#11963),#11957,.F.);
#11965=CARTESIAN_POINT('',(5.659999999999E-2,7.3E-2,-3.935E-2));
#11966=DIRECTION('',(-1.E0,0.E0,0.E0));
#11967=DIRECTION('',(0.E0,0.E0,1.E0));
#11968=AXIS2_PLACEMENT_3D('',#11965,#11966,#11967);
#11969=PLANE('',#11968);
#11971=ORIENTED_EDGE('',*,*,#11970,.F.);
#11973=ORIENTED_EDGE('',*,*,#11972,.F.);
#11975=ORIENTED_EDGE('',*,*,#11974,.F.);
#11976=ORIENTED_EDGE('',*,*,#11868,.F.);
#11977=ORIENTED_EDGE('',*,*,#9517,.F.);
#11979=ORIENTED_EDGE('',*,*,#11978,.F.);
#11981=ORIENTED_EDGE('',*,*,#11980,.T.);
#11983=ORIENTED_EDGE('',*,*,#11982,.T.);
#11985=ORIENTED_EDGE('',*,*,#11984,.F.);
#11986=EDGE_LOOP('',(#11971,#11973,#11975,#11976,#11977,#11979,#11981,#11983,
#11985));
#11987=FACE_OUTER_BOUND('',#11986,.F.);
#11988=ADVANCED_FACE('',(#11987),#11969,.T.);
#11989=CARTESIAN_POINT('',(5.659999999999E-2,7.3E-2,-3.935E-2));
#11990=DIRECTION('',(-1.E0,0.E0,0.E0));
#11991=DIRECTION('',(0.E0,0.E0,1.E0));
#11992=AXIS2_PLACEMENT_3D('',#11989,#11990,#11991);
#11993=PLANE('',#11992);
#11995=ORIENTED_EDGE('',*,*,#11994,.F.);
#11997=ORIENTED_EDGE('',*,*,#11996,.T.);
#11999=ORIENTED_EDGE('',*,*,#11998,.F.);
#12000=ORIENTED_EDGE('',*,*,#9429,.F.);
#12002=ORIENTED_EDGE('',*,*,#12001,.T.);
#12004=ORIENTED_EDGE('',*,*,#12003,.F.);
#12006=ORIENTED_EDGE('',*,*,#12005,.F.);
#12008=ORIENTED_EDGE('',*,*,#12007,.F.);
#12010=ORIENTED_EDGE('',*,*,#12009,.T.);
#12011=EDGE_LOOP('',(#11995,#11997,#11999,#12000,#12002,#12004,#12006,#12008,
#12010));
#12012=FACE_OUTER_BOUND('',#12011,.F.);
#12013=ADVANCED_FACE('',(#12012),#11993,.T.);
#12014=CARTESIAN_POINT('',(1.006E-1,-1.4E-2,-3.935E-2));
#12015=DIRECTION('',(0.E0,-1.E0,0.E0));
#12016=DIRECTION('',(-1.E0,0.E0,0.E0));
#12017=AXIS2_PLACEMENT_3D('',#12014,#12015,#12016);
#12018=PLANE('',#12017);
#12020=ORIENTED_EDGE('',*,*,#12019,.F.);
#12022=ORIENTED_EDGE('',*,*,#12021,.T.);
#12024=ORIENTED_EDGE('',*,*,#12023,.T.);
#12026=ORIENTED_EDGE('',*,*,#12025,.T.);
#12027=EDGE_LOOP('',(#12020,#12022,#12024,#12026));
#12028=FACE_OUTER_BOUND('',#12027,.F.);
#12029=ADVANCED_FACE('',(#12028),#12018,.F.);
#12030=CARTESIAN_POINT('',(1.006E-1,-1.4E-2,-3.935E-2));
#12031=DIRECTION('',(0.E0,-1.E0,0.E0));
#12032=DIRECTION('',(-1.E0,0.E0,0.E0));
#12033=AXIS2_PLACEMENT_3D('',#12030,#12031,#12032);
#12034=PLANE('',#12033);
#12036=ORIENTED_EDGE('',*,*,#12035,.F.);
#12038=ORIENTED_EDGE('',*,*,#12037,.T.);
#12040=ORIENTED_EDGE('',*,*,#12039,.T.);
#12041=ORIENTED_EDGE('',*,*,#11970,.T.);
#12042=EDGE_LOOP('',(#12036,#12038,#12040,#12041));
#12043=FACE_OUTER_BOUND('',#12042,.F.);
#12044=ADVANCED_FACE('',(#12043),#12034,.F.);
#12045=CARTESIAN_POINT('',(1.006E-1,-1.4E-2,-3.935E-2));
#12046=DIRECTION('',(0.E0,-1.E0,0.E0));
#12047=DIRECTION('',(-1.E0,0.E0,0.E0));
#12048=AXIS2_PLACEMENT_3D('',#12045,#12046,#12047);
#12049=PLANE('',#12048);
#12051=ORIENTED_EDGE('',*,*,#12050,.T.);
#12053=ORIENTED_EDGE('',*,*,#12052,.T.);
#12055=ORIENTED_EDGE('',*,*,#12054,.F.);
#12057=ORIENTED_EDGE('',*,*,#12056,.T.);
#12058=EDGE_LOOP('',(#12051,#12053,#12055,#12057));
#12059=FACE_OUTER_BOUND('',#12058,.F.);
#12060=ADVANCED_FACE('',(#12059),#12049,.F.);
#12061=CARTESIAN_POINT('',(1.006E-1,-1.4E-2,-3.935E-2));
#12062=DIRECTION('',(0.E0,-1.E0,0.E0));
#12063=DIRECTION('',(-1.E0,0.E0,0.E0));
#12064=AXIS2_PLACEMENT_3D('',#12061,#12062,#12063);
#12065=PLANE('',#12064);
#12067=ORIENTED_EDGE('',*,*,#12066,.T.);
#12068=ORIENTED_EDGE('',*,*,#12007,.T.);
#12070=ORIENTED_EDGE('',*,*,#12069,.F.);
#12072=ORIENTED_EDGE('',*,*,#12071,.T.);
#12073=EDGE_LOOP('',(#12067,#12068,#12070,#12072));
#12074=FACE_OUTER_BOUND('',#12073,.F.);
#12075=ADVANCED_FACE('',(#12074),#12065,.F.);
#12076=CARTESIAN_POINT('',(1.006E-1,-3.9E-2,5.1E-2));
#12077=DIRECTION('',(0.E0,0.E0,-1.E0));
#12078=DIRECTION('',(-1.E0,0.E0,0.E0));
#12079=AXIS2_PLACEMENT_3D('',#12076,#12077,#12078);
#12080=PLANE('',#12079);
#12081=ORIENTED_EDGE('',*,*,#12019,.T.);
#12083=ORIENTED_EDGE('',*,*,#12082,.T.);
#12085=ORIENTED_EDGE('',*,*,#12084,.T.);
#12087=ORIENTED_EDGE('',*,*,#12086,.T.);
#12089=ORIENTED_EDGE('',*,*,#12088,.T.);
#12091=ORIENTED_EDGE('',*,*,#12090,.T.);
#12093=ORIENTED_EDGE('',*,*,#12092,.T.);
#12095=ORIENTED_EDGE('',*,*,#12094,.T.);
#12097=ORIENTED_EDGE('',*,*,#12096,.T.);
#12098=EDGE_LOOP('',(#12081,#12083,#12085,#12087,#12089,#12091,#12093,#12095,
#12097));
#12099=FACE_OUTER_BOUND('',#12098,.F.);
#12100=ADVANCED_FACE('',(#12099),#12080,.F.);
#12101=CARTESIAN_POINT('',(1.006E-1,-3.9E-2,5.1E-2));
#12102=DIRECTION('',(0.E0,0.E0,-1.E0));
#12103=DIRECTION('',(-1.E0,0.E0,0.E0));
#12104=AXIS2_PLACEMENT_3D('',#12101,#12102,#12103);
#12105=PLANE('',#12104);
#12106=ORIENTED_EDGE('',*,*,#12035,.T.);
#12108=ORIENTED_EDGE('',*,*,#12107,.T.);
#12110=ORIENTED_EDGE('',*,*,#12109,.T.);
#12112=ORIENTED_EDGE('',*,*,#12111,.T.);
#12114=ORIENTED_EDGE('',*,*,#12113,.T.);
#12116=ORIENTED_EDGE('',*,*,#12115,.T.);
#12118=ORIENTED_EDGE('',*,*,#12117,.T.);
#12120=ORIENTED_EDGE('',*,*,#12119,.T.);
#12122=ORIENTED_EDGE('',*,*,#12121,.T.);
#12123=EDGE_LOOP('',(#12106,#12108,#12110,#12112,#12114,#12116,#12118,#12120,
#12122));
#12124=FACE_OUTER_BOUND('',#12123,.F.);
#12125=ADVANCED_FACE('',(#12124),#12105,.F.);
#12126=CARTESIAN_POINT('',(9.459999999999E-2,-1.4E-2,2.1E-2));
#12127=DIRECTION('',(-9.707950972229E-1,-2.399101481970E-1,0.E0));
#12128=DIRECTION('',(-2.399101481970E-1,9.707950972229E-1,0.E0));
#12129=AXIS2_PLACEMENT_3D('',#12126,#12127,#12128);
#12130=PLANE('',#12129);
#12132=ORIENTED_EDGE('',*,*,#12131,.T.);
#12134=ORIENTED_EDGE('',*,*,#12133,.T.);
#12136=ORIENTED_EDGE('',*,*,#12135,.T.);
#12137=ORIENTED_EDGE('',*,*,#12082,.F.);
#12138=EDGE_LOOP('',(#12132,#12134,#12136,#12137));
#12139=FACE_OUTER_BOUND('',#12138,.F.);
#12140=ADVANCED_FACE('',(#12139),#12130,.T.);
#12141=CARTESIAN_POINT('',(9.459999999999E-2,-3.9E-2,5.9E-2));
#12142=DIRECTION('',(-1.E0,0.E0,0.E0));
#12143=DIRECTION('',(0.E0,0.E0,-1.E0));
#12144=AXIS2_PLACEMENT_3D('',#12141,#12142,#12143);
#12145=PLANE('',#12144);
#12146=ORIENTED_EDGE('',*,*,#12131,.F.);
#12147=ORIENTED_EDGE('',*,*,#12025,.F.);
#12149=ORIENTED_EDGE('',*,*,#12148,.T.);
#12151=ORIENTED_EDGE('',*,*,#12150,.T.);
#12153=ORIENTED_EDGE('',*,*,#12152,.T.);
#12154=EDGE_LOOP('',(#12146,#12147,#12149,#12151,#12153));
#12155=FACE_OUTER_BOUND('',#12154,.F.);
#12156=ADVANCED_FACE('',(#12155),#12145,.T.);
#12157=CARTESIAN_POINT('',(8.76E-2,-7.1E-2,5.9E-2));
#12158=DIRECTION('',(0.E0,0.E0,-1.E0));
#12159=DIRECTION('',(0.E0,-1.E0,0.E0));
#12160=AXIS2_PLACEMENT_3D('',#12157,#12158,#12159);
#12161=PLANE('',#12160);
#12163=ORIENTED_EDGE('',*,*,#12162,.F.);
#12164=ORIENTED_EDGE('',*,*,#9507,.F.);
#12166=ORIENTED_EDGE('',*,*,#12165,.F.);
#12168=ORIENTED_EDGE('',*,*,#12167,.T.);
#12169=ORIENTED_EDGE('',*,*,#12148,.F.);
#12170=ORIENTED_EDGE('',*,*,#12023,.F.);
#12172=ORIENTED_EDGE('',*,*,#12171,.F.);
#12174=ORIENTED_EDGE('',*,*,#12173,.T.);
#12175=ORIENTED_EDGE('',*,*,#11972,.T.);
#12176=ORIENTED_EDGE('',*,*,#12039,.F.);
#12178=ORIENTED_EDGE('',*,*,#12177,.T.);
#12180=ORIENTED_EDGE('',*,*,#12179,.T.);
#12181=ORIENTED_EDGE('',*,*,#11978,.T.);
#12182=ORIENTED_EDGE('',*,*,#9515,.F.);
#12184=ORIENTED_EDGE('',*,*,#12183,.T.);
#12186=ORIENTED_EDGE('',*,*,#12185,.F.);
#12187=EDGE_LOOP('',(#12163,#12164,#12166,#12168,#12169,#12170,#12172,#12174,
#12175,#12176,#12178,#12180,#12181,#12182,#12184,#12186));
#12188=FACE_OUTER_BOUND('',#12187,.F.);
#12189=ADVANCED_FACE('',(#12188),#12161,.T.);
#12190=CARTESIAN_POINT('',(8.76E-2,0.E0,0.E0));
#12191=DIRECTION('',(-1.E0,0.E0,0.E0));
#12192=DIRECTION('',(0.E0,0.E0,1.E0));
#12193=AXIS2_PLACEMENT_3D('',#12190,#12191,#12192);
#12194=PLANE('',#12193);
#12195=ORIENTED_EDGE('',*,*,#9509,.T.);
#12196=ORIENTED_EDGE('',*,*,#12162,.T.);
#12198=ORIENTED_EDGE('',*,*,#12197,.T.);
#12200=ORIENTED_EDGE('',*,*,#12199,.T.);
#12202=ORIENTED_EDGE('',*,*,#12201,.T.);
#12204=ORIENTED_EDGE('',*,*,#12203,.T.);
#12206=ORIENTED_EDGE('',*,*,#12205,.T.);
#12208=ORIENTED_EDGE('',*,*,#12207,.T.);
#12209=EDGE_LOOP('',(#12195,#12196,#12198,#12200,#12202,#12204,#12206,#12208));
#12210=FACE_OUTER_BOUND('',#12209,.F.);
#12211=ADVANCED_FACE('',(#12210),#12194,.F.);
#12212=CARTESIAN_POINT('',(8.76E-2,-8.3E-2,7.1E-2));
#12213=DIRECTION('',(-1.E0,0.E0,0.E0));
#12214=DIRECTION('',(0.E0,0.E0,1.E0));
#12215=AXIS2_PLACEMENT_3D('',#12212,#12213,#12214);
#12216=CYLINDRICAL_SURFACE('',#12215,1.2E-2);
#12217=ORIENTED_EDGE('',*,*,#12197,.F.);
#12218=ORIENTED_EDGE('',*,*,#12185,.T.);
#12220=ORIENTED_EDGE('',*,*,#12219,.T.);
#12222=ORIENTED_EDGE('',*,*,#12221,.F.);
#12223=EDGE_LOOP('',(#12217,#12218,#12220,#12222));
#12224=FACE_OUTER_BOUND('',#12223,.F.);
#12225=ADVANCED_FACE('',(#12224),#12216,.T.);
#12226=CARTESIAN_POINT('',(6.96E-2,0.E0,0.E0));
#12227=DIRECTION('',(-1.E0,0.E0,0.E0));
#12228=DIRECTION('',(0.E0,0.E0,1.E0));
#12229=AXIS2_PLACEMENT_3D('',#12226,#12227,#12228);
#12230=PLANE('',#12229);
#12231=ORIENTED_EDGE('',*,*,#9513,.F.);
#12233=ORIENTED_EDGE('',*,*,#12232,.F.);
#12235=ORIENTED_EDGE('',*,*,#12234,.F.);
#12237=ORIENTED_EDGE('',*,*,#12236,.F.);
#12239=ORIENTED_EDGE('',*,*,#12238,.F.);
#12241=ORIENTED_EDGE('',*,*,#12240,.F.);
#12242=ORIENTED_EDGE('',*,*,#12219,.F.);
#12243=ORIENTED_EDGE('',*,*,#12183,.F.);
#12244=EDGE_LOOP('',(#12231,#12233,#12235,#12237,#12239,#12241,#12242,#12243));
#12245=FACE_OUTER_BOUND('',#12244,.F.);
#12246=ADVANCED_FACE('',(#12245),#12230,.T.);
#12247=CARTESIAN_POINT('',(8.76E-2,-8.3E-2,6.5E-2));
#12248=DIRECTION('',(0.E0,0.E0,1.E0));
#12249=DIRECTION('',(0.E0,1.E0,0.E0));
#12250=AXIS2_PLACEMENT_3D('',#12247,#12248,#12249);
#12251=PLANE('',#12250);
#12252=ORIENTED_EDGE('',*,*,#9511,.F.);
#12253=ORIENTED_EDGE('',*,*,#12207,.F.);
#12255=ORIENTED_EDGE('',*,*,#12254,.T.);
#12256=ORIENTED_EDGE('',*,*,#12232,.T.);
#12257=EDGE_LOOP('',(#12252,#12253,#12255,#12256));
#12258=FACE_OUTER_BOUND('',#12257,.F.);
#12259=ADVANCED_FACE('',(#12258),#12251,.T.);
#12260=CARTESIAN_POINT('',(8.76E-2,-8.3E-2,7.1E-2));
#12261=DIRECTION('',(-1.E0,0.E0,0.E0));
#12262=DIRECTION('',(0.E0,0.E0,1.E0));
#12263=AXIS2_PLACEMENT_3D('',#12260,#12261,#12262);
#12264=CYLINDRICAL_SURFACE('',#12263,6.E-3);
#12265=ORIENTED_EDGE('',*,*,#12205,.F.);
#12267=ORIENTED_EDGE('',*,*,#12266,.T.);
#12268=ORIENTED_EDGE('',*,*,#12234,.T.);
#12269=ORIENTED_EDGE('',*,*,#12254,.F.);
#12270=EDGE_LOOP('',(#12265,#12267,#12268,#12269));
#12271=FACE_OUTER_BOUND('',#12270,.F.);
#12272=ADVANCED_FACE('',(#12271),#12264,.F.);
#12273=CARTESIAN_POINT('',(8.76E-2,-8.9E-2,1.05E-1));
#12274=DIRECTION('',(0.E0,1.E0,0.E0));
#12275=DIRECTION('',(0.E0,0.E0,-1.E0));
#12276=AXIS2_PLACEMENT_3D('',#12273,#12274,#12275);
#12277=PLANE('',#12276);
#12278=ORIENTED_EDGE('',*,*,#12203,.F.);
#12280=ORIENTED_EDGE('',*,*,#12279,.T.);
#12281=ORIENTED_EDGE('',*,*,#12236,.T.);
#12282=ORIENTED_EDGE('',*,*,#12266,.F.);
#12283=EDGE_LOOP('',(#12278,#12280,#12281,#12282));
#12284=FACE_OUTER_BOUND('',#12283,.F.);
#12285=ADVANCED_FACE('',(#12284),#12277,.T.);
#12286=CARTESIAN_POINT('',(8.76E-2,-9.5E-2,1.05E-1));
#12287=DIRECTION('',(0.E0,0.E0,1.E0));
#12288=DIRECTION('',(0.E0,1.E0,0.E0));
#12289=AXIS2_PLACEMENT_3D('',#12286,#12287,#12288);
#12290=PLANE('',#12289);
#12291=ORIENTED_EDGE('',*,*,#12201,.F.);
#12293=ORIENTED_EDGE('',*,*,#12292,.T.);
#12294=ORIENTED_EDGE('',*,*,#12238,.T.);
#12295=ORIENTED_EDGE('',*,*,#12279,.F.);
#12296=EDGE_LOOP('',(#12291,#12293,#12294,#12295));
#12297=FACE_OUTER_BOUND('',#12296,.F.);
#12298=ADVANCED_FACE('',(#12297),#12290,.T.);
#12299=CARTESIAN_POINT('',(8.76E-2,-9.5E-2,7.1E-2));
#12300=DIRECTION('',(0.E0,-1.E0,0.E0));
#12301=DIRECTION('',(0.E0,0.E0,1.E0));
#12302=AXIS2_PLACEMENT_3D('',#12299,#12300,#12301);
#12303=PLANE('',#12302);
#12304=ORIENTED_EDGE('',*,*,#12199,.F.);
#12305=ORIENTED_EDGE('',*,*,#12221,.T.);
#12306=ORIENTED_EDGE('',*,*,#12240,.T.);
#12307=ORIENTED_EDGE('',*,*,#12292,.F.);
#12308=EDGE_LOOP('',(#12304,#12305,#12306,#12307));
#12309=FACE_OUTER_BOUND('',#12308,.F.);
#12310=ADVANCED_FACE('',(#12309),#12303,.T.);
#12311=CARTESIAN_POINT('',(1.006E-1,7.3E-2,-3.935E-2));
#12312=DIRECTION('',(-1.E0,0.E0,0.E0));
#12313=DIRECTION('',(0.E0,0.E0,1.E0));
#12314=AXIS2_PLACEMENT_3D('',#12311,#12312,#12313);
#12315=PLANE('',#12314);
#12317=ORIENTED_EDGE('',*,*,#12316,.F.);
#12319=ORIENTED_EDGE('',*,*,#12318,.T.);
#12320=ORIENTED_EDGE('',*,*,#12165,.T.);
#12321=ORIENTED_EDGE('',*,*,#9505,.T.);
#12322=ORIENTED_EDGE('',*,*,#11872,.T.);
#12324=ORIENTED_EDGE('',*,*,#12323,.T.);
#12325=ORIENTED_EDGE('',*,*,#12171,.T.);
#12326=ORIENTED_EDGE('',*,*,#12021,.F.);
#12328=ORIENTED_EDGE('',*,*,#12327,.T.);
#12329=EDGE_LOOP('',(#12317,#12319,#12320,#12321,#12322,#12324,#12325,#12326,
#12328));
#12330=FACE_OUTER_BOUND('',#12329,.F.);
#12331=ADVANCED_FACE('',(#12330),#12315,.F.);
#12332=CARTESIAN_POINT('',(1.006E-1,7.3E-2,-3.935E-2));
#12333=DIRECTION('',(-1.E0,0.E0,0.E0));
#12334=DIRECTION('',(0.E0,0.E0,1.E0));
#12335=AXIS2_PLACEMENT_3D('',#12332,#12333,#12334);
#12336=PLANE('',#12335);
#12337=ORIENTED_EDGE('',*,*,#12056,.F.);
#12339=ORIENTED_EDGE('',*,*,#12338,.T.);
#12341=ORIENTED_EDGE('',*,*,#12340,.T.);
#12343=ORIENTED_EDGE('',*,*,#12342,.F.);
#12344=ORIENTED_EDGE('',*,*,#9441,.T.);
#12346=ORIENTED_EDGE('',*,*,#12345,.T.);
#12348=ORIENTED_EDGE('',*,*,#12347,.T.);
#12350=ORIENTED_EDGE('',*,*,#12349,.T.);
#12352=ORIENTED_EDGE('',*,*,#12351,.F.);
#12353=EDGE_LOOP('',(#12337,#12339,#12341,#12343,#12344,#12346,#12348,#12350,
#12352));
#12354=FACE_OUTER_BOUND('',#12353,.F.);
#12355=ADVANCED_FACE('',(#12354),#12336,.F.);
#12356=CARTESIAN_POINT('',(9.459999999999E-2,-3.9E-2,2.1E-2));
#12357=DIRECTION('',(0.E0,0.E0,-1.E0));
#12358=DIRECTION('',(1.E0,0.E0,0.E0));
#12359=AXIS2_PLACEMENT_3D('',#12356,#12357,#12358);
#12360=PLANE('',#12359);
#12362=ORIENTED_EDGE('',*,*,#12361,.F.);
#12363=ORIENTED_EDGE('',*,*,#11982,.F.);
#12365=ORIENTED_EDGE('',*,*,#12364,.T.);
#12367=ORIENTED_EDGE('',*,*,#12366,.T.);
#12369=ORIENTED_EDGE('',*,*,#12368,.F.);
#12371=ORIENTED_EDGE('',*,*,#12370,.F.);
#12373=ORIENTED_EDGE('',*,*,#12372,.F.);
#12375=ORIENTED_EDGE('',*,*,#12374,.F.);
#12377=ORIENTED_EDGE('',*,*,#12376,.F.);
#12379=ORIENTED_EDGE('',*,*,#12378,.F.);
#12381=ORIENTED_EDGE('',*,*,#12380,.F.);
#12382=EDGE_LOOP('',(#12362,#12363,#12365,#12367,#12369,#12371,#12373,#12375,
#12377,#12379,#12381));
#12383=FACE_OUTER_BOUND('',#12382,.F.);
#12384=ADVANCED_FACE('',(#12383),#12360,.T.);
#12385=CARTESIAN_POINT('',(9.459999999999E-2,-3.9E-2,2.1E-2));
#12386=DIRECTION('',(0.E0,0.E0,-1.E0));
#12387=DIRECTION('',(1.E0,0.E0,0.E0));
#12388=AXIS2_PLACEMENT_3D('',#12385,#12386,#12387);
#12389=PLANE('',#12388);
#12390=ORIENTED_EDGE('',*,*,#12316,.T.);
#12392=ORIENTED_EDGE('',*,*,#12391,.F.);
#12394=ORIENTED_EDGE('',*,*,#12393,.F.);
#12396=ORIENTED_EDGE('',*,*,#12395,.F.);
#12398=ORIENTED_EDGE('',*,*,#12397,.F.);
#12400=ORIENTED_EDGE('',*,*,#12399,.F.);
#12402=ORIENTED_EDGE('',*,*,#12401,.F.);
#12404=ORIENTED_EDGE('',*,*,#12403,.F.);
#12405=ORIENTED_EDGE('',*,*,#12133,.F.);
#12406=ORIENTED_EDGE('',*,*,#12152,.F.);
#12408=ORIENTED_EDGE('',*,*,#12407,.T.);
#12409=EDGE_LOOP('',(#12390,#12392,#12394,#12396,#12398,#12400,#12402,#12404,
#12405,#12406,#12408));
#12410=FACE_OUTER_BOUND('',#12409,.F.);
#12411=ADVANCED_FACE('',(#12410),#12389,.T.);
#12412=CARTESIAN_POINT('',(5.659999999999E-2,-1.4E-2,2.1E-2));
#12413=DIRECTION('',(-9.707950972229E-1,2.399101481970E-1,0.E0));
#12414=DIRECTION('',(2.399101481970E-1,9.707950972229E-1,0.E0));
#12415=AXIS2_PLACEMENT_3D('',#12412,#12413,#12414);
#12416=PLANE('',#12415);
#12417=ORIENTED_EDGE('',*,*,#11984,.T.);
#12418=ORIENTED_EDGE('',*,*,#12361,.T.);
#12420=ORIENTED_EDGE('',*,*,#12419,.T.);
#12421=ORIENTED_EDGE('',*,*,#12107,.F.);
#12422=EDGE_LOOP('',(#12417,#12418,#12420,#12421));
#12423=FACE_OUTER_BOUND('',#12422,.F.);
#12424=ADVANCED_FACE('',(#12423),#12416,.T.);
#12425=CARTESIAN_POINT('',(5.177522941665E-2,2.9E-2,2.1E-2));
#12426=DIRECTION('',(0.E0,0.E0,-1.E0));
#12427=DIRECTION('',(-1.E0,0.E0,0.E0));
#12428=AXIS2_PLACEMENT_3D('',#12425,#12426,#12427);
#12429=CYLINDRICAL_SURFACE('',#12428,1.5E-2);
#12430=ORIENTED_EDGE('',*,*,#12380,.T.);
#12432=ORIENTED_EDGE('',*,*,#12431,.T.);
#12433=ORIENTED_EDGE('',*,*,#12109,.F.);
#12434=ORIENTED_EDGE('',*,*,#12419,.F.);
#12435=EDGE_LOOP('',(#12430,#12432,#12433,#12434));
#12436=FACE_OUTER_BOUND('',#12435,.F.);
#12437=ADVANCED_FACE('',(#12436),#12429,.F.);
#12438=CARTESIAN_POINT('',(6.605261281165E-2,3.359960035135E-2,2.1E-2));
#12439=DIRECTION('',(-9.518255596667E-1,-3.066400234235E-1,0.E0));
#12440=DIRECTION('',(-3.066400234235E-1,9.518255596667E-1,0.E0));
#12441=AXIS2_PLACEMENT_3D('',#12438,#12439,#12440);
#12442=PLANE('',#12441);
#12443=ORIENTED_EDGE('',*,*,#12378,.T.);
#12445=ORIENTED_EDGE('',*,*,#12444,.T.);
#12446=ORIENTED_EDGE('',*,*,#12111,.F.);
#12447=ORIENTED_EDGE('',*,*,#12431,.F.);
#12448=EDGE_LOOP('',(#12443,#12445,#12446,#12447));
#12449=FACE_OUTER_BOUND('',#12448,.F.);
#12450=ADVANCED_FACE('',(#12449),#12442,.T.);
#12451=CARTESIAN_POINT('',(6.092202219742E-2,4.952520337047E-2,2.1E-2));
#12452=DIRECTION('',(-8.898695476930E-1,4.562150678010E-1,0.E0));
#12453=DIRECTION('',(4.562150678010E-1,8.898695476930E-1,0.E0));
#12454=AXIS2_PLACEMENT_3D('',#12451,#12452,#12453);
#12455=PLANE('',#12454);
#12456=ORIENTED_EDGE('',*,*,#12376,.T.);
#12458=ORIENTED_EDGE('',*,*,#12457,.T.);
#12459=ORIENTED_EDGE('',*,*,#12113,.F.);
#12460=ORIENTED_EDGE('',*,*,#12444,.F.);
#12461=EDGE_LOOP('',(#12456,#12458,#12459,#12460));
#12462=FACE_OUTER_BOUND('',#12461,.F.);
#12463=ADVANCED_FACE('',(#12462),#12455,.T.);
#12464=CARTESIAN_POINT('',(6.274452332099E-2,5.308007992973E-2,2.1E-2));
#12465=DIRECTION('',(-3.066400234236E-1,9.518255596667E-1,0.E0));
#12466=DIRECTION('',(9.518255596667E-1,3.066400234236E-1,0.E0));
#12467=AXIS2_PLACEMENT_3D('',#12464,#12465,#12466);
#12468=PLANE('',#12467);
#12469=ORIENTED_EDGE('',*,*,#12374,.T.);
#12471=ORIENTED_EDGE('',*,*,#12470,.T.);
#12472=ORIENTED_EDGE('',*,*,#12115,.F.);
#12473=ORIENTED_EDGE('',*,*,#12457,.F.);
#12474=EDGE_LOOP('',(#12469,#12471,#12472,#12473));
#12475=FACE_OUTER_BOUND('',#12474,.F.);
#12476=ADVANCED_FACE('',(#12475),#12468,.T.);
#12477=CARTESIAN_POINT('',(6.559999999999E-2,5.4E-2,2.1E-2));
#12478=DIRECTION('',(9.518255596667E-1,3.066400234235E-1,0.E0));
#12479=DIRECTION('',(3.066400234235E-1,-9.518255596667E-1,0.E0));
#12480=AXIS2_PLACEMENT_3D('',#12477,#12478,#12479);
#12481=PLANE('',#12480);
#12482=ORIENTED_EDGE('',*,*,#12372,.T.);
#12484=ORIENTED_EDGE('',*,*,#12483,.T.);
#12485=ORIENTED_EDGE('',*,*,#12117,.F.);
#12486=ORIENTED_EDGE('',*,*,#12470,.F.);
#12487=EDGE_LOOP('',(#12482,#12484,#12485,#12486));
#12488=FACE_OUTER_BOUND('',#12487,.F.);
#12489=ADVANCED_FACE('',(#12488),#12481,.T.);
#12490=CARTESIAN_POINT('',(5.177522941665E-2,2.9E-2,2.1E-2));
#12491=DIRECTION('',(0.E0,0.E0,-1.E0));
#12492=DIRECTION('',(-1.E0,0.E0,0.E0));
#12493=AXIS2_PLACEMENT_3D('',#12490,#12491,#12492);
#12494=CYLINDRICAL_SURFACE('',#12493,2.082477058334E-2);
#12495=ORIENTED_EDGE('',*,*,#12370,.T.);
#12497=ORIENTED_EDGE('',*,*,#12496,.T.);
#12498=ORIENTED_EDGE('',*,*,#12119,.F.);
#12499=ORIENTED_EDGE('',*,*,#12483,.F.);
#12500=EDGE_LOOP('',(#12495,#12497,#12498,#12499));
#12501=FACE_OUTER_BOUND('',#12500,.F.);
#12502=ADVANCED_FACE('',(#12501),#12494,.T.);
#12503=CARTESIAN_POINT('',(7.199181459975E-2,2.400392620318E-2,2.1E-2));
#12504=DIRECTION('',(9.707950972229E-1,-2.399101481970E-1,0.E0));
#12505=DIRECTION('',(-2.399101481970E-1,-9.707950972229E-1,0.E0));
#12506=AXIS2_PLACEMENT_3D('',#12503,#12504,#12505);
#12507=PLANE('',#12506);
#12509=ORIENTED_EDGE('',*,*,#12508,.F.);
#12510=ORIENTED_EDGE('',*,*,#12121,.F.);
#12511=ORIENTED_EDGE('',*,*,#12496,.F.);
#12512=ORIENTED_EDGE('',*,*,#12368,.T.);
#12513=EDGE_LOOP('',(#12509,#12510,#12511,#12512));
#12514=FACE_OUTER_BOUND('',#12513,.F.);
#12515=ADVANCED_FACE('',(#12514),#12507,.T.);
#12516=CARTESIAN_POINT('',(6.259999999999E-2,-3.9E-2,2.1E-2));
#12517=DIRECTION('',(1.E0,0.E0,0.E0));
#12518=DIRECTION('',(0.E0,0.E0,1.E0));
#12519=AXIS2_PLACEMENT_3D('',#12516,#12517,#12518);
#12520=PLANE('',#12519);
#12521=ORIENTED_EDGE('',*,*,#12508,.T.);
#12522=ORIENTED_EDGE('',*,*,#12366,.F.);
#12524=ORIENTED_EDGE('',*,*,#12523,.T.);
#12525=ORIENTED_EDGE('',*,*,#12177,.F.);
#12526=ORIENTED_EDGE('',*,*,#12037,.F.);
#12527=EDGE_LOOP('',(#12521,#12522,#12524,#12525,#12526));
#12528=FACE_OUTER_BOUND('',#12527,.F.);
#12529=ADVANCED_FACE('',(#12528),#12520,.T.);
#12530=CARTESIAN_POINT('',(1.006E-1,-3.9E-2,-3.935E-2));
#12531=DIRECTION('',(0.E0,-1.E0,0.E0));
#12532=DIRECTION('',(-1.E0,0.E0,0.E0));
#12533=AXIS2_PLACEMENT_3D('',#12530,#12531,#12532);
#12534=PLANE('',#12533);
#12536=ORIENTED_EDGE('',*,*,#12535,.T.);
#12538=ORIENTED_EDGE('',*,*,#12537,.F.);
#12540=ORIENTED_EDGE('',*,*,#12539,.F.);
#12541=ORIENTED_EDGE('',*,*,#12347,.F.);
#12542=EDGE_LOOP('',(#12536,#12538,#12540,#12541));
#12543=FACE_OUTER_BOUND('',#12542,.F.);
#12544=ADVANCED_FACE('',(#12543),#12534,.T.);
#12545=CARTESIAN_POINT('',(1.006E-1,-3.9E-2,-3.935E-2));
#12546=DIRECTION('',(0.E0,-1.E0,0.E0));
#12547=DIRECTION('',(-1.E0,0.E0,0.E0));
#12548=AXIS2_PLACEMENT_3D('',#12545,#12546,#12547);
#12549=PLANE('',#12548);
#12551=ORIENTED_EDGE('',*,*,#12550,.T.);
#12552=ORIENTED_EDGE('',*,*,#11996,.F.);
#12554=ORIENTED_EDGE('',*,*,#12553,.F.);
#12556=ORIENTED_EDGE('',*,*,#12555,.F.);
#12557=EDGE_LOOP('',(#12551,#12552,#12554,#12556));
#12558=FACE_OUTER_BOUND('',#12557,.F.);
#12559=ADVANCED_FACE('',(#12558),#12549,.T.);
#12560=CARTESIAN_POINT('',(1.006E-1,-3.9E-2,-3.935E-2));
#12561=DIRECTION('',(0.E0,-1.E0,0.E0));
#12562=DIRECTION('',(-1.E0,0.E0,0.E0));
#12563=AXIS2_PLACEMENT_3D('',#12560,#12561,#12562);
#12564=PLANE('',#12563);
#12565=ORIENTED_EDGE('',*,*,#12167,.F.);
#12566=ORIENTED_EDGE('',*,*,#12318,.F.);
#12567=ORIENTED_EDGE('',*,*,#12407,.F.);
#12568=ORIENTED_EDGE('',*,*,#12150,.F.);
#12569=EDGE_LOOP('',(#12565,#12566,#12567,#12568));
#12570=FACE_OUTER_BOUND('',#12569,.F.);
#12571=ADVANCED_FACE('',(#12570),#12564,.T.);
#12572=CARTESIAN_POINT('',(1.006E-1,-3.9E-2,-3.935E-2));
#12573=DIRECTION('',(0.E0,-1.E0,0.E0));
#12574=DIRECTION('',(-1.E0,0.E0,0.E0));
#12575=AXIS2_PLACEMENT_3D('',#12572,#12573,#12574);
#12576=PLANE('',#12575);
#12577=ORIENTED_EDGE('',*,*,#12179,.F.);
#12578=ORIENTED_EDGE('',*,*,#12523,.F.);
#12579=ORIENTED_EDGE('',*,*,#12364,.F.);
#12580=ORIENTED_EDGE('',*,*,#11980,.F.);
#12581=EDGE_LOOP('',(#12577,#12578,#12579,#12580));
#12582=FACE_OUTER_BOUND('',#12581,.F.);
#12583=ADVANCED_FACE('',(#12582),#12576,.T.);
#12584=CARTESIAN_POINT('',(8.76E-2,-8.3E-2,-5.9E-2));
#12585=DIRECTION('',(0.E0,0.E0,1.E0));
#12586=DIRECTION('',(0.E0,1.E0,0.E0));
#12587=AXIS2_PLACEMENT_3D('',#12584,#12585,#12586);
#12588=PLANE('',#12587);
#12590=ORIENTED_EDGE('',*,*,#12589,.T.);
#12591=ORIENTED_EDGE('',*,*,#9431,.T.);
#12592=ORIENTED_EDGE('',*,*,#11998,.T.);
#12593=ORIENTED_EDGE('',*,*,#12550,.F.);
#12595=ORIENTED_EDGE('',*,*,#12594,.F.);
#12596=ORIENTED_EDGE('',*,*,#12069,.T.);
#12597=ORIENTED_EDGE('',*,*,#12005,.T.);
#12599=ORIENTED_EDGE('',*,*,#12598,.F.);
#12600=ORIENTED_EDGE('',*,*,#12338,.F.);
#12601=ORIENTED_EDGE('',*,*,#12054,.T.);
#12603=ORIENTED_EDGE('',*,*,#12602,.T.);
#12604=ORIENTED_EDGE('',*,*,#12535,.F.);
#12605=ORIENTED_EDGE('',*,*,#12345,.F.);
#12606=ORIENTED_EDGE('',*,*,#9439,.T.);
#12608=ORIENTED_EDGE('',*,*,#12607,.F.);
#12610=ORIENTED_EDGE('',*,*,#12609,.T.);
#12611=EDGE_LOOP('',(#12590,#12591,#12592,#12593,#12595,#12596,#12597,#12599,
#12600,#12601,#12603,#12604,#12605,#12606,#12608,#12610));
#12612=FACE_OUTER_BOUND('',#12611,.F.);
#12613=ADVANCED_FACE('',(#12612),#12588,.T.);
#12614=CARTESIAN_POINT('',(6.96E-2,0.E0,0.E0));
#12615=DIRECTION('',(-1.E0,0.E0,0.E0));
#12616=DIRECTION('',(0.E0,0.E0,1.E0));
#12617=AXIS2_PLACEMENT_3D('',#12614,#12615,#12616);
#12618=PLANE('',#12617);
#12619=ORIENTED_EDGE('',*,*,#9433,.T.);
#12620=ORIENTED_EDGE('',*,*,#12589,.F.);
#12622=ORIENTED_EDGE('',*,*,#12621,.F.);
#12624=ORIENTED_EDGE('',*,*,#12623,.F.);
#12626=ORIENTED_EDGE('',*,*,#12625,.F.);
#12628=ORIENTED_EDGE('',*,*,#12627,.F.);
#12630=ORIENTED_EDGE('',*,*,#12629,.F.);
#12632=ORIENTED_EDGE('',*,*,#12631,.F.);
#12633=EDGE_LOOP('',(#12619,#12620,#12622,#12624,#12626,#12628,#12630,#12632));
#12634=FACE_OUTER_BOUND('',#12633,.F.);
#12635=ADVANCED_FACE('',(#12634),#12618,.T.);
#12636=CARTESIAN_POINT('',(8.76E-2,-8.3E-2,-7.1E-2));
#12637=DIRECTION('',(-1.E0,0.E0,0.E0));
#12638=DIRECTION('',(0.E0,0.E0,1.E0));
#12639=AXIS2_PLACEMENT_3D('',#12636,#12637,#12638);
#12640=CYLINDRICAL_SURFACE('',#12639,1.2E-2);
#12642=ORIENTED_EDGE('',*,*,#12641,.F.);
#12644=ORIENTED_EDGE('',*,*,#12643,.T.);
#12645=ORIENTED_EDGE('',*,*,#12621,.T.);
#12646=ORIENTED_EDGE('',*,*,#12609,.F.);
#12647=EDGE_LOOP('',(#12642,#12644,#12645,#12646));
#12648=FACE_OUTER_BOUND('',#12647,.F.);
#12649=ADVANCED_FACE('',(#12648),#12640,.T.);
#12650=CARTESIAN_POINT('',(8.76E-2,0.E0,0.E0));
#12651=DIRECTION('',(-1.E0,0.E0,0.E0));
#12652=DIRECTION('',(0.E0,0.E0,1.E0));
#12653=AXIS2_PLACEMENT_3D('',#12650,#12651,#12652);
#12654=PLANE('',#12653);
#12655=ORIENTED_EDGE('',*,*,#9437,.F.);
#12657=ORIENTED_EDGE('',*,*,#12656,.T.);
#12659=ORIENTED_EDGE('',*,*,#12658,.T.);
#12661=ORIENTED_EDGE('',*,*,#12660,.T.);
#12663=ORIENTED_EDGE('',*,*,#12662,.T.);
#12665=ORIENTED_EDGE('',*,*,#12664,.T.);
#12666=ORIENTED_EDGE('',*,*,#12641,.T.);
#12667=ORIENTED_EDGE('',*,*,#12607,.T.);
#12668=EDGE_LOOP('',(#12655,#12657,#12659,#12661,#12663,#12665,#12666,#12667));
#12669=FACE_OUTER_BOUND('',#12668,.F.);
#12670=ADVANCED_FACE('',(#12669),#12654,.F.);
#12671=CARTESIAN_POINT('',(8.76E-2,-7.1E-2,-6.5E-2));
#12672=DIRECTION('',(0.E0,0.E0,-1.E0));
#12673=DIRECTION('',(0.E0,-1.E0,0.E0));
#12674=AXIS2_PLACEMENT_3D('',#12671,#12672,#12673);
#12675=PLANE('',#12674);
#12676=ORIENTED_EDGE('',*,*,#9435,.T.);
#12677=ORIENTED_EDGE('',*,*,#12631,.T.);
#12679=ORIENTED_EDGE('',*,*,#12678,.F.);
#12680=ORIENTED_EDGE('',*,*,#12656,.F.);
#12681=EDGE_LOOP('',(#12676,#12677,#12679,#12680));
#12682=FACE_OUTER_BOUND('',#12681,.F.);
#12683=ADVANCED_FACE('',(#12682),#12675,.T.);
#12684=CARTESIAN_POINT('',(8.76E-2,-8.3E-2,-7.1E-2));
#12685=DIRECTION('',(-1.E0,0.E0,0.E0));
#12686=DIRECTION('',(0.E0,0.E0,1.E0));
#12687=AXIS2_PLACEMENT_3D('',#12684,#12685,#12686);
#12688=CYLINDRICAL_SURFACE('',#12687,6.E-3);
#12689=ORIENTED_EDGE('',*,*,#12658,.F.);
#12690=ORIENTED_EDGE('',*,*,#12678,.T.);
#12691=ORIENTED_EDGE('',*,*,#12629,.T.);
#12693=ORIENTED_EDGE('',*,*,#12692,.F.);
#12694=EDGE_LOOP('',(#12689,#12690,#12691,#12693));
#12695=FACE_OUTER_BOUND('',#12694,.F.);
#12696=ADVANCED_FACE('',(#12695),#12688,.F.);
#12697=CARTESIAN_POINT('',(8.76E-2,-8.9E-2,-7.1E-2));
#12698=DIRECTION('',(0.E0,1.E0,0.E0));
#12699=DIRECTION('',(0.E0,0.E0,-1.E0));
#12700=AXIS2_PLACEMENT_3D('',#12697,#12698,#12699);
#12701=PLANE('',#12700);
#12702=ORIENTED_EDGE('',*,*,#12660,.F.);
#12703=ORIENTED_EDGE('',*,*,#12692,.T.);
#12704=ORIENTED_EDGE('',*,*,#12627,.T.);
#12706=ORIENTED_EDGE('',*,*,#12705,.F.);
#12707=EDGE_LOOP('',(#12702,#12703,#12704,#12706));
#12708=FACE_OUTER_BOUND('',#12707,.F.);
#12709=ADVANCED_FACE('',(#12708),#12701,.T.);
#12710=CARTESIAN_POINT('',(8.76E-2,-8.9E-2,-1.05E-1));
#12711=DIRECTION('',(0.E0,0.E0,-1.E0));
#12712=DIRECTION('',(0.E0,-1.E0,0.E0));
#12713=AXIS2_PLACEMENT_3D('',#12710,#12711,#12712);
#12714=PLANE('',#12713);
#12715=ORIENTED_EDGE('',*,*,#12662,.F.);
#12716=ORIENTED_EDGE('',*,*,#12705,.T.);
#12717=ORIENTED_EDGE('',*,*,#12625,.T.);
#12719=ORIENTED_EDGE('',*,*,#12718,.F.);
#12720=EDGE_LOOP('',(#12715,#12716,#12717,#12719));
#12721=FACE_OUTER_BOUND('',#12720,.F.);
#12722=ADVANCED_FACE('',(#12721),#12714,.T.);
#12723=CARTESIAN_POINT('',(8.76E-2,-9.5E-2,-1.05E-1));
#12724=DIRECTION('',(0.E0,-1.E0,0.E0));
#12725=DIRECTION('',(0.E0,0.E0,1.E0));
#12726=AXIS2_PLACEMENT_3D('',#12723,#12724,#12725);
#12727=PLANE('',#12726);
#12728=ORIENTED_EDGE('',*,*,#12664,.F.);
#12729=ORIENTED_EDGE('',*,*,#12718,.T.);
#12730=ORIENTED_EDGE('',*,*,#12623,.T.);
#12731=ORIENTED_EDGE('',*,*,#12643,.F.);
#12732=EDGE_LOOP('',(#12728,#12729,#12730,#12731));
#12733=FACE_OUTER_BOUND('',#12732,.F.);
#12734=ADVANCED_FACE('',(#12733),#12727,.T.);
#12735=CARTESIAN_POINT('',(6.259999999999E-2,-3.9E-2,-5.9E-2));
#12736=DIRECTION('',(1.E0,0.E0,0.E0));
#12737=DIRECTION('',(0.E0,0.E0,1.E0));
#12738=AXIS2_PLACEMENT_3D('',#12735,#12736,#12737);
#12739=PLANE('',#12738);
#12741=ORIENTED_EDGE('',*,*,#12740,.F.);
#12742=ORIENTED_EDGE('',*,*,#12071,.F.);
#12743=ORIENTED_EDGE('',*,*,#12594,.T.);
#12744=ORIENTED_EDGE('',*,*,#12555,.T.);
#12746=ORIENTED_EDGE('',*,*,#12745,.T.);
#12747=EDGE_LOOP('',(#12741,#12742,#12743,#12744,#12746));
#12748=FACE_OUTER_BOUND('',#12747,.F.);
#12749=ADVANCED_FACE('',(#12748),#12739,.T.);
#12750=CARTESIAN_POINT('',(6.259999999999E-2,-1.4E-2,-2.1E-2));
#12751=DIRECTION('',(9.707950972229E-1,-2.399101481970E-1,0.E0));
#12752=DIRECTION('',(2.399101481970E-1,9.707950972229E-1,0.E0));
#12753=AXIS2_PLACEMENT_3D('',#12750,#12751,#12752);
#12754=PLANE('',#12753);
#12755=ORIENTED_EDGE('',*,*,#12740,.T.);
#12757=ORIENTED_EDGE('',*,*,#12756,.T.);
#12759=ORIENTED_EDGE('',*,*,#12758,.T.);
#12761=ORIENTED_EDGE('',*,*,#12760,.F.);
#12762=EDGE_LOOP('',(#12755,#12757,#12759,#12761));
#12763=FACE_OUTER_BOUND('',#12762,.F.);
#12764=ADVANCED_FACE('',(#12763),#12754,.T.);
#12765=CARTESIAN_POINT('',(1.006E-1,-3.9E-2,-2.1E-2));
#12766=DIRECTION('',(0.E0,0.E0,1.E0));
#12767=DIRECTION('',(-1.E0,0.E0,0.E0));
#12768=AXIS2_PLACEMENT_3D('',#12765,#12766,#12767);
#12769=PLANE('',#12768);
#12770=ORIENTED_EDGE('',*,*,#12756,.F.);
#12771=ORIENTED_EDGE('',*,*,#12745,.F.);
#12772=ORIENTED_EDGE('',*,*,#12553,.T.);
#12773=ORIENTED_EDGE('',*,*,#11994,.T.);
#12775=ORIENTED_EDGE('',*,*,#12774,.F.);
#12777=ORIENTED_EDGE('',*,*,#12776,.F.);
#12779=ORIENTED_EDGE('',*,*,#12778,.F.);
#12781=ORIENTED_EDGE('',*,*,#12780,.F.);
#12783=ORIENTED_EDGE('',*,*,#12782,.F.);
#12785=ORIENTED_EDGE('',*,*,#12784,.F.);
#12787=ORIENTED_EDGE('',*,*,#12786,.F.);
#12788=EDGE_LOOP('',(#12770,#12771,#12772,#12773,#12775,#12777,#12779,#12781,
#12783,#12785,#12787));
#12789=FACE_OUTER_BOUND('',#12788,.F.);
#12790=ADVANCED_FACE('',(#12789),#12769,.T.);
#12791=CARTESIAN_POINT('',(1.006E-1,-3.9E-2,-2.1E-2));
#12792=DIRECTION('',(0.E0,0.E0,1.E0));
#12793=DIRECTION('',(-1.E0,0.E0,0.E0));
#12794=AXIS2_PLACEMENT_3D('',#12791,#12792,#12793);
#12795=PLANE('',#12794);
#12797=ORIENTED_EDGE('',*,*,#12796,.T.);
#12799=ORIENTED_EDGE('',*,*,#12798,.F.);
#12801=ORIENTED_EDGE('',*,*,#12800,.F.);
#12803=ORIENTED_EDGE('',*,*,#12802,.F.);
#12805=ORIENTED_EDGE('',*,*,#12804,.F.);
#12807=ORIENTED_EDGE('',*,*,#12806,.F.);
#12809=ORIENTED_EDGE('',*,*,#12808,.F.);
#12811=ORIENTED_EDGE('',*,*,#12810,.F.);
#12813=ORIENTED_EDGE('',*,*,#12812,.F.);
#12814=ORIENTED_EDGE('',*,*,#12349,.F.);
#12815=ORIENTED_EDGE('',*,*,#12539,.T.);
#12816=EDGE_LOOP('',(#12797,#12799,#12801,#12803,#12805,#12807,#12809,#12811,
#12813,#12814,#12815));
#12817=FACE_OUTER_BOUND('',#12816,.F.);
#12818=ADVANCED_FACE('',(#12817),#12795,.T.);
#12819=CARTESIAN_POINT('',(6.633715587500E-2,2.540134777705E-2,-2.1E-2));
#12820=DIRECTION('',(-9.707950972229E-1,2.399101481970E-1,0.E0));
#12821=DIRECTION('',(-2.399101481970E-1,-9.707950972229E-1,0.E0));
#12822=AXIS2_PLACEMENT_3D('',#12819,#12820,#12821);
#12823=PLANE('',#12822);
#12824=ORIENTED_EDGE('',*,*,#12009,.F.);
#12826=ORIENTED_EDGE('',*,*,#12825,.F.);
#12828=ORIENTED_EDGE('',*,*,#12827,.F.);
#12829=ORIENTED_EDGE('',*,*,#12774,.T.);
#12830=EDGE_LOOP('',(#12824,#12826,#12828,#12829));
#12831=FACE_OUTER_BOUND('',#12830,.F.);
#12832=ADVANCED_FACE('',(#12831),#12823,.T.);
#12833=CARTESIAN_POINT('',(1.006E-1,-3.9E-2,-5.1E-2));
#12834=DIRECTION('',(0.E0,0.E0,1.E0));
#12835=DIRECTION('',(1.E0,0.E0,0.E0));
#12836=AXIS2_PLACEMENT_3D('',#12833,#12834,#12835);
#12837=PLANE('',#12836);
#12838=ORIENTED_EDGE('',*,*,#12050,.F.);
#12840=ORIENTED_EDGE('',*,*,#12839,.T.);
#12842=ORIENTED_EDGE('',*,*,#12841,.T.);
#12844=ORIENTED_EDGE('',*,*,#12843,.T.);
#12846=ORIENTED_EDGE('',*,*,#12845,.T.);
#12848=ORIENTED_EDGE('',*,*,#12847,.T.);
#12850=ORIENTED_EDGE('',*,*,#12849,.T.);
#12852=ORIENTED_EDGE('',*,*,#12851,.T.);
#12854=ORIENTED_EDGE('',*,*,#12853,.T.);
#12855=EDGE_LOOP('',(#12838,#12840,#12842,#12844,#12846,#12848,#12850,#12852,
#12854));
#12856=FACE_OUTER_BOUND('',#12855,.F.);
#12857=ADVANCED_FACE('',(#12856),#12837,.F.);
#12858=CARTESIAN_POINT('',(1.006E-1,-3.9E-2,-5.1E-2));
#12859=DIRECTION('',(0.E0,0.E0,1.E0));
#12860=DIRECTION('',(1.E0,0.E0,0.E0));
#12861=AXIS2_PLACEMENT_3D('',#12858,#12859,#12860);
#12862=PLANE('',#12861);
#12863=ORIENTED_EDGE('',*,*,#12066,.F.);
#12864=ORIENTED_EDGE('',*,*,#12760,.T.);
#12866=ORIENTED_EDGE('',*,*,#12865,.T.);
#12868=ORIENTED_EDGE('',*,*,#12867,.T.);
#12870=ORIENTED_EDGE('',*,*,#12869,.T.);
#12872=ORIENTED_EDGE('',*,*,#12871,.T.);
#12874=ORIENTED_EDGE('',*,*,#12873,.T.);
#12876=ORIENTED_EDGE('',*,*,#12875,.T.);
#12877=ORIENTED_EDGE('',*,*,#12825,.T.);
#12878=EDGE_LOOP('',(#12863,#12864,#12866,#12868,#12870,#12872,#12874,#12876,
#12877));
#12879=FACE_OUTER_BOUND('',#12878,.F.);
#12880=ADVANCED_FACE('',(#12879),#12862,.F.);
#12881=CARTESIAN_POINT('',(1.006E-1,-1.4E-2,-2.1E-2));
#12882=DIRECTION('',(9.707950972229E-1,2.399101481970E-1,0.E0));
#12883=DIRECTION('',(-2.399101481970E-1,9.707950972229E-1,0.E0));
#12884=AXIS2_PLACEMENT_3D('',#12881,#12882,#12883);
#12885=PLANE('',#12884);
#12886=ORIENTED_EDGE('',*,*,#12351,.T.);
#12887=ORIENTED_EDGE('',*,*,#12812,.T.);
#12889=ORIENTED_EDGE('',*,*,#12888,.T.);
#12890=ORIENTED_EDGE('',*,*,#12839,.F.);
#12891=EDGE_LOOP('',(#12886,#12887,#12889,#12890));
#12892=FACE_OUTER_BOUND('',#12891,.F.);
#12893=ADVANCED_FACE('',(#12892),#12885,.T.);
#12894=CARTESIAN_POINT('',(1.054247705833E-1,2.9E-2,-2.1E-2));
#12895=DIRECTION('',(0.E0,0.E0,1.E0));
#12896=DIRECTION('',(1.E0,0.E0,0.E0));
#12897=AXIS2_PLACEMENT_3D('',#12894,#12895,#12896);
#12898=CYLINDRICAL_SURFACE('',#12897,1.5E-2);
#12899=ORIENTED_EDGE('',*,*,#12810,.T.);
#12901=ORIENTED_EDGE('',*,*,#12900,.T.);
#12902=ORIENTED_EDGE('',*,*,#12841,.F.);
#12903=ORIENTED_EDGE('',*,*,#12888,.F.);
#12904=EDGE_LOOP('',(#12899,#12901,#12902,#12903));
#12905=FACE_OUTER_BOUND('',#12904,.F.);
#12906=ADVANCED_FACE('',(#12905),#12898,.F.);
#12907=CARTESIAN_POINT('',(9.114738718833E-2,3.359960035135E-2,-2.1E-2));
#12908=DIRECTION('',(9.518255596667E-1,-3.066400234235E-1,0.E0));
#12909=DIRECTION('',(3.066400234235E-1,9.518255596667E-1,0.E0));
#12910=AXIS2_PLACEMENT_3D('',#12907,#12908,#12909);
#12911=PLANE('',#12910);
#12912=ORIENTED_EDGE('',*,*,#12808,.T.);
#12914=ORIENTED_EDGE('',*,*,#12913,.T.);
#12915=ORIENTED_EDGE('',*,*,#12843,.F.);
#12916=ORIENTED_EDGE('',*,*,#12900,.F.);
#12917=EDGE_LOOP('',(#12912,#12914,#12915,#12916));
#12918=FACE_OUTER_BOUND('',#12917,.F.);
#12919=ADVANCED_FACE('',(#12918),#12911,.T.);
#12920=CARTESIAN_POINT('',(9.627797780257E-2,4.952520337047E-2,-2.1E-2));
#12921=DIRECTION('',(8.898695476930E-1,4.562150678010E-1,0.E0));
#12922=DIRECTION('',(-4.562150678010E-1,8.898695476930E-1,0.E0));
#12923=AXIS2_PLACEMENT_3D('',#12920,#12921,#12922);
#12924=PLANE('',#12923);
#12925=ORIENTED_EDGE('',*,*,#12806,.T.);
#12927=ORIENTED_EDGE('',*,*,#12926,.T.);
#12928=ORIENTED_EDGE('',*,*,#12845,.F.);
#12929=ORIENTED_EDGE('',*,*,#12913,.F.);
#12930=EDGE_LOOP('',(#12925,#12927,#12928,#12929));
#12931=FACE_OUTER_BOUND('',#12930,.F.);
#12932=ADVANCED_FACE('',(#12931),#12924,.T.);
#12933=CARTESIAN_POINT('',(9.445547667899E-2,5.308007992973E-2,-2.1E-2));
#12934=DIRECTION('',(3.066400234236E-1,9.518255596667E-1,0.E0));
#12935=DIRECTION('',(-9.518255596667E-1,3.066400234236E-1,0.E0));
#12936=AXIS2_PLACEMENT_3D('',#12933,#12934,#12935);
#12937=PLANE('',#12936);
#12938=ORIENTED_EDGE('',*,*,#12804,.T.);
#12940=ORIENTED_EDGE('',*,*,#12939,.T.);
#12941=ORIENTED_EDGE('',*,*,#12847,.F.);
#12942=ORIENTED_EDGE('',*,*,#12926,.F.);
#12943=EDGE_LOOP('',(#12938,#12940,#12941,#12942));
#12944=FACE_OUTER_BOUND('',#12943,.F.);
#12945=ADVANCED_FACE('',(#12944),#12937,.T.);
#12946=CARTESIAN_POINT('',(9.159999999999E-2,5.4E-2,-2.1E-2));
#12947=DIRECTION('',(-9.518255596667E-1,3.066400234235E-1,0.E0));
#12948=DIRECTION('',(-3.066400234235E-1,-9.518255596667E-1,0.E0));
#12949=AXIS2_PLACEMENT_3D('',#12946,#12947,#12948);
#12950=PLANE('',#12949);
#12951=ORIENTED_EDGE('',*,*,#12802,.T.);
#12953=ORIENTED_EDGE('',*,*,#12952,.T.);
#12954=ORIENTED_EDGE('',*,*,#12849,.F.);
#12955=ORIENTED_EDGE('',*,*,#12939,.F.);
#12956=EDGE_LOOP('',(#12951,#12953,#12954,#12955));
#12957=FACE_OUTER_BOUND('',#12956,.F.);
#12958=ADVANCED_FACE('',(#12957),#12950,.T.);
#12959=CARTESIAN_POINT('',(1.054247705833E-1,2.9E-2,-2.1E-2));
#12960=DIRECTION('',(0.E0,0.E0,1.E0));
#12961=DIRECTION('',(1.E0,0.E0,0.E0));
#12962=AXIS2_PLACEMENT_3D('',#12959,#12960,#12961);
#12963=CYLINDRICAL_SURFACE('',#12962,2.082477058334E-2);
#12964=ORIENTED_EDGE('',*,*,#12800,.T.);
#12966=ORIENTED_EDGE('',*,*,#12965,.T.);
#12967=ORIENTED_EDGE('',*,*,#12851,.F.);
#12968=ORIENTED_EDGE('',*,*,#12952,.F.);
#12969=EDGE_LOOP('',(#12964,#12966,#12967,#12968));
#12970=FACE_OUTER_BOUND('',#12969,.F.);
#12971=ADVANCED_FACE('',(#12970),#12963,.T.);
#12972=CARTESIAN_POINT('',(8.520818540023E-2,2.400392620318E-2,-2.1E-2));
#12973=DIRECTION('',(-9.707950972229E-1,-2.399101481970E-1,0.E0));
#12974=DIRECTION('',(2.399101481970E-1,-9.707950972229E-1,0.E0));
#12975=AXIS2_PLACEMENT_3D('',#12972,#12973,#12974);
#12976=PLANE('',#12975);
#12978=ORIENTED_EDGE('',*,*,#12977,.F.);
#12979=ORIENTED_EDGE('',*,*,#12853,.F.);
#12980=ORIENTED_EDGE('',*,*,#12965,.F.);
#12981=ORIENTED_EDGE('',*,*,#12798,.T.);
#12982=EDGE_LOOP('',(#12978,#12979,#12980,#12981));
#12983=FACE_OUTER_BOUND('',#12982,.F.);
#12984=ADVANCED_FACE('',(#12983),#12976,.T.);
#12985=CARTESIAN_POINT('',(9.459999999999E-2,-3.9E-2,-2.1E-2));
#12986=DIRECTION('',(-1.E0,0.E0,0.E0));
#12987=DIRECTION('',(0.E0,0.E0,-1.E0));
#12988=AXIS2_PLACEMENT_3D('',#12985,#12986,#12987);
#12989=PLANE('',#12988);
#12990=ORIENTED_EDGE('',*,*,#12977,.T.);
#12991=ORIENTED_EDGE('',*,*,#12796,.F.);
#12992=ORIENTED_EDGE('',*,*,#12537,.T.);
#12993=ORIENTED_EDGE('',*,*,#12602,.F.);
#12994=ORIENTED_EDGE('',*,*,#12052,.F.);
#12995=EDGE_LOOP('',(#12990,#12991,#12992,#12993,#12994));
#12996=FACE_OUTER_BOUND('',#12995,.F.);
#12997=ADVANCED_FACE('',(#12996),#12989,.T.);
#12998=CARTESIAN_POINT('',(5.177522941665E-2,2.9E-2,-2.1E-2));
#12999=DIRECTION('',(0.E0,0.E0,1.E0));
#13000=DIRECTION('',(1.E0,0.E0,0.E0));
#13001=AXIS2_PLACEMENT_3D('',#12998,#12999,#13000);
#13002=CYLINDRICAL_SURFACE('',#13001,2.082477058334E-2);
#13003=ORIENTED_EDGE('',*,*,#12786,.T.);
#13005=ORIENTED_EDGE('',*,*,#13004,.T.);
#13006=ORIENTED_EDGE('',*,*,#12865,.F.);
#13007=ORIENTED_EDGE('',*,*,#12758,.F.);
#13008=EDGE_LOOP('',(#13003,#13005,#13006,#13007));
#13009=FACE_OUTER_BOUND('',#13008,.F.);
#13010=ADVANCED_FACE('',(#13009),#13002,.T.);
#13011=CARTESIAN_POINT('',(7.159677833207E-2,3.538570813946E-2,-2.1E-2));
#13012=DIRECTION('',(9.518255596667E-1,3.066400234235E-1,0.E0));
#13013=DIRECTION('',(-3.066400234235E-1,9.518255596667E-1,0.E0));
#13014=AXIS2_PLACEMENT_3D('',#13011,#13012,#13013);
#13015=PLANE('',#13014);
#13016=ORIENTED_EDGE('',*,*,#12784,.T.);
#13018=ORIENTED_EDGE('',*,*,#13017,.T.);
#13019=ORIENTED_EDGE('',*,*,#12867,.F.);
#13020=ORIENTED_EDGE('',*,*,#13004,.F.);
#13021=EDGE_LOOP('',(#13016,#13018,#13019,#13020));
#13022=FACE_OUTER_BOUND('',#13021,.F.);
#13023=ADVANCED_FACE('',(#13022),#13015,.T.);
#13024=CARTESIAN_POINT('',(6.559999999999E-2,5.4E-2,-2.1E-2));
#13025=DIRECTION('',(-3.066400234236E-1,9.518255596667E-1,0.E0));
#13026=DIRECTION('',(-9.518255596667E-1,-3.066400234236E-1,0.E0));
#13027=AXIS2_PLACEMENT_3D('',#13024,#13025,#13026);
#13028=PLANE('',#13027);
#13029=ORIENTED_EDGE('',*,*,#12782,.T.);
#13031=ORIENTED_EDGE('',*,*,#13030,.T.);
#13032=ORIENTED_EDGE('',*,*,#12869,.F.);
#13033=ORIENTED_EDGE('',*,*,#13017,.F.);
#13034=EDGE_LOOP('',(#13029,#13031,#13032,#13033));
#13035=FACE_OUTER_BOUND('',#13034,.F.);
#13036=ADVANCED_FACE('',(#13035),#13028,.T.);
#13037=CARTESIAN_POINT('',(6.274452332099E-2,5.308007992973E-2,-2.1E-2));
#13038=DIRECTION('',(-8.898695476930E-1,4.562150678010E-1,0.E0));
#13039=DIRECTION('',(-4.562150678010E-1,-8.898695476930E-1,0.E0));
#13040=AXIS2_PLACEMENT_3D('',#13037,#13038,#13039);
#13041=PLANE('',#13040);
#13042=ORIENTED_EDGE('',*,*,#12780,.T.);
#13044=ORIENTED_EDGE('',*,*,#13043,.T.);
#13045=ORIENTED_EDGE('',*,*,#12871,.F.);
#13046=ORIENTED_EDGE('',*,*,#13030,.F.);
#13047=EDGE_LOOP('',(#13042,#13044,#13045,#13046));
#13048=FACE_OUTER_BOUND('',#13047,.F.);
#13049=ADVANCED_FACE('',(#13048),#13041,.T.);
#13050=CARTESIAN_POINT('',(6.092202219742E-2,4.952520337047E-2,-2.1E-2));
#13051=DIRECTION('',(-9.518255596667E-1,-3.066400234235E-1,0.E0));
#13052=DIRECTION('',(3.066400234235E-1,-9.518255596667E-1,0.E0));
#13053=AXIS2_PLACEMENT_3D('',#13050,#13051,#13052);
#13054=PLANE('',#13053);
#13055=ORIENTED_EDGE('',*,*,#12778,.T.);
#13057=ORIENTED_EDGE('',*,*,#13056,.T.);
#13058=ORIENTED_EDGE('',*,*,#12873,.F.);
#13059=ORIENTED_EDGE('',*,*,#13043,.F.);
#13060=EDGE_LOOP('',(#13055,#13057,#13058,#13059));
#13061=FACE_OUTER_BOUND('',#13060,.F.);
#13062=ADVANCED_FACE('',(#13061),#13054,.T.);
#13063=CARTESIAN_POINT('',(5.177522941665E-2,2.9E-2,-2.1E-2));
#13064=DIRECTION('',(0.E0,0.E0,1.E0));
#13065=DIRECTION('',(1.E0,0.E0,0.E0));
#13066=AXIS2_PLACEMENT_3D('',#13063,#13064,#13065);
#13067=CYLINDRICAL_SURFACE('',#13066,1.5E-2);
#13068=ORIENTED_EDGE('',*,*,#12776,.T.);
#13069=ORIENTED_EDGE('',*,*,#12827,.T.);
#13070=ORIENTED_EDGE('',*,*,#12875,.F.);
#13071=ORIENTED_EDGE('',*,*,#13056,.F.);
#13072=EDGE_LOOP('',(#13068,#13069,#13070,#13071));
#13073=FACE_OUTER_BOUND('',#13072,.F.);
#13074=ADVANCED_FACE('',(#13073),#13067,.F.);
#13075=CARTESIAN_POINT('',(1.006E-1,6.6E-2,-5.9E-2));
#13076=DIRECTION('',(0.E0,1.E0,0.E0));
#13077=DIRECTION('',(0.E0,0.E0,-1.E0));
#13078=AXIS2_PLACEMENT_3D('',#13075,#13076,#13077);
#13079=PLANE('',#13078);
#13081=ORIENTED_EDGE('',*,*,#13080,.F.);
#13082=ORIENTED_EDGE('',*,*,#12340,.F.);
#13083=ORIENTED_EDGE('',*,*,#12598,.T.);
#13084=ORIENTED_EDGE('',*,*,#12003,.T.);
#13085=EDGE_LOOP('',(#13081,#13082,#13083,#13084));
#13086=FACE_OUTER_BOUND('',#13085,.F.);
#13087=ADVANCED_FACE('',(#13086),#13079,.T.);
#13088=CARTESIAN_POINT('',(1.051E-1,-8.7E-2,-6.5E-2));
#13089=DIRECTION('',(0.E0,0.E0,-1.E0));
#13090=DIRECTION('',(0.E0,1.E0,0.E0));
#13091=AXIS2_PLACEMENT_3D('',#13088,#13089,#13090);
#13092=PLANE('',#13091);
#13093=ORIENTED_EDGE('',*,*,#11665,.F.);
#13094=ORIENTED_EDGE('',*,*,#9443,.F.);
#13095=ORIENTED_EDGE('',*,*,#12342,.T.);
#13096=ORIENTED_EDGE('',*,*,#13080,.T.);
#13097=ORIENTED_EDGE('',*,*,#12001,.F.);
#13098=ORIENTED_EDGE('',*,*,#9427,.F.);
#13099=ORIENTED_EDGE('',*,*,#11840,.T.);
#13100=ORIENTED_EDGE('',*,*,#11642,.F.);
#13101=EDGE_LOOP('',(#13093,#13094,#13095,#13096,#13097,#13098,#13099,#13100));
#13102=FACE_OUTER_BOUND('',#13101,.F.);
#13103=ADVANCED_FACE('',(#13102),#13092,.F.);
#13104=CARTESIAN_POINT('',(9.086284412498E-2,2.540134777705E-2,2.1E-2));
#13105=DIRECTION('',(9.707950972229E-1,2.399101481970E-1,0.E0));
#13106=DIRECTION('',(2.399101481970E-1,-9.707950972229E-1,0.E0));
#13107=AXIS2_PLACEMENT_3D('',#13104,#13105,#13106);
#13108=PLANE('',#13107);
#13109=ORIENTED_EDGE('',*,*,#12327,.F.);
#13110=ORIENTED_EDGE('',*,*,#12096,.F.);
#13112=ORIENTED_EDGE('',*,*,#13111,.F.);
#13113=ORIENTED_EDGE('',*,*,#12391,.T.);
#13114=EDGE_LOOP('',(#13109,#13110,#13112,#13113));
#13115=FACE_OUTER_BOUND('',#13114,.F.);
#13116=ADVANCED_FACE('',(#13115),#13108,.T.);
#13117=CARTESIAN_POINT('',(1.054247705833E-1,2.9E-2,2.1E-2));
#13118=DIRECTION('',(0.E0,0.E0,-1.E0));
#13119=DIRECTION('',(-1.E0,0.E0,0.E0));
#13120=AXIS2_PLACEMENT_3D('',#13117,#13118,#13119);
#13121=CYLINDRICAL_SURFACE('',#13120,1.5E-2);
#13122=ORIENTED_EDGE('',*,*,#12393,.T.);
#13123=ORIENTED_EDGE('',*,*,#13111,.T.);
#13124=ORIENTED_EDGE('',*,*,#12094,.F.);
#13126=ORIENTED_EDGE('',*,*,#13125,.F.);
#13127=EDGE_LOOP('',(#13122,#13123,#13124,#13126));
#13128=FACE_OUTER_BOUND('',#13127,.F.);
#13129=ADVANCED_FACE('',(#13128),#13121,.F.);
#13130=CARTESIAN_POINT('',(9.627797780257E-2,4.952520337047E-2,2.1E-2));
#13131=DIRECTION('',(9.518255596667E-1,-3.066400234235E-1,0.E0));
#13132=DIRECTION('',(-3.066400234235E-1,-9.518255596667E-1,0.E0));
#13133=AXIS2_PLACEMENT_3D('',#13130,#13131,#13132);
#13134=PLANE('',#13133);
#13135=ORIENTED_EDGE('',*,*,#12395,.T.);
#13136=ORIENTED_EDGE('',*,*,#13125,.T.);
#13137=ORIENTED_EDGE('',*,*,#12092,.F.);
#13139=ORIENTED_EDGE('',*,*,#13138,.F.);
#13140=EDGE_LOOP('',(#13135,#13136,#13137,#13139));
#13141=FACE_OUTER_BOUND('',#13140,.F.);
#13142=ADVANCED_FACE('',(#13141),#13134,.T.);
#13143=CARTESIAN_POINT('',(9.445547667899E-2,5.308007992973E-2,2.1E-2));
#13144=DIRECTION('',(8.898695476930E-1,4.562150678010E-1,0.E0));
#13145=DIRECTION('',(4.562150678010E-1,-8.898695476930E-1,0.E0));
#13146=AXIS2_PLACEMENT_3D('',#13143,#13144,#13145);
#13147=PLANE('',#13146);
#13148=ORIENTED_EDGE('',*,*,#12397,.T.);
#13149=ORIENTED_EDGE('',*,*,#13138,.T.);
#13150=ORIENTED_EDGE('',*,*,#12090,.F.);
#13152=ORIENTED_EDGE('',*,*,#13151,.F.);
#13153=EDGE_LOOP('',(#13148,#13149,#13150,#13152));
#13154=FACE_OUTER_BOUND('',#13153,.F.);
#13155=ADVANCED_FACE('',(#13154),#13147,.T.);
#13156=CARTESIAN_POINT('',(9.159999999999E-2,5.4E-2,2.1E-2));
#13157=DIRECTION('',(3.066400234236E-1,9.518255596667E-1,0.E0));
#13158=DIRECTION('',(9.518255596667E-1,-3.066400234236E-1,0.E0));
#13159=AXIS2_PLACEMENT_3D('',#13156,#13157,#13158);
#13160=PLANE('',#13159);
#13161=ORIENTED_EDGE('',*,*,#12399,.T.);
#13162=ORIENTED_EDGE('',*,*,#13151,.T.);
#13163=ORIENTED_EDGE('',*,*,#12088,.F.);
#13165=ORIENTED_EDGE('',*,*,#13164,.F.);
#13166=EDGE_LOOP('',(#13161,#13162,#13163,#13165));
#13167=FACE_OUTER_BOUND('',#13166,.F.);
#13168=ADVANCED_FACE('',(#13167),#13160,.T.);
#13169=CARTESIAN_POINT('',(8.560322166791E-2,3.538570813946E-2,2.1E-2));
#13170=DIRECTION('',(-9.518255596667E-1,3.066400234235E-1,0.E0));
#13171=DIRECTION('',(3.066400234235E-1,9.518255596667E-1,0.E0));
#13172=AXIS2_PLACEMENT_3D('',#13169,#13170,#13171);
#13173=PLANE('',#13172);
#13174=ORIENTED_EDGE('',*,*,#12401,.T.);
#13175=ORIENTED_EDGE('',*,*,#13164,.T.);
#13176=ORIENTED_EDGE('',*,*,#12086,.F.);
#13178=ORIENTED_EDGE('',*,*,#13177,.F.);
#13179=EDGE_LOOP('',(#13174,#13175,#13176,#13178));
#13180=FACE_OUTER_BOUND('',#13179,.F.);
#13181=ADVANCED_FACE('',(#13180),#13173,.T.);
#13182=CARTESIAN_POINT('',(1.054247705833E-1,2.9E-2,2.1E-2));
#13183=DIRECTION('',(0.E0,0.E0,-1.E0));
#13184=DIRECTION('',(-1.E0,0.E0,0.E0));
#13185=AXIS2_PLACEMENT_3D('',#13182,#13183,#13184);
#13186=CYLINDRICAL_SURFACE('',#13185,2.082477058334E-2);
#13187=ORIENTED_EDGE('',*,*,#12403,.T.);
#13188=ORIENTED_EDGE('',*,*,#13177,.T.);
#13189=ORIENTED_EDGE('',*,*,#12084,.F.);
#13190=ORIENTED_EDGE('',*,*,#12135,.F.);
#13191=EDGE_LOOP('',(#13187,#13188,#13189,#13190));
#13192=FACE_OUTER_BOUND('',#13191,.F.);
#13193=ADVANCED_FACE('',(#13192),#13186,.T.);
#13194=CARTESIAN_POINT('',(1.006E-1,6.6E-2,6.5E-2));
#13195=DIRECTION('',(0.E0,1.E0,0.E0));
#13196=DIRECTION('',(0.E0,0.E0,-1.E0));
#13197=AXIS2_PLACEMENT_3D('',#13194,#13195,#13196);
#13198=PLANE('',#13197);
#13199=ORIENTED_EDGE('',*,*,#11870,.T.);
#13200=ORIENTED_EDGE('',*,*,#11974,.T.);
#13201=ORIENTED_EDGE('',*,*,#12173,.F.);
#13202=ORIENTED_EDGE('',*,*,#12323,.F.);
#13203=EDGE_LOOP('',(#13199,#13200,#13201,#13202));
#13204=FACE_OUTER_BOUND('',#13203,.F.);
#13205=ADVANCED_FACE('',(#13204),#13198,.T.);
#13206=CARTESIAN_POINT('',(1.051E-1,6.8E-2,-1.8E-2));
#13207=DIRECTION('',(0.E0,0.E0,1.E0));
#13208=DIRECTION('',(0.E0,-1.E0,0.E0));
#13209=AXIS2_PLACEMENT_3D('',#13206,#13207,#13208);
#13210=PLANE('',#13209);
#13211=ORIENTED_EDGE('',*,*,#9260,.T.);
#13212=ORIENTED_EDGE('',*,*,#11668,.F.);
#13213=ORIENTED_EDGE('',*,*,#11646,.T.);
#13214=ORIENTED_EDGE('',*,*,#11837,.T.);
#13215=EDGE_LOOP('',(#13211,#13212,#13213,#13214));
#13216=FACE_OUTER_BOUND('',#13215,.F.);
#13217=ADVANCED_FACE('',(#13216),#13210,.F.);
#13218=CARTESIAN_POINT('',(1.111E-1,-8.7E-2,8.25E-2));
#13219=DIRECTION('',(7.071067811865E-1,7.071067811865E-1,0.E0));
#13220=DIRECTION('',(-7.071067811865E-1,7.071067811865E-1,0.E0));
#13221=AXIS2_PLACEMENT_3D('',#13218,#13219,#13220);
#13222=PLANE('',#13221);
#13223=ORIENTED_EDGE('',*,*,#11724,.T.);
#13224=ORIENTED_EDGE('',*,*,#11682,.F.);
#13225=ORIENTED_EDGE('',*,*,#11767,.T.);
#13226=ORIENTED_EDGE('',*,*,#9841,.F.);
#13227=EDGE_LOOP('',(#13223,#13224,#13225,#13226));
#13228=FACE_OUTER_BOUND('',#13227,.F.);
#13229=ADVANCED_FACE('',(#13228),#13222,.F.);
#13230=CARTESIAN_POINT('',(1.051E-1,-8.7E-2,5.1E-2));
#13231=DIRECTION('',(0.E0,0.E0,-1.E0));
#13232=DIRECTION('',(1.E0,0.E0,0.E0));
#13233=AXIS2_PLACEMENT_3D('',#13230,#13231,#13232);
#13234=PLANE('',#13233);
#13235=ORIENTED_EDGE('',*,*,#11770,.F.);
#13236=ORIENTED_EDGE('',*,*,#11678,.T.);
#13237=ORIENTED_EDGE('',*,*,#9499,.T.);
#13239=ORIENTED_EDGE('',*,*,#13238,.F.);
#13240=EDGE_LOOP('',(#13235,#13236,#13237,#13239));
#13241=FACE_OUTER_BOUND('',#13240,.F.);
#13242=ADVANCED_FACE('',(#13241),#13234,.F.);
#13243=CARTESIAN_POINT('',(1.111E-1,-8.7E-2,-6.9E-2));
#13244=DIRECTION('',(1.E0,0.E0,0.E0));
#13245=DIRECTION('',(0.E0,0.E0,1.E0));
#13246=AXIS2_PLACEMENT_3D('',#13243,#13244,#13245);
#13247=PLANE('',#13246);
#13248=ORIENTED_EDGE('',*,*,#11772,.F.);
#13249=ORIENTED_EDGE('',*,*,#13238,.T.);
#13250=ORIENTED_EDGE('',*,*,#9497,.T.);
#13251=ORIENTED_EDGE('',*,*,#9977,.T.);
#13252=ORIENTED_EDGE('',*,*,#9843,.T.);
#13253=EDGE_LOOP('',(#13248,#13249,#13250,#13251,#13252));
#13254=FACE_OUTER_BOUND('',#13253,.F.);
#13255=ADVANCED_FACE('',(#13254),#13247,.F.);
#13256=CARTESIAN_POINT('',(1.111E-1,-8.7E-2,-6.9E-2));
#13257=DIRECTION('',(1.E0,0.E0,0.E0));
#13258=DIRECTION('',(0.E0,0.E0,1.E0));
#13259=AXIS2_PLACEMENT_3D('',#13256,#13257,#13258);
#13260=PLANE('',#13259);
#13261=ORIENTED_EDGE('',*,*,#11696,.F.);
#13262=ORIENTED_EDGE('',*,*,#11726,.F.);
#13263=ORIENTED_EDGE('',*,*,#9839,.T.);
#13264=ORIENTED_EDGE('',*,*,#10078,.T.);
#13265=ORIENTED_EDGE('',*,*,#9449,.T.);
#13266=EDGE_LOOP('',(#13261,#13262,#13263,#13264,#13265));
#13267=FACE_OUTER_BOUND('',#13266,.F.);
#13268=ADVANCED_FACE('',(#13267),#13260,.F.);
#13269=CARTESIAN_POINT('',(-1.310000000001E-2,7.3E-2,-3.935E-2));
#13270=DIRECTION('',(-1.E0,0.E0,0.E0));
#13271=DIRECTION('',(0.E0,0.E0,1.E0));
#13272=AXIS2_PLACEMENT_3D('',#13269,#13270,#13271);
#13273=PLANE('',#13272);
#13274=ORIENTED_EDGE('',*,*,#11521,.F.);
#13276=ORIENTED_EDGE('',*,*,#13275,.F.);
#13278=ORIENTED_EDGE('',*,*,#13277,.T.);
#13280=ORIENTED_EDGE('',*,*,#13279,.T.);
#13281=EDGE_LOOP('',(#13274,#13276,#13278,#13280));
#13282=FACE_OUTER_BOUND('',#13281,.F.);
#13283=ADVANCED_FACE('',(#13282),#13273,.F.);
#13284=CARTESIAN_POINT('',(-9.999999999999E-5,7.3E-2,-5.235E-2));
#13285=DIRECTION('',(0.E0,0.E0,-1.E0));
#13286=DIRECTION('',(-1.E0,0.E0,0.E0));
#13287=AXIS2_PLACEMENT_3D('',#13284,#13285,#13286);
#13288=PLANE('',#13287);
#13289=ORIENTED_EDGE('',*,*,#11527,.F.);
#13291=ORIENTED_EDGE('',*,*,#13290,.F.);
#13293=ORIENTED_EDGE('',*,*,#13292,.T.);
#13294=ORIENTED_EDGE('',*,*,#13275,.T.);
#13295=EDGE_LOOP('',(#13289,#13291,#13293,#13294));
#13296=FACE_OUTER_BOUND('',#13295,.F.);
#13297=ADVANCED_FACE('',(#13296),#13288,.F.);
#13298=CARTESIAN_POINT('',(1.290000000001E-2,7.3E-2,-3.935E-2));
#13299=DIRECTION('',(1.E0,0.E0,0.E0));
#13300=DIRECTION('',(0.E0,0.E0,-1.E0));
#13301=AXIS2_PLACEMENT_3D('',#13298,#13299,#13300);
#13302=PLANE('',#13301);
#13303=ORIENTED_EDGE('',*,*,#11525,.F.);
#13305=ORIENTED_EDGE('',*,*,#13304,.F.);
#13307=ORIENTED_EDGE('',*,*,#13306,.T.);
#13308=ORIENTED_EDGE('',*,*,#13290,.T.);
#13309=EDGE_LOOP('',(#13303,#13305,#13307,#13308));
#13310=FACE_OUTER_BOUND('',#13309,.F.);
#13311=ADVANCED_FACE('',(#13310),#13302,.F.);
#13312=CARTESIAN_POINT('',(-9.999999999999E-5,7.3E-2,-2.635E-2));
#13313=DIRECTION('',(0.E0,0.E0,1.E0));
#13314=DIRECTION('',(1.E0,0.E0,0.E0));
#13315=AXIS2_PLACEMENT_3D('',#13312,#13313,#13314);
#13316=PLANE('',#13315);
#13317=ORIENTED_EDGE('',*,*,#11523,.F.);
#13318=ORIENTED_EDGE('',*,*,#13279,.F.);
#13320=ORIENTED_EDGE('',*,*,#13319,.T.);
#13321=ORIENTED_EDGE('',*,*,#13304,.T.);
#13322=EDGE_LOOP('',(#13317,#13318,#13320,#13321));
#13323=FACE_OUTER_BOUND('',#13322,.F.);
#13324=ADVANCED_FACE('',(#13323),#13316,.F.);
#13325=CARTESIAN_POINT('',(2.639999999999E-2,6.8E-2,-6.5E-2));
#13326=DIRECTION('',(0.E0,1.E0,0.E0));
#13327=DIRECTION('',(0.E0,0.E0,1.E0));
#13328=AXIS2_PLACEMENT_3D('',#13325,#13326,#13327);
#13329=PLANE('',#13328);
#13331=ORIENTED_EDGE('',*,*,#13330,.F.);
#13333=ORIENTED_EDGE('',*,*,#13332,.T.);
#13335=ORIENTED_EDGE('',*,*,#13334,.T.);
#13337=ORIENTED_EDGE('',*,*,#13336,.F.);
#13338=EDGE_LOOP('',(#13331,#13333,#13335,#13337));
#13339=FACE_OUTER_BOUND('',#13338,.F.);
#13340=ORIENTED_EDGE('',*,*,#13277,.F.);
#13341=ORIENTED_EDGE('',*,*,#13292,.F.);
#13342=ORIENTED_EDGE('',*,*,#13306,.F.);
#13343=ORIENTED_EDGE('',*,*,#13319,.F.);
#13344=EDGE_LOOP('',(#13340,#13341,#13342,#13343));
#13345=FACE_BOUND('',#13344,.F.);
#13346=ADVANCED_FACE('',(#13339,#13345),#13329,.F.);
#13347=CARTESIAN_POINT('',(2.64E-2,-8.1E-2,8.25E-2));
#13348=DIRECTION('',(1.E0,0.E0,0.E0));
#13349=DIRECTION('',(0.E0,1.E0,0.E0));
#13350=AXIS2_PLACEMENT_3D('',#13347,#13348,#13349);
#13351=PLANE('',#13350);
#13353=ORIENTED_EDGE('',*,*,#13352,.T.);
#13354=ORIENTED_EDGE('',*,*,#9413,.F.);
#13356=ORIENTED_EDGE('',*,*,#13355,.T.);
#13357=ORIENTED_EDGE('',*,*,#13330,.T.);
#13359=ORIENTED_EDGE('',*,*,#13358,.T.);
#13360=ORIENTED_EDGE('',*,*,#9242,.F.);
#13362=ORIENTED_EDGE('',*,*,#13361,.T.);
#13364=ORIENTED_EDGE('',*,*,#13363,.T.);
#13366=ORIENTED_EDGE('',*,*,#13365,.T.);
#13367=ORIENTED_EDGE('',*,*,#9533,.F.);
#13369=ORIENTED_EDGE('',*,*,#13368,.F.);
#13371=ORIENTED_EDGE('',*,*,#13370,.F.);
#13373=ORIENTED_EDGE('',*,*,#13372,.T.);
#13375=ORIENTED_EDGE('',*,*,#13374,.T.);
#13376=EDGE_LOOP('',(#13353,#13354,#13356,#13357,#13359,#13360,#13362,#13364,
#13366,#13367,#13369,#13371,#13373,#13375));
#13377=FACE_OUTER_BOUND('',#13376,.F.);
#13378=ADVANCED_FACE('',(#13377),#13351,.F.);
#13379=CARTESIAN_POINT('',(3.24E-2,-8.7E-2,-5.1E-2));
#13380=DIRECTION('',(0.E0,0.E0,1.E0));
#13381=DIRECTION('',(-1.E0,0.E0,0.E0));
#13382=AXIS2_PLACEMENT_3D('',#13379,#13380,#13381);
#13383=PLANE('',#13382);
#13385=ORIENTED_EDGE('',*,*,#13384,.F.);
#13387=ORIENTED_EDGE('',*,*,#13386,.T.);
#13388=ORIENTED_EDGE('',*,*,#9415,.T.);
#13389=ORIENTED_EDGE('',*,*,#13352,.F.);
#13390=EDGE_LOOP('',(#13385,#13387,#13388,#13389));
#13391=FACE_OUTER_BOUND('',#13390,.F.);
#13392=ADVANCED_FACE('',(#13391),#13383,.F.);
#13393=CARTESIAN_POINT('',(-3.26E-2,-8.7E-2,-4.5E-2));
#13394=DIRECTION('',(0.E0,6.E-1,8.E-1));
#13395=DIRECTION('',(0.E0,8.E-1,-6.E-1));
#13396=AXIS2_PLACEMENT_3D('',#13393,#13394,#13395);
#13397=PLANE('',#13396);
#13399=ORIENTED_EDGE('',*,*,#13398,.F.);
#13401=ORIENTED_EDGE('',*,*,#13400,.T.);
#13403=ORIENTED_EDGE('',*,*,#13402,.T.);
#13405=ORIENTED_EDGE('',*,*,#13404,.F.);
#13406=EDGE_LOOP('',(#13399,#13401,#13403,#13405));
#13407=FACE_OUTER_BOUND('',#13406,.F.);
#13408=ADVANCED_FACE('',(#13407),#13397,.F.);
#13409=CARTESIAN_POINT('',(-3.26E-2,-8.7E-2,-4.5E-2));
#13410=DIRECTION('',(0.E0,6.E-1,8.E-1));
#13411=DIRECTION('',(0.E0,8.E-1,-6.E-1));
#13412=AXIS2_PLACEMENT_3D('',#13409,#13410,#13411);
#13413=PLANE('',#13412);
#13415=ORIENTED_EDGE('',*,*,#13414,.F.);
#13417=ORIENTED_EDGE('',*,*,#13416,.T.);
#13418=ORIENTED_EDGE('',*,*,#13384,.T.);
#13419=ORIENTED_EDGE('',*,*,#13374,.F.);
#13420=EDGE_LOOP('',(#13415,#13417,#13418,#13419));
#13421=FACE_OUTER_BOUND('',#13420,.F.);
#13422=ADVANCED_FACE('',(#13421),#13413,.F.);
#13423=CARTESIAN_POINT('',(-2.66E-2,-8.1E-2,8.25E-2));
#13424=DIRECTION('',(-7.071067811865E-1,7.071067811865E-1,0.E0));
#13425=DIRECTION('',(-7.071067811865E-1,-7.071067811865E-1,0.E0));
#13426=AXIS2_PLACEMENT_3D('',#13423,#13424,#13425);
#13427=PLANE('',#13426);
#13428=ORIENTED_EDGE('',*,*,#13398,.T.);
#13429=ORIENTED_EDGE('',*,*,#9801,.T.);
#13431=ORIENTED_EDGE('',*,*,#13430,.F.);
#13433=ORIENTED_EDGE('',*,*,#13432,.F.);
#13434=EDGE_LOOP('',(#13428,#13429,#13431,#13433));
#13435=FACE_OUTER_BOUND('',#13434,.F.);
#13436=ADVANCED_FACE('',(#13435),#13427,.F.);
#13437=CARTESIAN_POINT('',(-3.26E-2,-7.9E-2,5.1E-2));
#13438=DIRECTION('',(0.E0,6.E-1,-8.E-1));
#13439=DIRECTION('',(0.E0,-8.E-1,-6.E-1));
#13440=AXIS2_PLACEMENT_3D('',#13437,#13438,#13439);
#13441=PLANE('',#13440);
#13442=ORIENTED_EDGE('',*,*,#13430,.T.);
#13444=ORIENTED_EDGE('',*,*,#13443,.F.);
#13446=ORIENTED_EDGE('',*,*,#13445,.T.);
#13448=ORIENTED_EDGE('',*,*,#13447,.F.);
#13449=EDGE_LOOP('',(#13442,#13444,#13446,#13448));
#13450=FACE_OUTER_BOUND('',#13449,.F.);
#13451=ADVANCED_FACE('',(#13450),#13441,.F.);
#13452=CARTESIAN_POINT('',(-3.26E-2,-7.9E-2,5.1E-2));
#13453=DIRECTION('',(0.E0,6.E-1,-8.E-1));
#13454=DIRECTION('',(0.E0,-8.E-1,-6.E-1));
#13455=AXIS2_PLACEMENT_3D('',#13452,#13453,#13454);
#13456=PLANE('',#13455);
#13458=ORIENTED_EDGE('',*,*,#13457,.F.);
#13459=ORIENTED_EDGE('',*,*,#13370,.T.);
#13461=ORIENTED_EDGE('',*,*,#13460,.T.);
#13463=ORIENTED_EDGE('',*,*,#13462,.T.);
#13464=EDGE_LOOP('',(#13458,#13459,#13461,#13463));
#13465=FACE_OUTER_BOUND('',#13464,.F.);
#13466=ADVANCED_FACE('',(#13465),#13456,.F.);
#13467=CARTESIAN_POINT('',(-3.26E-2,-8.7E-2,-5.1E-2));
#13468=DIRECTION('',(-1.E0,0.E0,0.E0));
#13469=DIRECTION('',(0.E0,0.E0,-1.E0));
#13470=AXIS2_PLACEMENT_3D('',#13467,#13468,#13469);
#13471=PLANE('',#13470);
#13472=ORIENTED_EDGE('',*,*,#9799,.T.);
#13473=ORIENTED_EDGE('',*,*,#9946,.F.);
#13474=ORIENTED_EDGE('',*,*,#9557,.T.);
#13476=ORIENTED_EDGE('',*,*,#13475,.F.);
#13477=ORIENTED_EDGE('',*,*,#13443,.T.);
#13478=EDGE_LOOP('',(#13472,#13473,#13474,#13476,#13477));
#13479=FACE_OUTER_BOUND('',#13478,.F.);
#13480=ADVANCED_FACE('',(#13479),#13471,.F.);
#13481=CARTESIAN_POINT('',(-3.26E-2,-8.7E-2,-5.1E-2));
#13482=DIRECTION('',(-1.E0,0.E0,0.E0));
#13483=DIRECTION('',(0.E0,0.E0,-1.E0));
#13484=AXIS2_PLACEMENT_3D('',#13481,#13482,#13483);
#13485=PLANE('',#13484);
#13486=ORIENTED_EDGE('',*,*,#9787,.T.);
#13487=ORIENTED_EDGE('',*,*,#13404,.T.);
#13489=ORIENTED_EDGE('',*,*,#13488,.T.);
#13490=ORIENTED_EDGE('',*,*,#9389,.T.);
#13491=ORIENTED_EDGE('',*,*,#10047,.F.);
#13492=EDGE_LOOP('',(#13486,#13487,#13489,#13490,#13491));
#13493=FACE_OUTER_BOUND('',#13492,.F.);
#13494=ADVANCED_FACE('',(#13493),#13485,.F.);
#13495=CARTESIAN_POINT('',(-3.26E-2,-8.7E-2,5.1E-2));
#13496=DIRECTION('',(0.E0,0.E0,-1.E0));
#13497=DIRECTION('',(1.E0,0.E0,0.E0));
#13498=AXIS2_PLACEMENT_3D('',#13495,#13496,#13497);
#13499=PLANE('',#13498);
#13500=ORIENTED_EDGE('',*,*,#13445,.F.);
#13501=ORIENTED_EDGE('',*,*,#13475,.T.);
#13502=ORIENTED_EDGE('',*,*,#9555,.T.);
#13504=ORIENTED_EDGE('',*,*,#13503,.T.);
#13505=EDGE_LOOP('',(#13500,#13501,#13502,#13504));
#13506=FACE_OUTER_BOUND('',#13505,.F.);
#13507=ADVANCED_FACE('',(#13506),#13499,.F.);
#13508=CARTESIAN_POINT('',(-2.66E-2,-7.2E-2,8.25E-2));
#13509=DIRECTION('',(-1.E0,0.E0,0.E0));
#13510=DIRECTION('',(0.E0,-1.E0,0.E0));
#13511=AXIS2_PLACEMENT_3D('',#13508,#13509,#13510);
#13512=PLANE('',#13511);
#13514=ORIENTED_EDGE('',*,*,#13513,.T.);
#13515=ORIENTED_EDGE('',*,*,#13400,.F.);
#13516=ORIENTED_EDGE('',*,*,#13432,.T.);
#13517=ORIENTED_EDGE('',*,*,#13447,.T.);
#13518=ORIENTED_EDGE('',*,*,#13503,.F.);
#13519=ORIENTED_EDGE('',*,*,#9553,.T.);
#13521=ORIENTED_EDGE('',*,*,#13520,.F.);
#13523=ORIENTED_EDGE('',*,*,#13522,.F.);
#13525=ORIENTED_EDGE('',*,*,#13524,.F.);
#13526=ORIENTED_EDGE('',*,*,#9238,.T.);
#13528=ORIENTED_EDGE('',*,*,#13527,.F.);
#13529=ORIENTED_EDGE('',*,*,#13334,.F.);
#13531=ORIENTED_EDGE('',*,*,#13530,.F.);
#13532=ORIENTED_EDGE('',*,*,#9393,.T.);
#13533=EDGE_LOOP('',(#13514,#13515,#13516,#13517,#13518,#13519,#13521,#13523,
#13525,#13526,#13528,#13529,#13531,#13532));
#13534=FACE_OUTER_BOUND('',#13533,.F.);
#13535=ADVANCED_FACE('',(#13534),#13512,.F.);
#13536=CARTESIAN_POINT('',(-2.66E-2,-8.7E-2,-5.1E-2));
#13537=DIRECTION('',(0.E0,0.E0,1.E0));
#13538=DIRECTION('',(-1.E0,0.E0,0.E0));
#13539=AXIS2_PLACEMENT_3D('',#13536,#13537,#13538);
#13540=PLANE('',#13539);
#13541=ORIENTED_EDGE('',*,*,#13402,.F.);
#13542=ORIENTED_EDGE('',*,*,#13513,.F.);
#13543=ORIENTED_EDGE('',*,*,#9391,.T.);
#13544=ORIENTED_EDGE('',*,*,#13488,.F.);
#13545=EDGE_LOOP('',(#13541,#13542,#13543,#13544));
#13546=FACE_OUTER_BOUND('',#13545,.F.);
#13547=ADVANCED_FACE('',(#13546),#13540,.F.);
#13548=CARTESIAN_POINT('',(2.639999999999E-2,6.8E-2,6.5E-2));
#13549=DIRECTION('',(0.E0,0.E0,1.E0));
#13550=DIRECTION('',(0.E0,-1.E0,0.E0));
#13551=AXIS2_PLACEMENT_3D('',#13548,#13549,#13550);
#13552=PLANE('',#13551);
#13553=ORIENTED_EDGE('',*,*,#13365,.F.);
#13555=ORIENTED_EDGE('',*,*,#13554,.T.);
#13556=ORIENTED_EDGE('',*,*,#13520,.T.);
#13557=ORIENTED_EDGE('',*,*,#9551,.T.);
#13559=ORIENTED_EDGE('',*,*,#13558,.T.);
#13561=ORIENTED_EDGE('',*,*,#13560,.F.);
#13563=ORIENTED_EDGE('',*,*,#13562,.F.);
#13564=ORIENTED_EDGE('',*,*,#9535,.T.);
#13565=EDGE_LOOP('',(#13553,#13555,#13556,#13557,#13559,#13561,#13563,#13564));
#13566=FACE_OUTER_BOUND('',#13565,.F.);
#13567=ADVANCED_FACE('',(#13566),#13552,.F.);
#13568=CARTESIAN_POINT('',(2.639999999999E-2,6.8E-2,1.8E-2));
#13569=DIRECTION('',(0.E0,1.E0,0.E0));
#13570=DIRECTION('',(0.E0,0.E0,1.E0));
#13571=AXIS2_PLACEMENT_3D('',#13568,#13569,#13570);
#13572=PLANE('',#13571);
#13573=ORIENTED_EDGE('',*,*,#13363,.F.);
#13575=ORIENTED_EDGE('',*,*,#13574,.T.);
#13576=ORIENTED_EDGE('',*,*,#13522,.T.);
#13577=ORIENTED_EDGE('',*,*,#13554,.F.);
#13578=EDGE_LOOP('',(#13573,#13575,#13576,#13577));
#13579=FACE_OUTER_BOUND('',#13578,.F.);
#13581=ORIENTED_EDGE('',*,*,#13580,.F.);
#13583=ORIENTED_EDGE('',*,*,#13582,.F.);
#13585=ORIENTED_EDGE('',*,*,#13584,.F.);
#13587=ORIENTED_EDGE('',*,*,#13586,.F.);
#13588=EDGE_LOOP('',(#13581,#13583,#13585,#13587));
#13589=FACE_BOUND('',#13588,.F.);
#13590=ADVANCED_FACE('',(#13579,#13589),#13572,.F.);
#13591=CARTESIAN_POINT('',(2.639999999999E-2,-8.7E-2,1.8E-2));
#13592=DIRECTION('',(0.E0,0.E0,-1.E0));
#13593=DIRECTION('',(0.E0,1.E0,0.E0));
#13594=AXIS2_PLACEMENT_3D('',#13591,#13592,#13593);
#13595=PLANE('',#13594);
#13596=ORIENTED_EDGE('',*,*,#9240,.F.);
#13597=ORIENTED_EDGE('',*,*,#13524,.T.);
#13598=ORIENTED_EDGE('',*,*,#13574,.F.);
#13599=ORIENTED_EDGE('',*,*,#13361,.F.);
#13600=EDGE_LOOP('',(#13596,#13597,#13598,#13599));
#13601=FACE_OUTER_BOUND('',#13600,.F.);
#13602=ADVANCED_FACE('',(#13601),#13595,.F.);
#13603=CARTESIAN_POINT('',(-1.31E-2,7.3E-2,3.935E-2));
#13604=DIRECTION('',(-1.E0,0.E0,0.E0));
#13605=DIRECTION('',(0.E0,0.E0,1.E0));
#13606=AXIS2_PLACEMENT_3D('',#13603,#13604,#13605);
#13607=PLANE('',#13606);
#13608=ORIENTED_EDGE('',*,*,#11537,.F.);
#13610=ORIENTED_EDGE('',*,*,#13609,.F.);
#13611=ORIENTED_EDGE('',*,*,#13580,.T.);
#13613=ORIENTED_EDGE('',*,*,#13612,.T.);
#13614=EDGE_LOOP('',(#13608,#13610,#13611,#13613));
#13615=FACE_OUTER_BOUND('',#13614,.F.);
#13616=ADVANCED_FACE('',(#13615),#13607,.F.);
#13617=CARTESIAN_POINT('',(-9.999999999996E-5,7.3E-2,2.635E-2));
#13618=DIRECTION('',(0.E0,0.E0,-1.E0));
#13619=DIRECTION('',(-1.E0,0.E0,0.E0));
#13620=AXIS2_PLACEMENT_3D('',#13617,#13618,#13619);
#13621=PLANE('',#13620);
#13622=ORIENTED_EDGE('',*,*,#11543,.F.);
#13624=ORIENTED_EDGE('',*,*,#13623,.F.);
#13625=ORIENTED_EDGE('',*,*,#13582,.T.);
#13626=ORIENTED_EDGE('',*,*,#13609,.T.);
#13627=EDGE_LOOP('',(#13622,#13624,#13625,#13626));
#13628=FACE_OUTER_BOUND('',#13627,.F.);
#13629=ADVANCED_FACE('',(#13628),#13621,.F.);
#13630=CARTESIAN_POINT('',(1.29E-2,7.3E-2,3.935E-2));
#13631=DIRECTION('',(1.E0,0.E0,0.E0));
#13632=DIRECTION('',(0.E0,0.E0,-1.E0));
#13633=AXIS2_PLACEMENT_3D('',#13630,#13631,#13632);
#13634=PLANE('',#13633);
#13635=ORIENTED_EDGE('',*,*,#11541,.F.);
#13637=ORIENTED_EDGE('',*,*,#13636,.F.);
#13638=ORIENTED_EDGE('',*,*,#13584,.T.);
#13639=ORIENTED_EDGE('',*,*,#13623,.T.);
#13640=EDGE_LOOP('',(#13635,#13637,#13638,#13639));
#13641=FACE_OUTER_BOUND('',#13640,.F.);
#13642=ADVANCED_FACE('',(#13641),#13634,.F.);
#13643=CARTESIAN_POINT('',(-9.999999999996E-5,7.3E-2,5.235E-2));
#13644=DIRECTION('',(0.E0,0.E0,1.E0));
#13645=DIRECTION('',(1.E0,0.E0,0.E0));
#13646=AXIS2_PLACEMENT_3D('',#13643,#13644,#13645);
#13647=PLANE('',#13646);
#13648=ORIENTED_EDGE('',*,*,#11539,.F.);
#13649=ORIENTED_EDGE('',*,*,#13612,.F.);
#13650=ORIENTED_EDGE('',*,*,#13586,.T.);
#13651=ORIENTED_EDGE('',*,*,#13636,.T.);
#13652=EDGE_LOOP('',(#13648,#13649,#13650,#13651));
#13653=FACE_OUTER_BOUND('',#13652,.F.);
#13654=ADVANCED_FACE('',(#13653),#13647,.F.);
#13655=CARTESIAN_POINT('',(-2.210000000001E-2,7.3E-2,-3.935E-2));
#13656=DIRECTION('',(-1.E0,0.E0,0.E0));
#13657=DIRECTION('',(0.E0,0.E0,1.E0));
#13658=AXIS2_PLACEMENT_3D('',#13655,#13656,#13657);
#13659=PLANE('',#13658);
#13661=ORIENTED_EDGE('',*,*,#13660,.F.);
#13663=ORIENTED_EDGE('',*,*,#13662,.F.);
#13665=ORIENTED_EDGE('',*,*,#13664,.F.);
#13666=ORIENTED_EDGE('',*,*,#13558,.F.);
#13667=ORIENTED_EDGE('',*,*,#9549,.F.);
#13669=ORIENTED_EDGE('',*,*,#13668,.F.);
#13671=ORIENTED_EDGE('',*,*,#13670,.T.);
#13673=ORIENTED_EDGE('',*,*,#13672,.T.);
#13675=ORIENTED_EDGE('',*,*,#13674,.F.);
#13676=EDGE_LOOP('',(#13661,#13663,#13665,#13666,#13667,#13669,#13671,#13673,
#13675));
#13677=FACE_OUTER_BOUND('',#13676,.F.);
#13678=ADVANCED_FACE('',(#13677),#13659,.T.);
#13679=CARTESIAN_POINT('',(-2.210000000001E-2,7.3E-2,-3.935E-2));
#13680=DIRECTION('',(-1.E0,0.E0,0.E0));
#13681=DIRECTION('',(0.E0,0.E0,1.E0));
#13682=AXIS2_PLACEMENT_3D('',#13679,#13680,#13681);
#13683=PLANE('',#13682);
#13685=ORIENTED_EDGE('',*,*,#13684,.F.);
#13687=ORIENTED_EDGE('',*,*,#13686,.T.);
#13689=ORIENTED_EDGE('',*,*,#13688,.F.);
#13690=ORIENTED_EDGE('',*,*,#9397,.F.);
#13692=ORIENTED_EDGE('',*,*,#13691,.T.);
#13694=ORIENTED_EDGE('',*,*,#13693,.F.);
#13696=ORIENTED_EDGE('',*,*,#13695,.F.);
#13698=ORIENTED_EDGE('',*,*,#13697,.F.);
#13700=ORIENTED_EDGE('',*,*,#13699,.T.);
#13701=EDGE_LOOP('',(#13685,#13687,#13689,#13690,#13692,#13694,#13696,#13698,
#13700));
#13702=FACE_OUTER_BOUND('',#13701,.F.);
#13703=ADVANCED_FACE('',(#13702),#13683,.T.);
#13704=CARTESIAN_POINT('',(2.189999999999E-2,-1.4E-2,-3.935E-2));
#13705=DIRECTION('',(0.E0,-1.E0,0.E0));
#13706=DIRECTION('',(-1.E0,0.E0,0.E0));
#13707=AXIS2_PLACEMENT_3D('',#13704,#13705,#13706);
#13708=PLANE('',#13707);
#13710=ORIENTED_EDGE('',*,*,#13709,.F.);
#13712=ORIENTED_EDGE('',*,*,#13711,.T.);
#13714=ORIENTED_EDGE('',*,*,#13713,.T.);
#13716=ORIENTED_EDGE('',*,*,#13715,.T.);
#13717=EDGE_LOOP('',(#13710,#13712,#13714,#13716));
#13718=FACE_OUTER_BOUND('',#13717,.F.);
#13719=ADVANCED_FACE('',(#13718),#13708,.F.);
#13720=CARTESIAN_POINT('',(2.189999999999E-2,-1.4E-2,-3.935E-2));
#13721=DIRECTION('',(0.E0,-1.E0,0.E0));
#13722=DIRECTION('',(-1.E0,0.E0,0.E0));
#13723=AXIS2_PLACEMENT_3D('',#13720,#13721,#13722);
#13724=PLANE('',#13723);
#13726=ORIENTED_EDGE('',*,*,#13725,.F.);
#13728=ORIENTED_EDGE('',*,*,#13727,.T.);
#13730=ORIENTED_EDGE('',*,*,#13729,.T.);
#13731=ORIENTED_EDGE('',*,*,#13660,.T.);
#13732=EDGE_LOOP('',(#13726,#13728,#13730,#13731));
#13733=FACE_OUTER_BOUND('',#13732,.F.);
#13734=ADVANCED_FACE('',(#13733),#13724,.F.);
#13735=CARTESIAN_POINT('',(2.189999999999E-2,-1.4E-2,-3.935E-2));
#13736=DIRECTION('',(0.E0,-1.E0,0.E0));
#13737=DIRECTION('',(-1.E0,0.E0,0.E0));
#13738=AXIS2_PLACEMENT_3D('',#13735,#13736,#13737);
#13739=PLANE('',#13738);
#13741=ORIENTED_EDGE('',*,*,#13740,.T.);
#13743=ORIENTED_EDGE('',*,*,#13742,.T.);
#13745=ORIENTED_EDGE('',*,*,#13744,.F.);
#13747=ORIENTED_EDGE('',*,*,#13746,.T.);
#13748=EDGE_LOOP('',(#13741,#13743,#13745,#13747));
#13749=FACE_OUTER_BOUND('',#13748,.F.);
#13750=ADVANCED_FACE('',(#13749),#13739,.F.);
#13751=CARTESIAN_POINT('',(2.189999999999E-2,-1.4E-2,-3.935E-2));
#13752=DIRECTION('',(0.E0,-1.E0,0.E0));
#13753=DIRECTION('',(-1.E0,0.E0,0.E0));
#13754=AXIS2_PLACEMENT_3D('',#13751,#13752,#13753);
#13755=PLANE('',#13754);
#13757=ORIENTED_EDGE('',*,*,#13756,.T.);
#13758=ORIENTED_EDGE('',*,*,#13697,.T.);
#13760=ORIENTED_EDGE('',*,*,#13759,.F.);
#13762=ORIENTED_EDGE('',*,*,#13761,.T.);
#13763=EDGE_LOOP('',(#13757,#13758,#13760,#13762));
#13764=FACE_OUTER_BOUND('',#13763,.F.);
#13765=ADVANCED_FACE('',(#13764),#13755,.F.);
#13766=CARTESIAN_POINT('',(2.189999999999E-2,-3.9E-2,5.1E-2));
#13767=DIRECTION('',(0.E0,0.E0,-1.E0));
#13768=DIRECTION('',(-1.E0,0.E0,0.E0));
#13769=AXIS2_PLACEMENT_3D('',#13766,#13767,#13768);
#13770=PLANE('',#13769);
#13771=ORIENTED_EDGE('',*,*,#13709,.T.);
#13773=ORIENTED_EDGE('',*,*,#13772,.T.);
#13775=ORIENTED_EDGE('',*,*,#13774,.T.);
#13777=ORIENTED_EDGE('',*,*,#13776,.T.);
#13779=ORIENTED_EDGE('',*,*,#13778,.T.);
#13781=ORIENTED_EDGE('',*,*,#13780,.T.);
#13783=ORIENTED_EDGE('',*,*,#13782,.T.);
#13785=ORIENTED_EDGE('',*,*,#13784,.T.);
#13787=ORIENTED_EDGE('',*,*,#13786,.T.);
#13788=EDGE_LOOP('',(#13771,#13773,#13775,#13777,#13779,#13781,#13783,#13785,
#13787));
#13789=FACE_OUTER_BOUND('',#13788,.F.);
#13790=ADVANCED_FACE('',(#13789),#13770,.F.);
#13791=CARTESIAN_POINT('',(2.189999999999E-2,-3.9E-2,5.1E-2));
#13792=DIRECTION('',(0.E0,0.E0,-1.E0));
#13793=DIRECTION('',(-1.E0,0.E0,0.E0));
#13794=AXIS2_PLACEMENT_3D('',#13791,#13792,#13793);
#13795=PLANE('',#13794);
#13796=ORIENTED_EDGE('',*,*,#13725,.T.);
#13798=ORIENTED_EDGE('',*,*,#13797,.T.);
#13800=ORIENTED_EDGE('',*,*,#13799,.T.);
#13802=ORIENTED_EDGE('',*,*,#13801,.T.);
#13804=ORIENTED_EDGE('',*,*,#13803,.T.);
#13806=ORIENTED_EDGE('',*,*,#13805,.T.);
#13808=ORIENTED_EDGE('',*,*,#13807,.T.);
#13810=ORIENTED_EDGE('',*,*,#13809,.T.);
#13812=ORIENTED_EDGE('',*,*,#13811,.T.);
#13813=EDGE_LOOP('',(#13796,#13798,#13800,#13802,#13804,#13806,#13808,#13810,
#13812));
#13814=FACE_OUTER_BOUND('',#13813,.F.);
#13815=ADVANCED_FACE('',(#13814),#13795,.F.);
#13816=CARTESIAN_POINT('',(1.589999999999E-2,-1.4E-2,2.1E-2));
#13817=DIRECTION('',(-9.707950972229E-1,-2.399101481970E-1,0.E0));
#13818=DIRECTION('',(-2.399101481970E-1,9.707950972229E-1,0.E0));
#13819=AXIS2_PLACEMENT_3D('',#13816,#13817,#13818);
#13820=PLANE('',#13819);
#13822=ORIENTED_EDGE('',*,*,#13821,.T.);
#13824=ORIENTED_EDGE('',*,*,#13823,.T.);
#13826=ORIENTED_EDGE('',*,*,#13825,.T.);
#13827=ORIENTED_EDGE('',*,*,#13772,.F.);
#13828=EDGE_LOOP('',(#13822,#13824,#13826,#13827));
#13829=FACE_OUTER_BOUND('',#13828,.F.);
#13830=ADVANCED_FACE('',(#13829),#13820,.T.);
#13831=CARTESIAN_POINT('',(1.589999999999E-2,-3.9E-2,5.9E-2));
#13832=DIRECTION('',(-1.E0,0.E0,0.E0));
#13833=DIRECTION('',(0.E0,0.E0,-1.E0));
#13834=AXIS2_PLACEMENT_3D('',#13831,#13832,#13833);
#13835=PLANE('',#13834);
#13836=ORIENTED_EDGE('',*,*,#13821,.F.);
#13837=ORIENTED_EDGE('',*,*,#13715,.F.);
#13839=ORIENTED_EDGE('',*,*,#13838,.T.);
#13841=ORIENTED_EDGE('',*,*,#13840,.T.);
#13843=ORIENTED_EDGE('',*,*,#13842,.T.);
#13844=EDGE_LOOP('',(#13836,#13837,#13839,#13841,#13843));
#13845=FACE_OUTER_BOUND('',#13844,.F.);
#13846=ADVANCED_FACE('',(#13845),#13835,.T.);
#13847=CARTESIAN_POINT('',(8.9E-3,-7.1E-2,5.9E-2));
#13848=DIRECTION('',(0.E0,0.E0,-1.E0));
#13849=DIRECTION('',(0.E0,-1.E0,0.E0));
#13850=AXIS2_PLACEMENT_3D('',#13847,#13848,#13849);
#13851=PLANE('',#13850);
#13853=ORIENTED_EDGE('',*,*,#13852,.F.);
#13854=ORIENTED_EDGE('',*,*,#9539,.F.);
#13856=ORIENTED_EDGE('',*,*,#13855,.F.);
#13858=ORIENTED_EDGE('',*,*,#13857,.T.);
#13859=ORIENTED_EDGE('',*,*,#13838,.F.);
#13860=ORIENTED_EDGE('',*,*,#13713,.F.);
#13862=ORIENTED_EDGE('',*,*,#13861,.F.);
#13864=ORIENTED_EDGE('',*,*,#13863,.T.);
#13865=ORIENTED_EDGE('',*,*,#13662,.T.);
#13866=ORIENTED_EDGE('',*,*,#13729,.F.);
#13868=ORIENTED_EDGE('',*,*,#13867,.T.);
#13870=ORIENTED_EDGE('',*,*,#13869,.T.);
#13871=ORIENTED_EDGE('',*,*,#13668,.T.);
#13872=ORIENTED_EDGE('',*,*,#9547,.F.);
#13874=ORIENTED_EDGE('',*,*,#13873,.T.);
#13876=ORIENTED_EDGE('',*,*,#13875,.F.);
#13877=EDGE_LOOP('',(#13853,#13854,#13856,#13858,#13859,#13860,#13862,#13864,
#13865,#13866,#13868,#13870,#13871,#13872,#13874,#13876));
#13878=FACE_OUTER_BOUND('',#13877,.F.);
#13879=ADVANCED_FACE('',(#13878),#13851,.T.);
#13880=CARTESIAN_POINT('',(8.9E-3,0.E0,0.E0));
#13881=DIRECTION('',(-1.E0,0.E0,0.E0));
#13882=DIRECTION('',(0.E0,0.E0,1.E0));
#13883=AXIS2_PLACEMENT_3D('',#13880,#13881,#13882);
#13884=PLANE('',#13883);
#13885=ORIENTED_EDGE('',*,*,#9541,.T.);
#13886=ORIENTED_EDGE('',*,*,#13852,.T.);
#13888=ORIENTED_EDGE('',*,*,#13887,.T.);
#13890=ORIENTED_EDGE('',*,*,#13889,.T.);
#13892=ORIENTED_EDGE('',*,*,#13891,.T.);
#13894=ORIENTED_EDGE('',*,*,#13893,.T.);
#13896=ORIENTED_EDGE('',*,*,#13895,.T.);
#13898=ORIENTED_EDGE('',*,*,#13897,.T.);
#13899=EDGE_LOOP('',(#13885,#13886,#13888,#13890,#13892,#13894,#13896,#13898));
#13900=FACE_OUTER_BOUND('',#13899,.F.);
#13901=ADVANCED_FACE('',(#13900),#13884,.F.);
#13902=CARTESIAN_POINT('',(8.9E-3,-8.3E-2,7.1E-2));
#13903=DIRECTION('',(-1.E0,0.E0,0.E0));
#13904=DIRECTION('',(0.E0,0.E0,1.E0));
#13905=AXIS2_PLACEMENT_3D('',#13902,#13903,#13904);
#13906=CYLINDRICAL_SURFACE('',#13905,1.2E-2);
#13907=ORIENTED_EDGE('',*,*,#13887,.F.);
#13908=ORIENTED_EDGE('',*,*,#13875,.T.);
#13910=ORIENTED_EDGE('',*,*,#13909,.T.);
#13912=ORIENTED_EDGE('',*,*,#13911,.F.);
#13913=EDGE_LOOP('',(#13907,#13908,#13910,#13912));
#13914=FACE_OUTER_BOUND('',#13913,.F.);
#13915=ADVANCED_FACE('',(#13914),#13906,.T.);
#13916=CARTESIAN_POINT('',(-9.1E-3,0.E0,0.E0));
#13917=DIRECTION('',(-1.E0,0.E0,0.E0));
#13918=DIRECTION('',(0.E0,0.E0,1.E0));
#13919=AXIS2_PLACEMENT_3D('',#13916,#13917,#13918);
#13920=PLANE('',#13919);
#13921=ORIENTED_EDGE('',*,*,#9545,.F.);
#13923=ORIENTED_EDGE('',*,*,#13922,.F.);
#13925=ORIENTED_EDGE('',*,*,#13924,.F.);
#13927=ORIENTED_EDGE('',*,*,#13926,.F.);
#13929=ORIENTED_EDGE('',*,*,#13928,.F.);
#13931=ORIENTED_EDGE('',*,*,#13930,.F.);
#13932=ORIENTED_EDGE('',*,*,#13909,.F.);
#13933=ORIENTED_EDGE('',*,*,#13873,.F.);
#13934=EDGE_LOOP('',(#13921,#13923,#13925,#13927,#13929,#13931,#13932,#13933));
#13935=FACE_OUTER_BOUND('',#13934,.F.);
#13936=ADVANCED_FACE('',(#13935),#13920,.T.);
#13937=CARTESIAN_POINT('',(8.9E-3,-8.3E-2,6.5E-2));
#13938=DIRECTION('',(0.E0,0.E0,1.E0));
#13939=DIRECTION('',(0.E0,1.E0,0.E0));
#13940=AXIS2_PLACEMENT_3D('',#13937,#13938,#13939);
#13941=PLANE('',#13940);
#13942=ORIENTED_EDGE('',*,*,#9543,.F.);
#13943=ORIENTED_EDGE('',*,*,#13897,.F.);
#13945=ORIENTED_EDGE('',*,*,#13944,.T.);
#13946=ORIENTED_EDGE('',*,*,#13922,.T.);
#13947=EDGE_LOOP('',(#13942,#13943,#13945,#13946));
#13948=FACE_OUTER_BOUND('',#13947,.F.);
#13949=ADVANCED_FACE('',(#13948),#13941,.T.);
#13950=CARTESIAN_POINT('',(8.9E-3,-8.3E-2,7.1E-2));
#13951=DIRECTION('',(-1.E0,0.E0,0.E0));
#13952=DIRECTION('',(0.E0,0.E0,1.E0));
#13953=AXIS2_PLACEMENT_3D('',#13950,#13951,#13952);
#13954=CYLINDRICAL_SURFACE('',#13953,6.E-3);
#13955=ORIENTED_EDGE('',*,*,#13895,.F.);
#13957=ORIENTED_EDGE('',*,*,#13956,.T.);
#13958=ORIENTED_EDGE('',*,*,#13924,.T.);
#13959=ORIENTED_EDGE('',*,*,#13944,.F.);
#13960=EDGE_LOOP('',(#13955,#13957,#13958,#13959));
#13961=FACE_OUTER_BOUND('',#13960,.F.);
#13962=ADVANCED_FACE('',(#13961),#13954,.F.);
#13963=CARTESIAN_POINT('',(8.9E-3,-8.9E-2,1.05E-1));
#13964=DIRECTION('',(0.E0,1.E0,0.E0));
#13965=DIRECTION('',(0.E0,0.E0,-1.E0));
#13966=AXIS2_PLACEMENT_3D('',#13963,#13964,#13965);
#13967=PLANE('',#13966);
#13968=ORIENTED_EDGE('',*,*,#13893,.F.);
#13970=ORIENTED_EDGE('',*,*,#13969,.T.);
#13971=ORIENTED_EDGE('',*,*,#13926,.T.);
#13972=ORIENTED_EDGE('',*,*,#13956,.F.);
#13973=EDGE_LOOP('',(#13968,#13970,#13971,#13972));
#13974=FACE_OUTER_BOUND('',#13973,.F.);
#13975=ADVANCED_FACE('',(#13974),#13967,.T.);
#13976=CARTESIAN_POINT('',(8.9E-3,-9.5E-2,1.05E-1));
#13977=DIRECTION('',(0.E0,0.E0,1.E0));
#13978=DIRECTION('',(0.E0,1.E0,0.E0));
#13979=AXIS2_PLACEMENT_3D('',#13976,#13977,#13978);
#13980=PLANE('',#13979);
#13981=ORIENTED_EDGE('',*,*,#13891,.F.);
#13983=ORIENTED_EDGE('',*,*,#13982,.T.);
#13984=ORIENTED_EDGE('',*,*,#13928,.T.);
#13985=ORIENTED_EDGE('',*,*,#13969,.F.);
#13986=EDGE_LOOP('',(#13981,#13983,#13984,#13985));
#13987=FACE_OUTER_BOUND('',#13986,.F.);
#13988=ADVANCED_FACE('',(#13987),#13980,.T.);
#13989=CARTESIAN_POINT('',(8.9E-3,-9.5E-2,7.1E-2));
#13990=DIRECTION('',(0.E0,-1.E0,0.E0));
#13991=DIRECTION('',(0.E0,0.E0,1.E0));
#13992=AXIS2_PLACEMENT_3D('',#13989,#13990,#13991);
#13993=PLANE('',#13992);
#13994=ORIENTED_EDGE('',*,*,#13889,.F.);
#13995=ORIENTED_EDGE('',*,*,#13911,.T.);
#13996=ORIENTED_EDGE('',*,*,#13930,.T.);
#13997=ORIENTED_EDGE('',*,*,#13982,.F.);
#13998=EDGE_LOOP('',(#13994,#13995,#13996,#13997));
#13999=FACE_OUTER_BOUND('',#13998,.F.);
#14000=ADVANCED_FACE('',(#13999),#13993,.T.);
#14001=CARTESIAN_POINT('',(2.189999999999E-2,7.3E-2,-3.935E-2));
#14002=DIRECTION('',(-1.E0,0.E0,0.E0));
#14003=DIRECTION('',(0.E0,0.E0,1.E0));
#14004=AXIS2_PLACEMENT_3D('',#14001,#14002,#14003);
#14005=PLANE('',#14004);
#14007=ORIENTED_EDGE('',*,*,#14006,.F.);
#14009=ORIENTED_EDGE('',*,*,#14008,.T.);
#14010=ORIENTED_EDGE('',*,*,#13855,.T.);
#14011=ORIENTED_EDGE('',*,*,#9537,.T.);
#14012=ORIENTED_EDGE('',*,*,#13562,.T.);
#14014=ORIENTED_EDGE('',*,*,#14013,.T.);
#14015=ORIENTED_EDGE('',*,*,#13861,.T.);
#14016=ORIENTED_EDGE('',*,*,#13711,.F.);
#14018=ORIENTED_EDGE('',*,*,#14017,.T.);
#14019=EDGE_LOOP('',(#14007,#14009,#14010,#14011,#14012,#14014,#14015,#14016,
#14018));
#14020=FACE_OUTER_BOUND('',#14019,.F.);
#14021=ADVANCED_FACE('',(#14020),#14005,.F.);
#14022=CARTESIAN_POINT('',(2.189999999999E-2,7.3E-2,-3.935E-2));
#14023=DIRECTION('',(-1.E0,0.E0,0.E0));
#14024=DIRECTION('',(0.E0,0.E0,1.E0));
#14025=AXIS2_PLACEMENT_3D('',#14022,#14023,#14024);
#14026=PLANE('',#14025);
#14027=ORIENTED_EDGE('',*,*,#13746,.F.);
#14029=ORIENTED_EDGE('',*,*,#14028,.T.);
#14031=ORIENTED_EDGE('',*,*,#14030,.T.);
#14033=ORIENTED_EDGE('',*,*,#14032,.F.);
#14034=ORIENTED_EDGE('',*,*,#9409,.T.);
#14036=ORIENTED_EDGE('',*,*,#14035,.T.);
#14038=ORIENTED_EDGE('',*,*,#14037,.T.);
#14040=ORIENTED_EDGE('',*,*,#14039,.T.);
#14042=ORIENTED_EDGE('',*,*,#14041,.F.);
#14043=EDGE_LOOP('',(#14027,#14029,#14031,#14033,#14034,#14036,#14038,#14040,
#14042));
#14044=FACE_OUTER_BOUND('',#14043,.F.);
#14045=ADVANCED_FACE('',(#14044),#14026,.F.);
#14046=CARTESIAN_POINT('',(1.589999999999E-2,-3.9E-2,2.1E-2));
#14047=DIRECTION('',(0.E0,0.E0,-1.E0));
#14048=DIRECTION('',(1.E0,0.E0,0.E0));
#14049=AXIS2_PLACEMENT_3D('',#14046,#14047,#14048);
#14050=PLANE('',#14049);
#14052=ORIENTED_EDGE('',*,*,#14051,.F.);
#14053=ORIENTED_EDGE('',*,*,#13672,.F.);
#14055=ORIENTED_EDGE('',*,*,#14054,.T.);
#14057=ORIENTED_EDGE('',*,*,#14056,.T.);
#14059=ORIENTED_EDGE('',*,*,#14058,.F.);
#14061=ORIENTED_EDGE('',*,*,#14060,.F.);
#14063=ORIENTED_EDGE('',*,*,#14062,.F.);
#14065=ORIENTED_EDGE('',*,*,#14064,.F.);
#14067=ORIENTED_EDGE('',*,*,#14066,.F.);
#14069=ORIENTED_EDGE('',*,*,#14068,.F.);
#14071=ORIENTED_EDGE('',*,*,#14070,.F.);
#14072=EDGE_LOOP('',(#14052,#14053,#14055,#14057,#14059,#14061,#14063,#14065,
#14067,#14069,#14071));
#14073=FACE_OUTER_BOUND('',#14072,.F.);
#14074=ADVANCED_FACE('',(#14073),#14050,.T.);
#14075=CARTESIAN_POINT('',(1.589999999999E-2,-3.9E-2,2.1E-2));
#14076=DIRECTION('',(0.E0,0.E0,-1.E0));
#14077=DIRECTION('',(1.E0,0.E0,0.E0));
#14078=AXIS2_PLACEMENT_3D('',#14075,#14076,#14077);
#14079=PLANE('',#14078);
#14080=ORIENTED_EDGE('',*,*,#14006,.T.);
#14082=ORIENTED_EDGE('',*,*,#14081,.F.);
#14084=ORIENTED_EDGE('',*,*,#14083,.F.);
#14086=ORIENTED_EDGE('',*,*,#14085,.F.);
#14088=ORIENTED_EDGE('',*,*,#14087,.F.);
#14090=ORIENTED_EDGE('',*,*,#14089,.F.);
#14092=ORIENTED_EDGE('',*,*,#14091,.F.);
#14094=ORIENTED_EDGE('',*,*,#14093,.F.);
#14095=ORIENTED_EDGE('',*,*,#13823,.F.);
#14096=ORIENTED_EDGE('',*,*,#13842,.F.);
#14098=ORIENTED_EDGE('',*,*,#14097,.T.);
#14099=EDGE_LOOP('',(#14080,#14082,#14084,#14086,#14088,#14090,#14092,#14094,
#14095,#14096,#14098));
#14100=FACE_OUTER_BOUND('',#14099,.F.);
#14101=ADVANCED_FACE('',(#14100),#14079,.T.);
#14102=CARTESIAN_POINT('',(-2.210000000001E-2,-1.4E-2,2.1E-2));
#14103=DIRECTION('',(-9.707950972229E-1,2.399101481970E-1,0.E0));
#14104=DIRECTION('',(2.399101481970E-1,9.707950972229E-1,0.E0));
#14105=AXIS2_PLACEMENT_3D('',#14102,#14103,#14104);
#14106=PLANE('',#14105);
#14107=ORIENTED_EDGE('',*,*,#13674,.T.);
#14108=ORIENTED_EDGE('',*,*,#14051,.T.);
#14110=ORIENTED_EDGE('',*,*,#14109,.T.);
#14111=ORIENTED_EDGE('',*,*,#13797,.F.);
#14112=EDGE_LOOP('',(#14107,#14108,#14110,#14111));
#14113=FACE_OUTER_BOUND('',#14112,.F.);
#14114=ADVANCED_FACE('',(#14113),#14106,.T.);
#14115=CARTESIAN_POINT('',(-2.692477058335E-2,2.9E-2,2.1E-2));
#14116=DIRECTION('',(0.E0,0.E0,-1.E0));
#14117=DIRECTION('',(-1.E0,0.E0,0.E0));
#14118=AXIS2_PLACEMENT_3D('',#14115,#14116,#14117);
#14119=CYLINDRICAL_SURFACE('',#14118,1.5E-2);
#14120=ORIENTED_EDGE('',*,*,#14070,.T.);
#14122=ORIENTED_EDGE('',*,*,#14121,.T.);
#14123=ORIENTED_EDGE('',*,*,#13799,.F.);
#14124=ORIENTED_EDGE('',*,*,#14109,.F.);
#14125=EDGE_LOOP('',(#14120,#14122,#14123,#14124));
#14126=FACE_OUTER_BOUND('',#14125,.F.);
#14127=ADVANCED_FACE('',(#14126),#14119,.F.);
#14128=CARTESIAN_POINT('',(-1.264738718835E-2,3.359960035135E-2,2.1E-2));
#14129=DIRECTION('',(-9.518255596667E-1,-3.066400234235E-1,0.E0));
#14130=DIRECTION('',(-3.066400234235E-1,9.518255596667E-1,0.E0));
#14131=AXIS2_PLACEMENT_3D('',#14128,#14129,#14130);
#14132=PLANE('',#14131);
#14133=ORIENTED_EDGE('',*,*,#14068,.T.);
#14135=ORIENTED_EDGE('',*,*,#14134,.T.);
#14136=ORIENTED_EDGE('',*,*,#13801,.F.);
#14137=ORIENTED_EDGE('',*,*,#14121,.F.);
#14138=EDGE_LOOP('',(#14133,#14135,#14136,#14137));
#14139=FACE_OUTER_BOUND('',#14138,.F.);
#14140=ADVANCED_FACE('',(#14139),#14132,.T.);
#14141=CARTESIAN_POINT('',(-1.777797780258E-2,4.952520337047E-2,2.1E-2));
#14142=DIRECTION('',(-8.898695476930E-1,4.562150678010E-1,0.E0));
#14143=DIRECTION('',(4.562150678010E-1,8.898695476930E-1,0.E0));
#14144=AXIS2_PLACEMENT_3D('',#14141,#14142,#14143);
#14145=PLANE('',#14144);
#14146=ORIENTED_EDGE('',*,*,#14066,.T.);
#14148=ORIENTED_EDGE('',*,*,#14147,.T.);
#14149=ORIENTED_EDGE('',*,*,#13803,.F.);
#14150=ORIENTED_EDGE('',*,*,#14134,.F.);
#14151=EDGE_LOOP('',(#14146,#14148,#14149,#14150));
#14152=FACE_OUTER_BOUND('',#14151,.F.);
#14153=ADVANCED_FACE('',(#14152),#14145,.T.);
#14154=CARTESIAN_POINT('',(-1.595547667901E-2,5.308007992973E-2,2.1E-2));
#14155=DIRECTION('',(-3.066400234235E-1,9.518255596667E-1,0.E0));
#14156=DIRECTION('',(9.518255596667E-1,3.066400234235E-1,0.E0));
#14157=AXIS2_PLACEMENT_3D('',#14154,#14155,#14156);
#14158=PLANE('',#14157);
#14159=ORIENTED_EDGE('',*,*,#14064,.T.);
#14161=ORIENTED_EDGE('',*,*,#14160,.T.);
#14162=ORIENTED_EDGE('',*,*,#13805,.F.);
#14163=ORIENTED_EDGE('',*,*,#14147,.F.);
#14164=EDGE_LOOP('',(#14159,#14161,#14162,#14163));
#14165=FACE_OUTER_BOUND('',#14164,.F.);
#14166=ADVANCED_FACE('',(#14165),#14158,.T.);
#14167=CARTESIAN_POINT('',(-1.310000000001E-2,5.4E-2,2.1E-2));
#14168=DIRECTION('',(9.518255596667E-1,3.066400234235E-1,0.E0));
#14169=DIRECTION('',(3.066400234235E-1,-9.518255596667E-1,0.E0));
#14170=AXIS2_PLACEMENT_3D('',#14167,#14168,#14169);
#14171=PLANE('',#14170);
#14172=ORIENTED_EDGE('',*,*,#14062,.T.);
#14174=ORIENTED_EDGE('',*,*,#14173,.T.);
#14175=ORIENTED_EDGE('',*,*,#13807,.F.);
#14176=ORIENTED_EDGE('',*,*,#14160,.F.);
#14177=EDGE_LOOP('',(#14172,#14174,#14175,#14176));
#14178=FACE_OUTER_BOUND('',#14177,.F.);
#14179=ADVANCED_FACE('',(#14178),#14171,.T.);
#14180=CARTESIAN_POINT('',(-2.692477058335E-2,2.9E-2,2.1E-2));
#14181=DIRECTION('',(0.E0,0.E0,-1.E0));
#14182=DIRECTION('',(-1.E0,0.E0,0.E0));
#14183=AXIS2_PLACEMENT_3D('',#14180,#14181,#14182);
#14184=CYLINDRICAL_SURFACE('',#14183,2.082477058334E-2);
#14185=ORIENTED_EDGE('',*,*,#14060,.T.);
#14187=ORIENTED_EDGE('',*,*,#14186,.T.);
#14188=ORIENTED_EDGE('',*,*,#13809,.F.);
#14189=ORIENTED_EDGE('',*,*,#14173,.F.);
#14190=EDGE_LOOP('',(#14185,#14187,#14188,#14189));
#14191=FACE_OUTER_BOUND('',#14190,.F.);
#14192=ADVANCED_FACE('',(#14191),#14184,.T.);
#14193=CARTESIAN_POINT('',(-6.708185400250E-3,2.400392620318E-2,2.1E-2));
#14194=DIRECTION('',(9.707950972229E-1,-2.399101481970E-1,0.E0));
#14195=DIRECTION('',(-2.399101481970E-1,-9.707950972229E-1,0.E0));
#14196=AXIS2_PLACEMENT_3D('',#14193,#14194,#14195);
#14197=PLANE('',#14196);
#14199=ORIENTED_EDGE('',*,*,#14198,.F.);
#14200=ORIENTED_EDGE('',*,*,#13811,.F.);
#14201=ORIENTED_EDGE('',*,*,#14186,.F.);
#14202=ORIENTED_EDGE('',*,*,#14058,.T.);
#14203=EDGE_LOOP('',(#14199,#14200,#14201,#14202));
#14204=FACE_OUTER_BOUND('',#14203,.F.);
#14205=ADVANCED_FACE('',(#14204),#14197,.T.);
#14206=CARTESIAN_POINT('',(-1.610000000001E-2,-3.9E-2,2.1E-2));
#14207=DIRECTION('',(1.E0,0.E0,0.E0));
#14208=DIRECTION('',(0.E0,0.E0,1.E0));
#14209=AXIS2_PLACEMENT_3D('',#14206,#14207,#14208);
#14210=PLANE('',#14209);
#14211=ORIENTED_EDGE('',*,*,#14198,.T.);
#14212=ORIENTED_EDGE('',*,*,#14056,.F.);
#14214=ORIENTED_EDGE('',*,*,#14213,.T.);
#14215=ORIENTED_EDGE('',*,*,#13867,.F.);
#14216=ORIENTED_EDGE('',*,*,#13727,.F.);
#14217=EDGE_LOOP('',(#14211,#14212,#14214,#14215,#14216));
#14218=FACE_OUTER_BOUND('',#14217,.F.);
#14219=ADVANCED_FACE('',(#14218),#14210,.T.);
#14220=CARTESIAN_POINT('',(2.189999999999E-2,-3.9E-2,-3.935E-2));
#14221=DIRECTION('',(0.E0,-1.E0,0.E0));
#14222=DIRECTION('',(-1.E0,0.E0,0.E0));
#14223=AXIS2_PLACEMENT_3D('',#14220,#14221,#14222);
#14224=PLANE('',#14223);
#14226=ORIENTED_EDGE('',*,*,#14225,.T.);
#14228=ORIENTED_EDGE('',*,*,#14227,.F.);
#14230=ORIENTED_EDGE('',*,*,#14229,.F.);
#14231=ORIENTED_EDGE('',*,*,#14037,.F.);
#14232=EDGE_LOOP('',(#14226,#14228,#14230,#14231));
#14233=FACE_OUTER_BOUND('',#14232,.F.);
#14234=ADVANCED_FACE('',(#14233),#14224,.T.);
#14235=CARTESIAN_POINT('',(2.189999999999E-2,-3.9E-2,-3.935E-2));
#14236=DIRECTION('',(0.E0,-1.E0,0.E0));
#14237=DIRECTION('',(-1.E0,0.E0,0.E0));
#14238=AXIS2_PLACEMENT_3D('',#14235,#14236,#14237);
#14239=PLANE('',#14238);
#14241=ORIENTED_EDGE('',*,*,#14240,.T.);
#14242=ORIENTED_EDGE('',*,*,#13686,.F.);
#14244=ORIENTED_EDGE('',*,*,#14243,.F.);
#14246=ORIENTED_EDGE('',*,*,#14245,.F.);
#14247=EDGE_LOOP('',(#14241,#14242,#14244,#14246));
#14248=FACE_OUTER_BOUND('',#14247,.F.);
#14249=ADVANCED_FACE('',(#14248),#14239,.T.);
#14250=CARTESIAN_POINT('',(2.189999999999E-2,-3.9E-2,-3.935E-2));
#14251=DIRECTION('',(0.E0,-1.E0,0.E0));
#14252=DIRECTION('',(-1.E0,0.E0,0.E0));
#14253=AXIS2_PLACEMENT_3D('',#14250,#14251,#14252);
#14254=PLANE('',#14253);
#14255=ORIENTED_EDGE('',*,*,#13857,.F.);
#14256=ORIENTED_EDGE('',*,*,#14008,.F.);
#14257=ORIENTED_EDGE('',*,*,#14097,.F.);
#14258=ORIENTED_EDGE('',*,*,#13840,.F.);
#14259=EDGE_LOOP('',(#14255,#14256,#14257,#14258));
#14260=FACE_OUTER_BOUND('',#14259,.F.);
#14261=ADVANCED_FACE('',(#14260),#14254,.T.);
#14262=CARTESIAN_POINT('',(2.189999999999E-2,-3.9E-2,-3.935E-2));
#14263=DIRECTION('',(0.E0,-1.E0,0.E0));
#14264=DIRECTION('',(-1.E0,0.E0,0.E0));
#14265=AXIS2_PLACEMENT_3D('',#14262,#14263,#14264);
#14266=PLANE('',#14265);
#14267=ORIENTED_EDGE('',*,*,#13869,.F.);
#14268=ORIENTED_EDGE('',*,*,#14213,.F.);
#14269=ORIENTED_EDGE('',*,*,#14054,.F.);
#14270=ORIENTED_EDGE('',*,*,#13670,.F.);
#14271=EDGE_LOOP('',(#14267,#14268,#14269,#14270));
#14272=FACE_OUTER_BOUND('',#14271,.F.);
#14273=ADVANCED_FACE('',(#14272),#14266,.T.);
#14274=CARTESIAN_POINT('',(8.9E-3,-8.3E-2,-5.9E-2));
#14275=DIRECTION('',(0.E0,0.E0,1.E0));
#14276=DIRECTION('',(0.E0,1.E0,0.E0));
#14277=AXIS2_PLACEMENT_3D('',#14274,#14275,#14276);
#14278=PLANE('',#14277);
#14280=ORIENTED_EDGE('',*,*,#14279,.T.);
#14281=ORIENTED_EDGE('',*,*,#9399,.T.);
#14282=ORIENTED_EDGE('',*,*,#13688,.T.);
#14283=ORIENTED_EDGE('',*,*,#14240,.F.);
#14285=ORIENTED_EDGE('',*,*,#14284,.F.);
#14286=ORIENTED_EDGE('',*,*,#13759,.T.);
#14287=ORIENTED_EDGE('',*,*,#13695,.T.);
#14289=ORIENTED_EDGE('',*,*,#14288,.F.);
#14290=ORIENTED_EDGE('',*,*,#14028,.F.);
#14291=ORIENTED_EDGE('',*,*,#13744,.T.);
#14293=ORIENTED_EDGE('',*,*,#14292,.T.);
#14294=ORIENTED_EDGE('',*,*,#14225,.F.);
#14295=ORIENTED_EDGE('',*,*,#14035,.F.);
#14296=ORIENTED_EDGE('',*,*,#9407,.T.);
#14298=ORIENTED_EDGE('',*,*,#14297,.F.);
#14300=ORIENTED_EDGE('',*,*,#14299,.T.);
#14301=EDGE_LOOP('',(#14280,#14281,#14282,#14283,#14285,#14286,#14287,#14289,
#14290,#14291,#14293,#14294,#14295,#14296,#14298,#14300));
#14302=FACE_OUTER_BOUND('',#14301,.F.);
#14303=ADVANCED_FACE('',(#14302),#14278,.T.);
#14304=CARTESIAN_POINT('',(-9.1E-3,0.E0,0.E0));
#14305=DIRECTION('',(-1.E0,0.E0,0.E0));
#14306=DIRECTION('',(0.E0,0.E0,1.E0));
#14307=AXIS2_PLACEMENT_3D('',#14304,#14305,#14306);
#14308=PLANE('',#14307);
#14309=ORIENTED_EDGE('',*,*,#9401,.T.);
#14310=ORIENTED_EDGE('',*,*,#14279,.F.);
#14312=ORIENTED_EDGE('',*,*,#14311,.F.);
#14314=ORIENTED_EDGE('',*,*,#14313,.F.);
#14316=ORIENTED_EDGE('',*,*,#14315,.F.);
#14318=ORIENTED_EDGE('',*,*,#14317,.F.);
#14320=ORIENTED_EDGE('',*,*,#14319,.F.);
#14322=ORIENTED_EDGE('',*,*,#14321,.F.);
#14323=EDGE_LOOP('',(#14309,#14310,#14312,#14314,#14316,#14318,#14320,#14322));
#14324=FACE_OUTER_BOUND('',#14323,.F.);
#14325=ADVANCED_FACE('',(#14324),#14308,.T.);
#14326=CARTESIAN_POINT('',(8.9E-3,-8.3E-2,-7.1E-2));
#14327=DIRECTION('',(-1.E0,0.E0,0.E0));
#14328=DIRECTION('',(0.E0,0.E0,1.E0));
#14329=AXIS2_PLACEMENT_3D('',#14326,#14327,#14328);
#14330=CYLINDRICAL_SURFACE('',#14329,1.2E-2);
#14332=ORIENTED_EDGE('',*,*,#14331,.F.);
#14334=ORIENTED_EDGE('',*,*,#14333,.T.);
#14335=ORIENTED_EDGE('',*,*,#14311,.T.);
#14336=ORIENTED_EDGE('',*,*,#14299,.F.);
#14337=EDGE_LOOP('',(#14332,#14334,#14335,#14336));
#14338=FACE_OUTER_BOUND('',#14337,.F.);
#14339=ADVANCED_FACE('',(#14338),#14330,.T.);
#14340=CARTESIAN_POINT('',(8.9E-3,0.E0,0.E0));
#14341=DIRECTION('',(-1.E0,0.E0,0.E0));
#14342=DIRECTION('',(0.E0,0.E0,1.E0));
#14343=AXIS2_PLACEMENT_3D('',#14340,#14341,#14342);
#14344=PLANE('',#14343);
#14345=ORIENTED_EDGE('',*,*,#9405,.F.);
#14347=ORIENTED_EDGE('',*,*,#14346,.T.);
#14349=ORIENTED_EDGE('',*,*,#14348,.T.);
#14351=ORIENTED_EDGE('',*,*,#14350,.T.);
#14353=ORIENTED_EDGE('',*,*,#14352,.T.);
#14355=ORIENTED_EDGE('',*,*,#14354,.T.);
#14356=ORIENTED_EDGE('',*,*,#14331,.T.);
#14357=ORIENTED_EDGE('',*,*,#14297,.T.);
#14358=EDGE_LOOP('',(#14345,#14347,#14349,#14351,#14353,#14355,#14356,#14357));
#14359=FACE_OUTER_BOUND('',#14358,.F.);
#14360=ADVANCED_FACE('',(#14359),#14344,.F.);
#14361=CARTESIAN_POINT('',(8.9E-3,-7.1E-2,-6.5E-2));
#14362=DIRECTION('',(0.E0,0.E0,-1.E0));
#14363=DIRECTION('',(0.E0,-1.E0,0.E0));
#14364=AXIS2_PLACEMENT_3D('',#14361,#14362,#14363);
#14365=PLANE('',#14364);
#14366=ORIENTED_EDGE('',*,*,#9403,.T.);
#14367=ORIENTED_EDGE('',*,*,#14321,.T.);
#14369=ORIENTED_EDGE('',*,*,#14368,.F.);
#14370=ORIENTED_EDGE('',*,*,#14346,.F.);
#14371=EDGE_LOOP('',(#14366,#14367,#14369,#14370));
#14372=FACE_OUTER_BOUND('',#14371,.F.);
#14373=ADVANCED_FACE('',(#14372),#14365,.T.);
#14374=CARTESIAN_POINT('',(8.9E-3,-8.3E-2,-7.1E-2));
#14375=DIRECTION('',(-1.E0,0.E0,0.E0));
#14376=DIRECTION('',(0.E0,0.E0,1.E0));
#14377=AXIS2_PLACEMENT_3D('',#14374,#14375,#14376);
#14378=CYLINDRICAL_SURFACE('',#14377,6.E-3);
#14379=ORIENTED_EDGE('',*,*,#14348,.F.);
#14380=ORIENTED_EDGE('',*,*,#14368,.T.);
#14381=ORIENTED_EDGE('',*,*,#14319,.T.);
#14383=ORIENTED_EDGE('',*,*,#14382,.F.);
#14384=EDGE_LOOP('',(#14379,#14380,#14381,#14383));
#14385=FACE_OUTER_BOUND('',#14384,.F.);
#14386=ADVANCED_FACE('',(#14385),#14378,.F.);
#14387=CARTESIAN_POINT('',(8.9E-3,-8.9E-2,-7.1E-2));
#14388=DIRECTION('',(0.E0,1.E0,0.E0));
#14389=DIRECTION('',(0.E0,0.E0,-1.E0));
#14390=AXIS2_PLACEMENT_3D('',#14387,#14388,#14389);
#14391=PLANE('',#14390);
#14392=ORIENTED_EDGE('',*,*,#14350,.F.);
#14393=ORIENTED_EDGE('',*,*,#14382,.T.);
#14394=ORIENTED_EDGE('',*,*,#14317,.T.);
#14396=ORIENTED_EDGE('',*,*,#14395,.F.);
#14397=EDGE_LOOP('',(#14392,#14393,#14394,#14396));
#14398=FACE_OUTER_BOUND('',#14397,.F.);
#14399=ADVANCED_FACE('',(#14398),#14391,.T.);
#14400=CARTESIAN_POINT('',(8.9E-3,-8.9E-2,-1.05E-1));
#14401=DIRECTION('',(0.E0,0.E0,-1.E0));
#14402=DIRECTION('',(0.E0,-1.E0,0.E0));
#14403=AXIS2_PLACEMENT_3D('',#14400,#14401,#14402);
#14404=PLANE('',#14403);
#14405=ORIENTED_EDGE('',*,*,#14352,.F.);
#14406=ORIENTED_EDGE('',*,*,#14395,.T.);
#14407=ORIENTED_EDGE('',*,*,#14315,.T.);
#14409=ORIENTED_EDGE('',*,*,#14408,.F.);
#14410=EDGE_LOOP('',(#14405,#14406,#14407,#14409));
#14411=FACE_OUTER_BOUND('',#14410,.F.);
#14412=ADVANCED_FACE('',(#14411),#14404,.T.);
#14413=CARTESIAN_POINT('',(8.9E-3,-9.5E-2,-1.05E-1));
#14414=DIRECTION('',(0.E0,-1.E0,0.E0));
#14415=DIRECTION('',(0.E0,0.E0,1.E0));
#14416=AXIS2_PLACEMENT_3D('',#14413,#14414,#14415);
#14417=PLANE('',#14416);
#14418=ORIENTED_EDGE('',*,*,#14354,.F.);
#14419=ORIENTED_EDGE('',*,*,#14408,.T.);
#14420=ORIENTED_EDGE('',*,*,#14313,.T.);
#14421=ORIENTED_EDGE('',*,*,#14333,.F.);
#14422=EDGE_LOOP('',(#14418,#14419,#14420,#14421));
#14423=FACE_OUTER_BOUND('',#14422,.F.);
#14424=ADVANCED_FACE('',(#14423),#14417,.T.);
#14425=CARTESIAN_POINT('',(-1.610000000001E-2,-3.9E-2,-5.9E-2));
#14426=DIRECTION('',(1.E0,0.E0,0.E0));
#14427=DIRECTION('',(0.E0,0.E0,1.E0));
#14428=AXIS2_PLACEMENT_3D('',#14425,#14426,#14427);
#14429=PLANE('',#14428);
#14431=ORIENTED_EDGE('',*,*,#14430,.F.);
#14432=ORIENTED_EDGE('',*,*,#13761,.F.);
#14433=ORIENTED_EDGE('',*,*,#14284,.T.);
#14434=ORIENTED_EDGE('',*,*,#14245,.T.);
#14436=ORIENTED_EDGE('',*,*,#14435,.T.);
#14437=EDGE_LOOP('',(#14431,#14432,#14433,#14434,#14436));
#14438=FACE_OUTER_BOUND('',#14437,.F.);
#14439=ADVANCED_FACE('',(#14438),#14429,.T.);
#14440=CARTESIAN_POINT('',(-1.610000000001E-2,-1.4E-2,-2.1E-2));
#14441=DIRECTION('',(9.707950972229E-1,-2.399101481970E-1,0.E0));
#14442=DIRECTION('',(2.399101481970E-1,9.707950972229E-1,0.E0));
#14443=AXIS2_PLACEMENT_3D('',#14440,#14441,#14442);
#14444=PLANE('',#14443);
#14445=ORIENTED_EDGE('',*,*,#14430,.T.);
#14447=ORIENTED_EDGE('',*,*,#14446,.T.);
#14449=ORIENTED_EDGE('',*,*,#14448,.T.);
#14451=ORIENTED_EDGE('',*,*,#14450,.F.);
#14452=EDGE_LOOP('',(#14445,#14447,#14449,#14451));
#14453=FACE_OUTER_BOUND('',#14452,.F.);
#14454=ADVANCED_FACE('',(#14453),#14444,.T.);
#14455=CARTESIAN_POINT('',(2.189999999999E-2,-3.9E-2,-2.1E-2));
#14456=DIRECTION('',(0.E0,0.E0,1.E0));
#14457=DIRECTION('',(-1.E0,0.E0,0.E0));
#14458=AXIS2_PLACEMENT_3D('',#14455,#14456,#14457);
#14459=PLANE('',#14458);
#14460=ORIENTED_EDGE('',*,*,#14446,.F.);
#14461=ORIENTED_EDGE('',*,*,#14435,.F.);
#14462=ORIENTED_EDGE('',*,*,#14243,.T.);
#14463=ORIENTED_EDGE('',*,*,#13684,.T.);
#14465=ORIENTED_EDGE('',*,*,#14464,.F.);
#14467=ORIENTED_EDGE('',*,*,#14466,.F.);
#14469=ORIENTED_EDGE('',*,*,#14468,.F.);
#14471=ORIENTED_EDGE('',*,*,#14470,.F.);
#14473=ORIENTED_EDGE('',*,*,#14472,.F.);
#14475=ORIENTED_EDGE('',*,*,#14474,.F.);
#14477=ORIENTED_EDGE('',*,*,#14476,.F.);
#14478=EDGE_LOOP('',(#14460,#14461,#14462,#14463,#14465,#14467,#14469,#14471,
#14473,#14475,#14477));
#14479=FACE_OUTER_BOUND('',#14478,.F.);
#14480=ADVANCED_FACE('',(#14479),#14459,.T.);
#14481=CARTESIAN_POINT('',(2.189999999999E-2,-3.9E-2,-2.1E-2));
#14482=DIRECTION('',(0.E0,0.E0,1.E0));
#14483=DIRECTION('',(-1.E0,0.E0,0.E0));
#14484=AXIS2_PLACEMENT_3D('',#14481,#14482,#14483);
#14485=PLANE('',#14484);
#14487=ORIENTED_EDGE('',*,*,#14486,.T.);
#14489=ORIENTED_EDGE('',*,*,#14488,.F.);
#14491=ORIENTED_EDGE('',*,*,#14490,.F.);
#14493=ORIENTED_EDGE('',*,*,#14492,.F.);
#14495=ORIENTED_EDGE('',*,*,#14494,.F.);
#14497=ORIENTED_EDGE('',*,*,#14496,.F.);
#14499=ORIENTED_EDGE('',*,*,#14498,.F.);
#14501=ORIENTED_EDGE('',*,*,#14500,.F.);
#14503=ORIENTED_EDGE('',*,*,#14502,.F.);
#14504=ORIENTED_EDGE('',*,*,#14039,.F.);
#14505=ORIENTED_EDGE('',*,*,#14229,.T.);
#14506=EDGE_LOOP('',(#14487,#14489,#14491,#14493,#14495,#14497,#14499,#14501,
#14503,#14504,#14505));
#14507=FACE_OUTER_BOUND('',#14506,.F.);
#14508=ADVANCED_FACE('',(#14507),#14485,.T.);
#14509=CARTESIAN_POINT('',(-1.236284412500E-2,2.540134777705E-2,-2.1E-2));
#14510=DIRECTION('',(-9.707950972229E-1,2.399101481970E-1,0.E0));
#14511=DIRECTION('',(-2.399101481970E-1,-9.707950972229E-1,0.E0));
#14512=AXIS2_PLACEMENT_3D('',#14509,#14510,#14511);
#14513=PLANE('',#14512);
#14514=ORIENTED_EDGE('',*,*,#13699,.F.);
#14516=ORIENTED_EDGE('',*,*,#14515,.F.);
#14518=ORIENTED_EDGE('',*,*,#14517,.F.);
#14519=ORIENTED_EDGE('',*,*,#14464,.T.);
#14520=EDGE_LOOP('',(#14514,#14516,#14518,#14519));
#14521=FACE_OUTER_BOUND('',#14520,.F.);
#14522=ADVANCED_FACE('',(#14521),#14513,.T.);
#14523=CARTESIAN_POINT('',(2.189999999999E-2,-3.9E-2,-5.1E-2));
#14524=DIRECTION('',(0.E0,0.E0,1.E0));
#14525=DIRECTION('',(1.E0,0.E0,0.E0));
#14526=AXIS2_PLACEMENT_3D('',#14523,#14524,#14525);
#14527=PLANE('',#14526);
#14528=ORIENTED_EDGE('',*,*,#13740,.F.);
#14530=ORIENTED_EDGE('',*,*,#14529,.T.);
#14532=ORIENTED_EDGE('',*,*,#14531,.T.);
#14534=ORIENTED_EDGE('',*,*,#14533,.T.);
#14536=ORIENTED_EDGE('',*,*,#14535,.T.);
#14538=ORIENTED_EDGE('',*,*,#14537,.T.);
#14540=ORIENTED_EDGE('',*,*,#14539,.T.);
#14542=ORIENTED_EDGE('',*,*,#14541,.T.);
#14544=ORIENTED_EDGE('',*,*,#14543,.T.);
#14545=EDGE_LOOP('',(#14528,#14530,#14532,#14534,#14536,#14538,#14540,#14542,
#14544));
#14546=FACE_OUTER_BOUND('',#14545,.F.);
#14547=ADVANCED_FACE('',(#14546),#14527,.F.);
#14548=CARTESIAN_POINT('',(2.189999999999E-2,-3.9E-2,-5.1E-2));
#14549=DIRECTION('',(0.E0,0.E0,1.E0));
#14550=DIRECTION('',(1.E0,0.E0,0.E0));
#14551=AXIS2_PLACEMENT_3D('',#14548,#14549,#14550);
#14552=PLANE('',#14551);
#14553=ORIENTED_EDGE('',*,*,#13756,.F.);
#14554=ORIENTED_EDGE('',*,*,#14450,.T.);
#14556=ORIENTED_EDGE('',*,*,#14555,.T.);
#14558=ORIENTED_EDGE('',*,*,#14557,.T.);
#14560=ORIENTED_EDGE('',*,*,#14559,.T.);
#14562=ORIENTED_EDGE('',*,*,#14561,.T.);
#14564=ORIENTED_EDGE('',*,*,#14563,.T.);
#14566=ORIENTED_EDGE('',*,*,#14565,.T.);
#14567=ORIENTED_EDGE('',*,*,#14515,.T.);
#14568=EDGE_LOOP('',(#14553,#14554,#14556,#14558,#14560,#14562,#14564,#14566,
#14567));
#14569=FACE_OUTER_BOUND('',#14568,.F.);
#14570=ADVANCED_FACE('',(#14569),#14552,.F.);
#14571=CARTESIAN_POINT('',(2.189999999999E-2,-1.4E-2,-2.1E-2));
#14572=DIRECTION('',(9.707950972229E-1,2.399101481970E-1,0.E0));
#14573=DIRECTION('',(-2.399101481970E-1,9.707950972229E-1,0.E0));
#14574=AXIS2_PLACEMENT_3D('',#14571,#14572,#14573);
#14575=PLANE('',#14574);
#14576=ORIENTED_EDGE('',*,*,#14041,.T.);
#14577=ORIENTED_EDGE('',*,*,#14502,.T.);
#14579=ORIENTED_EDGE('',*,*,#14578,.T.);
#14580=ORIENTED_EDGE('',*,*,#14529,.F.);
#14581=EDGE_LOOP('',(#14576,#14577,#14579,#14580));
#14582=FACE_OUTER_BOUND('',#14581,.F.);
#14583=ADVANCED_FACE('',(#14582),#14575,.T.);
#14584=CARTESIAN_POINT('',(2.672477058333E-2,2.9E-2,-2.1E-2));
#14585=DIRECTION('',(0.E0,0.E0,1.E0));
#14586=DIRECTION('',(1.E0,0.E0,0.E0));
#14587=AXIS2_PLACEMENT_3D('',#14584,#14585,#14586);
#14588=CYLINDRICAL_SURFACE('',#14587,1.5E-2);
#14589=ORIENTED_EDGE('',*,*,#14500,.T.);
#14591=ORIENTED_EDGE('',*,*,#14590,.T.);
#14592=ORIENTED_EDGE('',*,*,#14531,.F.);
#14593=ORIENTED_EDGE('',*,*,#14578,.F.);
#14594=EDGE_LOOP('',(#14589,#14591,#14592,#14593));
#14595=FACE_OUTER_BOUND('',#14594,.F.);
#14596=ADVANCED_FACE('',(#14595),#14588,.F.);
#14597=CARTESIAN_POINT('',(1.244738718833E-2,3.359960035135E-2,-2.1E-2));
#14598=DIRECTION('',(9.518255596667E-1,-3.066400234235E-1,0.E0));
#14599=DIRECTION('',(3.066400234235E-1,9.518255596667E-1,0.E0));
#14600=AXIS2_PLACEMENT_3D('',#14597,#14598,#14599);
#14601=PLANE('',#14600);
#14602=ORIENTED_EDGE('',*,*,#14498,.T.);
#14604=ORIENTED_EDGE('',*,*,#14603,.T.);
#14605=ORIENTED_EDGE('',*,*,#14533,.F.);
#14606=ORIENTED_EDGE('',*,*,#14590,.F.);
#14607=EDGE_LOOP('',(#14602,#14604,#14605,#14606));
#14608=FACE_OUTER_BOUND('',#14607,.F.);
#14609=ADVANCED_FACE('',(#14608),#14601,.T.);
#14610=CARTESIAN_POINT('',(1.757797780257E-2,4.952520337047E-2,-2.1E-2));
#14611=DIRECTION('',(8.898695476930E-1,4.562150678010E-1,0.E0));
#14612=DIRECTION('',(-4.562150678010E-1,8.898695476930E-1,0.E0));
#14613=AXIS2_PLACEMENT_3D('',#14610,#14611,#14612);
#14614=PLANE('',#14613);
#14615=ORIENTED_EDGE('',*,*,#14496,.T.);
#14617=ORIENTED_EDGE('',*,*,#14616,.T.);
#14618=ORIENTED_EDGE('',*,*,#14535,.F.);
#14619=ORIENTED_EDGE('',*,*,#14603,.F.);
#14620=EDGE_LOOP('',(#14615,#14617,#14618,#14619));
#14621=FACE_OUTER_BOUND('',#14620,.F.);
#14622=ADVANCED_FACE('',(#14621),#14614,.T.);
#14623=CARTESIAN_POINT('',(1.575547667899E-2,5.308007992973E-2,-2.1E-2));
#14624=DIRECTION('',(3.066400234235E-1,9.518255596667E-1,0.E0));
#14625=DIRECTION('',(-9.518255596667E-1,3.066400234235E-1,0.E0));
#14626=AXIS2_PLACEMENT_3D('',#14623,#14624,#14625);
#14627=PLANE('',#14626);
#14628=ORIENTED_EDGE('',*,*,#14494,.T.);
#14630=ORIENTED_EDGE('',*,*,#14629,.T.);
#14631=ORIENTED_EDGE('',*,*,#14537,.F.);
#14632=ORIENTED_EDGE('',*,*,#14616,.F.);
#14633=EDGE_LOOP('',(#14628,#14630,#14631,#14632));
#14634=FACE_OUTER_BOUND('',#14633,.F.);
#14635=ADVANCED_FACE('',(#14634),#14627,.T.);
#14636=CARTESIAN_POINT('',(1.289999999999E-2,5.4E-2,-2.1E-2));
#14637=DIRECTION('',(-9.518255596667E-1,3.066400234235E-1,0.E0));
#14638=DIRECTION('',(-3.066400234235E-1,-9.518255596667E-1,0.E0));
#14639=AXIS2_PLACEMENT_3D('',#14636,#14637,#14638);
#14640=PLANE('',#14639);
#14641=ORIENTED_EDGE('',*,*,#14492,.T.);
#14643=ORIENTED_EDGE('',*,*,#14642,.T.);
#14644=ORIENTED_EDGE('',*,*,#14539,.F.);
#14645=ORIENTED_EDGE('',*,*,#14629,.F.);
#14646=EDGE_LOOP('',(#14641,#14643,#14644,#14645));
#14647=FACE_OUTER_BOUND('',#14646,.F.);
#14648=ADVANCED_FACE('',(#14647),#14640,.T.);
#14649=CARTESIAN_POINT('',(2.672477058333E-2,2.9E-2,-2.1E-2));
#14650=DIRECTION('',(0.E0,0.E0,1.E0));
#14651=DIRECTION('',(1.E0,0.E0,0.E0));
#14652=AXIS2_PLACEMENT_3D('',#14649,#14650,#14651);
#14653=CYLINDRICAL_SURFACE('',#14652,2.082477058334E-2);
#14654=ORIENTED_EDGE('',*,*,#14490,.T.);
#14656=ORIENTED_EDGE('',*,*,#14655,.T.);
#14657=ORIENTED_EDGE('',*,*,#14541,.F.);
#14658=ORIENTED_EDGE('',*,*,#14642,.F.);
#14659=EDGE_LOOP('',(#14654,#14656,#14657,#14658));
#14660=FACE_OUTER_BOUND('',#14659,.F.);
#14661=ADVANCED_FACE('',(#14660),#14653,.T.);
#14662=CARTESIAN_POINT('',(6.508185400232E-3,2.400392620318E-2,-2.1E-2));
#14663=DIRECTION('',(-9.707950972229E-1,-2.399101481970E-1,0.E0));
#14664=DIRECTION('',(2.399101481970E-1,-9.707950972229E-1,0.E0));
#14665=AXIS2_PLACEMENT_3D('',#14662,#14663,#14664);
#14666=PLANE('',#14665);
#14668=ORIENTED_EDGE('',*,*,#14667,.F.);
#14669=ORIENTED_EDGE('',*,*,#14543,.F.);
#14670=ORIENTED_EDGE('',*,*,#14655,.F.);
#14671=ORIENTED_EDGE('',*,*,#14488,.T.);
#14672=EDGE_LOOP('',(#14668,#14669,#14670,#14671));
#14673=FACE_OUTER_BOUND('',#14672,.F.);
#14674=ADVANCED_FACE('',(#14673),#14666,.T.);
#14675=CARTESIAN_POINT('',(1.589999999999E-2,-3.9E-2,-2.1E-2));
#14676=DIRECTION('',(-1.E0,0.E0,0.E0));
#14677=DIRECTION('',(0.E0,0.E0,-1.E0));
#14678=AXIS2_PLACEMENT_3D('',#14675,#14676,#14677);
#14679=PLANE('',#14678);
#14680=ORIENTED_EDGE('',*,*,#14667,.T.);
#14681=ORIENTED_EDGE('',*,*,#14486,.F.);
#14682=ORIENTED_EDGE('',*,*,#14227,.T.);
#14683=ORIENTED_EDGE('',*,*,#14292,.F.);
#14684=ORIENTED_EDGE('',*,*,#13742,.F.);
#14685=EDGE_LOOP('',(#14680,#14681,#14682,#14683,#14684));
#14686=FACE_OUTER_BOUND('',#14685,.F.);
#14687=ADVANCED_FACE('',(#14686),#14679,.T.);
#14688=CARTESIAN_POINT('',(-2.692477058335E-2,2.9E-2,-2.1E-2));
#14689=DIRECTION('',(0.E0,0.E0,1.E0));
#14690=DIRECTION('',(1.E0,0.E0,0.E0));
#14691=AXIS2_PLACEMENT_3D('',#14688,#14689,#14690);
#14692=CYLINDRICAL_SURFACE('',#14691,2.082477058334E-2);
#14693=ORIENTED_EDGE('',*,*,#14476,.T.);
#14695=ORIENTED_EDGE('',*,*,#14694,.T.);
#14696=ORIENTED_EDGE('',*,*,#14555,.F.);
#14697=ORIENTED_EDGE('',*,*,#14448,.F.);
#14698=EDGE_LOOP('',(#14693,#14695,#14696,#14697));
#14699=FACE_OUTER_BOUND('',#14698,.F.);
#14700=ADVANCED_FACE('',(#14699),#14692,.T.);
#14701=CARTESIAN_POINT('',(-7.103221667931E-3,3.538570813946E-2,-2.1E-2));
#14702=DIRECTION('',(9.518255596667E-1,3.066400234235E-1,0.E0));
#14703=DIRECTION('',(-3.066400234235E-1,9.518255596667E-1,0.E0));
#14704=AXIS2_PLACEMENT_3D('',#14701,#14702,#14703);
#14705=PLANE('',#14704);
#14706=ORIENTED_EDGE('',*,*,#14474,.T.);
#14708=ORIENTED_EDGE('',*,*,#14707,.T.);
#14709=ORIENTED_EDGE('',*,*,#14557,.F.);
#14710=ORIENTED_EDGE('',*,*,#14694,.F.);
#14711=EDGE_LOOP('',(#14706,#14708,#14709,#14710));
#14712=FACE_OUTER_BOUND('',#14711,.F.);
#14713=ADVANCED_FACE('',(#14712),#14705,.T.);
#14714=CARTESIAN_POINT('',(-1.310000000001E-2,5.4E-2,-2.1E-2));
#14715=DIRECTION('',(-3.066400234235E-1,9.518255596667E-1,0.E0));
#14716=DIRECTION('',(-9.518255596667E-1,-3.066400234235E-1,0.E0));
#14717=AXIS2_PLACEMENT_3D('',#14714,#14715,#14716);
#14718=PLANE('',#14717);
#14719=ORIENTED_EDGE('',*,*,#14472,.T.);
#14721=ORIENTED_EDGE('',*,*,#14720,.T.);
#14722=ORIENTED_EDGE('',*,*,#14559,.F.);
#14723=ORIENTED_EDGE('',*,*,#14707,.F.);
#14724=EDGE_LOOP('',(#14719,#14721,#14722,#14723));
#14725=FACE_OUTER_BOUND('',#14724,.F.);
#14726=ADVANCED_FACE('',(#14725),#14718,.T.);
#14727=CARTESIAN_POINT('',(-1.595547667901E-2,5.308007992973E-2,-2.1E-2));
#14728=DIRECTION('',(-8.898695476930E-1,4.562150678010E-1,0.E0));
#14729=DIRECTION('',(-4.562150678010E-1,-8.898695476930E-1,0.E0));
#14730=AXIS2_PLACEMENT_3D('',#14727,#14728,#14729);
#14731=PLANE('',#14730);
#14732=ORIENTED_EDGE('',*,*,#14470,.T.);
#14734=ORIENTED_EDGE('',*,*,#14733,.T.);
#14735=ORIENTED_EDGE('',*,*,#14561,.F.);
#14736=ORIENTED_EDGE('',*,*,#14720,.F.);
#14737=EDGE_LOOP('',(#14732,#14734,#14735,#14736));
#14738=FACE_OUTER_BOUND('',#14737,.F.);
#14739=ADVANCED_FACE('',(#14738),#14731,.T.);
#14740=CARTESIAN_POINT('',(-1.777797780258E-2,4.952520337047E-2,-2.1E-2));
#14741=DIRECTION('',(-9.518255596667E-1,-3.066400234235E-1,0.E0));
#14742=DIRECTION('',(3.066400234235E-1,-9.518255596667E-1,0.E0));
#14743=AXIS2_PLACEMENT_3D('',#14740,#14741,#14742);
#14744=PLANE('',#14743);
#14745=ORIENTED_EDGE('',*,*,#14468,.T.);
#14747=ORIENTED_EDGE('',*,*,#14746,.T.);
#14748=ORIENTED_EDGE('',*,*,#14563,.F.);
#14749=ORIENTED_EDGE('',*,*,#14733,.F.);
#14750=EDGE_LOOP('',(#14745,#14747,#14748,#14749));
#14751=FACE_OUTER_BOUND('',#14750,.F.);
#14752=ADVANCED_FACE('',(#14751),#14744,.T.);
#14753=CARTESIAN_POINT('',(-2.692477058335E-2,2.9E-2,-2.1E-2));
#14754=DIRECTION('',(0.E0,0.E0,1.E0));
#14755=DIRECTION('',(1.E0,0.E0,0.E0));
#14756=AXIS2_PLACEMENT_3D('',#14753,#14754,#14755);
#14757=CYLINDRICAL_SURFACE('',#14756,1.5E-2);
#14758=ORIENTED_EDGE('',*,*,#14466,.T.);
#14759=ORIENTED_EDGE('',*,*,#14517,.T.);
#14760=ORIENTED_EDGE('',*,*,#14565,.F.);
#14761=ORIENTED_EDGE('',*,*,#14746,.F.);
#14762=EDGE_LOOP('',(#14758,#14759,#14760,#14761));
#14763=FACE_OUTER_BOUND('',#14762,.F.);
#14764=ADVANCED_FACE('',(#14763),#14757,.F.);
#14765=CARTESIAN_POINT('',(2.189999999999E-2,6.6E-2,-5.9E-2));
#14766=DIRECTION('',(0.E0,1.E0,0.E0));
#14767=DIRECTION('',(0.E0,0.E0,-1.E0));
#14768=AXIS2_PLACEMENT_3D('',#14765,#14766,#14767);
#14769=PLANE('',#14768);
#14771=ORIENTED_EDGE('',*,*,#14770,.F.);
#14772=ORIENTED_EDGE('',*,*,#14030,.F.);
#14773=ORIENTED_EDGE('',*,*,#14288,.T.);
#14774=ORIENTED_EDGE('',*,*,#13693,.T.);
#14775=EDGE_LOOP('',(#14771,#14772,#14773,#14774));
#14776=FACE_OUTER_BOUND('',#14775,.F.);
#14777=ADVANCED_FACE('',(#14776),#14769,.T.);
#14778=CARTESIAN_POINT('',(2.639999999999E-2,-8.7E-2,-6.5E-2));
#14779=DIRECTION('',(0.E0,0.E0,-1.E0));
#14780=DIRECTION('',(0.E0,1.E0,0.E0));
#14781=AXIS2_PLACEMENT_3D('',#14778,#14779,#14780);
#14782=PLANE('',#14781);
#14783=ORIENTED_EDGE('',*,*,#13355,.F.);
#14784=ORIENTED_EDGE('',*,*,#9411,.F.);
#14785=ORIENTED_EDGE('',*,*,#14032,.T.);
#14786=ORIENTED_EDGE('',*,*,#14770,.T.);
#14787=ORIENTED_EDGE('',*,*,#13691,.F.);
#14788=ORIENTED_EDGE('',*,*,#9395,.F.);
#14789=ORIENTED_EDGE('',*,*,#13530,.T.);
#14790=ORIENTED_EDGE('',*,*,#13332,.F.);
#14791=EDGE_LOOP('',(#14783,#14784,#14785,#14786,#14787,#14788,#14789,#14790));
#14792=FACE_OUTER_BOUND('',#14791,.F.);
#14793=ADVANCED_FACE('',(#14792),#14782,.F.);
#14794=CARTESIAN_POINT('',(1.216284412498E-2,2.540134777705E-2,2.1E-2));
#14795=DIRECTION('',(9.707950972229E-1,2.399101481970E-1,0.E0));
#14796=DIRECTION('',(2.399101481970E-1,-9.707950972229E-1,0.E0));
#14797=AXIS2_PLACEMENT_3D('',#14794,#14795,#14796);
#14798=PLANE('',#14797);
#14799=ORIENTED_EDGE('',*,*,#14017,.F.);
#14800=ORIENTED_EDGE('',*,*,#13786,.F.);
#14802=ORIENTED_EDGE('',*,*,#14801,.F.);
#14803=ORIENTED_EDGE('',*,*,#14081,.T.);
#14804=EDGE_LOOP('',(#14799,#14800,#14802,#14803));
#14805=FACE_OUTER_BOUND('',#14804,.F.);
#14806=ADVANCED_FACE('',(#14805),#14798,.T.);
#14807=CARTESIAN_POINT('',(2.672477058333E-2,2.9E-2,2.1E-2));
#14808=DIRECTION('',(0.E0,0.E0,-1.E0));
#14809=DIRECTION('',(-1.E0,0.E0,0.E0));
#14810=AXIS2_PLACEMENT_3D('',#14807,#14808,#14809);
#14811=CYLINDRICAL_SURFACE('',#14810,1.5E-2);
#14812=ORIENTED_EDGE('',*,*,#14083,.T.);
#14813=ORIENTED_EDGE('',*,*,#14801,.T.);
#14814=ORIENTED_EDGE('',*,*,#13784,.F.);
#14816=ORIENTED_EDGE('',*,*,#14815,.F.);
#14817=EDGE_LOOP('',(#14812,#14813,#14814,#14816));
#14818=FACE_OUTER_BOUND('',#14817,.F.);
#14819=ADVANCED_FACE('',(#14818),#14811,.F.);
#14820=CARTESIAN_POINT('',(1.757797780257E-2,4.952520337047E-2,2.1E-2));
#14821=DIRECTION('',(9.518255596667E-1,-3.066400234235E-1,0.E0));
#14822=DIRECTION('',(-3.066400234235E-1,-9.518255596667E-1,0.E0));
#14823=AXIS2_PLACEMENT_3D('',#14820,#14821,#14822);
#14824=PLANE('',#14823);
#14825=ORIENTED_EDGE('',*,*,#14085,.T.);
#14826=ORIENTED_EDGE('',*,*,#14815,.T.);
#14827=ORIENTED_EDGE('',*,*,#13782,.F.);
#14829=ORIENTED_EDGE('',*,*,#14828,.F.);
#14830=EDGE_LOOP('',(#14825,#14826,#14827,#14829));
#14831=FACE_OUTER_BOUND('',#14830,.F.);
#14832=ADVANCED_FACE('',(#14831),#14824,.T.);
#14833=CARTESIAN_POINT('',(1.575547667899E-2,5.308007992973E-2,2.1E-2));
#14834=DIRECTION('',(8.898695476930E-1,4.562150678010E-1,0.E0));
#14835=DIRECTION('',(4.562150678010E-1,-8.898695476930E-1,0.E0));
#14836=AXIS2_PLACEMENT_3D('',#14833,#14834,#14835);
#14837=PLANE('',#14836);
#14838=ORIENTED_EDGE('',*,*,#14087,.T.);
#14839=ORIENTED_EDGE('',*,*,#14828,.T.);
#14840=ORIENTED_EDGE('',*,*,#13780,.F.);
#14842=ORIENTED_EDGE('',*,*,#14841,.F.);
#14843=EDGE_LOOP('',(#14838,#14839,#14840,#14842));
#14844=FACE_OUTER_BOUND('',#14843,.F.);
#14845=ADVANCED_FACE('',(#14844),#14837,.T.);
#14846=CARTESIAN_POINT('',(1.289999999999E-2,5.4E-2,2.1E-2));
#14847=DIRECTION('',(3.066400234235E-1,9.518255596667E-1,0.E0));
#14848=DIRECTION('',(9.518255596667E-1,-3.066400234235E-1,0.E0));
#14849=AXIS2_PLACEMENT_3D('',#14846,#14847,#14848);
#14850=PLANE('',#14849);
#14851=ORIENTED_EDGE('',*,*,#14089,.T.);
#14852=ORIENTED_EDGE('',*,*,#14841,.T.);
#14853=ORIENTED_EDGE('',*,*,#13778,.F.);
#14855=ORIENTED_EDGE('',*,*,#14854,.F.);
#14856=EDGE_LOOP('',(#14851,#14852,#14853,#14855));
#14857=FACE_OUTER_BOUND('',#14856,.F.);
#14858=ADVANCED_FACE('',(#14857),#14850,.T.);
#14859=CARTESIAN_POINT('',(6.903221667913E-3,3.538570813946E-2,2.1E-2));
#14860=DIRECTION('',(-9.518255596667E-1,3.066400234235E-1,0.E0));
#14861=DIRECTION('',(3.066400234235E-1,9.518255596667E-1,0.E0));
#14862=AXIS2_PLACEMENT_3D('',#14859,#14860,#14861);
#14863=PLANE('',#14862);
#14864=ORIENTED_EDGE('',*,*,#14091,.T.);
#14865=ORIENTED_EDGE('',*,*,#14854,.T.);
#14866=ORIENTED_EDGE('',*,*,#13776,.F.);
#14868=ORIENTED_EDGE('',*,*,#14867,.F.);
#14869=EDGE_LOOP('',(#14864,#14865,#14866,#14868));
#14870=FACE_OUTER_BOUND('',#14869,.F.);
#14871=ADVANCED_FACE('',(#14870),#14863,.T.);
#14872=CARTESIAN_POINT('',(2.672477058333E-2,2.9E-2,2.1E-2));
#14873=DIRECTION('',(0.E0,0.E0,-1.E0));
#14874=DIRECTION('',(-1.E0,0.E0,0.E0));
#14875=AXIS2_PLACEMENT_3D('',#14872,#14873,#14874);
#14876=CYLINDRICAL_SURFACE('',#14875,2.082477058334E-2);
#14877=ORIENTED_EDGE('',*,*,#14093,.T.);
#14878=ORIENTED_EDGE('',*,*,#14867,.T.);
#14879=ORIENTED_EDGE('',*,*,#13774,.F.);
#14880=ORIENTED_EDGE('',*,*,#13825,.F.);
#14881=EDGE_LOOP('',(#14877,#14878,#14879,#14880));
#14882=FACE_OUTER_BOUND('',#14881,.F.);
#14883=ADVANCED_FACE('',(#14882),#14876,.T.);
#14884=CARTESIAN_POINT('',(2.189999999999E-2,6.6E-2,6.5E-2));
#14885=DIRECTION('',(0.E0,1.E0,0.E0));
#14886=DIRECTION('',(0.E0,0.E0,-1.E0));
#14887=AXIS2_PLACEMENT_3D('',#14884,#14885,#14886);
#14888=PLANE('',#14887);
#14889=ORIENTED_EDGE('',*,*,#13560,.T.);
#14890=ORIENTED_EDGE('',*,*,#13664,.T.);
#14891=ORIENTED_EDGE('',*,*,#13863,.F.);
#14892=ORIENTED_EDGE('',*,*,#14013,.F.);
#14893=EDGE_LOOP('',(#14889,#14890,#14891,#14892));
#14894=FACE_OUTER_BOUND('',#14893,.F.);
#14895=ADVANCED_FACE('',(#14894),#14888,.T.);
#14896=CARTESIAN_POINT('',(2.639999999999E-2,6.8E-2,-1.8E-2));
#14897=DIRECTION('',(0.E0,0.E0,1.E0));
#14898=DIRECTION('',(0.E0,-1.E0,0.E0));
#14899=AXIS2_PLACEMENT_3D('',#14896,#14897,#14898);
#14900=PLANE('',#14899);
#14901=ORIENTED_EDGE('',*,*,#9244,.T.);
#14902=ORIENTED_EDGE('',*,*,#13358,.F.);
#14903=ORIENTED_EDGE('',*,*,#13336,.T.);
#14904=ORIENTED_EDGE('',*,*,#13527,.T.);
#14905=EDGE_LOOP('',(#14901,#14902,#14903,#14904));
#14906=FACE_OUTER_BOUND('',#14905,.F.);
#14907=ADVANCED_FACE('',(#14906),#14900,.F.);
#14908=CARTESIAN_POINT('',(3.24E-2,-8.7E-2,8.25E-2));
#14909=DIRECTION('',(7.071067811865E-1,7.071067811865E-1,0.E0));
#14910=DIRECTION('',(-7.071067811865E-1,7.071067811865E-1,0.E0));
#14911=AXIS2_PLACEMENT_3D('',#14908,#14909,#14910);
#14912=PLANE('',#14911);
#14913=ORIENTED_EDGE('',*,*,#13414,.T.);
#14914=ORIENTED_EDGE('',*,*,#13372,.F.);
#14915=ORIENTED_EDGE('',*,*,#13457,.T.);
#14916=ORIENTED_EDGE('',*,*,#9817,.F.);
#14917=EDGE_LOOP('',(#14913,#14914,#14915,#14916));
#14918=FACE_OUTER_BOUND('',#14917,.F.);
#14919=ADVANCED_FACE('',(#14918),#14912,.F.);
#14920=CARTESIAN_POINT('',(2.64E-2,-8.7E-2,5.1E-2));
#14921=DIRECTION('',(0.E0,0.E0,-1.E0));
#14922=DIRECTION('',(1.E0,0.E0,0.E0));
#14923=AXIS2_PLACEMENT_3D('',#14920,#14921,#14922);
#14924=PLANE('',#14923);
#14925=ORIENTED_EDGE('',*,*,#13460,.F.);
#14926=ORIENTED_EDGE('',*,*,#13368,.T.);
#14927=ORIENTED_EDGE('',*,*,#9531,.T.);
#14929=ORIENTED_EDGE('',*,*,#14928,.F.);
#14930=EDGE_LOOP('',(#14925,#14926,#14927,#14929));
#14931=FACE_OUTER_BOUND('',#14930,.F.);
#14932=ADVANCED_FACE('',(#14931),#14924,.F.);
#14933=CARTESIAN_POINT('',(3.24E-2,-8.7E-2,-6.9E-2));
#14934=DIRECTION('',(1.E0,0.E0,0.E0));
#14935=DIRECTION('',(0.E0,0.E0,1.E0));
#14936=AXIS2_PLACEMENT_3D('',#14933,#14934,#14935);
#14937=PLANE('',#14936);
#14938=ORIENTED_EDGE('',*,*,#13462,.F.);
#14939=ORIENTED_EDGE('',*,*,#14928,.T.);
#14940=ORIENTED_EDGE('',*,*,#9529,.T.);
#14941=ORIENTED_EDGE('',*,*,#9963,.T.);
#14942=ORIENTED_EDGE('',*,*,#9819,.T.);
#14943=EDGE_LOOP('',(#14938,#14939,#14940,#14941,#14942));
#14944=FACE_OUTER_BOUND('',#14943,.F.);
#14945=ADVANCED_FACE('',(#14944),#14937,.F.);
#14946=CARTESIAN_POINT('',(3.24E-2,-8.7E-2,-6.9E-2));
#14947=DIRECTION('',(1.E0,0.E0,0.E0));
#14948=DIRECTION('',(0.E0,0.E0,1.E0));
#14949=AXIS2_PLACEMENT_3D('',#14946,#14947,#14948);
#14950=PLANE('',#14949);
#14951=ORIENTED_EDGE('',*,*,#13386,.F.);
#14952=ORIENTED_EDGE('',*,*,#13416,.F.);
#14953=ORIENTED_EDGE('',*,*,#9815,.T.);
#14954=ORIENTED_EDGE('',*,*,#10064,.T.);
#14955=ORIENTED_EDGE('',*,*,#9417,.T.);
#14956=EDGE_LOOP('',(#14951,#14952,#14953,#14954,#14955));
#14957=FACE_OUTER_BOUND('',#14956,.F.);
#14958=ADVANCED_FACE('',(#14957),#14950,.F.);
#14959=CARTESIAN_POINT('',(-9.180000000001E-2,7.3E-2,-3.935E-2));
#14960=DIRECTION('',(-1.E0,0.E0,0.E0));
#14961=DIRECTION('',(0.E0,0.E0,1.E0));
#14962=AXIS2_PLACEMENT_3D('',#14959,#14960,#14961);
#14963=PLANE('',#14962);
#14964=ORIENTED_EDGE('',*,*,#11553,.F.);
#14966=ORIENTED_EDGE('',*,*,#14965,.F.);
#14968=ORIENTED_EDGE('',*,*,#14967,.T.);
#14970=ORIENTED_EDGE('',*,*,#14969,.T.);
#14971=EDGE_LOOP('',(#14964,#14966,#14968,#14970));
#14972=FACE_OUTER_BOUND('',#14971,.F.);
#14973=ADVANCED_FACE('',(#14972),#14963,.F.);
#14974=CARTESIAN_POINT('',(-7.88E-2,7.3E-2,-5.235E-2));
#14975=DIRECTION('',(0.E0,0.E0,-1.E0));
#14976=DIRECTION('',(-1.E0,0.E0,0.E0));
#14977=AXIS2_PLACEMENT_3D('',#14974,#14975,#14976);
#14978=PLANE('',#14977);
#14979=ORIENTED_EDGE('',*,*,#11559,.F.);
#14981=ORIENTED_EDGE('',*,*,#14980,.F.);
#14983=ORIENTED_EDGE('',*,*,#14982,.T.);
#14984=ORIENTED_EDGE('',*,*,#14965,.T.);
#14985=EDGE_LOOP('',(#14979,#14981,#14983,#14984));
#14986=FACE_OUTER_BOUND('',#14985,.F.);
#14987=ADVANCED_FACE('',(#14986),#14978,.F.);
#14988=CARTESIAN_POINT('',(-6.579999999999E-2,7.3E-2,-3.935E-2));
#14989=DIRECTION('',(1.E0,0.E0,0.E0));
#14990=DIRECTION('',(0.E0,0.E0,-1.E0));
#14991=AXIS2_PLACEMENT_3D('',#14988,#14989,#14990);
#14992=PLANE('',#14991);
#14993=ORIENTED_EDGE('',*,*,#11557,.F.);
#14995=ORIENTED_EDGE('',*,*,#14994,.F.);
#14997=ORIENTED_EDGE('',*,*,#14996,.T.);
#14998=ORIENTED_EDGE('',*,*,#14980,.T.);
#14999=EDGE_LOOP('',(#14993,#14995,#14997,#14998));
#15000=FACE_OUTER_BOUND('',#14999,.F.);
#15001=ADVANCED_FACE('',(#15000),#14992,.F.);
#15002=CARTESIAN_POINT('',(-7.88E-2,7.3E-2,-2.635E-2));
#15003=DIRECTION('',(0.E0,0.E0,1.E0));
#15004=DIRECTION('',(1.E0,0.E0,0.E0));
#15005=AXIS2_PLACEMENT_3D('',#15002,#15003,#15004);
#15006=PLANE('',#15005);
#15007=ORIENTED_EDGE('',*,*,#11555,.F.);
#15008=ORIENTED_EDGE('',*,*,#14969,.F.);
#15010=ORIENTED_EDGE('',*,*,#15009,.T.);
#15011=ORIENTED_EDGE('',*,*,#14994,.T.);
#15012=EDGE_LOOP('',(#15007,#15008,#15010,#15011));
#15013=FACE_OUTER_BOUND('',#15012,.F.);
#15014=ADVANCED_FACE('',(#15013),#15006,.F.);
#15015=CARTESIAN_POINT('',(-5.230000000001E-2,6.8E-2,-6.5E-2));
#15016=DIRECTION('',(0.E0,1.E0,0.E0));
#15017=DIRECTION('',(0.E0,0.E0,1.E0));
#15018=AXIS2_PLACEMENT_3D('',#15015,#15016,#15017);
#15019=PLANE('',#15018);
#15020=ORIENTED_EDGE('',*,*,#10190,.F.);
#15021=ORIENTED_EDGE('',*,*,#10277,.T.);
#15022=ORIENTED_EDGE('',*,*,#9673,.T.);
#15024=ORIENTED_EDGE('',*,*,#15023,.F.);
#15025=EDGE_LOOP('',(#15020,#15021,#15022,#15024));
#15026=FACE_OUTER_BOUND('',#15025,.F.);
#15027=ORIENTED_EDGE('',*,*,#14967,.F.);
#15028=ORIENTED_EDGE('',*,*,#14982,.F.);
#15029=ORIENTED_EDGE('',*,*,#14996,.F.);
#15030=ORIENTED_EDGE('',*,*,#15009,.F.);
#15031=EDGE_LOOP('',(#15027,#15028,#15029,#15030));
#15032=FACE_BOUND('',#15031,.F.);
#15033=ADVANCED_FACE('',(#15026,#15032),#15019,.F.);
#15034=CARTESIAN_POINT('',(-5.230000000001E-2,6.8E-2,-1.8E-2));
#15035=DIRECTION('',(0.E0,0.E0,1.E0));
#15036=DIRECTION('',(0.E0,-1.E0,0.E0));
#15037=AXIS2_PLACEMENT_3D('',#15034,#15035,#15036);
#15038=PLANE('',#15037);
#15039=ORIENTED_EDGE('',*,*,#9228,.T.);
#15040=ORIENTED_EDGE('',*,*,#10192,.F.);
#15041=ORIENTED_EDGE('',*,*,#15023,.T.);
#15042=ORIENTED_EDGE('',*,*,#9671,.T.);
#15043=EDGE_LOOP('',(#15039,#15040,#15041,#15042));
#15044=FACE_OUTER_BOUND('',#15043,.F.);
#15045=ADVANCED_FACE('',(#15044),#15038,.F.);
#15046=CARTESIAN_POINT('',(-7.88E-2,7.3E-2,5.235E-2));
#15047=DIRECTION('',(0.E0,0.E0,1.E0));
#15048=DIRECTION('',(1.E0,0.E0,0.E0));
#15049=AXIS2_PLACEMENT_3D('',#15046,#15047,#15048);
#15050=PLANE('',#15049);
#15051=ORIENTED_EDGE('',*,*,#11570,.F.);
#15052=ORIENTED_EDGE('',*,*,#11479,.F.);
#15053=ORIENTED_EDGE('',*,*,#11452,.T.);
#15055=ORIENTED_EDGE('',*,*,#15054,.T.);
#15056=EDGE_LOOP('',(#15051,#15052,#15053,#15055));
#15057=FACE_OUTER_BOUND('',#15056,.F.);
#15058=ADVANCED_FACE('',(#15057),#15050,.F.);
#15059=CARTESIAN_POINT('',(-6.58E-2,7.3E-2,3.935E-2));
#15060=DIRECTION('',(1.E0,0.E0,0.E0));
#15061=DIRECTION('',(0.E0,0.E0,-1.E0));
#15062=AXIS2_PLACEMENT_3D('',#15059,#15060,#15061);
#15063=PLANE('',#15062);
#15064=ORIENTED_EDGE('',*,*,#11572,.F.);
#15065=ORIENTED_EDGE('',*,*,#15054,.F.);
#15066=ORIENTED_EDGE('',*,*,#11450,.T.);
#15068=ORIENTED_EDGE('',*,*,#15067,.T.);
#15069=EDGE_LOOP('',(#15064,#15065,#15066,#15068));
#15070=FACE_OUTER_BOUND('',#15069,.F.);
#15071=ADVANCED_FACE('',(#15070),#15063,.F.);
#15072=CARTESIAN_POINT('',(-7.88E-2,7.3E-2,2.635E-2));
#15073=DIRECTION('',(0.E0,0.E0,-1.E0));
#15074=DIRECTION('',(-1.E0,0.E0,0.E0));
#15075=AXIS2_PLACEMENT_3D('',#15072,#15073,#15074);
#15076=PLANE('',#15075);
#15077=ORIENTED_EDGE('',*,*,#11574,.F.);
#15078=ORIENTED_EDGE('',*,*,#15067,.F.);
#15079=ORIENTED_EDGE('',*,*,#11448,.T.);
#15080=ORIENTED_EDGE('',*,*,#11476,.T.);
#15081=EDGE_LOOP('',(#15077,#15078,#15079,#15080));
#15082=FACE_OUTER_BOUND('',#15081,.F.);
#15083=ADVANCED_FACE('',(#15082),#15076,.F.);
#15084=CARTESIAN_POINT('',(-5.197522941667E-2,2.9E-2,2.1E-2));
#15085=DIRECTION('',(0.E0,0.E0,-1.E0));
#15086=DIRECTION('',(-1.E0,0.E0,0.E0));
#15087=AXIS2_PLACEMENT_3D('',#15084,#15085,#15086);
#15088=CYLINDRICAL_SURFACE('',#15087,2.082477058334E-2);
#15089=ORIENTED_EDGE('',*,*,#10379,.T.);
#15091=ORIENTED_EDGE('',*,*,#15090,.T.);
#15092=ORIENTED_EDGE('',*,*,#10520,.F.);
#15093=ORIENTED_EDGE('',*,*,#10569,.F.);
#15094=EDGE_LOOP('',(#15089,#15091,#15092,#15093));
#15095=FACE_OUTER_BOUND('',#15094,.F.);
#15096=ADVANCED_FACE('',(#15095),#15088,.T.);
#15097=CARTESIAN_POINT('',(-7.179677833209E-2,3.538570813946E-2,2.1E-2));
#15098=DIRECTION('',(-9.518255596667E-1,3.066400234235E-1,0.E0));
#15099=DIRECTION('',(3.066400234235E-1,9.518255596667E-1,0.E0));
#15100=AXIS2_PLACEMENT_3D('',#15097,#15098,#15099);
#15101=PLANE('',#15100);
#15102=ORIENTED_EDGE('',*,*,#10377,.T.);
#15104=ORIENTED_EDGE('',*,*,#15103,.T.);
#15105=ORIENTED_EDGE('',*,*,#10522,.F.);
#15106=ORIENTED_EDGE('',*,*,#15090,.F.);
#15107=EDGE_LOOP('',(#15102,#15104,#15105,#15106));
#15108=FACE_OUTER_BOUND('',#15107,.F.);
#15109=ADVANCED_FACE('',(#15108),#15101,.T.);
#15110=CARTESIAN_POINT('',(-6.580000000001E-2,5.4E-2,2.1E-2));
#15111=DIRECTION('',(3.066400234235E-1,9.518255596667E-1,0.E0));
#15112=DIRECTION('',(9.518255596667E-1,-3.066400234235E-1,0.E0));
#15113=AXIS2_PLACEMENT_3D('',#15110,#15111,#15112);
#15114=PLANE('',#15113);
#15115=ORIENTED_EDGE('',*,*,#10375,.T.);
#15117=ORIENTED_EDGE('',*,*,#15116,.T.);
#15118=ORIENTED_EDGE('',*,*,#10524,.F.);
#15119=ORIENTED_EDGE('',*,*,#15103,.F.);
#15120=EDGE_LOOP('',(#15115,#15117,#15118,#15119));
#15121=FACE_OUTER_BOUND('',#15120,.F.);
#15122=ADVANCED_FACE('',(#15121),#15114,.T.);
#15123=CARTESIAN_POINT('',(-6.294452332101E-2,5.308007992973E-2,2.1E-2));
#15124=DIRECTION('',(8.898695476930E-1,4.562150678010E-1,0.E0));
#15125=DIRECTION('',(4.562150678010E-1,-8.898695476930E-1,0.E0));
#15126=AXIS2_PLACEMENT_3D('',#15123,#15124,#15125);
#15127=PLANE('',#15126);
#15128=ORIENTED_EDGE('',*,*,#10373,.T.);
#15130=ORIENTED_EDGE('',*,*,#15129,.T.);
#15131=ORIENTED_EDGE('',*,*,#10526,.F.);
#15132=ORIENTED_EDGE('',*,*,#15116,.F.);
#15133=EDGE_LOOP('',(#15128,#15130,#15131,#15132));
#15134=FACE_OUTER_BOUND('',#15133,.F.);
#15135=ADVANCED_FACE('',(#15134),#15127,.T.);
#15136=CARTESIAN_POINT('',(-6.112202219743E-2,4.952520337047E-2,2.1E-2));
#15137=DIRECTION('',(9.518255596667E-1,-3.066400234235E-1,0.E0));
#15138=DIRECTION('',(-3.066400234235E-1,-9.518255596667E-1,0.E0));
#15139=AXIS2_PLACEMENT_3D('',#15136,#15137,#15138);
#15140=PLANE('',#15139);
#15141=ORIENTED_EDGE('',*,*,#10371,.T.);
#15143=ORIENTED_EDGE('',*,*,#15142,.T.);
#15144=ORIENTED_EDGE('',*,*,#10528,.F.);
#15145=ORIENTED_EDGE('',*,*,#15129,.F.);
#15146=EDGE_LOOP('',(#15141,#15143,#15144,#15145));
#15147=FACE_OUTER_BOUND('',#15146,.F.);
#15148=ADVANCED_FACE('',(#15147),#15140,.T.);
#15149=CARTESIAN_POINT('',(-5.197522941667E-2,2.9E-2,2.1E-2));
#15150=DIRECTION('',(0.E0,0.E0,-1.E0));
#15151=DIRECTION('',(-1.E0,0.E0,0.E0));
#15152=AXIS2_PLACEMENT_3D('',#15149,#15150,#15151);
#15153=CYLINDRICAL_SURFACE('',#15152,1.5E-2);
#15154=ORIENTED_EDGE('',*,*,#10369,.T.);
#15156=ORIENTED_EDGE('',*,*,#15155,.T.);
#15157=ORIENTED_EDGE('',*,*,#10530,.F.);
#15158=ORIENTED_EDGE('',*,*,#15142,.F.);
#15159=EDGE_LOOP('',(#15154,#15156,#15157,#15158));
#15160=FACE_OUTER_BOUND('',#15159,.F.);
#15161=ADVANCED_FACE('',(#15160),#15153,.F.);
#15162=CARTESIAN_POINT('',(-6.653715587502E-2,2.540134777705E-2,2.1E-2));
#15163=DIRECTION('',(9.707950972229E-1,2.399101481970E-1,0.E0));
#15164=DIRECTION('',(2.399101481970E-1,-9.707950972229E-1,0.E0));
#15165=AXIS2_PLACEMENT_3D('',#15162,#15163,#15164);
#15166=PLANE('',#15165);
#15167=ORIENTED_EDGE('',*,*,#10302,.F.);
#15168=ORIENTED_EDGE('',*,*,#10532,.F.);
#15169=ORIENTED_EDGE('',*,*,#15155,.F.);
#15170=ORIENTED_EDGE('',*,*,#10367,.T.);
#15171=EDGE_LOOP('',(#15167,#15168,#15169,#15170));
#15172=FACE_OUTER_BOUND('',#15171,.F.);
#15173=ADVANCED_FACE('',(#15172),#15166,.T.);
#15174=CARTESIAN_POINT('',(-1.25E-1,-8.7E-2,-6.9E-2));
#15175=DIRECTION('',(1.E0,0.E0,0.E0));
#15176=DIRECTION('',(0.E0,0.E0,1.E0));
#15177=AXIS2_PLACEMENT_3D('',#15174,#15175,#15176);
#15178=PLANE('',#15177);
#15180=ORIENTED_EDGE('',*,*,#15179,.F.);
#15182=ORIENTED_EDGE('',*,*,#15181,.T.);
#15183=ORIENTED_EDGE('',*,*,#9593,.T.);
#15184=ORIENTED_EDGE('',*,*,#9935,.T.);
#15185=ORIENTED_EDGE('',*,*,#9772,.T.);
#15186=EDGE_LOOP('',(#15180,#15182,#15183,#15184,#15185));
#15187=FACE_OUTER_BOUND('',#15186,.F.);
#15188=ADVANCED_FACE('',(#15187),#15178,.F.);
#15189=CARTESIAN_POINT('',(-1.25E-1,-8.7E-2,-6.9E-2));
#15190=DIRECTION('',(1.E0,0.E0,0.E0));
#15191=DIRECTION('',(0.E0,0.E0,1.E0));
#15192=AXIS2_PLACEMENT_3D('',#15189,#15190,#15191);
#15193=PLANE('',#15192);
#15195=ORIENTED_EDGE('',*,*,#15194,.F.);
#15197=ORIENTED_EDGE('',*,*,#15196,.F.);
#15198=ORIENTED_EDGE('',*,*,#9768,.T.);
#15199=ORIENTED_EDGE('',*,*,#10036,.T.);
#15200=ORIENTED_EDGE('',*,*,#9353,.T.);
#15201=EDGE_LOOP('',(#15195,#15197,#15198,#15199,#15200));
#15202=FACE_OUTER_BOUND('',#15201,.F.);
#15203=ADVANCED_FACE('',(#15202),#15193,.F.);
#15204=CARTESIAN_POINT('',(-1.9E-1,-7.9E-2,5.1E-2));
#15205=DIRECTION('',(0.E0,6.E-1,-8.E-1));
#15206=DIRECTION('',(0.E0,-8.E-1,-6.E-1));
#15207=AXIS2_PLACEMENT_3D('',#15204,#15205,#15206);
#15208=PLANE('',#15207);
#15210=ORIENTED_EDGE('',*,*,#15209,.T.);
#15211=ORIENTED_EDGE('',*,*,#9893,.F.);
#15213=ORIENTED_EDGE('',*,*,#15212,.T.);
#15215=ORIENTED_EDGE('',*,*,#15214,.F.);
#15216=EDGE_LOOP('',(#15210,#15211,#15213,#15215));
#15217=FACE_OUTER_BOUND('',#15216,.F.);
#15218=ADVANCED_FACE('',(#15217),#15208,.F.);
#15219=CARTESIAN_POINT('',(-1.9E-1,-7.9E-2,5.1E-2));
#15220=DIRECTION('',(0.E0,6.E-1,-8.E-1));
#15221=DIRECTION('',(0.E0,-8.E-1,-6.E-1));
#15222=AXIS2_PLACEMENT_3D('',#15219,#15220,#15221);
#15223=PLANE('',#15222);
#15225=ORIENTED_EDGE('',*,*,#15224,.F.);
#15227=ORIENTED_EDGE('',*,*,#15226,.T.);
#15229=ORIENTED_EDGE('',*,*,#15228,.T.);
#15230=ORIENTED_EDGE('',*,*,#15179,.T.);
#15231=EDGE_LOOP('',(#15225,#15227,#15229,#15230));
#15232=FACE_OUTER_BOUND('',#15231,.F.);
#15233=ADVANCED_FACE('',(#15232),#15223,.F.);
#15234=CARTESIAN_POINT('',(-1.84E-1,-8.1E-2,8.25E-2));
#15235=DIRECTION('',(-7.071067811865E-1,7.071067811865E-1,0.E0));
#15236=DIRECTION('',(-7.071067811865E-1,-7.071067811865E-1,0.E0));
#15237=AXIS2_PLACEMENT_3D('',#15234,#15235,#15236);
#15238=PLANE('',#15237);
#15240=ORIENTED_EDGE('',*,*,#15239,.T.);
#15241=ORIENTED_EDGE('',*,*,#9754,.T.);
#15242=ORIENTED_EDGE('',*,*,#15209,.F.);
#15244=ORIENTED_EDGE('',*,*,#15243,.F.);
#15245=EDGE_LOOP('',(#15240,#15241,#15242,#15244));
#15246=FACE_OUTER_BOUND('',#15245,.F.);
#15247=ADVANCED_FACE('',(#15246),#15238,.F.);
#15248=CARTESIAN_POINT('',(-1.9E-1,-8.7E-2,-4.5E-2));
#15249=DIRECTION('',(0.E0,6.E-1,8.E-1));
#15250=DIRECTION('',(0.E0,8.E-1,-6.E-1));
#15251=AXIS2_PLACEMENT_3D('',#15248,#15249,#15250);
#15252=PLANE('',#15251);
#15253=ORIENTED_EDGE('',*,*,#15239,.F.);
#15255=ORIENTED_EDGE('',*,*,#15254,.T.);
#15257=ORIENTED_EDGE('',*,*,#15256,.T.);
#15258=ORIENTED_EDGE('',*,*,#9904,.F.);
#15259=EDGE_LOOP('',(#15253,#15255,#15257,#15258));
#15260=FACE_OUTER_BOUND('',#15259,.F.);
#15261=ADVANCED_FACE('',(#15260),#15252,.F.);
#15262=CARTESIAN_POINT('',(-1.9E-1,-8.7E-2,-4.5E-2));
#15263=DIRECTION('',(0.E0,6.E-1,8.E-1));
#15264=DIRECTION('',(0.E0,8.E-1,-6.E-1));
#15265=AXIS2_PLACEMENT_3D('',#15262,#15263,#15264);
#15266=PLANE('',#15265);
#15268=ORIENTED_EDGE('',*,*,#15267,.F.);
#15269=ORIENTED_EDGE('',*,*,#15196,.T.);
#15271=ORIENTED_EDGE('',*,*,#15270,.T.);
#15273=ORIENTED_EDGE('',*,*,#15272,.F.);
#15274=EDGE_LOOP('',(#15268,#15269,#15271,#15273));
#15275=FACE_OUTER_BOUND('',#15274,.F.);
#15276=ADVANCED_FACE('',(#15275),#15266,.F.);
#15277=CARTESIAN_POINT('',(-1.84E-1,7.3E-2,-3.935E-2));
#15278=DIRECTION('',(1.E0,0.E0,0.E0));
#15279=DIRECTION('',(0.E0,0.E0,-1.E0));
#15280=AXIS2_PLACEMENT_3D('',#15277,#15278,#15279);
#15281=PLANE('',#15280);
#15282=ORIENTED_EDGE('',*,*,#15254,.F.);
#15283=ORIENTED_EDGE('',*,*,#15243,.T.);
#15284=ORIENTED_EDGE('',*,*,#15214,.T.);
#15286=ORIENTED_EDGE('',*,*,#15285,.T.);
#15287=ORIENTED_EDGE('',*,*,#9617,.F.);
#15289=ORIENTED_EDGE('',*,*,#15288,.F.);
#15291=ORIENTED_EDGE('',*,*,#15290,.F.);
#15293=ORIENTED_EDGE('',*,*,#15292,.F.);
#15294=ORIENTED_EDGE('',*,*,#9286,.T.);
#15296=ORIENTED_EDGE('',*,*,#15295,.F.);
#15298=ORIENTED_EDGE('',*,*,#15297,.F.);
#15300=ORIENTED_EDGE('',*,*,#15299,.F.);
#15301=ORIENTED_EDGE('',*,*,#9329,.F.);
#15303=ORIENTED_EDGE('',*,*,#15302,.F.);
#15304=EDGE_LOOP('',(#15282,#15283,#15284,#15286,#15287,#15289,#15291,#15293,
#15294,#15296,#15298,#15300,#15301,#15303));
#15305=FACE_OUTER_BOUND('',#15304,.F.);
#15306=ADVANCED_FACE('',(#15305),#15281,.T.);
#15307=CARTESIAN_POINT('',(-1.9E-1,-8.7E-2,5.1E-2));
#15308=DIRECTION('',(0.E0,0.E0,-1.E0));
#15309=DIRECTION('',(1.E0,0.E0,0.E0));
#15310=AXIS2_PLACEMENT_3D('',#15307,#15308,#15309);
#15311=PLANE('',#15310);
#15312=ORIENTED_EDGE('',*,*,#15212,.F.);
#15313=ORIENTED_EDGE('',*,*,#9891,.T.);
#15314=ORIENTED_EDGE('',*,*,#9619,.T.);
#15315=ORIENTED_EDGE('',*,*,#15285,.F.);
#15316=EDGE_LOOP('',(#15312,#15313,#15314,#15315));
#15317=FACE_OUTER_BOUND('',#15316,.F.);
#15318=ADVANCED_FACE('',(#15317),#15311,.F.);
#15319=CARTESIAN_POINT('',(-1.31E-1,6.8E-2,6.5E-2));
#15320=DIRECTION('',(0.E0,0.E0,1.E0));
#15321=DIRECTION('',(0.E0,-1.E0,0.E0));
#15322=AXIS2_PLACEMENT_3D('',#15319,#15320,#15321);
#15323=PLANE('',#15322);
#15325=ORIENTED_EDGE('',*,*,#15324,.F.);
#15327=ORIENTED_EDGE('',*,*,#15326,.T.);
#15328=ORIENTED_EDGE('',*,*,#15288,.T.);
#15329=ORIENTED_EDGE('',*,*,#9615,.T.);
#15331=ORIENTED_EDGE('',*,*,#15330,.T.);
#15333=ORIENTED_EDGE('',*,*,#15332,.F.);
#15335=ORIENTED_EDGE('',*,*,#15334,.F.);
#15336=ORIENTED_EDGE('',*,*,#9599,.T.);
#15337=EDGE_LOOP('',(#15325,#15327,#15328,#15329,#15331,#15333,#15335,#15336));
#15338=FACE_OUTER_BOUND('',#15337,.F.);
#15339=ADVANCED_FACE('',(#15338),#15323,.F.);
#15340=CARTESIAN_POINT('',(-1.31E-1,7.3E-2,-3.935E-2));
#15341=DIRECTION('',(1.E0,0.E0,0.E0));
#15342=DIRECTION('',(0.E0,0.E0,-1.E0));
#15343=AXIS2_PLACEMENT_3D('',#15340,#15341,#15342);
#15344=PLANE('',#15343);
#15345=ORIENTED_EDGE('',*,*,#15272,.T.);
#15347=ORIENTED_EDGE('',*,*,#15346,.T.);
#15348=ORIENTED_EDGE('',*,*,#9349,.T.);
#15350=ORIENTED_EDGE('',*,*,#15349,.T.);
#15352=ORIENTED_EDGE('',*,*,#15351,.T.);
#15354=ORIENTED_EDGE('',*,*,#15353,.T.);
#15355=ORIENTED_EDGE('',*,*,#9290,.F.);
#15357=ORIENTED_EDGE('',*,*,#15356,.T.);
#15359=ORIENTED_EDGE('',*,*,#15358,.T.);
#15360=ORIENTED_EDGE('',*,*,#15324,.T.);
#15361=ORIENTED_EDGE('',*,*,#9597,.T.);
#15363=ORIENTED_EDGE('',*,*,#15362,.F.);
#15364=ORIENTED_EDGE('',*,*,#15226,.F.);
#15366=ORIENTED_EDGE('',*,*,#15365,.T.);
#15367=EDGE_LOOP('',(#15345,#15347,#15348,#15350,#15352,#15354,#15355,#15357,
#15359,#15360,#15361,#15363,#15364,#15366));
#15368=FACE_OUTER_BOUND('',#15367,.F.);
#15369=ADVANCED_FACE('',(#15368),#15344,.F.);
#15370=CARTESIAN_POINT('',(-1.25E-1,-8.7E-2,-5.1E-2));
#15371=DIRECTION('',(0.E0,0.E0,1.E0));
#15372=DIRECTION('',(-1.E0,0.E0,0.E0));
#15373=AXIS2_PLACEMENT_3D('',#15370,#15371,#15372);
#15374=PLANE('',#15373);
#15375=ORIENTED_EDGE('',*,*,#15270,.F.);
#15376=ORIENTED_EDGE('',*,*,#15194,.T.);
#15377=ORIENTED_EDGE('',*,*,#9351,.T.);
#15378=ORIENTED_EDGE('',*,*,#15346,.F.);
#15379=EDGE_LOOP('',(#15375,#15376,#15377,#15378));
#15380=FACE_OUTER_BOUND('',#15379,.F.);
#15381=ADVANCED_FACE('',(#15380),#15374,.F.);
#15382=CARTESIAN_POINT('',(-1.31E-1,-8.7E-2,-6.5E-2));
#15383=DIRECTION('',(0.E0,0.E0,-1.E0));
#15384=DIRECTION('',(0.E0,1.E0,0.E0));
#15385=AXIS2_PLACEMENT_3D('',#15382,#15383,#15384);
#15386=PLANE('',#15385);
#15387=ORIENTED_EDGE('',*,*,#15349,.F.);
#15388=ORIENTED_EDGE('',*,*,#9347,.F.);
#15390=ORIENTED_EDGE('',*,*,#15389,.T.);
#15392=ORIENTED_EDGE('',*,*,#15391,.T.);
#15394=ORIENTED_EDGE('',*,*,#15393,.F.);
#15395=ORIENTED_EDGE('',*,*,#9331,.F.);
#15396=ORIENTED_EDGE('',*,*,#15299,.T.);
#15398=ORIENTED_EDGE('',*,*,#15397,.F.);
#15399=EDGE_LOOP('',(#15387,#15388,#15390,#15392,#15394,#15395,#15396,#15398));
#15400=FACE_OUTER_BOUND('',#15399,.F.);
#15401=ADVANCED_FACE('',(#15400),#15386,.F.);
#15402=CARTESIAN_POINT('',(-1.355E-1,7.3E-2,-3.935E-2));
#15403=DIRECTION('',(-1.E0,0.E0,0.E0));
#15404=DIRECTION('',(0.E0,0.E0,1.E0));
#15405=AXIS2_PLACEMENT_3D('',#15402,#15403,#15404);
#15406=PLANE('',#15405);
#15408=ORIENTED_EDGE('',*,*,#15407,.F.);
#15410=ORIENTED_EDGE('',*,*,#15409,.T.);
#15412=ORIENTED_EDGE('',*,*,#15411,.T.);
#15413=ORIENTED_EDGE('',*,*,#9601,.T.);
#15414=ORIENTED_EDGE('',*,*,#15334,.T.);
#15416=ORIENTED_EDGE('',*,*,#15415,.T.);
#15418=ORIENTED_EDGE('',*,*,#15417,.T.);
#15420=ORIENTED_EDGE('',*,*,#15419,.F.);
#15422=ORIENTED_EDGE('',*,*,#15421,.T.);
#15423=EDGE_LOOP('',(#15408,#15410,#15412,#15413,#15414,#15416,#15418,#15420,
#15422));
#15424=FACE_OUTER_BOUND('',#15423,.F.);
#15425=ADVANCED_FACE('',(#15424),#15406,.F.);
#15426=CARTESIAN_POINT('',(-1.355E-1,7.3E-2,-3.935E-2));
#15427=DIRECTION('',(-1.E0,0.E0,0.E0));
#15428=DIRECTION('',(0.E0,0.E0,1.E0));
#15429=AXIS2_PLACEMENT_3D('',#15426,#15427,#15428);
#15430=PLANE('',#15429);
#15432=ORIENTED_EDGE('',*,*,#15431,.F.);
#15434=ORIENTED_EDGE('',*,*,#15433,.T.);
#15436=ORIENTED_EDGE('',*,*,#15435,.T.);
#15437=ORIENTED_EDGE('',*,*,#15389,.F.);
#15438=ORIENTED_EDGE('',*,*,#9345,.T.);
#15440=ORIENTED_EDGE('',*,*,#15439,.T.);
#15442=ORIENTED_EDGE('',*,*,#15441,.T.);
#15444=ORIENTED_EDGE('',*,*,#15443,.T.);
#15446=ORIENTED_EDGE('',*,*,#15445,.F.);
#15447=EDGE_LOOP('',(#15432,#15434,#15436,#15437,#15438,#15440,#15442,#15444,
#15446));
#15448=FACE_OUTER_BOUND('',#15447,.F.);
#15449=ADVANCED_FACE('',(#15448),#15430,.F.);
#15450=CARTESIAN_POINT('',(-1.415E-1,-3.9E-2,2.1E-2));
#15451=DIRECTION('',(0.E0,0.E0,-1.E0));
#15452=DIRECTION('',(1.E0,0.E0,0.E0));
#15453=AXIS2_PLACEMENT_3D('',#15450,#15451,#15452);
#15454=PLANE('',#15453);
#15456=ORIENTED_EDGE('',*,*,#15455,.F.);
#15458=ORIENTED_EDGE('',*,*,#15457,.F.);
#15460=ORIENTED_EDGE('',*,*,#15459,.T.);
#15462=ORIENTED_EDGE('',*,*,#15461,.T.);
#15464=ORIENTED_EDGE('',*,*,#15463,.F.);
#15466=ORIENTED_EDGE('',*,*,#15465,.F.);
#15468=ORIENTED_EDGE('',*,*,#15467,.F.);
#15470=ORIENTED_EDGE('',*,*,#15469,.F.);
#15472=ORIENTED_EDGE('',*,*,#15471,.F.);
#15474=ORIENTED_EDGE('',*,*,#15473,.F.);
#15476=ORIENTED_EDGE('',*,*,#15475,.F.);
#15477=EDGE_LOOP('',(#15456,#15458,#15460,#15462,#15464,#15466,#15468,#15470,
#15472,#15474,#15476));
#15478=FACE_OUTER_BOUND('',#15477,.F.);
#15479=ADVANCED_FACE('',(#15478),#15454,.T.);
#15480=CARTESIAN_POINT('',(-1.415E-1,-3.9E-2,2.1E-2));
#15481=DIRECTION('',(0.E0,0.E0,-1.E0));
#15482=DIRECTION('',(1.E0,0.E0,0.E0));
#15483=AXIS2_PLACEMENT_3D('',#15480,#15481,#15482);
#15484=PLANE('',#15483);
#15485=ORIENTED_EDGE('',*,*,#15407,.T.);
#15487=ORIENTED_EDGE('',*,*,#15486,.F.);
#15489=ORIENTED_EDGE('',*,*,#15488,.F.);
#15491=ORIENTED_EDGE('',*,*,#15490,.F.);
#15493=ORIENTED_EDGE('',*,*,#15492,.F.);
#15495=ORIENTED_EDGE('',*,*,#15494,.F.);
#15497=ORIENTED_EDGE('',*,*,#15496,.F.);
#15499=ORIENTED_EDGE('',*,*,#15498,.F.);
#15501=ORIENTED_EDGE('',*,*,#15500,.F.);
#15503=ORIENTED_EDGE('',*,*,#15502,.F.);
#15505=ORIENTED_EDGE('',*,*,#15504,.T.);
#15506=EDGE_LOOP('',(#15485,#15487,#15489,#15491,#15493,#15495,#15497,#15499,
#15501,#15503,#15505));
#15507=FACE_OUTER_BOUND('',#15506,.F.);
#15508=ADVANCED_FACE('',(#15507),#15484,.T.);
#15509=CARTESIAN_POINT('',(-1.795E-1,-1.4E-2,2.1E-2));
#15510=DIRECTION('',(-9.707950972229E-1,2.399101481970E-1,0.E0));
#15511=DIRECTION('',(2.399101481970E-1,9.707950972229E-1,0.E0));
#15512=AXIS2_PLACEMENT_3D('',#15509,#15510,#15511);
#15513=PLANE('',#15512);
#15515=ORIENTED_EDGE('',*,*,#15514,.T.);
#15516=ORIENTED_EDGE('',*,*,#15455,.T.);
#15518=ORIENTED_EDGE('',*,*,#15517,.T.);
#15520=ORIENTED_EDGE('',*,*,#15519,.F.);
#15521=EDGE_LOOP('',(#15515,#15516,#15518,#15520));
#15522=FACE_OUTER_BOUND('',#15521,.F.);
#15523=ADVANCED_FACE('',(#15522),#15513,.T.);
#15524=CARTESIAN_POINT('',(-1.795E-1,7.3E-2,-3.935E-2));
#15525=DIRECTION('',(-1.E0,0.E0,0.E0));
#15526=DIRECTION('',(0.E0,0.E0,1.E0));
#15527=AXIS2_PLACEMENT_3D('',#15524,#15525,#15526);
#15528=PLANE('',#15527);
#15530=ORIENTED_EDGE('',*,*,#15529,.F.);
#15532=ORIENTED_EDGE('',*,*,#15531,.F.);
#15534=ORIENTED_EDGE('',*,*,#15533,.F.);
#15535=ORIENTED_EDGE('',*,*,#15330,.F.);
#15536=ORIENTED_EDGE('',*,*,#9613,.F.);
#15538=ORIENTED_EDGE('',*,*,#15537,.F.);
#15540=ORIENTED_EDGE('',*,*,#15539,.T.);
#15541=ORIENTED_EDGE('',*,*,#15457,.T.);
#15542=ORIENTED_EDGE('',*,*,#15514,.F.);
#15543=EDGE_LOOP('',(#15530,#15532,#15534,#15535,#15536,#15538,#15540,#15541,
#15542));
#15544=FACE_OUTER_BOUND('',#15543,.F.);
#15545=ADVANCED_FACE('',(#15544),#15528,.T.);
#15546=CARTESIAN_POINT('',(-1.795E-1,7.3E-2,-3.935E-2));
#15547=DIRECTION('',(-1.E0,0.E0,0.E0));
#15548=DIRECTION('',(0.E0,0.E0,1.E0));
#15549=AXIS2_PLACEMENT_3D('',#15546,#15547,#15548);
#15550=PLANE('',#15549);
#15552=ORIENTED_EDGE('',*,*,#15551,.F.);
#15554=ORIENTED_EDGE('',*,*,#15553,.T.);
#15556=ORIENTED_EDGE('',*,*,#15555,.F.);
#15557=ORIENTED_EDGE('',*,*,#9333,.F.);
#15558=ORIENTED_EDGE('',*,*,#15393,.T.);
#15560=ORIENTED_EDGE('',*,*,#15559,.F.);
#15562=ORIENTED_EDGE('',*,*,#15561,.F.);
#15564=ORIENTED_EDGE('',*,*,#15563,.F.);
#15566=ORIENTED_EDGE('',*,*,#15565,.T.);
#15567=EDGE_LOOP('',(#15552,#15554,#15556,#15557,#15558,#15560,#15562,#15564,
#15566));
#15568=FACE_OUTER_BOUND('',#15567,.F.);
#15569=ADVANCED_FACE('',(#15568),#15550,.T.);
#15570=CARTESIAN_POINT('',(-1.355E-1,-1.4E-2,-3.935E-2));
#15571=DIRECTION('',(0.E0,-1.E0,0.E0));
#15572=DIRECTION('',(-1.E0,0.E0,0.E0));
#15573=AXIS2_PLACEMENT_3D('',#15570,#15571,#15572);
#15574=PLANE('',#15573);
#15576=ORIENTED_EDGE('',*,*,#15575,.F.);
#15577=ORIENTED_EDGE('',*,*,#15419,.T.);
#15579=ORIENTED_EDGE('',*,*,#15578,.T.);
#15581=ORIENTED_EDGE('',*,*,#15580,.T.);
#15582=EDGE_LOOP('',(#15576,#15577,#15579,#15581));
#15583=FACE_OUTER_BOUND('',#15582,.F.);
#15584=ADVANCED_FACE('',(#15583),#15574,.F.);
#15585=CARTESIAN_POINT('',(-1.355E-1,-1.4E-2,-3.935E-2));
#15586=DIRECTION('',(0.E0,-1.E0,0.E0));
#15587=DIRECTION('',(-1.E0,0.E0,0.E0));
#15588=AXIS2_PLACEMENT_3D('',#15585,#15586,#15587);
#15589=PLANE('',#15588);
#15591=ORIENTED_EDGE('',*,*,#15590,.F.);
#15593=ORIENTED_EDGE('',*,*,#15592,.T.);
#15595=ORIENTED_EDGE('',*,*,#15594,.T.);
#15596=ORIENTED_EDGE('',*,*,#15529,.T.);
#15597=EDGE_LOOP('',(#15591,#15593,#15595,#15596));
#15598=FACE_OUTER_BOUND('',#15597,.F.);
#15599=ADVANCED_FACE('',(#15598),#15589,.F.);
#15600=CARTESIAN_POINT('',(-1.355E-1,-1.4E-2,-3.935E-2));
#15601=DIRECTION('',(0.E0,-1.E0,0.E0));
#15602=DIRECTION('',(-1.E0,0.E0,0.E0));
#15603=AXIS2_PLACEMENT_3D('',#15600,#15601,#15602);
#15604=PLANE('',#15603);
#15606=ORIENTED_EDGE('',*,*,#15605,.T.);
#15608=ORIENTED_EDGE('',*,*,#15607,.T.);
#15610=ORIENTED_EDGE('',*,*,#15609,.F.);
#15611=ORIENTED_EDGE('',*,*,#15431,.T.);
#15612=EDGE_LOOP('',(#15606,#15608,#15610,#15611));
#15613=FACE_OUTER_BOUND('',#15612,.F.);
#15614=ADVANCED_FACE('',(#15613),#15604,.F.);
#15615=CARTESIAN_POINT('',(-1.355E-1,-1.4E-2,-3.935E-2));
#15616=DIRECTION('',(0.E0,-1.E0,0.E0));
#15617=DIRECTION('',(-1.E0,0.E0,0.E0));
#15618=AXIS2_PLACEMENT_3D('',#15615,#15616,#15617);
#15619=PLANE('',#15618);
#15621=ORIENTED_EDGE('',*,*,#15620,.T.);
#15622=ORIENTED_EDGE('',*,*,#15563,.T.);
#15624=ORIENTED_EDGE('',*,*,#15623,.F.);
#15626=ORIENTED_EDGE('',*,*,#15625,.T.);
#15627=EDGE_LOOP('',(#15621,#15622,#15624,#15626));
#15628=FACE_OUTER_BOUND('',#15627,.F.);
#15629=ADVANCED_FACE('',(#15628),#15619,.F.);
#15630=CARTESIAN_POINT('',(-1.355E-1,-3.9E-2,5.1E-2));
#15631=DIRECTION('',(0.E0,0.E0,-1.E0));
#15632=DIRECTION('',(-1.E0,0.E0,0.E0));
#15633=AXIS2_PLACEMENT_3D('',#15630,#15631,#15632);
#15634=PLANE('',#15633);
#15635=ORIENTED_EDGE('',*,*,#15575,.T.);
#15637=ORIENTED_EDGE('',*,*,#15636,.T.);
#15639=ORIENTED_EDGE('',*,*,#15638,.T.);
#15641=ORIENTED_EDGE('',*,*,#15640,.T.);
#15643=ORIENTED_EDGE('',*,*,#15642,.T.);
#15645=ORIENTED_EDGE('',*,*,#15644,.T.);
#15647=ORIENTED_EDGE('',*,*,#15646,.T.);
#15649=ORIENTED_EDGE('',*,*,#15648,.T.);
#15651=ORIENTED_EDGE('',*,*,#15650,.T.);
#15652=EDGE_LOOP('',(#15635,#15637,#15639,#15641,#15643,#15645,#15647,#15649,
#15651));
#15653=FACE_OUTER_BOUND('',#15652,.F.);
#15654=ADVANCED_FACE('',(#15653),#15634,.F.);
#15655=CARTESIAN_POINT('',(-1.355E-1,-3.9E-2,5.1E-2));
#15656=DIRECTION('',(0.E0,0.E0,-1.E0));
#15657=DIRECTION('',(-1.E0,0.E0,0.E0));
#15658=AXIS2_PLACEMENT_3D('',#15655,#15656,#15657);
#15659=PLANE('',#15658);
#15660=ORIENTED_EDGE('',*,*,#15590,.T.);
#15661=ORIENTED_EDGE('',*,*,#15519,.T.);
#15663=ORIENTED_EDGE('',*,*,#15662,.T.);
#15665=ORIENTED_EDGE('',*,*,#15664,.T.);
#15667=ORIENTED_EDGE('',*,*,#15666,.T.);
#15669=ORIENTED_EDGE('',*,*,#15668,.T.);
#15671=ORIENTED_EDGE('',*,*,#15670,.T.);
#15673=ORIENTED_EDGE('',*,*,#15672,.T.);
#15675=ORIENTED_EDGE('',*,*,#15674,.T.);
#15676=EDGE_LOOP('',(#15660,#15661,#15663,#15665,#15667,#15669,#15671,#15673,
#15675));
#15677=FACE_OUTER_BOUND('',#15676,.F.);
#15678=ADVANCED_FACE('',(#15677),#15659,.F.);
#15679=CARTESIAN_POINT('',(-1.415E-1,-1.4E-2,2.1E-2));
#15680=DIRECTION('',(-9.707950972229E-1,-2.399101481970E-1,0.E0));
#15681=DIRECTION('',(-2.399101481970E-1,9.707950972229E-1,0.E0));
#15682=AXIS2_PLACEMENT_3D('',#15679,#15680,#15681);
#15683=PLANE('',#15682);
#15685=ORIENTED_EDGE('',*,*,#15684,.T.);
#15686=ORIENTED_EDGE('',*,*,#15500,.T.);
#15688=ORIENTED_EDGE('',*,*,#15687,.T.);
#15689=ORIENTED_EDGE('',*,*,#15636,.F.);
#15690=EDGE_LOOP('',(#15685,#15686,#15688,#15689));
#15691=FACE_OUTER_BOUND('',#15690,.F.);
#15692=ADVANCED_FACE('',(#15691),#15683,.T.);
#15693=CARTESIAN_POINT('',(-1.415E-1,-3.9E-2,5.9E-2));
#15694=DIRECTION('',(-1.E0,0.E0,0.E0));
#15695=DIRECTION('',(0.E0,0.E0,-1.E0));
#15696=AXIS2_PLACEMENT_3D('',#15693,#15694,#15695);
#15697=PLANE('',#15696);
#15698=ORIENTED_EDGE('',*,*,#15684,.F.);
#15699=ORIENTED_EDGE('',*,*,#15580,.F.);
#15701=ORIENTED_EDGE('',*,*,#15700,.T.);
#15703=ORIENTED_EDGE('',*,*,#15702,.T.);
#15704=ORIENTED_EDGE('',*,*,#15502,.T.);
#15705=EDGE_LOOP('',(#15698,#15699,#15701,#15703,#15704));
#15706=FACE_OUTER_BOUND('',#15705,.F.);
#15707=ADVANCED_FACE('',(#15706),#15697,.T.);
#15708=CARTESIAN_POINT('',(-1.355E-1,6.6E-2,5.9E-2));
#15709=DIRECTION('',(0.E0,0.E0,-1.E0));
#15710=DIRECTION('',(0.E0,-1.E0,0.E0));
#15711=AXIS2_PLACEMENT_3D('',#15708,#15709,#15710);
#15712=PLANE('',#15711);
#15713=ORIENTED_EDGE('',*,*,#9611,.F.);
#15715=ORIENTED_EDGE('',*,*,#15714,.T.);
#15717=ORIENTED_EDGE('',*,*,#15716,.F.);
#15719=ORIENTED_EDGE('',*,*,#15718,.F.);
#15720=ORIENTED_EDGE('',*,*,#9603,.F.);
#15721=ORIENTED_EDGE('',*,*,#15411,.F.);
#15723=ORIENTED_EDGE('',*,*,#15722,.T.);
#15724=ORIENTED_EDGE('',*,*,#15700,.F.);
#15725=ORIENTED_EDGE('',*,*,#15578,.F.);
#15726=ORIENTED_EDGE('',*,*,#15417,.F.);
#15728=ORIENTED_EDGE('',*,*,#15727,.T.);
#15729=ORIENTED_EDGE('',*,*,#15531,.T.);
#15730=ORIENTED_EDGE('',*,*,#15594,.F.);
#15732=ORIENTED_EDGE('',*,*,#15731,.T.);
#15734=ORIENTED_EDGE('',*,*,#15733,.T.);
#15735=ORIENTED_EDGE('',*,*,#15537,.T.);
#15736=EDGE_LOOP('',(#15713,#15715,#15717,#15719,#15720,#15721,#15723,#15724,
#15725,#15726,#15728,#15729,#15730,#15732,#15734,#15735));
#15737=FACE_OUTER_BOUND('',#15736,.F.);
#15738=ADVANCED_FACE('',(#15737),#15712,.T.);
#15739=CARTESIAN_POINT('',(-1.665E-1,0.E0,0.E0));
#15740=DIRECTION('',(-1.E0,0.E0,0.E0));
#15741=DIRECTION('',(0.E0,0.E0,1.E0));
#15742=AXIS2_PLACEMENT_3D('',#15739,#15740,#15741);
#15743=PLANE('',#15742);
#15744=ORIENTED_EDGE('',*,*,#9609,.T.);
#15746=ORIENTED_EDGE('',*,*,#15745,.F.);
#15748=ORIENTED_EDGE('',*,*,#15747,.F.);
#15750=ORIENTED_EDGE('',*,*,#15749,.F.);
#15752=ORIENTED_EDGE('',*,*,#15751,.F.);
#15754=ORIENTED_EDGE('',*,*,#15753,.F.);
#15756=ORIENTED_EDGE('',*,*,#15755,.F.);
#15757=ORIENTED_EDGE('',*,*,#15714,.F.);
#15758=EDGE_LOOP('',(#15744,#15746,#15748,#15750,#15752,#15754,#15756,#15757));
#15759=FACE_OUTER_BOUND('',#15758,.F.);
#15760=ADVANCED_FACE('',(#15759),#15743,.T.);
#15761=CARTESIAN_POINT('',(-1.485E-1,-8.3E-2,6.5E-2));
#15762=DIRECTION('',(0.E0,0.E0,1.E0));
#15763=DIRECTION('',(0.E0,1.E0,0.E0));
#15764=AXIS2_PLACEMENT_3D('',#15761,#15762,#15763);
#15765=PLANE('',#15764);
#15766=ORIENTED_EDGE('',*,*,#9607,.F.);
#15768=ORIENTED_EDGE('',*,*,#15767,.F.);
#15770=ORIENTED_EDGE('',*,*,#15769,.T.);
#15771=ORIENTED_EDGE('',*,*,#15745,.T.);
#15772=EDGE_LOOP('',(#15766,#15768,#15770,#15771));
#15773=FACE_OUTER_BOUND('',#15772,.F.);
#15774=ADVANCED_FACE('',(#15773),#15765,.T.);
#15775=CARTESIAN_POINT('',(-1.485E-1,0.E0,0.E0));
#15776=DIRECTION('',(-1.E0,0.E0,0.E0));
#15777=DIRECTION('',(0.E0,0.E0,1.E0));
#15778=AXIS2_PLACEMENT_3D('',#15775,#15776,#15777);
#15779=PLANE('',#15778);
#15780=ORIENTED_EDGE('',*,*,#9605,.F.);
#15781=ORIENTED_EDGE('',*,*,#15718,.T.);
#15783=ORIENTED_EDGE('',*,*,#15782,.T.);
#15785=ORIENTED_EDGE('',*,*,#15784,.T.);
#15787=ORIENTED_EDGE('',*,*,#15786,.T.);
#15789=ORIENTED_EDGE('',*,*,#15788,.T.);
#15791=ORIENTED_EDGE('',*,*,#15790,.T.);
#15792=ORIENTED_EDGE('',*,*,#15767,.T.);
#15793=EDGE_LOOP('',(#15780,#15781,#15783,#15785,#15787,#15789,#15791,#15792));
#15794=FACE_OUTER_BOUND('',#15793,.F.);
#15795=ADVANCED_FACE('',(#15794),#15779,.F.);
#15796=CARTESIAN_POINT('',(-1.485E-1,-8.3E-2,7.1E-2));
#15797=DIRECTION('',(-1.E0,0.E0,0.E0));
#15798=DIRECTION('',(0.E0,0.E0,1.E0));
#15799=AXIS2_PLACEMENT_3D('',#15796,#15797,#15798);
#15800=CYLINDRICAL_SURFACE('',#15799,1.2E-2);
#15801=ORIENTED_EDGE('',*,*,#15782,.F.);
#15802=ORIENTED_EDGE('',*,*,#15716,.T.);
#15803=ORIENTED_EDGE('',*,*,#15755,.T.);
#15805=ORIENTED_EDGE('',*,*,#15804,.F.);
#15806=EDGE_LOOP('',(#15801,#15802,#15803,#15805));
#15807=FACE_OUTER_BOUND('',#15806,.F.);
#15808=ADVANCED_FACE('',(#15807),#15800,.T.);
#15809=CARTESIAN_POINT('',(-1.485E-1,-9.5E-2,7.1E-2));
#15810=DIRECTION('',(0.E0,-1.E0,0.E0));
#15811=DIRECTION('',(0.E0,0.E0,1.E0));
#15812=AXIS2_PLACEMENT_3D('',#15809,#15810,#15811);
#15813=PLANE('',#15812);
#15814=ORIENTED_EDGE('',*,*,#15784,.F.);
#15815=ORIENTED_EDGE('',*,*,#15804,.T.);
#15816=ORIENTED_EDGE('',*,*,#15753,.T.);
#15818=ORIENTED_EDGE('',*,*,#15817,.F.);
#15819=EDGE_LOOP('',(#15814,#15815,#15816,#15818));
#15820=FACE_OUTER_BOUND('',#15819,.F.);
#15821=ADVANCED_FACE('',(#15820),#15813,.T.);
#15822=CARTESIAN_POINT('',(-1.485E-1,-9.5E-2,1.05E-1));
#15823=DIRECTION('',(0.E0,0.E0,1.E0));
#15824=DIRECTION('',(0.E0,1.E0,0.E0));
#15825=AXIS2_PLACEMENT_3D('',#15822,#15823,#15824);
#15826=PLANE('',#15825);
#15827=ORIENTED_EDGE('',*,*,#15786,.F.);
#15828=ORIENTED_EDGE('',*,*,#15817,.T.);
#15829=ORIENTED_EDGE('',*,*,#15751,.T.);
#15831=ORIENTED_EDGE('',*,*,#15830,.F.);
#15832=EDGE_LOOP('',(#15827,#15828,#15829,#15831));
#15833=FACE_OUTER_BOUND('',#15832,.F.);
#15834=ADVANCED_FACE('',(#15833),#15826,.T.);
#15835=CARTESIAN_POINT('',(-1.485E-1,-8.9E-2,1.05E-1));
#15836=DIRECTION('',(0.E0,1.E0,0.E0));
#15837=DIRECTION('',(0.E0,0.E0,-1.E0));
#15838=AXIS2_PLACEMENT_3D('',#15835,#15836,#15837);
#15839=PLANE('',#15838);
#15840=ORIENTED_EDGE('',*,*,#15788,.F.);
#15841=ORIENTED_EDGE('',*,*,#15830,.T.);
#15842=ORIENTED_EDGE('',*,*,#15749,.T.);
#15844=ORIENTED_EDGE('',*,*,#15843,.F.);
#15845=EDGE_LOOP('',(#15840,#15841,#15842,#15844));
#15846=FACE_OUTER_BOUND('',#15845,.F.);
#15847=ADVANCED_FACE('',(#15846),#15839,.T.);
#15848=CARTESIAN_POINT('',(-1.485E-1,-8.3E-2,7.1E-2));
#15849=DIRECTION('',(-1.E0,0.E0,0.E0));
#15850=DIRECTION('',(0.E0,0.E0,1.E0));
#15851=AXIS2_PLACEMENT_3D('',#15848,#15849,#15850);
#15852=CYLINDRICAL_SURFACE('',#15851,6.E-3);
#15853=ORIENTED_EDGE('',*,*,#15790,.F.);
#15854=ORIENTED_EDGE('',*,*,#15843,.T.);
#15855=ORIENTED_EDGE('',*,*,#15747,.T.);
#15856=ORIENTED_EDGE('',*,*,#15769,.F.);
#15857=EDGE_LOOP('',(#15853,#15854,#15855,#15856));
#15858=FACE_OUTER_BOUND('',#15857,.F.);
#15859=ADVANCED_FACE('',(#15858),#15852,.F.);
#15860=CARTESIAN_POINT('',(-1.355E-1,-3.9E-2,-3.935E-2));
#15861=DIRECTION('',(0.E0,-1.E0,0.E0));
#15862=DIRECTION('',(-1.E0,0.E0,0.E0));
#15863=AXIS2_PLACEMENT_3D('',#15860,#15861,#15862);
#15864=PLANE('',#15863);
#15866=ORIENTED_EDGE('',*,*,#15865,.T.);
#15868=ORIENTED_EDGE('',*,*,#15867,.F.);
#15870=ORIENTED_EDGE('',*,*,#15869,.F.);
#15871=ORIENTED_EDGE('',*,*,#15441,.F.);
#15872=EDGE_LOOP('',(#15866,#15868,#15870,#15871));
#15873=FACE_OUTER_BOUND('',#15872,.F.);
#15874=ADVANCED_FACE('',(#15873),#15864,.T.);
#15875=CARTESIAN_POINT('',(-1.355E-1,-3.9E-2,-3.935E-2));
#15876=DIRECTION('',(0.E0,-1.E0,0.E0));
#15877=DIRECTION('',(-1.E0,0.E0,0.E0));
#15878=AXIS2_PLACEMENT_3D('',#15875,#15876,#15877);
#15879=PLANE('',#15878);
#15881=ORIENTED_EDGE('',*,*,#15880,.T.);
#15882=ORIENTED_EDGE('',*,*,#15553,.F.);
#15884=ORIENTED_EDGE('',*,*,#15883,.F.);
#15886=ORIENTED_EDGE('',*,*,#15885,.F.);
#15887=EDGE_LOOP('',(#15881,#15882,#15884,#15886));
#15888=FACE_OUTER_BOUND('',#15887,.F.);
#15889=ADVANCED_FACE('',(#15888),#15879,.T.);
#15890=CARTESIAN_POINT('',(-1.355E-1,-3.9E-2,-3.935E-2));
#15891=DIRECTION('',(0.E0,-1.E0,0.E0));
#15892=DIRECTION('',(-1.E0,0.E0,0.E0));
#15893=AXIS2_PLACEMENT_3D('',#15890,#15891,#15892);
#15894=PLANE('',#15893);
#15895=ORIENTED_EDGE('',*,*,#15722,.F.);
#15896=ORIENTED_EDGE('',*,*,#15409,.F.);
#15897=ORIENTED_EDGE('',*,*,#15504,.F.);
#15898=ORIENTED_EDGE('',*,*,#15702,.F.);
#15899=EDGE_LOOP('',(#15895,#15896,#15897,#15898));
#15900=FACE_OUTER_BOUND('',#15899,.F.);
#15901=ADVANCED_FACE('',(#15900),#15894,.T.);
#15902=CARTESIAN_POINT('',(-1.355E-1,-3.9E-2,-3.935E-2));
#15903=DIRECTION('',(0.E0,-1.E0,0.E0));
#15904=DIRECTION('',(-1.E0,0.E0,0.E0));
#15905=AXIS2_PLACEMENT_3D('',#15902,#15903,#15904);
#15906=PLANE('',#15905);
#15907=ORIENTED_EDGE('',*,*,#15733,.F.);
#15909=ORIENTED_EDGE('',*,*,#15908,.F.);
#15910=ORIENTED_EDGE('',*,*,#15459,.F.);
#15911=ORIENTED_EDGE('',*,*,#15539,.F.);
#15912=EDGE_LOOP('',(#15907,#15909,#15910,#15911));
#15913=FACE_OUTER_BOUND('',#15912,.F.);
#15914=ADVANCED_FACE('',(#15913),#15906,.T.);
#15915=CARTESIAN_POINT('',(-1.355E-1,-7.2E-2,-5.9E-2));
#15916=DIRECTION('',(0.E0,0.E0,1.E0));
#15917=DIRECTION('',(0.E0,1.E0,0.E0));
#15918=AXIS2_PLACEMENT_3D('',#15915,#15916,#15917);
#15919=PLANE('',#15918);
#15920=ORIENTED_EDGE('',*,*,#9343,.T.);
#15922=ORIENTED_EDGE('',*,*,#15921,.F.);
#15924=ORIENTED_EDGE('',*,*,#15923,.T.);
#15926=ORIENTED_EDGE('',*,*,#15925,.T.);
#15927=ORIENTED_EDGE('',*,*,#9335,.T.);
#15928=ORIENTED_EDGE('',*,*,#15555,.T.);
#15929=ORIENTED_EDGE('',*,*,#15880,.F.);
#15931=ORIENTED_EDGE('',*,*,#15930,.F.);
#15932=ORIENTED_EDGE('',*,*,#15623,.T.);
#15933=ORIENTED_EDGE('',*,*,#15561,.T.);
#15935=ORIENTED_EDGE('',*,*,#15934,.F.);
#15936=ORIENTED_EDGE('',*,*,#15433,.F.);
#15937=ORIENTED_EDGE('',*,*,#15609,.T.);
#15939=ORIENTED_EDGE('',*,*,#15938,.T.);
#15940=ORIENTED_EDGE('',*,*,#15865,.F.);
#15941=ORIENTED_EDGE('',*,*,#15439,.F.);
#15942=EDGE_LOOP('',(#15920,#15922,#15924,#15926,#15927,#15928,#15929,#15931,
#15932,#15933,#15935,#15936,#15937,#15939,#15940,#15941));
#15943=FACE_OUTER_BOUND('',#15942,.F.);
#15944=ADVANCED_FACE('',(#15943),#15919,.T.);
#15945=CARTESIAN_POINT('',(-1.485E-1,0.E0,0.E0));
#15946=DIRECTION('',(-1.E0,0.E0,0.E0));
#15947=DIRECTION('',(0.E0,0.E0,1.E0));
#15948=AXIS2_PLACEMENT_3D('',#15945,#15946,#15947);
#15949=PLANE('',#15948);
#15950=ORIENTED_EDGE('',*,*,#9341,.F.);
#15952=ORIENTED_EDGE('',*,*,#15951,.T.);
#15954=ORIENTED_EDGE('',*,*,#15953,.T.);
#15956=ORIENTED_EDGE('',*,*,#15955,.T.);
#15958=ORIENTED_EDGE('',*,*,#15957,.T.);
#15960=ORIENTED_EDGE('',*,*,#15959,.T.);
#15962=ORIENTED_EDGE('',*,*,#15961,.T.);
#15963=ORIENTED_EDGE('',*,*,#15921,.T.);
#15964=EDGE_LOOP('',(#15950,#15952,#15954,#15956,#15958,#15960,#15962,#15963));
#15965=FACE_OUTER_BOUND('',#15964,.F.);
#15966=ADVANCED_FACE('',(#15965),#15949,.F.);
#15967=CARTESIAN_POINT('',(-1.485E-1,-7.1E-2,-6.5E-2));
#15968=DIRECTION('',(0.E0,0.E0,-1.E0));
#15969=DIRECTION('',(0.E0,-1.E0,0.E0));
#15970=AXIS2_PLACEMENT_3D('',#15967,#15968,#15969);
#15971=PLANE('',#15970);
#15972=ORIENTED_EDGE('',*,*,#9339,.T.);
#15974=ORIENTED_EDGE('',*,*,#15973,.T.);
#15976=ORIENTED_EDGE('',*,*,#15975,.F.);
#15977=ORIENTED_EDGE('',*,*,#15951,.F.);
#15978=EDGE_LOOP('',(#15972,#15974,#15976,#15977));
#15979=FACE_OUTER_BOUND('',#15978,.F.);
#15980=ADVANCED_FACE('',(#15979),#15971,.T.);
#15981=CARTESIAN_POINT('',(-1.665E-1,0.E0,0.E0));
#15982=DIRECTION('',(-1.E0,0.E0,0.E0));
#15983=DIRECTION('',(0.E0,0.E0,1.E0));
#15984=AXIS2_PLACEMENT_3D('',#15981,#15982,#15983);
#15985=PLANE('',#15984);
#15986=ORIENTED_EDGE('',*,*,#9337,.T.);
#15987=ORIENTED_EDGE('',*,*,#15925,.F.);
#15989=ORIENTED_EDGE('',*,*,#15988,.F.);
#15991=ORIENTED_EDGE('',*,*,#15990,.F.);
#15993=ORIENTED_EDGE('',*,*,#15992,.F.);
#15995=ORIENTED_EDGE('',*,*,#15994,.F.);
#15997=ORIENTED_EDGE('',*,*,#15996,.F.);
#15998=ORIENTED_EDGE('',*,*,#15973,.F.);
#15999=EDGE_LOOP('',(#15986,#15987,#15989,#15991,#15993,#15995,#15997,#15998));
#16000=FACE_OUTER_BOUND('',#15999,.F.);
#16001=ADVANCED_FACE('',(#16000),#15985,.T.);
#16002=CARTESIAN_POINT('',(-1.485E-1,-8.3E-2,-7.1E-2));
#16003=DIRECTION('',(-1.E0,0.E0,0.E0));
#16004=DIRECTION('',(0.E0,0.E0,1.E0));
#16005=AXIS2_PLACEMENT_3D('',#16002,#16003,#16004);
#16006=CYLINDRICAL_SURFACE('',#16005,1.2E-2);
#16007=ORIENTED_EDGE('',*,*,#15961,.F.);
#16009=ORIENTED_EDGE('',*,*,#16008,.T.);
#16010=ORIENTED_EDGE('',*,*,#15988,.T.);
#16011=ORIENTED_EDGE('',*,*,#15923,.F.);
#16012=EDGE_LOOP('',(#16007,#16009,#16010,#16011));
#16013=FACE_OUTER_BOUND('',#16012,.F.);
#16014=ADVANCED_FACE('',(#16013),#16006,.T.);
#16015=CARTESIAN_POINT('',(-1.485E-1,-9.5E-2,-1.05E-1));
#16016=DIRECTION('',(0.E0,-1.E0,0.E0));
#16017=DIRECTION('',(0.E0,0.E0,1.E0));
#16018=AXIS2_PLACEMENT_3D('',#16015,#16016,#16017);
#16019=PLANE('',#16018);
#16020=ORIENTED_EDGE('',*,*,#15959,.F.);
#16022=ORIENTED_EDGE('',*,*,#16021,.T.);
#16023=ORIENTED_EDGE('',*,*,#15990,.T.);
#16024=ORIENTED_EDGE('',*,*,#16008,.F.);
#16025=EDGE_LOOP('',(#16020,#16022,#16023,#16024));
#16026=FACE_OUTER_BOUND('',#16025,.F.);
#16027=ADVANCED_FACE('',(#16026),#16019,.T.);
#16028=CARTESIAN_POINT('',(-1.485E-1,-8.9E-2,-1.05E-1));
#16029=DIRECTION('',(0.E0,0.E0,-1.E0));
#16030=DIRECTION('',(0.E0,-1.E0,0.E0));
#16031=AXIS2_PLACEMENT_3D('',#16028,#16029,#16030);
#16032=PLANE('',#16031);
#16033=ORIENTED_EDGE('',*,*,#15957,.F.);
#16035=ORIENTED_EDGE('',*,*,#16034,.T.);
#16036=ORIENTED_EDGE('',*,*,#15992,.T.);
#16037=ORIENTED_EDGE('',*,*,#16021,.F.);
#16038=EDGE_LOOP('',(#16033,#16035,#16036,#16037));
#16039=FACE_OUTER_BOUND('',#16038,.F.);
#16040=ADVANCED_FACE('',(#16039),#16032,.T.);
#16041=CARTESIAN_POINT('',(-1.485E-1,-8.9E-2,-7.1E-2));
#16042=DIRECTION('',(0.E0,1.E0,0.E0));
#16043=DIRECTION('',(0.E0,0.E0,-1.E0));
#16044=AXIS2_PLACEMENT_3D('',#16041,#16042,#16043);
#16045=PLANE('',#16044);
#16046=ORIENTED_EDGE('',*,*,#15955,.F.);
#16048=ORIENTED_EDGE('',*,*,#16047,.T.);
#16049=ORIENTED_EDGE('',*,*,#15994,.T.);
#16050=ORIENTED_EDGE('',*,*,#16034,.F.);
#16051=EDGE_LOOP('',(#16046,#16048,#16049,#16050));
#16052=FACE_OUTER_BOUND('',#16051,.F.);
#16053=ADVANCED_FACE('',(#16052),#16045,.T.);
#16054=CARTESIAN_POINT('',(-1.485E-1,-8.3E-2,-7.1E-2));
#16055=DIRECTION('',(-1.E0,0.E0,0.E0));
#16056=DIRECTION('',(0.E0,0.E0,1.E0));
#16057=AXIS2_PLACEMENT_3D('',#16054,#16055,#16056);
#16058=CYLINDRICAL_SURFACE('',#16057,6.E-3);
#16059=ORIENTED_EDGE('',*,*,#15953,.F.);
#16060=ORIENTED_EDGE('',*,*,#15975,.T.);
#16061=ORIENTED_EDGE('',*,*,#15996,.T.);
#16062=ORIENTED_EDGE('',*,*,#16047,.F.);
#16063=EDGE_LOOP('',(#16059,#16060,#16061,#16062));
#16064=FACE_OUTER_BOUND('',#16063,.F.);
#16065=ADVANCED_FACE('',(#16064),#16058,.F.);
#16066=CARTESIAN_POINT('',(-1.735E-1,-3.9E-2,-5.9E-2));
#16067=DIRECTION('',(1.E0,0.E0,0.E0));
#16068=DIRECTION('',(0.E0,0.E0,1.E0));
#16069=AXIS2_PLACEMENT_3D('',#16066,#16067,#16068);
#16070=PLANE('',#16069);
#16072=ORIENTED_EDGE('',*,*,#16071,.F.);
#16073=ORIENTED_EDGE('',*,*,#15625,.F.);
#16074=ORIENTED_EDGE('',*,*,#15930,.T.);
#16075=ORIENTED_EDGE('',*,*,#15885,.T.);
#16077=ORIENTED_EDGE('',*,*,#16076,.T.);
#16078=EDGE_LOOP('',(#16072,#16073,#16074,#16075,#16077));
#16079=FACE_OUTER_BOUND('',#16078,.F.);
#16080=ADVANCED_FACE('',(#16079),#16070,.T.);
#16081=CARTESIAN_POINT('',(-1.735E-1,-1.4E-2,-2.1E-2));
#16082=DIRECTION('',(9.707950972229E-1,-2.399101481970E-1,0.E0));
#16083=DIRECTION('',(2.399101481970E-1,9.707950972229E-1,0.E0));
#16084=AXIS2_PLACEMENT_3D('',#16081,#16082,#16083);
#16085=PLANE('',#16084);
#16086=ORIENTED_EDGE('',*,*,#16071,.T.);
#16088=ORIENTED_EDGE('',*,*,#16087,.T.);
#16090=ORIENTED_EDGE('',*,*,#16089,.T.);
#16092=ORIENTED_EDGE('',*,*,#16091,.F.);
#16093=EDGE_LOOP('',(#16086,#16088,#16090,#16092));
#16094=FACE_OUTER_BOUND('',#16093,.F.);
#16095=ADVANCED_FACE('',(#16094),#16085,.T.);
#16096=CARTESIAN_POINT('',(-1.355E-1,-3.9E-2,-2.1E-2));
#16097=DIRECTION('',(0.E0,0.E0,1.E0));
#16098=DIRECTION('',(-1.E0,0.E0,0.E0));
#16099=AXIS2_PLACEMENT_3D('',#16096,#16097,#16098);
#16100=PLANE('',#16099);
#16101=ORIENTED_EDGE('',*,*,#16087,.F.);
#16102=ORIENTED_EDGE('',*,*,#16076,.F.);
#16103=ORIENTED_EDGE('',*,*,#15883,.T.);
#16104=ORIENTED_EDGE('',*,*,#15551,.T.);
#16106=ORIENTED_EDGE('',*,*,#16105,.F.);
#16108=ORIENTED_EDGE('',*,*,#16107,.F.);
#16110=ORIENTED_EDGE('',*,*,#16109,.F.);
#16112=ORIENTED_EDGE('',*,*,#16111,.F.);
#16114=ORIENTED_EDGE('',*,*,#16113,.F.);
#16116=ORIENTED_EDGE('',*,*,#16115,.F.);
#16118=ORIENTED_EDGE('',*,*,#16117,.F.);
#16119=EDGE_LOOP('',(#16101,#16102,#16103,#16104,#16106,#16108,#16110,#16112,
#16114,#16116,#16118));
#16120=FACE_OUTER_BOUND('',#16119,.F.);
#16121=ADVANCED_FACE('',(#16120),#16100,.T.);
#16122=CARTESIAN_POINT('',(-1.355E-1,-3.9E-2,-2.1E-2));
#16123=DIRECTION('',(0.E0,0.E0,1.E0));
#16124=DIRECTION('',(-1.E0,0.E0,0.E0));
#16125=AXIS2_PLACEMENT_3D('',#16122,#16123,#16124);
#16126=PLANE('',#16125);
#16128=ORIENTED_EDGE('',*,*,#16127,.T.);
#16130=ORIENTED_EDGE('',*,*,#16129,.F.);
#16132=ORIENTED_EDGE('',*,*,#16131,.F.);
#16134=ORIENTED_EDGE('',*,*,#16133,.F.);
#16136=ORIENTED_EDGE('',*,*,#16135,.F.);
#16138=ORIENTED_EDGE('',*,*,#16137,.F.);
#16140=ORIENTED_EDGE('',*,*,#16139,.F.);
#16142=ORIENTED_EDGE('',*,*,#16141,.F.);
#16144=ORIENTED_EDGE('',*,*,#16143,.F.);
#16145=ORIENTED_EDGE('',*,*,#15443,.F.);
#16146=ORIENTED_EDGE('',*,*,#15869,.T.);
#16147=EDGE_LOOP('',(#16128,#16130,#16132,#16134,#16136,#16138,#16140,#16142,
#16144,#16145,#16146));
#16148=FACE_OUTER_BOUND('',#16147,.F.);
#16149=ADVANCED_FACE('',(#16148),#16126,.T.);
#16150=CARTESIAN_POINT('',(-1.697628441250E-1,2.540134777705E-2,-2.1E-2));
#16151=DIRECTION('',(-9.707950972229E-1,2.399101481970E-1,0.E0));
#16152=DIRECTION('',(-2.399101481970E-1,-9.707950972229E-1,0.E0));
#16153=AXIS2_PLACEMENT_3D('',#16150,#16151,#16152);
#16154=PLANE('',#16153);
#16155=ORIENTED_EDGE('',*,*,#15565,.F.);
#16157=ORIENTED_EDGE('',*,*,#16156,.F.);
#16159=ORIENTED_EDGE('',*,*,#16158,.F.);
#16160=ORIENTED_EDGE('',*,*,#16105,.T.);
#16161=EDGE_LOOP('',(#16155,#16157,#16159,#16160));
#16162=FACE_OUTER_BOUND('',#16161,.F.);
#16163=ADVANCED_FACE('',(#16162),#16154,.T.);
#16164=CARTESIAN_POINT('',(-1.355E-1,-3.9E-2,-5.1E-2));
#16165=DIRECTION('',(0.E0,0.E0,1.E0));
#16166=DIRECTION('',(1.E0,0.E0,0.E0));
#16167=AXIS2_PLACEMENT_3D('',#16164,#16165,#16166);
#16168=PLANE('',#16167);
#16169=ORIENTED_EDGE('',*,*,#15605,.F.);
#16171=ORIENTED_EDGE('',*,*,#16170,.T.);
#16173=ORIENTED_EDGE('',*,*,#16172,.T.);
#16175=ORIENTED_EDGE('',*,*,#16174,.T.);
#16177=ORIENTED_EDGE('',*,*,#16176,.T.);
#16179=ORIENTED_EDGE('',*,*,#16178,.T.);
#16181=ORIENTED_EDGE('',*,*,#16180,.T.);
#16183=ORIENTED_EDGE('',*,*,#16182,.T.);
#16185=ORIENTED_EDGE('',*,*,#16184,.T.);
#16186=EDGE_LOOP('',(#16169,#16171,#16173,#16175,#16177,#16179,#16181,#16183,
#16185));
#16187=FACE_OUTER_BOUND('',#16186,.F.);
#16188=ADVANCED_FACE('',(#16187),#16168,.F.);
#16189=CARTESIAN_POINT('',(-1.355E-1,-3.9E-2,-5.1E-2));
#16190=DIRECTION('',(0.E0,0.E0,1.E0));
#16191=DIRECTION('',(1.E0,0.E0,0.E0));
#16192=AXIS2_PLACEMENT_3D('',#16189,#16190,#16191);
#16193=PLANE('',#16192);
#16194=ORIENTED_EDGE('',*,*,#15620,.F.);
#16195=ORIENTED_EDGE('',*,*,#16091,.T.);
#16197=ORIENTED_EDGE('',*,*,#16196,.T.);
#16199=ORIENTED_EDGE('',*,*,#16198,.T.);
#16201=ORIENTED_EDGE('',*,*,#16200,.T.);
#16203=ORIENTED_EDGE('',*,*,#16202,.T.);
#16205=ORIENTED_EDGE('',*,*,#16204,.T.);
#16207=ORIENTED_EDGE('',*,*,#16206,.T.);
#16208=ORIENTED_EDGE('',*,*,#16156,.T.);
#16209=EDGE_LOOP('',(#16194,#16195,#16197,#16199,#16201,#16203,#16205,#16207,
#16208));
#16210=FACE_OUTER_BOUND('',#16209,.F.);
#16211=ADVANCED_FACE('',(#16210),#16193,.F.);
#16212=CARTESIAN_POINT('',(-1.355E-1,-1.4E-2,-2.1E-2));
#16213=DIRECTION('',(9.707950972229E-1,2.399101481970E-1,0.E0));
#16214=DIRECTION('',(-2.399101481970E-1,9.707950972229E-1,0.E0));
#16215=AXIS2_PLACEMENT_3D('',#16212,#16213,#16214);
#16216=PLANE('',#16215);
#16217=ORIENTED_EDGE('',*,*,#15445,.T.);
#16218=ORIENTED_EDGE('',*,*,#16143,.T.);
#16220=ORIENTED_EDGE('',*,*,#16219,.T.);
#16221=ORIENTED_EDGE('',*,*,#16170,.F.);
#16222=EDGE_LOOP('',(#16217,#16218,#16220,#16221));
#16223=FACE_OUTER_BOUND('',#16222,.F.);
#16224=ADVANCED_FACE('',(#16223),#16216,.T.);
#16225=CARTESIAN_POINT('',(-1.306752294167E-1,2.9E-2,-2.1E-2));
#16226=DIRECTION('',(0.E0,0.E0,1.E0));
#16227=DIRECTION('',(1.E0,0.E0,0.E0));
#16228=AXIS2_PLACEMENT_3D('',#16225,#16226,#16227);
#16229=CYLINDRICAL_SURFACE('',#16228,1.5E-2);
#16230=ORIENTED_EDGE('',*,*,#16141,.T.);
#16232=ORIENTED_EDGE('',*,*,#16231,.T.);
#16233=ORIENTED_EDGE('',*,*,#16172,.F.);
#16234=ORIENTED_EDGE('',*,*,#16219,.F.);
#16235=EDGE_LOOP('',(#16230,#16232,#16233,#16234));
#16236=FACE_OUTER_BOUND('',#16235,.F.);
#16237=ADVANCED_FACE('',(#16236),#16229,.F.);
#16238=CARTESIAN_POINT('',(-1.449526128117E-1,3.359960035135E-2,-2.1E-2));
#16239=DIRECTION('',(9.518255596667E-1,-3.066400234235E-1,0.E0));
#16240=DIRECTION('',(3.066400234235E-1,9.518255596667E-1,0.E0));
#16241=AXIS2_PLACEMENT_3D('',#16238,#16239,#16240);
#16242=PLANE('',#16241);
#16243=ORIENTED_EDGE('',*,*,#16139,.T.);
#16245=ORIENTED_EDGE('',*,*,#16244,.T.);
#16246=ORIENTED_EDGE('',*,*,#16174,.F.);
#16247=ORIENTED_EDGE('',*,*,#16231,.F.);
#16248=EDGE_LOOP('',(#16243,#16245,#16246,#16247));
#16249=FACE_OUTER_BOUND('',#16248,.F.);
#16250=ADVANCED_FACE('',(#16249),#16242,.T.);
#16251=CARTESIAN_POINT('',(-1.398220221974E-1,4.952520337047E-2,-2.1E-2));
#16252=DIRECTION('',(8.898695476930E-1,4.562150678010E-1,0.E0));
#16253=DIRECTION('',(-4.562150678010E-1,8.898695476930E-1,0.E0));
#16254=AXIS2_PLACEMENT_3D('',#16251,#16252,#16253);
#16255=PLANE('',#16254);
#16256=ORIENTED_EDGE('',*,*,#16137,.T.);
#16258=ORIENTED_EDGE('',*,*,#16257,.T.);
#16259=ORIENTED_EDGE('',*,*,#16176,.F.);
#16260=ORIENTED_EDGE('',*,*,#16244,.F.);
#16261=EDGE_LOOP('',(#16256,#16258,#16259,#16260));
#16262=FACE_OUTER_BOUND('',#16261,.F.);
#16263=ADVANCED_FACE('',(#16262),#16255,.T.);
#16264=CARTESIAN_POINT('',(-1.416445233210E-1,5.308007992973E-2,-2.1E-2));
#16265=DIRECTION('',(3.066400234235E-1,9.518255596667E-1,0.E0));
#16266=DIRECTION('',(-9.518255596667E-1,3.066400234235E-1,0.E0));
#16267=AXIS2_PLACEMENT_3D('',#16264,#16265,#16266);
#16268=PLANE('',#16267);
#16269=ORIENTED_EDGE('',*,*,#16135,.T.);
#16271=ORIENTED_EDGE('',*,*,#16270,.T.);
#16272=ORIENTED_EDGE('',*,*,#16178,.F.);
#16273=ORIENTED_EDGE('',*,*,#16257,.F.);
#16274=EDGE_LOOP('',(#16269,#16271,#16272,#16273));
#16275=FACE_OUTER_BOUND('',#16274,.F.);
#16276=ADVANCED_FACE('',(#16275),#16268,.T.);
#16277=CARTESIAN_POINT('',(-1.445E-1,5.4E-2,-2.1E-2));
#16278=DIRECTION('',(-9.518255596667E-1,3.066400234235E-1,0.E0));
#16279=DIRECTION('',(-3.066400234235E-1,-9.518255596667E-1,0.E0));
#16280=AXIS2_PLACEMENT_3D('',#16277,#16278,#16279);
#16281=PLANE('',#16280);
#16282=ORIENTED_EDGE('',*,*,#16133,.T.);
#16284=ORIENTED_EDGE('',*,*,#16283,.T.);
#16285=ORIENTED_EDGE('',*,*,#16180,.F.);
#16286=ORIENTED_EDGE('',*,*,#16270,.F.);
#16287=EDGE_LOOP('',(#16282,#16284,#16285,#16286));
#16288=FACE_OUTER_BOUND('',#16287,.F.);
#16289=ADVANCED_FACE('',(#16288),#16281,.T.);
#16290=CARTESIAN_POINT('',(-1.306752294167E-1,2.9E-2,-2.1E-2));
#16291=DIRECTION('',(0.E0,0.E0,1.E0));
#16292=DIRECTION('',(1.E0,0.E0,0.E0));
#16293=AXIS2_PLACEMENT_3D('',#16290,#16291,#16292);
#16294=CYLINDRICAL_SURFACE('',#16293,2.082477058334E-2);
#16295=ORIENTED_EDGE('',*,*,#16131,.T.);
#16297=ORIENTED_EDGE('',*,*,#16296,.T.);
#16298=ORIENTED_EDGE('',*,*,#16182,.F.);
#16299=ORIENTED_EDGE('',*,*,#16283,.F.);
#16300=EDGE_LOOP('',(#16295,#16297,#16298,#16299));
#16301=FACE_OUTER_BOUND('',#16300,.F.);
#16302=ADVANCED_FACE('',(#16301),#16294,.T.);
#16303=CARTESIAN_POINT('',(-1.508918145998E-1,2.400392620318E-2,-2.1E-2));
#16304=DIRECTION('',(-9.707950972229E-1,-2.399101481970E-1,0.E0));
#16305=DIRECTION('',(2.399101481970E-1,-9.707950972229E-1,0.E0));
#16306=AXIS2_PLACEMENT_3D('',#16303,#16304,#16305);
#16307=PLANE('',#16306);
#16309=ORIENTED_EDGE('',*,*,#16308,.F.);
#16310=ORIENTED_EDGE('',*,*,#16184,.F.);
#16311=ORIENTED_EDGE('',*,*,#16296,.F.);
#16312=ORIENTED_EDGE('',*,*,#16129,.T.);
#16313=EDGE_LOOP('',(#16309,#16310,#16311,#16312));
#16314=FACE_OUTER_BOUND('',#16313,.F.);
#16315=ADVANCED_FACE('',(#16314),#16307,.T.);
#16316=CARTESIAN_POINT('',(-1.415E-1,-3.9E-2,-2.1E-2));
#16317=DIRECTION('',(-1.E0,0.E0,0.E0));
#16318=DIRECTION('',(0.E0,0.E0,-1.E0));
#16319=AXIS2_PLACEMENT_3D('',#16316,#16317,#16318);
#16320=PLANE('',#16319);
#16321=ORIENTED_EDGE('',*,*,#16308,.T.);
#16322=ORIENTED_EDGE('',*,*,#16127,.F.);
#16323=ORIENTED_EDGE('',*,*,#15867,.T.);
#16324=ORIENTED_EDGE('',*,*,#15938,.F.);
#16325=ORIENTED_EDGE('',*,*,#15607,.F.);
#16326=EDGE_LOOP('',(#16321,#16322,#16323,#16324,#16325));
#16327=FACE_OUTER_BOUND('',#16326,.F.);
#16328=ADVANCED_FACE('',(#16327),#16320,.T.);
#16329=CARTESIAN_POINT('',(-1.843247705833E-1,2.9E-2,-2.1E-2));
#16330=DIRECTION('',(0.E0,0.E0,1.E0));
#16331=DIRECTION('',(1.E0,0.E0,0.E0));
#16332=AXIS2_PLACEMENT_3D('',#16329,#16330,#16331);
#16333=CYLINDRICAL_SURFACE('',#16332,2.082477058334E-2);
#16334=ORIENTED_EDGE('',*,*,#16117,.T.);
#16336=ORIENTED_EDGE('',*,*,#16335,.T.);
#16337=ORIENTED_EDGE('',*,*,#16196,.F.);
#16338=ORIENTED_EDGE('',*,*,#16089,.F.);
#16339=EDGE_LOOP('',(#16334,#16336,#16337,#16338));
#16340=FACE_OUTER_BOUND('',#16339,.F.);
#16341=ADVANCED_FACE('',(#16340),#16333,.T.);
#16342=CARTESIAN_POINT('',(-1.645032216679E-1,3.538570813946E-2,-2.1E-2));
#16343=DIRECTION('',(9.518255596667E-1,3.066400234235E-1,0.E0));
#16344=DIRECTION('',(-3.066400234235E-1,9.518255596667E-1,0.E0));
#16345=AXIS2_PLACEMENT_3D('',#16342,#16343,#16344);
#16346=PLANE('',#16345);
#16347=ORIENTED_EDGE('',*,*,#16115,.T.);
#16349=ORIENTED_EDGE('',*,*,#16348,.T.);
#16350=ORIENTED_EDGE('',*,*,#16198,.F.);
#16351=ORIENTED_EDGE('',*,*,#16335,.F.);
#16352=EDGE_LOOP('',(#16347,#16349,#16350,#16351));
#16353=FACE_OUTER_BOUND('',#16352,.F.);
#16354=ADVANCED_FACE('',(#16353),#16346,.T.);
#16355=CARTESIAN_POINT('',(-1.705E-1,5.4E-2,-2.1E-2));
#16356=DIRECTION('',(-3.066400234235E-1,9.518255596667E-1,0.E0));
#16357=DIRECTION('',(-9.518255596667E-1,-3.066400234235E-1,0.E0));
#16358=AXIS2_PLACEMENT_3D('',#16355,#16356,#16357);
#16359=PLANE('',#16358);
#16360=ORIENTED_EDGE('',*,*,#16113,.T.);
#16362=ORIENTED_EDGE('',*,*,#16361,.T.);
#16363=ORIENTED_EDGE('',*,*,#16200,.F.);
#16364=ORIENTED_EDGE('',*,*,#16348,.F.);
#16365=EDGE_LOOP('',(#16360,#16362,#16363,#16364));
#16366=FACE_OUTER_BOUND('',#16365,.F.);
#16367=ADVANCED_FACE('',(#16366),#16359,.T.);
#16368=CARTESIAN_POINT('',(-1.733554766790E-1,5.308007992973E-2,-2.1E-2));
#16369=DIRECTION('',(-8.898695476930E-1,4.562150678010E-1,0.E0));
#16370=DIRECTION('',(-4.562150678010E-1,-8.898695476930E-1,0.E0));
#16371=AXIS2_PLACEMENT_3D('',#16368,#16369,#16370);
#16372=PLANE('',#16371);
#16373=ORIENTED_EDGE('',*,*,#16111,.T.);
#16375=ORIENTED_EDGE('',*,*,#16374,.T.);
#16376=ORIENTED_EDGE('',*,*,#16202,.F.);
#16377=ORIENTED_EDGE('',*,*,#16361,.F.);
#16378=EDGE_LOOP('',(#16373,#16375,#16376,#16377));
#16379=FACE_OUTER_BOUND('',#16378,.F.);
#16380=ADVANCED_FACE('',(#16379),#16372,.T.);
#16381=CARTESIAN_POINT('',(-1.751779778026E-1,4.952520337047E-2,-2.1E-2));
#16382=DIRECTION('',(-9.518255596667E-1,-3.066400234235E-1,0.E0));
#16383=DIRECTION('',(3.066400234235E-1,-9.518255596667E-1,0.E0));
#16384=AXIS2_PLACEMENT_3D('',#16381,#16382,#16383);
#16385=PLANE('',#16384);
#16386=ORIENTED_EDGE('',*,*,#16109,.T.);
#16388=ORIENTED_EDGE('',*,*,#16387,.T.);
#16389=ORIENTED_EDGE('',*,*,#16204,.F.);
#16390=ORIENTED_EDGE('',*,*,#16374,.F.);
#16391=EDGE_LOOP('',(#16386,#16388,#16389,#16390));
#16392=FACE_OUTER_BOUND('',#16391,.F.);
#16393=ADVANCED_FACE('',(#16392),#16385,.T.);
#16394=CARTESIAN_POINT('',(-1.843247705833E-1,2.9E-2,-2.1E-2));
#16395=DIRECTION('',(0.E0,0.E0,1.E0));
#16396=DIRECTION('',(1.E0,0.E0,0.E0));
#16397=AXIS2_PLACEMENT_3D('',#16394,#16395,#16396);
#16398=CYLINDRICAL_SURFACE('',#16397,1.5E-2);
#16399=ORIENTED_EDGE('',*,*,#16107,.T.);
#16400=ORIENTED_EDGE('',*,*,#16158,.T.);
#16401=ORIENTED_EDGE('',*,*,#16206,.F.);
#16402=ORIENTED_EDGE('',*,*,#16387,.F.);
#16403=EDGE_LOOP('',(#16399,#16400,#16401,#16402));
#16404=FACE_OUTER_BOUND('',#16403,.F.);
#16405=ADVANCED_FACE('',(#16404),#16398,.F.);
#16406=CARTESIAN_POINT('',(-1.355E-1,6.6E-2,-5.9E-2));
#16407=DIRECTION('',(0.E0,1.E0,0.E0));
#16408=DIRECTION('',(0.E0,0.E0,-1.E0));
#16409=AXIS2_PLACEMENT_3D('',#16406,#16407,#16408);
#16410=PLANE('',#16409);
#16411=ORIENTED_EDGE('',*,*,#15391,.F.);
#16412=ORIENTED_EDGE('',*,*,#15435,.F.);
#16413=ORIENTED_EDGE('',*,*,#15934,.T.);
#16414=ORIENTED_EDGE('',*,*,#15559,.T.);
#16415=EDGE_LOOP('',(#16411,#16412,#16413,#16414));
#16416=FACE_OUTER_BOUND('',#16415,.F.);
#16417=ADVANCED_FACE('',(#16416),#16410,.T.);
#16418=CARTESIAN_POINT('',(-1.735E-1,-3.9E-2,2.1E-2));
#16419=DIRECTION('',(1.E0,0.E0,0.E0));
#16420=DIRECTION('',(0.E0,0.E0,1.E0));
#16421=AXIS2_PLACEMENT_3D('',#16418,#16419,#16420);
#16422=PLANE('',#16421);
#16424=ORIENTED_EDGE('',*,*,#16423,.T.);
#16425=ORIENTED_EDGE('',*,*,#15461,.F.);
#16426=ORIENTED_EDGE('',*,*,#15908,.T.);
#16427=ORIENTED_EDGE('',*,*,#15731,.F.);
#16428=ORIENTED_EDGE('',*,*,#15592,.F.);
#16429=EDGE_LOOP('',(#16424,#16425,#16426,#16427,#16428));
#16430=FACE_OUTER_BOUND('',#16429,.F.);
#16431=ADVANCED_FACE('',(#16430),#16422,.T.);
#16432=CARTESIAN_POINT('',(-1.641081854002E-1,2.400392620318E-2,2.1E-2));
#16433=DIRECTION('',(9.707950972229E-1,-2.399101481970E-1,0.E0));
#16434=DIRECTION('',(-2.399101481970E-1,-9.707950972229E-1,0.E0));
#16435=AXIS2_PLACEMENT_3D('',#16432,#16433,#16434);
#16436=PLANE('',#16435);
#16437=ORIENTED_EDGE('',*,*,#16423,.F.);
#16438=ORIENTED_EDGE('',*,*,#15674,.F.);
#16440=ORIENTED_EDGE('',*,*,#16439,.F.);
#16441=ORIENTED_EDGE('',*,*,#15463,.T.);
#16442=EDGE_LOOP('',(#16437,#16438,#16440,#16441));
#16443=FACE_OUTER_BOUND('',#16442,.F.);
#16444=ADVANCED_FACE('',(#16443),#16436,.T.);
#16445=CARTESIAN_POINT('',(-1.843247705833E-1,2.9E-2,2.1E-2));
#16446=DIRECTION('',(0.E0,0.E0,-1.E0));
#16447=DIRECTION('',(-1.E0,0.E0,0.E0));
#16448=AXIS2_PLACEMENT_3D('',#16445,#16446,#16447);
#16449=CYLINDRICAL_SURFACE('',#16448,2.082477058334E-2);
#16450=ORIENTED_EDGE('',*,*,#15465,.T.);
#16451=ORIENTED_EDGE('',*,*,#16439,.T.);
#16452=ORIENTED_EDGE('',*,*,#15672,.F.);
#16454=ORIENTED_EDGE('',*,*,#16453,.F.);
#16455=EDGE_LOOP('',(#16450,#16451,#16452,#16454));
#16456=FACE_OUTER_BOUND('',#16455,.F.);
#16457=ADVANCED_FACE('',(#16456),#16449,.T.);
#16458=CARTESIAN_POINT('',(-1.705E-1,5.4E-2,2.1E-2));
#16459=DIRECTION('',(9.518255596667E-1,3.066400234235E-1,0.E0));
#16460=DIRECTION('',(3.066400234235E-1,-9.518255596667E-1,0.E0));
#16461=AXIS2_PLACEMENT_3D('',#16458,#16459,#16460);
#16462=PLANE('',#16461);
#16463=ORIENTED_EDGE('',*,*,#15467,.T.);
#16464=ORIENTED_EDGE('',*,*,#16453,.T.);
#16465=ORIENTED_EDGE('',*,*,#15670,.F.);
#16467=ORIENTED_EDGE('',*,*,#16466,.F.);
#16468=EDGE_LOOP('',(#16463,#16464,#16465,#16467));
#16469=FACE_OUTER_BOUND('',#16468,.F.);
#16470=ADVANCED_FACE('',(#16469),#16462,.T.);
#16471=CARTESIAN_POINT('',(-1.733554766790E-1,5.308007992973E-2,2.1E-2));
#16472=DIRECTION('',(-3.066400234235E-1,9.518255596667E-1,0.E0));
#16473=DIRECTION('',(9.518255596667E-1,3.066400234235E-1,0.E0));
#16474=AXIS2_PLACEMENT_3D('',#16471,#16472,#16473);
#16475=PLANE('',#16474);
#16476=ORIENTED_EDGE('',*,*,#15469,.T.);
#16477=ORIENTED_EDGE('',*,*,#16466,.T.);
#16478=ORIENTED_EDGE('',*,*,#15668,.F.);
#16480=ORIENTED_EDGE('',*,*,#16479,.F.);
#16481=EDGE_LOOP('',(#16476,#16477,#16478,#16480));
#16482=FACE_OUTER_BOUND('',#16481,.F.);
#16483=ADVANCED_FACE('',(#16482),#16475,.T.);
#16484=CARTESIAN_POINT('',(-1.751779778026E-1,4.952520337047E-2,2.1E-2));
#16485=DIRECTION('',(-8.898695476930E-1,4.562150678010E-1,0.E0));
#16486=DIRECTION('',(4.562150678010E-1,8.898695476930E-1,0.E0));
#16487=AXIS2_PLACEMENT_3D('',#16484,#16485,#16486);
#16488=PLANE('',#16487);
#16489=ORIENTED_EDGE('',*,*,#15471,.T.);
#16490=ORIENTED_EDGE('',*,*,#16479,.T.);
#16491=ORIENTED_EDGE('',*,*,#15666,.F.);
#16493=ORIENTED_EDGE('',*,*,#16492,.F.);
#16494=EDGE_LOOP('',(#16489,#16490,#16491,#16493));
#16495=FACE_OUTER_BOUND('',#16494,.F.);
#16496=ADVANCED_FACE('',(#16495),#16488,.T.);
#16497=CARTESIAN_POINT('',(-1.700473871883E-1,3.359960035135E-2,2.1E-2));
#16498=DIRECTION('',(-9.518255596667E-1,-3.066400234235E-1,0.E0));
#16499=DIRECTION('',(-3.066400234235E-1,9.518255596667E-1,0.E0));
#16500=AXIS2_PLACEMENT_3D('',#16497,#16498,#16499);
#16501=PLANE('',#16500);
#16502=ORIENTED_EDGE('',*,*,#15473,.T.);
#16503=ORIENTED_EDGE('',*,*,#16492,.T.);
#16504=ORIENTED_EDGE('',*,*,#15664,.F.);
#16506=ORIENTED_EDGE('',*,*,#16505,.F.);
#16507=EDGE_LOOP('',(#16502,#16503,#16504,#16506));
#16508=FACE_OUTER_BOUND('',#16507,.F.);
#16509=ADVANCED_FACE('',(#16508),#16501,.T.);
#16510=CARTESIAN_POINT('',(-1.843247705833E-1,2.9E-2,2.1E-2));
#16511=DIRECTION('',(0.E0,0.E0,-1.E0));
#16512=DIRECTION('',(-1.E0,0.E0,0.E0));
#16513=AXIS2_PLACEMENT_3D('',#16510,#16511,#16512);
#16514=CYLINDRICAL_SURFACE('',#16513,1.5E-2);
#16515=ORIENTED_EDGE('',*,*,#15475,.T.);
#16516=ORIENTED_EDGE('',*,*,#16505,.T.);
#16517=ORIENTED_EDGE('',*,*,#15662,.F.);
#16518=ORIENTED_EDGE('',*,*,#15517,.F.);
#16519=EDGE_LOOP('',(#16515,#16516,#16517,#16518));
#16520=FACE_OUTER_BOUND('',#16519,.F.);
#16521=ADVANCED_FACE('',(#16520),#16514,.F.);
#16522=CARTESIAN_POINT('',(-1.355E-1,6.6E-2,6.5E-2));
#16523=DIRECTION('',(0.E0,1.E0,0.E0));
#16524=DIRECTION('',(0.E0,0.E0,-1.E0));
#16525=AXIS2_PLACEMENT_3D('',#16522,#16523,#16524);
#16526=PLANE('',#16525);
#16527=ORIENTED_EDGE('',*,*,#15332,.T.);
#16528=ORIENTED_EDGE('',*,*,#15533,.T.);
#16529=ORIENTED_EDGE('',*,*,#15727,.F.);
#16530=ORIENTED_EDGE('',*,*,#15415,.F.);
#16531=EDGE_LOOP('',(#16527,#16528,#16529,#16530));
#16532=FACE_OUTER_BOUND('',#16531,.F.);
#16533=ADVANCED_FACE('',(#16532),#16526,.T.);
#16534=CARTESIAN_POINT('',(-1.306752294167E-1,2.9E-2,2.1E-2));
#16535=DIRECTION('',(0.E0,0.E0,-1.E0));
#16536=DIRECTION('',(-1.E0,0.E0,0.E0));
#16537=AXIS2_PLACEMENT_3D('',#16534,#16535,#16536);
#16538=CYLINDRICAL_SURFACE('',#16537,2.082477058334E-2);
#16539=ORIENTED_EDGE('',*,*,#15498,.T.);
#16541=ORIENTED_EDGE('',*,*,#16540,.T.);
#16542=ORIENTED_EDGE('',*,*,#15638,.F.);
#16543=ORIENTED_EDGE('',*,*,#15687,.F.);
#16544=EDGE_LOOP('',(#16539,#16541,#16542,#16543));
#16545=FACE_OUTER_BOUND('',#16544,.F.);
#16546=ADVANCED_FACE('',(#16545),#16538,.T.);
#16547=CARTESIAN_POINT('',(-1.504967783321E-1,3.538570813946E-2,2.1E-2));
#16548=DIRECTION('',(-9.518255596667E-1,3.066400234235E-1,0.E0));
#16549=DIRECTION('',(3.066400234235E-1,9.518255596667E-1,0.E0));
#16550=AXIS2_PLACEMENT_3D('',#16547,#16548,#16549);
#16551=PLANE('',#16550);
#16552=ORIENTED_EDGE('',*,*,#15496,.T.);
#16554=ORIENTED_EDGE('',*,*,#16553,.T.);
#16555=ORIENTED_EDGE('',*,*,#15640,.F.);
#16556=ORIENTED_EDGE('',*,*,#16540,.F.);
#16557=EDGE_LOOP('',(#16552,#16554,#16555,#16556));
#16558=FACE_OUTER_BOUND('',#16557,.F.);
#16559=ADVANCED_FACE('',(#16558),#16551,.T.);
#16560=CARTESIAN_POINT('',(-1.445E-1,5.4E-2,2.1E-2));
#16561=DIRECTION('',(3.066400234235E-1,9.518255596667E-1,0.E0));
#16562=DIRECTION('',(9.518255596667E-1,-3.066400234235E-1,0.E0));
#16563=AXIS2_PLACEMENT_3D('',#16560,#16561,#16562);
#16564=PLANE('',#16563);
#16565=ORIENTED_EDGE('',*,*,#15494,.T.);
#16567=ORIENTED_EDGE('',*,*,#16566,.T.);
#16568=ORIENTED_EDGE('',*,*,#15642,.F.);
#16569=ORIENTED_EDGE('',*,*,#16553,.F.);
#16570=EDGE_LOOP('',(#16565,#16567,#16568,#16569));
#16571=FACE_OUTER_BOUND('',#16570,.F.);
#16572=ADVANCED_FACE('',(#16571),#16564,.T.);
#16573=CARTESIAN_POINT('',(-1.416445233210E-1,5.308007992973E-2,2.1E-2));
#16574=DIRECTION('',(8.898695476930E-1,4.562150678010E-1,0.E0));
#16575=DIRECTION('',(4.562150678010E-1,-8.898695476930E-1,0.E0));
#16576=AXIS2_PLACEMENT_3D('',#16573,#16574,#16575);
#16577=PLANE('',#16576);
#16578=ORIENTED_EDGE('',*,*,#15492,.T.);
#16580=ORIENTED_EDGE('',*,*,#16579,.T.);
#16581=ORIENTED_EDGE('',*,*,#15644,.F.);
#16582=ORIENTED_EDGE('',*,*,#16566,.F.);
#16583=EDGE_LOOP('',(#16578,#16580,#16581,#16582));
#16584=FACE_OUTER_BOUND('',#16583,.F.);
#16585=ADVANCED_FACE('',(#16584),#16577,.T.);
#16586=CARTESIAN_POINT('',(-1.398220221974E-1,4.952520337047E-2,2.1E-2));
#16587=DIRECTION('',(9.518255596667E-1,-3.066400234235E-1,0.E0));
#16588=DIRECTION('',(-3.066400234235E-1,-9.518255596667E-1,0.E0));
#16589=AXIS2_PLACEMENT_3D('',#16586,#16587,#16588);
#16590=PLANE('',#16589);
#16591=ORIENTED_EDGE('',*,*,#15490,.T.);
#16593=ORIENTED_EDGE('',*,*,#16592,.T.);
#16594=ORIENTED_EDGE('',*,*,#15646,.F.);
#16595=ORIENTED_EDGE('',*,*,#16579,.F.);
#16596=EDGE_LOOP('',(#16591,#16593,#16594,#16595));
#16597=FACE_OUTER_BOUND('',#16596,.F.);
#16598=ADVANCED_FACE('',(#16597),#16590,.T.);
#16599=CARTESIAN_POINT('',(-1.306752294167E-1,2.9E-2,2.1E-2));
#16600=DIRECTION('',(0.E0,0.E0,-1.E0));
#16601=DIRECTION('',(-1.E0,0.E0,0.E0));
#16602=AXIS2_PLACEMENT_3D('',#16599,#16600,#16601);
#16603=CYLINDRICAL_SURFACE('',#16602,1.5E-2);
#16604=ORIENTED_EDGE('',*,*,#15488,.T.);
#16606=ORIENTED_EDGE('',*,*,#16605,.T.);
#16607=ORIENTED_EDGE('',*,*,#15648,.F.);
#16608=ORIENTED_EDGE('',*,*,#16592,.F.);
#16609=EDGE_LOOP('',(#16604,#16606,#16607,#16608));
#16610=FACE_OUTER_BOUND('',#16609,.F.);
#16611=ADVANCED_FACE('',(#16610),#16603,.F.);
#16612=CARTESIAN_POINT('',(-1.452371558750E-1,2.540134777705E-2,2.1E-2));
#16613=DIRECTION('',(9.707950972229E-1,2.399101481970E-1,0.E0));
#16614=DIRECTION('',(2.399101481970E-1,-9.707950972229E-1,0.E0));
#16615=AXIS2_PLACEMENT_3D('',#16612,#16613,#16614);
#16616=PLANE('',#16615);
#16617=ORIENTED_EDGE('',*,*,#15421,.F.);
#16618=ORIENTED_EDGE('',*,*,#15650,.F.);
#16619=ORIENTED_EDGE('',*,*,#16605,.F.);
#16620=ORIENTED_EDGE('',*,*,#15486,.T.);
#16621=EDGE_LOOP('',(#16617,#16618,#16619,#16620));
#16622=FACE_OUTER_BOUND('',#16621,.F.);
#16623=ADVANCED_FACE('',(#16622),#16616,.T.);
#16624=CARTESIAN_POINT('',(-1.31E-1,6.8E-2,-6.5E-2));
#16625=DIRECTION('',(0.E0,1.E0,0.E0));
#16626=DIRECTION('',(0.E0,0.E0,1.E0));
#16627=AXIS2_PLACEMENT_3D('',#16624,#16625,#16626);
#16628=PLANE('',#16627);
#16629=ORIENTED_EDGE('',*,*,#15351,.F.);
#16630=ORIENTED_EDGE('',*,*,#15397,.T.);
#16631=ORIENTED_EDGE('',*,*,#15297,.T.);
#16633=ORIENTED_EDGE('',*,*,#16632,.F.);
#16634=EDGE_LOOP('',(#16629,#16630,#16631,#16633));
#16635=FACE_OUTER_BOUND('',#16634,.F.);
#16637=ORIENTED_EDGE('',*,*,#16636,.F.);
#16639=ORIENTED_EDGE('',*,*,#16638,.F.);
#16641=ORIENTED_EDGE('',*,*,#16640,.F.);
#16643=ORIENTED_EDGE('',*,*,#16642,.F.);
#16644=EDGE_LOOP('',(#16637,#16639,#16641,#16643));
#16645=FACE_BOUND('',#16644,.F.);
#16646=ADVANCED_FACE('',(#16635,#16645),#16628,.F.);
#16647=CARTESIAN_POINT('',(-1.31E-1,6.8E-2,-1.8E-2));
#16648=DIRECTION('',(0.E0,0.E0,1.E0));
#16649=DIRECTION('',(0.E0,-1.E0,0.E0));
#16650=AXIS2_PLACEMENT_3D('',#16647,#16648,#16649);
#16651=PLANE('',#16650);
#16652=ORIENTED_EDGE('',*,*,#9292,.T.);
#16653=ORIENTED_EDGE('',*,*,#15353,.F.);
#16654=ORIENTED_EDGE('',*,*,#16632,.T.);
#16655=ORIENTED_EDGE('',*,*,#15295,.T.);
#16656=EDGE_LOOP('',(#16652,#16653,#16654,#16655));
#16657=FACE_OUTER_BOUND('',#16656,.F.);
#16658=ADVANCED_FACE('',(#16657),#16651,.F.);
#16659=CARTESIAN_POINT('',(-1.705E-1,7.3E-2,-3.935E-2));
#16660=DIRECTION('',(-1.E0,0.E0,0.E0));
#16661=DIRECTION('',(0.E0,0.E0,1.E0));
#16662=AXIS2_PLACEMENT_3D('',#16659,#16660,#16661);
#16663=PLANE('',#16662);
#16664=ORIENTED_EDGE('',*,*,#16636,.T.);
#16666=ORIENTED_EDGE('',*,*,#16665,.T.);
#16668=ORIENTED_EDGE('',*,*,#16667,.F.);
#16670=ORIENTED_EDGE('',*,*,#16669,.F.);
#16671=EDGE_LOOP('',(#16664,#16666,#16668,#16670));
#16672=FACE_OUTER_BOUND('',#16671,.F.);
#16673=ADVANCED_FACE('',(#16672),#16663,.F.);
#16674=CARTESIAN_POINT('',(-1.575E-1,7.3E-2,-2.635E-2));
#16675=DIRECTION('',(0.E0,0.E0,1.E0));
#16676=DIRECTION('',(1.E0,0.E0,0.E0));
#16677=AXIS2_PLACEMENT_3D('',#16674,#16675,#16676);
#16678=PLANE('',#16677);
#16679=ORIENTED_EDGE('',*,*,#16642,.T.);
#16681=ORIENTED_EDGE('',*,*,#16680,.T.);
#16683=ORIENTED_EDGE('',*,*,#16682,.F.);
#16684=ORIENTED_EDGE('',*,*,#16665,.F.);
#16685=EDGE_LOOP('',(#16679,#16681,#16683,#16684));
#16686=FACE_OUTER_BOUND('',#16685,.F.);
#16687=ADVANCED_FACE('',(#16686),#16678,.F.);
#16688=CARTESIAN_POINT('',(-1.445E-1,7.3E-2,-3.935E-2));
#16689=DIRECTION('',(1.E0,0.E0,0.E0));
#16690=DIRECTION('',(0.E0,0.E0,-1.E0));
#16691=AXIS2_PLACEMENT_3D('',#16688,#16689,#16690);
#16692=PLANE('',#16691);
#16693=ORIENTED_EDGE('',*,*,#16640,.T.);
#16695=ORIENTED_EDGE('',*,*,#16694,.T.);
#16697=ORIENTED_EDGE('',*,*,#16696,.F.);
#16698=ORIENTED_EDGE('',*,*,#16680,.F.);
#16699=EDGE_LOOP('',(#16693,#16695,#16697,#16698));
#16700=FACE_OUTER_BOUND('',#16699,.F.);
#16701=ADVANCED_FACE('',(#16700),#16692,.F.);
#16702=CARTESIAN_POINT('',(-1.575E-1,7.3E-2,-5.235E-2));
#16703=DIRECTION('',(0.E0,0.E0,-1.E0));
#16704=DIRECTION('',(-1.E0,0.E0,0.E0));
#16705=AXIS2_PLACEMENT_3D('',#16702,#16703,#16704);
#16706=PLANE('',#16705);
#16707=ORIENTED_EDGE('',*,*,#16638,.T.);
#16708=ORIENTED_EDGE('',*,*,#16669,.T.);
#16710=ORIENTED_EDGE('',*,*,#16709,.F.);
#16711=ORIENTED_EDGE('',*,*,#16694,.F.);
#16712=EDGE_LOOP('',(#16707,#16708,#16710,#16711));
#16713=FACE_OUTER_BOUND('',#16712,.F.);
#16714=ADVANCED_FACE('',(#16713),#16706,.F.);
#16715=CARTESIAN_POINT('',(-1.575E-1,8.3E-2,-5.735E-2));
#16716=DIRECTION('',(0.E0,-7.071067811865E-1,-7.071067811865E-1));
#16717=DIRECTION('',(-1.E0,0.E0,0.E0));
#16718=AXIS2_PLACEMENT_3D('',#16715,#16716,#16717);
#16719=PLANE('',#16718);
#16721=ORIENTED_EDGE('',*,*,#16720,.F.);
#16723=ORIENTED_EDGE('',*,*,#16722,.F.);
#16724=ORIENTED_EDGE('',*,*,#16709,.T.);
#16726=ORIENTED_EDGE('',*,*,#16725,.T.);
#16727=EDGE_LOOP('',(#16721,#16723,#16724,#16726));
#16728=FACE_OUTER_BOUND('',#16727,.F.);
#16729=ADVANCED_FACE('',(#16728),#16719,.F.);
#16730=CARTESIAN_POINT('',(2.005E-1,8.8E-2,-8.25E-2));
#16731=DIRECTION('',(0.E0,1.E0,0.E0));
#16732=DIRECTION('',(-1.E0,0.E0,0.E0));
#16733=AXIS2_PLACEMENT_3D('',#16730,#16731,#16732);
#16734=PLANE('',#16733);
#16736=ORIENTED_EDGE('',*,*,#16735,.T.);
#16738=ORIENTED_EDGE('',*,*,#16737,.F.);
#16740=ORIENTED_EDGE('',*,*,#16739,.T.);
#16742=ORIENTED_EDGE('',*,*,#16741,.T.);
#16743=ORIENTED_EDGE('',*,*,#10008,.F.);
#16744=ORIENTED_EDGE('',*,*,#9210,.F.);
#16746=ORIENTED_EDGE('',*,*,#16745,.T.);
#16748=ORIENTED_EDGE('',*,*,#16747,.T.);
#16749=EDGE_LOOP('',(#16736,#16738,#16740,#16742,#16743,#16744,#16746,#16748));
#16750=FACE_OUTER_BOUND('',#16749,.F.);
#16752=ORIENTED_EDGE('',*,*,#16751,.T.);
#16754=ORIENTED_EDGE('',*,*,#16753,.T.);
#16756=ORIENTED_EDGE('',*,*,#16755,.T.);
#16758=ORIENTED_EDGE('',*,*,#16757,.T.);
#16759=EDGE_LOOP('',(#16752,#16754,#16756,#16758));
#16760=FACE_BOUND('',#16759,.F.);
#16762=ORIENTED_EDGE('',*,*,#16761,.T.);
#16764=ORIENTED_EDGE('',*,*,#16763,.T.);
#16766=ORIENTED_EDGE('',*,*,#16765,.T.);
#16768=ORIENTED_EDGE('',*,*,#16767,.T.);
#16769=EDGE_LOOP('',(#16762,#16764,#16766,#16768));
#16770=FACE_BOUND('',#16769,.F.);
#16772=ORIENTED_EDGE('',*,*,#16771,.T.);
#16774=ORIENTED_EDGE('',*,*,#16773,.T.);
#16776=ORIENTED_EDGE('',*,*,#16775,.T.);
#16778=ORIENTED_EDGE('',*,*,#16777,.T.);
#16779=EDGE_LOOP('',(#16772,#16774,#16776,#16778));
#16780=FACE_BOUND('',#16779,.F.);
#16782=ORIENTED_EDGE('',*,*,#16781,.T.);
#16784=ORIENTED_EDGE('',*,*,#16783,.T.);
#16786=ORIENTED_EDGE('',*,*,#16785,.T.);
#16787=ORIENTED_EDGE('',*,*,#16720,.T.);
#16788=EDGE_LOOP('',(#16782,#16784,#16786,#16787));
#16789=FACE_BOUND('',#16788,.F.);
#16791=ORIENTED_EDGE('',*,*,#16790,.F.);
#16793=ORIENTED_EDGE('',*,*,#16792,.T.);
#16795=ORIENTED_EDGE('',*,*,#16794,.T.);
#16797=ORIENTED_EDGE('',*,*,#16796,.T.);
#16799=ORIENTED_EDGE('',*,*,#16798,.T.);
#16801=ORIENTED_EDGE('',*,*,#16800,.T.);
#16803=ORIENTED_EDGE('',*,*,#16802,.T.);
#16805=ORIENTED_EDGE('',*,*,#16804,.T.);
#16807=ORIENTED_EDGE('',*,*,#16806,.T.);
#16809=ORIENTED_EDGE('',*,*,#16808,.T.);
#16811=ORIENTED_EDGE('',*,*,#16810,.T.);
#16813=ORIENTED_EDGE('',*,*,#16812,.F.);
#16815=ORIENTED_EDGE('',*,*,#16814,.F.);
#16817=ORIENTED_EDGE('',*,*,#16816,.T.);
#16819=ORIENTED_EDGE('',*,*,#16818,.T.);
#16821=ORIENTED_EDGE('',*,*,#16820,.T.);
#16823=ORIENTED_EDGE('',*,*,#16822,.F.);
#16825=ORIENTED_EDGE('',*,*,#16824,.T.);
#16827=ORIENTED_EDGE('',*,*,#16826,.T.);
#16829=ORIENTED_EDGE('',*,*,#16828,.T.);
#16830=EDGE_LOOP('',(#16791,#16793,#16795,#16797,#16799,#16801,#16803,#16805,
#16807,#16809,#16811,#16813,#16815,#16817,#16819,#16821,#16823,#16825,#16827,
#16829));
#16831=FACE_BOUND('',#16830,.F.);
#16832=ADVANCED_FACE('',(#16750,#16760,#16770,#16780,#16789,#16831),#16734,.T.);
#16833=CARTESIAN_POINT('',(-1.755E-1,8.3E-2,-3.935E-2));
#16834=DIRECTION('',(-7.071067811869E-1,-7.071067811862E-1,0.E0));
#16835=DIRECTION('',(0.E0,0.E0,1.E0));
#16836=AXIS2_PLACEMENT_3D('',#16833,#16834,#16835);
#16837=PLANE('',#16836);
#16838=ORIENTED_EDGE('',*,*,#16781,.F.);
#16839=ORIENTED_EDGE('',*,*,#16725,.F.);
#16840=ORIENTED_EDGE('',*,*,#16667,.T.);
#16842=ORIENTED_EDGE('',*,*,#16841,.T.);
#16843=EDGE_LOOP('',(#16838,#16839,#16840,#16842));
#16844=FACE_OUTER_BOUND('',#16843,.F.);
#16845=ADVANCED_FACE('',(#16844),#16837,.F.);
#16846=CARTESIAN_POINT('',(-1.575E-1,8.3E-2,-2.135E-2));
#16847=DIRECTION('',(0.E0,-7.071067811865E-1,7.071067811865E-1));
#16848=DIRECTION('',(1.E0,0.E0,0.E0));
#16849=AXIS2_PLACEMENT_3D('',#16846,#16847,#16848);
#16850=PLANE('',#16849);
#16851=ORIENTED_EDGE('',*,*,#16783,.F.);
#16852=ORIENTED_EDGE('',*,*,#16841,.F.);
#16853=ORIENTED_EDGE('',*,*,#16682,.T.);
#16855=ORIENTED_EDGE('',*,*,#16854,.T.);
#16856=EDGE_LOOP('',(#16851,#16852,#16853,#16855));
#16857=FACE_OUTER_BOUND('',#16856,.F.);
#16858=ADVANCED_FACE('',(#16857),#16850,.F.);
#16859=CARTESIAN_POINT('',(-1.395E-1,8.3E-2,-3.935E-2));
#16860=DIRECTION('',(7.071067811869E-1,-7.071067811862E-1,0.E0));
#16861=DIRECTION('',(0.E0,0.E0,-1.E0));
#16862=AXIS2_PLACEMENT_3D('',#16859,#16860,#16861);
#16863=PLANE('',#16862);
#16864=ORIENTED_EDGE('',*,*,#16785,.F.);
#16865=ORIENTED_EDGE('',*,*,#16854,.F.);
#16866=ORIENTED_EDGE('',*,*,#16696,.T.);
#16867=ORIENTED_EDGE('',*,*,#16722,.T.);
#16868=EDGE_LOOP('',(#16864,#16865,#16866,#16867));
#16869=FACE_OUTER_BOUND('',#16868,.F.);
#16870=ADVANCED_FACE('',(#16869),#16863,.F.);
#16871=CARTESIAN_POINT('',(1.393E-1,8.3E-2,-3.935E-2));
#16872=DIRECTION('',(-7.071067811869E-1,-7.071067811862E-1,0.E0));
#16873=DIRECTION('',(0.E0,0.E0,1.E0));
#16874=AXIS2_PLACEMENT_3D('',#16871,#16872,#16873);
#16875=PLANE('',#16874);
#16876=ORIENTED_EDGE('',*,*,#16751,.F.);
#16878=ORIENTED_EDGE('',*,*,#16877,.F.);
#16880=ORIENTED_EDGE('',*,*,#16879,.T.);
#16882=ORIENTED_EDGE('',*,*,#16881,.T.);
#16883=EDGE_LOOP('',(#16876,#16878,#16880,#16882));
#16884=FACE_OUTER_BOUND('',#16883,.F.);
#16885=ADVANCED_FACE('',(#16884),#16875,.F.);
#16886=CARTESIAN_POINT('',(1.573E-1,8.3E-2,-5.735E-2));
#16887=DIRECTION('',(0.E0,-7.071067811865E-1,-7.071067811865E-1));
#16888=DIRECTION('',(-1.E0,0.E0,0.E0));
#16889=AXIS2_PLACEMENT_3D('',#16886,#16887,#16888);
#16890=PLANE('',#16889);
#16891=ORIENTED_EDGE('',*,*,#16757,.F.);
#16893=ORIENTED_EDGE('',*,*,#16892,.F.);
#16895=ORIENTED_EDGE('',*,*,#16894,.T.);
#16896=ORIENTED_EDGE('',*,*,#16877,.T.);
#16897=EDGE_LOOP('',(#16891,#16893,#16895,#16896));
#16898=FACE_OUTER_BOUND('',#16897,.F.);
#16899=ADVANCED_FACE('',(#16898),#16890,.F.);
#16900=CARTESIAN_POINT('',(1.753E-1,8.3E-2,-3.935E-2));
#16901=DIRECTION('',(7.071067811869E-1,-7.071067811862E-1,0.E0));
#16902=DIRECTION('',(0.E0,0.E0,-1.E0));
#16903=AXIS2_PLACEMENT_3D('',#16900,#16901,#16902);
#16904=PLANE('',#16903);
#16905=ORIENTED_EDGE('',*,*,#16755,.F.);
#16907=ORIENTED_EDGE('',*,*,#16906,.F.);
#16909=ORIENTED_EDGE('',*,*,#16908,.T.);
#16910=ORIENTED_EDGE('',*,*,#16892,.T.);
#16911=EDGE_LOOP('',(#16905,#16907,#16909,#16910));
#16912=FACE_OUTER_BOUND('',#16911,.F.);
#16913=ADVANCED_FACE('',(#16912),#16904,.F.);
#16914=CARTESIAN_POINT('',(1.573E-1,8.3E-2,-2.135E-2));
#16915=DIRECTION('',(0.E0,-7.071067811865E-1,7.071067811865E-1));
#16916=DIRECTION('',(1.E0,0.E0,0.E0));
#16917=AXIS2_PLACEMENT_3D('',#16914,#16915,#16916);
#16918=PLANE('',#16917);
#16919=ORIENTED_EDGE('',*,*,#16753,.F.);
#16920=ORIENTED_EDGE('',*,*,#16881,.F.);
#16922=ORIENTED_EDGE('',*,*,#16921,.T.);
#16923=ORIENTED_EDGE('',*,*,#16906,.T.);
#16924=EDGE_LOOP('',(#16919,#16920,#16922,#16923));
#16925=FACE_OUTER_BOUND('',#16924,.F.);
#16926=ADVANCED_FACE('',(#16925),#16918,.F.);
#16927=CARTESIAN_POINT('',(1.573E-1,7.3E-2,-2.635E-2));
#16928=DIRECTION('',(0.E0,0.E0,1.E0));
#16929=DIRECTION('',(1.E0,0.E0,0.E0));
#16930=AXIS2_PLACEMENT_3D('',#16927,#16928,#16929);
#16931=PLANE('',#16930);
#16933=ORIENTED_EDGE('',*,*,#16932,.T.);
#16935=ORIENTED_EDGE('',*,*,#16934,.T.);
#16936=ORIENTED_EDGE('',*,*,#16921,.F.);
#16938=ORIENTED_EDGE('',*,*,#16937,.F.);
#16939=EDGE_LOOP('',(#16933,#16935,#16936,#16938));
#16940=FACE_OUTER_BOUND('',#16939,.F.);
#16941=ADVANCED_FACE('',(#16940),#16931,.F.);
#16942=CARTESIAN_POINT('',(1.838E-1,6.8E-2,-6.5E-2));
#16943=DIRECTION('',(0.E0,1.E0,0.E0));
#16944=DIRECTION('',(0.E0,0.E0,1.E0));
#16945=AXIS2_PLACEMENT_3D('',#16942,#16943,#16944);
#16946=PLANE('',#16945);
#16948=ORIENTED_EDGE('',*,*,#16947,.F.);
#16950=ORIENTED_EDGE('',*,*,#16949,.T.);
#16952=ORIENTED_EDGE('',*,*,#16951,.T.);
#16954=ORIENTED_EDGE('',*,*,#16953,.F.);
#16955=EDGE_LOOP('',(#16948,#16950,#16952,#16954));
#16956=FACE_OUTER_BOUND('',#16955,.F.);
#16958=ORIENTED_EDGE('',*,*,#16957,.F.);
#16960=ORIENTED_EDGE('',*,*,#16959,.F.);
#16962=ORIENTED_EDGE('',*,*,#16961,.F.);
#16963=ORIENTED_EDGE('',*,*,#16932,.F.);
#16964=EDGE_LOOP('',(#16958,#16960,#16962,#16963));
#16965=FACE_BOUND('',#16964,.F.);
#16966=ADVANCED_FACE('',(#16956,#16965),#16946,.F.);
#16967=CARTESIAN_POINT('',(1.838E-1,-8.1E-2,8.25E-2));
#16968=DIRECTION('',(1.E0,0.E0,0.E0));
#16969=DIRECTION('',(0.E0,1.E0,0.E0));
#16970=AXIS2_PLACEMENT_3D('',#16967,#16968,#16969);
#16971=PLANE('',#16970);
#16973=ORIENTED_EDGE('',*,*,#16972,.T.);
#16974=ORIENTED_EDGE('',*,*,#9310,.F.);
#16976=ORIENTED_EDGE('',*,*,#16975,.T.);
#16977=ORIENTED_EDGE('',*,*,#16947,.T.);
#16979=ORIENTED_EDGE('',*,*,#16978,.T.);
#16980=ORIENTED_EDGE('',*,*,#9274,.F.);
#16982=ORIENTED_EDGE('',*,*,#16981,.T.);
#16984=ORIENTED_EDGE('',*,*,#16983,.T.);
#16986=ORIENTED_EDGE('',*,*,#16985,.T.);
#16987=ORIENTED_EDGE('',*,*,#9637,.F.);
#16989=ORIENTED_EDGE('',*,*,#16988,.F.);
#16991=ORIENTED_EDGE('',*,*,#16990,.F.);
#16993=ORIENTED_EDGE('',*,*,#16992,.T.);
#16995=ORIENTED_EDGE('',*,*,#16994,.T.);
#16996=EDGE_LOOP('',(#16973,#16974,#16976,#16977,#16979,#16980,#16982,#16984,
#16986,#16987,#16989,#16991,#16993,#16995));
#16997=FACE_OUTER_BOUND('',#16996,.F.);
#16998=ADVANCED_FACE('',(#16997),#16971,.F.);
#16999=CARTESIAN_POINT('',(1.898E-1,-8.7E-2,-5.1E-2));
#17000=DIRECTION('',(0.E0,0.E0,1.E0));
#17001=DIRECTION('',(-1.E0,0.E0,0.E0));
#17002=AXIS2_PLACEMENT_3D('',#16999,#17000,#17001);
#17003=PLANE('',#17002);
#17005=ORIENTED_EDGE('',*,*,#17004,.F.);
#17007=ORIENTED_EDGE('',*,*,#17006,.T.);
#17008=ORIENTED_EDGE('',*,*,#9312,.T.);
#17009=ORIENTED_EDGE('',*,*,#16972,.F.);
#17010=EDGE_LOOP('',(#17005,#17007,#17008,#17009));
#17011=FACE_OUTER_BOUND('',#17010,.F.);
#17012=ADVANCED_FACE('',(#17011),#17003,.F.);
#17013=CARTESIAN_POINT('',(1.248E-1,-8.7E-2,-4.5E-2));
#17014=DIRECTION('',(0.E0,6.E-1,8.E-1));
#17015=DIRECTION('',(0.E0,8.E-1,-6.E-1));
#17016=AXIS2_PLACEMENT_3D('',#17013,#17014,#17015);
#17017=PLANE('',#17016);
#17019=ORIENTED_EDGE('',*,*,#17018,.F.);
#17021=ORIENTED_EDGE('',*,*,#17020,.T.);
#17023=ORIENTED_EDGE('',*,*,#17022,.T.);
#17025=ORIENTED_EDGE('',*,*,#17024,.F.);
#17026=EDGE_LOOP('',(#17019,#17021,#17023,#17025));
#17027=FACE_OUTER_BOUND('',#17026,.F.);
#17028=ADVANCED_FACE('',(#17027),#17017,.F.);
#17029=CARTESIAN_POINT('',(1.248E-1,-8.7E-2,-4.5E-2));
#17030=DIRECTION('',(0.E0,6.E-1,8.E-1));
#17031=DIRECTION('',(0.E0,8.E-1,-6.E-1));
#17032=AXIS2_PLACEMENT_3D('',#17029,#17030,#17031);
#17033=PLANE('',#17032);
#17035=ORIENTED_EDGE('',*,*,#17034,.F.);
#17037=ORIENTED_EDGE('',*,*,#17036,.T.);
#17038=ORIENTED_EDGE('',*,*,#17004,.T.);
#17039=ORIENTED_EDGE('',*,*,#16994,.F.);
#17040=EDGE_LOOP('',(#17035,#17037,#17038,#17039));
#17041=FACE_OUTER_BOUND('',#17040,.F.);
#17042=ADVANCED_FACE('',(#17041),#17033,.F.);
#17043=CARTESIAN_POINT('',(1.308E-1,-8.1E-2,8.25E-2));
#17044=DIRECTION('',(-7.071067811866E-1,7.071067811865E-1,0.E0));
#17045=DIRECTION('',(-7.071067811865E-1,-7.071067811866E-1,0.E0));
#17046=AXIS2_PLACEMENT_3D('',#17043,#17044,#17045);
#17047=PLANE('',#17046);
#17048=ORIENTED_EDGE('',*,*,#17018,.T.);
#17049=ORIENTED_EDGE('',*,*,#9849,.T.);
#17051=ORIENTED_EDGE('',*,*,#17050,.F.);
#17053=ORIENTED_EDGE('',*,*,#17052,.F.);
#17054=EDGE_LOOP('',(#17048,#17049,#17051,#17053));
#17055=FACE_OUTER_BOUND('',#17054,.F.);
#17056=ADVANCED_FACE('',(#17055),#17047,.F.);
#17057=CARTESIAN_POINT('',(1.248E-1,-7.9E-2,5.1E-2));
#17058=DIRECTION('',(0.E0,6.E-1,-8.E-1));
#17059=DIRECTION('',(0.E0,-8.E-1,-6.E-1));
#17060=AXIS2_PLACEMENT_3D('',#17057,#17058,#17059);
#17061=PLANE('',#17060);
#17062=ORIENTED_EDGE('',*,*,#17050,.T.);
#17064=ORIENTED_EDGE('',*,*,#17063,.F.);
#17066=ORIENTED_EDGE('',*,*,#17065,.T.);
#17068=ORIENTED_EDGE('',*,*,#17067,.F.);
#17069=EDGE_LOOP('',(#17062,#17064,#17066,#17068));
#17070=FACE_OUTER_BOUND('',#17069,.F.);
#17071=ADVANCED_FACE('',(#17070),#17061,.F.);
#17072=CARTESIAN_POINT('',(1.248E-1,-7.9E-2,5.1E-2));
#17073=DIRECTION('',(0.E0,6.E-1,-8.E-1));
#17074=DIRECTION('',(0.E0,-8.E-1,-6.E-1));
#17075=AXIS2_PLACEMENT_3D('',#17072,#17073,#17074);
#17076=PLANE('',#17075);
#17078=ORIENTED_EDGE('',*,*,#17077,.F.);
#17079=ORIENTED_EDGE('',*,*,#16990,.T.);
#17081=ORIENTED_EDGE('',*,*,#17080,.T.);
#17083=ORIENTED_EDGE('',*,*,#17082,.T.);
#17084=EDGE_LOOP('',(#17078,#17079,#17081,#17083));
#17085=FACE_OUTER_BOUND('',#17084,.F.);
#17086=ADVANCED_FACE('',(#17085),#17076,.F.);
#17087=CARTESIAN_POINT('',(1.248E-1,-8.7E-2,-5.1E-2));
#17088=DIRECTION('',(-1.E0,0.E0,0.E0));
#17089=DIRECTION('',(0.E0,0.E0,-1.E0));
#17090=AXIS2_PLACEMENT_3D('',#17087,#17088,#17089);
#17091=PLANE('',#17090);
#17092=ORIENTED_EDGE('',*,*,#9847,.T.);
#17093=ORIENTED_EDGE('',*,*,#9974,.F.);
#17094=ORIENTED_EDGE('',*,*,#9493,.T.);
#17096=ORIENTED_EDGE('',*,*,#17095,.F.);
#17097=ORIENTED_EDGE('',*,*,#17063,.T.);
#17098=EDGE_LOOP('',(#17092,#17093,#17094,#17096,#17097));
#17099=FACE_OUTER_BOUND('',#17098,.F.);
#17100=ADVANCED_FACE('',(#17099),#17091,.F.);
#17101=CARTESIAN_POINT('',(1.248E-1,-8.7E-2,-5.1E-2));
#17102=DIRECTION('',(-1.E0,0.E0,0.E0));
#17103=DIRECTION('',(0.E0,0.E0,-1.E0));
#17104=AXIS2_PLACEMENT_3D('',#17101,#17102,#17103);
#17105=PLANE('',#17104);
#17106=ORIENTED_EDGE('',*,*,#9835,.T.);
#17107=ORIENTED_EDGE('',*,*,#17024,.T.);
#17109=ORIENTED_EDGE('',*,*,#17108,.T.);
#17110=ORIENTED_EDGE('',*,*,#9453,.T.);
#17111=ORIENTED_EDGE('',*,*,#10075,.F.);
#17112=EDGE_LOOP('',(#17106,#17107,#17109,#17110,#17111));
#17113=FACE_OUTER_BOUND('',#17112,.F.);
#17114=ADVANCED_FACE('',(#17113),#17105,.F.);
#17115=CARTESIAN_POINT('',(1.248E-1,-8.7E-2,5.1E-2));
#17116=DIRECTION('',(0.E0,0.E0,-1.E0));
#17117=DIRECTION('',(1.E0,0.E0,0.E0));
#17118=AXIS2_PLACEMENT_3D('',#17115,#17116,#17117);
#17119=PLANE('',#17118);
#17120=ORIENTED_EDGE('',*,*,#17065,.F.);
#17121=ORIENTED_EDGE('',*,*,#17095,.T.);
#17122=ORIENTED_EDGE('',*,*,#9491,.T.);
#17124=ORIENTED_EDGE('',*,*,#17123,.T.);
#17125=EDGE_LOOP('',(#17120,#17121,#17122,#17124));
#17126=FACE_OUTER_BOUND('',#17125,.F.);
#17127=ADVANCED_FACE('',(#17126),#17119,.F.);
#17128=CARTESIAN_POINT('',(1.308E-1,-7.2E-2,8.25E-2));
#17129=DIRECTION('',(-1.E0,0.E0,0.E0));
#17130=DIRECTION('',(0.E0,-1.E0,0.E0));
#17131=AXIS2_PLACEMENT_3D('',#17128,#17129,#17130);
#17132=PLANE('',#17131);
#17134=ORIENTED_EDGE('',*,*,#17133,.T.);
#17135=ORIENTED_EDGE('',*,*,#17020,.F.);
#17136=ORIENTED_EDGE('',*,*,#17052,.T.);
#17137=ORIENTED_EDGE('',*,*,#17067,.T.);
#17138=ORIENTED_EDGE('',*,*,#17123,.F.);
#17139=ORIENTED_EDGE('',*,*,#9489,.T.);
#17141=ORIENTED_EDGE('',*,*,#17140,.F.);
#17143=ORIENTED_EDGE('',*,*,#17142,.F.);
#17145=ORIENTED_EDGE('',*,*,#17144,.F.);
#17146=ORIENTED_EDGE('',*,*,#9270,.T.);
#17148=ORIENTED_EDGE('',*,*,#17147,.F.);
#17149=ORIENTED_EDGE('',*,*,#16951,.F.);
#17151=ORIENTED_EDGE('',*,*,#17150,.F.);
#17152=ORIENTED_EDGE('',*,*,#9457,.T.);
#17153=EDGE_LOOP('',(#17134,#17135,#17136,#17137,#17138,#17139,#17141,#17143,
#17145,#17146,#17148,#17149,#17151,#17152));
#17154=FACE_OUTER_BOUND('',#17153,.F.);
#17155=ADVANCED_FACE('',(#17154),#17132,.F.);
#17156=CARTESIAN_POINT('',(1.308E-1,-8.7E-2,-5.1E-2));
#17157=DIRECTION('',(0.E0,0.E0,1.E0));
#17158=DIRECTION('',(-1.E0,0.E0,0.E0));
#17159=AXIS2_PLACEMENT_3D('',#17156,#17157,#17158);
#17160=PLANE('',#17159);
#17161=ORIENTED_EDGE('',*,*,#17022,.F.);
#17162=ORIENTED_EDGE('',*,*,#17133,.F.);
#17163=ORIENTED_EDGE('',*,*,#9455,.T.);
#17164=ORIENTED_EDGE('',*,*,#17108,.F.);
#17165=EDGE_LOOP('',(#17161,#17162,#17163,#17164));
#17166=FACE_OUTER_BOUND('',#17165,.F.);
#17167=ADVANCED_FACE('',(#17166),#17160,.F.);
#17168=CARTESIAN_POINT('',(1.838E-1,6.8E-2,6.5E-2));
#17169=DIRECTION('',(0.E0,0.E0,1.E0));
#17170=DIRECTION('',(0.E0,-1.E0,0.E0));
#17171=AXIS2_PLACEMENT_3D('',#17168,#17169,#17170);
#17172=PLANE('',#17171);
#17173=ORIENTED_EDGE('',*,*,#16985,.F.);
#17175=ORIENTED_EDGE('',*,*,#17174,.T.);
#17176=ORIENTED_EDGE('',*,*,#17140,.T.);
#17177=ORIENTED_EDGE('',*,*,#9487,.T.);
#17179=ORIENTED_EDGE('',*,*,#17178,.T.);
#17181=ORIENTED_EDGE('',*,*,#17180,.F.);
#17183=ORIENTED_EDGE('',*,*,#17182,.F.);
#17184=ORIENTED_EDGE('',*,*,#9639,.T.);
#17185=EDGE_LOOP('',(#17173,#17175,#17176,#17177,#17179,#17181,#17183,#17184));
#17186=FACE_OUTER_BOUND('',#17185,.F.);
#17187=ADVANCED_FACE('',(#17186),#17172,.F.);
#17188=CARTESIAN_POINT('',(1.838E-1,6.8E-2,1.8E-2));
#17189=DIRECTION('',(0.E0,1.E0,0.E0));
#17190=DIRECTION('',(0.E0,0.E0,1.E0));
#17191=AXIS2_PLACEMENT_3D('',#17188,#17189,#17190);
#17192=PLANE('',#17191);
#17193=ORIENTED_EDGE('',*,*,#16983,.F.);
#17195=ORIENTED_EDGE('',*,*,#17194,.T.);
#17196=ORIENTED_EDGE('',*,*,#17142,.T.);
#17197=ORIENTED_EDGE('',*,*,#17174,.F.);
#17198=EDGE_LOOP('',(#17193,#17195,#17196,#17197));
#17199=FACE_OUTER_BOUND('',#17198,.F.);
#17201=ORIENTED_EDGE('',*,*,#17200,.F.);
#17203=ORIENTED_EDGE('',*,*,#17202,.F.);
#17205=ORIENTED_EDGE('',*,*,#17204,.F.);
#17207=ORIENTED_EDGE('',*,*,#17206,.F.);
#17208=EDGE_LOOP('',(#17201,#17203,#17205,#17207));
#17209=FACE_BOUND('',#17208,.F.);
#17210=ADVANCED_FACE('',(#17199,#17209),#17192,.F.);
#17211=CARTESIAN_POINT('',(1.838E-1,-8.7E-2,1.8E-2));
#17212=DIRECTION('',(0.E0,0.E0,-1.E0));
#17213=DIRECTION('',(0.E0,1.E0,0.E0));
#17214=AXIS2_PLACEMENT_3D('',#17211,#17212,#17213);
#17215=PLANE('',#17214);
#17216=ORIENTED_EDGE('',*,*,#9272,.F.);
#17217=ORIENTED_EDGE('',*,*,#17144,.T.);
#17218=ORIENTED_EDGE('',*,*,#17194,.F.);
#17219=ORIENTED_EDGE('',*,*,#16981,.F.);
#17220=EDGE_LOOP('',(#17216,#17217,#17218,#17219));
#17221=FACE_OUTER_BOUND('',#17220,.F.);
#17222=ADVANCED_FACE('',(#17221),#17215,.F.);
#17223=CARTESIAN_POINT('',(1.443E-1,7.3E-2,3.935E-2));
#17224=DIRECTION('',(-1.E0,0.E0,0.E0));
#17225=DIRECTION('',(0.E0,0.E0,1.E0));
#17226=AXIS2_PLACEMENT_3D('',#17223,#17224,#17225);
#17227=PLANE('',#17226);
#17228=ORIENTED_EDGE('',*,*,#17200,.T.);
#17230=ORIENTED_EDGE('',*,*,#17229,.T.);
#17232=ORIENTED_EDGE('',*,*,#17231,.F.);
#17234=ORIENTED_EDGE('',*,*,#17233,.F.);
#17235=EDGE_LOOP('',(#17228,#17230,#17232,#17234));
#17236=FACE_OUTER_BOUND('',#17235,.F.);
#17237=ADVANCED_FACE('',(#17236),#17227,.F.);
#17238=CARTESIAN_POINT('',(1.573E-1,7.3E-2,5.235E-2));
#17239=DIRECTION('',(0.E0,0.E0,1.E0));
#17240=DIRECTION('',(1.E0,0.E0,0.E0));
#17241=AXIS2_PLACEMENT_3D('',#17238,#17239,#17240);
#17242=PLANE('',#17241);
#17243=ORIENTED_EDGE('',*,*,#17206,.T.);
#17245=ORIENTED_EDGE('',*,*,#17244,.T.);
#17247=ORIENTED_EDGE('',*,*,#17246,.F.);
#17248=ORIENTED_EDGE('',*,*,#17229,.F.);
#17249=EDGE_LOOP('',(#17243,#17245,#17247,#17248));
#17250=FACE_OUTER_BOUND('',#17249,.F.);
#17251=ADVANCED_FACE('',(#17250),#17242,.F.);
#17252=CARTESIAN_POINT('',(1.703E-1,7.3E-2,3.935E-2));
#17253=DIRECTION('',(1.E0,0.E0,0.E0));
#17254=DIRECTION('',(0.E0,0.E0,-1.E0));
#17255=AXIS2_PLACEMENT_3D('',#17252,#17253,#17254);
#17256=PLANE('',#17255);
#17257=ORIENTED_EDGE('',*,*,#17204,.T.);
#17259=ORIENTED_EDGE('',*,*,#17258,.T.);
#17261=ORIENTED_EDGE('',*,*,#17260,.F.);
#17262=ORIENTED_EDGE('',*,*,#17244,.F.);
#17263=EDGE_LOOP('',(#17257,#17259,#17261,#17262));
#17264=FACE_OUTER_BOUND('',#17263,.F.);
#17265=ADVANCED_FACE('',(#17264),#17256,.F.);
#17266=CARTESIAN_POINT('',(1.573E-1,7.3E-2,2.635E-2));
#17267=DIRECTION('',(0.E0,0.E0,-1.E0));
#17268=DIRECTION('',(-1.E0,0.E0,0.E0));
#17269=AXIS2_PLACEMENT_3D('',#17266,#17267,#17268);
#17270=PLANE('',#17269);
#17271=ORIENTED_EDGE('',*,*,#17202,.T.);
#17272=ORIENTED_EDGE('',*,*,#17233,.T.);
#17274=ORIENTED_EDGE('',*,*,#17273,.F.);
#17275=ORIENTED_EDGE('',*,*,#17258,.F.);
#17276=EDGE_LOOP('',(#17271,#17272,#17274,#17275));
#17277=FACE_OUTER_BOUND('',#17276,.F.);
#17278=ADVANCED_FACE('',(#17277),#17270,.F.);
#17279=CARTESIAN_POINT('',(1.573E-1,8.3E-2,2.135E-2));
#17280=DIRECTION('',(0.E0,-7.071067811865E-1,-7.071067811865E-1));
#17281=DIRECTION('',(-1.E0,0.E0,0.E0));
#17282=AXIS2_PLACEMENT_3D('',#17279,#17280,#17281);
#17283=PLANE('',#17282);
#17284=ORIENTED_EDGE('',*,*,#16777,.F.);
#17286=ORIENTED_EDGE('',*,*,#17285,.F.);
#17287=ORIENTED_EDGE('',*,*,#17273,.T.);
#17289=ORIENTED_EDGE('',*,*,#17288,.T.);
#17290=EDGE_LOOP('',(#17284,#17286,#17287,#17289));
#17291=FACE_OUTER_BOUND('',#17290,.F.);
#17292=ADVANCED_FACE('',(#17291),#17283,.F.);
#17293=CARTESIAN_POINT('',(1.753E-1,8.3E-2,3.935E-2));
#17294=DIRECTION('',(7.071067811865E-1,-7.071067811866E-1,0.E0));
#17295=DIRECTION('',(0.E0,0.E0,-1.E0));
#17296=AXIS2_PLACEMENT_3D('',#17293,#17294,#17295);
#17297=PLANE('',#17296);
#17298=ORIENTED_EDGE('',*,*,#16775,.F.);
#17300=ORIENTED_EDGE('',*,*,#17299,.F.);
#17301=ORIENTED_EDGE('',*,*,#17260,.T.);
#17302=ORIENTED_EDGE('',*,*,#17285,.T.);
#17303=EDGE_LOOP('',(#17298,#17300,#17301,#17302));
#17304=FACE_OUTER_BOUND('',#17303,.F.);
#17305=ADVANCED_FACE('',(#17304),#17297,.F.);
#17306=CARTESIAN_POINT('',(1.573E-1,8.3E-2,5.735E-2));
#17307=DIRECTION('',(0.E0,-7.071067811865E-1,7.071067811865E-1));
#17308=DIRECTION('',(1.E0,0.E0,0.E0));
#17309=AXIS2_PLACEMENT_3D('',#17306,#17307,#17308);
#17310=PLANE('',#17309);
#17311=ORIENTED_EDGE('',*,*,#16773,.F.);
#17313=ORIENTED_EDGE('',*,*,#17312,.F.);
#17314=ORIENTED_EDGE('',*,*,#17246,.T.);
#17315=ORIENTED_EDGE('',*,*,#17299,.T.);
#17316=EDGE_LOOP('',(#17311,#17313,#17314,#17315));
#17317=FACE_OUTER_BOUND('',#17316,.F.);
#17318=ADVANCED_FACE('',(#17317),#17310,.F.);
#17319=CARTESIAN_POINT('',(1.393E-1,8.3E-2,3.935E-2));
#17320=DIRECTION('',(-7.071067811865E-1,-7.071067811865E-1,0.E0));
#17321=DIRECTION('',(0.E0,0.E0,1.E0));
#17322=AXIS2_PLACEMENT_3D('',#17319,#17320,#17321);
#17323=PLANE('',#17322);
#17324=ORIENTED_EDGE('',*,*,#16771,.F.);
#17325=ORIENTED_EDGE('',*,*,#17288,.F.);
#17326=ORIENTED_EDGE('',*,*,#17231,.T.);
#17327=ORIENTED_EDGE('',*,*,#17312,.T.);
#17328=EDGE_LOOP('',(#17324,#17325,#17326,#17327));
#17329=FACE_OUTER_BOUND('',#17328,.F.);
#17330=ADVANCED_FACE('',(#17329),#17323,.F.);
#17331=CARTESIAN_POINT('',(1.353E-1,7.3E-2,-3.935E-2));
#17332=DIRECTION('',(-1.E0,0.E0,0.E0));
#17333=DIRECTION('',(0.E0,0.E0,1.E0));
#17334=AXIS2_PLACEMENT_3D('',#17331,#17332,#17333);
#17335=PLANE('',#17334);
#17337=ORIENTED_EDGE('',*,*,#17336,.F.);
#17339=ORIENTED_EDGE('',*,*,#17338,.F.);
#17341=ORIENTED_EDGE('',*,*,#17340,.F.);
#17342=ORIENTED_EDGE('',*,*,#17178,.F.);
#17343=ORIENTED_EDGE('',*,*,#9485,.F.);
#17345=ORIENTED_EDGE('',*,*,#17344,.F.);
#17347=ORIENTED_EDGE('',*,*,#17346,.T.);
#17349=ORIENTED_EDGE('',*,*,#17348,.T.);
#17351=ORIENTED_EDGE('',*,*,#17350,.F.);
#17352=EDGE_LOOP('',(#17337,#17339,#17341,#17342,#17343,#17345,#17347,#17349,
#17351));
#17353=FACE_OUTER_BOUND('',#17352,.F.);
#17354=ADVANCED_FACE('',(#17353),#17335,.T.);
#17355=CARTESIAN_POINT('',(1.353E-1,7.3E-2,-3.935E-2));
#17356=DIRECTION('',(-1.E0,0.E0,0.E0));
#17357=DIRECTION('',(0.E0,0.E0,1.E0));
#17358=AXIS2_PLACEMENT_3D('',#17355,#17356,#17357);
#17359=PLANE('',#17358);
#17361=ORIENTED_EDGE('',*,*,#17360,.F.);
#17363=ORIENTED_EDGE('',*,*,#17362,.T.);
#17365=ORIENTED_EDGE('',*,*,#17364,.F.);
#17366=ORIENTED_EDGE('',*,*,#9461,.F.);
#17368=ORIENTED_EDGE('',*,*,#17367,.T.);
#17370=ORIENTED_EDGE('',*,*,#17369,.F.);
#17372=ORIENTED_EDGE('',*,*,#17371,.F.);
#17374=ORIENTED_EDGE('',*,*,#17373,.F.);
#17376=ORIENTED_EDGE('',*,*,#17375,.T.);
#17377=EDGE_LOOP('',(#17361,#17363,#17365,#17366,#17368,#17370,#17372,#17374,
#17376));
#17378=FACE_OUTER_BOUND('',#17377,.F.);
#17379=ADVANCED_FACE('',(#17378),#17359,.T.);
#17380=CARTESIAN_POINT('',(1.793E-1,-1.4E-2,-3.935E-2));
#17381=DIRECTION('',(0.E0,-1.E0,0.E0));
#17382=DIRECTION('',(-1.E0,0.E0,0.E0));
#17383=AXIS2_PLACEMENT_3D('',#17380,#17381,#17382);
#17384=PLANE('',#17383);
#17386=ORIENTED_EDGE('',*,*,#17385,.F.);
#17388=ORIENTED_EDGE('',*,*,#17387,.T.);
#17390=ORIENTED_EDGE('',*,*,#17389,.T.);
#17392=ORIENTED_EDGE('',*,*,#17391,.T.);
#17393=EDGE_LOOP('',(#17386,#17388,#17390,#17392));
#17394=FACE_OUTER_BOUND('',#17393,.F.);
#17395=ADVANCED_FACE('',(#17394),#17384,.F.);
#17396=CARTESIAN_POINT('',(1.793E-1,-1.4E-2,-3.935E-2));
#17397=DIRECTION('',(0.E0,-1.E0,0.E0));
#17398=DIRECTION('',(-1.E0,0.E0,0.E0));
#17399=AXIS2_PLACEMENT_3D('',#17396,#17397,#17398);
#17400=PLANE('',#17399);
#17402=ORIENTED_EDGE('',*,*,#17401,.F.);
#17404=ORIENTED_EDGE('',*,*,#17403,.T.);
#17406=ORIENTED_EDGE('',*,*,#17405,.T.);
#17407=ORIENTED_EDGE('',*,*,#17336,.T.);
#17408=EDGE_LOOP('',(#17402,#17404,#17406,#17407));
#17409=FACE_OUTER_BOUND('',#17408,.F.);
#17410=ADVANCED_FACE('',(#17409),#17400,.F.);
#17411=CARTESIAN_POINT('',(1.793E-1,-1.4E-2,-3.935E-2));
#17412=DIRECTION('',(0.E0,-1.E0,0.E0));
#17413=DIRECTION('',(-1.E0,0.E0,0.E0));
#17414=AXIS2_PLACEMENT_3D('',#17411,#17412,#17413);
#17415=PLANE('',#17414);
#17417=ORIENTED_EDGE('',*,*,#17416,.T.);
#17419=ORIENTED_EDGE('',*,*,#17418,.T.);
#17421=ORIENTED_EDGE('',*,*,#17420,.F.);
#17423=ORIENTED_EDGE('',*,*,#17422,.T.);
#17424=EDGE_LOOP('',(#17417,#17419,#17421,#17423));
#17425=FACE_OUTER_BOUND('',#17424,.F.);
#17426=ADVANCED_FACE('',(#17425),#17415,.F.);
#17427=CARTESIAN_POINT('',(1.793E-1,-1.4E-2,-3.935E-2));
#17428=DIRECTION('',(0.E0,-1.E0,0.E0));
#17429=DIRECTION('',(-1.E0,0.E0,0.E0));
#17430=AXIS2_PLACEMENT_3D('',#17427,#17428,#17429);
#17431=PLANE('',#17430);
#17433=ORIENTED_EDGE('',*,*,#17432,.T.);
#17434=ORIENTED_EDGE('',*,*,#17373,.T.);
#17436=ORIENTED_EDGE('',*,*,#17435,.F.);
#17438=ORIENTED_EDGE('',*,*,#17437,.T.);
#17439=EDGE_LOOP('',(#17433,#17434,#17436,#17438));
#17440=FACE_OUTER_BOUND('',#17439,.F.);
#17441=ADVANCED_FACE('',(#17440),#17431,.F.);
#17442=CARTESIAN_POINT('',(1.793E-1,-3.9E-2,5.1E-2));
#17443=DIRECTION('',(0.E0,0.E0,-1.E0));
#17444=DIRECTION('',(-1.E0,0.E0,0.E0));
#17445=AXIS2_PLACEMENT_3D('',#17442,#17443,#17444);
#17446=PLANE('',#17445);
#17447=ORIENTED_EDGE('',*,*,#17385,.T.);
#17449=ORIENTED_EDGE('',*,*,#17448,.T.);
#17451=ORIENTED_EDGE('',*,*,#17450,.T.);
#17453=ORIENTED_EDGE('',*,*,#17452,.T.);
#17455=ORIENTED_EDGE('',*,*,#17454,.T.);
#17457=ORIENTED_EDGE('',*,*,#17456,.T.);
#17459=ORIENTED_EDGE('',*,*,#17458,.T.);
#17461=ORIENTED_EDGE('',*,*,#17460,.T.);
#17463=ORIENTED_EDGE('',*,*,#17462,.T.);
#17464=EDGE_LOOP('',(#17447,#17449,#17451,#17453,#17455,#17457,#17459,#17461,
#17463));
#17465=FACE_OUTER_BOUND('',#17464,.F.);
#17466=ADVANCED_FACE('',(#17465),#17446,.F.);
#17467=CARTESIAN_POINT('',(1.793E-1,-3.9E-2,5.1E-2));
#17468=DIRECTION('',(0.E0,0.E0,-1.E0));
#17469=DIRECTION('',(-1.E0,0.E0,0.E0));
#17470=AXIS2_PLACEMENT_3D('',#17467,#17468,#17469);
#17471=PLANE('',#17470);
#17472=ORIENTED_EDGE('',*,*,#17401,.T.);
#17474=ORIENTED_EDGE('',*,*,#17473,.T.);
#17476=ORIENTED_EDGE('',*,*,#17475,.T.);
#17478=ORIENTED_EDGE('',*,*,#17477,.T.);
#17480=ORIENTED_EDGE('',*,*,#17479,.T.);
#17482=ORIENTED_EDGE('',*,*,#17481,.T.);
#17484=ORIENTED_EDGE('',*,*,#17483,.T.);
#17486=ORIENTED_EDGE('',*,*,#17485,.T.);
#17488=ORIENTED_EDGE('',*,*,#17487,.T.);
#17489=EDGE_LOOP('',(#17472,#17474,#17476,#17478,#17480,#17482,#17484,#17486,
#17488));
#17490=FACE_OUTER_BOUND('',#17489,.F.);
#17491=ADVANCED_FACE('',(#17490),#17471,.F.);
#17492=CARTESIAN_POINT('',(1.733E-1,-1.4E-2,2.1E-2));
#17493=DIRECTION('',(-9.707950972229E-1,-2.399101481970E-1,0.E0));
#17494=DIRECTION('',(-2.399101481970E-1,9.707950972229E-1,0.E0));
#17495=AXIS2_PLACEMENT_3D('',#17492,#17493,#17494);
#17496=PLANE('',#17495);
#17498=ORIENTED_EDGE('',*,*,#17497,.T.);
#17500=ORIENTED_EDGE('',*,*,#17499,.T.);
#17502=ORIENTED_EDGE('',*,*,#17501,.T.);
#17503=ORIENTED_EDGE('',*,*,#17448,.F.);
#17504=EDGE_LOOP('',(#17498,#17500,#17502,#17503));
#17505=FACE_OUTER_BOUND('',#17504,.F.);
#17506=ADVANCED_FACE('',(#17505),#17496,.T.);
#17507=CARTESIAN_POINT('',(1.733E-1,-3.9E-2,5.9E-2));
#17508=DIRECTION('',(-1.E0,0.E0,0.E0));
#17509=DIRECTION('',(0.E0,0.E0,-1.E0));
#17510=AXIS2_PLACEMENT_3D('',#17507,#17508,#17509);
#17511=PLANE('',#17510);
#17512=ORIENTED_EDGE('',*,*,#17497,.F.);
#17513=ORIENTED_EDGE('',*,*,#17391,.F.);
#17515=ORIENTED_EDGE('',*,*,#17514,.T.);
#17517=ORIENTED_EDGE('',*,*,#17516,.T.);
#17519=ORIENTED_EDGE('',*,*,#17518,.T.);
#17520=EDGE_LOOP('',(#17512,#17513,#17515,#17517,#17519));
#17521=FACE_OUTER_BOUND('',#17520,.F.);
#17522=ADVANCED_FACE('',(#17521),#17511,.T.);
#17523=CARTESIAN_POINT('',(1.663E-1,-7.1E-2,5.9E-2));
#17524=DIRECTION('',(0.E0,0.E0,-1.E0));
#17525=DIRECTION('',(0.E0,-1.E0,0.E0));
#17526=AXIS2_PLACEMENT_3D('',#17523,#17524,#17525);
#17527=PLANE('',#17526);
#17529=ORIENTED_EDGE('',*,*,#17528,.F.);
#17530=ORIENTED_EDGE('',*,*,#9643,.F.);
#17532=ORIENTED_EDGE('',*,*,#17531,.F.);
#17534=ORIENTED_EDGE('',*,*,#17533,.T.);
#17535=ORIENTED_EDGE('',*,*,#17514,.F.);
#17536=ORIENTED_EDGE('',*,*,#17389,.F.);
#17538=ORIENTED_EDGE('',*,*,#17537,.F.);
#17540=ORIENTED_EDGE('',*,*,#17539,.T.);
#17541=ORIENTED_EDGE('',*,*,#17338,.T.);
#17542=ORIENTED_EDGE('',*,*,#17405,.F.);
#17544=ORIENTED_EDGE('',*,*,#17543,.T.);
#17546=ORIENTED_EDGE('',*,*,#17545,.T.);
#17547=ORIENTED_EDGE('',*,*,#17344,.T.);
#17548=ORIENTED_EDGE('',*,*,#9483,.F.);
#17550=ORIENTED_EDGE('',*,*,#17549,.T.);
#17552=ORIENTED_EDGE('',*,*,#17551,.F.);
#17553=EDGE_LOOP('',(#17529,#17530,#17532,#17534,#17535,#17536,#17538,#17540,
#17541,#17542,#17544,#17546,#17547,#17548,#17550,#17552));
#17554=FACE_OUTER_BOUND('',#17553,.F.);
#17555=ADVANCED_FACE('',(#17554),#17527,.T.);
#17556=CARTESIAN_POINT('',(1.663E-1,0.E0,0.E0));
#17557=DIRECTION('',(-1.E0,0.E0,0.E0));
#17558=DIRECTION('',(0.E0,0.E0,1.E0));
#17559=AXIS2_PLACEMENT_3D('',#17556,#17557,#17558);
#17560=PLANE('',#17559);
#17561=ORIENTED_EDGE('',*,*,#9477,.T.);
#17562=ORIENTED_EDGE('',*,*,#17528,.T.);
#17564=ORIENTED_EDGE('',*,*,#17563,.T.);
#17566=ORIENTED_EDGE('',*,*,#17565,.T.);
#17568=ORIENTED_EDGE('',*,*,#17567,.T.);
#17570=ORIENTED_EDGE('',*,*,#17569,.T.);
#17572=ORIENTED_EDGE('',*,*,#17571,.T.);
#17574=ORIENTED_EDGE('',*,*,#17573,.T.);
#17575=EDGE_LOOP('',(#17561,#17562,#17564,#17566,#17568,#17570,#17572,#17574));
#17576=FACE_OUTER_BOUND('',#17575,.F.);
#17577=ADVANCED_FACE('',(#17576),#17560,.F.);
#17578=CARTESIAN_POINT('',(1.663E-1,-8.3E-2,7.1E-2));
#17579=DIRECTION('',(-1.E0,0.E0,0.E0));
#17580=DIRECTION('',(0.E0,0.E0,1.E0));
#17581=AXIS2_PLACEMENT_3D('',#17578,#17579,#17580);
#17582=CYLINDRICAL_SURFACE('',#17581,1.2E-2);
#17583=ORIENTED_EDGE('',*,*,#17563,.F.);
#17584=ORIENTED_EDGE('',*,*,#17551,.T.);
#17586=ORIENTED_EDGE('',*,*,#17585,.T.);
#17588=ORIENTED_EDGE('',*,*,#17587,.F.);
#17589=EDGE_LOOP('',(#17583,#17584,#17586,#17588));
#17590=FACE_OUTER_BOUND('',#17589,.F.);
#17591=ADVANCED_FACE('',(#17590),#17582,.T.);
#17592=CARTESIAN_POINT('',(1.483E-1,0.E0,0.E0));
#17593=DIRECTION('',(-1.E0,0.E0,0.E0));
#17594=DIRECTION('',(0.E0,0.E0,1.E0));
#17595=AXIS2_PLACEMENT_3D('',#17592,#17593,#17594);
#17596=PLANE('',#17595);
#17597=ORIENTED_EDGE('',*,*,#9481,.F.);
#17599=ORIENTED_EDGE('',*,*,#17598,.F.);
#17601=ORIENTED_EDGE('',*,*,#17600,.F.);
#17603=ORIENTED_EDGE('',*,*,#17602,.F.);
#17605=ORIENTED_EDGE('',*,*,#17604,.F.);
#17607=ORIENTED_EDGE('',*,*,#17606,.F.);
#17608=ORIENTED_EDGE('',*,*,#17585,.F.);
#17609=ORIENTED_EDGE('',*,*,#17549,.F.);
#17610=EDGE_LOOP('',(#17597,#17599,#17601,#17603,#17605,#17607,#17608,#17609));
#17611=FACE_OUTER_BOUND('',#17610,.F.);
#17612=ADVANCED_FACE('',(#17611),#17596,.T.);
#17613=CARTESIAN_POINT('',(1.663E-1,-8.3E-2,6.5E-2));
#17614=DIRECTION('',(0.E0,0.E0,1.E0));
#17615=DIRECTION('',(0.E0,1.E0,0.E0));
#17616=AXIS2_PLACEMENT_3D('',#17613,#17614,#17615);
#17617=PLANE('',#17616);
#17618=ORIENTED_EDGE('',*,*,#9479,.F.);
#17619=ORIENTED_EDGE('',*,*,#17573,.F.);
#17621=ORIENTED_EDGE('',*,*,#17620,.T.);
#17622=ORIENTED_EDGE('',*,*,#17598,.T.);
#17623=EDGE_LOOP('',(#17618,#17619,#17621,#17622));
#17624=FACE_OUTER_BOUND('',#17623,.F.);
#17625=ADVANCED_FACE('',(#17624),#17617,.T.);
#17626=CARTESIAN_POINT('',(1.663E-1,-8.3E-2,7.1E-2));
#17627=DIRECTION('',(-1.E0,0.E0,0.E0));
#17628=DIRECTION('',(0.E0,0.E0,1.E0));
#17629=AXIS2_PLACEMENT_3D('',#17626,#17627,#17628);
#17630=CYLINDRICAL_SURFACE('',#17629,6.E-3);
#17631=ORIENTED_EDGE('',*,*,#17571,.F.);
#17633=ORIENTED_EDGE('',*,*,#17632,.T.);
#17634=ORIENTED_EDGE('',*,*,#17600,.T.);
#17635=ORIENTED_EDGE('',*,*,#17620,.F.);
#17636=EDGE_LOOP('',(#17631,#17633,#17634,#17635));
#17637=FACE_OUTER_BOUND('',#17636,.F.);
#17638=ADVANCED_FACE('',(#17637),#17630,.F.);
#17639=CARTESIAN_POINT('',(1.663E-1,-8.9E-2,1.05E-1));
#17640=DIRECTION('',(0.E0,1.E0,0.E0));
#17641=DIRECTION('',(0.E0,0.E0,-1.E0));
#17642=AXIS2_PLACEMENT_3D('',#17639,#17640,#17641);
#17643=PLANE('',#17642);
#17644=ORIENTED_EDGE('',*,*,#17569,.F.);
#17646=ORIENTED_EDGE('',*,*,#17645,.T.);
#17647=ORIENTED_EDGE('',*,*,#17602,.T.);
#17648=ORIENTED_EDGE('',*,*,#17632,.F.);
#17649=EDGE_LOOP('',(#17644,#17646,#17647,#17648));
#17650=FACE_OUTER_BOUND('',#17649,.F.);
#17651=ADVANCED_FACE('',(#17650),#17643,.T.);
#17652=CARTESIAN_POINT('',(1.663E-1,-9.5E-2,1.05E-1));
#17653=DIRECTION('',(0.E0,0.E0,1.E0));
#17654=DIRECTION('',(0.E0,1.E0,0.E0));
#17655=AXIS2_PLACEMENT_3D('',#17652,#17653,#17654);
#17656=PLANE('',#17655);
#17657=ORIENTED_EDGE('',*,*,#17567,.F.);
#17659=ORIENTED_EDGE('',*,*,#17658,.T.);
#17660=ORIENTED_EDGE('',*,*,#17604,.T.);
#17661=ORIENTED_EDGE('',*,*,#17645,.F.);
#17662=EDGE_LOOP('',(#17657,#17659,#17660,#17661));
#17663=FACE_OUTER_BOUND('',#17662,.F.);
#17664=ADVANCED_FACE('',(#17663),#17656,.T.);
#17665=CARTESIAN_POINT('',(1.663E-1,-9.5E-2,7.1E-2));
#17666=DIRECTION('',(0.E0,-1.E0,0.E0));
#17667=DIRECTION('',(0.E0,0.E0,1.E0));
#17668=AXIS2_PLACEMENT_3D('',#17665,#17666,#17667);
#17669=PLANE('',#17668);
#17670=ORIENTED_EDGE('',*,*,#17565,.F.);
#17671=ORIENTED_EDGE('',*,*,#17587,.T.);
#17672=ORIENTED_EDGE('',*,*,#17606,.T.);
#17673=ORIENTED_EDGE('',*,*,#17658,.F.);
#17674=EDGE_LOOP('',(#17670,#17671,#17672,#17673));
#17675=FACE_OUTER_BOUND('',#17674,.F.);
#17676=ADVANCED_FACE('',(#17675),#17669,.T.);
#17677=CARTESIAN_POINT('',(1.793E-1,7.3E-2,-3.935E-2));
#17678=DIRECTION('',(-1.E0,0.E0,0.E0));
#17679=DIRECTION('',(0.E0,0.E0,1.E0));
#17680=AXIS2_PLACEMENT_3D('',#17677,#17678,#17679);
#17681=PLANE('',#17680);
#17683=ORIENTED_EDGE('',*,*,#17682,.F.);
#17685=ORIENTED_EDGE('',*,*,#17684,.T.);
#17686=ORIENTED_EDGE('',*,*,#17531,.T.);
#17687=ORIENTED_EDGE('',*,*,#9641,.T.);
#17688=ORIENTED_EDGE('',*,*,#17182,.T.);
#17690=ORIENTED_EDGE('',*,*,#17689,.T.);
#17691=ORIENTED_EDGE('',*,*,#17537,.T.);
#17692=ORIENTED_EDGE('',*,*,#17387,.F.);
#17694=ORIENTED_EDGE('',*,*,#17693,.T.);
#17695=EDGE_LOOP('',(#17683,#17685,#17686,#17687,#17688,#17690,#17691,#17692,
#17694));
#17696=FACE_OUTER_BOUND('',#17695,.F.);
#17697=ADVANCED_FACE('',(#17696),#17681,.F.);
#17698=CARTESIAN_POINT('',(1.793E-1,7.3E-2,-3.935E-2));
#17699=DIRECTION('',(-1.E0,0.E0,0.E0));
#17700=DIRECTION('',(0.E0,0.E0,1.E0));
#17701=AXIS2_PLACEMENT_3D('',#17698,#17699,#17700);
#17702=PLANE('',#17701);
#17703=ORIENTED_EDGE('',*,*,#17422,.F.);
#17705=ORIENTED_EDGE('',*,*,#17704,.T.);
#17707=ORIENTED_EDGE('',*,*,#17706,.T.);
#17709=ORIENTED_EDGE('',*,*,#17708,.F.);
#17710=ORIENTED_EDGE('',*,*,#9306,.T.);
#17712=ORIENTED_EDGE('',*,*,#17711,.T.);
#17714=ORIENTED_EDGE('',*,*,#17713,.T.);
#17716=ORIENTED_EDGE('',*,*,#17715,.T.);
#17718=ORIENTED_EDGE('',*,*,#17717,.F.);
#17719=EDGE_LOOP('',(#17703,#17705,#17707,#17709,#17710,#17712,#17714,#17716,
#17718));
#17720=FACE_OUTER_BOUND('',#17719,.F.);
#17721=ADVANCED_FACE('',(#17720),#17702,.F.);
#17722=CARTESIAN_POINT('',(1.733E-1,-3.9E-2,2.1E-2));
#17723=DIRECTION('',(0.E0,0.E0,-1.E0));
#17724=DIRECTION('',(1.E0,0.E0,0.E0));
#17725=AXIS2_PLACEMENT_3D('',#17722,#17723,#17724);
#17726=PLANE('',#17725);
#17728=ORIENTED_EDGE('',*,*,#17727,.F.);
#17729=ORIENTED_EDGE('',*,*,#17348,.F.);
#17731=ORIENTED_EDGE('',*,*,#17730,.T.);
#17733=ORIENTED_EDGE('',*,*,#17732,.T.);
#17735=ORIENTED_EDGE('',*,*,#17734,.F.);
#17737=ORIENTED_EDGE('',*,*,#17736,.F.);
#17739=ORIENTED_EDGE('',*,*,#17738,.F.);
#17741=ORIENTED_EDGE('',*,*,#17740,.F.);
#17743=ORIENTED_EDGE('',*,*,#17742,.F.);
#17745=ORIENTED_EDGE('',*,*,#17744,.F.);
#17747=ORIENTED_EDGE('',*,*,#17746,.F.);
#17748=EDGE_LOOP('',(#17728,#17729,#17731,#17733,#17735,#17737,#17739,#17741,
#17743,#17745,#17747));
#17749=FACE_OUTER_BOUND('',#17748,.F.);
#17750=ADVANCED_FACE('',(#17749),#17726,.T.);
#17751=CARTESIAN_POINT('',(1.733E-1,-3.9E-2,2.1E-2));
#17752=DIRECTION('',(0.E0,0.E0,-1.E0));
#17753=DIRECTION('',(1.E0,0.E0,0.E0));
#17754=AXIS2_PLACEMENT_3D('',#17751,#17752,#17753);
#17755=PLANE('',#17754);
#17756=ORIENTED_EDGE('',*,*,#17682,.T.);
#17758=ORIENTED_EDGE('',*,*,#17757,.F.);
#17760=ORIENTED_EDGE('',*,*,#17759,.F.);
#17762=ORIENTED_EDGE('',*,*,#17761,.F.);
#17764=ORIENTED_EDGE('',*,*,#17763,.F.);
#17766=ORIENTED_EDGE('',*,*,#17765,.F.);
#17768=ORIENTED_EDGE('',*,*,#17767,.F.);
#17770=ORIENTED_EDGE('',*,*,#17769,.F.);
#17771=ORIENTED_EDGE('',*,*,#17499,.F.);
#17772=ORIENTED_EDGE('',*,*,#17518,.F.);
#17774=ORIENTED_EDGE('',*,*,#17773,.T.);
#17775=EDGE_LOOP('',(#17756,#17758,#17760,#17762,#17764,#17766,#17768,#17770,
#17771,#17772,#17774));
#17776=FACE_OUTER_BOUND('',#17775,.F.);
#17777=ADVANCED_FACE('',(#17776),#17755,.T.);
#17778=CARTESIAN_POINT('',(1.353E-1,-1.4E-2,2.1E-2));
#17779=DIRECTION('',(-9.707950972229E-1,2.399101481970E-1,0.E0));
#17780=DIRECTION('',(2.399101481970E-1,9.707950972229E-1,0.E0));
#17781=AXIS2_PLACEMENT_3D('',#17778,#17779,#17780);
#17782=PLANE('',#17781);
#17783=ORIENTED_EDGE('',*,*,#17350,.T.);
#17784=ORIENTED_EDGE('',*,*,#17727,.T.);
#17786=ORIENTED_EDGE('',*,*,#17785,.T.);
#17787=ORIENTED_EDGE('',*,*,#17473,.F.);
#17788=EDGE_LOOP('',(#17783,#17784,#17786,#17787));
#17789=FACE_OUTER_BOUND('',#17788,.F.);
#17790=ADVANCED_FACE('',(#17789),#17782,.T.);
#17791=CARTESIAN_POINT('',(1.304752294167E-1,2.9E-2,2.1E-2));
#17792=DIRECTION('',(0.E0,0.E0,-1.E0));
#17793=DIRECTION('',(-1.E0,0.E0,0.E0));
#17794=AXIS2_PLACEMENT_3D('',#17791,#17792,#17793);
#17795=CYLINDRICAL_SURFACE('',#17794,1.5E-2);
#17796=ORIENTED_EDGE('',*,*,#17746,.T.);
#17798=ORIENTED_EDGE('',*,*,#17797,.T.);
#17799=ORIENTED_EDGE('',*,*,#17475,.F.);
#17800=ORIENTED_EDGE('',*,*,#17785,.F.);
#17801=EDGE_LOOP('',(#17796,#17798,#17799,#17800));
#17802=FACE_OUTER_BOUND('',#17801,.F.);
#17803=ADVANCED_FACE('',(#17802),#17795,.F.);
#17804=CARTESIAN_POINT('',(1.447526128117E-1,3.359960035135E-2,2.1E-2));
#17805=DIRECTION('',(-9.518255596667E-1,-3.066400234235E-1,0.E0));
#17806=DIRECTION('',(-3.066400234235E-1,9.518255596667E-1,0.E0));
#17807=AXIS2_PLACEMENT_3D('',#17804,#17805,#17806);
#17808=PLANE('',#17807);
#17809=ORIENTED_EDGE('',*,*,#17744,.T.);
#17811=ORIENTED_EDGE('',*,*,#17810,.T.);
#17812=ORIENTED_EDGE('',*,*,#17477,.F.);
#17813=ORIENTED_EDGE('',*,*,#17797,.F.);
#17814=EDGE_LOOP('',(#17809,#17811,#17812,#17813));
#17815=FACE_OUTER_BOUND('',#17814,.F.);
#17816=ADVANCED_FACE('',(#17815),#17808,.T.);
#17817=CARTESIAN_POINT('',(1.396220221974E-1,4.952520337047E-2,2.1E-2));
#17818=DIRECTION('',(-8.898695476930E-1,4.562150678010E-1,0.E0));
#17819=DIRECTION('',(4.562150678010E-1,8.898695476930E-1,0.E0));
#17820=AXIS2_PLACEMENT_3D('',#17817,#17818,#17819);
#17821=PLANE('',#17820);
#17822=ORIENTED_EDGE('',*,*,#17742,.T.);
#17824=ORIENTED_EDGE('',*,*,#17823,.T.);
#17825=ORIENTED_EDGE('',*,*,#17479,.F.);
#17826=ORIENTED_EDGE('',*,*,#17810,.F.);
#17827=EDGE_LOOP('',(#17822,#17824,#17825,#17826));
#17828=FACE_OUTER_BOUND('',#17827,.F.);
#17829=ADVANCED_FACE('',(#17828),#17821,.T.);
#17830=CARTESIAN_POINT('',(1.414445233210E-1,5.308007992973E-2,2.1E-2));
#17831=DIRECTION('',(-3.066400234235E-1,9.518255596667E-1,0.E0));
#17832=DIRECTION('',(9.518255596667E-1,3.066400234235E-1,0.E0));
#17833=AXIS2_PLACEMENT_3D('',#17830,#17831,#17832);
#17834=PLANE('',#17833);
#17835=ORIENTED_EDGE('',*,*,#17740,.T.);
#17837=ORIENTED_EDGE('',*,*,#17836,.T.);
#17838=ORIENTED_EDGE('',*,*,#17481,.F.);
#17839=ORIENTED_EDGE('',*,*,#17823,.F.);
#17840=EDGE_LOOP('',(#17835,#17837,#17838,#17839));
#17841=FACE_OUTER_BOUND('',#17840,.F.);
#17842=ADVANCED_FACE('',(#17841),#17834,.T.);
#17843=CARTESIAN_POINT('',(1.443E-1,5.4E-2,2.1E-2));
#17844=DIRECTION('',(9.518255596667E-1,3.066400234235E-1,0.E0));
#17845=DIRECTION('',(3.066400234235E-1,-9.518255596667E-1,0.E0));
#17846=AXIS2_PLACEMENT_3D('',#17843,#17844,#17845);
#17847=PLANE('',#17846);
#17848=ORIENTED_EDGE('',*,*,#17738,.T.);
#17850=ORIENTED_EDGE('',*,*,#17849,.T.);
#17851=ORIENTED_EDGE('',*,*,#17483,.F.);
#17852=ORIENTED_EDGE('',*,*,#17836,.F.);
#17853=EDGE_LOOP('',(#17848,#17850,#17851,#17852));
#17854=FACE_OUTER_BOUND('',#17853,.F.);
#17855=ADVANCED_FACE('',(#17854),#17847,.T.);
#17856=CARTESIAN_POINT('',(1.304752294167E-1,2.9E-2,2.1E-2));
#17857=DIRECTION('',(0.E0,0.E0,-1.E0));
#17858=DIRECTION('',(-1.E0,0.E0,0.E0));
#17859=AXIS2_PLACEMENT_3D('',#17856,#17857,#17858);
#17860=CYLINDRICAL_SURFACE('',#17859,2.082477058334E-2);
#17861=ORIENTED_EDGE('',*,*,#17736,.T.);
#17863=ORIENTED_EDGE('',*,*,#17862,.T.);
#17864=ORIENTED_EDGE('',*,*,#17485,.F.);
#17865=ORIENTED_EDGE('',*,*,#17849,.F.);
#17866=EDGE_LOOP('',(#17861,#17863,#17864,#17865));
#17867=FACE_OUTER_BOUND('',#17866,.F.);
#17868=ADVANCED_FACE('',(#17867),#17860,.T.);
#17869=CARTESIAN_POINT('',(1.506918145998E-1,2.400392620318E-2,2.1E-2));
#17870=DIRECTION('',(9.707950972229E-1,-2.399101481970E-1,0.E0));
#17871=DIRECTION('',(-2.399101481970E-1,-9.707950972229E-1,0.E0));
#17872=AXIS2_PLACEMENT_3D('',#17869,#17870,#17871);
#17873=PLANE('',#17872);
#17875=ORIENTED_EDGE('',*,*,#17874,.F.);
#17876=ORIENTED_EDGE('',*,*,#17487,.F.);
#17877=ORIENTED_EDGE('',*,*,#17862,.F.);
#17878=ORIENTED_EDGE('',*,*,#17734,.T.);
#17879=EDGE_LOOP('',(#17875,#17876,#17877,#17878));
#17880=FACE_OUTER_BOUND('',#17879,.F.);
#17881=ADVANCED_FACE('',(#17880),#17873,.T.);
#17882=CARTESIAN_POINT('',(1.413E-1,-3.9E-2,2.1E-2));
#17883=DIRECTION('',(1.E0,0.E0,0.E0));
#17884=DIRECTION('',(0.E0,0.E0,1.E0));
#17885=AXIS2_PLACEMENT_3D('',#17882,#17883,#17884);
#17886=PLANE('',#17885);
#17887=ORIENTED_EDGE('',*,*,#17874,.T.);
#17888=ORIENTED_EDGE('',*,*,#17732,.F.);
#17890=ORIENTED_EDGE('',*,*,#17889,.T.);
#17891=ORIENTED_EDGE('',*,*,#17543,.F.);
#17892=ORIENTED_EDGE('',*,*,#17403,.F.);
#17893=EDGE_LOOP('',(#17887,#17888,#17890,#17891,#17892));
#17894=FACE_OUTER_BOUND('',#17893,.F.);
#17895=ADVANCED_FACE('',(#17894),#17886,.T.);
#17896=CARTESIAN_POINT('',(1.793E-1,-3.9E-2,-3.935E-2));
#17897=DIRECTION('',(0.E0,-1.E0,0.E0));
#17898=DIRECTION('',(-1.E0,0.E0,0.E0));
#17899=AXIS2_PLACEMENT_3D('',#17896,#17897,#17898);
#17900=PLANE('',#17899);
#17902=ORIENTED_EDGE('',*,*,#17901,.T.);
#17904=ORIENTED_EDGE('',*,*,#17903,.F.);
#17906=ORIENTED_EDGE('',*,*,#17905,.F.);
#17907=ORIENTED_EDGE('',*,*,#17713,.F.);
#17908=EDGE_LOOP('',(#17902,#17904,#17906,#17907));
#17909=FACE_OUTER_BOUND('',#17908,.F.);
#17910=ADVANCED_FACE('',(#17909),#17900,.T.);
#17911=CARTESIAN_POINT('',(1.793E-1,-3.9E-2,-3.935E-2));
#17912=DIRECTION('',(0.E0,-1.E0,0.E0));
#17913=DIRECTION('',(-1.E0,0.E0,0.E0));
#17914=AXIS2_PLACEMENT_3D('',#17911,#17912,#17913);
#17915=PLANE('',#17914);
#17917=ORIENTED_EDGE('',*,*,#17916,.T.);
#17918=ORIENTED_EDGE('',*,*,#17362,.F.);
#17920=ORIENTED_EDGE('',*,*,#17919,.F.);
#17922=ORIENTED_EDGE('',*,*,#17921,.F.);
#17923=EDGE_LOOP('',(#17917,#17918,#17920,#17922));
#17924=FACE_OUTER_BOUND('',#17923,.F.);
#17925=ADVANCED_FACE('',(#17924),#17915,.T.);
#17926=CARTESIAN_POINT('',(1.793E-1,-3.9E-2,-3.935E-2));
#17927=DIRECTION('',(0.E0,-1.E0,0.E0));
#17928=DIRECTION('',(-1.E0,0.E0,0.E0));
#17929=AXIS2_PLACEMENT_3D('',#17926,#17927,#17928);
#17930=PLANE('',#17929);
#17931=ORIENTED_EDGE('',*,*,#17533,.F.);
#17932=ORIENTED_EDGE('',*,*,#17684,.F.);
#17933=ORIENTED_EDGE('',*,*,#17773,.F.);
#17934=ORIENTED_EDGE('',*,*,#17516,.F.);
#17935=EDGE_LOOP('',(#17931,#17932,#17933,#17934));
#17936=FACE_OUTER_BOUND('',#17935,.F.);
#17937=ADVANCED_FACE('',(#17936),#17930,.T.);
#17938=CARTESIAN_POINT('',(1.793E-1,-3.9E-2,-3.935E-2));
#17939=DIRECTION('',(0.E0,-1.E0,0.E0));
#17940=DIRECTION('',(-1.E0,0.E0,0.E0));
#17941=AXIS2_PLACEMENT_3D('',#17938,#17939,#17940);
#17942=PLANE('',#17941);
#17943=ORIENTED_EDGE('',*,*,#17545,.F.);
#17944=ORIENTED_EDGE('',*,*,#17889,.F.);
#17945=ORIENTED_EDGE('',*,*,#17730,.F.);
#17946=ORIENTED_EDGE('',*,*,#17346,.F.);
#17947=EDGE_LOOP('',(#17943,#17944,#17945,#17946));
#17948=FACE_OUTER_BOUND('',#17947,.F.);
#17949=ADVANCED_FACE('',(#17948),#17942,.T.);
#17950=CARTESIAN_POINT('',(1.663E-1,-8.3E-2,-5.9E-2));
#17951=DIRECTION('',(0.E0,0.E0,1.E0));
#17952=DIRECTION('',(0.E0,1.E0,0.E0));
#17953=AXIS2_PLACEMENT_3D('',#17950,#17951,#17952);
#17954=PLANE('',#17953);
#17956=ORIENTED_EDGE('',*,*,#17955,.T.);
#17957=ORIENTED_EDGE('',*,*,#9463,.T.);
#17958=ORIENTED_EDGE('',*,*,#17364,.T.);
#17959=ORIENTED_EDGE('',*,*,#17916,.F.);
#17961=ORIENTED_EDGE('',*,*,#17960,.F.);
#17962=ORIENTED_EDGE('',*,*,#17435,.T.);
#17963=ORIENTED_EDGE('',*,*,#17371,.T.);
#17965=ORIENTED_EDGE('',*,*,#17964,.F.);
#17966=ORIENTED_EDGE('',*,*,#17704,.F.);
#17967=ORIENTED_EDGE('',*,*,#17420,.T.);
#17969=ORIENTED_EDGE('',*,*,#17968,.T.);
#17970=ORIENTED_EDGE('',*,*,#17901,.F.);
#17971=ORIENTED_EDGE('',*,*,#17711,.F.);
#17972=ORIENTED_EDGE('',*,*,#9304,.T.);
#17974=ORIENTED_EDGE('',*,*,#17973,.F.);
#17976=ORIENTED_EDGE('',*,*,#17975,.T.);
#17977=EDGE_LOOP('',(#17956,#17957,#17958,#17959,#17961,#17962,#17963,#17965,
#17966,#17967,#17969,#17970,#17971,#17972,#17974,#17976));
#17978=FACE_OUTER_BOUND('',#17977,.F.);
#17979=ADVANCED_FACE('',(#17978),#17954,.T.);
#17980=CARTESIAN_POINT('',(1.483E-1,0.E0,0.E0));
#17981=DIRECTION('',(-1.E0,0.E0,0.E0));
#17982=DIRECTION('',(0.E0,0.E0,1.E0));
#17983=AXIS2_PLACEMENT_3D('',#17980,#17981,#17982);
#17984=PLANE('',#17983);
#17985=ORIENTED_EDGE('',*,*,#9465,.T.);
#17986=ORIENTED_EDGE('',*,*,#17955,.F.);
#17988=ORIENTED_EDGE('',*,*,#17987,.F.);
#17990=ORIENTED_EDGE('',*,*,#17989,.F.);
#17992=ORIENTED_EDGE('',*,*,#17991,.F.);
#17994=ORIENTED_EDGE('',*,*,#17993,.F.);
#17996=ORIENTED_EDGE('',*,*,#17995,.F.);
#17998=ORIENTED_EDGE('',*,*,#17997,.F.);
#17999=EDGE_LOOP('',(#17985,#17986,#17988,#17990,#17992,#17994,#17996,#17998));
#18000=FACE_OUTER_BOUND('',#17999,.F.);
#18001=ADVANCED_FACE('',(#18000),#17984,.T.);
#18002=CARTESIAN_POINT('',(1.663E-1,-8.3E-2,-7.1E-2));
#18003=DIRECTION('',(-1.E0,0.E0,0.E0));
#18004=DIRECTION('',(0.E0,0.E0,1.E0));
#18005=AXIS2_PLACEMENT_3D('',#18002,#18003,#18004);
#18006=CYLINDRICAL_SURFACE('',#18005,1.2E-2);
#18008=ORIENTED_EDGE('',*,*,#18007,.F.);
#18010=ORIENTED_EDGE('',*,*,#18009,.T.);
#18011=ORIENTED_EDGE('',*,*,#17987,.T.);
#18012=ORIENTED_EDGE('',*,*,#17975,.F.);
#18013=EDGE_LOOP('',(#18008,#18010,#18011,#18012));
#18014=FACE_OUTER_BOUND('',#18013,.F.);
#18015=ADVANCED_FACE('',(#18014),#18006,.T.);
#18016=CARTESIAN_POINT('',(1.663E-1,0.E0,0.E0));
#18017=DIRECTION('',(-1.E0,0.E0,0.E0));
#18018=DIRECTION('',(0.E0,0.E0,1.E0));
#18019=AXIS2_PLACEMENT_3D('',#18016,#18017,#18018);
#18020=PLANE('',#18019);
#18021=ORIENTED_EDGE('',*,*,#9302,.F.);
#18023=ORIENTED_EDGE('',*,*,#18022,.T.);
#18025=ORIENTED_EDGE('',*,*,#18024,.T.);
#18027=ORIENTED_EDGE('',*,*,#18026,.T.);
#18029=ORIENTED_EDGE('',*,*,#18028,.T.);
#18031=ORIENTED_EDGE('',*,*,#18030,.T.);
#18032=ORIENTED_EDGE('',*,*,#18007,.T.);
#18033=ORIENTED_EDGE('',*,*,#17973,.T.);
#18034=EDGE_LOOP('',(#18021,#18023,#18025,#18027,#18029,#18031,#18032,#18033));
#18035=FACE_OUTER_BOUND('',#18034,.F.);
#18036=ADVANCED_FACE('',(#18035),#18020,.F.);
#18037=CARTESIAN_POINT('',(1.663E-1,-7.1E-2,-6.5E-2));
#18038=DIRECTION('',(0.E0,0.E0,-1.E0));
#18039=DIRECTION('',(0.E0,-1.E0,0.E0));
#18040=AXIS2_PLACEMENT_3D('',#18037,#18038,#18039);
#18041=PLANE('',#18040);
#18042=ORIENTED_EDGE('',*,*,#9467,.T.);
#18043=ORIENTED_EDGE('',*,*,#17997,.T.);
#18045=ORIENTED_EDGE('',*,*,#18044,.F.);
#18046=ORIENTED_EDGE('',*,*,#18022,.F.);
#18047=EDGE_LOOP('',(#18042,#18043,#18045,#18046));
#18048=FACE_OUTER_BOUND('',#18047,.F.);
#18049=ADVANCED_FACE('',(#18048),#18041,.T.);
#18050=CARTESIAN_POINT('',(1.663E-1,-8.3E-2,-7.1E-2));
#18051=DIRECTION('',(-1.E0,0.E0,0.E0));
#18052=DIRECTION('',(0.E0,0.E0,1.E0));
#18053=AXIS2_PLACEMENT_3D('',#18050,#18051,#18052);
#18054=CYLINDRICAL_SURFACE('',#18053,6.E-3);
#18055=ORIENTED_EDGE('',*,*,#18024,.F.);
#18056=ORIENTED_EDGE('',*,*,#18044,.T.);
#18057=ORIENTED_EDGE('',*,*,#17995,.T.);
#18059=ORIENTED_EDGE('',*,*,#18058,.F.);
#18060=EDGE_LOOP('',(#18055,#18056,#18057,#18059));
#18061=FACE_OUTER_BOUND('',#18060,.F.);
#18062=ADVANCED_FACE('',(#18061),#18054,.F.);
#18063=CARTESIAN_POINT('',(1.663E-1,-8.9E-2,-7.1E-2));
#18064=DIRECTION('',(0.E0,1.E0,0.E0));
#18065=DIRECTION('',(0.E0,0.E0,-1.E0));
#18066=AXIS2_PLACEMENT_3D('',#18063,#18064,#18065);
#18067=PLANE('',#18066);
#18068=ORIENTED_EDGE('',*,*,#18026,.F.);
#18069=ORIENTED_EDGE('',*,*,#18058,.T.);
#18070=ORIENTED_EDGE('',*,*,#17993,.T.);
#18072=ORIENTED_EDGE('',*,*,#18071,.F.);
#18073=EDGE_LOOP('',(#18068,#18069,#18070,#18072));
#18074=FACE_OUTER_BOUND('',#18073,.F.);
#18075=ADVANCED_FACE('',(#18074),#18067,.T.);
#18076=CARTESIAN_POINT('',(1.663E-1,-8.9E-2,-1.05E-1));
#18077=DIRECTION('',(0.E0,0.E0,-1.E0));
#18078=DIRECTION('',(0.E0,-1.E0,0.E0));
#18079=AXIS2_PLACEMENT_3D('',#18076,#18077,#18078);
#18080=PLANE('',#18079);
#18081=ORIENTED_EDGE('',*,*,#18028,.F.);
#18082=ORIENTED_EDGE('',*,*,#18071,.T.);
#18083=ORIENTED_EDGE('',*,*,#17991,.T.);
#18085=ORIENTED_EDGE('',*,*,#18084,.F.);
#18086=EDGE_LOOP('',(#18081,#18082,#18083,#18085));
#18087=FACE_OUTER_BOUND('',#18086,.F.);
#18088=ADVANCED_FACE('',(#18087),#18080,.T.);
#18089=CARTESIAN_POINT('',(1.663E-1,-9.5E-2,-1.05E-1));
#18090=DIRECTION('',(0.E0,-1.E0,0.E0));
#18091=DIRECTION('',(0.E0,0.E0,1.E0));
#18092=AXIS2_PLACEMENT_3D('',#18089,#18090,#18091);
#18093=PLANE('',#18092);
#18094=ORIENTED_EDGE('',*,*,#18030,.F.);
#18095=ORIENTED_EDGE('',*,*,#18084,.T.);
#18096=ORIENTED_EDGE('',*,*,#17989,.T.);
#18097=ORIENTED_EDGE('',*,*,#18009,.F.);
#18098=EDGE_LOOP('',(#18094,#18095,#18096,#18097));
#18099=FACE_OUTER_BOUND('',#18098,.F.);
#18100=ADVANCED_FACE('',(#18099),#18093,.T.);
#18101=CARTESIAN_POINT('',(1.413E-1,-3.9E-2,-5.9E-2));
#18102=DIRECTION('',(1.E0,0.E0,0.E0));
#18103=DIRECTION('',(0.E0,0.E0,1.E0));
#18104=AXIS2_PLACEMENT_3D('',#18101,#18102,#18103);
#18105=PLANE('',#18104);
#18107=ORIENTED_EDGE('',*,*,#18106,.F.);
#18108=ORIENTED_EDGE('',*,*,#17437,.F.);
#18109=ORIENTED_EDGE('',*,*,#17960,.T.);
#18110=ORIENTED_EDGE('',*,*,#17921,.T.);
#18112=ORIENTED_EDGE('',*,*,#18111,.T.);
#18113=EDGE_LOOP('',(#18107,#18108,#18109,#18110,#18112));
#18114=FACE_OUTER_BOUND('',#18113,.F.);
#18115=ADVANCED_FACE('',(#18114),#18105,.T.);
#18116=CARTESIAN_POINT('',(1.413E-1,-1.4E-2,-2.1E-2));
#18117=DIRECTION('',(9.707950972229E-1,-2.399101481970E-1,0.E0));
#18118=DIRECTION('',(2.399101481970E-1,9.707950972229E-1,0.E0));
#18119=AXIS2_PLACEMENT_3D('',#18116,#18117,#18118);
#18120=PLANE('',#18119);
#18121=ORIENTED_EDGE('',*,*,#18106,.T.);
#18123=ORIENTED_EDGE('',*,*,#18122,.T.);
#18125=ORIENTED_EDGE('',*,*,#18124,.T.);
#18127=ORIENTED_EDGE('',*,*,#18126,.F.);
#18128=EDGE_LOOP('',(#18121,#18123,#18125,#18127));
#18129=FACE_OUTER_BOUND('',#18128,.F.);
#18130=ADVANCED_FACE('',(#18129),#18120,.T.);
#18131=CARTESIAN_POINT('',(1.793E-1,-3.9E-2,-2.1E-2));
#18132=DIRECTION('',(0.E0,0.E0,1.E0));
#18133=DIRECTION('',(-1.E0,0.E0,0.E0));
#18134=AXIS2_PLACEMENT_3D('',#18131,#18132,#18133);
#18135=PLANE('',#18134);
#18136=ORIENTED_EDGE('',*,*,#18122,.F.);
#18137=ORIENTED_EDGE('',*,*,#18111,.F.);
#18138=ORIENTED_EDGE('',*,*,#17919,.T.);
#18139=ORIENTED_EDGE('',*,*,#17360,.T.);
#18141=ORIENTED_EDGE('',*,*,#18140,.F.);
#18143=ORIENTED_EDGE('',*,*,#18142,.F.);
#18145=ORIENTED_EDGE('',*,*,#18144,.F.);
#18147=ORIENTED_EDGE('',*,*,#18146,.F.);
#18149=ORIENTED_EDGE('',*,*,#18148,.F.);
#18151=ORIENTED_EDGE('',*,*,#18150,.F.);
#18153=ORIENTED_EDGE('',*,*,#18152,.F.);
#18154=EDGE_LOOP('',(#18136,#18137,#18138,#18139,#18141,#18143,#18145,#18147,
#18149,#18151,#18153));
#18155=FACE_OUTER_BOUND('',#18154,.F.);
#18156=ADVANCED_FACE('',(#18155),#18135,.T.);
#18157=CARTESIAN_POINT('',(1.793E-1,-3.9E-2,-2.1E-2));
#18158=DIRECTION('',(0.E0,0.E0,1.E0));
#18159=DIRECTION('',(-1.E0,0.E0,0.E0));
#18160=AXIS2_PLACEMENT_3D('',#18157,#18158,#18159);
#18161=PLANE('',#18160);
#18163=ORIENTED_EDGE('',*,*,#18162,.T.);
#18165=ORIENTED_EDGE('',*,*,#18164,.F.);
#18167=ORIENTED_EDGE('',*,*,#18166,.F.);
#18169=ORIENTED_EDGE('',*,*,#18168,.F.);
#18171=ORIENTED_EDGE('',*,*,#18170,.F.);
#18173=ORIENTED_EDGE('',*,*,#18172,.F.);
#18175=ORIENTED_EDGE('',*,*,#18174,.F.);
#18177=ORIENTED_EDGE('',*,*,#18176,.F.);
#18179=ORIENTED_EDGE('',*,*,#18178,.F.);
#18180=ORIENTED_EDGE('',*,*,#17715,.F.);
#18181=ORIENTED_EDGE('',*,*,#17905,.T.);
#18182=EDGE_LOOP('',(#18163,#18165,#18167,#18169,#18171,#18173,#18175,#18177,
#18179,#18180,#18181));
#18183=FACE_OUTER_BOUND('',#18182,.F.);
#18184=ADVANCED_FACE('',(#18183),#18161,.T.);
#18185=CARTESIAN_POINT('',(1.450371558750E-1,2.540134777705E-2,-2.1E-2));
#18186=DIRECTION('',(-9.707950972229E-1,2.399101481970E-1,0.E0));
#18187=DIRECTION('',(-2.399101481970E-1,-9.707950972229E-1,0.E0));
#18188=AXIS2_PLACEMENT_3D('',#18185,#18186,#18187);
#18189=PLANE('',#18188);
#18190=ORIENTED_EDGE('',*,*,#17375,.F.);
#18192=ORIENTED_EDGE('',*,*,#18191,.F.);
#18194=ORIENTED_EDGE('',*,*,#18193,.F.);
#18195=ORIENTED_EDGE('',*,*,#18140,.T.);
#18196=EDGE_LOOP('',(#18190,#18192,#18194,#18195));
#18197=FACE_OUTER_BOUND('',#18196,.F.);
#18198=ADVANCED_FACE('',(#18197),#18189,.T.);
#18199=CARTESIAN_POINT('',(1.793E-1,-3.9E-2,-5.1E-2));
#18200=DIRECTION('',(0.E0,0.E0,1.E0));
#18201=DIRECTION('',(1.E0,0.E0,0.E0));
#18202=AXIS2_PLACEMENT_3D('',#18199,#18200,#18201);
#18203=PLANE('',#18202);
#18204=ORIENTED_EDGE('',*,*,#17416,.F.);
#18206=ORIENTED_EDGE('',*,*,#18205,.T.);
#18208=ORIENTED_EDGE('',*,*,#18207,.T.);
#18210=ORIENTED_EDGE('',*,*,#18209,.T.);
#18212=ORIENTED_EDGE('',*,*,#18211,.T.);
#18214=ORIENTED_EDGE('',*,*,#18213,.T.);
#18216=ORIENTED_EDGE('',*,*,#18215,.T.);
#18218=ORIENTED_EDGE('',*,*,#18217,.T.);
#18220=ORIENTED_EDGE('',*,*,#18219,.T.);
#18221=EDGE_LOOP('',(#18204,#18206,#18208,#18210,#18212,#18214,#18216,#18218,
#18220));
#18222=FACE_OUTER_BOUND('',#18221,.F.);
#18223=ADVANCED_FACE('',(#18222),#18203,.F.);
#18224=CARTESIAN_POINT('',(1.793E-1,-3.9E-2,-5.1E-2));
#18225=DIRECTION('',(0.E0,0.E0,1.E0));
#18226=DIRECTION('',(1.E0,0.E0,0.E0));
#18227=AXIS2_PLACEMENT_3D('',#18224,#18225,#18226);
#18228=PLANE('',#18227);
#18229=ORIENTED_EDGE('',*,*,#17432,.F.);
#18230=ORIENTED_EDGE('',*,*,#18126,.T.);
#18232=ORIENTED_EDGE('',*,*,#18231,.T.);
#18234=ORIENTED_EDGE('',*,*,#18233,.T.);
#18236=ORIENTED_EDGE('',*,*,#18235,.T.);
#18238=ORIENTED_EDGE('',*,*,#18237,.T.);
#18240=ORIENTED_EDGE('',*,*,#18239,.T.);
#18242=ORIENTED_EDGE('',*,*,#18241,.T.);
#18243=ORIENTED_EDGE('',*,*,#18191,.T.);
#18244=EDGE_LOOP('',(#18229,#18230,#18232,#18234,#18236,#18238,#18240,#18242,
#18243));
#18245=FACE_OUTER_BOUND('',#18244,.F.);
#18246=ADVANCED_FACE('',(#18245),#18228,.F.);
#18247=CARTESIAN_POINT('',(1.793E-1,-1.4E-2,-2.1E-2));
#18248=DIRECTION('',(9.707950972229E-1,2.399101481970E-1,0.E0));
#18249=DIRECTION('',(-2.399101481970E-1,9.707950972229E-1,0.E0));
#18250=AXIS2_PLACEMENT_3D('',#18247,#18248,#18249);
#18251=PLANE('',#18250);
#18252=ORIENTED_EDGE('',*,*,#17717,.T.);
#18253=ORIENTED_EDGE('',*,*,#18178,.T.);
#18255=ORIENTED_EDGE('',*,*,#18254,.T.);
#18256=ORIENTED_EDGE('',*,*,#18205,.F.);
#18257=EDGE_LOOP('',(#18252,#18253,#18255,#18256));
#18258=FACE_OUTER_BOUND('',#18257,.F.);
#18259=ADVANCED_FACE('',(#18258),#18251,.T.);
#18260=CARTESIAN_POINT('',(1.841247705833E-1,2.9E-2,-2.1E-2));
#18261=DIRECTION('',(0.E0,0.E0,1.E0));
#18262=DIRECTION('',(1.E0,0.E0,0.E0));
#18263=AXIS2_PLACEMENT_3D('',#18260,#18261,#18262);
#18264=CYLINDRICAL_SURFACE('',#18263,1.5E-2);
#18265=ORIENTED_EDGE('',*,*,#18176,.T.);
#18267=ORIENTED_EDGE('',*,*,#18266,.T.);
#18268=ORIENTED_EDGE('',*,*,#18207,.F.);
#18269=ORIENTED_EDGE('',*,*,#18254,.F.);
#18270=EDGE_LOOP('',(#18265,#18267,#18268,#18269));
#18271=FACE_OUTER_BOUND('',#18270,.F.);
#18272=ADVANCED_FACE('',(#18271),#18264,.F.);
#18273=CARTESIAN_POINT('',(1.698473871883E-1,3.359960035135E-2,-2.1E-2));
#18274=DIRECTION('',(9.518255596667E-1,-3.066400234235E-1,0.E0));
#18275=DIRECTION('',(3.066400234235E-1,9.518255596667E-1,0.E0));
#18276=AXIS2_PLACEMENT_3D('',#18273,#18274,#18275);
#18277=PLANE('',#18276);
#18278=ORIENTED_EDGE('',*,*,#18174,.T.);
#18280=ORIENTED_EDGE('',*,*,#18279,.T.);
#18281=ORIENTED_EDGE('',*,*,#18209,.F.);
#18282=ORIENTED_EDGE('',*,*,#18266,.F.);
#18283=EDGE_LOOP('',(#18278,#18280,#18281,#18282));
#18284=FACE_OUTER_BOUND('',#18283,.F.);
#18285=ADVANCED_FACE('',(#18284),#18277,.T.);
#18286=CARTESIAN_POINT('',(1.749779778026E-1,4.952520337047E-2,-2.1E-2));
#18287=DIRECTION('',(8.898695476930E-1,4.562150678010E-1,0.E0));
#18288=DIRECTION('',(-4.562150678010E-1,8.898695476930E-1,0.E0));
#18289=AXIS2_PLACEMENT_3D('',#18286,#18287,#18288);
#18290=PLANE('',#18289);
#18291=ORIENTED_EDGE('',*,*,#18172,.T.);
#18293=ORIENTED_EDGE('',*,*,#18292,.T.);
#18294=ORIENTED_EDGE('',*,*,#18211,.F.);
#18295=ORIENTED_EDGE('',*,*,#18279,.F.);
#18296=EDGE_LOOP('',(#18291,#18293,#18294,#18295));
#18297=FACE_OUTER_BOUND('',#18296,.F.);
#18298=ADVANCED_FACE('',(#18297),#18290,.T.);
#18299=CARTESIAN_POINT('',(1.731554766790E-1,5.308007992973E-2,-2.1E-2));
#18300=DIRECTION('',(3.066400234235E-1,9.518255596667E-1,0.E0));
#18301=DIRECTION('',(-9.518255596667E-1,3.066400234235E-1,0.E0));
#18302=AXIS2_PLACEMENT_3D('',#18299,#18300,#18301);
#18303=PLANE('',#18302);
#18304=ORIENTED_EDGE('',*,*,#18170,.T.);
#18306=ORIENTED_EDGE('',*,*,#18305,.T.);
#18307=ORIENTED_EDGE('',*,*,#18213,.F.);
#18308=ORIENTED_EDGE('',*,*,#18292,.F.);
#18309=EDGE_LOOP('',(#18304,#18306,#18307,#18308));
#18310=FACE_OUTER_BOUND('',#18309,.F.);
#18311=ADVANCED_FACE('',(#18310),#18303,.T.);
#18312=CARTESIAN_POINT('',(1.703E-1,5.4E-2,-2.1E-2));
#18313=DIRECTION('',(-9.518255596667E-1,3.066400234235E-1,0.E0));
#18314=DIRECTION('',(-3.066400234235E-1,-9.518255596667E-1,0.E0));
#18315=AXIS2_PLACEMENT_3D('',#18312,#18313,#18314);
#18316=PLANE('',#18315);
#18317=ORIENTED_EDGE('',*,*,#18168,.T.);
#18319=ORIENTED_EDGE('',*,*,#18318,.T.);
#18320=ORIENTED_EDGE('',*,*,#18215,.F.);
#18321=ORIENTED_EDGE('',*,*,#18305,.F.);
#18322=EDGE_LOOP('',(#18317,#18319,#18320,#18321));
#18323=FACE_OUTER_BOUND('',#18322,.F.);
#18324=ADVANCED_FACE('',(#18323),#18316,.T.);
#18325=CARTESIAN_POINT('',(1.841247705833E-1,2.9E-2,-2.1E-2));
#18326=DIRECTION('',(0.E0,0.E0,1.E0));
#18327=DIRECTION('',(1.E0,0.E0,0.E0));
#18328=AXIS2_PLACEMENT_3D('',#18325,#18326,#18327);
#18329=CYLINDRICAL_SURFACE('',#18328,2.082477058334E-2);
#18330=ORIENTED_EDGE('',*,*,#18166,.T.);
#18332=ORIENTED_EDGE('',*,*,#18331,.T.);
#18333=ORIENTED_EDGE('',*,*,#18217,.F.);
#18334=ORIENTED_EDGE('',*,*,#18318,.F.);
#18335=EDGE_LOOP('',(#18330,#18332,#18333,#18334));
#18336=FACE_OUTER_BOUND('',#18335,.F.);
#18337=ADVANCED_FACE('',(#18336),#18329,.T.);
#18338=CARTESIAN_POINT('',(1.639081854002E-1,2.400392620318E-2,-2.1E-2));
#18339=DIRECTION('',(-9.707950972229E-1,-2.399101481970E-1,0.E0));
#18340=DIRECTION('',(2.399101481970E-1,-9.707950972229E-1,0.E0));
#18341=AXIS2_PLACEMENT_3D('',#18338,#18339,#18340);
#18342=PLANE('',#18341);
#18344=ORIENTED_EDGE('',*,*,#18343,.F.);
#18345=ORIENTED_EDGE('',*,*,#18219,.F.);
#18346=ORIENTED_EDGE('',*,*,#18331,.F.);
#18347=ORIENTED_EDGE('',*,*,#18164,.T.);
#18348=EDGE_LOOP('',(#18344,#18345,#18346,#18347));
#18349=FACE_OUTER_BOUND('',#18348,.F.);
#18350=ADVANCED_FACE('',(#18349),#18342,.T.);
#18351=CARTESIAN_POINT('',(1.733E-1,-3.9E-2,-2.1E-2));
#18352=DIRECTION('',(-1.E0,0.E0,0.E0));
#18353=DIRECTION('',(0.E0,0.E0,-1.E0));
#18354=AXIS2_PLACEMENT_3D('',#18351,#18352,#18353);
#18355=PLANE('',#18354);
#18356=ORIENTED_EDGE('',*,*,#18343,.T.);
#18357=ORIENTED_EDGE('',*,*,#18162,.F.);
#18358=ORIENTED_EDGE('',*,*,#17903,.T.);
#18359=ORIENTED_EDGE('',*,*,#17968,.F.);
#18360=ORIENTED_EDGE('',*,*,#17418,.F.);
#18361=EDGE_LOOP('',(#18356,#18357,#18358,#18359,#18360));
#18362=FACE_OUTER_BOUND('',#18361,.F.);
#18363=ADVANCED_FACE('',(#18362),#18355,.T.);
#18364=CARTESIAN_POINT('',(1.304752294167E-1,2.9E-2,-2.1E-2));
#18365=DIRECTION('',(0.E0,0.E0,1.E0));
#18366=DIRECTION('',(1.E0,0.E0,0.E0));
#18367=AXIS2_PLACEMENT_3D('',#18364,#18365,#18366);
#18368=CYLINDRICAL_SURFACE('',#18367,2.082477058334E-2);
#18369=ORIENTED_EDGE('',*,*,#18152,.T.);
#18371=ORIENTED_EDGE('',*,*,#18370,.T.);
#18372=ORIENTED_EDGE('',*,*,#18231,.F.);
#18373=ORIENTED_EDGE('',*,*,#18124,.F.);
#18374=EDGE_LOOP('',(#18369,#18371,#18372,#18373));
#18375=FACE_OUTER_BOUND('',#18374,.F.);
#18376=ADVANCED_FACE('',(#18375),#18368,.T.);
#18377=CARTESIAN_POINT('',(1.502967783321E-1,3.538570813946E-2,-2.1E-2));
#18378=DIRECTION('',(9.518255596667E-1,3.066400234235E-1,0.E0));
#18379=DIRECTION('',(-3.066400234235E-1,9.518255596667E-1,0.E0));
#18380=AXIS2_PLACEMENT_3D('',#18377,#18378,#18379);
#18381=PLANE('',#18380);
#18382=ORIENTED_EDGE('',*,*,#18150,.T.);
#18384=ORIENTED_EDGE('',*,*,#18383,.T.);
#18385=ORIENTED_EDGE('',*,*,#18233,.F.);
#18386=ORIENTED_EDGE('',*,*,#18370,.F.);
#18387=EDGE_LOOP('',(#18382,#18384,#18385,#18386));
#18388=FACE_OUTER_BOUND('',#18387,.F.);
#18389=ADVANCED_FACE('',(#18388),#18381,.T.);
#18390=CARTESIAN_POINT('',(1.443E-1,5.4E-2,-2.1E-2));
#18391=DIRECTION('',(-3.066400234236E-1,9.518255596667E-1,0.E0));
#18392=DIRECTION('',(-9.518255596667E-1,-3.066400234236E-1,0.E0));
#18393=AXIS2_PLACEMENT_3D('',#18390,#18391,#18392);
#18394=PLANE('',#18393);
#18395=ORIENTED_EDGE('',*,*,#18148,.T.);
#18397=ORIENTED_EDGE('',*,*,#18396,.T.);
#18398=ORIENTED_EDGE('',*,*,#18235,.F.);
#18399=ORIENTED_EDGE('',*,*,#18383,.F.);
#18400=EDGE_LOOP('',(#18395,#18397,#18398,#18399));
#18401=FACE_OUTER_BOUND('',#18400,.F.);
#18402=ADVANCED_FACE('',(#18401),#18394,.T.);
#18403=CARTESIAN_POINT('',(1.414445233210E-1,5.308007992973E-2,-2.1E-2));
#18404=DIRECTION('',(-8.898695476930E-1,4.562150678010E-1,0.E0));
#18405=DIRECTION('',(-4.562150678010E-1,-8.898695476930E-1,0.E0));
#18406=AXIS2_PLACEMENT_3D('',#18403,#18404,#18405);
#18407=PLANE('',#18406);
#18408=ORIENTED_EDGE('',*,*,#18146,.T.);
#18410=ORIENTED_EDGE('',*,*,#18409,.T.);
#18411=ORIENTED_EDGE('',*,*,#18237,.F.);
#18412=ORIENTED_EDGE('',*,*,#18396,.F.);
#18413=EDGE_LOOP('',(#18408,#18410,#18411,#18412));
#18414=FACE_OUTER_BOUND('',#18413,.F.);
#18415=ADVANCED_FACE('',(#18414),#18407,.T.);
#18416=CARTESIAN_POINT('',(1.396220221974E-1,4.952520337047E-2,-2.1E-2));
#18417=DIRECTION('',(-9.518255596667E-1,-3.066400234235E-1,0.E0));
#18418=DIRECTION('',(3.066400234235E-1,-9.518255596667E-1,0.E0));
#18419=AXIS2_PLACEMENT_3D('',#18416,#18417,#18418);
#18420=PLANE('',#18419);
#18421=ORIENTED_EDGE('',*,*,#18144,.T.);
#18423=ORIENTED_EDGE('',*,*,#18422,.T.);
#18424=ORIENTED_EDGE('',*,*,#18239,.F.);
#18425=ORIENTED_EDGE('',*,*,#18409,.F.);
#18426=EDGE_LOOP('',(#18421,#18423,#18424,#18425));
#18427=FACE_OUTER_BOUND('',#18426,.F.);
#18428=ADVANCED_FACE('',(#18427),#18420,.T.);
#18429=CARTESIAN_POINT('',(1.304752294167E-1,2.9E-2,-2.1E-2));
#18430=DIRECTION('',(0.E0,0.E0,1.E0));
#18431=DIRECTION('',(1.E0,0.E0,0.E0));
#18432=AXIS2_PLACEMENT_3D('',#18429,#18430,#18431);
#18433=CYLINDRICAL_SURFACE('',#18432,1.5E-2);
#18434=ORIENTED_EDGE('',*,*,#18142,.T.);
#18435=ORIENTED_EDGE('',*,*,#18193,.T.);
#18436=ORIENTED_EDGE('',*,*,#18241,.F.);
#18437=ORIENTED_EDGE('',*,*,#18422,.F.);
#18438=EDGE_LOOP('',(#18434,#18435,#18436,#18437));
#18439=FACE_OUTER_BOUND('',#18438,.F.);
#18440=ADVANCED_FACE('',(#18439),#18433,.F.);
#18441=CARTESIAN_POINT('',(1.793E-1,6.6E-2,-5.9E-2));
#18442=DIRECTION('',(0.E0,1.E0,0.E0));
#18443=DIRECTION('',(0.E0,0.E0,-1.E0));
#18444=AXIS2_PLACEMENT_3D('',#18441,#18442,#18443);
#18445=PLANE('',#18444);
#18447=ORIENTED_EDGE('',*,*,#18446,.F.);
#18448=ORIENTED_EDGE('',*,*,#17706,.F.);
#18449=ORIENTED_EDGE('',*,*,#17964,.T.);
#18450=ORIENTED_EDGE('',*,*,#17369,.T.);
#18451=EDGE_LOOP('',(#18447,#18448,#18449,#18450));
#18452=FACE_OUTER_BOUND('',#18451,.F.);
#18453=ADVANCED_FACE('',(#18452),#18445,.T.);
#18454=CARTESIAN_POINT('',(1.838E-1,-8.7E-2,-6.5E-2));
#18455=DIRECTION('',(0.E0,0.E0,-1.E0));
#18456=DIRECTION('',(0.E0,1.E0,0.E0));
#18457=AXIS2_PLACEMENT_3D('',#18454,#18455,#18456);
#18458=PLANE('',#18457);
#18459=ORIENTED_EDGE('',*,*,#16975,.F.);
#18460=ORIENTED_EDGE('',*,*,#9308,.F.);
#18461=ORIENTED_EDGE('',*,*,#17708,.T.);
#18462=ORIENTED_EDGE('',*,*,#18446,.T.);
#18463=ORIENTED_EDGE('',*,*,#17367,.F.);
#18464=ORIENTED_EDGE('',*,*,#9459,.F.);
#18465=ORIENTED_EDGE('',*,*,#17150,.T.);
#18466=ORIENTED_EDGE('',*,*,#16949,.F.);
#18467=EDGE_LOOP('',(#18459,#18460,#18461,#18462,#18463,#18464,#18465,#18466));
#18468=FACE_OUTER_BOUND('',#18467,.F.);
#18469=ADVANCED_FACE('',(#18468),#18458,.F.);
#18470=CARTESIAN_POINT('',(1.695628441250E-1,2.540134777705E-2,2.1E-2));
#18471=DIRECTION('',(9.707950972229E-1,2.399101481970E-1,0.E0));
#18472=DIRECTION('',(2.399101481970E-1,-9.707950972229E-1,0.E0));
#18473=AXIS2_PLACEMENT_3D('',#18470,#18471,#18472);
#18474=PLANE('',#18473);
#18475=ORIENTED_EDGE('',*,*,#17693,.F.);
#18476=ORIENTED_EDGE('',*,*,#17462,.F.);
#18478=ORIENTED_EDGE('',*,*,#18477,.F.);
#18479=ORIENTED_EDGE('',*,*,#17757,.T.);
#18480=EDGE_LOOP('',(#18475,#18476,#18478,#18479));
#18481=FACE_OUTER_BOUND('',#18480,.F.);
#18482=ADVANCED_FACE('',(#18481),#18474,.T.);
#18483=CARTESIAN_POINT('',(1.841247705833E-1,2.9E-2,2.1E-2));
#18484=DIRECTION('',(0.E0,0.E0,-1.E0));
#18485=DIRECTION('',(-1.E0,0.E0,0.E0));
#18486=AXIS2_PLACEMENT_3D('',#18483,#18484,#18485);
#18487=CYLINDRICAL_SURFACE('',#18486,1.5E-2);
#18488=ORIENTED_EDGE('',*,*,#17759,.T.);
#18489=ORIENTED_EDGE('',*,*,#18477,.T.);
#18490=ORIENTED_EDGE('',*,*,#17460,.F.);
#18492=ORIENTED_EDGE('',*,*,#18491,.F.);
#18493=EDGE_LOOP('',(#18488,#18489,#18490,#18492));
#18494=FACE_OUTER_BOUND('',#18493,.F.);
#18495=ADVANCED_FACE('',(#18494),#18487,.F.);
#18496=CARTESIAN_POINT('',(1.749779778026E-1,4.952520337047E-2,2.1E-2));
#18497=DIRECTION('',(9.518255596667E-1,-3.066400234235E-1,0.E0));
#18498=DIRECTION('',(-3.066400234235E-1,-9.518255596667E-1,0.E0));
#18499=AXIS2_PLACEMENT_3D('',#18496,#18497,#18498);
#18500=PLANE('',#18499);
#18501=ORIENTED_EDGE('',*,*,#17761,.T.);
#18502=ORIENTED_EDGE('',*,*,#18491,.T.);
#18503=ORIENTED_EDGE('',*,*,#17458,.F.);
#18505=ORIENTED_EDGE('',*,*,#18504,.F.);
#18506=EDGE_LOOP('',(#18501,#18502,#18503,#18505));
#18507=FACE_OUTER_BOUND('',#18506,.F.);
#18508=ADVANCED_FACE('',(#18507),#18500,.T.);
#18509=CARTESIAN_POINT('',(1.731554766790E-1,5.308007992973E-2,2.1E-2));
#18510=DIRECTION('',(8.898695476930E-1,4.562150678010E-1,0.E0));
#18511=DIRECTION('',(4.562150678010E-1,-8.898695476930E-1,0.E0));
#18512=AXIS2_PLACEMENT_3D('',#18509,#18510,#18511);
#18513=PLANE('',#18512);
#18514=ORIENTED_EDGE('',*,*,#17763,.T.);
#18515=ORIENTED_EDGE('',*,*,#18504,.T.);
#18516=ORIENTED_EDGE('',*,*,#17456,.F.);
#18518=ORIENTED_EDGE('',*,*,#18517,.F.);
#18519=EDGE_LOOP('',(#18514,#18515,#18516,#18518));
#18520=FACE_OUTER_BOUND('',#18519,.F.);
#18521=ADVANCED_FACE('',(#18520),#18513,.T.);
#18522=CARTESIAN_POINT('',(1.703E-1,5.4E-2,2.1E-2));
#18523=DIRECTION('',(3.066400234235E-1,9.518255596667E-1,0.E0));
#18524=DIRECTION('',(9.518255596667E-1,-3.066400234235E-1,0.E0));
#18525=AXIS2_PLACEMENT_3D('',#18522,#18523,#18524);
#18526=PLANE('',#18525);
#18527=ORIENTED_EDGE('',*,*,#17765,.T.);
#18528=ORIENTED_EDGE('',*,*,#18517,.T.);
#18529=ORIENTED_EDGE('',*,*,#17454,.F.);
#18531=ORIENTED_EDGE('',*,*,#18530,.F.);
#18532=EDGE_LOOP('',(#18527,#18528,#18529,#18531));
#18533=FACE_OUTER_BOUND('',#18532,.F.);
#18534=ADVANCED_FACE('',(#18533),#18526,.T.);
#18535=CARTESIAN_POINT('',(1.643032216679E-1,3.538570813946E-2,2.1E-2));
#18536=DIRECTION('',(-9.518255596667E-1,3.066400234235E-1,0.E0));
#18537=DIRECTION('',(3.066400234235E-1,9.518255596667E-1,0.E0));
#18538=AXIS2_PLACEMENT_3D('',#18535,#18536,#18537);
#18539=PLANE('',#18538);
#18540=ORIENTED_EDGE('',*,*,#17767,.T.);
#18541=ORIENTED_EDGE('',*,*,#18530,.T.);
#18542=ORIENTED_EDGE('',*,*,#17452,.F.);
#18544=ORIENTED_EDGE('',*,*,#18543,.F.);
#18545=EDGE_LOOP('',(#18540,#18541,#18542,#18544));
#18546=FACE_OUTER_BOUND('',#18545,.F.);
#18547=ADVANCED_FACE('',(#18546),#18539,.T.);
#18548=CARTESIAN_POINT('',(1.841247705833E-1,2.9E-2,2.1E-2));
#18549=DIRECTION('',(0.E0,0.E0,-1.E0));
#18550=DIRECTION('',(-1.E0,0.E0,0.E0));
#18551=AXIS2_PLACEMENT_3D('',#18548,#18549,#18550);
#18552=CYLINDRICAL_SURFACE('',#18551,2.082477058334E-2);
#18553=ORIENTED_EDGE('',*,*,#17769,.T.);
#18554=ORIENTED_EDGE('',*,*,#18543,.T.);
#18555=ORIENTED_EDGE('',*,*,#17450,.F.);
#18556=ORIENTED_EDGE('',*,*,#17501,.F.);
#18557=EDGE_LOOP('',(#18553,#18554,#18555,#18556));
#18558=FACE_OUTER_BOUND('',#18557,.F.);
#18559=ADVANCED_FACE('',(#18558),#18552,.T.);
#18560=CARTESIAN_POINT('',(1.793E-1,6.6E-2,6.5E-2));
#18561=DIRECTION('',(0.E0,1.E0,0.E0));
#18562=DIRECTION('',(0.E0,0.E0,-1.E0));
#18563=AXIS2_PLACEMENT_3D('',#18560,#18561,#18562);
#18564=PLANE('',#18563);
#18565=ORIENTED_EDGE('',*,*,#17180,.T.);
#18566=ORIENTED_EDGE('',*,*,#17340,.T.);
#18567=ORIENTED_EDGE('',*,*,#17539,.F.);
#18568=ORIENTED_EDGE('',*,*,#17689,.F.);
#18569=EDGE_LOOP('',(#18565,#18566,#18567,#18568));
#18570=FACE_OUTER_BOUND('',#18569,.F.);
#18571=ADVANCED_FACE('',(#18570),#18564,.T.);
#18572=CARTESIAN_POINT('',(1.838E-1,6.8E-2,-1.8E-2));
#18573=DIRECTION('',(0.E0,0.E0,1.E0));
#18574=DIRECTION('',(0.E0,-1.E0,0.E0));
#18575=AXIS2_PLACEMENT_3D('',#18572,#18573,#18574);
#18576=PLANE('',#18575);
#18577=ORIENTED_EDGE('',*,*,#9276,.T.);
#18578=ORIENTED_EDGE('',*,*,#16978,.F.);
#18579=ORIENTED_EDGE('',*,*,#16953,.T.);
#18580=ORIENTED_EDGE('',*,*,#17147,.T.);
#18581=EDGE_LOOP('',(#18577,#18578,#18579,#18580));
#18582=FACE_OUTER_BOUND('',#18581,.F.);
#18583=ADVANCED_FACE('',(#18582),#18576,.F.);
#18584=CARTESIAN_POINT('',(1.898E-1,-8.7E-2,8.25E-2));
#18585=DIRECTION('',(7.071067811865E-1,7.071067811865E-1,0.E0));
#18586=DIRECTION('',(-7.071067811865E-1,7.071067811865E-1,0.E0));
#18587=AXIS2_PLACEMENT_3D('',#18584,#18585,#18586);
#18588=PLANE('',#18587);
#18589=ORIENTED_EDGE('',*,*,#17034,.T.);
#18590=ORIENTED_EDGE('',*,*,#16992,.F.);
#18591=ORIENTED_EDGE('',*,*,#17077,.T.);
#18592=ORIENTED_EDGE('',*,*,#9859,.F.);
#18593=EDGE_LOOP('',(#18589,#18590,#18591,#18592));
#18594=FACE_OUTER_BOUND('',#18593,.F.);
#18595=ADVANCED_FACE('',(#18594),#18588,.F.);
#18596=CARTESIAN_POINT('',(1.838E-1,-8.7E-2,5.1E-2));
#18597=DIRECTION('',(0.E0,0.E0,-1.E0));
#18598=DIRECTION('',(1.E0,0.E0,0.E0));
#18599=AXIS2_PLACEMENT_3D('',#18596,#18597,#18598);
#18600=PLANE('',#18599);
#18601=ORIENTED_EDGE('',*,*,#17080,.F.);
#18602=ORIENTED_EDGE('',*,*,#16988,.T.);
#18603=ORIENTED_EDGE('',*,*,#9635,.T.);
#18605=ORIENTED_EDGE('',*,*,#18604,.F.);
#18606=EDGE_LOOP('',(#18601,#18602,#18603,#18605));
#18607=FACE_OUTER_BOUND('',#18606,.F.);
#18608=ADVANCED_FACE('',(#18607),#18600,.F.);
#18609=CARTESIAN_POINT('',(1.898E-1,-8.7E-2,-6.9E-2));
#18610=DIRECTION('',(1.E0,0.E0,0.E0));
#18611=DIRECTION('',(0.E0,0.E0,1.E0));
#18612=AXIS2_PLACEMENT_3D('',#18609,#18610,#18611);
#18613=PLANE('',#18612);
#18614=ORIENTED_EDGE('',*,*,#17082,.F.);
#18615=ORIENTED_EDGE('',*,*,#18604,.T.);
#18616=ORIENTED_EDGE('',*,*,#9633,.T.);
#18617=ORIENTED_EDGE('',*,*,#9988,.T.);
#18618=ORIENTED_EDGE('',*,*,#9861,.T.);
#18619=EDGE_LOOP('',(#18614,#18615,#18616,#18617,#18618));
#18620=FACE_OUTER_BOUND('',#18619,.F.);
#18621=ADVANCED_FACE('',(#18620),#18613,.F.);
#18622=CARTESIAN_POINT('',(1.898E-1,-8.7E-2,-6.9E-2));
#18623=DIRECTION('',(1.E0,0.E0,0.E0));
#18624=DIRECTION('',(0.E0,0.E0,1.E0));
#18625=AXIS2_PLACEMENT_3D('',#18622,#18623,#18624);
#18626=PLANE('',#18625);
#18627=ORIENTED_EDGE('',*,*,#17006,.F.);
#18628=ORIENTED_EDGE('',*,*,#17036,.F.);
#18629=ORIENTED_EDGE('',*,*,#9877,.T.);
#18630=ORIENTED_EDGE('',*,*,#10089,.T.);
#18631=ORIENTED_EDGE('',*,*,#9314,.T.);
#18632=EDGE_LOOP('',(#18627,#18628,#18629,#18630,#18631));
#18633=FACE_OUTER_BOUND('',#18632,.F.);
#18634=ADVANCED_FACE('',(#18633),#18626,.F.);
#18635=CARTESIAN_POINT('',(1.443E-1,7.3E-2,-3.935E-2));
#18636=DIRECTION('',(-1.E0,0.E0,0.E0));
#18637=DIRECTION('',(0.E0,0.E0,1.E0));
#18638=AXIS2_PLACEMENT_3D('',#18635,#18636,#18637);
#18639=PLANE('',#18638);
#18640=ORIENTED_EDGE('',*,*,#16957,.T.);
#18641=ORIENTED_EDGE('',*,*,#16937,.T.);
#18642=ORIENTED_EDGE('',*,*,#16879,.F.);
#18644=ORIENTED_EDGE('',*,*,#18643,.F.);
#18645=EDGE_LOOP('',(#18640,#18641,#18642,#18644));
#18646=FACE_OUTER_BOUND('',#18645,.F.);
#18647=ADVANCED_FACE('',(#18646),#18639,.F.);
#18648=CARTESIAN_POINT('',(1.573E-1,7.3E-2,-5.235E-2));
#18649=DIRECTION('',(0.E0,0.E0,-1.E0));
#18650=DIRECTION('',(-1.E0,0.E0,0.E0));
#18651=AXIS2_PLACEMENT_3D('',#18648,#18649,#18650);
#18652=PLANE('',#18651);
#18653=ORIENTED_EDGE('',*,*,#16959,.T.);
#18654=ORIENTED_EDGE('',*,*,#18643,.T.);
#18655=ORIENTED_EDGE('',*,*,#16894,.F.);
#18657=ORIENTED_EDGE('',*,*,#18656,.F.);
#18658=EDGE_LOOP('',(#18653,#18654,#18655,#18657));
#18659=FACE_OUTER_BOUND('',#18658,.F.);
#18660=ADVANCED_FACE('',(#18659),#18652,.F.);
#18661=CARTESIAN_POINT('',(1.703E-1,7.3E-2,-3.935E-2));
#18662=DIRECTION('',(1.E0,0.E0,0.E0));
#18663=DIRECTION('',(0.E0,0.E0,-1.E0));
#18664=AXIS2_PLACEMENT_3D('',#18661,#18662,#18663);
#18665=PLANE('',#18664);
#18666=ORIENTED_EDGE('',*,*,#16961,.T.);
#18667=ORIENTED_EDGE('',*,*,#18656,.T.);
#18668=ORIENTED_EDGE('',*,*,#16908,.F.);
#18669=ORIENTED_EDGE('',*,*,#16934,.F.);
#18670=EDGE_LOOP('',(#18666,#18667,#18668,#18669));
#18671=FACE_OUTER_BOUND('',#18670,.F.);
#18672=ADVANCED_FACE('',(#18671),#18665,.F.);
#18673=CARTESIAN_POINT('',(-1.755E-1,8.3E-2,3.935E-2));
#18674=DIRECTION('',(-7.071067811865E-1,-7.071067811865E-1,0.E0));
#18675=DIRECTION('',(0.E0,0.E0,1.E0));
#18676=AXIS2_PLACEMENT_3D('',#18673,#18674,#18675);
#18677=PLANE('',#18676);
#18678=ORIENTED_EDGE('',*,*,#16761,.F.);
#18680=ORIENTED_EDGE('',*,*,#18679,.F.);
#18682=ORIENTED_EDGE('',*,*,#18681,.T.);
#18684=ORIENTED_EDGE('',*,*,#18683,.T.);
#18685=EDGE_LOOP('',(#18678,#18680,#18682,#18684));
#18686=FACE_OUTER_BOUND('',#18685,.F.);
#18687=ADVANCED_FACE('',(#18686),#18677,.F.);
#18688=CARTESIAN_POINT('',(-1.575E-1,8.3E-2,2.135E-2));
#18689=DIRECTION('',(0.E0,-7.071067811865E-1,-7.071067811865E-1));
#18690=DIRECTION('',(-1.E0,0.E0,0.E0));
#18691=AXIS2_PLACEMENT_3D('',#18688,#18689,#18690);
#18692=PLANE('',#18691);
#18693=ORIENTED_EDGE('',*,*,#16767,.F.);
#18695=ORIENTED_EDGE('',*,*,#18694,.F.);
#18697=ORIENTED_EDGE('',*,*,#18696,.T.);
#18698=ORIENTED_EDGE('',*,*,#18679,.T.);
#18699=EDGE_LOOP('',(#18693,#18695,#18697,#18698));
#18700=FACE_OUTER_BOUND('',#18699,.F.);
#18701=ADVANCED_FACE('',(#18700),#18692,.F.);
#18702=CARTESIAN_POINT('',(-1.395E-1,8.3E-2,3.935E-2));
#18703=DIRECTION('',(7.071067811865E-1,-7.071067811866E-1,0.E0));
#18704=DIRECTION('',(0.E0,0.E0,-1.E0));
#18705=AXIS2_PLACEMENT_3D('',#18702,#18703,#18704);
#18706=PLANE('',#18705);
#18707=ORIENTED_EDGE('',*,*,#16765,.F.);
#18709=ORIENTED_EDGE('',*,*,#18708,.F.);
#18711=ORIENTED_EDGE('',*,*,#18710,.T.);
#18712=ORIENTED_EDGE('',*,*,#18694,.T.);
#18713=EDGE_LOOP('',(#18707,#18709,#18711,#18712));
#18714=FACE_OUTER_BOUND('',#18713,.F.);
#18715=ADVANCED_FACE('',(#18714),#18706,.F.);
#18716=CARTESIAN_POINT('',(-1.575E-1,8.3E-2,5.735E-2));
#18717=DIRECTION('',(0.E0,-7.071067811865E-1,7.071067811865E-1));
#18718=DIRECTION('',(1.E0,0.E0,0.E0));
#18719=AXIS2_PLACEMENT_3D('',#18716,#18717,#18718);
#18720=PLANE('',#18719);
#18721=ORIENTED_EDGE('',*,*,#16763,.F.);
#18722=ORIENTED_EDGE('',*,*,#18683,.F.);
#18724=ORIENTED_EDGE('',*,*,#18723,.T.);
#18725=ORIENTED_EDGE('',*,*,#18708,.T.);
#18726=EDGE_LOOP('',(#18721,#18722,#18724,#18725));
#18727=FACE_OUTER_BOUND('',#18726,.F.);
#18728=ADVANCED_FACE('',(#18727),#18720,.F.);
#18729=CARTESIAN_POINT('',(-1.575E-1,7.3E-2,5.235E-2));
#18730=DIRECTION('',(0.E0,0.E0,1.E0));
#18731=DIRECTION('',(1.E0,0.E0,0.E0));
#18732=AXIS2_PLACEMENT_3D('',#18729,#18730,#18731);
#18733=PLANE('',#18732);
#18735=ORIENTED_EDGE('',*,*,#18734,.T.);
#18737=ORIENTED_EDGE('',*,*,#18736,.T.);
#18738=ORIENTED_EDGE('',*,*,#18723,.F.);
#18740=ORIENTED_EDGE('',*,*,#18739,.F.);
#18741=EDGE_LOOP('',(#18735,#18737,#18738,#18740));
#18742=FACE_OUTER_BOUND('',#18741,.F.);
#18743=ADVANCED_FACE('',(#18742),#18733,.F.);
#18744=CARTESIAN_POINT('',(-1.31E-1,6.8E-2,1.8E-2));
#18745=DIRECTION('',(0.E0,1.E0,0.E0));
#18746=DIRECTION('',(0.E0,0.E0,1.E0));
#18747=AXIS2_PLACEMENT_3D('',#18744,#18745,#18746);
#18748=PLANE('',#18747);
#18749=ORIENTED_EDGE('',*,*,#15358,.F.);
#18751=ORIENTED_EDGE('',*,*,#18750,.T.);
#18752=ORIENTED_EDGE('',*,*,#15290,.T.);
#18753=ORIENTED_EDGE('',*,*,#15326,.F.);
#18754=EDGE_LOOP('',(#18749,#18751,#18752,#18753));
#18755=FACE_OUTER_BOUND('',#18754,.F.);
#18757=ORIENTED_EDGE('',*,*,#18756,.F.);
#18759=ORIENTED_EDGE('',*,*,#18758,.F.);
#18761=ORIENTED_EDGE('',*,*,#18760,.F.);
#18762=ORIENTED_EDGE('',*,*,#18734,.F.);
#18763=EDGE_LOOP('',(#18757,#18759,#18761,#18762));
#18764=FACE_BOUND('',#18763,.F.);
#18765=ADVANCED_FACE('',(#18755,#18764),#18748,.F.);
#18766=CARTESIAN_POINT('',(-1.31E-1,-8.7E-2,1.8E-2));
#18767=DIRECTION('',(0.E0,0.E0,-1.E0));
#18768=DIRECTION('',(0.E0,1.E0,0.E0));
#18769=AXIS2_PLACEMENT_3D('',#18766,#18767,#18768);
#18770=PLANE('',#18769);
#18771=ORIENTED_EDGE('',*,*,#9288,.F.);
#18772=ORIENTED_EDGE('',*,*,#15292,.T.);
#18773=ORIENTED_EDGE('',*,*,#18750,.F.);
#18774=ORIENTED_EDGE('',*,*,#15356,.F.);
#18775=EDGE_LOOP('',(#18771,#18772,#18773,#18774));
#18776=FACE_OUTER_BOUND('',#18775,.F.);
#18777=ADVANCED_FACE('',(#18776),#18770,.F.);
#18778=CARTESIAN_POINT('',(-1.705E-1,7.3E-2,3.935E-2));
#18779=DIRECTION('',(-1.E0,0.E0,0.E0));
#18780=DIRECTION('',(0.E0,0.E0,1.E0));
#18781=AXIS2_PLACEMENT_3D('',#18778,#18779,#18780);
#18782=PLANE('',#18781);
#18783=ORIENTED_EDGE('',*,*,#18756,.T.);
#18784=ORIENTED_EDGE('',*,*,#18739,.T.);
#18785=ORIENTED_EDGE('',*,*,#18681,.F.);
#18787=ORIENTED_EDGE('',*,*,#18786,.F.);
#18788=EDGE_LOOP('',(#18783,#18784,#18785,#18787));
#18789=FACE_OUTER_BOUND('',#18788,.F.);
#18790=ADVANCED_FACE('',(#18789),#18782,.F.);
#18791=CARTESIAN_POINT('',(-1.575E-1,7.3E-2,2.635E-2));
#18792=DIRECTION('',(0.E0,0.E0,-1.E0));
#18793=DIRECTION('',(-1.E0,0.E0,0.E0));
#18794=AXIS2_PLACEMENT_3D('',#18791,#18792,#18793);
#18795=PLANE('',#18794);
#18796=ORIENTED_EDGE('',*,*,#18758,.T.);
#18797=ORIENTED_EDGE('',*,*,#18786,.T.);
#18798=ORIENTED_EDGE('',*,*,#18696,.F.);
#18800=ORIENTED_EDGE('',*,*,#18799,.F.);
#18801=EDGE_LOOP('',(#18796,#18797,#18798,#18800));
#18802=FACE_OUTER_BOUND('',#18801,.F.);
#18803=ADVANCED_FACE('',(#18802),#18795,.F.);
#18804=CARTESIAN_POINT('',(-1.445E-1,7.3E-2,3.935E-2));
#18805=DIRECTION('',(1.E0,0.E0,0.E0));
#18806=DIRECTION('',(0.E0,0.E0,-1.E0));
#18807=AXIS2_PLACEMENT_3D('',#18804,#18805,#18806);
#18808=PLANE('',#18807);
#18809=ORIENTED_EDGE('',*,*,#18760,.T.);
#18810=ORIENTED_EDGE('',*,*,#18799,.T.);
#18811=ORIENTED_EDGE('',*,*,#18710,.F.);
#18812=ORIENTED_EDGE('',*,*,#18736,.F.);
#18813=EDGE_LOOP('',(#18809,#18810,#18811,#18812));
#18814=FACE_OUTER_BOUND('',#18813,.F.);
#18815=ADVANCED_FACE('',(#18814),#18808,.F.);
#18816=CARTESIAN_POINT('',(1.955E-1,8.8E-2,-3.E-2));
#18817=DIRECTION('',(-1.E0,0.E0,0.E0));
#18818=DIRECTION('',(0.E0,0.E0,1.E0));
#18819=AXIS2_PLACEMENT_3D('',#18816,#18817,#18818);
#18820=PLANE('',#18819);
#18821=ORIENTED_EDGE('',*,*,#9869,.T.);
#18823=ORIENTED_EDGE('',*,*,#18822,.F.);
#18824=ORIENTED_EDGE('',*,*,#16735,.F.);
#18826=ORIENTED_EDGE('',*,*,#18825,.T.);
#18827=EDGE_LOOP('',(#18821,#18823,#18824,#18826));
#18828=FACE_OUTER_BOUND('',#18827,.F.);
#18829=ADVANCED_FACE('',(#18828),#18820,.F.);
#18830=CARTESIAN_POINT('',(1.955E-1,8.8E-2,3.E-2));
#18831=DIRECTION('',(0.E0,0.E0,1.E0));
#18832=DIRECTION('',(1.E0,0.E0,0.E0));
#18833=AXIS2_PLACEMENT_3D('',#18830,#18831,#18832);
#18834=PLANE('',#18833);
#18835=ORIENTED_EDGE('',*,*,#9867,.F.);
#18837=ORIENTED_EDGE('',*,*,#18836,.T.);
#18838=ORIENTED_EDGE('',*,*,#16737,.T.);
#18839=ORIENTED_EDGE('',*,*,#18822,.T.);
#18840=EDGE_LOOP('',(#18835,#18837,#18838,#18839));
#18841=FACE_OUTER_BOUND('',#18840,.F.);
#18842=ADVANCED_FACE('',(#18841),#18834,.F.);
#18843=CARTESIAN_POINT('',(2.005E-1,-8.7E-2,-8.25E-2));
#18844=DIRECTION('',(1.E0,0.E0,0.E0));
#18845=DIRECTION('',(0.E0,1.E0,0.E0));
#18846=AXIS2_PLACEMENT_3D('',#18843,#18844,#18845);
#18847=PLANE('',#18846);
#18848=ORIENTED_EDGE('',*,*,#18836,.F.);
#18849=ORIENTED_EDGE('',*,*,#9865,.T.);
#18850=ORIENTED_EDGE('',*,*,#9991,.T.);
#18851=ORIENTED_EDGE('',*,*,#9629,.F.);
#18853=ORIENTED_EDGE('',*,*,#18852,.T.);
#18854=ORIENTED_EDGE('',*,*,#16739,.F.);
#18855=EDGE_LOOP('',(#18848,#18849,#18850,#18851,#18853,#18854));
#18856=FACE_OUTER_BOUND('',#18855,.F.);
#18857=ADVANCED_FACE('',(#18856),#18847,.T.);
#18858=CARTESIAN_POINT('',(2.005E-1,-8.7E-2,-8.25E-2));
#18859=DIRECTION('',(1.E0,0.E0,0.E0));
#18860=DIRECTION('',(0.E0,1.E0,0.E0));
#18861=AXIS2_PLACEMENT_3D('',#18858,#18859,#18860);
#18862=PLANE('',#18861);
#18864=ORIENTED_EDGE('',*,*,#18863,.T.);
#18865=ORIENTED_EDGE('',*,*,#16745,.F.);
#18866=ORIENTED_EDGE('',*,*,#9208,.F.);
#18867=ORIENTED_EDGE('',*,*,#9318,.T.);
#18868=ORIENTED_EDGE('',*,*,#10092,.F.);
#18869=ORIENTED_EDGE('',*,*,#9873,.T.);
#18870=EDGE_LOOP('',(#18864,#18865,#18866,#18867,#18868,#18869));
#18871=FACE_OUTER_BOUND('',#18870,.F.);
#18872=ADVANCED_FACE('',(#18871),#18862,.T.);
#18873=CARTESIAN_POINT('',(0.E0,0.E0,8.25E-2));
#18874=DIRECTION('',(0.E0,0.E0,1.E0));
#18875=DIRECTION('',(1.E0,0.E0,0.E0));
#18876=AXIS2_PLACEMENT_3D('',#18873,#18874,#18875);
#18877=PLANE('',#18876);
#18878=ORIENTED_EDGE('',*,*,#9627,.F.);
#18879=ORIENTED_EDGE('',*,*,#10010,.F.);
#18880=ORIENTED_EDGE('',*,*,#16741,.F.);
#18881=ORIENTED_EDGE('',*,*,#18852,.F.);
#18882=EDGE_LOOP('',(#18878,#18879,#18880,#18881));
#18883=FACE_OUTER_BOUND('',#18882,.F.);
#18884=ADVANCED_FACE('',(#18883),#18877,.T.);
#18885=CARTESIAN_POINT('',(2.005E-1,8.8E-2,-3.E-2));
#18886=DIRECTION('',(0.E0,0.E0,-1.E0));
#18887=DIRECTION('',(-1.E0,0.E0,0.E0));
#18888=AXIS2_PLACEMENT_3D('',#18885,#18886,#18887);
#18889=PLANE('',#18888);
#18890=ORIENTED_EDGE('',*,*,#9871,.T.);
#18891=ORIENTED_EDGE('',*,*,#18825,.F.);
#18892=ORIENTED_EDGE('',*,*,#16747,.F.);
#18893=ORIENTED_EDGE('',*,*,#18863,.F.);
#18894=EDGE_LOOP('',(#18890,#18891,#18892,#18893));
#18895=FACE_OUTER_BOUND('',#18894,.F.);
#18896=ADVANCED_FACE('',(#18895),#18889,.F.);
#18897=CARTESIAN_POINT('',(-1.E-1,0.E0,0.E0));
#18898=DIRECTION('',(1.E0,0.E0,0.E0));
#18899=DIRECTION('',(0.E0,0.E0,-1.E0));
#18900=AXIS2_PLACEMENT_3D('',#18897,#18898,#18899);
#18901=PLANE('',#18900);
#18902=ORIENTED_EDGE('',*,*,#16790,.T.);
#18904=ORIENTED_EDGE('',*,*,#18903,.F.);
#18906=ORIENTED_EDGE('',*,*,#18905,.F.);
#18908=ORIENTED_EDGE('',*,*,#18907,.T.);
#18909=ORIENTED_EDGE('',*,*,#16822,.T.);
#18911=ORIENTED_EDGE('',*,*,#18910,.F.);
#18913=ORIENTED_EDGE('',*,*,#18912,.F.);
#18915=ORIENTED_EDGE('',*,*,#18914,.T.);
#18916=ORIENTED_EDGE('',*,*,#16814,.T.);
#18918=ORIENTED_EDGE('',*,*,#18917,.T.);
#18920=ORIENTED_EDGE('',*,*,#18919,.T.);
#18922=ORIENTED_EDGE('',*,*,#18921,.T.);
#18924=ORIENTED_EDGE('',*,*,#18923,.T.);
#18926=ORIENTED_EDGE('',*,*,#18925,.T.);
#18927=EDGE_LOOP('',(#18902,#18904,#18906,#18908,#18909,#18911,#18913,#18915,
#18916,#18918,#18920,#18922,#18924,#18926));
#18928=FACE_OUTER_BOUND('',#18927,.F.);
#18929=ADVANCED_FACE('',(#18928),#18901,.F.);
#18930=CARTESIAN_POINT('',(-7.88E-2,8.3E-2,5.735E-2));
#18931=DIRECTION('',(0.E0,-7.071067811865E-1,7.071067811865E-1));
#18932=DIRECTION('',(1.E0,0.E0,0.E0));
#18933=AXIS2_PLACEMENT_3D('',#18930,#18931,#18932);
#18934=PLANE('',#18933);
#18935=ORIENTED_EDGE('',*,*,#18903,.T.);
#18936=ORIENTED_EDGE('',*,*,#16828,.F.);
#18938=ORIENTED_EDGE('',*,*,#18937,.F.);
#18939=EDGE_LOOP('',(#18935,#18936,#18938));
#18940=FACE_OUTER_BOUND('',#18939,.F.);
#18941=ADVANCED_FACE('',(#18940),#18934,.F.);
#18942=CARTESIAN_POINT('',(-9.68E-2,8.3E-2,3.935E-2));
#18943=DIRECTION('',(-7.071067811865E-1,-7.071067811865E-1,0.E0));
#18944=DIRECTION('',(0.E0,0.E0,1.E0));
#18945=AXIS2_PLACEMENT_3D('',#18942,#18943,#18944);
#18946=PLANE('',#18945);
#18947=ORIENTED_EDGE('',*,*,#18905,.T.);
#18948=ORIENTED_EDGE('',*,*,#18937,.T.);
#18949=ORIENTED_EDGE('',*,*,#16826,.F.);
#18951=ORIENTED_EDGE('',*,*,#18950,.F.);
#18952=EDGE_LOOP('',(#18947,#18948,#18949,#18951));
#18953=FACE_OUTER_BOUND('',#18952,.F.);
#18954=ADVANCED_FACE('',(#18953),#18946,.F.);
#18955=CARTESIAN_POINT('',(-7.88E-2,8.3E-2,2.135E-2));
#18956=DIRECTION('',(0.E0,-7.071067811865E-1,-7.071067811865E-1));
#18957=DIRECTION('',(-1.E0,0.E0,0.E0));
#18958=AXIS2_PLACEMENT_3D('',#18955,#18956,#18957);
#18959=PLANE('',#18958);
#18960=ORIENTED_EDGE('',*,*,#18907,.F.);
#18961=ORIENTED_EDGE('',*,*,#18950,.T.);
#18962=ORIENTED_EDGE('',*,*,#16824,.F.);
#18963=EDGE_LOOP('',(#18960,#18961,#18962));
#18964=FACE_OUTER_BOUND('',#18963,.F.);
#18965=ADVANCED_FACE('',(#18964),#18959,.F.);
#18966=CARTESIAN_POINT('',(-7.88E-2,8.3E-2,-2.135E-2));
#18967=DIRECTION('',(0.E0,-7.071067811865E-1,7.071067811865E-1));
#18968=DIRECTION('',(1.E0,0.E0,0.E0));
#18969=AXIS2_PLACEMENT_3D('',#18966,#18967,#18968);
#18970=PLANE('',#18969);
#18971=ORIENTED_EDGE('',*,*,#18910,.T.);
#18972=ORIENTED_EDGE('',*,*,#16820,.F.);
#18974=ORIENTED_EDGE('',*,*,#18973,.F.);
#18975=EDGE_LOOP('',(#18971,#18972,#18974));
#18976=FACE_OUTER_BOUND('',#18975,.F.);
#18977=ADVANCED_FACE('',(#18976),#18970,.F.);
#18978=CARTESIAN_POINT('',(-9.68E-2,8.3E-2,-3.935E-2));
#18979=DIRECTION('',(-7.071067811869E-1,-7.071067811862E-1,0.E0));
#18980=DIRECTION('',(0.E0,0.E0,1.E0));
#18981=AXIS2_PLACEMENT_3D('',#18978,#18979,#18980);
#18982=PLANE('',#18981);
#18983=ORIENTED_EDGE('',*,*,#18912,.T.);
#18984=ORIENTED_EDGE('',*,*,#18973,.T.);
#18985=ORIENTED_EDGE('',*,*,#16818,.F.);
#18987=ORIENTED_EDGE('',*,*,#18986,.F.);
#18988=EDGE_LOOP('',(#18983,#18984,#18985,#18987));
#18989=FACE_OUTER_BOUND('',#18988,.F.);
#18990=ADVANCED_FACE('',(#18989),#18982,.F.);
#18991=CARTESIAN_POINT('',(-7.88E-2,8.3E-2,-5.735E-2));
#18992=DIRECTION('',(0.E0,-7.071067811865E-1,-7.071067811865E-1));
#18993=DIRECTION('',(-1.E0,0.E0,0.E0));
#18994=AXIS2_PLACEMENT_3D('',#18991,#18992,#18993);
#18995=PLANE('',#18994);
#18996=ORIENTED_EDGE('',*,*,#18914,.F.);
#18997=ORIENTED_EDGE('',*,*,#18986,.T.);
#18998=ORIENTED_EDGE('',*,*,#16816,.F.);
#18999=EDGE_LOOP('',(#18996,#18997,#18998));
#19000=FACE_OUTER_BOUND('',#18999,.F.);
#19001=ADVANCED_FACE('',(#19000),#18995,.F.);
#19002=CARTESIAN_POINT('',(-1.E-1,8.55E-2,-6.75E-2));
#19003=DIRECTION('',(0.E0,-7.071067811865E-1,-7.071067811865E-1));
#19004=DIRECTION('',(0.E0,7.071067811865E-1,-7.071067811865E-1));
#19005=AXIS2_PLACEMENT_3D('',#19002,#19003,#19004);
#19006=PLANE('',#19005);
#19007=ORIENTED_EDGE('',*,*,#16812,.T.);
#19009=ORIENTED_EDGE('',*,*,#19008,.T.);
#19011=ORIENTED_EDGE('',*,*,#19010,.F.);
#19012=ORIENTED_EDGE('',*,*,#18917,.F.);
#19013=EDGE_LOOP('',(#19007,#19009,#19011,#19012));
#19014=FACE_OUTER_BOUND('',#19013,.F.);
#19015=ADVANCED_FACE('',(#19014),#19006,.T.);
#19016=CARTESIAN_POINT('',(1.E-1,0.E0,0.E0));
#19017=DIRECTION('',(1.E0,0.E0,0.E0));
#19018=DIRECTION('',(0.E0,0.E0,-1.E0));
#19019=AXIS2_PLACEMENT_3D('',#19016,#19017,#19018);
#19020=PLANE('',#19019);
#19021=ORIENTED_EDGE('',*,*,#16794,.F.);
#19023=ORIENTED_EDGE('',*,*,#19022,.F.);
#19025=ORIENTED_EDGE('',*,*,#19024,.F.);
#19027=ORIENTED_EDGE('',*,*,#19026,.F.);
#19029=ORIENTED_EDGE('',*,*,#19028,.F.);
#19030=ORIENTED_EDGE('',*,*,#19008,.F.);
#19031=ORIENTED_EDGE('',*,*,#16810,.F.);
#19033=ORIENTED_EDGE('',*,*,#19032,.F.);
#19035=ORIENTED_EDGE('',*,*,#19034,.F.);
#19037=ORIENTED_EDGE('',*,*,#19036,.T.);
#19038=ORIENTED_EDGE('',*,*,#16802,.F.);
#19040=ORIENTED_EDGE('',*,*,#19039,.F.);
#19042=ORIENTED_EDGE('',*,*,#19041,.F.);
#19044=ORIENTED_EDGE('',*,*,#19043,.T.);
#19045=EDGE_LOOP('',(#19021,#19023,#19025,#19027,#19029,#19030,#19031,#19033,
#19035,#19037,#19038,#19040,#19042,#19044));
#19046=FACE_OUTER_BOUND('',#19045,.F.);
#19047=ADVANCED_FACE('',(#19046),#19020,.T.);
#19048=CARTESIAN_POINT('',(-1.E-1,9.8E-2,8.E-2));
#19049=DIRECTION('',(0.E0,-7.071067811865E-1,7.071067811865E-1));
#19050=DIRECTION('',(0.E0,-7.071067811865E-1,-7.071067811865E-1));
#19051=AXIS2_PLACEMENT_3D('',#19048,#19049,#19050);
#19052=PLANE('',#19051);
#19053=ORIENTED_EDGE('',*,*,#16792,.F.);
#19054=ORIENTED_EDGE('',*,*,#18925,.F.);
#19056=ORIENTED_EDGE('',*,*,#19055,.T.);
#19057=ORIENTED_EDGE('',*,*,#19022,.T.);
#19058=EDGE_LOOP('',(#19053,#19054,#19056,#19057));
#19059=FACE_OUTER_BOUND('',#19058,.F.);
#19060=ADVANCED_FACE('',(#19059),#19052,.T.);
#19061=CARTESIAN_POINT('',(-1.E-1,1.03E-1,8.E-2));
#19062=DIRECTION('',(0.E0,0.E0,1.E0));
#19063=DIRECTION('',(0.E0,-1.E0,0.E0));
#19064=AXIS2_PLACEMENT_3D('',#19061,#19062,#19063);
#19065=PLANE('',#19064);
#19066=ORIENTED_EDGE('',*,*,#18923,.F.);
#19068=ORIENTED_EDGE('',*,*,#19067,.T.);
#19069=ORIENTED_EDGE('',*,*,#19024,.T.);
#19070=ORIENTED_EDGE('',*,*,#19055,.F.);
#19071=EDGE_LOOP('',(#19066,#19068,#19069,#19070));
#19072=FACE_OUTER_BOUND('',#19071,.F.);
#19073=ADVANCED_FACE('',(#19072),#19065,.T.);
#19074=CARTESIAN_POINT('',(-1.E-1,1.03E-1,-8.E-2));
#19075=DIRECTION('',(0.E0,1.E0,0.E0));
#19076=DIRECTION('',(0.E0,0.E0,1.E0));
#19077=AXIS2_PLACEMENT_3D('',#19074,#19075,#19076);
#19078=PLANE('',#19077);
#19079=ORIENTED_EDGE('',*,*,#18921,.F.);
#19081=ORIENTED_EDGE('',*,*,#19080,.T.);
#19082=ORIENTED_EDGE('',*,*,#19026,.T.);
#19083=ORIENTED_EDGE('',*,*,#19067,.F.);
#19084=EDGE_LOOP('',(#19079,#19081,#19082,#19083));
#19085=FACE_OUTER_BOUND('',#19084,.F.);
#19086=ADVANCED_FACE('',(#19085),#19078,.T.);
#19087=CARTESIAN_POINT('',(-1.E-1,9.8E-2,-8.E-2));
#19088=DIRECTION('',(0.E0,0.E0,-1.E0));
#19089=DIRECTION('',(0.E0,1.E0,0.E0));
#19090=AXIS2_PLACEMENT_3D('',#19087,#19088,#19089);
#19091=PLANE('',#19090);
#19092=ORIENTED_EDGE('',*,*,#18919,.F.);
#19093=ORIENTED_EDGE('',*,*,#19010,.T.);
#19094=ORIENTED_EDGE('',*,*,#19028,.T.);
#19095=ORIENTED_EDGE('',*,*,#19080,.F.);
#19096=EDGE_LOOP('',(#19092,#19093,#19094,#19095));
#19097=FACE_OUTER_BOUND('',#19096,.F.);
#19098=ADVANCED_FACE('',(#19097),#19091,.T.);
#19099=CARTESIAN_POINT('',(7.86E-2,8.3E-2,-5.735E-2));
#19100=DIRECTION('',(0.E0,-7.071067811865E-1,-7.071067811865E-1));
#19101=DIRECTION('',(-1.E0,0.E0,0.E0));
#19102=AXIS2_PLACEMENT_3D('',#19099,#19100,#19101);
#19103=PLANE('',#19102);
#19104=ORIENTED_EDGE('',*,*,#19032,.T.);
#19105=ORIENTED_EDGE('',*,*,#16808,.F.);
#19107=ORIENTED_EDGE('',*,*,#19106,.F.);
#19108=EDGE_LOOP('',(#19104,#19105,#19107));
#19109=FACE_OUTER_BOUND('',#19108,.F.);
#19110=ADVANCED_FACE('',(#19109),#19103,.F.);
#19111=CARTESIAN_POINT('',(9.66E-2,8.3E-2,-3.935E-2));
#19112=DIRECTION('',(7.071067811869E-1,-7.071067811862E-1,0.E0));
#19113=DIRECTION('',(0.E0,0.E0,-1.E0));
#19114=AXIS2_PLACEMENT_3D('',#19111,#19112,#19113);
#19115=PLANE('',#19114);
#19117=ORIENTED_EDGE('',*,*,#19116,.F.);
#19118=ORIENTED_EDGE('',*,*,#19034,.T.);
#19119=ORIENTED_EDGE('',*,*,#19106,.T.);
#19120=ORIENTED_EDGE('',*,*,#16806,.F.);
#19121=EDGE_LOOP('',(#19117,#19118,#19119,#19120));
#19122=FACE_OUTER_BOUND('',#19121,.F.);
#19123=ADVANCED_FACE('',(#19122),#19115,.F.);
#19124=CARTESIAN_POINT('',(7.86E-2,8.3E-2,-2.135E-2));
#19125=DIRECTION('',(0.E0,-7.071067811865E-1,7.071067811865E-1));
#19126=DIRECTION('',(1.E0,0.E0,0.E0));
#19127=AXIS2_PLACEMENT_3D('',#19124,#19125,#19126);
#19128=PLANE('',#19127);
#19129=ORIENTED_EDGE('',*,*,#19036,.F.);
#19130=ORIENTED_EDGE('',*,*,#19116,.T.);
#19131=ORIENTED_EDGE('',*,*,#16804,.F.);
#19132=EDGE_LOOP('',(#19129,#19130,#19131));
#19133=FACE_OUTER_BOUND('',#19132,.F.);
#19134=ADVANCED_FACE('',(#19133),#19128,.F.);
#19135=CARTESIAN_POINT('',(7.86E-2,8.3E-2,2.135E-2));
#19136=DIRECTION('',(0.E0,-7.071067811865E-1,-7.071067811865E-1));
#19137=DIRECTION('',(-1.E0,0.E0,0.E0));
#19138=AXIS2_PLACEMENT_3D('',#19135,#19136,#19137);
#19139=PLANE('',#19138);
#19140=ORIENTED_EDGE('',*,*,#19039,.T.);
#19141=ORIENTED_EDGE('',*,*,#16800,.F.);
#19143=ORIENTED_EDGE('',*,*,#19142,.F.);
#19144=EDGE_LOOP('',(#19140,#19141,#19143));
#19145=FACE_OUTER_BOUND('',#19144,.F.);
#19146=ADVANCED_FACE('',(#19145),#19139,.F.);
#19147=CARTESIAN_POINT('',(9.66E-2,8.3E-2,3.935E-2));
#19148=DIRECTION('',(7.071067811865E-1,-7.071067811865E-1,0.E0));
#19149=DIRECTION('',(0.E0,0.E0,-1.E0));
#19150=AXIS2_PLACEMENT_3D('',#19147,#19148,#19149);
#19151=PLANE('',#19150);
#19153=ORIENTED_EDGE('',*,*,#19152,.F.);
#19154=ORIENTED_EDGE('',*,*,#19041,.T.);
#19155=ORIENTED_EDGE('',*,*,#19142,.T.);
#19156=ORIENTED_EDGE('',*,*,#16798,.F.);
#19157=EDGE_LOOP('',(#19153,#19154,#19155,#19156));
#19158=FACE_OUTER_BOUND('',#19157,.F.);
#19159=ADVANCED_FACE('',(#19158),#19151,.F.);
#19160=CARTESIAN_POINT('',(7.86E-2,8.3E-2,5.735E-2));
#19161=DIRECTION('',(0.E0,-7.071067811865E-1,7.071067811865E-1));
#19162=DIRECTION('',(1.E0,0.E0,0.E0));
#19163=AXIS2_PLACEMENT_3D('',#19160,#19161,#19162);
#19164=PLANE('',#19163);
#19165=ORIENTED_EDGE('',*,*,#19043,.F.);
#19166=ORIENTED_EDGE('',*,*,#19152,.T.);
#19167=ORIENTED_EDGE('',*,*,#16796,.F.);
#19168=EDGE_LOOP('',(#19165,#19166,#19167));
#19169=FACE_OUTER_BOUND('',#19168,.F.);
#19170=ADVANCED_FACE('',(#19169),#19164,.F.);
#19171=CARTESIAN_POINT('',(-1.31E-1,-8.7E-2,5.1E-2));
#19172=DIRECTION('',(0.E0,0.E0,-1.E0));
#19173=DIRECTION('',(1.E0,0.E0,0.E0));
#19174=AXIS2_PLACEMENT_3D('',#19171,#19172,#19173);
#19175=PLANE('',#19174);
#19176=ORIENTED_EDGE('',*,*,#15228,.F.);
#19177=ORIENTED_EDGE('',*,*,#15362,.T.);
#19178=ORIENTED_EDGE('',*,*,#9595,.T.);
#19179=ORIENTED_EDGE('',*,*,#15181,.F.);
#19180=EDGE_LOOP('',(#19176,#19177,#19178,#19179));
#19181=FACE_OUTER_BOUND('',#19180,.F.);
#19182=ADVANCED_FACE('',(#19181),#19175,.F.);
#19183=CARTESIAN_POINT('',(-1.25E-1,-8.7E-2,8.25E-2));
#19184=DIRECTION('',(7.071067811865E-1,7.071067811865E-1,0.E0));
#19185=DIRECTION('',(-7.071067811865E-1,7.071067811865E-1,0.E0));
#19186=AXIS2_PLACEMENT_3D('',#19183,#19184,#19185);
#19187=PLANE('',#19186);
#19188=ORIENTED_EDGE('',*,*,#15267,.T.);
#19189=ORIENTED_EDGE('',*,*,#15365,.F.);
#19190=ORIENTED_EDGE('',*,*,#15224,.T.);
#19191=ORIENTED_EDGE('',*,*,#9770,.F.);
#19192=EDGE_LOOP('',(#19188,#19189,#19190,#19191));
#19193=FACE_OUTER_BOUND('',#19192,.F.);
#19194=ADVANCED_FACE('',(#19193),#19187,.F.);
#19195=CARTESIAN_POINT('',(-1.84E-1,-8.7E-2,-5.1E-2));
#19196=DIRECTION('',(0.E0,0.E0,1.E0));
#19197=DIRECTION('',(-1.E0,0.E0,0.E0));
#19198=AXIS2_PLACEMENT_3D('',#19195,#19196,#19197);
#19199=PLANE('',#19198);
#19200=ORIENTED_EDGE('',*,*,#15256,.F.);
#19201=ORIENTED_EDGE('',*,*,#15302,.T.);
#19202=ORIENTED_EDGE('',*,*,#9327,.T.);
#19203=ORIENTED_EDGE('',*,*,#9906,.F.);
#19204=EDGE_LOOP('',(#19200,#19201,#19202,#19203));
#19205=FACE_OUTER_BOUND('',#19204,.F.);
#19206=ADVANCED_FACE('',(#19205),#19199,.F.);
#19207=CLOSED_SHELL('',(#9216,#9232,#9248,#9264,#9280,#9296,#9471,#9647,#9680,
#9694,#9708,#9724,#9738,#9758,#9781,#9805,#9829,#9853,#9881,#9897,#9913,#9926,
#9940,#9954,#9968,#9982,#9996,#10015,#10027,#10041,#10055,#10069,#10083,#10097,
#10112,#10125,#10138,#10150,#10166,#10179,#10209,#10222,#10236,#10249,#10261,
#10281,#10306,#10330,#10360,#10389,#10404,#10427,#10451,#10466,#10481,#10496,
#10511,#10536,#10560,#10574,#10589,#10620,#10642,#10656,#10677,#10690,#10703,
#10716,#10729,#10741,#10756,#10771,#10783,#10796,#10826,#10848,#10862,#10883,
#10896,#10909,#10922,#10935,#10947,#10962,#10977,#11003,#11031,#11045,#11070,
#11093,#11106,#11119,#11132,#11145,#11158,#11171,#11184,#11197,#11210,#11223,
#11236,#11249,#11262,#11275,#11287,#11299,#11313,#11326,#11339,#11352,#11365,
#11378,#11391,#11403,#11416,#11433,#11456,#11468,#11483,#11499,#11515,#11531,
#11547,#11563,#11578,#11593,#11607,#11621,#11634,#11656,#11688,#11702,#11718,
#11732,#11746,#11761,#11776,#11790,#11804,#11817,#11845,#11857,#11877,#11900,
#11912,#11926,#11939,#11952,#11964,#11988,#12013,#12029,#12044,#12060,#12075,
#12100,#12125,#12140,#12156,#12189,#12211,#12225,#12246,#12259,#12272,#12285,
#12298,#12310,#12331,#12355,#12384,#12411,#12424,#12437,#12450,#12463,#12476,
#12489,#12502,#12515,#12529,#12544,#12559,#12571,#12583,#12613,#12635,#12649,
#12670,#12683,#12696,#12709,#12722,#12734,#12749,#12764,#12790,#12818,#12832,
#12857,#12880,#12893,#12906,#12919,#12932,#12945,#12958,#12971,#12984,#12997,
#13010,#13023,#13036,#13049,#13062,#13074,#13087,#13103,#13116,#13129,#13142,
#13155,#13168,#13181,#13193,#13205,#13217,#13229,#13242,#13255,#13268,#13283,
#13297,#13311,#13324,#13346,#13378,#13392,#13408,#13422,#13436,#13451,#13466,
#13480,#13494,#13507,#13535,#13547,#13567,#13590,#13602,#13616,#13629,#13642,
#13654,#13678,#13703,#13719,#13734,#13750,#13765,#13790,#13815,#13830,#13846,
#13879,#13901,#13915,#13936,#13949,#13962,#13975,#13988,#14000,#14021,#14045,
#14074,#14101,#14114,#14127,#14140,#14153,#14166,#14179,#14192,#14205,#14219,
#14234,#14249,#14261,#14273,#14303,#14325,#14339,#14360,#14373,#14386,#14399,
#14412,#14424,#14439,#14454,#14480,#14508,#14522,#14547,#14570,#14583,#14596,
#14609,#14622,#14635,#14648,#14661,#14674,#14687,#14700,#14713,#14726,#14739,
#14752,#14764,#14777,#14793,#14806,#14819,#14832,#14845,#14858,#14871,#14883,
#14895,#14907,#14919,#14932,#14945,#14958,#14973,#14987,#15001,#15014,#15033,
#15045,#15058,#15071,#15083,#15096,#15109,#15122,#15135,#15148,#15161,#15173,
#15188,#15203,#15218,#15233,#15247,#15261,#15276,#15306,#15318,#15339,#15369,
#15381,#15401,#15425,#15449,#15479,#15508,#15523,#15545,#15569,#15584,#15599,
#15614,#15629,#15654,#15678,#15692,#15707,#15738,#15760,#15774,#15795,#15808,
#15821,#15834,#15847,#15859,#15874,#15889,#15901,#15914,#15944,#15966,#15980,
#16001,#16014,#16027,#16040,#16053,#16065,#16080,#16095,#16121,#16149,#16163,
#16188,#16211,#16224,#16237,#16250,#16263,#16276,#16289,#16302,#16315,#16328,
#16341,#16354,#16367,#16380,#16393,#16405,#16417,#16431,#16444,#16457,#16470,
#16483,#16496,#16509,#16521,#16533,#16546,#16559,#16572,#16585,#16598,#16611,
#16623,#16646,#16658,#16673,#16687,#16701,#16714,#16729,#16832,#16845,#16858,
#16870,#16885,#16899,#16913,#16926,#16941,#16966,#16998,#17012,#17028,#17042,
#17056,#17071,#17086,#17100,#17114,#17127,#17155,#17167,#17187,#17210,#17222,
#17237,#17251,#17265,#17278,#17292,#17305,#17318,#17330,#17354,#17379,#17395,
#17410,#17426,#17441,#17466,#17491,#17506,#17522,#17555,#17577,#17591,#17612,
#17625,#17638,#17651,#17664,#17676,#17697,#17721,#17750,#17777,#17790,#17803,
#17816,#17829,#17842,#17855,#17868,#17881,#17895,#17910,#17925,#17937,#17949,
#17979,#18001,#18015,#18036,#18049,#18062,#18075,#18088,#18100,#18115,#18130,
#18156,#18184,#18198,#18223,#18246,#18259,#18272,#18285,#18298,#18311,#18324,
#18337,#18350,#18363,#18376,#18389,#18402,#18415,#18428,#18440,#18453,#18469,
#18482,#18495,#18508,#18521,#18534,#18547,#18559,#18571,#18583,#18595,#18608,
#18621,#18634,#18647,#18660,#18672,#18687,#18701,#18715,#18728,#18743,#18765,
#18777,#18790,#18803,#18815,#18829,#18842,#18857,#18872,#18884,#18896,#18929,
#18941,#18954,#18965,#18977,#18990,#19001,#19015,#19047,#19060,#19073,#19086,
#19098,#19110,#19123,#19134,#19146,#19159,#19170,#19182,#19194,#19206));
#19208=MANIFOLD_SOLID_BREP('',#19207);
#19209=CARTESIAN_POINT('',(0.E0,0.E0,0.E0));
#19210=DIRECTION('',(0.E0,0.E0,1.E0));
#19211=DIRECTION('',(1.E0,0.E0,0.E0));
#19212=AXIS2_PLACEMENT_3D('CSYS',#19209,#19210,#19211);
#19213=DIRECTION('',(0.E0,0.E0,-1.E0));
#19214=VECTOR('',#19213,7.2E-2);
#19215=CARTESIAN_POINT('',(-1.795E-1,-8.7E-2,1.125E-1));
#19216=LINE('',#19215,#19214);
#19219=DIRECTION('',(1.E0,0.E0,0.E0));
#19220=VECTOR('',#19219,4.4E-2);
#19221=CARTESIAN_POINT('',(-1.795E-1,-8.7E-2,4.05E-2));
#19222=LINE('',#19221,#19220);
#19225=DIRECTION('',(0.E0,0.E0,1.E0));
#19226=VECTOR('',#19225,7.2E-2);
#19227=CARTESIAN_POINT('',(-1.355E-1,-8.7E-2,4.05E-2));
#19228=LINE('',#19227,#19226);
#19231=DIRECTION('',(-1.E0,0.E0,0.E0));
#19232=VECTOR('',#19231,4.4E-2);
#19233=CARTESIAN_POINT('',(-1.355E-1,-8.7E-2,1.125E-1));
#19234=LINE('',#19233,#19232);
#19239=DIRECTION('',(1.E0,0.E0,0.E0));
#19240=VECTOR('',#19239,4.4E-2);
#19241=CARTESIAN_POINT('',(-1.795E-1,-8.7E-2,-1.125E-1));
#19242=LINE('',#19241,#19240);
#19245=DIRECTION('',(0.E0,0.E0,1.E0));
#19246=VECTOR('',#19245,7.2E-2);
#19247=CARTESIAN_POINT('',(-1.355E-1,-8.7E-2,-1.125E-1));
#19248=LINE('',#19247,#19246);
#19251=DIRECTION('',(-1.E0,0.E0,0.E0));
#19252=VECTOR('',#19251,4.4E-2);
#19253=CARTESIAN_POINT('',(-1.355E-1,-8.7E-2,-4.05E-2));
#19254=LINE('',#19253,#19252);
#19257=DIRECTION('',(0.E0,0.E0,-1.E0));
#19258=VECTOR('',#19257,7.2E-2);
#19259=CARTESIAN_POINT('',(-1.795E-1,-8.7E-2,-4.05E-2));
#19260=LINE('',#19259,#19258);
#19264=DIRECTION('',(0.E0,0.E0,-1.E0));
#19265=VECTOR('',#19264,7.2E-2);
#19266=CARTESIAN_POINT('',(-1.008E-1,-8.7E-2,1.125E-1));
#19267=LINE('',#19266,#19265);
#19270=DIRECTION('',(1.E0,0.E0,0.E0));
#19271=VECTOR('',#19270,4.4E-2);
#19272=CARTESIAN_POINT('',(-1.008E-1,-8.7E-2,4.05E-2));
#19273=LINE('',#19272,#19271);
#19276=DIRECTION('',(0.E0,0.E0,1.E0));
#19277=VECTOR('',#19276,7.2E-2);
#19278=CARTESIAN_POINT('',(-5.68E-2,-8.7E-2,4.05E-2));
#19279=LINE('',#19278,#19277);
#19282=DIRECTION('',(-1.E0,0.E0,0.E0));
#19283=VECTOR('',#19282,4.4E-2);
#19284=CARTESIAN_POINT('',(-5.68E-2,-8.7E-2,1.125E-1));
#19285=LINE('',#19284,#19283);
#19289=DIRECTION('',(1.E0,0.E0,0.E0));
#19290=VECTOR('',#19289,4.4E-2);
#19291=CARTESIAN_POINT('',(-1.008E-1,-8.7E-2,-1.125E-1));
#19292=LINE('',#19291,#19290);
#19295=DIRECTION('',(0.E0,0.E0,1.E0));
#19296=VECTOR('',#19295,7.2E-2);
#19297=CARTESIAN_POINT('',(-5.68E-2,-8.7E-2,-1.125E-1));
#19298=LINE('',#19297,#19296);
#19301=DIRECTION('',(-1.E0,0.E0,0.E0));
#19302=VECTOR('',#19301,4.4E-2);
#19303=CARTESIAN_POINT('',(-5.68E-2,-8.7E-2,-4.05E-2));
#19304=LINE('',#19303,#19302);
#19307=DIRECTION('',(0.E0,0.E0,-1.E0));
#19308=VECTOR('',#19307,7.2E-2);
#19309=CARTESIAN_POINT('',(-1.008E-1,-8.7E-2,-4.05E-2));
#19310=LINE('',#19309,#19308);
#19314=DIRECTION('',(0.E0,0.E0,-1.E0));
#19315=VECTOR('',#19314,7.2E-2);
#19316=CARTESIAN_POINT('',(-2.21E-2,-8.7E-2,1.125E-1));
#19317=LINE('',#19316,#19315);
#19320=DIRECTION('',(1.E0,0.E0,0.E0));
#19321=VECTOR('',#19320,4.4E-2);
#19322=CARTESIAN_POINT('',(-2.21E-2,-8.7E-2,4.05E-2));
#19323=LINE('',#19322,#19321);
#19326=DIRECTION('',(0.E0,0.E0,1.E0));
#19327=VECTOR('',#19326,7.2E-2);
#19328=CARTESIAN_POINT('',(2.19E-2,-8.7E-2,4.05E-2));
#19329=LINE('',#19328,#19327);
#19332=DIRECTION('',(-1.E0,0.E0,0.E0));
#19333=VECTOR('',#19332,4.4E-2);
#19334=CARTESIAN_POINT('',(2.19E-2,-8.7E-2,1.125E-1));
#19335=LINE('',#19334,#19333);
#19339=DIRECTION('',(1.E0,0.E0,0.E0));
#19340=VECTOR('',#19339,4.4E-2);
#19341=CARTESIAN_POINT('',(-2.21E-2,-8.7E-2,-1.125E-1));
#19342=LINE('',#19341,#19340);
#19345=DIRECTION('',(0.E0,0.E0,1.E0));
#19346=VECTOR('',#19345,7.2E-2);
#19347=CARTESIAN_POINT('',(2.19E-2,-8.7E-2,-1.125E-1));
#19348=LINE('',#19347,#19346);
#19351=DIRECTION('',(-1.E0,0.E0,0.E0));
#19352=VECTOR('',#19351,4.4E-2);
#19353=CARTESIAN_POINT('',(2.19E-2,-8.7E-2,-4.05E-2));
#19354=LINE('',#19353,#19352);
#19357=DIRECTION('',(0.E0,0.E0,-1.E0));
#19358=VECTOR('',#19357,7.2E-2);
#19359=CARTESIAN_POINT('',(-2.21E-2,-8.7E-2,-4.05E-2));
#19360=LINE('',#19359,#19358);
#19364=DIRECTION('',(0.E0,0.E0,-1.E0));
#19365=VECTOR('',#19364,7.2E-2);
#19366=CARTESIAN_POINT('',(5.66E-2,-8.7E-2,1.125E-1));
#19367=LINE('',#19366,#19365);
#19370=DIRECTION('',(1.E0,0.E0,0.E0));
#19371=VECTOR('',#19370,4.4E-2);
#19372=CARTESIAN_POINT('',(5.66E-2,-8.7E-2,4.05E-2));
#19373=LINE('',#19372,#19371);
#19376=DIRECTION('',(0.E0,0.E0,1.E0));
#19377=VECTOR('',#19376,7.2E-2);
#19378=CARTESIAN_POINT('',(1.006E-1,-8.7E-2,4.05E-2));
#19379=LINE('',#19378,#19377);
#19382=DIRECTION('',(-1.E0,0.E0,0.E0));
#19383=VECTOR('',#19382,4.4E-2);
#19384=CARTESIAN_POINT('',(1.006E-1,-8.7E-2,1.125E-1));
#19385=LINE('',#19384,#19383);
#19389=DIRECTION('',(1.E0,0.E0,0.E0));
#19390=VECTOR('',#19389,4.4E-2);
#19391=CARTESIAN_POINT('',(5.66E-2,-8.7E-2,-1.125E-1));
#19392=LINE('',#19391,#19390);
#19395=DIRECTION('',(0.E0,0.E0,1.E0));
#19396=VECTOR('',#19395,7.2E-2);
#19397=CARTESIAN_POINT('',(1.006E-1,-8.7E-2,-1.125E-1));
#19398=LINE('',#19397,#19396);
#19401=DIRECTION('',(-1.E0,0.E0,0.E0));
#19402=VECTOR('',#19401,4.4E-2);
#19403=CARTESIAN_POINT('',(1.006E-1,-8.7E-2,-4.05E-2));
#19404=LINE('',#19403,#19402);
#19407=DIRECTION('',(0.E0,0.E0,-1.E0));
#19408=VECTOR('',#19407,7.2E-2);
#19409=CARTESIAN_POINT('',(5.66E-2,-8.7E-2,-4.05E-2));
#19410=LINE('',#19409,#19408);
#19414=DIRECTION('',(0.E0,0.E0,-1.E0));
#19415=VECTOR('',#19414,7.2E-2);
#19416=CARTESIAN_POINT('',(1.353E-1,-8.7E-2,1.125E-1));
#19417=LINE('',#19416,#19415);
#19420=DIRECTION('',(1.E0,0.E0,0.E0));
#19421=VECTOR('',#19420,4.4E-2);
#19422=CARTESIAN_POINT('',(1.353E-1,-8.7E-2,4.05E-2));
#19423=LINE('',#19422,#19421);
#19426=DIRECTION('',(0.E0,0.E0,1.E0));
#19427=VECTOR('',#19426,7.2E-2);
#19428=CARTESIAN_POINT('',(1.793E-1,-8.7E-2,4.05E-2));
#19429=LINE('',#19428,#19427);
#19432=DIRECTION('',(-1.E0,0.E0,0.E0));
#19433=VECTOR('',#19432,4.4E-2);
#19434=CARTESIAN_POINT('',(1.793E-1,-8.7E-2,1.125E-1));
#19435=LINE('',#19434,#19433);
#19439=DIRECTION('',(1.E0,0.E0,0.E0));
#19440=VECTOR('',#19439,4.4E-2);
#19441=CARTESIAN_POINT('',(1.353E-1,-8.7E-2,-1.125E-1));
#19442=LINE('',#19441,#19440);
#19445=DIRECTION('',(0.E0,0.E0,1.E0));
#19446=VECTOR('',#19445,7.2E-2);
#19447=CARTESIAN_POINT('',(1.793E-1,-8.7E-2,-1.125E-1));
#19448=LINE('',#19447,#19446);
#19451=DIRECTION('',(-1.E0,0.E0,0.E0));
#19452=VECTOR('',#19451,4.4E-2);
#19453=CARTESIAN_POINT('',(1.793E-1,-8.7E-2,-4.05E-2));
#19454=LINE('',#19453,#19452);
#19457=DIRECTION('',(0.E0,0.E0,-1.E0));
#19458=VECTOR('',#19457,7.2E-2);
#19459=CARTESIAN_POINT('',(1.353E-1,-8.7E-2,-4.05E-2));
#19460=LINE('',#19459,#19458);
#19464=DIMENSIONAL_EXPONENTS(1.E0,0.E0,0.E0,0.E0,0.E0,0.E0,0.E0);
#19466=LENGTH_MEASURE_WITH_UNIT(LENGTH_MEASURE(2.54E1),#19465);
#19467=(CONVERSION_BASED_UNIT('INCH',#19466)LENGTH_UNIT()NAMED_UNIT(#19464));
#19468=DIMENSIONAL_EXPONENTS(0.E0,0.E0,0.E0,0.E0,0.E0,0.E0,0.E0);
#19470=PLANE_ANGLE_MEASURE_WITH_UNIT(PLANE_ANGLE_MEASURE(1.745329251994E-2),
#19469);
#19471=(CONVERSION_BASED_UNIT('DEGREE',#19470)NAMED_UNIT(*)PLANE_ANGLE_UNIT());
#19473=UNCERTAINTY_MEASURE_WITH_UNIT(LENGTH_MEASURE(3.937007874016E-5),#19467,
'closure',
'Maximum model space distance between geometric entities at asserted connectivities');
#19474=(GEOMETRIC_REPRESENTATION_CONTEXT(3)GLOBAL_UNCERTAINTY_ASSIGNED_CONTEXT((
#19473))GLOBAL_UNIT_ASSIGNED_CONTEXT((#19467,#19471,#19472))REPRESENTATION_CONTEXT('ID1','3'));
#19238=GEOMETRIC_SET('',(#19237,#19263,#19288,#19313,#19338,#19363,#19388,
#19413,#19438,#19463));
#19478=SHAPE_REPRESENTATION_RELATIONSHIP('','',#19477,#19475);
#19479=SHAPE_REPRESENTATION_RELATIONSHIP('','',#19477,#19476);
#19480=APPLICATION_CONTEXT(
'CONFIGURATION CONTROLLED 3D DESIGNS OF MECHANICAL PARTS AND ASSEMBLIES');
#19481=APPLICATION_PROTOCOL_DEFINITION('international standard',
'config_control_design',1994,#19480);
#19482=DESIGN_CONTEXT('',#19480,'design');
#19483=MECHANICAL_CONTEXT('',#19480,'mechanical');
#19484=PRODUCT('791098404','791098404','NOT SPECIFIED',(#19483));
#19485=PRODUCT_DEFINITION_FORMATION_WITH_SPECIFIED_SOURCE('1','LAST_VERSION',
#19484,.MADE.);
#19489=PRODUCT_CATEGORY('part','');
#19490=PRODUCT_RELATED_PRODUCT_CATEGORY('detail','',(#19484));
#19491=PRODUCT_CATEGORY_RELATIONSHIP('','',#19489,#19490);
#19492=SECURITY_CLASSIFICATION_LEVEL('unclassified');
#19493=SECURITY_CLASSIFICATION('','',#19492);
#19494=CC_DESIGN_SECURITY_CLASSIFICATION(#19493,(#19485));
#19495=APPROVAL_STATUS('approved');
#19496=APPROVAL(#19495,'');
#19497=CC_DESIGN_APPROVAL(#19496,(#19493,#19485,#19486));
#19498=CALENDAR_DATE(113,30,9);
#19499=COORDINATED_UNIVERSAL_TIME_OFFSET(5,30,.AHEAD.);
#19500=LOCAL_TIME(13,12,4.5E1,#19499);
#19501=DATE_AND_TIME(#19498,#19500);
#19502=APPROVAL_DATE_TIME(#19501,#19496);
#19503=DATE_TIME_ROLE('creation_date');
#19504=CC_DESIGN_DATE_AND_TIME_ASSIGNMENT(#19501,#19503,(#19486));
#19505=DATE_TIME_ROLE('classification_date');
#19506=CC_DESIGN_DATE_AND_TIME_ASSIGNMENT(#19501,#19505,(#19493));
#19507=PERSON('UNSPECIFIED','UNSPECIFIED',$,$,$,$);
#19508=ORGANIZATION('UNSPECIFIED','UNSPECIFIED','UNSPECIFIED');
#19509=PERSON_AND_ORGANIZATION(#19507,#19508);
#19510=APPROVAL_ROLE('approver');
#19511=APPROVAL_PERSON_ORGANIZATION(#19509,#19496,#19510);
#19512=PERSON_AND_ORGANIZATION_ROLE('creator');
#19513=CC_DESIGN_PERSON_AND_ORGANIZATION_ASSIGNMENT(#19509,#19512,(#19485,
#19486));
#19514=PERSON_AND_ORGANIZATION_ROLE('design_supplier');
#19515=CC_DESIGN_PERSON_AND_ORGANIZATION_ASSIGNMENT(#19509,#19514,(#19485));
#19516=PERSON_AND_ORGANIZATION_ROLE('classification_officer');
#19517=CC_DESIGN_PERSON_AND_ORGANIZATION_ASSIGNMENT(#19509,#19516,(#19493));
#19518=PERSON_AND_ORGANIZATION_ROLE('design_owner');
#19519=CC_DESIGN_PERSON_AND_ORGANIZATION_ASSIGNMENT(#19509,#19518,(#19484));
#901=CIRCLE('',#900,2.082477058334E-2);
#922=CIRCLE('',#921,1.5E-2);
#931=CIRCLE('',#930,1.5E-2);
#952=CIRCLE('',#951,2.082477058334E-2);
#1061=CIRCLE('',#1060,2.082477058334E-2);
#1082=CIRCLE('',#1081,1.5E-2);
#1095=CIRCLE('',#1094,1.5E-2);
#1116=CIRCLE('',#1115,2.082477058334E-2);
#1161=CIRCLE('',#1160,1.2E-2);
#1178=CIRCLE('',#1177,6.E-3);
#1195=CIRCLE('',#1194,6.E-3);
#1212=CIRCLE('',#1211,1.2E-2);
#1329=CIRCLE('',#1328,1.2E-2);
#1346=CIRCLE('',#1345,6.E-3);
#1363=CIRCLE('',#1362,6.E-3);
#1380=CIRCLE('',#1379,1.2E-2);
#1421=CIRCLE('',#1420,1.5E-2);
#1442=CIRCLE('',#1441,2.082477058334E-2);
#1451=CIRCLE('',#1450,2.082477058334E-2);
#1472=CIRCLE('',#1471,1.5E-2);
#1493=CIRCLE('',#1492,1.5E-2);
#1514=CIRCLE('',#1513,2.082477058334E-2);
#1527=CIRCLE('',#1526,2.082477058334E-2);
#1548=CIRCLE('',#1547,1.5E-2);
#2085=CIRCLE('',#2084,2.082477058334E-2);
#2106=CIRCLE('',#2105,1.5E-2);
#2119=CIRCLE('',#2118,1.5E-2);
#2140=CIRCLE('',#2139,2.082477058334E-2);
#2185=CIRCLE('',#2184,1.2E-2);
#2202=CIRCLE('',#2201,6.E-3);
#2219=CIRCLE('',#2218,6.E-3);
#2236=CIRCLE('',#2235,1.2E-2);
#2321=CIRCLE('',#2320,2.082477058334E-2);
#2342=CIRCLE('',#2341,1.5E-2);
#2351=CIRCLE('',#2350,1.5E-2);
#2372=CIRCLE('',#2371,2.082477058334E-2);
#2509=CIRCLE('',#2508,1.2E-2);
#2526=CIRCLE('',#2525,6.E-3);
#2543=CIRCLE('',#2542,6.E-3);
#2560=CIRCLE('',#2559,1.2E-2);
#2601=CIRCLE('',#2600,1.5E-2);
#2622=CIRCLE('',#2621,2.082477058334E-2);
#2631=CIRCLE('',#2630,2.082477058334E-2);
#2652=CIRCLE('',#2651,1.5E-2);
#2673=CIRCLE('',#2672,1.5E-2);
#2694=CIRCLE('',#2693,2.082477058334E-2);
#2707=CIRCLE('',#2706,2.082477058334E-2);
#2728=CIRCLE('',#2727,1.5E-2);
#3273=CIRCLE('',#3272,2.082477058334E-2);
#3294=CIRCLE('',#3293,1.5E-2);
#3307=CIRCLE('',#3306,1.5E-2);
#3328=CIRCLE('',#3327,2.082477058334E-2);
#3373=CIRCLE('',#3372,1.2E-2);
#3390=CIRCLE('',#3389,6.E-3);
#3407=CIRCLE('',#3406,6.E-3);
#3424=CIRCLE('',#3423,1.2E-2);
#3509=CIRCLE('',#3508,2.082477058334E-2);
#3530=CIRCLE('',#3529,1.5E-2);
#3539=CIRCLE('',#3538,1.5E-2);
#3560=CIRCLE('',#3559,2.082477058334E-2);
#3697=CIRCLE('',#3696,1.2E-2);
#3714=CIRCLE('',#3713,6.E-3);
#3731=CIRCLE('',#3730,6.E-3);
#3748=CIRCLE('',#3747,1.2E-2);
#3789=CIRCLE('',#3788,1.5E-2);
#3810=CIRCLE('',#3809,2.082477058334E-2);
#3819=CIRCLE('',#3818,2.082477058334E-2);
#3840=CIRCLE('',#3839,1.5E-2);
#3861=CIRCLE('',#3860,1.5E-2);
#3882=CIRCLE('',#3881,2.082477058334E-2);
#3895=CIRCLE('',#3894,2.082477058334E-2);
#3916=CIRCLE('',#3915,1.5E-2);
#4453=CIRCLE('',#4452,2.082477058334E-2);
#4474=CIRCLE('',#4473,1.5E-2);
#4483=CIRCLE('',#4482,1.5E-2);
#4504=CIRCLE('',#4503,2.082477058334E-2);
#4613=CIRCLE('',#4612,2.082477058334E-2);
#4634=CIRCLE('',#4633,1.5E-2);
#4647=CIRCLE('',#4646,1.5E-2);
#4668=CIRCLE('',#4667,2.082477058334E-2);
#4713=CIRCLE('',#4712,6.E-3);
#4730=CIRCLE('',#4729,1.2E-2);
#4747=CIRCLE('',#4746,1.2E-2);
#4764=CIRCLE('',#4763,6.E-3);
#4881=CIRCLE('',#4880,6.E-3);
#4898=CIRCLE('',#4897,1.2E-2);
#4911=CIRCLE('',#4910,1.2E-2);
#4928=CIRCLE('',#4927,6.E-3);
#4973=CIRCLE('',#4972,1.5E-2);
#4994=CIRCLE('',#4993,2.082477058334E-2);
#5003=CIRCLE('',#5002,2.082477058334E-2);
#5024=CIRCLE('',#5023,1.5E-2);
#5045=CIRCLE('',#5044,1.5E-2);
#5066=CIRCLE('',#5065,2.082477058334E-2);
#5079=CIRCLE('',#5078,2.082477058334E-2);
#5100=CIRCLE('',#5099,1.5E-2);
#5869=CIRCLE('',#5868,2.082477058334E-2);
#5890=CIRCLE('',#5889,1.5E-2);
#5903=CIRCLE('',#5902,1.5E-2);
#5924=CIRCLE('',#5923,2.082477058334E-2);
#5969=CIRCLE('',#5968,1.2E-2);
#5986=CIRCLE('',#5985,6.E-3);
#6003=CIRCLE('',#6002,6.E-3);
#6020=CIRCLE('',#6019,1.2E-2);
#6105=CIRCLE('',#6104,2.082477058334E-2);
#6126=CIRCLE('',#6125,1.5E-2);
#6135=CIRCLE('',#6134,1.5E-2);
#6156=CIRCLE('',#6155,2.082477058334E-2);
#6293=CIRCLE('',#6292,1.2E-2);
#6310=CIRCLE('',#6309,6.E-3);
#6327=CIRCLE('',#6326,6.E-3);
#6344=CIRCLE('',#6343,1.2E-2);
#6385=CIRCLE('',#6384,1.5E-2);
#6406=CIRCLE('',#6405,2.082477058334E-2);
#6415=CIRCLE('',#6414,2.082477058334E-2);
#6436=CIRCLE('',#6435,1.5E-2);
#6457=CIRCLE('',#6456,1.5E-2);
#6478=CIRCLE('',#6477,2.082477058334E-2);
#6491=CIRCLE('',#6490,2.082477058334E-2);
#6512=CIRCLE('',#6511,1.5E-2);
#9206=EDGE_CURVE('',#7085,#7073,#52,.T.);
#9208=EDGE_CURVE('',#7085,#6971,#4,.T.);
#9210=EDGE_CURVE('',#6971,#6972,#8,.T.);
#9212=EDGE_CURVE('',#6972,#7073,#12,.T.);
#9222=EDGE_CURVE('',#7755,#7756,#424,.T.);
#9224=EDGE_CURVE('',#7755,#7771,#1684,.T.);
#9226=EDGE_CURVE('',#7771,#7772,#16,.T.);
#9228=EDGE_CURVE('',#7756,#7772,#4128,.T.);
#9238=EDGE_CURVE('',#7759,#7760,#3072,.T.);
#9240=EDGE_CURVE('',#7759,#7775,#3124,.T.);
#9242=EDGE_CURVE('',#7775,#7776,#20,.T.);
#9244=EDGE_CURVE('',#7760,#7776,#4036,.T.);
#9254=EDGE_CURVE('',#7763,#7764,#1884,.T.);
#9256=EDGE_CURVE('',#7763,#7779,#1936,.T.);
#9258=EDGE_CURVE('',#7779,#7780,#24,.T.);
#9260=EDGE_CURVE('',#7764,#7780,#2848,.T.);
#9270=EDGE_CURVE('',#7767,#7768,#5652,.T.);
#9272=EDGE_CURVE('',#7767,#7783,#5704,.T.);
#9274=EDGE_CURVE('',#7783,#7784,#28,.T.);
#9276=EDGE_CURVE('',#7768,#7784,#6632,.T.);
#9286=EDGE_CURVE('',#7747,#7748,#4260,.T.);
#9288=EDGE_CURVE('',#7747,#7751,#6740,.T.);
#9290=EDGE_CURVE('',#7751,#7752,#32,.T.);
#9292=EDGE_CURVE('',#7748,#7752,#5240,.T.);
#9302=EDGE_CURVE('',#7739,#7740,#36,.T.);
#9304=EDGE_CURVE('',#8946,#7740,#6280,.T.);
#9306=EDGE_CURVE('',#8027,#8946,#6080,.T.);
#9308=EDGE_CURVE('',#8027,#7822,#6584,.T.);
#9310=EDGE_CURVE('',#7822,#7356,#5524,.T.);
#9312=EDGE_CURVE('',#7354,#7356,#40,.T.);
#9314=EDGE_CURVE('',#7344,#7354,#44,.T.);
#9316=EDGE_CURVE('',#7344,#7086,#48,.T.);
#9318=EDGE_CURVE('',#7085,#7086,#6796,.T.);
#9321=EDGE_CURVE('',#7073,#7074,#652,.T.);
#9323=EDGE_CURVE('',#7074,#7116,#56,.T.);
#9325=EDGE_CURVE('',#7124,#7116,#60,.T.);
#9327=EDGE_CURVE('',#7123,#7124,#64,.T.);
#9329=EDGE_CURVE('',#7123,#7792,#4276,.T.);
#9331=EDGE_CURVE('',#7792,#7055,#4392,.T.);
#9333=EDGE_CURVE('',#7055,#8150,#4544,.T.);
#9335=EDGE_CURVE('',#7176,#8150,#4848,.T.);
#9337=EDGE_CURVE('',#7175,#7176,#68,.T.);
#9339=EDGE_CURVE('',#7171,#7175,#72,.T.);
#9341=EDGE_CURVE('',#7171,#7172,#76,.T.);
#9343=EDGE_CURVE('',#8146,#7172,#4840,.T.);
#9345=EDGE_CURVE('',#7051,#8146,#4428,.T.);
#9347=EDGE_CURVE('',#7051,#7788,#4376,.T.);
#9349=EDGE_CURVE('',#7132,#7788,#4324,.T.);
#9351=EDGE_CURVE('',#7130,#7132,#80,.T.);
#9353=EDGE_CURVE('',#7120,#7130,#84,.T.);
#9355=EDGE_CURVE('',#7120,#7244,#88,.T.);
#9357=EDGE_CURVE('',#7252,#7244,#92,.T.);
#9359=EDGE_CURVE('',#7251,#7252,#96,.T.);
#9361=EDGE_CURVE('',#7794,#7251,#440,.T.);
#9363=EDGE_CURVE('',#7794,#7959,#840,.T.);
#9365=EDGE_CURVE('',#7959,#8350,#992,.T.);
#9367=EDGE_CURVE('',#7648,#8350,#1288,.T.);
#9369=EDGE_CURVE('',#7647,#7648,#100,.T.);
#9371=EDGE_CURVE('',#7643,#7647,#104,.T.);
#9373=EDGE_CURVE('',#7643,#7644,#108,.T.);
#9375=EDGE_CURVE('',#8346,#7644,#1316,.T.);
#9377=EDGE_CURVE('',#7955,#8346,#876,.T.);
#9379=EDGE_CURVE('',#7955,#7798,#824,.T.);
#9381=EDGE_CURVE('',#7798,#7260,#744,.T.);
#9383=EDGE_CURVE('',#7258,#7260,#112,.T.);
#9385=EDGE_CURVE('',#7248,#7258,#116,.T.);
#9387=EDGE_CURVE('',#7248,#7276,#120,.T.);
#9389=EDGE_CURVE('',#7284,#7276,#124,.T.);
#9391=EDGE_CURVE('',#7283,#7284,#128,.T.);
#9393=EDGE_CURVE('',#7802,#7283,#3088,.T.);
#9395=EDGE_CURVE('',#7802,#7983,#4004,.T.);
#9397=EDGE_CURVE('',#7983,#8550,#3204,.T.);
#9399=EDGE_CURVE('',#7680,#8550,#3656,.T.);
#9401=EDGE_CURVE('',#7679,#7680,#132,.T.);
#9403=EDGE_CURVE('',#7675,#7679,#136,.T.);
#9405=EDGE_CURVE('',#7675,#7676,#140,.T.);
#9407=EDGE_CURVE('',#8546,#7676,#3684,.T.);
#9409=EDGE_CURVE('',#7979,#8546,#3484,.T.);
#9411=EDGE_CURVE('',#7979,#7806,#3988,.T.);
#9413=EDGE_CURVE('',#7806,#7292,#2944,.T.);
#9415=EDGE_CURVE('',#7290,#7292,#144,.T.);
#9417=EDGE_CURVE('',#7280,#7290,#148,.T.);
#9419=EDGE_CURVE('',#7280,#7308,#152,.T.);
#9421=EDGE_CURVE('',#7316,#7308,#156,.T.);
#9423=EDGE_CURVE('',#7315,#7316,#160,.T.);
#9425=EDGE_CURVE('',#7810,#7315,#1900,.T.);
#9427=EDGE_CURVE('',#7810,#8007,#2816,.T.);
#9429=EDGE_CURVE('',#8007,#8750,#2016,.T.);
#9431=EDGE_CURVE('',#7712,#8750,#2468,.T.);
#9433=EDGE_CURVE('',#7711,#7712,#164,.T.);
#9435=EDGE_CURVE('',#7707,#7711,#168,.T.);
#9437=EDGE_CURVE('',#7707,#7708,#172,.T.);
#9439=EDGE_CURVE('',#8746,#7708,#2496,.T.);
#9441=EDGE_CURVE('',#8003,#8746,#2296,.T.);
#9443=EDGE_CURVE('',#8003,#7814,#2800,.T.);
#9445=EDGE_CURVE('',#7814,#7324,#1756,.T.);
#9447=EDGE_CURVE('',#7322,#7324,#176,.T.);
#9449=EDGE_CURVE('',#7312,#7322,#180,.T.);
#9451=EDGE_CURVE('',#7312,#7340,#184,.T.);
#9453=EDGE_CURVE('',#7348,#7340,#188,.T.);
#9455=EDGE_CURVE('',#7347,#7348,#192,.T.);
#9457=EDGE_CURVE('',#7818,#7347,#5668,.T.);
#9459=EDGE_CURVE('',#7818,#8031,#6600,.T.);
#9461=EDGE_CURVE('',#8031,#8950,#5800,.T.);
#9463=EDGE_CURVE('',#7744,#8950,#6252,.T.);
#9465=EDGE_CURVE('',#7743,#7744,#196,.T.);
#9467=EDGE_CURVE('',#7739,#7743,#200,.T.);
#9477=EDGE_CURVE('',#7611,#7612,#204,.T.);
#9479=EDGE_CURVE('',#7611,#7615,#208,.T.);
#9481=EDGE_CURVE('',#7615,#7616,#212,.T.);
#9483=EDGE_CURVE('',#7616,#8952,#216,.T.);
#9485=EDGE_CURVE('',#8952,#8023,#5780,.T.);
#9487=EDGE_CURVE('',#7820,#8023,#5680,.T.);
#9489=EDGE_CURVE('',#7352,#7820,#5636,.T.);
#9491=EDGE_CURVE('',#7350,#7352,#220,.T.);
#9493=EDGE_CURVE('',#7331,#7350,#224,.T.);
#9495=EDGE_CURVE('',#7303,#7331,#632,.T.);
#9497=EDGE_CURVE('',#7328,#7303,#228,.T.);
#9499=EDGE_CURVE('',#7327,#7328,#232,.T.);
#9501=EDGE_CURVE('',#7327,#7816,#1784,.T.);
#9503=EDGE_CURVE('',#7995,#7816,#1928,.T.);
#9505=EDGE_CURVE('',#8748,#7995,#2272,.T.);
#9507=EDGE_CURVE('',#8748,#7580,#236,.T.);
#9509=EDGE_CURVE('',#7579,#7580,#240,.T.);
#9511=EDGE_CURVE('',#7579,#7583,#244,.T.);
#9513=EDGE_CURVE('',#7583,#7584,#248,.T.);
#9515=EDGE_CURVE('',#7584,#8752,#252,.T.);
#9517=EDGE_CURVE('',#8752,#7999,#1996,.T.);
#9519=EDGE_CURVE('',#7812,#7999,#1912,.T.);
#9521=EDGE_CURVE('',#7320,#7812,#1868,.T.);
#9523=EDGE_CURVE('',#7318,#7320,#256,.T.);
#9525=EDGE_CURVE('',#7299,#7318,#260,.T.);
#9527=EDGE_CURVE('',#7271,#7299,#620,.T.);
#9529=EDGE_CURVE('',#7296,#7271,#264,.T.);
#9531=EDGE_CURVE('',#7295,#7296,#268,.T.);
#9533=EDGE_CURVE('',#7295,#7808,#2972,.T.);
#9535=EDGE_CURVE('',#7971,#7808,#3116,.T.);
#9537=EDGE_CURVE('',#8548,#7971,#3460,.T.);
#9539=EDGE_CURVE('',#8548,#7548,#272,.T.);
#9541=EDGE_CURVE('',#7547,#7548,#276,.T.);
#9543=EDGE_CURVE('',#7547,#7551,#280,.T.);
#9545=EDGE_CURVE('',#7551,#7552,#284,.T.);
#9547=EDGE_CURVE('',#7552,#8552,#288,.T.);
#9549=EDGE_CURVE('',#8552,#7975,#3184,.T.);
#9551=EDGE_CURVE('',#7804,#7975,#3100,.T.);
#9553=EDGE_CURVE('',#7288,#7804,#3056,.T.);
#9555=EDGE_CURVE('',#7286,#7288,#292,.T.);
#9557=EDGE_CURVE('',#7267,#7286,#296,.T.);
#9559=EDGE_CURVE('',#7239,#7267,#608,.T.);
#9561=EDGE_CURVE('',#7264,#7239,#300,.T.);
#9563=EDGE_CURVE('',#7263,#7264,#304,.T.);
#9565=EDGE_CURVE('',#7263,#7800,#772,.T.);
#9567=EDGE_CURVE('',#7947,#7800,#1676,.T.);
#9569=EDGE_CURVE('',#8348,#7947,#852,.T.);
#9571=EDGE_CURVE('',#8348,#7516,#308,.T.);
#9573=EDGE_CURVE('',#7515,#7516,#312,.T.);
#9575=EDGE_CURVE('',#7515,#7519,#316,.T.);
#9577=EDGE_CURVE('',#7519,#7520,#320,.T.);
#9579=EDGE_CURVE('',#7520,#8352,#324,.T.);
#9581=EDGE_CURVE('',#8352,#7951,#972,.T.);
#9583=EDGE_CURVE('',#7796,#7951,#1660,.T.);
#9585=EDGE_CURVE('',#7256,#7796,#408,.T.);
#9587=EDGE_CURVE('',#7254,#7256,#328,.T.);
#9589=EDGE_CURVE('',#7235,#7254,#332,.T.);
#9591=EDGE_CURVE('',#7111,#7235,#596,.T.);
#9593=EDGE_CURVE('',#7136,#7111,#336,.T.);
#9595=EDGE_CURVE('',#7135,#7136,#340,.T.);
#9597=EDGE_CURVE('',#7786,#7135,#4352,.T.);
#9599=EDGE_CURVE('',#7043,#7786,#4312,.T.);
#9601=EDGE_CURVE('',#8148,#7043,#4404,.T.);
#9603=EDGE_CURVE('',#8148,#7179,#344,.T.);
#9605=EDGE_CURVE('',#7179,#7180,#348,.T.);
#9607=EDGE_CURVE('',#7180,#7184,#352,.T.);
#9609=EDGE_CURVE('',#7183,#7184,#356,.T.);
#9611=EDGE_CURVE('',#7183,#8152,#360,.T.);
#9613=EDGE_CURVE('',#8152,#7047,#4524,.T.);
#9615=EDGE_CURVE('',#7790,#7047,#4296,.T.);
#9617=EDGE_CURVE('',#7790,#7128,#4244,.T.);
#9619=EDGE_CURVE('',#7126,#7128,#364,.T.);
#9621=EDGE_CURVE('',#7107,#7126,#368,.T.);
#9623=EDGE_CURVE('',#7068,#7107,#584,.T.);
#9625=EDGE_CURVE('',#7070,#7068,#660,.T.);
#9627=EDGE_CURVE('',#7070,#7082,#372,.T.);
#9629=EDGE_CURVE('',#7082,#7080,#6788,.T.);
#9631=EDGE_CURVE('',#7335,#7080,#640,.T.);
#9633=EDGE_CURVE('',#7360,#7335,#376,.T.);
#9635=EDGE_CURVE('',#7359,#7360,#380,.T.);
#9637=EDGE_CURVE('',#7359,#7824,#5552,.T.);
#9639=EDGE_CURVE('',#8019,#7824,#5696,.T.);
#9641=EDGE_CURVE('',#8948,#8019,#6056,.T.);
#9643=EDGE_CURVE('',#8948,#7612,#384,.T.);
#9653=EDGE_CURVE('',#7251,#7379,#388,.T.);
#9655=EDGE_CURVE('',#7363,#7379,#392,.T.);
#9657=EDGE_CURVE('',#7363,#7367,#396,.T.);
#9659=EDGE_CURVE('',#7367,#7384,#400,.T.);
#9661=EDGE_CURVE('',#7256,#7384,#404,.T.);
#9664=EDGE_CURVE('',#7860,#7796,#412,.T.);
#9666=EDGE_CURVE('',#7859,#7860,#416,.T.);
#9668=EDGE_CURVE('',#7755,#7859,#420,.T.);
#9671=EDGE_CURVE('',#7864,#7756,#428,.T.);
#9673=EDGE_CURVE('',#7863,#7864,#432,.T.);
#9675=EDGE_CURVE('',#7794,#7863,#436,.T.);
#9686=EDGE_CURVE('',#7379,#7380,#444,.T.);
#9690=EDGE_CURVE('',#7380,#7252,#720,.T.);
#9700=EDGE_CURVE('',#7363,#7364,#448,.T.);
#9704=EDGE_CURVE('',#7364,#7380,#716,.T.);
#9714=EDGE_CURVE('',#7371,#7372,#732,.T.);
#9716=EDGE_CURVE('',#7371,#7387,#812,.T.);
#9718=EDGE_CURVE('',#7387,#7388,#792,.T.);
#9720=EDGE_CURVE('',#7372,#7388,#788,.T.);
#9731=EDGE_CURVE('',#7364,#7368,#484,.T.);
#9733=EDGE_CURVE('',#7367,#7368,#452,.T.);
#9744=EDGE_CURVE('',#7115,#7140,#568,.T.);
#9746=EDGE_CURVE('',#7076,#7115,#456,.T.);
#9748=EDGE_CURVE('',#7076,#7067,#460,.T.);
#9750=EDGE_CURVE('',#7067,#7108,#464,.T.);
#9752=EDGE_CURVE('',#7144,#7108,#560,.T.);
#9754=EDGE_CURVE('',#7140,#7144,#468,.T.);
#9764=EDGE_CURVE('',#7243,#7364,#712,.T.);
#9766=EDGE_CURVE('',#7119,#7243,#472,.T.);
#9768=EDGE_CURVE('',#7147,#7119,#4216,.T.);
#9770=EDGE_CURVE('',#7147,#7152,#476,.T.);
#9772=EDGE_CURVE('',#7112,#7152,#4208,.T.);
#9774=EDGE_CURVE('',#7112,#7236,#480,.T.);
#9776=EDGE_CURVE('',#7368,#7236,#704,.T.);
#9787=EDGE_CURVE('',#7275,#7396,#3016,.T.);
#9789=EDGE_CURVE('',#7247,#7275,#488,.T.);
#9791=EDGE_CURVE('',#7371,#7247,#816,.T.);
#9793=EDGE_CURVE('',#7371,#7376,#492,.T.);
#9795=EDGE_CURVE('',#7240,#7376,#808,.T.);
#9797=EDGE_CURVE('',#7240,#7268,#496,.T.);
#9799=EDGE_CURVE('',#7400,#7268,#3008,.T.);
#9801=EDGE_CURVE('',#7396,#7400,#500,.T.);
#9811=EDGE_CURVE('',#7307,#7428,#1828,.T.);
#9813=EDGE_CURVE('',#7279,#7307,#504,.T.);
#9815=EDGE_CURVE('',#7403,#7279,#4072,.T.);
#9817=EDGE_CURVE('',#7403,#7408,#508,.T.);
#9819=EDGE_CURVE('',#7272,#7408,#4064,.T.);
#9821=EDGE_CURVE('',#7272,#7300,#512,.T.);
#9823=EDGE_CURVE('',#7432,#7300,#1820,.T.);
#9825=EDGE_CURVE('',#7428,#7432,#516,.T.);
#9835=EDGE_CURVE('',#7339,#7460,#5596,.T.);
#9837=EDGE_CURVE('',#7311,#7339,#520,.T.);
#9839=EDGE_CURVE('',#7435,#7311,#2884,.T.);
#9841=EDGE_CURVE('',#7435,#7440,#524,.T.);
#9843=EDGE_CURVE('',#7304,#7440,#2876,.T.);
#9845=EDGE_CURVE('',#7304,#7332,#528,.T.);
#9847=EDGE_CURVE('',#7464,#7332,#5588,.T.);
#9849=EDGE_CURVE('',#7460,#7464,#532,.T.);
#9859=EDGE_CURVE('',#7467,#7472,#536,.T.);
#9861=EDGE_CURVE('',#7336,#7472,#6660,.T.);
#9863=EDGE_CURVE('',#7336,#7079,#540,.T.);
#9865=EDGE_CURVE('',#7094,#7079,#6780,.T.);
#9867=EDGE_CURVE('',#7094,#7092,#544,.T.);
#9869=EDGE_CURVE('',#7091,#7092,#548,.T.);
#9871=EDGE_CURVE('',#7096,#7091,#552,.T.);
#9873=EDGE_CURVE('',#7088,#7096,#6804,.T.);
#9875=EDGE_CURVE('',#7343,#7088,#556,.T.);
#9877=EDGE_CURVE('',#7467,#7343,#6668,.T.);
#9888=EDGE_CURVE('',#7107,#7108,#580,.T.);
#9891=EDGE_CURVE('',#7159,#7126,#4288,.T.);
#9893=EDGE_CURVE('',#7159,#7144,#564,.T.);
#9904=EDGE_CURVE('',#7140,#7156,#572,.T.);
#9906=EDGE_CURVE('',#7156,#7124,#576,.T.);
#9909=EDGE_CURVE('',#7115,#7116,#664,.T.);
#9921=EDGE_CURVE('',#7067,#7068,#644,.T.);
#9932=EDGE_CURVE('',#7235,#7236,#588,.T.);
#9935=EDGE_CURVE('',#7111,#7112,#592,.T.);
#9946=EDGE_CURVE('',#7267,#7268,#600,.T.);
#9949=EDGE_CURVE('',#7239,#7240,#604,.T.);
#9960=EDGE_CURVE('',#7299,#7300,#612,.T.);
#9963=EDGE_CURVE('',#7271,#7272,#616,.T.);
#9974=EDGE_CURVE('',#7331,#7332,#624,.T.);
#9977=EDGE_CURVE('',#7303,#7304,#628,.T.);
#9988=EDGE_CURVE('',#7335,#7336,#636,.T.);
#9991=EDGE_CURVE('',#7079,#7080,#6784,.T.);
#10004=EDGE_CURVE('',#7076,#7074,#648,.T.);
#10008=EDGE_CURVE('',#6972,#6976,#656,.T.);
#10010=EDGE_CURVE('',#6976,#7070,#6808,.T.);
#10033=EDGE_CURVE('',#7243,#7244,#668,.T.);
#10036=EDGE_CURVE('',#7119,#7120,#672,.T.);
#10047=EDGE_CURVE('',#7275,#7276,#676,.T.);
#10050=EDGE_CURVE('',#7247,#7248,#680,.T.);
#10061=EDGE_CURVE('',#7307,#7308,#684,.T.);
#10064=EDGE_CURVE('',#7279,#7280,#688,.T.);
#10075=EDGE_CURVE('',#7339,#7340,#692,.T.);
#10078=EDGE_CURVE('',#7311,#7312,#696,.T.);
#10089=EDGE_CURVE('',#7343,#7344,#700,.T.);
#10092=EDGE_CURVE('',#7088,#7086,#6800,.T.);
#10106=EDGE_CURVE('',#7383,#7254,#728,.T.);
#10108=EDGE_CURVE('',#7383,#7368,#708,.T.);
#10131=EDGE_CURVE('',#7383,#7384,#724,.T.);
#10156=EDGE_CURVE('',#7375,#7376,#736,.T.);
#10158=EDGE_CURVE('',#7375,#7391,#780,.T.);
#10160=EDGE_CURVE('',#7391,#7392,#820,.T.);
#10162=EDGE_CURVE('',#7392,#7376,#800,.T.);
#10173=EDGE_CURVE('',#7375,#7372,#784,.T.);
#10185=EDGE_CURVE('',#7388,#7260,#740,.T.);
#10188=EDGE_CURVE('',#7798,#7855,#748,.T.);
#10190=EDGE_CURVE('',#7855,#7856,#752,.T.);
#10192=EDGE_CURVE('',#7856,#7772,#756,.T.);
#10195=EDGE_CURVE('',#7771,#7851,#760,.T.);
#10197=EDGE_CURVE('',#7851,#7852,#764,.T.);
#10199=EDGE_CURVE('',#7852,#7800,#768,.T.);
#10202=EDGE_CURVE('',#7391,#7263,#776,.T.);
#10216=EDGE_CURVE('',#7387,#7258,#796,.T.);
#10229=EDGE_CURVE('',#7392,#7264,#804,.T.);
#10269=EDGE_CURVE('',#7955,#7956,#828,.T.);
#10271=EDGE_CURVE('',#7956,#7960,#832,.T.);
#10273=EDGE_CURVE('',#7959,#7960,#836,.T.);
#10277=EDGE_CURVE('',#7855,#7863,#4124,.T.);
#10287=EDGE_CURVE('',#8308,#8412,#844,.T.);
#10289=EDGE_CURVE('',#8308,#8331,#1264,.T.);
#10291=EDGE_CURVE('',#8331,#8348,#848,.T.);
#10294=EDGE_CURVE('',#7947,#7948,#1672,.T.);
#10296=EDGE_CURVE('',#7948,#7964,#856,.T.);
#10298=EDGE_CURVE('',#7964,#8339,#860,.T.);
#10300=EDGE_CURVE('',#8411,#8339,#1012,.T.);
#10302=EDGE_CURVE('',#8411,#8412,#864,.T.);
#10312=EDGE_CURVE('',#8323,#8483,#1040,.T.);
#10314=EDGE_CURVE('',#8323,#7962,#868,.T.);
#10316=EDGE_CURVE('',#7962,#7956,#872,.T.);
#10320=EDGE_CURVE('',#8346,#8315,#880,.T.);
#10322=EDGE_CURVE('',#8315,#8299,#1248,.T.);
#10324=EDGE_CURVE('',#8299,#8484,#1480,.T.);
#10326=EDGE_CURVE('',#8483,#8484,#884,.T.);
#10336=EDGE_CURVE('',#8416,#8369,#888,.T.);
#10338=EDGE_CURVE('',#8311,#8416,#892,.T.);
#10340=EDGE_CURVE('',#8311,#8312,#1280,.T.);
#10342=EDGE_CURVE('',#8312,#8424,#1624,.T.);
#10344=EDGE_CURVE('',#8380,#8424,#896,.T.);
#10346=EDGE_CURVE('',#8378,#8380,#901,.T.);
#10348=EDGE_CURVE('',#8376,#8378,#905,.T.);
#10350=EDGE_CURVE('',#8374,#8376,#909,.T.);
#10352=EDGE_CURVE('',#8372,#8374,#913,.T.);
#10354=EDGE_CURVE('',#8370,#8372,#917,.T.);
#10356=EDGE_CURVE('',#8369,#8370,#922,.T.);
#10367=EDGE_CURVE('',#8366,#8412,#926,.T.);
#10369=EDGE_CURVE('',#8364,#8366,#931,.T.);
#10371=EDGE_CURVE('',#8362,#8364,#935,.T.);
#10373=EDGE_CURVE('',#8360,#8362,#939,.T.);
#10375=EDGE_CURVE('',#8358,#8360,#943,.T.);
#10377=EDGE_CURVE('',#8356,#8358,#947,.T.);
#10379=EDGE_CURVE('',#8355,#8356,#952,.T.);
#10381=EDGE_CURVE('',#8422,#8355,#956,.T.);
#10383=EDGE_CURVE('',#8307,#8422,#960,.T.);
#10385=EDGE_CURVE('',#8307,#8308,#1268,.T.);
#10395=EDGE_CURVE('',#8415,#8416,#980,.T.);
#10398=EDGE_CURVE('',#8369,#8397,#1652,.T.);
#10400=EDGE_CURVE('',#8415,#8397,#1090,.T.);
#10410=EDGE_CURVE('',#8344,#8415,#1028,.T.);
#10412=EDGE_CURVE('',#7968,#8344,#964,.T.);
#10414=EDGE_CURVE('',#7952,#7968,#968,.T.);
#10416=EDGE_CURVE('',#7951,#7952,#1664,.T.);
#10419=EDGE_CURVE('',#8336,#8352,#976,.T.);
#10421=EDGE_CURVE('',#8336,#8311,#1284,.T.);
#10433=EDGE_CURVE('',#8304,#8488,#984,.T.);
#10435=EDGE_CURVE('',#8304,#8320,#1252,.T.);
#10437=EDGE_CURVE('',#8350,#8320,#988,.T.);
#10441=EDGE_CURVE('',#7966,#7960,#996,.T.);
#10443=EDGE_CURVE('',#8328,#7966,#1000,.T.);
#10445=EDGE_CURVE('',#8487,#8328,#1048,.T.);
#10447=EDGE_CURVE('',#8487,#8488,#1004,.T.);
#10457=EDGE_CURVE('',#8411,#8418,#1008,.T.);
#10460=EDGE_CURVE('',#8339,#8340,#1136,.T.);
#10462=EDGE_CURVE('',#8340,#8418,#1016,.T.);
#10472=EDGE_CURVE('',#8420,#8415,#1020,.T.);
#10474=EDGE_CURVE('',#8420,#8343,#1024,.T.);
#10476=EDGE_CURVE('',#8343,#8344,#1144,.T.);
#10487=EDGE_CURVE('',#8483,#8490,#1032,.T.);
#10489=EDGE_CURVE('',#8490,#8324,#1036,.T.);
#10491=EDGE_CURVE('',#8323,#8324,#1304,.T.);
#10502=EDGE_CURVE('',#8492,#8487,#1044,.T.);
#10505=EDGE_CURVE('',#8327,#8328,#1300,.T.);
#10507=EDGE_CURVE('',#8327,#8492,#1052,.T.);
#10518=EDGE_CURVE('',#8418,#8383,#1056,.T.);
#10520=EDGE_CURVE('',#8383,#8384,#1061,.T.);
#10522=EDGE_CURVE('',#8384,#8386,#1065,.T.);
#10524=EDGE_CURVE('',#8386,#8388,#1069,.T.);
#10526=EDGE_CURVE('',#8388,#8390,#1073,.T.);
#10528=EDGE_CURVE('',#8390,#8392,#1077,.T.);
#10530=EDGE_CURVE('',#8392,#8394,#1082,.T.);
#10532=EDGE_CURVE('',#8394,#8411,#1086,.T.);
#10544=EDGE_CURVE('',#8397,#8398,#1095,.T.);
#10546=EDGE_CURVE('',#8398,#8400,#1099,.T.);
#10548=EDGE_CURVE('',#8400,#8402,#1103,.T.);
#10550=EDGE_CURVE('',#8402,#8404,#1107,.T.);
#10552=EDGE_CURVE('',#8404,#8406,#1111,.T.);
#10554=EDGE_CURVE('',#8406,#8408,#1116,.T.);
#10556=EDGE_CURVE('',#8408,#8420,#1120,.T.);
#10566=EDGE_CURVE('',#8418,#8422,#1124,.T.);
#10569=EDGE_CURVE('',#8355,#8383,#4172,.T.);
#10582=EDGE_CURVE('',#8340,#8332,#1132,.T.);
#10584=EDGE_CURVE('',#8332,#8307,#1272,.T.);
#10595=EDGE_CURVE('',#7516,#7491,#1156,.T.);
#10599=EDGE_CURVE('',#8331,#8332,#1128,.T.);
#10604=EDGE_CURVE('',#7964,#7968,#1140,.T.);
#10608=EDGE_CURVE('',#8343,#8335,#1148,.T.);
#10610=EDGE_CURVE('',#8335,#8336,#1152,.T.);
#10614=EDGE_CURVE('',#7520,#7503,#1216,.T.);
#10616=EDGE_CURVE('',#7491,#7503,#1186,.T.);
#10628=EDGE_CURVE('',#7491,#7492,#1161,.T.);
#10630=EDGE_CURVE('',#7492,#7494,#1165,.T.);
#10632=EDGE_CURVE('',#7494,#7496,#1169,.T.);
#10634=EDGE_CURVE('',#7496,#7498,#1173,.T.);
#10636=EDGE_CURVE('',#7498,#7500,#1178,.T.);
#10638=EDGE_CURVE('',#7500,#7515,#1182,.T.);
#10650=EDGE_CURVE('',#7503,#7504,#1212,.T.);
#10652=EDGE_CURVE('',#7492,#7504,#1236,.T.);
#10663=EDGE_CURVE('',#7512,#7519,#1190,.T.);
#10665=EDGE_CURVE('',#7510,#7512,#1195,.T.);
#10667=EDGE_CURVE('',#7508,#7510,#1199,.T.);
#10669=EDGE_CURVE('',#7506,#7508,#1203,.T.);
#10671=EDGE_CURVE('',#7504,#7506,#1207,.T.);
#10685=EDGE_CURVE('',#7500,#7512,#1220,.T.);
#10697=EDGE_CURVE('',#7498,#7510,#1224,.T.);
#10710=EDGE_CURVE('',#7496,#7508,#1228,.T.);
#10723=EDGE_CURVE('',#7494,#7506,#1232,.T.);
#10747=EDGE_CURVE('',#8315,#8316,#1312,.T.);
#10749=EDGE_CURVE('',#8300,#8316,#1240,.T.);
#10751=EDGE_CURVE('',#8299,#8300,#1244,.T.);
#10762=EDGE_CURVE('',#8319,#8320,#1292,.T.);
#10765=EDGE_CURVE('',#8303,#8304,#1256,.T.);
#10767=EDGE_CURVE('',#8319,#8303,#1260,.T.);
#10790=EDGE_CURVE('',#8312,#8335,#1276,.T.);
#10802=EDGE_CURVE('',#7640,#7648,#1324,.T.);
#10807=EDGE_CURVE('',#8327,#8319,#1296,.T.);
#10811=EDGE_CURVE('',#7962,#7966,#1616,.T.);
#10815=EDGE_CURVE('',#8324,#8316,#1308,.T.);
#10820=EDGE_CURVE('',#7628,#7644,#1384,.T.);
#10822=EDGE_CURVE('',#7628,#7640,#1320,.T.);
#10834=EDGE_CURVE('',#7638,#7640,#1329,.T.);
#10836=EDGE_CURVE('',#7636,#7638,#1333,.T.);
#10838=EDGE_CURVE('',#7634,#7636,#1337,.T.);
#10840=EDGE_CURVE('',#7632,#7634,#1341,.T.);
#10842=EDGE_CURVE('',#7631,#7632,#1346,.T.);
#10844=EDGE_CURVE('',#7647,#7631,#1350,.T.);
#10854=EDGE_CURVE('',#7626,#7628,#1380,.T.);
#10856=EDGE_CURVE('',#7626,#7638,#1354,.T.);
#10869=EDGE_CURVE('',#7643,#7619,#1358,.T.);
#10871=EDGE_CURVE('',#7619,#7620,#1363,.T.);
#10873=EDGE_CURVE('',#7620,#7622,#1367,.T.);
#10875=EDGE_CURVE('',#7622,#7624,#1371,.T.);
#10877=EDGE_CURVE('',#7624,#7626,#1375,.T.);
#10891=EDGE_CURVE('',#7619,#7631,#1388,.T.);
#10905=EDGE_CURVE('',#7620,#7632,#1392,.T.);
#10918=EDGE_CURVE('',#7622,#7634,#1396,.T.);
#10931=EDGE_CURVE('',#7624,#7636,#1400,.T.);
#10953=EDGE_CURVE('',#8492,#8494,#1404,.T.);
#10958=EDGE_CURVE('',#8303,#8494,#1412,.T.);
#10969=EDGE_CURVE('',#8494,#8427,#1408,.T.);
#10971=EDGE_CURVE('',#8427,#8455,#1592,.T.);
#10973=EDGE_CURVE('',#8492,#8455,#1522,.T.);
#10987=EDGE_CURVE('',#8438,#8488,#1416,.T.);
#10989=EDGE_CURVE('',#8436,#8438,#1421,.T.);
#10991=EDGE_CURVE('',#8434,#8436,#1425,.T.);
#10993=EDGE_CURVE('',#8432,#8434,#1429,.T.);
#10995=EDGE_CURVE('',#8430,#8432,#1433,.T.);
#10997=EDGE_CURVE('',#8428,#8430,#1437,.T.);
#10999=EDGE_CURVE('',#8427,#8428,#1442,.T.);
#11009=EDGE_CURVE('',#8300,#8496,#1588,.T.);
#11011=EDGE_CURVE('',#8452,#8496,#1446,.T.);
#11013=EDGE_CURVE('',#8450,#8452,#1451,.T.);
#11015=EDGE_CURVE('',#8448,#8450,#1455,.T.);
#11017=EDGE_CURVE('',#8446,#8448,#1459,.T.);
#11019=EDGE_CURVE('',#8444,#8446,#1463,.T.);
#11021=EDGE_CURVE('',#8442,#8444,#1467,.T.);
#11023=EDGE_CURVE('',#8441,#8442,#1472,.T.);
#11025=EDGE_CURVE('',#8484,#8441,#1476,.T.);
#11038=EDGE_CURVE('',#8466,#8487,#1552,.T.);
#11040=EDGE_CURVE('',#8438,#8466,#1484,.T.);
#11052=EDGE_CURVE('',#8483,#8469,#1488,.T.);
#11054=EDGE_CURVE('',#8469,#8470,#1493,.T.);
#11056=EDGE_CURVE('',#8470,#8472,#1497,.T.);
#11058=EDGE_CURVE('',#8472,#8474,#1501,.T.);
#11060=EDGE_CURVE('',#8474,#8476,#1505,.T.);
#11062=EDGE_CURVE('',#8476,#8478,#1509,.T.);
#11064=EDGE_CURVE('',#8478,#8480,#1514,.T.);
#11066=EDGE_CURVE('',#8480,#8490,#1518,.T.);
#11078=EDGE_CURVE('',#8455,#8456,#1527,.T.);
#11080=EDGE_CURVE('',#8456,#8458,#1531,.T.);
#11082=EDGE_CURVE('',#8458,#8460,#1535,.T.);
#11084=EDGE_CURVE('',#8460,#8462,#1539,.T.);
#11086=EDGE_CURVE('',#8462,#8464,#1543,.T.);
#11088=EDGE_CURVE('',#8464,#8466,#1548,.T.);
#11101=EDGE_CURVE('',#8441,#8469,#1556,.T.);
#11113=EDGE_CURVE('',#8442,#8470,#1560,.T.);
#11126=EDGE_CURVE('',#8444,#8472,#1564,.T.);
#11139=EDGE_CURVE('',#8446,#8474,#1568,.T.);
#11152=EDGE_CURVE('',#8448,#8476,#1572,.T.);
#11165=EDGE_CURVE('',#8450,#8478,#1576,.T.);
#11178=EDGE_CURVE('',#8452,#8480,#1580,.T.);
#11190=EDGE_CURVE('',#8490,#8496,#1584,.T.);
#11217=EDGE_CURVE('',#8428,#8456,#1596,.T.);
#11230=EDGE_CURVE('',#8430,#8458,#1600,.T.);
#11243=EDGE_CURVE('',#8432,#8460,#1604,.T.);
#11256=EDGE_CURVE('',#8434,#8462,#1608,.T.);
#11269=EDGE_CURVE('',#8436,#8464,#1612,.T.);
#11305=EDGE_CURVE('',#8420,#8424,#1620,.T.);
#11321=EDGE_CURVE('',#8380,#8408,#1628,.T.);
#11335=EDGE_CURVE('',#8378,#8406,#1632,.T.);
#11348=EDGE_CURVE('',#8376,#8404,#1636,.T.);
#11361=EDGE_CURVE('',#8374,#8402,#1640,.T.);
#11374=EDGE_CURVE('',#8372,#8400,#1644,.T.);
#11387=EDGE_CURVE('',#8370,#8398,#1648,.T.);
#11409=EDGE_CURVE('',#7948,#7952,#1668,.T.);
#11423=EDGE_CURVE('',#7852,#7860,#1656,.T.);
#11440=EDGE_CURVE('',#7851,#7859,#1680,.T.);
#11446=EDGE_CURVE('',#8067,#8068,#1696,.T.);
#11448=EDGE_CURVE('',#8072,#8067,#4168,.T.);
#11450=EDGE_CURVE('',#8070,#8072,#4156,.T.);
#11452=EDGE_CURVE('',#8068,#8070,#4144,.T.);
#11474=EDGE_CURVE('',#9183,#9184,#1688,.T.);
#11476=EDGE_CURVE('',#8067,#9183,#1692,.T.);
#11479=EDGE_CURVE('',#8068,#9184,#4140,.T.);
#11489=EDGE_CURVE('',#9127,#9128,#1700,.T.);
#11491=EDGE_CURVE('',#9128,#9130,#1736,.T.);
#11493=EDGE_CURVE('',#9130,#9132,#1724,.T.);
#11495=EDGE_CURVE('',#9132,#9127,#1712,.T.);
#11505=EDGE_CURVE('',#9135,#9136,#1940,.T.);
#11507=EDGE_CURVE('',#9136,#9138,#1976,.T.);
#11509=EDGE_CURVE('',#9138,#9140,#1964,.T.);
#11511=EDGE_CURVE('',#9140,#9135,#1952,.T.);
#11521=EDGE_CURVE('',#9155,#9156,#2888,.T.);
#11523=EDGE_CURVE('',#9156,#9158,#2924,.T.);
#11525=EDGE_CURVE('',#9158,#9160,#2912,.T.);
#11527=EDGE_CURVE('',#9160,#9155,#2900,.T.);
#11537=EDGE_CURVE('',#9167,#9168,#3128,.T.);
#11539=EDGE_CURVE('',#9168,#9170,#3164,.T.);
#11541=EDGE_CURVE('',#9170,#9172,#3152,.T.);
#11543=EDGE_CURVE('',#9172,#9167,#3140,.T.);
#11553=EDGE_CURVE('',#9175,#9176,#4076,.T.);
#11555=EDGE_CURVE('',#9176,#9178,#4112,.T.);
#11557=EDGE_CURVE('',#9178,#9180,#4100,.T.);
#11559=EDGE_CURVE('',#9180,#9175,#4088,.T.);
#11570=EDGE_CURVE('',#9184,#9186,#4136,.T.);
#11572=EDGE_CURVE('',#9186,#9188,#4148,.T.);
#11574=EDGE_CURVE('',#9188,#9183,#4160,.T.);
#11585=EDGE_CURVE('',#7915,#9127,#1704,.T.);
#11587=EDGE_CURVE('',#7915,#7916,#1708,.T.);
#11589=EDGE_CURVE('',#7916,#9128,#1740,.T.);
#11600=EDGE_CURVE('',#7920,#9132,#1716,.T.);
#11602=EDGE_CURVE('',#7920,#7915,#1720,.T.);
#11614=EDGE_CURVE('',#7918,#9130,#1728,.T.);
#11616=EDGE_CURVE('',#7918,#7920,#1732,.T.);
#11629=EDGE_CURVE('',#7916,#7918,#1744,.T.);
#11640=EDGE_CURVE('',#7903,#7904,#1764,.T.);
#11642=EDGE_CURVE('',#7903,#7911,#1748,.T.);
#11644=EDGE_CURVE('',#7911,#7912,#1892,.T.);
#11646=EDGE_CURVE('',#7904,#7912,#2852,.T.);
#11662=EDGE_CURVE('',#7452,#7324,#1752,.T.);
#11665=EDGE_CURVE('',#7814,#7903,#1760,.T.);
#11668=EDGE_CURVE('',#7904,#7780,#1768,.T.);
#11671=EDGE_CURVE('',#7779,#7899,#1772,.T.);
#11673=EDGE_CURVE('',#7899,#7900,#1776,.T.);
#11675=EDGE_CURVE('',#7900,#7816,#1780,.T.);
#11678=EDGE_CURVE('',#7455,#7327,#1788,.T.);
#11680=EDGE_CURVE('',#7439,#7455,#1792,.T.);
#11682=EDGE_CURVE('',#7439,#7436,#1796,.T.);
#11684=EDGE_CURVE('',#7436,#7452,#1800,.T.);
#11694=EDGE_CURVE('',#7451,#7452,#1804,.T.);
#11696=EDGE_CURVE('',#7451,#7322,#1808,.T.);
#11708=EDGE_CURVE('',#7427,#7428,#1812,.T.);
#11710=EDGE_CURVE('',#7427,#7443,#1852,.T.);
#11712=EDGE_CURVE('',#7443,#7444,#1904,.T.);
#11714=EDGE_CURVE('',#7428,#7444,#1832,.T.);
#11724=EDGE_CURVE('',#7435,#7436,#2856,.T.);
#11726=EDGE_CURVE('',#7435,#7451,#2880,.T.);
#11740=EDGE_CURVE('',#7431,#7432,#1816,.T.);
#11742=EDGE_CURVE('',#7427,#7431,#1856,.T.);
#11753=EDGE_CURVE('',#7447,#7432,#1824,.T.);
#11755=EDGE_CURVE('',#7447,#7448,#1840,.T.);
#11757=EDGE_CURVE('',#7431,#7448,#1860,.T.);
#11767=EDGE_CURVE('',#7439,#7440,#2860,.T.);
#11770=EDGE_CURVE('',#7455,#7456,#2864,.T.);
#11772=EDGE_CURVE('',#7456,#7440,#2868,.T.);
#11785=EDGE_CURVE('',#7447,#7318,#1844,.T.);
#11798=EDGE_CURVE('',#7444,#7316,#1836,.T.);
#11813=EDGE_CURVE('',#7320,#7448,#1864,.T.);
#11823=EDGE_CURVE('',#7315,#7443,#1848,.T.);
#11830=EDGE_CURVE('',#7908,#7812,#1872,.T.);
#11832=EDGE_CURVE('',#7907,#7908,#1876,.T.);
#11834=EDGE_CURVE('',#7763,#7907,#1880,.T.);
#11837=EDGE_CURVE('',#7912,#7764,#1888,.T.);
#11840=EDGE_CURVE('',#7810,#7911,#1896,.T.);
#11864=EDGE_CURVE('',#7900,#7908,#1908,.T.);
#11868=EDGE_CURVE('',#7999,#8000,#1916,.T.);
#11870=EDGE_CURVE('',#7996,#8000,#1920,.T.);
#11872=EDGE_CURVE('',#7995,#7996,#1924,.T.);
#11884=EDGE_CURVE('',#7899,#7907,#1932,.T.);
#11890=EDGE_CURVE('',#8083,#8084,#1948,.T.);
#11892=EDGE_CURVE('',#8088,#8083,#1960,.T.);
#11894=EDGE_CURVE('',#8086,#8088,#1972,.T.);
#11896=EDGE_CURVE('',#8084,#8086,#1984,.T.);
#11919=EDGE_CURVE('',#8083,#9135,#1944,.T.);
#11922=EDGE_CURVE('',#8084,#9136,#1980,.T.);
#11933=EDGE_CURVE('',#8088,#9140,#1956,.T.);
#11946=EDGE_CURVE('',#8086,#9138,#1968,.T.);
#11970=EDGE_CURVE('',#8744,#8815,#2052,.T.);
#11972=EDGE_CURVE('',#8016,#8744,#1988,.T.);
#11974=EDGE_CURVE('',#8000,#8016,#1992,.T.);
#11978=EDGE_CURVE('',#8736,#8752,#2000,.T.);
#11980=EDGE_CURVE('',#8736,#8711,#2464,.T.);
#11982=EDGE_CURVE('',#8711,#8816,#2312,.T.);
#11984=EDGE_CURVE('',#8815,#8816,#2004,.T.);
#11994=EDGE_CURVE('',#8704,#8888,#2008,.T.);
#11996=EDGE_CURVE('',#8704,#8720,#2432,.T.);
#11998=EDGE_CURVE('',#8750,#8720,#2012,.T.);
#12001=EDGE_CURVE('',#8007,#8008,#2812,.T.);
#12003=EDGE_CURVE('',#8014,#8008,#2020,.T.);
#12005=EDGE_CURVE('',#8728,#8014,#2024,.T.);
#12007=EDGE_CURVE('',#8887,#8728,#2072,.T.);
#12009=EDGE_CURVE('',#8887,#8888,#2028,.T.);
#12019=EDGE_CURVE('',#8811,#8818,#2032,.T.);
#12021=EDGE_CURVE('',#8811,#8739,#2036,.T.);
#12023=EDGE_CURVE('',#8739,#8740,#2160,.T.);
#12025=EDGE_CURVE('',#8740,#8818,#2040,.T.);
#12035=EDGE_CURVE('',#8820,#8815,#2044,.T.);
#12037=EDGE_CURVE('',#8820,#8743,#2048,.T.);
#12039=EDGE_CURVE('',#8743,#8744,#2168,.T.);
#12050=EDGE_CURVE('',#8883,#8890,#2056,.T.);
#12052=EDGE_CURVE('',#8890,#8724,#2060,.T.);
#12054=EDGE_CURVE('',#8723,#8724,#2484,.T.);
#12056=EDGE_CURVE('',#8723,#8883,#2064,.T.);
#12066=EDGE_CURVE('',#8892,#8887,#2068,.T.);
#12069=EDGE_CURVE('',#8727,#8728,#2480,.T.);
#12071=EDGE_CURVE('',#8727,#8892,#2076,.T.);
#12082=EDGE_CURVE('',#8818,#8783,#2080,.T.);
#12084=EDGE_CURVE('',#8783,#8784,#2085,.T.);
#12086=EDGE_CURVE('',#8784,#8786,#2089,.T.);
#12088=EDGE_CURVE('',#8786,#8788,#2093,.T.);
#12090=EDGE_CURVE('',#8788,#8790,#2097,.T.);
#12092=EDGE_CURVE('',#8790,#8792,#2101,.T.);
#12094=EDGE_CURVE('',#8792,#8794,#2106,.T.);
#12096=EDGE_CURVE('',#8794,#8811,#2110,.T.);
#12107=EDGE_CURVE('',#8815,#8797,#2114,.T.);
#12109=EDGE_CURVE('',#8797,#8798,#2119,.T.);
#12111=EDGE_CURVE('',#8798,#8800,#2123,.T.);
#12113=EDGE_CURVE('',#8800,#8802,#2127,.T.);
#12115=EDGE_CURVE('',#8802,#8804,#2131,.T.);
#12117=EDGE_CURVE('',#8804,#8806,#2135,.T.);
#12119=EDGE_CURVE('',#8806,#8808,#2140,.T.);
#12121=EDGE_CURVE('',#8808,#8820,#2144,.T.);
#12131=EDGE_CURVE('',#8818,#8822,#2148,.T.);
#12133=EDGE_CURVE('',#8822,#8755,#2376,.T.);
#12135=EDGE_CURVE('',#8755,#8783,#2844,.T.);
#12148=EDGE_CURVE('',#8740,#8732,#2156,.T.);
#12150=EDGE_CURVE('',#8732,#8707,#2452,.T.);
#12152=EDGE_CURVE('',#8707,#8822,#2380,.T.);
#12162=EDGE_CURVE('',#7580,#7555,#2180,.T.);
#12165=EDGE_CURVE('',#8731,#8748,#2268,.T.);
#12167=EDGE_CURVE('',#8731,#8732,#2152,.T.);
#12171=EDGE_CURVE('',#8012,#8739,#2280,.T.);
#12173=EDGE_CURVE('',#8012,#8016,#2164,.T.);
#12177=EDGE_CURVE('',#8743,#8735,#2172,.T.);
#12179=EDGE_CURVE('',#8735,#8736,#2176,.T.);
#12183=EDGE_CURVE('',#7584,#7567,#2240,.T.);
#12185=EDGE_CURVE('',#7555,#7567,#2210,.T.);
#12197=EDGE_CURVE('',#7555,#7556,#2185,.T.);
#12199=EDGE_CURVE('',#7556,#7558,#2189,.T.);
#12201=EDGE_CURVE('',#7558,#7560,#2193,.T.);
#12203=EDGE_CURVE('',#7560,#7562,#2197,.T.);
#12205=EDGE_CURVE('',#7562,#7564,#2202,.T.);
#12207=EDGE_CURVE('',#7564,#7579,#2206,.T.);
#12219=EDGE_CURVE('',#7567,#7568,#2236,.T.);
#12221=EDGE_CURVE('',#7556,#7568,#2260,.T.);
#12232=EDGE_CURVE('',#7576,#7583,#2214,.T.);
#12234=EDGE_CURVE('',#7574,#7576,#2219,.T.);
#12236=EDGE_CURVE('',#7572,#7574,#2223,.T.);
#12238=EDGE_CURVE('',#7570,#7572,#2227,.T.);
#12240=EDGE_CURVE('',#7568,#7570,#2231,.T.);
#12254=EDGE_CURVE('',#7564,#7576,#2244,.T.);
#12266=EDGE_CURVE('',#7562,#7574,#2248,.T.);
#12279=EDGE_CURVE('',#7560,#7572,#2252,.T.);
#12292=EDGE_CURVE('',#7558,#7570,#2256,.T.);
#12316=EDGE_CURVE('',#8708,#8812,#2264,.T.);
#12318=EDGE_CURVE('',#8708,#8731,#2444,.T.);
#12323=EDGE_CURVE('',#7996,#8012,#2276,.T.);
#12327=EDGE_CURVE('',#8811,#8812,#2284,.T.);
#12338=EDGE_CURVE('',#8723,#8010,#2288,.T.);
#12340=EDGE_CURVE('',#8010,#8004,#2292,.T.);
#12342=EDGE_CURVE('',#8003,#8004,#2804,.T.);
#12345=EDGE_CURVE('',#8746,#8715,#2300,.T.);
#12347=EDGE_CURVE('',#8715,#8699,#2428,.T.);
#12349=EDGE_CURVE('',#8699,#8884,#2660,.T.);
#12351=EDGE_CURVE('',#8883,#8884,#2304,.T.);
#12361=EDGE_CURVE('',#8816,#8769,#2308,.T.);
#12364=EDGE_CURVE('',#8711,#8712,#2460,.T.);
#12366=EDGE_CURVE('',#8712,#8824,#2416,.T.);
#12368=EDGE_CURVE('',#8780,#8824,#2316,.T.);
#12370=EDGE_CURVE('',#8778,#8780,#2321,.T.);
#12372=EDGE_CURVE('',#8776,#8778,#2325,.T.);
#12374=EDGE_CURVE('',#8774,#8776,#2329,.T.);
#12376=EDGE_CURVE('',#8772,#8774,#2333,.T.);
#12378=EDGE_CURVE('',#8770,#8772,#2337,.T.);
#12380=EDGE_CURVE('',#8769,#8770,#2342,.T.);
#12391=EDGE_CURVE('',#8766,#8812,#2346,.T.);
#12393=EDGE_CURVE('',#8764,#8766,#2351,.T.);
#12395=EDGE_CURVE('',#8762,#8764,#2355,.T.);
#12397=EDGE_CURVE('',#8760,#8762,#2359,.T.);
#12399=EDGE_CURVE('',#8758,#8760,#2363,.T.);
#12401=EDGE_CURVE('',#8756,#8758,#2367,.T.);
#12403=EDGE_CURVE('',#8755,#8756,#2372,.T.);
#12407=EDGE_CURVE('',#8707,#8708,#2448,.T.);
#12419=EDGE_CURVE('',#8769,#8797,#2384,.T.);
#12431=EDGE_CURVE('',#8770,#8798,#2388,.T.);
#12444=EDGE_CURVE('',#8772,#8800,#2392,.T.);
#12457=EDGE_CURVE('',#8774,#8802,#2396,.T.);
#12470=EDGE_CURVE('',#8776,#8804,#2400,.T.);
#12483=EDGE_CURVE('',#8778,#8806,#2404,.T.);
#12496=EDGE_CURVE('',#8780,#8808,#2408,.T.);
#12508=EDGE_CURVE('',#8820,#8824,#2412,.T.);
#12523=EDGE_CURVE('',#8712,#8735,#2456,.T.);
#12535=EDGE_CURVE('',#8715,#8716,#2492,.T.);
#12537=EDGE_CURVE('',#8700,#8716,#2420,.T.);
#12539=EDGE_CURVE('',#8699,#8700,#2424,.T.);
#12550=EDGE_CURVE('',#8719,#8720,#2472,.T.);
#12553=EDGE_CURVE('',#8703,#8704,#2436,.T.);
#12555=EDGE_CURVE('',#8719,#8703,#2440,.T.);
#12589=EDGE_CURVE('',#7704,#7712,#2504,.T.);
#12594=EDGE_CURVE('',#8727,#8719,#2476,.T.);
#12598=EDGE_CURVE('',#8010,#8014,#2796,.T.);
#12602=EDGE_CURVE('',#8724,#8716,#2488,.T.);
#12607=EDGE_CURVE('',#7692,#7708,#2564,.T.);
#12609=EDGE_CURVE('',#7692,#7704,#2500,.T.);
#12621=EDGE_CURVE('',#7702,#7704,#2509,.T.);
#12623=EDGE_CURVE('',#7700,#7702,#2513,.T.);
#12625=EDGE_CURVE('',#7698,#7700,#2517,.T.);
#12627=EDGE_CURVE('',#7696,#7698,#2521,.T.);
#12629=EDGE_CURVE('',#7695,#7696,#2526,.T.);
#12631=EDGE_CURVE('',#7711,#7695,#2530,.T.);
#12641=EDGE_CURVE('',#7690,#7692,#2560,.T.);
#12643=EDGE_CURVE('',#7690,#7702,#2534,.T.);
#12656=EDGE_CURVE('',#7707,#7683,#2538,.T.);
#12658=EDGE_CURVE('',#7683,#7684,#2543,.T.);
#12660=EDGE_CURVE('',#7684,#7686,#2547,.T.);
#12662=EDGE_CURVE('',#7686,#7688,#2551,.T.);
#12664=EDGE_CURVE('',#7688,#7690,#2555,.T.);
#12678=EDGE_CURVE('',#7683,#7695,#2568,.T.);
#12692=EDGE_CURVE('',#7684,#7696,#2572,.T.);
#12705=EDGE_CURVE('',#7686,#7698,#2576,.T.);
#12718=EDGE_CURVE('',#7688,#7700,#2580,.T.);
#12740=EDGE_CURVE('',#8892,#8894,#2584,.T.);
#12745=EDGE_CURVE('',#8703,#8894,#2592,.T.);
#12756=EDGE_CURVE('',#8894,#8827,#2588,.T.);
#12758=EDGE_CURVE('',#8827,#8855,#2772,.T.);
#12760=EDGE_CURVE('',#8892,#8855,#2702,.T.);
#12774=EDGE_CURVE('',#8838,#8888,#2596,.T.);
#12776=EDGE_CURVE('',#8836,#8838,#2601,.T.);
#12778=EDGE_CURVE('',#8834,#8836,#2605,.T.);
#12780=EDGE_CURVE('',#8832,#8834,#2609,.T.);
#12782=EDGE_CURVE('',#8830,#8832,#2613,.T.);
#12784=EDGE_CURVE('',#8828,#8830,#2617,.T.);
#12786=EDGE_CURVE('',#8827,#8828,#2622,.T.);
#12796=EDGE_CURVE('',#8700,#8896,#2768,.T.);
#12798=EDGE_CURVE('',#8852,#8896,#2626,.T.);
#12800=EDGE_CURVE('',#8850,#8852,#2631,.T.);
#12802=EDGE_CURVE('',#8848,#8850,#2635,.T.);
#12804=EDGE_CURVE('',#8846,#8848,#2639,.T.);
#12806=EDGE_CURVE('',#8844,#8846,#2643,.T.);
#12808=EDGE_CURVE('',#8842,#8844,#2647,.T.);
#12810=EDGE_CURVE('',#8841,#8842,#2652,.T.);
#12812=EDGE_CURVE('',#8884,#8841,#2656,.T.);
#12825=EDGE_CURVE('',#8866,#8887,#2732,.T.);
#12827=EDGE_CURVE('',#8838,#8866,#2664,.T.);
#12839=EDGE_CURVE('',#8883,#8869,#2668,.T.);
#12841=EDGE_CURVE('',#8869,#8870,#2673,.T.);
#12843=EDGE_CURVE('',#8870,#8872,#2677,.T.);
#12845=EDGE_CURVE('',#8872,#8874,#2681,.T.);
#12847=EDGE_CURVE('',#8874,#8876,#2685,.T.);
#12849=EDGE_CURVE('',#8876,#8878,#2689,.T.);
#12851=EDGE_CURVE('',#8878,#8880,#2694,.T.);
#12853=EDGE_CURVE('',#8880,#8890,#2698,.T.);
#12865=EDGE_CURVE('',#8855,#8856,#2707,.T.);
#12867=EDGE_CURVE('',#8856,#8858,#2711,.T.);
#12869=EDGE_CURVE('',#8858,#8860,#2715,.T.);
#12871=EDGE_CURVE('',#8860,#8862,#2719,.T.);
#12873=EDGE_CURVE('',#8862,#8864,#2723,.T.);
#12875=EDGE_CURVE('',#8864,#8866,#2728,.T.);
#12888=EDGE_CURVE('',#8841,#8869,#2736,.T.);
#12900=EDGE_CURVE('',#8842,#8870,#2740,.T.);
#12913=EDGE_CURVE('',#8844,#8872,#2744,.T.);
#12926=EDGE_CURVE('',#8846,#8874,#2748,.T.);
#12939=EDGE_CURVE('',#8848,#8876,#2752,.T.);
#12952=EDGE_CURVE('',#8850,#8878,#2756,.T.);
#12965=EDGE_CURVE('',#8852,#8880,#2760,.T.);
#12977=EDGE_CURVE('',#8890,#8896,#2764,.T.);
#13004=EDGE_CURVE('',#8828,#8856,#2776,.T.);
#13017=EDGE_CURVE('',#8830,#8858,#2780,.T.);
#13030=EDGE_CURVE('',#8832,#8860,#2784,.T.);
#13043=EDGE_CURVE('',#8834,#8862,#2788,.T.);
#13056=EDGE_CURVE('',#8836,#8864,#2792,.T.);
#13080=EDGE_CURVE('',#8004,#8008,#2808,.T.);
#13111=EDGE_CURVE('',#8766,#8794,#2820,.T.);
#13125=EDGE_CURVE('',#8764,#8792,#2824,.T.);
#13138=EDGE_CURVE('',#8762,#8790,#2828,.T.);
#13151=EDGE_CURVE('',#8760,#8788,#2832,.T.);
#13164=EDGE_CURVE('',#8758,#8786,#2836,.T.);
#13177=EDGE_CURVE('',#8756,#8784,#2840,.T.);
#13238=EDGE_CURVE('',#7456,#7328,#2872,.T.);
#13275=EDGE_CURVE('',#7891,#9155,#2892,.T.);
#13277=EDGE_CURVE('',#7891,#7892,#2896,.T.);
#13279=EDGE_CURVE('',#7892,#9156,#2928,.T.);
#13290=EDGE_CURVE('',#7896,#9160,#2904,.T.);
#13292=EDGE_CURVE('',#7896,#7891,#2908,.T.);
#13304=EDGE_CURVE('',#7894,#9158,#2916,.T.);
#13306=EDGE_CURVE('',#7894,#7896,#2920,.T.);
#13319=EDGE_CURVE('',#7892,#7894,#2932,.T.);
#13330=EDGE_CURVE('',#7879,#7880,#2952,.T.);
#13332=EDGE_CURVE('',#7879,#7887,#2936,.T.);
#13334=EDGE_CURVE('',#7887,#7888,#3080,.T.);
#13336=EDGE_CURVE('',#7880,#7888,#4040,.T.);
#13352=EDGE_CURVE('',#7420,#7292,#2940,.T.);
#13355=EDGE_CURVE('',#7806,#7879,#2948,.T.);
#13358=EDGE_CURVE('',#7880,#7776,#2956,.T.);
#13361=EDGE_CURVE('',#7775,#7875,#2960,.T.);
#13363=EDGE_CURVE('',#7875,#7876,#2964,.T.);
#13365=EDGE_CURVE('',#7876,#7808,#2968,.T.);
#13368=EDGE_CURVE('',#7423,#7295,#2976,.T.);
#13370=EDGE_CURVE('',#7407,#7423,#2980,.T.);
#13372=EDGE_CURVE('',#7407,#7404,#2984,.T.);
#13374=EDGE_CURVE('',#7404,#7420,#2988,.T.);
#13384=EDGE_CURVE('',#7419,#7420,#2992,.T.);
#13386=EDGE_CURVE('',#7419,#7290,#2996,.T.);
#13398=EDGE_CURVE('',#7395,#7396,#3000,.T.);
#13400=EDGE_CURVE('',#7395,#7411,#3040,.T.);
#13402=EDGE_CURVE('',#7411,#7412,#3092,.T.);
#13404=EDGE_CURVE('',#7396,#7412,#3020,.T.);
#13414=EDGE_CURVE('',#7403,#7404,#4044,.T.);
#13416=EDGE_CURVE('',#7403,#7419,#4068,.T.);
#13430=EDGE_CURVE('',#7399,#7400,#3004,.T.);
#13432=EDGE_CURVE('',#7395,#7399,#3044,.T.);
#13443=EDGE_CURVE('',#7415,#7400,#3012,.T.);
#13445=EDGE_CURVE('',#7415,#7416,#3028,.T.);
#13447=EDGE_CURVE('',#7399,#7416,#3048,.T.);
#13457=EDGE_CURVE('',#7407,#7408,#4048,.T.);
#13460=EDGE_CURVE('',#7423,#7424,#4052,.T.);
#13462=EDGE_CURVE('',#7424,#7408,#4056,.T.);
#13475=EDGE_CURVE('',#7415,#7286,#3032,.T.);
#13488=EDGE_CURVE('',#7412,#7284,#3024,.T.);
#13503=EDGE_CURVE('',#7288,#7416,#3052,.T.);
#13513=EDGE_CURVE('',#7283,#7411,#3036,.T.);
#13520=EDGE_CURVE('',#7884,#7804,#3060,.T.);
#13522=EDGE_CURVE('',#7883,#7884,#3064,.T.);
#13524=EDGE_CURVE('',#7759,#7883,#3068,.T.);
#13527=EDGE_CURVE('',#7888,#7760,#3076,.T.);
#13530=EDGE_CURVE('',#7802,#7887,#3084,.T.);
#13554=EDGE_CURVE('',#7876,#7884,#3096,.T.);
#13558=EDGE_CURVE('',#7975,#7976,#3104,.T.);
#13560=EDGE_CURVE('',#7972,#7976,#3108,.T.);
#13562=EDGE_CURVE('',#7971,#7972,#3112,.T.);
#13574=EDGE_CURVE('',#7875,#7883,#3120,.T.);
#13580=EDGE_CURVE('',#8075,#8076,#3136,.T.);
#13582=EDGE_CURVE('',#8080,#8075,#3148,.T.);
#13584=EDGE_CURVE('',#8078,#8080,#3160,.T.);
#13586=EDGE_CURVE('',#8076,#8078,#3172,.T.);
#13609=EDGE_CURVE('',#8075,#9167,#3132,.T.);
#13612=EDGE_CURVE('',#8076,#9168,#3168,.T.);
#13623=EDGE_CURVE('',#8080,#9172,#3144,.T.);
#13636=EDGE_CURVE('',#8078,#9170,#3156,.T.);
#13660=EDGE_CURVE('',#8544,#8615,#3240,.T.);
#13662=EDGE_CURVE('',#7992,#8544,#3176,.T.);
#13664=EDGE_CURVE('',#7976,#7992,#3180,.T.);
#13668=EDGE_CURVE('',#8536,#8552,#3188,.T.);
#13670=EDGE_CURVE('',#8536,#8511,#3652,.T.);
#13672=EDGE_CURVE('',#8511,#8616,#3500,.T.);
#13674=EDGE_CURVE('',#8615,#8616,#3192,.T.);
#13684=EDGE_CURVE('',#8504,#8688,#3196,.T.);
#13686=EDGE_CURVE('',#8504,#8520,#3620,.T.);
#13688=EDGE_CURVE('',#8550,#8520,#3200,.T.);
#13691=EDGE_CURVE('',#7983,#7984,#4000,.T.);
#13693=EDGE_CURVE('',#7990,#7984,#3208,.T.);
#13695=EDGE_CURVE('',#8528,#7990,#3212,.T.);
#13697=EDGE_CURVE('',#8687,#8528,#3260,.T.);
#13699=EDGE_CURVE('',#8687,#8688,#3216,.T.);
#13709=EDGE_CURVE('',#8611,#8618,#3220,.T.);
#13711=EDGE_CURVE('',#8611,#8539,#3224,.T.);
#13713=EDGE_CURVE('',#8539,#8540,#3348,.T.);
#13715=EDGE_CURVE('',#8540,#8618,#3228,.T.);
#13725=EDGE_CURVE('',#8620,#8615,#3232,.T.);
#13727=EDGE_CURVE('',#8620,#8543,#3236,.T.);
#13729=EDGE_CURVE('',#8543,#8544,#3356,.T.);
#13740=EDGE_CURVE('',#8683,#8690,#3244,.T.);
#13742=EDGE_CURVE('',#8690,#8524,#3248,.T.);
#13744=EDGE_CURVE('',#8523,#8524,#3672,.T.);
#13746=EDGE_CURVE('',#8523,#8683,#3252,.T.);
#13756=EDGE_CURVE('',#8692,#8687,#3256,.T.);
#13759=EDGE_CURVE('',#8527,#8528,#3668,.T.);
#13761=EDGE_CURVE('',#8527,#8692,#3264,.T.);
#13772=EDGE_CURVE('',#8618,#8583,#3268,.T.);
#13774=EDGE_CURVE('',#8583,#8584,#3273,.T.);
#13776=EDGE_CURVE('',#8584,#8586,#3277,.T.);
#13778=EDGE_CURVE('',#8586,#8588,#3281,.T.);
#13780=EDGE_CURVE('',#8588,#8590,#3285,.T.);
#13782=EDGE_CURVE('',#8590,#8592,#3289,.T.);
#13784=EDGE_CURVE('',#8592,#8594,#3294,.T.);
#13786=EDGE_CURVE('',#8594,#8611,#3298,.T.);
#13797=EDGE_CURVE('',#8615,#8597,#3302,.T.);
#13799=EDGE_CURVE('',#8597,#8598,#3307,.T.);
#13801=EDGE_CURVE('',#8598,#8600,#3311,.T.);
#13803=EDGE_CURVE('',#8600,#8602,#3315,.T.);
#13805=EDGE_CURVE('',#8602,#8604,#3319,.T.);
#13807=EDGE_CURVE('',#8604,#8606,#3323,.T.);
#13809=EDGE_CURVE('',#8606,#8608,#3328,.T.);
#13811=EDGE_CURVE('',#8608,#8620,#3332,.T.);
#13821=EDGE_CURVE('',#8618,#8622,#3336,.T.);
#13823=EDGE_CURVE('',#8622,#8555,#3564,.T.);
#13825=EDGE_CURVE('',#8555,#8583,#4032,.T.);
#13838=EDGE_CURVE('',#8540,#8532,#3344,.T.);
#13840=EDGE_CURVE('',#8532,#8507,#3640,.T.);
#13842=EDGE_CURVE('',#8507,#8622,#3568,.T.);
#13852=EDGE_CURVE('',#7548,#7523,#3368,.T.);
#13855=EDGE_CURVE('',#8531,#8548,#3456,.T.);
#13857=EDGE_CURVE('',#8531,#8532,#3340,.T.);
#13861=EDGE_CURVE('',#7988,#8539,#3468,.T.);
#13863=EDGE_CURVE('',#7988,#7992,#3352,.T.);
#13867=EDGE_CURVE('',#8543,#8535,#3360,.T.);
#13869=EDGE_CURVE('',#8535,#8536,#3364,.T.);
#13873=EDGE_CURVE('',#7552,#7535,#3428,.T.);
#13875=EDGE_CURVE('',#7523,#7535,#3398,.T.);
#13887=EDGE_CURVE('',#7523,#7524,#3373,.T.);
#13889=EDGE_CURVE('',#7524,#7526,#3377,.T.);
#13891=EDGE_CURVE('',#7526,#7528,#3381,.T.);
#13893=EDGE_CURVE('',#7528,#7530,#3385,.T.);
#13895=EDGE_CURVE('',#7530,#7532,#3390,.T.);
#13897=EDGE_CURVE('',#7532,#7547,#3394,.T.);
#13909=EDGE_CURVE('',#7535,#7536,#3424,.T.);
#13911=EDGE_CURVE('',#7524,#7536,#3448,.T.);
#13922=EDGE_CURVE('',#7544,#7551,#3402,.T.);
#13924=EDGE_CURVE('',#7542,#7544,#3407,.T.);
#13926=EDGE_CURVE('',#7540,#7542,#3411,.T.);
#13928=EDGE_CURVE('',#7538,#7540,#3415,.T.);
#13930=EDGE_CURVE('',#7536,#7538,#3419,.T.);
#13944=EDGE_CURVE('',#7532,#7544,#3432,.T.);
#13956=EDGE_CURVE('',#7530,#7542,#3436,.T.);
#13969=EDGE_CURVE('',#7528,#7540,#3440,.T.);
#13982=EDGE_CURVE('',#7526,#7538,#3444,.T.);
#14006=EDGE_CURVE('',#8508,#8612,#3452,.T.);
#14008=EDGE_CURVE('',#8508,#8531,#3632,.T.);
#14013=EDGE_CURVE('',#7972,#7988,#3464,.T.);
#14017=EDGE_CURVE('',#8611,#8612,#3472,.T.);
#14028=EDGE_CURVE('',#8523,#7986,#3476,.T.);
#14030=EDGE_CURVE('',#7986,#7980,#3480,.T.);
#14032=EDGE_CURVE('',#7979,#7980,#3992,.T.);
#14035=EDGE_CURVE('',#8546,#8515,#3488,.T.);
#14037=EDGE_CURVE('',#8515,#8499,#3616,.T.);
#14039=EDGE_CURVE('',#8499,#8684,#3848,.T.);
#14041=EDGE_CURVE('',#8683,#8684,#3492,.T.);
#14051=EDGE_CURVE('',#8616,#8569,#3496,.T.);
#14054=EDGE_CURVE('',#8511,#8512,#3648,.T.);
#14056=EDGE_CURVE('',#8512,#8624,#3604,.T.);
#14058=EDGE_CURVE('',#8580,#8624,#3504,.T.);
#14060=EDGE_CURVE('',#8578,#8580,#3509,.T.);
#14062=EDGE_CURVE('',#8576,#8578,#3513,.T.);
#14064=EDGE_CURVE('',#8574,#8576,#3517,.T.);
#14066=EDGE_CURVE('',#8572,#8574,#3521,.T.);
#14068=EDGE_CURVE('',#8570,#8572,#3525,.T.);
#14070=EDGE_CURVE('',#8569,#8570,#3530,.T.);
#14081=EDGE_CURVE('',#8566,#8612,#3534,.T.);
#14083=EDGE_CURVE('',#8564,#8566,#3539,.T.);
#14085=EDGE_CURVE('',#8562,#8564,#3543,.T.);
#14087=EDGE_CURVE('',#8560,#8562,#3547,.T.);
#14089=EDGE_CURVE('',#8558,#8560,#3551,.T.);
#14091=EDGE_CURVE('',#8556,#8558,#3555,.T.);
#14093=EDGE_CURVE('',#8555,#8556,#3560,.T.);
#14097=EDGE_CURVE('',#8507,#8508,#3636,.T.);
#14109=EDGE_CURVE('',#8569,#8597,#3572,.T.);
#14121=EDGE_CURVE('',#8570,#8598,#3576,.T.);
#14134=EDGE_CURVE('',#8572,#8600,#3580,.T.);
#14147=EDGE_CURVE('',#8574,#8602,#3584,.T.);
#14160=EDGE_CURVE('',#8576,#8604,#3588,.T.);
#14173=EDGE_CURVE('',#8578,#8606,#3592,.T.);
#14186=EDGE_CURVE('',#8580,#8608,#3596,.T.);
#14198=EDGE_CURVE('',#8620,#8624,#3600,.T.);
#14213=EDGE_CURVE('',#8512,#8535,#3644,.T.);
#14225=EDGE_CURVE('',#8515,#8516,#3680,.T.);
#14227=EDGE_CURVE('',#8500,#8516,#3608,.T.);
#14229=EDGE_CURVE('',#8499,#8500,#3612,.T.);
#14240=EDGE_CURVE('',#8519,#8520,#3660,.T.);
#14243=EDGE_CURVE('',#8503,#8504,#3624,.T.);
#14245=EDGE_CURVE('',#8519,#8503,#3628,.T.);
#14279=EDGE_CURVE('',#7672,#7680,#3692,.T.);
#14284=EDGE_CURVE('',#8527,#8519,#3664,.T.);
#14288=EDGE_CURVE('',#7986,#7990,#3984,.T.);
#14292=EDGE_CURVE('',#8524,#8516,#3676,.T.);
#14297=EDGE_CURVE('',#7660,#7676,#3752,.T.);
#14299=EDGE_CURVE('',#7660,#7672,#3688,.T.);
#14311=EDGE_CURVE('',#7670,#7672,#3697,.T.);
#14313=EDGE_CURVE('',#7668,#7670,#3701,.T.);
#14315=EDGE_CURVE('',#7666,#7668,#3705,.T.);
#14317=EDGE_CURVE('',#7664,#7666,#3709,.T.);
#14319=EDGE_CURVE('',#7663,#7664,#3714,.T.);
#14321=EDGE_CURVE('',#7679,#7663,#3718,.T.);
#14331=EDGE_CURVE('',#7658,#7660,#3748,.T.);
#14333=EDGE_CURVE('',#7658,#7670,#3722,.T.);
#14346=EDGE_CURVE('',#7675,#7651,#3726,.T.);
#14348=EDGE_CURVE('',#7651,#7652,#3731,.T.);
#14350=EDGE_CURVE('',#7652,#7654,#3735,.T.);
#14352=EDGE_CURVE('',#7654,#7656,#3739,.T.);
#14354=EDGE_CURVE('',#7656,#7658,#3743,.T.);
#14368=EDGE_CURVE('',#7651,#7663,#3756,.T.);
#14382=EDGE_CURVE('',#7652,#7664,#3760,.T.);
#14395=EDGE_CURVE('',#7654,#7666,#3764,.T.);
#14408=EDGE_CURVE('',#7656,#7668,#3768,.T.);
#14430=EDGE_CURVE('',#8692,#8694,#3772,.T.);
#14435=EDGE_CURVE('',#8503,#8694,#3780,.T.);
#14446=EDGE_CURVE('',#8694,#8627,#3776,.T.);
#14448=EDGE_CURVE('',#8627,#8655,#3960,.T.);
#14450=EDGE_CURVE('',#8692,#8655,#3890,.T.);
#14464=EDGE_CURVE('',#8638,#8688,#3784,.T.);
#14466=EDGE_CURVE('',#8636,#8638,#3789,.T.);
#14468=EDGE_CURVE('',#8634,#8636,#3793,.T.);
#14470=EDGE_CURVE('',#8632,#8634,#3797,.T.);
#14472=EDGE_CURVE('',#8630,#8632,#3801,.T.);
#14474=EDGE_CURVE('',#8628,#8630,#3805,.T.);
#14476=EDGE_CURVE('',#8627,#8628,#3810,.T.);
#14486=EDGE_CURVE('',#8500,#8696,#3956,.T.);
#14488=EDGE_CURVE('',#8652,#8696,#3814,.T.);
#14490=EDGE_CURVE('',#8650,#8652,#3819,.T.);
#14492=EDGE_CURVE('',#8648,#8650,#3823,.T.);
#14494=EDGE_CURVE('',#8646,#8648,#3827,.T.);
#14496=EDGE_CURVE('',#8644,#8646,#3831,.T.);
#14498=EDGE_CURVE('',#8642,#8644,#3835,.T.);
#14500=EDGE_CURVE('',#8641,#8642,#3840,.T.);
#14502=EDGE_CURVE('',#8684,#8641,#3844,.T.);
#14515=EDGE_CURVE('',#8666,#8687,#3920,.T.);
#14517=EDGE_CURVE('',#8638,#8666,#3852,.T.);
#14529=EDGE_CURVE('',#8683,#8669,#3856,.T.);
#14531=EDGE_CURVE('',#8669,#8670,#3861,.T.);
#14533=EDGE_CURVE('',#8670,#8672,#3865,.T.);
#14535=EDGE_CURVE('',#8672,#8674,#3869,.T.);
#14537=EDGE_CURVE('',#8674,#8676,#3873,.T.);
#14539=EDGE_CURVE('',#8676,#8678,#3877,.T.);
#14541=EDGE_CURVE('',#8678,#8680,#3882,.T.);
#14543=EDGE_CURVE('',#8680,#8690,#3886,.T.);
#14555=EDGE_CURVE('',#8655,#8656,#3895,.T.);
#14557=EDGE_CURVE('',#8656,#8658,#3899,.T.);
#14559=EDGE_CURVE('',#8658,#8660,#3903,.T.);
#14561=EDGE_CURVE('',#8660,#8662,#3907,.T.);
#14563=EDGE_CURVE('',#8662,#8664,#3911,.T.);
#14565=EDGE_CURVE('',#8664,#8666,#3916,.T.);
#14578=EDGE_CURVE('',#8641,#8669,#3924,.T.);
#14590=EDGE_CURVE('',#8642,#8670,#3928,.T.);
#14603=EDGE_CURVE('',#8644,#8672,#3932,.T.);
#14616=EDGE_CURVE('',#8646,#8674,#3936,.T.);
#14629=EDGE_CURVE('',#8648,#8676,#3940,.T.);
#14642=EDGE_CURVE('',#8650,#8678,#3944,.T.);
#14655=EDGE_CURVE('',#8652,#8680,#3948,.T.);
#14667=EDGE_CURVE('',#8690,#8696,#3952,.T.);
#14694=EDGE_CURVE('',#8628,#8656,#3964,.T.);
#14707=EDGE_CURVE('',#8630,#8658,#3968,.T.);
#14720=EDGE_CURVE('',#8632,#8660,#3972,.T.);
#14733=EDGE_CURVE('',#8634,#8662,#3976,.T.);
#14746=EDGE_CURVE('',#8636,#8664,#3980,.T.);
#14770=EDGE_CURVE('',#7980,#7984,#3996,.T.);
#14801=EDGE_CURVE('',#8566,#8594,#4008,.T.);
#14815=EDGE_CURVE('',#8564,#8592,#4012,.T.);
#14828=EDGE_CURVE('',#8562,#8590,#4016,.T.);
#14841=EDGE_CURVE('',#8560,#8588,#4020,.T.);
#14854=EDGE_CURVE('',#8558,#8586,#4024,.T.);
#14867=EDGE_CURVE('',#8556,#8584,#4028,.T.);
#14928=EDGE_CURVE('',#7424,#7296,#4060,.T.);
#14965=EDGE_CURVE('',#7867,#9175,#4080,.T.);
#14967=EDGE_CURVE('',#7867,#7868,#4084,.T.);
#14969=EDGE_CURVE('',#7868,#9176,#4116,.T.);
#14980=EDGE_CURVE('',#7872,#9180,#4092,.T.);
#14982=EDGE_CURVE('',#7872,#7867,#4096,.T.);
#14994=EDGE_CURVE('',#7870,#9178,#4104,.T.);
#14996=EDGE_CURVE('',#7870,#7872,#4108,.T.);
#15009=EDGE_CURVE('',#7868,#7870,#4120,.T.);
#15023=EDGE_CURVE('',#7856,#7864,#4132,.T.);
#15054=EDGE_CURVE('',#8070,#9186,#4152,.T.);
#15067=EDGE_CURVE('',#8072,#9188,#4164,.T.);
#15090=EDGE_CURVE('',#8356,#8384,#4176,.T.);
#15103=EDGE_CURVE('',#8358,#8386,#4180,.T.);
#15116=EDGE_CURVE('',#8360,#8388,#4184,.T.);
#15129=EDGE_CURVE('',#8362,#8390,#4188,.T.);
#15142=EDGE_CURVE('',#8364,#8392,#4192,.T.);
#15155=EDGE_CURVE('',#8366,#8394,#4196,.T.);
#15179=EDGE_CURVE('',#7168,#7152,#4200,.T.);
#15181=EDGE_CURVE('',#7168,#7136,#4204,.T.);
#15194=EDGE_CURVE('',#7163,#7130,#4372,.T.);
#15196=EDGE_CURVE('',#7147,#7163,#4212,.T.);
#15209=EDGE_CURVE('',#7143,#7144,#4224,.T.);
#15212=EDGE_CURVE('',#7159,#7160,#4284,.T.);
#15214=EDGE_CURVE('',#7143,#7160,#4236,.T.);
#15224=EDGE_CURVE('',#7151,#7152,#6964,.T.);
#15226=EDGE_CURVE('',#7151,#7167,#4360,.T.);
#15228=EDGE_CURVE('',#7167,#7168,#6956,.T.);
#15239=EDGE_CURVE('',#7139,#7140,#4220,.T.);
#15243=EDGE_CURVE('',#7139,#7143,#4232,.T.);
#15254=EDGE_CURVE('',#7139,#7155,#4228,.T.);
#15256=EDGE_CURVE('',#7155,#7156,#6968,.T.);
#15267=EDGE_CURVE('',#7147,#7148,#6960,.T.);
#15270=EDGE_CURVE('',#7163,#7164,#4368,.T.);
#15272=EDGE_CURVE('',#7148,#7164,#4316,.T.);
#15285=EDGE_CURVE('',#7160,#7128,#4240,.T.);
#15288=EDGE_CURVE('',#7020,#7790,#4248,.T.);
#15290=EDGE_CURVE('',#7019,#7020,#4252,.T.);
#15292=EDGE_CURVE('',#7747,#7019,#4256,.T.);
#15295=EDGE_CURVE('',#7024,#7748,#4264,.T.);
#15297=EDGE_CURVE('',#7023,#7024,#4268,.T.);
#15299=EDGE_CURVE('',#7792,#7023,#4272,.T.);
#15302=EDGE_CURVE('',#7155,#7123,#4280,.T.);
#15324=EDGE_CURVE('',#7012,#7786,#4348,.T.);
#15326=EDGE_CURVE('',#7012,#7020,#4292,.T.);
#15330=EDGE_CURVE('',#7047,#7048,#4300,.T.);
#15332=EDGE_CURVE('',#7044,#7048,#4304,.T.);
#15334=EDGE_CURVE('',#7043,#7044,#4308,.T.);
#15346=EDGE_CURVE('',#7164,#7132,#4320,.T.);
#15349=EDGE_CURVE('',#7788,#7015,#4328,.T.);
#15351=EDGE_CURVE('',#7015,#7016,#4332,.T.);
#15353=EDGE_CURVE('',#7016,#7752,#4336,.T.);
#15356=EDGE_CURVE('',#7751,#7011,#4340,.T.);
#15358=EDGE_CURVE('',#7011,#7012,#4344,.T.);
#15362=EDGE_CURVE('',#7167,#7135,#4356,.T.);
#15365=EDGE_CURVE('',#7151,#7148,#4364,.T.);
#15389=EDGE_CURVE('',#7051,#7052,#4380,.T.);
#15391=EDGE_CURVE('',#7052,#7056,#4384,.T.);
#15393=EDGE_CURVE('',#7055,#7056,#4388,.T.);
#15397=EDGE_CURVE('',#7015,#7023,#5236,.T.);
#15407=EDGE_CURVE('',#8108,#8212,#4396,.T.);
#15409=EDGE_CURVE('',#8108,#8131,#4816,.T.);
#15411=EDGE_CURVE('',#8131,#8148,#4400,.T.);
#15415=EDGE_CURVE('',#7044,#7060,#4408,.T.);
#15417=EDGE_CURVE('',#7060,#8139,#4412,.T.);
#15419=EDGE_CURVE('',#8211,#8139,#4564,.T.);
#15421=EDGE_CURVE('',#8211,#8212,#4416,.T.);
#15431=EDGE_CURVE('',#8123,#8283,#4592,.T.);
#15433=EDGE_CURVE('',#8123,#7058,#4420,.T.);
#15435=EDGE_CURVE('',#7058,#7052,#4424,.T.);
#15439=EDGE_CURVE('',#8146,#8115,#4432,.T.);
#15441=EDGE_CURVE('',#8115,#8099,#4800,.T.);
#15443=EDGE_CURVE('',#8099,#8284,#5032,.T.);
#15445=EDGE_CURVE('',#8283,#8284,#4436,.T.);
#15455=EDGE_CURVE('',#8216,#8169,#4440,.T.);
#15457=EDGE_CURVE('',#8111,#8216,#4444,.T.);
#15459=EDGE_CURVE('',#8111,#8112,#4832,.T.);
#15461=EDGE_CURVE('',#8112,#8224,#5176,.T.);
#15463=EDGE_CURVE('',#8180,#8224,#4448,.T.);
#15465=EDGE_CURVE('',#8178,#8180,#4453,.T.);
#15467=EDGE_CURVE('',#8176,#8178,#4457,.T.);
#15469=EDGE_CURVE('',#8174,#8176,#4461,.T.);
#15471=EDGE_CURVE('',#8172,#8174,#4465,.T.);
#15473=EDGE_CURVE('',#8170,#8172,#4469,.T.);
#15475=EDGE_CURVE('',#8169,#8170,#4474,.T.);
#15486=EDGE_CURVE('',#8166,#8212,#4478,.T.);
#15488=EDGE_CURVE('',#8164,#8166,#4483,.T.);
#15490=EDGE_CURVE('',#8162,#8164,#4487,.T.);
#15492=EDGE_CURVE('',#8160,#8162,#4491,.T.);
#15494=EDGE_CURVE('',#8158,#8160,#4495,.T.);
#15496=EDGE_CURVE('',#8156,#8158,#4499,.T.);
#15498=EDGE_CURVE('',#8155,#8156,#4504,.T.);
#15500=EDGE_CURVE('',#8222,#8155,#4508,.T.);
#15502=EDGE_CURVE('',#8107,#8222,#4512,.T.);
#15504=EDGE_CURVE('',#8107,#8108,#4820,.T.);
#15514=EDGE_CURVE('',#8215,#8216,#4532,.T.);
#15517=EDGE_CURVE('',#8169,#8197,#5204,.T.);
#15519=EDGE_CURVE('',#8215,#8197,#4642,.T.);
#15529=EDGE_CURVE('',#8144,#8215,#4580,.T.);
#15531=EDGE_CURVE('',#7064,#8144,#4516,.T.);
#15533=EDGE_CURVE('',#7048,#7064,#4520,.T.);
#15537=EDGE_CURVE('',#8136,#8152,#4528,.T.);
#15539=EDGE_CURVE('',#8136,#8111,#4836,.T.);
#15551=EDGE_CURVE('',#8104,#8288,#4536,.T.);
#15553=EDGE_CURVE('',#8104,#8120,#4804,.T.);
#15555=EDGE_CURVE('',#8150,#8120,#4540,.T.);
#15559=EDGE_CURVE('',#7062,#7056,#4548,.T.);
#15561=EDGE_CURVE('',#8128,#7062,#4552,.T.);
#15563=EDGE_CURVE('',#8287,#8128,#4600,.T.);
#15565=EDGE_CURVE('',#8287,#8288,#4556,.T.);
#15575=EDGE_CURVE('',#8211,#8218,#4560,.T.);
#15578=EDGE_CURVE('',#8139,#8140,#4688,.T.);
#15580=EDGE_CURVE('',#8140,#8218,#4568,.T.);
#15590=EDGE_CURVE('',#8220,#8215,#4572,.T.);
#15592=EDGE_CURVE('',#8220,#8143,#4576,.T.);
#15594=EDGE_CURVE('',#8143,#8144,#4696,.T.);
#15605=EDGE_CURVE('',#8283,#8290,#4584,.T.);
#15607=EDGE_CURVE('',#8290,#8124,#4588,.T.);
#15609=EDGE_CURVE('',#8123,#8124,#4864,.T.);
#15620=EDGE_CURVE('',#8292,#8287,#4596,.T.);
#15623=EDGE_CURVE('',#8127,#8128,#4860,.T.);
#15625=EDGE_CURVE('',#8127,#8292,#4604,.T.);
#15636=EDGE_CURVE('',#8218,#8183,#4608,.T.);
#15638=EDGE_CURVE('',#8183,#8184,#4613,.T.);
#15640=EDGE_CURVE('',#8184,#8186,#4617,.T.);
#15642=EDGE_CURVE('',#8186,#8188,#4621,.T.);
#15644=EDGE_CURVE('',#8188,#8190,#4625,.T.);
#15646=EDGE_CURVE('',#8190,#8192,#4629,.T.);
#15648=EDGE_CURVE('',#8192,#8194,#4634,.T.);
#15650=EDGE_CURVE('',#8194,#8211,#4638,.T.);
#15662=EDGE_CURVE('',#8197,#8198,#4647,.T.);
#15664=EDGE_CURVE('',#8198,#8200,#4651,.T.);
#15666=EDGE_CURVE('',#8200,#8202,#4655,.T.);
#15668=EDGE_CURVE('',#8202,#8204,#4659,.T.);
#15670=EDGE_CURVE('',#8204,#8206,#4663,.T.);
#15672=EDGE_CURVE('',#8206,#8208,#4668,.T.);
#15674=EDGE_CURVE('',#8208,#8220,#4672,.T.);
#15684=EDGE_CURVE('',#8218,#8222,#4676,.T.);
#15687=EDGE_CURVE('',#8155,#8183,#5208,.T.);
#15700=EDGE_CURVE('',#8140,#8132,#4684,.T.);
#15702=EDGE_CURVE('',#8132,#8107,#4824,.T.);
#15714=EDGE_CURVE('',#7183,#7230,#4734,.T.);
#15716=EDGE_CURVE('',#7226,#7230,#4772,.T.);
#15718=EDGE_CURVE('',#7179,#7226,#4742,.T.);
#15722=EDGE_CURVE('',#8131,#8132,#4680,.T.);
#15727=EDGE_CURVE('',#7060,#7064,#4692,.T.);
#15731=EDGE_CURVE('',#8143,#8135,#4700,.T.);
#15733=EDGE_CURVE('',#8135,#8136,#4704,.T.);
#15745=EDGE_CURVE('',#7232,#7184,#4708,.T.);
#15747=EDGE_CURVE('',#7224,#7232,#4713,.T.);
#15749=EDGE_CURVE('',#7222,#7224,#4717,.T.);
#15751=EDGE_CURVE('',#7220,#7222,#4721,.T.);
#15753=EDGE_CURVE('',#7219,#7220,#4725,.T.);
#15755=EDGE_CURVE('',#7230,#7219,#4730,.T.);
#15767=EDGE_CURVE('',#7228,#7180,#4768,.T.);
#15769=EDGE_CURVE('',#7228,#7232,#4738,.T.);
#15782=EDGE_CURVE('',#7226,#7211,#4747,.T.);
#15784=EDGE_CURVE('',#7211,#7212,#4751,.T.);
#15786=EDGE_CURVE('',#7212,#7214,#4755,.T.);
#15788=EDGE_CURVE('',#7214,#7216,#4759,.T.);
#15790=EDGE_CURVE('',#7216,#7228,#4764,.T.);
#15804=EDGE_CURVE('',#7211,#7219,#4776,.T.);
#15817=EDGE_CURVE('',#7212,#7220,#4780,.T.);
#15830=EDGE_CURVE('',#7214,#7222,#4784,.T.);
#15843=EDGE_CURVE('',#7216,#7224,#4788,.T.);
#15865=EDGE_CURVE('',#8115,#8116,#4872,.T.);
#15867=EDGE_CURVE('',#8100,#8116,#4792,.T.);
#15869=EDGE_CURVE('',#8099,#8100,#4796,.T.);
#15880=EDGE_CURVE('',#8119,#8120,#4852,.T.);
#15883=EDGE_CURVE('',#8103,#8104,#4808,.T.);
#15885=EDGE_CURVE('',#8119,#8103,#4812,.T.);
#15908=EDGE_CURVE('',#8112,#8135,#4828,.T.);
#15921=EDGE_CURVE('',#7204,#7172,#4902,.T.);
#15923=EDGE_CURVE('',#7204,#7208,#4844,.T.);
#15925=EDGE_CURVE('',#7208,#7176,#4906,.T.);
#15930=EDGE_CURVE('',#8127,#8119,#4856,.T.);
#15934=EDGE_CURVE('',#7058,#7062,#5168,.T.);
#15938=EDGE_CURVE('',#8124,#8116,#4868,.T.);
#15951=EDGE_CURVE('',#7171,#7202,#4876,.T.);
#15953=EDGE_CURVE('',#7202,#7187,#4881,.T.);
#15955=EDGE_CURVE('',#7187,#7188,#4885,.T.);
#15957=EDGE_CURVE('',#7188,#7190,#4889,.T.);
#15959=EDGE_CURVE('',#7190,#7192,#4893,.T.);
#15961=EDGE_CURVE('',#7192,#7204,#4898,.T.);
#15973=EDGE_CURVE('',#7175,#7206,#4932,.T.);
#15975=EDGE_CURVE('',#7202,#7206,#4952,.T.);
#15988=EDGE_CURVE('',#7200,#7208,#4911,.T.);
#15990=EDGE_CURVE('',#7198,#7200,#4915,.T.);
#15992=EDGE_CURVE('',#7196,#7198,#4919,.T.);
#15994=EDGE_CURVE('',#7195,#7196,#4923,.T.);
#15996=EDGE_CURVE('',#7206,#7195,#4928,.T.);
#16008=EDGE_CURVE('',#7192,#7200,#4936,.T.);
#16021=EDGE_CURVE('',#7190,#7198,#4940,.T.);
#16034=EDGE_CURVE('',#7188,#7196,#4944,.T.);
#16047=EDGE_CURVE('',#7187,#7195,#4948,.T.);
#16071=EDGE_CURVE('',#8292,#8294,#4956,.T.);
#16076=EDGE_CURVE('',#8103,#8294,#4964,.T.);
#16087=EDGE_CURVE('',#8294,#8227,#4960,.T.);
#16089=EDGE_CURVE('',#8227,#8255,#5144,.T.);
#16091=EDGE_CURVE('',#8292,#8255,#5074,.T.);
#16105=EDGE_CURVE('',#8238,#8288,#4968,.T.);
#16107=EDGE_CURVE('',#8236,#8238,#4973,.T.);
#16109=EDGE_CURVE('',#8234,#8236,#4977,.T.);
#16111=EDGE_CURVE('',#8232,#8234,#4981,.T.);
#16113=EDGE_CURVE('',#8230,#8232,#4985,.T.);
#16115=EDGE_CURVE('',#8228,#8230,#4989,.T.);
#16117=EDGE_CURVE('',#8227,#8228,#4994,.T.);
#16127=EDGE_CURVE('',#8100,#8296,#5140,.T.);
#16129=EDGE_CURVE('',#8252,#8296,#4998,.T.);
#16131=EDGE_CURVE('',#8250,#8252,#5003,.T.);
#16133=EDGE_CURVE('',#8248,#8250,#5007,.T.);
#16135=EDGE_CURVE('',#8246,#8248,#5011,.T.);
#16137=EDGE_CURVE('',#8244,#8246,#5015,.T.);
#16139=EDGE_CURVE('',#8242,#8244,#5019,.T.);
#16141=EDGE_CURVE('',#8241,#8242,#5024,.T.);
#16143=EDGE_CURVE('',#8284,#8241,#5028,.T.);
#16156=EDGE_CURVE('',#8266,#8287,#5104,.T.);
#16158=EDGE_CURVE('',#8238,#8266,#5036,.T.);
#16170=EDGE_CURVE('',#8283,#8269,#5040,.T.);
#16172=EDGE_CURVE('',#8269,#8270,#5045,.T.);
#16174=EDGE_CURVE('',#8270,#8272,#5049,.T.);
#16176=EDGE_CURVE('',#8272,#8274,#5053,.T.);
#16178=EDGE_CURVE('',#8274,#8276,#5057,.T.);
#16180=EDGE_CURVE('',#8276,#8278,#5061,.T.);
#16182=EDGE_CURVE('',#8278,#8280,#5066,.T.);
#16184=EDGE_CURVE('',#8280,#8290,#5070,.T.);
#16196=EDGE_CURVE('',#8255,#8256,#5079,.T.);
#16198=EDGE_CURVE('',#8256,#8258,#5083,.T.);
#16200=EDGE_CURVE('',#8258,#8260,#5087,.T.);
#16202=EDGE_CURVE('',#8260,#8262,#5091,.T.);
#16204=EDGE_CURVE('',#8262,#8264,#5095,.T.);
#16206=EDGE_CURVE('',#8264,#8266,#5100,.T.);
#16219=EDGE_CURVE('',#8241,#8269,#5108,.T.);
#16231=EDGE_CURVE('',#8242,#8270,#5112,.T.);
#16244=EDGE_CURVE('',#8244,#8272,#5116,.T.);
#16257=EDGE_CURVE('',#8246,#8274,#5120,.T.);
#16270=EDGE_CURVE('',#8248,#8276,#5124,.T.);
#16283=EDGE_CURVE('',#8250,#8278,#5128,.T.);
#16296=EDGE_CURVE('',#8252,#8280,#5132,.T.);
#16308=EDGE_CURVE('',#8290,#8296,#5136,.T.);
#16335=EDGE_CURVE('',#8228,#8256,#5148,.T.);
#16348=EDGE_CURVE('',#8230,#8258,#5152,.T.);
#16361=EDGE_CURVE('',#8232,#8260,#5156,.T.);
#16374=EDGE_CURVE('',#8234,#8262,#5160,.T.);
#16387=EDGE_CURVE('',#8236,#8264,#5164,.T.);
#16423=EDGE_CURVE('',#8220,#8224,#5172,.T.);
#16439=EDGE_CURVE('',#8180,#8208,#5180,.T.);
#16453=EDGE_CURVE('',#8178,#8206,#5184,.T.);
#16466=EDGE_CURVE('',#8176,#8204,#5188,.T.);
#16479=EDGE_CURVE('',#8174,#8202,#5192,.T.);
#16492=EDGE_CURVE('',#8172,#8200,#5196,.T.);
#16505=EDGE_CURVE('',#8170,#8198,#5200,.T.);
#16540=EDGE_CURVE('',#8156,#8184,#5212,.T.);
#16553=EDGE_CURVE('',#8158,#8186,#5216,.T.);
#16566=EDGE_CURVE('',#8160,#8188,#5220,.T.);
#16579=EDGE_CURVE('',#8162,#8190,#5224,.T.);
#16592=EDGE_CURVE('',#8164,#8192,#5228,.T.);
#16605=EDGE_CURVE('',#8166,#8194,#5232,.T.);
#16632=EDGE_CURVE('',#7016,#7024,#5244,.T.);
#16636=EDGE_CURVE('',#7027,#7028,#5248,.T.);
#16638=EDGE_CURVE('',#7032,#7027,#5272,.T.);
#16640=EDGE_CURVE('',#7030,#7032,#5264,.T.);
#16642=EDGE_CURVE('',#7028,#7030,#5256,.T.);
#16665=EDGE_CURVE('',#7028,#6980,#5260,.T.);
#16667=EDGE_CURVE('',#6979,#6980,#5456,.T.);
#16669=EDGE_CURVE('',#7027,#6979,#5252,.T.);
#16680=EDGE_CURVE('',#7030,#6982,#5268,.T.);
#16682=EDGE_CURVE('',#6980,#6982,#5464,.T.);
#16694=EDGE_CURVE('',#7032,#6984,#5276,.T.);
#16696=EDGE_CURVE('',#6982,#6984,#5472,.T.);
#16709=EDGE_CURVE('',#6984,#6979,#5284,.T.);
#16720=EDGE_CURVE('',#6992,#6987,#5300,.T.);
#16722=EDGE_CURVE('',#6984,#6992,#5280,.T.);
#16725=EDGE_CURVE('',#6979,#6987,#5452,.T.);
#16735=EDGE_CURVE('',#7103,#7104,#5352,.T.);
#16737=EDGE_CURVE('',#7098,#7104,#5356,.T.);
#16739=EDGE_CURVE('',#7098,#6975,#5360,.T.);
#16741=EDGE_CURVE('',#6975,#6976,#6812,.T.);
#16745=EDGE_CURVE('',#6971,#7100,#5364,.T.);
#16747=EDGE_CURVE('',#7100,#7103,#5368,.T.);
#16751=EDGE_CURVE('',#7843,#7844,#5304,.T.);
#16753=EDGE_CURVE('',#7844,#7846,#5308,.T.);
#16755=EDGE_CURVE('',#7846,#7848,#5312,.T.);
#16757=EDGE_CURVE('',#7848,#7843,#5316,.T.);
#16761=EDGE_CURVE('',#7003,#7004,#5320,.T.);
#16763=EDGE_CURVE('',#7004,#7006,#5324,.T.);
#16765=EDGE_CURVE('',#7006,#7008,#5328,.T.);
#16767=EDGE_CURVE('',#7008,#7003,#5332,.T.);
#16771=EDGE_CURVE('',#8059,#8060,#5336,.T.);
#16773=EDGE_CURVE('',#8060,#8062,#5340,.T.);
#16775=EDGE_CURVE('',#8062,#8064,#5344,.T.);
#16777=EDGE_CURVE('',#8064,#8059,#5348,.T.);
#16781=EDGE_CURVE('',#6987,#6988,#5288,.T.);
#16783=EDGE_CURVE('',#6988,#6990,#5292,.T.);
#16785=EDGE_CURVE('',#6990,#6992,#5296,.T.);
#16790=EDGE_CURVE('',#9111,#9112,#5372,.T.);
#16792=EDGE_CURVE('',#9111,#9115,#5376,.T.);
#16794=EDGE_CURVE('',#9115,#9116,#5380,.T.);
#16796=EDGE_CURVE('',#9116,#8047,#5384,.T.);
#16798=EDGE_CURVE('',#8047,#8048,#5388,.T.);
#16800=EDGE_CURVE('',#8048,#9119,#5392,.T.);
#16802=EDGE_CURVE('',#9119,#9120,#5396,.T.);
#16804=EDGE_CURVE('',#9120,#7831,#5400,.T.);
#16806=EDGE_CURVE('',#7831,#7832,#5404,.T.);
#16808=EDGE_CURVE('',#7832,#9123,#5408,.T.);
#16810=EDGE_CURVE('',#9123,#9124,#5412,.T.);
#16812=EDGE_CURVE('',#9148,#9124,#5416,.T.);
#16814=EDGE_CURVE('',#9147,#9148,#5420,.T.);
#16816=EDGE_CURVE('',#9147,#7827,#5424,.T.);
#16818=EDGE_CURVE('',#7827,#7828,#5428,.T.);
#16820=EDGE_CURVE('',#7828,#9144,#5432,.T.);
#16822=EDGE_CURVE('',#9143,#9144,#5436,.T.);
#16824=EDGE_CURVE('',#9143,#8043,#5440,.T.);
#16826=EDGE_CURVE('',#8043,#8044,#5444,.T.);
#16828=EDGE_CURVE('',#8044,#9112,#5448,.T.);
#16841=EDGE_CURVE('',#6980,#6988,#5460,.T.);
#16854=EDGE_CURVE('',#6982,#6990,#5468,.T.);
#16877=EDGE_CURVE('',#7835,#7843,#5476,.T.);
#16879=EDGE_CURVE('',#7835,#7836,#5480,.T.);
#16881=EDGE_CURVE('',#7836,#7844,#5500,.T.);
#16892=EDGE_CURVE('',#7840,#7848,#5484,.T.);
#16894=EDGE_CURVE('',#7840,#7835,#5488,.T.);
#16906=EDGE_CURVE('',#7838,#7846,#5492,.T.);
#16908=EDGE_CURVE('',#7838,#7840,#5496,.T.);
#16921=EDGE_CURVE('',#7836,#7838,#5504,.T.);
#16932=EDGE_CURVE('',#7940,#7942,#5508,.T.);
#16934=EDGE_CURVE('',#7942,#7838,#6692,.T.);
#16937=EDGE_CURVE('',#7940,#7836,#5512,.T.);
#16947=EDGE_CURVE('',#7927,#7928,#5532,.T.);
#16949=EDGE_CURVE('',#7927,#7935,#5516,.T.);
#16951=EDGE_CURVE('',#7935,#7936,#5660,.T.);
#16953=EDGE_CURVE('',#7928,#7936,#6636,.T.);
#16957=EDGE_CURVE('',#7939,#7940,#6672,.T.);
#16959=EDGE_CURVE('',#7944,#7939,#6680,.T.);
#16961=EDGE_CURVE('',#7942,#7944,#6688,.T.);
#16972=EDGE_CURVE('',#7484,#7356,#5520,.T.);
#16975=EDGE_CURVE('',#7822,#7927,#5528,.T.);
#16978=EDGE_CURVE('',#7928,#7784,#5536,.T.);
#16981=EDGE_CURVE('',#7783,#7923,#5540,.T.);
#16983=EDGE_CURVE('',#7923,#7924,#5544,.T.);
#16985=EDGE_CURVE('',#7924,#7824,#5548,.T.);
#16988=EDGE_CURVE('',#7487,#7359,#5556,.T.);
#16990=EDGE_CURVE('',#7471,#7487,#5560,.T.);
#16992=EDGE_CURVE('',#7471,#7468,#5564,.T.);
#16994=EDGE_CURVE('',#7468,#7484,#5568,.T.);
#17004=EDGE_CURVE('',#7483,#7484,#5572,.T.);
#17006=EDGE_CURVE('',#7483,#7354,#5576,.T.);
#17018=EDGE_CURVE('',#7459,#7460,#5580,.T.);
#17020=EDGE_CURVE('',#7459,#7475,#5620,.T.);
#17022=EDGE_CURVE('',#7475,#7476,#5672,.T.);
#17024=EDGE_CURVE('',#7460,#7476,#5600,.T.);
#17034=EDGE_CURVE('',#7467,#7468,#6640,.T.);
#17036=EDGE_CURVE('',#7467,#7483,#6664,.T.);
#17050=EDGE_CURVE('',#7463,#7464,#5584,.T.);
#17052=EDGE_CURVE('',#7459,#7463,#5624,.T.);
#17063=EDGE_CURVE('',#7479,#7464,#5592,.T.);
#17065=EDGE_CURVE('',#7479,#7480,#5608,.T.);
#17067=EDGE_CURVE('',#7463,#7480,#5628,.T.);
#17077=EDGE_CURVE('',#7471,#7472,#6644,.T.);
#17080=EDGE_CURVE('',#7487,#7488,#6648,.T.);
#17082=EDGE_CURVE('',#7488,#7472,#6652,.T.);
#17095=EDGE_CURVE('',#7479,#7350,#5612,.T.);
#17108=EDGE_CURVE('',#7476,#7348,#5604,.T.);
#17123=EDGE_CURVE('',#7352,#7480,#5632,.T.);
#17133=EDGE_CURVE('',#7347,#7475,#5616,.T.);
#17140=EDGE_CURVE('',#7932,#7820,#5640,.T.);
#17142=EDGE_CURVE('',#7931,#7932,#5644,.T.);
#17144=EDGE_CURVE('',#7767,#7931,#5648,.T.);
#17147=EDGE_CURVE('',#7936,#7768,#5656,.T.);
#17150=EDGE_CURVE('',#7818,#7935,#5664,.T.);
#17174=EDGE_CURVE('',#7924,#7932,#5676,.T.);
#17178=EDGE_CURVE('',#8023,#8024,#5684,.T.);
#17180=EDGE_CURVE('',#8020,#8024,#5688,.T.);
#17182=EDGE_CURVE('',#8019,#8020,#5692,.T.);
#17194=EDGE_CURVE('',#7923,#7931,#5700,.T.);
#17200=EDGE_CURVE('',#8091,#8092,#5708,.T.);
#17202=EDGE_CURVE('',#8096,#8091,#5732,.T.);
#17204=EDGE_CURVE('',#8094,#8096,#5724,.T.);
#17206=EDGE_CURVE('',#8092,#8094,#5716,.T.);
#17229=EDGE_CURVE('',#8092,#8052,#5720,.T.);
#17231=EDGE_CURVE('',#8051,#8052,#5768,.T.);
#17233=EDGE_CURVE('',#8091,#8051,#5712,.T.);
#17244=EDGE_CURVE('',#8094,#8054,#5728,.T.);
#17246=EDGE_CURVE('',#8052,#8054,#5760,.T.);
#17258=EDGE_CURVE('',#8096,#8056,#5736,.T.);
#17260=EDGE_CURVE('',#8054,#8056,#5752,.T.);
#17273=EDGE_CURVE('',#8056,#8051,#5744,.T.);
#17285=EDGE_CURVE('',#8056,#8064,#5740,.T.);
#17288=EDGE_CURVE('',#8051,#8059,#5764,.T.);
#17299=EDGE_CURVE('',#8054,#8062,#5748,.T.);
#17312=EDGE_CURVE('',#8052,#8060,#5756,.T.);
#17336=EDGE_CURVE('',#8944,#9015,#5836,.T.);
#17338=EDGE_CURVE('',#8040,#8944,#5772,.T.);
#17340=EDGE_CURVE('',#8024,#8040,#5776,.T.);
#17344=EDGE_CURVE('',#8936,#8952,#5784,.T.);
#17346=EDGE_CURVE('',#8936,#8911,#6248,.T.);
#17348=EDGE_CURVE('',#8911,#9016,#6096,.T.);
#17350=EDGE_CURVE('',#9015,#9016,#5788,.T.);
#17360=EDGE_CURVE('',#8904,#9088,#5792,.T.);
#17362=EDGE_CURVE('',#8904,#8920,#6216,.T.);
#17364=EDGE_CURVE('',#8950,#8920,#5796,.T.);
#17367=EDGE_CURVE('',#8031,#8032,#6596,.T.);
#17369=EDGE_CURVE('',#8038,#8032,#5804,.T.);
#17371=EDGE_CURVE('',#8928,#8038,#5808,.T.);
#17373=EDGE_CURVE('',#9087,#8928,#5856,.T.);
#17375=EDGE_CURVE('',#9087,#9088,#5812,.T.);
#17385=EDGE_CURVE('',#9011,#9018,#5816,.T.);
#17387=EDGE_CURVE('',#9011,#8939,#5820,.T.);
#17389=EDGE_CURVE('',#8939,#8940,#5944,.T.);
#17391=EDGE_CURVE('',#8940,#9018,#5824,.T.);
#17401=EDGE_CURVE('',#9020,#9015,#5828,.T.);
#17403=EDGE_CURVE('',#9020,#8943,#5832,.T.);
#17405=EDGE_CURVE('',#8943,#8944,#5952,.T.);
#17416=EDGE_CURVE('',#9083,#9090,#5840,.T.);
#17418=EDGE_CURVE('',#9090,#8924,#5844,.T.);
#17420=EDGE_CURVE('',#8923,#8924,#6268,.T.);
#17422=EDGE_CURVE('',#8923,#9083,#5848,.T.);
#17432=EDGE_CURVE('',#9092,#9087,#5852,.T.);
#17435=EDGE_CURVE('',#8927,#8928,#6264,.T.);
#17437=EDGE_CURVE('',#8927,#9092,#5860,.T.);
#17448=EDGE_CURVE('',#9018,#8983,#5864,.T.);
#17450=EDGE_CURVE('',#8983,#8984,#5869,.T.);
#17452=EDGE_CURVE('',#8984,#8986,#5873,.T.);
#17454=EDGE_CURVE('',#8986,#8988,#5877,.T.);
#17456=EDGE_CURVE('',#8988,#8990,#5881,.T.);
#17458=EDGE_CURVE('',#8990,#8992,#5885,.T.);
#17460=EDGE_CURVE('',#8992,#8994,#5890,.T.);
#17462=EDGE_CURVE('',#8994,#9011,#5894,.T.);
#17473=EDGE_CURVE('',#9015,#8997,#5898,.T.);
#17475=EDGE_CURVE('',#8997,#8998,#5903,.T.);
#17477=EDGE_CURVE('',#8998,#9000,#5907,.T.);
#17479=EDGE_CURVE('',#9000,#9002,#5911,.T.);
#17481=EDGE_CURVE('',#9002,#9004,#5915,.T.);
#17483=EDGE_CURVE('',#9004,#9006,#5919,.T.);
#17485=EDGE_CURVE('',#9006,#9008,#5924,.T.);
#17487=EDGE_CURVE('',#9008,#9020,#5928,.T.);
#17497=EDGE_CURVE('',#9018,#9022,#5932,.T.);
#17499=EDGE_CURVE('',#9022,#8955,#6160,.T.);
#17501=EDGE_CURVE('',#8955,#8983,#6628,.T.);
#17514=EDGE_CURVE('',#8940,#8932,#5940,.T.);
#17516=EDGE_CURVE('',#8932,#8907,#6236,.T.);
#17518=EDGE_CURVE('',#8907,#9022,#6164,.T.);
#17528=EDGE_CURVE('',#7612,#7587,#5964,.T.);
#17531=EDGE_CURVE('',#8931,#8948,#6052,.T.);
#17533=EDGE_CURVE('',#8931,#8932,#5936,.T.);
#17537=EDGE_CURVE('',#8036,#8939,#6064,.T.);
#17539=EDGE_CURVE('',#8036,#8040,#5948,.T.);
#17543=EDGE_CURVE('',#8943,#8935,#5956,.T.);
#17545=EDGE_CURVE('',#8935,#8936,#5960,.T.);
#17549=EDGE_CURVE('',#7616,#7599,#6024,.T.);
#17551=EDGE_CURVE('',#7587,#7599,#5994,.T.);
#17563=EDGE_CURVE('',#7587,#7588,#5969,.T.);
#17565=EDGE_CURVE('',#7588,#7590,#5973,.T.);
#17567=EDGE_CURVE('',#7590,#7592,#5977,.T.);
#17569=EDGE_CURVE('',#7592,#7594,#5981,.T.);
#17571=EDGE_CURVE('',#7594,#7596,#5986,.T.);
#17573=EDGE_CURVE('',#7596,#7611,#5990,.T.);
#17585=EDGE_CURVE('',#7599,#7600,#6020,.T.);
#17587=EDGE_CURVE('',#7588,#7600,#6044,.T.);
#17598=EDGE_CURVE('',#7608,#7615,#5998,.T.);
#17600=EDGE_CURVE('',#7606,#7608,#6003,.T.);
#17602=EDGE_CURVE('',#7604,#7606,#6007,.T.);
#17604=EDGE_CURVE('',#7602,#7604,#6011,.T.);
#17606=EDGE_CURVE('',#7600,#7602,#6015,.T.);
#17620=EDGE_CURVE('',#7596,#7608,#6028,.T.);
#17632=EDGE_CURVE('',#7594,#7606,#6032,.T.);
#17645=EDGE_CURVE('',#7592,#7604,#6036,.T.);
#17658=EDGE_CURVE('',#7590,#7602,#6040,.T.);
#17682=EDGE_CURVE('',#8908,#9012,#6048,.T.);
#17684=EDGE_CURVE('',#8908,#8931,#6228,.T.);
#17689=EDGE_CURVE('',#8020,#8036,#6060,.T.);
#17693=EDGE_CURVE('',#9011,#9012,#6068,.T.);
#17704=EDGE_CURVE('',#8923,#8034,#6072,.T.);
#17706=EDGE_CURVE('',#8034,#8028,#6076,.T.);
#17708=EDGE_CURVE('',#8027,#8028,#6588,.T.);
#17711=EDGE_CURVE('',#8946,#8915,#6084,.T.);
#17713=EDGE_CURVE('',#8915,#8899,#6212,.T.);
#17715=EDGE_CURVE('',#8899,#9084,#6444,.T.);
#17717=EDGE_CURVE('',#9083,#9084,#6088,.T.);
#17727=EDGE_CURVE('',#9016,#8969,#6092,.T.);
#17730=EDGE_CURVE('',#8911,#8912,#6244,.T.);
#17732=EDGE_CURVE('',#8912,#9024,#6200,.T.);
#17734=EDGE_CURVE('',#8980,#9024,#6100,.T.);
#17736=EDGE_CURVE('',#8978,#8980,#6105,.T.);
#17738=EDGE_CURVE('',#8976,#8978,#6109,.T.);
#17740=EDGE_CURVE('',#8974,#8976,#6113,.T.);
#17742=EDGE_CURVE('',#8972,#8974,#6117,.T.);
#17744=EDGE_CURVE('',#8970,#8972,#6121,.T.);
#17746=EDGE_CURVE('',#8969,#8970,#6126,.T.);
#17757=EDGE_CURVE('',#8966,#9012,#6130,.T.);
#17759=EDGE_CURVE('',#8964,#8966,#6135,.T.);
#17761=EDGE_CURVE('',#8962,#8964,#6139,.T.);
#17763=EDGE_CURVE('',#8960,#8962,#6143,.T.);
#17765=EDGE_CURVE('',#8958,#8960,#6147,.T.);
#17767=EDGE_CURVE('',#8956,#8958,#6151,.T.);
#17769=EDGE_CURVE('',#8955,#8956,#6156,.T.);
#17773=EDGE_CURVE('',#8907,#8908,#6232,.T.);
#17785=EDGE_CURVE('',#8969,#8997,#6168,.T.);
#17797=EDGE_CURVE('',#8970,#8998,#6172,.T.);
#17810=EDGE_CURVE('',#8972,#9000,#6176,.T.);
#17823=EDGE_CURVE('',#8974,#9002,#6180,.T.);
#17836=EDGE_CURVE('',#8976,#9004,#6184,.T.);
#17849=EDGE_CURVE('',#8978,#9006,#6188,.T.);
#17862=EDGE_CURVE('',#8980,#9008,#6192,.T.);
#17874=EDGE_CURVE('',#9020,#9024,#6196,.T.);
#17889=EDGE_CURVE('',#8912,#8935,#6240,.T.);
#17901=EDGE_CURVE('',#8915,#8916,#6276,.T.);
#17903=EDGE_CURVE('',#8900,#8916,#6204,.T.);
#17905=EDGE_CURVE('',#8899,#8900,#6208,.T.);
#17916=EDGE_CURVE('',#8919,#8920,#6256,.T.);
#17919=EDGE_CURVE('',#8903,#8904,#6220,.T.);
#17921=EDGE_CURVE('',#8919,#8903,#6224,.T.);
#17955=EDGE_CURVE('',#7736,#7744,#6288,.T.);
#17960=EDGE_CURVE('',#8927,#8919,#6260,.T.);
#17964=EDGE_CURVE('',#8034,#8038,#6580,.T.);
#17968=EDGE_CURVE('',#8924,#8916,#6272,.T.);
#17973=EDGE_CURVE('',#7724,#7740,#6348,.T.);
#17975=EDGE_CURVE('',#7724,#7736,#6284,.T.);
#17987=EDGE_CURVE('',#7734,#7736,#6293,.T.);
#17989=EDGE_CURVE('',#7732,#7734,#6297,.T.);
#17991=EDGE_CURVE('',#7730,#7732,#6301,.T.);
#17993=EDGE_CURVE('',#7728,#7730,#6305,.T.);
#17995=EDGE_CURVE('',#7727,#7728,#6310,.T.);
#17997=EDGE_CURVE('',#7743,#7727,#6314,.T.);
#18007=EDGE_CURVE('',#7722,#7724,#6344,.T.);
#18009=EDGE_CURVE('',#7722,#7734,#6318,.T.);
#18022=EDGE_CURVE('',#7739,#7715,#6322,.T.);
#18024=EDGE_CURVE('',#7715,#7716,#6327,.T.);
#18026=EDGE_CURVE('',#7716,#7718,#6331,.T.);
#18028=EDGE_CURVE('',#7718,#7720,#6335,.T.);
#18030=EDGE_CURVE('',#7720,#7722,#6339,.T.);
#18044=EDGE_CURVE('',#7715,#7727,#6352,.T.);
#18058=EDGE_CURVE('',#7716,#7728,#6356,.T.);
#18071=EDGE_CURVE('',#7718,#7730,#6360,.T.);
#18084=EDGE_CURVE('',#7720,#7732,#6364,.T.);
#18106=EDGE_CURVE('',#9092,#9094,#6368,.T.);
#18111=EDGE_CURVE('',#8903,#9094,#6376,.T.);
#18122=EDGE_CURVE('',#9094,#9027,#6372,.T.);
#18124=EDGE_CURVE('',#9027,#9055,#6556,.T.);
#18126=EDGE_CURVE('',#9092,#9055,#6486,.T.);
#18140=EDGE_CURVE('',#9038,#9088,#6380,.T.);
#18142=EDGE_CURVE('',#9036,#9038,#6385,.T.);
#18144=EDGE_CURVE('',#9034,#9036,#6389,.T.);
#18146=EDGE_CURVE('',#9032,#9034,#6393,.T.);
#18148=EDGE_CURVE('',#9030,#9032,#6397,.T.);
#18150=EDGE_CURVE('',#9028,#9030,#6401,.T.);
#18152=EDGE_CURVE('',#9027,#9028,#6406,.T.);
#18162=EDGE_CURVE('',#8900,#9096,#6552,.T.);
#18164=EDGE_CURVE('',#9052,#9096,#6410,.T.);
#18166=EDGE_CURVE('',#9050,#9052,#6415,.T.);
#18168=EDGE_CURVE('',#9048,#9050,#6419,.T.);
#18170=EDGE_CURVE('',#9046,#9048,#6423,.T.);
#18172=EDGE_CURVE('',#9044,#9046,#6427,.T.);
#18174=EDGE_CURVE('',#9042,#9044,#6431,.T.);
#18176=EDGE_CURVE('',#9041,#9042,#6436,.T.);
#18178=EDGE_CURVE('',#9084,#9041,#6440,.T.);
#18191=EDGE_CURVE('',#9066,#9087,#6516,.T.);
#18193=EDGE_CURVE('',#9038,#9066,#6448,.T.);
#18205=EDGE_CURVE('',#9083,#9069,#6452,.T.);
#18207=EDGE_CURVE('',#9069,#9070,#6457,.T.);
#18209=EDGE_CURVE('',#9070,#9072,#6461,.T.);
#18211=EDGE_CURVE('',#9072,#9074,#6465,.T.);
#18213=EDGE_CURVE('',#9074,#9076,#6469,.T.);
#18215=EDGE_CURVE('',#9076,#9078,#6473,.T.);
#18217=EDGE_CURVE('',#9078,#9080,#6478,.T.);
#18219=EDGE_CURVE('',#9080,#9090,#6482,.T.);
#18231=EDGE_CURVE('',#9055,#9056,#6491,.T.);
#18233=EDGE_CURVE('',#9056,#9058,#6495,.T.);
#18235=EDGE_CURVE('',#9058,#9060,#6499,.T.);
#18237=EDGE_CURVE('',#9060,#9062,#6503,.T.);
#18239=EDGE_CURVE('',#9062,#9064,#6507,.T.);
#18241=EDGE_CURVE('',#9064,#9066,#6512,.T.);
#18254=EDGE_CURVE('',#9041,#9069,#6520,.T.);
#18266=EDGE_CURVE('',#9042,#9070,#6524,.T.);
#18279=EDGE_CURVE('',#9044,#9072,#6528,.T.);
#18292=EDGE_CURVE('',#9046,#9074,#6532,.T.);
#18305=EDGE_CURVE('',#9048,#9076,#6536,.T.);
#18318=EDGE_CURVE('',#9050,#9078,#6540,.T.);
#18331=EDGE_CURVE('',#9052,#9080,#6544,.T.);
#18343=EDGE_CURVE('',#9090,#9096,#6548,.T.);
#18370=EDGE_CURVE('',#9028,#9056,#6560,.T.);
#18383=EDGE_CURVE('',#9030,#9058,#6564,.T.);
#18396=EDGE_CURVE('',#9032,#9060,#6568,.T.);
#18409=EDGE_CURVE('',#9034,#9062,#6572,.T.);
#18422=EDGE_CURVE('',#9036,#9064,#6576,.T.);
#18446=EDGE_CURVE('',#8028,#8032,#6592,.T.);
#18477=EDGE_CURVE('',#8966,#8994,#6604,.T.);
#18491=EDGE_CURVE('',#8964,#8992,#6608,.T.);
#18504=EDGE_CURVE('',#8962,#8990,#6612,.T.);
#18517=EDGE_CURVE('',#8960,#8988,#6616,.T.);
#18530=EDGE_CURVE('',#8958,#8986,#6620,.T.);
#18543=EDGE_CURVE('',#8956,#8984,#6624,.T.);
#18604=EDGE_CURVE('',#7488,#7360,#6656,.T.);
#18643=EDGE_CURVE('',#7939,#7835,#6676,.T.);
#18656=EDGE_CURVE('',#7944,#7840,#6684,.T.);
#18679=EDGE_CURVE('',#6995,#7003,#6696,.T.);
#18681=EDGE_CURVE('',#6995,#6996,#6700,.T.);
#18683=EDGE_CURVE('',#6996,#7004,#6720,.T.);
#18694=EDGE_CURVE('',#7000,#7008,#6704,.T.);
#18696=EDGE_CURVE('',#7000,#6995,#6708,.T.);
#18708=EDGE_CURVE('',#6998,#7006,#6712,.T.);
#18710=EDGE_CURVE('',#6998,#7000,#6716,.T.);
#18723=EDGE_CURVE('',#6996,#6998,#6724,.T.);
#18734=EDGE_CURVE('',#7036,#7038,#6728,.T.);
#18736=EDGE_CURVE('',#7038,#6998,#6764,.T.);
#18739=EDGE_CURVE('',#7036,#6996,#6732,.T.);
#18750=EDGE_CURVE('',#7011,#7019,#6736,.T.);
#18756=EDGE_CURVE('',#7035,#7036,#6744,.T.);
#18758=EDGE_CURVE('',#7040,#7035,#6752,.T.);
#18760=EDGE_CURVE('',#7038,#7040,#6760,.T.);
#18786=EDGE_CURVE('',#7035,#6995,#6748,.T.);
#18799=EDGE_CURVE('',#7040,#7000,#6756,.T.);
#18822=EDGE_CURVE('',#7104,#7092,#6772,.T.);
#18825=EDGE_CURVE('',#7103,#7091,#6768,.T.);
#18836=EDGE_CURVE('',#7094,#7098,#6776,.T.);
#18852=EDGE_CURVE('',#7082,#6975,#6816,.T.);
#18863=EDGE_CURVE('',#7096,#7100,#6792,.T.);
#18903=EDGE_CURVE('',#9162,#9112,#6840,.T.);
#18905=EDGE_CURVE('',#9164,#9162,#6848,.T.);
#18907=EDGE_CURVE('',#9164,#9143,#6856,.T.);
#18910=EDGE_CURVE('',#9150,#9144,#6860,.T.);
#18912=EDGE_CURVE('',#9152,#9150,#6868,.T.);
#18914=EDGE_CURVE('',#9152,#9147,#6876,.T.);
#18917=EDGE_CURVE('',#9148,#9099,#6820,.T.);
#18919=EDGE_CURVE('',#9099,#9100,#6824,.T.);
#18921=EDGE_CURVE('',#9100,#9102,#6828,.T.);
#18923=EDGE_CURVE('',#9102,#9198,#6832,.T.);
#18925=EDGE_CURVE('',#9198,#9111,#6836,.T.);
#18937=EDGE_CURVE('',#9162,#8044,#6844,.T.);
#18950=EDGE_CURVE('',#9164,#8043,#6852,.T.);
#18973=EDGE_CURVE('',#9150,#7828,#6864,.T.);
#18986=EDGE_CURVE('',#9152,#7827,#6872,.T.);
#19008=EDGE_CURVE('',#9124,#9105,#6896,.T.);
#19010=EDGE_CURVE('',#9099,#9105,#6912,.T.);
#19022=EDGE_CURVE('',#9200,#9115,#6880,.T.);
#19024=EDGE_CURVE('',#9108,#9200,#6884,.T.);
#19026=EDGE_CURVE('',#9106,#9108,#6888,.T.);
#19028=EDGE_CURVE('',#9105,#9106,#6892,.T.);
#19032=EDGE_CURVE('',#9192,#9123,#6916,.T.);
#19034=EDGE_CURVE('',#9190,#9192,#6928,.T.);
#19036=EDGE_CURVE('',#9190,#9120,#6932,.T.);
#19039=EDGE_CURVE('',#9196,#9119,#6936,.T.);
#19041=EDGE_CURVE('',#9194,#9196,#6948,.T.);
#19043=EDGE_CURVE('',#9194,#9116,#6952,.T.);
#19055=EDGE_CURVE('',#9198,#9200,#6900,.T.);
#19067=EDGE_CURVE('',#9102,#9108,#6904,.T.);
#19080=EDGE_CURVE('',#9100,#9106,#6908,.T.);
#19106=EDGE_CURVE('',#9192,#7832,#6920,.T.);
#19116=EDGE_CURVE('',#9190,#7831,#6924,.T.);
#19142=EDGE_CURVE('',#9196,#8048,#6940,.T.);
#19152=EDGE_CURVE('',#9194,#8047,#6944,.T.);
#19217=TRIMMED_CURVE('',#19216,(PARAMETER_VALUE(0.E0)),(PARAMETER_VALUE(1.E0)),
.T.,.UNSPECIFIED.);
#19218=COMPOSITE_CURVE_SEGMENT(.CONTINUOUS.,.T.,#19217);
#19223=TRIMMED_CURVE('',#19222,(PARAMETER_VALUE(0.E0)),(PARAMETER_VALUE(1.E0)),
.T.,.UNSPECIFIED.);
#19224=COMPOSITE_CURVE_SEGMENT(.CONTINUOUS.,.T.,#19223);
#19229=TRIMMED_CURVE('',#19228,(PARAMETER_VALUE(0.E0)),(PARAMETER_VALUE(1.E0)),
.T.,.UNSPECIFIED.);
#19230=COMPOSITE_CURVE_SEGMENT(.CONTINUOUS.,.T.,#19229);
#19235=TRIMMED_CURVE('',#19234,(PARAMETER_VALUE(0.E0)),(PARAMETER_VALUE(1.E0)),
.T.,.UNSPECIFIED.);
#19236=COMPOSITE_CURVE_SEGMENT(.CONTINUOUS.,.T.,#19235);
#19237=COMPOSITE_CURVE('',(#19218,#19224,#19230,#19236),.F.);
#19243=TRIMMED_CURVE('',#19242,(PARAMETER_VALUE(0.E0)),(PARAMETER_VALUE(1.E0)),
.T.,.UNSPECIFIED.);
#19244=COMPOSITE_CURVE_SEGMENT(.CONTINUOUS.,.T.,#19243);
#19249=TRIMMED_CURVE('',#19248,(PARAMETER_VALUE(0.E0)),(PARAMETER_VALUE(1.E0)),
.T.,.UNSPECIFIED.);
#19250=COMPOSITE_CURVE_SEGMENT(.CONTINUOUS.,.T.,#19249);
#19255=TRIMMED_CURVE('',#19254,(PARAMETER_VALUE(0.E0)),(PARAMETER_VALUE(1.E0)),
.T.,.UNSPECIFIED.);
#19256=COMPOSITE_CURVE_SEGMENT(.CONTINUOUS.,.T.,#19255);
#19261=TRIMMED_CURVE('',#19260,(PARAMETER_VALUE(0.E0)),(PARAMETER_VALUE(1.E0)),
.T.,.UNSPECIFIED.);
#19262=COMPOSITE_CURVE_SEGMENT(.CONTINUOUS.,.T.,#19261);
#19263=COMPOSITE_CURVE('',(#19244,#19250,#19256,#19262),.F.);
#19268=TRIMMED_CURVE('',#19267,(PARAMETER_VALUE(0.E0)),(PARAMETER_VALUE(1.E0)),
.T.,.UNSPECIFIED.);
#19269=COMPOSITE_CURVE_SEGMENT(.CONTINUOUS.,.T.,#19268);
#19274=TRIMMED_CURVE('',#19273,(PARAMETER_VALUE(0.E0)),(PARAMETER_VALUE(1.E0)),
.T.,.UNSPECIFIED.);
#19275=COMPOSITE_CURVE_SEGMENT(.CONTINUOUS.,.T.,#19274);
#19280=TRIMMED_CURVE('',#19279,(PARAMETER_VALUE(0.E0)),(PARAMETER_VALUE(1.E0)),
.T.,.UNSPECIFIED.);
#19281=COMPOSITE_CURVE_SEGMENT(.CONTINUOUS.,.T.,#19280);
#19286=TRIMMED_CURVE('',#19285,(PARAMETER_VALUE(0.E0)),(PARAMETER_VALUE(1.E0)),
.T.,.UNSPECIFIED.);
#19287=COMPOSITE_CURVE_SEGMENT(.CONTINUOUS.,.T.,#19286);
#19288=COMPOSITE_CURVE('',(#19269,#19275,#19281,#19287),.F.);
#19293=TRIMMED_CURVE('',#19292,(PARAMETER_VALUE(0.E0)),(PARAMETER_VALUE(1.E0)),
.T.,.UNSPECIFIED.);
#19294=COMPOSITE_CURVE_SEGMENT(.CONTINUOUS.,.T.,#19293);
#19299=TRIMMED_CURVE('',#19298,(PARAMETER_VALUE(0.E0)),(PARAMETER_VALUE(1.E0)),
.T.,.UNSPECIFIED.);
#19300=COMPOSITE_CURVE_SEGMENT(.CONTINUOUS.,.T.,#19299);
#19305=TRIMMED_CURVE('',#19304,(PARAMETER_VALUE(0.E0)),(PARAMETER_VALUE(1.E0)),
.T.,.UNSPECIFIED.);
#19306=COMPOSITE_CURVE_SEGMENT(.CONTINUOUS.,.T.,#19305);
#19311=TRIMMED_CURVE('',#19310,(PARAMETER_VALUE(0.E0)),(PARAMETER_VALUE(1.E0)),
.T.,.UNSPECIFIED.);
#19312=COMPOSITE_CURVE_SEGMENT(.CONTINUOUS.,.T.,#19311);
#19313=COMPOSITE_CURVE('',(#19294,#19300,#19306,#19312),.F.);
#19318=TRIMMED_CURVE('',#19317,(PARAMETER_VALUE(0.E0)),(PARAMETER_VALUE(1.E0)),
.T.,.UNSPECIFIED.);
#19319=COMPOSITE_CURVE_SEGMENT(.CONTINUOUS.,.T.,#19318);
#19324=TRIMMED_CURVE('',#19323,(PARAMETER_VALUE(0.E0)),(PARAMETER_VALUE(1.E0)),
.T.,.UNSPECIFIED.);
#19325=COMPOSITE_CURVE_SEGMENT(.CONTINUOUS.,.T.,#19324);
#19330=TRIMMED_CURVE('',#19329,(PARAMETER_VALUE(0.E0)),(PARAMETER_VALUE(1.E0)),
.T.,.UNSPECIFIED.);
#19331=COMPOSITE_CURVE_SEGMENT(.CONTINUOUS.,.T.,#19330);
#19336=TRIMMED_CURVE('',#19335,(PARAMETER_VALUE(0.E0)),(PARAMETER_VALUE(1.E0)),
.T.,.UNSPECIFIED.);
#19337=COMPOSITE_CURVE_SEGMENT(.CONTINUOUS.,.T.,#19336);
#19338=COMPOSITE_CURVE('',(#19319,#19325,#19331,#19337),.F.);
#19343=TRIMMED_CURVE('',#19342,(PARAMETER_VALUE(0.E0)),(PARAMETER_VALUE(1.E0)),
.T.,.UNSPECIFIED.);
#19344=COMPOSITE_CURVE_SEGMENT(.CONTINUOUS.,.T.,#19343);
#19349=TRIMMED_CURVE('',#19348,(PARAMETER_VALUE(0.E0)),(PARAMETER_VALUE(1.E0)),
.T.,.UNSPECIFIED.);
#19350=COMPOSITE_CURVE_SEGMENT(.CONTINUOUS.,.T.,#19349);
#19355=TRIMMED_CURVE('',#19354,(PARAMETER_VALUE(0.E0)),(PARAMETER_VALUE(1.E0)),
.T.,.UNSPECIFIED.);
#19356=COMPOSITE_CURVE_SEGMENT(.CONTINUOUS.,.T.,#19355);
#19361=TRIMMED_CURVE('',#19360,(PARAMETER_VALUE(0.E0)),(PARAMETER_VALUE(1.E0)),
.T.,.UNSPECIFIED.);
#19362=COMPOSITE_CURVE_SEGMENT(.CONTINUOUS.,.T.,#19361);
#19363=COMPOSITE_CURVE('',(#19344,#19350,#19356,#19362),.F.);
#19368=TRIMMED_CURVE('',#19367,(PARAMETER_VALUE(0.E0)),(PARAMETER_VALUE(1.E0)),
.T.,.UNSPECIFIED.);
#19369=COMPOSITE_CURVE_SEGMENT(.CONTINUOUS.,.T.,#19368);
#19374=TRIMMED_CURVE('',#19373,(PARAMETER_VALUE(0.E0)),(PARAMETER_VALUE(1.E0)),
.T.,.UNSPECIFIED.);
#19375=COMPOSITE_CURVE_SEGMENT(.CONTINUOUS.,.T.,#19374);
#19380=TRIMMED_CURVE('',#19379,(PARAMETER_VALUE(0.E0)),(PARAMETER_VALUE(1.E0)),
.T.,.UNSPECIFIED.);
#19381=COMPOSITE_CURVE_SEGMENT(.CONTINUOUS.,.T.,#19380);
#19386=TRIMMED_CURVE('',#19385,(PARAMETER_VALUE(0.E0)),(PARAMETER_VALUE(1.E0)),
.T.,.UNSPECIFIED.);
#19387=COMPOSITE_CURVE_SEGMENT(.CONTINUOUS.,.T.,#19386);
#19388=COMPOSITE_CURVE('',(#19369,#19375,#19381,#19387),.F.);
#19393=TRIMMED_CURVE('',#19392,(PARAMETER_VALUE(0.E0)),(PARAMETER_VALUE(1.E0)),
.T.,.UNSPECIFIED.);
#19394=COMPOSITE_CURVE_SEGMENT(.CONTINUOUS.,.T.,#19393);
#19399=TRIMMED_CURVE('',#19398,(PARAMETER_VALUE(0.E0)),(PARAMETER_VALUE(1.E0)),
.T.,.UNSPECIFIED.);
#19400=COMPOSITE_CURVE_SEGMENT(.CONTINUOUS.,.T.,#19399);
#19405=TRIMMED_CURVE('',#19404,(PARAMETER_VALUE(0.E0)),(PARAMETER_VALUE(1.E0)),
.T.,.UNSPECIFIED.);
#19406=COMPOSITE_CURVE_SEGMENT(.CONTINUOUS.,.T.,#19405);
#19411=TRIMMED_CURVE('',#19410,(PARAMETER_VALUE(0.E0)),(PARAMETER_VALUE(1.E0)),
.T.,.UNSPECIFIED.);
#19412=COMPOSITE_CURVE_SEGMENT(.CONTINUOUS.,.T.,#19411);
#19413=COMPOSITE_CURVE('',(#19394,#19400,#19406,#19412),.F.);
#19418=TRIMMED_CURVE('',#19417,(PARAMETER_VALUE(0.E0)),(PARAMETER_VALUE(1.E0)),
.T.,.UNSPECIFIED.);
#19419=COMPOSITE_CURVE_SEGMENT(.CONTINUOUS.,.T.,#19418);
#19424=TRIMMED_CURVE('',#19423,(PARAMETER_VALUE(0.E0)),(PARAMETER_VALUE(1.E0)),
.T.,.UNSPECIFIED.);
#19425=COMPOSITE_CURVE_SEGMENT(.CONTINUOUS.,.T.,#19424);
#19430=TRIMMED_CURVE('',#19429,(PARAMETER_VALUE(0.E0)),(PARAMETER_VALUE(1.E0)),
.T.,.UNSPECIFIED.);
#19431=COMPOSITE_CURVE_SEGMENT(.CONTINUOUS.,.T.,#19430);
#19436=TRIMMED_CURVE('',#19435,(PARAMETER_VALUE(0.E0)),(PARAMETER_VALUE(1.E0)),
.T.,.UNSPECIFIED.);
#19437=COMPOSITE_CURVE_SEGMENT(.CONTINUOUS.,.T.,#19436);
#19438=COMPOSITE_CURVE('',(#19419,#19425,#19431,#19437),.F.);
#19443=TRIMMED_CURVE('',#19442,(PARAMETER_VALUE(0.E0)),(PARAMETER_VALUE(1.E0)),
.T.,.UNSPECIFIED.);
#19444=COMPOSITE_CURVE_SEGMENT(.CONTINUOUS.,.T.,#19443);
#19449=TRIMMED_CURVE('',#19448,(PARAMETER_VALUE(0.E0)),(PARAMETER_VALUE(1.E0)),
.T.,.UNSPECIFIED.);
#19450=COMPOSITE_CURVE_SEGMENT(.CONTINUOUS.,.T.,#19449);
#19455=TRIMMED_CURVE('',#19454,(PARAMETER_VALUE(0.E0)),(PARAMETER_VALUE(1.E0)),
.T.,.UNSPECIFIED.);
#19456=COMPOSITE_CURVE_SEGMENT(.CONTINUOUS.,.T.,#19455);
#19461=TRIMMED_CURVE('',#19460,(PARAMETER_VALUE(0.E0)),(PARAMETER_VALUE(1.E0)),
.T.,.UNSPECIFIED.);
#19462=COMPOSITE_CURVE_SEGMENT(.CONTINUOUS.,.T.,#19461);
#19463=COMPOSITE_CURVE('',(#19444,#19450,#19456,#19462),.F.);
#19465=(LENGTH_UNIT()NAMED_UNIT(*)SI_UNIT(.MILLI.,.METRE.));
#19469=(NAMED_UNIT(*)PLANE_ANGLE_UNIT()SI_UNIT($,.RADIAN.));
#19472=(NAMED_UNIT(*)SI_UNIT($,.STERADIAN.)SOLID_ANGLE_UNIT());
#19475=ADVANCED_BREP_SHAPE_REPRESENTATION('',(#19208),#19474);
#19476=GEOMETRICALLY_BOUNDED_SURFACE_SHAPE_REPRESENTATION('',(#19238),#19474);
#19477=SHAPE_REPRESENTATION('',(#19212),#19474);
#19486=PRODUCT_DEFINITION('design','',#19485,#19482);
#19487=PRODUCT_DEFINITION_SHAPE('','SHAPE FOR 791098404.',#19486);
#19488=SHAPE_DEFINITION_REPRESENTATION(#19487,#19477);
ENDSEC;
END-ISO-10303-21;
