ISO-10303-21;
HEADER;
FILE_DESCRIPTION (( 'STEP AP214' ),
    '1' );
FILE_NAME ('95278-101A10LF.STEP',
    '2023-05-26T04:41:23',
    ( '' ),
    ( '' ),
    'SwSTEP 2.0',
    'SolidWorks 2021',
    '' );
FILE_SCHEMA (( 'AUTOMOTIVE_DESIGN' ));
ENDSEC;

DATA;
#1 = CARTESIAN_POINT ( 'NONE',  ( 0.9202692563837463480, 3.600000000000000089, 2.415000000000001368 ) ) ;
#2 = ORIENTED_EDGE ( 'NONE', *, *, #4306, .F. ) ;
#3 = ORIENTED_EDGE ( 'NONE', *, *, #5256, .T. ) ;
#4 = PRODUCT_DEFINITION_FORMATION_WITH_SPECIFIED_SOURCE ( 'ANY', '', #4405, .NOT_KNOWN. ) ;
#5 = CIRCLE ( 'NONE', #3263, 0.2499999999999995837 ) ;
#6 = VECTOR ( 'NONE', #3300, 1000.000000000000000 ) ;
#7 = LINE ( 'NONE', #415, #286 ) ;
#8 = DIRECTION ( 'NONE',  ( -1.000000000000000000, 0.000000000000000000, 1.748713181428230588E-16 ) ) ;
#9 = ORIENTED_EDGE ( 'NONE', *, *, #5160, .F. ) ;
#10 = FACE_OUTER_BOUND ( 'NONE', #4032, .T. ) ;
#11 = VECTOR ( 'NONE', #4821, 1000.000000000000000 ) ;
#12 = ORIENTED_EDGE ( 'NONE', *, *, #2709, .F. ) ;
#13 = EDGE_CURVE ( 'NONE', #3222, #4628, #706, .T. ) ;
#14 = VERTEX_POINT ( 'NONE', #2831 ) ;
#15 = CIRCLE ( 'NONE', #481, 0.2499999999999995837 ) ;
#16 = CARTESIAN_POINT ( 'NONE',  ( 5.730000000000002203, 3.600000000000000089, 1.670000000000000373 ) ) ;
#17 = EDGE_CURVE ( 'NONE', #4439, #1139, #2487, .T. ) ;
#18 = CARTESIAN_POINT ( 'NONE',  ( 2.850000000000001421, 1.459999999999999964, 1.580000000000000293 ) ) ;
#19 = PLANE ( 'NONE',  #4284 ) ;
#20 = ORIENTED_EDGE ( 'NONE', *, *, #401, .F. ) ;
#21 = DIRECTION ( 'NONE',  ( 0.9063077870366477162, 0.000000000000000000, -0.4226182617407043818 ) ) ;
#22 = EDGE_CURVE ( 'NONE', #1191, #5566, #3760, .T. ) ;
#23 = DIRECTION ( 'NONE',  ( 0.000000000000000000, 1.000000000000000000, 0.000000000000000000 ) ) ;
#24 = CARTESIAN_POINT ( 'NONE',  ( -1.316630765815500537, 3.600000000000000089, 1.765000000000001457 ) ) ;
#25 = ORIENTED_EDGE ( 'NONE', *, *, #5222, .T. ) ;
#26 = CARTESIAN_POINT ( 'NONE',  ( 3.763369234184498868, 3.600000000000000089, -1.765000000000002789 ) ) ;
#27 = CARTESIAN_POINT ( 'NONE',  ( -5.069759669707553762, 10.11146131086649014, -1.280240330292444106 ) ) ;
#28 = DIRECTION ( 'NONE',  ( 0.000000000000000000, 0.000000000000000000, 1.000000000000000000 ) ) ;
#29 = AXIS2_PLACEMENT_3D ( 'NONE', #290, #3753, #1193 ) ;
#30 = CARTESIAN_POINT ( 'NONE',  ( 2.850000000000001421, 1.459999999999999964, 0.9600000000000005196 ) ) ;
#31 = VERTEX_POINT ( 'NONE', #263 ) ;
#32 = ORIENTED_EDGE ( 'NONE', *, *, #5532, .F. ) ;
#33 = CARTESIAN_POINT ( 'NONE',  ( 2.850000000000000533, 3.600000000000000089, -0.9599999999999999645 ) ) ;
#34 = CARTESIAN_POINT ( 'NONE',  ( 1.890000000000001013, 3.799999999999999822, -1.669999999999999707 ) ) ;
#35 = EDGE_CURVE ( 'NONE', #2365, #3306, #3820, .T. ) ;
#36 = VERTEX_POINT ( 'NONE', #2026 ) ;
#37 = DIRECTION ( 'NONE',  ( 1.000000000000000000, -0.000000000000000000, -3.497426362856461177E-16 ) ) ;
#38 = ORIENTED_EDGE ( 'NONE', *, *, #1282, .T. ) ;
#39 = EDGE_LOOP ( 'NONE', ( #2273, #3604, #25, #2872 ) ) ;
#40 = ORIENTED_EDGE ( 'NONE', *, *, #3220, .T. ) ;
#41 = CARTESIAN_POINT ( 'NONE',  ( 0.6500000000000021316, 1.259999999999999787, 1.920000000000000151 ) ) ;
#42 = CARTESIAN_POINT ( 'NONE',  ( -5.389999999999998792, 1.459999999999999964, 1.580000000000000515 ) ) ;
#43 = FACE_OUTER_BOUND ( 'NONE', #3325, .T. ) ;
#44 = ORIENTED_EDGE ( 'NONE', *, *, #4657, .F. ) ;
#45 = DIRECTION ( 'NONE',  ( 1.000000000000000000, 0.000000000000000000, -1.748713181428231081E-16 ) ) ;
#46 = DIRECTION ( 'NONE',  ( 1.000000000000000000, 0.000000000000000000, 3.497426362856462163E-16 ) ) ;
#47 = EDGE_CURVE ( 'NONE', #688, #1167, #3271, .T. ) ;
#48 = DIRECTION ( 'NONE',  ( -0.000000000000000000, -0.000000000000000000, 1.000000000000000000 ) ) ;
#49 = EDGE_LOOP ( 'NONE', ( #4007, #666, #2555, #1553 ) ) ;
#50 = EDGE_CURVE ( 'NONE', #3752, #1849, #1947, .T. ) ;
#51 = LINE ( 'NONE', #2635, #207 ) ;
#52 = DIRECTION ( 'NONE',  ( 0.000000000000000000, -0.000000000000000000, 1.000000000000000000 ) ) ;
#53 =( NAMED_UNIT ( * ) PLANE_ANGLE_UNIT ( ) SI_UNIT ( $, .RADIAN. ) );
#54 = FACE_OUTER_BOUND ( 'NONE', #5649, .T. ) ;
#55 = VERTEX_POINT ( 'NONE', #4227 ) ;
#56 = VERTEX_POINT ( 'NONE', #1627 ) ;
#57 = ADVANCED_FACE ( 'NONE', ( #4638 ), #206, .F. ) ;
#58 = LINE ( 'NONE', #1379, #3911 ) ;
#59 = CARTESIAN_POINT ( 'NONE',  ( 3.856630765815501682, 3.600000000000000089, -1.765000000000002789 ) ) ;
#60 = EDGE_CURVE ( 'NONE', #5007, #61, #3424, .T. ) ;
#61 = VERTEX_POINT ( 'NONE', #616 ) ;
#62 = PLANE ( 'NONE',  #641 ) ;
#63 = EDGE_LOOP ( 'NONE', ( #4886, #1803, #1112, #2730 ) ) ;
#64 = ORIENTED_EDGE ( 'NONE', *, *, #5257, .T. ) ;
#65 = ORIENTED_EDGE ( 'NONE', *, *, #1652, .F. ) ;
#66 = EDGE_CURVE ( 'NONE', #1531, #3985, #644, .T. ) ;
#67 = DIRECTION ( 'NONE',  ( -0.000000000000000000, 1.000000000000000000, -0.000000000000000000 ) ) ;
#68 = DIRECTION ( 'NONE',  ( 0.000000000000000000, 1.000000000000000000, 0.000000000000000000 ) ) ;
#69 = DIRECTION ( 'NONE',  ( 1.000000000000000000, 0.000000000000000000, -1.024442997624098707E-16 ) ) ;
#70 = EDGE_LOOP ( 'NONE', ( #3439, #2800, #1243, #3477 ) ) ;
#71 = CLOSED_SHELL ( 'NONE', ( #5079, #4468, #4086, #5371, #3298, #4510, #1913, #1898, #4266, #4705, #5099, #108, #1961, #2308, #3768, #1590, #1017, #3139, #360, #4366, #516, #2648, #3311, #2238, #1244, #5766, #2116, #3878, #1665, #4399, #634, #5775, #675, #4799, #1510, #4887, #3041, #4187, #4260, #522, #2475, #5472, #367, #4758, #1657, #2933, #3348, #2035, #2514, #2073, #5509, #1051, #3831, #2296, #197, #3959, #4435, #4867, #5174, #2136, #1936, #3167, #4977, #5590, #3228, #2315, #2535, #2675, #1547, #3344, #3256, #2925, #841, #4328, #166, #752, #4225, #1738, #912, #3135, #2689, #2920, #4778, #3115, #877, #3435, #762, #5515, #980, #428, #3973, #3385, #3663, #814, #1560, #4139, #2829, #5653, #3775, #4861, #4552, #1449, #2141, #2482, #4783, #386, #1477, #3374, #2342, #1990, #216, #4983, #3014, #1148, #5146, #4486, #507, #5272, #1712, #774, #3059, #1855, #4293, #517, #5283, #1901, #1287, #57, #4397, #2714, #1302, #3277, #5659, #4236, #3523, #3114, #2353, #2187, #2944, #577, #3833, #1577 ) ) ;
#72 = PRODUCT_RELATED_PRODUCT_CATEGORY ( 'part', '', ( #4405 ) ) ;
#73 = CARTESIAN_POINT ( 'NONE',  ( -5.389999999999998792, 9.700000000000001066, -1.110000000000001430 ) ) ;
#74 = VECTOR ( 'NONE', #985, 1000.000000000000114 ) ;
#75 = FACE_OUTER_BOUND ( 'NONE', #1099, .T. ) ;
#76 = DIRECTION ( 'NONE',  ( -1.000000000000000000, 0.000000000000000000, 1.748713181428230588E-16 ) ) ;
#77 = EDGE_LOOP ( 'NONE', ( #1929, #178, #720, #1179 ) ) ;
#78 = VECTOR ( 'NONE', #564, 999.9999999999998863 ) ;
#79 = DIRECTION ( 'NONE',  ( 0.000000000000000000, 1.000000000000000000, 0.000000000000000000 ) ) ;
#80 = EDGE_CURVE ( 'NONE', #961, #31, #1940, .T. ) ;
#81 = LINE ( 'NONE', #882, #5666 ) ;
#82 = EDGE_CURVE ( 'NONE', #5554, #1133, #3733, .T. ) ;
#83 = DIRECTION ( 'NONE',  ( -1.000000000000000000, 0.000000000000000000, 1.748713181428230588E-16 ) ) ;
#84 = AXIS2_PLACEMENT_3D ( 'NONE', #2110, #4786, #3870 ) ;
#85 = CIRCLE ( 'NONE', #1494, 0.2499999999999995837 ) ;
#86 = LINE ( 'NONE', #499, #4265 ) ;
#87 = ORIENTED_EDGE ( 'NONE', *, *, #2213, .F. ) ;
#88 = DIRECTION ( 'NONE',  ( 0.000000000000000000, -1.000000000000000000, 0.000000000000000000 ) ) ;
#89 = AXIS2_PLACEMENT_3D ( 'NONE', #3143, #1455, #3201 ) ;
#90 = AXIS2_PLACEMENT_3D ( 'NONE', #3031, #2546, #4724 ) ;
#91 = DIRECTION ( 'NONE',  ( -0.000000000000000000, 1.000000000000000000, -0.000000000000000000 ) ) ;
#92 = ORIENTED_EDGE ( 'NONE', *, *, #1074, .F. ) ;
#93 = CARTESIAN_POINT ( 'NONE',  ( 1.890000000000001013, 1.459999999999999964, -2.169999999999998597 ) ) ;
#94 = ORIENTED_EDGE ( 'NONE', *, *, #2570, .T. ) ;
#95 = PRESENTATION_LAYER_ASSIGNMENT (  '', '', ( #3262 ) ) ;
#96 = AXIS2_PLACEMENT_3D ( 'NONE', #913, #3069, #2267 ) ;
#97 = ORIENTED_EDGE ( 'NONE', *, *, #1815, .T. ) ;
#98 = VECTOR ( 'NONE', #1164, 1000.000000000000114 ) ;
#99 = ORIENTED_EDGE ( 'NONE', *, *, #3787, .T. ) ;
#100 = DIRECTION ( 'NONE',  ( 0.4226182617407046038, 0.000000000000000000, -0.9063077870366476052 ) ) ;
#101 = DIRECTION ( 'NONE',  ( -0.9396926207859092051, 0.3420201433256666035, 0.000000000000000000 ) ) ;
#102 = AXIS2_PLACEMENT_3D ( 'NONE', #5031, #5508, #4596 ) ;
#103 = CARTESIAN_POINT ( 'NONE',  ( -1.619730743616253799, 1.259999999999999787, 2.415000000000001368 ) ) ;
#104 = CARTESIAN_POINT ( 'NONE',  ( 2.850000000000001421, 3.600000000000000089, 1.580000000000000293 ) ) ;
#105 = LINE ( 'NONE', #300, #6 ) ;
#106 = VERTEX_POINT ( 'NONE', #1562 ) ;
#107 = AXIS2_PLACEMENT_3D ( 'NONE', #5619, #3881, #5141 ) ;
#108 = ADVANCED_FACE ( 'NONE', ( #3322 ), #5100, .T. ) ;
#109 = DIRECTION ( 'NONE',  ( 1.000000000000000000, 0.000000000000000000, 0.000000000000000000 ) ) ;
#110 = VECTOR ( 'NONE', #3676, 1000.000000000000000 ) ;
#111 = PLANE ( 'NONE',  #4756 ) ;
#112 = FACE_OUTER_BOUND ( 'NONE', #1470, .T. ) ;
#113 = ORIENTED_EDGE ( 'NONE', *, *, #875, .T. ) ;
#114 = CARTESIAN_POINT ( 'NONE',  ( -4.769999999999998685, 3.600000000000000089, -0.9599999999999999645 ) ) ;
#115 = CARTESIAN_POINT ( 'NONE',  ( 2.230000000000000426, 1.459999999999999964, 0.9600000000000006306 ) ) ;
#116 = ORIENTED_EDGE ( 'NONE', *, *, #1128, .F. ) ;
#117 = PLANE ( 'NONE',  #1402 ) ;
#118 = CARTESIAN_POINT ( 'NONE',  ( -4.769999999999997797, 9.287878387081802245, 1.580000000000000293 ) ) ;
#119 = EDGE_LOOP ( 'NONE', ( #1084, #5437, #4713, #3863 ) ) ;
#120 = CARTESIAN_POINT ( 'NONE',  ( -1.619730743616253799, 3.600000000000000089, 2.415000000000001368 ) ) ;
#121 = VERTEX_POINT ( 'NONE', #3789 ) ;
#122 = ORIENTED_EDGE ( 'NONE', *, *, #893, .F. ) ;
#123 = EDGE_CURVE ( 'NONE', #2214, #5760, #3357, .T. ) ;
#124 = EDGE_LOOP ( 'NONE', ( #3058, #1720, #4844, #690 ) ) ;
#125 = EDGE_CURVE ( 'NONE', #4976, #1334, #1264, .T. ) ;
#126 = CARTESIAN_POINT ( 'NONE',  ( 6.350000000000000533, 3.600000000000000089, -1.915000000000000924 ) ) ;
#127 = DIRECTION ( 'NONE',  ( -1.000000000000000000, 0.000000000000000000, -0.000000000000000000 ) ) ;
#128 = DIRECTION ( 'NONE',  ( 0.000000000000000000, 1.000000000000000000, 0.000000000000000000 ) ) ;
#129 = AXIS2_PLACEMENT_3D ( 'NONE', #5299, #3496, #2781 ) ;
#130 = ORIENTED_EDGE ( 'NONE', *, *, #748, .T. ) ;
#131 = EDGE_CURVE ( 'NONE', #3328, #1063, #2680, .T. ) ;
#132 = PLANE ( 'NONE',  #3174 ) ;
#133 = FACE_OUTER_BOUND ( 'NONE', #5096, .T. ) ;
#134 = PLANE ( 'NONE',  #2786 ) ;
#135 = ORIENTED_EDGE ( 'NONE', *, *, #1998, .F. ) ;
#136 = EDGE_CURVE ( 'NONE', #1667, #31, #4403, .T. ) ;
#137 = DIRECTION ( 'NONE',  ( 0.000000000000000000, 1.000000000000000000, 0.000000000000000000 ) ) ;
#138 = CARTESIAN_POINT ( 'NONE',  ( -4.159730743616253612, 1.259999999999999787, 2.415000000000001368 ) ) ;
#139 = FACE_OUTER_BOUND ( 'NONE', #4540, .T. ) ;
#140 = LINE ( 'NONE', #2375, #3626 ) ;
#141 = ORIENTED_EDGE ( 'NONE', *, *, #2709, .T. ) ;
#142 = FACE_BOUND ( 'NONE', #1644, .T. ) ;
#143 = DIRECTION ( 'NONE',  ( 0.000000000000000000, 0.000000000000000000, 1.000000000000000000 ) ) ;
#144 = DIRECTION ( 'NONE',  ( 1.000000000000000000, 0.000000000000000000, 0.000000000000000000 ) ) ;
#145 = CARTESIAN_POINT ( 'NONE',  ( -4.769999999999997797, 0.6200000000000007727, 8.176812408671318977 ) ) ;
#146 = ORIENTED_EDGE ( 'NONE', *, *, #792, .F. ) ;
#147 = VERTEX_POINT ( 'NONE', #5251 ) ;
#148 = ORIENTED_EDGE ( 'NONE', *, *, #663, .F. ) ;
#149 = FILL_AREA_STYLE_COLOUR ( '', #2976 ) ;
#150 = LINE ( 'NONE', #4146, #4671 ) ;
#151 = SURFACE_STYLE_USAGE ( .BOTH. , #2813 ) ;
#152 = ORIENTED_EDGE ( 'NONE', *, *, #4097, .F. ) ;
#153 = EDGE_CURVE ( 'NONE', #2214, #5281, #2961, .T. ) ;
#154 = DIRECTION ( 'NONE',  ( 0.000000000000000000, -0.000000000000000000, 1.000000000000000000 ) ) ;
#155 = ORIENTED_EDGE ( 'NONE', *, *, #3755, .T. ) ;
#156 = CARTESIAN_POINT ( 'NONE',  ( 5.730000000000002203, 1.259999999999999787, 1.920000000000000151 ) ) ;
#157 = LINE ( 'NONE', #1454, #1970 ) ;
#158 = ORIENTED_EDGE ( 'NONE', *, *, #82, .F. ) ;
#159 = VECTOR ( 'NONE', #2114, 999.9999999999998863 ) ;
#160 = DIRECTION ( 'NONE',  ( 0.000000000000000000, -0.000000000000000000, 1.000000000000000000 ) ) ;
#161 = ORIENTED_EDGE ( 'NONE', *, *, #2094, .F. ) ;
#162 = VECTOR ( 'NONE', #5373, 1000.000000000000000 ) ;
#163 = CARTESIAN_POINT ( 'NONE',  ( -1.889999999999998126, 1.459999999999999964, 1.920000000000000151 ) ) ;
#164 = LINE ( 'NONE', #5544, #5477 ) ;
#165 = LINE ( 'NONE', #3812, #2063 ) ;
#166 = ADVANCED_FACE ( 'NONE', ( #380 ), #4369, .F. ) ;
#167 = CARTESIAN_POINT ( 'NONE',  ( 1.890000000000001013, 3.600000000000000089, -1.669999999999999707 ) ) ;
#168 = VERTEX_POINT ( 'NONE', #4763 ) ;
#169 = AXIS2_PLACEMENT_3D ( 'NONE', #5197, #2840, #4238 ) ;
#170 = EDGE_CURVE ( 'NONE', #5176, #3132, #410, .T. ) ;
#171 = FACE_BOUND ( 'NONE', #3900, .T. ) ;
#172 = DIRECTION ( 'NONE',  ( 1.000000000000000000, -0.000000000000000000, 1.748713181428231081E-16 ) ) ;
#173 = VECTOR ( 'NONE', #5311, 1000.000000000000000 ) ;
#174 = CARTESIAN_POINT ( 'NONE',  ( -5.389999999999998792, 9.700000000000001066, -0.9600000000000006306 ) ) ;
#175 = VECTOR ( 'NONE', #1535, 1000.000000000000000 ) ;
#176 = DIRECTION ( 'NONE',  ( 0.000000000000000000, 1.000000000000000000, 0.000000000000000000 ) ) ;
#177 = EDGE_LOOP ( 'NONE', ( #3956, #158, #4408, #480 ) ) ;
#178 = ORIENTED_EDGE ( 'NONE', *, *, #3369, .T. ) ;
#179 = VERTEX_POINT ( 'NONE', #4789 ) ;
#180 = AXIS2_PLACEMENT_3D ( 'NONE', #4206, #3217, #215 ) ;
#181 = AXIS2_PLACEMENT_3D ( 'NONE', #3286, #1550, #2015 ) ;
#182 = CARTESIAN_POINT ( 'NONE',  ( -2.229999999999998206, 1.459999999999999964, 0.9600000000000005196 ) ) ;
#183 = CARTESIAN_POINT ( 'NONE',  ( -4.803752983653575725, 9.380613947509226946, -0.9937529836535780037 ) ) ;
#184 = ORIENTED_EDGE ( 'NONE', *, *, #5047, .F. ) ;
#185 = CARTESIAN_POINT ( 'NONE',  ( -4.769999999999997797, 3.600000000000000089, -1.580000000000000293 ) ) ;
#186 = VECTOR ( 'NONE', #1645, 1000.000000000000000 ) ;
#187 = VECTOR ( 'NONE', #3632, 1000.000000000000227 ) ;
#188 = EDGE_CURVE ( 'NONE', #3806, #4324, #2174, .T. ) ;
#189 = ORIENTED_EDGE ( 'NONE', *, *, #4629, .T. ) ;
#190 = AXIS2_PLACEMENT_3D ( 'NONE', #4390, #3835, #1187 ) ;
#191 = CARTESIAN_POINT ( 'NONE',  ( -5.239999999999999325, 0.1499999999999999667, 3.649999999999999911 ) ) ;
#192 = CARTESIAN_POINT ( 'NONE',  ( 1.619730743616256463, 1.459999999999999964, -2.415000000000001368 ) ) ;
#193 = CIRCLE ( 'NONE', #2806, 0.2499999999999995837 ) ;
#194 = ORIENTED_EDGE ( 'NONE', *, *, #989, .T. ) ;
#195 = CARTESIAN_POINT ( 'NONE',  ( 0.6500000000000021316, 3.600000000000000089, 1.920000000000000151 ) ) ;
#196 = ORIENTED_EDGE ( 'NONE', *, *, #3773, .T. ) ;
#197 = ADVANCED_FACE ( 'NONE', ( #5748 ), #1175, .F. ) ;
#198 = VECTOR ( 'NONE', #3593, 1000.000000000000000 ) ;
#199 = FILL_AREA_STYLE_COLOUR ( '', #4307 ) ;
#200 = CARTESIAN_POINT ( 'NONE',  ( -1.680902131047502523, 1.459999999999999964, -0.7838175363165190701 ) ) ;
#201 = FACE_OUTER_BOUND ( 'NONE', #1255, .T. ) ;
#202 = DIRECTION ( 'NONE',  ( -0.000000000000000000, -1.000000000000000000, -0.000000000000000000 ) ) ;
#203 = ORIENTED_EDGE ( 'NONE', *, *, #926, .T. ) ;
#204 = EDGE_CURVE ( 'NONE', #383, #3368, #5723, .T. ) ;
#205 = FACE_OUTER_BOUND ( 'NONE', #3284, .T. ) ;
#206 = PLANE ( 'NONE',  #4072 ) ;
#207 = VECTOR ( 'NONE', #408, 1000.000000000000000 ) ;
#208 = CARTESIAN_POINT ( 'NONE',  ( 4.430000000000001492, 3.600000000000000089, -1.919999999999999263 ) ) ;
#209 = EDGE_CURVE ( 'NONE', #5726, #2974, #4338, .T. ) ;
#210 = DIRECTION ( 'NONE',  ( 0.000000000000000000, 0.000000000000000000, -1.000000000000000000 ) ) ;
#211 = ORIENTED_EDGE ( 'NONE', *, *, #3459, .F. ) ;
#212 = EDGE_LOOP ( 'NONE', ( #4269, #3972, #918, #1370 ) ) ;
#213 = ORIENTED_EDGE ( 'NONE', *, *, #1429, .F. ) ;
#214 = AXIS2_PLACEMENT_3D ( 'NONE', #1490, #79, #4978 ) ;
#215 = DIRECTION ( 'NONE',  ( 0.000000000000000000, 0.000000000000000000, 1.000000000000000000 ) ) ;
#216 = ADVANCED_FACE ( 'NONE', ( #4315 ), #2636, .F. ) ;
#217 = DIRECTION ( 'NONE',  ( -0.000000000000000000, 1.000000000000000000, -0.000000000000000000 ) ) ;
#218 =( NAMED_UNIT ( * ) SI_UNIT ( $, .STERADIAN. ) SOLID_ANGLE_UNIT ( ) );
#219 = ORIENTED_EDGE ( 'NONE', *, *, #3548, .T. ) ;
#220 = CARTESIAN_POINT ( 'NONE',  ( -6.350000000000000533, 1.459999999999999964, -1.915000000000000924 ) ) ;
#221 = ORIENTED_EDGE ( 'NONE', *, *, #544, .F. ) ;
#222 = AXIS2_PLACEMENT_3D ( 'NONE', #5603, #2020, #4309 ) ;
#223 = DIRECTION ( 'NONE',  ( 0.000000000000000000, 0.000000000000000000, 1.000000000000000000 ) ) ;
#224 = DIRECTION ( 'NONE',  ( 0.000000000000000000, 1.000000000000000000, 0.000000000000000000 ) ) ;
#225 = ORIENTED_EDGE ( 'NONE', *, *, #5199, .T. ) ;
#226 = CARTESIAN_POINT ( 'NONE',  ( 6.349999999999999645, 3.600000000000000089, 2.414999999999999591 ) ) ;
#227 = EDGE_LOOP ( 'NONE', ( #2667, #548, #4116, #2092 ) ) ;
#228 = CARTESIAN_POINT ( 'NONE',  ( 6.349999999999999645, 1.459999999999999964, 1.915000000000001368 ) ) ;
#229 = PLANE ( 'NONE',  #2327 ) ;
#230 = EDGE_CURVE ( 'NONE', #487, #605, #855, .T. ) ;
#231 = CARTESIAN_POINT ( 'NONE',  ( -3.189999999999998614, 1.259999999999999787, -1.669999999999999707 ) ) ;
#232 = CARTESIAN_POINT ( 'NONE',  ( 1.316630765815501869, 1.259999999999999787, -1.765000000000002789 ) ) ;
#233 = EDGE_LOOP ( 'NONE', ( #1616, #2639, #2461, #5232 ) ) ;
#234 = CARTESIAN_POINT ( 'NONE',  ( 1.890000000000001013, 1.459999999999999964, -1.919999999999999263 ) ) ;
#235 = DIRECTION ( 'NONE',  ( 0.000000000000000000, 1.000000000000000000, 0.000000000000000000 ) ) ;
#236 = CARTESIAN_POINT ( 'NONE',  ( -2.229999999999999094, 3.600000000000000089, -0.9599999999999999645 ) ) ;
#237 = DIRECTION ( 'NONE',  ( 0.000000000000000000, 1.000000000000000000, 0.000000000000000000 ) ) ;
#238 = VERTEX_POINT ( 'NONE', #1289 ) ;
#239 = ORIENTED_EDGE ( 'NONE', *, *, #3371, .F. ) ;
#240 = EDGE_LOOP ( 'NONE', ( #2239, #5205, #221, #5319 ) ) ;
#241 = CARTESIAN_POINT ( 'NONE',  ( -0.6499999999999986899, 1.259999999999999787, -1.669999999999999707 ) ) ;
#242 = DIRECTION ( 'NONE',  ( -0.000000000000000000, 0.000000000000000000, 1.000000000000000000 ) ) ;
#243 = VERTEX_POINT ( 'NONE', #5694 ) ;
#244 = CARTESIAN_POINT ( 'NONE',  ( -4.769999999999998685, 1.459999999999999964, -0.9599999999999999645 ) ) ;
#245 = EDGE_CURVE ( 'NONE', #1441, #1565, #4286, .T. ) ;
#246 = ORIENTED_EDGE ( 'NONE', *, *, #5015, .T. ) ;
#247 = EDGE_CURVE ( 'NONE', #5089, #2931, #2410, .T. ) ;
#248 = DIRECTION ( 'NONE',  ( 0.000000000000000000, 1.000000000000000000, 0.000000000000000000 ) ) ;
#249 = CARTESIAN_POINT ( 'NONE',  ( 1.680902131047502746, 1.459999999999999964, 0.7838175363165186260 ) ) ;
#250 = VERTEX_POINT ( 'NONE', #3472 ) ;
#251 = CARTESIAN_POINT ( 'NONE',  ( -4.769999999999997797, 9.700000000000001066, -0.9600000000000005196 ) ) ;
#252 = EDGE_LOOP ( 'NONE', ( #2300, #5134, #3191, #3415 ) ) ;
#253 = CARTESIAN_POINT ( 'NONE',  ( 5.730000000000002203, 1.459999999999999964, 2.169999999999999485 ) ) ;
#254 = CARTESIAN_POINT ( 'NONE',  ( 5.390000000000002345, 1.459999999999999964, 1.580000000000000293 ) ) ;
#255 = DIRECTION ( 'NONE',  ( 0.000000000000000000, 0.000000000000000000, 1.000000000000000000 ) ) ;
#256 = DIRECTION ( 'NONE',  ( -1.000000000000000000, 0.000000000000000000, -3.497426362856462163E-16 ) ) ;
#257 = EDGE_CURVE ( 'NONE', #2926, #1334, #3874, .T. ) ;
#258 = ORIENTED_EDGE ( 'NONE', *, *, #3873, .T. ) ;
#259 = VECTOR ( 'NONE', #5549, 1000.000000000000000 ) ;
#260 = EDGE_CURVE ( 'NONE', #4515, #2357, #1653, .T. ) ;
#261 = ADVANCED_FACE ( 'NONE', ( #1677 ), #3443, .T. ) ;
#262 = CARTESIAN_POINT ( 'NONE',  ( 5.730000000000002203, 1.259999999999999787, 2.169999999999999485 ) ) ;
#263 = CARTESIAN_POINT ( 'NONE',  ( -2.229999999999998206, 3.600000000000000089, 0.9600000000000005196 ) ) ;
#264 = CARTESIAN_POINT ( 'NONE',  ( -5.389999999999998792, 0.6200000000000007727, 3.237878387081806864 ) ) ;
#265 = AXIS2_PLACEMENT_3D ( 'NONE', #1450, #3685, #1389 ) ;
#266 = DIRECTION ( 'NONE',  ( 1.000000000000000000, -0.000000000000000000, -1.365923996832131609E-16 ) ) ;
#267 = VERTEX_POINT ( 'NONE', #4954 ) ;
#268 = VERTEX_POINT ( 'NONE', #3094 ) ;
#269 = EDGE_CURVE ( 'NONE', #3144, #3654, #81, .T. ) ;
#270 = DIRECTION ( 'NONE',  ( 0.000000000000000000, 0.000000000000000000, -1.000000000000000000 ) ) ;
#271 = VECTOR ( 'NONE', #1146, 1000.000000000000000 ) ;
#272 = EDGE_CURVE ( 'NONE', #4375, #527, #4869, .T. ) ;
#273 = DIRECTION ( 'NONE',  ( -1.000000000000000000, 0.000000000000000000, 1.024442997624098707E-16 ) ) ;
#274 = APPLICATION_PROTOCOL_DEFINITION ( 'draft international standard', 'automotive_design', 1998, #2230 ) ;
#275 = ORIENTED_EDGE ( 'NONE', *, *, #5395, .T. ) ;
#276 = DIRECTION ( 'NONE',  ( 0.000000000000000000, 1.000000000000000000, 0.000000000000000000 ) ) ;
#277 = ORIENTED_EDGE ( 'NONE', *, *, #1203, .F. ) ;
#278 = VECTOR ( 'NONE', #1110, 1000.000000000000000 ) ;
#279 = DIRECTION ( 'NONE',  ( 1.795779995835203589E-16, -0.000000000000000000, 1.000000000000000000 ) ) ;
#280 = VECTOR ( 'NONE', #5152, 1000.000000000000000 ) ;
#281 = AXIS2_PLACEMENT_3D ( 'NONE', #4334, #4311, #2109 ) ;
#282 = DIRECTION ( 'NONE',  ( 0.000000000000000000, 0.000000000000000000, -1.000000000000000000 ) ) ;
#283 = EDGE_CURVE ( 'NONE', #5035, #5114, #2261, .T. ) ;
#284 = ORIENTED_EDGE ( 'NONE', *, *, #2390, .T. ) ;
#285 = PLANE ( 'NONE',  #2154 ) ;
#286 = VECTOR ( 'NONE', #5753, 1000.000000000000000 ) ;
#287 = VERTEX_POINT ( 'NONE', #3528 ) ;
#288 = VECTOR ( 'NONE', #5188, 1000.000000000000000 ) ;
#289 = DIRECTION ( 'NONE',  ( 0.000000000000000000, 0.000000000000000000, 1.000000000000000000 ) ) ;
#290 = CARTESIAN_POINT ( 'NONE',  ( 0.3100000000000012745, 1.459999999999999964, -1.579999999999999627 ) ) ;
#291 = VECTOR ( 'NONE', #2653, 1000.000000000000000 ) ;
#292 = LINE ( 'NONE', #4785, #2427 ) ;
#293 = CARTESIAN_POINT ( 'NONE',  ( -5.389999999999998792, 9.700000000000001066, -1.580000000000000515 ) ) ;
#294 = VERTEX_POINT ( 'NONE', #3563 ) ;
#295 = VECTOR ( 'NONE', #2986, 1000.000000000000000 ) ;
#296 = FILL_AREA_STYLE_COLOUR ( '', #5708 ) ;
#297 = DIRECTION ( 'NONE',  ( 0.000000000000000000, 1.000000000000000000, 0.000000000000000000 ) ) ;
#298 = FACE_OUTER_BOUND ( 'NONE', #307, .T. ) ;
#299 = VECTOR ( 'NONE', #2948, 1000.000000000000114 ) ;
#300 = CARTESIAN_POINT ( 'NONE',  ( -5.389999999999998792, 9.287878387081802245, -0.9600000000000006306 ) ) ;
#301 = ORIENTED_EDGE ( 'NONE', *, *, #3655, .F. ) ;
#302 = VERTEX_POINT ( 'NONE', #3611 ) ;
#303 = CARTESIAN_POINT ( 'NONE',  ( 0.000000000000000000, 0.000000000000000000, 0.000000000000000000 ) ) ;
#304 = CARTESIAN_POINT ( 'NONE',  ( -4.769999999999997797, 9.700000000000001066, 1.429999999999999272 ) ) ;
#305 = ORIENTED_EDGE ( 'NONE', *, *, #2837, .T. ) ;
#306 = CARTESIAN_POINT ( 'NONE',  ( -4.769999999999998685, 1.459999999999999964, -1.579999999999999627 ) ) ;
#307 = EDGE_LOOP ( 'NONE', ( #3703, #1045, #2886, #3068 ) ) ;
#308 = FACE_BOUND ( 'NONE', #3134, .T. ) ;
#309 = CARTESIAN_POINT ( 'NONE',  ( 6.349999999999999645, 3.600000000000000089, 2.414999999999999591 ) ) ;
#310 = EDGE_LOOP ( 'NONE', ( #2581, #4336 ) ) ;
#311 = CARTESIAN_POINT ( 'NONE',  ( 2.229999999999999982, 1.459999999999999964, -0.9599999999999997424 ) ) ;
#312 = VERTEX_POINT ( 'NONE', #4024 ) ;
#313 = CARTESIAN_POINT ( 'NONE',  ( 0.3100000000000012745, 3.600000000000000089, -0.9599999999999999645 ) ) ;
#314 = DIRECTION ( 'NONE',  ( 0.000000000000000000, 1.000000000000000000, 0.000000000000000000 ) ) ;
#315 = DIRECTION ( 'NONE',  ( 0.000000000000000000, 0.000000000000000000, 1.000000000000000000 ) ) ;
#316 = CARTESIAN_POINT ( 'NONE',  ( 0.3100000000000021072, 1.459999999999999964, 1.580000000000000293 ) ) ;
#317 = EDGE_CURVE ( 'NONE', #4324, #2079, #3886, .T. ) ;
#318 = ORIENTED_EDGE ( 'NONE', *, *, #269, .T. ) ;
#319 = CARTESIAN_POINT ( 'NONE',  ( -2.849999999999999645, 1.459999999999999964, -1.579999999999999405 ) ) ;
#320 = CARTESIAN_POINT ( 'NONE',  ( 4.430000000000001492, 1.259999999999999787, -2.169999999999998597 ) ) ;
#321 = STYLED_ITEM ( 'NONE', ( #3280 ), #4530 ) ;
#322 = CARTESIAN_POINT ( 'NONE',  ( -4.803752983653575725, 9.380613947509226946, 0.9937529836535780037 ) ) ;
#323 = CARTESIAN_POINT ( 'NONE',  ( -4.769999999999998685, 1.459999999999999964, -0.9599999999999999645 ) ) ;
#324 = ORIENTED_EDGE ( 'NONE', *, *, #483, .F. ) ;
#325 = VERTEX_POINT ( 'NONE', #2658 ) ;
#326 = PRODUCT_DEFINITION ( 'UNKNOWN', '', #4, #2323 ) ;
#327 = CARTESIAN_POINT ( 'NONE',  ( 6.349999999999999645, 1.459999999999999964, -2.415000000000000480 ) ) ;
#328 = CARTESIAN_POINT ( 'NONE',  ( 3.460269256383746050, 3.600000000000000089, 2.415000000000001368 ) ) ;
#329 = CARTESIAN_POINT ( 'NONE',  ( 10.16000000000000014, 0.000000000000000000, 0.000000000000000000 ) ) ;
#330 = ORIENTED_EDGE ( 'NONE', *, *, #4395, .T. ) ;
#331 = PLANE ( 'NONE',  #5298 ) ;
#332 = VERTEX_POINT ( 'NONE', #995 ) ;
#333 = FACE_OUTER_BOUND ( 'NONE', #3567, .T. ) ;
#334 = EDGE_CURVE ( 'NONE', #5444, #5760, #351, .T. ) ;
#335 = EDGE_CURVE ( 'NONE', #3712, #5370, #3122, .T. ) ;
#336 = FACE_OUTER_BOUND ( 'NONE', #1728, .T. ) ;
#337 = ORIENTED_EDGE ( 'NONE', *, *, #5688, .T. ) ;
#338 = LINE ( 'NONE', #3491, #1691 ) ;
#339 = CARTESIAN_POINT ( 'NONE',  ( 6.349999999999999645, 3.600000000000000089, -2.415000000000000480 ) ) ;
#340 = DIRECTION ( 'NONE',  ( -1.000000000000000000, 0.000000000000000000, 0.000000000000000000 ) ) ;
#341 = LINE ( 'NONE', #1196, #3717 ) ;
#342 = DIRECTION ( 'NONE',  ( 1.000000000000000000, -0.000000000000000000, -3.497426362856461177E-16 ) ) ;
#343 = ORIENTED_EDGE ( 'NONE', *, *, #1093, .T. ) ;
#344 = DIRECTION ( 'NONE',  ( 0.000000000000000000, 0.000000000000000000, 1.000000000000000000 ) ) ;
#345 = CARTESIAN_POINT ( 'NONE',  ( -3.189999999999998614, 1.259999999999999787, -2.169999999999998597 ) ) ;
#346 = CARTESIAN_POINT ( 'NONE',  ( -1.316630765815500981, 1.259999999999999787, -1.765000000000002789 ) ) ;
#347 = LINE ( 'NONE', #1714, #3170 ) ;
#348 = ORIENTED_EDGE ( 'NONE', *, *, #3665, .F. ) ;
#349 = EDGE_CURVE ( 'NONE', #697, #147, #2596, .T. ) ;
#350 = ORIENTED_EDGE ( 'NONE', *, *, #3030, .F. ) ;
#351 = CIRCLE ( 'NONE', #1856, 0.2499999999999995837 ) ;
#352 = LINE ( 'NONE', #3417, #2887 ) ;
#353 = PLANE ( 'NONE',  #1705 ) ;
#354 = ORIENTED_EDGE ( 'NONE', *, *, #2390, .F. ) ;
#355 = AXIS2_PLACEMENT_3D ( 'NONE', #3948, #5292, #5155 ) ;
#356 = FACE_OUTER_BOUND ( 'NONE', #4749, .T. ) ;
#357 = VERTEX_POINT ( 'NONE', #1822 ) ;
#358 = VECTOR ( 'NONE', #3652, 1000.000000000000000 ) ;
#359 = FACE_BOUND ( 'NONE', #310, .T. ) ;
#360 = ADVANCED_FACE ( 'NONE', ( #1348 ), #551, .T. ) ;
#361 = DIRECTION ( 'NONE',  ( -0.000000000000000000, -1.000000000000000000, -0.000000000000000000 ) ) ;
#362 = AXIS2_PLACEMENT_3D ( 'NONE', #764, #3522, #1319 ) ;
#363 = CIRCLE ( 'NONE', #1117, 1.119999999999999885 ) ;
#364 = CARTESIAN_POINT ( 'NONE',  ( -5.729999999999998650, 3.799999999999999822, -2.169999999999998597 ) ) ;
#365 = EDGE_LOOP ( 'NONE', ( #5179, #817 ) ) ;
#366 = CARTESIAN_POINT ( 'NONE',  ( 0.6500000000000021316, 3.799999999999999822, 1.920000000000000151 ) ) ;
#367 = ADVANCED_FACE ( 'NONE', ( #907 ), #2682, .F. ) ;
#368 = CIRCLE ( 'NONE', #4750, 1.119999999999999885 ) ;
#369 = AXIS2_PLACEMENT_3D ( 'NONE', #1283, #4754, #3056 ) ;
#370 = LINE ( 'NONE', #2542, #1969 ) ;
#371 = DIRECTION ( 'NONE',  ( 0.4226182617407047704, 0.000000000000000000, -0.9063077870366474942 ) ) ;
#372 = CARTESIAN_POINT ( 'NONE',  ( 2.850000000000000533, 3.600000000000000089, -1.579999999999999627 ) ) ;
#373 = VECTOR ( 'NONE', #1208, 1000.000000000000000 ) ;
#374 = VECTOR ( 'NONE', #2579, 1000.000000000000000 ) ;
#375 = EDGE_CURVE ( 'NONE', #765, #5028, #5335, .T. ) ;
#376 = CARTESIAN_POINT ( 'NONE',  ( 1.316630765815502313, 3.600000000000000089, 1.765000000000001457 ) ) ;
#377 = VERTEX_POINT ( 'NONE', #524 ) ;
#378 = AXIS2_PLACEMENT_3D ( 'NONE', #2474, #3747, #1549 ) ;
#379 = CARTESIAN_POINT ( 'NONE',  ( 0.6500000000000021316, 1.259999999999999787, 1.920000000000000151 ) ) ;
#380 = FACE_OUTER_BOUND ( 'NONE', #4281, .T. ) ;
#381 = DIRECTION ( 'NONE',  ( 0.000000000000000000, 1.000000000000000000, 0.000000000000000000 ) ) ;
#382 = DIRECTION ( 'NONE',  ( 1.000000000000000000, 0.000000000000000000, 0.000000000000000000 ) ) ;
#383 = VERTEX_POINT ( 'NONE', #2311 ) ;
#384 = VECTOR ( 'NONE', #3079, 1000.000000000000114 ) ;
#385 = VERTEX_POINT ( 'NONE', #1374 ) ;
#386 = ADVANCED_FACE ( 'NONE', ( #4919 ), #4537, .T. ) ;
#387 = CARTESIAN_POINT ( 'NONE',  ( 6.349999999999999645, 3.600000000000000089, 2.414999999999999591 ) ) ;
#388 = CARTESIAN_POINT ( 'NONE',  ( 4.430000000000001492, 1.259999999999999787, -1.919999999999999263 ) ) ;
#389 = VECTOR ( 'NONE', #4055, 1000.000000000000000 ) ;
#390 = PRODUCT_CONTEXT ( 'NONE', #2601, 'mechanical' ) ;
#391 = EDGE_CURVE ( 'NONE', #5492, #1774, #4488, .T. ) ;
#392 = ORIENTED_EDGE ( 'NONE', *, *, #3921, .T. ) ;
#393 = LINE ( 'NONE', #4413, #5675 ) ;
#394 = ORIENTED_EDGE ( 'NONE', *, *, #615, .T. ) ;
#395 = EDGE_CURVE ( 'NONE', #3150, #5241, #2767, .T. ) ;
#396 = MECHANICAL_DESIGN_GEOMETRIC_PRESENTATION_REPRESENTATION (  '', ( #2545 ), #2270 ) ;
#397 = FACE_OUTER_BOUND ( 'NONE', #1069, .T. ) ;
#398 = FACE_OUTER_BOUND ( 'NONE', #3517, .T. ) ;
#399 = CARTESIAN_POINT ( 'NONE',  ( -1.889999999999998126, 3.600000000000000089, 1.670000000000000373 ) ) ;
#400 = ORIENTED_EDGE ( 'NONE', *, *, #1405, .T. ) ;
#401 = EDGE_CURVE ( 'NONE', #106, #3140, #2345, .T. ) ;
#402 = DIRECTION ( 'NONE',  ( 0.000000000000000000, 0.000000000000000000, -1.000000000000000000 ) ) ;
#403 = PRODUCT ( '95278-101A10LF', '95278-101A10LF', '', ( #390 ) ) ;
#404 = CARTESIAN_POINT ( 'NONE',  ( -3.189999999999998614, 1.459999999999999964, -2.169999999999998597 ) ) ;
#405 = DIRECTION ( 'NONE',  ( 1.000000000000000000, 0.000000000000000000, 0.000000000000000000 ) ) ;
#406 = DIRECTION ( 'NONE',  ( 3.497426362856461177E-16, 0.000000000000000000, 1.000000000000000000 ) ) ;
#407 = ORIENTED_EDGE ( 'NONE', *, *, #4154, .F. ) ;
#408 = DIRECTION ( 'NONE',  ( 1.000000000000000000, -0.000000000000000000, -3.497426362856462163E-16 ) ) ;
#409 = EDGE_CURVE ( 'NONE', #1445, #3242, #4979, .T. ) ;
#410 = LINE ( 'NONE', #3062, #1294 ) ;
#411 = CARTESIAN_POINT ( 'NONE',  ( -4.919999999999998153, 0.6200000000000007727, -3.649999999999999911 ) ) ;
#412 = DIRECTION ( 'NONE',  ( -0.000000000000000000, 1.000000000000000000, -0.000000000000000000 ) ) ;
#413 = ORIENTED_EDGE ( 'NONE', *, *, #485, .F. ) ;
#414 = ORIENTED_EDGE ( 'NONE', *, *, #2574, .F. ) ;
#415 = CARTESIAN_POINT ( 'NONE',  ( 0.000000000000000000, 1.459999999999999964, 1.765000000000001457 ) ) ;
#416 = CARTESIAN_POINT ( 'NONE',  ( -4.769999999999997797, 9.287878387081802245, 0.9600000000000005196 ) ) ;
#417 = VERTEX_POINT ( 'NONE', #4697 ) ;
#418 = EDGE_CURVE ( 'NONE', #589, #5049, #1907, .T. ) ;
#419 = CARTESIAN_POINT ( 'NONE',  ( -4.769999999999997797, 9.700000000000001066, -1.580000000000000293 ) ) ;
#420 = ORIENTED_EDGE ( 'NONE', *, *, #1081, .T. ) ;
#421 = EDGE_LOOP ( 'NONE', ( #4707, #1983, #3447, #3797 ) ) ;
#422 = ORIENTED_EDGE ( 'NONE', *, *, #462, .F. ) ;
#423 = DIRECTION ( 'NONE',  ( 0.000000000000000000, 1.000000000000000000, 0.000000000000000000 ) ) ;
#424 = DIRECTION ( 'NONE',  ( -1.000000000000000000, 0.000000000000000000, -0.000000000000000000 ) ) ;
#425 = EDGE_CURVE ( 'NONE', #3242, #3505, #2137, .T. ) ;
#426 = CARTESIAN_POINT ( 'NONE',  ( -0.3099999999999994982, 3.600000000000000089, -0.9599999999999997424 ) ) ;
#427 = ORIENTED_EDGE ( 'NONE', *, *, #5728, .F. ) ;
#428 = ADVANCED_FACE ( 'NONE', ( #1555 ), #636, .T. ) ;
#429 = FACE_OUTER_BOUND ( 'NONE', #3416, .T. ) ;
#430 =( NAMED_UNIT ( * ) PLANE_ANGLE_UNIT ( ) SI_UNIT ( $, .RADIAN. ) );
#431 = CYLINDRICAL_SURFACE ( 'NONE', #2984, 0.2499999999999995837 ) ;
#432 = LINE ( 'NONE', #376, #2611 ) ;
#433 = EDGE_LOOP ( 'NONE', ( #5434, #3584, #1899, #2935 ) ) ;
#434 = CARTESIAN_POINT ( 'NONE',  ( -3.763369234184497980, 3.600000000000000089, 1.765000000000001457 ) ) ;
#435 = DIRECTION ( 'NONE',  ( 0.000000000000000000, 0.000000000000000000, 1.000000000000000000 ) ) ;
#436 = EDGE_CURVE ( 'NONE', #3140, #4239, #3264, .T. ) ;
#437 = DIRECTION ( 'NONE',  ( -0.4226182617407043263, -0.000000000000000000, 0.9063077870366476052 ) ) ;
#438 = CARTESIAN_POINT ( 'NONE',  ( -1.889999999999998126, 3.600000000000000089, 1.920000000000000151 ) ) ;
#439 = ORIENTED_EDGE ( 'NONE', *, *, #883, .F. ) ;
#440 = ORIENTED_EDGE ( 'NONE', *, *, #209, .F. ) ;
#441 = EDGE_CURVE ( 'NONE', #2609, #3244, #2414, .T. ) ;
#442 = CARTESIAN_POINT ( 'NONE',  ( -6.349999999999999645, 3.600000000000000089, 1.915000000000001368 ) ) ;
#443 = DIRECTION ( 'NONE',  ( -0.000000000000000000, 0.000000000000000000, 1.000000000000000000 ) ) ;
#444 = VERTEX_POINT ( 'NONE', #3783 ) ;
#445 = DIRECTION ( 'NONE',  ( 0.000000000000000000, 1.000000000000000000, 0.000000000000000000 ) ) ;
#446 = EDGE_LOOP ( 'NONE', ( #4204, #2910, #1301, #1147 ) ) ;
#447 = ORIENTED_EDGE ( 'NONE', *, *, #2878, .T. ) ;
#448 = AXIS2_PLACEMENT_3D ( 'NONE', #2049, #924, #424 ) ;
#449 = CARTESIAN_POINT ( 'NONE',  ( -5.389999999999998792, 9.287878387081802245, 0.9600000000000006306 ) ) ;
#450 = DIRECTION ( 'NONE',  ( 3.497426362856461177E-16, 0.000000000000000000, 1.000000000000000000 ) ) ;
#451 = FACE_OUTER_BOUND ( 'NONE', #77, .T. ) ;
#452 = ORIENTED_EDGE ( 'NONE', *, *, #5341, .T. ) ;
#453 = AXIS2_PLACEMENT_3D ( 'NONE', #419, #4348, #2206 ) ;
#454 = PLANE ( 'NONE',  #4103 ) ;
#455 = VECTOR ( 'NONE', #5067, 1000.000000000000000 ) ;
#456 = CIRCLE ( 'NONE', #2241, 0.2499999999999995837 ) ;
#457 = CARTESIAN_POINT ( 'NONE',  ( -1.889999999999998126, 3.799999999999999822, 1.920000000000000151 ) ) ;
#458 = DIRECTION ( 'NONE',  ( -1.000000000000000000, -0.000000000000000000, -0.000000000000000000 ) ) ;
#459 = AXIS2_PLACEMENT_3D ( 'NONE', #1280, #3429, #840 ) ;
#460 = ORIENTED_EDGE ( 'NONE', *, *, #3224, .F. ) ;
#461 = CIRCLE ( 'NONE', #1786, 0.2499999999999995837 ) ;
#462 = EDGE_CURVE ( 'NONE', #2625, #357, #4830, .T. ) ;
#463 = DIRECTION ( 'NONE',  ( -0.000000000000000000, -0.000000000000000000, 1.000000000000000000 ) ) ;
#464 = VECTOR ( 'NONE', #5700, 1000.000000000000000 ) ;
#465 = CARTESIAN_POINT ( 'NONE',  ( -6.350000000000000533, 3.600000000000000089, -1.915000000000000924 ) ) ;
#466 = VECTOR ( 'NONE', #1622, 1000.000000000000000 ) ;
#467 = CARTESIAN_POINT ( 'NONE',  ( 6.349999999999999645, 3.600000000000000089, 2.414999999999999591 ) ) ;
#468 = LINE ( 'NONE', #2348, #4922 ) ;
#469 = ORIENTED_EDGE ( 'NONE', *, *, #3724, .T. ) ;
#470 = EDGE_LOOP ( 'NONE', ( #5620, #4781, #4822, #2662 ) ) ;
#471 = AXIS2_PLACEMENT_3D ( 'NONE', #4301, #2588, #5173 ) ;
#472 = AXIS2_PLACEMENT_3D ( 'NONE', #3889, #3461, #69 ) ;
#473 = DIRECTION ( 'NONE',  ( 0.000000000000000000, 0.000000000000000000, 1.000000000000000000 ) ) ;
#474 = DIRECTION ( 'NONE',  ( -0.000000000000000000, 1.000000000000000000, -0.000000000000000000 ) ) ;
#475 = ORIENTED_EDGE ( 'NONE', *, *, #4907, .T. ) ;
#476 = CARTESIAN_POINT ( 'NONE',  ( 4.430000000000001492, 3.799999999999999822, -1.919999999999999263 ) ) ;
#477 = AXIS2_PLACEMENT_3D ( 'NONE', #4207, #654, #5109 ) ;
#478 = ORIENTED_EDGE ( 'NONE', *, *, #317, .T. ) ;
#479 = ORIENTED_EDGE ( 'NONE', *, *, #4845, .T. ) ;
#480 = ORIENTED_EDGE ( 'NONE', *, *, #2566, .T. ) ;
#481 = AXIS2_PLACEMENT_3D ( 'NONE', #5250, #1626, #5573 ) ;
#482 = CARTESIAN_POINT ( 'NONE',  ( -5.729999999999998650, 3.600000000000000089, -1.919999999999999263 ) ) ;
#483 = EDGE_CURVE ( 'NONE', #605, #1165, #4573, .T. ) ;
#484 = DIRECTION ( 'NONE',  ( 0.000000000000000000, 0.000000000000000000, 1.000000000000000000 ) ) ;
#485 = EDGE_CURVE ( 'NONE', #243, #5150, #2396, .T. ) ;
#486 = LINE ( 'NONE', #925, #4663 ) ;
#487 = VERTEX_POINT ( 'NONE', #4156 ) ;
#488 = LINE ( 'NONE', #2283, #4190 ) ;
#489 = CARTESIAN_POINT ( 'NONE',  ( 2.230000000000000426, 1.459999999999999964, 0.9600000000000006306 ) ) ;
#490 = LINE ( 'NONE', #1871, #5117 ) ;
#491 = ORIENTED_EDGE ( 'NONE', *, *, #1433, .F. ) ;
#492 = CIRCLE ( 'NONE', #1250, 0.2499999999999995837 ) ;
#493 = EDGE_CURVE ( 'NONE', #4877, #179, #164, .T. ) ;
#494 = CARTESIAN_POINT ( 'NONE',  ( -1.889999999999998126, 1.459999999999999964, 2.169999999999999485 ) ) ;
#495 = DIRECTION ( 'NONE',  ( -0.000000000000000000, 1.000000000000000000, -0.000000000000000000 ) ) ;
#496 = LINE ( 'NONE', #1798, #278 ) ;
#497 = PRODUCT_DEFINITION_SHAPE ( 'NONE', 'NONE',  #5778 ) ;
#498 = EDGE_CURVE ( 'NONE', #5493, #1635, #2965, .T. ) ;
#499 = CARTESIAN_POINT ( 'NONE',  ( 2.230000000000000426, 1.459999999999999964, 1.580000000000000515 ) ) ;
#500 = ORIENTED_EDGE ( 'NONE', *, *, #2622, .T. ) ;
#501 = ORIENTED_EDGE ( 'NONE', *, *, #5375, .F. ) ;
#502 = CARTESIAN_POINT ( 'NONE',  ( 1.890000000000001013, 1.459999999999999964, -1.669999999999999707 ) ) ;
#503 = DIRECTION ( 'NONE',  ( 0.000000000000000000, 1.000000000000000000, 0.000000000000000000 ) ) ;
#504 = VECTOR ( 'NONE', #4275, 1000.000000000000000 ) ;
#505 = ORIENTED_EDGE ( 'NONE', *, *, #5471, .T. ) ;
#506 = CARTESIAN_POINT ( 'NONE',  ( 1.619730743616255575, 3.600000000000000089, 2.415000000000001368 ) ) ;
#507 = ADVANCED_FACE ( 'NONE', ( #1458 ), #5093, .T. ) ;
#508 = ORIENTED_EDGE ( 'NONE', *, *, #247, .T. ) ;
#509 = PRODUCT_DEFINITION_CONTEXT ( 'detailed design', #5579, 'design' ) ;
#510 = ORIENTED_EDGE ( 'NONE', *, *, #5542, .T. ) ;
#511 = CARTESIAN_POINT ( 'NONE',  ( 5.730000000000002203, 3.799999999999999822, 1.670000000000000373 ) ) ;
#512 = CARTESIAN_POINT ( 'NONE',  ( 3.637323417370720275E-16, 0.000000000000000000, -2.079999999999999627 ) ) ;
#513 = EDGE_CURVE ( 'NONE', #31, #4029, #5004, .T. ) ;
#514 = CARTESIAN_POINT ( 'NONE',  ( 1.890000000000001013, 1.259999999999999787, -1.669999999999999707 ) ) ;
#515 = EDGE_LOOP ( 'NONE', ( #5553, #2720 ) ) ;
#516 = ADVANCED_FACE ( 'NONE', ( #3292 ), #229, .F. ) ;
#517 = ADVANCED_FACE ( 'NONE', ( #5037 ), #2021, .F. ) ;
#518 = DIRECTION ( 'NONE',  ( -0.000000000000000000, -0.000000000000000000, 1.000000000000000000 ) ) ;
#519 = DIRECTION ( 'NONE',  ( 0.9063077870366474942, 0.000000000000000000, -0.4226182617407047704 ) ) ;
#520 = DIRECTION ( 'NONE',  ( 1.000000000000000000, -0.000000000000000000, 1.748713181428231081E-16 ) ) ;
#521 = ORIENTED_EDGE ( 'NONE', *, *, #3117, .T. ) ;
#522 = ADVANCED_FACE ( 'NONE', ( #2913 ), #2481, .F. ) ;
#523 = CARTESIAN_POINT ( 'NONE',  ( -5.389999999999998792, 0.6200000000000007727, -3.237878387081807308 ) ) ;
#524 = CARTESIAN_POINT ( 'NONE',  ( 1.223369234184499721, 1.459999999999999964, 1.765000000000001457 ) ) ;
#525 = CARTESIAN_POINT ( 'NONE',  ( -4.159730743616253612, 3.600000000000000089, 2.415000000000001368 ) ) ;
#526 = LINE ( 'NONE', #2685, #741 ) ;
#527 = VERTEX_POINT ( 'NONE', #5479 ) ;
#528 = CARTESIAN_POINT ( 'NONE',  ( -4.691230301211472664, -0.07876969878852652096, 5.157732355902391319 ) ) ;
#529 = CARTESIAN_POINT ( 'NONE',  ( -4.769999999999997797, 3.600000000000000089, -0.9600000000000005196 ) ) ;
#530 = VERTEX_POINT ( 'NONE', #1053 ) ;
#531 = CARTESIAN_POINT ( 'NONE',  ( -5.389999999999998792, 0.000000000000000000, 2.080000000000000515 ) ) ;
#532 = EDGE_CURVE ( 'NONE', #2207, #2827, #2824, .T. ) ;
#533 = VERTEX_POINT ( 'NONE', #726 ) ;
#534 = ORIENTED_EDGE ( 'NONE', *, *, #3161, .F. ) ;
#535 = VERTEX_POINT ( 'NONE', #871 ) ;
#536 = LINE ( 'NONE', #126, #4099 ) ;
#537 = LINE ( 'NONE', #2754, #3088 ) ;
#538 = DIRECTION ( 'NONE',  ( -0.000000000000000000, 1.000000000000000000, -0.000000000000000000 ) ) ;
#539 = CARTESIAN_POINT ( 'NONE',  ( -3.189999999999998614, 1.259999999999999787, -2.169999999999998597 ) ) ;
#540 = DIRECTION ( 'NONE',  ( -3.497426362856462163E-16, 0.000000000000000000, -1.000000000000000000 ) ) ;
#541 = EDGE_LOOP ( 'NONE', ( #4172, #3182, #973, #1853 ) ) ;
#542 = AXIS2_PLACEMENT_3D ( 'NONE', #3147, #2289, #969 ) ;
#543 = CARTESIAN_POINT ( 'NONE',  ( -2.849999999999999645, 3.600000000000000089, -0.9599999999999997424 ) ) ;
#544 = EDGE_CURVE ( 'NONE', #2926, #4982, #4012, .T. ) ;
#545 = AXIS2_PLACEMENT_3D ( 'NONE', #4631, #1109, #1022 ) ;
#546 = DIRECTION ( 'NONE',  ( 0.000000000000000000, 0.000000000000000000, 1.000000000000000000 ) ) ;
#547 = CARTESIAN_POINT ( 'NONE',  ( 0.3100000000000012745, 1.459999999999999964, -0.9599999999999999645 ) ) ;
#548 = ORIENTED_EDGE ( 'NONE', *, *, #4433, .F. ) ;
#549 = VECTOR ( 'NONE', #4878, 1000.000000000000000 ) ;
#550 =( NAMED_UNIT ( * ) PLANE_ANGLE_UNIT ( ) SI_UNIT ( $, .RADIAN. ) );
#551 = CYLINDRICAL_SURFACE ( 'NONE', #3525, 0.2499999999999995837 ) ;
#552 = EDGE_CURVE ( 'NONE', #739, #3033, #2701, .T. ) ;
#553 = FACE_OUTER_BOUND ( 'NONE', #4550, .T. ) ;
#554 = AXIS2_PLACEMENT_3D ( 'NONE', #2286, #5381, #76 ) ;
#555 = EDGE_CURVE ( 'NONE', #5114, #5616, #1781, .T. ) ;
#556 = VECTOR ( 'NONE', #3010, 1000.000000000000000 ) ;
#557 = LINE ( 'NONE', #30, #5387 ) ;
#558 = VERTEX_POINT ( 'NONE', #3487 ) ;
#559 = LINE ( 'NONE', #528, #1028 ) ;
#560 = VECTOR ( 'NONE', #520, 1000.000000000000000 ) ;
#561 = CIRCLE ( 'NONE', #2883, 0.2499999999999995837 ) ;
#562 = CARTESIAN_POINT ( 'NONE',  ( -4.769999999999997797, 1.120000000000001217, 1.580000000000000293 ) ) ;
#563 = ORIENTED_EDGE ( 'NONE', *, *, #3845, .F. ) ;
#564 = DIRECTION ( 'NONE',  ( 0.4226182617407044928, -0.000000000000000000, -0.9063077870366477162 ) ) ;
#565 = EDGE_CURVE ( 'NONE', #1944, #2272, #1170, .T. ) ;
#566 = VERTEX_POINT ( 'NONE', #1812 ) ;
#567 = VECTOR ( 'NONE', #4434, 1000.000000000000000 ) ;
#568 = ORIENTED_EDGE ( 'NONE', *, *, #4893, .T. ) ;
#569 = AXIS2_PLACEMENT_3D ( 'NONE', #5175, #2075, #1222 ) ;
#570 = UNCERTAINTY_MEASURE_WITH_UNIT (LENGTH_MEASURE( 1.000000000000000082E-05 ), #2810, 'distance_accuracy_value', 'NONE');
#571 = ORIENTED_EDGE ( 'NONE', *, *, #5328, .F. ) ;
#572 = EDGE_CURVE ( 'NONE', #2722, #2402, #3137, .T. ) ;
#573 = DIRECTION ( 'NONE',  ( -0.000000000000000000, -1.000000000000000000, 0.000000000000000000 ) ) ;
#574 = AXIS2_PLACEMENT_3D ( 'NONE', #156, #4126, #2785 ) ;
#575 = CARTESIAN_POINT ( 'NONE',  ( 0.000000000000000000, 0.000000000000000000, 0.000000000000000000 ) ) ;
#576 = LINE ( 'NONE', #3196, #4913 ) ;
#577 = ADVANCED_FACE ( 'NONE', ( #1339 ), #2671, .F. ) ;
#578 = EDGE_LOOP ( 'NONE', ( #4926, #4166, #4452, #4670 ) ) ;
#579 = AXIS2_PLACEMENT_3D ( 'NONE', #1095, #2862, #4170 ) ;
#580 = CARTESIAN_POINT ( 'NONE',  ( 5.730000000000002203, 1.459999999999999964, 1.920000000000000151 ) ) ;
#581 = AXIS2_PLACEMENT_3D ( 'NONE', #3296, #4637, #642 ) ;
#582 = PRESENTATION_LAYER_ASSIGNMENT (  '', '', ( #1896 ) ) ;
#583 = LINE ( 'NONE', #4746, #98 ) ;
#584 = CARTESIAN_POINT ( 'NONE',  ( 2.850000000000000533, 1.459999999999999964, -0.9599999999999999645 ) ) ;
#585 = ORIENTED_EDGE ( 'NONE', *, *, #3710, .F. ) ;
#586 = CARTESIAN_POINT ( 'NONE',  ( 6.349999999999999645, 3.600000000000000089, 2.414999999999999591 ) ) ;
#587 = FACE_OUTER_BOUND ( 'NONE', #3463, .T. ) ;
#588 = CARTESIAN_POINT ( 'NONE',  ( 3.763369234184498868, 1.459999999999999964, -1.765000000000002789 ) ) ;
#589 = VERTEX_POINT ( 'NONE', #5266 ) ;
#590 = FACE_OUTER_BOUND ( 'NONE', #3858, .T. ) ;
#591 = DIRECTION ( 'NONE',  ( 0.000000000000000000, 0.000000000000000000, -1.000000000000000000 ) ) ;
#592 = DIRECTION ( 'NONE',  ( 0.000000000000000000, 0.000000000000000000, 1.000000000000000000 ) ) ;
#593 = DIRECTION ( 'NONE',  ( -1.000000000000000000, -0.000000000000000000, -0.000000000000000000 ) ) ;
#594 = VERTEX_POINT ( 'NONE', #2160 ) ;
#595 = EDGE_LOOP ( 'NONE', ( #4256, #5166, #972, #3625 ) ) ;
#596 = EDGE_LOOP ( 'NONE', ( #2792, #184, #4320, #5746 ) ) ;
#597 = CARTESIAN_POINT ( 'NONE',  ( -4.769999999999998685, 1.459999999999999964, -0.9599999999999999645 ) ) ;
#598 = LINE ( 'NONE', #1126, #1512 ) ;
#599 = DIRECTION ( 'NONE',  ( 0.000000000000000000, 1.000000000000000000, 0.000000000000000000 ) ) ;
#600 = ORIENTED_EDGE ( 'NONE', *, *, #5360, .F. ) ;
#601 = DIRECTION ( 'NONE',  ( 0.000000000000000000, 1.000000000000000000, 0.000000000000000000 ) ) ;
#602 = EDGE_CURVE ( 'NONE', #2314, #3334, #1276, .T. ) ;
#603 = CARTESIAN_POINT ( 'NONE',  ( -4.769999999999997797, 0.000000000000000000, 3.237878387081806864 ) ) ;
#604 = ADVANCED_FACE ( 'NONE', ( #3552 ), #3811, .T. ) ;
#605 = VERTEX_POINT ( 'NONE', #5711 ) ;
#606 = DIRECTION ( 'NONE',  ( 0.000000000000000000, 1.000000000000000000, 0.000000000000000000 ) ) ;
#607 = ORIENTED_EDGE ( 'NONE', *, *, #3161, .T. ) ;
#608 = DIRECTION ( 'NONE',  ( 0.000000000000000000, 1.000000000000000000, 0.000000000000000000 ) ) ;
#609 = DIRECTION ( 'NONE',  ( 1.000000000000000000, 0.000000000000000000, 0.000000000000000000 ) ) ;
#610 = CARTESIAN_POINT ( 'NONE',  ( 4.430000000000001492, 1.259999999999999787, -1.669999999999999707 ) ) ;
#611 = LINE ( 'NONE', #5570, #2876 ) ;
#612 = ORIENTED_EDGE ( 'NONE', *, *, #4572, .F. ) ;
#613 = DIRECTION ( 'NONE',  ( 0.000000000000000000, -0.000000000000000000, 1.000000000000000000 ) ) ;
#614 = CARTESIAN_POINT ( 'NONE',  ( 0.000000000000000000, 0.000000000000000000, 0.000000000000000000 ) ) ;
#615 = EDGE_CURVE ( 'NONE', #1692, #3033, #898, .T. ) ;
#616 = CARTESIAN_POINT ( 'NONE',  ( 3.190000000000001723, 3.799999999999999822, 2.169999999999999485 ) ) ;
#617 = CARTESIAN_POINT ( 'NONE',  ( 3.190000000000001723, 1.259999999999999787, 1.670000000000000373 ) ) ;
#618 = ORIENTED_EDGE ( 'NONE', *, *, #2411, .F. ) ;
#619 = EDGE_LOOP ( 'NONE', ( #620, #4773, #4501, #5622 ) ) ;
#620 = ORIENTED_EDGE ( 'NONE', *, *, #1429, .T. ) ;
#621 = LINE ( 'NONE', #2007, #2882 ) ;
#622 = DIRECTION ( 'NONE',  ( 1.000000000000000000, 0.000000000000000000, -0.000000000000000000 ) ) ;
#623 = DIRECTION ( 'NONE',  ( 0.000000000000000000, 0.000000000000000000, 1.000000000000000000 ) ) ;
#624 = ORIENTED_EDGE ( 'NONE', *, *, #1841, .F. ) ;
#625 = LINE ( 'NONE', #306, #4360 ) ;
#626 = EDGE_CURVE ( 'NONE', #2340, #1153, #4263, .T. ) ;
#627 = VERTEX_POINT ( 'NONE', #2189 ) ;
#628 = CARTESIAN_POINT ( 'NONE',  ( -5.729999999999998650, 3.799999999999999822, -1.919999999999999263 ) ) ;
#629 = DIRECTION ( 'NONE',  ( 1.000000000000000000, 0.000000000000000000, 0.000000000000000000 ) ) ;
#630 = VERTEX_POINT ( 'NONE', #3924 ) ;
#631 = VECTOR ( 'NONE', #52, 1000.000000000000000 ) ;
#632 = FACE_OUTER_BOUND ( 'NONE', #4549, .T. ) ;
#633 = EDGE_LOOP ( 'NONE', ( #2287, #2013, #4829, #3561 ) ) ;
#634 = ADVANCED_FACE ( 'NONE', ( #5605 ), #4723, .F. ) ;
#635 = PLANE ( 'NONE',  #4679 ) ;
#636 = PLANE ( 'NONE',  #1298 ) ;
#637 = PLANE ( 'NONE',  #3537 ) ;
#638 = CARTESIAN_POINT ( 'NONE',  ( -5.729999999999998650, 1.259999999999999787, -1.919999999999999263 ) ) ;
#639 = EDGE_CURVE ( 'NONE', #5338, #4989, #2623, .T. ) ;
#640 = ORIENTED_EDGE ( 'NONE', *, *, #1726, .T. ) ;
#641 = AXIS2_PLACEMENT_3D ( 'NONE', #476, #1854, #4901 ) ;
#642 = DIRECTION ( 'NONE',  ( 0.4226182617407047704, 0.000000000000000000, -0.9063077870366474942 ) ) ;
#643 = VECTOR ( 'NONE', #4575, 1000.000000000000000 ) ;
#644 = LINE ( 'NONE', #3387, #4635 ) ;
#645 = VECTOR ( 'NONE', #4790, 1000.000000000000000 ) ;
#646 = PLANE ( 'NONE',  #2518 ) ;
#647 = PLANE ( 'NONE',  #3449 ) ;
#648 = VERTEX_POINT ( 'NONE', #4391 ) ;
#649 = ORIENTED_EDGE ( 'NONE', *, *, #4695, .T. ) ;
#650 = EDGE_LOOP ( 'NONE', ( #684, #4053, #5068, #4271 ) ) ;
#651 = VECTOR ( 'NONE', #100, 1000.000000000000000 ) ;
#652 = AXIS2_PLACEMENT_3D ( 'NONE', #3666, #46, #4863 ) ;
#653 = DIRECTION ( 'NONE',  ( -0.000000000000000000, 1.000000000000000000, -0.000000000000000000 ) ) ;
#654 = DIRECTION ( 'NONE',  ( 0.000000000000000000, 0.000000000000000000, 1.000000000000000000 ) ) ;
#655 = FILL_AREA_STYLE_COLOUR ( '', #4376 ) ;
#656 = ORIENTED_EDGE ( 'NONE', *, *, #5758, .T. ) ;
#657 = CARTESIAN_POINT ( 'NONE',  ( 2.850000000000001421, 3.600000000000000089, 0.9600000000000005196 ) ) ;
#658 = VECTOR ( 'NONE', #1471, 1000.000000000000000 ) ;
#659 = VECTOR ( 'NONE', #1266, 1000.000000000000000 ) ;
#660 = ORIENTED_EDGE ( 'NONE', *, *, #349, .F. ) ;
#661 = VECTOR ( 'NONE', #3493, 1000.000000000000000 ) ;
#662 = CARTESIAN_POINT ( 'NONE',  ( -2.849999999999998757, 1.459999999999999964, 1.580000000000000515 ) ) ;
#663 = EDGE_CURVE ( 'NONE', #594, #4232, #3515, .T. ) ;
#664 = CARTESIAN_POINT ( 'NONE',  ( -4.769999999999997797, 3.600000000000000089, -1.580000000000000293 ) ) ;
#665 = CIRCLE ( 'NONE', #4480, 0.2499999999999995837 ) ;
#666 = ORIENTED_EDGE ( 'NONE', *, *, #2019, .T. ) ;
#667 = LINE ( 'NONE', #1729, #4179 ) ;
#668 = ORIENTED_EDGE ( 'NONE', *, *, #552, .F. ) ;
#669 = VECTOR ( 'NONE', #4337, 1000.000000000000000 ) ;
#670 = CARTESIAN_POINT ( 'NONE',  ( 1.890000000000001013, 3.600000000000000089, -1.919999999999999263 ) ) ;
#671 = COLOUR_RGB ( '',0.2509803921568627416, 0.2509803921568627416, 0.2509803921568627416 ) ;
#672 = DIRECTION ( 'NONE',  ( 0.000000000000000000, 1.000000000000000000, 0.000000000000000000 ) ) ;
#673 = CARTESIAN_POINT ( 'NONE',  ( -2.229999999999998206, 1.459999999999999964, 1.580000000000000293 ) ) ;
#674 = FACE_OUTER_BOUND ( 'NONE', #4545, .T. ) ;
#675 = ADVANCED_FACE ( 'NONE', ( #398 ), #1307, .F. ) ;
#676 = ORIENTED_EDGE ( 'NONE', *, *, #5238, .F. ) ;
#677 = LINE ( 'NONE', #732, #299 ) ;
#678 = EDGE_CURVE ( 'NONE', #267, #2679, #4906, .T. ) ;
#679 = DIRECTION ( 'NONE',  ( 0.000000000000000000, 0.000000000000000000, 1.000000000000000000 ) ) ;
#680 = DIRECTION ( 'NONE',  ( 0.000000000000000000, 1.000000000000000000, 0.000000000000000000 ) ) ;
#681 = PLANE ( 'NONE',  #1229 ) ;
#682 = VERTEX_POINT ( 'NONE', #42 ) ;
#683 = EDGE_CURVE ( 'NONE', #238, #2867, #1863, .T. ) ;
#684 = ORIENTED_EDGE ( 'NONE', *, *, #2815, .T. ) ;
#685 = ORIENTED_EDGE ( 'NONE', *, *, #2525, .T. ) ;
#686 = DIRECTION ( 'NONE',  ( 0.3236155771181846164, -0.3236155771181846164, -0.8891264907159883712 ) ) ;
#687 = DIRECTION ( 'NONE',  ( -1.000000000000000000, 0.000000000000000000, 0.000000000000000000 ) ) ;
#688 = VERTEX_POINT ( 'NONE', #4994 ) ;
#689 = DIRECTION ( 'NONE',  ( -1.000000000000000000, 0.000000000000000000, 1.748713181428230588E-16 ) ) ;
#690 = ORIENTED_EDGE ( 'NONE', *, *, #4580, .F. ) ;
#691 = VECTOR ( 'NONE', #3466, 1000.000000000000000 ) ;
#692 = CARTESIAN_POINT ( 'NONE',  ( -0.6499999999999986899, 3.799999999999999822, -1.919999999999999263 ) ) ;
#693 = EDGE_CURVE ( 'NONE', #2575, #2668, #576, .T. ) ;
#694 = FACE_OUTER_BOUND ( 'NONE', #5426, .T. ) ;
#695 = ORIENTED_EDGE ( 'NONE', *, *, #2761, .T. ) ;
#696 = CARTESIAN_POINT ( 'NONE',  ( -4.769999999999997797, 1.120000000000001217, -1.580000000000000293 ) ) ;
#697 = VERTEX_POINT ( 'NONE', #4147 ) ;
#698 = EDGE_CURVE ( 'NONE', #4319, #5091, #3602, .T. ) ;
#699 = LINE ( 'NONE', #5092, #4966 ) ;
#700 = DIRECTION ( 'NONE',  ( 0.4226182617407046038, 0.000000000000000000, -0.9063077870366476052 ) ) ;
#701 = DIRECTION ( 'NONE',  ( 0.000000000000000000, 1.000000000000000000, 0.000000000000000000 ) ) ;
#702 = CARTESIAN_POINT ( 'NONE',  ( -5.389999999999998792, 0.000000000000000000, -2.080000000000000515 ) ) ;
#703 = ORIENTED_EDGE ( 'NONE', *, *, #3838, .T. ) ;
#704 = EDGE_CURVE ( 'NONE', #3505, #417, #2733, .T. ) ;
#705 = SURFACE_STYLE_USAGE ( .BOTH. , #5634 ) ;
#706 = LINE ( 'NONE', #2804, #917 ) ;
#707 = LINE ( 'NONE', #264, #5020 ) ;
#708 = CARTESIAN_POINT ( 'NONE',  ( -5.389999999999998792, 9.700000000000001066, 1.580000000000000515 ) ) ;
#709 = ORIENTED_EDGE ( 'NONE', *, *, #4969, .F. ) ;
#710 = EDGE_LOOP ( 'NONE', ( #4205, #219, #2052, #413 ) ) ;
#711 = DIRECTION ( 'NONE',  ( -0.000000000000000000, 1.000000000000000000, -0.000000000000000000 ) ) ;
#712 = CARTESIAN_POINT ( 'NONE',  ( 0.6500000000000021316, 1.259999999999999787, 1.920000000000000151 ) ) ;
#713 =( LENGTH_UNIT ( ) NAMED_UNIT ( * ) SI_UNIT ( .MILLI., .METRE. ) );
#714 = EDGE_CURVE ( 'NONE', #1565, #3654, #5410, .T. ) ;
#715 = ORIENTED_EDGE ( 'NONE', *, *, #3511, .F. ) ;
#716 = LINE ( 'NONE', #5645, #2142 ) ;
#717 = ORIENTED_EDGE ( 'NONE', *, *, #1258, .F. ) ;
#718 = DIRECTION ( 'NONE',  ( 0.000000000000000000, 1.000000000000000000, 0.000000000000000000 ) ) ;
#719 = PLANE ( 'NONE',  #5125 ) ;
#720 = ORIENTED_EDGE ( 'NONE', *, *, #900, .T. ) ;
#721 = LINE ( 'NONE', #3464, #3350 ) ;
#722 = ORIENTED_EDGE ( 'NONE', *, *, #1486, .F. ) ;
#723 = ADVANCED_FACE ( 'NONE', ( #3163 ), #1515, .T. ) ;
#724 = LINE ( 'NONE', #2505, #2431 ) ;
#725 = LINE ( 'NONE', #2507, #4219 ) ;
#726 = CARTESIAN_POINT ( 'NONE',  ( 3.190000000000001723, 3.600000000000000089, 1.670000000000000373 ) ) ;
#727 = VECTOR ( 'NONE', #797, 1000.000000000000000 ) ;
#728 = DIRECTION ( 'NONE',  ( 0.000000000000000000, 0.000000000000000000, -1.000000000000000000 ) ) ;
#729 = LINE ( 'NONE', #5519, #4744 ) ;
#730 = EDGE_LOOP ( 'NONE', ( #284, #624, #1058, #1723 ) ) ;
#731 = AXIS2_PLACEMENT_3D ( 'NONE', #3976, #4857, #2942 ) ;
#732 = CARTESIAN_POINT ( 'NONE',  ( -1.680902131047501191, 1.459999999999999964, 0.7838175363165179599 ) ) ;
#733 = EDGE_CURVE ( 'NONE', #325, #4879, #4355, .T. ) ;
#734 = DIRECTION ( 'NONE',  ( 0.000000000000000000, 1.000000000000000000, 0.000000000000000000 ) ) ;
#735 = DIRECTION ( 'NONE',  ( 0.000000000000000000, 1.000000000000000000, 0.000000000000000000 ) ) ;
#736 = AXIS2_PLACEMENT_3D ( 'NONE', #5452, #1933, #3691 ) ;
#737 = FACE_OUTER_BOUND ( 'NONE', #3340, .T. ) ;
#738 = VERTEX_POINT ( 'NONE', #2330 ) ;
#739 = VERTEX_POINT ( 'NONE', #959 ) ;
#740 = DIRECTION ( 'NONE',  ( 0.000000000000000000, 1.000000000000000000, 0.000000000000000000 ) ) ;
#741 = VECTOR ( 'NONE', #1848, 1000.000000000000000 ) ;
#742 = AXIS2_PLACEMENT_3D ( 'NONE', #746, #276, #5143 ) ;
#743 = CARTESIAN_POINT ( 'NONE',  ( -2.229999999999999094, 3.600000000000000089, -1.579999999999999627 ) ) ;
#744 = PRODUCT_CONTEXT ( 'NONE', #3194, 'mechanical' ) ;
#745 = VERTEX_POINT ( 'NONE', #104 ) ;
#746 = CARTESIAN_POINT ( 'NONE',  ( -1.889999999999998126, 3.799999999999999822, 1.920000000000000151 ) ) ;
#747 = EDGE_LOOP ( 'NONE', ( #4963, #1385, #3287, #5759 ) ) ;
#748 = EDGE_CURVE ( 'NONE', #2988, #4232, #1897, .T. ) ;
#749 = FACE_BOUND ( 'NONE', #1830, .T. ) ;
#750 = VECTOR ( 'NONE', #2032, 1000.000000000000000 ) ;
#751 = AXIS2_PLACEMENT_3D ( 'NONE', #4809, #5718, #5212 ) ;
#752 = ADVANCED_FACE ( 'NONE', ( #1923 ), #1011, .T. ) ;
#753 = FACE_OUTER_BOUND ( 'NONE', #2565, .T. ) ;
#754 = ORIENTED_EDGE ( 'NONE', *, *, #80, .F. ) ;
#755 = LINE ( 'NONE', #3928, #5682 ) ;
#756 = CIRCLE ( 'NONE', #3078, 0.2499999999999995837 ) ;
#757 = AXIS2_PLACEMENT_3D ( 'NONE', #5086, #2039, #5561 ) ;
#758 = ORIENTED_EDGE ( 'NONE', *, *, #4039, .T. ) ;
#759 = CARTESIAN_POINT ( 'NONE',  ( -2.849999999999998757, 3.600000000000000089, 0.9600000000000006306 ) ) ;
#760 = CARTESIAN_POINT ( 'NONE',  ( -2.491778397556282609, 1.459999999999999964, 1.161935349205704515 ) ) ;
#761 = AXIS2_PLACEMENT_3D ( 'NONE', #983, #101, #2328 ) ;
#762 = ADVANCED_FACE ( 'NONE', ( #4558 ), #2386, .F. ) ;
#763 = CARTESIAN_POINT ( 'NONE',  ( 6.349999999999999645, 1.459999999999999964, -1.915000000000002034 ) ) ;
#764 = CARTESIAN_POINT ( 'NONE',  ( 4.430000000000001492, 1.259999999999999787, -1.919999999999999263 ) ) ;
#765 = VERTEX_POINT ( 'NONE', #4037 ) ;
#766 = VECTOR ( 'NONE', #1852, 1000.000000000000000 ) ;
#767 = LINE ( 'NONE', #796, #2998 ) ;
#768 = CARTESIAN_POINT ( 'NONE',  ( -4.429999999999997939, 1.259999999999999787, 1.920000000000000151 ) ) ;
#769 = EDGE_CURVE ( 'NONE', #3423, #4958, #1861, .T. ) ;
#770 = CARTESIAN_POINT ( 'NONE',  ( -3.856630765815500794, 1.459999999999999964, 1.765000000000001457 ) ) ;
#771 = CARTESIAN_POINT ( 'NONE',  ( 4.159730743616254500, 3.600000000000000089, -2.415000000000002256 ) ) ;
#772 = VERTEX_POINT ( 'NONE', #2782 ) ;
#773 = EDGE_LOOP ( 'NONE', ( #4951, #3233, #1003, #3877 ) ) ;
#774 = ADVANCED_FACE ( 'NONE', ( #5468 ), #1476, .F. ) ;
#775 = EDGE_CURVE ( 'NONE', #2999, #1191, #1044, .T. ) ;
#776 = CARTESIAN_POINT ( 'NONE',  ( -0.6499999999999986899, 1.459999999999999964, -1.919999999999999263 ) ) ;
#777 = LINE ( 'NONE', #2121, #11 ) ;
#778 = DIRECTION ( 'NONE',  ( 0.000000000000000000, 0.000000000000000000, 1.000000000000000000 ) ) ;
#779 = EDGE_LOOP ( 'NONE', ( #1300, #420, #4089, #5235 ) ) ;
#780 = CARTESIAN_POINT ( 'NONE',  ( -6.116846170922497272, 1.459999999999999964, 2.415000000000001368 ) ) ;
#781 = ORIENTED_EDGE ( 'NONE', *, *, #4455, .F. ) ;
#782 = CIRCLE ( 'NONE', #214, 0.2499999999999995837 ) ;
#783 = EDGE_CURVE ( 'NONE', #648, #1271, #2756, .T. ) ;
#784 = DIRECTION ( 'NONE',  ( -1.000000000000000000, 0.000000000000000000, 1.748713181428231081E-16 ) ) ;
#785 = DIRECTION ( 'NONE',  ( 0.4226182617407052144, 0.000000000000000000, 0.9063077870366472721 ) ) ;
#786 = ORIENTED_EDGE ( 'NONE', *, *, #1254, .T. ) ;
#787 = CYLINDRICAL_SURFACE ( 'NONE', #459, 0.2499999999999995837 ) ;
#788 = ORIENTED_EDGE ( 'NONE', *, *, #2732, .T. ) ;
#789 = EDGE_CURVE ( 'NONE', #2305, #3852, #2814, .T. ) ;
#790 = CARTESIAN_POINT ( 'NONE',  ( -0.6499999999999986899, 3.600000000000000089, -1.919999999999999263 ) ) ;
#791 = DIRECTION ( 'NONE',  ( 0.000000000000000000, 0.000000000000000000, 1.000000000000000000 ) ) ;
#792 = EDGE_CURVE ( 'NONE', #911, #5207, #3709, .T. ) ;
#793 = FACE_OUTER_BOUND ( 'NONE', #2011, .T. ) ;
#794 = CARTESIAN_POINT ( 'NONE',  ( 0.3100000000000012745, 3.600000000000000089, -1.579999999999999627 ) ) ;
#795 = EDGE_LOOP ( 'NONE', ( #1341, #521, #3013, #400 ) ) ;
#796 = CARTESIAN_POINT ( 'NONE',  ( 6.349999999999999645, 1.459999999999999964, -2.415000000000000480 ) ) ;
#797 = DIRECTION ( 'NONE',  ( 0.000000000000000000, 1.000000000000000000, 0.000000000000000000 ) ) ;
#798 = CARTESIAN_POINT ( 'NONE',  ( 6.116846170922497272, 1.459999999999999964, 2.415000000000001368 ) ) ;
#799 = DIRECTION ( 'NONE',  ( -1.000000000000000000, 0.000000000000000000, 1.365923996832131609E-16 ) ) ;
#800 = ORIENTED_EDGE ( 'NONE', *, *, #4372, .T. ) ;
#801 = EDGE_LOOP ( 'NONE', ( #4643, #3969, #618, #3211 ) ) ;
#802 = DIRECTION ( 'NONE',  ( 0.000000000000000000, 1.000000000000000000, 0.000000000000000000 ) ) ;
#803 = EDGE_CURVE ( 'NONE', #5421, #3712, #4173, .T. ) ;
#804 = CARTESIAN_POINT ( 'NONE',  ( -6.349999999999998757, 3.600000000000000089, 2.415000000000001368 ) ) ;
#805 = VERTEX_POINT ( 'NONE', #3308 ) ;
#806 = CARTESIAN_POINT ( 'NONE',  ( -5.389999999999999680, 3.600000000000000089, -0.9599999999999997424 ) ) ;
#807 = ORIENTED_EDGE ( 'NONE', *, *, #1828, .T. ) ;
#808 = CARTESIAN_POINT ( 'NONE',  ( -5.239999999999998437, 9.700000000000001066, 1.429999999999999494 ) ) ;
#809 = CARTESIAN_POINT ( 'NONE',  ( -6.349999999999999645, 1.459999999999999964, 1.915000000000001368 ) ) ;
#810 = ORIENTED_EDGE ( 'NONE', *, *, #2960, .F. ) ;
#811 = DIRECTION ( 'NONE',  ( 0.000000000000000000, 1.000000000000000000, 0.000000000000000000 ) ) ;
#812 = FACE_OUTER_BOUND ( 'NONE', #1747, .T. ) ;
#813 = FACE_OUTER_BOUND ( 'NONE', #3591, .T. ) ;
#814 = ADVANCED_FACE ( 'NONE', ( #1159 ), #2930, .T. ) ;
#815 = CARTESIAN_POINT ( 'NONE',  ( 4.430000000000001492, 1.459999999999999964, -1.919999999999999263 ) ) ;
#816 = CARTESIAN_POINT ( 'NONE',  ( -5.389999999999998792, 0.6200000000000007727, 2.080000000000000071 ) ) ;
#817 = ORIENTED_EDGE ( 'NONE', *, *, #953, .F. ) ;
#818 = EDGE_CURVE ( 'NONE', #3012, #5366, #2495, .T. ) ;
#819 = CARTESIAN_POINT ( 'NONE',  ( -6.350000000000000533, 1.459999999999999964, -1.915000000000000924 ) ) ;
#820 = CARTESIAN_POINT ( 'NONE',  ( -3.189999999999998614, 1.259999999999999787, -1.919999999999999263 ) ) ;
#821 = DIRECTION ( 'NONE',  ( 0.000000000000000000, 1.000000000000000000, 0.000000000000000000 ) ) ;
#822 = EDGE_CURVE ( 'NONE', #3306, #745, #1546, .T. ) ;
#823 = LINE ( 'NONE', #1241, #4186 ) ;
#824 = EDGE_LOOP ( 'NONE', ( #1784, #113, #1663, #1632 ) ) ;
#825 = ORIENTED_EDGE ( 'NONE', *, *, #3215, .F. ) ;
#826 = VECTOR ( 'NONE', #3904, 1000.000000000000000 ) ;
#827 = CARTESIAN_POINT ( 'NONE',  ( 1.890000000000001013, 1.259999999999999787, -2.169999999999998597 ) ) ;
#828 = CARTESIAN_POINT ( 'NONE',  ( -4.429999999999997939, 1.459999999999999964, 2.169999999999999485 ) ) ;
#829 = ORIENTED_EDGE ( 'NONE', *, *, #3469, .F. ) ;
#830 = VECTOR ( 'NONE', #1621, 1000.000000000000000 ) ;
#831 = DIRECTION ( 'NONE',  ( -0.000000000000000000, -0.000000000000000000, 1.000000000000000000 ) ) ;
#832 = ORIENTED_EDGE ( 'NONE', *, *, #2216, .T. ) ;
#833 = VECTOR ( 'NONE', #5057, 1000.000000000000000 ) ;
#834 = DIRECTION ( 'NONE',  ( 0.000000000000000000, 0.000000000000000000, 1.000000000000000000 ) ) ;
#835 = DIRECTION ( 'NONE',  ( -0.000000000000000000, 1.000000000000000000, -0.000000000000000000 ) ) ;
#836 = VECTOR ( 'NONE', #342, 1000.000000000000000 ) ;
#837 = COLOUR_RGB ( '',0.7960784313725489669, 0.8235294117647058432, 0.9372549019607843146 ) ;
#838 = DIRECTION ( 'NONE',  ( -1.365923996832131609E-16, 0.000000000000000000, -1.000000000000000000 ) ) ;
#839 = ORIENTED_EDGE ( 'NONE', *, *, #4042, .F. ) ;
#840 = DIRECTION ( 'NONE',  ( 0.000000000000000000, 0.000000000000000000, 1.000000000000000000 ) ) ;
#841 = ADVANCED_FACE ( 'NONE', ( #4686 ), #1185, .T. ) ;
#842 = AXIS2_PLACEMENT_3D ( 'NONE', #3000, #5714, #2078 ) ;
#843 = VECTOR ( 'NONE', #5273, 1000.000000000000000 ) ;
#844 = DIRECTION ( 'NONE',  ( 0.000000000000000000, 0.000000000000000000, 1.000000000000000000 ) ) ;
#845 = CARTESIAN_POINT ( 'NONE',  ( -4.769999999999997797, 0.000000000000000000, 2.080000000000000515 ) ) ;
#846 = CARTESIAN_POINT ( 'NONE',  ( -5.389999999999998792, 3.600000000000000089, 1.580000000000000515 ) ) ;
#847 =( GEOMETRIC_REPRESENTATION_CONTEXT ( 3 ) GLOBAL_UNCERTAINTY_ASSIGNED_CONTEXT ( ( #3544 ) ) GLOBAL_UNIT_ASSIGNED_CONTEXT ( ( #4591, #3331, #4647 ) ) REPRESENTATION_CONTEXT ( 'NONE', 'WORKASPACE' ) );
#848 = VECTOR ( 'NONE', #4121, 1000.000000000000000 ) ;
#849 = AXIS2_PLACEMENT_3D ( 'NONE', #708, #540, #1088 ) ;
#850 = DIRECTION ( 'NONE',  ( -0.000000000000000000, 1.000000000000000000, -0.000000000000000000 ) ) ;
#851 = ORIENTED_EDGE ( 'NONE', *, *, #4938, .T. ) ;
#852 = EDGE_CURVE ( 'NONE', #3313, #4014, #4546, .T. ) ;
#853 = CIRCLE ( 'NONE', #102, 0.2499999999999995837 ) ;
#854 = CARTESIAN_POINT ( 'NONE',  ( -3.189999999999998614, 3.600000000000000089, -1.669999999999999707 ) ) ;
#855 = LINE ( 'NONE', #2088, #826 ) ;
#856 = DIRECTION ( 'NONE',  ( -0.3236155771181828955, 0.8891264907159897035, 0.3236155771181828955 ) ) ;
#857 = CARTESIAN_POINT ( 'NONE',  ( -0.3099999999999986655, 1.459999999999999964, 1.580000000000000515 ) ) ;
#858 = VERTEX_POINT ( 'NONE', #4210 ) ;
#859 = CIRCLE ( 'NONE', #4944, 0.2499999999999995837 ) ;
#860 = ORIENTED_EDGE ( 'NONE', *, *, #4215, .T. ) ;
#861 = PLANE ( 'NONE',  #4562 ) ;
#862 = EDGE_CURVE ( 'NONE', #2079, #4324, #2513, .T. ) ;
#863 = CARTESIAN_POINT ( 'NONE',  ( -4.919999999999999041, 9.700000000000001066, -1.429999999999999272 ) ) ;
#864 = VECTOR ( 'NONE', #474, 1000.000000000000000 ) ;
#865 = ORIENTED_EDGE ( 'NONE', *, *, #3469, .T. ) ;
#866 = DIRECTION ( 'NONE',  ( 0.000000000000000000, 0.000000000000000000, 1.000000000000000000 ) ) ;
#867 = EDGE_CURVE ( 'NONE', #2855, #1133, #716, .T. ) ;
#868 = ORIENTED_EDGE ( 'NONE', *, *, #2936, .T. ) ;
#869 = VERTEX_POINT ( 'NONE', #657 ) ;
#870 = DIRECTION ( 'NONE',  ( 0.000000000000000000, 1.000000000000000000, 0.000000000000000000 ) ) ;
#871 = CARTESIAN_POINT ( 'NONE',  ( -5.389999999999999680, 3.600000000000000089, -1.579999999999999405 ) ) ;
#872 = LINE ( 'NONE', #1864, #5403 ) ;
#873 = ORIENTED_EDGE ( 'NONE', *, *, #5416, .F. ) ;
#874 = CARTESIAN_POINT ( 'NONE',  ( -5.389999999999998792, 3.600000000000000089, 0.9600000000000006306 ) ) ;
#875 = EDGE_CURVE ( 'NONE', #5049, #4239, #1636, .T. ) ;
#876 = LINE ( 'NONE', #1448, #2001 ) ;
#877 = ADVANCED_FACE ( 'NONE', ( #4261 ), #5559, .F. ) ;
#878 = PLANE ( 'NONE',  #2618 ) ;
#879 = DIRECTION ( 'NONE',  ( -0.000000000000000000, 1.000000000000000000, -0.000000000000000000 ) ) ;
#880 = ORIENTED_EDGE ( 'NONE', *, *, #544, .T. ) ;
#881 = LINE ( 'NONE', #2681, #4689 ) ;
#882 = CARTESIAN_POINT ( 'NONE',  ( 5.390000000000000568, 1.459999999999999964, -0.9599999999999999645 ) ) ;
#883 = EDGE_CURVE ( 'NONE', #5120, #4365, #1573, .T. ) ;
#884 = LINE ( 'NONE', #1240, #645 ) ;
#885 = DIRECTION ( 'NONE',  ( 0.000000000000000000, 0.000000000000000000, 1.000000000000000000 ) ) ;
#886 = VERTEX_POINT ( 'NONE', #5586 ) ;
#887 = EDGE_LOOP ( 'NONE', ( #3295, #2409, #4426, #1033 ) ) ;
#888 = LINE ( 'NONE', #827, #2344 ) ;
#889 = CARTESIAN_POINT ( 'NONE',  ( -1.889999999999998126, 1.259999999999999787, 2.169999999999999485 ) ) ;
#890 = ORIENTED_EDGE ( 'NONE', *, *, #2960, .T. ) ;
#891 = DIRECTION ( 'NONE',  ( -1.000000000000000000, 0.000000000000000000, 0.000000000000000000 ) ) ;
#892 = ORIENTED_EDGE ( 'NONE', *, *, #441, .T. ) ;
#893 = EDGE_CURVE ( 'NONE', #738, #4548, #5111, .T. ) ;
#894 = ORIENTED_EDGE ( 'NONE', *, *, #1903, .F. ) ;
#895 = VERTEX_POINT ( 'NONE', #4738 ) ;
#896 = EDGE_CURVE ( 'NONE', #5241, #1826, #4299, .T. ) ;
#897 = PLANE ( 'NONE',  #761 ) ;
#898 = LINE ( 'NONE', #1752, #4449 ) ;
#899 = LINE ( 'NONE', #4040, #2707 ) ;
#900 = EDGE_CURVE ( 'NONE', #5339, #61, #1130, .T. ) ;
#901 = ORIENTED_EDGE ( 'NONE', *, *, #2446, .F. ) ;
#902 = CARTESIAN_POINT ( 'NONE',  ( -4.429999999999997939, 1.259999999999999787, 1.920000000000000151 ) ) ;
#903 = DIRECTION ( 'NONE',  ( 0.000000000000000000, 0.000000000000000000, 1.000000000000000000 ) ) ;
#904 = DIRECTION ( 'NONE',  ( 0.000000000000000000, 0.000000000000000000, -1.000000000000000000 ) ) ;
#905 = EDGE_CURVE ( 'NONE', #3945, #3238, #625, .T. ) ;
#906 = VERTEX_POINT ( 'NONE', #244 ) ;
#907 = FACE_OUTER_BOUND ( 'NONE', #4298, .T. ) ;
#908 = DIRECTION ( 'NONE',  ( 1.000000000000000000, -0.000000000000000000, -0.000000000000000000 ) ) ;
#909 = CYLINDRICAL_SURFACE ( 'NONE', #5218, 0.2499999999999995837 ) ;
#910 = EDGE_LOOP ( 'NONE', ( #839, #3865 ) ) ;
#911 = VERTEX_POINT ( 'NONE', #2412 ) ;
#912 = ADVANCED_FACE ( 'NONE', ( #1984 ), #2099, .F. ) ;
#913 = CARTESIAN_POINT ( 'NONE',  ( -3.189999999999998614, 1.259999999999999787, -1.919999999999999263 ) ) ;
#914 = LINE ( 'NONE', #4436, #4111 ) ;
#915 = ORIENTED_EDGE ( 'NONE', *, *, #3557, .T. ) ;
#916 = CARTESIAN_POINT ( 'NONE',  ( -1.889999999999998126, 1.259999999999999787, 1.670000000000000373 ) ) ;
#917 = VECTOR ( 'NONE', #1116, 1000.000000000000000 ) ;
#918 = ORIENTED_EDGE ( 'NONE', *, *, #4873, .F. ) ;
#919 = ORIENTED_EDGE ( 'NONE', *, *, #50, .T. ) ;
#920 = EDGE_LOOP ( 'NONE', ( #2086, #4642, #810, #1775 ) ) ;
#921 = EDGE_CURVE ( 'NONE', #2931, #697, #3798, .T. ) ;
#922 = VECTOR ( 'NONE', #4443, 1000.000000000000000 ) ;
#923 = CARTESIAN_POINT ( 'NONE',  ( -5.729999999999998650, 3.600000000000000089, -1.919999999999999263 ) ) ;
#924 = DIRECTION ( 'NONE',  ( 0.000000000000000000, 0.000000000000000000, -1.000000000000000000 ) ) ;
#925 = CARTESIAN_POINT ( 'NONE',  ( -0.9202692563837445716, 1.259999999999999787, 2.415000000000001368 ) ) ;
#926 = EDGE_CURVE ( 'NONE', #1892, #2340, #1299, .T. ) ;
#927 = VERTEX_POINT ( 'NONE', #5262 ) ;
#928 = VECTOR ( 'NONE', #1004, 1000.000000000000000 ) ;
#929 = DIRECTION ( 'NONE',  ( 0.4226182617407052144, -0.000000000000000000, 0.9063077870366472721 ) ) ;
#930 = VECTOR ( 'NONE', #1680, 1000.000000000000000 ) ;
#931 = EDGE_CURVE ( 'NONE', #535, #4375, #5756, .T. ) ;
#932 = AXIS2_PLACEMENT_3D ( 'NONE', #4429, #2089, #3474 ) ;
#933 = CYLINDRICAL_SURFACE ( 'NONE', #4656, 0.2499999999999995837 ) ;
#934 = PLANE ( 'NONE',  #89 ) ;
#935 = VECTOR ( 'NONE', #3402, 1000.000000000000000 ) ;
#936 = ORIENTED_EDGE ( 'NONE', *, *, #2102, .F. ) ;
#937 = AXIS2_PLACEMENT_3D ( 'NONE', #4483, #2307, #1397 ) ;
#938 = DIRECTION ( 'NONE',  ( 0.000000000000000000, 0.000000000000000000, 1.000000000000000000 ) ) ;
#939 = AXIS2_PLACEMENT_3D ( 'NONE', #1659, #4769, #4321 ) ;
#940 = CARTESIAN_POINT ( 'NONE',  ( 1.890000000000001013, 3.799999999999999822, -1.919999999999999263 ) ) ;
#941 = VECTOR ( 'NONE', #3718, 1000.000000000000000 ) ;
#942 = CARTESIAN_POINT ( 'NONE',  ( -4.769999999999998685, 1.459999999999999964, -0.9599999999999999645 ) ) ;
#943 = CARTESIAN_POINT ( 'NONE',  ( -4.769999999999997797, 0.6200000000000007727, 3.237878387081807308 ) ) ;
#944 = ORIENTED_EDGE ( 'NONE', *, *, #1639, .T. ) ;
#945 = ORIENTED_EDGE ( 'NONE', *, *, #3548, .F. ) ;
#946 = VECTOR ( 'NONE', #402, 1000.000000000000000 ) ;
#947 = PLANE ( 'NONE',  #5123 ) ;
#948 = CARTESIAN_POINT ( 'NONE',  ( -5.255709056263029311, 0.1342909437369696202, 3.606839722636381751 ) ) ;
#949 = EDGE_CURVE ( 'NONE', #5281, #2214, #2605, .T. ) ;
#950 = EDGE_LOOP ( 'NONE', ( #1808, #2413, #3871, #1456 ) ) ;
#951 = DIRECTION ( 'NONE',  ( 0.000000000000000000, 0.000000000000000000, -1.000000000000000000 ) ) ;
#952 = AXIS2_PLACEMENT_3D ( 'NONE', #4234, #5053, #242 ) ;
#953 = EDGE_CURVE ( 'NONE', #2381, #238, #3065, .T. ) ;
#954 = ORIENTED_EDGE ( 'NONE', *, *, #425, .F. ) ;
#955 = EDGE_CURVE ( 'NONE', #3222, #4581, #1482, .T. ) ;
#956 = ORIENTED_EDGE ( 'NONE', *, *, #4604, .T. ) ;
#957 = AXIS2_PLACEMENT_3D ( 'NONE', #3321, #5098, #4517 ) ;
#958 = DIRECTION ( 'NONE',  ( 0.000000000000000000, 1.000000000000000000, 0.000000000000000000 ) ) ;
#959 = CARTESIAN_POINT ( 'NONE',  ( -1.223369234184497945, 1.459999999999999964, 1.765000000000001457 ) ) ;
#960 = DIRECTION ( 'NONE',  ( -0.000000000000000000, 0.000000000000000000, 1.000000000000000000 ) ) ;
#961 = VERTEX_POINT ( 'NONE', #5234 ) ;
#962 = EDGE_CURVE ( 'NONE', #1844, #56, #2990, .T. ) ;
#963 = LINE ( 'NONE', #2014, #1609 ) ;
#964 = DIRECTION ( 'NONE',  ( 0.9063077870366477162, 0.000000000000000000, -0.4226182617407043818 ) ) ;
#965 = LINE ( 'NONE', #1369, #3807 ) ;
#966 = VERTEX_POINT ( 'NONE', #4823 ) ;
#967 = EDGE_CURVE ( 'NONE', #1943, #4931, #2644, .T. ) ;
#968 = SURFACE_SIDE_STYLE ('',( #3178 ) ) ;
#969 = DIRECTION ( 'NONE',  ( 0.000000000000000000, 0.000000000000000000, -1.000000000000000000 ) ) ;
#970 = DIRECTION ( 'NONE',  ( -1.000000000000000000, 0.000000000000000000, -3.497426362856462163E-16 ) ) ;
#971 = CARTESIAN_POINT ( 'NONE',  ( 3.856630765815501682, 1.259999999999999787, -1.765000000000002789 ) ) ;
#972 = ORIENTED_EDGE ( 'NONE', *, *, #2102, .T. ) ;
#973 = ORIENTED_EDGE ( 'NONE', *, *, #409, .F. ) ;
#974 = CARTESIAN_POINT ( 'NONE',  ( 4.430000000000001492, 1.459999999999999964, -1.669999999999999707 ) ) ;
#975 = CARTESIAN_POINT ( 'NONE',  ( -5.239999999999999325, 0.000000000000000000, 3.649999999999999911 ) ) ;
#976 = EDGE_LOOP ( 'NONE', ( #3309, #1150, #5633, #1658 ) ) ;
#977 = DIRECTION ( 'NONE',  ( 0.000000000000000000, 0.000000000000000000, -1.000000000000000000 ) ) ;
#978 = ORIENTED_EDGE ( 'NONE', *, *, #4357, .F. ) ;
#979 = ORIENTED_EDGE ( 'NONE', *, *, #2878, .F. ) ;
#980 = ADVANCED_FACE ( 'NONE', ( #5320 ), #1748, .T. ) ;
#981 = ORIENTED_EDGE ( 'NONE', *, *, #4572, .T. ) ;
#982 = DIRECTION ( 'NONE',  ( -1.000000000000000000, 0.000000000000000000, 0.000000000000000000 ) ) ;
#983 = CARTESIAN_POINT ( 'NONE',  ( -5.239999999999998437, 9.700000000000001066, 0.000000000000000000 ) ) ;
#984 = DIRECTION ( 'NONE',  ( 0.000000000000000000, 0.000000000000000000, -1.000000000000000000 ) ) ;
#985 = DIRECTION ( 'NONE',  ( -0.3236155771181828955, -0.8891264907159897035, 0.3236155771181827290 ) ) ;
#986 = FACE_OUTER_BOUND ( 'NONE', #1674, .T. ) ;
#987 = EDGE_LOOP ( 'NONE', ( #2282, #246, #3401, #5132 ) ) ;
#988 = LINE ( 'NONE', #3113, #5217 ) ;
#989 = EDGE_CURVE ( 'NONE', #1716, #287, #393, .T. ) ;
#990 = DIRECTION ( 'NONE',  ( 1.000000000000000000, -0.000000000000000000, -3.497426362856461177E-16 ) ) ;
#991 = DIRECTION ( 'NONE',  ( -0.4226182617407043263, 0.000000000000000000, 0.9063077870366476052 ) ) ;
#992 = ORIENTED_EDGE ( 'NONE', *, *, #896, .F. ) ;
#993 = EDGE_CURVE ( 'NONE', #1247, #772, #2124, .T. ) ;
#994 = FILL_AREA_STYLE ('',( #199 ) ) ;
#995 = CARTESIAN_POINT ( 'NONE',  ( -1.889999999999998126, 3.600000000000000089, 2.169999999999999485 ) ) ;
#996 = LINE ( 'NONE', #1823, #2787 ) ;
#997 = CARTESIAN_POINT ( 'NONE',  ( -5.389999999999998792, 9.700000000000001066, -1.580000000000000515 ) ) ;
#998 = ADVANCED_FACE ( 'NONE', ( #3943 ), #4798, .F. ) ;
#999 = ORIENTED_EDGE ( 'NONE', *, *, #1860, .F. ) ;
#1000 = FACE_BOUND ( 'NONE', #2144, .T. ) ;
#1001 = CARTESIAN_POINT ( 'NONE',  ( -5.389999999999998792, 0.000000000000000000, 3.237878387081806864 ) ) ;
#1002 = ADVANCED_FACE ( 'NONE', ( #3572 ), #5286, .T. ) ;
#1003 = ORIENTED_EDGE ( 'NONE', *, *, #5419, .T. ) ;
#1004 = DIRECTION ( 'NONE',  ( 0.000000000000000000, 0.000000000000000000, -1.000000000000000000 ) ) ;
#1005 = VERTEX_POINT ( 'NONE', #2666 ) ;
#1006 = EDGE_LOOP ( 'NONE', ( #5449, #1216, #3176, #5699 ) ) ;
#1007 = ORIENTED_EDGE ( 'NONE', *, *, #4998, .T. ) ;
#1008 =( NAMED_UNIT ( * ) PLANE_ANGLE_UNIT ( ) SI_UNIT ( $, .RADIAN. ) );
#1009 = CARTESIAN_POINT ( 'NONE',  ( 1.890000000000001013, 1.259999999999999787, -1.919999999999999263 ) ) ;
#1010 = CARTESIAN_POINT ( 'NONE',  ( 6.349999999999999645, 3.600000000000000089, -2.415000000000000480 ) ) ;
#1011 = CYLINDRICAL_SURFACE ( 'NONE', #4640, 0.2499999999999995837 ) ;
#1012 = ORIENTED_EDGE ( 'NONE', *, *, #639, .T. ) ;
#1013 = VECTOR ( 'NONE', #1201, 999.9999999999998863 ) ;
#1014 = LINE ( 'NONE', #3141, #1505 ) ;
#1015 = AXIS2_PLACEMENT_3D ( 'NONE', #1525, #5065, #1144 ) ;
#1016 = CARTESIAN_POINT ( 'NONE',  ( -4.769999999999997797, 0.6200000000000007727, 3.237878387081807308 ) ) ;
#1017 = ADVANCED_FACE ( 'NONE', ( #356 ), #4438, .T. ) ;
#1018 = PLANE ( 'NONE',  #2339 ) ;
#1019 = ORIENTED_EDGE ( 'NONE', *, *, #4077, .F. ) ;
#1020 = VECTOR ( 'NONE', #1234, 1000.000000000000000 ) ;
#1021 = VECTOR ( 'NONE', #5732, 1000.000000000000000 ) ;
#1022 = DIRECTION ( 'NONE',  ( 0.000000000000000000, 0.000000000000000000, -1.000000000000000000 ) ) ;
#1023 = PLANE ( 'NONE',  #5678 ) ;
#1024 = VECTOR ( 'NONE', #1994, 1000.000000000000227 ) ;
#1025 = FACE_OUTER_BOUND ( 'NONE', #619, .T. ) ;
#1026 = ORIENTED_EDGE ( 'NONE', *, *, #3714, .T. ) ;
#1027 = FACE_BOUND ( 'NONE', #515, .T. ) ;
#1028 = VECTOR ( 'NONE', #4516, 1000.000000000000114 ) ;
#1029 = CIRCLE ( 'NONE', #5030, 0.2499999999999995837 ) ;
#1030 = CARTESIAN_POINT ( 'NONE',  ( -0.6499999999999986899, 1.259999999999999787, -1.919999999999999263 ) ) ;
#1031 = CARTESIAN_POINT ( 'NONE',  ( 0.6500000000000021316, 1.259999999999999787, 1.920000000000000151 ) ) ;
#1032 = CARTESIAN_POINT ( 'NONE',  ( -0.9202692563837450157, 1.259999999999999787, -2.415000000000002256 ) ) ;
#1033 = ORIENTED_EDGE ( 'NONE', *, *, #3696, .T. ) ;
#1035 = AXIS2_PLACEMENT_3D ( 'NONE', #580, #3336, #2869 ) ;
#1034 =( REPRESENTATION_RELATIONSHIP ('NONE','NONE', #5085, #5056 ) REPRESENTATION_RELATIONSHIP_WITH_TRANSFORMATION ( #5231 )SHAPE_REPRESENTATION_RELATIONSHIP( ) );
#1036 = ORIENTED_EDGE ( 'NONE', *, *, #818, .T. ) ;
#1037 = AXIS2_PLACEMENT_3D ( 'NONE', #1119, #237, #1152 ) ;
#1038 = ORIENTED_EDGE ( 'NONE', *, *, #4580, .T. ) ;
#1039 = ADVANCED_FACE ( 'NONE', ( #10 ), #3483, .T. ) ;
#1040 = CARTESIAN_POINT ( 'NONE',  ( 4.769999999999999574, 1.459999999999999964, -1.579999999999999405 ) ) ;
#1041 = DIRECTION ( 'NONE',  ( 0.000000000000000000, 0.000000000000000000, 1.000000000000000000 ) ) ;
#1042 = CIRCLE ( 'NONE', #1035, 0.2499999999999995837 ) ;
#1043 = EDGE_CURVE ( 'NONE', #4515, #648, #4774, .T. ) ;
#1044 = LINE ( 'NONE', #1424, #74 ) ;
#1045 = ORIENTED_EDGE ( 'NONE', *, *, #4455, .T. ) ;
#1046 = AXIS2_PLACEMENT_3D ( 'NONE', #5736, #784, #1751 ) ;
#1047 = DIRECTION ( 'NONE',  ( 0.000000000000000000, 1.000000000000000000, 0.000000000000000000 ) ) ;
#1048 = DIRECTION ( 'NONE',  ( 0.000000000000000000, 1.000000000000000000, 0.000000000000000000 ) ) ;
#1049 = PLANE ( 'NONE',  #5306 ) ;
#1050 = ORIENTED_EDGE ( 'NONE', *, *, #4194, .F. ) ;
#1051 = ADVANCED_FACE ( 'NONE', ( #4325 ), #331, .F. ) ;
#1052 = AXIS2_PLACEMENT_3D ( 'NONE', #4839, #3527, #938 ) ;
#1053 = CARTESIAN_POINT ( 'NONE',  ( 4.159730743616255388, 3.600000000000000089, 2.415000000000001368 ) ) ;
#1054 = EDGE_CURVE ( 'NONE', #4982, #5338, #4932, .T. ) ;
#1055 = CYLINDRICAL_SURFACE ( 'NONE', #2245, 0.2499999999999995837 ) ;
#1056 = PRESENTATION_LAYER_ASSIGNMENT (  '', '', ( #3473 ) ) ;
#1057 = PLANE ( 'NONE',  #2335 ) ;
#1058 = ORIENTED_EDGE ( 'NONE', *, *, #4251, .F. ) ;
#1059 = DIRECTION ( 'NONE',  ( 0.000000000000000000, 1.000000000000000000, 0.000000000000000000 ) ) ;
#1060 = DIRECTION ( 'NONE',  ( 0.000000000000000000, -0.000000000000000000, 1.000000000000000000 ) ) ;
#1061 = ORIENTED_EDGE ( 'NONE', *, *, #1930, .T. ) ;
#1062 = DIRECTION ( 'NONE',  ( 0.000000000000000000, 1.000000000000000000, 0.000000000000000000 ) ) ;
#1063 = VERTEX_POINT ( 'NONE', #1416 ) ;
#1064 = ORIENTED_EDGE ( 'NONE', *, *, #1639, .F. ) ;
#1065 = ORIENTED_EDGE ( 'NONE', *, *, #4629, .F. ) ;
#1066 = VECTOR ( 'NONE', #2595, 1000.000000000000000 ) ;
#1067 = LINE ( 'NONE', #2407, #1123 ) ;
#1068 = DIRECTION ( 'NONE',  ( -1.000000000000000000, 0.000000000000000000, -3.497426362856462163E-16 ) ) ;
#1069 = EDGE_LOOP ( 'NONE', ( #1741, #3513, #1699, #1850 ) ) ;
#1070 = CARTESIAN_POINT ( 'NONE',  ( -4.769999999999997797, 1.119999999999999440, -2.080000000000000515 ) ) ;
#1071 = EDGE_LOOP ( 'NONE', ( #1613, #2953 ) ) ;
#1072 = EDGE_CURVE ( 'NONE', #5347, #4319, #1778, .T. ) ;
#1073 = FACE_OUTER_BOUND ( 'NONE', #3108, .T. ) ;
#1074 = EDGE_CURVE ( 'NONE', #2533, #267, #5344, .T. ) ;
#1075 = LINE ( 'NONE', #664, #2992 ) ;
#1076 = ORIENTED_EDGE ( 'NONE', *, *, #4154, .T. ) ;
#1077 = LINE ( 'NONE', #3779, #4655 ) ;
#1078 = ORIENTED_EDGE ( 'NONE', *, *, #4159, .F. ) ;
#1079 = LINE ( 'NONE', #4073, #2449 ) ;
#1080 = CARTESIAN_POINT ( 'NONE',  ( -4.769999999999997797, 1.120000000000000773, -1.580000000000000293 ) ) ;
#1081 = EDGE_CURVE ( 'NONE', #3681, #5571, #5460, .T. ) ;
#1082 = PLANE ( 'NONE',  #3814 ) ;
#1083 = DIRECTION ( 'NONE',  ( 1.000000000000000000, 0.000000000000000000, -3.497426362856461177E-16 ) ) ;
#1084 = ORIENTED_EDGE ( 'NONE', *, *, #170, .F. ) ;
#1085 = CYLINDRICAL_SURFACE ( 'NONE', #2265, 0.2499999999999995837 ) ;
#1086 = VERTEX_POINT ( 'NONE', #506 ) ;
#1087 = FACE_OUTER_BOUND ( 'NONE', #2447, .T. ) ;
#1088 = DIRECTION ( 'NONE',  ( -1.000000000000000000, 0.000000000000000000, 3.497426362856462163E-16 ) ) ;
#1089 = ORIENTED_EDGE ( 'NONE', *, *, #2083, .F. ) ;
#1090 = EDGE_LOOP ( 'NONE', ( #3274, #2024, #427, #2394, #4726, #534, #32, #122 ) ) ;
#1091 = EDGE_CURVE ( 'NONE', #3945, #2104, #2355, .T. ) ;
#1092 = ORIENTED_EDGE ( 'NONE', *, *, #1093, .F. ) ;
#1093 = EDGE_CURVE ( 'NONE', #527, #2104, #4520, .T. ) ;
#1094 = SURFACE_STYLE_FILL_AREA ( #5464 ) ;
#1095 = CARTESIAN_POINT ( 'NONE',  ( 0.6500000000000021316, 1.259999999999999787, 1.920000000000000151 ) ) ;
#1096 =( NAMED_UNIT ( * ) SI_UNIT ( $, .STERADIAN. ) SOLID_ANGLE_UNIT ( ) );
#1097 = EDGE_LOOP ( 'NONE', ( #392, #5734, #936, #5469 ) ) ;
#1098 = CARTESIAN_POINT ( 'NONE',  ( 2.850000000000001421, 3.600000000000000089, 1.580000000000000293 ) ) ;
#1099 = EDGE_LOOP ( 'NONE', ( #4062, #4522, #5189, #3159 ) ) ;
#1100 = EDGE_CURVE ( 'NONE', #1386, #302, #1442, .T. ) ;
#1101 = LINE ( 'NONE', #4623, #5408 ) ;
#1102 = CARTESIAN_POINT ( 'NONE',  ( 0.3100000000000012745, 1.459999999999999964, -0.9599999999999999645 ) ) ;
#1103 = ORIENTED_EDGE ( 'NONE', *, *, #1382, .F. ) ;
#1104 = CLOSED_SHELL ( 'NONE', ( #1780, #2148, #3203, #5058, #604, #2196, #3337, #2758, #1039, #3964 ) ) ;
#1105 = DIRECTION ( 'NONE',  ( 1.000000000000000000, 0.000000000000000000, -1.748713181428231081E-16 ) ) ;
#1106 = ORIENTED_EDGE ( 'NONE', *, *, #5443, .F. ) ;
#1107 = EDGE_CURVE ( 'NONE', #2123, #4499, #2805, .T. ) ;
#1108 = CARTESIAN_POINT ( 'NONE',  ( 3.856630765815502127, 3.600000000000000089, 1.765000000000001457 ) ) ;
#1109 = DIRECTION ( 'NONE',  ( 1.000000000000000000, -0.000000000000000000, -0.000000000000000000 ) ) ;
#1110 = DIRECTION ( 'NONE',  ( 0.000000000000000000, 1.000000000000000000, 0.000000000000000000 ) ) ;
#1111 = CARTESIAN_POINT ( 'NONE',  ( 0.6500000000000021316, 3.600000000000000089, 1.670000000000000373 ) ) ;
#1112 = ORIENTED_EDGE ( 'NONE', *, *, #1624, .T. ) ;
#1113 = VECTOR ( 'NONE', #4592, 1000.000000000000000 ) ;
#1114 = CARTESIAN_POINT ( 'NONE',  ( -2.849999999999998757, 3.600000000000000089, 1.580000000000000515 ) ) ;
#1115 = AXIS2_PLACEMENT_3D ( 'NONE', #5690, #406, #2547 ) ;
#1116 = DIRECTION ( 'NONE',  ( 0.000000000000000000, 1.000000000000000000, 0.000000000000000000 ) ) ;
#1117 = AXIS2_PLACEMENT_3D ( 'NONE', #4894, #908, #3990 ) ;
#1118 = DIRECTION ( 'NONE',  ( 0.000000000000000000, 1.000000000000000000, 0.000000000000000000 ) ) ;
#1119 = CARTESIAN_POINT ( 'NONE',  ( 1.890000000000001013, 1.259999999999999787, -1.919999999999999263 ) ) ;
#1120 = EDGE_LOOP ( 'NONE', ( #758, #2477, #5351, #3039 ) ) ;
#1121 = ORIENTED_EDGE ( 'NONE', *, *, #4995, .F. ) ;
#1122 = ORIENTED_EDGE ( 'NONE', *, *, #4945, .T. ) ;
#1123 = VECTOR ( 'NONE', #4991, 1000.000000000000000 ) ;
#1124 = AXIS2_PLACEMENT_3D ( 'NONE', #3896, #2597, #4362 ) ;
#1125 = LINE ( 'NONE', #1683, #3635 ) ;
#1126 = CARTESIAN_POINT ( 'NONE',  ( -3.763369234184498424, 1.259999999999999787, -1.765000000000002789 ) ) ;
#1127 = VERTEX_POINT ( 'NONE', #4962 ) ;
#1128 = EDGE_CURVE ( 'NONE', #2354, #56, #3705, .T. ) ;
#1129 = AXIS2_PLACEMENT_3D ( 'NONE', #329, #4735, #4712 ) ;
#1130 = LINE ( 'NONE', #2902, #5582 ) ;
#1131 = CIRCLE ( 'NONE', #2070, 0.2499999999999995837 ) ;
#1132 = VECTOR ( 'NONE', #4254, 1000.000000000000000 ) ;
#1133 = VERTEX_POINT ( 'NONE', #4497 ) ;
#1134 = AXIS2_PLACEMENT_3D ( 'NONE', #5703, #1212, #1719 ) ;
#1135 = CIRCLE ( 'NONE', #4760, 0.2499999999999995837 ) ;
#1136 = DIRECTION ( 'NONE',  ( -0.000000000000000000, -1.000000000000000000, 0.000000000000000000 ) ) ;
#1137 = FACE_OUTER_BOUND ( 'NONE', #4118, .T. ) ;
#1138 = AXIS2_PLACEMENT_3D ( 'NONE', #1447, #127, #3218 ) ;
#1139 = VERTEX_POINT ( 'NONE', #3595 ) ;
#1140 = DIRECTION ( 'NONE',  ( 0.4226182617407052144, 0.000000000000000000, 0.9063077870366472721 ) ) ;
#1141 = ORIENTED_EDGE ( 'NONE', *, *, #2040, .F. ) ;
#1142 = AXIS2_PLACEMENT_3D ( 'NONE', #388, #1380, #3153 ) ;
#1143 = CARTESIAN_POINT ( 'NONE',  ( 1.890000000000001013, 1.259999999999999787, -1.919999999999999263 ) ) ;
#1144 = DIRECTION ( 'NONE',  ( 0.000000000000000000, 0.000000000000000000, 1.000000000000000000 ) ) ;
#1145 = PLANE ( 'NONE',  #3905 ) ;
#1146 = DIRECTION ( 'NONE',  ( -1.000000000000000000, 0.000000000000000000, 1.024442997624098707E-16 ) ) ;
#1147 = ORIENTED_EDGE ( 'NONE', *, *, #1373, .T. ) ;
#1148 = ADVANCED_FACE ( 'NONE', ( #2750 ), #62, .T. ) ;
#1149 = CARTESIAN_POINT ( 'NONE',  ( -4.429999999999997939, 1.259999999999999787, 1.670000000000000373 ) ) ;
#1150 = ORIENTED_EDGE ( 'NONE', *, *, #4358, .T. ) ;
#1151 = PLANE ( 'NONE',  #3713 ) ;
#1152 = DIRECTION ( 'NONE',  ( 0.000000000000000000, 0.000000000000000000, 1.000000000000000000 ) ) ;
#1153 = VERTEX_POINT ( 'NONE', #531 ) ;
#1154 = ORIENTED_EDGE ( 'NONE', *, *, #269, .F. ) ;
#1155 = CARTESIAN_POINT ( 'NONE',  ( -6.350000000000000533, 3.600000000000000089, -1.915000000000000924 ) ) ;
#1156 = CARTESIAN_POINT ( 'NONE',  ( -4.404742954572602898, -0.3652570454273955658, -2.234342902473326564 ) ) ;
#1157 = CIRCLE ( 'NONE', #5717, 1.120000000000000107 ) ;
#1158 = EDGE_LOOP ( 'NONE', ( #4854, #956, #2479, #1893 ) ) ;
#1159 = FACE_OUTER_BOUND ( 'NONE', #1432, .T. ) ;
#1160 = EDGE_CURVE ( 'NONE', #3594, #1826, #1467, .T. ) ;
#1161 = EDGE_LOOP ( 'NONE', ( #2247, #4853 ) ) ;
#1162 = EDGE_CURVE ( 'NONE', #1444, #3573, #2319, .T. ) ;
#1163 = CYLINDRICAL_SURFACE ( 'NONE', #3177, 0.2499999999999995837 ) ;
#1164 = DIRECTION ( 'NONE',  ( -0.3236155771181845053, -0.3236155771181849494, 0.8891264907159882602 ) ) ;
#1165 = VERTEX_POINT ( 'NONE', #2380 ) ;
#1166 = CARTESIAN_POINT ( 'NONE',  ( 0.9202692563837463480, 1.459999999999999964, 2.415000000000000480 ) ) ;
#1167 = VERTEX_POINT ( 'NONE', #93 ) ;
#1168 = CARTESIAN_POINT ( 'NONE',  ( 6.349999999999999645, 1.459999999999999964, 1.915000000000001368 ) ) ;
#1169 = CARTESIAN_POINT ( 'NONE',  ( 2.230000000000000426, 1.459999999999999964, 1.580000000000000515 ) ) ;
#1170 = LINE ( 'NONE', #2650, #3060 ) ;
#1171 = FACE_OUTER_BOUND ( 'NONE', #252, .T. ) ;
#1172 = CARTESIAN_POINT ( 'NONE',  ( 2.850000000000000533, 1.459999999999999964, -0.9599999999999999645 ) ) ;
#1173 = ORIENTED_EDGE ( 'NONE', *, *, #123, .T. ) ;
#1174 = FACE_OUTER_BOUND ( 'NONE', #4471, .T. ) ;
#1175 = PLANE ( 'NONE',  #5377 ) ;
#1176 = CARTESIAN_POINT ( 'NONE',  ( 3.190000000000001723, 1.459999999999999964, 1.920000000000000151 ) ) ;
#1177 = LINE ( 'NONE', #3822, #1132 ) ;
#1178 = ORIENTED_EDGE ( 'NONE', *, *, #5742, .F. ) ;
#1179 = ORIENTED_EDGE ( 'NONE', *, *, #60, .F. ) ;
#1180 = DIRECTION ( 'NONE',  ( 0.000000000000000000, 1.000000000000000000, 0.000000000000000000 ) ) ;
#1181 = EDGE_CURVE ( 'NONE', #5150, #3985, #1889, .T. ) ;
#1182 = CARTESIAN_POINT ( 'NONE',  ( -0.3099999999999994982, 1.459999999999999964, -0.9599999999999997424 ) ) ;
#1183 = SHAPE_DEFINITION_REPRESENTATION ( #2225, #5085 ) ;
#1184 = ORIENTED_EDGE ( 'NONE', *, *, #2815, .F. ) ;
#1185 = CYLINDRICAL_SURFACE ( 'NONE', #1679, 0.2499999999999995837 ) ;
#1186 = EDGE_LOOP ( 'NONE', ( #5430, #1274, #5413, #5261 ) ) ;
#1187 = DIRECTION ( 'NONE',  ( 0.000000000000000000, 0.000000000000000000, 1.000000000000000000 ) ) ;
#1188 = PLANE ( 'NONE',  #2796 ) ;
#1189 = VERTEX_POINT ( 'NONE', #120 ) ;
#1190 = LINE ( 'NONE', #2540, #1873 ) ;
#1191 = VERTEX_POINT ( 'NONE', #1915 ) ;
#1192 = CARTESIAN_POINT ( 'NONE',  ( 3.767242395349395867, 1.459999999999999964, -1.756693979077633028 ) ) ;
#1193 = DIRECTION ( 'NONE',  ( -1.000000000000000000, 0.000000000000000000, 1.748713181428230588E-16 ) ) ;
#1194 = VECTOR ( 'NONE', #1762, 1000.000000000000000 ) ;
#1195 = EDGE_CURVE ( 'NONE', #4208, #2568, #3678, .T. ) ;
#1196 = CARTESIAN_POINT ( 'NONE',  ( 3.767242395349396311, 1.459999999999999964, 1.756693979077629475 ) ) ;
#1197 = FACE_OUTER_BOUND ( 'NONE', #2908, .T. ) ;
#1198 = EDGE_LOOP ( 'NONE', ( #1207, #1949 ) ) ;
#1199 = VECTOR ( 'NONE', #361, 1000.000000000000000 ) ;
#1200 =( NAMED_UNIT ( * ) PLANE_ANGLE_UNIT ( ) SI_UNIT ( $, .RADIAN. ) );
#1201 = DIRECTION ( 'NONE',  ( -0.4226182617407044928, -0.000000000000000000, -0.9063077870366477162 ) ) ;
#1202 = DIRECTION ( 'NONE',  ( 0.000000000000000000, -0.000000000000000000, 1.000000000000000000 ) ) ;
#1203 = EDGE_CURVE ( 'NONE', #2042, #2897, #4141, .T. ) ;
#1204 = VECTOR ( 'NONE', #5014, 1000.000000000000227 ) ;
#1205 = PLANE ( 'NONE',  #1791 ) ;
#1206 = ORIENTED_EDGE ( 'NONE', *, *, #4557, .T. ) ;
#1207 = ORIENTED_EDGE ( 'NONE', *, *, #1526, .F. ) ;
#1208 = DIRECTION ( 'NONE',  ( -1.000000000000000000, 0.000000000000000000, 1.024442997624098707E-16 ) ) ;
#1209 = VECTOR ( 'NONE', #5719, 1000.000000000000000 ) ;
#1210 = VECTOR ( 'NONE', #3413, 1000.000000000000114 ) ;
#1211 = CARTESIAN_POINT ( 'NONE',  ( 2.850000000000001421, 3.600000000000000089, 0.9600000000000005196 ) ) ;
#1212 = DIRECTION ( 'NONE',  ( 0.000000000000000000, 0.000000000000000000, 1.000000000000000000 ) ) ;
#1213 = ORIENTED_EDGE ( 'NONE', *, *, #769, .F. ) ;
#1214 = DIRECTION ( 'NONE',  ( 3.286505744918318491E-16, 0.3420201433256671586, 0.9396926207859089830 ) ) ;
#1215 = EDGE_CURVE ( 'NONE', #682, #3615, #4467, .T. ) ;
#1216 = ORIENTED_EDGE ( 'NONE', *, *, #4952, .T. ) ;
#1217 = VECTOR ( 'NONE', #1316, 1000.000000000000000 ) ;
#1218 = ADVANCED_FACE ( 'NONE', ( #5367 ), #1383, .T. ) ;
#1219 = CARTESIAN_POINT ( 'NONE',  ( -1.889999999999998126, 3.799999999999999822, 1.670000000000000373 ) ) ;
#1220 = VECTOR ( 'NONE', #1313, 1000.000000000000000 ) ;
#1221 = VECTOR ( 'NONE', #4777, 1000.000000000000000 ) ;
#1222 = DIRECTION ( 'NONE',  ( 0.000000000000000000, -0.000000000000000000, 1.000000000000000000 ) ) ;
#1223 = ORIENTED_EDGE ( 'NONE', *, *, #3873, .F. ) ;
#1224 = DIRECTION ( 'NONE',  ( -1.000000000000000000, 0.000000000000000000, 0.000000000000000000 ) ) ;
#1225 = AXIS2_PLACEMENT_3D ( 'NONE', #5466, #1474, #3018 ) ;
#1227 = VECTOR ( 'NONE', #5265, 1000.000000000000000 ) ;
#1226 =( REPRESENTATION_RELATIONSHIP ('NONE','NONE', #5085, #5467 ) REPRESENTATION_RELATIONSHIP_WITH_TRANSFORMATION ( #3420 )SHAPE_REPRESENTATION_RELATIONSHIP( ) );
#1228 = ORIENTED_EDGE ( 'NONE', *, *, #436, .F. ) ;
#1229 = AXIS2_PLACEMENT_3D ( 'NONE', #3359, #5137, #2923 ) ;
#1230 = LINE ( 'NONE', #1703, #5127 ) ;
#1231 = CARTESIAN_POINT ( 'NONE',  ( -3.189999999999998614, 1.259999999999999787, -1.919999999999999263 ) ) ;
#1232 = CIRCLE ( 'NONE', #107, 0.2499999999999995837 ) ;
#1233 = PLANE ( 'NONE',  #369 ) ;
#1234 = DIRECTION ( 'NONE',  ( -1.000000000000000000, 0.000000000000000000, 0.000000000000000000 ) ) ;
#1235 = EDGE_CURVE ( 'NONE', #4388, #2207, #2403, .T. ) ;
#1236 = ORIENTED_EDGE ( 'NONE', *, *, #775, .T. ) ;
#1237 = VECTOR ( 'NONE', #1745, 1000.000000000000000 ) ;
#1238 = DIRECTION ( 'NONE',  ( 0.000000000000000000, 1.000000000000000000, 0.000000000000000000 ) ) ;
#1239 = DIRECTION ( 'NONE',  ( 0.000000000000000000, -0.000000000000000000, 1.000000000000000000 ) ) ;
#1240 = CARTESIAN_POINT ( 'NONE',  ( -5.729999999999998650, 1.259999999999999787, -2.169999999999998597 ) ) ;
#1241 = CARTESIAN_POINT ( 'NONE',  ( 3.460269256383746050, 1.259999999999999787, 2.415000000000001368 ) ) ;
#1242 = ORIENTED_EDGE ( 'NONE', *, *, #2511, .F. ) ;
#1243 = ORIENTED_EDGE ( 'NONE', *, *, #1528, .F. ) ;
#1244 = ADVANCED_FACE ( 'NONE', ( #1087 ), #5524, .F. ) ;
#1245 = CARTESIAN_POINT ( 'NONE',  ( -6.349999999999999645, 3.600000000000000089, 1.915000000000001368 ) ) ;
#1246 = CARTESIAN_POINT ( 'NONE',  ( 2.230000000000000426, 1.459999999999999964, 1.580000000000000515 ) ) ;
#1247 = VERTEX_POINT ( 'NONE', #3323 ) ;
#1248 = CARTESIAN_POINT ( 'NONE',  ( -0.3099999999999994982, 1.459999999999999964, -0.9599999999999997424 ) ) ;
#1249 = VERTEX_POINT ( 'NONE', #2002 ) ;
#1250 = AXIS2_PLACEMENT_3D ( 'NONE', #379, #2173, #5384 ) ;
#1251 = AXIS2_PLACEMENT_3D ( 'NONE', #1231, #4333, #791 ) ;
#1252 = PLANE ( 'NONE',  #5506 ) ;
#1253 = CARTESIAN_POINT ( 'NONE',  ( 2.491778397556285718, 1.459999999999999964, 1.161935349205703849 ) ) ;
#1254 = EDGE_CURVE ( 'NONE', #3852, #1167, #2975, .T. ) ;
#1255 = EDGE_LOOP ( 'NONE', ( #4437, #1173, #2736, #5455 ) ) ;
#1256 = DIRECTION ( 'NONE',  ( 0.000000000000000000, 0.000000000000000000, 1.000000000000000000 ) ) ;
#1257 = CARTESIAN_POINT ( 'NONE',  ( -4.769999999999997797, 0.6200000000000007727, -3.237878387081807308 ) ) ;
#1258 = EDGE_CURVE ( 'NONE', #1608, #1667, #4164, .T. ) ;
#1259 = CARTESIAN_POINT ( 'NONE',  ( -0.3099999999999994982, 1.459999999999999964, -0.9599999999999997424 ) ) ;
#1260 = CARTESIAN_POINT ( 'NONE',  ( 1.316630765815502313, 3.600000000000000089, 1.765000000000001457 ) ) ;
#1261 = CARTESIAN_POINT ( 'NONE',  ( -4.769999999999997797, 9.700000000000001066, -0.9600000000000005196 ) ) ;
#1262 = ORIENTED_EDGE ( 'NONE', *, *, #136, .F. ) ;
#1263 = CARTESIAN_POINT ( 'NONE',  ( 1.890000000000001013, 1.259999999999999787, -1.669999999999999707 ) ) ;
#1264 = LINE ( 'NONE', #5221, #5757 ) ;
#1265 = LINE ( 'NONE', #3036, #1210 ) ;
#1266 = DIRECTION ( 'NONE',  ( 1.000000000000000000, -0.000000000000000000, -3.497426362856461177E-16 ) ) ;
#1267 = EDGE_LOOP ( 'NONE', ( #1485, #2585 ) ) ;
#1268 = ORIENTED_EDGE ( 'NONE', *, *, #822, .T. ) ;
#1269 = DIRECTION ( 'NONE',  ( 1.000000000000000000, 0.000000000000000000, -1.024442997624098707E-16 ) ) ;
#1270 = CARTESIAN_POINT ( 'NONE',  ( 0.3100000000000012745, 1.459999999999999964, -1.579999999999999627 ) ) ;
#1271 = VERTEX_POINT ( 'NONE', #5162 ) ;
#1272 = DIRECTION ( 'NONE',  ( 0.000000000000000000, 1.000000000000000000, 0.000000000000000000 ) ) ;
#1273 = EDGE_CURVE ( 'NONE', #2993, #1635, #5550, .T. ) ;
#1274 = ORIENTED_EDGE ( 'NONE', *, *, #1536, .T. ) ;
#1275 = FACE_OUTER_BOUND ( 'NONE', #5526, .T. ) ;
#1276 = LINE ( 'NONE', #2211, #2047 ) ;
#1277 = CARTESIAN_POINT ( 'NONE',  ( -5.389999999999999680, 1.459999999999999964, -0.9599999999999997424 ) ) ;
#1278 = ORIENTED_EDGE ( 'NONE', *, *, #3189, .F. ) ;
#1279 = EDGE_CURVE ( 'NONE', #5104, #4303, #707, .T. ) ;
#1280 = CARTESIAN_POINT ( 'NONE',  ( 3.190000000000001723, 1.259999999999999787, 1.920000000000000151 ) ) ;
#1281 = DIRECTION ( 'NONE',  ( 0.000000000000000000, 1.000000000000000000, 0.000000000000000000 ) ) ;
#1282 = EDGE_CURVE ( 'NONE', #5089, #147, #5046, .T. ) ;
#1283 = CARTESIAN_POINT ( 'NONE',  ( 0.000000000000000000, 0.4700000000000008060, -3.649999999999999911 ) ) ;
#1284 = DIRECTION ( 'NONE',  ( 0.000000000000000000, 0.000000000000000000, 1.000000000000000000 ) ) ;
#1285 = EDGE_CURVE ( 'NONE', #4879, #325, #456, .T. ) ;
#1286 = ORIENTED_EDGE ( 'NONE', *, *, #4425, .T. ) ;
#1287 = ADVANCED_FACE ( 'NONE', ( #2027 ), #646, .F. ) ;
#1288 = DIRECTION ( 'NONE',  ( -0.000000000000000000, 1.000000000000000000, -0.000000000000000000 ) ) ;
#1289 = CARTESIAN_POINT ( 'NONE',  ( -5.729999999999998650, 1.259999999999999787, -1.669999999999999707 ) ) ;
#1290 = CARTESIAN_POINT ( 'NONE',  ( 4.769999999999999574, 3.600000000000000089, -1.579999999999999405 ) ) ;
#1291 = DIRECTION ( 'NONE',  ( -1.748713181428230588E-16, 0.000000000000000000, -1.000000000000000000 ) ) ;
#1292 = EDGE_LOOP ( 'NONE', ( #1910, #717, #978, #5321 ) ) ;
#1293 = ORIENTED_EDGE ( 'NONE', *, *, #3910, .F. ) ;
#1294 = VECTOR ( 'NONE', #2550, 1000.000000000000000 ) ;
#1295 = DIRECTION ( 'NONE',  ( 0.000000000000000000, 0.000000000000000000, 1.000000000000000000 ) ) ;
#1296 = CARTESIAN_POINT ( 'NONE',  ( 4.770000000000001350, 3.600000000000000089, 0.9600000000000006306 ) ) ;
#1297 = VERTEX_POINT ( 'NONE', #236 ) ;
#1298 = AXIS2_PLACEMENT_3D ( 'NONE', #2880, #2795, #3317 ) ;
#1299 = LINE ( 'NONE', #3455, #1021 ) ;
#1300 = ORIENTED_EDGE ( 'NONE', *, *, #2608, .T. ) ;
#1301 = ORIENTED_EDGE ( 'NONE', *, *, #2010, .F. ) ;
#1302 = ADVANCED_FACE ( 'NONE', ( #298 ), #1151, .F. ) ;
#1303 = VECTOR ( 'NONE', #3918, 1000.000000000000000 ) ;
#1304 = CARTESIAN_POINT ( 'NONE',  ( 0.4054381332543929295, 1.459999999999999964, -0.1890589064445928891 ) ) ;
#1305 = ADVANCED_FACE ( 'NONE', ( #4729 ), #3734, .T. ) ;
#1306 = EDGE_CURVE ( 'NONE', #36, #1496, #2488, .T. ) ;
#1307 = PLANE ( 'NONE',  #3891 ) ;
#1308 = VECTOR ( 'NONE', #458, 1000.000000000000000 ) ;
#1309 = AXIS2_PLACEMENT_3D ( 'NONE', #942, #2798, #2224 ) ;
#1310 = DIRECTION ( 'NONE',  ( 0.000000000000000000, 1.000000000000000000, 0.000000000000000000 ) ) ;
#1311 = ORIENTED_EDGE ( 'NONE', *, *, #602, .T. ) ;
#1312 = AXIS2_PLACEMENT_3D ( 'NONE', #5090, #2370, #4130 ) ;
#1313 = DIRECTION ( 'NONE',  ( -0.000000000000000000, 1.000000000000000000, -0.000000000000000000 ) ) ;
#1314 = ADVANCED_FACE ( 'NONE', ( #1974 ), #3761, .T. ) ;
#1315 = LINE ( 'NONE', #3930, #3392 ) ;
#1316 = DIRECTION ( 'NONE',  ( -0.000000000000000000, 1.000000000000000000, -0.000000000000000000 ) ) ;
#1317 = DIRECTION ( 'NONE',  ( 0.000000000000000000, 0.000000000000000000, 1.000000000000000000 ) ) ;
#1318 = VECTOR ( 'NONE', #2231, 1000.000000000000000 ) ;
#1319 = DIRECTION ( 'NONE',  ( 0.000000000000000000, 0.000000000000000000, 1.000000000000000000 ) ) ;
#1320 = ORIENTED_EDGE ( 'NONE', *, *, #2789, .F. ) ;
#1321 = AXIS2_PLACEMENT_3D ( 'NONE', #1367, #109, #2215 ) ;
#1322 = CARTESIAN_POINT ( 'NONE',  ( -0.3099999999999986655, 3.600000000000000089, 1.580000000000000515 ) ) ;
#1323 = CARTESIAN_POINT ( 'NONE',  ( 0.6500000000000021316, 3.799999999999999822, 1.920000000000000151 ) ) ;
#1324 = CARTESIAN_POINT ( 'NONE',  ( 0.000000000000000000, 1.459999999999999964, -1.765000000000002789 ) ) ;
#1325 = DIRECTION ( 'NONE',  ( -1.000000000000000000, 0.000000000000000000, 1.748713181428230588E-16 ) ) ;
#1326 = ORIENTED_EDGE ( 'NONE', *, *, #1865, .F. ) ;
#1327 = AXIS2_PLACEMENT_3D ( 'NONE', #41, #1388, #2302 ) ;
#1328 = EDGE_CURVE ( 'NONE', #3244, #4879, #3272, .T. ) ;
#1329 = ORIENTED_EDGE ( 'NONE', *, *, #4127, .F. ) ;
#1330 = CARTESIAN_POINT ( 'NONE',  ( -0.6499999999999986899, 3.799999999999999822, -1.919999999999999263 ) ) ;
#1331 = CYLINDRICAL_SURFACE ( 'NONE', #1142, 0.2499999999999995837 ) ;
#1332 = ORIENTED_EDGE ( 'NONE', *, *, #17, .T. ) ;
#1333 = CARTESIAN_POINT ( 'NONE',  ( 0.6500000000000021316, 1.259999999999999787, 1.670000000000000373 ) ) ;
#1334 = VERTEX_POINT ( 'NONE', #3299 ) ;
#1335 = EDGE_LOOP ( 'NONE', ( #2539, #612, #4534, #318 ) ) ;
#1336 = UNCERTAINTY_MEASURE_WITH_UNIT (LENGTH_MEASURE( 1.000000000000000082E-05 ), #1922, 'distance_accuracy_value', 'NONE');
#1337 = ORIENTED_EDGE ( 'NONE', *, *, #962, .F. ) ;
#1338 = CARTESIAN_POINT ( 'NONE',  ( 5.390000000000002345, 3.600000000000000089, 1.580000000000000293 ) ) ;
#1339 = FACE_OUTER_BOUND ( 'NONE', #4474, .T. ) ;
#1340 = DIRECTION ( 'NONE',  ( 1.000000000000000000, 0.000000000000000000, 0.000000000000000000 ) ) ;
#1341 = ORIENTED_EDGE ( 'NONE', *, *, #792, .T. ) ;
#1342 = DIRECTION ( 'NONE',  ( -0.4226182617407043263, 0.000000000000000000, -0.9063077870366476052 ) ) ;
#1343 = DIRECTION ( 'NONE',  ( -0.4226182617407043263, 0.000000000000000000, -0.9063077870366476052 ) ) ;
#1344 = EDGE_CURVE ( 'NONE', #3238, #2118, #5073, .T. ) ;
#1345 = PLANE ( 'NONE',  #4463 ) ;
#1346 = ORIENTED_EDGE ( 'NONE', *, *, #2275, .F. ) ;
#1347 = DIRECTION ( 'NONE',  ( 0.000000000000000000, 1.000000000000000000, 0.000000000000000000 ) ) ;
#1348 = FACE_OUTER_BOUND ( 'NONE', #2293, .T. ) ;
#1349 = PLANE ( 'NONE',  #1309 ) ;
#1350 = LINE ( 'NONE', #5750, #1697 ) ;
#1351 = EDGE_LOOP ( 'NONE', ( #4035, #2548, #2820, #5463 ) ) ;
#1352 = ORIENTED_EDGE ( 'NONE', *, *, #3117, .F. ) ;
#1353 = DIRECTION ( 'NONE',  ( 0.000000000000000000, 1.000000000000000000, 0.000000000000000000 ) ) ;
#1354 = CARTESIAN_POINT ( 'NONE',  ( -5.389999999999998792, 1.459999999999999964, 1.580000000000000515 ) ) ;
#1355 = EDGE_CURVE ( 'NONE', #3806, #4652, #3901, .T. ) ;
#1356 = VERTEX_POINT ( 'NONE', #2175 ) ;
#1357 = DIRECTION ( 'NONE',  ( -1.000000000000000000, 0.000000000000000000, -0.000000000000000000 ) ) ;
#1358 = ORIENTED_EDGE ( 'NONE', *, *, #5220, .F. ) ;
#1359 = ORIENTED_EDGE ( 'NONE', *, *, #1872, .T. ) ;
#1360 = ORIENTED_EDGE ( 'NONE', *, *, #4882, .F. ) ;
#1361 = EDGE_CURVE ( 'NONE', #238, #2381, #1396, .T. ) ;
#1362 = CARTESIAN_POINT ( 'NONE',  ( 5.390000000000000568, 1.459999999999999964, -1.579999999999999627 ) ) ;
#1363 = DIRECTION ( 'NONE',  ( 0.000000000000000000, 0.000000000000000000, -1.000000000000000000 ) ) ;
#1364 = PLANE ( 'NONE',  #5315 ) ;
#1365 = EDGE_LOOP ( 'NONE', ( #4041, #2392, #4897, #4415 ) ) ;
#1366 = EDGE_CURVE ( 'NONE', #106, #4972, #1763, .T. ) ;
#1367 = CARTESIAN_POINT ( 'NONE',  ( 0.3100000000000021072, 1.459999999999999964, 1.580000000000000293 ) ) ;
#1368 = FACE_OUTER_BOUND ( 'NONE', #1771, .T. ) ;
#1369 = CARTESIAN_POINT ( 'NONE',  ( -2.849999999999999645, 1.459999999999999964, -0.9599999999999997424 ) ) ;
#1370 = ORIENTED_EDGE ( 'NONE', *, *, #2259, .F. ) ;
#1371 = PRODUCT_DEFINITION ( 'UNKNOWN', '', #5407, #4937 ) ;
#1372 = FACE_OUTER_BOUND ( 'NONE', #4349, .T. ) ;
#1373 = EDGE_CURVE ( 'NONE', #3615, #3509, #5749, .T. ) ;
#1374 = CARTESIAN_POINT ( 'NONE',  ( -1.889999999999998126, 1.459999999999999964, 1.670000000000000373 ) ) ;
#1375 = EDGE_CURVE ( 'NONE', #2974, #4431, #5252, .T. ) ;
#1376 = PLANE ( 'NONE',  #2054 ) ;
#1377 = ORIENTED_EDGE ( 'NONE', *, *, #4701, .F. ) ;
#1378 = ORIENTED_EDGE ( 'NONE', *, *, #125, .F. ) ;
#1379 = CARTESIAN_POINT ( 'NONE',  ( -5.389999999999998792, 3.600000000000000089, -0.9600000000000006306 ) ) ;
#1380 = DIRECTION ( 'NONE',  ( 0.000000000000000000, 1.000000000000000000, 0.000000000000000000 ) ) ;
#1381 = EDGE_LOOP ( 'NONE', ( #1637, #2037, #4374, #4412 ) ) ;
#1382 = EDGE_CURVE ( 'NONE', #4972, #1859, #3095, .T. ) ;
#1383 = PLANE ( 'NONE',  #2870 ) ;
#1384 = AXIS2_PLACEMENT_3D ( 'NONE', #820, #5161, #5635 ) ;
#1385 = ORIENTED_EDGE ( 'NONE', *, *, #4245, .F. ) ;
#1386 = VERTEX_POINT ( 'NONE', #770 ) ;
#1387 = ORIENTED_EDGE ( 'NONE', *, *, #5070, .F. ) ;
#1388 = DIRECTION ( 'NONE',  ( 0.000000000000000000, 1.000000000000000000, 0.000000000000000000 ) ) ;
#1389 = DIRECTION ( 'NONE',  ( 0.000000000000000000, 0.000000000000000000, 1.000000000000000000 ) ) ;
#1390 = DIRECTION ( 'NONE',  ( 0.000000000000000000, 0.000000000000000000, 1.000000000000000000 ) ) ;
#1391 = ORIENTED_EDGE ( 'NONE', *, *, #5345, .T. ) ;
#1392 = VECTOR ( 'NONE', #37, 1000.000000000000000 ) ;
#1393 = EDGE_CURVE ( 'NONE', #5616, #5082, #5637, .T. ) ;
#1394 = CARTESIAN_POINT ( 'NONE',  ( -4.769999999999997797, 0.000000000000000000, -2.080000000000000515 ) ) ;
#1395 = VECTOR ( 'NONE', #3148, 1000.000000000000000 ) ;
#1396 = CIRCLE ( 'NONE', #932, 0.2499999999999995837 ) ;
#1397 = DIRECTION ( 'NONE',  ( 0.000000000000000000, 0.000000000000000000, 1.000000000000000000 ) ) ;
#1398 = CARTESIAN_POINT ( 'NONE',  ( 6.349999999999999645, 1.459999999999999964, 1.915000000000001368 ) ) ;
#1399 = VECTOR ( 'NONE', #653, 1000.000000000000000 ) ;
#1400 = ORIENTED_EDGE ( 'NONE', *, *, #2525, .F. ) ;
#1401 =( NAMED_UNIT ( * ) SI_UNIT ( $, .STERADIAN. ) SOLID_ANGLE_UNIT ( ) );
#1402 = AXIS2_PLACEMENT_3D ( 'NONE', #1911, #2400, #613 ) ;
#1403 = DIRECTION ( 'NONE',  ( 0.000000000000000000, 0.000000000000000000, -1.000000000000000000 ) ) ;
#1404 = AXIS2_PLACEMENT_3D ( 'NONE', #4885, #5326, #3197 ) ;
#1405 = EDGE_CURVE ( 'NONE', #5280, #911, #2552, .T. ) ;
#1406 = DIRECTION ( 'NONE',  ( -1.000000000000000000, 0.000000000000000000, 0.000000000000000000 ) ) ;
#1407 = CARTESIAN_POINT ( 'NONE',  ( 0.3100000000000021072, 3.600000000000000089, 1.580000000000000293 ) ) ;
#1408 = ORIENTED_EDGE ( 'NONE', *, *, #2989, .F. ) ;
#1409 = ORIENTED_EDGE ( 'NONE', *, *, #2939, .T. ) ;
#1410 = AXIS2_PLACEMENT_3D ( 'NONE', #5499, #623, #3796 ) ;
#1412 = VECTOR ( 'NONE', #2762, 1000.000000000000000 ) ;
#1411 =( REPRESENTATION_RELATIONSHIP ('NONE','NONE', #5085, #5056 ) REPRESENTATION_RELATIONSHIP_WITH_TRANSFORMATION ( #4346 )SHAPE_REPRESENTATION_RELATIONSHIP( ) );
#1413 = FACE_BOUND ( 'NONE', #1504, .T. ) ;
#1414 = PLANE ( 'NONE',  #2361 ) ;
#1415 = ORIENTED_EDGE ( 'NONE', *, *, #2906, .T. ) ;
#1416 = CARTESIAN_POINT ( 'NONE',  ( 0.6500000000000021316, 1.459999999999999964, 2.169999999999999485 ) ) ;
#1417 = AXIS2_PLACEMENT_3D ( 'NONE', #5530, #622, #3247 ) ;
#1418 = ORIENTED_EDGE ( 'NONE', *, *, #513, .T. ) ;
#1419 = EDGE_CURVE ( 'NONE', #5082, #3680, #5278, .T. ) ;
#1420 = ORIENTED_EDGE ( 'NONE', *, *, #1107, .T. ) ;
#1421 = AXIS2_PLACEMENT_3D ( 'NONE', #4702, #5159, #344 ) ;
#1422 = LINE ( 'NONE', #449, #1612 ) ;
#1423 = CARTESIAN_POINT ( 'NONE',  ( -5.389999999999998792, 1.120000000000000773, -2.080000000000000071 ) ) ;
#1424 = CARTESIAN_POINT ( 'NONE',  ( -4.691230301211477993, 11.20773235590238670, -1.658769698788522318 ) ) ;
#1425 = DIRECTION ( 'NONE',  ( 1.000000000000000000, -0.000000000000000000, -3.497426362856461177E-16 ) ) ;
#1426 = ORIENTED_EDGE ( 'NONE', *, *, #2061, .F. ) ;
#1427 = EDGE_CURVE ( 'NONE', #385, #5382, #3627, .T. ) ;
#1428 = CYLINDRICAL_SURFACE ( 'NONE', #3456, 0.2499999999999995837 ) ;
#1429 = EDGE_CURVE ( 'NONE', #5035, #3334, #3529, .T. ) ;
#1430 = CARTESIAN_POINT ( 'NONE',  ( 0.3100000000000012745, 1.459999999999999964, -0.9599999999999999645 ) ) ;
#1431 = PLANE ( 'NONE',  #2516 ) ;
#1432 = EDGE_LOOP ( 'NONE', ( #1061, #2471 ) ) ;
#1433 = EDGE_CURVE ( 'NONE', #36, #3950, #1265, .T. ) ;
#1434 = FILL_AREA_STYLE ('',( #5422 ) ) ;
#1435 = DIRECTION ( 'NONE',  ( -1.000000000000000000, 0.000000000000000000, 1.748713181428230588E-16 ) ) ;
#1436 = LINE ( 'NONE', #4921, #4176 ) ;
#1437 = DIRECTION ( 'NONE',  ( 0.9396926207859084279, 0.000000000000000000, -0.3420201433256686574 ) ) ;
#1438 = ORIENTED_EDGE ( 'NONE', *, *, #2130, .T. ) ;
#1439 = FACE_BOUND ( 'NONE', #3490, .T. ) ;
#1440 = DIRECTION ( 'NONE',  ( 0.000000000000000000, 0.000000000000000000, 1.000000000000000000 ) ) ;
#1441 = VERTEX_POINT ( 'NONE', #1290 ) ;
#1442 = LINE ( 'NONE', #5399, #2234 ) ;
#1443 = ORIENTED_EDGE ( 'NONE', *, *, #3369, .F. ) ;
#1444 = VERTEX_POINT ( 'NONE', #5309 ) ;
#1445 = VERTEX_POINT ( 'NONE', #5223 ) ;
#1446 = PLANE ( 'NONE',  #2426 ) ;
#1447 = CARTESIAN_POINT ( 'NONE',  ( -2.849999999999998757, 1.459999999999999964, 1.580000000000000515 ) ) ;
#1448 = CARTESIAN_POINT ( 'NONE',  ( -5.239999999999998437, 9.700000000000001066, -1.580000000000000515 ) ) ;
#1449 = ADVANCED_FACE ( 'NONE', ( #5187 ), #3502, .T. ) ;
#1450 = CARTESIAN_POINT ( 'NONE',  ( 3.190000000000001723, 1.459999999999999964, 1.920000000000000151 ) ) ;
#1451 = EDGE_LOOP ( 'NONE', ( #3453, #2652, #1293, #1551 ) ) ;
#1452 = LINE ( 'NONE', #4016, #4283 ) ;
#1453 = EDGE_CURVE ( 'NONE', #312, #2106, #884, .T. ) ;
#1454 = CARTESIAN_POINT ( 'NONE',  ( 4.769999999999999574, 1.459999999999999964, -0.9599999999999997424 ) ) ;
#1455 = DIRECTION ( 'NONE',  ( 1.748713181428231081E-16, -0.000000000000000000, 1.000000000000000000 ) ) ;
#1456 = ORIENTED_EDGE ( 'NONE', *, *, #5735, .T. ) ;
#1457 = CARTESIAN_POINT ( 'NONE',  ( -3.189999999999998614, 1.459999999999999964, -1.669999999999999707 ) ) ;
#1458 = FACE_OUTER_BOUND ( 'NONE', #3360, .T. ) ;
#1459 = DIRECTION ( 'NONE',  ( 1.000000000000000000, -0.000000000000000000, -1.365923996832131609E-16 ) ) ;
#1460 = EDGE_CURVE ( 'NONE', #5721, #2533, #2659, .T. ) ;
#1461 = LINE ( 'NONE', #2719, #1979 ) ;
#1462 = ORIENTED_EDGE ( 'NONE', *, *, #967, .T. ) ;
#1463 = EDGE_CURVE ( 'NONE', #5323, #5249, #2578, .T. ) ;
#1464 = FACE_BOUND ( 'NONE', #3409, .T. ) ;
#1465 = CARTESIAN_POINT ( 'NONE',  ( 0.3100000000000021072, 1.459999999999999964, 1.580000000000000293 ) ) ;
#1466 = ORIENTED_EDGE ( 'NONE', *, *, #5131, .T. ) ;
#1467 = LINE ( 'NONE', #4117, #3894 ) ;
#1468 = ORIENTED_EDGE ( 'NONE', *, *, #4616, .F. ) ;
#1469 = EDGE_LOOP ( 'NONE', ( #2359, #5541, #3662, #3679 ) ) ;
#1470 = EDGE_LOOP ( 'NONE', ( #1418, #1742, #3448, #2097 ) ) ;
#1471 = DIRECTION ( 'NONE',  ( -0.000000000000000000, -0.000000000000000000, 1.000000000000000000 ) ) ;
#1472 = MANIFOLD_SOLID_BREP ( 'Split1[2]', #3697 ) ;
#1473 = CARTESIAN_POINT ( 'NONE',  ( 2.850000000000001421, 1.459999999999999964, 1.580000000000000293 ) ) ;
#1474 = DIRECTION ( 'NONE',  ( 0.000000000000000000, 0.000000000000000000, 1.000000000000000000 ) ) ;
#1475 = AXIS2_PLACEMENT_3D ( 'NONE', #4841, #5277, #2139 ) ;
#1476 = PLANE ( 'NONE',  #2600 ) ;
#1477 = ADVANCED_FACE ( 'NONE', ( #553 ), #2604, .F. ) ;
#1478 = EDGE_LOOP ( 'NONE', ( #2903, #1154, #3102, #4441 ) ) ;
#1479 = VECTOR ( 'NONE', #2364, 1000.000000000000000 ) ;
#1480 = EDGE_CURVE ( 'NONE', #1905, #2867, #2149, .T. ) ;
#1481 = DIRECTION ( 'NONE',  ( 0.000000000000000000, -0.000000000000000000, 1.000000000000000000 ) ) ;
#1482 = CIRCLE ( 'NONE', #4267, 0.2499999999999995837 ) ;
#1483 = DIRECTION ( 'NONE',  ( 0.000000000000000000, 0.000000000000000000, 1.000000000000000000 ) ) ;
#1484 = DIRECTION ( 'NONE',  ( -1.000000000000000000, 0.000000000000000000, 1.748713181428230588E-16 ) ) ;
#1485 = ORIENTED_EDGE ( 'NONE', *, *, #5264, .T. ) ;
#1486 = EDGE_CURVE ( 'NONE', #5366, #3242, #3672, .T. ) ;
#1487 = AXIS2_PLACEMENT_3D ( 'NONE', #4223, #4193, #3815 ) ;
#1488 = EDGE_CURVE ( 'NONE', #5707, #2827, #363, .T. ) ;
#1489 = VECTOR ( 'NONE', #4547, 1000.000000000000000 ) ;
#1490 = CARTESIAN_POINT ( 'NONE',  ( -1.889999999999998126, 3.600000000000000089, 1.920000000000000151 ) ) ;
#1491 = DIRECTION ( 'NONE',  ( 0.000000000000000000, 0.000000000000000000, 1.000000000000000000 ) ) ;
#1492 = DIRECTION ( 'NONE',  ( 3.497426362856461177E-16, 0.000000000000000000, 1.000000000000000000 ) ) ;
#1493 = AXIS2_PLACEMENT_3D ( 'NONE', #5650, #3052, #1643 ) ;
#1494 = AXIS2_PLACEMENT_3D ( 'NONE', #1881, #4457, #28 ) ;
#1495 = PLANE ( 'NONE',  #3711 ) ;
#1496 = VERTEX_POINT ( 'NONE', #4050 ) ;
#1497 = PLANE ( 'NONE',  #5026 ) ;
#1498 = VECTOR ( 'NONE', #2294, 1000.000000000000000 ) ;
#1499 = CIRCLE ( 'NONE', #937, 0.2499999999999995837 ) ;
#1500 = PLANE ( 'NONE',  #4201 ) ;
#1501 = CARTESIAN_POINT ( 'NONE',  ( 2.230000000000000426, 3.600000000000000089, 1.580000000000000515 ) ) ;
#1502 = DIRECTION ( 'NONE',  ( 0.9396926207859092051, 0.3420201433256666035, 0.000000000000000000 ) ) ;
#1503 = ADVANCED_FACE ( 'NONE', ( #4955 ), #5453, .T. ) ;
#1504 = EDGE_LOOP ( 'NONE', ( #3917, #4305, #1262, #2440 ) ) ;
#1505 = VECTOR ( 'NONE', #45, 1000.000000000000000 ) ;
#1506 = ORIENTED_EDGE ( 'NONE', *, *, #2873, .F. ) ;
#1507 = VECTOR ( 'NONE', #2489, 1000.000000000000000 ) ;
#1508 = ORIENTED_EDGE ( 'NONE', *, *, #230, .T. ) ;
#1509 = DIRECTION ( 'NONE',  ( 0.9063077870366477162, 0.000000000000000000, -0.4226182617407043818 ) ) ;
#1510 = ADVANCED_FACE ( 'NONE', ( #4109 ), #4025, .F. ) ;
#1511 = LINE ( 'NONE', #3305, #5511 ) ;
#1512 = VECTOR ( 'NONE', #217, 1000.000000000000000 ) ;
#1513 = SURFACE_STYLE_USAGE ( .BOTH. , #2863 ) ;
#1514 = ORIENTED_EDGE ( 'NONE', *, *, #3404, .F. ) ;
#1515 = CYLINDRICAL_SURFACE ( 'NONE', #5196, 1.119999999999999885 ) ;
#1516 = VERTEX_POINT ( 'NONE', #3231 ) ;
#1517 = VECTOR ( 'NONE', #91, 1000.000000000000000 ) ;
#1518 = LINE ( 'NONE', #3252, #3555 ) ;
#1519 = DIRECTION ( 'NONE',  ( -0.000000000000000000, 1.000000000000000000, -0.000000000000000000 ) ) ;
#1520 = ORIENTED_EDGE ( 'NONE', *, *, #3755, .F. ) ;
#1521 = DIRECTION ( 'NONE',  ( 0.000000000000000000, 1.000000000000000000, 0.000000000000000000 ) ) ;
#1522 = ORIENTED_EDGE ( 'NONE', *, *, #2916, .T. ) ;
#1523 = VECTOR ( 'NONE', #5276, 1000.000000000000000 ) ;
#1524 =( REPRESENTATION_RELATIONSHIP ('NONE','NONE', #5085, #5056 ) REPRESENTATION_RELATIONSHIP_WITH_TRANSFORMATION ( #4796 )SHAPE_REPRESENTATION_RELATIONSHIP( ) );
#1525 = CARTESIAN_POINT ( 'NONE',  ( 3.190000000000001723, 1.259999999999999787, 1.920000000000000151 ) ) ;
#1526 = EDGE_CURVE ( 'NONE', #3774, #4607, #85, .T. ) ;
#1527 = PLANE ( 'NONE',  #5683 ) ;
#1528 = EDGE_CURVE ( 'NONE', #1496, #1189, #5424, .T. ) ;
#1529 = VECTOR ( 'NONE', #3500, 1000.000000000000000 ) ;
#1530 = CARTESIAN_POINT ( 'NONE',  ( 6.349999999999999645, 1.459999999999999964, -2.415000000000000480 ) ) ;
#1531 = VERTEX_POINT ( 'NONE', #3180 ) ;
#1532 = CARTESIAN_POINT ( 'NONE',  ( -4.919999999999998153, 0.000000000000000000, 3.649999999999999911 ) ) ;
#1533 = CARTESIAN_POINT ( 'NONE',  ( -5.389999999999998792, 1.459999999999999964, 0.9600000000000006306 ) ) ;
#1534 = VECTOR ( 'NONE', #1671, 1000.000000000000000 ) ;
#1535 = DIRECTION ( 'NONE',  ( 0.000000000000000000, 1.000000000000000000, 0.000000000000000000 ) ) ;
#1536 = EDGE_CURVE ( 'NONE', #5571, #1271, #2262, .T. ) ;
#1537 = CARTESIAN_POINT ( 'NONE',  ( 5.390000000000002345, 1.459999999999999964, 0.9600000000000005196 ) ) ;
#1538 = ORIENTED_EDGE ( 'NONE', *, *, #1480, .F. ) ;
#1539 = EDGE_LOOP ( 'NONE', ( #3890, #2656, #12, #1359 ) ) ;
#1540 = VERTEX_POINT ( 'NONE', #5005 ) ;
#1541 = AXIS2_PLACEMENT_3D ( 'NONE', #3810, #2082, #4361 ) ;
#1542 = FACE_OUTER_BOUND ( 'NONE', #650, .T. ) ;
#1543 = EDGE_CURVE ( 'NONE', #5366, #4401, #1436, .T. ) ;
#1544 = FACE_OUTER_BOUND ( 'NONE', #1090, .T. ) ;
#1545 = ORIENTED_EDGE ( 'NONE', *, *, #1832, .T. ) ;
#1546 = LINE ( 'NONE', #1098, #4745 ) ;
#1547 = ADVANCED_FACE ( 'NONE', ( #3206 ), #1349, .F. ) ;
#1548 = ORIENTED_EDGE ( 'NONE', *, *, #153, .F. ) ;
#1549 = DIRECTION ( 'NONE',  ( 0.4226182617407052144, 0.000000000000000000, 0.9063077870366472721 ) ) ;
#1550 = DIRECTION ( 'NONE',  ( -1.643252872459159492E-16, 0.3420201433256665480, 0.9396926207859092051 ) ) ;
#1551 = ORIENTED_EDGE ( 'NONE', *, *, #2216, .F. ) ;
#1552 = DIRECTION ( 'NONE',  ( -1.643252872459159492E-16, 0.3420201433256665480, -0.9396926207859092051 ) ) ;
#1553 = ORIENTED_EDGE ( 'NONE', *, *, #683, .F. ) ;
#1554 = CARTESIAN_POINT ( 'NONE',  ( -4.429999999999997939, 1.259999999999999787, 1.670000000000000373 ) ) ;
#1555 = FACE_OUTER_BOUND ( 'NONE', #5190, .T. ) ;
#1556 = DIRECTION ( 'NONE',  ( 0.000000000000000000, 1.000000000000000000, 0.000000000000000000 ) ) ;
#1557 = DIRECTION ( 'NONE',  ( -3.497426362856462163E-16, 0.000000000000000000, 1.000000000000000000 ) ) ;
#1558 = ORIENTED_EDGE ( 'NONE', *, *, #2608, .F. ) ;
#1559 = EDGE_CURVE ( 'NONE', #179, #4524, #996, .T. ) ;
#1560 = ADVANCED_FACE ( 'NONE', ( #2718 ), #1023, .F. ) ;
#1561 = CARTESIAN_POINT ( 'NONE',  ( -5.239999999999998437, 9.700000000000001066, -1.429999999999999494 ) ) ;
#1562 = CARTESIAN_POINT ( 'NONE',  ( -1.619730743616254687, 1.459999999999999964, -2.415000000000002256 ) ) ;
#1563 = DIRECTION ( 'NONE',  ( 1.000000000000000000, 0.000000000000000000, -1.024442997624098707E-16 ) ) ;
#1564 = FACE_OUTER_BOUND ( 'NONE', #1891, .T. ) ;
#1565 = VERTEX_POINT ( 'NONE', #5359 ) ;
#1566 = ORIENTED_EDGE ( 'NONE', *, *, #4651, .T. ) ;
#1567 = ORIENTED_EDGE ( 'NONE', *, *, #663, .T. ) ;
#1568 = LINE ( 'NONE', #5529, #4470 ) ;
#1569 = EDGE_CURVE ( 'NONE', #3730, #4584, #496, .T. ) ;
#1570 = DIRECTION ( 'NONE',  ( -0.3236155771181828955, 0.8891264907159897035, -0.3236155771181828955 ) ) ;
#1571 = FILL_AREA_STYLE ('',( #4123 ) ) ;
#1572 = ORIENTED_EDGE ( 'NONE', *, *, #3582, .T. ) ;
#1573 = LINE ( 'NONE', #3397, #3531 ) ;
#1574 = EDGE_LOOP ( 'NONE', ( #5139, #1213 ) ) ;
#1575 = CARTESIAN_POINT ( 'NONE',  ( -5.389999999999998792, 3.600000000000000089, -1.580000000000000515 ) ) ;
#1576 = CARTESIAN_POINT ( 'NONE',  ( 4.430000000000001492, 3.799999999999999822, -1.669999999999999707 ) ) ;
#1577 = ADVANCED_FACE ( 'NONE', ( #1171 ), #637, .F. ) ;
#1578 = ORIENTED_EDGE ( 'NONE', *, *, #50, .F. ) ;
#1579 = CLOSED_SHELL ( 'NONE', ( #2854, #998, #2329, #4649, #5112, #5476, #1730, #1916, #723, #5392, #1002, #1788, #2797, #1218 ) ) ;
#1580 = CARTESIAN_POINT ( 'NONE',  ( -1.619730743616254687, 1.259999999999999787, -2.415000000000002256 ) ) ;
#1581 = EDGE_LOOP ( 'NONE', ( #1466, #4909, #3677, #452 ) ) ;
#1582 = VECTOR ( 'NONE', #5568, 1000.000000000000000 ) ;
#1583 = FACE_OUTER_BOUND ( 'NONE', #2485, .T. ) ;
#1584 = DIRECTION ( 'NONE',  ( -0.9063077870366477162, 0.000000000000000000, -0.4226182617407043818 ) ) ;
#1585 = CARTESIAN_POINT ( 'NONE',  ( 0.3100000000000012745, 1.459999999999999964, -0.9599999999999999645 ) ) ;
#1586 = LINE ( 'NONE', #2884, #2421 ) ;
#1587 = VERTEX_POINT ( 'NONE', #3728 ) ;
#1588 = VECTOR ( 'NONE', #4385, 1000.000000000000000 ) ;
#1589 = LINE ( 'NONE', #4314, #4947 ) ;
#1590 = ADVANCED_FACE ( 'NONE', ( #201 ), #1055, .T. ) ;
#1591 = AXIS2_PLACEMENT_3D ( 'NONE', #2598, #2170, #1284 ) ;
#1592 = CARTESIAN_POINT ( 'NONE',  ( -0.6499999999999986899, 1.259999999999999787, -1.919999999999999263 ) ) ;
#1593 = AXIS2_PLACEMENT_3D ( 'NONE', #5135, #4287, #1563 ) ;
#1594 = CARTESIAN_POINT ( 'NONE',  ( -4.769999999999997797, 3.600000000000000089, 1.580000000000000293 ) ) ;
#1595 = CARTESIAN_POINT ( 'NONE',  ( 0.000000000000000000, 1.459999999999999964, 1.765000000000001457 ) ) ;
#1596 = EDGE_LOOP ( 'NONE', ( #5494, #5002, #2031, #439 ) ) ;
#1597 = ORIENTED_EDGE ( 'NONE', *, *, #2498, .T. ) ;
#1598 = AXIS2_PLACEMENT_3D ( 'NONE', #366, #5681, #5242 ) ;
#1599 = VECTOR ( 'NONE', #1556, 1000.000000000000000 ) ;
#1600 = LINE ( 'NONE', #4794, #3258 ) ;
#1601 = DIRECTION ( 'NONE',  ( 0.000000000000000000, 1.000000000000000000, 0.000000000000000000 ) ) ;
#1602 = SURFACE_STYLE_FILL_AREA ( #5081 ) ;
#1603 = VERTEX_POINT ( 'NONE', #2397 ) ;
#1604 = CARTESIAN_POINT ( 'NONE',  ( -5.389999999999998792, 9.700000000000001066, -0.9600000000000006306 ) ) ;
#1605 = AXIS2_PLACEMENT_3D ( 'NONE', #1330, #4030, #1295 ) ;
#1606 = VECTOR ( 'NONE', #4329, 1000.000000000000000 ) ;
#1607 = EDGE_CURVE ( 'NONE', #55, #589, #4574, .T. ) ;
#1608 = VERTEX_POINT ( 'NONE', #673 ) ;
#1609 = VECTOR ( 'NONE', #5116, 1000.000000000000227 ) ;
#1610 = DIRECTION ( 'NONE',  ( -0.000000000000000000, 1.000000000000000000, -0.000000000000000000 ) ) ;
#1611 = DIRECTION ( 'NONE',  ( 0.000000000000000000, 0.000000000000000000, 1.000000000000000000 ) ) ;
#1612 = VECTOR ( 'NONE', #1811, 1000.000000000000000 ) ;
#1613 = ORIENTED_EDGE ( 'NONE', *, *, #733, .T. ) ;
#1614 = EDGE_CURVE ( 'NONE', #5114, #1139, #2881, .T. ) ;
#1615 = CARTESIAN_POINT ( 'NONE',  ( 2.230000000000000426, 3.600000000000000089, 1.580000000000000515 ) ) ;
#1616 = ORIENTED_EDGE ( 'NONE', *, *, #5416, .T. ) ;
#1617 = DIRECTION ( 'NONE',  ( 0.4226182617407052144, -0.000000000000000000, 0.9063077870366472721 ) ) ;
#1618 = AXIS2_PLACEMENT_3D ( 'NONE', #1354, #5397, #443 ) ;
#1619 = EDGE_CURVE ( 'NONE', #1716, #2679, #2425, .T. ) ;
#1620 = LINE ( 'NONE', #760, #2818 ) ;
#1621 = DIRECTION ( 'NONE',  ( -0.000000000000000000, -1.000000000000000000, -0.000000000000000000 ) ) ;
#1622 = DIRECTION ( 'NONE',  ( -0.000000000000000000, 1.000000000000000000, -0.000000000000000000 ) ) ;
#1623 = LINE ( 'NONE', #1649, #1209 ) ;
#1624 = EDGE_CURVE ( 'NONE', #4652, #2079, #3784, .T. ) ;
#1625 = ORIENTED_EDGE ( 'NONE', *, *, #1757, .T. ) ;
#1626 = DIRECTION ( 'NONE',  ( 0.000000000000000000, 1.000000000000000000, 0.000000000000000000 ) ) ;
#1627 = CARTESIAN_POINT ( 'NONE',  ( -5.389999999999998792, 1.120000000000001217, 1.580000000000000515 ) ) ;
#1628 = VECTOR ( 'NONE', #3034, 1000.000000000000000 ) ;
#1629 = DIRECTION ( 'NONE',  ( 0.000000000000000000, 0.000000000000000000, -1.000000000000000000 ) ) ;
#1630 = DIRECTION ( 'NONE',  ( -1.000000000000000000, 0.000000000000000000, -3.497426362856462163E-16 ) ) ;
#1631 = EDGE_LOOP ( 'NONE', ( #4561, #4491, #4087, #5398 ) ) ;
#1632 = ORIENTED_EDGE ( 'NONE', *, *, #204, .F. ) ;
#1633 = CARTESIAN_POINT ( 'NONE',  ( -5.389999999999998792, 3.600000000000000089, 0.9600000000000006306 ) ) ;
#1634 = DIRECTION ( 'NONE',  ( 0.000000000000000000, 1.000000000000000000, 0.000000000000000000 ) ) ;
#1635 = VERTEX_POINT ( 'NONE', #4698 ) ;
#1636 = LINE ( 'NONE', #5534, #2333 ) ;
#1637 = ORIENTED_EDGE ( 'NONE', *, *, #3489, .T. ) ;
#1638 = FACE_BOUND ( 'NONE', #795, .T. ) ;
#1639 = EDGE_CURVE ( 'NONE', #2077, #5091, #756, .T. ) ;
#1640 = ADVANCED_FACE ( 'NONE', ( #139 ), #1527, .F. ) ;
#1641 = LINE ( 'NONE', #3375, #1221 ) ;
#1642 = ORIENTED_EDGE ( 'NONE', *, *, #4194, .T. ) ;
#1643 = DIRECTION ( 'NONE',  ( 0.000000000000000000, 0.000000000000000000, 1.000000000000000000 ) ) ;
#1644 = EDGE_LOOP ( 'NONE', ( #354, #3067, #5018, #1065 ) ) ;
#1645 = DIRECTION ( 'NONE',  ( 0.000000000000000000, 1.000000000000000000, 0.000000000000000000 ) ) ;
#1646 =( GEOMETRIC_REPRESENTATION_CONTEXT ( 3 ) GLOBAL_UNCERTAINTY_ASSIGNED_CONTEXT ( ( #4473 ) ) GLOBAL_UNIT_ASSIGNED_CONTEXT ( ( #2217, #430, #3981 ) ) REPRESENTATION_CONTEXT ( 'NONE', 'WORKASPACE' ) );
#1647 = CARTESIAN_POINT ( 'NONE',  ( -5.389999999999998792, 1.119999999999999440, -2.080000000000000515 ) ) ;
#1648 = CARTESIAN_POINT ( 'NONE',  ( 1.223369234184499721, 3.600000000000000089, 1.765000000000001457 ) ) ;
#1649 = CARTESIAN_POINT ( 'NONE',  ( 0.6500000000000021316, 1.259999999999999787, 1.670000000000000373 ) ) ;
#1650 = VERTEX_POINT ( 'NONE', #4248 ) ;
#1651 = LINE ( 'NONE', #2460, #5041 ) ;
#1652 = EDGE_CURVE ( 'NONE', #805, #3642, #5038, .T. ) ;
#1653 = LINE ( 'NONE', #5661, #1013 ) ;
#1654 = DIRECTION ( 'NONE',  ( 0.000000000000000000, 0.000000000000000000, -1.000000000000000000 ) ) ;
#1655 = DIRECTION ( 'NONE',  ( 3.497426362856461177E-16, 0.000000000000000000, 1.000000000000000000 ) ) ;
#1656 = ORIENTED_EDGE ( 'NONE', *, *, #1181, .T. ) ;
#1657 = ADVANCED_FACE ( 'NONE', ( #587 ), #1082, .F. ) ;
#1658 = ORIENTED_EDGE ( 'NONE', *, *, #4092, .T. ) ;
#1659 = CARTESIAN_POINT ( 'NONE',  ( -3.189999999999998614, 3.799999999999999822, -1.919999999999999263 ) ) ;
#1660 = CARTESIAN_POINT ( 'NONE',  ( -4.429999999999997939, 1.259999999999999787, 2.169999999999999485 ) ) ;
#1661 = ORIENTED_EDGE ( 'NONE', *, *, #5257, .F. ) ;
#1662 = DIRECTION ( 'NONE',  ( -0.000000000000000000, -1.000000000000000000, 0.000000000000000000 ) ) ;
#1663 = ORIENTED_EDGE ( 'NONE', *, *, #5739, .F. ) ;
#1664 = CARTESIAN_POINT ( 'NONE',  ( -4.769999999999997797, 9.700000000000001066, -1.580000000000000293 ) ) ;
#1665 = ADVANCED_FACE ( 'NONE', ( #4605 ), #5094, .F. ) ;
#1666 = DIRECTION ( 'NONE',  ( 0.9063077870366477162, 0.000000000000000000, -0.4226182617407044928 ) ) ;
#1667 = VERTEX_POINT ( 'NONE', #3692 ) ;
#1668 = DIRECTION ( 'NONE',  ( -0.3236155771181828955, -0.8891264907159897035, -0.3236155771181827290 ) ) ;
#1669 = VERTEX_POINT ( 'NONE', #1585 ) ;
#1670 = DIRECTION ( 'NONE',  ( 0.000000000000000000, 0.000000000000000000, 1.000000000000000000 ) ) ;
#1671 = DIRECTION ( 'NONE',  ( -0.000000000000000000, 1.000000000000000000, -0.000000000000000000 ) ) ;
#1672 = LINE ( 'NONE', #1648, #2703 ) ;
#1673 = CARTESIAN_POINT ( 'NONE',  ( 0.3100000000000012745, 1.459999999999999964, -0.9599999999999999645 ) ) ;
#1674 = EDGE_LOOP ( 'NONE', ( #4988, #1508, #414, #2292 ) ) ;
#1675 = VECTOR ( 'NONE', #68, 1000.000000000000000 ) ;
#1676 = DIRECTION ( 'NONE',  ( 0.000000000000000000, -0.000000000000000000, 1.000000000000000000 ) ) ;
#1677 = FACE_OUTER_BOUND ( 'NONE', #747, .T. ) ;
#1678 = CARTESIAN_POINT ( 'NONE',  ( -1.889999999999998126, 1.459999999999999964, 1.920000000000000151 ) ) ;
#1679 = AXIS2_PLACEMENT_3D ( 'NONE', #5621, #2958, #2069 ) ;
#1680 = DIRECTION ( 'NONE',  ( 1.000000000000000000, 0.000000000000000000, -3.497426362856462163E-16 ) ) ;
#1681 = VERTEX_POINT ( 'NONE', #3756 ) ;
#1682 = VERTEX_POINT ( 'NONE', #4157 ) ;
#1683 = CARTESIAN_POINT ( 'NONE',  ( -3.189999999999998614, 1.259999999999999787, -1.669999999999999707 ) ) ;
#1684 = VECTOR ( 'NONE', #5006, 1000.000000000000000 ) ;
#1685 = VECTOR ( 'NONE', #1062, 1000.000000000000000 ) ;
#1686 = FACE_OUTER_BOUND ( 'NONE', #4175, .T. ) ;
#1687 = CONTEXT_DEPENDENT_SHAPE_REPRESENTATION ( #3782, #1764 ) ;
#1688 = EDGE_CURVE ( 'NONE', #5281, #5444, #5545, .T. ) ;
#1689 = ORIENTED_EDGE ( 'NONE', *, *, #4701, .T. ) ;
#1690 = CARTESIAN_POINT ( 'NONE',  ( -0.6499999999999986899, 3.600000000000000089, -1.919999999999999263 ) ) ;
#1691 = VECTOR ( 'NONE', #4356, 1000.000000000000000 ) ;
#1692 = VERTEX_POINT ( 'NONE', #2022 ) ;
#1693 = AXIS2_PLACEMENT_3D ( 'NONE', #3116, #964, #1343 ) ;
#1694 = EDGE_CURVE ( 'NONE', #2775, #4976, #165, .T. ) ;
#1695 = DIRECTION ( 'NONE',  ( -1.000000000000000000, 0.000000000000000000, 0.000000000000000000 ) ) ;
#1696 = CIRCLE ( 'NONE', #4934, 0.2499999999999995837 ) ;
#1697 = VECTOR ( 'NONE', #382, 1000.000000000000000 ) ;
#1698 = DIRECTION ( 'NONE',  ( -0.9063077870366472721, 0.000000000000000000, 0.4226182617407052144 ) ) ;
#1699 = ORIENTED_EDGE ( 'NONE', *, *, #626, .F. ) ;
#1700 = LINE ( 'NONE', #311, #3536 ) ;
#1701 = AXIS2_PLACEMENT_3D ( 'NONE', #303, #5642, #2556 ) ;
#1702 = AXIS2_PLACEMENT_3D ( 'NONE', #3199, #5378, #4973 ) ;
#1703 = CARTESIAN_POINT ( 'NONE',  ( 5.390000000000002345, 3.600000000000000089, 0.9600000000000005196 ) ) ;
#1704 = CARTESIAN_POINT ( 'NONE',  ( -1.223369234184498389, 1.259999999999999787, -1.765000000000002789 ) ) ;
#1705 = AXIS2_PLACEMENT_3D ( 'NONE', #804, #5701, #5229 ) ;
#1706 = PLANE ( 'NONE',  #751 ) ;
#1707 = FACE_OUTER_BOUND ( 'NONE', #824, .T. ) ;
#1708 = ORIENTED_EDGE ( 'NONE', *, *, #123, .F. ) ;
#1709 = VECTOR ( 'NONE', #5317, 1000.000000000000000 ) ;
#1710 = LINE ( 'NONE', #4788, #3273 ) ;
#1711 = DIRECTION ( 'NONE',  ( 0.000000000000000000, 0.000000000000000000, 1.000000000000000000 ) ) ;
#1712 = ADVANCED_FACE ( 'NONE', ( #5129 ), #1145, .F. ) ;
#1713 = SURFACE_SIDE_STYLE ('',( #5695 ) ) ;
#1714 = CARTESIAN_POINT ( 'NONE',  ( 1.316630765815501869, 1.259999999999999787, -1.765000000000002789 ) ) ;
#1715 = EDGE_LOOP ( 'NONE', ( #2444, #203, #3939, #4182, #3457, #3282, #4407, #1337 ) ) ;
#1716 = VERTEX_POINT ( 'NONE', #763 ) ;
#1717 = FACE_OUTER_BOUND ( 'NONE', #2228, .T. ) ;
#1718 = CARTESIAN_POINT ( 'NONE',  ( 6.349999999999999645, 3.600000000000000089, 2.414999999999999591 ) ) ;
#1719 = DIRECTION ( 'NONE',  ( 1.000000000000000000, 0.000000000000000000, 0.000000000000000000 ) ) ;
#1720 = ORIENTED_EDGE ( 'NONE', *, *, #4597, .T. ) ;
#1721 = EDGE_CURVE ( 'NONE', #1774, #4208, #1672, .T. ) ;
#1722 = DIRECTION ( 'NONE',  ( 0.000000000000000000, 0.000000000000000000, 1.000000000000000000 ) ) ;
#1723 = ORIENTED_EDGE ( 'NONE', *, *, #82, .T. ) ;
#1724 = DIRECTION ( 'NONE',  ( 0.000000000000000000, -0.000000000000000000, 1.000000000000000000 ) ) ;
#1725 = DIRECTION ( 'NONE',  ( -1.000000000000000000, 0.000000000000000000, 1.748713181428230588E-16 ) ) ;
#1726 = EDGE_CURVE ( 'NONE', #927, #1005, #2509, .T. ) ;
#1727 = DIRECTION ( 'NONE',  ( 1.000000000000000000, 0.000000000000000000, 0.000000000000000000 ) ) ;
#1728 = EDGE_LOOP ( 'NONE', ( #2808, #4326, #3853, #1656 ) ) ;
#1729 = CARTESIAN_POINT ( 'NONE',  ( -0.6499999999999986899, 1.259999999999999787, -2.169999999999998597 ) ) ;
#1730 = ADVANCED_FACE ( 'NONE', ( #3004 ), #1706, .T. ) ;
#1731 = LINE ( 'NONE', #4806, #5401 ) ;
#1732 = FACE_OUTER_BOUND ( 'NONE', #578, .T. ) ;
#1733 = LINE ( 'NONE', #3497, #843 ) ;
#1734 = CARTESIAN_POINT ( 'NONE',  ( 4.159730743616255388, 1.259999999999999787, 2.415000000000001368 ) ) ;
#1735 = ORIENTED_EDGE ( 'NONE', *, *, #989, .F. ) ;
#1736 = LINE ( 'NONE', #4189, #5045 ) ;
#1737 = CARTESIAN_POINT ( 'NONE',  ( -3.767242395349396311, 1.459999999999999964, -1.756693979077630585 ) ) ;
#1738 = ADVANCED_FACE ( 'NONE', ( #2133 ), #5631, .T. ) ;
#1739 = DIRECTION ( 'NONE',  ( 0.000000000000000000, 1.000000000000000000, 0.000000000000000000 ) ) ;
#1740 = CARTESIAN_POINT ( 'NONE',  ( -2.229999999999999094, 1.459999999999999964, -0.9599999999999999645 ) ) ;
#1741 = ORIENTED_EDGE ( 'NONE', *, *, #1488, .F. ) ;
#1742 = ORIENTED_EDGE ( 'NONE', *, *, #5341, .F. ) ;
#1743 = EDGE_CURVE ( 'NONE', #2740, #2858, #561, .T. ) ;
#1744 = CARTESIAN_POINT ( 'NONE',  ( 0.3100000000000021072, 3.600000000000000089, 0.9600000000000005196 ) ) ;
#1745 = DIRECTION ( 'NONE',  ( -0.000000000000000000, 1.000000000000000000, -0.000000000000000000 ) ) ;
#1746 = APPLICATION_PROTOCOL_DEFINITION ( 'draft international standard', 'automotive_design', 1998, #2895 ) ;
#1747 = EDGE_LOOP ( 'NONE', ( #2465, #703, #3006, #600 ) ) ;
#1748 = CYLINDRICAL_SURFACE ( 'NONE', #5013, 0.2499999999999995837 ) ;
#1749 = EDGE_LOOP ( 'NONE', ( #4860, #4818, #3722, #2751 ) ) ;
#1750 = EDGE_CURVE ( 'NONE', #5114, #2314, #292, .T. ) ;
#1751 = DIRECTION ( 'NONE',  ( 0.000000000000000000, 0.000000000000000000, 1.000000000000000000 ) ) ;
#1752 = CARTESIAN_POINT ( 'NONE',  ( -1.223369234184497945, 3.600000000000000089, 1.765000000000001457 ) ) ;
#1753 = DIRECTION ( 'NONE',  ( -0.000000000000000000, -0.000000000000000000, 1.000000000000000000 ) ) ;
#1754 = ORIENTED_EDGE ( 'NONE', *, *, #1614, .T. ) ;
#1755 = CARTESIAN_POINT ( 'NONE',  ( 6.349999999999999645, 3.600000000000000089, 2.414999999999999591 ) ) ;
#1756 = LINE ( 'NONE', #1259, #1820 ) ;
#1757 = EDGE_CURVE ( 'NONE', #14, #1005, #341, .T. ) ;
#1758 = FACE_OUTER_BOUND ( 'NONE', #779, .T. ) ;
#1759 = LINE ( 'NONE', #4363, #2147 ) ;
#1760 = EDGE_LOOP ( 'NONE', ( #2686, #695, #5064, #2059 ) ) ;
#1761 = CARTESIAN_POINT ( 'NONE',  ( 3.190000000000001723, 3.600000000000000089, 2.169999999999999485 ) ) ;
#1762 = DIRECTION ( 'NONE',  ( 0.000000000000000000, 0.000000000000000000, -1.000000000000000000 ) ) ;
#1763 = LINE ( 'NONE', #3960, #4273 ) ;
#1764 = PRODUCT_DEFINITION_SHAPE ( 'NONE', 'NONE',  #5780 ) ;
#1765 = CARTESIAN_POINT ( 'NONE',  ( -4.429999999999997939, 1.259999999999999787, 2.169999999999999485 ) ) ;
#1766 = ORIENTED_EDGE ( 'NONE', *, *, #3826, .T. ) ;
#1767 = ORIENTED_EDGE ( 'NONE', *, *, #5562, .F. ) ;
#1768 = VECTOR ( 'NONE', #2198, 1000.000000000000000 ) ;
#1769 = DIRECTION ( 'NONE',  ( 0.000000000000000000, 0.000000000000000000, 1.000000000000000000 ) ) ;
#1770 = DIRECTION ( 'NONE',  ( 0.000000000000000000, 1.000000000000000000, 0.000000000000000000 ) ) ;
#1771 = EDGE_LOOP ( 'NONE', ( #1835, #1420, #2846, #2418 ) ) ;
#1772 = VECTOR ( 'NONE', #3726, 1000.000000000000000 ) ;
#1773 = CARTESIAN_POINT ( 'NONE',  ( 0.000000000000000000, 0.1499999999999999667, -3.649999999999999911 ) ) ;
#1774 = VERTEX_POINT ( 'NONE', #1260 ) ;
#1775 = ORIENTED_EDGE ( 'NONE', *, *, #1953, .F. ) ;
#1776 = ORIENTED_EDGE ( 'NONE', *, *, #555, .T. ) ;
#1777 = VECTOR ( 'NONE', #2637, 1000.000000000000000 ) ;
#1778 = CIRCLE ( 'NONE', #3251, 0.2499999999999995837 ) ;
#1779 = LINE ( 'NONE', #1304, #384 ) ;
#1780 = ADVANCED_FACE ( 'NONE', ( #793 ), #2194, .F. ) ;
#1781 = LINE ( 'NONE', #4276, #1199 ) ;
#1782 = VECTOR ( 'NONE', #3839, 1000.000000000000000 ) ;
#1783 = DIRECTION ( 'NONE',  ( -0.000000000000000000, 1.000000000000000000, -0.000000000000000000 ) ) ;
#1784 = ORIENTED_EDGE ( 'NONE', *, *, #4739, .T. ) ;
#1785 = VECTOR ( 'NONE', #1851, 1000.000000000000000 ) ;
#1786 = AXIS2_PLACEMENT_3D ( 'NONE', #457, #3606, #5380 ) ;
#1787 = DIRECTION ( 'NONE',  ( 0.000000000000000000, 1.000000000000000000, 0.000000000000000000 ) ) ;
#1788 = ADVANCED_FACE ( 'NONE', ( #2971 ), #1233, .T. ) ;
#1789 = FACE_OUTER_BOUND ( 'NONE', #2957, .T. ) ;
#1790 = AXIS2_PLACEMENT_3D ( 'NONE', #1987, #601, #4564 ) ;
#1791 = AXIS2_PLACEMENT_3D ( 'NONE', #3324, #5103, #4677 ) ;
#1792 = DIRECTION ( 'NONE',  ( 0.000000000000000000, 0.000000000000000000, 1.000000000000000000 ) ) ;
#1793 = VERTEX_POINT ( 'NONE', #3843 ) ;
#1794 = EDGE_CURVE ( 'NONE', #765, #1650, #5744, .T. ) ;
#1795 = VECTOR ( 'NONE', #5643, 1000.000000000000114 ) ;
#1796 = DIRECTION ( 'NONE',  ( 0.000000000000000000, 0.000000000000000000, -1.000000000000000000 ) ) ;
#1797 = CARTESIAN_POINT ( 'NONE',  ( -5.729999999999998650, 1.259999999999999787, -1.919999999999999263 ) ) ;
#1798 = CARTESIAN_POINT ( 'NONE',  ( -0.6499999999999986899, 1.259999999999999787, -1.669999999999999707 ) ) ;
#1799 = EDGE_CURVE ( 'NONE', #4014, #3313, #3260, .T. ) ;
#1800 = CARTESIAN_POINT ( 'NONE',  ( -2.229999999999999094, 3.600000000000000089, -0.9599999999999999645 ) ) ;
#1801 = ORIENTED_EDGE ( 'NONE', *, *, #2683, .F. ) ;
#1802 = AXIS2_PLACEMENT_3D ( 'NONE', #3828, #3795, #2613 ) ;
#1803 = ORIENTED_EDGE ( 'NONE', *, *, #1355, .T. ) ;
#1804 = CARTESIAN_POINT ( 'NONE',  ( -4.769999999999998685, 1.459999999999999964, -0.9599999999999999645 ) ) ;
#1805 = FACE_OUTER_BOUND ( 'NONE', #2773, .T. ) ;
#1806 = ORIENTED_EDGE ( 'NONE', *, *, #245, .F. ) ;
#1807 = CARTESIAN_POINT ( 'NONE',  ( 5.001319698884732550E-16, 9.700000000000001066, 1.429999999999997495 ) ) ;
#1808 = ORIENTED_EDGE ( 'NONE', *, *, #1903, .T. ) ;
#1809 = ORIENTED_EDGE ( 'NONE', *, *, #1107, .F. ) ;
#1810 = ORIENTED_EDGE ( 'NONE', *, *, #4077, .T. ) ;
#1811 = DIRECTION ( 'NONE',  ( 0.000000000000000000, 0.000000000000000000, -1.000000000000000000 ) ) ;
#1812 = CARTESIAN_POINT ( 'NONE',  ( 0.3100000000000012745, 3.600000000000000089, -0.9599999999999999645 ) ) ;
#1813 = LINE ( 'NONE', #5294, #2532 ) ;
#1814 = ORIENTED_EDGE ( 'NONE', *, *, #5562, .T. ) ;
#1815 = EDGE_CURVE ( 'NONE', #3484, #4903, #2793, .T. ) ;
#1816 = DIRECTION ( 'NONE',  ( -1.000000000000000000, 0.000000000000000000, -1.748713181428231081E-16 ) ) ;
#1817 = DIRECTION ( 'NONE',  ( 1.000000000000000000, 0.000000000000000000, -0.000000000000000000 ) ) ;
#1818 = FACE_OUTER_BOUND ( 'NONE', #3927, .T. ) ;
#1819 = ORIENTED_EDGE ( 'NONE', *, *, #5353, .T. ) ;
#1820 = VECTOR ( 'NONE', #3029, 1000.000000000000000 ) ;
#1821 = LINE ( 'NONE', #3586, #2734 ) ;
#1822 = CARTESIAN_POINT ( 'NONE',  ( -4.429999999999997939, 1.259999999999999787, 1.670000000000000373 ) ) ;
#1823 = CARTESIAN_POINT ( 'NONE',  ( -0.3099999999999986655, 1.459999999999999964, 1.580000000000000515 ) ) ;
#1824 = PLANE ( 'NONE',  #3991 ) ;
#1825 = ORIENTED_EDGE ( 'NONE', *, *, #1393, .T. ) ;
#1826 = VERTEX_POINT ( 'NONE', #372 ) ;
#1827 = PLANE ( 'NONE',  #1878 ) ;
#1828 = EDGE_CURVE ( 'NONE', #1127, #589, #3869, .T. ) ;
#1829 = LINE ( 'NONE', #59, #389 ) ;
#1830 = EDGE_LOOP ( 'NONE', ( #141, #3259, #2645, #2777 ) ) ;
#1831 = CARTESIAN_POINT ( 'NONE',  ( -4.769999999999997797, 1.459999999999999964, 1.580000000000000293 ) ) ;
#1832 = EDGE_CURVE ( 'NONE', #61, #5007, #4006, .T. ) ;
#1833 = ORIENTED_EDGE ( 'NONE', *, *, #3189, .T. ) ;
#1834 = ORIENTED_EDGE ( 'NONE', *, *, #335, .T. ) ;
#1835 = ORIENTED_EDGE ( 'NONE', *, *, #5445, .T. ) ;
#1836 = CARTESIAN_POINT ( 'NONE',  ( -0.6499999999999986899, 1.459999999999999964, -1.669999999999999707 ) ) ;
#1837 = DIRECTION ( 'NONE',  ( -1.000000000000000000, 0.000000000000000000, 1.024442997624098707E-16 ) ) ;
#1838 = CARTESIAN_POINT ( 'NONE',  ( 0.3100000000000021072, 3.600000000000000089, 1.580000000000000293 ) ) ;
#1839 = ORIENTED_EDGE ( 'NONE', *, *, #3845, .T. ) ;
#1840 = CARTESIAN_POINT ( 'NONE',  ( -3.460269256383745162, 3.600000000000000089, -2.415000000000002256 ) ) ;
#1841 = EDGE_CURVE ( 'NONE', #682, #966, #1733, .T. ) ;
#1842 = DIRECTION ( 'NONE',  ( 1.000000000000000000, 0.000000000000000000, -0.000000000000000000 ) ) ;
#1843 = PLANE ( 'NONE',  #4551 ) ;
#1844 = VERTEX_POINT ( 'NONE', #846 ) ;
#1845 = LINE ( 'NONE', #1263, #2551 ) ;
#1846 = CARTESIAN_POINT ( 'NONE',  ( 2.850000000000000533, 1.459999999999999964, -0.9599999999999999645 ) ) ;
#1847 = CARTESIAN_POINT ( 'NONE',  ( 2.850000000000001421, 1.459999999999999964, 0.9600000000000005196 ) ) ;
#1848 = DIRECTION ( 'NONE',  ( -0.000000000000000000, 1.000000000000000000, -0.000000000000000000 ) ) ;
#1849 = VERTEX_POINT ( 'NONE', #4398 ) ;
#1850 = ORIENTED_EDGE ( 'NONE', *, *, #5052, .F. ) ;
#1851 = DIRECTION ( 'NONE',  ( -0.000000000000000000, 1.000000000000000000, -0.000000000000000000 ) ) ;
#1852 = DIRECTION ( 'NONE',  ( 0.000000000000000000, 1.000000000000000000, 0.000000000000000000 ) ) ;
#1853 = ORIENTED_EDGE ( 'NONE', *, *, #2885, .F. ) ;
#1854 = DIRECTION ( 'NONE',  ( 0.000000000000000000, 1.000000000000000000, 0.000000000000000000 ) ) ;
#1855 = ADVANCED_FACE ( 'NONE', ( #1758 ), #3521, .F. ) ;
#1856 = AXIS2_PLACEMENT_3D ( 'NONE', #4428, #4456, #5307 ) ;
#1857 = ORIENTED_EDGE ( 'NONE', *, *, #3015, .F. ) ;
#1858 = PRODUCT_DEFINITION_SHAPE ( 'NONE', 'NONE',  #3432 ) ;
#1859 = VERTEX_POINT ( 'NONE', #3983 ) ;
#1860 = EDGE_CURVE ( 'NONE', #911, #3227, #2654, .T. ) ;
#1861 = CIRCLE ( 'NONE', #5102, 0.2499999999999995837 ) ;
#1862 = LINE ( 'NONE', #3547, #5033 ) ;
#1863 = LINE ( 'NONE', #4094, #1675 ) ;
#1864 = CARTESIAN_POINT ( 'NONE',  ( -4.769999999999997797, 3.600000000000000089, 0.9600000000000005196 ) ) ;
#1865 = EDGE_CURVE ( 'NONE', #3909, #805, #1499, .T. ) ;
#1866 = ORIENTED_EDGE ( 'NONE', *, *, #4178, .F. ) ;
#1867 = AXIS2_PLACEMENT_3D ( 'NONE', #2012, #4714, #5083 ) ;
#1868 = PLANE ( 'NONE',  #2531 ) ;
#1869 = AXIS2_PLACEMENT_3D ( 'NONE', #5336, #2347, #1406 ) ;
#1870 = CARTESIAN_POINT ( 'NONE',  ( -0.6499999999999986899, 3.799999999999999822, -1.669999999999999707 ) ) ;
#1871 = CARTESIAN_POINT ( 'NONE',  ( -5.389999999999998792, 0.000000000000000000, -0.9600000000000006306 ) ) ;
#1872 = EDGE_CURVE ( 'NONE', #2729, #2365, #2710, .T. ) ;
#1873 = VECTOR ( 'NONE', #1668, 1000.000000000000114 ) ;
#1874 = ORIENTED_EDGE ( 'NONE', *, *, #748, .F. ) ;
#1875 = VECTOR ( 'NONE', #2572, 1000.000000000000000 ) ;
#1876 = DIRECTION ( 'NONE',  ( 0.000000000000000000, 0.000000000000000000, 1.000000000000000000 ) ) ;
#1877 = AXIS2_PLACEMENT_3D ( 'NONE', #575, #5584, #2363 ) ;
#1878 = AXIS2_PLACEMENT_3D ( 'NONE', #3966, #1353, #4379 ) ;
#1879 = DIRECTION ( 'NONE',  ( 0.000000000000000000, 1.000000000000000000, 0.000000000000000000 ) ) ;
#1880 = VECTOR ( 'NONE', #5032, 1000.000000000000114 ) ;
#1881 = CARTESIAN_POINT ( 'NONE',  ( 5.730000000000002203, 3.600000000000000089, 1.920000000000000151 ) ) ;
#1882 = CARTESIAN_POINT ( 'NONE',  ( -4.769999999999997797, 0.000000000000000000, 1.580000000000000293 ) ) ;
#1883 = ORIENTED_EDGE ( 'NONE', *, *, #2746, .F. ) ;
#1884 = CIRCLE ( 'NONE', #3084, 0.2499999999999995837 ) ;
#1885 = EDGE_CURVE ( 'NONE', #4931, #1669, #4949, .T. ) ;
#1886 = FACE_BOUND ( 'NONE', #1198, .T. ) ;
#1887 = CARTESIAN_POINT ( 'NONE',  ( -5.389999999999998792, 9.287878387081802245, 0.9600000000000006306 ) ) ;
#1888 = ORIENTED_EDGE ( 'NONE', *, *, #3093, .T. ) ;
#1889 = LINE ( 'NONE', #1032, #358 ) ;
#1890 = CIRCLE ( 'NONE', #3731, 0.2499999999999995837 ) ;
#1891 = EDGE_LOOP ( 'NONE', ( #4460, #2959, #4803, #337 ) ) ;
#1892 = VERTEX_POINT ( 'NONE', #3638 ) ;
#1893 = ORIENTED_EDGE ( 'NONE', *, *, #1285, .F. ) ;
#1894 = VECTOR ( 'NONE', #3394, 1000.000000000000000 ) ;
#1895 = CARTESIAN_POINT ( 'NONE',  ( 2.230000000000000426, 1.459999999999999964, 1.580000000000000515 ) ) ;
#1896 = STYLED_ITEM ( 'NONE', ( #2766 ), #5458 ) ;
#1897 = LINE ( 'NONE', #512, #1479 ) ;
#1898 = ADVANCED_FACE ( 'NONE', ( #4045 ), #431, .T. ) ;
#1899 = ORIENTED_EDGE ( 'NONE', *, *, #862, .F. ) ;
#1900 = CARTESIAN_POINT ( 'NONE',  ( -5.729999999999998650, 3.799999999999999822, -1.919999999999999263 ) ) ;
#1901 = ADVANCED_FACE ( 'NONE', ( #1789 ), #4914, .F. ) ;
#1902 = CARTESIAN_POINT ( 'NONE',  ( -4.769999999999997797, 0.6200000000000007727, -3.237878387081807308 ) ) ;
#1903 = EDGE_CURVE ( 'NONE', #4446, #566, #4889, .T. ) ;
#1904 = CARTESIAN_POINT ( 'NONE',  ( -5.389999999999998792, 9.287878387081802245, -1.580000000000000515 ) ) ;
#1905 = VERTEX_POINT ( 'NONE', #3200 ) ;
#1906 = FACE_OUTER_BOUND ( 'NONE', #920, .T. ) ;
#1907 = LINE ( 'NONE', #5517, #4737 ) ;
#1908 = CIRCLE ( 'NONE', #5151, 0.5000000000000000000 ) ;
#1909 = DIRECTION ( 'NONE',  ( 0.000000000000000000, 0.000000000000000000, 1.000000000000000000 ) ) ;
#1910 = ORIENTED_EDGE ( 'NONE', *, *, #3100, .T. ) ;
#1911 = CARTESIAN_POINT ( 'NONE',  ( -1.889999999999998126, 1.259999999999999787, 1.920000000000000151 ) ) ;
#1912 = DIRECTION ( 'NONE',  ( 0.000000000000000000, 1.000000000000000000, 0.000000000000000000 ) ) ;
#1913 = ADVANCED_FACE ( 'NONE', ( #2677 ), #933, .T. ) ;
#1914 = ORIENTED_EDGE ( 'NONE', *, *, #693, .F. ) ;
#1915 = CARTESIAN_POINT ( 'NONE',  ( -5.389999999999998792, 9.287878387081802245, -0.9600000000000006306 ) ) ;
#1916 = ADVANCED_FACE ( 'NONE', ( #75 ), #2738, .F. ) ;
#1917 = ORIENTED_EDGE ( 'NONE', *, *, #1972, .F. ) ;
#1918 = ORIENTED_EDGE ( 'NONE', *, *, #1743, .F. ) ;
#1919 = VERTEX_POINT ( 'NONE', #1870 ) ;
#1920 = LINE ( 'NONE', #182, #4278 ) ;
#1921 = FACE_OUTER_BOUND ( 'NONE', #773, .T. ) ;
#1922 =( LENGTH_UNIT ( ) NAMED_UNIT ( * ) SI_UNIT ( .MILLI., .METRE. ) );
#1923 = FACE_OUTER_BOUND ( 'NONE', #3590, .T. ) ;
#1924 = ADVANCED_FACE ( 'NONE', ( #4532 ), #4450, .F. ) ;
#1925 = ORIENTED_EDGE ( 'NONE', *, *, #4448, .T. ) ;
#1926 = DIRECTION ( 'NONE',  ( 0.000000000000000000, 0.000000000000000000, 1.000000000000000000 ) ) ;
#1927 = CARTESIAN_POINT ( 'NONE',  ( -4.769999999999997797, 1.459999999999999964, 1.580000000000000293 ) ) ;
#1928 = CYLINDRICAL_SURFACE ( 'NONE', #1965, 0.2499999999999995837 ) ;
#1929 = ORIENTED_EDGE ( 'NONE', *, *, #4952, .F. ) ;
#1930 = EDGE_CURVE ( 'NONE', #294, #4499, #461, .T. ) ;
#1931 = SURFACE_STYLE_USAGE ( .BOTH. , #5003 ) ;
#1932 = APPLICATION_CONTEXT ( 'automotive_design' ) ;
#1933 = DIRECTION ( 'NONE',  ( -1.000000000000000000, 0.000000000000000000, -0.000000000000000000 ) ) ;
#1934 = DIRECTION ( 'NONE',  ( 3.497426362856461177E-16, 0.000000000000000000, 1.000000000000000000 ) ) ;
#1935 = CARTESIAN_POINT ( 'NONE',  ( -0.6499999999999986899, 1.259999999999999787, -1.919999999999999263 ) ) ;
#1936 = ADVANCED_FACE ( 'NONE', ( #4507 ), #878, .T. ) ;
#1937 = EDGE_LOOP ( 'NONE', ( #1978, #2257, #2859, #1012 ) ) ;
#1938 = FACE_BOUND ( 'NONE', #4052, .T. ) ;
#1939 = FACE_OUTER_BOUND ( 'NONE', #5433, .T. ) ;
#1940 = LINE ( 'NONE', #2000, #5191 ) ;
#1941 = DIRECTION ( 'NONE',  ( 0.000000000000000000, 0.000000000000000000, 1.000000000000000000 ) ) ;
#1942 = ORIENTED_EDGE ( 'NONE', *, *, #498, .T. ) ;
#1943 = VERTEX_POINT ( 'NONE', #2337 ) ;
#1944 = VERTEX_POINT ( 'NONE', #3559 ) ;
#1945 = PLANE ( 'NONE',  #477 ) ;
#1946 = EDGE_LOOP ( 'NONE', ( #5697, #585 ) ) ;
#1947 = CIRCLE ( 'NONE', #3979, 0.2499999999999995837 ) ;
#1948 = CARTESIAN_POINT ( 'NONE',  ( -4.159730743616254500, 1.259999999999999787, -2.415000000000002256 ) ) ;
#1949 = ORIENTED_EDGE ( 'NONE', *, *, #4425, .F. ) ;
#1950 = VECTOR ( 'NONE', #1363, 1000.000000000000000 ) ;
#1951 = CARTESIAN_POINT ( 'NONE',  ( -5.389999999999998792, 9.700000000000001066, -1.580000000000000515 ) ) ;
#1952 = ADVANCED_FACE ( 'NONE', ( #4102 ), #111, .T. ) ;
#1953 = EDGE_CURVE ( 'NONE', #5483, #4079, #3581, .T. ) ;
#1954 = VECTOR ( 'NONE', #2694, 1000.000000000000000 ) ;
#1955 = LINE ( 'NONE', #2871, #3543 ) ;
#1956 = ORIENTED_EDGE ( 'NONE', *, *, #1043, .F. ) ;
#1957 = CARTESIAN_POINT ( 'NONE',  ( -5.729999999999998650, 1.259999999999999787, -1.919999999999999263 ) ) ;
#1958 = EDGE_LOOP ( 'NONE', ( #786, #3214 ) ) ;
#1959 = VECTOR ( 'NONE', #879, 1000.000000000000000 ) ;
#1960 = MECHANICAL_DESIGN_GEOMETRIC_PRESENTATION_REPRESENTATION (  '', ( #5304 ), #3254 ) ;
#1961 = ADVANCED_FACE ( 'NONE', ( #1368 ), #3225, .T. ) ;
#1962 = CARTESIAN_POINT ( 'NONE',  ( 5.390000000000000568, 1.459999999999999964, -0.9599999999999999645 ) ) ;
#1963 = DIRECTION ( 'NONE',  ( -1.365923996832131609E-16, 0.000000000000000000, -1.000000000000000000 ) ) ;
#1964 = DIRECTION ( 'NONE',  ( -0.9063077870366477162, 0.000000000000000000, -0.4226182617407043818 ) ) ;
#1965 = AXIS2_PLACEMENT_3D ( 'NONE', #2393, #606, #3805 ) ;
#1966 = CARTESIAN_POINT ( 'NONE',  ( -5.729999999999998650, 1.459999999999999964, -1.669999999999999707 ) ) ;
#1967 = ADVANCED_FACE ( 'NONE', ( #694 ), #2907, .T. ) ;
#1968 = ORIENTED_EDGE ( 'NONE', *, *, #4340, .F. ) ;
#1969 = VECTOR ( 'NONE', #4752, 1000.000000000000000 ) ;
#1970 = VECTOR ( 'NONE', #4565, 1000.000000000000000 ) ;
#1971 = DIRECTION ( 'NONE',  ( 0.000000000000000000, 1.000000000000000000, 0.000000000000000000 ) ) ;
#1972 = EDGE_CURVE ( 'NONE', #3326, #2568, #4150, .T. ) ;
#1973 = CARTESIAN_POINT ( 'NONE',  ( 3.190000000000001723, 3.799999999999999822, 1.920000000000000151 ) ) ;
#1974 = FACE_OUTER_BOUND ( 'NONE', #1760, .T. ) ;
#1975 = FACE_OUTER_BOUND ( 'NONE', #4599, .T. ) ;
#1976 = ORIENTED_EDGE ( 'NONE', *, *, #4129, .F. ) ;
#1977 =( GEOMETRIC_REPRESENTATION_CONTEXT ( 3 ) GLOBAL_UNCERTAINTY_ASSIGNED_CONTEXT ( ( #1336 ) ) GLOBAL_UNIT_ASSIGNED_CONTEXT ( ( #1922, #2009, #218 ) ) REPRESENTATION_CONTEXT ( 'NONE', 'WORKASPACE' ) );
#1978 = ORIENTED_EDGE ( 'NONE', *, *, #4127, .T. ) ;
#1979 = VECTOR ( 'NONE', #3232, 1000.000000000000000 ) ;
#1980 = ORIENTED_EDGE ( 'NONE', *, *, #1366, .F. ) ;
#1981 = DIRECTION ( 'NONE',  ( -1.000000000000000000, 0.000000000000000000, 1.748713181428230588E-16 ) ) ;
#1982 = PLANE ( 'NONE',  #1417 ) ;
#1983 = ORIENTED_EDGE ( 'NONE', *, *, #4882, .T. ) ;
#1984 = FACE_OUTER_BOUND ( 'NONE', #5731, .T. ) ;
#1985 = ORIENTED_EDGE ( 'NONE', *, *, #4018, .F. ) ;
#1986 = VECTOR ( 'NONE', #1770, 1000.000000000000000 ) ;
#1987 = CARTESIAN_POINT ( 'NONE',  ( -5.729999999999998650, 1.259999999999999787, -1.919999999999999263 ) ) ;
#1988 = DIRECTION ( 'NONE',  ( -0.000000000000000000, 1.000000000000000000, -0.000000000000000000 ) ) ;
#1989 = ORIENTED_EDGE ( 'NONE', *, *, #1607, .F. ) ;
#1990 = ADVANCED_FACE ( 'NONE', ( #133 ), #4213, .T. ) ;
#1991 = CARTESIAN_POINT ( 'NONE',  ( -4.919999999999999041, 9.700000000000001066, 1.110000000000001430 ) ) ;
#1992 = ORIENTED_EDGE ( 'NONE', *, *, #3550, .F. ) ;
#1993 = CARTESIAN_POINT ( 'NONE',  ( 6.349999999999999645, 3.600000000000000089, -2.415000000000000480 ) ) ;
#1994 = DIRECTION ( 'NONE',  ( 0.4226182617407051589, 0.000000000000000000, 0.9063077870366472721 ) ) ;
#1995 = VECTOR ( 'NONE', #3229, 1000.000000000000000 ) ;
#1996 = DIRECTION ( 'NONE',  ( 0.9063077870366476052, 0.000000000000000000, 0.4226182617407046038 ) ) ;
#1997 = VERTEX_POINT ( 'NONE', #603 ) ;
#1998 = EDGE_CURVE ( 'NONE', #5760, #5444, #2156, .T. ) ;
#1999 = LINE ( 'NONE', #529, #2721 ) ;
#2000 = CARTESIAN_POINT ( 'NONE',  ( -2.229999999999998206, 1.459999999999999964, 0.9600000000000005196 ) ) ;
#2001 = VECTOR ( 'NONE', #984, 1000.000000000000000 ) ;
#2002 = CARTESIAN_POINT ( 'NONE',  ( -4.769999999999997797, 3.600000000000000089, -0.9600000000000005196 ) ) ;
#2003 = CARTESIAN_POINT ( 'NONE',  ( 3.460269256383745162, 3.600000000000000089, -2.415000000000002256 ) ) ;
#2004 = ORIENTED_EDGE ( 'NONE', *, *, #818, .F. ) ;
#2005 = ORIENTED_EDGE ( 'NONE', *, *, #3600, .F. ) ;
#2006 = ORIENTED_EDGE ( 'NONE', *, *, #3526, .T. ) ;
#2007 = CARTESIAN_POINT ( 'NONE',  ( 3.460269256383745162, 1.259999999999999787, -2.415000000000002256 ) ) ;
#2008 = LINE ( 'NONE', #3279, #2900 ) ;
#2009 =( NAMED_UNIT ( * ) PLANE_ANGLE_UNIT ( ) SI_UNIT ( $, .RADIAN. ) );
#2010 = EDGE_CURVE ( 'NONE', #3615, #168, #5563, .T. ) ;
#2011 = EDGE_LOOP ( 'NONE', ( #4509, #3276, #3704, #5609 ) ) ;
#2012 = CARTESIAN_POINT ( 'NONE',  ( 4.430000000000001492, 3.799999999999999822, -1.919999999999999263 ) ) ;
#2013 = ORIENTED_EDGE ( 'NONE', *, *, #4980, .F. ) ;
#2014 = CARTESIAN_POINT ( 'NONE',  ( 0.9202692563837454598, 3.600000000000000089, -2.415000000000002256 ) ) ;
#2015 = DIRECTION ( 'NONE',  ( 1.000000000000000000, 0.000000000000000000, 1.748713181428231081E-16 ) ) ;
#2016 = ORIENTED_EDGE ( 'NONE', *, *, #4622, .F. ) ;
#2017 = DIRECTION ( 'NONE',  ( 0.000000000000000000, 0.000000000000000000, 1.000000000000000000 ) ) ;
#2018 = ORIENTED_EDGE ( 'NONE', *, *, #2395, .F. ) ;
#2019 = EDGE_CURVE ( 'NONE', #2381, #1905, #2844, .T. ) ;
#2020 = DIRECTION ( 'NONE',  ( -1.748713181428230588E-16, 0.000000000000000000, -1.000000000000000000 ) ) ;
#2021 = PLANE ( 'NONE',  #5672 ) ;
#2022 = CARTESIAN_POINT ( 'NONE',  ( -0.9202692563837445716, 3.600000000000000089, 2.415000000000001368 ) ) ;
#2023 = FACE_OUTER_BOUND ( 'NONE', #1715, .T. ) ;
#2024 = ORIENTED_EDGE ( 'NONE', *, *, #2885, .T. ) ;
#2025 = PLANE ( 'NONE',  #3742 ) ;
#2026 = CARTESIAN_POINT ( 'NONE',  ( -3.460269256383744718, 1.459999999999999964, 2.415000000000001368 ) ) ;
#2027 = FACE_OUTER_BOUND ( 'NONE', #1631, .T. ) ;
#2028 = FACE_OUTER_BOUND ( 'NONE', #119, .T. ) ;
#2029 = EDGE_LOOP ( 'NONE', ( #4613, #478 ) ) ;
#2030 = EDGE_LOOP ( 'NONE', ( #4056, #3112, #4136, #3106 ) ) ;
#2031 = ORIENTED_EDGE ( 'NONE', *, *, #5022, .F. ) ;
#2032 = DIRECTION ( 'NONE',  ( -0.000000000000000000, -0.000000000000000000, 1.000000000000000000 ) ) ;
#2033 = PLANE ( 'NONE',  #3366 ) ;
#2034 = ORIENTED_EDGE ( 'NONE', *, *, #395, .T. ) ;
#2035 = ADVANCED_FACE ( 'NONE', ( #1137 ), #5000, .F. ) ;
#2036 = DIRECTION ( 'NONE',  ( -0.000000000000000000, 0.000000000000000000, 1.000000000000000000 ) ) ;
#2037 = ORIENTED_EDGE ( 'NONE', *, *, #4624, .F. ) ;
#2038 = EDGE_CURVE ( 'NONE', #4519, #5514, #4691, .T. ) ;
#2039 = DIRECTION ( 'NONE',  ( 1.000000000000000000, 0.000000000000000000, 0.000000000000000000 ) ) ;
#2040 = EDGE_CURVE ( 'NONE', #1681, #1603, #1955, .T. ) ;
#2041 = DIRECTION ( 'NONE',  ( 1.000000000000000000, -0.000000000000000000, -3.497426362856461177E-16 ) ) ;
#2042 = VERTEX_POINT ( 'NONE', #1016 ) ;
#2043 = AXIS2_PLACEMENT_3D ( 'NONE', #1973, #5611, #4163 ) ;
#2044 = FACE_OUTER_BOUND ( 'NONE', #1006, .T. ) ;
#2045 = ORIENTED_EDGE ( 'NONE', *, *, #3867, .F. ) ;
#2046 = FACE_OUTER_BOUND ( 'NONE', #2835, .T. ) ;
#2047 = VECTOR ( 'NONE', #5737, 1000.000000000000000 ) ;
#2048 = FACE_OUTER_BOUND ( 'NONE', #177, .T. ) ;
#2049 = CARTESIAN_POINT ( 'NONE',  ( 3.763369234184499312, 1.259999999999999787, 1.765000000000001457 ) ) ;
#2050 = CARTESIAN_POINT ( 'NONE',  ( -5.389999999999998792, 0.6200000000000007727, 8.176812408671318977 ) ) ;
#2051 = DIRECTION ( 'NONE',  ( 0.000000000000000000, 1.000000000000000000, 0.000000000000000000 ) ) ;
#2052 = ORIENTED_EDGE ( 'NONE', *, *, #1181, .F. ) ;
#2053 = VECTOR ( 'NONE', #2445, 1000.000000000000000 ) ;
#2054 = AXIS2_PLACEMENT_3D ( 'NONE', #4110, #4078, #4924 ) ;
#2055 = DIRECTION ( 'NONE',  ( 0.000000000000000000, 1.000000000000000000, 0.000000000000000000 ) ) ;
#2056 = AXIS2_PLACEMENT_3D ( 'NONE', #208, #3063, #4842 ) ;
#2057 = DIRECTION ( 'NONE',  ( -0.000000000000000000, 1.000000000000000000, -0.000000000000000000 ) ) ;
#2058 = LINE ( 'NONE', #1537, #1507 ) ;
#2059 = ORIENTED_EDGE ( 'NONE', *, *, #3485, .T. ) ;
#2060 = VERTEX_POINT ( 'NONE', #192 ) ;
#2061 = EDGE_CURVE ( 'NONE', #858, #3642, #1029, .T. ) ;
#2062 = VECTOR ( 'NONE', #1521, 1000.000000000000000 ) ;
#2063 = VECTOR ( 'NONE', #3349, 1000.000000000000000 ) ;
#2064 = CARTESIAN_POINT ( 'NONE',  ( -4.769999999999997797, 1.459999999999999964, 1.580000000000000293 ) ) ;
#2065 = DIRECTION ( 'NONE',  ( 0.000000000000000000, 0.000000000000000000, 1.000000000000000000 ) ) ;
#2066 = PRODUCT_CONTEXT ( 'NONE', #2230, 'mechanical' ) ;
#2067 = ORIENTED_EDGE ( 'NONE', *, *, #4142, .F. ) ;
#2068 = AXIS2_PLACEMENT_3D ( 'NONE', #4297, #778, #2956 ) ;
#2069 = DIRECTION ( 'NONE',  ( 0.000000000000000000, 0.000000000000000000, 1.000000000000000000 ) ) ;
#2070 = AXIS2_PLACEMENT_3D ( 'NONE', #4344, #2146, #5192 ) ;
#2071 = VECTOR ( 'NONE', #4717, 999.9999999999998863 ) ;
#2072 = ORIENTED_EDGE ( 'NONE', *, *, #2019, .F. ) ;
#2073 = ADVANCED_FACE ( 'NONE', ( #3255 ), #4658, .F. ) ;
#2074 = CARTESIAN_POINT ( 'NONE',  ( -6.116846170922497272, 1.459999999999999964, 2.415000000000001368 ) ) ;
#2075 = DIRECTION ( 'NONE',  ( 0.000000000000000000, 1.000000000000000000, 0.000000000000000000 ) ) ;
#2076 = VECTOR ( 'NONE', #4734, 1000.000000000000000 ) ;
#2077 = VERTEX_POINT ( 'NONE', #2788 ) ;
#2078 = DIRECTION ( 'NONE',  ( 0.000000000000000000, 0.000000000000000000, 1.000000000000000000 ) ) ;
#2079 = VERTEX_POINT ( 'NONE', #1576 ) ;
#2080 = EDGE_CURVE ( 'NONE', #377, #3326, #2391, .T. ) ;
#2081 = CARTESIAN_POINT ( 'NONE',  ( -5.389999999999998792, 0.000000000000000000, -3.237878387081806864 ) ) ;
#2082 = DIRECTION ( 'NONE',  ( 0.000000000000000000, 1.000000000000000000, 0.000000000000000000 ) ) ;
#2083 = EDGE_CURVE ( 'NONE', #1249, #1650, #1075, .T. ) ;
#2084 = DIRECTION ( 'NONE',  ( -0.3236155771181827845, 0.8891264907159894815, -0.3236155771181832841 ) ) ;
#2085 = LINE ( 'NONE', #2851, #455 ) ;
#2086 = ORIENTED_EDGE ( 'NONE', *, *, #2112, .T. ) ;
#2087 = FILL_AREA_STYLE ('',( #296 ) ) ;
#2088 = CARTESIAN_POINT ( 'NONE',  ( 1.223369234184499277, 3.600000000000000089, -1.765000000000002789 ) ) ;
#2089 = DIRECTION ( 'NONE',  ( 0.000000000000000000, 1.000000000000000000, 0.000000000000000000 ) ) ;
#2090 = CARTESIAN_POINT ( 'NONE',  ( 2.229999999999999982, 1.459999999999999964, -0.9599999999999997424 ) ) ;
#2091 = VERTEX_POINT ( 'NONE', #4625 ) ;
#2092 = ORIENTED_EDGE ( 'NONE', *, *, #1043, .T. ) ;
#2093 = DIRECTION ( 'NONE',  ( -0.000000000000000000, 1.000000000000000000, -0.000000000000000000 ) ) ;
#2094 = EDGE_CURVE ( 'NONE', #5421, #2357, #5119, .T. ) ;
#2095 = CARTESIAN_POINT ( 'NONE',  ( -5.255709056263029311, 0.1342909437369696202, -3.606839722636381751 ) ) ;
#2096 = CONTEXT_DEPENDENT_SHAPE_REPRESENTATION ( #1226, #497 ) ;
#2097 = ORIENTED_EDGE ( 'NONE', *, *, #80, .T. ) ;
#2098 = EDGE_CURVE ( 'NONE', #772, #1565, #157, .T. ) ;
#2099 = PLANE ( 'NONE',  #4741 ) ;
#2100 = ORIENTED_EDGE ( 'NONE', *, *, #733, .F. ) ;
#2101 = FACE_BOUND ( 'NONE', #4021, .T. ) ;
#2102 = EDGE_CURVE ( 'NONE', #2042, #4000, #583, .T. ) ;
#2103 = DIRECTION ( 'NONE',  ( 0.4226182617407046038, 0.000000000000000000, -0.9063077870366476052 ) ) ;
#2104 = VERTEX_POINT ( 'NONE', #5595 ) ;
#2105 = DIRECTION ( 'NONE',  ( 0.000000000000000000, 1.000000000000000000, 0.000000000000000000 ) ) ;
#2106 = VERTEX_POINT ( 'NONE', #364 ) ;
#2107 = DIRECTION ( 'NONE',  ( 1.748713181428231081E-16, -0.000000000000000000, 1.000000000000000000 ) ) ;
#2108 = DIRECTION ( 'NONE',  ( 0.4226182617407052144, -0.000000000000000000, 0.9063077870366472721 ) ) ;
#2109 = DIRECTION ( 'NONE',  ( 0.000000000000000000, -0.000000000000000000, 1.000000000000000000 ) ) ;
#2110 = CARTESIAN_POINT ( 'NONE',  ( -5.390000000000000568, 1.120000000000000773, 2.080000000000000071 ) ) ;
#2111 = ORIENTED_EDGE ( 'NONE', *, *, #5742, .T. ) ;
#2112 = EDGE_CURVE ( 'NONE', #5483, #417, #3925, .T. ) ;
#2113 = CARTESIAN_POINT ( 'NONE',  ( 5.730000000000002203, 3.799999999999999822, 1.920000000000000151 ) ) ;
#2114 = DIRECTION ( 'NONE',  ( 0.4226182617407046038, 0.000000000000000000, -0.9063077870366476052 ) ) ;
#2115 = DIRECTION ( 'NONE',  ( -0.000000000000000000, 1.000000000000000000, -0.000000000000000000 ) ) ;
#2116 = ADVANCED_FACE ( 'NONE', ( #2161 ), #1188, .F. ) ;
#2117 = LINE ( 'NONE', #3876, #930 ) ;
#2118 = VERTEX_POINT ( 'NONE', #1277 ) ;
#2119 = ORIENTED_EDGE ( 'NONE', *, *, #1427, .F. ) ;
#2120 = DIRECTION ( 'NONE',  ( 1.000000000000000000, -0.000000000000000000, 0.000000000000000000 ) ) ;
#2121 = CARTESIAN_POINT ( 'NONE',  ( 5.390000000000002345, 1.459999999999999964, 1.580000000000000293 ) ) ;
#2122 = APPLICATION_PROTOCOL_DEFINITION ( 'draft international standard', 'automotive_design', 1998, #1932 ) ;
#2123 = VERTEX_POINT ( 'NONE', #399 ) ;
#2124 = LINE ( 'NONE', #3510, #549 ) ;
#2125 = ORIENTED_EDGE ( 'NONE', *, *, #2760, .T. ) ;
#2126 = CYLINDRICAL_SURFACE ( 'NONE', #1046, 1.119999999999999885 ) ;
#2127 = PLANE ( 'NONE',  #472 ) ;
#2128 = ORIENTED_EDGE ( 'NONE', *, *, #1215, .T. ) ;
#2129 = DIRECTION ( 'NONE',  ( 0.000000000000000000, 0.000000000000000000, -1.000000000000000000 ) ) ;
#2130 = EDGE_CURVE ( 'NONE', #5216, #1444, #3050, .T. ) ;
#2131 = DIRECTION ( 'NONE',  ( 0.000000000000000000, -1.000000000000000000, 0.000000000000000000 ) ) ;
#2132 = PLANE ( 'NONE',  #5628 ) ;
#2133 = FACE_OUTER_BOUND ( 'NONE', #1267, .T. ) ;
#2134 = CARTESIAN_POINT ( 'NONE',  ( -4.769999999999997797, 3.600000000000000089, -0.9600000000000005196 ) ) ;
#2135 = ORIENTED_EDGE ( 'NONE', *, *, #1072, .F. ) ;
#2136 = ADVANCED_FACE ( 'NONE', ( #5648 ), #3836, .F. ) ;
#2137 = CIRCLE ( 'NONE', #545, 0.5000000000000000000 ) ;
#2138 = CARTESIAN_POINT ( 'NONE',  ( -2.229999999999999094, 1.459999999999999964, -0.9599999999999999645 ) ) ;
#2139 = DIRECTION ( 'NONE',  ( 0.000000000000000000, -0.000000000000000000, 1.000000000000000000 ) ) ;
#2140 = DIRECTION ( 'NONE',  ( 1.000000000000000000, -0.000000000000000000, 0.000000000000000000 ) ) ;
#2141 = ADVANCED_FACE ( 'NONE', ( #2590 ), #5204, .F. ) ;
#2142 = VECTOR ( 'NONE', #3830, 1000.000000000000000 ) ;
#2143 = CARTESIAN_POINT ( 'NONE',  ( -3.763369234184497980, 1.259999999999999787, 1.765000000000001457 ) ) ;
#2144 = EDGE_LOOP ( 'NONE', ( #1378, #1329, #2860, #5627 ) ) ;
#2145 = ORIENTED_EDGE ( 'NONE', *, *, #4864, .T. ) ;
#2146 = DIRECTION ( 'NONE',  ( 0.000000000000000000, 1.000000000000000000, 0.000000000000000000 ) ) ;
#2147 = VECTOR ( 'NONE', #3468, 1000.000000000000000 ) ;
#2148 = ADVANCED_FACE ( 'NONE', ( #2963 ), #5240, .F. ) ;
#2149 = CIRCLE ( 'NONE', #2699, 0.2499999999999995837 ) ;
#2150 = LINE ( 'NONE', #3481, #4767 ) ;
#2151 = DIRECTION ( 'NONE',  ( 0.000000000000000000, 0.000000000000000000, 1.000000000000000000 ) ) ;
#2152 = ORIENTED_EDGE ( 'NONE', *, *, #2936, .F. ) ;
#2153 = DIRECTION ( 'NONE',  ( -1.000000000000000000, 0.000000000000000000, 3.497426362856462163E-16 ) ) ;
#2154 = AXIS2_PLACEMENT_3D ( 'NONE', #4748, #4805, #3892 ) ;
#2155 = ORIENTED_EDGE ( 'NONE', *, *, #803, .F. ) ;
#2156 = CIRCLE ( 'NONE', #4370, 0.2499999999999995837 ) ;
#2157 = FACE_BOUND ( 'NONE', #1071, .T. ) ;
#2158 = VECTOR ( 'NONE', #5228, 1000.000000000000000 ) ;
#2159 = CIRCLE ( 'NONE', #2888, 0.2499999999999995837 ) ;
#2160 = CARTESIAN_POINT ( 'NONE',  ( -4.769999999999997797, 0.000000000000000000, -3.237878387081806864 ) ) ;
#2161 = FACE_OUTER_BOUND ( 'NONE', #70, .T. ) ;
#2162 = EDGE_LOOP ( 'NONE', ( #2522, #1360 ) ) ;
#2163 = CARTESIAN_POINT ( 'NONE',  ( -4.429999999999997939, 1.459999999999999964, 1.670000000000000373 ) ) ;
#2164 = VECTOR ( 'NONE', #1816, 1000.000000000000000 ) ;
#2165 = LINE ( 'NONE', #4782, #186 ) ;
#2166 = DIRECTION ( 'NONE',  ( 1.024442997624098707E-16, -0.000000000000000000, 1.000000000000000000 ) ) ;
#2167 = VECTOR ( 'NONE', #5290, 1000.000000000000000 ) ;
#2168 = EDGE_CURVE ( 'NONE', #1681, #2617, #2997, .T. ) ;
#2169 = CARTESIAN_POINT ( 'NONE',  ( 3.190000000000001723, 3.799999999999999822, 1.920000000000000151 ) ) ;
#2170 = DIRECTION ( 'NONE',  ( 0.000000000000000000, 1.000000000000000000, 0.000000000000000000 ) ) ;
#2171 = ORIENTED_EDGE ( 'NONE', *, *, #3951, .T. ) ;
#2172 = VECTOR ( 'NONE', #5284, 1000.000000000000114 ) ;
#2173 = DIRECTION ( 'NONE',  ( 0.000000000000000000, 1.000000000000000000, 0.000000000000000000 ) ) ;
#2174 = LINE ( 'NONE', #320, #727 ) ;
#2175 = CARTESIAN_POINT ( 'NONE',  ( -2.849999999999999645, 3.600000000000000089, -1.579999999999999405 ) ) ;
#2176 = CARTESIAN_POINT ( 'NONE',  ( -0.3099999999999986655, 3.600000000000000089, 1.580000000000000515 ) ) ;
#2177 = EDGE_LOOP ( 'NONE', ( #2152, #1326 ) ) ;
#2178 = ORIENTED_EDGE ( 'NONE', *, *, #3418, .T. ) ;
#2179 = CARTESIAN_POINT ( 'NONE',  ( -0.4054381332543915417, 1.459999999999999964, -0.1890589064445922785 ) ) ;
#2180 = CIRCLE ( 'NONE', #5239, 0.2499999999999995837 ) ;
#2181 = CARTESIAN_POINT ( 'NONE',  ( 0.3100000000000021072, 1.459999999999999964, 0.9600000000000005196 ) ) ;
#2182 =( NAMED_UNIT ( * ) SI_UNIT ( $, .STERADIAN. ) SOLID_ANGLE_UNIT ( ) );
#2183 = ORIENTED_EDGE ( 'NONE', *, *, #485, .T. ) ;
#2184 = DIRECTION ( 'NONE',  ( -0.4226182617407047704, 0.000000000000000000, -0.9063077870366474942 ) ) ;
#2185 = ORIENTED_EDGE ( 'NONE', *, *, #4380, .T. ) ;
#2186 = PRODUCT_DEFINITION_SHAPE ( 'NONE', 'NONE',  #5783 ) ;
#2187 = ADVANCED_FACE ( 'NONE', ( #753 ), #4828, .F. ) ;
#2188 = LINE ( 'NONE', #5201, #3725 ) ;
#2189 = CARTESIAN_POINT ( 'NONE',  ( 0.3100000000000012745, 1.459999999999999964, -1.579999999999999627 ) ) ;
#2190 = FACE_OUTER_BOUND ( 'NONE', #4648, .T. ) ;
#2191 = ORIENTED_EDGE ( 'NONE', *, *, #4813, .T. ) ;
#2192 = LINE ( 'NONE', #1755, #291 ) ;
#2193 = PLANE ( 'NONE',  #5537 ) ;
#2194 = PLANE ( 'NONE',  #90 ) ;
#2195 = CARTESIAN_POINT ( 'NONE',  ( 0.9202692563837463480, 1.259999999999999787, 2.415000000000001368 ) ) ;
#2196 = ADVANCED_FACE ( 'NONE', ( #3025 ), #719, .F. ) ;
#2197 = EDGE_LOOP ( 'NONE', ( #4731, #64, #1358, #4965 ) ) ;
#2198 = DIRECTION ( 'NONE',  ( -0.000000000000000000, -0.000000000000000000, 1.000000000000000000 ) ) ;
#2199 = CARTESIAN_POINT ( 'NONE',  ( -4.769999999999997797, 1.459999999999999964, 1.580000000000000293 ) ) ;
#2200 = CARTESIAN_POINT ( 'NONE',  ( 2.229999999999999982, 1.459999999999999964, -1.579999999999999405 ) ) ;
#2201 = ORIENTED_EDGE ( 'NONE', *, *, #1254, .F. ) ;
#2202 = EDGE_LOOP ( 'NONE', ( #2387, #5625, #1064, #4866 ) ) ;
#2203 = DIRECTION ( 'NONE',  ( 1.024442997624098707E-16, -0.000000000000000000, 1.000000000000000000 ) ) ;
#2204 = CARTESIAN_POINT ( 'NONE',  ( -3.763369234184498424, 3.600000000000000089, -1.765000000000002789 ) ) ;
#2205 = VERTEX_POINT ( 'NONE', #3803 ) ;
#2206 = DIRECTION ( 'NONE',  ( 0.000000000000000000, 0.000000000000000000, -1.000000000000000000 ) ) ;
#2207 = VERTEX_POINT ( 'NONE', #4353 ) ;
#2208 = ORIENTED_EDGE ( 'NONE', *, *, #3916, .T. ) ;
#2209 = EDGE_CURVE ( 'NONE', #3950, #1386, #5267, .T. ) ;
#2210 = LINE ( 'NONE', #1362, #2167 ) ;
#2211 = CARTESIAN_POINT ( 'NONE',  ( -4.919999999999999041, 9.700000000000001066, 0.9600000000000005196 ) ) ;
#2212 = LINE ( 'NONE', #5411, #187 ) ;
#2213 = EDGE_CURVE ( 'NONE', #4880, #5566, #1641, .T. ) ;
#2214 = VERTEX_POINT ( 'NONE', #2536 ) ;
#2215 = DIRECTION ( 'NONE',  ( 0.000000000000000000, 0.000000000000000000, -1.000000000000000000 ) ) ;
#2216 = EDGE_CURVE ( 'NONE', #5249, #2060, #2564, .T. ) ;
#2217 =( LENGTH_UNIT ( ) NAMED_UNIT ( * ) SI_UNIT ( .MILLI., .METRE. ) );
#2218 = DIRECTION ( 'NONE',  ( 0.000000000000000000, 1.000000000000000000, 0.000000000000000000 ) ) ;
#2219 = CARTESIAN_POINT ( 'NONE',  ( -5.239999999999998437, 9.700000000000001066, -1.110000000000001430 ) ) ;
#2220 = ORIENTED_EDGE ( 'NONE', *, *, #678, .F. ) ;
#2221 = AXIS2_PLACEMENT_3D ( 'NONE', #3958, #297, #1711 ) ;
#2222 = LINE ( 'NONE', #1322, #2368 ) ;
#2223 = CARTESIAN_POINT ( 'NONE',  ( -4.769999999999997797, 9.287878387081802245, 1.580000000000000293 ) ) ;
#2224 = DIRECTION ( 'NONE',  ( 0.000000000000000000, 0.000000000000000000, -1.000000000000000000 ) ) ;
#2225 = PRODUCT_DEFINITION_SHAPE ( 'NONE', 'NONE',  #1371 ) ;
#2226 = CARTESIAN_POINT ( 'NONE',  ( 3.190000000000001723, 1.259999999999999787, 2.169999999999999485 ) ) ;
#2227 = ORIENTED_EDGE ( 'NONE', *, *, #4058, .F. ) ;
#2228 = EDGE_LOOP ( 'NONE', ( #1809, #500, #5017, #348 ) ) ;
#2229 = AXIS2_PLACEMENT_3D ( 'NONE', #2849, #2424, #4247 ) ;
#2230 = APPLICATION_CONTEXT ( 'automotive_design' ) ;
#2231 = DIRECTION ( 'NONE',  ( 0.000000000000000000, 0.000000000000000000, -1.000000000000000000 ) ) ;
#2232 = CARTESIAN_POINT ( 'NONE',  ( 5.390000000000002345, 1.459999999999999964, 1.580000000000000293 ) ) ;
#2233 = ORIENTED_EDGE ( 'NONE', *, *, #1652, .T. ) ;
#2234 = VECTOR ( 'NONE', #3156, 1000.000000000000114 ) ;
#2235 = DIRECTION ( 'NONE',  ( -0.000000000000000000, -0.9396926207859084279, -0.3420201433256686574 ) ) ;
#2236 = EDGE_CURVE ( 'NONE', #179, #4626, #3862, .T. ) ;
#2237 = EDGE_LOOP ( 'NONE', ( #196, #330 ) ) ;
#2238 = ADVANCED_FACE ( 'NONE', ( #336 ), #2127, .F. ) ;
#2239 = ORIENTED_EDGE ( 'NONE', *, *, #2284, .T. ) ;
#2240 = CIRCLE ( 'NONE', #1487, 0.2499999999999995837 ) ;
#2241 = AXIS2_PLACEMENT_3D ( 'NONE', #1176, #1118, #4704 ) ;
#2242 = CARTESIAN_POINT ( 'NONE',  ( -0.6499999999999986899, 3.799999999999999822, -2.169999999999998597 ) ) ;
#2243 = DIRECTION ( 'NONE',  ( 0.000000000000000000, 1.000000000000000000, 0.000000000000000000 ) ) ;
#2244 = CIRCLE ( 'NONE', #2791, 0.2499999999999995837 ) ;
#2245 = AXIS2_PLACEMENT_3D ( 'NONE', #2374, #4668, #3382 ) ;
#2246 = CYLINDRICAL_SURFACE ( 'NONE', #4847, 0.2499999999999995837 ) ;
#2247 = ORIENTED_EDGE ( 'NONE', *, *, #3105, .T. ) ;
#2248 = EDGE_CURVE ( 'NONE', #3140, #1859, #899, .T. ) ;
#2249 = CIRCLE ( 'NONE', #3080, 0.2499999999999995837 ) ;
#2250 = VECTOR ( 'NONE', #4192, 1000.000000000000000 ) ;
#2251 = DIRECTION ( 'NONE',  ( 0.000000000000000000, 1.000000000000000000, 0.000000000000000000 ) ) ;
#2252 = CARTESIAN_POINT ( 'NONE',  ( 0.000000000000000000, 0.4700000000000008060, 3.649999999999999911 ) ) ;
#2253 = VECTOR ( 'NONE', #1610, 1000.000000000000000 ) ;
#2254 = AXIS2_PLACEMENT_3D ( 'NONE', #809, #1666, #3426 ) ;
#2255 = CARTESIAN_POINT ( 'NONE',  ( -2.229999999999999094, 1.459999999999999964, -1.579999999999999627 ) ) ;
#2256 = EDGE_CURVE ( 'NONE', #2207, #1892, #872, .T. ) ;
#2257 = ORIENTED_EDGE ( 'NONE', *, *, #1694, .F. ) ;
#2258 = VECTOR ( 'NONE', #2557, 1000.000000000000000 ) ;
#2259 = EDGE_CURVE ( 'NONE', #268, #1692, #486, .T. ) ;
#2260 = DIRECTION ( 'NONE',  ( 0.000000000000000000, 1.000000000000000000, 0.000000000000000000 ) ) ;
#2261 = LINE ( 'NONE', #2223, #631 ) ;
#2262 = LINE ( 'NONE', #525, #4751 ) ;
#2263 = PLANE ( 'NONE',  #2711 ) ;
#2264 = EDGE_LOOP ( 'NONE', ( #4144, #5124, #2201, #4496 ) ) ;
#2265 = AXIS2_PLACEMENT_3D ( 'NONE', #2433, #5457, #143 ) ;
#2266 = ORIENTED_EDGE ( 'NONE', *, *, #4245, .T. ) ;
#2267 = DIRECTION ( 'NONE',  ( 0.000000000000000000, 0.000000000000000000, 1.000000000000000000 ) ) ;
#2268 = LINE ( 'NONE', #2664, #1237 ) ;
#2269 = ORIENTED_EDGE ( 'NONE', *, *, #3861, .F. ) ;
#2270 =( GEOMETRIC_REPRESENTATION_CONTEXT ( 3 ) GLOBAL_UNCERTAINTY_ASSIGNED_CONTEXT ( ( #4061 ) ) GLOBAL_UNIT_ASSIGNED_CONTEXT ( ( #3819, #1200, #4427 ) ) REPRESENTATION_CONTEXT ( 'NONE', 'WORKASPACE' ) );
#2271 = CARTESIAN_POINT ( 'NONE',  ( -3.189999999999998614, 3.600000000000000089, -1.919999999999999263 ) ) ;
#2272 = VERTEX_POINT ( 'NONE', #5738 ) ;
#2273 = ORIENTED_EDGE ( 'NONE', *, *, #1273, .F. ) ;
#2274 = UNCERTAINTY_MEASURE_WITH_UNIT (LENGTH_MEASURE( 1.000000000000000082E-05 ), #713, 'distance_accuracy_value', 'NONE');
#2275 = EDGE_CURVE ( 'NONE', #3091, #4446, #2281, .T. ) ;
#2276 = ORIENTED_EDGE ( 'NONE', *, *, #1427, .T. ) ;
#2277 = AXIS2_PLACEMENT_3D ( 'NONE', #2288, #3934, #1347 ) ;
#2278 = DIRECTION ( 'NONE',  ( 0.000000000000000000, 0.000000000000000000, -1.000000000000000000 ) ) ;
#2279 = CARTESIAN_POINT ( 'NONE',  ( -5.389999999999998792, 0.6200000000000007727, -2.080000000000000071 ) ) ;
#2280 = VECTOR ( 'NONE', #3562, 1000.000000000000000 ) ;
#2281 = LINE ( 'NONE', #426, #2621 ) ;
#2282 = ORIENTED_EDGE ( 'NONE', *, *, #2040, .T. ) ;
#2283 = CARTESIAN_POINT ( 'NONE',  ( 6.349999999999999645, 1.459999999999999964, -2.415000000000000480 ) ) ;
#2284 = EDGE_CURVE ( 'NONE', #1334, #4621, #1813, .T. ) ;
#2285 = DIRECTION ( 'NONE',  ( 1.000000000000000000, -0.000000000000000000, -3.497426362856461177E-16 ) ) ;
#2286 = CARTESIAN_POINT ( 'NONE',  ( -2.229999999999998206, 1.459999999999999964, 0.9600000000000005196 ) ) ;
#2287 = ORIENTED_EDGE ( 'NONE', *, *, #2642, .T. ) ;
#2288 = CARTESIAN_POINT ( 'NONE',  ( -5.239999999999999325, 0.000000000000000000, -3.649999999999999911 ) ) ;
#2289 = DIRECTION ( 'NONE',  ( 0.000000000000000000, 1.000000000000000000, 0.000000000000000000 ) ) ;
#2290 = DIRECTION ( 'NONE',  ( 0.000000000000000000, 1.000000000000000000, 0.000000000000000000 ) ) ;
#2291 = CARTESIAN_POINT ( 'NONE',  ( -4.769999999999997797, 9.287878387081802245, -1.580000000000000293 ) ) ;
#2292 = ORIENTED_EDGE ( 'NONE', *, *, #1463, .F. ) ;
#2293 = EDGE_LOOP ( 'NONE', ( #1206, #2643, #3695, #3624 ) ) ;
#2294 = DIRECTION ( 'NONE',  ( 1.000000000000000000, -0.000000000000000000, -3.497426362856461177E-16 ) ) ;
#2295 = CARTESIAN_POINT ( 'NONE',  ( -1.316630765815500981, 1.459999999999999964, -1.765000000000002789 ) ) ;
#2296 = ADVANCED_FACE ( 'NONE', ( #43 ), #3138, .F. ) ;
#2297 = ORIENTED_EDGE ( 'NONE', *, *, #5160, .T. ) ;
#2298 = CARTESIAN_POINT ( 'NONE',  ( 5.390000000000002345, 1.459999999999999964, 1.580000000000000293 ) ) ;
#2299 = ORIENTED_EDGE ( 'NONE', *, *, #1162, .F. ) ;
#2300 = ORIENTED_EDGE ( 'NONE', *, *, #5153, .T. ) ;
#2301 = ORIENTED_EDGE ( 'NONE', *, *, #1273, .T. ) ;
#2302 = DIRECTION ( 'NONE',  ( 0.000000000000000000, 0.000000000000000000, 1.000000000000000000 ) ) ;
#2303 = CARTESIAN_POINT ( 'NONE',  ( -3.189999999999998614, 1.259999999999999787, -1.919999999999999263 ) ) ;
#2304 = CARTESIAN_POINT ( 'NONE',  ( -5.729999999999998650, 1.259999999999999787, -2.169999999999998597 ) ) ;
#2305 = VERTEX_POINT ( 'NONE', #514 ) ;
#2306 = CYLINDRICAL_SURFACE ( 'NONE', #2438, 0.2499999999999995837 ) ;
#2307 = DIRECTION ( 'NONE',  ( 0.000000000000000000, 1.000000000000000000, 0.000000000000000000 ) ) ;
#2308 = ADVANCED_FACE ( 'NONE', ( #5764 ), #2704, .T. ) ;
#2309 = CARTESIAN_POINT ( 'NONE',  ( 2.850000000000000533, 1.459999999999999964, -0.9599999999999999645 ) ) ;
#2310 = ORIENTED_EDGE ( 'NONE', *, *, #4811, .T. ) ;
#2311 = CARTESIAN_POINT ( 'NONE',  ( -3.763369234184498424, 1.459999999999999964, -1.765000000000002789 ) ) ;
#2312 = DIRECTION ( 'NONE',  ( 0.000000000000000000, 0.000000000000000000, 1.000000000000000000 ) ) ;
#2313 = DIRECTION ( 'NONE',  ( 0.9063077870366476052, 0.000000000000000000, 0.4226182617407046038 ) ) ;
#2314 = VERTEX_POINT ( 'NONE', #2673 ) ;
#2315 = ADVANCED_FACE ( 'NONE', ( #4444 ), #19, .F. ) ;
#2316 = CARTESIAN_POINT ( 'NONE',  ( -1.316630765815500537, 1.259999999999999787, 1.765000000000001457 ) ) ;
#2317 = LINE ( 'NONE', #4082, #1517 ) ;
#2318 = ORIENTED_EDGE ( 'NONE', *, *, #3582, .F. ) ;
#2319 = LINE ( 'NONE', #4085, #1489 ) ;
#2320 = CLOSED_SHELL ( 'NONE', ( #3307, #1924, #2845, #3076, #4569, #4518, #1967, #1314, #2538, #261 ) ) ;
#2321 = ORIENTED_EDGE ( 'NONE', *, *, #3986, .T. ) ;
#2322 = EDGE_LOOP ( 'NONE', ( #1387, #4289 ) ) ;
#2323 = PRODUCT_DEFINITION_CONTEXT ( 'detailed design', #2895, 'design' ) ;
#2324 = ORIENTED_EDGE ( 'NONE', *, *, #436, .T. ) ;
#2325 = EDGE_CURVE ( 'NONE', #3157, #1189, #2212, .T. ) ;
#2326 = DIRECTION ( 'NONE',  ( -0.000000000000000000, 1.000000000000000000, -0.000000000000000000 ) ) ;
#2327 = AXIS2_PLACEMENT_3D ( 'NONE', #586, #1963, #2373 ) ;
#2328 = DIRECTION ( 'NONE',  ( 0.000000000000000000, 0.000000000000000000, 1.000000000000000000 ) ) ;
#2329 = ADVANCED_FACE ( 'NONE', ( #2190 ), #3977, .F. ) ;
#2330 = CARTESIAN_POINT ( 'NONE',  ( -5.389999999999998792, 3.600000000000000089, -0.9600000000000006306 ) ) ;
#2331 = LINE ( 'NONE', #4229, #5600 ) ;
#2332 = ORIENTED_EDGE ( 'NONE', *, *, #2248, .F. ) ;
#2333 = VECTOR ( 'NONE', #3772, 1000.000000000000000 ) ;
#2334 = FACE_OUTER_BOUND ( 'NONE', #596, .T. ) ;
#2335 = AXIS2_PLACEMENT_3D ( 'NONE', #5157, #4158, #1083 ) ;
#2336 = AXIS2_PLACEMENT_3D ( 'NONE', #2922, #176, #4611 ) ;
#2337 = CARTESIAN_POINT ( 'NONE',  ( -0.3099999999999994982, 1.459999999999999964, -1.579999999999999405 ) ) ;
#2338 = DIRECTION ( 'NONE',  ( -0.9063077870366477162, 0.000000000000000000, -0.4226182617407043818 ) ) ;
#2339 = AXIS2_PLACEMENT_3D ( 'NONE', #1398, #4020, #4950 ) ;
#2340 = VERTEX_POINT ( 'NONE', #4942 ) ;
#2341 = VECTOR ( 'NONE', #2451, 1000.000000000000000 ) ;
#2342 = ADVANCED_FACE ( 'NONE', ( #451 ), #2246, .T. ) ;
#2343 = EDGE_CURVE ( 'NONE', #3765, #3804, #3082, .T. ) ;
#2344 = VECTOR ( 'NONE', #2724, 1000.000000000000000 ) ;
#2345 = LINE ( 'NONE', #3644, #3428 ) ;
#2346 = VECTOR ( 'NONE', #266, 1000.000000000000000 ) ;
#2347 = DIRECTION ( 'NONE',  ( 0.000000000000000000, -0.9396926207859084279, 0.3420201433256686574 ) ) ;
#2348 = CARTESIAN_POINT ( 'NONE',  ( 0.3100000000000021072, 1.459999999999999964, 1.580000000000000293 ) ) ;
#2349 = ORIENTED_EDGE ( 'NONE', *, *, #5052, .T. ) ;
#2350 = CIRCLE ( 'NONE', #3361, 0.2499999999999995837 ) ;
#2351 = CARTESIAN_POINT ( 'NONE',  ( 0.000000000000000000, 9.700000000000001066, 0.000000000000000000 ) ) ;
#2352 = FACE_OUTER_BOUND ( 'NONE', #4990, .T. ) ;
#2353 = ADVANCED_FACE ( 'NONE', ( #986 ), #1364, .F. ) ;
#2354 = VERTEX_POINT ( 'NONE', #4858 ) ;
#2355 = LINE ( 'NONE', #2774, #3155 ) ;
#2356 = CIRCLE ( 'NONE', #1802, 0.2499999999999995837 ) ;
#2357 = VERTEX_POINT ( 'NONE', #3949 ) ;
#2358 = VERTEX_POINT ( 'NONE', #2735 ) ;
#2359 = ORIENTED_EDGE ( 'NONE', *, *, #1559, .T. ) ;
#2360 = CARTESIAN_POINT ( 'NONE',  ( -5.389999999999999680, 1.459999999999999964, -0.9599999999999997424 ) ) ;
#2361 = AXIS2_PLACEMENT_3D ( 'NONE', #3569, #3101, #4495 ) ;
#2362 = LINE ( 'NONE', #4122, #5414 ) ;
#2363 = DIRECTION ( 'NONE',  ( 1.000000000000000000, 0.000000000000000000, 0.000000000000000000 ) ) ;
#2364 = DIRECTION ( 'NONE',  ( 1.000000000000000000, -0.000000000000000000, 1.748713181428231081E-16 ) ) ;
#2365 = VERTEX_POINT ( 'NONE', #3111 ) ;
#2366 = PRESENTATION_LAYER_ASSIGNMENT (  '', '', ( #2545 ) ) ;
#2367 = FACE_OUTER_BOUND ( 'NONE', #5075, .T. ) ;
#2368 = VECTOR ( 'NONE', #463, 1000.000000000000000 ) ;
#2369 = DIRECTION ( 'NONE',  ( 0.000000000000000000, -0.000000000000000000, 1.000000000000000000 ) ) ;
#2370 = DIRECTION ( 'NONE',  ( 3.497426362856461177E-16, 0.000000000000000000, 1.000000000000000000 ) ) ;
#2371 = VERTEX_POINT ( 'NONE', #4504 ) ;
#2372 = DIRECTION ( 'NONE',  ( 0.000000000000000000, -1.000000000000000000, 0.000000000000000000 ) ) ;
#2373 = DIRECTION ( 'NONE',  ( -1.000000000000000000, 0.000000000000000000, 1.365923996832131609E-16 ) ) ;
#2374 = CARTESIAN_POINT ( 'NONE',  ( -3.189999999999998614, 1.259999999999999787, -1.919999999999999263 ) ) ;
#2375 = CARTESIAN_POINT ( 'NONE',  ( 1.619730743616255575, 1.259999999999999787, 2.415000000000001368 ) ) ;
#2376 = ORIENTED_EDGE ( 'NONE', *, *, #775, .F. ) ;
#2377 = DIRECTION ( 'NONE',  ( 0.000000000000000000, -0.000000000000000000, 1.000000000000000000 ) ) ;
#2378 = CARTESIAN_POINT ( 'NONE',  ( -4.769999999999997797, 3.600000000000000089, 0.9600000000000005196 ) ) ;
#2379 = CARTESIAN_POINT ( 'NONE',  ( 3.763369234184498868, 1.259999999999999787, -1.765000000000002789 ) ) ;
#2380 = CARTESIAN_POINT ( 'NONE',  ( 1.619730743616255131, 3.600000000000000089, -2.415000000000002256 ) ) ;
#2381 = VERTEX_POINT ( 'NONE', #2304 ) ;
#2382 = ORIENTED_EDGE ( 'NONE', *, *, #2511, .T. ) ;
#2383 = ORIENTED_EDGE ( 'NONE', *, *, #4945, .F. ) ;
#2384 = AXIS2_PLACEMENT_3D ( 'NONE', #4556, #3684, #4684 ) ;
#2385 = CARTESIAN_POINT ( 'NONE',  ( 4.430000000000001492, 1.259999999999999787, -2.169999999999998597 ) ) ;
#2386 = PLANE ( 'NONE',  #2688 ) ;
#2387 = ORIENTED_EDGE ( 'NONE', *, *, #1072, .T. ) ;
#2388 = EDGE_CURVE ( 'NONE', #268, #3326, #4065, .T. ) ;
#2389 = CARTESIAN_POINT ( 'NONE',  ( -1.889999999999998126, 1.259999999999999787, 1.920000000000000151 ) ) ;
#2390 = EDGE_CURVE ( 'NONE', #1133, #966, #4730, .T. ) ;
#2391 = LINE ( 'NONE', #249, #1880 ) ;
#2392 = ORIENTED_EDGE ( 'NONE', *, *, #4445, .T. ) ;
#2393 = CARTESIAN_POINT ( 'NONE',  ( 3.190000000000001723, 1.259999999999999787, 1.920000000000000151 ) ) ;
#2394 = ORIENTED_EDGE ( 'NONE', *, *, #2112, .F. ) ;
#2395 = EDGE_CURVE ( 'NONE', #3654, #4354, #3414, .T. ) ;
#2396 = LINE ( 'NONE', #200, #3246 ) ;
#2397 = CARTESIAN_POINT ( 'NONE',  ( 3.856630765815501682, 3.600000000000000089, -1.765000000000002789 ) ) ;
#2398 = DIRECTION ( 'NONE',  ( -0.000000000000000000, -0.000000000000000000, 1.000000000000000000 ) ) ;
#2399 = ORIENTED_EDGE ( 'NONE', *, *, #5256, .F. ) ;
#2400 = DIRECTION ( 'NONE',  ( 0.000000000000000000, 1.000000000000000000, 0.000000000000000000 ) ) ;
#2401 = LINE ( 'NONE', #4162, #3462 ) ;
#2402 = VERTEX_POINT ( 'NONE', #2980 ) ;
#2403 = LINE ( 'NONE', #1594, #3621 ) ;
#2404 = ORIENTED_EDGE ( 'NONE', *, *, #4018, .T. ) ;
#2405 = ORIENTED_EDGE ( 'NONE', *, *, #2570, .F. ) ;
#2406 = ORIENTED_EDGE ( 'NONE', *, *, #5183, .T. ) ;
#2407 = CARTESIAN_POINT ( 'NONE',  ( 4.770000000000001350, 1.459999999999999964, 1.580000000000000515 ) ) ;
#2408 = DIRECTION ( 'NONE',  ( 1.000000000000000000, -0.000000000000000000, -1.748713181428231081E-16 ) ) ;
#2409 = ORIENTED_EDGE ( 'NONE', *, *, #5735, .F. ) ;
#2410 = CIRCLE ( 'NONE', #2221, 0.2499999999999995837 ) ;
#2411 = EDGE_CURVE ( 'NONE', #1139, #2358, #1177, .T. ) ;
#2412 = CARTESIAN_POINT ( 'NONE',  ( -2.229999999999999094, 1.459999999999999964, -1.579999999999999627 ) ) ;
#2413 = ORIENTED_EDGE ( 'NONE', *, *, #3048, .F. ) ;
#2414 = CIRCLE ( 'NONE', #1015, 0.2499999999999995837 ) ;
#2415 = PLANE ( 'NONE',  #378 ) ;
#2416 = AXIS2_PLACEMENT_3D ( 'NONE', #2560, #5673, #2586 ) ;
#2417 = DIRECTION ( 'NONE',  ( 0.000000000000000000, 0.000000000000000000, -1.000000000000000000 ) ) ;
#2418 = ORIENTED_EDGE ( 'NONE', *, *, #4026, .F. ) ;
#2419 = FACE_OUTER_BOUND ( 'NONE', #5776, .T. ) ;
#2420 = ORIENTED_EDGE ( 'NONE', *, *, #2130, .F. ) ;
#2421 = VECTOR ( 'NONE', #2428, 1000.000000000000000 ) ;
#2422 = VECTOR ( 'NONE', #2979, 1000.000000000000000 ) ;
#2423 = SURFACE_STYLE_FILL_AREA ( #994 ) ;
#2424 = DIRECTION ( 'NONE',  ( 0.000000000000000000, 1.000000000000000000, 0.000000000000000000 ) ) ;
#2425 = LINE ( 'NONE', #2457, #466 ) ;
#2426 = AXIS2_PLACEMENT_3D ( 'NONE', #5021, #1509, #4617 ) ;
#2427 = VECTOR ( 'NONE', #2084, 1000.000000000000227 ) ;
#2428 = DIRECTION ( 'NONE',  ( -1.000000000000000000, 0.000000000000000000, 1.024442997624098707E-16 ) ) ;
#2429 = ORIENTED_EDGE ( 'NONE', *, *, #783, .F. ) ;
#2430 = EDGE_CURVE ( 'NONE', #3132, #1191, #105, .T. ) ;
#2431 = VECTOR ( 'NONE', #4959, 1000.000000000000000 ) ;
#2432 = VECTOR ( 'NONE', #3851, 1000.000000000000227 ) ;
#2433 = CARTESIAN_POINT ( 'NONE',  ( 5.730000000000002203, 1.259999999999999787, 1.920000000000000151 ) ) ;
#2434 = DIRECTION ( 'NONE',  ( -1.000000000000000000, 0.000000000000000000, 1.024442997624098707E-16 ) ) ;
#2435 = CARTESIAN_POINT ( 'NONE',  ( -5.389999999999999680, 1.459999999999999964, -0.9599999999999997424 ) ) ;
#2436 = CARTESIAN_POINT ( 'NONE',  ( 1.223369234184499721, 1.259999999999999787, 1.765000000000001457 ) ) ;
#2437 = ORIENTED_EDGE ( 'NONE', *, *, #3480, .F. ) ;
#2438 = AXIS2_PLACEMENT_3D ( 'NONE', #902, #2251, #4067 ) ;
#2439 = ORIENTED_EDGE ( 'NONE', *, *, #1721, .F. ) ;
#2440 = ORIENTED_EDGE ( 'NONE', *, *, #3100, .F. ) ;
#2441 = SURFACE_SIDE_STYLE ('',( #1094 ) ) ;
#2442 = DIRECTION ( 'NONE',  ( 0.000000000000000000, -1.000000000000000000, 0.000000000000000000 ) ) ;
#2443 = VECTOR ( 'NONE', #67, 1000.000000000000000 ) ;
#2444 = ORIENTED_EDGE ( 'NONE', *, *, #5720, .F. ) ;
#2445 = DIRECTION ( 'NONE',  ( -0.000000000000000000, 1.000000000000000000, -0.000000000000000000 ) ) ;
#2446 = EDGE_CURVE ( 'NONE', #5369, #1716, #5639, .T. ) ;
#2447 = EDGE_LOOP ( 'NONE', ( #1228, #20, #5752, #3499 ) ) ;
#2448 = VECTOR ( 'NONE', #4960, 1000.000000000000000 ) ;
#2449 = VECTOR ( 'NONE', #4188, 1000.000000000000000 ) ;
#2450 = LINE ( 'NONE', #1951, #5029 ) ;
#2451 = DIRECTION ( 'NONE',  ( 0.000000000000000000, 1.000000000000000000, 0.000000000000000000 ) ) ;
#2452 = ORIENTED_EDGE ( 'NONE', *, *, #1536, .F. ) ;
#2453 = DIRECTION ( 'NONE',  ( 0.000000000000000000, -0.000000000000000000, 1.000000000000000000 ) ) ;
#2454 = ORIENTED_EDGE ( 'NONE', *, *, #1841, .T. ) ;
#2455 = DIRECTION ( 'NONE',  ( 0.000000000000000000, 0.000000000000000000, 1.000000000000000000 ) ) ;
#2456 = CARTESIAN_POINT ( 'NONE',  ( -2.229999999999998206, 3.600000000000000089, 0.9600000000000005196 ) ) ;
#2457 = CARTESIAN_POINT ( 'NONE',  ( 6.350000000000000533, 1.459999999999999964, -1.915000000000000924 ) ) ;
#2458 = DIRECTION ( 'NONE',  ( 1.000000000000000000, 0.000000000000000000, 0.000000000000000000 ) ) ;
#2459 = ORIENTED_EDGE ( 'NONE', *, *, #4514, .T. ) ;
#2460 = CARTESIAN_POINT ( 'NONE',  ( 0.3100000000000012745, 3.600000000000000089, -1.579999999999999627 ) ) ;
#2461 = ORIENTED_EDGE ( 'NONE', *, *, #905, .F. ) ;
#2462 = CARTESIAN_POINT ( 'NONE',  ( -1.316630765815500981, 1.259999999999999787, -1.765000000000002789 ) ) ;
#2463 = ADVANCED_FACE ( 'NONE', ( #1975 ), #5074, .F. ) ;
#2464 = CARTESIAN_POINT ( 'NONE',  ( 5.390000000000000568, 3.600000000000000089, -0.9599999999999999645 ) ) ;
#2465 = ORIENTED_EDGE ( 'NONE', *, *, #3364, .F. ) ;
#2466 = ORIENTED_EDGE ( 'NONE', *, *, #4687, .T. ) ;
#2467 = ORIENTED_EDGE ( 'NONE', *, *, #921, .T. ) ;
#2468 = LINE ( 'NONE', #4233, #4004 ) ;
#2469 = EDGE_CURVE ( 'NONE', #765, #3132, #2331, .T. ) ;
#2470 = DIRECTION ( 'NONE',  ( 0.000000000000000000, 0.000000000000000000, 1.000000000000000000 ) ) ;
#2471 = ORIENTED_EDGE ( 'NONE', *, *, #3665, .T. ) ;
#2472 = DIRECTION ( 'NONE',  ( 0.000000000000000000, 1.000000000000000000, 0.000000000000000000 ) ) ;
#2473 = ORIENTED_EDGE ( 'NONE', *, *, #5022, .T. ) ;
#2474 = CARTESIAN_POINT ( 'NONE',  ( 3.460269256383745162, 1.259999999999999787, -2.415000000000002256 ) ) ;
#2475 = ADVANCED_FACE ( 'NONE', ( #4641 ), #647, .F. ) ;
#2476 = DIRECTION ( 'NONE',  ( 0.000000000000000000, 0.000000000000000000, -1.000000000000000000 ) ) ;
#2477 = ORIENTED_EDGE ( 'NONE', *, *, #4893, .F. ) ;
#2478 = PLANE ( 'NONE',  #2616 ) ;
#2479 = ORIENTED_EDGE ( 'NONE', *, *, #3224, .T. ) ;
#2480 = CARTESIAN_POINT ( 'NONE',  ( 5.390000000000002345, 3.600000000000000089, 1.580000000000000293 ) ) ;
#2481 = PLANE ( 'NONE',  #736 ) ;
#2482 = ADVANCED_FACE ( 'NONE', ( #737 ), #3389, .T. ) ;
#2483 = CARTESIAN_POINT ( 'NONE',  ( -5.389999999999998792, 9.287878387081802245, 1.580000000000000515 ) ) ;
#2484 = CARTESIAN_POINT ( 'NONE',  ( -4.769999999999997797, 3.600000000000000089, 0.9600000000000005196 ) ) ;
#2485 = EDGE_LOOP ( 'NONE', ( #1708, #4217, #5313, #135 ) ) ;
#2486 = DIRECTION ( 'NONE',  ( 0.000000000000000000, 1.000000000000000000, 0.000000000000000000 ) ) ;
#2487 = LINE ( 'NONE', #2890, #3055 ) ;
#2488 = LINE ( 'NONE', #5491, #5388 ) ;
#2489 = DIRECTION ( 'NONE',  ( -1.000000000000000000, 0.000000000000000000, 1.748713181428230588E-16 ) ) ;
#2490 = ORIENTED_EDGE ( 'NONE', *, *, #3600, .T. ) ;
#2491 = ORIENTED_EDGE ( 'NONE', *, *, #3290, .T. ) ;
#2492 = LINE ( 'NONE', #4257, #4377 ) ;
#2493 = CARTESIAN_POINT ( 'NONE',  ( 6.349999999999999645, 1.459999999999999964, -2.415000000000000480 ) ) ;
#2494 = EDGE_LOOP ( 'NONE', ( #469, #5255, #2034, #3829 ) ) ;
#2495 = LINE ( 'NONE', #185, #2693 ) ;
#2496 = EDGE_CURVE ( 'NONE', #1444, #14, #2892, .T. ) ;
#2497 = EDGE_LOOP ( 'NONE', ( #189, #4105, #5527, #2454 ) ) ;
#2498 = EDGE_CURVE ( 'NONE', #5338, #2775, #2058, .T. ) ;
#2499 = CARTESIAN_POINT ( 'NONE',  ( -6.349999999999998757, 3.600000000000000089, 2.415000000000001368 ) ) ;
#2500 = DIRECTION ( 'NONE',  ( -1.000000000000000000, 0.000000000000000000, 0.000000000000000000 ) ) ;
#2501 = ORIENTED_EDGE ( 'NONE', *, *, #5329, .T. ) ;
#2502 = VECTOR ( 'NONE', #4252, 1000.000000000000000 ) ;
#2503 = LINE ( 'NONE', #4270, #935 ) ;
#2504 = ORIENTED_EDGE ( 'NONE', *, *, #5419, .F. ) ;
#2505 = CARTESIAN_POINT ( 'NONE',  ( 4.430000000000001492, 1.259999999999999787, -2.169999999999998597 ) ) ;
#2506 = VECTOR ( 'NONE', #4221, 1000.000000000000000 ) ;
#2507 = CARTESIAN_POINT ( 'NONE',  ( -5.389999999999998792, 0.000000000000000000, 3.237878387081806864 ) ) ;
#2508 = CARTESIAN_POINT ( 'NONE',  ( 3.763369234184498868, 1.259999999999999787, -1.765000000000002789 ) ) ;
#2509 = LINE ( 'NONE', #3436, #5396 ) ;
#2510 = CARTESIAN_POINT ( 'NONE',  ( 4.770000000000001350, 1.459999999999999964, 1.580000000000000515 ) ) ;
#2511 = EDGE_CURVE ( 'NONE', #1540, #2402, #4706, .T. ) ;
#2512 = ORIENTED_EDGE ( 'NONE', *, *, #4616, .T. ) ;
#2513 = CIRCLE ( 'NONE', #1867, 0.2499999999999995837 ) ;
#2514 = ADVANCED_FACE ( 'NONE', ( #2857 ), #5614, .F. ) ;
#2515 = DIRECTION ( 'NONE',  ( -1.000000000000000000, 0.000000000000000000, 1.748713181428230588E-16 ) ) ;
#2516 = AXIS2_PLACEMENT_3D ( 'NONE', #2739, #4915, #1792 ) ;
#2517 = DIRECTION ( 'NONE',  ( 1.000000000000000000, 0.000000000000000000, 0.000000000000000000 ) ) ;
#2518 = AXIS2_PLACEMENT_3D ( 'NONE', #2891, #4675, #2950 ) ;
#2519 = DIRECTION ( 'NONE',  ( 0.000000000000000000, -0.000000000000000000, 1.000000000000000000 ) ) ;
#2520 = DIRECTION ( 'NONE',  ( -0.000000000000000000, 1.000000000000000000, -0.000000000000000000 ) ) ;
#2521 = VERTEX_POINT ( 'NONE', #2090 ) ;
#2522 = ORIENTED_EDGE ( 'NONE', *, *, #2594, .F. ) ;
#2523 = AXIS2_PLACEMENT_3D ( 'NONE', #2351, #1059, #2377 ) ;
#2524 = VECTOR ( 'NONE', #5518, 1000.000000000000000 ) ;
#2525 = EDGE_CURVE ( 'NONE', #377, #4208, #4202, .T. ) ;
#2526 = PLANE ( 'NONE',  #1701 ) ;
#2527 = LINE ( 'NONE', #1718, #2258 ) ;
#2528 = SHAPE_DEFINITION_REPRESENTATION ( #1858, #5056 ) ;
#2529 = ORIENTED_EDGE ( 'NONE', *, *, #852, .T. ) ;
#2530 = DIRECTION ( 'NONE',  ( 1.000000000000000000, -0.000000000000000000, -3.497426362856461177E-16 ) ) ;
#2531 = AXIS2_PLACEMENT_3D ( 'NONE', #3580, #4481, #4422 ) ;
#2532 = VECTOR ( 'NONE', #1425, 1000.000000000000000 ) ;
#2533 = VERTEX_POINT ( 'NONE', #4288 ) ;
#2534 = CARTESIAN_POINT ( 'NONE',  ( 0.000000000000000000, 1.459999999999999964, 0.000000000000000000 ) ) ;
#2535 = ADVANCED_FACE ( 'NONE', ( #1564 ), #1205, .F. ) ;
#2536 = CARTESIAN_POINT ( 'NONE',  ( -3.189999999999998614, 1.259999999999999787, -2.169999999999998597 ) ) ;
#2537 = VECTOR ( 'NONE', #3441, 1000.000000000000000 ) ;
#2538 = ADVANCED_FACE ( 'NONE', ( #2028 ), #681, .T. ) ;
#2539 = ORIENTED_EDGE ( 'NONE', *, *, #2395, .T. ) ;
#2540 = CARTESIAN_POINT ( 'NONE',  ( -4.691230301211477993, 11.20773235590238670, 1.658769698788522318 ) ) ;
#2541 = VERTEX_POINT ( 'NONE', #2200 ) ;
#2542 = CARTESIAN_POINT ( 'NONE',  ( 5.390000000000000568, 3.600000000000000089, -1.579999999999999627 ) ) ;
#2543 = EDGE_CURVE ( 'NONE', #4524, #2669, #4765, .T. ) ;
#2544 = CARTESIAN_POINT ( 'NONE',  ( -5.389999999999998792, 3.600000000000000089, -0.9600000000000006306 ) ) ;
#2545 = STYLED_ITEM ( 'NONE', ( #3411 ), #5318 ) ;
#2546 = DIRECTION ( 'NONE',  ( 0.000000000000000000, 1.000000000000000000, 0.000000000000000000 ) ) ;
#2547 = DIRECTION ( 'NONE',  ( 1.000000000000000000, 0.000000000000000000, -3.497426362856461177E-16 ) ) ;
#2548 = ORIENTED_EDGE ( 'NONE', *, *, #2236, .F. ) ;
#2549 = DIRECTION ( 'NONE',  ( -0.000000000000000000, 1.000000000000000000, -0.000000000000000000 ) ) ;
#2550 = DIRECTION ( 'NONE',  ( -0.3236155771181827845, -0.8891264907159894815, -0.3236155771181835061 ) ) ;
#2551 = VECTOR ( 'NONE', #4814, 1000.000000000000000 ) ;
#2552 = LINE ( 'NONE', #4371, #5122 ) ;
#2553 = CARTESIAN_POINT ( 'NONE',  ( 2.850000000000000533, 1.459999999999999964, -1.579999999999999627 ) ) ;
#2554 = ORIENTED_EDGE ( 'NONE', *, *, #1195, .F. ) ;
#2555 = ORIENTED_EDGE ( 'NONE', *, *, #4322, .F. ) ;
#2556 = DIRECTION ( 'NONE',  ( 0.000000000000000000, -0.000000000000000000, 1.000000000000000000 ) ) ;
#2557 = DIRECTION ( 'NONE',  ( 1.000000000000000000, -0.000000000000000000, -1.365923996832131609E-16 ) ) ;
#2558 = ITEM_DEFINED_TRANSFORMATION ( 'NONE', 'NONE', #4009,  #2384 ) ;
#2559 = EDGE_LOOP ( 'NONE', ( #1767, #1918 ) ) ;
#2560 = CARTESIAN_POINT ( 'NONE',  ( -3.189999999999998614, 1.259999999999999787, -1.919999999999999263 ) ) ;
#2561 = EDGE_CURVE ( 'NONE', #1005, #4680, #823, .T. ) ;
#2562 = ORIENTED_EDGE ( 'NONE', *, *, #3696, .F. ) ;
#2563 = FACE_BOUND ( 'NONE', #4904, .T. ) ;
#2564 = LINE ( 'NONE', #4302, #3818 ) ;
#2565 = EDGE_LOOP ( 'NONE', ( #2406, #4028, #239, #3001 ) ) ;
#2566 = EDGE_CURVE ( 'NONE', #168, #2855, #3446, .T. ) ;
#2567 = CARTESIAN_POINT ( 'NONE',  ( -1.889999999999998126, 1.259999999999999787, 1.670000000000000373 ) ) ;
#2568 = VERTEX_POINT ( 'NONE', #1 ) ;
#2569 = DIRECTION ( 'NONE',  ( 0.000000000000000000, 1.000000000000000000, 0.000000000000000000 ) ) ;
#2570 = EDGE_CURVE ( 'NONE', #4365, #5557, #1350, .T. ) ;
#2571 = DIRECTION ( 'NONE',  ( 0.000000000000000000, 1.000000000000000000, 0.000000000000000000 ) ) ;
#2572 = DIRECTION ( 'NONE',  ( -0.000000000000000000, -1.000000000000000000, 0.000000000000000000 ) ) ;
#2573 = LINE ( 'NONE', #4335, #836 ) ;
#2574 = EDGE_CURVE ( 'NONE', #5249, #605, #347, .T. ) ;
#2575 = VERTEX_POINT ( 'NONE', #5279 ) ;
#2576 = CARTESIAN_POINT ( 'NONE',  ( 1.316630765815501869, 1.459999999999999964, -1.765000000000002789 ) ) ;
#2577 = CARTESIAN_POINT ( 'NONE',  ( 6.349999999999999645, 3.600000000000000089, -2.415000000000000480 ) ) ;
#2578 = LINE ( 'NONE', #1324, #2612 ) ;
#2579 = DIRECTION ( 'NONE',  ( -0.000000000000000000, 1.000000000000000000, -0.000000000000000000 ) ) ;
#2580 = EDGE_LOOP ( 'NONE', ( #3746, #3213 ) ) ;
#2581 = ORIENTED_EDGE ( 'NONE', *, *, #3478, .T. ) ;
#2582 = CARTESIAN_POINT ( 'NONE',  ( -3.763369234184497980, 3.600000000000000089, 1.765000000000001457 ) ) ;
#2583 = DIRECTION ( 'NONE',  ( -0.000000000000000000, 0.000000000000000000, 1.000000000000000000 ) ) ;
#2584 = SHAPE_DEFINITION_REPRESENTATION ( #2647, #5467 ) ;
#2585 = ORIENTED_EDGE ( 'NONE', *, *, #2061, .T. ) ;
#2586 = DIRECTION ( 'NONE',  ( 0.000000000000000000, 0.000000000000000000, 1.000000000000000000 ) ) ;
#2587 = VERTEX_POINT ( 'NONE', #3961 ) ;
#2588 = DIRECTION ( 'NONE',  ( 0.000000000000000000, 1.000000000000000000, 0.000000000000000000 ) ) ;
#2589 = EDGE_CURVE ( 'NONE', #2118, #906, #4843, .T. ) ;
#2590 = FACE_OUTER_BOUND ( 'NONE', #1946, .T. ) ;
#2591 = EDGE_LOOP ( 'NONE', ( #3702, #2646, #2638, #3574 ) ) ;
#2592 = CARTESIAN_POINT ( 'NONE',  ( -3.460269256383742054, 1.459999999999999964, -2.415000000000001368 ) ) ;
#2593 = CARTESIAN_POINT ( 'NONE',  ( -0.6499999999999986899, 1.259999999999999787, -1.919999999999999263 ) ) ;
#2594 = EDGE_CURVE ( 'NONE', #558, #4692, #2159, .T. ) ;
#2595 = DIRECTION ( 'NONE',  ( -0.000000000000000000, 1.000000000000000000, -0.000000000000000000 ) ) ;
#2596 = CIRCLE ( 'NONE', #3800, 0.2499999999999995837 ) ;
#2597 = DIRECTION ( 'NONE',  ( 0.000000000000000000, 1.000000000000000000, 0.000000000000000000 ) ) ;
#2598 = CARTESIAN_POINT ( 'NONE',  ( 5.730000000000002203, 3.799999999999999822, 1.920000000000000151 ) ) ;
#2599 = ORIENTED_EDGE ( 'NONE', *, *, #5435, .F. ) ;
#2600 = AXIS2_PLACEMENT_3D ( 'NONE', #1948, #3248, #5025 ) ;
#2601 = APPLICATION_CONTEXT ( 'automotive_design' ) ;
#2602 = LINE ( 'NONE', #4367, #1529 ) ;
#2603 = DIRECTION ( 'NONE',  ( 0.000000000000000000, 1.000000000000000000, 0.000000000000000000 ) ) ;
#2604 = PLANE ( 'NONE',  #3998 ) ;
#2605 = CIRCLE ( 'NONE', #2416, 0.2499999999999995837 ) ;
#2606 = DIRECTION ( 'NONE',  ( 0.000000000000000000, 1.000000000000000000, 0.000000000000000000 ) ) ;
#2607 = ORIENTED_EDGE ( 'NONE', *, *, #1375, .F. ) ;
#2608 = EDGE_CURVE ( 'NONE', #3950, #3681, #3565, .T. ) ;
#2609 = VERTEX_POINT ( 'NONE', #2226 ) ;
#2610 = LINE ( 'NONE', #2179, #2794 ) ;
#2611 = VECTOR ( 'NONE', #5248, 1000.000000000000227 ) ;
#2612 = VECTOR ( 'NONE', #2140, 1000.000000000000000 ) ;
#2613 = DIRECTION ( 'NONE',  ( 0.000000000000000000, 0.000000000000000000, 1.000000000000000000 ) ) ;
#2614 = ORIENTED_EDGE ( 'NONE', *, *, #272, .F. ) ;
#2615 = DIRECTION ( 'NONE',  ( 0.000000000000000000, 0.000000000000000000, 1.000000000000000000 ) ) ;
#2616 = AXIS2_PLACEMENT_3D ( 'NONE', #1580, #3720, #1140 ) ;
#2617 = VERTEX_POINT ( 'NONE', #3907 ) ;
#2618 = AXIS2_PLACEMENT_3D ( 'NONE', #3173, #519, #5772 ) ;
#2619 = FACE_BOUND ( 'NONE', #4195, .T. ) ;
#2620 = CIRCLE ( 'NONE', #1605, 0.2499999999999995837 ) ;
#2621 = VECTOR ( 'NONE', #1753, 1000.000000000000000 ) ;
#2622 = EDGE_CURVE ( 'NONE', #2123, #332, #3636, .T. ) ;
#2623 = LINE ( 'NONE', #5325, #4165 ) ;
#2624 = DIRECTION ( 'NONE',  ( -1.000000000000000000, 0.000000000000000000, 0.000000000000000000 ) ) ;
#2625 = VERTEX_POINT ( 'NONE', #1765 ) ;
#2626 = CIRCLE ( 'NONE', #2801, 0.2499999999999995837 ) ;
#2627 = DIRECTION ( 'NONE',  ( 0.000000000000000000, 0.000000000000000000, -1.000000000000000000 ) ) ;
#2628 = FACE_OUTER_BOUND ( 'NONE', #710, .T. ) ;
#2629 = AXIS2_PLACEMENT_3D ( 'NONE', #1473, #5023, #2812 ) ;
#2630 = CARTESIAN_POINT ( 'NONE',  ( -3.856630765815501238, 1.259999999999999787, -1.765000000000002789 ) ) ;
#2631 = EDGE_CURVE ( 'NONE', #4607, #4521, #5696, .T. ) ;
#2632 = CYLINDRICAL_SURFACE ( 'NONE', #84, 0.5000000000000000000 ) ;
#2633 = ORIENTED_EDGE ( 'NONE', *, *, #1799, .T. ) ;
#2634 = VECTOR ( 'NONE', #8, 1000.000000000000000 ) ;
#2635 = CARTESIAN_POINT ( 'NONE',  ( -4.769999999999997797, 1.120000000000000773, 1.580000000000000293 ) ) ;
#2636 = PLANE ( 'NONE',  #1475 ) ;
#2637 = DIRECTION ( 'NONE',  ( 1.000000000000000000, -0.000000000000000000, -3.497426362856461177E-16 ) ) ;
#2638 = ORIENTED_EDGE ( 'NONE', *, *, #3693, .F. ) ;
#2639 = ORIENTED_EDGE ( 'NONE', *, *, #5688, .F. ) ;
#2640 = CARTESIAN_POINT ( 'NONE',  ( 6.349999999999999645, 3.600000000000000089, -2.415000000000000480 ) ) ;
#2641 = LINE ( 'NONE', #5342, #864 ) ;
#2642 = EDGE_CURVE ( 'NONE', #630, #1297, #3993, .T. ) ;
#2643 = ORIENTED_EDGE ( 'NONE', *, *, #1453, .T. ) ;
#2644 = LINE ( 'NONE', #1248, #4084 ) ;
#2645 = ORIENTED_EDGE ( 'NONE', *, *, #3762, .T. ) ;
#2646 = ORIENTED_EDGE ( 'NONE', *, *, #3364, .T. ) ;
#2647 = PRODUCT_DEFINITION_SHAPE ( 'NONE', 'NONE',  #326 ) ;
#2648 = ADVANCED_FACE ( 'NONE', ( #4373 ), #4791, .F. ) ;
#2649 = FACE_OUTER_BOUND ( 'NONE', #4140, .T. ) ;
#2650 = CARTESIAN_POINT ( 'NONE',  ( -5.729999999999998650, 1.259999999999999787, -1.669999999999999707 ) ) ;
#2651 = DIRECTION ( 'NONE',  ( -1.000000000000000000, 0.000000000000000000, 1.748713181428231081E-16 ) ) ;
#2652 = ORIENTED_EDGE ( 'NONE', *, *, #483, .T. ) ;
#2653 = DIRECTION ( 'NONE',  ( 1.000000000000000000, -0.000000000000000000, -1.365923996832131609E-16 ) ) ;
#2654 = LINE ( 'NONE', #3142, #3165 ) ;
#2655 = LINE ( 'NONE', #1673, #5202 ) ;
#2656 = ORIENTED_EDGE ( 'NONE', *, *, #5542, .F. ) ;
#2657 = DIRECTION ( 'NONE',  ( 0.000000000000000000, 0.000000000000000000, 1.000000000000000000 ) ) ;
#2658 = CARTESIAN_POINT ( 'NONE',  ( 3.190000000000001723, 1.459999999999999964, 2.169999999999999485 ) ) ;
#2659 = LINE ( 'NONE', #798, #2422 ) ;
#2660 = DIRECTION ( 'NONE',  ( -0.000000000000000000, 1.000000000000000000, -0.000000000000000000 ) ) ;
#2661 = ORIENTED_EDGE ( 'NONE', *, *, #2325, .F. ) ;
#2662 = ORIENTED_EDGE ( 'NONE', *, *, #4395, .F. ) ;
#2663 = CARTESIAN_POINT ( 'NONE',  ( -0.6499999999999986899, 1.259999999999999787, -1.919999999999999263 ) ) ;
#2664 = CARTESIAN_POINT ( 'NONE',  ( -2.229999999999999094, 1.459999999999999964, -0.9599999999999999645 ) ) ;
#2665 = ORIENTED_EDGE ( 'NONE', *, *, #1885, .T. ) ;
#2666 = CARTESIAN_POINT ( 'NONE',  ( 3.460269256383746050, 1.459999999999999964, 2.415000000000000480 ) ) ;
#2667 = ORIENTED_EDGE ( 'NONE', *, *, #3861, .T. ) ;
#2668 = VERTEX_POINT ( 'NONE', #771 ) ;
#2669 = VERTEX_POINT ( 'NONE', #2176 ) ;
#2670 = DIRECTION ( 'NONE',  ( 0.3236155771181845053, -0.3236155771181849494, -0.8891264907159882602 ) ) ;
#2671 = PLANE ( 'NONE',  #448 ) ;
#2672 = EDGE_CURVE ( 'NONE', #5241, #2541, #3475, .T. ) ;
#2673 = CARTESIAN_POINT ( 'NONE',  ( -4.919999999999999041, 9.700000000000001066, 1.429999999999999272 ) ) ;
#2674 = ORIENTED_EDGE ( 'NONE', *, *, #2761, .F. ) ;
#2675 = ADVANCED_FACE ( 'NONE', ( #5725 ), #5253, .F. ) ;
#2676 = DIRECTION ( 'NONE',  ( 0.000000000000000000, 0.000000000000000000, 1.000000000000000000 ) ) ;
#2677 = FACE_OUTER_BOUND ( 'NONE', #5664, .T. ) ;
#2678 = DIRECTION ( 'NONE',  ( -1.748713181428230588E-16, 0.000000000000000000, -1.000000000000000000 ) ) ;
#2679 = VERTEX_POINT ( 'NONE', #3037 ) ;
#2680 = CIRCLE ( 'NONE', #3234, 0.2499999999999995837 ) ;
#2681 = CARTESIAN_POINT ( 'NONE',  ( -2.849999999999998757, 1.459999999999999964, 0.9600000000000006306 ) ) ;
#2682 = PLANE ( 'NONE',  #5767 ) ;
#2683 = EDGE_CURVE ( 'NONE', #1844, #4388, #2117, .T. ) ;
#2684 = DIRECTION ( 'NONE',  ( 0.000000000000000000, -0.000000000000000000, 1.000000000000000000 ) ) ;
#2685 = CARTESIAN_POINT ( 'NONE',  ( 0.3100000000000021072, 1.459999999999999964, 1.580000000000000293 ) ) ;
#2686 = ORIENTED_EDGE ( 'NONE', *, *, #4687, .F. ) ;
#2687 = ORIENTED_EDGE ( 'NONE', *, *, #3965, .T. ) ;
#2688 = AXIS2_PLACEMENT_3D ( 'NONE', #2303, #599, #154 ) ;
#2689 = ADVANCED_FACE ( 'NONE', ( #5224 ), #4817, .F. ) ;
#2690 = DIRECTION ( 'NONE',  ( -1.000000000000000000, 0.000000000000000000, 1.365923996832131609E-16 ) ) ;
#2691 = CARTESIAN_POINT ( 'NONE',  ( -5.389999999999998792, 0.6200000000000007727, -3.237878387081806864 ) ) ;
#2692 = ORIENTED_EDGE ( 'NONE', *, *, #4813, .F. ) ;
#2693 = VECTOR ( 'NONE', #4650, 1000.000000000000000 ) ;
#2694 = DIRECTION ( 'NONE',  ( -0.000000000000000000, -0.000000000000000000, -1.000000000000000000 ) ) ;
#2695 = ORIENTED_EDGE ( 'NONE', *, *, #4097, .T. ) ;
#2696 = ORIENTED_EDGE ( 'NONE', *, *, #260, .T. ) ;
#2697 = ORIENTED_EDGE ( 'NONE', *, *, #5015, .F. ) ;
#2698 = AXIS2_PLACEMENT_3D ( 'NONE', #438, #2606, #4318 ) ;
#2699 = AXIS2_PLACEMENT_3D ( 'NONE', #4075, #2742, #2312 ) ;
#2700 = DIRECTION ( 'NONE',  ( 1.000000000000000000, -0.000000000000000000, -3.497426362856461177E-16 ) ) ;
#2701 = LINE ( 'NONE', #4827, #5576 ) ;
#2702 = AXIS2_PLACEMENT_3D ( 'NONE', #3329, #982, #3278 ) ;
#2703 = VECTOR ( 'NONE', #5247, 1000.000000000000000 ) ;
#2704 = CYLINDRICAL_SURFACE ( 'NONE', #3912, 0.2499999999999995837 ) ;
#2705 = ORIENTED_EDGE ( 'NONE', *, *, #2622, .F. ) ;
#2706 = AXIS2_PLACEMENT_3D ( 'NONE', #776, #2954, #2985 ) ;
#2707 = VECTOR ( 'NONE', #4013, 1000.000000000000227 ) ;
#2708 = FACE_OUTER_BOUND ( 'NONE', #1351, .T. ) ;
#2709 = EDGE_CURVE ( 'NONE', #2729, #4519, #86, .T. ) ;
#2710 = LINE ( 'NONE', #489, #1217 ) ;
#2711 = AXIS2_PLACEMENT_3D ( 'NONE', #997, #2769, #4027 ) ;
#2712 = LINE ( 'NONE', #547, #4368 ) ;
#2713 = ORIENTED_EDGE ( 'NONE', *, *, #3986, .F. ) ;
#2714 = ADVANCED_FACE ( 'NONE', ( #2744 ), #5481, .F. ) ;
#2715 = VECTOR ( 'NONE', #4883, 1000.000000000000000 ) ;
#2716 = CARTESIAN_POINT ( 'NONE',  ( 5.390000000000002345, 1.459999999999999964, 0.9600000000000005196 ) ) ;
#2717 = DIRECTION ( 'NONE',  ( 0.000000000000000000, -0.000000000000000000, 1.000000000000000000 ) ) ;
#2718 = FACE_OUTER_BOUND ( 'NONE', #2322, .T. ) ;
#2719 = CARTESIAN_POINT ( 'NONE',  ( -1.889999999999998126, 1.259999999999999787, 1.670000000000000373 ) ) ;
#2720 = ORIENTED_EDGE ( 'NONE', *, *, #4597, .F. ) ;
#2721 = VECTOR ( 'NONE', #172, 1000.000000000000000 ) ;
#2722 = VERTEX_POINT ( 'NONE', #588 ) ;
#2723 =( GEOMETRIC_REPRESENTATION_CONTEXT ( 3 ) GLOBAL_UNCERTAINTY_ASSIGNED_CONTEXT ( ( #4416 ) ) GLOBAL_UNIT_ASSIGNED_CONTEXT ( ( #4536, #550, #4132 ) ) REPRESENTATION_CONTEXT ( 'NONE', 'WORKASPACE' ) );
#2724 = DIRECTION ( 'NONE',  ( 0.000000000000000000, 1.000000000000000000, 0.000000000000000000 ) ) ;
#2725 = CARTESIAN_POINT ( 'NONE',  ( -4.769999999999997797, 1.119999999999999440, 0.9600000000000005196 ) ) ;
#2726 = ORIENTED_EDGE ( 'NONE', *, *, #4218, .F. ) ;
#2727 = DIRECTION ( 'NONE',  ( -0.000000000000000000, 0.000000000000000000, 1.000000000000000000 ) ) ;
#2728 = ORIENTED_EDGE ( 'NONE', *, *, #4251, .T. ) ;
#2729 = VERTEX_POINT ( 'NONE', #115 ) ;
#2730 = ORIENTED_EDGE ( 'NONE', *, *, #317, .F. ) ;
#2731 = DIRECTION ( 'NONE',  ( 0.000000000000000000, 0.000000000000000000, 1.000000000000000000 ) ) ;
#2732 = EDGE_CURVE ( 'NONE', #4303, #2042, #3125, .T. ) ;
#2733 = LINE ( 'NONE', #2279, #3982 ) ;
#2734 = VECTOR ( 'NONE', #4048, 1000.000000000000000 ) ;
#2735 = CARTESIAN_POINT ( 'NONE',  ( -5.389999999999998792, 3.600000000000000089, 1.580000000000000515 ) ) ;
#2736 = ORIENTED_EDGE ( 'NONE', *, *, #334, .F. ) ;
#2737 = CARTESIAN_POINT ( 'NONE',  ( 1.223369234184499721, 3.600000000000000089, 1.765000000000001457 ) ) ;
#2738 = CYLINDRICAL_SURFACE ( 'NONE', #652, 0.5000000000000000000 ) ;
#2739 = CARTESIAN_POINT ( 'NONE',  ( -4.769999999999997797, 9.700000000000001066, 1.580000000000000293 ) ) ;
#2740 = VERTEX_POINT ( 'NONE', #4513 ) ;
#2741 = DIRECTION ( 'NONE',  ( 0.4226182617407047704, 0.000000000000000000, -0.9063077870366474942 ) ) ;
#2742 = DIRECTION ( 'NONE',  ( 0.000000000000000000, 1.000000000000000000, 0.000000000000000000 ) ) ;
#2743 = EDGE_CURVE ( 'NONE', #5148, #3765, #526, .T. ) ;
#2744 = FACE_OUTER_BOUND ( 'NONE', #987, .T. ) ;
#2745 = ORIENTED_EDGE ( 'NONE', *, *, #931, .F. ) ;
#2746 = EDGE_CURVE ( 'NONE', #2091, #2729, #557, .T. ) ;
#2747 = FACE_BOUND ( 'NONE', #2559, .T. ) ;
#2748 = FACE_OUTER_BOUND ( 'NONE', #730, .T. ) ;
#2749 = ORIENTED_EDGE ( 'NONE', *, *, #3327, .F. ) ;
#2750 = FACE_OUTER_BOUND ( 'NONE', #2029, .T. ) ;
#2751 = ORIENTED_EDGE ( 'NONE', *, *, #3511, .T. ) ;
#2752 = ORIENTED_EDGE ( 'NONE', *, *, #639, .F. ) ;
#2753 = ORIENTED_EDGE ( 'NONE', *, *, #1559, .F. ) ;
#2754 = CARTESIAN_POINT ( 'NONE',  ( -4.691230301211472664, -0.07876969878852652096, -5.157732355902391319 ) ) ;
#2755 = PLANE ( 'NONE',  #129 ) ;
#2756 = LINE ( 'NONE', #4527, #5200 ) ;
#2757 = CARTESIAN_POINT ( 'NONE',  ( 6.349999999999999645, 1.459999999999999964, 2.414999999999999591 ) ) ;
#2758 = ADVANCED_FACE ( 'NONE', ( #1025 ), #1376, .T. ) ;
#2759 = EDGE_LOOP ( 'NONE', ( #685, #5512, #1917, #5343 ) ) ;
#2760 = EDGE_CURVE ( 'NONE', #3423, #385, #1461, .T. ) ;
#2761 = EDGE_CURVE ( 'NONE', #1682, #765, #5454, .T. ) ;
#2762 = DIRECTION ( 'NONE',  ( -0.000000000000000000, -1.000000000000000000, -0.000000000000000000 ) ) ;
#2763 = CARTESIAN_POINT ( 'NONE',  ( 1.890000000000001013, 1.259999999999999787, -1.919999999999999263 ) ) ;
#2764 = DIRECTION ( 'NONE',  ( -1.000000000000000000, 0.000000000000000000, 1.748713181428230588E-16 ) ) ;
#2765 = ORIENTED_EDGE ( 'NONE', *, *, #4593, .F. ) ;
#2766 = PRESENTATION_STYLE_ASSIGNMENT (( #3291 ) ) ;
#2767 = LINE ( 'NONE', #1846, #5296 ) ;
#2768 = DIRECTION ( 'NONE',  ( -0.000000000000000000, -0.000000000000000000, 1.000000000000000000 ) ) ;
#2769 = DIRECTION ( 'NONE',  ( -3.497426362856462163E-16, 0.000000000000000000, 1.000000000000000000 ) ) ;
#2770 = ORIENTED_EDGE ( 'NONE', *, *, #4068, .F. ) ;
#2771 = LINE ( 'NONE', #4081, #4755 ) ;
#2772 = CARTESIAN_POINT ( 'NONE',  ( -0.9202692563837435724, 1.459999999999999964, -2.415000000000000480 ) ) ;
#2773 = EDGE_LOOP ( 'NONE', ( #4837, #3187, #5671, #1754 ) ) ;
#2774 = CARTESIAN_POINT ( 'NONE',  ( -4.769999999999998685, 1.459999999999999964, -1.579999999999999627 ) ) ;
#2775 = VERTEX_POINT ( 'NONE', #5361 ) ;
#2776 = ORIENTED_EDGE ( 'NONE', *, *, #272, .T. ) ;
#2777 = ORIENTED_EDGE ( 'NONE', *, *, #2746, .T. ) ;
#2778 = LINE ( 'NONE', #2360, #848 ) ;
#2779 = VECTOR ( 'NONE', #495, 1000.000000000000000 ) ;
#2780 = DIRECTION ( 'NONE',  ( 0.000000000000000000, 1.000000000000000000, 0.000000000000000000 ) ) ;
#2781 = DIRECTION ( 'NONE',  ( -0.000000000000000000, 0.000000000000000000, 1.000000000000000000 ) ) ;
#2782 = CARTESIAN_POINT ( 'NONE',  ( 4.769999999999999574, 1.459999999999999964, -0.9599999999999997424 ) ) ;
#2783 = EDGE_LOOP ( 'NONE', ( #3883, #4916, #4586, #1121 ) ) ;
#2784 = AXIS2_PLACEMENT_3D ( 'NONE', #3131, #4583, #977 ) ;
#2785 = DIRECTION ( 'NONE',  ( 0.000000000000000000, 0.000000000000000000, 1.000000000000000000 ) ) ;
#2786 = AXIS2_PLACEMENT_3D ( 'NONE', #4660, #5474, #1484 ) ;
#2787 = VECTOR ( 'NONE', #2768, 1000.000000000000000 ) ;
#2788 = CARTESIAN_POINT ( 'NONE',  ( -3.189999999999998614, 3.799999999999999822, -1.669999999999999707 ) ) ;
#2789 = EDGE_CURVE ( 'NONE', #1997, #5707, #2799, .T. ) ;
#2790 = CARTESIAN_POINT ( 'NONE',  ( 3.190000000000001723, 1.259999999999999787, 2.169999999999999485 ) ) ;
#2791 = AXIS2_PLACEMENT_3D ( 'NONE', #195, #5565, #2017 ) ;
#2792 = ORIENTED_EDGE ( 'NONE', *, *, #2343, .T. ) ;
#2793 = CIRCLE ( 'NONE', #1124, 0.2499999999999995837 ) ;
#2794 = VECTOR ( 'NONE', #4409, 1000.000000000000114 ) ;
#2795 = DIRECTION ( 'NONE',  ( 0.000000000000000000, 1.000000000000000000, 0.000000000000000000 ) ) ;
#2796 = AXIS2_PLACEMENT_3D ( 'NONE', #309, #838, #2934 ) ;
#2797 = ADVANCED_FACE ( 'NONE', ( #54 ), #3589, .T. ) ;
#2798 = DIRECTION ( 'NONE',  ( 1.000000000000000000, 0.000000000000000000, 0.000000000000000000 ) ) ;
#2799 = LINE ( 'NONE', #1882, #643 ) ;
#2800 = ORIENTED_EDGE ( 'NONE', *, *, #5709, .T. ) ;
#2801 = AXIS2_PLACEMENT_3D ( 'NONE', #1900, #4531, #4506 ) ;
#2802 = CARTESIAN_POINT ( 'NONE',  ( 0.000000000000000000, 3.600000000000000089, 0.000000000000000000 ) ) ;
#2803 = CARTESIAN_POINT ( 'NONE',  ( -0.6499999999999986899, 1.259999999999999787, -1.919999999999999263 ) ) ;
#2804 = CARTESIAN_POINT ( 'NONE',  ( -0.6499999999999986899, 1.259999999999999787, -2.169999999999998597 ) ) ;
#2805 = LINE ( 'NONE', #916, #5484 ) ;
#2806 = AXIS2_PLACEMENT_3D ( 'NONE', #4418, #423, #4008 ) ;
#2807 = EDGE_LOOP ( 'NONE', ( #5050, #1578 ) ) ;
#2808 = ORIENTED_EDGE ( 'NONE', *, *, #66, .F. ) ;
#2809 = ORIENTED_EDGE ( 'NONE', *, *, #4636, .T. ) ;
#2810 =( LENGTH_UNIT ( ) NAMED_UNIT ( * ) SI_UNIT ( .MILLI., .METRE. ) );
#2811 = VECTOR ( 'NONE', #4673, 1000.000000000000000 ) ;
#2812 = DIRECTION ( 'NONE',  ( 0.000000000000000000, 0.000000000000000000, -1.000000000000000000 ) ) ;
#2813 = SURFACE_SIDE_STYLE ('',( #3770 ) ) ;
#2814 = LINE ( 'NONE', #3221, #1113 ) ;
#2815 = EDGE_CURVE ( 'NONE', #927, #1086, #140, .T. ) ;
#2816 = ORIENTED_EDGE ( 'NONE', *, *, #4544, .T. ) ;
#2817 = DIRECTION ( 'NONE',  ( 1.000000000000000000, -0.000000000000000000, -3.497426362856461177E-16 ) ) ;
#2818 = VECTOR ( 'NONE', #2108, 1000.000000000000114 ) ;
#2819 = DIRECTION ( 'NONE',  ( -0.000000000000000000, 0.000000000000000000, 1.000000000000000000 ) ) ;
#2820 = ORIENTED_EDGE ( 'NONE', *, *, #493, .F. ) ;
#2821 = FACE_OUTER_BOUND ( 'NONE', #365, .T. ) ;
#2822 = ORIENTED_EDGE ( 'NONE', *, *, #3693, .T. ) ;
#2823 = DIRECTION ( 'NONE',  ( 0.000000000000000000, 0.000000000000000000, -1.000000000000000000 ) ) ;
#2824 = LINE ( 'NONE', #4603, #830 ) ;
#2825 = CARTESIAN_POINT ( 'NONE',  ( -3.189999999999998614, 3.799999999999999822, -1.919999999999999263 ) ) ;
#2826 = DIRECTION ( 'NONE',  ( 1.000000000000000000, 0.000000000000000000, 0.000000000000000000 ) ) ;
#2827 = VERTEX_POINT ( 'NONE', #4135 ) ;
#2828 = FACE_BOUND ( 'NONE', #3390, .T. ) ;
#2829 = ADVANCED_FACE ( 'NONE', ( #3181 ), #909, .T. ) ;
#2830 = LINE ( 'NONE', #3270, #5230 ) ;
#2831 = CARTESIAN_POINT ( 'NONE',  ( 3.763369234184499312, 1.459999999999999964, 1.765000000000001457 ) ) ;
#2832 = CARTESIAN_POINT ( 'NONE',  ( -4.919999999999999041, 9.700000000000001066, 0.000000000000000000 ) ) ;
#2833 = VERTEX_POINT ( 'NONE', #3694 ) ;
#2834 = ORIENTED_EDGE ( 'NONE', *, *, #66, .T. ) ;
#2835 = EDGE_LOOP ( 'NONE', ( #3651, #4732, #4662, #3744, #1572, #3739, #2697, #2864, #1242, #447, #324, #3198, #2, #2834, #945, #781, #2332, #2324, #2852, #5327, #1989, #3342, #5076, #2459, #2269, #4003, #2452, #3656, #4846, #4585, #2661, #211, #5641, #3396, #2554, #2439, #5552, #3758, #4933, #3250 ) ) ;
#2836 = LINE ( 'NONE', #1040, #3716 ) ;
#2837 = EDGE_CURVE ( 'NONE', #2669, #3765, #5389, .T. ) ;
#2838 = CARTESIAN_POINT ( 'NONE',  ( 4.430000000000001492, 3.600000000000000089, -1.669999999999999707 ) ) ;
#2839 = EDGE_LOOP ( 'NONE', ( #1036, #4131, #99, #1833 ) ) ;
#2840 = DIRECTION ( 'NONE',  ( 1.000000000000000000, 0.000000000000000000, 0.000000000000000000 ) ) ;
#2841 = EDGE_LOOP ( 'NONE', ( #4986, #999, #4935, #4824 ) ) ;
#2842 = LINE ( 'NONE', #662, #4852 ) ;
#2843 = EDGE_CURVE ( 'NONE', #5148, #4877, #468, .T. ) ;
#2844 = LINE ( 'NONE', #3749, #2341 ) ;
#2845 = ADVANCED_FACE ( 'NONE', ( #5425 ), #2263, .F. ) ;
#2846 = ORIENTED_EDGE ( 'NONE', *, *, #1930, .F. ) ;
#2847 = LINE ( 'NONE', #251, #5774 ) ;
#2848 = ORIENTED_EDGE ( 'NONE', *, *, #4845, .F. ) ;
#2849 = CARTESIAN_POINT ( 'NONE',  ( -4.429999999999997939, 1.259999999999999787, 1.920000000000000151 ) ) ;
#2850 = CARTESIAN_POINT ( 'NONE',  ( 5.390000000000002345, 1.459999999999999964, 1.580000000000000293 ) ) ;
#2851 = CARTESIAN_POINT ( 'NONE',  ( -5.239999999999998437, 9.700000000000001066, 1.580000000000000515 ) ) ;
#2852 = ORIENTED_EDGE ( 'NONE', *, *, #875, .F. ) ;
#2853 = DIRECTION ( 'NONE',  ( 0.000000000000000000, 1.000000000000000000, 0.000000000000000000 ) ) ;
#2854 = ADVANCED_FACE ( 'NONE', ( #4539 ), #1824, .F. ) ;
#2855 = VERTEX_POINT ( 'NONE', #2484 ) ;
#2856 = DIRECTION ( 'NONE',  ( 0.000000000000000000, 0.000000000000000000, 1.000000000000000000 ) ) ;
#2857 = FACE_OUTER_BOUND ( 'NONE', #950, .T. ) ;
#2858 = VERTEX_POINT ( 'NONE', #167 ) ;
#2859 = ORIENTED_EDGE ( 'NONE', *, *, #2498, .F. ) ;
#2860 = ORIENTED_EDGE ( 'NONE', *, *, #5638, .F. ) ;
#2861 = SURFACE_STYLE_USAGE ( .BOTH. , #2441 ) ;
#2862 = DIRECTION ( 'NONE',  ( 0.000000000000000000, 1.000000000000000000, 0.000000000000000000 ) ) ;
#2863 = SURFACE_SIDE_STYLE ('',( #1602 ) ) ;
#2864 = ORIENTED_EDGE ( 'NONE', *, *, #5412, .F. ) ;
#2865 = AXIS2_PLACEMENT_3D ( 'NONE', #3587, #1879, #435 ) ;
#2866 = CARTESIAN_POINT ( 'NONE',  ( 2.850000000000000533, 1.459999999999999964, -1.579999999999999627 ) ) ;
#2867 = VERTEX_POINT ( 'NONE', #1966 ) ;
#2868 = AXIS2_PLACEMENT_3D ( 'NONE', #4667, #672, #1491 ) ;
#2869 = DIRECTION ( 'NONE',  ( 0.000000000000000000, 0.000000000000000000, 1.000000000000000000 ) ) ;
#2870 = AXIS2_PLACEMENT_3D ( 'NONE', #5612, #680, #2519 ) ;
#2871 = CARTESIAN_POINT ( 'NONE',  ( 3.856630765815501682, 1.259999999999999787, -1.765000000000002789 ) ) ;
#2872 = ORIENTED_EDGE ( 'NONE', *, *, #4380, .F. ) ;
#2873 = EDGE_CURVE ( 'NONE', #1191, #1682, #4725, .T. ) ;
#2874 = DIRECTION ( 'NONE',  ( -0.000000000000000000, -1.000000000000000000, 0.000000000000000000 ) ) ;
#2875 = EDGE_LOOP ( 'NONE', ( #2765, #5765, #2178, #1888 ) ) ;
#2876 = VECTOR ( 'NONE', #2398, 1000.000000000000000 ) ;
#2877 = VECTOR ( 'NONE', #856, 1000.000000000000114 ) ;
#2878 = EDGE_CURVE ( 'NONE', #1540, #1165, #1586, .T. ) ;
#2879 = LINE ( 'NONE', #228, #3022 ) ;
#2880 = CARTESIAN_POINT ( 'NONE',  ( -3.189999999999998614, 3.799999999999999822, -1.919999999999999263 ) ) ;
#2881 = LINE ( 'NONE', #2483, #2524 ) ;
#2882 = VECTOR ( 'NONE', #2326, 1000.000000000000000 ) ;
#2883 = AXIS2_PLACEMENT_3D ( 'NONE', #5686, #4277, #5182 ) ;
#2884 = CARTESIAN_POINT ( 'NONE',  ( 6.349999999999999645, 3.600000000000000089, -2.415000000000000480 ) ) ;
#2885 = EDGE_CURVE ( 'NONE', #4401, #1445, #3729, .T. ) ;
#2886 = ORIENTED_EDGE ( 'NONE', *, *, #5668, .F. ) ;
#2887 = VECTOR ( 'NONE', #3854, 1000.000000000000000 ) ;
#2888 = AXIS2_PLACEMENT_3D ( 'NONE', #5663, #4430, #885 ) ;
#2889 = CARTESIAN_POINT ( 'NONE',  ( 4.159730743616255388, 1.459999999999999964, 2.415000000000001368 ) ) ;
#2890 = CARTESIAN_POINT ( 'NONE',  ( -5.090240330292443716, 10.11146131086649191, 1.280240330292444106 ) ) ;
#2891 = CARTESIAN_POINT ( 'NONE',  ( -1.619730743616253799, 1.259999999999999787, 2.415000000000001368 ) ) ;
#2892 = LINE ( 'NONE', #1595, #5507 ) ;
#2893 = ORIENTED_EDGE ( 'NONE', *, *, #4807, .F. ) ;
#2894 = PRODUCT_DEFINITION_FORMATION_WITH_SPECIFIED_SOURCE ( 'ANY', '', #4076, .NOT_KNOWN. ) ;
#2895 = APPLICATION_CONTEXT ( 'automotive_design' ) ;
#2896 = ORIENTED_EDGE ( 'NONE', *, *, #3634, .T. ) ;
#2897 = VERTEX_POINT ( 'NONE', #4633 ) ;
#2898 = DIRECTION ( 'NONE',  ( 0.000000000000000000, 0.000000000000000000, 1.000000000000000000 ) ) ;
#2899 = FACE_OUTER_BOUND ( 'NONE', #1749, .T. ) ;
#2900 = VECTOR ( 'NONE', #3706, 1000.000000000000000 ) ;
#2901 = ORIENTED_EDGE ( 'NONE', *, *, #4604, .F. ) ;
#2902 = CARTESIAN_POINT ( 'NONE',  ( 3.190000000000001723, 1.259999999999999787, 2.169999999999999485 ) ) ;
#2903 = ORIENTED_EDGE ( 'NONE', *, *, #714, .T. ) ;
#2904 = VECTOR ( 'NONE', #3967, 1000.000000000000000 ) ;
#2905 = CARTESIAN_POINT ( 'NONE',  ( -5.389999999999999680, 3.600000000000000089, -0.9599999999999997424 ) ) ;
#2906 = EDGE_CURVE ( 'NONE', #250, #4439, #2085, .T. ) ;
#2907 = PLANE ( 'NONE',  #181 ) ;
#2908 = EDGE_LOOP ( 'NONE', ( #5461, #501, #116, #5295 ) ) ;
#2909 = PLANE ( 'NONE',  #3442 ) ;
#2910 = ORIENTED_EDGE ( 'NONE', *, *, #2566, .F. ) ;
#2911 = EDGE_CURVE ( 'NONE', #36, #3504, #729, .T. ) ;
#2912 = PLANE ( 'NONE',  #222 ) ;
#2913 = FACE_OUTER_BOUND ( 'NONE', #3974, .T. ) ;
#2914 = CARTESIAN_POINT ( 'NONE',  ( -3.856630765815501238, 1.259999999999999787, -1.765000000000002789 ) ) ;
#2915 = DIRECTION ( 'NONE',  ( 0.000000000000000000, 0.000000000000000000, 1.000000000000000000 ) ) ;
#2916 = EDGE_CURVE ( 'NONE', #1516, #2833, #5095, .T. ) ;
#2917 = ORIENTED_EDGE ( 'NONE', *, *, #3655, .T. ) ;
#2918 = CIRCLE ( 'NONE', #3577, 0.2499999999999995837 ) ;
#2919 = SURFACE_STYLE_FILL_AREA ( #2087 ) ;
#2920 = ADVANCED_FACE ( 'NONE', ( #3294 ), #1057, .F. ) ;
#2921 = ORIENTED_EDGE ( 'NONE', *, *, #4022, .F. ) ;
#2922 = CARTESIAN_POINT ( 'NONE',  ( 0.000000000000000000, 3.600000000000000089, 0.000000000000000000 ) ) ;
#2923 = DIRECTION ( 'NONE',  ( -1.000000000000000000, 0.000000000000000000, -3.497426362856462163E-16 ) ) ;
#2924 = ORIENTED_EDGE ( 'NONE', *, *, #5220, .T. ) ;
#2925 = ADVANCED_FACE ( 'NONE', ( #4669 ), #4699, .T. ) ;
#2926 = VERTEX_POINT ( 'NONE', #2510 ) ;
#2927 = LINE ( 'NONE', #4682, #5503 ) ;
#2928 = LINE ( 'NONE', #304, #1894 ) ;
#2929 = EDGE_LOOP ( 'NONE', ( #3107, #4819, #4005, #2119 ) ) ;
#2930 = PLANE ( 'NONE',  #742 ) ;
#2931 = VERTEX_POINT ( 'NONE', #1111 ) ;
#2932 = DIRECTION ( 'NONE',  ( 0.000000000000000000, 1.000000000000000000, 0.000000000000000000 ) ) ;
#2933 = ADVANCED_FACE ( 'NONE', ( #674 ), #5039, .F. ) ;
#2934 = DIRECTION ( 'NONE',  ( -1.000000000000000000, 0.000000000000000000, 1.365923996832131609E-16 ) ) ;
#2935 = ORIENTED_EDGE ( 'NONE', *, *, #1624, .F. ) ;
#2936 = EDGE_CURVE ( 'NONE', #805, #3909, #2240, .T. ) ;
#2937 = DIRECTION ( 'NONE',  ( -1.000000000000000000, 0.000000000000000000, 1.748713181428230588E-16 ) ) ;
#2938 = VERTEX_POINT ( 'NONE', #5608 ) ;
#2939 = EDGE_CURVE ( 'NONE', #4388, #5084, #3844, .T. ) ;
#2940 = DIRECTION ( 'NONE',  ( -0.000000000000000000, 1.000000000000000000, -0.000000000000000000 ) ) ;
#2941 = CARTESIAN_POINT ( 'NONE',  ( -5.389999999999998792, 1.459999999999999964, 0.9600000000000006306 ) ) ;
#2942 = DIRECTION ( 'NONE',  ( 0.000000000000000000, 0.000000000000000000, -1.000000000000000000 ) ) ;
#2943 = CARTESIAN_POINT ( 'NONE',  ( -3.856630765815500794, 1.259999999999999787, 1.765000000000001457 ) ) ;
#2944 = ADVANCED_FACE ( 'NONE', ( #5546 ), #4606, .F. ) ;
#2945 = DIRECTION ( 'NONE',  ( -0.000000000000000000, -1.000000000000000000, 0.000000000000000000 ) ) ;
#2946 = ORIENTED_EDGE ( 'NONE', *, *, #3495, .T. ) ;
#2947 = ADVANCED_FACE ( 'NONE', ( #2023 ), #1495, .F. ) ;
#2948 = DIRECTION ( 'NONE',  ( -0.4226182617407043263, 0.000000000000000000, -0.9063077870366476052 ) ) ;
#2949 = CARTESIAN_POINT ( 'NONE',  ( 4.769999999999999574, 3.600000000000000089, -0.9599999999999997424 ) ) ;
#2950 = DIRECTION ( 'NONE',  ( -0.4226182617407043263, 0.000000000000000000, 0.9063077870366476052 ) ) ;
#2951 = DIRECTION ( 'NONE',  ( 1.000000000000000000, 0.000000000000000000, -3.497426362856461177E-16 ) ) ;
#2952 = ORIENTED_EDGE ( 'NONE', *, *, #2236, .T. ) ;
#2953 = ORIENTED_EDGE ( 'NONE', *, *, #1285, .T. ) ;
#2954 = DIRECTION ( 'NONE',  ( 0.000000000000000000, 1.000000000000000000, 0.000000000000000000 ) ) ;
#2955 = LINE ( 'NONE', #743, #2904 ) ;
#2956 = DIRECTION ( 'NONE',  ( 1.000000000000000000, 0.000000000000000000, 0.000000000000000000 ) ) ;
#2957 = EDGE_LOOP ( 'NONE', ( #4088, #394, #668, #3994 ) ) ;
#2958 = DIRECTION ( 'NONE',  ( 0.000000000000000000, 1.000000000000000000, 0.000000000000000000 ) ) ;
#2959 = ORIENTED_EDGE ( 'NONE', *, *, #3570, .F. ) ;
#2960 = EDGE_CURVE ( 'NONE', #4079, #3505, #611, .T. ) ;
#2961 = CIRCLE ( 'NONE', #1384, 0.2499999999999995837 ) ;
#2962 = FACE_OUTER_BOUND ( 'NONE', #4414, .T. ) ;
#2963 = FACE_OUTER_BOUND ( 'NONE', #801, .T. ) ;
#2964 = EDGE_LOOP ( 'NONE', ( #3241, #2917, #5755, #130 ) ) ;
#2965 = CIRCLE ( 'NONE', #5379, 0.2499999999999995837 ) ;
#2966 = CARTESIAN_POINT ( 'NONE',  ( 0.6500000000000021316, 1.459999999999999964, 1.920000000000000151 ) ) ;
#2967 = ORIENTED_EDGE ( 'NONE', *, *, #5353, .F. ) ;
#2968 = CARTESIAN_POINT ( 'NONE',  ( -4.159730743616254500, 1.259999999999999787, -2.415000000000002256 ) ) ;
#2969 = AXIS2_PLACEMENT_3D ( 'NONE', #3045, #3020, #866 ) ;
#2970 = LINE ( 'NONE', #2480, #504 ) ;
#2971 = FACE_OUTER_BOUND ( 'NONE', #2875, .T. ) ;
#2972 = FACE_OUTER_BOUND ( 'NONE', #63, .T. ) ;
#2973 = AXIS2_PLACEMENT_3D ( 'NONE', #1740, #3503, #3066 ) ;
#2974 = VERTEX_POINT ( 'NONE', #3352 ) ;
#2975 = CIRCLE ( 'NONE', #4553, 0.2499999999999995837 ) ;
#2976 = COLOUR_RGB ( '',0.9686274509803921573, 0.8784313725490195957, 0.5999999999999999778 ) ;
#2977 = DIRECTION ( 'NONE',  ( -0.000000000000000000, -0.000000000000000000, 1.000000000000000000 ) ) ;
#2978 = AXIS2_PLACEMENT_3D ( 'NONE', #815, #3467, #315 ) ;
#2979 = DIRECTION ( 'NONE',  ( -0.000000000000000000, 1.000000000000000000, -0.000000000000000000 ) ) ;
#2980 = CARTESIAN_POINT ( 'NONE',  ( 3.763369234184498868, 3.600000000000000089, -1.765000000000002789 ) ) ;
#2981 = ORIENTED_EDGE ( 'NONE', *, *, #5435, .T. ) ;
#2982 = ORIENTED_EDGE ( 'NONE', *, *, #3093, .F. ) ;
#2983 = VECTOR ( 'NONE', #1617, 1000.000000000000114 ) ;
#2984 = AXIS2_PLACEMENT_3D ( 'NONE', #3089, #23, #903 ) ;
#2985 = DIRECTION ( 'NONE',  ( 0.000000000000000000, 0.000000000000000000, 1.000000000000000000 ) ) ;
#2986 = DIRECTION ( 'NONE',  ( -1.000000000000000000, 0.000000000000000000, 1.748713181428230588E-16 ) ) ;
#2987 = APPLICATION_PROTOCOL_DEFINITION ( 'draft international standard', 'automotive_design', 1998, #5579 ) ;
#2988 = VERTEX_POINT ( 'NONE', #702 ) ;
#2989 = EDGE_CURVE ( 'NONE', #3752, #3328, #1623, .T. ) ;
#2990 = LINE ( 'NONE', #3540, #1588 ) ;
#2991 = CIRCLE ( 'NONE', #471, 0.2499999999999995837 ) ;
#2992 = VECTOR ( 'NONE', #3339, 1000.000000000000000 ) ;
#2993 = VERTEX_POINT ( 'NONE', #5301 ) ;
#2994 = AXIS2_PLACEMENT_3D ( 'NONE', #3860, #4825, #834 ) ;
#2995 = DIRECTION ( 'NONE',  ( 0.000000000000000000, 0.000000000000000000, 1.000000000000000000 ) ) ;
#2996 = EDGE_CURVE ( 'NONE', #2722, #1681, #1759, .T. ) ;
#2997 = LINE ( 'NONE', #1253, #2071 ) ;
#2998 = VECTOR ( 'NONE', #4226, 1000.000000000000000 ) ;
#2999 = VERTEX_POINT ( 'NONE', #2219 ) ;
#3000 = CARTESIAN_POINT ( 'NONE',  ( 3.190000000000001723, 3.600000000000000089, 1.920000000000000151 ) ) ;
#3001 = ORIENTED_EDGE ( 'NONE', *, *, #3965, .F. ) ;
#3002 = DIRECTION ( 'NONE',  ( -1.000000000000000000, 0.000000000000000000, 1.748713181428230588E-16 ) ) ;
#3003 = DIRECTION ( 'NONE',  ( -0.4226182617407043263, -0.000000000000000000, -0.9063077870366476052 ) ) ;
#3004 = FACE_OUTER_BOUND ( 'NONE', #5578, .T. ) ;
#3005 = CARTESIAN_POINT ( 'NONE',  ( -5.389999999999998792, 0.4700000000000008060, -3.649999999999999911 ) ) ;
#3006 = ORIENTED_EDGE ( 'NONE', *, *, #1569, .T. ) ;
#3007 = CIRCLE ( 'NONE', #5054, 0.2499999999999995837 ) ;
#3008 = PLANE ( 'NONE',  #5417 ) ;
#3009 = CARTESIAN_POINT ( 'NONE',  ( 0.6500000000000021316, 1.459999999999999964, 1.920000000000000151 ) ) ;
#3010 = DIRECTION ( 'NONE',  ( -1.000000000000000000, 0.000000000000000000, 1.748713181428231081E-16 ) ) ;
#3011 = CARTESIAN_POINT ( 'NONE',  ( -4.769999999999997797, 1.459999999999999964, 0.9600000000000005196 ) ) ;
#3012 = VERTEX_POINT ( 'NONE', #2134 ) ;
#3013 = ORIENTED_EDGE ( 'NONE', *, *, #4948, .T. ) ;
#3014 = ADVANCED_FACE ( 'NONE', ( #2972 ), #4312, .T. ) ;
#3015 = EDGE_CURVE ( 'NONE', #4524, #5148, #3057, .T. ) ;
#3016 = CARTESIAN_POINT ( 'NONE',  ( 5.390000000000000568, 3.600000000000000089, -0.9599999999999999645 ) ) ;
#3017 = DIRECTION ( 'NONE',  ( -1.000000000000000000, 0.000000000000000000, -0.000000000000000000 ) ) ;
#3018 = DIRECTION ( 'NONE',  ( 1.000000000000000000, 0.000000000000000000, 0.000000000000000000 ) ) ;
#3019 = ORIENTED_EDGE ( 'NONE', *, *, #334, .T. ) ;
#3020 = DIRECTION ( 'NONE',  ( 0.000000000000000000, 1.000000000000000000, 0.000000000000000000 ) ) ;
#3021 = EDGE_LOOP ( 'NONE', ( #92, #3579, #3208, #2321 ) ) ;
#3022 = VECTOR ( 'NONE', #4664, 999.9999999999998863 ) ;
#3023 = ADVANCED_FACE ( 'NONE', ( #1197 ), #2632, .F. ) ;
#3024 = FACE_BOUND ( 'NONE', #4812, .T. ) ;
#3025 = FACE_OUTER_BOUND ( 'NONE', #5376, .T. ) ;
#3026 = ORIENTED_EDGE ( 'NONE', *, *, #4920, .F. ) ;
#3027 = LINE ( 'NONE', #5178, #1782 ) ;
#3028 = DIRECTION ( 'NONE',  ( -1.000000000000000000, 0.000000000000000000, 1.024442997624098707E-16 ) ) ;
#3029 = DIRECTION ( 'NONE',  ( -0.000000000000000000, 1.000000000000000000, -0.000000000000000000 ) ) ;
#3030 = EDGE_CURVE ( 'NONE', #5216, #530, #4865, .T. ) ;
#3031 = CARTESIAN_POINT ( 'NONE',  ( 0.000000000000000000, 3.600000000000000089, 0.000000000000000000 ) ) ;
#3032 = CARTESIAN_POINT ( 'NONE',  ( -0.6499999999999986899, 1.259999999999999787, -2.169999999999998597 ) ) ;
#3033 = VERTEX_POINT ( 'NONE', #5184 ) ;
#3034 = DIRECTION ( 'NONE',  ( 1.000000000000000000, -0.000000000000000000, -1.365923996832131609E-16 ) ) ;
#3035 = CARTESIAN_POINT ( 'NONE',  ( -2.229999999999998206, 3.600000000000000089, 1.580000000000000293 ) ) ;
#3036 = CARTESIAN_POINT ( 'NONE',  ( -3.767242395349395867, 1.459999999999999964, 1.756693979077629031 ) ) ;
#3037 = CARTESIAN_POINT ( 'NONE',  ( 6.350000000000000533, 3.600000000000000089, -1.915000000000000924 ) ) ;
#3038 = EDGE_LOOP ( 'NONE', ( #5713, #2437, #3597, #4896 ) ) ;
#3039 = ORIENTED_EDGE ( 'NONE', *, *, #3048, .T. ) ;
#3040 = CARTESIAN_POINT ( 'NONE',  ( 0.000000000000000000, 1.459999999999999964, -1.765000000000002789 ) ) ;
#3041 = ADVANCED_FACE ( 'NONE', ( #5657 ), #4400, .F. ) ;
#3042 = DIRECTION ( 'NONE',  ( -0.000000000000000000, 1.000000000000000000, -0.000000000000000000 ) ) ;
#3043 = ITEM_DEFINED_TRANSFORMATION ( 'NONE', 'NONE', #1225,  #2384 ) ;
#3044 = ORIENTED_EDGE ( 'NONE', *, *, #3410, .F. ) ;
#3045 = CARTESIAN_POINT ( 'NONE',  ( -5.729999999999998650, 1.259999999999999787, -1.919999999999999263 ) ) ;
#3046 = EDGE_LOOP ( 'NONE', ( #2016, #350, #1810, #3823 ) ) ;
#3047 = CYLINDRICAL_SURFACE ( 'NONE', #2994, 0.2499999999999995837 ) ;
#3048 = EDGE_CURVE ( 'NONE', #1669, #566, #2655, .T. ) ;
#3049 = DIRECTION ( 'NONE',  ( -0.4226182617407043263, -0.000000000000000000, -0.9063077870366476052 ) ) ;
#3050 = LINE ( 'NONE', #5147, #3723 ) ;
#3051 = ORIENTED_EDGE ( 'NONE', *, *, #5432, .T. ) ;
#3052 = DIRECTION ( 'NONE',  ( 0.000000000000000000, 1.000000000000000000, 0.000000000000000000 ) ) ;
#3053 = CARTESIAN_POINT ( 'NONE',  ( -2.229999999999998206, 1.459999999999999964, 1.580000000000000293 ) ) ;
#3054 = CARTESIAN_POINT ( 'NONE',  ( 6.116846170922497272, 1.459999999999999964, 2.414999999999999591 ) ) ;
#3055 = VECTOR ( 'NONE', #3297, 1000.000000000000000 ) ;
#3056 = DIRECTION ( 'NONE',  ( 1.000000000000000000, 0.000000000000000000, 0.000000000000000000 ) ) ;
#3057 = LINE ( 'NONE', #316, #3899 ) ;
#3058 = ORIENTED_EDGE ( 'NONE', *, *, #1453, .F. ) ;
#3059 = ADVANCED_FACE ( 'NONE', ( #1707 ), #4424, .F. ) ;
#3060 = VECTOR ( 'NONE', #2243, 1000.000000000000000 ) ;
#3061 = CARTESIAN_POINT ( 'NONE',  ( -0.6499999999999986899, 1.459999999999999964, -1.919999999999999263 ) ) ;
#3062 = CARTESIAN_POINT ( 'NONE',  ( -5.090240330292443716, 10.11146131086649191, -1.280240330292444106 ) ) ;
#3063 = DIRECTION ( 'NONE',  ( 0.000000000000000000, 1.000000000000000000, 0.000000000000000000 ) ) ;
#3064 = EDGE_CURVE ( 'NONE', #1086, #1774, #432, .T. ) ;
#3065 = CIRCLE ( 'NONE', #2969, 0.2499999999999995837 ) ;
#3066 = DIRECTION ( 'NONE',  ( 0.000000000000000000, 0.000000000000000000, -1.000000000000000000 ) ) ;
#3067 = ORIENTED_EDGE ( 'NONE', *, *, #867, .F. ) ;
#3068 = ORIENTED_EDGE ( 'NONE', *, *, #3657, .F. ) ;
#3069 = DIRECTION ( 'NONE',  ( 0.000000000000000000, 1.000000000000000000, 0.000000000000000000 ) ) ;
#3070 = AXIS2_PLACEMENT_3D ( 'NONE', #2195, #2338, #991 ) ;
#3071 = VECTOR ( 'NONE', #2115, 1000.000000000000000 ) ;
#3072 = CARTESIAN_POINT ( 'NONE',  ( -2.229999999999999094, 1.459999999999999964, -0.9599999999999999645 ) ) ;
#3073 = ORIENTED_EDGE ( 'NONE', *, *, #2589, .T. ) ;
#3074 = CARTESIAN_POINT ( 'NONE',  ( -3.189999999999998614, 1.259999999999999787, -1.919999999999999263 ) ) ;
#3075 = ORIENTED_EDGE ( 'NONE', *, *, #5652, .F. ) ;
#3076 = ADVANCED_FACE ( 'NONE', ( #3498 ), #5274, .F. ) ;
#3077 = ORIENTED_EDGE ( 'NONE', *, *, #4448, .F. ) ;
#3078 = AXIS2_PLACEMENT_3D ( 'NONE', #2825, #701, #255 ) ;
#3079 = DIRECTION ( 'NONE',  ( -0.4226182617407043263, 0.000000000000000000, -0.9063077870366476052 ) ) ;
#3080 = AXIS2_PLACEMENT_3D ( 'NONE', #5617, #802, #2898 ) ;
#3081 = DIRECTION ( 'NONE',  ( 1.000000000000000000, -0.000000000000000000, -3.497426362856461177E-16 ) ) ;
#3082 = LINE ( 'NONE', #1838, #4563 ) ;
#3083 = VERTEX_POINT ( 'NONE', #3032 ) ;
#3084 = AXIS2_PLACEMENT_3D ( 'NONE', #3866, #5244, #3952 ) ;
#3085 = EDGE_CURVE ( 'NONE', #2897, #2354, #4810, .T. ) ;
#3086 = CARTESIAN_POINT ( 'NONE',  ( 4.430000000000001492, 1.259999999999999787, -1.919999999999999263 ) ) ;
#3087 = DIRECTION ( 'NONE',  ( 0.9063077870366476052, 0.000000000000000000, 0.4226182617407046038 ) ) ;
#3088 = VECTOR ( 'NONE', #2670, 1000.000000000000114 ) ;
#3089 = CARTESIAN_POINT ( 'NONE',  ( 1.890000000000001013, 1.259999999999999787, -1.919999999999999263 ) ) ;
#3090 = DIRECTION ( 'NONE',  ( 1.000000000000000000, -0.000000000000000000, -3.497426362856461177E-16 ) ) ;
#3091 = VERTEX_POINT ( 'NONE', #3437 ) ;
#3092 = AXIS2_PLACEMENT_3D ( 'NONE', #1030, #4985, #4579 ) ;
#3093 = EDGE_CURVE ( 'NONE', #4431, #1793, #5632, .T. ) ;
#3094 = CARTESIAN_POINT ( 'NONE',  ( -0.9202692563837445716, 1.459999999999999964, 2.415000000000001368 ) ) ;
#3095 = LINE ( 'NONE', #346, #4923 ) ;
#3096 = CARTESIAN_POINT ( 'NONE',  ( -4.769999999999998685, 1.459999999999999964, -1.579999999999999627 ) ) ;
#3097 = ORIENTED_EDGE ( 'NONE', *, *, #3281, .T. ) ;
#3098 = VERTEX_POINT ( 'NONE', #794 ) ;
#3099 = FACE_OUTER_BOUND ( 'NONE', #2807, .T. ) ;
#3100 = EDGE_CURVE ( 'NONE', #5528, #1667, #2573, .T. ) ;
#3101 = DIRECTION ( 'NONE',  ( -3.497426362856462163E-16, 0.000000000000000000, -1.000000000000000000 ) ) ;
#3102 = ORIENTED_EDGE ( 'NONE', *, *, #4445, .F. ) ;
#3103 = CIRCLE ( 'NONE', #4590, 0.2499999999999995837 ) ;
#3104 = DIRECTION ( 'NONE',  ( -0.000000000000000000, -0.000000000000000000, 1.000000000000000000 ) ) ;
#3105 = EDGE_CURVE ( 'NONE', #2205, #4521, #4090, .T. ) ;
#3106 = ORIENTED_EDGE ( 'NONE', *, *, #896, .T. ) ;
#3107 = ORIENTED_EDGE ( 'NONE', *, *, #2760, .F. ) ;
#3108 = EDGE_LOOP ( 'NONE', ( #860, #1038 ) ) ;
#3109 = CARTESIAN_POINT ( 'NONE',  ( 6.349999999999999645, 3.600000000000000089, 2.414999999999999591 ) ) ;
#3110 = CARTESIAN_POINT ( 'NONE',  ( 5.390000000000002345, 1.459999999999999964, 0.9600000000000005196 ) ) ;
#3111 = CARTESIAN_POINT ( 'NONE',  ( 2.230000000000000426, 3.600000000000000089, 0.9600000000000006306 ) ) ;
#3112 = ORIENTED_EDGE ( 'NONE', *, *, #5291, .F. ) ;
#3113 = CARTESIAN_POINT ( 'NONE',  ( -4.159730743616253612, 1.259999999999999787, 2.415000000000001368 ) ) ;
#3114 = ADVANCED_FACE ( 'NONE', ( #4835 ), #5745, .F. ) ;
#3115 = ADVANCED_FACE ( 'NONE', ( #112 ), #4451, .F. ) ;
#3116 = CARTESIAN_POINT ( 'NONE',  ( -1.223369234184497945, 1.259999999999999787, 1.765000000000001457 ) ) ;
#3117 = EDGE_CURVE ( 'NONE', #5207, #121, #965, .T. ) ;
#3118 = CARTESIAN_POINT ( 'NONE',  ( -4.769999999999997797, 1.459999999999999964, 1.580000000000000293 ) ) ;
#3119 = ORIENTED_EDGE ( 'NONE', *, *, #3085, .T. ) ;
#3120 = PRESENTATION_LAYER_ASSIGNMENT (  '', '', ( #321 ) ) ;
#3121 = DIRECTION ( 'NONE',  ( -0.4226182617407043263, -0.000000000000000000, -0.9063077870366476052 ) ) ;
#3122 = LINE ( 'NONE', #465, #5097 ) ;
#3123 = EDGE_CURVE ( 'NONE', #3573, #2371, #5773, .T. ) ;
#3124 = CARTESIAN_POINT ( 'NONE',  ( -4.769999999999997797, 9.700000000000001066, -1.580000000000000293 ) ) ;
#3125 = LINE ( 'NONE', #943, #1395 ) ;
#3126 = ORIENTED_EDGE ( 'NONE', *, *, #1860, .T. ) ;
#3127 = ORIENTED_EDGE ( 'NONE', *, *, #2989, .T. ) ;
#3128 = FACE_OUTER_BOUND ( 'NONE', #4718, .T. ) ;
#3129 = CARTESIAN_POINT ( 'NONE',  ( 3.190000000000001723, 1.259999999999999787, 1.670000000000000373 ) ) ;
#3130 = ORIENTED_EDGE ( 'NONE', *, *, #1794, .T. ) ;
#3131 = CARTESIAN_POINT ( 'NONE',  ( -5.389999999999998792, 1.120000000000000773, 2.080000000000000071 ) ) ;
#3132 = VERTEX_POINT ( 'NONE', #1904 ) ;
#3133 = ORIENTED_EDGE ( 'NONE', *, *, #418, .T. ) ;
#3134 = EDGE_LOOP ( 'NONE', ( #2981, #2276 ) ) ;
#3135 = ADVANCED_FACE ( 'NONE', ( #1818 ), #1843, .F. ) ;
#3136 = DIRECTION ( 'NONE',  ( 0.000000000000000000, 0.000000000000000000, 1.000000000000000000 ) ) ;
#3137 = LINE ( 'NONE', #2508, #3987 ) ;
#3138 = PLANE ( 'NONE',  #3355 ) ;
#3139 = ADVANCED_FACE ( 'NONE', ( #4046 ), #3583, .T. ) ;
#3140 = VERTEX_POINT ( 'NONE', #5448 ) ;
#3141 = CARTESIAN_POINT ( 'NONE',  ( -4.769999999999997797, 9.287878387081802245, 0.9600000000000005196 ) ) ;
#3142 = CARTESIAN_POINT ( 'NONE',  ( -2.229999999999999094, 1.459999999999999964, -1.579999999999999627 ) ) ;
#3143 = CARTESIAN_POINT ( 'NONE',  ( -4.769999999999997797, 9.700000000000001066, 0.9600000000000005196 ) ) ;
#3144 = VERTEX_POINT ( 'NONE', #3175 ) ;
#3145 = VECTOR ( 'NONE', #4074, 1000.000000000000000 ) ;
#3146 = CARTESIAN_POINT ( 'NONE',  ( -6.116846170922498160, 3.600000000000000089, -2.415000000000000480 ) ) ;
#3147 = CARTESIAN_POINT ( 'NONE',  ( 0.000000000000000000, 9.700000000000001066, 0.000000000000000000 ) ) ;
#3148 = DIRECTION ( 'NONE',  ( 1.000000000000000000, 0.000000000000000000, -0.000000000000000000 ) ) ;
#3149 = EDGE_LOOP ( 'NONE', ( #5106, #5404, #3766, #5727 ) ) ;
#3150 = VERTEX_POINT ( 'NONE', #584 ) ;
#3151 = VECTOR ( 'NONE', #3081, 1000.000000000000000 ) ;
#3152 = PLANE ( 'NONE',  #5213 ) ;
#3153 = DIRECTION ( 'NONE',  ( 0.000000000000000000, 0.000000000000000000, 1.000000000000000000 ) ) ;
#3154 = ORIENTED_EDGE ( 'NONE', *, *, #1306, .T. ) ;
#3155 = VECTOR ( 'NONE', #4057, 1000.000000000000000 ) ;
#3156 = DIRECTION ( 'NONE',  ( -0.4226182617407043263, 0.000000000000000000, 0.9063077870366476052 ) ) ;
#3157 = VERTEX_POINT ( 'NONE', #24 ) ;
#3158 = ORIENTED_EDGE ( 'NONE', *, *, #4969, .T. ) ;
#3159 = ORIENTED_EDGE ( 'NONE', *, *, #409, .T. ) ;
#3160 = VECTOR ( 'NONE', #2945, 1000.000000000000000 ) ;
#3161 = EDGE_CURVE ( 'NONE', #2988, #4151, #490, .T. ) ;
#3162 = CARTESIAN_POINT ( 'NONE',  ( -5.729999999999998650, 3.799999999999999822, -1.919999999999999263 ) ) ;
#3163 = FACE_OUTER_BOUND ( 'NONE', #2964, .T. ) ;
#3164 = CIRCLE ( 'NONE', #180, 0.2499999999999995837 ) ;
#3165 = VECTOR ( 'NONE', #4423, 1000.000000000000000 ) ;
#3166 = CARTESIAN_POINT ( 'NONE',  ( 1.223369234184499277, 1.259999999999999787, -1.765000000000002789 ) ) ;
#3167 = ADVANCED_FACE ( 'NONE', ( #4508 ), #1018, .T. ) ;
#3168 = ORIENTED_EDGE ( 'NONE', *, *, #926, .F. ) ;
#3169 = VECTOR ( 'NONE', #711, 1000.000000000000000 ) ;
#3170 = VECTOR ( 'NONE', #412, 1000.000000000000000 ) ;
#3171 = CARTESIAN_POINT ( 'NONE',  ( 0.6500000000000021316, 1.259999999999999787, 1.920000000000000151 ) ) ;
#3172 = ADVANCED_FACE ( 'NONE', ( #3641 ), #1431, .F. ) ;
#3173 = CARTESIAN_POINT ( 'NONE',  ( 6.350000000000000533, 1.459999999999999964, -1.915000000000000924 ) ) ;
#3174 = AXIS2_PLACEMENT_3D ( 'NONE', #628, #1047, #1481 ) ;
#3175 = CARTESIAN_POINT ( 'NONE',  ( 5.390000000000000568, 1.459999999999999964, -0.9599999999999999645 ) ) ;
#3176 = ORIENTED_EDGE ( 'NONE', *, *, #1832, .F. ) ;
#3177 = AXIS2_PLACEMENT_3D ( 'NONE', #3460, #718, #2995 ) ;
#3178 = SURFACE_STYLE_FILL_AREA ( #1434 ) ;
#3179 = DIRECTION ( 'NONE',  ( -0.3236155771181827845, 0.8891264907159894815, 0.3236155771181832841 ) ) ;
#3180 = CARTESIAN_POINT ( 'NONE',  ( 0.9202692563837454598, 3.600000000000000089, -2.415000000000002256 ) ) ;
#3181 = FACE_OUTER_BOUND ( 'NONE', #470, .T. ) ;
#3182 = ORIENTED_EDGE ( 'NONE', *, *, #1486, .T. ) ;
#3183 = VECTOR ( 'NONE', #1238, 1000.000000000000000 ) ;
#3184 = ORIENTED_EDGE ( 'NONE', *, *, #1355, .F. ) ;
#3185 = PLANE ( 'NONE',  #2523 ) ;
#3186 = FACE_OUTER_BOUND ( 'NONE', #1596, .T. ) ;
#3187 = ORIENTED_EDGE ( 'NONE', *, *, #4614, .T. ) ;
#3188 = CARTESIAN_POINT ( 'NONE',  ( 6.349999999999999645, 3.600000000000000089, 1.915000000000001368 ) ) ;
#3189 = EDGE_CURVE ( 'NONE', #738, #3012, #5355, .T. ) ;
#3190 = EDGE_LOOP ( 'NONE', ( #475, #3524 ) ) ;
#3191 = ORIENTED_EDGE ( 'NONE', *, *, #2561, .F. ) ;
#3192 = ORIENTED_EDGE ( 'NONE', *, *, #2209, .T. ) ;
#3193 = LINE ( 'NONE', #5762, #2443 ) ;
#3194 = APPLICATION_CONTEXT ( 'automotive_design' ) ;
#3195 = DIRECTION ( 'NONE',  ( -1.000000000000000000, -0.000000000000000000, -0.000000000000000000 ) ) ;
#3196 = CARTESIAN_POINT ( 'NONE',  ( 6.349999999999999645, 3.600000000000000089, -2.415000000000000480 ) ) ;
#3197 = DIRECTION ( 'NONE',  ( 1.000000000000000000, 0.000000000000000000, 1.748713181428231081E-16 ) ) ;
#3198 = ORIENTED_EDGE ( 'NONE', *, *, #230, .F. ) ;
#3199 = CARTESIAN_POINT ( 'NONE',  ( 1.890000000000001013, 3.799999999999999822, -1.919999999999999263 ) ) ;
#3200 = CARTESIAN_POINT ( 'NONE',  ( -5.729999999999998650, 1.459999999999999964, -2.169999999999998597 ) ) ;
#3201 = DIRECTION ( 'NONE',  ( 1.000000000000000000, 0.000000000000000000, -1.748713181428231081E-16 ) ) ;
#3202 = ORIENTED_EDGE ( 'NONE', *, *, #1258, .T. ) ;
#3203 = ADVANCED_FACE ( 'NONE', ( #5001 ), #934, .F. ) ;
#3204 = CARTESIAN_POINT ( 'NONE',  ( -2.849999999999999645, 1.459999999999999964, -1.579999999999999405 ) ) ;
#3205 = CARTESIAN_POINT ( 'NONE',  ( 1.316630765815502313, 1.259999999999999787, 1.765000000000001457 ) ) ;
#3206 = FACE_OUTER_BOUND ( 'NONE', #5044, .T. ) ;
#3207 = DIRECTION ( 'NONE',  ( 0.000000000000000000, -1.000000000000000000, 0.000000000000000000 ) ) ;
#3208 = ORIENTED_EDGE ( 'NONE', *, *, #5652, .T. ) ;
#3209 = FACE_BOUND ( 'NONE', #4703, .T. ) ;
#3210 = DIRECTION ( 'NONE',  ( 0.9396926207859084279, 0.000000000000000000, 0.3420201433256686574 ) ) ;
#3211 = ORIENTED_EDGE ( 'NONE', *, *, #4624, .T. ) ;
#3212 = DIRECTION ( 'NONE',  ( 0.000000000000000000, 1.000000000000000000, 0.000000000000000000 ) ) ;
#3213 = ORIENTED_EDGE ( 'NONE', *, *, #3237, .F. ) ;
#3214 = ORIENTED_EDGE ( 'NONE', *, *, #5236, .T. ) ;
#3215 = EDGE_CURVE ( 'NONE', #2521, #3150, #4975, .T. ) ;
#3216 = EDGE_LOOP ( 'NONE', ( #4787, #5288, #2349, #3168 ) ) ;
#3217 = DIRECTION ( 'NONE',  ( 0.000000000000000000, 1.000000000000000000, 0.000000000000000000 ) ) ;
#3218 = DIRECTION ( 'NONE',  ( -0.000000000000000000, 0.000000000000000000, 1.000000000000000000 ) ) ;
#3219 = LINE ( 'NONE', #5771, #5438 ) ;
#3220 = EDGE_CURVE ( 'NONE', #1669, #627, #2712, .T. ) ;
#3221 = CARTESIAN_POINT ( 'NONE',  ( 1.890000000000001013, 1.259999999999999787, -1.669999999999999707 ) ) ;
#3222 = VERTEX_POINT ( 'NONE', #3226 ) ;
#3223 = LINE ( 'NONE', #543, #4566 ) ;
#3224 = EDGE_CURVE ( 'NONE', #2609, #325, #4484, .T. ) ;
#3225 = CYLINDRICAL_SURFACE ( 'NONE', #5209, 0.2499999999999995837 ) ;
#3226 = CARTESIAN_POINT ( 'NONE',  ( -0.6499999999999986899, 3.600000000000000089, -2.169999999999998597 ) ) ;
#3227 = VERTEX_POINT ( 'NONE', #3560 ) ;
#3228 = ADVANCED_FACE ( 'NONE', ( #5332 ), #1345, .F. ) ;
#3229 = DIRECTION ( 'NONE',  ( -0.000000000000000000, 1.000000000000000000, -0.000000000000000000 ) ) ;
#3230 = DIRECTION ( 'NONE',  ( 0.000000000000000000, 1.000000000000000000, 0.000000000000000000 ) ) ;
#3231 = CARTESIAN_POINT ( 'NONE',  ( -4.159730743616254500, 1.459999999999999964, -2.415000000000002256 ) ) ;
#3232 = DIRECTION ( 'NONE',  ( 0.000000000000000000, 1.000000000000000000, 0.000000000000000000 ) ) ;
#3233 = ORIENTED_EDGE ( 'NONE', *, *, #1743, .T. ) ;
#3234 = AXIS2_PLACEMENT_3D ( 'NONE', #3009, #2603, #4815 ) ;
#3235 = LINE ( 'NONE', #2316, #1785 ) ;
#3236 = FACE_OUTER_BOUND ( 'NONE', #595, .T. ) ;
#3237 = EDGE_CURVE ( 'NONE', #2931, #5089, #2244, .T. ) ;
#3238 = VERTEX_POINT ( 'NONE', #4693 ) ;
#3239 = CARTESIAN_POINT ( 'NONE',  ( 0.9202692563837463480, 3.600000000000000089, 2.415000000000001368 ) ) ;
#3240 = VECTOR ( 'NONE', #5523, 1000.000000000000000 ) ;
#3241 = ORIENTED_EDGE ( 'NONE', *, *, #3410, .T. ) ;
#3242 = VERTEX_POINT ( 'NONE', #696 ) ;
#3243 = UNCERTAINTY_MEASURE_WITH_UNIT (LENGTH_MEASURE( 1.000000000000000082E-05 ), #4404, 'distance_accuracy_value', 'NONE');
#3244 = VERTEX_POINT ( 'NONE', #5513 ) ;
#3245 = LINE ( 'NONE', #5051, #651 ) ;
#3246 = VECTOR ( 'NONE', #700, 999.9999999999998863 ) ;
#3247 = DIRECTION ( 'NONE',  ( 0.000000000000000000, 0.000000000000000000, 1.000000000000000000 ) ) ;
#3248 = DIRECTION ( 'NONE',  ( -0.9063077870366472721, 0.000000000000000000, 0.4226182617407052144 ) ) ;
#3249 = AXIS2_PLACEMENT_3D ( 'NONE', #638, #2051, #2915 ) ;
#3250 = ORIENTED_EDGE ( 'NONE', *, *, #3123, .F. ) ;
#3251 = AXIS2_PLACEMENT_3D ( 'NONE', #2271, #5431, #1941 ) ;
#3252 = CARTESIAN_POINT ( 'NONE',  ( -2.229999999999998206, 1.459999999999999964, 1.580000000000000293 ) ) ;
#3253 = AXIS2_PLACEMENT_3D ( 'NONE', #4152, #4719, #160 ) ;
#3254 =( GEOMETRIC_REPRESENTATION_CONTEXT ( 3 ) GLOBAL_UNCERTAINTY_ASSIGNED_CONTEXT ( ( #3243 ) ) GLOBAL_UNIT_ASSIGNED_CONTEXT ( ( #4404, #53, #4538 ) ) REPRESENTATION_CONTEXT ( 'NONE', 'WORKASPACE' ) );
#3255 = FACE_OUTER_BOUND ( 'NONE', #1120, .T. ) ;
#3256 = ADVANCED_FACE ( 'NONE', ( #2821 ), #1049, .F. ) ;
#3257 = FACE_OUTER_BOUND ( 'NONE', #2030, .T. ) ;
#3258 = VECTOR ( 'NONE', #2120, 1000.000000000000000 ) ;
#3259 = ORIENTED_EDGE ( 'NONE', *, *, #2038, .T. ) ;
#3260 = CIRCLE ( 'NONE', #2978, 0.2499999999999995837 ) ;
#3261 = LINE ( 'NONE', #3204, #1995 ) ;
#3262 = STYLED_ITEM ( 'NONE', ( #3367 ), #5016 ) ;
#3263 = AXIS2_PLACEMENT_3D ( 'NONE', #692, #4690, #223 ) ;
#3264 = LINE ( 'NONE', #1993, #1772 ) ;
#3265 = VECTOR ( 'NONE', #210, 1000.000000000000000 ) ;
#3266 = DIRECTION ( 'NONE',  ( 0.000000000000000000, 1.000000000000000000, 0.000000000000000000 ) ) ;
#3267 = CARTESIAN_POINT ( 'NONE',  ( -5.389999999999998792, 9.700000000000001066, 0.9600000000000006306 ) ) ;
#3268 = ORIENTED_EDGE ( 'NONE', *, *, #1726, .F. ) ;
#3269 = FACE_OUTER_BOUND ( 'NONE', #1574, .T. ) ;
#3270 = CARTESIAN_POINT ( 'NONE',  ( -3.856630765815500794, 1.259999999999999787, 1.765000000000001457 ) ) ;
#3271 = LINE ( 'NONE', #4199, #4535 ) ;
#3272 = LINE ( 'NONE', #617, #175 ) ;
#3273 = VECTOR ( 'NONE', #4762, 1000.000000000000000 ) ;
#3274 = ORIENTED_EDGE ( 'NONE', *, *, #3787, .F. ) ;
#3275 = VERTEX_POINT ( 'NONE', #4216 ) ;
#3276 = ORIENTED_EDGE ( 'NONE', *, *, #1419, .F. ) ;
#3277 = ADVANCED_FACE ( 'NONE', ( #4600 ), #2478, .F. ) ;
#3278 = DIRECTION ( 'NONE',  ( 0.000000000000000000, 0.000000000000000000, 1.000000000000000000 ) ) ;
#3279 = CARTESIAN_POINT ( 'NONE',  ( -5.389999999999998792, 0.000000000000000000, -3.237878387081806864 ) ) ;
#3280 = PRESENTATION_STYLE_ASSIGNMENT (( #151 ) ) ;
#3281 = EDGE_CURVE ( 'NONE', #3012, #4066, #2847, .T. ) ;
#3282 = ORIENTED_EDGE ( 'NONE', *, *, #5233, .T. ) ;
#3283 = CARTESIAN_POINT ( 'NONE',  ( -2.229999999999999094, 1.459999999999999964, -1.579999999999999627 ) ) ;
#3284 = EDGE_LOOP ( 'NONE', ( #3077, #1968 ) ) ;
#3285 = DIRECTION ( 'NONE',  ( 0.000000000000000000, 1.000000000000000000, 0.000000000000000000 ) ) ;
#3286 = CARTESIAN_POINT ( 'NONE',  ( 1.941071631385337279E-16, 9.700000000000001066, -1.110000000000000542 ) ) ;
#3287 = ORIENTED_EDGE ( 'NONE', *, *, #3485, .F. ) ;
#3288 = CARTESIAN_POINT ( 'NONE',  ( 4.430000000000001492, 1.459999999999999964, -2.169999999999998597 ) ) ;
#3289 = ORIENTED_EDGE ( 'NONE', *, *, #209, .T. ) ;
#3290 = EDGE_CURVE ( 'NONE', #3774, #2205, #5034, .T. ) ;
#3291 = SURFACE_STYLE_USAGE ( .BOTH. , #968 ) ;
#3292 = FACE_OUTER_BOUND ( 'NONE', #3046, .T. ) ;
#3293 = DIRECTION ( 'NONE',  ( 0.000000000000000000, -1.000000000000000000, 0.000000000000000000 ) ) ;
#3294 = FACE_OUTER_BOUND ( 'NONE', #633, .T. ) ;
#3295 = ORIENTED_EDGE ( 'NONE', *, *, #2275, .T. ) ;
#3296 = CARTESIAN_POINT ( 'NONE',  ( -6.350000000000000533, 1.459999999999999964, -1.915000000000000924 ) ) ;
#3297 = DIRECTION ( 'NONE',  ( -0.3236155771181827845, -0.8891264907159894815, 0.3236155771181835061 ) ) ;
#3298 = ADVANCED_FACE ( 'NONE', ( #2044 ), #1928, .T. ) ;
#3299 = CARTESIAN_POINT ( 'NONE',  ( 4.770000000000001350, 3.600000000000000089, 1.580000000000000515 ) ) ;
#3300 = DIRECTION ( 'NONE',  ( 0.000000000000000000, 0.000000000000000000, 1.000000000000000000 ) ) ;
#3301 = ORIENTED_EDGE ( 'NONE', *, *, #3550, .T. ) ;
#3302 = ORIENTED_EDGE ( 'NONE', *, *, #2038, .F. ) ;
#3303 = ORIENTED_EDGE ( 'NONE', *, *, #683, .T. ) ;
#3304 =( NAMED_UNIT ( * ) SI_UNIT ( $, .STERADIAN. ) SOLID_ANGLE_UNIT ( ) );
#3305 = CARTESIAN_POINT ( 'NONE',  ( -5.239999999999999325, 0.000000000000000000, -3.649999999999999911 ) ) ;
#3306 = VERTEX_POINT ( 'NONE', #1615 ) ;
#3307 = ADVANCED_FACE ( 'NONE', ( #2419 ), #3751, .F. ) ;
#3308 = CARTESIAN_POINT ( 'NONE',  ( -4.429999999999997939, 3.600000000000000089, 2.169999999999999485 ) ) ;
#3309 = ORIENTED_EDGE ( 'NONE', *, *, #3585, .T. ) ;
#3310 = PLANE ( 'NONE',  #757 ) ;
#3311 = ADVANCED_FACE ( 'NONE', ( #5597 ), #3689, .F. ) ;
#3312 = DIRECTION ( 'NONE',  ( -1.000000000000000000, 0.000000000000000000, -0.000000000000000000 ) ) ;
#3313 = VERTEX_POINT ( 'NONE', #3288 ) ;
#3314 = PLANE ( 'NONE',  #1312 ) ;
#3315 = VERTEX_POINT ( 'NONE', #5063 ) ;
#3316 = DIRECTION ( 'NONE',  ( -0.000000000000000000, 1.000000000000000000, -0.000000000000000000 ) ) ;
#3317 = DIRECTION ( 'NONE',  ( 0.000000000000000000, -0.000000000000000000, 1.000000000000000000 ) ) ;
#3318 = CARTESIAN_POINT ( 'NONE',  ( 3.460269256383746050, 1.259999999999999787, 2.415000000000001368 ) ) ;
#3319 = CARTESIAN_POINT ( 'NONE',  ( -4.769999999999997797, 9.287878387081802245, -0.9600000000000005196 ) ) ;
#3320 = ORIENTED_EDGE ( 'NONE', *, *, #22, .F. ) ;
#3321 = CARTESIAN_POINT ( 'NONE',  ( 5.730000000000002203, 3.799999999999999822, 1.920000000000000151 ) ) ;
#3322 = FACE_OUTER_BOUND ( 'NONE', #2591, .T. ) ;
#3323 = CARTESIAN_POINT ( 'NONE',  ( 4.769999999999999574, 1.459999999999999964, -1.579999999999999405 ) ) ;
#3324 = CARTESIAN_POINT ( 'NONE',  ( -5.389999999999999680, 1.459999999999999964, -0.9599999999999997424 ) ) ;
#3325 = EDGE_LOOP ( 'NONE', ( #2713, #3571, #4740, #2220 ) ) ;
#3326 = VERTEX_POINT ( 'NONE', #1166 ) ;
#3327 = EDGE_CURVE ( 'NONE', #1826, #3786, #1077, .T. ) ;
#3328 = VERTEX_POINT ( 'NONE', #3341 ) ;
#3329 = CARTESIAN_POINT ( 'NONE',  ( -4.769999999999997797, 1.120000000000000773, 2.079999999999999627 ) ) ;
#3330 = CARTESIAN_POINT ( 'NONE',  ( -5.389999999999998792, 3.600000000000000089, -1.580000000000000515 ) ) ;
#3331 =( NAMED_UNIT ( * ) PLANE_ANGLE_UNIT ( ) SI_UNIT ( $, .RADIAN. ) );
#3332 = ORIENTED_EDGE ( 'NONE', *, *, #5264, .F. ) ;
#3333 = CARTESIAN_POINT ( 'NONE',  ( 4.430000000000001492, 1.459999999999999964, -1.919999999999999263 ) ) ;
#3334 = VERTEX_POINT ( 'NONE', #1991 ) ;
#3335 = AXIS2_PLACEMENT_3D ( 'NONE', #940, #4049, #2717 ) ;
#3336 = DIRECTION ( 'NONE',  ( 0.000000000000000000, 1.000000000000000000, 0.000000000000000000 ) ) ;
#3337 = ADVANCED_FACE ( 'NONE', ( #4627 ), #2909, .T. ) ;
#3338 = AXIS2_PLACEMENT_3D ( 'NONE', #5706, #445, #4001 ) ;
#3339 = DIRECTION ( 'NONE',  ( 0.000000000000000000, 0.000000000000000000, -1.000000000000000000 ) ) ;
#3340 = EDGE_LOOP ( 'NONE', ( #3846, #5254, #5055, #3674 ) ) ;
#3341 = CARTESIAN_POINT ( 'NONE',  ( 0.6500000000000021316, 1.459999999999999964, 1.670000000000000373 ) ) ;
#3342 = ORIENTED_EDGE ( 'NONE', *, *, #4129, .T. ) ;
#3343 = AXIS2_PLACEMENT_3D ( 'NONE', #1261, #3898, #3955 ) ;
#3344 = ADVANCED_FACE ( 'NONE', ( #632 ), #3314, .F. ) ;
#3345 = AXIS2_PLACEMENT_3D ( 'NONE', #2832, #1502, #3821 ) ;
#3346 = CYLINDRICAL_SURFACE ( 'NONE', #1251, 0.2499999999999995837 ) ;
#3347 = DIRECTION ( 'NONE',  ( -1.000000000000000000, 0.000000000000000000, 1.748713181428230588E-16 ) ) ;
#3348 = ADVANCED_FACE ( 'NONE', ( #3257 ), #134, .F. ) ;
#3349 = DIRECTION ( 'NONE',  ( -0.000000000000000000, 1.000000000000000000, -0.000000000000000000 ) ) ;
#3350 = VECTOR ( 'NONE', #4780, 1000.000000000000114 ) ;
#3351 = AXIS2_PLACEMENT_3D ( 'NONE', #5510, #224, #2369 ) ;
#3352 = CARTESIAN_POINT ( 'NONE',  ( -4.919999999999998153, 0.1499999999999999667, -3.649999999999999911 ) ) ;
#3353 = ORIENTED_EDGE ( 'NONE', *, *, #3281, .F. ) ;
#3354 = CIRCLE ( 'NONE', #5598, 0.2499999999999995837 ) ;
#3355 = AXIS2_PLACEMENT_3D ( 'NONE', #4908, #4528, #1390 ) ;
#3356 = LINE ( 'NONE', #1149, #669 ) ;
#3357 = LINE ( 'NONE', #345, #4351 ) ;
#3358 = CARTESIAN_POINT ( 'NONE',  ( -2.229999999999998206, 1.459999999999999964, 1.580000000000000293 ) ) ;
#3359 = CARTESIAN_POINT ( 'NONE',  ( 5.001319698884732550E-16, 9.700000000000001066, -1.429999999999997495 ) ) ;
#3360 = EDGE_LOOP ( 'NONE', ( #3778, #1286, #2491, #3668 ) ) ;
#3361 = AXIS2_PLACEMENT_3D ( 'NONE', #2389, #3285, #4149 ) ;
#3362 = EDGE_LOOP ( 'NONE', ( #2404, #4244, #4242, #4047 ) ) ;
#3363 = CARTESIAN_POINT ( 'NONE',  ( -4.429999999999997939, 3.799999999999999822, 2.169999999999999485 ) ) ;
#3364 = EDGE_CURVE ( 'NONE', #3083, #4034, #667, .T. ) ;
#3365 = CYLINDRICAL_SURFACE ( 'NONE', #3558, 0.2499999999999995837 ) ;
#3366 = AXIS2_PLACEMENT_3D ( 'NONE', #1246, #3017, #2583 ) ;
#3367 = PRESENTATION_STYLE_ASSIGNMENT (( #1513 ) ) ;
#3368 = VERTEX_POINT ( 'NONE', #2592 ) ;
#3369 = EDGE_CURVE ( 'NONE', #533, #5339, #4928, .T. ) ;
#3370 = DIRECTION ( 'NONE',  ( 0.000000000000000000, 0.000000000000000000, 1.000000000000000000 ) ) ;
#3371 = EDGE_CURVE ( 'NONE', #5323, #487, #338, .T. ) ;
#3372 = EDGE_LOOP ( 'NONE', ( #2072, #3793, #3303, #1538 ) ) ;
#3373 = FACE_BOUND ( 'NONE', #4674, .T. ) ;
#3374 = ADVANCED_FACE ( 'NONE', ( #5269 ), #787, .T. ) ;
#3375 = CARTESIAN_POINT ( 'NONE',  ( -5.389999999999998792, 3.600000000000000089, -0.9600000000000006306 ) ) ;
#3376 = ORIENTED_EDGE ( 'NONE', *, *, #3724, .F. ) ;
#3377 = DIRECTION ( 'NONE',  ( -1.365923996832131609E-16, 0.000000000000000000, -1.000000000000000000 ) ) ;
#3378 = EDGE_LOOP ( 'NONE', ( #2135, #2770 ) ) ;
#3379 = LINE ( 'NONE', #1168, #3721 ) ;
#3380 = LINE ( 'NONE', #1108, #5531 ) ;
#3381 = DIRECTION ( 'NONE',  ( -0.000000000000000000, 1.000000000000000000, -0.000000000000000000 ) ) ;
#3382 = DIRECTION ( 'NONE',  ( 0.000000000000000000, 0.000000000000000000, 1.000000000000000000 ) ) ;
#3383 = DIRECTION ( 'NONE',  ( 1.000000000000000000, 0.000000000000000000, 1.748713181428231081E-16 ) ) ;
#3384 = EDGE_LOOP ( 'NONE', ( #4125, #1548 ) ) ;
#3385 = ADVANCED_FACE ( 'NONE', ( #4304 ), #3864, .T. ) ;
#3386 = CARTESIAN_POINT ( 'NONE',  ( 2.850000000000000533, 1.459999999999999964, -1.579999999999999627 ) ) ;
#3387 = CARTESIAN_POINT ( 'NONE',  ( 6.349999999999999645, 3.600000000000000089, -2.415000000000000480 ) ) ;
#3388 = DIRECTION ( 'NONE',  ( -0.000000000000000000, 1.000000000000000000, -0.000000000000000000 ) ) ;
#3389 = CYLINDRICAL_SURFACE ( 'NONE', #1037, 0.2499999999999995837 ) ;
#3390 = EDGE_LOOP ( 'NONE', ( #2005, #2749, #4700, #2045 ) ) ;
#3391 = ORIENTED_EDGE ( 'NONE', *, *, #3404, .T. ) ;
#3392 = VECTOR ( 'NONE', #5271, 1000.000000000000000 ) ;
#3393 = LINE ( 'NONE', #327, #373 ) ;
#3394 = DIRECTION ( 'NONE',  ( 1.000000000000000000, 0.000000000000000000, -3.497426362856462163E-16 ) ) ;
#3395 = APPLICATION_PROTOCOL_DEFINITION ( 'draft international standard', 'automotive_design', 1998, #2601 ) ;
#3396 = ORIENTED_EDGE ( 'NONE', *, *, #4873, .T. ) ;
#3397 = CARTESIAN_POINT ( 'NONE',  ( -5.239999999999999325, 0.000000000000000000, 3.649999999999999911 ) ) ;
#3398 = ORIENTED_EDGE ( 'NONE', *, *, #1721, .T. ) ;
#3399 = FACE_BOUND ( 'NONE', #3963, .T. ) ;
#3400 = DIRECTION ( 'NONE',  ( -0.000000000000000000, -0.000000000000000000, 1.000000000000000000 ) ) ;
#3401 = ORIENTED_EDGE ( 'NONE', *, *, #5471, .F. ) ;
#3402 = DIRECTION ( 'NONE',  ( -1.000000000000000000, -0.000000000000000000, -0.000000000000000000 ) ) ;
#3403 = EDGE_LOOP ( 'NONE', ( #3130, #1566, #5599, #5646 ) ) ;
#3404 = EDGE_CURVE ( 'NONE', #2521, #3315, #1700, .T. ) ;
#3405 = CYLINDRICAL_SURFACE ( 'NONE', #3640, 0.2499999999999995837 ) ;
#3406 = CARTESIAN_POINT ( 'NONE',  ( -4.919999999999998153, 0.1499999999999999667, 3.649999999999999911 ) ) ;
#3407 = DIRECTION ( 'NONE',  ( 1.000000000000000000, -0.000000000000000000, -1.365923996832131609E-16 ) ) ;
#3408 = DIRECTION ( 'NONE',  ( 0.4226182617407045483, 0.000000000000000000, -0.9063077870366474942 ) ) ;
#3409 = EDGE_LOOP ( 'NONE', ( #5356, #3184 ) ) ;
#3410 = EDGE_CURVE ( 'NONE', #4232, #4066, #368, .T. ) ;
#3411 = PRESENTATION_STYLE_ASSIGNMENT (( #705 ) ) ;
#3412 = DIRECTION ( 'NONE',  ( 0.000000000000000000, 1.000000000000000000, 0.000000000000000000 ) ) ;
#3413 = DIRECTION ( 'NONE',  ( -0.4226182617407043263, 0.000000000000000000, -0.9063077870366476052 ) ) ;
#3414 = LINE ( 'NONE', #2464, #288 ) ;
#3415 = ORIENTED_EDGE ( 'NONE', *, *, #1757, .F. ) ;
#3416 = EDGE_LOOP ( 'NONE', ( #508, #2467, #829, #3690 ) ) ;
#3417 = CARTESIAN_POINT ( 'NONE',  ( 5.390000000000000568, 1.459999999999999964, -1.579999999999999627 ) ) ;
#3418 = EDGE_CURVE ( 'NONE', #4079, #4431, #721, .T. ) ;
#3419 = LINE ( 'NONE', #1211, #295 ) ;
#3420 = ITEM_DEFINED_TRANSFORMATION ( 'NONE', 'NONE', #1877,  #2384 ) ;
#3421 = ORIENTED_EDGE ( 'NONE', *, *, #498, .F. ) ;
#3422 = DIRECTION ( 'NONE',  ( -0.000000000000000000, 1.000000000000000000, -0.000000000000000000 ) ) ;
#3423 = VERTEX_POINT ( 'NONE', #2567 ) ;
#3424 = CIRCLE ( 'NONE', #2043, 0.2499999999999995837 ) ;
#3425 = FACE_BOUND ( 'NONE', #3566, .T. ) ;
#3426 = DIRECTION ( 'NONE',  ( -0.4226182617407044928, 0.000000000000000000, -0.9063077870366477162 ) ) ;
#3427 = ORIENTED_EDGE ( 'NONE', *, *, #3237, .T. ) ;
#3428 = VECTOR ( 'NONE', #5423, 1000.000000000000000 ) ;
#3429 = DIRECTION ( 'NONE',  ( 0.000000000000000000, 1.000000000000000000, 0.000000000000000000 ) ) ;
#3430 = ORIENTED_EDGE ( 'NONE', *, *, #2939, .F. ) ;
#3431 = LINE ( 'NONE', #874, #3824 ) ;
#3432 = PRODUCT_DEFINITION ( 'UNKNOWN', '', #2894, #509 ) ;
#3433 = VECTOR ( 'NONE', #593, 1000.000000000000000 ) ;
#3434 = LINE ( 'NONE', #1554, #4038 ) ;
#3435 = ADVANCED_FACE ( 'NONE', ( #4331 ), #285, .F. ) ;
#3436 = CARTESIAN_POINT ( 'NONE',  ( 6.349999999999999645, 1.459999999999999964, 2.414999999999999591 ) ) ;
#3437 = CARTESIAN_POINT ( 'NONE',  ( -0.3099999999999994982, 3.600000000000000089, -1.579999999999999405 ) ) ;
#3438 = VECTOR ( 'NONE', #1325, 1000.000000000000000 ) ;
#3439 = ORIENTED_EDGE ( 'NONE', *, *, #2911, .T. ) ;
#3440 = AXIS2_PLACEMENT_3D ( 'NONE', #1678, #1739, #3445 ) ;
#3441 = DIRECTION ( 'NONE',  ( -1.000000000000000000, 0.000000000000000000, 0.000000000000000000 ) ) ;
#3442 = AXIS2_PLACEMENT_3D ( 'NONE', #5540, #1552, #1105 ) ;
#3443 = PLANE ( 'NONE',  #542 ) ;
#3444 = VECTOR ( 'NONE', #990, 1000.000000000000000 ) ;
#3445 = DIRECTION ( 'NONE',  ( 0.000000000000000000, 0.000000000000000000, 1.000000000000000000 ) ) ;
#3446 = LINE ( 'NONE', #3011, #4472 ) ;
#3447 = ORIENTED_EDGE ( 'NONE', *, *, #5328, .T. ) ;
#3448 = ORIENTED_EDGE ( 'NONE', *, *, #3585, .F. ) ;
#3449 = AXIS2_PLACEMENT_3D ( 'NONE', #4096, #1655, #3736 ) ;
#3450 = LINE ( 'NONE', #4294, #2158 ) ;
#3451 = FACE_OUTER_BOUND ( 'NONE', #1539, .T. ) ;
#3452 = CONTEXT_DEPENDENT_SHAPE_REPRESENTATION ( #1524, #5436 ) ;
#3453 = ORIENTED_EDGE ( 'NONE', *, *, #2574, .T. ) ;
#3454 = MECHANICAL_DESIGN_GEOMETRIC_PRESENTATION_REPRESENTATION (  '', ( #3262 ), #1977 ) ;
#3455 = CARTESIAN_POINT ( 'NONE',  ( -5.389999999999998792, 9.700000000000001066, 0.9600000000000006306 ) ) ;
#3456 = AXIS2_PLACEMENT_3D ( 'NONE', #3171, #1787, #2676 ) ;
#3457 = ORIENTED_EDGE ( 'NONE', *, *, #1279, .T. ) ;
#3458 = AXIS2_PLACEMENT_3D ( 'NONE', #1664, #1695, #2278 ) ;
#3459 = EDGE_CURVE ( 'NONE', #3033, #3157, #2503, .T. ) ;
#3460 = CARTESIAN_POINT ( 'NONE',  ( 3.190000000000001723, 1.259999999999999787, 1.920000000000000151 ) ) ;
#3461 = DIRECTION ( 'NONE',  ( 1.024442997624098707E-16, -0.000000000000000000, 1.000000000000000000 ) ) ;
#3462 = VECTOR ( 'NONE', #4543, 1000.000000000000000 ) ;
#3463 = EDGE_LOOP ( 'NONE', ( #5362, #1520, #825, #3391 ) ) ;
#3464 = CARTESIAN_POINT ( 'NONE',  ( -4.404742954572602898, 0.9852570454273964495, -2.234342902473327452 ) ) ;
#3465 = CYLINDRICAL_SURFACE ( 'NONE', #5604, 0.2499999999999995837 ) ;
#3466 = DIRECTION ( 'NONE',  ( -0.000000000000000000, 1.000000000000000000, -0.000000000000000000 ) ) ;
#3467 = DIRECTION ( 'NONE',  ( 0.000000000000000000, 1.000000000000000000, 0.000000000000000000 ) ) ;
#3468 = DIRECTION ( 'NONE',  ( 1.000000000000000000, -0.000000000000000000, 0.000000000000000000 ) ) ;
#3469 = EDGE_CURVE ( 'NONE', #147, #697, #3903, .T. ) ;
#3470 = ORIENTED_EDGE ( 'NONE', *, *, #3030, .T. ) ;
#3471 = CARTESIAN_POINT ( 'NONE',  ( 2.229999999999999982, 1.459999999999999964, -1.579999999999999405 ) ) ;
#3472 = CARTESIAN_POINT ( 'NONE',  ( -5.239999999999998437, 9.700000000000001066, 1.110000000000001430 ) ) ;
#3473 = STYLED_ITEM ( 'NONE', ( #5478 ), #5450 ) ;
#3474 = DIRECTION ( 'NONE',  ( 0.000000000000000000, 0.000000000000000000, 1.000000000000000000 ) ) ;
#3475 = LINE ( 'NONE', #2553, #3438 ) ;
#3476 = ORIENTED_EDGE ( 'NONE', *, *, #2388, .F. ) ;
#3477 = ORIENTED_EDGE ( 'NONE', *, *, #1306, .F. ) ;
#3478 = EDGE_CURVE ( 'NONE', #1063, #3328, #4840, .T. ) ;
#3479 = DIRECTION ( 'NONE',  ( -1.365923996832131609E-16, 0.000000000000000000, -1.000000000000000000 ) ) ;
#3480 = EDGE_CURVE ( 'NONE', #3804, #4626, #3027, .T. ) ;
#3481 = CARTESIAN_POINT ( 'NONE',  ( -4.769999999999997797, 9.700000000000001066, 0.9600000000000005196 ) ) ;
#3482 = ORIENTED_EDGE ( 'NONE', *, *, #35, .F. ) ;
#3483 = PLANE ( 'NONE',  #3802 ) ;
#3484 = VERTEX_POINT ( 'NONE', #2163 ) ;
#3485 = EDGE_CURVE ( 'NONE', #5028, #895, #755, .T. ) ;
#3486 = FACE_BOUND ( 'NONE', #4485, .T. ) ;
#3487 = CARTESIAN_POINT ( 'NONE',  ( 4.430000000000001492, 1.259999999999999787, -1.669999999999999707 ) ) ;
#3488 = CARTESIAN_POINT ( 'NONE',  ( 0.9202692563837454598, 1.259999999999999787, -2.415000000000002256 ) ) ;
#3489 = EDGE_CURVE ( 'NONE', #250, #5198, #1190, .T. ) ;
#3490 = EDGE_LOOP ( 'NONE', ( #4250, #2705 ) ) ;
#3491 = CARTESIAN_POINT ( 'NONE',  ( 1.223369234184499277, 1.259999999999999787, -1.765000000000002789 ) ) ;
#3492 =( REPRESENTATION_RELATIONSHIP ('NONE','NONE', #5085, #5056 ) REPRESENTATION_RELATIONSHIP_WITH_TRANSFORMATION ( #3043 )SHAPE_REPRESENTATION_RELATIONSHIP( ) );
#3493 = DIRECTION ( 'NONE',  ( 1.000000000000000000, -0.000000000000000000, -1.365923996832131609E-16 ) ) ;
#3494 = MANIFOLD_SOLID_BREP ( 'Split1[1]', #1104 ) ;
#3495 = EDGE_CURVE ( 'NONE', #906, #527, #5078, .T. ) ;
#3496 = DIRECTION ( 'NONE',  ( -1.000000000000000000, 0.000000000000000000, -0.000000000000000000 ) ) ;
#3497 = CARTESIAN_POINT ( 'NONE',  ( -5.389999999999998792, 1.459999999999999964, 1.580000000000000515 ) ) ;
#3498 = FACE_OUTER_BOUND ( 'NONE', #4925, .T. ) ;
#3499 = ORIENTED_EDGE ( 'NONE', *, *, #5739, .T. ) ;
#3500 = DIRECTION ( 'NONE',  ( 0.000000000000000000, 1.000000000000000000, 0.000000000000000000 ) ) ;
#3501 = CARTESIAN_POINT ( 'NONE',  ( -4.769999999999997797, 0.1499999999999999667, -3.649999999999999911 ) ) ;
#3502 = PLANE ( 'NONE',  #4458 ) ;
#3503 = DIRECTION ( 'NONE',  ( 1.000000000000000000, 0.000000000000000000, 0.000000000000000000 ) ) ;
#3504 = VERTEX_POINT ( 'NONE', #5497 ) ;
#3505 = VERTEX_POINT ( 'NONE', #4588 ) ;
#3506 = LINE ( 'NONE', #3040, #567 ) ;
#3507 = CARTESIAN_POINT ( 'NONE',  ( 3.190000000000001723, 3.799999999999999822, 1.670000000000000373 ) ) ;
#3508 = CONTEXT_DEPENDENT_SHAPE_REPRESENTATION ( #1034, #5289 ) ;
#3509 = VERTEX_POINT ( 'NONE', #5439 ) ;
#3510 = CARTESIAN_POINT ( 'NONE',  ( 4.769999999999999574, 1.459999999999999964, -0.9599999999999997424 ) ) ;
#3511 = EDGE_CURVE ( 'NONE', #1247, #1441, #2836, .T. ) ;
#3512 = ORIENTED_EDGE ( 'NONE', *, *, #2496, .T. ) ;
#3513 = ORIENTED_EDGE ( 'NONE', *, *, #4695, .F. ) ;
#3514 = DIRECTION ( 'NONE',  ( 1.000000000000000000, -0.000000000000000000, -3.497426362856461177E-16 ) ) ;
#3515 = LINE ( 'NONE', #4419, #922 ) ;
#3516 = CARTESIAN_POINT ( 'NONE',  ( -1.889999999999998126, 1.259999999999999787, 1.920000000000000151 ) ) ;
#3517 = EDGE_LOOP ( 'NONE', ( #1268, #5547, #3302, #510 ) ) ;
#3518 = CARTESIAN_POINT ( 'NONE',  ( -4.769999999999997797, 0.000000000000000000, -3.237878387081806864 ) ) ;
#3519 = CARTESIAN_POINT ( 'NONE',  ( -6.350000000000000533, 1.459999999999999964, -1.915000000000000924 ) ) ;
#3520 = VECTOR ( 'NONE', #5186, 1000.000000000000000 ) ;
#3521 = PLANE ( 'NONE',  #5504 ) ;
#3522 = DIRECTION ( 'NONE',  ( 0.000000000000000000, 1.000000000000000000, 0.000000000000000000 ) ) ;
#3523 = ADVANCED_FACE ( 'NONE', ( #1542 ), #1446, .F. ) ;
#3524 = ORIENTED_EDGE ( 'NONE', *, *, #4292, .T. ) ;
#3525 = AXIS2_PLACEMENT_3D ( 'NONE', #1797, #3989, #4892 ) ;
#3526 = EDGE_CURVE ( 'NONE', #5084, #2897, #5208, .T. ) ;
#3527 = DIRECTION ( 'NONE',  ( 0.000000000000000000, 1.000000000000000000, 0.000000000000000000 ) ) ;
#3528 = CARTESIAN_POINT ( 'NONE',  ( 6.116846170922498160, 1.459999999999999964, -2.415000000000000480 ) ) ;
#3529 = LINE ( 'NONE', #322, #2877 ) ;
#3530 = AXIS2_PLACEMENT_3D ( 'NONE', #1172, #2458, #4249 ) ;
#3531 = VECTOR ( 'NONE', #5171, 1000.000000000000000 ) ;
#3532 = CARTESIAN_POINT ( 'NONE',  ( 5.730000000000002203, 1.259999999999999787, 1.670000000000000373 ) ) ;
#3533 = ORIENTED_EDGE ( 'NONE', *, *, #4910, .T. ) ;
#3534 = ORIENTED_EDGE ( 'NONE', *, *, #3570, .T. ) ;
#3535 = CARTESIAN_POINT ( 'NONE',  ( -4.429999999999997939, 3.600000000000000089, 1.670000000000000373 ) ) ;
#3536 = VECTOR ( 'NONE', #5206, 1000.000000000000000 ) ;
#3537 = AXIS2_PLACEMENT_3D ( 'NONE', #3318, #1964, #5480 ) ;
#3538 = LINE ( 'NONE', #4031, #2634 ) ;
#3539 = ORIENTED_EDGE ( 'NONE', *, *, #4022, .T. ) ;
#3540 = CARTESIAN_POINT ( 'NONE',  ( -5.389999999999998792, 9.700000000000001066, 1.580000000000000515 ) ) ;
#3541 = VECTOR ( 'NONE', #5427, 1000.000000000000000 ) ;
#3542 = ORIENTED_EDGE ( 'NONE', *, *, #1235, .F. ) ;
#3543 = VECTOR ( 'NONE', #1519, 1000.000000000000000 ) ;
#3544 = UNCERTAINTY_MEASURE_WITH_UNIT (LENGTH_MEASURE( 1.000000000000000082E-05 ), #4591, 'distance_accuracy_value', 'NONE');
#3545 = EDGE_CURVE ( 'NONE', #5339, #533, #3164, .T. ) ;
#3546 = ORIENTED_EDGE ( 'NONE', *, *, #5329, .F. ) ;
#3547 = CARTESIAN_POINT ( 'NONE',  ( -5.389999999999998792, 9.700000000000001066, 1.110000000000001430 ) ) ;
#3548 = EDGE_CURVE ( 'NONE', #3554, #3985, #3245, .T. ) ;
#3549 = CIRCLE ( 'NONE', #2706, 0.2499999999999995837 ) ;
#3550 = EDGE_CURVE ( 'NONE', #2938, #1540, #621, .T. ) ;
#3551 = VECTOR ( 'NONE', #2520, 1000.000000000000000 ) ;
#3552 = FACE_OUTER_BOUND ( 'NONE', #1381, .T. ) ;
#3553 = DIRECTION ( 'NONE',  ( 0.000000000000000000, 0.000000000000000000, 1.000000000000000000 ) ) ;
#3554 = VERTEX_POINT ( 'NONE', #4525 ) ;
#3555 = VECTOR ( 'NONE', #2817, 1000.000000000000000 ) ;
#3556 = PLANE ( 'NONE',  #4666 ) ;
#3557 = EDGE_CURVE ( 'NONE', #2775, #2926, #1067, .T. ) ;
#3558 = AXIS2_PLACEMENT_3D ( 'NONE', #712, #1634, #3855 ) ;
#3559 = CARTESIAN_POINT ( 'NONE',  ( -5.729999999999998650, 3.600000000000000089, -1.669999999999999707 ) ) ;
#3560 = CARTESIAN_POINT ( 'NONE',  ( -2.229999999999999094, 3.600000000000000089, -1.579999999999999627 ) ) ;
#3561 = ORIENTED_EDGE ( 'NONE', *, *, #4582, .T. ) ;
#3562 = DIRECTION ( 'NONE',  ( 1.000000000000000000, 0.000000000000000000, 0.000000000000000000 ) ) ;
#3563 = CARTESIAN_POINT ( 'NONE',  ( -1.889999999999998126, 3.799999999999999822, 2.169999999999999485 ) ) ;
#3564 = CARTESIAN_POINT ( 'NONE',  ( 3.190000000000001723, 1.259999999999999787, 1.920000000000000151 ) ) ;
#3565 = LINE ( 'NONE', #2143, #374 ) ;
#3566 = EDGE_LOOP ( 'NONE', ( #2633, #2529 ) ) ;
#3567 = EDGE_LOOP ( 'NONE', ( #1019, #1438, #3512, #1625, #3268, #4259, #4792, #3995, #3476, #3837, #225, #4736, #3614, #4291, #3192, #3686, #3546, #2696, #161, #2111, #4148, #4797, #1839, #5560, #676, #4881, #5346, #2183, #1078, #2687, #4615, #832, #4262, #1076, #5640, #3908, #4619, #1735, #901, #3075 ) ) ;
#3568 = FACE_OUTER_BOUND ( 'NONE', #3962, .T. ) ;
#3569 = CARTESIAN_POINT ( 'NONE',  ( -5.389999999999998792, 9.700000000000001066, 1.580000000000000515 ) ) ;
#3570 = EDGE_CURVE ( 'NONE', #2118, #4375, #2778, .T. ) ;
#3571 = ORIENTED_EDGE ( 'NONE', *, *, #2446, .T. ) ;
#3572 = FACE_OUTER_BOUND ( 'NONE', #5674, .T. ) ;
#3573 = VERTEX_POINT ( 'NONE', #3767 ) ;
#3574 = ORIENTED_EDGE ( 'NONE', *, *, #1569, .F. ) ;
#3575 = LINE ( 'NONE', #4905, #4570 ) ;
#3576 = DIRECTION ( 'NONE',  ( 1.000000000000000000, 0.000000000000000000, -3.497426362856461177E-16 ) ) ;
#3577 = AXIS2_PLACEMENT_3D ( 'NONE', #670, #5126, #2455 ) ;
#3578 = CARTESIAN_POINT ( 'NONE',  ( -4.769999999999997797, 1.459999999999999964, 1.580000000000000293 ) ) ;
#3579 = ORIENTED_EDGE ( 'NONE', *, *, #1460, .F. ) ;
#3580 = CARTESIAN_POINT ( 'NONE',  ( 0.3100000000000021072, 1.459999999999999964, 0.9600000000000005196 ) ) ;
#3581 = LINE ( 'NONE', #1902, #4464 ) ;
#3582 = EDGE_CURVE ( 'NONE', #2679, #2575, #536, .T. ) ;
#3583 = CYLINDRICAL_SURFACE ( 'NONE', #4559, 0.2499999999999995837 ) ;
#3584 = ORIENTED_EDGE ( 'NONE', *, *, #188, .T. ) ;
#3585 = EDGE_CURVE ( 'NONE', #961, #444, #1920, .T. ) ;
#3586 = CARTESIAN_POINT ( 'NONE',  ( -4.769999999999998685, 3.600000000000000089, -1.579999999999999627 ) ) ;
#3587 = CARTESIAN_POINT ( 'NONE',  ( 4.430000000000001492, 3.799999999999999822, -1.919999999999999263 ) ) ;
#3588 = CARTESIAN_POINT ( 'NONE',  ( -0.6499999999999986899, 1.259999999999999787, -1.919999999999999263 ) ) ;
#3589 = PLANE ( 'NONE',  #4476 ) ;
#3590 = EDGE_LOOP ( 'NONE', ( #1661, #5172, #4681, #5077 ) ) ;
#3591 = EDGE_LOOP ( 'NONE', ( #2896, #4708, #979, #1992 ) ) ;
#3592 = CYLINDRICAL_SURFACE ( 'NONE', #96, 0.2499999999999995837 ) ;
#3593 = DIRECTION ( 'NONE',  ( -0.000000000000000000, 1.000000000000000000, -0.000000000000000000 ) ) ;
#3594 = VERTEX_POINT ( 'NONE', #5555 ) ;
#3595 = CARTESIAN_POINT ( 'NONE',  ( -5.389999999999998792, 9.287878387081802245, 1.580000000000000515 ) ) ;
#3596 = EDGE_LOOP ( 'NONE', ( #5312, #3938, #2233, #1426 ) ) ;
#3597 = ORIENTED_EDGE ( 'NONE', *, *, #2343, .F. ) ;
#3598 = UNCERTAINTY_MEASURE_WITH_UNIT (LENGTH_MEASURE( 1.000000000000000082E-05 ), #4953, 'distance_accuracy_value', 'NONE');
#3599 = ORIENTED_EDGE ( 'NONE', *, *, #136, .T. ) ;
#3600 = EDGE_CURVE ( 'NONE', #3786, #3315, #3682, .T. ) ;
#3601 = CARTESIAN_POINT ( 'NONE',  ( -0.3099999999999986655, 1.459999999999999964, 1.580000000000000515 ) ) ;
#3602 = LINE ( 'NONE', #539, #162 ) ;
#3603 = DIRECTION ( 'NONE',  ( 0.000000000000000000, 0.000000000000000000, -1.000000000000000000 ) ) ;
#3604 = ORIENTED_EDGE ( 'NONE', *, *, #4340, .T. ) ;
#3605 = LINE ( 'NONE', #73, #2164 ) ;
#3606 = DIRECTION ( 'NONE',  ( 0.000000000000000000, 1.000000000000000000, 0.000000000000000000 ) ) ;
#3607 = CARTESIAN_POINT ( 'NONE',  ( -4.429999999999997939, 1.259999999999999787, 1.920000000000000151 ) ) ;
#3608 = ORIENTED_EDGE ( 'NONE', *, *, #3946, .F. ) ;
#3609 = LINE ( 'NONE', #26, #2280 ) ;
#3610 = EDGE_CURVE ( 'NONE', #3144, #2587, #1568, .T. ) ;
#3611 = CARTESIAN_POINT ( 'NONE',  ( -4.159730743616254500, 1.459999999999999964, 2.415000000000001368 ) ) ;
#3612 = EDGE_CURVE ( 'NONE', #2587, #1247, #352, .T. ) ;
#3613 = DIRECTION ( 'NONE',  ( -0.000000000000000000, 1.000000000000000000, -0.000000000000000000 ) ) ;
#3614 = ORIENTED_EDGE ( 'NONE', *, *, #2911, .F. ) ;
#3615 = VERTEX_POINT ( 'NONE', #2064 ) ;
#3616 = AXIS2_PLACEMENT_3D ( 'NONE', #3110, #4884, #1725 ) ;
#3617 = CARTESIAN_POINT ( 'NONE',  ( -3.763369234184497980, 1.459999999999999964, 1.765000000000001457 ) ) ;
#3618 = LINE ( 'NONE', #2181, #198 ) ;
#3619 = EDGE_LOOP ( 'NONE', ( #1834, #2399, #1178, #4891 ) ) ;
#3620 = ADVANCED_FACE ( 'NONE', ( #4733 ), #2526, .F. ) ;
#3621 = VECTOR ( 'NONE', #1629, 1000.000000000000000 ) ;
#3622 = DIRECTION ( 'NONE',  ( 0.000000000000000000, 0.000000000000000000, -1.000000000000000000 ) ) ;
#3623 = EDGE_LOOP ( 'NONE', ( #3599, #754, #4393, #3202 ) ) ;
#3624 = ORIENTED_EDGE ( 'NONE', *, *, #565, .F. ) ;
#3625 = ORIENTED_EDGE ( 'NONE', *, *, #5429, .F. ) ;
#3626 = VECTOR ( 'NONE', #3613, 1000.000000000000000 ) ;
#3627 = CIRCLE ( 'NONE', #3440, 0.2499999999999995837 ) ;
#3628 = DIRECTION ( 'NONE',  ( 0.000000000000000000, 0.000000000000000000, 1.000000000000000000 ) ) ;
#3629 = DIRECTION ( 'NONE',  ( 0.000000000000000000, 0.000000000000000000, 1.000000000000000000 ) ) ;
#3630 = STYLED_ITEM ( 'NONE', ( #3658 ), #3494 ) ;
#3631 = VECTOR ( 'NONE', #2476, 1000.000000000000000 ) ;
#3632 = DIRECTION ( 'NONE',  ( -0.4226182617407043263, -0.000000000000000000, 0.9063077870366476052 ) ) ;
#3633 = ORIENTED_EDGE ( 'NONE', *, *, #1054, .T. ) ;
#3634 = EDGE_CURVE ( 'NONE', #2938, #2060, #3393, .T. ) ;
#3635 = VECTOR ( 'NONE', #740, 1000.000000000000000 ) ;
#3636 = CIRCLE ( 'NONE', #2698, 0.2499999999999995837 ) ;
#3637 = FACE_OUTER_BOUND ( 'NONE', #3596, .T. ) ;
#3638 = CARTESIAN_POINT ( 'NONE',  ( -5.389999999999998792, 3.600000000000000089, 0.9600000000000006306 ) ) ;
#3639 =( GEOMETRIC_REPRESENTATION_CONTEXT ( 3 ) GLOBAL_UNCERTAINTY_ASSIGNED_CONTEXT ( ( #4523 ) ) GLOBAL_UNIT_ASSIGNED_CONTEXT ( ( #4235, #4171, #1096 ) ) REPRESENTATION_CONTEXT ( 'NONE', 'WORKASPACE' ) );
#3640 = AXIS2_PLACEMENT_3D ( 'NONE', #2593, #4832, #844 ) ;
#3641 = FACE_OUTER_BOUND ( 'NONE', #4694, .T. ) ;
#3642 = VERTEX_POINT ( 'NONE', #3363 ) ;
#3643 = VECTOR ( 'NONE', #4442, 1000.000000000000000 ) ;
#3644 = CARTESIAN_POINT ( 'NONE',  ( -1.619730743616254687, 1.259999999999999787, -2.415000000000002256 ) ) ;
#3645 = EDGE_CURVE ( 'NONE', #5347, #2077, #1125, .T. ) ;
#3646 = DIRECTION ( 'NONE',  ( -1.748713181428230588E-16, 0.000000000000000000, -1.000000000000000000 ) ) ;
#3647 = DIRECTION ( 'NONE',  ( 0.000000000000000000, 1.000000000000000000, 0.000000000000000000 ) ) ;
#3648 = VERTEX_POINT ( 'NONE', #1245 ) ;
#3649 = FACE_BOUND ( 'NONE', #2580, .T. ) ;
#3650 = LINE ( 'NONE', #5428, #2537 ) ;
#3651 = ORIENTED_EDGE ( 'NONE', *, *, #5558, .F. ) ;
#3652 = DIRECTION ( 'NONE',  ( -0.000000000000000000, 1.000000000000000000, -0.000000000000000000 ) ) ;
#3653 = EDGE_LOOP ( 'NONE', ( #2376, #656, #5062, #4793 ) ) ;
#3654 = VERTEX_POINT ( 'NONE', #3016 ) ;
#3655 = EDGE_CURVE ( 'NONE', #4066, #4548, #3450, .T. ) ;
#3656 = ORIENTED_EDGE ( 'NONE', *, *, #1081, .F. ) ;
#3657 = EDGE_CURVE ( 'NONE', #4972, #243, #1600, .T. ) ;
#3658 = PRESENTATION_STYLE_ASSIGNMENT (( #2861 ) ) ;
#3659 = FACE_OUTER_BOUND ( 'NONE', #1581, .T. ) ;
#3660 = LINE ( 'NONE', #3895, #4411 ) ;
#3661 = DIRECTION ( 'NONE',  ( 0.000000000000000000, 1.000000000000000000, 0.000000000000000000 ) ) ;
#3662 = ORIENTED_EDGE ( 'NONE', *, *, #2843, .T. ) ;
#3663 = ADVANCED_FACE ( 'NONE', ( #1717 ), #5167, .T. ) ;
#3664 = CARTESIAN_POINT ( 'NONE',  ( 1.223369234184499721, 1.259999999999999787, 1.765000000000001457 ) ) ;
#3665 = EDGE_CURVE ( 'NONE', #4499, #294, #2249, .T. ) ;
#3666 = CARTESIAN_POINT ( 'NONE',  ( -5.390000000000000568, 1.120000000000000773, -2.080000000000000071 ) ) ;
#3667 = DIRECTION ( 'NONE',  ( 0.000000000000000000, 0.000000000000000000, 1.000000000000000000 ) ) ;
#3668 = ORIENTED_EDGE ( 'NONE', *, *, #5177, .F. ) ;
#3669 = EDGE_CURVE ( 'NONE', #5557, #1997, #2927, .T. ) ;
#3670 = CARTESIAN_POINT ( 'NONE',  ( -5.389999999999998792, 0.6200000000000007727, -8.176812408671318977 ) ) ;
#3671 = DIRECTION ( 'NONE',  ( 0.000000000000000000, 0.000000000000000000, 1.000000000000000000 ) ) ;
#3672 = LINE ( 'NONE', #3124, #3808 ) ;
#3673 = CARTESIAN_POINT ( 'NONE',  ( -5.389999999999998792, 9.700000000000001066, -1.580000000000000515 ) ) ;
#3674 = ORIENTED_EDGE ( 'NONE', *, *, #5236, .F. ) ;
#3675 = LINE ( 'NONE', #4274, #3541 ) ;
#3676 = DIRECTION ( 'NONE',  ( -0.000000000000000000, -0.000000000000000000, 1.000000000000000000 ) ) ;
#3677 = ORIENTED_EDGE ( 'NONE', *, *, #4358, .F. ) ;
#3678 = LINE ( 'NONE', #3239, #1204 ) ;
#3679 = ORIENTED_EDGE ( 'NONE', *, *, #493, .T. ) ;
#3680 = VERTEX_POINT ( 'NONE', #1633 ) ;
#3681 = VERTEX_POINT ( 'NONE', #2582 ) ;
#3682 = LINE ( 'NONE', #3740, #658 ) ;
#3683 = FACE_OUTER_BOUND ( 'NONE', #4168, .T. ) ;
#3684 = DIRECTION ( 'NONE',  ( 0.000000000000000000, 0.000000000000000000, 1.000000000000000000 ) ) ;
#3685 = DIRECTION ( 'NONE',  ( 0.000000000000000000, 1.000000000000000000, 0.000000000000000000 ) ) ;
#3686 = ORIENTED_EDGE ( 'NONE', *, *, #1100, .T. ) ;
#3687 = CARTESIAN_POINT ( 'NONE',  ( -6.349999999999999645, 1.459999999999999964, 1.915000000000001368 ) ) ;
#3688 = DIRECTION ( 'NONE',  ( 0.000000000000000000, 0.000000000000000000, 1.000000000000000000 ) ) ;
#3689 = PLANE ( 'NONE',  #5302 ) ;
#3690 = ORIENTED_EDGE ( 'NONE', *, *, #1282, .F. ) ;
#3691 = DIRECTION ( 'NONE',  ( -0.000000000000000000, 0.000000000000000000, 1.000000000000000000 ) ) ;
#3692 = CARTESIAN_POINT ( 'NONE',  ( -2.229999999999998206, 3.600000000000000089, 1.580000000000000293 ) ) ;
#3693 = EDGE_CURVE ( 'NONE', #4584, #4034, #3549, .T. ) ;
#3694 = CARTESIAN_POINT ( 'NONE',  ( -6.116846170922498160, 1.459999999999999964, -2.414999999999999591 ) ) ;
#3695 = ORIENTED_EDGE ( 'NONE', *, *, #4215, .F. ) ;
#3696 = EDGE_CURVE ( 'NONE', #1943, #3091, #2468, .T. ) ;
#3697 = CLOSED_SHELL ( 'NONE', ( #2463, #3172, #4043, #2947, #3620, #1640, #4710, #3023, #4500, #5069, #1503, #1952, #5165, #1305 ) ) ;
#3698 = CARTESIAN_POINT ( 'NONE',  ( 1.680902131047503634, 1.459999999999999964, -0.7838175363165208465 ) ) ;
#3699 = CARTESIAN_POINT ( 'NONE',  ( -5.239999999999999325, 0.4700000000000008060, 3.649999999999999911 ) ) ;
#3700 = ORIENTED_EDGE ( 'NONE', *, *, #1750, .T. ) ;
#3701 = DIRECTION ( 'NONE',  ( 1.000000000000000000, 0.000000000000000000, 0.000000000000000000 ) ) ;
#3702 = ORIENTED_EDGE ( 'NONE', *, *, #5070, .T. ) ;
#3703 = ORIENTED_EDGE ( 'NONE', *, *, #1382, .T. ) ;
#3704 = ORIENTED_EDGE ( 'NONE', *, *, #1393, .F. ) ;
#3705 = CIRCLE ( 'NONE', #2784, 0.5000000000000000000 ) ;
#3706 = DIRECTION ( 'NONE',  ( -1.000000000000000000, 0.000000000000000000, 0.000000000000000000 ) ) ;
#3707 = SHAPE_REPRESENTATION_RELATIONSHIP ( 'NONE' , 'NONE' ,  #5056, #5016 ) ;
#3708 = EDGE_LOOP ( 'NONE', ( #3301, #2382, #5459, #407 ) ) ;
#3709 = LINE ( 'NONE', #3283, #833 ) ;
#3710 = EDGE_CURVE ( 'NONE', #688, #2305, #1131, .T. ) ;
#3711 = AXIS2_PLACEMENT_3D ( 'NONE', #3267, #2826, #3785 ) ;
#3712 = VERTEX_POINT ( 'NONE', #1155 ) ;
#3713 = AXIS2_PLACEMENT_3D ( 'NONE', #2462, #4228, #3701 ) ;
#3714 = EDGE_CURVE ( 'NONE', #5091, #2077, #4661, .T. ) ;
#3715 = FACE_OUTER_BOUND ( 'NONE', #3708, .T. ) ;
#3716 = VECTOR ( 'NONE', #4554, 1000.000000000000000 ) ;
#3717 = VECTOR ( 'NONE', #5300, 1000.000000000000114 ) ;
#3718 = DIRECTION ( 'NONE',  ( 1.795779995835203589E-16, -0.000000000000000000, 1.000000000000000000 ) ) ;
#3719 = EDGE_LOOP ( 'NONE', ( #5533, #3750, #3320, #5227 ) ) ;
#3720 = DIRECTION ( 'NONE',  ( -0.9063077870366472721, 0.000000000000000000, 0.4226182617407052144 ) ) ;
#3721 = VECTOR ( 'NONE', #2940, 1000.000000000000000 ) ;
#3722 = ORIENTED_EDGE ( 'NONE', *, *, #993, .F. ) ;
#3723 = VECTOR ( 'NONE', #5679, 1000.000000000000114 ) ;
#3724 = EDGE_CURVE ( 'NONE', #2541, #2521, #3880, .T. ) ;
#3725 = VECTOR ( 'NONE', #3514, 1000.000000000000000 ) ;
#3726 = DIRECTION ( 'NONE',  ( -1.000000000000000000, 0.000000000000000000, 1.024442997624098707E-16 ) ) ;
#3727 = VECTOR ( 'NONE', #4341, 1000.000000000000000 ) ;
#3728 = CARTESIAN_POINT ( 'NONE',  ( -2.849999999999998757, 1.459999999999999964, 1.580000000000000515 ) ) ;
#3729 = LINE ( 'NONE', #293, #3160 ) ;
#3730 = VERTEX_POINT ( 'NONE', #241 ) ;
#3731 = AXIS2_PLACEMENT_3D ( 'NONE', #4381, #1601, #2065 ) ;
#3732 = PLANE ( 'NONE',  #3735 ) ;
#3733 = LINE ( 'NONE', #1533, #259 ) ;
#3734 = PLANE ( 'NONE',  #2336 ) ;
#3735 = AXIS2_PLACEMENT_3D ( 'NONE', #1532, #3210, #5010 ) ;
#3736 = DIRECTION ( 'NONE',  ( 1.000000000000000000, 0.000000000000000000, -3.497426362856461177E-16 ) ) ;
#3737 = EDGE_LOOP ( 'NONE', ( #2191, #5691, #1866, #1642 ) ) ;
#3738 = ORIENTED_EDGE ( 'NONE', *, *, #3897, .F. ) ;
#3739 = ORIENTED_EDGE ( 'NONE', *, *, #693, .T. ) ;
#3740 = CARTESIAN_POINT ( 'NONE',  ( 2.229999999999999982, 3.600000000000000089, -0.9599999999999997424 ) ) ;
#3741 = EDGE_CURVE ( 'NONE', #5176, #5028, #3913, .T. ) ;
#3742 = AXIS2_PLACEMENT_3D ( 'NONE', #3872, #3847, #3902 ) ;
#3743 = CARTESIAN_POINT ( 'NONE',  ( -5.389999999999998792, 0.4700000000000008060, 3.649999999999999911 ) ) ;
#3744 = ORIENTED_EDGE ( 'NONE', *, *, #678, .T. ) ;
#3745 = DIRECTION ( 'NONE',  ( -1.000000000000000000, 0.000000000000000000, -0.000000000000000000 ) ) ;
#3746 = ORIENTED_EDGE ( 'NONE', *, *, #247, .F. ) ;
#3747 = DIRECTION ( 'NONE',  ( -0.9063077870366472721, 0.000000000000000000, 0.4226182617407052144 ) ) ;
#3748 = CIRCLE ( 'NONE', #4494, 0.2499999999999995837 ) ;
#3749 = CARTESIAN_POINT ( 'NONE',  ( -5.729999999999998650, 1.259999999999999787, -2.169999999999998597 ) ) ;
#3750 = ORIENTED_EDGE ( 'NONE', *, *, #2213, .T. ) ;
#3751 = PLANE ( 'NONE',  #3253 ) ;
#3752 = VERTEX_POINT ( 'NONE', #5581 ) ;
#3753 = DIRECTION ( 'NONE',  ( -1.748713181428230588E-16, 0.000000000000000000, -1.000000000000000000 ) ) ;
#3754 = DIRECTION ( 'NONE',  ( 1.000000000000000000, -0.000000000000000000, 3.497426362856462163E-16 ) ) ;
#3755 = EDGE_CURVE ( 'NONE', #3150, #3594, #5667, .T. ) ;
#3756 = CARTESIAN_POINT ( 'NONE',  ( 3.856630765815501682, 1.459999999999999964, -1.765000000000002789 ) ) ;
#3757 = DIRECTION ( 'NONE',  ( 0.4226182617407045483, 0.000000000000000000, -0.9063077870366474942 ) ) ;
#3758 = ORIENTED_EDGE ( 'NONE', *, *, #4142, .T. ) ;
#3759 = CARTESIAN_POINT ( 'NONE',  ( -3.189999999999998614, 3.799999999999999822, -2.169999999999998597 ) ) ;
#3760 = LINE ( 'NONE', #174, #2502 ) ;
#3761 = PLANE ( 'NONE',  #3345 ) ;
#3762 = EDGE_CURVE ( 'NONE', #5514, #2091, #2492, .T. ) ;
#3763 = CARTESIAN_POINT ( 'NONE',  ( 0.3100000000000012745, 1.459999999999999964, -0.9599999999999999645 ) ) ;
#3764 = ORIENTED_EDGE ( 'NONE', *, *, #5443, .T. ) ;
#3765 = VERTEX_POINT ( 'NONE', #5316 ) ;
#3766 = ORIENTED_EDGE ( 'NONE', *, *, #3645, .T. ) ;
#3767 = CARTESIAN_POINT ( 'NONE',  ( 3.856630765815502127, 3.600000000000000089, 1.765000000000001457 ) ) ;
#3768 = ADVANCED_FACE ( 'NONE', ( #4462 ), #3592, .T. ) ;
#3769 = CYLINDRICAL_SURFACE ( 'NONE', #579, 0.2499999999999995837 ) ;
#3770 = SURFACE_STYLE_FILL_AREA ( #1571 ) ;
#3771 = ORIENTED_EDGE ( 'NONE', *, *, #1619, .F. ) ;
#3772 = DIRECTION ( 'NONE',  ( 0.4226182617407046038, 0.000000000000000000, -0.9063077870366476052 ) ) ;
#3773 = EDGE_CURVE ( 'NONE', #1919, #4628, #2620, .T. ) ;
#3774 = VERTEX_POINT ( 'NONE', #4927 ) ;
#3775 = ADVANCED_FACE ( 'NONE', ( #3099 ), #1827, .F. ) ;
#3776 = CYLINDRICAL_SURFACE ( 'NONE', #1790, 0.2499999999999995837 ) ;
#3777 = CARTESIAN_POINT ( 'NONE',  ( 2.229999999999999982, 1.459999999999999964, -0.9599999999999997424 ) ) ;
#3778 = ORIENTED_EDGE ( 'NONE', *, *, #2631, .F. ) ;
#3779 = CARTESIAN_POINT ( 'NONE',  ( 2.850000000000000533, 3.600000000000000089, -1.579999999999999627 ) ) ;
#3780 = EDGE_LOOP ( 'NONE', ( #1346, #5588, #3978, #894 ) ) ;
#3781 = CARTESIAN_POINT ( 'NONE',  ( -2.849999999999998757, 3.600000000000000089, 1.580000000000000515 ) ) ;
#3782 =( REPRESENTATION_RELATIONSHIP ('NONE','NONE', #5085, #5056 ) REPRESENTATION_RELATIONSHIP_WITH_TRANSFORMATION ( #2558 )SHAPE_REPRESENTATION_RELATIONSHIP( ) );
#3783 = CARTESIAN_POINT ( 'NONE',  ( -2.849999999999998757, 1.459999999999999964, 0.9600000000000006306 ) ) ;
#3784 = LINE ( 'NONE', #610, #4279 ) ;
#3785 = DIRECTION ( 'NONE',  ( 0.000000000000000000, 0.000000000000000000, -1.000000000000000000 ) ) ;
#3786 = VERTEX_POINT ( 'NONE', #5282 ) ;
#3787 = EDGE_CURVE ( 'NONE', #4401, #738, #58, .T. ) ;
#3788 = CARTESIAN_POINT ( 'NONE',  ( 1.223369234184499277, 1.459999999999999964, -1.765000000000002789 ) ) ;
#3789 = CARTESIAN_POINT ( 'NONE',  ( -2.849999999999999645, 1.459999999999999964, -0.9599999999999997424 ) ) ;
#3790 = DIRECTION ( 'NONE',  ( 0.000000000000000000, 1.000000000000000000, 0.000000000000000000 ) ) ;
#3791 = CARTESIAN_POINT ( 'NONE',  ( 6.349999999999999645, 1.459999999999999964, 2.414999999999999591 ) ) ;
#3792 = ORIENTED_EDGE ( 'NONE', *, *, #60, .T. ) ;
#3793 = ORIENTED_EDGE ( 'NONE', *, *, #953, .T. ) ;
#3794 = CARTESIAN_POINT ( 'NONE',  ( -4.769999999999997797, 9.700000000000001066, -1.429999999999999272 ) ) ;
#3795 = DIRECTION ( 'NONE',  ( 0.000000000000000000, 1.000000000000000000, 0.000000000000000000 ) ) ;
#3796 = DIRECTION ( 'NONE',  ( 1.000000000000000000, 0.000000000000000000, 0.000000000000000000 ) ) ;
#3797 = ORIENTED_EDGE ( 'NONE', *, *, #852, .F. ) ;
#3798 = LINE ( 'NONE', #1333, #5383 ) ;
#3799 = ORIENTED_EDGE ( 'NONE', *, *, #5720, .T. ) ;
#3800 = AXIS2_PLACEMENT_3D ( 'NONE', #1323, #4512, #1317 ) ;
#3801 = CARTESIAN_POINT ( 'NONE',  ( -4.919999999999998153, 0.4700000000000008060, -3.649999999999999911 ) ) ;
#3802 = AXIS2_PLACEMENT_3D ( 'NONE', #1807, #1214, #2153 ) ;
#3803 = CARTESIAN_POINT ( 'NONE',  ( 5.730000000000002203, 3.799999999999999822, 2.169999999999999485 ) ) ;
#3804 = VERTEX_POINT ( 'NONE', #1744 ) ;
#3805 = DIRECTION ( 'NONE',  ( 0.000000000000000000, 0.000000000000000000, 1.000000000000000000 ) ) ;
#3806 = VERTEX_POINT ( 'NONE', #4874 ) ;
#3807 = VECTOR ( 'NONE', #48, 1000.000000000000000 ) ;
#3808 = VECTOR ( 'NONE', #5386, 1000.000000000000000 ) ;
#3809 = FACE_BOUND ( 'NONE', #4153, .T. ) ;
#3810 = CARTESIAN_POINT ( 'NONE',  ( -0.6499999999999986899, 3.799999999999999822, -1.919999999999999263 ) ) ;
#3811 = PLANE ( 'NONE',  #355 ) ;
#3812 = CARTESIAN_POINT ( 'NONE',  ( 4.770000000000001350, 1.459999999999999964, 0.9600000000000006306 ) ) ;
#3813 = VECTOR ( 'NONE', #4567, 1000.000000000000000 ) ;
#3814 = AXIS2_PLACEMENT_3D ( 'NONE', #5066, #1934, #5569 ) ;
#3815 = DIRECTION ( 'NONE',  ( 0.000000000000000000, 0.000000000000000000, 1.000000000000000000 ) ) ;
#3816 = EDGE_LOOP ( 'NONE', ( #1976, #1985, #1522, #3 ) ) ;
#3817 = AXIS2_PLACEMENT_3D ( 'NONE', #5107, #1180, #3827 ) ;
#3818 = VECTOR ( 'NONE', #2103, 999.9999999999998863 ) ;
#3819 =( LENGTH_UNIT ( ) NAMED_UNIT ( * ) SI_UNIT ( .MILLI., .METRE. ) );
#3820 = LINE ( 'NONE', #1501, #3240 ) ;
#3821 = DIRECTION ( 'NONE',  ( 0.000000000000000000, 0.000000000000000000, -1.000000000000000000 ) ) ;
#3822 = CARTESIAN_POINT ( 'NONE',  ( -5.389999999999998792, 9.700000000000001066, 1.580000000000000515 ) ) ;
#3823 = ORIENTED_EDGE ( 'NONE', *, *, #1460, .T. ) ;
#3824 = VECTOR ( 'NONE', #289, 1000.000000000000000 ) ;
#3825 = ORIENTED_EDGE ( 'NONE', *, *, #2094, .T. ) ;
#3826 = EDGE_CURVE ( 'NONE', #2740, #3275, #888, .T. ) ;
#3827 = DIRECTION ( 'NONE',  ( 0.000000000000000000, 0.000000000000000000, 1.000000000000000000 ) ) ;
#3828 = CARTESIAN_POINT ( 'NONE',  ( 1.890000000000001013, 3.799999999999999822, -1.919999999999999263 ) ) ;
#3829 = ORIENTED_EDGE ( 'NONE', *, *, #2672, .T. ) ;
#3830 = DIRECTION ( 'NONE',  ( -1.000000000000000000, 0.000000000000000000, 1.748713181428230588E-16 ) ) ;
#3831 = ADVANCED_FACE ( 'NONE', ( #3568 ), #3152, .F. ) ;
#3832 = ORIENTED_EDGE ( 'NONE', *, *, #5310, .T. ) ;
#3833 = ADVANCED_FACE ( 'NONE', ( #3128 ), #947, .F. ) ;
#3834 =( GEOMETRIC_REPRESENTATION_CONTEXT ( 3 ) GLOBAL_UNCERTAINTY_ASSIGNED_CONTEXT ( ( #3598 ) ) GLOBAL_UNIT_ASSIGNED_CONTEXT ( ( #4953, #4571, #1401 ) ) REPRESENTATION_CONTEXT ( 'NONE', 'WORKASPACE' ) );
#3835 = DIRECTION ( 'NONE',  ( 0.000000000000000000, 1.000000000000000000, 0.000000000000000000 ) ) ;
#3836 = PLANE ( 'NONE',  #2254 ) ;
#3837 = ORIENTED_EDGE ( 'NONE', *, *, #5293, .T. ) ;
#3838 = EDGE_CURVE ( 'NONE', #3083, #3730, #3354, .T. ) ;
#3839 = DIRECTION ( 'NONE',  ( -1.000000000000000000, 0.000000000000000000, 1.748713181428230588E-16 ) ) ;
#3840 = EDGE_LOOP ( 'NONE', ( #479, #4479, #1883, #3158 ) ) ;
#3841 = DIRECTION ( 'NONE',  ( 1.000000000000000000, 0.000000000000000000, -1.748713181428231081E-16 ) ) ;
#3842 = PLANE ( 'NONE',  #29 ) ;
#3843 = CARTESIAN_POINT ( 'NONE',  ( -5.239999999999999325, 0.4700000000000008060, -3.649999999999999911 ) ) ;
#3844 = LINE ( 'NONE', #5130, #5487 ) ;
#3845 = EDGE_CURVE ( 'NONE', #1127, #383, #3506, .T. ) ;
#3846 = ORIENTED_EDGE ( 'NONE', *, *, #47, .F. ) ;
#3847 = DIRECTION ( 'NONE',  ( 0.000000000000000000, 0.000000000000000000, -1.000000000000000000 ) ) ;
#3848 = CARTESIAN_POINT ( 'NONE',  ( 4.770000000000001350, 1.459999999999999964, 1.580000000000000515 ) ) ;
#3849 = VECTOR ( 'NONE', #538, 1000.000000000000000 ) ;
#3850 = DIRECTION ( 'NONE',  ( -0.000000000000000000, 1.000000000000000000, -0.000000000000000000 ) ) ;
#3851 = DIRECTION ( 'NONE',  ( 0.4226182617407051589, 0.000000000000000000, 0.9063077870366472721 ) ) ;
#3852 = VERTEX_POINT ( 'NONE', #502 ) ;
#3853 = ORIENTED_EDGE ( 'NONE', *, *, #4159, .T. ) ;
#3854 = DIRECTION ( 'NONE',  ( -1.000000000000000000, 0.000000000000000000, 1.748713181428230588E-16 ) ) ;
#3855 = DIRECTION ( 'NONE',  ( 0.000000000000000000, 0.000000000000000000, 1.000000000000000000 ) ) ;
#3856 = VERTEX_POINT ( 'NONE', #5258 ) ;
#3857 = CARTESIAN_POINT ( 'NONE',  ( -2.849999999999999645, 1.459999999999999964, -0.9599999999999997424 ) ) ;
#3858 = EDGE_LOOP ( 'NONE', ( #1415, #5505, #1311, #2512 ) ) ;
#3859 = MECHANICAL_DESIGN_GEOMETRIC_PRESENTATION_REPRESENTATION (  '', ( #321 ), #3639 ) ;
#3860 = CARTESIAN_POINT ( 'NONE',  ( 5.730000000000002203, 1.259999999999999787, 1.920000000000000151 ) ) ;
#3861 = EDGE_CURVE ( 'NONE', #648, #3648, #4898, .T. ) ;
#3862 = LINE ( 'NONE', #4392, #1606 ) ;
#3863 = ORIENTED_EDGE ( 'NONE', *, *, #2469, .T. ) ;
#3864 = CYLINDRICAL_SURFACE ( 'NONE', #1493, 0.2499999999999995837 ) ;
#3865 = ORIENTED_EDGE ( 'NONE', *, *, #955, .F. ) ;
#3866 = CARTESIAN_POINT ( 'NONE',  ( -3.189999999999998614, 3.600000000000000089, -1.919999999999999263 ) ) ;
#3867 = EDGE_CURVE ( 'NONE', #3315, #3594, #4848, .T. ) ;
#3868 = CARTESIAN_POINT ( 'NONE',  ( 2.850000000000001421, 1.459999999999999964, 1.580000000000000293 ) ) ;
#3869 = LINE ( 'NONE', #2630, #5027 ) ;
#3870 = DIRECTION ( 'NONE',  ( 0.000000000000000000, 0.000000000000000000, -1.000000000000000000 ) ) ;
#3871 = ORIENTED_EDGE ( 'NONE', *, *, #1885, .F. ) ;
#3872 = CARTESIAN_POINT ( 'NONE',  ( -1.316630765815500537, 1.259999999999999787, 1.765000000000001457 ) ) ;
#3873 = EDGE_CURVE ( 'NONE', #906, #3945, #4054, .T. ) ;
#3874 = LINE ( 'NONE', #3848, #3520 ) ;
#3875 = DIRECTION ( 'NONE',  ( 0.000000000000000000, 0.000000000000000000, -1.000000000000000000 ) ) ;
#3876 = CARTESIAN_POINT ( 'NONE',  ( -5.389999999999998792, 3.600000000000000089, 1.580000000000000515 ) ) ;
#3877 = ORIENTED_EDGE ( 'NONE', *, *, #4292, .F. ) ;
#3878 = ADVANCED_FACE ( 'NONE', ( #3996 ), #861, .F. ) ;
#3879 = ORIENTED_EDGE ( 'NONE', *, *, #1160, .T. ) ;
#3880 = LINE ( 'NONE', #5140, #750 ) ;
#3881 = DIRECTION ( 'NONE',  ( 0.000000000000000000, 1.000000000000000000, 0.000000000000000000 ) ) ;
#3882 = APPLICATION_PROTOCOL_DEFINITION ( 'draft international standard', 'automotive_design', 1998, #3194 ) ;
#3883 = ORIENTED_EDGE ( 'NONE', *, *, #4042, .T. ) ;
#3884 = CARTESIAN_POINT ( 'NONE',  ( -0.3099999999999994982, 1.459999999999999964, -0.9599999999999997424 ) ) ;
#3885 = EDGE_LOOP ( 'NONE', ( #3799, #4964, #4143, #4747 ) ) ;
#3886 = CIRCLE ( 'NONE', #2865, 0.2499999999999995837 ) ;
#3887 = FACE_OUTER_BOUND ( 'NONE', #5363, .T. ) ;
#3888 = EDGE_CURVE ( 'NONE', #4160, #3504, #2610, .T. ) ;
#3889 = CARTESIAN_POINT ( 'NONE',  ( 6.349999999999999645, 3.600000000000000089, -2.415000000000000480 ) ) ;
#3890 = ORIENTED_EDGE ( 'NONE', *, *, #35, .T. ) ;
#3891 = AXIS2_PLACEMENT_3D ( 'NONE', #18, #450, #3576 ) ;
#3892 = DIRECTION ( 'NONE',  ( 1.000000000000000000, 0.000000000000000000, -3.497426362856461177E-16 ) ) ;
#3893 = LINE ( 'NONE', #3053, #946 ) ;
#3894 = VECTOR ( 'NONE', #951, 1000.000000000000000 ) ;
#3895 = CARTESIAN_POINT ( 'NONE',  ( -5.389999999999999680, 1.459999999999999964, -1.579999999999999405 ) ) ;
#3896 = CARTESIAN_POINT ( 'NONE',  ( -4.429999999999997939, 1.459999999999999964, 1.920000000000000151 ) ) ;
#3897 = EDGE_CURVE ( 'NONE', #5492, #377, #7, .T. ) ;
#3898 = DIRECTION ( 'NONE',  ( 1.748713181428231081E-16, 0.000000000000000000, -1.000000000000000000 ) ) ;
#3899 = VECTOR ( 'NONE', #3090, 1000.000000000000000 ) ;
#3900 = EDGE_LOOP ( 'NONE', ( #2745, #873, #1092, #2614 ) ) ;
#3901 = CIRCLE ( 'NONE', #2056, 0.2499999999999995837 ) ;
#3902 = DIRECTION ( 'NONE',  ( -1.000000000000000000, 0.000000000000000000, -0.000000000000000000 ) ) ;
#3903 = CIRCLE ( 'NONE', #1598, 0.2499999999999995837 ) ;
#3904 = DIRECTION ( 'NONE',  ( 1.000000000000000000, 0.000000000000000000, 0.000000000000000000 ) ) ;
#3905 = AXIS2_PLACEMENT_3D ( 'NONE', #2914, #5607, #405 ) ;
#3906 = FILL_AREA_STYLE ('',( #4339 ) ) ;
#3907 = CARTESIAN_POINT ( 'NONE',  ( 4.159730743616255388, 1.459999999999999964, -2.415000000000000480 ) ) ;
#3908 = ORIENTED_EDGE ( 'NONE', *, *, #2168, .T. ) ;
#3909 = VERTEX_POINT ( 'NONE', #3535 ) ;
#3910 = EDGE_CURVE ( 'NONE', #2060, #1165, #5042, .T. ) ;
#3911 = VECTOR ( 'NONE', #1769, 1000.000000000000000 ) ;
#3912 = AXIS2_PLACEMENT_3D ( 'NONE', #3516, #4420, #3553 ) ;
#3913 = LINE ( 'NONE', #3794, #464 ) ;
#3914 = LINE ( 'NONE', #1660, #2076 ) ;
#3915 = DIRECTION ( 'NONE',  ( 1.000000000000000000, 0.000000000000000000, 0.000000000000000000 ) ) ;
#3916 = EDGE_CURVE ( 'NONE', #287, #2575, #3675, .T. ) ;
#3917 = ORIENTED_EDGE ( 'NONE', *, *, #5131, .F. ) ;
#3918 = DIRECTION ( 'NONE',  ( -0.000000000000000000, 1.000000000000000000, -0.000000000000000000 ) ) ;
#3919 = VECTOR ( 'NONE', #3028, 1000.000000000000000 ) ;
#3920 = ORIENTED_EDGE ( 'NONE', *, *, #2642, .F. ) ;
#3921 = EDGE_CURVE ( 'NONE', #4303, #5120, #559, .T. ) ;
#3922 = VECTOR ( 'NONE', #4502, 1000.000000000000000 ) ;
#3923 = FACE_BOUND ( 'NONE', #1958, .T. ) ;
#3924 = CARTESIAN_POINT ( 'NONE',  ( -2.849999999999999645, 3.600000000000000089, -0.9599999999999997424 ) ) ;
#3925 = LINE ( 'NONE', #4802, #4936 ) ;
#3926 = CIRCLE ( 'NONE', #1421, 0.2499999999999995837 ) ;
#3927 = EDGE_LOOP ( 'NONE', ( #1122, #1106, #146, #3126 ) ) ;
#3928 = CARTESIAN_POINT ( 'NONE',  ( -4.919999999999999041, 9.700000000000001066, -0.9600000000000005196 ) ) ;
#3929 = CARTESIAN_POINT ( 'NONE',  ( -0.6499999999999986899, 1.459999999999999964, -2.169999999999998597 ) ) ;
#3930 = CARTESIAN_POINT ( 'NONE',  ( -2.229999999999999094, 3.600000000000000089, -0.9599999999999999645 ) ) ;
#3931 = DIRECTION ( 'NONE',  ( 0.000000000000000000, 0.000000000000000000, 1.000000000000000000 ) ) ;
#3932 = CARTESIAN_POINT ( 'NONE',  ( -3.763369234184498424, 1.259999999999999787, -1.765000000000002789 ) ) ;
#3933 = ORIENTED_EDGE ( 'NONE', *, *, #22, .T. ) ;
#3934 = DIRECTION ( 'NONE',  ( -0.9396926207859084279, 0.000000000000000000, -0.3420201433256686574 ) ) ;
#3935 = DIRECTION ( 'NONE',  ( 1.000000000000000000, 0.000000000000000000, -1.024442997624098707E-16 ) ) ;
#3936 = SURFACE_STYLE_USAGE ( .BOTH. , #1713 ) ;
#3937 = CARTESIAN_POINT ( 'NONE',  ( 6.349999999999999645, 3.600000000000000089, 2.414999999999999591 ) ) ;
#3938 = ORIENTED_EDGE ( 'NONE', *, *, #1865, .T. ) ;
#3939 = ORIENTED_EDGE ( 'NONE', *, *, #626, .T. ) ;
#3940 = DIRECTION ( 'NONE',  ( -0.4226182617407044928, -0.000000000000000000, -0.9063077870366477162 ) ) ;
#3941 = DIRECTION ( 'NONE',  ( -0.9396926207859084279, 0.000000000000000000, 0.3420201433256686574 ) ) ;
#3942 = ORIENTED_EDGE ( 'NONE', *, *, #1203, .T. ) ;
#3943 = FACE_OUTER_BOUND ( 'NONE', #4417, .T. ) ;
#3944 = EDGE_LOOP ( 'NONE', ( #4440, #1689, #2310, #1007 ) ) ;
#3945 = VERTEX_POINT ( 'NONE', #5456 ) ;
#3946 = EDGE_CURVE ( 'NONE', #4160, #3157, #3235, .T. ) ;
#3947 = CARTESIAN_POINT ( 'NONE',  ( -1.316630765815500981, 3.600000000000000089, -1.765000000000002789 ) ) ;
#3948 = CARTESIAN_POINT ( 'NONE',  ( -5.239999999999998437, 9.700000000000001066, 0.000000000000000000 ) ) ;
#3949 = CARTESIAN_POINT ( 'NONE',  ( -6.349999999999998757, 1.459999999999999964, 1.915000000000002256 ) ) ;
#3950 = VERTEX_POINT ( 'NONE', #3617 ) ;
#3951 = EDGE_CURVE ( 'NONE', #2042, #1997, #2771, .T. ) ;
#3952 = DIRECTION ( 'NONE',  ( 0.000000000000000000, 0.000000000000000000, 1.000000000000000000 ) ) ;
#3953 = DIRECTION ( 'NONE',  ( 1.000000000000000000, 0.000000000000000000, -1.024442997624098707E-16 ) ) ;
#3954 = CARTESIAN_POINT ( 'NONE',  ( -4.769999999999997797, 9.700000000000001066, -1.580000000000000293 ) ) ;
#3955 = DIRECTION ( 'NONE',  ( 1.000000000000000000, 0.000000000000000000, 1.748713181428231081E-16 ) ) ;
#3956 = ORIENTED_EDGE ( 'NONE', *, *, #867, .T. ) ;
#3957 = LINE ( 'NONE', #5722, #1523 ) ;
#3958 = CARTESIAN_POINT ( 'NONE',  ( 0.6500000000000021316, 3.600000000000000089, 1.920000000000000151 ) ) ;
#3959 = ADVANCED_FACE ( 'NONE', ( #2046, #1886, #1464, #4578, #2747, #3649, #5393, #1439, #5485, #1413, #1938, #5009, #1027, #171, #142, #4608, #2828, #3209, #4984, #3809, #1000 ), #1497, .T. ) ;
#3960 = CARTESIAN_POINT ( 'NONE',  ( -0.4054381332543895433, 1.459999999999999964, 0.1890589064445917789 ) ) ;
#3961 = CARTESIAN_POINT ( 'NONE',  ( 5.390000000000000568, 1.459999999999999964, -1.579999999999999627 ) ) ;
#3962 = EDGE_LOOP ( 'NONE', ( #2501, #5263, #2429, #1956 ) ) ;
#3963 = EDGE_LOOP ( 'NONE', ( #5402, #2728, #2128, #5195 ) ) ;
#3964 = ADVANCED_FACE ( 'NONE', ( #590 ), #3185, .T. ) ;
#3965 = EDGE_CURVE ( 'NONE', #3856, #5323, #4137, .T. ) ;
#3966 = CARTESIAN_POINT ( 'NONE',  ( 0.6500000000000021316, 1.259999999999999787, 1.920000000000000151 ) ) ;
#3967 = DIRECTION ( 'NONE',  ( -1.000000000000000000, 0.000000000000000000, 1.748713181428230588E-16 ) ) ;
#3968 = CONTEXT_DEPENDENT_SHAPE_REPRESENTATION ( #1411, #2186 ) ;
#3969 = ORIENTED_EDGE ( 'NONE', *, *, #4113, .T. ) ;
#3970 = DIRECTION ( 'NONE',  ( 0.000000000000000000, 1.000000000000000000, 0.000000000000000000 ) ) ;
#3971 = ORIENTED_EDGE ( 'NONE', *, *, #4742, .F. ) ;
#3972 = ORIENTED_EDGE ( 'NONE', *, *, #1972, .T. ) ;
#3973 = ADVANCED_FACE ( 'NONE', ( #3269 ), #117, .F. ) ;
#3974 = EDGE_LOOP ( 'NONE', ( #275, #5400, #2753, #2952 ) ) ;
#3975 = CARTESIAN_POINT ( 'NONE',  ( -5.389999999999998792, 3.600000000000000089, 1.580000000000000515 ) ) ;
#3976 = CARTESIAN_POINT ( 'NONE',  ( -5.389999999999998792, 1.119999999999999440, 2.080000000000000515 ) ) ;
#3977 = PLANE ( 'NONE',  #1404 ) ;
#3978 = ORIENTED_EDGE ( 'NONE', *, *, #4039, .F. ) ;
#3979 = AXIS2_PLACEMENT_3D ( 'NONE', #1031, #2055, #592 ) ;
#3980 = FACE_OUTER_BOUND ( 'NONE', #5275, .T. ) ;
#3981 =( NAMED_UNIT ( * ) SI_UNIT ( $, .STERADIAN. ) SOLID_ANGLE_UNIT ( ) );
#3982 = VECTOR ( 'NONE', #4941, 1000.000000000000000 ) ;
#3983 = CARTESIAN_POINT ( 'NONE',  ( -1.316630765815500981, 3.600000000000000089, -1.765000000000002789 ) ) ;
#3984 = DIRECTION ( 'NONE',  ( 0.000000000000000000, 0.000000000000000000, -1.000000000000000000 ) ) ;
#3985 = VERTEX_POINT ( 'NONE', #4161 ) ;
#3986 = EDGE_CURVE ( 'NONE', #5369, #267, #3379, .T. ) ;
#3987 = VECTOR ( 'NONE', #835, 1000.000000000000000 ) ;
#3988 = LINE ( 'NONE', #4402, #5521 ) ;
#3989 = DIRECTION ( 'NONE',  ( 0.000000000000000000, 1.000000000000000000, 0.000000000000000000 ) ) ;
#3990 = DIRECTION ( 'NONE',  ( 0.000000000000000000, 0.000000000000000000, 1.000000000000000000 ) ) ;
#3991 = AXIS2_PLACEMENT_3D ( 'NONE', #3673, #1557, #256 ) ;
#3992 = VECTOR ( 'NONE', #1662, 1000.000000000000000 ) ;
#3993 = LINE ( 'NONE', #1800, #1777 ) ;
#3994 = ORIENTED_EDGE ( 'NONE', *, *, #5293, .F. ) ;
#3995 = ORIENTED_EDGE ( 'NONE', *, *, #2080, .T. ) ;
#3996 = FACE_OUTER_BOUND ( 'NONE', #3816, .T. ) ;
#3997 =( GEOMETRIC_REPRESENTATION_CONTEXT ( 3 ) GLOBAL_UNCERTAINTY_ASSIGNED_CONTEXT ( ( #570 ) ) GLOBAL_UNIT_ASSIGNED_CONTEXT ( ( #2810, #1008, #3304 ) ) REPRESENTATION_CONTEXT ( 'NONE', 'WORKASPACE' ) );
#3998 = AXIS2_PLACEMENT_3D ( 'NONE', #3564, #2290, #2684 ) ;
#3999 = LINE ( 'NONE', #2725, #1709 ) ;
#4000 = VERTEX_POINT ( 'NONE', #4721 ) ;
#4001 = DIRECTION ( 'NONE',  ( 0.000000000000000000, 0.000000000000000000, 1.000000000000000000 ) ) ;
#4002 = EDGE_CURVE ( 'NONE', #4692, #3313, #724, .T. ) ;
#4003 = ORIENTED_EDGE ( 'NONE', *, *, #783, .T. ) ;
#4004 = VECTOR ( 'NONE', #2093, 1000.000000000000000 ) ;
#4005 = ORIENTED_EDGE ( 'NONE', *, *, #4310, .T. ) ;
#4006 = CIRCLE ( 'NONE', #5118, 0.2499999999999995837 ) ;
#4007 = ORIENTED_EDGE ( 'NONE', *, *, #1361, .T. ) ;
#4008 = DIRECTION ( 'NONE',  ( 0.000000000000000000, 0.000000000000000000, 1.000000000000000000 ) ) ;
#4009 = AXIS2_PLACEMENT_3D ( 'NONE', #5169, #2151, #3915 ) ;
#4010 = VECTOR ( 'NONE', #929, 1000.000000000000114 ) ;
#4011 = AXIS2_PLACEMENT_3D ( 'NONE', #5712, #1727, #282 ) ;
#4012 = LINE ( 'NONE', #254, #3151 ) ;
#4013 = DIRECTION ( 'NONE',  ( 0.4226182617407051589, 0.000000000000000000, 0.9063077870366472721 ) ) ;
#4014 = VERTEX_POINT ( 'NONE', #974 ) ;
#4015 = VECTOR ( 'NONE', #1068, 1000.000000000000000 ) ;
#4016 = CARTESIAN_POINT ( 'NONE',  ( -5.389999999999998792, 1.459999999999999964, 1.580000000000000515 ) ) ;
#4017 = CIRCLE ( 'NONE', #5516, 0.2499999999999995837 ) ;
#4018 = EDGE_CURVE ( 'NONE', #1516, #55, #5684, .T. ) ;
#4019 = DIRECTION ( 'NONE',  ( 0.000000000000000000, 0.9396926207859083169, 0.3420201433256689905 ) ) ;
#4020 = DIRECTION ( 'NONE',  ( 0.9063077870366477162, 0.000000000000000000, 0.4226182617407044928 ) ) ;
#4021 = EDGE_LOOP ( 'NONE', ( #915, #880, #3633, #1597 ) ) ;
#4022 = EDGE_CURVE ( 'NONE', #4354, #1441, #370, .T. ) ;
#4023 = CARTESIAN_POINT ( 'NONE',  ( -4.769999999999997797, 3.600000000000000089, -1.580000000000000293 ) ) ;
#4024 = CARTESIAN_POINT ( 'NONE',  ( -5.729999999999998650, 3.600000000000000089, -2.169999999999998597 ) ) ;
#4025 = PLANE ( 'NONE',  #5203 ) ;
#4026 = EDGE_CURVE ( 'NONE', #332, #294, #2165, .T. ) ;
#4027 = DIRECTION ( 'NONE',  ( -1.000000000000000000, 0.000000000000000000, -3.497426362856462163E-16 ) ) ;
#4028 = ORIENTED_EDGE ( 'NONE', *, *, #4306, .T. ) ;
#4029 = VERTEX_POINT ( 'NONE', #759 ) ;
#4030 = DIRECTION ( 'NONE',  ( 0.000000000000000000, 1.000000000000000000, 0.000000000000000000 ) ) ;
#4031 = CARTESIAN_POINT ( 'NONE',  ( -4.769999999999997797, 1.459999999999999964, 0.9600000000000005196 ) ) ;
#4032 = EDGE_LOOP ( 'NONE', ( #1332, #4145, #3700, #3026 ) ) ;
#4033 = CARTESIAN_POINT ( 'NONE',  ( -3.856630765815500794, 3.600000000000000089, 1.765000000000001457 ) ) ;
#4034 = VERTEX_POINT ( 'NONE', #3929 ) ;
#4035 = ORIENTED_EDGE ( 'NONE', *, *, #3480, .T. ) ;
#4036 = CARTESIAN_POINT ( 'NONE',  ( 2.850000000000001421, 1.459999999999999964, 1.580000000000000293 ) ) ;
#4037 = CARTESIAN_POINT ( 'NONE',  ( -4.769999999999997797, 9.287878387081802245, -1.580000000000000293 ) ) ;
#4038 = VECTOR ( 'NONE', #314, 1000.000000000000000 ) ;
#4039 = EDGE_CURVE ( 'NONE', #566, #3098, #4359, .T. ) ;
#4040 = CARTESIAN_POINT ( 'NONE',  ( -1.619730743616254687, 3.600000000000000089, -2.415000000000002256 ) ) ;
#4041 = ORIENTED_EDGE ( 'NONE', *, *, #993, .T. ) ;
#4042 = EDGE_CURVE ( 'NONE', #4581, #3222, #1696, .T. ) ;
#4043 = ADVANCED_FACE ( 'NONE', ( #5715 ), #5210, .F. ) ;
#4044 = CARTESIAN_POINT ( 'NONE',  ( -5.389999999999998792, 9.700000000000001066, 0.9600000000000006306 ) ) ;
#4045 = FACE_OUTER_BOUND ( 'NONE', #2264, .T. ) ;
#4046 = FACE_OUTER_BOUND ( 'NONE', #2197, .T. ) ;
#4047 = ORIENTED_EDGE ( 'NONE', *, *, #5488, .F. ) ;
#4048 = DIRECTION ( 'NONE',  ( -1.000000000000000000, 0.000000000000000000, 1.748713181428230588E-16 ) ) ;
#4049 = DIRECTION ( 'NONE',  ( 0.000000000000000000, 1.000000000000000000, 0.000000000000000000 ) ) ;
#4050 = CARTESIAN_POINT ( 'NONE',  ( -3.460269256383744718, 3.600000000000000089, 2.415000000000001368 ) ) ;
#4051 = DIRECTION ( 'NONE',  ( -1.000000000000000000, 0.000000000000000000, 1.748713181428230588E-16 ) ) ;
#4052 = EDGE_LOOP ( 'NONE', ( #2726, #2383, #4601, #3920 ) ) ;
#4053 = ORIENTED_EDGE ( 'NONE', *, *, #3064, .T. ) ;
#4054 = LINE ( 'NONE', #1804, #1318 ) ;
#4055 = DIRECTION ( 'NONE',  ( 0.4226182617407046038, 0.000000000000000000, -0.9063077870366476052 ) ) ;
#4056 = ORIENTED_EDGE ( 'NONE', *, *, #3327, .T. ) ;
#4057 = DIRECTION ( 'NONE',  ( -0.000000000000000000, 1.000000000000000000, -0.000000000000000000 ) ) ;
#4058 = EDGE_CURVE ( 'NONE', #745, #869, #1731, .T. ) ;
#4059 = ORIENTED_EDGE ( 'NONE', *, *, #5601, .T. ) ;
#4060 = EDGE_LOOP ( 'NONE', ( #807, #3133, #5580, #563 ) ) ;
#4061 = UNCERTAINTY_MEASURE_WITH_UNIT (LENGTH_MEASURE( 1.000000000000000082E-05 ), #3819, 'distance_accuracy_value', 'NONE');
#4062 = ORIENTED_EDGE ( 'NONE', *, *, #425, .T. ) ;
#4063 = CARTESIAN_POINT ( 'NONE',  ( -0.6499999999999986899, 3.600000000000000089, -1.669999999999999707 ) ) ;
#4064 = CARTESIAN_POINT ( 'NONE',  ( -1.889999999999998126, 1.259999999999999787, 1.920000000000000151 ) ) ;
#4065 = LINE ( 'NONE', #2757, #2346 ) ;
#4066 = VERTEX_POINT ( 'NONE', #4394 ) ;
#4067 = DIRECTION ( 'NONE',  ( 0.000000000000000000, 0.000000000000000000, 1.000000000000000000 ) ) ;
#4068 = EDGE_CURVE ( 'NONE', #4319, #5347, #1884, .T. ) ;
#4069 = CARTESIAN_POINT ( 'NONE',  ( 0.3100000000000012745, 3.600000000000000089, -0.9599999999999999645 ) ) ;
#4070 = DIRECTION ( 'NONE',  ( 0.000000000000000000, 1.000000000000000000, 0.000000000000000000 ) ) ;
#4071 = ORIENTED_EDGE ( 'NONE', *, *, #5291, .T. ) ;
#4072 = AXIS2_PLACEMENT_3D ( 'NONE', #2379, #5072, #144 ) ;
#4073 = CARTESIAN_POINT ( 'NONE',  ( 4.159730743616254500, 1.259999999999999787, -2.415000000000002256 ) ) ;
#4074 = DIRECTION ( 'NONE',  ( 1.000000000000000000, -0.000000000000000000, -3.497426362856461177E-16 ) ) ;
#4075 = CARTESIAN_POINT ( 'NONE',  ( -5.729999999999998650, 1.459999999999999964, -1.919999999999999263 ) ) ;
#4076 = PRODUCT ( 'pin^95278-additional-goldtin', 'pin^95278-additional-goldtin', '', ( #744 ) ) ;
#4077 = EDGE_CURVE ( 'NONE', #5216, #5721, #5629, .T. ) ;
#4078 = DIRECTION ( 'NONE',  ( 0.9396926207859092051, 0.3420201433256666035, 0.000000000000000000 ) ) ;
#4079 = VERTEX_POINT ( 'NONE', #1257 ) ;
#4080 = VECTOR ( 'NONE', #3179, 1000.000000000000227 ) ;
#4081 = CARTESIAN_POINT ( 'NONE',  ( -4.769999999999997797, 0.000000000000000000, 3.237878387081806864 ) ) ;
#4082 = CARTESIAN_POINT ( 'NONE',  ( 0.9202692563837454598, 1.259999999999999787, -2.415000000000002256 ) ) ;
#4083 = EDGE_LOOP ( 'NONE', ( #4720, #4775, #1103, #1980 ) ) ;
#4084 = VECTOR ( 'NONE', #831, 1000.000000000000000 ) ;
#4085 = CARTESIAN_POINT ( 'NONE',  ( 3.856630765815502127, 1.259999999999999787, 1.765000000000001457 ) ) ;
#4086 = ADVANCED_FACE ( 'NONE', ( #5297 ), #3465, .T. ) ;
#4087 = ORIENTED_EDGE ( 'NONE', *, *, #5709, .F. ) ;
#4088 = ORIENTED_EDGE ( 'NONE', *, *, #2259, .T. ) ;
#4089 = ORIENTED_EDGE ( 'NONE', *, *, #5088, .F. ) ;
#4090 = CIRCLE ( 'NONE', #1591, 0.2499999999999995837 ) ;
#4091 = VECTOR ( 'NONE', #1459, 1000.000000000000000 ) ;
#4092 = EDGE_CURVE ( 'NONE', #1608, #961, #3893, .T. ) ;
#4093 = CYLINDRICAL_SURFACE ( 'NONE', #1327, 0.2499999999999995837 ) ;
#4094 = CARTESIAN_POINT ( 'NONE',  ( -5.729999999999998650, 1.259999999999999787, -1.669999999999999707 ) ) ;
#4095 = AXIS2_PLACEMENT_3D ( 'NONE', #2850, #1492, #4632 ) ;
#4096 = CARTESIAN_POINT ( 'NONE',  ( 5.390000000000000568, 1.459999999999999964, -0.9599999999999999645 ) ) ;
#4097 = EDGE_CURVE ( 'NONE', #4079, #594, #4862, .T. ) ;
#4098 = EDGE_LOOP ( 'NONE', ( #2473, #5059, #4759, #2405 ) ) ;
#4099 = VECTOR ( 'NONE', #4169, 1000.000000000000000 ) ;
#4100 = AXIS2_PLACEMENT_3D ( 'NONE', #1102, #629, #2417 ) ;
#4101 = LINE ( 'NONE', #4044, #1412 ) ;
#4102 = FACE_OUTER_BOUND ( 'NONE', #1097, .T. ) ;
#4103 = AXIS2_PLACEMENT_3D ( 'NONE', #3664, #5446, #4912 ) ;
#4104 = CARTESIAN_POINT ( 'NONE',  ( 3.763369234184499312, 3.600000000000000089, 1.765000000000001457 ) ) ;
#4105 = ORIENTED_EDGE ( 'NONE', *, *, #1373, .F. ) ;
#4106 = CIRCLE ( 'NONE', #5610, 0.2499999999999995837 ) ;
#4107 = DIRECTION ( 'NONE',  ( 1.000000000000000000, 0.000000000000000000, 0.000000000000000000 ) ) ;
#4108 = DIRECTION ( 'NONE',  ( -0.000000000000000000, 1.000000000000000000, -0.000000000000000000 ) ) ;
#4109 = FACE_OUTER_BOUND ( 'NONE', #3840, .T. ) ;
#4110 = CARTESIAN_POINT ( 'NONE',  ( -4.919999999999999041, 9.700000000000001066, 0.000000000000000000 ) ) ;
#4111 = VECTOR ( 'NONE', #503, 1000.000000000000000 ) ;
#4112 = ORIENTED_EDGE ( 'NONE', *, *, #3478, .F. ) ;
#4113 = EDGE_CURVE ( 'NONE', #3680, #2358, #3431, .T. ) ;
#4114 = CARTESIAN_POINT ( 'NONE',  ( 1.619730743616255131, 1.259999999999999787, -2.415000000000002256 ) ) ;
#4115 = DIRECTION ( 'NONE',  ( -0.000000000000000000, 1.000000000000000000, -0.000000000000000000 ) ) ;
#4116 = ORIENTED_EDGE ( 'NONE', *, *, #260, .F. ) ;
#4117 = CARTESIAN_POINT ( 'NONE',  ( 2.850000000000000533, 3.600000000000000089, -0.9599999999999999645 ) ) ;
#4118 = EDGE_LOOP ( 'NONE', ( #2490, #1514, #3376, #4071 ) ) ;
#4119 = ORIENTED_EDGE ( 'NONE', *, *, #962, .T. ) ;
#4120 = ORIENTED_EDGE ( 'NONE', *, *, #1375, .T. ) ;
#4121 = DIRECTION ( 'NONE',  ( -0.000000000000000000, 1.000000000000000000, -0.000000000000000000 ) ) ;
#4122 = CARTESIAN_POINT ( 'NONE',  ( -5.389999999999998792, 0.000000000000000000, 0.9600000000000006306 ) ) ;
#4123 = FILL_AREA_STYLE_COLOUR ( '', #5636 ) ;
#4124 = DIRECTION ( 'NONE',  ( 0.000000000000000000, 0.000000000000000000, -1.000000000000000000 ) ) ;
#4125 = ORIENTED_EDGE ( 'NONE', *, *, #949, .F. ) ;
#4126 = DIRECTION ( 'NONE',  ( 0.000000000000000000, 1.000000000000000000, 0.000000000000000000 ) ) ;
#4127 = EDGE_CURVE ( 'NONE', #4989, #4976, #1230, .T. ) ;
#4128 = CARTESIAN_POINT ( 'NONE',  ( 0.9202692563837463480, 1.259999999999999787, 2.415000000000001368 ) ) ;
#4129 = EDGE_CURVE ( 'NONE', #55, #5370, #4332, .T. ) ;
#4130 = DIRECTION ( 'NONE',  ( 1.000000000000000000, 0.000000000000000000, -3.497426362856461177E-16 ) ) ;
#4131 = ORIENTED_EDGE ( 'NONE', *, *, #1543, .T. ) ;
#4132 =( NAMED_UNIT ( * ) SI_UNIT ( $, .STERADIAN. ) SOLID_ANGLE_UNIT ( ) );
#4133 = CARTESIAN_POINT ( 'NONE',  ( 5.730000000000002203, 1.459999999999999964, 1.920000000000000151 ) ) ;
#4134 = CARTESIAN_POINT ( 'NONE',  ( -4.159730743616254500, 3.600000000000000089, -2.415000000000002256 ) ) ;
#4135 = CARTESIAN_POINT ( 'NONE',  ( -4.769999999999997797, 1.119999999999999440, 0.9600000000000005196 ) ) ;
#4136 = ORIENTED_EDGE ( 'NONE', *, *, #2672, .F. ) ;
#4137 = LINE ( 'NONE', #3698, #2983 ) ;
#4138 = CYLINDRICAL_SURFACE ( 'NONE', #5136, 0.2499999999999995837 ) ;
#4139 = ADVANCED_FACE ( 'NONE', ( #812 ), #3405, .T. ) ;
#4140 = EDGE_LOOP ( 'NONE', ( #4185, #3427, #38, #660 ) ) ;
#4141 = LINE ( 'NONE', #145, #1954 ) ;
#4142 = EDGE_CURVE ( 'NONE', #1086, #4680, #2192, .T. ) ;
#4143 = ORIENTED_EDGE ( 'NONE', *, *, #1235, .T. ) ;
#4144 = ORIENTED_EDGE ( 'NONE', *, *, #5501, .T. ) ;
#4145 = ORIENTED_EDGE ( 'NONE', *, *, #1614, .F. ) ;
#4146 = CARTESIAN_POINT ( 'NONE',  ( -4.769999999999997797, 9.700000000000001066, -0.9600000000000005196 ) ) ;
#4147 = CARTESIAN_POINT ( 'NONE',  ( 0.6500000000000021316, 3.799999999999999822, 1.670000000000000373 ) ) ;
#4148 = ORIENTED_EDGE ( 'NONE', *, *, #2916, .F. ) ;
#4149 = DIRECTION ( 'NONE',  ( 0.000000000000000000, 0.000000000000000000, 1.000000000000000000 ) ) ;
#4150 = LINE ( 'NONE', #4128, #4929 ) ;
#4151 = VERTEX_POINT ( 'NONE', #2081 ) ;
#4152 = CARTESIAN_POINT ( 'NONE',  ( 0.000000000000000000, 3.600000000000000089, 0.000000000000000000 ) ) ;
#4153 = EDGE_LOOP ( 'NONE', ( #3482, #2848, #2227, #4779 ) ) ;
#4154 = EDGE_CURVE ( 'NONE', #2938, #2722, #5180, .T. ) ;
#4155 = DIRECTION ( 'NONE',  ( 0.000000000000000000, 0.000000000000000000, 1.000000000000000000 ) ) ;
#4156 = CARTESIAN_POINT ( 'NONE',  ( 1.223369234184499277, 3.600000000000000089, -1.765000000000002789 ) ) ;
#4157 = CARTESIAN_POINT ( 'NONE',  ( -4.769999999999997797, 9.287878387081802245, -0.9600000000000005196 ) ) ;
#4158 = DIRECTION ( 'NONE',  ( 3.497426362856461177E-16, 0.000000000000000000, 1.000000000000000000 ) ) ;
#4159 = EDGE_CURVE ( 'NONE', #3856, #5150, #488, .T. ) ;
#4160 = VERTEX_POINT ( 'NONE', #5415 ) ;
#4161 = CARTESIAN_POINT ( 'NONE',  ( -0.9202692563837450157, 3.600000000000000089, -2.415000000000002256 ) ) ;
#4162 = CARTESIAN_POINT ( 'NONE',  ( 3.763369234184499312, 1.259999999999999787, 1.765000000000001457 ) ) ;
#4163 = DIRECTION ( 'NONE',  ( 0.000000000000000000, 0.000000000000000000, 1.000000000000000000 ) ) ;
#4164 = LINE ( 'NONE', #3358, #4838 ) ;
#4165 = VECTOR ( 'NONE', #5763, 1000.000000000000000 ) ;
#4166 = ORIENTED_EDGE ( 'NONE', *, *, #257, .F. ) ;
#4167 = ORIENTED_EDGE ( 'NONE', *, *, #4582, .F. ) ;
#4168 = EDGE_LOOP ( 'NONE', ( #5164, #709, #4255, #2816 ) ) ;
#4169 = DIRECTION ( 'NONE',  ( -0.4226182617407047704, 0.000000000000000000, -0.9063077870366474942 ) ) ;
#4170 = DIRECTION ( 'NONE',  ( 0.000000000000000000, 0.000000000000000000, 1.000000000000000000 ) ) ;
#4171 =( NAMED_UNIT ( * ) PLANE_ANGLE_UNIT ( ) SI_UNIT ( $, .RADIAN. ) );
#4172 = ORIENTED_EDGE ( 'NONE', *, *, #1543, .F. ) ;
#4173 = LINE ( 'NONE', #220, #2053 ) ;
#4174 = AXIS2_PLACEMENT_3D ( 'NONE', #971, #2313, #4459 ) ;
#4175 = EDGE_LOOP ( 'NONE', ( #3825, #4231, #4230, #2155 ) ) ;
#4176 = VECTOR ( 'NONE', #970, 1000.000000000000000 ) ;
#4177 = CARTESIAN_POINT ( 'NONE',  ( -3.189999999999998614, 3.600000000000000089, -2.169999999999998597 ) ) ;
#4178 = EDGE_CURVE ( 'NONE', #5198, #3680, #4101, .T. ) ;
#4179 = VECTOR ( 'NONE', #811, 1000.000000000000000 ) ;
#4180 = VECTOR ( 'NONE', #2285, 1000.000000000000000 ) ;
#4181 = DIRECTION ( 'NONE',  ( 0.000000000000000000, 0.000000000000000000, 1.000000000000000000 ) ) ;
#4182 = ORIENTED_EDGE ( 'NONE', *, *, #4672, .T. ) ;
#4183 = DIRECTION ( 'NONE',  ( 0.000000000000000000, 1.000000000000000000, 0.000000000000000000 ) ) ;
#4184 = VECTOR ( 'NONE', #2627, 1000.000000000000000 ) ;
#4185 = ORIENTED_EDGE ( 'NONE', *, *, #921, .F. ) ;
#4186 = VECTOR ( 'NONE', #4406, 1000.000000000000000 ) ;
#4187 = ADVANCED_FACE ( 'NONE', ( #2334 ), #4447, .F. ) ;
#4188 = DIRECTION ( 'NONE',  ( -0.000000000000000000, 1.000000000000000000, -0.000000000000000000 ) ) ;
#4189 = CARTESIAN_POINT ( 'NONE',  ( -4.769999999999997797, 3.600000000000000089, 1.580000000000000293 ) ) ;
#4190 = VECTOR ( 'NONE', #4888, 1000.000000000000000 ) ;
#4191 = CARTESIAN_POINT ( 'NONE',  ( 1.316630765815501869, 3.600000000000000089, -1.765000000000002789 ) ) ;
#4192 = DIRECTION ( 'NONE',  ( 0.000000000000000000, 1.000000000000000000, 0.000000000000000000 ) ) ;
#4193 = DIRECTION ( 'NONE',  ( 0.000000000000000000, 1.000000000000000000, 0.000000000000000000 ) ) ;
#4194 = EDGE_CURVE ( 'NONE', #5198, #5035, #1014, .T. ) ;
#4195 = EDGE_LOOP ( 'NONE', ( #1462, #2665, #40, #1819 ) ) ;
#4196 = VECTOR ( 'NONE', #279, 1000.000000000000000 ) ;
#4197 = CARTESIAN_POINT ( 'NONE',  ( 0.6500000000000021316, 3.600000000000000089, 2.169999999999999485 ) ) ;
#4198 = EDGE_CURVE ( 'NONE', #302, #1271, #988, .T. ) ;
#4199 = CARTESIAN_POINT ( 'NONE',  ( 1.890000000000001013, 1.259999999999999787, -2.169999999999998597 ) ) ;
#4200 = DIRECTION ( 'NONE',  ( -0.000000000000000000, -0.000000000000000000, 1.000000000000000000 ) ) ;
#4201 = AXIS2_PLACEMENT_3D ( 'NONE', #5043, #1971, #1060 ) ;
#4202 = LINE ( 'NONE', #2436, #3551 ) ;
#4203 = ORIENTED_EDGE ( 'NONE', *, *, #3545, .F. ) ;
#4204 = ORIENTED_EDGE ( 'NONE', *, *, #5405, .T. ) ;
#4205 = ORIENTED_EDGE ( 'NONE', *, *, #5668, .T. ) ;
#4206 = CARTESIAN_POINT ( 'NONE',  ( 3.190000000000001723, 3.600000000000000089, 1.920000000000000151 ) ) ;
#4207 = CARTESIAN_POINT ( 'NONE',  ( 0.000000000000000000, 0.000000000000000000, 3.649999999999999911 ) ) ;
#4208 = VERTEX_POINT ( 'NONE', #2737 ) ;
#4209 = PRODUCT_RELATED_PRODUCT_CATEGORY ( 'part', '', ( #4076 ) ) ;
#4210 = CARTESIAN_POINT ( 'NONE',  ( -4.429999999999997939, 3.799999999999999822, 1.670000000000000373 ) ) ;
#4211 = EDGE_LOOP ( 'NONE', ( #2924, #97 ) ) ;
#4212 = CARTESIAN_POINT ( 'NONE',  ( -4.769999999999997797, 3.600000000000000089, 1.580000000000000293 ) ) ;
#4213 = PLANE ( 'NONE',  #3351 ) ;
#4214 = ORIENTED_EDGE ( 'NONE', *, *, #2594, .T. ) ;
#4215 = EDGE_CURVE ( 'NONE', #2272, #2106, #2626, .T. ) ;
#4216 = CARTESIAN_POINT ( 'NONE',  ( 1.890000000000001013, 3.799999999999999822, -2.169999999999998597 ) ) ;
#4217 = ORIENTED_EDGE ( 'NONE', *, *, #153, .T. ) ;
#4218 = EDGE_CURVE ( 'NONE', #1356, #630, #3223, .T. ) ;
#4219 = VECTOR ( 'NONE', #340, 1000.000000000000000 ) ;
#4220 = DIRECTION ( 'NONE',  ( 0.000000000000000000, 0.000000000000000000, 1.000000000000000000 ) ) ;
#4221 = DIRECTION ( 'NONE',  ( -1.000000000000000000, 0.000000000000000000, 1.748713181428230588E-16 ) ) ;
#4222 = DIRECTION ( 'NONE',  ( 0.000000000000000000, -0.000000000000000000, -1.000000000000000000 ) ) ;
#4223 = CARTESIAN_POINT ( 'NONE',  ( -4.429999999999997939, 3.600000000000000089, 1.920000000000000151 ) ) ;
#4224 = ORIENTED_EDGE ( 'NONE', *, *, #283, .T. ) ;
#4225 = ADVANCED_FACE ( 'NONE', ( #3637 ), #2306, .T. ) ;
#4226 = DIRECTION ( 'NONE',  ( -1.000000000000000000, 0.000000000000000000, 1.024442997624098707E-16 ) ) ;
#4227 = CARTESIAN_POINT ( 'NONE',  ( -4.159730743616254500, 3.600000000000000089, -2.415000000000002256 ) ) ;
#4228 = DIRECTION ( 'NONE',  ( -0.000000000000000000, 0.000000000000000000, 1.000000000000000000 ) ) ;
#4229 = CARTESIAN_POINT ( 'NONE',  ( -5.389999999999998792, 9.287878387081802245, -1.580000000000000515 ) ) ;
#4230 = ORIENTED_EDGE ( 'NONE', *, *, #4514, .F. ) ;
#4231 = ORIENTED_EDGE ( 'NONE', *, *, #4433, .T. ) ;
#4232 = VERTEX_POINT ( 'NONE', #1394 ) ;
#4233 = CARTESIAN_POINT ( 'NONE',  ( -0.3099999999999994982, 1.459999999999999964, -1.579999999999999405 ) ) ;
#4234 = CARTESIAN_POINT ( 'NONE',  ( 4.769999999999999574, 1.459999999999999964, -0.9599999999999997424 ) ) ;
#4235 =( LENGTH_UNIT ( ) NAMED_UNIT ( * ) SI_UNIT ( .MILLI., .METRE. ) );
#4236 = ADVANCED_FACE ( 'NONE', ( #5768 ), #454, .F. ) ;
#4237 = ORIENTED_EDGE ( 'NONE', *, *, #4002, .T. ) ;
#4238 = DIRECTION ( 'NONE',  ( 0.000000000000000000, 0.000000000000000000, -1.000000000000000000 ) ) ;
#4239 = VERTEX_POINT ( 'NONE', #1840 ) ;
#4240 = CARTESIAN_POINT ( 'NONE',  ( 5.730000000000002203, 3.600000000000000089, 1.920000000000000151 ) ) ;
#4241 = DIRECTION ( 'NONE',  ( 0.000000000000000000, 1.000000000000000000, 0.000000000000000000 ) ) ;
#4242 = ORIENTED_EDGE ( 'NONE', *, *, #1828, .F. ) ;
#4243 = DIRECTION ( 'NONE',  ( 0.000000000000000000, 0.000000000000000000, -1.000000000000000000 ) ) ;
#4244 = ORIENTED_EDGE ( 'NONE', *, *, #1607, .T. ) ;
#4245 = EDGE_CURVE ( 'NONE', #895, #2999, #3605, .T. ) ;
#4246 = PLANE ( 'NONE',  #1541 ) ;
#4247 = DIRECTION ( 'NONE',  ( 0.000000000000000000, 0.000000000000000000, 1.000000000000000000 ) ) ;
#4248 = CARTESIAN_POINT ( 'NONE',  ( -4.769999999999997797, 3.600000000000000089, -1.580000000000000293 ) ) ;
#4249 = DIRECTION ( 'NONE',  ( 0.000000000000000000, 0.000000000000000000, -1.000000000000000000 ) ) ;
#4250 = ORIENTED_EDGE ( 'NONE', *, *, #5445, .F. ) ;
#4251 = EDGE_CURVE ( 'NONE', #5554, #682, #1452, .T. ) ;
#4252 = DIRECTION ( 'NONE',  ( -0.000000000000000000, -1.000000000000000000, 0.000000000000000000 ) ) ;
#4253 = CARTESIAN_POINT ( 'NONE',  ( 1.890000000000001013, 1.459999999999999964, -1.919999999999999263 ) ) ;
#4254 = DIRECTION ( 'NONE',  ( -0.000000000000000000, -1.000000000000000000, -0.000000000000000000 ) ) ;
#4255 = ORIENTED_EDGE ( 'NONE', *, *, #3762, .F. ) ;
#4256 = ORIENTED_EDGE ( 'NONE', *, *, #3669, .T. ) ;
#4257 = CARTESIAN_POINT ( 'NONE',  ( 2.850000000000001421, 1.459999999999999964, 1.580000000000000293 ) ) ;
#4258 = CARTESIAN_POINT ( 'NONE',  ( -5.389999999999998792, 3.600000000000000089, -1.580000000000000515 ) ) ;
#4259 = ORIENTED_EDGE ( 'NONE', *, *, #4595, .T. ) ;
#4260 = ADVANCED_FACE ( 'NONE', ( #2708 ), #1868, .F. ) ;
#4261 = FACE_OUTER_BOUND ( 'NONE', #3623, .T. ) ;
#4262 = ORIENTED_EDGE ( 'NONE', *, *, #3634, .F. ) ;
#4263 = CIRCLE ( 'NONE', #731, 1.120000000000000107 ) ;
#4264 = CARTESIAN_POINT ( 'NONE',  ( -0.3099999999999994982, 3.600000000000000089, -0.9599999999999997424 ) ) ;
#4265 = VECTOR ( 'NONE', #4956, 1000.000000000000000 ) ;
#4266 = ADVANCED_FACE ( 'NONE', ( #429 ), #1428, .T. ) ;
#4267 = AXIS2_PLACEMENT_3D ( 'NONE', #1690, #1272, #2615 ) ;
#4268 = CARTESIAN_POINT ( 'NONE',  ( 0.000000000000000000, 1.459999999999999964, 1.765000000000001457 ) ) ;
#4269 = ORIENTED_EDGE ( 'NONE', *, *, #2388, .T. ) ;
#4270 = CARTESIAN_POINT ( 'NONE',  ( -1.316630765815500537, 3.600000000000000089, 1.765000000000001457 ) ) ;
#4271 = ORIENTED_EDGE ( 'NONE', *, *, #4595, .F. ) ;
#4272 = VECTOR ( 'NONE', #4533, 1000.000000000000000 ) ;
#4273 = VECTOR ( 'NONE', #4317, 1000.000000000000114 ) ;
#4274 = CARTESIAN_POINT ( 'NONE',  ( 6.116846170922498160, 1.459999999999999964, -2.415000000000000480 ) ) ;
#4275 = DIRECTION ( 'NONE',  ( 0.000000000000000000, 0.000000000000000000, -1.000000000000000000 ) ) ;
#4276 = CARTESIAN_POINT ( 'NONE',  ( -4.769999999999997797, 9.700000000000001066, 1.580000000000000293 ) ) ;
#4277 = DIRECTION ( 'NONE',  ( 0.000000000000000000, 1.000000000000000000, 0.000000000000000000 ) ) ;
#4278 = VECTOR ( 'NONE', #1981, 1000.000000000000000 ) ;
#4279 = VECTOR ( 'NONE', #3266, 1000.000000000000000 ) ;
#4280 = DIRECTION ( 'NONE',  ( 1.000000000000000000, -0.000000000000000000, -1.365923996832131609E-16 ) ) ;
#4281 = EDGE_LOOP ( 'NONE', ( #422, #2893 ) ) ;
#4282 = EDGE_CURVE ( 'NONE', #1297, #3227, #1315, .T. ) ;
#4283 = VECTOR ( 'NONE', #4999, 1000.000000000000000 ) ;
#4284 = AXIS2_PLACEMENT_3D ( 'NONE', #3578, #4478, #5374 ) ;
#4285 = FACE_OUTER_BOUND ( 'NONE', #1161, .T. ) ;
#4286 = LINE ( 'NONE', #2949, #1768 ) ;
#4287 = DIRECTION ( 'NONE',  ( 1.024442997624098707E-16, -0.000000000000000000, 1.000000000000000000 ) ) ;
#4288 = CARTESIAN_POINT ( 'NONE',  ( 6.116846170922497272, 3.600000000000000089, 2.415000000000001368 ) ) ;
#4289 = ORIENTED_EDGE ( 'NONE', *, *, #3838, .F. ) ;
#4290 = CIRCLE ( 'NONE', #1702, 0.2499999999999995837 ) ;
#4291 = ORIENTED_EDGE ( 'NONE', *, *, #1433, .T. ) ;
#4292 = EDGE_CURVE ( 'NONE', #3275, #5012, #4290, .T. ) ;
#4293 = ADVANCED_FACE ( 'NONE', ( #3980 ), #3556, .F. ) ;
#4294 = CARTESIAN_POINT ( 'NONE',  ( -4.769999999999997797, 1.119999999999999440, -0.9600000000000005196 ) ) ;
#4295 = DIRECTION ( 'NONE',  ( 0.3236155771181846164, -0.3236155771181846164, 0.8891264907159883712 ) ) ;
#4296 = VECTOR ( 'NONE', #1570, 1000.000000000000114 ) ;
#4297 = CARTESIAN_POINT ( 'NONE',  ( 7.620000000000000107, 0.000000000000000000, 0.000000000000000000 ) ) ;
#4298 = EDGE_LOOP ( 'NONE', ( #3539, #715, #4432, #981 ) ) ;
#4299 = LINE ( 'NONE', #2866, #4917 ) ;
#4300 = ORIENTED_EDGE ( 'NONE', *, *, #2743, .F. ) ;
#4301 = CARTESIAN_POINT ( 'NONE',  ( 5.730000000000002203, 1.259999999999999787, 1.920000000000000151 ) ) ;
#4302 = CARTESIAN_POINT ( 'NONE',  ( 0.4054381332543916527, 1.459999999999999964, 0.1890589064445924450 ) ) ;
#4303 = VERTEX_POINT ( 'NONE', #4946 ) ;
#4304 = FACE_OUTER_BOUND ( 'NONE', #2929, .T. ) ;
#4305 = ORIENTED_EDGE ( 'NONE', *, *, #513, .F. ) ;
#4306 = EDGE_CURVE ( 'NONE', #1531, #487, #963, .T. ) ;
#4307 = COLOUR_RGB ( '',0.9686274509803921573, 0.8784313725490195957, 0.5999999999999999778 ) ;
#4308 = CARTESIAN_POINT ( 'NONE',  ( -4.769999999999997797, 9.700000000000001066, 0.9600000000000005196 ) ) ;
#4309 = DIRECTION ( 'NONE',  ( -1.000000000000000000, 0.000000000000000000, 1.748713181428230588E-16 ) ) ;
#4310 = EDGE_CURVE ( 'NONE', #4958, #5382, #1101, .T. ) ;
#4311 = DIRECTION ( 'NONE',  ( 0.000000000000000000, 1.000000000000000000, 0.000000000000000000 ) ) ;
#4312 = CYLINDRICAL_SURFACE ( 'NONE', #362, 0.2499999999999995837 ) ;
#4313 = EDGE_LOOP ( 'NONE', ( #4203, #1443 ) ) ;
#4314 = CARTESIAN_POINT ( 'NONE',  ( -6.116846170922498160, 1.459999999999999964, -2.415000000000000480 ) ) ;
#4315 = FACE_OUTER_BOUND ( 'NONE', #2162, .T. ) ;
#4316 = VECTOR ( 'NONE', #371, 1000.000000000000000 ) ;
#4317 = DIRECTION ( 'NONE',  ( 0.4226182617407052144, -0.000000000000000000, 0.9063077870366472721 ) ) ;
#4318 = DIRECTION ( 'NONE',  ( 0.000000000000000000, 0.000000000000000000, 1.000000000000000000 ) ) ;
#4319 = VERTEX_POINT ( 'NONE', #4177 ) ;
#4320 = ORIENTED_EDGE ( 'NONE', *, *, #2843, .F. ) ;
#4321 = DIRECTION ( 'NONE',  ( 0.000000000000000000, 0.000000000000000000, 1.000000000000000000 ) ) ;
#4322 = EDGE_CURVE ( 'NONE', #2867, #1905, #853, .T. ) ;
#4323 = LINE ( 'NONE', #2095, #1795 ) ;
#4324 = VERTEX_POINT ( 'NONE', #5470 ) ;
#4325 = FACE_OUTER_BOUND ( 'NONE', #887, .T. ) ;
#4326 = ORIENTED_EDGE ( 'NONE', *, *, #5183, .F. ) ;
#4327 = FACE_OUTER_BOUND ( 'NONE', #39, .T. ) ;
#4328 = ADVANCED_FACE ( 'NONE', ( #1073 ), #132, .T. ) ;
#4329 = DIRECTION ( 'NONE',  ( -0.000000000000000000, 1.000000000000000000, -0.000000000000000000 ) ) ;
#4330 = ORIENTED_EDGE ( 'NONE', *, *, #2496, .F. ) ;
#4331 = FACE_OUTER_BOUND ( 'NONE', #1292, .T. ) ;
#4332 = LINE ( 'NONE', #339, #3919 ) ;
#4333 = DIRECTION ( 'NONE',  ( 0.000000000000000000, 1.000000000000000000, 0.000000000000000000 ) ) ;
#4334 = CARTESIAN_POINT ( 'NONE',  ( -4.429999999999997939, 3.799999999999999822, 1.920000000000000151 ) ) ;
#4335 = CARTESIAN_POINT ( 'NONE',  ( -2.229999999999998206, 3.600000000000000089, 1.580000000000000293 ) ) ;
#4336 = ORIENTED_EDGE ( 'NONE', *, *, #131, .T. ) ;
#4337 = DIRECTION ( 'NONE',  ( 0.000000000000000000, 1.000000000000000000, 0.000000000000000000 ) ) ;
#4338 = LINE ( 'NONE', #3501, #5572 ) ;
#4339 = FILL_AREA_STYLE_COLOUR ( '', #837 ) ;
#4340 = EDGE_CURVE ( 'NONE', #2993, #886, #4386, .T. ) ;
#4341 = DIRECTION ( 'NONE',  ( -0.000000000000000000, 1.000000000000000000, -0.000000000000000000 ) ) ;
#4342 = ORIENTED_EDGE ( 'NONE', *, *, #5233, .F. ) ;
#4343 = EDGE_LOOP ( 'NONE', ( #1408, #919, #4059, #5158 ) ) ;
#4344 = CARTESIAN_POINT ( 'NONE',  ( 1.890000000000001013, 1.259999999999999787, -1.919999999999999263 ) ) ;
#4345 = LINE ( 'NONE', #1270, #4855 ) ;
#4346 = ITEM_DEFINED_TRANSFORMATION ( 'NONE', 'NONE', #1129,  #2384 ) ;
#4347 = ORIENTED_EDGE ( 'NONE', *, *, #1794, .F. ) ;
#4348 = DIRECTION ( 'NONE',  ( -1.000000000000000000, 0.000000000000000000, 0.000000000000000000 ) ) ;
#4349 = EDGE_LOOP ( 'NONE', ( #4214, #4237, #5665, #571 ) ) ;
#4350 = PRODUCT_DEFINITION_SHAPE ( 'NONE', 'NONE',  #5779 ) ;
#4351 = VECTOR ( 'NONE', #734, 1000.000000000000000 ) ;
#4352 = LINE ( 'NONE', #3947, #1227 ) ;
#4353 = CARTESIAN_POINT ( 'NONE',  ( -4.769999999999997797, 3.600000000000000089, 0.9600000000000005196 ) ) ;
#4354 = VERTEX_POINT ( 'NONE', #5060 ) ;
#4355 = CIRCLE ( 'NONE', #265, 0.2499999999999995837 ) ;
#4356 = DIRECTION ( 'NONE',  ( -0.000000000000000000, 1.000000000000000000, -0.000000000000000000 ) ) ;
#4357 = EDGE_CURVE ( 'NONE', #1587, #1608, #1518, .T. ) ;
#4358 = EDGE_CURVE ( 'NONE', #444, #1587, #2842, .T. ) ;
#4359 = LINE ( 'NONE', #313, #4184 ) ;
#4360 = VECTOR ( 'NONE', #689, 1000.000000000000000 ) ;
#4361 = DIRECTION ( 'NONE',  ( 0.000000000000000000, -0.000000000000000000, 1.000000000000000000 ) ) ;
#4362 = DIRECTION ( 'NONE',  ( 0.000000000000000000, 0.000000000000000000, 1.000000000000000000 ) ) ;
#4363 = CARTESIAN_POINT ( 'NONE',  ( 0.000000000000000000, 1.459999999999999964, -1.765000000000002789 ) ) ;
#4364 = VECTOR ( 'NONE', #4895, 1000.000000000000000 ) ;
#4365 = VERTEX_POINT ( 'NONE', #191 ) ;
#4366 = ADVANCED_FACE ( 'NONE', ( #4654 ), #3776, .T. ) ;
#4367 = CARTESIAN_POINT ( 'NONE',  ( -4.919999999999998153, 0.6200000000000007727, 3.649999999999999911 ) ) ;
#4368 = VECTOR ( 'NONE', #904, 1000.000000000000000 ) ;
#4369 = PLANE ( 'NONE',  #5761 ) ;
#4370 = AXIS2_PLACEMENT_3D ( 'NONE', #5061, #1048, #3688 ) ;
#4371 = CARTESIAN_POINT ( 'NONE',  ( -2.229999999999999094, 1.459999999999999964, -0.9599999999999999645 ) ) ;
#4372 = EDGE_CURVE ( 'NONE', #4958, #3423, #2350, .T. ) ;
#4373 = FACE_OUTER_BOUND ( 'NONE', #5105, .T. ) ;
#4374 = ORIENTED_EDGE ( 'NONE', *, *, #17, .F. ) ;
#4375 = VERTEX_POINT ( 'NONE', #2905 ) ;
#4376 = COLOUR_RGB ( '',0.9686274509803921573, 0.8784313725490195957, 0.5999999999999999778 ) ;
#4377 = VECTOR ( 'NONE', #5340, 1000.000000000000000 ) ;
#4378 = VECTOR ( 'NONE', #2624, 1000.000000000000000 ) ;
#4379 = DIRECTION ( 'NONE',  ( 0.000000000000000000, -0.000000000000000000, 1.000000000000000000 ) ) ;
#4380 = EDGE_CURVE ( 'NONE', #1635, #5493, #1042, .T. ) ;
#4381 = CARTESIAN_POINT ( 'NONE',  ( -4.429999999999997939, 1.259999999999999787, 1.920000000000000151 ) ) ;
#4382 =( NAMED_UNIT ( * ) PLANE_ANGLE_UNIT ( ) SI_UNIT ( $, .RADIAN. ) );
#4383 = ORIENTED_EDGE ( 'NONE', *, *, #4811, .F. ) ;
#4384 = AXIS2_PLACEMENT_3D ( 'NONE', #5194, #5260, #5670 ) ;
#4385 = DIRECTION ( 'NONE',  ( -0.000000000000000000, -1.000000000000000000, -0.000000000000000000 ) ) ;
#4386 = CIRCLE ( 'NONE', #574, 0.2499999999999995837 ) ;
#4387 = EDGE_CURVE ( 'NONE', #3132, #4880, #2450, .T. ) ;
#4388 = VERTEX_POINT ( 'NONE', #4212 ) ;
#4389 = AXIS2_PLACEMENT_3D ( 'NONE', #1009, #2780, #1041 ) ;
#4390 = CARTESIAN_POINT ( 'NONE',  ( 5.730000000000002203, 1.259999999999999787, 1.920000000000000151 ) ) ;
#4391 = CARTESIAN_POINT ( 'NONE',  ( -6.116846170922497272, 3.600000000000000089, 2.415000000000001368 ) ) ;
#4392 = CARTESIAN_POINT ( 'NONE',  ( -0.3099999999999986655, 1.459999999999999964, 0.9600000000000006306 ) ) ;
#4393 = ORIENTED_EDGE ( 'NONE', *, *, #4092, .F. ) ;
#4394 = CARTESIAN_POINT ( 'NONE',  ( -4.769999999999997797, 1.119999999999999440, -0.9600000000000005196 ) ) ;
#4395 = EDGE_CURVE ( 'NONE', #4628, #1919, #5, .T. ) ;
#4396 = DIRECTION ( 'NONE',  ( 0.000000000000000000, 0.000000000000000000, 1.000000000000000000 ) ) ;
#4397 = ADVANCED_FACE ( 'NONE', ( #3715 ), #2415, .F. ) ;
#4398 = CARTESIAN_POINT ( 'NONE',  ( 0.6500000000000021316, 1.259999999999999787, 2.169999999999999485 ) ) ;
#4399 = ADVANCED_FACE ( 'NONE', ( #2367 ), #3310, .F. ) ;
#4400 = PLANE ( 'NONE',  #1115 ) ;
#4401 = VERTEX_POINT ( 'NONE', #1575 ) ;
#4402 = CARTESIAN_POINT ( 'NONE',  ( 4.430000000000001492, 1.259999999999999787, -1.669999999999999707 ) ) ;
#4403 = LINE ( 'NONE', #3035, #1194 ) ;
#4404 =( LENGTH_UNIT ( ) NAMED_UNIT ( * ) SI_UNIT ( .MILLI., .METRE. ) );
#4405 = PRODUCT ( '95278 body-goldtin_10', '95278 body-goldtin_10', '', ( #2066 ) ) ;
#4406 = DIRECTION ( 'NONE',  ( -0.000000000000000000, 1.000000000000000000, -0.000000000000000000 ) ) ;
#4407 = ORIENTED_EDGE ( 'NONE', *, *, #1128, .T. ) ;
#4408 = ORIENTED_EDGE ( 'NONE', *, *, #4997, .F. ) ;
#4409 = DIRECTION ( 'NONE',  ( -0.4226182617407043263, 0.000000000000000000, 0.9063077870366476052 ) ) ;
#4410 = DIRECTION ( 'NONE',  ( 0.000000000000000000, 1.000000000000000000, 0.000000000000000000 ) ) ;
#4411 = VECTOR ( 'NONE', #5245, 1000.000000000000000 ) ;
#4412 = ORIENTED_EDGE ( 'NONE', *, *, #2906, .F. ) ;
#4413 = CARTESIAN_POINT ( 'NONE',  ( 6.350000000000000533, 1.459999999999999964, -1.915000000000000924 ) ) ;
#4414 = EDGE_LOOP ( 'NONE', ( #892, #5225, #2100, #460 ) ) ;
#4415 = ORIENTED_EDGE ( 'NONE', *, *, #3612, .T. ) ;
#4416 = UNCERTAINTY_MEASURE_WITH_UNIT (LENGTH_MEASURE( 1.000000000000000082E-05 ), #4536, 'distance_accuracy_value', 'NONE');
#4417 = EDGE_LOOP ( 'NONE', ( #2004, #3097, #3044, #148, #152, #890, #954, #722 ) ) ;
#4418 = CARTESIAN_POINT ( 'NONE',  ( 3.190000000000001723, 1.259999999999999787, 1.920000000000000151 ) ) ;
#4419 = CARTESIAN_POINT ( 'NONE',  ( -4.769999999999997797, 0.000000000000000000, -1.580000000000000293 ) ) ;
#4420 = DIRECTION ( 'NONE',  ( 0.000000000000000000, 1.000000000000000000, 0.000000000000000000 ) ) ;
#4421 = ORIENTED_EDGE ( 'NONE', *, *, #1091, .F. ) ;
#4422 = DIRECTION ( 'NONE',  ( -1.000000000000000000, 0.000000000000000000, 1.748713181428230588E-16 ) ) ;
#4423 = DIRECTION ( 'NONE',  ( -0.000000000000000000, 1.000000000000000000, -0.000000000000000000 ) ) ;
#4424 = PLANE ( 'NONE',  #5113 ) ;
#4425 = EDGE_CURVE ( 'NONE', #4607, #3774, #1135, .T. ) ;
#4426 = ORIENTED_EDGE ( 'NONE', *, *, #967, .F. ) ;
#4427 =( NAMED_UNIT ( * ) SI_UNIT ( $, .STERADIAN. ) SOLID_ANGLE_UNIT ( ) );
#4428 = CARTESIAN_POINT ( 'NONE',  ( -3.189999999999998614, 1.459999999999999964, -1.919999999999999263 ) ) ;
#4429 = CARTESIAN_POINT ( 'NONE',  ( -5.729999999999998650, 1.259999999999999787, -1.919999999999999263 ) ) ;
#4430 = DIRECTION ( 'NONE',  ( 0.000000000000000000, 1.000000000000000000, 0.000000000000000000 ) ) ;
#4431 = VERTEX_POINT ( 'NONE', #3801 ) ;
#4432 = ORIENTED_EDGE ( 'NONE', *, *, #3612, .F. ) ;
#4433 = EDGE_CURVE ( 'NONE', #2357, #3648, #5591, .T. ) ;
#4434 = DIRECTION ( 'NONE',  ( 1.000000000000000000, -0.000000000000000000, 0.000000000000000000 ) ) ;
#4435 = ADVANCED_FACE ( 'NONE', ( #3373, #3425, #2157, #3923, #359, #3486, #308, #2563, #4716, #1638, #5710, #3024, #4776, #3399, #333, #2619, #4801, #5237, #5676, #749, #2101 ), #1252, .F. ) ;
#4436 = CARTESIAN_POINT ( 'NONE',  ( -0.6499999999999986899, 1.259999999999999787, -1.669999999999999707 ) ) ;
#4437 = ORIENTED_EDGE ( 'NONE', *, *, #949, .T. ) ;
#4438 = CYLINDRICAL_SURFACE ( 'NONE', #3338, 0.2499999999999995837 ) ;
#4439 = VERTEX_POINT ( 'NONE', #808 ) ;
#4440 = ORIENTED_EDGE ( 'NONE', *, *, #4593, .T. ) ;
#4441 = ORIENTED_EDGE ( 'NONE', *, *, #2098, .T. ) ;
#4442 = DIRECTION ( 'NONE',  ( 1.000000000000000000, -0.000000000000000000, -1.365923996832131609E-16 ) ) ;
#4443 = DIRECTION ( 'NONE',  ( 0.000000000000000000, 0.000000000000000000, 1.000000000000000000 ) ) ;
#4444 = FACE_OUTER_BOUND ( 'NONE', #2497, .T. ) ;
#4445 = EDGE_CURVE ( 'NONE', #772, #3144, #2188, .T. ) ;
#4446 = VERTEX_POINT ( 'NONE', #4264 ) ;
#4447 = PLANE ( 'NONE',  #1321 ) ;
#4448 = EDGE_CURVE ( 'NONE', #886, #2993, #2991, .T. ) ;
#4449 = VECTOR ( 'NONE', #3049, 1000.000000000000227 ) ;
#4450 = PLANE ( 'NONE',  #4560 ) ;
#4451 = PLANE ( 'NONE',  #554 ) ;
#4452 = ORIENTED_EDGE ( 'NONE', *, *, #3557, .F. ) ;
#4453 = AXIS2_PLACEMENT_3D ( 'NONE', #1773, #2235, #891 ) ;
#4454 = FACE_OUTER_BOUND ( 'NONE', #3944, .T. ) ;
#4455 = EDGE_CURVE ( 'NONE', #1859, #3554, #4352, .T. ) ;
#4456 = DIRECTION ( 'NONE',  ( 0.000000000000000000, 1.000000000000000000, 0.000000000000000000 ) ) ;
#4457 = DIRECTION ( 'NONE',  ( 0.000000000000000000, 1.000000000000000000, 0.000000000000000000 ) ) ;
#4458 = AXIS2_PLACEMENT_3D ( 'NONE', #4816, #821, #1202 ) ;
#4459 = DIRECTION ( 'NONE',  ( 0.4226182617407045483, 0.000000000000000000, -0.9063077870366474942 ) ) ;
#4460 = ORIENTED_EDGE ( 'NONE', *, *, #931, .T. ) ;
#4461 = ORIENTED_EDGE ( 'NONE', *, *, #2543, .T. ) ;
#4462 = FACE_OUTER_BOUND ( 'NONE', #2202, .T. ) ;
#4463 = AXIS2_PLACEMENT_3D ( 'NONE', #3118, #4890, #4243 ) ;
#4464 = VECTOR ( 'NONE', #5354, 1000.000000000000000 ) ;
#4465 = LINE ( 'NONE', #2691, #1986 ) ;
#4466 = EDGE_LOOP ( 'NONE', ( #305, #4300, #1857, #4461 ) ) ;
#4467 = LINE ( 'NONE', #1831, #1392 ) ;
#4468 = ADVANCED_FACE ( 'NONE', ( #1275 ), #5647, .T. ) ;
#4469 = ORIENTED_EDGE ( 'NONE', *, *, #2561, .T. ) ;
#4470 = VECTOR ( 'NONE', #270, 1000.000000000000000 ) ;
#4471 = EDGE_LOOP ( 'NONE', ( #5142, #4872, #3608, #5740 ) ) ;
#4472 = VECTOR ( 'NONE', #2660, 1000.000000000000000 ) ;
#4473 = UNCERTAINTY_MEASURE_WITH_UNIT (LENGTH_MEASURE( 1.000000000000000082E-05 ), #2217, 'distance_accuracy_value', 'NONE');
#4474 = EDGE_LOOP ( 'NONE', ( #4766, #5144, #5658, #4330 ) ) ;
#4475 = LINE ( 'NONE', #3743, #5036 ) ;
#4476 = AXIS2_PLACEMENT_3D ( 'NONE', #4490, #1437, #3207 ) ;
#4477 = DIRECTION ( 'NONE',  ( 1.000000000000000000, -0.000000000000000000, -3.497426362856461177E-16 ) ) ;
#4478 = DIRECTION ( 'NONE',  ( 3.497426362856461177E-16, 0.000000000000000000, 1.000000000000000000 ) ) ;
#4479 = ORIENTED_EDGE ( 'NONE', *, *, #1872, .F. ) ;
#4480 = AXIS2_PLACEMENT_3D ( 'NONE', #3162, #958, #3628 ) ;
#4481 = DIRECTION ( 'NONE',  ( -1.748713181428230588E-16, 0.000000000000000000, -1.000000000000000000 ) ) ;
#4482 = CIRCLE ( 'NONE', #957, 0.2499999999999995837 ) ;
#4483 = CARTESIAN_POINT ( 'NONE',  ( -4.429999999999997939, 3.600000000000000089, 1.920000000000000151 ) ) ;
#4484 = LINE ( 'NONE', #2790, #3813 ) ;
#4485 = EDGE_LOOP ( 'NONE', ( #2822, #5019 ) ) ;
#4486 = ADVANCED_FACE ( 'NONE', ( #4327 ), #3047, .T. ) ;
#4487 = LINE ( 'NONE', #434, #4587 ) ;
#4488 = LINE ( 'NONE', #3205, #2779 ) ;
#4489 = DIRECTION ( 'NONE',  ( 0.000000000000000000, 1.000000000000000000, 0.000000000000000000 ) ) ;
#4490 = CARTESIAN_POINT ( 'NONE',  ( -4.919999999999998153, 0.000000000000000000, -3.649999999999999911 ) ) ;
#4491 = ORIENTED_EDGE ( 'NONE', *, *, #2325, .T. ) ;
#4492 = EDGE_LOOP ( 'NONE', ( #3832, #2562, #2967, #568 ) ) ;
#4493 = DIRECTION ( 'NONE',  ( -0.4226182617407043263, 0.000000000000000000, -0.9063077870366476052 ) ) ;
#4494 = AXIS2_PLACEMENT_3D ( 'NONE', #163, #608, #1876 ) ;
#4495 = DIRECTION ( 'NONE',  ( -1.000000000000000000, 0.000000000000000000, 3.497426362856462163E-16 ) ) ;
#4496 = ORIENTED_EDGE ( 'NONE', *, *, #789, .F. ) ;
#4497 = CARTESIAN_POINT ( 'NONE',  ( -5.389999999999998792, 3.600000000000000089, 0.9600000000000006306 ) ) ;
#4498 = EDGE_LOOP ( 'NONE', ( #213, #1050, #5751, #1468 ) ) ;
#4499 = VERTEX_POINT ( 'NONE', #1219 ) ;
#4500 = ADVANCED_FACE ( 'NONE', ( #397 ), #2126, .T. ) ;
#4501 = ORIENTED_EDGE ( 'NONE', *, *, #1750, .F. ) ;
#4502 = DIRECTION ( 'NONE',  ( 1.000000000000000000, 0.000000000000000000, -3.497426362856462163E-16 ) ) ;
#4503 = CARTESIAN_POINT ( 'NONE',  ( 5.390000000000000568, 3.600000000000000089, -0.9599999999999999645 ) ) ;
#4504 = CARTESIAN_POINT ( 'NONE',  ( 3.763369234184499312, 3.600000000000000089, 1.765000000000001457 ) ) ;
#4505 = ORIENTED_EDGE ( 'NONE', *, *, #5375, .T. ) ;
#4506 = DIRECTION ( 'NONE',  ( 0.000000000000000000, 0.000000000000000000, 1.000000000000000000 ) ) ;
#4507 = FACE_OUTER_BOUND ( 'NONE', #5048, .T. ) ;
#4508 = FACE_OUTER_BOUND ( 'NONE', #3021, .T. ) ;
#4509 = ORIENTED_EDGE ( 'NONE', *, *, #4113, .F. ) ;
#4510 = ADVANCED_FACE ( 'NONE', ( #2962 ), #1163, .T. ) ;
#4511 = CARTESIAN_POINT ( 'NONE',  ( 4.430000000000001492, 3.600000000000000089, -1.919999999999999263 ) ) ;
#4512 = DIRECTION ( 'NONE',  ( 0.000000000000000000, 1.000000000000000000, 0.000000000000000000 ) ) ;
#4513 = CARTESIAN_POINT ( 'NONE',  ( 1.890000000000001013, 3.600000000000000089, -2.169999999999998597 ) ) ;
#4514 = EDGE_CURVE ( 'NONE', #3712, #3648, #4743, .T. ) ;
#4515 = VERTEX_POINT ( 'NONE', #2074 ) ;
#4516 = DIRECTION ( 'NONE',  ( 0.3236155771181845053, -0.3236155771181849494, 0.8891264907159882602 ) ) ;
#4517 = DIRECTION ( 'NONE',  ( 0.000000000000000000, 0.000000000000000000, 1.000000000000000000 ) ) ;
#4518 = ADVANCED_FACE ( 'NONE', ( #3887 ), #5623, .F. ) ;
#4519 = VERTEX_POINT ( 'NONE', #1895 ) ;
#4520 = LINE ( 'NONE', #4987, #5108 ) ;
#4521 = VERTEX_POINT ( 'NONE', #511 ) ;
#4522 = ORIENTED_EDGE ( 'NONE', *, *, #704, .T. ) ;
#4523 = UNCERTAINTY_MEASURE_WITH_UNIT (LENGTH_MEASURE( 1.000000000000000082E-05 ), #4235, 'distance_accuracy_value', 'NONE');
#4524 = VERTEX_POINT ( 'NONE', #3601 ) ;
#4525 = CARTESIAN_POINT ( 'NONE',  ( -1.223369234184498389, 3.600000000000000089, -1.765000000000002789 ) ) ;
#4526 = FACE_OUTER_BOUND ( 'NONE', #3653, .T. ) ;
#4527 = CARTESIAN_POINT ( 'NONE',  ( 6.349999999999999645, 3.600000000000000089, 2.414999999999999591 ) ) ;
#4528 = DIRECTION ( 'NONE',  ( -1.000000000000000000, 0.000000000000000000, 0.000000000000000000 ) ) ;
#4529 = ORIENTED_EDGE ( 'NONE', *, *, #4672, .F. ) ;
#4530 = ADVANCED_BREP_SHAPE_REPRESENTATION ( '', ( #5458, #2384 ), #1646 ) ;
#4531 = DIRECTION ( 'NONE',  ( 0.000000000000000000, 1.000000000000000000, 0.000000000000000000 ) ) ;
#4532 = FACE_OUTER_BOUND ( 'NONE', #3719, .T. ) ;
#4533 = DIRECTION ( 'NONE',  ( 1.000000000000000000, -0.000000000000000000, -3.497426362856461177E-16 ) ) ;
#4534 = ORIENTED_EDGE ( 'NONE', *, *, #3610, .F. ) ;
#4535 = VECTOR ( 'NONE', #4610, 1000.000000000000000 ) ;
#4536 =( LENGTH_UNIT ( ) NAMED_UNIT ( * ) SI_UNIT ( .MILLI., .METRE. ) );
#4537 = PLANE ( 'NONE',  #3335 ) ;
#4538 =( NAMED_UNIT ( * ) SI_UNIT ( $, .STERADIAN. ) SOLID_ANGLE_UNIT ( ) );
#4539 = FACE_OUTER_BOUND ( 'NONE', #541, .T. ) ;
#4540 = EDGE_LOOP ( 'NONE', ( #4342, #788, #3942, #3119 ) ) ;
#4541 = VECTOR ( 'NONE', #4477, 1000.000000000000000 ) ;
#4542 = DIRECTION ( 'NONE',  ( 0.000000000000000000, -0.000000000000000000, 1.000000000000000000 ) ) ;
#4543 = DIRECTION ( 'NONE',  ( -0.000000000000000000, 1.000000000000000000, -0.000000000000000000 ) ) ;
#4544 = EDGE_CURVE ( 'NONE', #5514, #745, #5372, .T. ) ;
#4545 = EDGE_LOOP ( 'NONE', ( #3879, #992, #5287, #155 ) ) ;
#4546 = CIRCLE ( 'NONE', #4645, 0.2499999999999995837 ) ;
#4547 = DIRECTION ( 'NONE',  ( -0.000000000000000000, 1.000000000000000000, -0.000000000000000000 ) ) ;
#4548 = VERTEX_POINT ( 'NONE', #4967 ) ;
#4549 = EDGE_LOOP ( 'NONE', ( #2776, #5462, #4612, #3534 ) ) ;
#4550 = EDGE_LOOP ( 'NONE', ( #5564, #2901 ) ) ;
#4551 = AXIS2_PLACEMENT_3D ( 'NONE', #2255, #2678, #2764 ) ;
#4552 = ADVANCED_FACE ( 'NONE', ( #2649 ), #4093, .T. ) ;
#4553 = AXIS2_PLACEMENT_3D ( 'NONE', #4253, #3790, #2856 ) ;
#4554 = DIRECTION ( 'NONE',  ( -0.000000000000000000, 1.000000000000000000, -0.000000000000000000 ) ) ;
#4555 = CARTESIAN_POINT ( 'NONE',  ( 3.637323417370720275E-16, 0.000000000000000000, 2.079999999999999627 ) ) ;
#4556 = CARTESIAN_POINT ( 'NONE',  ( 0.000000000000000000, 0.000000000000000000, 0.000000000000000000 ) ) ;
#4557 = EDGE_CURVE ( 'NONE', #1944, #312, #4106, .T. ) ;
#4558 = FACE_OUTER_BOUND ( 'NONE', #3384, .T. ) ;
#4559 = AXIS2_PLACEMENT_3D ( 'NONE', #3607, #4070, #3667 ) ;
#4560 = AXIS2_PLACEMENT_3D ( 'NONE', #5331, #1842, #546 ) ;
#4561 = ORIENTED_EDGE ( 'NONE', *, *, #3946, .T. ) ;
#4562 = AXIS2_PLACEMENT_3D ( 'NONE', #2640, #2203, #1269 ) ;
#4563 = VECTOR ( 'NONE', #3603, 1000.000000000000000 ) ;
#4564 = DIRECTION ( 'NONE',  ( 0.000000000000000000, 0.000000000000000000, 1.000000000000000000 ) ) ;
#4565 = DIRECTION ( 'NONE',  ( -0.000000000000000000, 1.000000000000000000, -0.000000000000000000 ) ) ;
#4566 = VECTOR ( 'NONE', #518, 1000.000000000000000 ) ;
#4567 = DIRECTION ( 'NONE',  ( 0.000000000000000000, 1.000000000000000000, 0.000000000000000000 ) ) ;
#4568 = EDGE_LOOP ( 'NONE', ( #800, #2125, #2599, #4768 ) ) ;
#4569 = ADVANCED_FACE ( 'NONE', ( #4526 ), #897, .T. ) ;
#4570 = VECTOR ( 'NONE', #2700, 1000.000000000000000 ) ;
#4571 =( NAMED_UNIT ( * ) PLANE_ANGLE_UNIT ( ) SI_UNIT ( $, .RADIAN. ) );
#4572 = EDGE_CURVE ( 'NONE', #2587, #4354, #2210, .T. ) ;
#4573 = LINE ( 'NONE', #4191, #1582 ) ;
#4574 = LINE ( 'NONE', #4134, #1024 ) ;
#4575 = DIRECTION ( 'NONE',  ( 0.000000000000000000, 0.000000000000000000, -1.000000000000000000 ) ) ;
#4576 = ORIENTED_EDGE ( 'NONE', *, *, #391, .T. ) ;
#4577 = MECHANICAL_DESIGN_GEOMETRIC_PRESENTATION_REPRESENTATION (  '', ( #1896 ), #2723 ) ;
#4578 = FACE_BOUND ( 'NONE', #4313, .T. ) ;
#4579 = DIRECTION ( 'NONE',  ( 0.000000000000000000, 0.000000000000000000, 1.000000000000000000 ) ) ;
#4580 = EDGE_CURVE ( 'NONE', #2106, #2272, #665, .T. ) ;
#4581 = VERTEX_POINT ( 'NONE', #4063 ) ;
#4582 = EDGE_CURVE ( 'NONE', #121, #630, #3193, .T. ) ;
#4583 = DIRECTION ( 'NONE',  ( 1.000000000000000000, 0.000000000000000000, 0.000000000000000000 ) ) ;
#4584 = VERTEX_POINT ( 'NONE', #1836 ) ;
#4585 = ORIENTED_EDGE ( 'NONE', *, *, #1528, .T. ) ;
#4586 = ORIENTED_EDGE ( 'NONE', *, *, #3773, .F. ) ;
#4587 = VECTOR ( 'NONE', #3121, 1000.000000000000227 ) ;
#4588 = CARTESIAN_POINT ( 'NONE',  ( -4.769999999999997797, 0.6200000000000007727, -2.080000000000000071 ) ) ;
#4589 = LINE ( 'NONE', #3330, #4015 ) ;
#4590 = AXIS2_PLACEMENT_3D ( 'NONE', #4511, #137, #4155 ) ;
#4591 =( LENGTH_UNIT ( ) NAMED_UNIT ( * ) SI_UNIT ( .MILLI., .METRE. ) );
#4592 = DIRECTION ( 'NONE',  ( 0.000000000000000000, 1.000000000000000000, 0.000000000000000000 ) ) ;
#4593 = EDGE_CURVE ( 'NONE', #5483, #1793, #537, .T. ) ;
#4594 = ORIENTED_EDGE ( 'NONE', *, *, #2083, .T. ) ;
#4595 = EDGE_CURVE ( 'NONE', #927, #5492, #1779, .T. ) ;
#4596 = DIRECTION ( 'NONE',  ( 0.000000000000000000, 0.000000000000000000, 1.000000000000000000 ) ) ;
#4597 = EDGE_CURVE ( 'NONE', #312, #1944, #859, .T. ) ;
#4598 = DIRECTION ( 'NONE',  ( 0.000000000000000000, 1.000000000000000000, 0.000000000000000000 ) ) ;
#4599 = EDGE_LOOP ( 'NONE', ( #1801, #4119, #4505, #3430 ) ) ;
#4600 = FACE_OUTER_BOUND ( 'NONE', #4083, .T. ) ;
#4601 = ORIENTED_EDGE ( 'NONE', *, *, #4282, .F. ) ;
#4602 = DIRECTION ( 'NONE',  ( 0.000000000000000000, 0.000000000000000000, 1.000000000000000000 ) ) ;
#4603 = CARTESIAN_POINT ( 'NONE',  ( -4.769999999999997797, 9.700000000000001066, 0.9600000000000005196 ) ) ;
#4604 = EDGE_CURVE ( 'NONE', #3244, #2609, #193, .T. ) ;
#4605 = FACE_OUTER_BOUND ( 'NONE', #240, .T. ) ;
#4606 = PLANE ( 'NONE',  #5677 ) ;
#4607 = VERTEX_POINT ( 'NONE', #16 ) ;
#4608 = FACE_BOUND ( 'NONE', #3780, .T. ) ;
#4609 = FACE_OUTER_BOUND ( 'NONE', #2783, .T. ) ;
#4610 = DIRECTION ( 'NONE',  ( 0.000000000000000000, 1.000000000000000000, 0.000000000000000000 ) ) ;
#4611 = DIRECTION ( 'NONE',  ( 0.000000000000000000, -0.000000000000000000, 1.000000000000000000 ) ) ;
#4612 = ORIENTED_EDGE ( 'NONE', *, *, #2589, .F. ) ;
#4613 = ORIENTED_EDGE ( 'NONE', *, *, #862, .T. ) ;
#4614 = EDGE_CURVE ( 'NONE', #2358, #5616, #4940, .T. ) ;
#4615 = ORIENTED_EDGE ( 'NONE', *, *, #1463, .T. ) ;
#4616 = EDGE_CURVE ( 'NONE', #3334, #250, #1862, .T. ) ;
#4617 = DIRECTION ( 'NONE',  ( -0.4226182617407043263, 0.000000000000000000, -0.9063077870366476052 ) ) ;
#4618 = LINE ( 'NONE', #4555, #5698 ) ;
#4619 = ORIENTED_EDGE ( 'NONE', *, *, #4938, .F. ) ;
#4620 = DIRECTION ( 'NONE',  ( 0.000000000000000000, 1.000000000000000000, 0.000000000000000000 ) ) ;
#4621 = VERTEX_POINT ( 'NONE', #1338 ) ;
#4622 = EDGE_CURVE ( 'NONE', #530, #2533, #5324, .T. ) ;
#4623 = CARTESIAN_POINT ( 'NONE',  ( -1.889999999999998126, 1.259999999999999787, 2.169999999999999485 ) ) ;
#4624 = EDGE_CURVE ( 'NONE', #1139, #5198, #1422, .T. ) ;
#4625 = CARTESIAN_POINT ( 'NONE',  ( 2.850000000000001421, 1.459999999999999964, 0.9600000000000005196 ) ) ;
#4626 = VERTEX_POINT ( 'NONE', #5348 ) ;
#4627 = FACE_OUTER_BOUND ( 'NONE', #4498, .T. ) ;
#4628 = VERTEX_POINT ( 'NONE', #2242 ) ;
#4629 = EDGE_CURVE ( 'NONE', #966, #3509, #3575, .T. ) ;
#4630 = FACE_OUTER_BOUND ( 'NONE', #1335, .T. ) ;
#4631 = CARTESIAN_POINT ( 'NONE',  ( -4.769999999999997797, 1.120000000000000773, -2.079999999999999627 ) ) ;
#4632 = DIRECTION ( 'NONE',  ( 1.000000000000000000, 0.000000000000000000, -3.497426362856461177E-16 ) ) ;
#4633 = CARTESIAN_POINT ( 'NONE',  ( -4.769999999999997797, 0.6200000000000007727, 2.080000000000000071 ) ) ;
#4634 = ORIENTED_EDGE ( 'NONE', *, *, #3105, .F. ) ;
#4635 = VECTOR ( 'NONE', #2434, 1000.000000000000000 ) ;
#4636 = EDGE_CURVE ( 'NONE', #4000, #5120, #4475, .T. ) ;
#4637 = DIRECTION ( 'NONE',  ( 0.9063077870366474942, 0.000000000000000000, 0.4226182617407047704 ) ) ;
#4638 = FACE_OUTER_BOUND ( 'NONE', #5170, .T. ) ;
#4639 = DIRECTION ( 'NONE',  ( 0.000000000000000000, 1.000000000000000000, 0.000000000000000000 ) ) ;
#4640 = AXIS2_PLACEMENT_3D ( 'NONE', #5502, #128, #484 ) ;
#4641 = FACE_OUTER_BOUND ( 'NONE', #1478, .T. ) ;
#4642 = ORIENTED_EDGE ( 'NONE', *, *, #704, .F. ) ;
#4643 = ORIENTED_EDGE ( 'NONE', *, *, #4178, .T. ) ;
#4644 = ORIENTED_EDGE ( 'NONE', *, *, #893, .T. ) ;
#4645 = AXIS2_PLACEMENT_3D ( 'NONE', #3333, #2472, #3370 ) ;
#4646 = FACE_OUTER_BOUND ( 'NONE', #5390, .T. ) ;
#4647 =( NAMED_UNIT ( * ) SI_UNIT ( $, .STERADIAN. ) SOLID_ANGLE_UNIT ( ) );
#4648 = EDGE_LOOP ( 'NONE', ( #1278, #4644, #301, #3353 ) ) ;
#4649 = ADVANCED_FACE ( 'NONE', ( #1544 ), #1982, .F. ) ;
#4650 = DIRECTION ( 'NONE',  ( 0.000000000000000000, 0.000000000000000000, -1.000000000000000000 ) ) ;
#4651 = EDGE_CURVE ( 'NONE', #1650, #4880, #4589, .T. ) ;
#4652 = VERTEX_POINT ( 'NONE', #2838 ) ;
#4653 = VECTOR ( 'NONE', #4200, 1000.000000000000000 ) ;
#4654 = FACE_OUTER_BOUND ( 'NONE', #49, .T. ) ;
#4655 = VECTOR ( 'NONE', #2937, 1000.000000000000000 ) ;
#4656 = AXIS2_PLACEMENT_3D ( 'NONE', #2763, #2218, #5418 ) ;
#4657 = EDGE_CURVE ( 'NONE', #1682, #1249, #150, .T. ) ;
#4658 = PLANE ( 'NONE',  #4100 ) ;
#4659 = ORIENTED_EDGE ( 'NONE', *, *, #2631, .T. ) ;
#4660 = CARTESIAN_POINT ( 'NONE',  ( 2.850000000000000533, 1.459999999999999964, -1.579999999999999627 ) ) ;
#4661 = CIRCLE ( 'NONE', #939, 0.2499999999999995837 ) ;
#4662 = ORIENTED_EDGE ( 'NONE', *, *, #1074, .T. ) ;
#4663 = VECTOR ( 'NONE', #1783, 1000.000000000000000 ) ;
#4664 = DIRECTION ( 'NONE',  ( 0.4226182617407044928, -0.000000000000000000, -0.9063077870366477162 ) ) ;
#4665 =( GEOMETRIC_REPRESENTATION_CONTEXT ( 3 ) GLOBAL_UNCERTAINTY_ASSIGNED_CONTEXT ( ( #2274 ) ) GLOBAL_UNIT_ASSIGNED_CONTEXT ( ( #713, #4382, #2182 ) ) REPRESENTATION_CONTEXT ( 'NONE', 'WORKASPACE' ) );
#4666 = AXIS2_PLACEMENT_3D ( 'NONE', #5330, #21, #1342 ) ;
#4667 = CARTESIAN_POINT ( 'NONE',  ( 5.730000000000002203, 1.259999999999999787, 1.920000000000000151 ) ) ;
#4668 = DIRECTION ( 'NONE',  ( 0.000000000000000000, 1.000000000000000000, 0.000000000000000000 ) ) ;
#4669 = FACE_OUTER_BOUND ( 'NONE', #3372, .T. ) ;
#4670 = ORIENTED_EDGE ( 'NONE', *, *, #1694, .T. ) ;
#4671 = VECTOR ( 'NONE', #573, 1000.000000000000000 ) ;
#4672 = EDGE_CURVE ( 'NONE', #1153, #5104, #2362, .T. ) ;
#4673 = DIRECTION ( 'NONE',  ( -0.000000000000000000, 1.000000000000000000, -0.000000000000000000 ) ) ;
#4674 = EDGE_LOOP ( 'NONE', ( #1942, #2185 ) ) ;
#4675 = DIRECTION ( 'NONE',  ( -0.9063077870366477162, 0.000000000000000000, -0.4226182617407043818 ) ) ;
#4676 = AXIS2_PLACEMENT_3D ( 'NONE', #975, #3941, #4410 ) ;
#4677 = DIRECTION ( 'NONE',  ( -0.000000000000000000, 0.000000000000000000, 1.000000000000000000 ) ) ;
#4678 = ORIENTED_EDGE ( 'NONE', *, *, #572, .T. ) ;
#4679 = AXIS2_PLACEMENT_3D ( 'NONE', #3670, #2372, #4602 ) ;
#4680 = VERTEX_POINT ( 'NONE', #5556 ) ;
#4681 = ORIENTED_EDGE ( 'NONE', *, *, #4804, .T. ) ;
#4682 = CARTESIAN_POINT ( 'NONE',  ( -4.404742954572602898, -0.3652570454273955658, 2.234342902473326564 ) ) ;
#4683 = PLANE ( 'NONE',  #952 ) ;
#4684 = DIRECTION ( 'NONE',  ( 1.000000000000000000, 0.000000000000000000, 0.000000000000000000 ) ) ;
#4685 = ORIENTED_EDGE ( 'NONE', *, *, #4907, .F. ) ;
#4686 = FACE_OUTER_BOUND ( 'NONE', #124, .T. ) ;
#4687 = EDGE_CURVE ( 'NONE', #1682, #895, #5498, .T. ) ;
#4688 = ORIENTED_EDGE ( 'NONE', *, *, #883, .T. ) ;
#4689 = VECTOR ( 'NONE', #1288, 1000.000000000000000 ) ;
#4690 = DIRECTION ( 'NONE',  ( 0.000000000000000000, 1.000000000000000000, 0.000000000000000000 ) ) ;
#4691 = LINE ( 'NONE', #5087, #5593 ) ;
#4692 = VERTEX_POINT ( 'NONE', #2385 ) ;
#4693 = CARTESIAN_POINT ( 'NONE',  ( -5.389999999999999680, 1.459999999999999964, -1.579999999999999405 ) ) ;
#4694 = EDGE_LOOP ( 'NONE', ( #3542, #1409, #2006, #277, #2171, #5322, #4850, #5680 ) ) ;
#4695 = EDGE_CURVE ( 'NONE', #1153, #5707, #4618, .T. ) ;
#4696 = CARTESIAN_POINT ( 'NONE',  ( -3.856630765815500794, 3.600000000000000089, 1.765000000000001457 ) ) ;
#4697 = CARTESIAN_POINT ( 'NONE',  ( -5.389999999999998792, 0.6200000000000007727, -2.080000000000000071 ) ) ;
#4698 = CARTESIAN_POINT ( 'NONE',  ( 5.730000000000002203, 1.459999999999999964, 1.670000000000000373 ) ) ;
#4699 = CYLINDRICAL_SURFACE ( 'NONE', #3249, 0.2499999999999995837 ) ;
#4700 = ORIENTED_EDGE ( 'NONE', *, *, #1160, .F. ) ;
#4701 = EDGE_CURVE ( 'NONE', #1793, #5726, #1511, .T. ) ;
#4702 = CARTESIAN_POINT ( 'NONE',  ( -4.429999999999997939, 3.799999999999999822, 1.920000000000000151 ) ) ;
#4703 = EDGE_LOOP ( 'NONE', ( #1806, #2921, #2018, #5574 ) ) ;
#4704 = DIRECTION ( 'NONE',  ( 0.000000000000000000, 0.000000000000000000, 1.000000000000000000 ) ) ;
#4705 = ADVANCED_FACE ( 'NONE', ( #5080 ), #3769, .T. ) ;
#4706 = LINE ( 'NONE', #2003, #2432 ) ;
#4707 = ORIENTED_EDGE ( 'NONE', *, *, #4002, .F. ) ;
#4708 = ORIENTED_EDGE ( 'NONE', *, *, #3910, .T. ) ;
#4709 = CARTESIAN_POINT ( 'NONE',  ( 2.850000000000000533, 1.459999999999999964, -0.9599999999999999645 ) ) ;
#4710 = ADVANCED_FACE ( 'NONE', ( #4646 ), #1945, .T. ) ;
#4711 = LINE ( 'NONE', #2493, #4859 ) ;
#4712 = DIRECTION ( 'NONE',  ( 1.000000000000000000, 0.000000000000000000, 0.000000000000000000 ) ) ;
#4713 = ORIENTED_EDGE ( 'NONE', *, *, #375, .F. ) ;
#4714 = DIRECTION ( 'NONE',  ( 0.000000000000000000, 1.000000000000000000, 0.000000000000000000 ) ) ;
#4715 = ORIENTED_EDGE ( 'NONE', *, *, #1054, .F. ) ;
#4716 = FACE_BOUND ( 'NONE', #976, .T. ) ;
#4717 = DIRECTION ( 'NONE',  ( 0.4226182617407046038, 0.000000000000000000, -0.9063077870366476052 ) ) ;
#4718 = EDGE_LOOP ( 'NONE', ( #3470, #5285, #2299, #2420 ) ) ;
#4719 = DIRECTION ( 'NONE',  ( 0.000000000000000000, 1.000000000000000000, 0.000000000000000000 ) ) ;
#4720 = ORIENTED_EDGE ( 'NONE', *, *, #401, .T. ) ;
#4721 = CARTESIAN_POINT ( 'NONE',  ( -4.919999999999998153, 0.4700000000000008060, 3.649999999999999911 ) ) ;
#4722 = CARTESIAN_POINT ( 'NONE',  ( 0.6500000000000021316, 1.259999999999999787, 2.169999999999999485 ) ) ;
#4723 = PLANE ( 'NONE',  #3616 ) ;
#4724 = DIRECTION ( 'NONE',  ( 0.000000000000000000, -0.000000000000000000, 1.000000000000000000 ) ) ;
#4725 = LINE ( 'NONE', #3319, #4836 ) ;
#4726 = ORIENTED_EDGE ( 'NONE', *, *, #4998, .F. ) ;
#4727 = DIRECTION ( 'NONE',  ( 0.000000000000000000, 1.000000000000000000, 0.000000000000000000 ) ) ;
#4728 = DIRECTION ( 'NONE',  ( 1.024442997624098707E-16, -0.000000000000000000, 1.000000000000000000 ) ) ;
#4729 = FACE_OUTER_BOUND ( 'NONE', #3885, .T. ) ;
#4730 = LINE ( 'NONE', #5551, #4761 ) ;
#4731 = ORIENTED_EDGE ( 'NONE', *, *, #462, .T. ) ;
#4732 = ORIENTED_EDGE ( 'NONE', *, *, #4622, .T. ) ;
#4733 = FACE_OUTER_BOUND ( 'NONE', #5520, .T. ) ;
#4734 = DIRECTION ( 'NONE',  ( 0.000000000000000000, 1.000000000000000000, 0.000000000000000000 ) ) ;
#4735 = DIRECTION ( 'NONE',  ( 0.000000000000000000, 0.000000000000000000, 1.000000000000000000 ) ) ;
#4736 = ORIENTED_EDGE ( 'NONE', *, *, #3888, .T. ) ;
#4737 = VECTOR ( 'NONE', #609, 1000.000000000000000 ) ;
#4738 = CARTESIAN_POINT ( 'NONE',  ( -4.919999999999999041, 9.700000000000001066, -1.110000000000001430 ) ) ;
#4739 = EDGE_CURVE ( 'NONE', #383, #5049, #598, .T. ) ;
#4740 = ORIENTED_EDGE ( 'NONE', *, *, #1619, .T. ) ;
#4741 = AXIS2_PLACEMENT_3D ( 'NONE', #3857, #3745, #2036 ) ;
#4742 = EDGE_CURVE ( 'NONE', #594, #4151, #2008, .T. ) ;
#4743 = LINE ( 'NONE', #2499, #4196 ) ;
#4744 = VECTOR ( 'NONE', #4280, 1000.000000000000000 ) ;
#4745 = VECTOR ( 'NONE', #2530, 1000.000000000000000 ) ;
#4746 = CARTESIAN_POINT ( 'NONE',  ( -4.404742954572602898, 0.9852570454273964495, 2.234342902473327452 ) ) ;
#4747 = ORIENTED_EDGE ( 'NONE', *, *, #2256, .T. ) ;
#4748 = CARTESIAN_POINT ( 'NONE',  ( -2.229999999999998206, 1.459999999999999964, 1.580000000000000293 ) ) ;
#4749 = EDGE_LOOP ( 'NONE', ( #868, #5110, #3332, #65 ) ) ;
#4750 = AXIS2_PLACEMENT_3D ( 'NONE', #4831, #1224, #2129 ) ;
#4751 = VECTOR ( 'NONE', #437, 1000.000000000000227 ) ;
#4752 = DIRECTION ( 'NONE',  ( -1.000000000000000000, 0.000000000000000000, 1.748713181428230588E-16 ) ) ;
#4753 = LINE ( 'NONE', #1169, #1534 ) ;
#4754 = DIRECTION ( 'NONE',  ( 0.000000000000000000, 0.9396926207859083169, -0.3420201433256689905 ) ) ;
#4755 = VECTOR ( 'NONE', #88, 1000.000000000000000 ) ;
#4756 = AXIS2_PLACEMENT_3D ( 'NONE', #2252, #4019, #1817 ) ;
#4757 = DIRECTION ( 'NONE',  ( -1.000000000000000000, 0.000000000000000000, 3.497426362856462163E-16 ) ) ;
#4758 = ADVANCED_FACE ( 'NONE', ( #2899 ), #4683, .F. ) ;
#4759 = ORIENTED_EDGE ( 'NONE', *, *, #3669, .F. ) ;
#4760 = AXIS2_PLACEMENT_3D ( 'NONE', #4240, #248, #1926 ) ;
#4761 = VECTOR ( 'NONE', #5577, 1000.000000000000000 ) ;
#4762 = DIRECTION ( 'NONE',  ( -0.000000000000000000, -0.000000000000000000, -1.000000000000000000 ) ) ;
#4763 = CARTESIAN_POINT ( 'NONE',  ( -4.769999999999997797, 1.459999999999999964, 0.9600000000000005196 ) ) ;
#4764 = CARTESIAN_POINT ( 'NONE',  ( -4.769999999999997797, 3.600000000000000089, 0.9600000000000005196 ) ) ;
#4765 = LINE ( 'NONE', #857, #3727 ) ;
#4766 = ORIENTED_EDGE ( 'NONE', *, *, #1162, .T. ) ;
#4767 = VECTOR ( 'NONE', #5669, 1000.000000000000000 ) ;
#4768 = ORIENTED_EDGE ( 'NONE', *, *, #4310, .F. ) ;
#4769 = DIRECTION ( 'NONE',  ( 0.000000000000000000, 1.000000000000000000, 0.000000000000000000 ) ) ;
#4770 = FACE_OUTER_BOUND ( 'NONE', #4343, .T. ) ;
#4771 = VECTOR ( 'NONE', #4295, 1000.000000000000114 ) ;
#4772 = CONTEXT_DEPENDENT_SHAPE_REPRESENTATION ( #3492, #4350 ) ;
#4773 = ORIENTED_EDGE ( 'NONE', *, *, #602, .F. ) ;
#4774 = LINE ( 'NONE', #780, #1303 ) ;
#4775 = ORIENTED_EDGE ( 'NONE', *, *, #2248, .T. ) ;
#4776 = FACE_BOUND ( 'NONE', #4957, .T. ) ;
#4777 = DIRECTION ( 'NONE',  ( 0.000000000000000000, 0.000000000000000000, 1.000000000000000000 ) ) ;
#4778 = ADVANCED_FACE ( 'NONE', ( #3659 ), #5440, .F. ) ;
#4779 = ORIENTED_EDGE ( 'NONE', *, *, #822, .F. ) ;
#4780 = DIRECTION ( 'NONE',  ( -0.3236155771181845053, -0.3236155771181849494, -0.8891264907159882602 ) ) ;
#4781 = ORIENTED_EDGE ( 'NONE', *, *, #955, .T. ) ;
#4782 = CARTESIAN_POINT ( 'NONE',  ( -1.889999999999998126, 1.259999999999999787, 2.169999999999999485 ) ) ;
#4783 = ADVANCED_FACE ( 'NONE', ( #1921 ), #4992, .T. ) ;
#4784 = LINE ( 'NONE', #4722, #4876 ) ;
#4785 = CARTESIAN_POINT ( 'NONE',  ( -5.069759669707553762, 10.11146131086649014, 1.280240330292444106 ) ) ;
#4786 = DIRECTION ( 'NONE',  ( 1.000000000000000000, 0.000000000000000000, -3.497426362856462163E-16 ) ) ;
#4787 = ORIENTED_EDGE ( 'NONE', *, *, #2256, .F. ) ;
#4788 = CARTESIAN_POINT ( 'NONE',  ( -5.389999999999998792, 0.6200000000000007727, 8.176812408671318977 ) ) ;
#4789 = CARTESIAN_POINT ( 'NONE',  ( -0.3099999999999986655, 1.459999999999999964, 0.9600000000000006306 ) ) ;
#4790 = DIRECTION ( 'NONE',  ( 0.000000000000000000, 1.000000000000000000, 0.000000000000000000 ) ) ;
#4791 = PLANE ( 'NONE',  #5769 ) ;
#4792 = ORIENTED_EDGE ( 'NONE', *, *, #3897, .T. ) ;
#4793 = ORIENTED_EDGE ( 'NONE', *, *, #2430, .T. ) ;
#4794 = CARTESIAN_POINT ( 'NONE',  ( 0.000000000000000000, 1.459999999999999964, -1.765000000000002789 ) ) ;
#4795 = DIRECTION ( 'NONE',  ( -0.4226182617407043263, -0.000000000000000000, 0.9063077870366476052 ) ) ;
#4796 = ITEM_DEFINED_TRANSFORMATION ( 'NONE', 'NONE', #1134,  #2384 ) ;
#4797 = ORIENTED_EDGE ( 'NONE', *, *, #5488, .T. ) ;
#4798 = PLANE ( 'NONE',  #453 ) ;
#4799 = ADVANCED_FACE ( 'NONE', ( #3683 ), #5465, .F. ) ;
#4800 = ORIENTED_EDGE ( 'NONE', *, *, #5601, .F. ) ;
#4801 = FACE_BOUND ( 'NONE', #2494, .T. ) ;
#4802 = CARTESIAN_POINT ( 'NONE',  ( -5.389999999999998792, 0.6200000000000007727, -8.176812408671318977 ) ) ;
#4803 = ORIENTED_EDGE ( 'NONE', *, *, #1344, .F. ) ;
#4804 = EDGE_CURVE ( 'NONE', #2625, #4903, #3914, .T. ) ;
#4805 = DIRECTION ( 'NONE',  ( 3.497426362856461177E-16, 0.000000000000000000, 1.000000000000000000 ) ) ;
#4806 = CARTESIAN_POINT ( 'NONE',  ( 2.850000000000001421, 3.600000000000000089, 1.580000000000000293 ) ) ;
#4807 = EDGE_CURVE ( 'NONE', #357, #2625, #1890, .T. ) ;
#4808 = LINE ( 'NONE', #3519, #4316 ) ;
#4809 = CARTESIAN_POINT ( 'NONE',  ( 0.000000000000000000, 0.000000000000000000, -3.649999999999999911 ) ) ;
#4810 = LINE ( 'NONE', #816, #5587 ) ;
#4811 = EDGE_CURVE ( 'NONE', #5726, #4151, #4323, .T. ) ;
#4812 = EDGE_LOOP ( 'NONE', ( #5651, #4902 ) ) ;
#4813 = EDGE_CURVE ( 'NONE', #5035, #5082, #2150, .T. ) ;
#4814 = DIRECTION ( 'NONE',  ( 0.000000000000000000, 1.000000000000000000, 0.000000000000000000 ) ) ;
#4815 = DIRECTION ( 'NONE',  ( 0.000000000000000000, 0.000000000000000000, 1.000000000000000000 ) ) ;
#4816 = CARTESIAN_POINT ( 'NONE',  ( 0.6500000000000021316, 3.799999999999999822, 1.920000000000000151 ) ) ;
#4817 = PLANE ( 'NONE',  #2973 ) ;
#4818 = ORIENTED_EDGE ( 'NONE', *, *, #2098, .F. ) ;
#4819 = ORIENTED_EDGE ( 'NONE', *, *, #769, .T. ) ;
#4820 = DIRECTION ( 'NONE',  ( 0.000000000000000000, 1.000000000000000000, 0.000000000000000000 ) ) ;
#4821 = DIRECTION ( 'NONE',  ( -0.000000000000000000, 1.000000000000000000, -0.000000000000000000 ) ) ;
#4822 = ORIENTED_EDGE ( 'NONE', *, *, #4995, .T. ) ;
#4823 = CARTESIAN_POINT ( 'NONE',  ( -5.389999999999998792, 3.600000000000000089, 1.580000000000000515 ) ) ;
#4824 = ORIENTED_EDGE ( 'NONE', *, *, #4980, .T. ) ;
#4825 = DIRECTION ( 'NONE',  ( 0.000000000000000000, 1.000000000000000000, 0.000000000000000000 ) ) ;
#4826 = EDGE_CURVE ( 'NONE', #2371, #4680, #5193, .T. ) ;
#4827 = CARTESIAN_POINT ( 'NONE',  ( -1.223369234184497945, 1.259999999999999787, 1.765000000000001457 ) ) ;
#4828 = PLANE ( 'NONE',  #5214 ) ;
#4829 = ORIENTED_EDGE ( 'NONE', *, *, #4948, .F. ) ;
#4830 = CIRCLE ( 'NONE', #2229, 0.2499999999999995837 ) ;
#4831 = CARTESIAN_POINT ( 'NONE',  ( -4.769999999999997797, 1.119999999999999440, -2.080000000000000515 ) ) ;
#4832 = DIRECTION ( 'NONE',  ( 0.000000000000000000, 1.000000000000000000, 0.000000000000000000 ) ) ;
#4833 = DIRECTION ( 'NONE',  ( 0.000000000000000000, 0.000000000000000000, 1.000000000000000000 ) ) ;
#4834 = DIRECTION ( 'NONE',  ( 0.000000000000000000, 1.000000000000000000, 0.000000000000000000 ) ) ;
#4835 = FACE_OUTER_BOUND ( 'NONE', #2759, .T. ) ;
#4836 = VECTOR ( 'NONE', #3383, 1000.000000000000000 ) ;
#4837 = ORIENTED_EDGE ( 'NONE', *, *, #2411, .T. ) ;
#4838 = VECTOR ( 'NONE', #3388, 1000.000000000000000 ) ;
#4839 = CARTESIAN_POINT ( 'NONE',  ( 4.430000000000001492, 1.259999999999999787, -1.919999999999999263 ) ) ;
#4840 = CIRCLE ( 'NONE', #5592, 0.2499999999999995837 ) ;
#4841 = CARTESIAN_POINT ( 'NONE',  ( 4.430000000000001492, 1.259999999999999787, -1.919999999999999263 ) ) ;
#4842 = DIRECTION ( 'NONE',  ( 0.000000000000000000, 0.000000000000000000, 1.000000000000000000 ) ) ;
#4843 = LINE ( 'NONE', #323, #659 ) ;
#4844 = ORIENTED_EDGE ( 'NONE', *, *, #565, .T. ) ;
#4845 = EDGE_CURVE ( 'NONE', #869, #2365, #3419, .T. ) ;
#4846 = ORIENTED_EDGE ( 'NONE', *, *, #5345, .F. ) ;
#4847 = AXIS2_PLACEMENT_3D ( 'NONE', #4971, #1310, #5350 ) ;
#4848 = LINE ( 'NONE', #33, #1498 ) ;
#4849 = LINE ( 'NONE', #3072, #2448 ) ;
#4850 = ORIENTED_EDGE ( 'NONE', *, *, #1488, .T. ) ;
#4851 = DIRECTION ( 'NONE',  ( 0.000000000000000000, 1.000000000000000000, 0.000000000000000000 ) ) ;
#4852 = VECTOR ( 'NONE', #5145, 1000.000000000000000 ) ;
#4853 = ORIENTED_EDGE ( 'NONE', *, *, #5177, .T. ) ;
#4854 = ORIENTED_EDGE ( 'NONE', *, *, #1328, .F. ) ;
#4855 = VECTOR ( 'NONE', #3042, 1000.000000000000000 ) ;
#4856 = DIRECTION ( 'NONE',  ( 0.000000000000000000, 1.000000000000000000, 0.000000000000000000 ) ) ;
#4857 = DIRECTION ( 'NONE',  ( -1.000000000000000000, -0.000000000000000000, -0.000000000000000000 ) ) ;
#4858 = CARTESIAN_POINT ( 'NONE',  ( -5.389999999999998792, 0.6200000000000007727, 2.080000000000000071 ) ) ;
#4859 = VECTOR ( 'NONE', #273, 1000.000000000000000 ) ;
#4860 = ORIENTED_EDGE ( 'NONE', *, *, #245, .T. ) ;
#4861 = ADVANCED_FACE ( 'NONE', ( #4770 ), #3365, .T. ) ;
#4862 = LINE ( 'NONE', #3518, #5692 ) ;
#4863 = DIRECTION ( 'NONE',  ( 0.000000000000000000, 0.000000000000000000, 1.000000000000000000 ) ) ;
#4864 = EDGE_CURVE ( 'NONE', #4982, #4621, #777, .T. ) ;
#4865 = LINE ( 'NONE', #1734, #1959 ) ;
#4866 = ORIENTED_EDGE ( 'NONE', *, *, #3645, .F. ) ;
#4867 = ADVANCED_FACE ( 'NONE', ( #1686 ), #353, .F. ) ;
#4868 = DIRECTION ( 'NONE',  ( 0.000000000000000000, 1.000000000000000000, 0.000000000000000000 ) ) ;
#4869 = LINE ( 'NONE', #114, #3145 ) ;
#4870 = DIRECTION ( 'NONE',  ( -1.000000000000000000, 0.000000000000000000, 1.748713181428230588E-16 ) ) ;
#4871 = ORIENTED_EDGE ( 'NONE', *, *, #905, .T. ) ;
#4872 = ORIENTED_EDGE ( 'NONE', *, *, #3459, .T. ) ;
#4873 = EDGE_CURVE ( 'NONE', #1692, #2568, #2527, .T. ) ;
#4874 = CARTESIAN_POINT ( 'NONE',  ( 4.430000000000001492, 3.600000000000000089, -2.169999999999998597 ) ) ;
#4875 = LINE ( 'NONE', #3129, #766 ) ;
#4876 = VECTOR ( 'NONE', #2571, 1000.000000000000000 ) ;
#4877 = VERTEX_POINT ( 'NONE', #5168 ) ;
#4878 = DIRECTION ( 'NONE',  ( -0.000000000000000000, -0.000000000000000000, 1.000000000000000000 ) ) ;
#4879 = VERTEX_POINT ( 'NONE', #5259 ) ;
#4880 = VERTEX_POINT ( 'NONE', #4258 ) ;
#4881 = ORIENTED_EDGE ( 'NONE', *, *, #1366, .T. ) ;
#4882 = EDGE_CURVE ( 'NONE', #4692, #558, #1232, .T. ) ;
#4883 = DIRECTION ( 'NONE',  ( -0.000000000000000000, 1.000000000000000000, -0.000000000000000000 ) ) ;
#4884 = DIRECTION ( 'NONE',  ( -1.748713181428230588E-16, 0.000000000000000000, -1.000000000000000000 ) ) ;
#4885 = CARTESIAN_POINT ( 'NONE',  ( -4.769999999999997797, 9.700000000000001066, -0.9600000000000005196 ) ) ;
#4886 = ORIENTED_EDGE ( 'NONE', *, *, #188, .F. ) ;
#4887 = ADVANCED_FACE ( 'NONE', ( #3451 ), #2033, .F. ) ;
#4888 = DIRECTION ( 'NONE',  ( -1.000000000000000000, 0.000000000000000000, 1.024442997624098707E-16 ) ) ;
#4889 = LINE ( 'NONE', #4069, #3444 ) ;
#4890 = DIRECTION ( 'NONE',  ( 1.000000000000000000, 0.000000000000000000, 0.000000000000000000 ) ) ;
#4891 = ORIENTED_EDGE ( 'NONE', *, *, #803, .T. ) ;
#4892 = DIRECTION ( 'NONE',  ( 0.000000000000000000, 0.000000000000000000, 1.000000000000000000 ) ) ;
#4893 = EDGE_CURVE ( 'NONE', #627, #3098, #4345, .T. ) ;
#4894 = CARTESIAN_POINT ( 'NONE',  ( -4.769999999999997797, 1.119999999999999440, 2.080000000000000515 ) ) ;
#4895 = DIRECTION ( 'NONE',  ( 1.000000000000000000, -0.000000000000000000, -3.497426362856461177E-16 ) ) ;
#4896 = ORIENTED_EDGE ( 'NONE', *, *, #2837, .F. ) ;
#4897 = ORIENTED_EDGE ( 'NONE', *, *, #3610, .T. ) ;
#4898 = LINE ( 'NONE', #442, #5314 ) ;
#4899 = FACE_OUTER_BOUND ( 'NONE', #421, .T. ) ;
#4900 = ORIENTED_EDGE ( 'NONE', *, *, #1526, .T. ) ;
#4901 = DIRECTION ( 'NONE',  ( 0.000000000000000000, -0.000000000000000000, 1.000000000000000000 ) ) ;
#4902 = ORIENTED_EDGE ( 'NONE', *, *, #1480, .T. ) ;
#4903 = VERTEX_POINT ( 'NONE', #828 ) ;
#4904 = EDGE_LOOP ( 'NONE', ( #3019, #5535 ) ) ;
#4905 = CARTESIAN_POINT ( 'NONE',  ( -4.769999999999997797, 3.600000000000000089, 1.580000000000000293 ) ) ;
#4906 = LINE ( 'NONE', #5349, #1950 ) ;
#4907 = EDGE_CURVE ( 'NONE', #5012, #3275, #2356, .T. ) ;
#4908 = CARTESIAN_POINT ( 'NONE',  ( 6.349999999999999645, 3.600000000000000089, 2.414999999999999591 ) ) ;
#4909 = ORIENTED_EDGE ( 'NONE', *, *, #5618, .F. ) ;
#4910 = EDGE_CURVE ( 'NONE', #2974, #594, #5583, .T. ) ;
#4911 = AXIS2_PLACEMENT_3D ( 'NONE', #1592, #235, #679 ) ;
#4912 = DIRECTION ( 'NONE',  ( -1.000000000000000000, 0.000000000000000000, -0.000000000000000000 ) ) ;
#4913 = VECTOR ( 'NONE', #1837, 1000.000000000000000 ) ;
#4914 = PLANE ( 'NONE',  #1693 ) ;
#4915 = DIRECTION ( 'NONE',  ( -1.000000000000000000, 0.000000000000000000, 0.000000000000000000 ) ) ;
#4916 = ORIENTED_EDGE ( 'NONE', *, *, #13, .T. ) ;
#4917 = VECTOR ( 'NONE', #3422, 1000.000000000000000 ) ;
#4918 = CYLINDRICAL_SURFACE ( 'NONE', #1052, 0.2499999999999995837 ) ;
#4919 = FACE_OUTER_BOUND ( 'NONE', #3190, .T. ) ;
#4920 = EDGE_CURVE ( 'NONE', #4439, #2314, #2928, .T. ) ;
#4921 = CARTESIAN_POINT ( 'NONE',  ( -5.389999999999998792, 3.600000000000000089, -1.580000000000000515 ) ) ;
#4922 = VECTOR ( 'NONE', #4981, 1000.000000000000000 ) ;
#4923 = VECTOR ( 'NONE', #3850, 1000.000000000000000 ) ;
#4924 = DIRECTION ( 'NONE',  ( 0.000000000000000000, -0.000000000000000000, 1.000000000000000000 ) ) ;
#4925 = EDGE_LOOP ( 'NONE', ( #3933, #2297, #44, #1506 ) ) ;
#4926 = ORIENTED_EDGE ( 'NONE', *, *, #125, .T. ) ;
#4927 = CARTESIAN_POINT ( 'NONE',  ( 5.730000000000002203, 3.600000000000000089, 2.169999999999999485 ) ) ;
#4928 = CIRCLE ( 'NONE', #842, 0.2499999999999995837 ) ;
#4929 = VECTOR ( 'NONE', #1988, 1000.000000000000000 ) ;
#4930 = CARTESIAN_POINT ( 'NONE',  ( 5.390000000000002345, 3.600000000000000089, 0.9600000000000005196 ) ) ;
#4931 = VERTEX_POINT ( 'NONE', #1182 ) ;
#4932 = LINE ( 'NONE', #2298, #928 ) ;
#4933 = ORIENTED_EDGE ( 'NONE', *, *, #4826, .F. ) ;
#4934 = AXIS2_PLACEMENT_3D ( 'NONE', #790, #2569, #5741 ) ;
#4935 = ORIENTED_EDGE ( 'NONE', *, *, #1405, .F. ) ;
#4936 = VECTOR ( 'NONE', #3400, 1000.000000000000000 ) ;
#4937 = PRODUCT_DEFINITION_CONTEXT ( 'detailed design', #1932, 'design' ) ;
#4938 = EDGE_CURVE ( 'NONE', #287, #2617, #4711, .T. ) ;
#4939 = ORIENTED_EDGE ( 'NONE', *, *, #2873, .T. ) ;
#4940 = LINE ( 'NONE', #3975, #3922 ) ;
#4941 = DIRECTION ( 'NONE',  ( -1.000000000000000000, 0.000000000000000000, -3.497426362856462163E-16 ) ) ;
#4942 = CARTESIAN_POINT ( 'NONE',  ( -5.389999999999998792, 1.119999999999999440, 0.9600000000000006306 ) ) ;
#4943 = ORIENTED_EDGE ( 'NONE', *, *, #3916, .F. ) ;
#4944 = AXIS2_PLACEMENT_3D ( 'NONE', #482, #4856, #3136 ) ;
#4945 = EDGE_CURVE ( 'NONE', #3227, #1356, #2955, .T. ) ;
#4946 = CARTESIAN_POINT ( 'NONE',  ( -5.389999999999998792, 0.6200000000000007727, 3.237878387081807308 ) ) ;
#4947 = VECTOR ( 'NONE', #2549, 1000.000000000000000 ) ;
#4948 = EDGE_CURVE ( 'NONE', #121, #5280, #4849, .T. ) ;
#4949 = LINE ( 'NONE', #1430, #4180 ) ;
#4950 = DIRECTION ( 'NONE',  ( 0.4226182617407044928, 0.000000000000000000, -0.9063077870366477162 ) ) ;
#4951 = ORIENTED_EDGE ( 'NONE', *, *, #3826, .F. ) ;
#4952 = EDGE_CURVE ( 'NONE', #533, #5007, #4875, .T. ) ;
#4953 =( LENGTH_UNIT ( ) NAMED_UNIT ( * ) SI_UNIT ( .MILLI., .METRE. ) );
#4954 = CARTESIAN_POINT ( 'NONE',  ( 6.349999999999999645, 3.600000000000000089, 1.915000000000001368 ) ) ;
#4955 = FACE_OUTER_BOUND ( 'NONE', #4098, .T. ) ;
#4956 = DIRECTION ( 'NONE',  ( -0.000000000000000000, -0.000000000000000000, 1.000000000000000000 ) ) ;
#4957 = EDGE_LOOP ( 'NONE', ( #4871, #5733, #3073, #258 ) ) ;
#4958 = VERTEX_POINT ( 'NONE', #889 ) ;
#4959 = DIRECTION ( 'NONE',  ( 0.000000000000000000, 1.000000000000000000, 0.000000000000000000 ) ) ;
#4960 = DIRECTION ( 'NONE',  ( 1.000000000000000000, -0.000000000000000000, -3.497426362856461177E-16 ) ) ;
#4961 = ORIENTED_EDGE ( 'NONE', *, *, #5412, .T. ) ;
#4962 = CARTESIAN_POINT ( 'NONE',  ( -3.856630765815501238, 1.459999999999999964, -1.765000000000002789 ) ) ;
#4963 = ORIENTED_EDGE ( 'NONE', *, *, #5758, .F. ) ;
#4964 = ORIENTED_EDGE ( 'NONE', *, *, #2683, .T. ) ;
#4965 = ORIENTED_EDGE ( 'NONE', *, *, #4804, .F. ) ;
#4966 = VECTOR ( 'NONE', #3316, 1000.000000000000000 ) ;
#4967 = CARTESIAN_POINT ( 'NONE',  ( -5.389999999999998792, 1.119999999999999440, -0.9600000000000006306 ) ) ;
#4968 = CARTESIAN_POINT ( 'NONE',  ( -3.460269256383745162, 1.259999999999999787, -2.415000000000002256 ) ) ;
#4969 = EDGE_CURVE ( 'NONE', #2091, #869, #2641, .T. ) ;
#4970 = DIRECTION ( 'NONE',  ( -1.000000000000000000, 0.000000000000000000, -1.748713181428231081E-16 ) ) ;
#4971 = CARTESIAN_POINT ( 'NONE',  ( 3.190000000000001723, 1.259999999999999787, 1.920000000000000151 ) ) ;
#4972 = VERTEX_POINT ( 'NONE', #2295 ) ;
#4973 = DIRECTION ( 'NONE',  ( 0.000000000000000000, 0.000000000000000000, 1.000000000000000000 ) ) ;
#4974 = DIRECTION ( 'NONE',  ( -1.000000000000000000, 0.000000000000000000, -0.000000000000000000 ) ) ;
#4975 = LINE ( 'NONE', #2309, #4272 ) ;
#4976 = VERTEX_POINT ( 'NONE', #1296 ) ;
#4977 = ADVANCED_FACE ( 'NONE', ( #2748 ), #5754, .F. ) ;
#4978 = DIRECTION ( 'NONE',  ( 0.000000000000000000, 0.000000000000000000, 1.000000000000000000 ) ) ;
#4979 = LINE ( 'NONE', #1080, #5008 ) ;
#4980 = EDGE_CURVE ( 'NONE', #5280, #1297, #2268, .T. ) ;
#4981 = DIRECTION ( 'NONE',  ( 0.000000000000000000, 0.000000000000000000, -1.000000000000000000 ) ) ;
#4982 = VERTEX_POINT ( 'NONE', #2232 ) ;
#4983 = ADVANCED_FACE ( 'NONE', ( #4899 ), #1331, .T. ) ;
#4984 = FACE_BOUND ( 'NONE', #3038, .T. ) ;
#4985 = DIRECTION ( 'NONE',  ( 0.000000000000000000, 1.000000000000000000, 0.000000000000000000 ) ) ;
#4986 = ORIENTED_EDGE ( 'NONE', *, *, #4282, .T. ) ;
#4987 = CARTESIAN_POINT ( 'NONE',  ( -4.769999999999998685, 3.600000000000000089, -0.9599999999999999645 ) ) ;
#4988 = ORIENTED_EDGE ( 'NONE', *, *, #3371, .T. ) ;
#4989 = VERTEX_POINT ( 'NONE', #4930 ) ;
#4990 = EDGE_LOOP ( 'NONE', ( #4900, #4659, #4634, #5585 ) ) ;
#4991 = DIRECTION ( 'NONE',  ( -0.000000000000000000, -0.000000000000000000, 1.000000000000000000 ) ) ;
#4992 = CYLINDRICAL_SURFACE ( 'NONE', #4389, 0.2499999999999995837 ) ;
#4993 = LINE ( 'NONE', #103, #1066 ) ;
#4994 = CARTESIAN_POINT ( 'NONE',  ( 1.890000000000001013, 1.259999999999999787, -2.169999999999998597 ) ) ;
#4995 = EDGE_CURVE ( 'NONE', #4581, #1919, #914, .T. ) ;
#4996 = EDGE_LOOP ( 'NONE', ( #851, #505, #1914, #4943 ) ) ;
#4997 = EDGE_CURVE ( 'NONE', #168, #5554, #3538, .T. ) ;
#4998 = EDGE_CURVE ( 'NONE', #4151, #5483, #4465, .T. ) ;
#4999 = DIRECTION ( 'NONE',  ( -0.000000000000000000, -0.000000000000000000, 1.000000000000000000 ) ) ;
#5000 = PLANE ( 'NONE',  #5308 ) ;
#5001 = FACE_OUTER_BOUND ( 'NONE', #3737, .T. ) ;
#5002 = ORIENTED_EDGE ( 'NONE', *, *, #1279, .F. ) ;
#5003 = SURFACE_SIDE_STYLE ('',( #2423 ) ) ;
#5004 = LINE ( 'NONE', #2456, #2506 ) ;
#5005 = CARTESIAN_POINT ( 'NONE',  ( 3.460269256383745162, 3.600000000000000089, -2.415000000000002256 ) ) ;
#5006 = DIRECTION ( 'NONE',  ( 0.000000000000000000, 0.000000000000000000, -1.000000000000000000 ) ) ;
#5007 = VERTEX_POINT ( 'NONE', #3507 ) ;
#5008 = VECTOR ( 'NONE', #3754, 1000.000000000000000 ) ;
#5009 = FACE_BOUND ( 'NONE', #2177, .T. ) ;
#5010 = DIRECTION ( 'NONE',  ( 0.000000000000000000, -1.000000000000000000, 0.000000000000000000 ) ) ;
#5011 = AXIS2_PLACEMENT_3D ( 'NONE', #3096, #1291, #4870 ) ;
#5012 = VERTEX_POINT ( 'NONE', #34 ) ;
#5013 = AXIS2_PLACEMENT_3D ( 'NONE', #3074, #3970, #1722 ) ;
#5014 = DIRECTION ( 'NONE',  ( -0.4226182617407043263, -0.000000000000000000, 0.9063077870366476052 ) ) ;
#5015 = EDGE_CURVE ( 'NONE', #1603, #2668, #1829, .T. ) ;
#5016 = ADVANCED_BREP_SHAPE_REPRESENTATION ( '', ( #3494, #1472, #5450, #5318, #2384 ), #847 ) ;
#5017 = ORIENTED_EDGE ( 'NONE', *, *, #4026, .T. ) ;
#5018 = ORIENTED_EDGE ( 'NONE', *, *, #5405, .F. ) ;
#5019 = ORIENTED_EDGE ( 'NONE', *, *, #5360, .T. ) ;
#5020 = VECTOR ( 'NONE', #4639, 1000.000000000000000 ) ;
#5021 = CARTESIAN_POINT ( 'NONE',  ( 1.316630765815502313, 1.259999999999999787, 1.765000000000001457 ) ) ;
#5022 = EDGE_CURVE ( 'NONE', #4365, #5104, #5365, .T. ) ;
#5023 = DIRECTION ( 'NONE',  ( 1.000000000000000000, 0.000000000000000000, 0.000000000000000000 ) ) ;
#5024 = SHAPE_REPRESENTATION_RELATIONSHIP ( 'NONE' , 'NONE' ,  #5467, #4530 ) ;
#5025 = DIRECTION ( 'NONE',  ( 0.4226182617407052144, 0.000000000000000000, 0.9063077870366472721 ) ) ;
#5026 = AXIS2_PLACEMENT_3D ( 'NONE', #2802, #5602, #4542 ) ;
#5027 = VECTOR ( 'NONE', #5656, 1000.000000000000000 ) ;
#5028 = VERTEX_POINT ( 'NONE', #863 ) ;
#5029 = VECTOR ( 'NONE', #1136, 1000.000000000000000 ) ;
#5030 = AXIS2_PLACEMENT_3D ( 'NONE', #5473, #4598, #1483 ) ;
#5031 = CARTESIAN_POINT ( 'NONE',  ( -5.729999999999998650, 1.459999999999999964, -1.919999999999999263 ) ) ;
#5032 = DIRECTION ( 'NONE',  ( -0.4226182617407043263, 0.000000000000000000, 0.9063077870366476052 ) ) ;
#5033 = VECTOR ( 'NONE', #5406, 1000.000000000000000 ) ;
#5034 = LINE ( 'NONE', #5121, #2062 ) ;
#5035 = VERTEX_POINT ( 'NONE', #416 ) ;
#5036 = VECTOR ( 'NONE', #687, 1000.000000000000000 ) ;
#5037 = FACE_OUTER_BOUND ( 'NONE', #1186, .T. ) ;
#5038 = LINE ( 'NONE', #5156, #2250 ) ;
#5039 = PLANE ( 'NONE',  #3530 ) ;
#5040 = ORIENTED_EDGE ( 'NONE', *, *, #4910, .F. ) ;
#5041 = VECTOR ( 'NONE', #2515, 1000.000000000000000 ) ;
#5042 = LINE ( 'NONE', #4114, #280 ) ;
#5043 = CARTESIAN_POINT ( 'NONE',  ( 5.730000000000002203, 1.259999999999999787, 1.920000000000000151 ) ) ;
#5044 = EDGE_LOOP ( 'NONE', ( #343, #4421, #1223, #2946 ) ) ;
#5045 = VECTOR ( 'NONE', #1796, 1000.000000000000000 ) ;
#5046 = LINE ( 'NONE', #5101, #1685 ) ;
#5047 = EDGE_CURVE ( 'NONE', #4877, #3804, #3618, .T. ) ;
#5048 = EDGE_LOOP ( 'NONE', ( #2318, #3771, #194, #2208 ) ) ;
#5049 = VERTEX_POINT ( 'NONE', #2204 ) ;
#5050 = ORIENTED_EDGE ( 'NONE', *, *, #5432, .F. ) ;
#5051 = CARTESIAN_POINT ( 'NONE',  ( -1.223369234184498389, 3.600000000000000089, -1.765000000000002789 ) ) ;
#5052 = EDGE_CURVE ( 'NONE', #2827, #2340, #3999, .T. ) ;
#5053 = DIRECTION ( 'NONE',  ( -1.000000000000000000, 0.000000000000000000, -0.000000000000000000 ) ) ;
#5054 = AXIS2_PLACEMENT_3D ( 'NONE', #1143, #5630, #4220 ) ;
#5055 = ORIENTED_EDGE ( 'NONE', *, *, #789, .T. ) ;
#5056 = SHAPE_REPRESENTATION ( 'pin^95278-additional-goldtin', ( #2384 ), #847 ) ;
#5057 = DIRECTION ( 'NONE',  ( -1.000000000000000000, 0.000000000000000000, 1.748713181428230588E-16 ) ) ;
#5058 = ADVANCED_FACE ( 'NONE', ( #1805 ), #1414, .F. ) ;
#5059 = ORIENTED_EDGE ( 'NONE', *, *, #5606, .F. ) ;
#5060 = CARTESIAN_POINT ( 'NONE',  ( 5.390000000000000568, 3.600000000000000089, -1.579999999999999627 ) ) ;
#5061 = CARTESIAN_POINT ( 'NONE',  ( -3.189999999999998614, 1.459999999999999964, -1.919999999999999263 ) ) ;
#5062 = ORIENTED_EDGE ( 'NONE', *, *, #170, .T. ) ;
#5063 = CARTESIAN_POINT ( 'NONE',  ( 2.229999999999999982, 3.600000000000000089, -0.9599999999999997424 ) ) ;
#5064 = ORIENTED_EDGE ( 'NONE', *, *, #375, .T. ) ;
#5065 = DIRECTION ( 'NONE',  ( 0.000000000000000000, 1.000000000000000000, 0.000000000000000000 ) ) ;
#5066 = CARTESIAN_POINT ( 'NONE',  ( 2.850000000000000533, 1.459999999999999964, -0.9599999999999999645 ) ) ;
#5067 = DIRECTION ( 'NONE',  ( 0.000000000000000000, 0.000000000000000000, 1.000000000000000000 ) ) ;
#5068 = ORIENTED_EDGE ( 'NONE', *, *, #391, .F. ) ;
#5069 = ADVANCED_FACE ( 'NONE', ( #3186 ), #5730, .T. ) ;
#5070 = EDGE_CURVE ( 'NONE', #3730, #3083, #5613, .T. ) ;
#5071 = PLANE ( 'NONE',  #5702 ) ;
#5072 = DIRECTION ( 'NONE',  ( -0.000000000000000000, 0.000000000000000000, 1.000000000000000000 ) ) ;
#5073 = LINE ( 'NONE', #2435, #4653 ) ;
#5074 = PLANE ( 'NONE',  #849 ) ;
#5075 = EDGE_LOOP ( 'NONE', ( #5185, #2752, #4715, #2145 ) ) ;
#5076 = ORIENTED_EDGE ( 'NONE', *, *, #335, .F. ) ;
#5077 = ORIENTED_EDGE ( 'NONE', *, *, #1815, .F. ) ;
#5078 = LINE ( 'NONE', #597, #1399 ) ;
#5079 = ADVANCED_FACE ( 'NONE', ( #2352 ), #1085, .T. ) ;
#5080 = FACE_OUTER_BOUND ( 'NONE', #5303, .T. ) ;
#5081 = FILL_AREA_STYLE ('',( #655 ) ) ;
#5082 = VERTEX_POINT ( 'NONE', #2378 ) ;
#5083 = DIRECTION ( 'NONE',  ( 0.000000000000000000, 0.000000000000000000, 1.000000000000000000 ) ) ;
#5084 = VERTEX_POINT ( 'NONE', #562 ) ;
#5085 = SHAPE_REPRESENTATION ( '95278-101A10LF', ( #4384, #1877, #1225, #4009, #1134, #2068, #1129 ), #4665 ) ;
#5086 = CARTESIAN_POINT ( 'NONE',  ( 5.390000000000002345, 1.459999999999999964, 1.580000000000000293 ) ) ;
#5087 = CARTESIAN_POINT ( 'NONE',  ( 2.850000000000001421, 1.459999999999999964, 1.580000000000000293 ) ) ;
#5088 = EDGE_CURVE ( 'NONE', #1386, #5571, #2830, .T. ) ;
#5089 = VERTEX_POINT ( 'NONE', #4197 ) ;
#5090 = CARTESIAN_POINT ( 'NONE',  ( -4.769999999999998685, 1.459999999999999964, -0.9599999999999999645 ) ) ;
#5091 = VERTEX_POINT ( 'NONE', #3759 ) ;
#5092 = CARTESIAN_POINT ( 'NONE',  ( -2.849999999999998757, 1.459999999999999964, 1.580000000000000515 ) ) ;
#5093 = CYLINDRICAL_SURFACE ( 'NONE', #2868, 0.2499999999999995837 ) ;
#5094 = PLANE ( 'NONE',  #4095 ) ;
#5095 = LINE ( 'NONE', #1530, #271 ) ;
#5096 = EDGE_LOOP ( 'NONE', ( #1545, #3792 ) ) ;
#5097 = VECTOR ( 'NONE', #2741, 1000.000000000000000 ) ;
#5098 = DIRECTION ( 'NONE',  ( 0.000000000000000000, 1.000000000000000000, 0.000000000000000000 ) ) ;
#5099 = ADVANCED_FACE ( 'NONE', ( #4609 ), #4138, .T. ) ;
#5100 = CYLINDRICAL_SURFACE ( 'NONE', #4911, 0.2499999999999995837 ) ;
#5101 = CARTESIAN_POINT ( 'NONE',  ( 0.6500000000000021316, 1.259999999999999787, 2.169999999999999485 ) ) ;
#5102 = AXIS2_PLACEMENT_3D ( 'NONE', #4064, #3661, #3629 ) ;
#5103 = DIRECTION ( 'NONE',  ( -1.000000000000000000, 0.000000000000000000, -0.000000000000000000 ) ) ;
#5104 = VERTEX_POINT ( 'NONE', #1001 ) ;
#5105 = EDGE_LOOP ( 'NONE', ( #640, #4469, #2067, #1184 ) ) ;
#5106 = ORIENTED_EDGE ( 'NONE', *, *, #698, .F. ) ;
#5107 = CARTESIAN_POINT ( 'NONE',  ( -1.889999999999998126, 1.259999999999999787, 1.920000000000000151 ) ) ;
#5108 = VECTOR ( 'NONE', #3622, 1000.000000000000000 ) ;
#5109 = DIRECTION ( 'NONE',  ( 1.000000000000000000, 0.000000000000000000, -0.000000000000000000 ) ) ;
#5110 = ORIENTED_EDGE ( 'NONE', *, *, #5594, .T. ) ;
#5111 = LINE ( 'NONE', #1604, #3992 ) ;
#5112 = ADVANCED_FACE ( 'NONE', ( #1939 ), #5071, .F. ) ;
#5113 = AXIS2_PLACEMENT_3D ( 'NONE', #3932, #5215, #3408 ) ;
#5114 = VERTEX_POINT ( 'NONE', #118 ) ;
#5115 = VECTOR ( 'NONE', #381, 1000.000000000000000 ) ;
#5116 = DIRECTION ( 'NONE',  ( 0.4226182617407051589, 0.000000000000000000, 0.9063077870366472721 ) ) ;
#5117 = VECTOR ( 'NONE', #3984, 1000.000000000000000 ) ;
#5118 = AXIS2_PLACEMENT_3D ( 'NONE', #2169, #4834, #3931 ) ;
#5119 = LINE ( 'NONE', #5447, #941 ) ;
#5120 = VERTEX_POINT ( 'NONE', #3699 ) ;
#5121 = CARTESIAN_POINT ( 'NONE',  ( 5.730000000000002203, 1.259999999999999787, 2.169999999999999485 ) ) ;
#5122 = VECTOR ( 'NONE', #1654, 1000.000000000000000 ) ;
#5123 = AXIS2_PLACEMENT_3D ( 'NONE', #5729, #5364, #4493 ) ;
#5124 = ORIENTED_EDGE ( 'NONE', *, *, #47, .T. ) ;
#5125 = AXIS2_PLACEMENT_3D ( 'NONE', #5624, #2500, #1611 ) ;
#5126 = DIRECTION ( 'NONE',  ( 0.000000000000000000, 1.000000000000000000, 0.000000000000000000 ) ) ;
#5127 = VECTOR ( 'NONE', #3002, 1000.000000000000000 ) ;
#5128 = DIRECTION ( 'NONE',  ( -0.4226182617407043263, 0.000000000000000000, 0.9063077870366476052 ) ) ;
#5129 = FACE_OUTER_BOUND ( 'NONE', #4060, .T. ) ;
#5130 = CARTESIAN_POINT ( 'NONE',  ( -4.769999999999997797, 9.700000000000001066, 1.580000000000000293 ) ) ;
#5131 = EDGE_CURVE ( 'NONE', #4029, #5528, #5486, .T. ) ;
#5132 = ORIENTED_EDGE ( 'NONE', *, *, #2168, .F. ) ;
#5133 = DIRECTION ( 'NONE',  ( 0.000000000000000000, 0.000000000000000000, 1.000000000000000000 ) ) ;
#5134 = ORIENTED_EDGE ( 'NONE', *, *, #4826, .T. ) ;
#5135 = CARTESIAN_POINT ( 'NONE',  ( 6.349999999999999645, 3.600000000000000089, -2.415000000000000480 ) ) ;
#5136 = AXIS2_PLACEMENT_3D ( 'NONE', #2803, #2853, #1440 ) ;
#5137 = DIRECTION ( 'NONE',  ( 3.286505744918318491E-16, 0.3420201433256671586, -0.9396926207859089830 ) ) ;
#5138 = ORIENTED_EDGE ( 'NONE', *, *, #4657, .T. ) ;
#5139 = ORIENTED_EDGE ( 'NONE', *, *, #4372, .F. ) ;
#5140 = CARTESIAN_POINT ( 'NONE',  ( 2.229999999999999982, 1.459999999999999964, -0.9599999999999997424 ) ) ;
#5141 = DIRECTION ( 'NONE',  ( 0.000000000000000000, 0.000000000000000000, 1.000000000000000000 ) ) ;
#5142 = ORIENTED_EDGE ( 'NONE', *, *, #552, .T. ) ;
#5143 = DIRECTION ( 'NONE',  ( 0.000000000000000000, -0.000000000000000000, 1.000000000000000000 ) ) ;
#5144 = ORIENTED_EDGE ( 'NONE', *, *, #3123, .T. ) ;
#5145 = DIRECTION ( 'NONE',  ( -0.000000000000000000, -0.000000000000000000, 1.000000000000000000 ) ) ;
#5146 = ADVANCED_FACE ( 'NONE', ( #205 ), #1500, .F. ) ;
#5147 = CARTESIAN_POINT ( 'NONE',  ( 2.491778397556287050, 1.459999999999999964, -1.161935349205703849 ) ) ;
#5148 = VERTEX_POINT ( 'NONE', #1465 ) ;
#5149 = DIRECTION ( 'NONE',  ( -1.000000000000000000, 0.000000000000000000, 1.365923996832131609E-16 ) ) ;
#5150 = VERTEX_POINT ( 'NONE', #2772 ) ;
#5151 = AXIS2_PLACEMENT_3D ( 'NONE', #1423, #3195, #4396 ) ;
#5152 = DIRECTION ( 'NONE',  ( -0.000000000000000000, 1.000000000000000000, -0.000000000000000000 ) ) ;
#5153 = EDGE_CURVE ( 'NONE', #14, #2371, #2401, .T. ) ;
#5154 = CARTESIAN_POINT ( 'NONE',  ( 1.316630765815502313, 1.459999999999999964, 1.765000000000001457 ) ) ;
#5155 = DIRECTION ( 'NONE',  ( 0.000000000000000000, 0.000000000000000000, -1.000000000000000000 ) ) ;
#5156 = CARTESIAN_POINT ( 'NONE',  ( -4.429999999999997939, 1.259999999999999787, 2.169999999999999485 ) ) ;
#5157 = CARTESIAN_POINT ( 'NONE',  ( -2.229999999999999094, 1.459999999999999964, -0.9599999999999999645 ) ) ;
#5158 = ORIENTED_EDGE ( 'NONE', *, *, #131, .F. ) ;
#5159 = DIRECTION ( 'NONE',  ( 0.000000000000000000, 1.000000000000000000, 0.000000000000000000 ) ) ;
#5160 = EDGE_CURVE ( 'NONE', #5566, #1249, #1999, .T. ) ;
#5161 = DIRECTION ( 'NONE',  ( 0.000000000000000000, 1.000000000000000000, 0.000000000000000000 ) ) ;
#5162 = CARTESIAN_POINT ( 'NONE',  ( -4.159730743616253612, 3.600000000000000089, 2.415000000000001368 ) ) ;
#5163 = DIRECTION ( 'NONE',  ( 3.497426362856461177E-16, 0.000000000000000000, 1.000000000000000000 ) ) ;
#5164 = ORIENTED_EDGE ( 'NONE', *, *, #4058, .T. ) ;
#5165 = ADVANCED_FACE ( 'NONE', ( #3236 ), #3732, .T. ) ;
#5166 = ORIENTED_EDGE ( 'NONE', *, *, #3951, .F. ) ;
#5167 = CYLINDRICAL_SURFACE ( 'NONE', #3817, 0.2499999999999995837 ) ;
#5168 = CARTESIAN_POINT ( 'NONE',  ( 0.3100000000000021072, 1.459999999999999964, 0.9600000000000005196 ) ) ;
#5169 = CARTESIAN_POINT ( 'NONE',  ( 2.540000000000000036, 0.000000000000000000, 0.000000000000000000 ) ) ;
#5170 = EDGE_LOOP ( 'NONE', ( #4678, #4961, #1141, #5644 ) ) ;
#5171 = DIRECTION ( 'NONE',  ( 0.000000000000000000, -1.000000000000000000, 0.000000000000000000 ) ) ;
#5172 = ORIENTED_EDGE ( 'NONE', *, *, #4807, .T. ) ;
#5173 = DIRECTION ( 'NONE',  ( 0.000000000000000000, 0.000000000000000000, 1.000000000000000000 ) ) ;
#5174 = ADVANCED_FACE ( 'NONE', ( #5548 ), #5522, .F. ) ;
#5175 = CARTESIAN_POINT ( 'NONE',  ( 1.890000000000001013, 1.259999999999999787, -1.919999999999999263 ) ) ;
#5176 = VERTEX_POINT ( 'NONE', #1561 ) ;
#5177 = EDGE_CURVE ( 'NONE', #4521, #2205, #4482, .T. ) ;
#5178 = CARTESIAN_POINT ( 'NONE',  ( 0.3100000000000021072, 3.600000000000000089, 0.9600000000000005196 ) ) ;
#5179 = ORIENTED_EDGE ( 'NONE', *, *, #1361, .F. ) ;
#5180 = LINE ( 'NONE', #1192, #4010 ) ;
#5181 = DIRECTION ( 'NONE',  ( 1.000000000000000000, 0.000000000000000000, 0.000000000000000000 ) ) ;
#5182 = DIRECTION ( 'NONE',  ( 0.000000000000000000, 0.000000000000000000, 1.000000000000000000 ) ) ;
#5183 = EDGE_CURVE ( 'NONE', #3856, #1531, #2317, .T. ) ;
#5184 = CARTESIAN_POINT ( 'NONE',  ( -1.223369234184497945, 3.600000000000000089, 1.765000000000001457 ) ) ;
#5185 = ORIENTED_EDGE ( 'NONE', *, *, #5638, .T. ) ;
#5186 = DIRECTION ( 'NONE',  ( -0.000000000000000000, 1.000000000000000000, -0.000000000000000000 ) ) ;
#5187 = FACE_OUTER_BOUND ( 'NONE', #5268, .T. ) ;
#5188 = DIRECTION ( 'NONE',  ( 0.000000000000000000, 0.000000000000000000, -1.000000000000000000 ) ) ;
#5189 = ORIENTED_EDGE ( 'NONE', *, *, #5728, .T. ) ;
#5190 = EDGE_LOOP ( 'NONE', ( #944, #1026 ) ) ;
#5191 = VECTOR ( 'NONE', #5489, 1000.000000000000000 ) ;
#5192 = DIRECTION ( 'NONE',  ( 0.000000000000000000, 0.000000000000000000, 1.000000000000000000 ) ) ;
#5193 = LINE ( 'NONE', #328, #5226 ) ;
#5194 = CARTESIAN_POINT ( 'NONE',  ( 0.000000000000000000, 0.000000000000000000, 0.000000000000000000 ) ) ;
#5195 = ORIENTED_EDGE ( 'NONE', *, *, #2010, .T. ) ;
#5196 = AXIS2_PLACEMENT_3D ( 'NONE', #1070, #4970, #4124 ) ;
#5197 = CARTESIAN_POINT ( 'NONE',  ( -2.229999999999998206, 1.459999999999999964, 1.580000000000000293 ) ) ;
#5198 = VERTEX_POINT ( 'NONE', #1887 ) ;
#5199 = EDGE_CURVE ( 'NONE', #739, #4160, #3650, .T. ) ;
#5200 = VECTOR ( 'NONE', #5442, 1000.000000000000000 ) ;
#5201 = CARTESIAN_POINT ( 'NONE',  ( 5.390000000000000568, 1.459999999999999964, -0.9599999999999999645 ) ) ;
#5202 = VECTOR ( 'NONE', #850, 1000.000000000000000 ) ;
#5203 = AXIS2_PLACEMENT_3D ( 'NONE', #1847, #3646, #83 ) ;
#5204 = PLANE ( 'NONE',  #569 ) ;
#5205 = ORIENTED_EDGE ( 'NONE', *, *, #4864, .F. ) ;
#5206 = DIRECTION ( 'NONE',  ( -0.000000000000000000, 1.000000000000000000, -0.000000000000000000 ) ) ;
#5207 = VERTEX_POINT ( 'NONE', #319 ) ;
#5208 = CIRCLE ( 'NONE', #2702, 0.5000000000000000000 ) ;
#5209 = AXIS2_PLACEMENT_3D ( 'NONE', #5538, #4241, #4181 ) ;
#5210 = PLANE ( 'NONE',  #5687 ) ;
#5211 = FACE_OUTER_BOUND ( 'NONE', #4492, .T. ) ;
#5212 = DIRECTION ( 'NONE',  ( 1.000000000000000000, 0.000000000000000000, 0.000000000000000000 ) ) ;
#5213 = AXIS2_PLACEMENT_3D ( 'NONE', #387, #3479, #2690 ) ;
#5214 = AXIS2_PLACEMENT_3D ( 'NONE', #3488, #1698, #785 ) ;
#5215 = DIRECTION ( 'NONE',  ( 0.9063077870366476052, 0.000000000000000000, 0.4226182617407046038 ) ) ;
#5216 = VERTEX_POINT ( 'NONE', #2889 ) ;
#5217 = VECTOR ( 'NONE', #5352, 1000.000000000000000 ) ;
#5218 = AXIS2_PLACEMENT_3D ( 'NONE', #1935, #3647, #1909 ) ;
#5219 = LINE ( 'NONE', #262, #3183 ) ;
#5220 = EDGE_CURVE ( 'NONE', #4903, #3484, #15, .T. ) ;
#5221 = CARTESIAN_POINT ( 'NONE',  ( 4.770000000000001350, 3.600000000000000089, 1.580000000000000515 ) ) ;
#5222 = EDGE_CURVE ( 'NONE', #886, #5493, #5219, .T. ) ;
#5223 = CARTESIAN_POINT ( 'NONE',  ( -5.389999999999998792, 1.120000000000001217, -1.580000000000000515 ) ) ;
#5224 = FACE_OUTER_BOUND ( 'NONE', #2841, .T. ) ;
#5225 = ORIENTED_EDGE ( 'NONE', *, *, #1328, .T. ) ;
#5226 = VECTOR ( 'NONE', #4795, 1000.000000000000227 ) ;
#5227 = ORIENTED_EDGE ( 'NONE', *, *, #2430, .F. ) ;
#5228 = DIRECTION ( 'NONE',  ( -1.000000000000000000, 0.000000000000000000, -1.748713181428231081E-16 ) ) ;
#5229 = DIRECTION ( 'NONE',  ( -1.795779995835203589E-16, 0.000000000000000000, -1.000000000000000000 ) ) ;
#5230 = VECTOR ( 'NONE', #4115, 1000.000000000000000 ) ;
#5231 = ITEM_DEFINED_TRANSFORMATION ( 'NONE', 'NONE', #2068,  #2384 ) ;
#5232 = ORIENTED_EDGE ( 'NONE', *, *, #1091, .T. ) ;
#5233 = EDGE_CURVE ( 'NONE', #4303, #2354, #1710, .T. ) ;
#5234 = CARTESIAN_POINT ( 'NONE',  ( -2.229999999999998206, 1.459999999999999964, 0.9600000000000005196 ) ) ;
#5235 = ORIENTED_EDGE ( 'NONE', *, *, #2209, .F. ) ;
#5236 = EDGE_CURVE ( 'NONE', #1167, #3852, #4017, .T. ) ;
#5237 = FACE_BOUND ( 'NONE', #1365, .T. ) ;
#5238 = EDGE_CURVE ( 'NONE', #106, #3368, #767, .T. ) ;
#5239 = AXIS2_PLACEMENT_3D ( 'NONE', #3061, #2260, #2657 ) ;
#5240 = PLANE ( 'NONE',  #4011 ) ;
#5241 = VERTEX_POINT ( 'NONE', #3386 ) ;
#5242 = DIRECTION ( 'NONE',  ( 0.000000000000000000, 0.000000000000000000, 1.000000000000000000 ) ) ;
#5243 = MECHANICAL_DESIGN_GEOMETRIC_PRESENTATION_REPRESENTATION (  '', ( #3473 ), #3834 ) ;
#5244 = DIRECTION ( 'NONE',  ( 0.000000000000000000, 1.000000000000000000, 0.000000000000000000 ) ) ;
#5245 = DIRECTION ( 'NONE',  ( -0.000000000000000000, 1.000000000000000000, -0.000000000000000000 ) ) ;
#5246 = PRODUCT_RELATED_PRODUCT_CATEGORY ( 'part', '', ( #403 ) ) ;
#5247 = DIRECTION ( 'NONE',  ( -1.000000000000000000, -0.000000000000000000, -0.000000000000000000 ) ) ;
#5248 = DIRECTION ( 'NONE',  ( -0.4226182617407043263, -0.000000000000000000, -0.9063077870366476052 ) ) ;
#5249 = VERTEX_POINT ( 'NONE', #2576 ) ;
#5250 = CARTESIAN_POINT ( 'NONE',  ( -4.429999999999997939, 1.459999999999999964, 1.920000000000000151 ) ) ;
#5251 = CARTESIAN_POINT ( 'NONE',  ( 0.6500000000000021316, 3.799999999999999822, 2.169999999999999485 ) ) ;
#5252 = LINE ( 'NONE', #411, #5115 ) ;
#5253 = PLANE ( 'NONE',  #5011 ) ;
#5254 = ORIENTED_EDGE ( 'NONE', *, *, #3710, .T. ) ;
#5255 = ORIENTED_EDGE ( 'NONE', *, *, #3215, .T. ) ;
#5256 = EDGE_CURVE ( 'NONE', #2833, #5370, #1589, .T. ) ;
#5257 = EDGE_CURVE ( 'NONE', #357, #3484, #3356, .T. ) ;
#5258 = CARTESIAN_POINT ( 'NONE',  ( 0.9202692563837454598, 1.459999999999999964, -2.415000000000002256 ) ) ;
#5259 = CARTESIAN_POINT ( 'NONE',  ( 3.190000000000001723, 1.459999999999999964, 1.670000000000000373 ) ) ;
#5260 = DIRECTION ( 'NONE',  ( 0.000000000000000000, 0.000000000000000000, 1.000000000000000000 ) ) ;
#5261 = ORIENTED_EDGE ( 'NONE', *, *, #1100, .F. ) ;
#5262 = CARTESIAN_POINT ( 'NONE',  ( 1.619730743616255575, 1.459999999999999964, 2.415000000000001368 ) ) ;
#5263 = ORIENTED_EDGE ( 'NONE', *, *, #4198, .T. ) ;
#5264 = EDGE_CURVE ( 'NONE', #3642, #858, #3926, .T. ) ;
#5265 = DIRECTION ( 'NONE',  ( 1.000000000000000000, 0.000000000000000000, 0.000000000000000000 ) ) ;
#5266 = CARTESIAN_POINT ( 'NONE',  ( -3.856630765815501238, 3.600000000000000089, -1.765000000000002789 ) ) ;
#5267 = LINE ( 'NONE', #4268, #4378 ) ;
#5268 = EDGE_LOOP ( 'NONE', ( #865, #5596 ) ) ;
#5269 = FACE_OUTER_BOUND ( 'NONE', #1158, .T. ) ;
#5270 = CARTESIAN_POINT ( 'NONE',  ( 6.349999999999999645, 1.459999999999999964, 2.414999999999999591 ) ) ;
#5271 = DIRECTION ( 'NONE',  ( 0.000000000000000000, 0.000000000000000000, -1.000000000000000000 ) ) ;
#5272 = ADVANCED_FACE ( 'NONE', ( #4285 ), #3008, .T. ) ;
#5273 = DIRECTION ( 'NONE',  ( -0.000000000000000000, 1.000000000000000000, -0.000000000000000000 ) ) ;
#5274 = PLANE ( 'NONE',  #3343 ) ;
#5275 = EDGE_LOOP ( 'NONE', ( #3154, #1391, #1558, #491 ) ) ;
#5276 = DIRECTION ( 'NONE',  ( -1.000000000000000000, 0.000000000000000000, 1.748713181428230588E-16 ) ) ;
#5277 = DIRECTION ( 'NONE',  ( 0.000000000000000000, 1.000000000000000000, 0.000000000000000000 ) ) ;
#5278 = LINE ( 'NONE', #4764, #556 ) ;
#5279 = CARTESIAN_POINT ( 'NONE',  ( 6.116846170922498160, 3.600000000000000089, -2.415000000000000480 ) ) ;
#5280 = VERTEX_POINT ( 'NONE', #2138 ) ;
#5281 = VERTEX_POINT ( 'NONE', #5660 ) ;
#5282 = CARTESIAN_POINT ( 'NONE',  ( 2.229999999999999982, 3.600000000000000089, -1.579999999999999405 ) ) ;
#5283 = ADVANCED_FACE ( 'NONE', ( #1174 ), #2025, .F. ) ;
#5284 = DIRECTION ( 'NONE',  ( -0.3236155771181846164, -0.3236155771181846164, -0.8891264907159883712 ) ) ;
#5285 = ORIENTED_EDGE ( 'NONE', *, *, #5558, .T. ) ;
#5286 = PLANE ( 'NONE',  #4453 ) ;
#5287 = ORIENTED_EDGE ( 'NONE', *, *, #395, .F. ) ;
#5288 = ORIENTED_EDGE ( 'NONE', *, *, #532, .T. ) ;
#5289 = PRODUCT_DEFINITION_SHAPE ( 'NONE', 'NONE',  #5782 ) ;
#5290 = DIRECTION ( 'NONE',  ( -0.000000000000000000, 1.000000000000000000, -0.000000000000000000 ) ) ;
#5291 = EDGE_CURVE ( 'NONE', #2541, #3786, #5693, .T. ) ;
#5292 = DIRECTION ( 'NONE',  ( -0.9396926207859092051, 0.3420201433256666035, 0.000000000000000000 ) ) ;
#5293 = EDGE_CURVE ( 'NONE', #268, #739, #677, .T. ) ;
#5294 = CARTESIAN_POINT ( 'NONE',  ( 5.390000000000002345, 3.600000000000000089, 1.580000000000000293 ) ) ;
#5295 = ORIENTED_EDGE ( 'NONE', *, *, #3085, .F. ) ;
#5296 = VECTOR ( 'NONE', #1403, 1000.000000000000000 ) ;
#5297 = FACE_OUTER_BOUND ( 'NONE', #433, .T. ) ;
#5298 = AXIS2_PLACEMENT_3D ( 'NONE', #3884, #1357, #2727 ) ;
#5299 = CARTESIAN_POINT ( 'NONE',  ( 4.770000000000001350, 1.459999999999999964, 1.580000000000000515 ) ) ;
#5300 = DIRECTION ( 'NONE',  ( -0.4226182617407043263, 0.000000000000000000, 0.9063077870366476052 ) ) ;
#5301 = CARTESIAN_POINT ( 'NONE',  ( 5.730000000000002203, 1.259999999999999787, 1.670000000000000373 ) ) ;
#5302 = AXIS2_PLACEMENT_3D ( 'NONE', #226, #3377, #5149 ) ;
#5303 = EDGE_LOOP ( 'NONE', ( #3051, #3127, #4112, #4800 ) ) ;
#5304 = STYLED_ITEM ( 'NONE', ( #5724 ), #1472 ) ;
#5305 = PLANE ( 'NONE',  #2277 ) ;
#5306 = AXIS2_PLACEMENT_3D ( 'NONE', #1957, #4183, #2453 ) ;
#5307 = DIRECTION ( 'NONE',  ( 0.000000000000000000, 0.000000000000000000, 1.000000000000000000 ) ) ;
#5308 = AXIS2_PLACEMENT_3D ( 'NONE', #3777, #3312, #2819 ) ;
#5309 = CARTESIAN_POINT ( 'NONE',  ( 3.856630765815502127, 1.459999999999999964, 1.765000000000001457 ) ) ;
#5310 = EDGE_CURVE ( 'NONE', #3098, #3091, #1651, .T. ) ;
#5311 = DIRECTION ( 'NONE',  ( 0.000000000000000000, 1.000000000000000000, 0.000000000000000000 ) ) ;
#5312 = ORIENTED_EDGE ( 'NONE', *, *, #5594, .F. ) ;
#5313 = ORIENTED_EDGE ( 'NONE', *, *, #1688, .T. ) ;
#5314 = VECTOR ( 'NONE', #3940, 999.9999999999998863 ) ;
#5315 = AXIS2_PLACEMENT_3D ( 'NONE', #3166, #960, #1340 ) ;
#5316 = CARTESIAN_POINT ( 'NONE',  ( 0.3100000000000021072, 3.600000000000000089, 1.580000000000000293 ) ) ;
#5317 = DIRECTION ( 'NONE',  ( -1.000000000000000000, 0.000000000000000000, 1.748713181428231081E-16 ) ) ;
#5318 = MANIFOLD_SOLID_BREP ( 'Split1[4]', #1579 ) ;
#5319 = ORIENTED_EDGE ( 'NONE', *, *, #257, .T. ) ;
#5320 = FACE_OUTER_BOUND ( 'NONE', #3149, .T. ) ;
#5321 = ORIENTED_EDGE ( 'NONE', *, *, #5618, .T. ) ;
#5322 = ORIENTED_EDGE ( 'NONE', *, *, #2789, .T. ) ;
#5323 = VERTEX_POINT ( 'NONE', #3788 ) ;
#5324 = LINE ( 'NONE', #3109, #3643 ) ;
#5325 = CARTESIAN_POINT ( 'NONE',  ( 5.390000000000002345, 1.459999999999999964, 0.9600000000000005196 ) ) ;
#5326 = DIRECTION ( 'NONE',  ( 1.748713181428231081E-16, 0.000000000000000000, -1.000000000000000000 ) ) ;
#5327 = ORIENTED_EDGE ( 'NONE', *, *, #418, .F. ) ;
#5328 = EDGE_CURVE ( 'NONE', #558, #4014, #3988, .T. ) ;
#5329 = EDGE_CURVE ( 'NONE', #4515, #302, #5334, .T. ) ;
#5330 = CARTESIAN_POINT ( 'NONE',  ( -3.763369234184497980, 1.259999999999999787, 1.765000000000001457 ) ) ;
#5331 = CARTESIAN_POINT ( 'NONE',  ( -5.389999999999998792, 9.700000000000001066, -0.9600000000000006306 ) ) ;
#5332 = FACE_OUTER_BOUND ( 'NONE', #446, .T. ) ;
#5333 = EDGE_LOOP ( 'NONE', ( #4576, #3398, #1400, #3738 ) ) ;
#5334 = LINE ( 'NONE', #5357, #1628 ) ;
#5335 = LINE ( 'NONE', #27, #4080 ) ;
#5336 = CARTESIAN_POINT ( 'NONE',  ( 0.000000000000000000, 0.1499999999999999667, 3.649999999999999911 ) ) ;
#5337 = DIRECTION ( 'NONE',  ( -1.365923996832131609E-16, 0.000000000000000000, -1.000000000000000000 ) ) ;
#5338 = VERTEX_POINT ( 'NONE', #2716 ) ;
#5339 = VERTEX_POINT ( 'NONE', #1761 ) ;
#5340 = DIRECTION ( 'NONE',  ( 0.000000000000000000, 0.000000000000000000, -1.000000000000000000 ) ) ;
#5341 = EDGE_CURVE ( 'NONE', #444, #4029, #881, .T. ) ;
#5342 = CARTESIAN_POINT ( 'NONE',  ( 2.850000000000001421, 1.459999999999999964, 0.9600000000000005196 ) ) ;
#5343 = ORIENTED_EDGE ( 'NONE', *, *, #2080, .F. ) ;
#5344 = LINE ( 'NONE', #3188, #78 ) ;
#5345 = EDGE_CURVE ( 'NONE', #1496, #3681, #4487, .T. ) ;
#5346 = ORIENTED_EDGE ( 'NONE', *, *, #3657, .T. ) ;
#5347 = VERTEX_POINT ( 'NONE', #854 ) ;
#5348 = CARTESIAN_POINT ( 'NONE',  ( -0.3099999999999986655, 3.600000000000000089, 0.9600000000000006306 ) ) ;
#5349 = CARTESIAN_POINT ( 'NONE',  ( 6.349999999999999645, 3.600000000000000089, 2.414999999999999591 ) ) ;
#5350 = DIRECTION ( 'NONE',  ( 0.000000000000000000, 0.000000000000000000, 1.000000000000000000 ) ) ;
#5351 = ORIENTED_EDGE ( 'NONE', *, *, #3220, .F. ) ;
#5352 = DIRECTION ( 'NONE',  ( -0.000000000000000000, 1.000000000000000000, -0.000000000000000000 ) ) ;
#5353 = EDGE_CURVE ( 'NONE', #627, #1943, #3957, .T. ) ;
#5354 = DIRECTION ( 'NONE',  ( 1.000000000000000000, 0.000000000000000000, 0.000000000000000000 ) ) ;
#5355 = LINE ( 'NONE', #5420, #560 ) ;
#5356 = ORIENTED_EDGE ( 'NONE', *, *, #5482, .F. ) ;
#5357 = CARTESIAN_POINT ( 'NONE',  ( 6.349999999999999645, 1.459999999999999964, 2.414999999999999591 ) ) ;
#5358 = CARTESIAN_POINT ( 'NONE',  ( 5.390000000000000568, 1.459999999999999964, -1.579999999999999627 ) ) ;
#5359 = CARTESIAN_POINT ( 'NONE',  ( 4.769999999999999574, 3.600000000000000089, -0.9599999999999997424 ) ) ;
#5360 = EDGE_CURVE ( 'NONE', #4034, #4584, #2180, .T. ) ;
#5361 = CARTESIAN_POINT ( 'NONE',  ( 4.770000000000001350, 1.459999999999999964, 0.9600000000000006306 ) ) ;
#5362 = ORIENTED_EDGE ( 'NONE', *, *, #3867, .T. ) ;
#5363 = EDGE_LOOP ( 'NONE', ( #5138, #4594, #4347, #2674 ) ) ;
#5364 = DIRECTION ( 'NONE',  ( 0.9063077870366477162, 0.000000000000000000, -0.4226182617407043818 ) ) ;
#5365 = LINE ( 'NONE', #948, #2172 ) ;
#5366 = VERTEX_POINT ( 'NONE', #4023 ) ;
#5367 = FACE_OUTER_BOUND ( 'NONE', #2839, .T. ) ;
#5368 = ORIENTED_EDGE ( 'NONE', *, *, #3418, .F. ) ;
#5369 = VERTEX_POINT ( 'NONE', #5747 ) ;
#5370 = VERTEX_POINT ( 'NONE', #3146 ) ;
#5371 = ADVANCED_FACE ( 'NONE', ( #1372 ), #4918, .T. ) ;
#5372 = LINE ( 'NONE', #4036, #2715 ) ;
#5373 = DIRECTION ( 'NONE',  ( 0.000000000000000000, 1.000000000000000000, 0.000000000000000000 ) ) ;
#5374 = DIRECTION ( 'NONE',  ( 1.000000000000000000, 0.000000000000000000, -3.497426362856461177E-16 ) ) ;
#5375 = EDGE_CURVE ( 'NONE', #56, #5084, #51, .T. ) ;
#5376 = EDGE_LOOP ( 'NONE', ( #1776, #1825, #2692, #4224 ) ) ;
#5377 = AXIS2_PLACEMENT_3D ( 'NONE', #2577, #4728, #3935 ) ;
#5378 = DIRECTION ( 'NONE',  ( 0.000000000000000000, 1.000000000000000000, 0.000000000000000000 ) ) ;
#5379 = AXIS2_PLACEMENT_3D ( 'NONE', #4133, #3230, #3671 ) ;
#5380 = DIRECTION ( 'NONE',  ( 0.000000000000000000, 0.000000000000000000, 1.000000000000000000 ) ) ;
#5381 = DIRECTION ( 'NONE',  ( -1.748713181428230588E-16, 0.000000000000000000, -1.000000000000000000 ) ) ;
#5382 = VERTEX_POINT ( 'NONE', #494 ) ;
#5383 = VECTOR ( 'NONE', #4851, 1000.000000000000000 ) ;
#5384 = DIRECTION ( 'NONE',  ( 0.000000000000000000, 0.000000000000000000, 1.000000000000000000 ) ) ;
#5385 = DIRECTION ( 'NONE',  ( -1.748713181428230588E-16, 0.000000000000000000, -1.000000000000000000 ) ) ;
#5386 = DIRECTION ( 'NONE',  ( -0.000000000000000000, -1.000000000000000000, 0.000000000000000000 ) ) ;
#5387 = VECTOR ( 'NONE', #4051, 1000.000000000000000 ) ;
#5388 = VECTOR ( 'NONE', #2057, 1000.000000000000000 ) ;
#5389 = LINE ( 'NONE', #1407, #4364 ) ;
#5390 = EDGE_LOOP ( 'NONE', ( #94, #5539, #2809, #4688 ) ) ;
#5391 = ORIENTED_EDGE ( 'NONE', *, *, #4651, .F. ) ;
#5392 = ADVANCED_FACE ( 'NONE', ( #4454 ), #5305, .T. ) ;
#5393 = FACE_BOUND ( 'NONE', #910, .T. ) ;
#5394 = MECHANICAL_DESIGN_GEOMETRIC_PRESENTATION_REPRESENTATION (  '', ( #3630 ), #3997 ) ;
#5395 = EDGE_CURVE ( 'NONE', #4626, #2669, #2222, .T. ) ;
#5396 = VECTOR ( 'NONE', #3407, 1000.000000000000000 ) ;
#5397 = DIRECTION ( 'NONE',  ( -1.000000000000000000, 0.000000000000000000, -0.000000000000000000 ) ) ;
#5398 = ORIENTED_EDGE ( 'NONE', *, *, #3888, .F. ) ;
#5399 = CARTESIAN_POINT ( 'NONE',  ( -2.491778397556286162, 1.459999999999999964, -1.161935349205703183 ) ) ;
#5400 = ORIENTED_EDGE ( 'NONE', *, *, #2543, .F. ) ;
#5401 = VECTOR ( 'NONE', #5654, 1000.000000000000000 ) ;
#5402 = ORIENTED_EDGE ( 'NONE', *, *, #4997, .T. ) ;
#5403 = VECTOR ( 'NONE', #2651, 1000.000000000000000 ) ;
#5404 = ORIENTED_EDGE ( 'NONE', *, *, #4068, .T. ) ;
#5405 = EDGE_CURVE ( 'NONE', #3509, #2855, #1736, .T. ) ;
#5406 = DIRECTION ( 'NONE',  ( -1.000000000000000000, 0.000000000000000000, 1.748713181428231081E-16 ) ) ;
#5407 = PRODUCT_DEFINITION_FORMATION_WITH_SPECIFIED_SOURCE ( 'ANY', '', #403, .NOT_KNOWN. ) ;
#5408 = VECTOR ( 'NONE', #5536, 1000.000000000000000 ) ;
#5409 = CARTESIAN_POINT ( 'NONE',  ( -1.223369234184498389, 1.259999999999999787, -1.765000000000002789 ) ) ;
#5410 = LINE ( 'NONE', #4503, #4541 ) ;
#5411 = CARTESIAN_POINT ( 'NONE',  ( -1.619730743616253799, 3.600000000000000089, 2.415000000000001368 ) ) ;
#5412 = EDGE_CURVE ( 'NONE', #2402, #1603, #3609, .T. ) ;
#5413 = ORIENTED_EDGE ( 'NONE', *, *, #4198, .F. ) ;
#5414 = VECTOR ( 'NONE', #2470, 1000.000000000000000 ) ;
#5415 = CARTESIAN_POINT ( 'NONE',  ( -1.316630765815500537, 1.459999999999999964, 1.765000000000001457 ) ) ;
#5416 = EDGE_CURVE ( 'NONE', #2104, #535, #1821, .T. ) ;
#5417 = AXIS2_PLACEMENT_3D ( 'NONE', #2113, #2486, #1676 ) ;
#5418 = DIRECTION ( 'NONE',  ( 0.000000000000000000, 0.000000000000000000, 1.000000000000000000 ) ) ;
#5419 = EDGE_CURVE ( 'NONE', #2858, #5012, #1845, .T. ) ;
#5420 = CARTESIAN_POINT ( 'NONE',  ( -4.769999999999997797, 3.600000000000000089, -0.9600000000000005196 ) ) ;
#5421 = VERTEX_POINT ( 'NONE', #819 ) ;
#5422 = FILL_AREA_STYLE_COLOUR ( '', #671 ) ;
#5423 = DIRECTION ( 'NONE',  ( -0.000000000000000000, 1.000000000000000000, -0.000000000000000000 ) ) ;
#5424 = LINE ( 'NONE', #467, #4091 ) ;
#5425 = FACE_OUTER_BOUND ( 'NONE', #3403, .T. ) ;
#5426 = EDGE_LOOP ( 'NONE', ( #2466, #2266, #1236, #4939 ) ) ;
#5427 = DIRECTION ( 'NONE',  ( -0.000000000000000000, 1.000000000000000000, -0.000000000000000000 ) ) ;
#5428 = CARTESIAN_POINT ( 'NONE',  ( 0.000000000000000000, 1.459999999999999964, 1.765000000000001457 ) ) ;
#5429 = EDGE_CURVE ( 'NONE', #5557, #4000, #2602, .T. ) ;
#5430 = ORIENTED_EDGE ( 'NONE', *, *, #5088, .T. ) ;
#5431 = DIRECTION ( 'NONE',  ( 0.000000000000000000, 1.000000000000000000, 0.000000000000000000 ) ) ;
#5432 = EDGE_CURVE ( 'NONE', #1849, #3752, #492, .T. ) ;
#5433 = EDGE_LOOP ( 'NONE', ( #1567, #1874, #607, #3971 ) ) ;
#5434 = ORIENTED_EDGE ( 'NONE', *, *, #5482, .T. ) ;
#5435 = EDGE_CURVE ( 'NONE', #5382, #385, #3748, .T. ) ;
#5436 = PRODUCT_DEFINITION_SHAPE ( 'NONE', 'NONE',  #5781 ) ;
#5437 = ORIENTED_EDGE ( 'NONE', *, *, #3741, .T. ) ;
#5438 = VECTOR ( 'NONE', #4833, 1000.000000000000000 ) ;
#5439 = CARTESIAN_POINT ( 'NONE',  ( -4.769999999999997797, 3.600000000000000089, 1.580000000000000293 ) ) ;
#5440 = PLANE ( 'NONE',  #1138 ) ;
#5441 = DIRECTION ( 'NONE',  ( 0.4226182617407045483, 0.000000000000000000, -0.9063077870366474942 ) ) ;
#5442 = DIRECTION ( 'NONE',  ( 1.000000000000000000, -0.000000000000000000, -1.365923996832131609E-16 ) ) ;
#5443 = EDGE_CURVE ( 'NONE', #5207, #1356, #3261, .T. ) ;
#5444 = VERTEX_POINT ( 'NONE', #1457 ) ;
#5445 = EDGE_CURVE ( 'NONE', #332, #2123, #782, .T. ) ;
#5446 = DIRECTION ( 'NONE',  ( 0.000000000000000000, 0.000000000000000000, -1.000000000000000000 ) ) ;
#5447 = CARTESIAN_POINT ( 'NONE',  ( -6.349999999999998757, 1.459999999999999964, 2.415000000000001368 ) ) ;
#5448 = CARTESIAN_POINT ( 'NONE',  ( -1.619730743616254687, 3.600000000000000089, -2.415000000000002256 ) ) ;
#5449 = ORIENTED_EDGE ( 'NONE', *, *, #3545, .T. ) ;
#5450 = MANIFOLD_SOLID_BREP ( 'Split1[3]', #2320 ) ;
#5451 = PLANE ( 'NONE',  #5705 ) ;
#5452 = CARTESIAN_POINT ( 'NONE',  ( -0.3099999999999986655, 1.459999999999999964, 1.580000000000000515 ) ) ;
#5453 = PLANE ( 'NONE',  #1869 ) ;
#5454 = LINE ( 'NONE', #2291, #1684 ) ;
#5455 = ORIENTED_EDGE ( 'NONE', *, *, #1688, .F. ) ;
#5456 = CARTESIAN_POINT ( 'NONE',  ( -4.769999999999998685, 1.459999999999999964, -1.579999999999999627 ) ) ;
#5457 = DIRECTION ( 'NONE',  ( 0.000000000000000000, 1.000000000000000000, 0.000000000000000000 ) ) ;
#5458 = MANIFOLD_SOLID_BREP ( 'LPattern3', #71 ) ;
#5459 = ORIENTED_EDGE ( 'NONE', *, *, #572, .F. ) ;
#5460 = LINE ( 'NONE', #4033, #3433 ) ;
#5461 = ORIENTED_EDGE ( 'NONE', *, *, #3526, .F. ) ;
#5462 = ORIENTED_EDGE ( 'NONE', *, *, #3495, .F. ) ;
#5463 = ORIENTED_EDGE ( 'NONE', *, *, #5047, .T. ) ;
#5464 = FILL_AREA_STYLE ('',( #149 ) ) ;
#5465 = PLANE ( 'NONE',  #2629 ) ;
#5466 = CARTESIAN_POINT ( 'NONE',  ( 0.000000000000000000, 0.000000000000000000, 0.000000000000000000 ) ) ;
#5467 = SHAPE_REPRESENTATION ( '95278 body-goldtin_10', ( #2384 ), #1646 ) ;
#5468 = FACE_OUTER_BOUND ( 'NONE', #3362, .T. ) ;
#5469 = ORIENTED_EDGE ( 'NONE', *, *, #2732, .F. ) ;
#5470 = CARTESIAN_POINT ( 'NONE',  ( 4.430000000000001492, 3.799999999999999822, -2.169999999999998597 ) ) ;
#5471 = EDGE_CURVE ( 'NONE', #2617, #2668, #1079, .T. ) ;
#5472 = ADVANCED_FACE ( 'NONE', ( #4630 ), #5451, .F. ) ;
#5473 = CARTESIAN_POINT ( 'NONE',  ( -4.429999999999997939, 3.799999999999999822, 1.920000000000000151 ) ) ;
#5474 = DIRECTION ( 'NONE',  ( -1.748713181428230588E-16, 0.000000000000000000, -1.000000000000000000 ) ) ;
#5475 = ORIENTED_EDGE ( 'NONE', *, *, #4742, .T. ) ;
#5476 = ADVANCED_FACE ( 'NONE', ( #1906 ), #635, .F. ) ;
#5477 = VECTOR ( 'NONE', #3347, 1000.000000000000000 ) ;
#5478 = PRESENTATION_STYLE_ASSIGNMENT (( #1931 ) ) ;
#5479 = CARTESIAN_POINT ( 'NONE',  ( -4.769999999999998685, 3.600000000000000089, -0.9599999999999999645 ) ) ;
#5480 = DIRECTION ( 'NONE',  ( -0.4226182617407043263, 0.000000000000000000, 0.9063077870366476052 ) ) ;
#5481 = PLANE ( 'NONE',  #4174 ) ;
#5482 = EDGE_CURVE ( 'NONE', #4652, #3806, #3103, .T. ) ;
#5483 = VERTEX_POINT ( 'NONE', #523 ) ;
#5484 = VECTOR ( 'NONE', #3212, 1000.000000000000000 ) ;
#5485 = FACE_BOUND ( 'NONE', #3378, .T. ) ;
#5486 = LINE ( 'NONE', #1114, #110 ) ;
#5487 = VECTOR ( 'NONE', #202, 1000.000000000000000 ) ;
#5488 = EDGE_CURVE ( 'NONE', #1516, #1127, #1620, .T. ) ;
#5489 = DIRECTION ( 'NONE',  ( -0.000000000000000000, 1.000000000000000000, -0.000000000000000000 ) ) ;
#5490 = PRESENTATION_LAYER_ASSIGNMENT (  '', '', ( #5304 ) ) ;
#5491 = CARTESIAN_POINT ( 'NONE',  ( -3.460269256383744718, 1.259999999999999787, 2.415000000000001368 ) ) ;
#5492 = VERTEX_POINT ( 'NONE', #5154 ) ;
#5493 = VERTEX_POINT ( 'NONE', #253 ) ;
#5494 = ORIENTED_EDGE ( 'NONE', *, *, #3921, .F. ) ;
#5495 = PRESENTATION_LAYER_ASSIGNMENT (  '', '', ( #3630 ) ) ;
#5496 = VECTOR ( 'NONE', #735, 1000.000000000000000 ) ;
#5497 = CARTESIAN_POINT ( 'NONE',  ( -1.619730743616253577, 1.459999999999999964, 2.415000000000001368 ) ) ;
#5498 = LINE ( 'NONE', #183, #4296 ) ;
#5499 = CARTESIAN_POINT ( 'NONE',  ( 0.000000000000000000, 0.000000000000000000, 0.000000000000000000 ) ) ;
#5500 = ORIENTED_EDGE ( 'NONE', *, *, #5222, .F. ) ;
#5501 = EDGE_CURVE ( 'NONE', #2305, #688, #3007, .T. ) ;
#5502 = CARTESIAN_POINT ( 'NONE',  ( -4.429999999999997939, 1.259999999999999787, 1.920000000000000151 ) ) ;
#5503 = VECTOR ( 'NONE', #686, 1000.000000000000114 ) ;
#5504 = AXIS2_PLACEMENT_3D ( 'NONE', #2943, #728, #4974 ) ;
#5505 = ORIENTED_EDGE ( 'NONE', *, *, #4920, .T. ) ;
#5506 = AXIS2_PLACEMENT_3D ( 'NONE', #2534, #2932, #1724 ) ;
#5507 = VECTOR ( 'NONE', #5525, 1000.000000000000000 ) ;
#5508 = DIRECTION ( 'NONE',  ( 0.000000000000000000, 1.000000000000000000, 0.000000000000000000 ) ) ;
#5509 = ADVANCED_FACE ( 'NONE', ( #5211 ), #3842, .F. ) ;
#5510 = CARTESIAN_POINT ( 'NONE',  ( 3.190000000000001723, 3.799999999999999822, 1.920000000000000151 ) ) ;
#5511 = VECTOR ( 'NONE', #2442, 1000.000000000000000 ) ;
#5512 = ORIENTED_EDGE ( 'NONE', *, *, #1195, .T. ) ;
#5513 = CARTESIAN_POINT ( 'NONE',  ( 3.190000000000001723, 1.259999999999999787, 1.670000000000000373 ) ) ;
#5514 = VERTEX_POINT ( 'NONE', #3868 ) ;
#5515 = ADVANCED_FACE ( 'NONE', ( #1583 ), #3346, .T. ) ;
#5516 = AXIS2_PLACEMENT_3D ( 'NONE', #234, #4727, #5133 ) ;
#5517 = CARTESIAN_POINT ( 'NONE',  ( -3.856630765815501238, 3.600000000000000089, -1.765000000000002789 ) ) ;
#5518 = DIRECTION ( 'NONE',  ( -1.000000000000000000, -0.000000000000000000, 3.497426362856462163E-16 ) ) ;
#5519 = CARTESIAN_POINT ( 'NONE',  ( 6.349999999999999645, 1.459999999999999964, 2.414999999999999591 ) ) ;
#5520 = EDGE_LOOP ( 'NONE', ( #1320, #5615, #4529, #649 ) ) ;
#5521 = VECTOR ( 'NONE', #4868, 1000.000000000000000 ) ;
#5522 = PLANE ( 'NONE',  #581 ) ;
#5523 = DIRECTION ( 'NONE',  ( -0.000000000000000000, -0.000000000000000000, 1.000000000000000000 ) ) ;
#5524 = PLANE ( 'NONE',  #1593 ) ;
#5525 = DIRECTION ( 'NONE',  ( -1.000000000000000000, 0.000000000000000000, 0.000000000000000000 ) ) ;
#5526 = EDGE_LOOP ( 'NONE', ( #1925, #2301, #3421, #5500 ) ) ;
#5527 = ORIENTED_EDGE ( 'NONE', *, *, #1215, .F. ) ;
#5528 = VERTEX_POINT ( 'NONE', #3781 ) ;
#5529 = CARTESIAN_POINT ( 'NONE',  ( 5.390000000000000568, 1.459999999999999964, -0.9599999999999999645 ) ) ;
#5530 = CARTESIAN_POINT ( 'NONE',  ( -5.389999999999998792, 9.700000000000001066, -0.9600000000000006306 ) ) ;
#5531 = VECTOR ( 'NONE', #3003, 1000.000000000000227 ) ;
#5532 = EDGE_CURVE ( 'NONE', #4548, #2988, #1157, .T. ) ;
#5533 = ORIENTED_EDGE ( 'NONE', *, *, #4387, .T. ) ;
#5534 = CARTESIAN_POINT ( 'NONE',  ( -3.763369234184498424, 3.600000000000000089, -1.765000000000002789 ) ) ;
#5535 = ORIENTED_EDGE ( 'NONE', *, *, #1998, .T. ) ;
#5536 = DIRECTION ( 'NONE',  ( 0.000000000000000000, 1.000000000000000000, 0.000000000000000000 ) ) ;
#5537 = AXIS2_PLACEMENT_3D ( 'NONE', #1010, #2166, #3953 ) ;
#5538 = CARTESIAN_POINT ( 'NONE',  ( -1.889999999999998126, 1.259999999999999787, 1.920000000000000151 ) ) ;
#5539 = ORIENTED_EDGE ( 'NONE', *, *, #5429, .T. ) ;
#5540 = CARTESIAN_POINT ( 'NONE',  ( 1.941071631385337279E-16, 9.700000000000001066, 1.110000000000000542 ) ) ;
#5541 = ORIENTED_EDGE ( 'NONE', *, *, #3015, .T. ) ;
#5542 = EDGE_CURVE ( 'NONE', #4519, #3306, #4753, .T. ) ;
#5543 = CARTESIAN_POINT ( 'NONE',  ( -4.769999999999997797, 3.600000000000000089, 1.580000000000000293 ) ) ;
#5544 = CARTESIAN_POINT ( 'NONE',  ( 0.3100000000000021072, 1.459999999999999964, 0.9600000000000005196 ) ) ;
#5545 = LINE ( 'NONE', #231, #1599 ) ;
#5546 = FACE_OUTER_BOUND ( 'NONE', #1451, .T. ) ;
#5547 = ORIENTED_EDGE ( 'NONE', *, *, #4544, .F. ) ;
#5548 = FACE_OUTER_BOUND ( 'NONE', #3619, .T. ) ;
#5549 = DIRECTION ( 'NONE',  ( -0.000000000000000000, 1.000000000000000000, -0.000000000000000000 ) ) ;
#5550 = LINE ( 'NONE', #5575, #5496 ) ;
#5551 = CARTESIAN_POINT ( 'NONE',  ( -5.389999999999998792, 3.600000000000000089, 1.580000000000000515 ) ) ;
#5552 = ORIENTED_EDGE ( 'NONE', *, *, #3064, .F. ) ;
#5553 = ORIENTED_EDGE ( 'NONE', *, *, #4557, .F. ) ;
#5554 = VERTEX_POINT ( 'NONE', #2941 ) ;
#5555 = CARTESIAN_POINT ( 'NONE',  ( 2.850000000000000533, 3.600000000000000089, -0.9599999999999999645 ) ) ;
#5556 = CARTESIAN_POINT ( 'NONE',  ( 3.460269256383746050, 3.600000000000000089, 2.415000000000001368 ) ) ;
#5557 = VERTEX_POINT ( 'NONE', #3406 ) ;
#5558 = EDGE_CURVE ( 'NONE', #530, #3573, #3380, .T. ) ;
#5559 = PLANE ( 'NONE',  #169 ) ;
#5560 = ORIENTED_EDGE ( 'NONE', *, *, #204, .T. ) ;
#5561 = DIRECTION ( 'NONE',  ( 0.000000000000000000, 0.000000000000000000, -1.000000000000000000 ) ) ;
#5562 = EDGE_CURVE ( 'NONE', #2858, #2740, #2918, .T. ) ;
#5563 = LINE ( 'NONE', #1927, #3631 ) ;
#5564 = ORIENTED_EDGE ( 'NONE', *, *, #441, .F. ) ;
#5565 = DIRECTION ( 'NONE',  ( 0.000000000000000000, 1.000000000000000000, 0.000000000000000000 ) ) ;
#5566 = VERTEX_POINT ( 'NONE', #2544 ) ;
#5567 = FACE_OUTER_BOUND ( 'NONE', #2237, .T. ) ;
#5568 = DIRECTION ( 'NONE',  ( 0.4226182617407046038, 0.000000000000000000, -0.9063077870366476052 ) ) ;
#5569 = DIRECTION ( 'NONE',  ( 1.000000000000000000, 0.000000000000000000, -3.497426362856461177E-16 ) ) ;
#5570 = CARTESIAN_POINT ( 'NONE',  ( -4.769999999999997797, 0.6200000000000007727, -8.176812408671318977 ) ) ;
#5571 = VERTEX_POINT ( 'NONE', #4696 ) ;
#5572 = VECTOR ( 'NONE', #2517, 1000.000000000000000 ) ;
#5573 = DIRECTION ( 'NONE',  ( 0.000000000000000000, 0.000000000000000000, 1.000000000000000000 ) ) ;
#5574 = ORIENTED_EDGE ( 'NONE', *, *, #714, .F. ) ;
#5575 = CARTESIAN_POINT ( 'NONE',  ( 5.730000000000002203, 1.259999999999999787, 1.670000000000000373 ) ) ;
#5576 = VECTOR ( 'NONE', #3381, 1000.000000000000000 ) ;
#5577 = DIRECTION ( 'NONE',  ( -0.000000000000000000, -0.000000000000000000, 1.000000000000000000 ) ) ;
#5578 = EDGE_LOOP ( 'NONE', ( #440, #1377, #2982, #2607 ) ) ;
#5579 = APPLICATION_CONTEXT ( 'automotive_design' ) ;
#5580 = ORIENTED_EDGE ( 'NONE', *, *, #4739, .F. ) ;
#5581 = CARTESIAN_POINT ( 'NONE',  ( 0.6500000000000021316, 1.259999999999999787, 1.670000000000000373 ) ) ;
#5582 = VECTOR ( 'NONE', #4620, 1000.000000000000000 ) ;
#5583 = LINE ( 'NONE', #1156, #4771 ) ;
#5584 = DIRECTION ( 'NONE',  ( 0.000000000000000000, 0.000000000000000000, 1.000000000000000000 ) ) ;
#5585 = ORIENTED_EDGE ( 'NONE', *, *, #3290, .F. ) ;
#5586 = CARTESIAN_POINT ( 'NONE',  ( 5.730000000000002203, 1.259999999999999787, 2.169999999999999485 ) ) ;
#5587 = VECTOR ( 'NONE', #4757, 1000.000000000000000 ) ;
#5588 = ORIENTED_EDGE ( 'NONE', *, *, #5310, .F. ) ;
#5589 = VECTOR ( 'NONE', #3875, 1000.000000000000000 ) ;
#5590 = ADVANCED_FACE ( 'NONE', ( #2048 ), #2912, .F. ) ;
#5591 = LINE ( 'NONE', #3687, #2253 ) ;
#5592 = AXIS2_PLACEMENT_3D ( 'NONE', #2966, #2105, #1256 ) ;
#5593 = VECTOR ( 'NONE', #2041, 1000.000000000000000 ) ;
#5594 = EDGE_CURVE ( 'NONE', #3909, #858, #3434, .T. ) ;
#5595 = CARTESIAN_POINT ( 'NONE',  ( -4.769999999999998685, 3.600000000000000089, -1.579999999999999627 ) ) ;
#5596 = ORIENTED_EDGE ( 'NONE', *, *, #349, .T. ) ;
#5597 = FACE_OUTER_BOUND ( 'NONE', #212, .T. ) ;
#5598 = AXIS2_PLACEMENT_3D ( 'NONE', #2663, #4820, #473 ) ;
#5599 = ORIENTED_EDGE ( 'NONE', *, *, #4387, .F. ) ;
#5600 = VECTOR ( 'NONE', #1630, 1000.000000000000000 ) ;
#5601 = EDGE_CURVE ( 'NONE', #1849, #1063, #4784, .T. ) ;
#5602 = DIRECTION ( 'NONE',  ( 0.000000000000000000, 1.000000000000000000, 0.000000000000000000 ) ) ;
#5603 = CARTESIAN_POINT ( 'NONE',  ( -4.769999999999997797, 1.459999999999999964, 0.9600000000000005196 ) ) ;
#5604 = AXIS2_PLACEMENT_3D ( 'NONE', #3086, #1281, #1670 ) ;
#5605 = FACE_OUTER_BOUND ( 'NONE', #1937, .T. ) ;
#5606 = EDGE_CURVE ( 'NONE', #1997, #5104, #725, .T. ) ;
#5607 = DIRECTION ( 'NONE',  ( -0.000000000000000000, 0.000000000000000000, 1.000000000000000000 ) ) ;
#5608 = CARTESIAN_POINT ( 'NONE',  ( 3.460269256383745162, 1.459999999999999964, -2.415000000000002256 ) ) ;
#5609 = ORIENTED_EDGE ( 'NONE', *, *, #4614, .F. ) ;
#5610 = AXIS2_PLACEMENT_3D ( 'NONE', #923, #870, #2731 ) ;
#5611 = DIRECTION ( 'NONE',  ( 0.000000000000000000, 1.000000000000000000, 0.000000000000000000 ) ) ;
#5612 = CARTESIAN_POINT ( 'NONE',  ( 0.000000000000000000, 3.600000000000000089, 0.000000000000000000 ) ) ;
#5613 = CIRCLE ( 'NONE', #3092, 0.2499999999999995837 ) ;
#5614 = PLANE ( 'NONE',  #5689 ) ;
#5615 = ORIENTED_EDGE ( 'NONE', *, *, #5606, .T. ) ;
#5616 = VERTEX_POINT ( 'NONE', #5543 ) ;
#5617 = CARTESIAN_POINT ( 'NONE',  ( -1.889999999999998126, 3.799999999999999822, 1.920000000000000151 ) ) ;
#5618 = EDGE_CURVE ( 'NONE', #1587, #5528, #699, .T. ) ;
#5619 = CARTESIAN_POINT ( 'NONE',  ( 4.430000000000001492, 1.259999999999999787, -1.919999999999999263 ) ) ;
#5620 = ORIENTED_EDGE ( 'NONE', *, *, #13, .F. ) ;
#5621 = CARTESIAN_POINT ( 'NONE',  ( -5.729999999999998650, 1.259999999999999787, -1.919999999999999263 ) ) ;
#5622 = ORIENTED_EDGE ( 'NONE', *, *, #283, .F. ) ;
#5623 = PLANE ( 'NONE',  #3458 ) ;
#5624 = CARTESIAN_POINT ( 'NONE',  ( -4.769999999999997797, 9.700000000000001066, 1.580000000000000293 ) ) ;
#5625 = ORIENTED_EDGE ( 'NONE', *, *, #698, .T. ) ;
#5626 = DIRECTION ( 'NONE',  ( 0.000000000000000000, 0.000000000000000000, 1.000000000000000000 ) ) ;
#5627 = ORIENTED_EDGE ( 'NONE', *, *, #2284, .F. ) ;
#5628 = AXIS2_PLACEMENT_3D ( 'NONE', #5409, #3087, #5441 ) ;
#5629 = LINE ( 'NONE', #5270, #661 ) ;
#5630 = DIRECTION ( 'NONE',  ( 0.000000000000000000, 1.000000000000000000, 0.000000000000000000 ) ) ;
#5631 = PLANE ( 'NONE',  #281 ) ;
#5632 = LINE ( 'NONE', #3005, #1020 ) ;
#5633 = ORIENTED_EDGE ( 'NONE', *, *, #4357, .T. ) ;
#5634 = SURFACE_SIDE_STYLE ('',( #2919 ) ) ;
#5635 = DIRECTION ( 'NONE',  ( 0.000000000000000000, 0.000000000000000000, 1.000000000000000000 ) ) ;
#5636 = COLOUR_RGB ( '',0.2509803921568627416, 0.2509803921568627416, 0.2509803921568627416 ) ;
#5637 = LINE ( 'NONE', #5662, #5589 ) ;
#5638 = EDGE_CURVE ( 'NONE', #4621, #4989, #2970, .T. ) ;
#5639 = LINE ( 'NONE', #3791, #3265 ) ;
#5640 = ORIENTED_EDGE ( 'NONE', *, *, #2996, .T. ) ;
#5641 = ORIENTED_EDGE ( 'NONE', *, *, #615, .F. ) ;
#5642 = DIRECTION ( 'NONE',  ( 0.000000000000000000, 1.000000000000000000, 0.000000000000000000 ) ) ;
#5643 = DIRECTION ( 'NONE',  ( -0.3236155771181846164, -0.3236155771181846164, 0.8891264907159883712 ) ) ;
#5644 = ORIENTED_EDGE ( 'NONE', *, *, #2996, .F. ) ;
#5645 = CARTESIAN_POINT ( 'NONE',  ( -4.769999999999997797, 3.600000000000000089, 0.9600000000000005196 ) ) ;
#5646 = ORIENTED_EDGE ( 'NONE', *, *, #2469, .F. ) ;
#5647 = CYLINDRICAL_SURFACE ( 'NONE', #190, 0.2499999999999995837 ) ;
#5648 = FACE_OUTER_BOUND ( 'NONE', #227, .T. ) ;
#5649 = EDGE_LOOP ( 'NONE', ( #5040, #4120, #5368, #2695 ) ) ;
#5650 = CARTESIAN_POINT ( 'NONE',  ( -1.889999999999998126, 1.259999999999999787, 1.920000000000000151 ) ) ;
#5651 = ORIENTED_EDGE ( 'NONE', *, *, #4322, .T. ) ;
#5652 = EDGE_CURVE ( 'NONE', #5721, #5369, #2879, .T. ) ;
#5653 = ADVANCED_FACE ( 'NONE', ( #5567 ), #4246, .T. ) ;
#5654 = DIRECTION ( 'NONE',  ( 0.000000000000000000, 0.000000000000000000, -1.000000000000000000 ) ) ;
#5655 = DIRECTION ( 'NONE',  ( 0.000000000000000000, 0.000000000000000000, 1.000000000000000000 ) ) ;
#5656 = DIRECTION ( 'NONE',  ( -0.000000000000000000, 1.000000000000000000, -0.000000000000000000 ) ) ;
#5657 = FACE_OUTER_BOUND ( 'NONE', #4466, .T. ) ;
#5658 = ORIENTED_EDGE ( 'NONE', *, *, #5153, .F. ) ;
#5659 = ADVANCED_FACE ( 'NONE', ( #2628 ), #2132, .F. ) ;
#5660 = CARTESIAN_POINT ( 'NONE',  ( -3.189999999999998614, 1.259999999999999787, -1.669999999999999707 ) ) ;
#5661 = CARTESIAN_POINT ( 'NONE',  ( -6.349999999999999645, 1.459999999999999964, 1.915000000000001368 ) ) ;
#5662 = CARTESIAN_POINT ( 'NONE',  ( -4.769999999999997797, 3.600000000000000089, 1.580000000000000293 ) ) ;
#5663 = CARTESIAN_POINT ( 'NONE',  ( 4.430000000000001492, 1.259999999999999787, -1.919999999999999263 ) ) ;
#5664 = EDGE_LOOP ( 'NONE', ( #1814, #1766, #4685, #2504 ) ) ;
#5665 = ORIENTED_EDGE ( 'NONE', *, *, #1799, .F. ) ;
#5666 = VECTOR ( 'NONE', #4108, 1000.000000000000000 ) ;
#5667 = LINE ( 'NONE', #4709, #3169 ) ;
#5668 = EDGE_CURVE ( 'NONE', #243, #3554, #5716, .T. ) ;
#5669 = DIRECTION ( 'NONE',  ( -0.000000000000000000, -1.000000000000000000, -0.000000000000000000 ) ) ;
#5670 = DIRECTION ( 'NONE',  ( 1.000000000000000000, 0.000000000000000000, 0.000000000000000000 ) ) ;
#5671 = ORIENTED_EDGE ( 'NONE', *, *, #555, .F. ) ;
#5672 = AXIS2_PLACEMENT_3D ( 'NONE', #138, #1584, #5128 ) ;
#5673 = DIRECTION ( 'NONE',  ( 0.000000000000000000, 1.000000000000000000, 0.000000000000000000 ) ) ;
#5674 = EDGE_LOOP ( 'NONE', ( #4383, #3289, #3533, #5475 ) ) ;
#5675 = VECTOR ( 'NONE', #2184, 1000.000000000000000 ) ;
#5676 = FACE_BOUND ( 'NONE', #1469, .T. ) ;
#5677 = AXIS2_PLACEMENT_3D ( 'NONE', #232, #1996, #3757 ) ;
#5678 = AXIS2_PLACEMENT_3D ( 'NONE', #3588, #4489, #5777 ) ;
#5679 = DIRECTION ( 'NONE',  ( -0.4226182617407043263, 0.000000000000000000, -0.9063077870366476052 ) ) ;
#5680 = ORIENTED_EDGE ( 'NONE', *, *, #532, .F. ) ;
#5681 = DIRECTION ( 'NONE',  ( 0.000000000000000000, 1.000000000000000000, 0.000000000000000000 ) ) ;
#5682 = VECTOR ( 'NONE', #5626, 1000.000000000000000 ) ;
#5683 = AXIS2_PLACEMENT_3D ( 'NONE', #2050, #3293, #4222 ) ;
#5684 = LINE ( 'NONE', #2968, #1220 ) ;
#5685 = CARTESIAN_POINT ( 'NONE',  ( -5.239999999999999325, 0.1499999999999999667, -3.649999999999999911 ) ) ;
#5686 = CARTESIAN_POINT ( 'NONE',  ( 1.890000000000001013, 3.600000000000000089, -1.919999999999999263 ) ) ;
#5687 = AXIS2_PLACEMENT_3D ( 'NONE', #4308, #2107, #3841 ) ;
#5688 = EDGE_CURVE ( 'NONE', #3238, #535, #3660, .T. ) ;
#5689 = AXIS2_PLACEMENT_3D ( 'NONE', #3763, #5163, #2951 ) ;
#5690 = CARTESIAN_POINT ( 'NONE',  ( 0.3100000000000021072, 1.459999999999999964, 1.580000000000000293 ) ) ;
#5691 = ORIENTED_EDGE ( 'NONE', *, *, #1419, .T. ) ;
#5692 = VECTOR ( 'NONE', #2131, 1000.000000000000000 ) ;
#5693 = LINE ( 'NONE', #3471, #2811 ) ;
#5694 = CARTESIAN_POINT ( 'NONE',  ( -1.223369234184498389, 1.459999999999999964, -1.765000000000002789 ) ) ;
#5695 = SURFACE_STYLE_FILL_AREA ( #3906 ) ;
#5696 = LINE ( 'NONE', #3532, #173 ) ;
#5697 = ORIENTED_EDGE ( 'NONE', *, *, #5501, .F. ) ;
#5698 = VECTOR ( 'NONE', #2408, 1000.000000000000000 ) ;
#5699 = ORIENTED_EDGE ( 'NONE', *, *, #900, .F. ) ;
#5700 = DIRECTION ( 'NONE',  ( 1.000000000000000000, 0.000000000000000000, 3.497426362856462163E-16 ) ) ;
#5701 = DIRECTION ( 'NONE',  ( 1.000000000000000000, 0.000000000000000000, -1.795779995835203589E-16 ) ) ;
#5702 = AXIS2_PLACEMENT_3D ( 'NONE', #614, #1912, #591 ) ;
#5703 = CARTESIAN_POINT ( 'NONE',  ( 5.080000000000000071, 0.000000000000000000, 0.000000000000000000 ) ) ;
#5704 = ORIENTED_EDGE ( 'NONE', *, *, #4218, .T. ) ;
#5705 = AXIS2_PLACEMENT_3D ( 'NONE', #1962, #4107, #2823 ) ;
#5706 = CARTESIAN_POINT ( 'NONE',  ( -4.429999999999997939, 1.259999999999999787, 1.920000000000000151 ) ) ;
#5707 = VERTEX_POINT ( 'NONE', #845 ) ;
#5708 = COLOUR_RGB ( '',0.7960784313725489669, 0.8235294117647058432, 0.9372549019607843146 ) ;
#5709 = EDGE_CURVE ( 'NONE', #3504, #1189, #4993, .T. ) ;
#5710 = FACE_BOUND ( 'NONE', #4211, .T. ) ;
#5711 = CARTESIAN_POINT ( 'NONE',  ( 1.316630765815501869, 3.600000000000000089, -1.765000000000002789 ) ) ;
#5712 = CARTESIAN_POINT ( 'NONE',  ( -5.389999999999998792, 9.700000000000001066, 0.9600000000000006306 ) ) ;
#5713 = ORIENTED_EDGE ( 'NONE', *, *, #5395, .F. ) ;
#5714 = DIRECTION ( 'NONE',  ( 0.000000000000000000, 1.000000000000000000, 0.000000000000000000 ) ) ;
#5715 = FACE_OUTER_BOUND ( 'NONE', #3216, .T. ) ;
#5716 = LINE ( 'NONE', #1704, #691 ) ;
#5717 = AXIS2_PLACEMENT_3D ( 'NONE', #1647, #5181, #5655 ) ;
#5718 = DIRECTION ( 'NONE',  ( 0.000000000000000000, 0.000000000000000000, -1.000000000000000000 ) ) ;
#5719 = DIRECTION ( 'NONE',  ( 0.000000000000000000, 1.000000000000000000, 0.000000000000000000 ) ) ;
#5720 = EDGE_CURVE ( 'NONE', #1892, #1844, #3219, .T. ) ;
#5721 = VERTEX_POINT ( 'NONE', #3054 ) ;
#5722 = CARTESIAN_POINT ( 'NONE',  ( 0.3100000000000012745, 1.459999999999999964, -1.579999999999999627 ) ) ;
#5723 = LINE ( 'NONE', #1737, #159 ) ;
#5724 = PRESENTATION_STYLE_ASSIGNMENT (( #3936 ) ) ;
#5725 = FACE_OUTER_BOUND ( 'NONE', #233, .T. ) ;
#5726 = VERTEX_POINT ( 'NONE', #5685 ) ;
#5727 = ORIENTED_EDGE ( 'NONE', *, *, #3714, .F. ) ;
#5728 = EDGE_CURVE ( 'NONE', #417, #1445, #1908, .T. ) ;
#5729 = CARTESIAN_POINT ( 'NONE',  ( 3.856630765815502127, 1.259999999999999787, 1.765000000000001457 ) ) ;
#5730 = PLANE ( 'NONE',  #4676 ) ;
#5731 = EDGE_LOOP ( 'NONE', ( #5704, #4167, #1352, #3764 ) ) ;
#5732 = DIRECTION ( 'NONE',  ( -0.000000000000000000, -1.000000000000000000, -0.000000000000000000 ) ) ;
#5733 = ORIENTED_EDGE ( 'NONE', *, *, #1344, .T. ) ;
#5734 = ORIENTED_EDGE ( 'NONE', *, *, #4636, .F. ) ;
#5735 = EDGE_CURVE ( 'NONE', #4931, #4446, #1756, .T. ) ;
#5736 = CARTESIAN_POINT ( 'NONE',  ( -4.769999999999997797, 1.119999999999999440, 2.080000000000000515 ) ) ;
#5737 = DIRECTION ( 'NONE',  ( 0.000000000000000000, 0.000000000000000000, -1.000000000000000000 ) ) ;
#5738 = CARTESIAN_POINT ( 'NONE',  ( -5.729999999999998650, 3.799999999999999822, -1.669999999999999707 ) ) ;
#5739 = EDGE_CURVE ( 'NONE', #3368, #4239, #5743, .T. ) ;
#5740 = ORIENTED_EDGE ( 'NONE', *, *, #5199, .F. ) ;
#5741 = DIRECTION ( 'NONE',  ( 0.000000000000000000, 0.000000000000000000, 1.000000000000000000 ) ) ;
#5742 = EDGE_CURVE ( 'NONE', #5421, #2833, #4808, .T. ) ;
#5743 = LINE ( 'NONE', #4968, #3849 ) ;
#5744 = LINE ( 'NONE', #3954, #1875 ) ;
#5745 = PLANE ( 'NONE',  #3070 ) ;
#5746 = ORIENTED_EDGE ( 'NONE', *, *, #2743, .T. ) ;
#5747 = CARTESIAN_POINT ( 'NONE',  ( 6.349999999999999645, 1.459999999999999964, 1.915000000000001368 ) ) ;
#5748 = FACE_OUTER_BOUND ( 'NONE', #4996, .T. ) ;
#5749 = LINE ( 'NONE', #2199, #3071 ) ;
#5750 = CARTESIAN_POINT ( 'NONE',  ( -4.769999999999997797, 0.1499999999999999667, 3.649999999999999911 ) ) ;
#5751 = ORIENTED_EDGE ( 'NONE', *, *, #3489, .F. ) ;
#5752 = ORIENTED_EDGE ( 'NONE', *, *, #5238, .T. ) ;
#5753 = DIRECTION ( 'NONE',  ( -1.000000000000000000, 0.000000000000000000, 0.000000000000000000 ) ) ;
#5754 = PLANE ( 'NONE',  #1618 ) ;
#5755 = ORIENTED_EDGE ( 'NONE', *, *, #5532, .T. ) ;
#5756 = LINE ( 'NONE', #806, #5770 ) ;
#5757 = VECTOR ( 'NONE', #2977, 1000.000000000000000 ) ;
#5758 = EDGE_CURVE ( 'NONE', #2999, #5176, #876, .T. ) ;
#5759 = ORIENTED_EDGE ( 'NONE', *, *, #3741, .F. ) ;
#5760 = VERTEX_POINT ( 'NONE', #404 ) ;
#5761 = AXIS2_PLACEMENT_3D ( 'NONE', #768, #3412, #1239 ) ;
#5762 = CARTESIAN_POINT ( 'NONE',  ( -2.849999999999999645, 1.459999999999999964, -0.9599999999999997424 ) ) ;
#5763 = DIRECTION ( 'NONE',  ( -0.000000000000000000, 1.000000000000000000, -0.000000000000000000 ) ) ;
#5764 = FACE_OUTER_BOUND ( 'NONE', #4568, .T. ) ;
#5765 = ORIENTED_EDGE ( 'NONE', *, *, #1953, .T. ) ;
#5766 = ADVANCED_FACE ( 'NONE', ( #813 ), #2193, .F. ) ;
#5767 = AXIS2_PLACEMENT_3D ( 'NONE', #5358, #5385, #1435 ) ;
#5768 = FACE_OUTER_BOUND ( 'NONE', #5333, .T. ) ;
#5769 = AXIS2_PLACEMENT_3D ( 'NONE', #3937, #5337, #799 ) ;
#5770 = VECTOR ( 'NONE', #3104, 1000.000000000000000 ) ;
#5771 = CARTESIAN_POINT ( 'NONE',  ( -5.389999999999998792, 3.600000000000000089, 0.9600000000000006306 ) ) ;
#5772 = DIRECTION ( 'NONE',  ( -0.4226182617407047704, 0.000000000000000000, -0.9063077870366474942 ) ) ;
#5773 = LINE ( 'NONE', #4104, #1308 ) ;
#5774 = VECTOR ( 'NONE', #2874, 1000.000000000000000 ) ;
#5775 = ADVANCED_FACE ( 'NONE', ( #1732 ), #2755, .F. ) ;
#5776 = EDGE_LOOP ( 'NONE', ( #1089, #9, #87, #5391 ) ) ;
#5777 = DIRECTION ( 'NONE',  ( 0.000000000000000000, -0.000000000000000000, 1.000000000000000000 ) ) ;
#5778 = NEXT_ASSEMBLY_USAGE_OCCURRENCE ( 'NAUO1', ' ', ' ', #1371, #326, $ ) ;
#5779 = NEXT_ASSEMBLY_USAGE_OCCURRENCE ( 'NAUO2', ' ', ' ', #1371, #3432, $ ) ;
#5780 = NEXT_ASSEMBLY_USAGE_OCCURRENCE ( 'NAUO3', ' ', ' ', #1371, #3432, $ ) ;
#5781 = NEXT_ASSEMBLY_USAGE_OCCURRENCE ( 'NAUO4', ' ', ' ', #1371, #3432, $ ) ;
#5782 = NEXT_ASSEMBLY_USAGE_OCCURRENCE ( 'NAUO5', ' ', ' ', #1371, #3432, $ ) ;
#5783 = NEXT_ASSEMBLY_USAGE_OCCURRENCE ( 'NAUO6', ' ', ' ', #1371, #3432, $ ) ;
ENDSEC;
END-ISO-10303-21;
